
  
    <document> RT #USER#: Eric Garner's mom demands cop's firing during de Blasio meeting #URL# #URL# ></document>
    <document> RT #USER#: Yankees using T-shirts to let everyone know they're 'savages' #URL# #URL# ></document>
    <document> RT #USER#: Today, #USER# Melania and I were honored to welcome members of Team USA to the #USER# for a great celebration of… ></document>
    <document> Trump mutes his previous criticisms of ‘send her back’ chants.  #HASHTAG# #HASHTAG# #HASHTAG#  #URL# ></document>
    <document> Elizabeth Warren Targeted a Trump Backer for Investigation and Is Using It as a Campaign Issue.  One of the standar… #URL# ></document>
    <document> RT #USER#: List: The 88 House Democrats calling for an impeachment inquiry into Trump #URL# #URL# ></document>
    <document> GOP vote on Trump's 'go back' comments was an effort to absolve him — and themselves — on racism #URL# ></document>
    <document> US #HASHTAG# surged above $60 a barrel amid worries that Tropical Storm Barry could derail crude production in the Gulf… #URL# ></document>
    <document> RT #USER#: NEW: Judge considering throwing out criminal case against Michael Flynn's lobbying partner #URL# https:/… ></document>
    <document> Iran says it has captured a British oil tanker #HASHTAG# #HASHTAG# #HASHTAG#    #URL# ></document>
    <document> RT #USER#: New York Yankee Adam Ottavino strikes out the side in the 6th. #URL# ></document>
    <document> RT #USER#: Research shows that hiking the minimum wage to $15 would kill jobs and depress the economy at a time when it’s thriving f… ></document>
    <document> Of Course Mitch McConnell's Ancestors Were Slave Owners.  Senate Majority Leader Mitch McConnell has been blunt abo… #URL# ></document>
    <document> BREAKING:    McCarthy blasts Pelosi for giving House '3-day weekend' amid government shutdown. #HASHTAG#: #HASHTAG#… #URL# ></document>
    <document> Trump attacks Greta Thunberg during record-setting Twitter binge - jamesnews's Blog - Blogster #HASHTAG#  #HASHTAG#… #URL# ></document>
    <document> Trump shows how he ruins even his best moments. - jamesnews's Blog - Blogster #URL# ></document>
    <document> Joe #HASHTAG# intended to stay above the fray, but Kamala #HASHTAG#’s debate offensive sent that strategy out the window #URL# ></document>
    <document> BREAKING:    Twitter Tests New Original Tweeter Tag to Kill Fake Accounts - #URL#. Twitter's new… #URL# ></document>
    <document> Trump says US Navy shot down Iranian drone in 'defensive action,' escalating tensions in Gulf region #URL# ></document>
    <document> Joy Behar: Why can’t Trump be brought up on charges of hate speech for last night’s rally? #URL# ></document>
    <document> Native American activist in D.C. standoff says he has 'forgiveness in my heart' #URL# #URL# ></document>
    <document> 'We welcome their hate': #HASHTAG# unveils 'anti-endorsement' list.  Sen. Bernie Sanders has long bathed in th… #URL# ></document>
    <document> #HASHTAG# has some serious explaining to do.  Former President Bill Clinton, previously accused of multiple sexu… #URL# ></document>
    <document> BREAKING:    Pelosi says she won’t allow State of the Union during shutdown; Trump will ‘do something in the altern… #URL# ></document>
    <document> Alex Acosta Future In Doubt.  Labor Secretary Alex Acosta's future at the White House is in doubt after the indictm… #URL# ></document>
    <document> BREAKING:    Upcoming Apple AirPod 2 Set to Release Early This Year. With a sharp focus on health. #HASHTAG#: #HASHTAG#… #URL# ></document>
    <document> Verbal MOAB: Watch As Marco Rubio Lays Waste To “Self Righteous Hypocrites” In The Media And Democratic Party.… #URL# ></document>
    <document> Prosecutors weighed DOJ policy blocking indictment of a sitting president in closing Trump hush-money probe… #URL# ></document>
    <document> House passes $15 minimum wage bill #URL# via #USER# ></document>
    <document> RT #USER#: Ilhan Omar becomes the target of a racist chant at a Trump rally, Puerto Ricans demand the resignation of their governor,… ></document>
    <document> FBI: Trump, Cohen &amp; Hope Hicks discussed ways to keep Stormy Daniels from going public #URL# via #USER# ></document>
    <document> Operations resume at Newark Airport after drone activity causes ground stop #URL# #URL# ></document>
    <document> Puerto Rico governor faces calls for impeachment over chats.  #HASHTAG# #HASHTAG# #HASHTAG# #URL# ></document>
    <document> #HASHTAG# adds her voice to the U.S. women’s soccer team’s fight for equal pay.  Moments after the U.S. women… #URL# ></document>
    <document> Iran claims it seized British tanker in Gulf #HASHTAG# #HASHTAG# #HASHTAG#   #URL# ></document>
    <document> In 2017, Trump tweeted that he felt the Obama White House “had my wires tapped” - jamesnews's Blog - Blogster #URL# ></document>
    <document> #HASHTAG# House and Senate negotiators near decision on blocking Trump administration from weakening regulations ar… #URL# ></document>
    <document> Video: Trump Supporter Asks If Her Black Voice Would Meet With Ayanna Pressley's Approval #URL# ></document>
    <document> RT #USER#: China makes them do this for access to the Chinese market. If Hollywood doesn’t comply they don’t get to sell to their… ></document>
    <document> DNC Chair Tom Perez Says ‘Squad’ Represents ‘Remarkable, Rich Diversity Of The Democratic Party’ #URL# via #USER# ></document>
    <document> BREAKING:    Donald Trump dared Nancy Pelosi to cancel his State of the Union speech. So she did. #HASHTAG#: #HASHTAG#… #URL# ></document>
    <document> Facebook faces grilling in House committee hearing on Libra #URL# ></document>
    <document> Alexander #HASHTAG#, embattled labor secretary, defends handling of Jeffrey #HASHTAG# case.  In a news conference, Aco… #URL# ></document>
    <document> RT #USER#: New York Yankee Mike Tauchman singles, then comes around to score after some outstanding baserunning. #URL# ></document>
    <document> BREAKING:    Exclusive: White House preparing draft national emergency order and identified $7 billion for wall.… #URL# ></document>
    <document> Morning Joe Awards 11 Minutes to Liberal Democrat Running Against Mitch McConnell.  Even before McGrath appeared, M… #URL# ></document>
    <document> #HASHTAG#: Labor Secretary #HASHTAG# is resigning as pressure mounts from Jeffrey Epstein case.  over the way he… #URL# ></document>
    <document> BREAKING:    Kingdom Hearts 3 director 'reconsidering' simultaneous worldwide releases after leak. #HASHTAG#: #HASHTAG#… #URL# ></document>
    <document> Why the 2020 Democratic primary could turn into 'Lord of the Flies' #URL# #URL# ></document>
    <document> On the 2020 campaign trail, Biden and Sanders clash over health care plans.  #HASHTAG# #HASHTAG# #HASHTAG#  #URL# ></document>
    <document> RT #USER#: More Puerto Rico protests planned as governor resists calls to resign #URL# #URL# ></document>
    <document> Students under fire for confrontation with Native American protesters return to class #URL# #URL# ></document>
    <document> RT #USER#: TNG! And I’m just getting into Discovery... #URL# ></document>
    <document> Trump likely to tap Scalia’s son for Labor chief #URL# ></document>
    <document> RT #USER#: GOP: Ilhan Omar Is Un-American Because She Supports the First Amendment #URL# #URL# ></document>
    <document> Trump's full letter to Nancy Pelosi - jamesnews's Blog - Blogster   #HASHTAG#  #HASHTAG#  #HASHTAG#  ://www.blog… #URL# ></document>
    <document> A majority of military veterans say the wars in #HASHTAG# and #HASHTAG# were not worth it, according to a new survey… #URL# ></document>
    <document> Senate Republicans on “send her back” chants at Trump rally: Pass; Update: Remember “send him back”? #URL# ></document>
    <document> Whistleblower attorney Mark Zaid was a regular expert on CNN since 2017 - jamesnews's Blog - Blogster #URL# ></document>
    <document> RT #USER#: When our President stands up to radical Democrats who accuse Border Patrol of running concentration camps, use anti-Semitic… ></document>
    <document> Monica Lewinsky to Make 15 Minutes of Shame - jamesnews's Blog - Blogster #URL# ></document>
    <document> Ilhan Omar Defiant at Town Hall: ‘We Are Not Going to Lie Down’.  #HASHTAG# #HASHTAG# #HASHTAG# #URL# via #USER# ></document>
    <document> RT #USER#: Thank you to #USER# for hosting us for a wonderful conversation today at the #USER# about how #USER#… ></document>
    <document> RT #USER#: Today, on behalf of the American people, I received an American flag that flew aboard a ship carrying the first waves… ></document>
    <document> Ilhan Omar proposes resolution supporting boycott of Israel #URL# via #USER# ></document>
    <document> President Donald Trump said I tweeted over 90 times this morning - jamesnews's Blog - Blogster  #HASHTAG#  #HASHTAG# ne… #URL# ></document>
    <document> BREAKING:    Apple finally brings Microsoft Office to the Mac App Store, and there is much rejoicing. #HASHTAG#:… #URL# ></document>
    <document> Ross Perot, self-made billionaire and presidential candidate, dead at 89 #URL# ></document>
    <document> Kamala Harris claims Trump’s tariffs cost $1.4 billion per month. That’s Mostly True.  Recently, she said they amou… #URL# ></document>
    <document> Whistleblower’s’ Attorney Admits to Helping Pedophiles Receive Security Clearances - jamesnews's Blog - Blogster… #URL# ></document>
    <document> BREAKING:    Here's what using foldable smartphones will be like in the future. Chinese phone-maker Xiaomi recently… #URL# ></document>
    <document> Bill Maher predicts Donald Trump Jr. will be the GOP nominee in 2024 -  #HASHTAG# #HASHTAG# #HASHTAG#  Blog - Blogster #URL# ></document>
    <document> #HASHTAG#: #HASHTAG# is "angling for a Kaepernick. She’s showing Nike she can be just as anti-American as Kaepe… #URL# ></document>
    <document> Pelosi says she would like to have U.S. debt limit proposal on... #URL# ></document>
    <document> BREAKING:    Senate to vote on competing bills to end the partial government shutdown. #HASHTAG#: #HASHTAG# #HASHTAG#  #URL# ></document>
    <document> Iran grain ships stuck in Brazil without fuel due to U.S. sanctions #URL# ></document>
    <document> Democratic Mayor Pete Buttigieg launches 2020 White House campaign #URL# #URL# ></document>
    <document> RT #USER#: New York Yankee DJ LeMahieu has tied his career-high with 66 RBIs 👀 #URL# ></document>
    <document> U.S.-born ISIS bride thinks she 'deserves a second chance - jamesnews's Blog - Blogster #URL# ></document>
    <document> Serena Williams battles to reach 12th Wimbledon semi-final.  Serena Williams came through a titanic three-set tussl… #URL# ></document>
    <document> New polling indicates Republicans actually like Trump more following racist tweet controversy. Responses to Trump’s… #URL# ></document>
    <document> Whistleblower’s’ Attorney Admits to Helping Pedophiles Receive Security  #HASHTAG# #HASHTAG# #HASHTAG# Clearances… #URL# ></document>
    <document> Here are the 137 Democrats who voted to kill an impeachment resolution against Trump - CNN   #URL# ></document>
    <document> Dave Chappelle wants people to put their phones away.  #HASHTAG# #HASHTAG# #HASHTAG#  #URL# ></document>
    <document> RT #USER#: Thank you! #HASHTAG# #URL# ></document>
    <document> RT #USER#: Just spoke to #USER# about his friend A$AP Rocky’s incarceration. I will be calling the very talented Prime Minist… ></document>
    <document> In U.S.-Iran conflict, Iranian foreign minister asks ‘who’s being provocative’.  #HASHTAG# #HASHTAG# #HASHTAG#  #URL# ></document>
    <document> BREAKING:    Switch dominates a great year for game consoles in 2018. Red Dead Redemption II leads best-sellers, bu… #URL# ></document>
    <document> RT #USER#: And this one's homegrown. #URL# ></document>
    <document> BREAKING:    Alphabet made a quiz to help you detect phishing scams. Alphabet's Jigsaw project wants to play a game… #URL# ></document>
    <document> RT #USER#: Get ready for Round 2 of Kamala Harris vs. Joe Biden #URL# #URL# ></document>
    <document> RT #USER#: Iran floats offer on nuclear inspections; U.S. skeptical #URL# #URL# ></document>
    <document> Tom Steyer enters race for President of the United States  Billionaire environmental activist Tom Steyer announced… #URL# ></document>
    <document> BREAKING:    McConnell sets up votes on Thursday on competing proposals to reopen government. #HASHTAG#: #HASHTAG#… #URL# ></document>
    <document> Wild turkeys in repose - jamesnews's Blog - Blogster  #HASHTAG# #HASHTAG# #HASHTAG# ://www.blogster.com/jamesnews/wi… #URL# ></document>
    <document> Melania Trump has no problem with president taunting Greta Thunberg - jamesnews's Blog -    #HASHTAG# #HASHTAG#… #URL# ></document>
    <document> Transcript of call between Kellyanne Conway and Caitlin Yilek - jamesnews's Blog - Blogster #URL# ></document>
    <document> Impeachment Frenzy: TV Networks Blast Trump With 96% Negative News #HASHTAG# #HASHTAG# #HASHTAG#  - jamesnews's Blog… #URL# ></document>
    <document> Omar: Now that I’ve filed my boycott-Israel motion, I’ll go to … Israel #URL# ></document>
    <document> RT #USER#: A beautiful piece of history returned home today. Thank you PM Rutte for presenting an American flag that flew aboard a US Navy… ></document>
  
</author>
<document> RT #USER#: Eric Garner's mom calls for police officer to be fired at de Blasio meeting #URL# #URL# </document>
    <document> RT #USER#: Yankees use T-shirts to let everyone know they're "wild" #URL# #URL# ></document>
    <document> RT #USER#: Today, #USER# Melania and I were honored to welcome members of Team USA to #USER# for a grand celebration of... </document>
    <document> Trump silences his earlier criticisms of "send her back" chants. #HASHTAG# #HASHTAG# #HASHTAG# #URL# ></document>
    <document> Elizabeth Warren has targeted a Trump supporter for an investigation and is using him as a campaign issue. One of the standards… #URL# </document>
    <document> RT #USER#: List: 88 House Democrats call for Trump impeachment inquiry #URL# #URL# ></document>
    <document> The Republican Party's vote on Trump's "go back" comments was an effort to absolve him - and themselves - of racism #URL# ></document>
    <document> US #HASHTAG# crossed $60 a barrel on fears that Tropical Storm Barry could derail crude oil production in the Gulf... #URL# </document>
    <document> RT #USER#: NEW: Judge considers dropping criminal case against Michael Flynn's lobbying partner #URL# https:/… ></document>
    <document> Iran claims to have captured a British tanker #HASHTAG# #HASHTAG# #HASHTAG# #URL# </document>
    <document> RT #USER#: New York Yankee Adam Ottavino hits team in the 6th. #URL# </document>
    <document> RT #USER#: Research shows that raising the minimum wage to $15 would kill jobs and depress the economy at a time when it is thriving f... </document>
    <document> Of course, Mitch McConnell's ancestors were slave owners. Senate Majority Leader Mitch McConnell was outspoken about... #URL#></document>
    <document> BREAKING: McCarthy criticizes Pelosi for giving House a "3-day weekend" during the government shutdown. #HASHTAG#: #HASHTAG#… #URL#></document>
    <document> Trump attacks Greta Thunberg during record-breaking Twitter binge - jamesnews blog - Blogster #HASHTAG# #HASHTAG#… #URL# ></document>
    <document> Trump shows how he ruins even his best moments. - Jamesnews Blog - Blogster #URL# </document>
    <document> Joe #HASHTAG# intended to stay above the fray, but Kamala's #HASHTAG# debate offensive sent that strategy out the window #URL# </document>
    <document> BREAKING: Twitter tests new original Tweeter tag to eliminate fake accounts - #URL#. Twitter's new… #URL# </document>
    <document> Trump says US Navy shot down Iranian drone in 'defensive action', escalating tensions in Gulf region #URL# </document>
    <document> Joy Behar: Why can't Trump be charged with hate speech over last night's rally? #URL# </document>
    <document> Native American activist in Washington standoff says he has "forgiveness in my heart" #URL# #URL# </document>
    <document> 'We welcome their hate': #HASHTAG# unveils 'anti-approval' list. Senator Bernie Sanders has long dipped into the... #URL#></document>
    <document> #HASHTAG# has some serious explaining to do. Former President Bill Clinton, previously accused of multiple sex... #URL# ></document>
    <document> BREAKDOWN: Pelosi Says He Won't Allow State of Union During Shutdown; Trump "will do something alternatively... #URL# ></document>
    <document> Alex Acosta Future in doubt. White House Secretary of Labor Alex Acosta's future in doubt after indictment... #URL# ></document>
    <document> BREAKING: The next Apple AirPod 2 will be released early this year. With a strong focus on health. #HASHTAG#: #HASHTAG#… #URL#></document>
    <document> Verbal MOAB: See how Marco Rubio ravages "hypocritical hypocrites" in the media and the Democratic Party... #URL# ></document>
    <document> Prosecutors weighed DOJ policy blocking indictment of incumbent president to shut down investigation into Trump's secret money... #URL# ></document>
    <document> House approves $15 minimum wage #URL# via #USER# </document>
    <document> RT #USER#: Ilhan Omar becomes the target of a racist chorus at a Trump rally, Puerto Ricans demand the resignation of their governor,... </document>
    <document> FBI: Trump, Cohen &amp; Hope Hicks discussed ways to stop Stormy Daniels from making #URL# public via #USER# </document>
    <document> Operations Resume at Newark Airport After Drone Activity Causes Ground Crash #URL# #URL# </document>
    <document> Puerto Rico governor addresses impeachment demands via chat. #HASHTAG# #HASHTAG# #HASHTAG# #URL# ></document>
    <document> #HASHTAG# adds its voice to the US women's soccer team's fight for equal pay. Moments after US women... #URL# ></document>
    <document> Iran says it has seized a British oil tanker in the Gulf #HASHTAG# #HASHTAG# #HASHTAG# #URL# </document>
    <document> In 2017, Trump tweeted that he felt the Obama White House 'had my wires tapped' - Jamesnews Blog - Blogster #URL# </document>
    <document> #HASHTAG# House and Senate negotiators close to decision to stop Trump administration from weakening air regulations… #URL# ></document>
    <document> Video: Trump Supporter Asks If His Black Voice Would Meet Ayanna Pressley's Approval #URL# </document>
    <document> RT #USER#: China makes them do it to access the Chinese market. If Hollywood doesn't comply, they can't sell to their... </document>
    <document>DNC Chairman Tom Perez Says "Team" Represents the "Remarkable and Rich Diversity of the Democratic Party" #URL# via #USER# ></document>
    <document> BREAKING: Donald Trump challenged Nancy Pelosi to cancel her State of the Union address. So he did. #HASHTAG#: #HASHTAG#… #URL#></document>
    <document> Facebook risks being criticized during the House committee hearing on Libra #URL# </document>
    <document> Alexander #HASHTAG#, Embattled Labor Secretary, Defends Case Handling Jeffrey #HASHTAG#. At a press conference, Aco… #URL# </document>
    <document> RT #USER#: New York Yankee Mike Tauchman singles, then scores again after some outstanding baserunsng. #URL# </document>
    <document> BREAKING: Exclusive: White House is drafting National Emergency Order and has identified $7 billion for the Wall.… #URL# </document>
    <document> Morning Joe gives 11 minutes to Liberal Democrat running against Mitch McConnell. Even before McGrath appeared, M... #URL# ></document>
    <document> #HASHTAG#: #HASHTAG# Secretary of Labor Resigns as Pressure Mounts on Jeffrey Epstein Case. the way he… #URL# </document>
    <document> BREAKING: Kingdom Hearts 3 director 'reconsidering' simultaneous worldwide release after leak. #HASHTAG#: #HASHTAG#… #URL#></document>
    <document> Why the 2020 Democratic primaries could turn into "Lord of the Flies" #URL# #URL# </document>
    <document> During the 2020 election campaign, Biden and Sanders clash over health care plans. #HASHTAG# #HASHTAG# #HASHTAG# #URL# ></document>
    <document> RT #USER#: More protests in Puerto Rico planned as governor resists calls to step down #URL# #URL# </document>
    <document>Students targeted for confrontation with Native American protesters return to class #URL# #URL# </document>
    <document> RT #USER#: TNG! And I'm entering Discovery... #URL# </document>
    <document> Trump likely to take Scalia's son as Labor leader #URL# </document>
    <document> RT #USER#: GOP: Ilhan Omar is anti-American because he supports the first amendment #URL# #URL# </document>
    <document> Trump's complete letter to Nancy Pelosi - jamesnews blog - Blogster #HASHTAG# #HASHTAG# #HASHTAG# ://www.blog… #URL# </document>
    <document> Majority of military veterans say #HASHTAG# and #HASHTAG# wars weren't worth it, according to new survey... #URL# ></document>
    <document> Senate Republicans on "send her back" chants at Trump rally: Pass; Update: Remember "send it back"? #URL# </document>
    <document> Whistleblower attorney Mark Zaid has been a regular pundit on CNN since 2017 - Jamesnews Blog - Blogster #URL# </document>
    <document> RT #USER#: When our president opposes radical Democrats who accuse border police of running concentration camps, he uses the anti-Semitic... ></document>
    <document> Monica Lewinsky will do 15 minutes of shame - jamesnews' blog - Blogster #URL# </document>
    <document> Ilhan Omar provocative at City Hall: "We are not lying down." #HASHTAG# #HASHTAG# #HASHTAG# #URL# via #USER# ></document>
    <document> RT #USER#: Thanks to #USER# for hosting us for a wonderful conversation today at #USER# about how #USER#... </document>
    <document> RT #USER#: Today, on behalf of the American people, I received an American flag flying aboard a ship carrying the first waves... </document>
    <document> Ilhan Omar proposes resolution supporting boycott of Israel #URL# via #USER# </document>
    <document> President Donald Trump Said I Tweeted Over 90 Times This Morning - Jamesnews Blog - Blogster #HASHTAG# #HASHTAG# in… #URL# ></document>
    <document> BREAKING: Apple finally brings Microsoft Office to the Mac App Store and there is much joy. #HASHTAG#:… #URL# ></document>
    <document>Ross Perot, self-made billionaire and presidential candidate, dies at 89 #URL# </document>
    <document> Kamala Harris says Trump's tariffs cost $1.4 billion a month. This is mostly true. Recently, he said they love... #URL# </document>
    <document> Whistleblower's Lawyer Admits Helping Pedophiles Get Security Clearance - jamesnews blog - Blogster… #URL# ></document>
    <document> BREAKING: This is what the use of foldable smartphones will look like in the future. Chinese phone maker Xiaomi recently... #URL# ></document>
    <document> Bill Maher Predicts Donald Trump Jr. To Be GOP Candidate In 2024 - #HASHTAG# #HASHTAG# #HASHTAG# Blog - Blogster #URL# </document>
    <document> #HASHTAG#: #HASHTAG# is "looking for a Kaepernick. She's showing Nike that she can be just as anti-American as Kaepe... #URL# ></document>
    <document> Pelosi says he would like to have a US debt limit proposal on... #URL# ></document>
    <document> BREAKING: Senate to vote on competing bills to end partial government shutdown. #HASHTAG#: #HASHTAG# #HASHTAG# #URL# ></document>
    <document> Iranian grain ships stranded in Brazil without fuel due to US sanctions #URL# </document>
    <document>Democrat Mayor Pete Buttigieg Launches 2020 White House Campaign #URL# #URL# </document>
    <document> RT #USER#: DJ New York Yankee LeMahieu tied his career high with 66 RBI 👀 #URL# </document>
    <document>US-born ISIS bride thinks she 'deserves a second chance' - jamesnews blog - Blogster #URL# </document>
    <document> Serena Williams struggles to reach the twelfth semifinal of Wimbledon. Serena Williams overcame a titanic fight in three sets... #URL# ></document>
    <document> A new poll indicates that Republicans actually like Trump better following the controversy over racist tweets. Replies to Trump's... #URL# ></document>
    <document> Whistleblower's Lawyer Admits Helping Pedophiles Get Safe #HASHTAG# #HASHTAG# #HASHTAG# Permissions... #URL# ></document>
    <document>Here are the 137 Democrats who voted to strike down an impeachment resolution against Trump - CNN #URL# </document>
    <document> Dave Chappelle wants people to put their phones away. #HASHTAG# #HASHTAG# #HASHTAG# #URL# ></document>
    <document> RT #USER#: Thanks! #HASHTAG# #URL# </document>
    <document> RT #USER#: I just spoke to #USER# about the incarceration of his friend A$AP Rocky. I will call the very talented Prime Minister... </document>
    <document> In the US-Iran conflict, Iranian foreign minister asks "who is provoking". #HASHTAG# #HASHTAG# #HASHTAG# #URL# ></document>
    <document> BREAKING: Switch dominates a big year for console games in 2018. Red Dead Redemption II leads the bestsellers, but... #URL# ></document>
    <document> RT #USER#: And this is homegrown. #URL# </document>
    <document> BREAKING: Alphabet took a quiz athelp you detect phishing scams. Alphabet's Jigsaw project wants to make a game... #URL# ></document>
    <document> RT #USER#: Prepare for Kamala Harris Round Two vs. Joe Biden #URL# #URL# </document>
    <document> RT #USER#: Iran launches bid on nuclear inspections; Skeptical United States #URL# #URL# ></document>
    <document> Tom Steyer enters US presidential race Billionaire environmental activist Tom Steyer has announced... #URL# </document>
    <document> BREAKING: McConnell organizes votes on Thursday on competing proposals to reopen the government. #HASHTAG#: #HASHTAG#… #URL#></document>
    <document> Resting Wild Turkeys - Jamesnews' Blog - Blogster #HASHTAG# #HASHTAG# #HASHTAG# ://www.blogster.com/jamesnews/wi… #URL# </document>
    <document> Melania Trump has no problem with president making fun of Greta Thunberg - jamesnews blog - #HASHTAG# #HASHTAG#… #URL# ></document>
    <document> Transcript of call between Kellyanne Conway and Caitlin Yilek - Jamesnews Blog - Blogster #URL# </document>
    <document> Impeachment Frenzy: Networks Attack Trump With 96% Negative News #HASHTAG# #HASHTAG# #HASHTAG# - jamesnews blog… #URL# ></document>
    <document> Omar: Now that I have filed my motion to boycott Israel, I will go to... Israel #URL# </document>
    <document> RT #USER#: A beautiful piece of history came home today. Thank you Prime Minister Rutte for presenting an American flag flying aboard a US Navy... </document>
  
</author>