
  
    <document> In religion we call it spirits. In science we call it energy. In the streets we call it vibes. ></document>
    <document> Bringing ur face closer to your fan ></document>
    <document> Iranian hit US ship, US did not do anything, Iranian hit US Drone US did not do anything, Iranian when as far as an… #URL# ></document>
    <document> You First Call tomorrow been 1st of November 2019 will be a Financial blessings.   Our Latest mixtape... Grab ur copy. ></document>
    <document> No weapon against him will execute ijn #URL# ></document>
    <document> Congratulations  my Sister  once again #URL# ></document>
    <document> Age Gratefully Beautiful woman  Llnp Best Friend #URL# ></document>
    <document> Ur popularity is our greatest priority #URL# ></document>
    <document> I don’t know who needs to hear this but grow up and stop watching porn. ></document>
    <document> Gov Ugwuanyi paid salary 🙄🙄🙄 I don't consider salary payment an achievement ></document>
    <document> U see those frnds dat inbox u only wen u upload fine pictures, stay away from them. ></document>
    <document> Age Gratefully Beautiful woman  Llnp Best Friend ></document>
    <document> Video over make sinsi Ezege But we need Ur poster badly on the street of 042, to waken the vibe street Alobam. MPA… #URL# ></document>
    <document> We are the Street and street is in us ></document>
    <document> #HASHTAG# Is The Real Soldier. EBONYI GUY SINGLE HANDEDLY DISARMS A NIGERIAN STUPID SOLDIER..  I don't care what you may… #URL# ></document>
    <document> Can someone help and subtitle this song for me #URL# ></document>
    <document> My Best Nigerian President  I Celebrate with you Sir #URL# ></document>
    <document> Never tell your family about your relationship problems because you might forgive your partner and they won't.. ></document>
    <document> Wwe Africa full match of Rey Mysterio vs Kane is out now 2019 latest wwe Africa Trending video #URL# ></document>
    <document> May God continue to sustain u and guide you through anything on anyway @ anytime ijn #URL# ></document>
    <document> Never be in a hurry to criticize a woman who left her marriage. Most of them did everything possible to save their homes. Be kind! ></document>
    <document> Best Epic song of the season #URL# ></document>
    <document> STOP DATING BROKE GIRLS . I know many girls and ladies gonna be angry with this post but try learn more about it .… #URL# ></document>
    <document> Bia  Rie  Ji 🤣🤣🤣 — at Enugu - Coal City. #URL# ></document>
    <document> The army and the police put up an impressive professionalism in this encounter.  Kudos to them. More respect to d g… #URL# ></document>
    <document> Happy birthday Papilo Age Gratefully AKA Shoemaker ></document>
    <document> July updates.... Crab a Copy as Edey hot ></document>
    <document> A man of his word #URL# ></document>
    <document> Happy birthday to my own blood from another mummy.   More money,  peace,  joy, love and happiness as ur add 1 to ur… #URL# ></document>
    <document> Congratulations  my Sister  once again #URL# ></document>
    <document> Ur July updates on jubilation  Crab a Copy as Edey hot ></document>
    <document> My past pains has notin 2 contribute 2 my future glory. ></document>
    <document> Good morning to u all May ur today be better than yesterday  May ur tomorrow be better than today  May our hustle be fruitful ></document>
    <document> #URL# Best of Umu Udubonch vol2  AKALAKA #URL# ></document>
    <document> Wonderful deserve wonderful miracle.  Pastor mmm everywhere #URL# ></document>
    <document> Can you marry a billionaire who is Obasinjo son and  HIV positve? Answer as u are Tonto D ></document>
    <document> Ur popularity is our greatest priority  Tel 08084770119 ></document>
    <document> On behalf of D common man in dis country,  we are hopelessly lost. 132 Biko haram 4gvn n reinstated in Borno State. ></document>
    <document> D only tin u should hv at d back of mind is dat anytin can happen at anytime.  But Hustle and bustle  Defines  ur future ></document>
    <document> ABA NA ABA IS MY OWN STATE  Border is closed to stop importation of Rice, well, that's not for us in  Abakaliki, Eb… #URL# ></document>
    <document> Ican't kill myself Chulo way #URL# ></document>
    <document> Ability of Running from one man to another is called Runs girl.  Prostitute is Ability of .......  ? ></document>
    <document> President Donald Trump delivers an address to the United Nations General Assembly.  More: #URL# #URL# ></document>
    <document> Hot &amp; Fresh  mega mix from ur  baddest Dj                     DJ NWABAKALIKI               We are ur street credibi… #URL# ></document>
    <document> Hellooo everyone Please, disregard any purported business or any of its kind sent to by me. Someone hacked into my… #URL# ></document>
    <document> U fought for me  Why odas fight for dey God  My Lord, U no dey use me play ooo ></document>
    <document> Your ex should never be your friend -Counsellor Charlotte Oduro #URL# ></document>
    <document> Lafille' age gracefully as u are +1 2day ></document>
    <document> The country is messed up #URL# ></document>
    <document> #URL# Na Dem by Mista Cornel is finally out 🧚‍♀️🧛‍♂️🧞‍♂️🧞‍♀️🧟‍♂️🤶🤶🧙‍♂️🙍‍♂️🙆‍♂️🙅‍♀️🙎‍♀️🙍‍♀️ #URL# ></document>
    <document> Umu Udubonch vol1 video shooting about to Starting  IHE N' EME AGU NA ISI Zodo Music ng production  Directed by CENTURY  Dop EMELEX ></document>
    <document> Biafra is real  R. I . P Our great Falling Heroes  30th May is a heroic  Date to Every Igbo land. Date we will alwa… #URL# ></document>
    <document> If you want Nigerian men to eat or drink anything, just tell them it will help them perform better in bed.. Chai who slap me..😜 ></document>
    <document> Question????  If D husband have ₦10,000, &amp; D wife have ₦30,000. How much is in D house? Taking house as a constant in D house ></document>
    <document> Happy Fathers day to me and my veryself ></document>
    <document> When Nigerian wake up against injustice, God will wake up, But when you stay calm when God is waiting for you to ac… #URL# ></document>
    <document> Congratulations  brother Obinna God will always see u tru,  no matter the situation.  Second surgical operation wit… #URL# ></document>
    <document> The man that saw future #URL# ></document>
    <document> Congratulations  Uchechi.  I Celebrate with you wonderful girl #URL# ></document>
    <document> To be out on 20th July ></document>
    <document> If you haven't been admitted in the hospital from January till now,   Gather here, let's  Thank God for his grace 👇 ></document>
    <document> ‘Beautiful Girl‘ and ‘911‘ crooner Sean Kingston releases one of the anticipated single titled “Peace Of Mind“. KiS… #URL# ></document>
    <document> Trust is the most expensive gift It can cost u more than "had I know " Be mindful who u will risk it to o o — feeli… #URL# ></document>
    <document> Lack of respect to CULTURE #URL# ></document>
    <document> Depression everywhere  He didn't kill himself cos of Accommodation fee let's get fact before re posting.  His weddi… #URL# ></document>
    <document> December mixtape loading....... Call for ur latest updates and video promotion  We are 2nd to none......08084770119 ></document>
    <document> Dating a man who doesn't play 🎱snooker is a blessing; dat game teaches men how to focus on plenty holes using  one stick... ></document>
    <document> God bless you and give u more reason to help people.  You are one in a million God will remember this year ijn AMEN #URL# ></document>
    <document> [Audio + Video] Tony OneWeek – “Party” (Prod. By RockysWaya) #URL# ></document>
    <document> June for jubilation.  Congratulations  Chimdire Destiny Onyekachi David on ur 1st day in Church  We are Redeemits U… #URL# ></document>
    <document> Can any good come out of Babcock #URL# ></document>
    <document> I have done it  You too can do same to get justice for Nigeria #URL# ></document>
    <document> #URL# Click here to watch a fucking fight #URL# ></document>
    <document> Dave this year  Na Ur year as usual U too much bro #URL# ></document>
    <document> RIP ALGBA A 344years old Tortoise popularly known as "Alagba" at Soun of Ogbomoso's Palace is dead :( The latest ne… #URL# ></document>
    <document> Festival of madness  Funny movie #URL# ></document>
    <document> Dontom PutputuOne OfAfrica God bless you immensely for your effort on this issue.  U are true human rights activist #URL# ></document>
    <document> We present to y’all a smashing song by Asa titled “The Place To Be”. Nigeria’s soul Diva and biggest female music e… #URL# ></document>
    <document> BONANZA! BONANZA!! BONANZA!!! Happy new month &amp; Sunday to you all. I want to use this medium  to say  BIG THANK U s… #URL# ></document>
    <document> We are into shoe bz Chart me up for newest arrivals #URL# ></document>
    <document> When Nigerian wake up against injustice, God will wake up, But when you stay calm when God is waiting for you to ac… #URL# ></document>
    <document> Ramatu may God bless you more mama and give u strength and more wisdom as a minister  ijn #URL# ></document>
    <document> Next World music meets with Kennis music on this banging tune titled “Ado Bayero” and it’s a vibe, The Oba Orin him… #URL# ></document>
    <document> Mr Eazi comes through with the smashing song he performed at the just concluded Coachella. The song is tagged “Let… #URL# ></document>
    <document> Stop wasting your data monitoring people online.  Start an online business and monitor your income👌✌ ></document>
    <document> Congratulations  prince Desmond Ananyo Prince Desmond Anayo Igboke AKA Okeigbudu ></document>
    <document> It's Only in Nigeria that a Relationship Ends But The Sex Continues🙄😏 #URL# ></document>
    <document> Another feather added to wing  Zodo Music ng AKA DjNwabakaliki Entertainment as the Best Marketer of the year 2019.… #URL# ></document>
    <document> Any adult in Nigeria who witnessed Buharis first coming knows that Jonathan was right. Goodluck Jonathan Warned Nig… #URL# ></document>
    <document> Don't ever be broke and fat, it's so annoying cause you keep disappointing people Hustle And bustle Nwanne ></document>
    <document> Another Zodo Music ng production  Directed by Joshua Century  Sound production by USB 07038892780 — at Enugu - Coal… #URL# ></document>
    <document> Have you ever observed that ladies that date Reverend fathers hardly get married? ></document>
    <document> Don't judge a book by its cover... #URL# ></document>
    <document> Pmb make this guy more popular. #URL# ></document>
    <document> Some Relationship  can change your orientation &amp; Dimension in life   TikTwc! ></document>
    <document> Every limitation in ur life break ijn.... #URL# ></document>
    <document> We Igbo are wonderful  creature #URL# ></document>
    <document> What is happening to Religious Leaders  God have mercy on us #URL# ></document>
    <document> American renowned rapper Russ who has been raving about Afrobeat and one of Nigeria’s biggest music export, Davido… #URL# ></document>
    <document> Cardi Blue Film desecrated Our Fada land #URL# ></document>
  
</author>
<document> In religion we call them spirits. In science we call it energy. In the streets we call them vibrations. >></document>
    <document> Bringing your face closer to your fan </document>
    <document> Iran hit US ship, US did nothing, Iran hit US Drone US did nothing, Iran when regarding… #URL# </document>
    <document> Your first call tomorrow, November 1, 2019, will be a financial blessing. Our latest mixtape... Grab your copy. >></document>
    <document> No weapon against him will execute ijn #URL# </document>
    <document> Congratulations once again my sister #URL# </document>
    <document> Age Gratefully Beautiful Woman Llnp Best Friend #URL# </document>
    <document> Your popularity is our top priority #URL# </document>
    <document> I don't know who needs to hear this, but grow up and stop watching porn. >></document>
    <document> Gov Ugwuanyi paid salary 🙄🙄🙄 I don't consider salary payment an achievement</document>
    <document> If you only see those friends in your inbox when you upload good photos, stay away from them. >></document>
    <document> Age Gratefully Beautiful woman Llnp Best Friend </document>
    <document> Video over make sinsi Ezege But we really need Ur poster on 042 road, to awaken the atmosphere of Alobam road. MPA… #URL# ></document>
    <document> We are the Road and the road is in us</document>
    <document> #HASHTAG# is the real soldier. LONE EBONYI BOY DISARMS A STUPID NIGERIAN SOLDIER.. I don't care what you might... #URL# ></document>
    <document> Can someone help me and subtitle this song for me #URL# </document>
    <document>My best nigerian president i celebrate with you Sir #URL# </document>
    <document>Never tell your family about your relationship problems because you may forgive your partner and they won't.. </document>
    <document>Wwe Africa Rey Mysterio vs Kane Full Match Is Now Available 2019 Latest Video wwe Africa Trending #URL# </document>
    <document> May God continue to support and guide you through anything anytime @ anytime ijn #URL# </document>
    <document> Never be in a hurry to criticize a woman who has left her marriage. Most of them did everything they could to save their homes. Be gentle! >></document>
    <document> Best Epic Song of the Season #URL# ></document>
    <document> STOP DATING THE WRONG GIRLS. I know many girls and women will be upset by this post, but please find out more... #URL# ></document>
    <document> Bia Rie Ji 🤣🤣🤣 — in Enugu - Coal City. #URL# </document>
    <document> The army and police demonstrated impressive professionalism in this meeting. Kudos to them. More respect for d g… #URL# </document>
    <document>Happy Birthday Papilo Age Gratefully AKA Shoemaker</document>
    <document> July Updates.... Crab a Copy like Edey hot >></document>
    <document> A man of his word #URL# </document>
    <document> Happy birthday to my own blood from another mummy. More money, peace, joh, love and bliss as you add 1 to your… #URL# ></document>
    <document> Congratulations once again my sister #URL# </document>
    <document>July updates on jubilation Crab a Copy as Edey hot</document>
    <document> My past sorrows have contributed no 2 to my future glory. >></document>
    <document> Good morning everyone May your today be better than yesterday May your tomorrow be better than today May our hustle and bustle be fruitful </document>
    <document> #URL# Best of Umu Udubonch vol2 AKALAKA #URL# </document>
    <document> Wonderful deserves wonderful miracle. Pastor mmm everywhere #URL# </document>
    <document> Can you marry an HIV positive billionaire son of Obasinjo? Reply as you are Tonto D </document>
    <document> Your popularity is our top priority Tel. 08084770119 >></document>
    <document> On behalf of the common man in this country, we are hopelessly lost. 132 Biko haram 4gvn n reinstated in Borno State. >></document>
    <document> The one thing you should remember is that anything can happen at any time. But hustle defines your future </document>
    <document> ABA NA ABA IS MY STATE The border is closed to stop the importation of rice, well that is not for us in Abakaliki, Eb… #URL# ></document>
    <document> Can't kill myself Chulo way #URL# </document>
    <document> The ability to run from one man to another is called Runs girl. The prostitute is the skill of ....... ? >></document>
    <document> President Donald Trump addresses the United Nations General Assembly. Other: #URL# #URL# ></document>
    <document> Hot &amp; Fresh mega mix from your worst Dj DJ NWABAKALIKI We are your street believable… #URL# </document>
    <document> Hi all. Please ignore any alleged commercial activity or anything similar sent by me. Someone hacked my... #URL# ></document>
    <document> You fought for me Why odas you fight for God My Lord you don't use me play ooo </document>
    <document> Your ex should never be your friend - Counselor Charlotte Oduro #URL# </document>
    <document> Lafille' ages as gracefully as you are +1 2 days </document>
    <document> Country is messed up #URL# </document>
    <document> #URL# Na Dem by Mista Cornel is finally out 🧚‍♀️🧛‍♂️🧞‍♂️🧞‍♀️🧟‍♂️🤶🤶🧙‍♂️🙍‍♂️🙆‍♂️🙅‍♂️🙅‍♀️🙅🙀️♀️ ‍♂️🙆‍♂️ URL# ></document>
    <document> Umu Udubonch vol1 video shooting about to start IHE N' EME AGU NA ISI Zodo Music ng production Directed by CENTURY Dop EMELEX </document>
    <document> Biafra is the real RI. P Our Great Falling Heroes May 30th is a heroic date for every Igbo land. Date we will always… #URL# </document>
    <document> If you want Nigerian men to eat or drink something, just tell them it will help them behave better in bed.. Chai slapping me..😜 ></document>
    <document> Question???? If D husband has ₦10,000, &amp; D wife has ₦30,000. How much does it cost in house D? Taking house as a constant in D house </document>
    <document> HappyFather's Day for me and myself </document>
    <document> When Nigerian wakes up to injustice, God will wake up, but when you stay calm when God is waiting for you to act... #URL# ></document>
    <document> Congratulations Brother Obinna God will always see you true no matter the situation. Second surgery with… #URL# </document>
    <document> The Man Who Saw the Future #URL# </document>
    <document> Congratulations Uchechi. Celebrating with you beautiful girl #URL# </document>
    <document> Out July 20th</document>
    <document> If you haven't been hospitalized since January until now, gather here, we thank God for his grace 👇 </document>
    <document> 'Beautiful Girl' and '911' crooner Sean Kingston releases one of the highly anticipated singles titled "Peace Of Mind". KiS… #URL# ></document>
    <document> Trust is the most expensive gift It can cost you more than "if you'd known" Be careful who you risk it to or or — listen... #URL# ></document>
    <document> Disrespect for CULTURE #URL# </document>
    <document> Depression everywhere He didn't commit suicide because the house rent let's do the facts before republishing. His wedding... #URL# </document>
    <document> December mixtape uploading....... Call for latest updates and video promotion We are second to none......08084770119 </document>
    <document> Dating a man who doesn't play 🎱snooker is a blessing; this game teaches men how to focus on many holes using a stick... </document>
    <document> God bless you and give you one more reason to help people. You are one in a million God will remember this year ijn AMEN #URL# ></document>
    <document> [Audio + Video] Tony OneWeek – "Party" (Prod. by RockysWaya) #URL# ></document>
    <document> June for jubilation. Congratulations Chimdire Destiny Onyekachi David on your first day at church We are Redeemits U… #URL# ></document>
    <document> Something good may come out of Babcock #URL# </document>
    <document> I did it You too can do the same to get justice for Nigeria #URL# </document>
    <document> #URL# Click here to watch a fucking fight #URL# </document>
    <document> Dave this year Na Ur year as usual U too brother #URL# </document>
    <document> RIP ALGBA A 344-year-old tortoise popularly known as "Alagba" at Soun of Ogbomoso's Palace has died :( The latest... #URL# ></document>
    <document> Festival of Madness Funny Movie #URL# </document>
    <document> Dontom PutputuOne OfAfrica God bless you immensely for your efforts on this issue. You are a true human rights activist #URL# </document>
    <document> We present you a great song by Asa called "The Place To Be". Nigeria's Soul Diva and Greatest Female Music and... #URL# ></document>
    <document> BONANZA! BONANZA!! BONANZA!!! Happy New Month &amp; Sunday to you all. I want to use this medium to say BIG THANK YOU... #URL# ></document>
    <document> We love bz shoes Get me ready for the latest arrivals #URL# </document>
    <documentment> When Nigerian wake up to injustice, God will wake up, but when you stay calm when God is waiting for you to take action… #URL# ></document>
    <document> Ramatu may God bless you again mom and give you strength and wisdom as a minister ijn #URL# </document>
    <document> The music of Next World meets the music of Kennis in this amazing song called "Ado Bayero" and it's a vibe, The Oba Orin him... #URL# ></document>
    <document> Mr. Eazi arrives with the amazing song he performed at Coachella just concluded. The song is tagged "Let... #URL# ></document>
    <document> Stop wasting your data tracking people online. Start an online business and track your income👌✌ ></document>
    <document> Congratulations Prince Desmond Ananyo Prince Desmond Anayo Igboke AKA Okeigbudu</document>
    <document> It's only in Nigeria that a relationship ends but the sex continues🙄😏 #URL# ></document>
    <document> Another feather added to AKA DjNwabakaliki Entertainment's Zodo Music wing as the best marketer of the year 2019.… #URL# ></document>
    <document> Any adult in Nigeria who witnessed Buhari's arrival knows that Jonathan was right. Goodluck Jonathan warned Nig… #URL#></document>
    <document>Never be fat and broke, it's so annoying why you keep letting people down Hustle and bustle Nwanne</document>
    <document> Another Zodo Music ng production Directed by Joshua Century Sound production by USB 07038892780 — at Enugu - Coal… #URL# ></document>
    <document> Have you ever noticed that women who date the Reverend Fathers hardly get married? >></document>
    <document> Don't judge a book by its cover... #URL# </document>
    <document> Pmb make this guy more popular. #URL# </document>
    <document> Some Relationships Can Change Your Orientation and Dimension in Life TikTwc! >></document>
    <document> Every limitation in your life breaks ijn.... #URL# </document>
    <document> We Igbo are wonderful creatures #URL# </document>
    <document> What's happening to religious leaders God have mercy on us #URL# </document>
    <document> Famous American rapper Russ, who was enthusiastic about Afrobeat and one of Nigeria's biggest music exporters, Davido... #URL# ></document>
    <document> The movie Cardi Blue defiled our land Fada #URL# </document>
  
</author>