
  
    <document> Love is Blind: trailer #URL# #URL# ></document>
    <document> Touchdown! Should Seven revive Australian Idol? #URL# #URL# ></document>
    <document> Monday 10 February 2020 #HASHTAG# #URL# ></document>
    <document> Heston out of MasterChef 2020 #URL# #URL# ></document>
    <document> Flashback Friday: Yasmin’s Getting Married #URL# #URL# ></document>
    <document> These are the titles Netflix agreed to remove #URL# #URL# ></document>
    <document> Oops. My Kitchen Rules ad on 9Now. #URL# #URL# ></document>
    <document> Diamond League athletics to screen on FOX Sports #URL# #URL# ></document>
    <document> Airdate: The Dirty War on the NHS #URL# #URL# ></document>
    <document> Tuesday 11 February 2020 #HASHTAG# #URL# ></document>
    <document> More cast join Clickbait #URL# #URL# ></document>
    <document> Returning: My Brilliant Friend #URL# #URL# ></document>
    <document> Thursday 13 February 2020 #HASHTAG# #URL# ></document>
    <document> Airdate: JoJo’s Livin’ the D.R.E.A.M. #URL# #URL# ></document>
    <document> Nelson Aspen wins award in US #URL# #URL# ></document>
    <document> Returning: Family Guy, American Dad #URL# #URL# ></document>
    <document> Renewed: Godfather of Harlem #URL# #URL# ></document>
    <document> ABC’s Wednesday offers Reality alternative #URL# #URL# ></document>
    <document> Nine appoints Regional News Director #URL# #URL# ></document>
    <document> The Conners to stage Live episode #URL# #URL# ></document>
    <document> Sunday 16 February 2020 #HASHTAG# #URL# ></document>
    <document> Celeste Barber to meet lawyers over $52m bushfire donations #URL# #URL# ></document>
    <document> 92nd #HASHTAG# delayed in Brisbane, Adelaide &amp; Perth. #HASHTAG# #URL# #URL# ></document>
    <document> Saturday 8 February 2020 #HASHTAG# #URL# ></document>
    <document> Four Corners: Feb 17 #URL# #URL# ></document>
    <document> ABC unveils new-look set on News Breakfast #URL# #URL# ></document>
    <document> Lauren Graham joins Mighty Ducks series #URL# #URL# ></document>
    <document> The Graham Norton Show: Feb 14 #URL# #URL# ></document>
    <document> What show best represents a network’s DNA? #URL# #URL# ></document>
    <document> Eurovision contest offers 2 tix #URL# #URL# ></document>
    <document> Jussie Smollett to face new charges over 2019 incident #URL# #URL# ></document>
    <document> Oscars broadcast down, but Sunrise up. #URL# #URL# ></document>
    <document> George Calombaris’ restaurant empire in voluntary administration #URL# #URL# ></document>
    <document> More stars revealed for Celebrity Mastermind #URL# #URL# ></document>
    <document> Nine wins first week of 2020 ratings #URL# #URL# ></document>
    <document> Liev Schreiber hints at more Ray Donovan #URL# #URL# ></document>
    <document> MAFS tops first night of ratings year #URL# #URL# ></document>
    <document> 10 takes on Trump doco #URL# #URL# ></document>
    <document> Seven wins Thursday as My Kitchen Rules claims timeslot #URL# #URL# ></document>
    <document> Returning: The Good Doctor #URL# #URL# ></document>
    <document> Taronga: Who’s Who in the Zoo: Feb 15 #URL# #URL# ></document>
    <document> “I’m in a very good place at the moment.” #URL# #URL# ></document>
    <document> ABC loses challenge over AFP raid #URL# #URL# ></document>
    <document> Oops. Kak’s Konfessional = KKK? #URL# #URL# ></document>
    <document> Fire Fight Australia on the big screen at Fed Square #URL# #URL# ></document>
    <document> Reality shows lift on Tuesday #URL# #URL# ></document>
    <document> SBS on Demand: Shadow Lines #URL# #URL# ></document>
    <document> #HASHTAG# to represent Australia at #HASHTAG# 2020! #HASHTAG# #URL# #URL# ></document>
    <document> Fetch TV sends 1000 NSW RFS volunteers to concert #URL# #URL# ></document>
    <document> Academy Awards: 20 years of TV ratings #URL# #URL# ></document>
    <document> Fire Fight Australia: guide #URL# #URL# ></document>
    <document> War of the Worlds: trailer #URL# #URL# ></document>
    <document> Push to support locations hit by bushfires #URL# #URL# ></document>
    <document> Crowd-pleasing concert gives Seven a Sunday win #URL# #URL# ></document>
    <document> New thriller The Tourist for Stan #URL# #URL# ></document>
    <document> Returning: God Friended Me, The Resident #URL# #URL# ></document>
    <document> Wednesday 12 February 2020 #HASHTAG# #URL# ></document>
    <document> Nine takes final week of summer #URL# #URL# ></document>
    <document> Airdate: Wrongly Released: Free to Kill #URL# #URL# ></document>
    <document> See-Saw Films hires development producer #URL# #URL# ></document>
    <document> Renewed: The Good Doctor #URL# #URL# ></document>
    <document> Fire Fight Australia: 3 Live regional sites #URL# #URL# ></document>
    <document> Luke Jacobz returning to Home &amp; Away #URL# #URL# ></document>
    <document> Renewed: Bosch confirms final season #URL# #URL# ></document>
    <document> Seven appoints Director of Corporate Affairs and Publicity #URL# #URL# ></document>
    <document> Parasite series for HBO #URL# #URL# ></document>
    <document> Saturday 15 February 2020 #HASHTAG# #URL# ></document>
    <document> New ABC drama, Wakefield. #URL# #URL# ></document>
    <document> Brian May wants apology from Seven News #URL# #URL# ></document>
    <document> Disney orders Turner &amp; Hooch series #URL# #URL# ></document>
    <document> Charles Wooley opts for part-time on 60 Minutes #URL# #URL# ></document>
    <document> Farmer Wants a Wife participant on child exploitation charges #URL# #URL# ></document>
    <document> Friday 14 February 2020 #HASHTAG# #URL# ></document>
    <document> “I think they live in a television bubble” #URL# #URL# ></document>
    <document> Greg Norman joins Holey Moley #URL# #URL# ></document>
    <document> Jessica Marais out of Rafters revival #URL# #URL# ></document>
    <document> International Women’s Day pop-up channel #URL# #URL# ></document>
    <document> A peek at the Big Brother house…? #URL# #URL# ></document>
    <document> Oscars In Memoriam omits Luke Perry #URL# #URL# ></document>
    <document> Sunday 9 February 2020 #HASHTAG# #URL# ></document>
    <document> Psst. Wanna rent The Block? #URL# #URL# ></document>
    <document> ViacomCBS to combine Australian sales teams #URL# #URL# ></document>
    <document> Roy Billing: Actors Equity “a bit of a toothless tiger” #URL# #URL# ></document>
    <document> New UK drama for Dawn French #URL# #URL# ></document>
    <document> #HASHTAG# reveals 3 new households for Season 11 #URL# #URL# ></document>
    <document> Emerging producer internships in NSW #URL# #URL# ></document>
    <document> Axed: Take Me Out (UK) #URL# #URL# ></document>
    <document> New set for The Daily Edition #URL# #URL# ></document>
    <document> Colin Fassnidge blames programming … but what about MKR format changes? #URL# #URL# ></document>
    <document> Visible: Out on Television #URL# #URL# ></document>
    <document> Fire Fight Australia gets global broadcast #URL# #URL# ></document>
    <document> ICC Women’s T20 World Cup on FOX Cricket #URL# #URL# ></document>
    <document> Logies returns Most Popular Television Commercial #URL# #URL# ></document>
    <document> Hughesy, We Have a Problem: Feb 17 #URL# #URL# ></document>
    <document> Power confirms three more spin-offs #URL# #URL# ></document>
    <document> #HASHTAG# a day of music &amp; resilience #URL# #URL# ></document>
    <document> #HASHTAG# This is a concert for the ages. Thank you. ></document>
    <document> So who won Summer? #URL# #URL# ></document>
    <document> Former MKR villains the latest to spill on Seven show #URL# #URL# ></document>
    <document> Paul Murray Live head to Bateman’s Bay #URL# #URL# ></document>
  
</author>
<document> Love is blind: trailer #URL# #URL# </document>
    <document> Landing! Should Seven revive Australian Idol? #URL# #URL# </document>
    <document> Monday, February 10, 2020 #HASHTAG# #URL# </document>
    <document> Heston leaves MasterChef 2020 #URL# #URL# </document>
    <document> Flashback Friday: Yasmin is getting married #URL# #URL# </document>
    <document> These are the titles that Netflix has agreed to remove #URL# #URL# </document>
    <document> Sorry. The My Kitchen Rules ad on 9Now. #URL# #URL# </document>
    <document> Diamond League athletics will be screened on FOX Sports #URL# #URL# </document>
    <document> Airdate: The Dirty War on the NHS #URL# #URL# </document>
    <document> Tuesday, February 11, 2020 #HASHTAG# #URL# </document>
    <document> Other cast members Clickbait #URL# #URL# </document>
    <document> Return: My brilliant friend #URL# #URL# ></document>
    <document> Thursday, February 13, 2020 #HASHTAG# #URL# </document>
    <document> Broadcast: JoJo's Livin' the D.R.E.A.M. #URL# #URL# </document>
    <document> Nelson Aspen wins US #URL# #URL# </document> award
    <document> Return: Family Guy, American Father #URL# #URL# </document>
    <document> Renewed: Godfather of Harlem #URL# #URL# ></document>
    <document> ABC's Wednesday offers an alternative to actually #URL# #URL# </document>
    <document> Nine appoints regional news director #URL# #URL# </document>
    <document> The Conners to stage live episode #URL# #URL# </document>
    <document> Sunday, February 16, 2020 #HASHTAG# #URL# </document>
    <document> Celeste Barber to Meet Attorneys Over $52 Million Bushfire Donations #URL# #URL# </document>
    <document> 92nd #HASHTAG# postponed in Brisbane, Adelaide &amp; Perth. #HASHTAG# #URL# #URL# ></document>
    <document> Saturday, February 8, 2020 #HASHTAG# #URL# </document>
    <document> Four Corners: February 17 #URL# #URL# </document>
    <document> ABC unveils the new look set for News Breakfast #URL# #URL# </document>
    <document> Lauren Graham Joins Mighty Ducks Series #URL# #URL# </document>
    <document> The Graham Norton Show: February 14 #URL# #URL# </document>
    <document> Which program best represents the DNA of a network? #URL# #URL# </document>
    <document> The Eurovision contest offers 2 tix #URL# #URL# </document>
    <document> Jussie Smollett to face new charges over 2019 incident #URL# #URL# </document>
    <document> The broadcast of the Oscars has decreased, but the dawn has increased. #URL# #URL# </document>
    <document> George Calombaris' restaurant empire in voluntary administration #URL# #URL# </document>
    <document> More stars revealed for Celebrity Mastermind #URL# #URL# </document>
    <document> Nine Wins 2020 Week One Evaluations #URL# #URL# </document>
    <document> Liev Schreiber mentions more Ray Donovan #URL# #URL# </document>
    <document> MAFS Passes First Listening Night of the Year #URL# #URL# </document>
    <document> 10 interpretations of Trump doco #URL# #URL# </document>
    <document> Seven Wins Thursday as MyKitchen Rules claims the #URL# #URL# ></document> timeslot
    <document> Coming back: The good doctor #URL# #URL# </document>
    <document> Taronga: Who is Who in the Zoo: February 15 #URL# #URL# </document>
    <document> "Right now I feel very good." #URL# #URL# </document>
    <document> ABC loses challenge for AFP raid #URL# #URL# </document>
    <document> Sorry. Kak's Konfessional = KKK? #URL# #URL# </document>
    <document> Fire Fight Australia on the big screen at Fed Square #URL# #URL# </document>
    <document> Reality shows increase Tuesday #URL# #URL# </document>
    <document> SBS on Demand: Shadow Lines #URL# #URL# </document>
    <document> #HASHTAG# to represent Australia at #HASHTAG# 2020! #HASHTAG# #URL# #URL# ></document>
    <document> Fetch TV sends 1000 NSW RFS volunteers to concert #URL# #URL# </document>
    <document> Academy Awards: 20 Years of TV Ratings #URL# #URL# </document>
    <document> Fire Fight Australia: guide #URL# #URL# </document>
    <document> War of the Worlds: trailer #URL# #URL# </document>
    <document> Push to support places affected by forest fires #URL# #URL# </document>
    <document> Crowd-pleasing concert gives Seven a Sunday a win #URL# #URL# </document>
    <document> New thriller The Tourist for Stan #URL# #URL# </document>
    <document> Return: God loved me, resident #URL# #URL# </document>
    <document> Wednesday, February 12, 2020 #HASHTAG# #URL# </document>
    <document> Nine shots from the last week of summer #URL# #URL# </document>
    <document> Transmission: Issued by mistake: free to kill #URL# #URL# </document>
    <document> See-Saw Films hires development producer #URL# #URL# </document>
    <document> Renewed: The Good Doctor #URL# #URL# ></document>
    <document> Fire Fight Australia: 3 Live Regional Sites #URL# #URL# </document>
    <document> Luke Jacobz Returns Home &amp; Absent #URL# #URL# ></document>
    <document> Renewed: Bosch confirms the latest season #URL# #URL# </document>
    <document> Seven appoints the Director of Corporate Affairs and Advertising #URL# #URL# </document>
    <document> Parasite series for HBO #URL# #URL# </document>
    <document> Saturday, February 15, 2020 #HASHTAG# #URL# </document>
    <document> New ABC drama Wakefield. #URL# #URL# </document>
    <document> Brian May apologizes to Seven News #URL# #URL# </document>
    <document> Disney Orders Turner &amp; Hooch series #URL# #URL# ></document>
    <document> Charles Wooley opts for part-time work with 60 minutes #URL# #URL# </document>
    <document> Farmer Wants a Wife participant on child labor charges #URL# #URL# </document>
    <document> Friday, February 14, 2020 #HASHTAG# #URL# </document>
    <document> "I think they live in a TV bubble" #URL# #URL# </document>
    <document> Greg Norman joins Holey Moley #URL# #URL# </document>
    <document> Jessica Marais leaves Rafters revival #URL# #URL# </document>
    <document> International Women's Day pop-up cchannel #URL# #URL# ></document>
    <document> A look at the Big Brother house...? #URL# #URL# </document>
    <document> Oscar In Memoriam omits Luke Perry #URL# #URL# </document>
    <document> Sunday, February 9, 2020 #HASHTAG# #URL# </document>
    <document> Psst. Do you want to rent The Block? #URL# #URL# </document>
    <document> ViacomCBS to unite Australian sales teams #URL# #URL# </document>
    <document> Roy Billing: Actors Equity "a bit of a toothless tiger" #URL# #URL# </document>
    <document>New British drama for French Dawn #URL# #URL# </document>
    <document> #HASHTAG# reveals 3 new families for season 11 #URL# #URL# </document>
    <document>Emerging Producer Internship in NSW #URL# #URL# </document>
    <document> Axed: Take Me Out (United Kingdom) #URL# #URL# </document>
    <document> New series for The Daily Edition #URL# #URL# </document>
    <document> Colin Fassnidge blames programming...but what about the MKR format changes? #URL# #URL# </document>
    <document> Visible: on television #URL# #URL# ><</document>
    <document> Fire Fight Australia broadcast worldwide #URL# #URL# </document>
    <document> ICC Women's T20 World Cup on FOX Cricket #URL# #URL# </document>
    <document> Logies returns the most popular TV ad #URL# #URL# </document>
    <document> Hughesy, we have a problem: February 17 #URL# #URL# </document>
    <document> Power confirms three more spin-offs #URL# #URL# </document>
    <document> #HASHTAG# a day of music &amp; resiliency #URL# #URL# ></document>
    <document> #HASHTAG# This is a concert for the ages. Thank you. >></document>
    <document> So who won the summer? #URL# #URL# </document>
    <document> Former MKR villains are the latest to appear on Seven's show #URL# #URL# </document>
    <document> Paul Murray Live goes to Bateman's Bay #URL# #URL# </document>
  
</author>