
  
    <document> A mysterious radio signal from space is repeating every 16 days - WVTM13 #URL# #URL# ></document>
    <document> Jessica Simpson Reveals She Kissed Justin Timberlake After Her Divorce - E! NEWS #URL# #URL# ></document>
    <document> How Mookie Betts Trade Pieces Will Contribute To Red Sox In Future - NESN #URL# #URL# ></document>
    <document> Pamela Anderson Marries Movie Mogul Jon Peters in Secret Ceremony - Hollywood Reporter #URL# #URL# ></document>
    <document> Royal Caribbean blames 'reckless' grandfather in death of toddler Chloe Wiegand - New York Post… #URL# ></document>
    <document> Blix calls for developers to revolt against Apple - Financial Times #URL# ></document>
    <document> Father of Parkland victim escorted from State of the Union while Trump talked about protecting the Second Amendment… #URL# ></document>
    <document> The world's oldest living man is 112. His secret is to just keep smiling and never get angry - CNN… #URL# ></document>
    <document> Exxon Mobil's fourth-quarter earnings fall short of expectations - CNBC #URL# #URL# ></document>
    <document> Democrats open campaign to defeat Trump Fed nominee Shelton - MarketWatch #URL# #URL# ></document>
    <document> The Morning After: Be careful with Motorola's Razr - Engadget #URL# #URL# ></document>
    <document> Quarantine begins for almost 100 people at Lackland AFB amidst coronavirus outbreak - WOAI #URL# #URL# ></document>
    <document> Republican Senators Tried to Stop Trump From Firing Impeachment Witness - The New York Times #URL# #URL# ></document>
    <document> Kate Middleton Reveals She Did 'Hypnobirthing' for All Three Kids — and 'Quite Liked Labor!' - Yahoo Entertainment… #URL# ></document>
    <document> Ancient never-before-seen viruses discovered locked up in Tibetan glacier - #URL#… #URL# ></document>
    <document> Walking sharks are creeping around, and it’s weirder than a Sharknado plot twist - SYFY WIRE #URL# #URL# ></document>
    <document> Apple iPhone 12: Everything We Know So Far [Updated] - Forbes #URL# #URL# ></document>
    <document> Are hair dyes safe? Health worries are increasing interest in the go-gray style trend. - The Washington Post… #URL# ></document>
    <document> Top Apple analyst cuts iPhone shipment forecast by 10% due to coronavirus - CNBC #URL# #URL# ></document>
    <document> Black holes shouldn't echo, but this one might. Score 1 for Stephen Hawking? - #URL#… #URL# ></document>
    <document> Mysterious particles spewing from Antarctica defy physics - #URL# #URL# #URL# ></document>
    <document> Samantha Mewis' two goals help U.S. clinch Olympic spot - ESPN #URL# #URL# ></document>
    <document> John Stumpf: Ex-Wells Fargo boss pays $17.5m to settle charges - BBC News #URL# #URL# ></document>
    <document> Chaos in Puerto Rico as mob finds unused disaster supplies - New York Post #URL# #URL# ></document>
    <document> Days before Virginia gun rally, FBI arrests 3 alleged white supremacists - NBC News #URL# #URL# ></document>
    <document> Teen accused of slaughtering four family members in Utah: report - New York Post #URL# #URL# ></document>
    <document> The Grizzlies pulled off the perfect small market rebuild - SB Nation #URL# #URL# ></document>
    <document> College admissions scandal: Emails from Lori Loughlin, Mossimo Giannulli and Rick Singer released - CBS News… #URL# ></document>
    <document> Nvidia: GeForce Now lost Activision games over ‘misunderstanding’ - Polygon #URL# #URL# ></document>
    <document> Sudan will pay $30 million to families of USS Cole attack victims, its leaders say - CNN #URL# #URL# ></document>
    <document> Can wearing a face mask protect you from the new coronavirus? - #URL# #URL# #URL# ></document>
    <document> The Mormon Church Amassed $100 Billion. It Was the Best-Kept Secret in the Investment World. - The Wall Street Jour… #URL# ></document>
    <document> Australia fires: Climate change increases the risk of wildfires - BBC News - BBC News #URL# ></document>
    <document> 2020 NBA Trade Deadline Primer: Latest Intel and Buzz Around the League - Sports Illustrated #URL# #URL# ></document>
    <document> Adapter turns power wheelchairs into Xbox controllers - Engadget #URL# #URL# ></document>
    <document> Two dead after truck spills cement on a Texas roadway, causing 'violent crash' - NBC News #URL# #URL# ></document>
    <document> This Is What We'll See When Betelgeuse Really Does Go Supernova - Forbes #URL# #URL# ></document>
    <document> Another reason why the middle-aged ‘dad bod’ could be deadly instead of sexy - MarketWatch #URL# #URL# ></document>
    <document> The Streaming Wars have barely started and they’re already exhausting - The Verge #URL# #URL# ></document>
    <document> 2020 NFL Mock Draft: Cardinals add WR despite Larry Fitzgerald's return, Falcons land edge rush help - CBS Sports… #URL# ></document>
    <document> Windows search went down for hours because of a Microsoft services outage - The Verge #URL# #URL# ></document>
    <document> This is the most violent object in the solar system - #URL# #URL# #URL# ></document>
    <document> Watch live: World Health Organization provides update on coronavirus - NBC News #URL# #URL# ></document>
    <document> Boeing Expects 737 Max Costs Will Surpass $18 Billion - The New York Times #URL# #URL# ></document>
    <document> TheHill - The Hill #URL# #URL# ></document>
    <document> New Hospital Built in Wuhan, China to Battle Coronavirus - VOA News #URL# ></document>
    <document> Review: Patrick Stewart soars high in stellar 'Star Trek: Picard' - USA TODAY #URL# #URL# ></document>
    <document> Politicians have lied about social security. The US must elect someone who'll fight for it - The Guardian… #URL# ></document>
    <document> Food for thought — and health. The right diet for patients can improve outcomes and reduce costs. - The Washington… #URL# ></document>
    <document> China nCoV cases continue at stable rate, concerns rise about spread in Singapore - CIDRAP #URL# ></document>
    <document> 'Shawskank' Joyce Mitchell, who aided escape from Dannemora prison, released on parole - New York Post… #URL# ></document>
    <document> Chrome Apps are going away starting in June 2020 - Android Central #URL# #URL# ></document>
    <document> Australian Open 2020 Press Conference 3R - Australian Open TV #URL# ></document>
    <document> Delaware health officials investigating a potential case of coronavirus - The News Journal #URL# #URL# ></document>
    <document> The FDA tells Purell to stop claiming it can prevent Ebola - The Washington Post #URL# #URL# ></document>
    <document> The skin of the earth is home to pac-man-like protists - #URL# #URL# #URL# ></document>
    <document> US offers to supply Belarus with oil and gas - New York Post #URL# #URL# ></document>
    <document> Morning Briefing: Looking for New Buyers - #URL# #URL# #URL# ></document>
    <document> Xerox sweetens HP offer to $24 per share as take-over drama continues - TechCrunch #URL# #URL# ></document>
    <document> Iran threatens to withdraw from nuclear treaty if Europeans bring case to UN ></document>
    <document> Netflix viewership stats just got more meaningless - CNET #URL# #URL# ></document>
    <document> Reaching out: How caring letters help in suicide prevention - CBS News #URL# #URL# ></document>
    <document> Four Missouri cities ranked in top 100 for STD cases - KMBC Kansas City #URL# #URL# ></document>
    <document> Mississippi fire: Mother and six children killed in house blaze - BBC News #URL# #URL# ></document>
    <document> Get a grippe, America. The flu is a much bigger threat than coronavirus, for now. - The Washington Post… #URL# ></document>
    <document> Linux-based Windows 12 Lite is '3x faster than Windows 10' and 'immune from ransomware' - BetaNews #URL# ></document>
    <document> Saturday Quickies: Beat Texas Tech/Kahlil Whitney Edition - A Sea Of Blue #URL# #URL# ></document>
    <document> 5 reasons to buy the older Galaxy S10 instead of Samsung's brand-new Galaxy S20 - Business Insider - Business Insid… #URL# ></document>
    <document> Martha MacCallum: Leaked Bloomberg audio will be weapon for 2020 opponents - Fox News #URL# #URL# ></document>
    <document> FastestVPN review: A surprising upgrade for 2020 - PCWorld #URL# #URL# ></document>
    <document> Report: Michigan State football loses assistant coach Terrence Samuel to UNLV - Detroit Free Press… #URL# ></document>
    <document> Adam Sandler’s movies are so popular Netflix ordered four more - The Verge #URL# #URL# ></document>
    <document> Tesla cars are accelerating without warning, prompting government scrutiny - The Verge #URL# #URL# ></document>
    <document> Jussie Smollett still facing civil lawsuit from Chicago for nearly $500G spent investigating alleged attack - Fox N… #URL# ></document>
    <document> California patient is 3rd US case of new virus from China - Yahoo News #URL# #URL# ></document>
    <document> Iraqi cleric Sadr tells followers to clear sit-ins after PM appointed - Reuters #URL# #URL# ></document>
    <document> Box Office: 'Sonic the Hedgehog' Booms With Record $68M Opening - Hollywood Reporter #URL# #URL# ></document>
    <document> SNL: Adam Driver revisits Kylo Ren's Undercover Boss episode. - Slate #URL# #URL# ></document>
    <document> Dow Jones Today, Stocks Struggle, Despite China Tariff Cut: Twitter Soars, Paycom Dives On Earnings - Investor's Bu… #URL# ></document>
    <document> Survey: Class divide causes trust gap over institutions like government and media - Axios #URL# #URL# ></document>
    <document> Shkreli sued over drug price increases ></document>
    <document> IMF finds new reasons to worry about the global economy - CNN #URL# #URL# ></document>
    <document> Microsoft to combine its Windows client and hardware teams under Chief Product Officer Panos Panay - ZDNet… #URL# ></document>
    <document> Boeing Stock Got a New Buy Rating. It's the First in a Long Time. - Barron's #URL# #URL# ></document>
    <document> Newspaper heiress Anne Cox Chambers, one of country's richest women, dies at age 100 - #URL#… #URL# ></document>
    <document> The iconic Motorola Razr phone is back, this time with a screen that folds in half - CNBC #URL# #URL# ></document>
    <document> It's Getting Much Harder to See a Bumblebee - Newser #URL# #URL# ></document>
    <document> Top Hong Kong official backs call for controversial security law - Financial Times #URL# ></document>
    <document> The biggest revelations from Jessica Simpson’s memoir are about the men in her life - Entertainment Weekly News… #URL# ></document>
    <document> Aaron Hernandez's Fiancée Addresses Sexuality Rumors After Netflix Doc - E! NEWS #URL# #URL# ></document>
    <document> 'We win, we shut everybody up': After scandal, Astros seek absolution that may never come - USA TODAY… #URL# ></document>
    <document> Save on Eero’s mesh Wi-Fi kit, the Google Pixel 4, Beats Solo Pro, and more - The Verge #URL# #URL# ></document>
    <document> Blake Lively Says Daughter James Is "So Intimidated" By Jimmy Fallon - E! NEWS #URL# #URL# ></document>
    <document> Mystery deepens over 42 oddly buried skeletons found on UK farm - #URL# #URL# #URL# ></document>
    <document> 2 Miami University students who returned from China are in isolation, being tested for coronavirus - WJW FOX 8 News… #URL# ></document>
    <document> California considers declaring common pain killer carcinogen - msnNOW #URL# ></document>
    <document> Casper Area Business &amp; Activity Closure Listings - 2/3/2020 - K2 Radio #URL# #URL# ></document>
    <document> Ahead of tinder box Virginia gun rally, Trump says Constitution under attack - Reuters #URL# #URL# ></document>
    <document> How to Enable Dark Mode on All Your Apps and Devices - WIRED #URL# #URL# ></document>
    <document> Roger Federer: "He punished me every single time!" ></document>
  
</author>
<document> Mysterious radio signal from space repeats every 16 days - WVTM13 #URL# #URL# </document>
    <document> Jessica Simpson Reveals Kissing Justin Timberlake After Divorce - E! NEWS #URL# #URL# ></document>
    <document>How Mookie Betts Trade Piece Will Contribute to the Red Sox in the Future - NESN #URL# #URL# </document>
    <document> Pamela Anderson weds movie mogul Jon Peters in secret ceremony - Hollywood Reporter #URL# #URL# </document>
    <document> Royal Caribbean blames 'reckless' grandfather for baby Chloe Wiegand's death - New York Post… #URL# ></document>
    <document> Blix calls on developers to rebel against Apple - Financial Times #URL# </document>
    <document> Victim of Parkland's father escorted from State of the Union as Trump spoke about protecting Second Amendment... #URL# ></document>
    <document> The oldest living man in the world is 112 years old. His secret is to keep smiling and never get angry - CNN… #URL# ></document>
    <document> Exxon Mobil's fourth-quarter earnings fall short of expectations - CNBC #URL# #URL# </document>
    <document> Democrats Open Campaign to Defeat Trump Fed Candidate Shelton - MarketWatch #URL# #URL# </document>
    <document> The day after: be careful with Motorola's Razr - Engadget #URL# #URL# </document>
    <document>Quarantine begins for nearly 100 people at Lackland AFB during coronavirus outbreak - WOAI #URL# #URL# </document>
    <document> Republican Senators Tried to Stop Trump from Firing Impeachment Witness - The New York Times #URL# #URL# </document>
    <document> Kate Middleton reveals she did 'Hypnobirthing' for all three babies — and 'I loved the labor!' - Yahoo Entertainment… #URL# </document>
    <document> Never-before-seen ancient viruses discovered locked away in Tibetan glacier - #URL#… #URL# ></document>
    <document> Walking sharks crawl around, and it's stranger than a Sharknado twist - SYFY WIRE #URL# #URL# </document>
    <document> Apple iPhone 12: Everything We Know So Far [Updated] - Forbes #URL# #URL# </document>
    <document> Are hair dyes safe? Health concerns are driving interest in the go-gray style trend. - The Washington Post... #URL# </document>
    <document>Top Apple analyst cuts iPhone shipment forecast by 10% due to coronavirus - CNBC #URL# #URL# </document>
    <document> Black holes shouldn't echo, but they might. Score 1 for Stephen Hawking? - #URL#… #URL# ></document>
    <document> Mysterious particles emitted by Antarctica defy physics - #URL# #URL# #URL# </document>
    <document>Samantha Mewis' two goals help US clinch Olympic berth - ESPN #URL# #URL# </document>
    <document>John Stumpf: Former Wells Fargo boss pays $17.5m to settle charges - BBC News #URL# #URL# </document>
    <document> Chaos in Puerto Rico as mobs find unused wrecked supplies - New York Post #URL# #URL# </document>
    <document> Days before gun round in Virginia, FBI arrests 3 alleged white supremacistss - NBC News #URL# #URL# ></document>
    <document>Teenager Accused of Massacre of Four Family Members in Utah: Report - New York Post #URL# #URL# </document>
    <document>The Grizzlies have pulled off the perfect small market re-creation - SB Nation #URL# #URL# </document>
    <document> College Admissions Scandal: Lori Loughlin, Mossimo Giannulli & Rick Singer Emails Released - CBS News… #URL# ></document>
    <document> Nvidia: GeForce Now lost Activision games due to "misunderstanding" - Polygon #URL# #URL# </document>
    <document> Sudan to pay $30 million to families of victims of USS Cole attack, leaders say - CNN #URL# #URL# </document>
    <document> Can wearing a mask protect you from the new coronavirus? - #URL# #URL# #URL# ></document>
    <document> The Mormon Church has amassed $100 billion. It was the best kept secret in the investment world. - The Wall Street Journal… #URL# ></document>
    <document> Australia bushfires: climate change increases bushfire risk - BBC News - BBC News #URL# </document>
    <document>NBA 2020 Trade Deadline Primer: The Latest League News and Insights - Sports Illustrated #URL# #URL# </document>
    <document> Adapter turns electronic wheelchairs into Xbox controllers - Engadget #URL# #URL# </document>
    <document>Two dead after truck spills concrete on Texas roadway, causing "violent crash" - NBC News #URL# #URL# ></document>
    <document> This is what we will see when Betelgeuse really goes supernova - Forbes #URL# #URL# </document>
    <document> Another reason middle-aged "dad" might be deadly instead of sexy - MarketWatch #URL# #URL# ></document>
    <document> The streaming wars have just begun and they're already exhausting - The Verge #URL# #URL# </document>
    <document> NFL Mock Draft 2020: Cardinals add WR despite returning Larry Fitzgerald, Falcons come in to help edge rush - CBS Sports… #URL# </document>
    <document> Windows search was down for hours due to Microsoft services outage - The Verge #URL# #URL# </document>
    <document> This is the most violent object in the solar system - #URL# #URL# #URL# </document>
    <document> Watch Live: World Health Organization Provides Coronavirus Update - NBC News #URL# #URL# </document>
    <document>Boeing Projects Peak 737 Costs To Exceed $18 Billion - The New York Times #URL# #URL# </document>
    <document> The Hill - The Hill #URL# #URL# </document>
    <document>New hospital built in Wuhan, China to fight coronavirus - VOA News #URL# </document>
    <document> Review: Patrick Stewart Soars High in Stellar 'Star Trek: Picard' - USA TODAY #URL# #URL# </document>
    <document> Politicians lied about social security. US must elect someone who will fight for it - The Guardian… #URL# ></document>
    <document> Food for thought and health. The right diet for patients can improve outcomes and reduce costs. - The Washington… #URL# </document>
    <document> nCoV cases in China continue at stable rate, spread fears rise in Singapore - CIDRAP #URL# ></document>
    <document> 'Shawskank' Joyce Mitchell, who helped escape Dannemora Jail, paroled - New York Post… #URL# ></document>
    <document> Chrome apps will no longer be available starting June 2020 - Android Central #URL# #URL# </document>
    <document> Australian Open 2020 Press Conference 3R - Australian Open TV #URL# ></document>
    <document> Delaware health officials investigate potential coronavirus case - The News Journal #URL# #URL# </document>
    <document>FDA tells Purell to stop claiming it can prevent Ebola - The Washington Post #URL# #URL# </document>
    <document> The skin of the earth harbors pac-man-like protists - #URL# #URL# #URL# </document>
    <document> US offers to supply Belarus with oil and gas - New York Post #URL# #URL# </document>
    <document> Morning Briefing: Looking for New Buyers - #URL# #URL# #URL# </document>
    <document> Xerox Sweetens HP Offer to $24 a Share as Acquisition Drama Continues - TechCrunch #URL# #URL# </document>
    <document>Iran threatens to withdraw from nuclear treaty if Europeans take case to UN</document>
    <document> Netflix viewership stats just got more meaningless - CNET #URL# #URL# </document>
    <document>Reach Out: How Love Letters Help With Suicide Prevention - CBS News #URL# #URL# </document>
    <document> Four Missouri Cities Ranked in Top 100 for STD Cases - KMBC Kansas City #URL# #URL# </document>
    <document> Mississippi fire: Mother and six children killed in house fire - BBC News #URL# #URL# </document>
    <document> Get comfortable, America. The flu is a much bigger threat than the coronavirus, for now. - The Washington Post... #URL# </document>
    <document> Linux-based Windows 12 Lite is "3x faster than Windows 10" and "immune to ransomware" - BetaNews #URL# </document>
    <document> Saturday Quickies: Beat Texas Tech/Kahlil Whitney Edition - A Sea of ​​Blue #URL# #URL# </document>
    <document> 5 reasons to buy the old Galaxy S10 instead of Samsung's brand new Galaxy S20 - Business Insider - Business Inside… #URL# ></document>
    <document>Martha MacCallum: Bloomberg Leaked Audio Will Weapon 2020 Adversaries - Fox News #URL# #URL# </document>
    <document> Fastest VPN Review: A Surprising Update for 2020 - PCWorld #URL# #URL# </document>
    <document> Report: Michigan State Football Loses Assistant Coach Terrence Samuel to UNLV - Detroit Free Press… #URL# ></document>
    <document> Adam Sandler's films are so popular that Netflix has ordered four more - The Verge #URL# #URL# </document>
    <document>Tesla cars are speeding up without warning, prompting government scrutiny - The Verge #URL# #URL# </document>
    <document>Jussie Smollett is still facing civil lawsuit from Chicago over nearly $500G spent investigating alleged hack - Fox N… #URL# ></document>
    <document>California patient is third US case of new virus from China - Yahoo News #URL# #URL# ></document>
    <document> Iraqi cleric Sadr tells followers to scrap sit-ins after prime minister's appointment - Reuters #URL# #URL# </document>
    <document> Box Office: 'Sonic the Hedgehog' Blows Up with Record $68 Million Opening - Hollywood Reporter #URL# #URL# </document>
    <document> SNL: Adam Driver Revisits Episode Kylo Ren's Undercover Boss. - List #URL# #URL# ></document>
    <document> Dow Jones stocks struggle today, despite Chinese tariff cut: Twitter climbs, Paycom plunges on earnings - Investor's Bu… #URL# ></document>
    <document> Survey: Class Gap Causes Trust Gap in Institutions Like Government and Media - Axios #URL# #URL# </document>
    <document>Shkreli sued over drug price hike</document>
    <document> IMF finds new reasons to worry about global economy - CNN #URL# #URL# </document>
    <document> Microsoft will bring together its Windows client and hardware teams under the leadership of Chief Product Officer Panos Panay - ZDNet… #URL# ></document>
    <document> Boeing stock has received a new buy rating. It's the first in a long time. - Barron's #URL# #URL# ></document>
    <document> Newspaper heiress Anne Cox Chambers, one of the richest women in the country, dies at the age of 100 - #URL#… #URL# ></document>
    <document> The iconic Motorola Razr phone is back, this time with a screen that folds in half - CNBC #URL# #URL# </document>
    <document> It's getting a lot harder to see a bumblebee - Newser #URL# #URL# </document>
    <document>Hong Kong's top backers call for controversial security law - Financial Times #URL# </document>
    <document>Jessica Simpson's memoir's biggest revelations are about the men in her life - Entertainment Weekly News... #URL# </document>
    <document> Aaron Hernandez's Fiancee Addresses Sex Rumors After Netflix Doc - E! NEWS #URL# #URL# ></document>
    <document> 'We win, we shut everyone up': Astros seeks acquittal after scandal that may never come - USA TODAY… #URL# ></document>
    <document> Save on Mesh Wi-Fi Kit for Eero, Google Pixel 4, Beats Solo Pro and more - The Verge #URL# #URL# </document>
    <document> Blake Lively Says Daughter James Is "So Afraid" of Jimmy Fallon - E! NEWS #URL# #URL# ></document>
    <document> Mystery delves into 42 strangely buried skeletons found on a farm in the UK - #URL# #URL# #URL# </document>
    <document> 2 Miami University students who returned from China are in isolation, being tested for coronavirus - WJW FOX 8 News… #URL# </document>
    <document>California Considers Declaring Common Painkillers Carcinogenic - msnNOW #URL# </document>
    <document> Casper Area Business &amp; Closeout Lists - 2/3/2020 - K2 Radio #URL# #URL# </document>
    <document>Ahead of Virginia gun rally, Trump says Constitution is under attack - Reuters #URL# #URL# </document>
    <document> How to enable dark mode on all apps and devices - WIRED #URL# #URL# </document>
    <document> Roger Federer: "He punished me every single time!" >></document></author>