<author lang="en"  
	<document> #user# note censors: “die on own sword” is *figurative*, not violence. </document>
		<document> #user# shows how important it was for gop to have contested the “fortified” election. </document>
		<document> #user# this martial display insanity must be in the color revolution handbook. </document>
		<document> #user# #user# hmmm... why are government vehicles outside? #url# </document>
		<document> #user# he’s peevish, less like a resident of the white house than a nursing home. </document>
		<document> .#user# features their traitor. #url# </document>
		<document> #user# narrator: the great american middle isn’t on minimum wage. #url# </document>
		<document> #user# #user# #user# every dem outrage of which now whelan ineffectually sputters is a massive own. </document>
		<document> #user# it’s not ‘parody’, they are *flexing* to humiliate nevertrumpers like you. </document>
		<document> rt #user#: middle easterners begin painting transgender flag colors on doorposts to avoid biden drone strikes </document>
		<document> #user# isn’t it sorta unexpected that the ‘far right’ oath keepers would have a transgender operative? #url# </document>
		<document> #user# how’s utah compare age &gt;16 years and older per capita with santa clara county? #user# #url# </document>
		<document> #user# if 9 people did the planning, then 5 were fbi, and 4 were barely functioning dupes. </document>
		<document> #user# does samson see a small or large animal vet? </document>
		<document> #user# or wait, is that 'tusk' samson's left front hoof? </document>
		<document> #user# see some tusk protruding on samson's right. do his tusks need to be trimmed? do you trim them yourself? need video proof! </document>
		<document> rt #user#: happy to join the #hashtag# team. kid's innocent, and everybody knows it. </document>
		<document> #user# #user# wyoming has 23 counties, do each have republican parties? #url# </document>
		<document> #user# be speaking *truth*. 🔥 </document>
		<document> #user# farr’s law of epidemics. #url# </document>
		<document> #user# marco rubio’s career has been *funded by* an “oligarchy in legacy media, big business &amp; big government”. </document>
		<document> #user# bookmark article for when china destroys a u.s. carrier group on way to taiwan reunification. #url# </document>
		<document> #user# the group in colorado wants to join wyoming, for when it joins with greater idaho. #url# </document>
		<document> #user# #user# #user# #user# “you’re all raycist”. have anything else to say? </document>
		<document> #user# .#user# also forces foreigners on #user#. #url# </document>
		<document> rt #user#: #user# how do you manage to be as bad at understanding wall street as you are how our legal system really works? </document>
		<document> #user# #user# #user# #user# #user# “our leaders...” you’re one step away from “our dear leader” .🇰🇵 </document>
		<document> to see how much a pandemic hero is #user#, go to san francisco’s salesforce tower, and look around. ⛺️ 💩 💉 ⚰️ #url# </document>
		<document> #user# #user# the regime’s specialty will be killing jobs in industries in which the company owners and workers are white males. </document>
		<document> #user# #user# taking orders from a three-letter org. </document>
		<document> #user# think conservatives are still allowed to speak abstractly of ‘limited government’. anything else, there’ll be consequences. </document>
		<document> #user# casting couch not included. </document>
		<document> #user# if i see this festooning tweets, i am so oughta here. gab beckons warmly. </document>
		<document> #user# try posting identically on gab, and see what gets more engagement. i’ve found a lot more on gab, than on throttled twittr. </document>
		<document> #user# rand paul is 👑. </document>
		<document> #user# every move the new administration’s made can only be explained as historical american nation humiliation. </document>
		<document> #user# #user# the goal is to do onto #user# what #user# did onto #user#. </document>
		<document> #user# it might be that the space that mia resents white men invading isn't really the asian market. </document>
		<document> #user# #user# ha ha! the little restaurant is permanently closed. </document>
		<document> #user# not following because twittr unfollowed. refollowed, thanks for the tip. </document>
		<document> rt #user#: oregon gop condemns betrayal by the ten house republicans who voted to impeach president trump #url# </document>
		<document> #user# #user# thanks #user#, for biden's war on women. </document>
		<document> #user# instagram isn't reassuring. #url# </document>
		<document> #user# #user# whatcha gonna do about it, nevertrumper? </document>
		<document> #user# california has leaped from #hashtag# to #hashtag# in % doses used. #user#: 🔥🐶 "this is fine". #url# </document>
		<document> here's deal: #user# metes same treatment to #user# as it did #user#. #url# </document>
		<document> #user# the fbi is either nkvd or stasi. hard to choose. #url# </document>
		<document> #user# those who push diversity are enemies. </document>
		<document> #user# #user# working class people must attend to the threat of their playing cards. #url# </document>
		<document> #user# #user# #user# what was the 'shitload of documentation' that one side had, when mueller probes came up empty? </document>
		<document> rt #user#: the inequality davos gigabillionaires want you thinking differently about is in your card deck. </document>
		<document> #user# whatcha gonna do about it, #user#? </document>
		<document> #user# #user# a law targeting a specific group is a bill of attainder. #url# </document>
		<document> narrator: but the defense capability u.s. offers taiwan is far from sufficient. #url# </document>
		<document> #user# oooh, there’s an even better pic on #user#, but can’t get to the url. #url# #url# </document>
		<document> #user# get the look. ⌚️ #url# </document>
		<document> #user# #user# #user# ‘equity’ is the hidden card in three-card monte. #url# </document>
		<document> the inequality davos gigabillionaires want you thinking differently about is in your card deck. #url# </document>
		<document> #user# #user# #user# let’s listen to the 496 follower blue check. </document>
		<document> #user# what is fractal? ❄️ #url# </document>
		<document> #user# *and* are paid in ₪’s. </document>
		<document> #user# #user# hamlet: for ’tis the sport to have the engineer hoist with his own petard. and ’t shall go hard. </document>
		<document> #user# #user# best way to get a flavor for distraught sf residents is follow #user# and #user#. </document>
		<document> #user# the anti- #user# san francisco accounts are where to most clearly see the discomfiture of white liberals. </document>
		<document> #user# #user# if you don’t follow #user#, i could see how you might think that. #url# </document>
		<document> #user# i am *outraged*. 😤 </document>
		<document> #user# you’re too good for your fellow arizona republicans, because they’re not paying you ₪’s. </document>
		<document> #user# #user# #user# #user# does someone platform antifa? who pays for #user#? </document>
		<document> #user# #user# soros shock troops: 2010: occupy wall street 2020: antifa 2021: #user# </document>
		<document> this account condemns the very existence of 👇🏻 poll. #url# </document>
		<document> #user# the only reason 5k are left is to keep pretending there was a justification for 25k. </document>
		<document> #user# #user# globalist elite says “oh, good, now we consolidate all power, smash the kulaks, and get things done”. </document>
		<document> #user# simply explain your policies will model themselves on israel’s. </document>
		<document> #user# my tl nicely illustrates your tweet. 🐛 #url# </document>
		<document> #user# “what, you mean the nazis? they had it coming.” </document>
		<document> #user# #user# maybe some people imported into toronto people who believe such things. #url# </document>
		<document> #user# i don’t see a parking space. </document>
		<document> #user# it's time to for republicans to oppose dems "january 6th" gaslighting. </document>
		<document> #user# without high-iq treasury secretaries, the u.s. would still be in the great depression. #url# </document>
		<document> rt #user#: this is how you get an actual [redacted </document>
		<document> #user# robert conquest don’t miss. #url# </document>
		<document> #user# stop your biden-so-bad whining, nevertrumper. </document>
		<document> #user# immigration makes america with no #user#. </document>
		<document> #user# there could be a delayed immune reaction, but "allergic reaction" has by definition an acute onset. </document>
		<document> #user# what’cha gonna do about it? two seconds ago you were all together celebrating orange man gone. </document>
		<document> #user# #user# west wing minyan chatter: “oh *nooo*, packed sleeping on a parking garage floor, the rubes might get covid. 🤣” </document>
		<document> #user# #user# to dems, #user# are props and cattle. now that abuse has exposed dems, they make empty gestures. </document>
		<document> #user# #user# 1) fed poasting ideation. 2) trump from escalator. 3) whoever incurs media’s wrath. </document>
		<document> .#user# treated like crap and many getting covid, so they can be adl’s insurrection prop. #url# </document>
		<document> #user# sorry will, you’re hurting niskansen’s team morale. </document>
		<document> #user# it was a *joke*, that was funny to who funds niskanen center. </document>
		<document> #user# regarding impeachment, the only acceptable gop response to dems is “f*ck you”. </document>
		<document> #user# turnabout’s not fair play? </document>
		<document> #user# 🇷🇺 💰🚨 “russian funded big tech” 🔵👋🏻 ‘early life’ 😒 every single time, not really ‘russian’. #url# </document>
		<document> commander in chief who botches “salute marines” has nuclear codes. #hashtag# #url# </document>
		<document> #user# welcome michael barr, to the biden administration minyan! #url# </document>
		<document> #user# thanks directly to chesa boudin, hanako abe and elizabeth platt found common ground. </document>
		<document> #user# no worries here about karl rove crying defamation. </document>
		<document> #user# even with such material, the left still can’t meme. </document>
		<document> #user# #user# story checks out (and *i* am already following). #url# #url# </document>
		<document> #user# #user# libertarians: “hey, we’re on your team”. </document>
		<document> #user# .#user#’s already cornered this particular trans mockery market. </document>
		<document> #user# defaming southern whites gets david french tossed more ₪’s. </document>
		<document> #user# #user# #user# “we”, you’re a democrat. cheney has no republican supporters. </document>
		<document> #user# liz cheney is only there for the aipac benjamin’s, baby.🎶 #url# </document>
		<document> rt #user#: joe biden: the illegitimate president* #url# </document>
		<document> rt #user#: the view from biden’s motorcade as it made its way up to the capitol #url# </document>
		<document> #user# you think tucker, hannity and ingraham are interchangeable? </document>
		<document> #user# got a link to this chapter? </document>
		<document> outraged wyoming republicans and 115 house gop urge perfidious #user#'s power be peacefully transferred. #url# </document>
		<document> #user# .#user# is such a disappointment. in the end he’s no different than all the other journalists. </document>
		<document> #user# #user# covid’s regional and seasonal, and australia 🇦🇺 is enjoying summer. </document>
		<document> #user# #user# how it started. how’s it going. #url# </document>
		<document> .#user# worth more than #user#. #url# </document>
		<document> rt #user#: they had no problem sending them to the sandbox, but they're a threat back home. </document>
		<document> rt #user#: so there is no due process for those accused of "extremism." got it. </document>
		<document> #user# .#user#, #user#, is mcconnell *trying* to destroy the gop? </document>
		<document> #user# not that i believe media fact checkers, but they purport that quote is fake. #url# </document>
		<document> #user# #user# if gab worked normally, and had an app, it’d totally take over. </document>
		<document> #user# #user# no way to see tonight’s show? </document>
		<document> #user# 3-1/2 years too late to short smalt. #url# </document>
		<document> #user# feel free to tag and inform the @ jewishvlibrary of this problem on your own tl! #url# </document>
		<document> another biden administration white male. #url# #url# </document>
		<document> #user# to liberals, posse comitatus only exists to keep america from defending its borders. #url# </document>
		<document> #user# that’s not a word, but a pronouncement. </document>
		<document> #user# #user# #user# an honest fbi special agent? joseph pientka 2024. </document>
		<document> #user# whoa, a blue check who to a dem's detriment has figured out *per capita*. that's something #user#'s never seen. </document>
		<document> #user# #user# has #user# authorized #user#'s mild criticism of joe biden? </document>
		<document> #user# by "insanity in the gop" you refer to liz "jennifer rubin" cheney? #url# </document>
		<document> #user# in on bill of attainder before the legal experts. #url# </document>
		<document> #user# #user# the q rabbit hole was fine until it connected to the child pedo shaft. </document>
		<document> #user# thank goodness orange man’s gone. it’ll be all better now! </document>
		<document> #user# loeffler and perdue ran on defeating “socialism”, not amnesty. #url# </document>
		<document> #user# just walk away. #url# </document>
		<document> #user# #user# biden’s first president to require national guard deployment of 30k. why’s biden so fearful? </document>
		<document> #user# the historically insane over-performance is trump’s. #url# </document>
		<document> #user# #user# tell us about it, tom nichols. #url# </document>
		<document> biden ozymandias: “look upon my national guard troops, ye mighty, and *i* despair.” #url# </document>
		<document> #user# imagine being the fed who invented “boogaloo”, and congratulating yourself on being so devious and brilliant. </document>
		<document> #user# #user# #user# tagging is also a way to get reported for “harassment” and get account banned. </document>
		<document> #user# lesbianism is the cope for hypergamy in excess of nubility. </document>
		<document> #user# your use is effect as a verb! #url# #url# </document>
		<document> #user# #user# the #user# is now #user#. not a dime’s worth of difference. </document>
		<document> rt #user#: pro patria vigilans - watchful for the country </document>
		<document> #user# that’d be like, libel. </document>
		<document> #user# since when is 5’7” a little too short? #url# </document>
		<document> #user# 7/11 nationalism, 2021 style. #url# </document>
		<document> #user# #user# what’s revealed by a closer look at the consummation and destruction of empire. #url# </document>
		<document> #user# #user# what happened to our cute lil’ fed? </document>
		<document> glowing is growing. #url# </document>
		<document> #user# if pressure from a certain three-letter org does not prominently figure, the story is 💩. </document>
		<document> #user# #user# when it comes to cringe swastika delivery especially. </document>
		<document> #user# #user# it’s not appeasement to stick to a consistent story about who you are and are not, and not accept media labels. </document>
		<document> #user# can only shake one's head ruefully. </document>
		<document> #user# so you’re another truther, eh? #url# </document>
		<document> #user# #user# that’d be a “no”. #url# </document>
		<document> 🎉 muh science 🔵👋🏻 ‘early life’ 😒 every. single. time. #url# #url# </document>
		<document> u.s. attorney sandbags, so antifa/blm/fed john sullivan is released without bail. #url# </document>
		<document> #user# article doesn’t mention any laws violated. why is this news? </document>
		<document> #user# oh, biden’s been just a prince. </document>
		<document> #user# it’s okay, beags. maryland governor larry hogan is a *republican*. #url# </document>
		<document> #user# #user# how *nice* you’re protecting poor, misunderstood #user#. #url# </document>
		<document> #user# #user# memory hole conditions may be applicable. #url# </document>
		<document> #user# goes back further. look upon my 20k plus troops ye mighty, and despair. </document>
		<document> #user# universal answer: to stigmatize the opposition. </document>
		<document> rt #user#: alex #user# has it precisely. a excellent example of #user#'s maxim. #url# </document>
		<document> #user# twitter going to monitor for malarkey? </document>
		<document> #user# #user# #user# to benefit the only the former. </document>
		<document> #user# #user# why was #user# so sure so soon? </document>
		<document> #user# best screenshots i could muster. #url# </document>
		<document> #user# upper ok? ◻️ 🙆🏻‍♀️ 🏢 🥚 🥚 🥚 🚗 💨 </document>
		<document> #user# don’t need #user# for the same 💩 as every other media. #hashtag# </document>
		<document> rt #user#: for perspective, the usa invaded the entire country of panama with 27,684 troops back in 1989 </document>
		<document> #user# ok, then you too, mccarthy. *git* </document>
		<document> #user# just tried to sign in and got internal error. our first amendment rights hang by an overburdened gab server thread. </document>
		<document> #user# #user# #user# too many new millions is the answer. trust the server upgrade plan! </document>
		<document> #user# needs to be adjusted to per capita, although the story wouldn't change much. </document>
		<document> #user# props for soyjak holding his phone don’t need cots. #url# </document>
		<document> #user# need a more subtle descriptor than ‘garbage’ to maintain account health. </document>
		<document> #user# #user# hey, cool it with the anti-wretched refuse of teeming shore-ism. </document>
		<document> #user# #user# #user# #user# bring back dire wolf 🐺 through 🧬, and then domesticate for dire dogs 🐶. </document>
		<document> #user# #user# uh, correct. since trump committed no real crimes, to convict him of an individualized crime is a bill of attainder. </document>
		<document> #user# the high crime political speech charge is a bill of attainder. it violates the constitution’s strictest rule. </document>
		<document> #user# that reads like the copy that’d be in such a memorandum. </document>
		<document> #user# #user# if you have doubts of government provocateurs, prepare to shed them now. #url# </document>
		<document> #user# #user# ron coleman doesn’t make flippant remarks. #url# </document>
		<document> #user# #user# the ozymandias inauguration. </document>
		<document> #user# nikki haley’s perfidy knows no bounds. </document>
		<document> #user# dang, really miss the gn illustrations. </document>
		<document> #user# this jack? 👇vaunting of parler's app store banning? #url# </document>
		<document> rt #user#: the false flag aspect of the capitol incident is becoming increasingly less crazy sounding #url# </document>
		<document> #user# 🗣“we’ve got an open decentralized standard”. 🤣 ha ha. ad|_ and justice dept. go *brrrrrrr*. #url# </document>
		<document> #user# right on cue. #url# </document>
		<document> #user# #user# #user# fb organizing is fed playground. </document>
		<document> #user# #user# *actually*, the answer for every california question involving metrics is demographics. </document>
		<document> #user# oh, great. my thinking on what movement to gab means is exactly like the three-letter org's. #url# </document>
		<document> #user# #user# parler afraid to take on the three letter org that rules over us. #url# </document>
		<document> #user# #user# it there’s no conviction it’d be moot, which is why i specified “is convicted”. </document>
		<document> #user# is the “incitement to insurrection” impeachment article a bill of attainder? </document>
		<document> #user# #user# china’s propaganda woes are solved by hiring weihan. 🎓 </document>
	  <author lang="en"
<document> #user# note censors: "to die on one's sword" is *figurative*, not violence. </document>
<document> #user# shows how important it was for the gop to challenge the "fortified" election. </document>
<document> #user# this martial display madness must be in the color revolution handbook. </document>
<document> #user# #user# hmmm... why are the government vehicles outside? #url# </document>
<document> #user# is peevish, less like a resident of the White House than a retirement home. </document>
<document> .#user# represents their traitor. #url# </document>
<document> #user# narrator: Big middle American doesn't have minimum wage. #url# </document>
<document> #user# #user# #user# every outrage that Whelan now unnecessarily spews about is a huge own. </document>
<document> #user# is not a "parody", they are *flexing* to humiliate nevertrumpers like you. </document>
<document> rt #user#: Middle Easterners start painting transgender flag colors on door jambs to avoid Biden drone attacks </document>
<document> #user# Isn't it somewhat unexpected that the "far right" oath keepers have a transgender agent? #url# </document>
<document> #user# how does utah compare age &gt;16 and over per capita to santa clara county? #user# #url# </document>
<document> #user# if 9 people did the planning, then 5 were fbi, and 4 were barely functional cheaters. </document>
<document> #user# does sansone see a small or large animal vet? </document>
<document> #user# or wait, is that 'fang' Samson's left front hoof? </document>
<document> #user# sees a tusk protruding to Samson's right hand. do his fangs need to be cut off? do you cut them yourself? need video proof! </document>
<document> rt #user#: Happy to join the #hashtag# team. boy is innocent, and everyone knows it. </document>
<document> #user# #user# Does Wyoming have 23 counties, do they each have Republican parties? #url# </document>
<document> #user# is telling the *truth*. 🔥 </document>
<document> #user# Farr's law of epidemics. #url# </document>
<document> #user# marco rubio's career has been *financed* by an "oligarchy in traditional media, big business and industry". big government". </document>
<document> #user# bookmark article for when china destroys a US aircraft carrier group en route to reunification of taiwan. #url# </document>
<document> #user# group in colorado wants to join wyoming, by the time it joins greater idaho. #url# </document>
<document> #user# #user# #user# #user# “you are all raycisti”. do you have anything else to say? </document>
<document> #user# .#user# also forces foreigners to #user#. #url# </document>
<document> rt #user#: #user# how are you not so good at understanding Wall Street how are you understanding how our legal system really works? </document>
<document> #user# #user# #user# #user# #user# “our leaders…” you are one step away from “our dear leader” .🇰🇵 </document>
<document> To see how much of a pandemic hero #user# is, go to the San Francisco sales force tower and look around. ⛺️ 💩 💉 ⚰️ #url# </document>
<document> #user# #user# The specialty of the regime will be to kill jobs in industries where the owners and workers of the company are white males. </document>
<document> #user# #user# takes orders from a three letter organization. </document>
<document> #user# thinks conservatives are still allowed to talk about "limited government" abstractly. anything else, there will be consequences. </document>
<document> #user# casting couch not included. </document>
<document> #user# if I see these swag tweets, I'm right here. gab nods warmly. </document>
<document> #user# try posting identically to gab and see what gets the most engagement. i found a lot more on gab than throttled twitter. </document>
<document> #user# rand paul is 👑. </document>
<document> #user# every move by the new administration can only be explained as a historic humiliation of the American nation. </document>
<document> #user# #user# the target isdo to #user# what #user# did to #user#. </document>
<document> #user# it could be that the space in which I feel the invasion of white men is not really the Asian market. </document>
<document> #user# #user# ha ha! the restaurant is permanently closed. </document>
<document> #user# is not following because twittr is no longer following. followed again, thanks for the tip. </document>
<document> rt #user#: Oregon Gop condemns treason by ten House Republicans who voted to impeach President Trump #url# </document>
<document> #user# #user# thank you #user#, for Biden's war on women. </document>
<document> #user# instagram is not reassuring. #url# </document>
<document> #user# #user# what are you going to do about it, nevertrumper? </document>
<document> #user# california changed from #hashtag# to #hashtag# in % doses used. #user#: 🔥🐶 "that's fine". #url# </document>
<document> here's the deal: #user# gives #user# the same treatment as #user#. #url# </document>
<document> #user# the fbi is nkvd or stasis. hard to choose. #url# </document>
<document> #user# those who promote diversity are enemies. </document>
<document> #user# #user# working class people have to deal with the threat of their playing cards. #url# </document>
<document> #user# #user# #user# What was the 'document load' that a party had, when the mueller probes came out empty? </document>
<document> rt #user#: Inequality the gigabillionaires of davos want you to think differently is in your deck of cards. </document>
<document> #user# what are you going to do about it, #user#? </document>
<document> #user# #user# a law targeting a specific group is an act of compromise. #url# </document>
<document> narrator: but the u.s. taiwan offers are far from enough. #url# </document>
<document> #user# oooh, there's an even better picture at #user#, but I can't get to the url. #url# #url# </document>
<document> #user# look. ⌚️ #url# </document>
<document> #user# #user# #user# 'fairness' is the hidden card in the three-card pile. #url# </document>
<document> the inequality the davos gigabillionaires want you to think differently is in your deck of cards. #url# </document>
<document> #user# #user# #user# let's listen to the blue tick of 496 followers. </document>
<document> #user# what is fractal? ❄️ #url# </document>
<document> #user# *and* are paid in ₪. </document>
<document> #user# #user# village: because it's a sport to get the engineer hoisted with his firecracker. and it will go hard. </document>
<document> #user# #user# The best way to get a feel for distraught SF residents is to follow #user# and #user#. </document>
<document> #user# anti- #user# san francisco accounts are where the unease of white liberals is most clearly seen. </document>
<document> #user# #user# If you don't follow #user#, I get how you might think that. #url# </document>
<document> #user# I am *outraged*. 😤 </document>
<document> #user# you're too good for your fellow Arizona Republicans, why don't they pay you ₪. </document>
<document> #user# #user# #user# #user# does anyone have an antifa platform? who pays for #user#? </document>
<document> #user# #user# Soros Storm Troopers: 2010: Occupy Wall Street 2020: Antifa 2021: #user# </document>
<document> this account condemns the very existence of 👇🏻 poll. #url# </document>
<document> #user# the only reason there's 5k left is to keep pretending there was a justification for 25k. </document>
<document> #user# #user# the globalist elite says "oh well, now let's consolidate all the power, destroy the kulaks and get things done". </document>
<document> #user# simply explains that your policies will be modeled on Israel's. </document>
<document> #user# my tl illustrates your tweet well. 🐛 #url# </document>
<document> #user# “what, you mean the Nazis? they had expected it. </document>
<document> #user# #user# maybe some people have imported into toronto people who believe these things. #URL# </docment>
<document> #user# I don't see a parking space. </document>
<document> #user# It's time for Republicans to stand up to the "January 6" gaslighting of the Dems. </document>
<document> #user# Without high IQ treasury secretaries, the United States would still be in the great depression. #url# </document>
<document> rt #user#: Here's how to get a real [redacted </document>
<document> #user# robert conquest not to be missed. #url# </document>
<document> #user# stop moaning so bad, never fuck. </document>
<document> #user# immigration makes america without #user#. </document>
<document> #user# there may be a delayed immune reaction, but an "allergic reaction" is by definition acute in onset. </document>
<document> #user# what will you do? two seconds ago you were all together celebrating the disappearance of the orange man. </document>
<document> #user# #user# west wing minyan chatter: “oh *nooo*, sleeping crammed on a garage floor, rubes could become covid. 🤣” </document>
<document> #user# #user# for dems, #user# are props and livestock. now that the abuse has exposed the dems, they are making empty gestures. </document>
<document> #user# #user# 1) powered posting design. 2) trump from the escalator. 3) who incurs the wrath of the media. </document>
<document>.#user# treated like shit and many go covid so they can prop adl insurrection. #url# </document>
<document> #user# sorry, you're hurting the morale of the niskansen team. </document>
<document> #user# was a *joke*, making the funders of the niskanen center laugh. </document>
<document> #user# regarding impeachment, the gop's only acceptable response to dems is "fuck you". </document>
<document> #user# about-face is not right? </document>
<document> #user# 🇷🇺 💰🚨 "Russian funded big tech" 🔵👋🏻 "early years" 😒 every single time, not really "Russian". #url# </document>
<document> the commander in chief who misspells "salute marines" has nuclear codes. #hashtag# #url# </document>
<document> #user# welcome michael barr, to the biden minyan administration! #url# </document>
<document> #user# thanks directly to chesa boudin, hanako abe and elizabeth platt have found common ground. </document>
<document> #user# here don't worry about karl rove shouting libel. </document>
<document> #user# even with such material, the left still can't meme. </document>
<document> #user# #user#'s story is successful (and *I* am already following). #url# #url# </document>
<document> #user# #user# libertarians: “hey, we're on your team”. </document>
<document> #user# .#user# has already captured this particular trans hoax market. </document>
<document> #user# defaming southern whites earns David French more ₪. </document>
<document> #user# #user# #user# “we”, you are a democrat. Cheney has no Republican supporters. </document>
<document> #user# liz cheney is only there for benjamin's aipac, baby.🎶 #url# </document>
<document> rt #user#: joe biden: illegitimate president* #url# </document>
<document> rt #user#: the view from Biden's motorcade as he made his way to the Capitol #url# </document>
<document> #user# do you think tucker, hannity and ingraham are interchangeable? </document>
<document> #user# do you have a link to this chapter? </document>
<document> Outraged Wyoming Republicans and 115 House Gop urge the evil #user# to transfer power peacefully. #url# </document>
<document> #user# .#user# is such a disappointment. in the end he is no different from all other journalists. </document>
<document> #user# #user# covid is regional and seasonal, and australia 🇦🇺 is enjoying the summer. </document>
<document> #user# #user# how it started. How is it going. #url# </document>
<document> .#user# is worth more than #user#. #url# </document>
<document> rt #user#: They had no problem sending them to the sandbox, but they are a threat at home. </document>
<document> rt #user#: so there is no due process for those accused of "extremism". Done. </document>
<document> #user# .#user#, #user#, mcconnell *trying* to destroy the gop? </document>
<document> #user# Not that I believe the media fact checkers, but they claim the quote is false. #url# </document>
<document> #user# #user# if gab worked normally and had an app, it would totally take over. </document>
<document> #user# #user# no way to see tonight's show? </document>
<document> #user# 3-1/2 years too late to be short. #url# </document>
<document> #user# feel free to tag and inform @jewishvlibrary of this issue at your leisure! #url# </document>
<document> another white male from the Biden administration. #url# #url# </document>
<document> #user# to liberals, the posse comitatus exists only to prevent America from defending its borders. #url# </document>
<document> #user# that is not a word, but a pronunciation. </document>
<document> #user# #user# #user# an honest FBI special agent? joseph pientka 2024. </document>
<document> #user# whoa, a blue check that at the expense of a dem understood * per capita *. it's something #user# has never seen. </document>
<document> #user# #user# #user# authorized #user#'s mild criticism of joe biden? </document>
<document> #user# with "insanity in the gop" are you referring to liz "jennifer rubin" cheney? #url# </document>
<document> #user# in summons before the legal experts. #url# </document>
<document> #user# #user# the q rabbit hole was fine until it connected to the pedo child tree. </document>
<document> #user# thank goodness the little orange man is gone. now everything will be better! </document>
<document> #user# loeffler and perdue aimed to defeat "socialism", not amnesty. #url# </document>
<document> #user# leave. #url# </document>
<document> #user# #user# first Biden president to request deployment of 30k National Guard. why is Biden so fearful? </document>
<document> #user# the historically insane outperformance is from Trump. #url# </document>
<document> #user# #user# tell us, tom nichols. #url# </document>
<document> biden ozymandias: "Look at my National Guard troops, you mighty ones, and *I* despair." #url# </document>
<document> #user# imagine you're the Fed who invented "boogaloo", and congratulate yourself for being so sneaky and brilliant. </document>
<document> #user# #user# Tagging #user# is also a way to get sued for “harassment” and get your account banned. </document>
<document> #user# lesbianism is the solution for hypergamy in excess of nubility. </document>
<document> #user# your use takes effect as a verb! #url# #url# </document>
<document> #user# #user# the #user# is now #user#. not a penny of difference. </document>
<document> rt #user#: vigilans pro patria - vigilans for the country </document>
<document> #user# would be like, defamation. </document>
<document> #user# Since when is 5'7" a bit too short? #url# </document>
<document> #user# 7/11 nationalism, 2021 style. #url# </document>
<document> #user# #user# what a closer look at the consummation and destruction of the empire reveals. #url# </document>
<document> #user# #user# what happened to our nice pappa? </document>
Glowing <document> is growing. #url# </document>
<document> #user# if pressing a certain three letter organization doesn't appear prominently, the story is 💩. </document>
<document> #user# #user# especially when it comes to cringe swastika delivery. </document>
<document> #user# #user# is not condescension to stick to a coherent story about who you are and who you are not, and not accept media labels. </document>
<document> #user# can only sadly shake his head. </document>
<document> #user# so you're another sincere one, huh? #url# </document>
<document> #user# #user# would be a "no". #url# </document>
<document> 🎉 muh science 🔵👋🏻 'early years' 😒 every. to separate. time. #url# #url# </document>
<Document> United States attorney sandbags, then john sullivan antifa/blm/fed released without bail. #url# </document>
<document> #user# artscle does not mention any laws violated. why this news? </document>
<document> #user# oh, Biden was just a prince. </document>
<document> #user# okay, beg. maryland governor larry hogan is a *republican*. #url# </document>
<document> #user# #user# how *nice* you are protecting poor, misunderstood #user#. #url# </document>
<document> #user# #user# Out of memory conditions may apply. #url# </document>
<document> #user# go back further. look at my 20,000+ powerful and desperate troops. </document>
<document> #user# universal response: stigmatize the opposition. </document>
<document> rt #user#: alex #user# really has it. an excellent example of the #user# maxim. #url# </document>
<document> #user# will twitter check malarkey? </document>
<document> #user# #user# #user# for the benefit of the former only. </document>
<document> #user# #user# why was #user# so secure so early? </document>
<document> #user# best screenshots I could collect. #url# </document>
<document> #user# superior ok? ◻️ 🙆🏻‍♀️ 🏢 🥚 🥚 🥚 🚗 💨 </document>
<document> #user# doesn't need #user# for the same 💩 as any other media. #hashtag# </document>
<document> rt #user#: For perspective, the US invaded the entire country of Panama with 27,684 troops in 1989 </document>
<document> #user# ok, then you too, mccarthy. *git* </document>
<document> #user# just tried to log in and received an internal error. our first amendment rights are hanging on an overloaded gab server thread. </document>
<document> #user# #user# #user# too many new millions is the answer. trust the server upgrade plan! </document>
<document> #user# needs to scale per capita, even if the story wouldn't change much. </document>
<document> #user# props for soyjak holding his phone don't need cradles. #url# </document>
<document> #user# needs a more subtle "garbage" descriptor to maintain account integrity. </document>
<document> #user# #user# hey, cool it down with the anti-wretched denial of teeming shoreism. </document>
<document> #user# #user# #user# #user# bring back the dire wolf 🐺 through 🧬, and then tame for the dire dogs 🐶. </document>
<document> #user# #user# uh, correct. since Trump has committed no actual crimes, convicting him of an individualized crime is an act of capture. </document>
<document> #user# prosecution of high felony political speech is an act of compromise. violates the strictest rule of the constitution. </document>
<document> #user# which reads like the copy that would be in such a memorandum. </document>
<document> #user# #user# If you have any concerns about government troublemakers, prepare to let them go now. #url# </document>
<document> #user# #user# ron coleman makes no flippant comments. #url# </document>
<document> #user# #user# the inauguration of ozymandias. </document>
<document> #user# Nikki haley's wickedness knows no bounds. </document>
<document> #user# man, i really miss the gn illustrations. </document>
<document> #user# this jack? 👇 brag about the app store's ban on talking? #url# </document>
<document> rt #user#: The false flag aspect of the Capitol incident is getting less crazy playing #url# </document>
<document> #user# 🗣"we have an open decentralized standard". 🤣 ha ha. ad|_ and Department of Justice. go *brrrrrrr*. #url# </document>
<document> #user# at the right time. #url# </document>
<document> #user# #user# #user# FB organization is powered by Playground. </document>
<document> #user# #user# *actually*, the answer for every California metrics question is demographics. </document>
<document> #user# oh great. my thinking about what movement to speak means is exactly like that of the three letter org. #url# </document>
<document> #user# #user# parler is afraid to face the three-letter organization that governs us. #url# </document>
<document> #user# #user# if there is no conviction it would be moot, which is why I specified "is doomed". </document>
<document> #user# is the imp "inciting insurrection".article achment a deed of acquisition? </document>
<document> #user# #user# China's propaganda problems are solved by hiring Weihan. 🎓 </document><Author lang="en"
<document> #user# Note censors: "dying by your own sword" is *figurative*, not violence. </document>
<document> #user# shows how important it was for gop to have contested the "fortified" election. </document>
<document> #user# this martial display madness has to be in the handbook of the color revolution. </document>
<document> #user# #user# hmmm... why are government vehicles outside? #url# </document>
<document> #user# he's grumpy, less like a White House resident than like a nursing home. </document>
<Document> .#user# introduces their traitor. #url# </document>
<Document> #User# Narrator: The big American middle has no minimum wage. #url# </document>
<document> #user# #user# #user# any dem-shame Whelan is now stuttering ineffectively is a massive one of his own. </document>
<document> #user# it's not a "parody", they *bend* to humiliate never-trumpers like you. </document>
<document> rt #user#: Middle Easterners start painting transgender flag colors on door jambs to avoid Biden drone strikes </document>
<document> #user# Isn't it kind of unexpected that the "far right" oath keepers have a transgender agent? #url# </document>
<document> #user# how does utah compare age >16 years and older per capita to the county of santa clara? #user# #url# </document>
<document> #user# if 9 people did the planning, then 5 were fbi and 4 barely working dupes. </document>
<document> #user# does samson see a vet for small or large animals? </document>
<document> #user# or wait, is that 'tusk' Samson's left front hoof? </document>
<document> #user# sees a tusk sticking out to Samson's right. Do his tusks need trimming? do you cut them yourself? need video proof! </document>
<document> rt #user#: happy to join the #hashtag# team. Child is innocent and everyone knows it. </document>
<document> #user# #user# Wyoming has 23 counties, does each have Republican parties? #url# </document>
<document> #user# speaks the *truth*. 🔥 </document>
<Document> #user# Farr's Law of Epidemics. #url# </document>
<document> #user# marco rubio's career was *funded* by an "oligarchy in legacy media, big business &amp; great government". </document>
<document> #user# Bookmark article for when China destroys a US military carrier group on the road to Taiwan reunification. #url# </document>
<document> #user# the Colorado group wants to join Wyoming when they join Greater Idaho. #url# </document>
<document> #user# #user# #user# #user# "you are all raycist". do you have anything else to say? </document>
<document> #user# .#user# also forces foreigners to #user#. #url# </document>
<document> rt #user#: #user# how do you manage to have such a poor understanding of Wall Street as to how our legal system really works? </document>
<document> #user# #user# #user# #user# #user# "our leaders..." You are one step away from "our dear leader" .🇰🇵 </document>
<document> To see how much of a pandemic hero #user# is, go to the Salesforce Tower in San Francisco and take a look around. ⛺️ 💩 💉 ⚰️ #url# </document>
<document> #user# #user# The regime's specialty will be destroying jobs in industries where the company owners and workers are white males. </document>
<document> #user# #user# takes orders from a three-letter organization. </document>
<document> #user# think conservatives are still allowed to speak of “limited government” in the abstract. anything else will have consequences. </document>
<document> #user# Casting couch not included. </document>
<document> #user# if i see these decorated tweets i should be here. gave warm waves. </document>
<document> #user# try posting identical posts to gab and see what gets more engagement. I found a lot more on Gab than Throtted Twittr. </document>
<Document> #User# Rand Paul is 👑. </document>
<document> #user# every step taken by the new administration can only be explained as a historic humiliation of the American nation. </document>
<document> #user# #user# is the targetto do to #user# what #user# did to #user#. </document>
<document> #user# it might be that the space mia opposes white males invading is not really the asian market. </document>
<document> #user# #user# ha ha! The small restaurant is permanently closed. </document>
<document> #user# is unfollowing because twittr is no longer following. helped, thanks for the tip. </document>
<document> rt #user#: Oregon gop condemns the treason of the ten House Republicans who voted to impeach President Trump #url# </document>
<Document> #user# #user# thanks #user# for Biden's war on women. </document>
<document> #user# instagram is not reassuring. #url# </document>
<document> #user# #user# what are you going to do about it, nevertrumper? </document>
<document> #user# california jumped from #hashtag# to #hashtag# in % of doses used. #user#: 🔥🐶 "that's fine". #url# </document>
<Document> Here's the deal: #user# treats #user# the same as #user#. #url# </document>
<document> #user# the fbi is either nkvd or stasi. hard to decide. #url# </document>
<document> #user# those who promote diversity are enemies. </document>
<document> #user# #user# Working-class people need to deal with the threat posed by their playing cards. #url# </document>
<document> #user# #user# #user# what was the 'shitload of documentation' that a page had when the Mueller probes came up empty? </document>
<document> rt #user#: The inequality of Davos Gigamillionaires want you to think differently about it is in your deck. </document>
<document> #user# what are you going to do about it, #user#? </document>
<document> #user# #user# a law aimed at a specific group is a declaration of intent. #url# </document>
<Document> Narrator: But Taiwan is nowhere near as capable of defending the United States. #url# </document>
<document> #user# oooh, there's an even better picture on #user# but I can't get the url. #url# #url# </document>
<document> #user# Get the look. ⌚️ #url# </document>
<document> #user# #user# #user# "equity" is the hidden card in the three-card monte. #url# </document>
<document> the inequality davos gigamillionaires want you to think differently about is in your deck of cards. #url# </document>
<document> #user# #user# #user# Let's listen to the 496 Follower Blue Check. </document>
<document> #user# what is fractal? ❄️ #url# </document>
<document> #user# *and* are paid in ₪. </document>
<document> #user# #user# hamlet: because it's the sport of letting the engineer pull up with his own petard. and it won't be difficult. </document>
<document> #user# #user# The best way to get a taste for disturbed SF denizens is to follow #user# and #user#. </document>
<document> #user# the anti- #user# san francisco accounts is where the uneasiness of white liberals is most clearly seen. </document>
<document> #user# #user# If you don't follow #user#, I could see how you might think so. #url# </document>
<document> #user# I'm *outraged*. 😤 </document>
<document> #user# you are too good for your arizona republicans because they don't pay you ₪. </document>
<document> #user# #user# #user# #user# does anyone have antifa platform? who pays for #user#? </document>
<Document> #User# #User# Soros Shock Troops: 2010: Occupation of Wall Street 2020: Antifa 2021: #User# </Document>
<Document> This account condemns the very existence of 👇🏻 poll. #url# </document>
<document> #user# the only reason there is 5k left is to keep pretending there's justification for 25k. </document>
<document> #user# #user# globalist elite says "Oh, well, now let's consolidate all power, crush the kulaks and get things done". </document>
<document> #user# simply state that your policies will be modeled on Israel's. </document>
<document> #user# my tl illustrates your tweet very nicely. 🐛 #url# </document>
<Document> #user# "What, you mean the Nazis? they let it come." </document>
<Document> #user# #user# maybe some people imported to Toronto, people who believe such things. #url# </doccontent>
<document> #user# I don't see a parking space. </document>
<document> #user# it's about time Republicans embraced gaslighting on “6. January” oppose. </document>
<document> #user# without finance minister with high iq, the u.s. would still be in the great depression. #url# </document>
<document> rt #user#: How to get an up-to-date [redacted</document>
<document> #user# don't miss robert conquest. #url# </document>
<document> #user# stop your biden-so-nasty whining, never suckers. </document>
<document> #user# Immigration will make America without #user#. </document>
<document> #user# There could be a delayed immune response, but an "allergic reaction" is by definition acute onset. </document>
<document> #user# what are you going to do about it? two seconds ago you were all gone partying together orange man. </document>
<document> #user# #user# Minyan-Geschwätz im Westflügel: „Oh *neeeeeeeeeeeeeeeeeeeeeeseeeeeeeeeeeeeeeeeeeeeeeeeeeeeeeeeeeeeeeeeeeeeeeeeeeeeeee Im Parkhaus Geparden Gespenst. 🤣” </document>
<document> #user# #user# for dems, #user# are props and livestock. Now that the abuse has exposed Dems, they are making empty gestures. </document>
<document> #user# #user# 1) lined with toasting ideas. 2) Trump from the escalator. 3) whoever draws media ire. </document>
<document> .#user# treated like crap and many are getting covid so they can be adl's prop for the uprising. #url# </document>
<document> #user# sorry, you hurt niskansen team morale. </document>
<document> #user# It was a *joke* that was funny to those funding the niskanen center. </document>
<document> #user# in relation to impeachment is the only acceptable gop response to Dem's "f*ck you". </document>
<document> #user# Turnabout isn't fair? </document>
<document> #user# 🇷🇺 💰🚨 "Russian-funded big tech" 🔵👋🏻 "early life" 😒 every time, not really "Russian". #url# </document>
<Document> Commander in Chief who botched Salute Marines has nuke codes. #Hashtag# #URL# </document>
<document> #user# welcome michael barr to the biden administration minyan! #url# </document>
<document> #user# thanks directly to chesa boudin, hanako abe and elizabeth platt have found common ground. </document>
<document> #user# no worries here about Karl Rove crying slander. </document>
<document> #user# Even with such material, the Left still can't meme. </document>
<document> #user# #user# history is checking out (and *i* already following). #url# #url# </document>
<Document> #user# #user# Libertarians: "Hey, we're on your team". </document>
<document> #user# .#user# has already cornered this particular trans mockery market. </document>
<document> #user# Slandering Southern whites makes David French throw more ₪. </document>
<document> #user# #user# #user# "we", you are a Democrat. Cheney has no Republican supporters. </document>
<document> #user# liz cheney is only there for the aipac, benjamin's, baby.🎶 #url# </document>
<document> rt #user#: Joe Biden: the illegitimate president* #url# </document>
<document> rt #user#: the view from Biden's motorcade on their way to the capital #url# </document>
<document> #user# you think tucker, hannity and ingraham are interchangeable? </document>
<document> #user# has a link to this chapter? </document>
<Document> Outraged Wyoming Republicans and 115 House Gop Demand Perfidious #User#'s Power Be Peacefully Transferred. #url# </document>
<document> #user# .#user# is such a disappointment. in the end he is no different from any other journalist. </document>
<document> #user# #user# Covid is regional and seasonal and Australia 🇦🇺 is enjoying the summer. </document>
<document> #user# #user# how it started. How's it going. #url# </document>
<document> .#user# worth more than #user#. #url# </document>
<document> rt #user#: They had no problem sending them to the sandbox, but at home they are a threat. </document>
<Document> rt #user#: So there is no due process for those accused of “extremism”. have it. </document>
< Document> #user# .#user#, #user#, *is* McConnell trying to destroy the gop? </document>
<document> #user# Not that I believe media fact-checkers, but they claim the quote is fake. #url# </document>
<document> #user# #user# if gab was working normally and had an app it would take over completely. </document>
<document> #user# #user# No way to see today's show? </document>
<document> #user# 3-1/2 years too late to shorten smalt. #url# </document>
<document> #user# Feel free to tag the @jewishvlibrary on your own and let me know about this issue! #url# </document>
<document> another white man in the Biden administration. #url# #url# </document>
<document> #user# to the liberals, posse comitatus only exists to keep america from defending its borders. #url# </document>
<document> #user# that's not a word, it's a statement. </document>
<document> #user# #user# #user# an honest FBI special agent? joseph pientka 2024. </document>
<document> #user# Whoa, a blue tick who figured out to the detriment of a dem *per capita*. #user# has never seen that before. </document>
<document> #user# #user# did #user# authorize #user#'s mild criticism of Joe Biden? </document>
<document> #user# with "insanity in the gop" are you referring to liz "jennifer rubin" cheney? #url# </document>
<document> #user# in the certificate of honor before the legal experts. #url# </document>
<document> #user# #user# the q rabbit hole was fine until it connected to the child's pedo shaft. </document>
<document> #user# Thank god the orange man is gone. now everything will be better! </document>
<document> #user# loeffler and perdue came down to defeating “socialism”, not amnesty. #url# </document>
<document> #user# just walk away. #url# </document>
<Document> #user# #user# Biden's first president to call for 30,000 National Guard deployment. Why is Biden so scared? </document>
<document> #user# the historically insane overpower is Trump's. #url# </document>
<document> #user# #user# tell us about it, Tom Nichols. #url# </document>
<Document> biden ozymandias: "Behold my National Guard troops, ye mighty ones, and *i* despair." #url# </dokument>
<document> #user# pretend you're the Fed that invented boogaloo and congratulate yourself on being so sneaky and brilliant. </document>
<document> #user# #user# #user# tagging is also a way to get reported for "harassment" and have the account suspended. </document>
<document> #user# Lesbianism is the solution to hypergamy beyond nubileness. </document>
<document> #user# Your use is effect as a verb! #url# #url# </document>
<document> #user# #user# the #user# is now #user#. no difference in the value of a cent. </document>
<document> rt #user#: pro patria vigilans - vigilant for the country </document>
<document> #user# that would be like slander. </document>
<document> #user# since when is 5'7" a bit too short? #url# </document>
<Document> #user# 7/11 nationalism, 2021 style. #url# </document>
<document> #user# #user# which a closer look at the completion and destruction of the Empire reveals. #url# </document>
<document> #user# #user# what happened to our cute little feeder? </document>
<document> glowing grows. #url# </document>
<document> #user# When the print of a specific three-letter organization doesn't come to the fore, the story is 💩. </document>
<document> #user# #user# when dealing specifically with the delivery of swastikas. </document>
<document> #user# #user# Sticking to a consistent story about who you are and who you are not, and not accepting media labels, is not appeasement. </document>
<document> #user# can only shake his head ruefully. </document>
<document> #user#, so you're another truer, aren't you? #url# </document>
<document> #user# #user# that would be a "no". #url# </document>
<document> 🎉 muh science 🔵👋🏻 'early life' 😒 all. singles. Time. #url# #url# </document>
<document> US attorney sandbags so antifa/blm/fed john sullivan released without bail. #url# </document>
<document> #user# article does not mention any laws that are violated. why is this new </document>
<document> #user# oh, Biden was just a prince. </document>
<document> #user# it's okay, beags. Maryland Governor Larry Hogan is a *Republican*. #url# </document>
<document> #user# #user# how *nice* you protect poor, misunderstood #user#. #url# </document>
<Document> #user# #user# Leak conditions may apply. #url# </document>
<document> #user# goes further back. look at my more than 20,000 troops, you mighty one, and despair. </document>
<document> #user# universal response: to stigmatize the opposition. </document>
<document> rt #user#: alex #user# has it exactly. an excellent example of the #user# maxim. #url# </document>
<Document> #user# Twitter is being monitored on Malarkey? </document>
<document> #user# #user# #user# only the former benefit from this. </document>
<document> #user# #user# why was #user# so sure so quickly? </document>
<document> #user# Best screenshots I could find. #url# </document>
<document> #user# upper ok? ◻️ 🙆🏻‍♀️ 🏢 🥚 🥚 🥚 🚗 💨 </document>
<document> #user# doesn't need #user# for the same 💩 as any other medium. #Hashtag# </Document>
<document> rt #user#: As an overview, the USA invaded the entire country of Panama in 1989 with 27,684 soldiers </document>
<document> #user# ok, then you too, mccarthy. *git* </document>
<document> #user# just tried to login and got an internal error. Our first modification rights are stuck on an overloaded Gab server thread. </document>
<document> #user# #user# #user# too many new millions is the answer. Trust the server upgrade plan! </document>
<document> #user# needs to be adjusted to per capita, although the story wouldn't change much. </document>
<document> #user# Props for Soyjak holding his phone don't need cribs. #url# </document>
<document> #user# needs a more subtle descriptor than "garbage" to preserve account health. </document>
<document> #user# #user# hey, cool it down with the obnoxious waste of teeming shoreism. </document>
<document> #user# #user# #user# #user# bring back dire wolf 🐺 through 🧬 and then domesticate it for dire dogs 🐶. </document>
<document> #user# #user# er, right. Since Trump has committed no actual crimes, convicting him of an individual crime is full power. </document>
<document> #user# the charge of political speech for high crime is a power of attorney. it violates the strictest rule of the Constitution. </document>
<document> #user#, which reads like the copy that would be included in such a memorandum. </document>
<document> #user# #user# If you have any doubts about government provocateurs, prepare to get rid of them now. #url# </document>
<document> #user# #user# Ron Coleman does not make light-hearted remarks. #url# </document>
<document> #user# #user# the initiation of Ozymandias. </document>
<Document> #user# Nikki Haley's perfidy knows no bounds. </document>
<document> #user# Damn, really miss the GN illustrations. </document>
<document> #user# this socket? 👇 Bragging about Parler's app store ban? #url# </document>
<document> rt #user#: The false flag aspect of the Capitol incident is getting less and less crazy and ringing less and less #url# </document>
<document> #user# 🗣"We have an open decentralized standard". 🤣 ha ha. ad|_ and judiciary go *brrrrrr*. #url# </document>
<document> #user# directly on the keyword. #url# </document>
<document> #user# #user# #user# fb organize is lined playground. </document>
<document> #user# #user# *actually* the answer to every California question that involves metrics is demographics. </document>
<document> #user# oh great. My thinking about what movement to Gab means is exactly like that of the three letter org. #url# </document>
<document> #user# #user# Parler is afraid to take on the three letter organization that rules over us. #url# </document>
<document> #user# #user# if there is no conviction, it would be moot, which is why I stated "is condemned". </document>
<document> #user# is the "incitement to riot" impeachment article an assassination? </document>
<document> #user# #user# China's propaganda problems will be solved by hiring Weihan. 🎓 </document>