<author lang="en"  
	<document> #user# i’m telling you girl mfs don’t make no sense!! just will say anything!! 😂 </document>
		<document> just running their pussy kissers!! </document>
		<document> men really be talking 🥴 </document>
		<document> rt #user#: i never faked my care to someone..always stayed genuine. </document>
		<document> rt #user#: humans really had the creative freedom to make any reality they wanted and we chose racism and credit scores </document>
		<document> rt #user#: givēon and brent dropping tonight. talk to us nice </document>
		<document> rt #user#: man... just bring it back for one week... all i need is one week 😭😭😭 #url# </document>
		<document> when i come home next weekend ion wanna talk if you ain’t buying me crawfish 😂and i’m leaving on sunday </document>
		<document> i think we need to have a serious discussion about herd immunity 😊 </document>
		<document> rt #user#: so this dude can just do any accent... #url# </document>
		<document> i really need to get me some food 😩 </document>
		<document> girl you sound like my grandma 😂😂 #url# </document>
		<document> rt #user#: trying to build a life with him. brick by brick. </document>
		<document> rt #user#: if we texting past 12 am ur replies gotta be within seconds </document>
		<document> boy, i was knocked 😩 </document>
		<document> my mf stomach hurt 🥴it’s that time. let me go nap </document>
		<document> 😂😂man please don’t listen to everything on the internet. #url# </document>
		<document> rt #user#: new orleans leading the country in covid-19 vaccinations #url# </document>
		<document> rt #user#: father shaved for the very first time,watch his twin kids reaction reaction 😂😭😍 #url# </document>
		<document> it’s really corona’s anniversary </document>
		<document> rt #user#: i love when the host ends the meeting before i can click leave. yes! lead by example! </document>
		<document> rt #user#: netflix subtitles be like [speaking spanish] bro😭 translate it thennn </document>
		<document> rt #user#: i ain’t even complaining about gas nomo.. this $20 going ina tank whether it’s 1.99 or 2.50...😂😂 </document>
		<document> rt #user#: these the type men you gotta save the big piece of chicken for. </document>
		<document> rt #user#: “you can’t drown no alligator. they live in water. that’s their habitat” 😭😂😂 a bow wow classic scene #url# </document>
		<document> my grandma have dinner done before 3pm she cooking in the morning she gone enjoy her day #url# </document>
		<document> rt #user#: if i share my location with you, you are now responsible for my life if i go missing </document>
		<document> my mf stomach hurt 😩😩 </document>
		<document> rt #user#: we run it up for everything else. this baby is going to need some therapy too. #url# </document>
		<document> i’m hungry asf. it’s peanut butter jelly timeeeee </document>
		<document> rt #user#: all-time classic movie scene #url# </document>
		<document> rt #user#: parents when you mention your mental illness might have something to do with how you were raised #url# </document>
		<document> this weather getting me sick 😩 </document>
		<document> a few more hours </document>
		<document> i need some tea this morning </document>
		<document> rt #user#: fam i’ve been dying for hours 😂😂😂😂 #url# </document>
		<document> today seem so weird and long 😂like wtf </document>
		<document> my nose never burned in my sleep before 😩 </document>
		<document> i’ve woken up like 3 three times, my nose been burning like a mfer, and i been hot asf 😩🥴 </document>
		<document> rt #user#: being asked to enter my work history after already uploading my resume #url# </document>
		<document> bruh this is what i deal with everyday! #url# </document>
		<document> rt #user#: i got 37 tabs open in my head rn </document>
		<document> ready to go 5:10 me please </document>
		<document> rt #user#: dis combination don’t get enough credit. #url# </document>
		<document> #user# lmao what’s the insta. i need to see this </document>
		<document> rt #user#: i feel you watching over me grandpa.🥺❤️ </document>
		<document> tried to do work today and it was still unproductive 😩 </document>
		<document> rt #user#: “is everything a joke to you?” me: #url# </document>
		<document> okay now i need my hair done 😩 </document>
		<document> rt #user#: a lot of shit broke me but i didn’t fold </document>
		<document> when i first started driving i use to switch lanes like i was a mf nascsr driving 😂my daddy said damn you gone turn us over </document>
		<document> rt #user#: ⚠️ missing - marquise jones - 21 years old - last seen feb. 25 in the 7th ward - foul play possible more: </document>
		<document> rt #user#: if u got me... i got u. </document>
		<document> rt #user#: gotta remove some ppl to receive all your blessing </document>
		<document> 😂😂😂😂me with my grandma #url# </document>
		<document> rt #user#: yawl way too comfortable hitting men and ion like det.... </document>
		<document> rt #user#: black people in mississippi still don’t have running water. it’s been three weeks. </document>
		<document> rt #user#: where is may 2022!?☹️ </document>
		<document> rt #user#: me trying to calm down after a mf done pushed all my buttons: #url# </document>
		<document> rt #user#: i listen to the same music everyday just in a different order 😭 </document>
		<document> rt #user#: every stem girl i know from college would’ve distributed these vaccines faster using a doodle poll and a facebook event </document>
		<document> rt #user#: bro hit the wall and turned back into a dog </document>
		<document> rt #user#: me clicking “leave meeting” while everybody saying bye #url# </document>
		<document> i just want to pack my mfing car and go home!! </document>
		<document> #user# asf i liked it tho </document>
		<document> rt #user#: every day i wake up and say “i’m tired of this grandpa” and every day the universe says “that’s too damn bad” </document>
		<document> im hungry 😩wtf i’m about to eat </document>
		<document> y’all send me some low calorie meals </document>
		<document> rt #user#: y’all sleep already? let’s not forget #url# </document>
		<document> rt #user#: life’s better when you’re laughing more </document>
		<document> rt #user#: happy women’s history month. #url# </document>
		<document> rt #user#: when someone in the backseat tries to give driving advice #url# </document>
		<document> i need to do my hair 😩 </document>
		<document> rt #user#: breaking: reports confirm that black history can still be acknowledged outside of february. </document>
		<document> rt #user#: have you thanked yourself for carrying you this far in life yet? </document>
		<document> i hate it here </document>
		<document> we are already in the third month of 2021 </document>
		<document> i’m so over it 😢 </document>
		<document> i love to think of change as easy. </document>
		<document> if you don’t like the game, then change the rules </document>
		<document> rt #user#: do not beg anyone to love you or see your light </document>
		<document> niggas really be pressed about the truth!! </document>
		<document> taking myself out tuesday 😊 </document>
		<document> i dont like to repeat myself </document>
		<document> i really love being in my apartment and i’ve found so much solace being here 😩 </document>
		<document> this me when i’m forced to go somewhere 😂😂i will not give energy straight up #url# </document>
		<document> rt #user#: love yourself more. </document>
		<document> i watch the videos of my nephew all day </document>
		<document> puka was so happy to see me and it was vice versa 😢brought my sis some treats and all. it’s a shame her daddy acting like a hoe. </document>
		<document> blake really ruined a whole night!😒 for no reason. </document>
		<document> i want the same energy i give like wtf! </document>
		<document> like wow i really jumped the fence cause i was mad afff </document>
		<document> i just wanna go home and hold my nephew that’s it 😒😢 </document>
		<document> 😊😊😊almost 2 hours... let’s goo </document>
		<document> i just want crawfish 😩 </document>
		<document> rt #user#: being unappreciated is the worst feeling </document>
		<document> they really tried to come from me </document>
		<document> rt #user#: everybody shiesty now huh? i tell you what.... stay away from me😂 </document>
		<document> rt #user#: me asking my dad why my cars making a weird noise #url# </document>
		<document> rt #user#: 26 inches. middle part. bone straight. jet black. yea, i need that. </document>
		<document> rt #user#: paying 30 days of rent in a month without 30 days doesn’t sit right with me #url# </document>
		<document> rt #user#: one thing about florida folks they gon dance lol #url# </document>
		<document> rt #user#: making the best outta every situation </document>
		<document> idk what i want to eat. pasta or mac n cheese </document>
		<document> i want some crawfish like now </document>
		<document> airfyering some chicken tonight 😂boy me and this lil thing been on the roll!! </document>
		<document> rt #user#: i surely can attest that none of you niggas was there #url# </document>
		<document> on some fuck everyone type shit today. i’m taking care of me!! </document>
		<document> i woke up so late 😩🥴 </document>
		<document> the sofa looking real good </document>
		<document> i’m so sleepy i dont want to fix my bed 😩😩 </document>
		<document> rt #user#: you had to be there....honestly. #url# </document>
		<document> okay, i submitted an assignment today. </document>
		<document> rt #user#: u can talk all that shit but i know ima vibe u miss 😁 </document>
		<document> then this migraine will make me beat anybody ass 😊 </document>
		<document> like idk why i’m so tired? i went to bed early and all! </document>
		<document> i have been fighting with my whole life to keep my eyes opened today. it’s been hard 😩😒 </document>
		<document> i’m really thinking about not going to this class 😩 </document>
		<document> dr. nusseibeh is the funniest man i ever met 😂😂and don’t get me started when he pull out his cigarette to smoke during a discussion </document>
		<document> they’ve been trying to push this j&amp;j vaccine hard 🥴johnson &amp; johnson been having me skeptical since they cancer scandal </document>
		<document> i got a few coins in the bank let me go put some gas in my car 😂fill my baby up. iykyk! i will put 15-20 dollars and keep it pushing </document>
		<document> so, the truth is i haven't learned my lesson! </document>
		<document> it's gonna take a while </document>
		<document> i wasn't on twitter but i had to come back to express myself. </document>
		<document> be kind to yourselves - dr. maria mckenna </document>
		<document> damnnn, this bitch badder than me 😂😂 #url# </document>
		<document> rt #user#: what luther vandross did on “never too much” was historic. </document>
		<document> rt #user#: seen u fall in love with goofies i was never ur type </document>
		<document> #user# you lmk.... please i just eat granola bars and fruits ... please help. </document>
		<document> rt #user#: that man threw his hands up like “wait we all ain’t racist in this bitch?” </document>
		<document> my body really a mfing hater! </document>
		<document> i just wanna get some jerk from chicago 😩😩 </document>
		<document> rt #user#: shopping at dollar tree is like “i might as well, it’s only a dollar bitch” </document>
		<document> rt #user#: when everything going good in your life yo car: #url# </document>
		<document> rt #user#: it's the way her dress did not betray her. it didn't even budge. not a nip slip or coochie lip in sight. queen. </document>
		<document> rt #user#: y'all literally were not there, baby. #url# </document>
		<document> rt #user#: my father dont ever think like let me send my daughter $500 today </document>
		<document> everyone is chasing a lifestyle you just need to figure out which one you are chasing. </document>
		<document> my body a whole hater!! </document>
		<document> notre dame really sent me a punk ass email from community standards!! fuck y’all! </document>
		<document> rt #user#: some things i’ve made recently #url# </document>
		<document> #user# it’s me, i am my love language ❤️ </document>
		<document> rt #user#: ion think i have a love language jus leave me alone lmao </document>
		<document> #user# i miss you too </document>
		<document> the state of indiana been ripping me off since i got here 😩 </document>
		<document> rt #user#: how it started: how it’s going: #url# </document>
		<document> i think ima make a shrimp wrap 😩😩 </document>
		<document> what am i eating for dinner 😩😩 </document>
		<document> i havent met a real one yet! </document>
		<document> rt #user#: i’m a voice actor and i’m always open for work so someone hire me (pls) 😂 #url# </document>
		<document> big flexxxxx 🥰and my insurance 130 talk to me nice!! #url# </document>
		<document> rt #user#: searching for the zoom link 5 seconds before the meeting starts: </document>
		<document> who sell pretty nose rings? i like bug studs </document>
		<document> if he ain’t paying for the toes he can’t pick the color </document>
		<document> for the past week, i’ve been riding in the car without my license 🥴 </document>
		<document> rt #user#: its always “ i wanna see black women win” until a black woman raises 11k for hospital bills... now its for clout🧍🏾‍♀️ </document>
		<document> this whole story crazy and it’s unfortunate that a little baby had to die! #url# </document>
		<document> rt #user#: i want whatever the people who run at 6am have </document>
		<document> the money make the girls grin </document>
		<document> i am unavailable </document>
		<document> self care type of day 🥰 </document>
		<document> i want a bob 😩😩 </document>
		<document> lmao no cap i wake up annoyed </document>
		<document> rt #user#: the owners of blk mkt vintage are engaged! we love to see black queer love! congrats to kiyanna and jannah 🖤 </document>
		<document> rt #user#: hey twitter, i just wanted to let y’all know that i got accepted into 50 schools🥰 #url# </document>
		<document> i take drugs when i feel lonely </document>
		<document> so glad i’m off tomorrow 😩😩lawd i’m just ready to go home </document>
		<document> rt #user#: have you noticed how your phone is never in any of your dreams? </document>
		<document> rt #user#: ever feel like nobody understands you? </document>
		<document> rt #user#: stay low key, then pop out </document>
		<document> #user# only when it was necessary i cared about your development ❤️ </document>
		<document> #user# #user# now you a got damn lie!!😂😂 </document>
		<document> i’m convinced this weather is fucking up my car!!! </document>
		<document> out of class now to work </document>
		<document> idk who tf needs to hear this but put yo mf mask above your mouth and nose! </document>
		<document> folks at notre dame mad weird! </document>
		<document> everyone who knows me know i’m 10000% behind my grandma!! lady really my whole heart ❤️no matter how many times we bump heads </document>
		<document> rt #user#: update: a missing 10-year-old girl has been found safe. #url# </document>
		<document> rt #user#: i’m so fucking tired of working #url# </document>
		<document> definitely going get me a smoothie when i get out of class </document>
		<document> ain’t no wayyy.. my acid reflux been on 10. i cant sleep. </document>
		<document> rt #user#: help bring her home !!! missing from new iberia, la 🥺 #url# </document>
		<document> i want crawfish 😩😩 </document>
		<document> rt #user#: abolish job applications that want you to upload a resume and fill out the work history section! </document>
		<document> i will violate you so i really try to be nice!! </document>
		<document> i won thank you!!!! </document>
		<document> #user# sir, please! just relax! </document>
		<document> brady just get a 3 pt and end the qtr thanks </document>
		<document> umm so can my pools number at least come out before brady wins 😂😂 </document>
		<document> man it’s brick dick outside 😩😩 </document>
		<document> rt #user#: this is exactly how i feel in conversations about covid #url# </document>
		<document> rt #user#: i love new orleans. 😂 #url# </document>
		<document> i’m ready to go home. idk how many times i can wipe this counter 😂😩 </document>
		<document> rt #user#: i’ve wore a mask more than a bra this year mad 😭😭😭 </document>
		<document> rt #user#: bro spending money on nasty food will have you in tears 😂😂😂 like wtf </document>
		<document> rt #user#: lord... ur children down here got me paying bills when you already paid the ultimate price😩 </document>
		<document> rt #user#: teyonah parris is so pretty #url# </document>
		<document> i just want my bed 😩 </document>
		<document> #user# no fr son. its been a struggle getting out of bed </document>
		<document> i really gotta do better </document>
	  <author lang="en"
<document> #user# I'm telling you mfs don't make sense!! he will say anything!! 😂 </document>
<document> they just kiss their pussies!! </document>
<document> men really talk 🥴 </document>
<document> rt #user#: I've never pretended to care about someone.. I've always remained genuine. </document>
<document> rt #user#: humans really did have the creative freedom to make whatever reality they wanted, and we chose racism and credit scores </document>
<document> rt #user#: givēon and brent arriving tonight. talk to us </document>
<document> rt #user#: man... bring it back for a week... all i need is a week 😭😭😭 #url# </document>
<document> when I get home next weekend, I want to talk if you don't buy me shrimp 😂 and I'm leaving on Sunday </document>
<document> I think we need to have a serious discussion about herd immunity 😊 </document>
<document> rt #user#: so this guy can do any accent... #url# </document>
<document> I really need to get some food 😩 </document>
<document> girl you look like my grandma 😂😂 #url# </document>
<document> rt #user#: Trying to build a life with him. brick by brick. </document>
<document> rt #user#: If we send messages after 12:00, your replies must be within seconds </document>
<document> boy, I got knocked 😩 </document>
<document> my stomach hurts 🥴 it's that moment. let me take a nap </document>
<document> 😂😂man please don't listen to everything on the internet. #url# </document>
<document> rt #user#: new orleans leads the country in vaccinations against covid-19 #url# </document>
<document> rt #user#: father shaved for the first time, see his twin sons reaction 😂😭😍 #url# </document>
<document> is indeed the anniversary of the crown </document>
<document> rt #user#: I like it when the host ends the meeting before I can click Exit. YES! lead by example! </document>
<document> rt #user#: netflix subtitles be like [speak spanish] bro😭 translate it thennn </document>
<document> rt #user#: I'm not even complaining about nomo gas.. this $20 goes into a tank whether it's 1.99 or 2.50...😂😂 </document>
<document> rt #user#: These are the men you need to save the big piece of chicken for. </document>
<document> rt #user#: “You can't drown any alligators. they live in the water. that is their habitat" 😭😂😂 a classic bow wow scene #url# </document>
<document> my grandmother finished dinner before 3:00 pm she cooked in the morning she left to enjoy the day #url# </document>
<document> rt #user#: If I share my location with you, you are now responsible for my life if I disappear </document>
<document> my stomach hurts 😩😩 </document>
<document> rt #user#: let's run it for everything else. this child will also need therapy. #url# </document>
<document> I'm starving to death. it's time for peanut butter jelly </document>
<document> rt #user#: Scene from an all time classic movie #url# </document>
<document> rt #user#: parents when mentioning your mental illness might have something to do with the way you were raised #url# </document>
<document> this weather makes me sick 😩 </document>
<document> a few more hours </document>
<document>I need some tea this morning</document>
<document> rt #user#: fam I've been dying for hours 😂😂😂😂 #url# </document>
<document> today looks so weird and long 😂like wtf </document>
<document> my nose has never burned in my sleep before 😩 </document>
<document> I woke up like 3 three times, my nose was burning like crazy and I was hot as hell 😩🥴 </document>
<document> rt #user#: I am asked to enter my work history after already uploading my resume #url# </document>
<document> bruh this is what I deal with every day! #url# </document>
<document> rt #user#: I have 37 tabs open in my head rn </document>
<document> ready to go 5:10, please </document>
<document> rt #user#: Uncombining does not get enough credit. #url# </document>
<document> #user# lmao what is the insta. i need to see this </document>
<document> rt #user#: I feel you watching over me grandpa.🥺❤️ </document>
<document> tried to work today and it was still unproductive 😩 </document>
<document> rt #user#: "is this all a joke to you?" me: #url# </document>
<document> ok now I need my hair done 😩 </document>
<document> rt #user#: A lot of shit broke me but I didn't bend </document>
<document> when i started driving i would switch lanes like i was a mf nascsr driving 😂 my dad said damn you handed us </document>
<document> rt #user#: ⚠️ disappeared - marquise jones - age 21 - last accessed feb. 25 in the 7th district - more possible foul play: </document>
<document> rt #user#: if you have me... I have you. </document>
<document> rt #user#: I need to remove some people to get your full blessing </document>
<document> 😂😂😂😂me with my grandmother #url# </document>
<document> rt #user#: yawl too comfortable hitting men and ions as det.... </document>
<document> rt #user#: black people in mississippi still don't have running water. it's been three weeks. </document>
<document> rt #user#: where is May 2022!?☹️ </document>
<document> rt #user#: I'm trying to calm down after an mf made all my buttons press: #url# </document>
<document> rt #user#: I listen to the same music everyday just in a different order 😭 </document>
<document>rt #user#: Every stem cell girl I know in college would have distributed these vaccines faster using a doodle survey and Facebook event </document>
<document> rt #user#: brother hit the wall and turned into a dog again </document>
<document> rt #user#: I click "leave the meeting" while everyone says hello #url# </document>
<document> I just want to pack my bags and go home!! </document>
I still liked <document> #user# asf </document>
<document> rt #user#: every day I wake up and say "I'm tired of this grandfather" and every day the universe says "it's a shame" </document>
<document> I'm hungry 😩wtf I'm about to eat </document>
<document> you send me low calorie meals </document>
<document> rt #user#: are you sleeping yet? let's not forget about #url# </document>
<document> rt #user#: Life is better when you laugh more </document>
<document> rt #user#: Happy Women's History Month. #url# </document>
<document> rt #user#: when someone in the back seat tries to give driving advice #url# </document>
<document> I have to do my hair 😩 </document>
<document> rt #user#: breaking: Reports confirm black history can still be recognized outside February. </document>
<document> rt #user#: Have you already thanked yourself for taking you this far in life? </document>
<document> I hate it here </document>
<document> we are already in the third month of 2021 </document>
<document> I'm so over it 😢 </document>
<document> I like to think change is easy. </document>
<document> if you don't like the game, change the rules </document>
<document> rt #user#: Don't beg anyone to love you or see your light </document>
<document> niggers are really pressed for the truth!! </document>
<document> I will be out on Tuesday 😊 </document>
<document> I don't like repeating myself </document>
<document> I really love staying in my apartment and found so much comfort to be here 😩 </document>
<document> this is me when i have to go somewhere 😂😂 i won't give energy directly #url# </document>
<document> rt #user#: love yourself more. </document>
<document> I watch my nephew's videos all day long </document>
<document> puka was so happy to see me and it was the other way around 😢he brought my sister treats and all. it's a shame his father acts like a hoe. </document>
<document> blake really ruined a whole night!😒 for no reason. </document>
<document> i want the same energy i give like wtf! </document>
<document>like wow i really jumped the fence because i was mad affff</document>
<document> I just want to go home and hug my nephew, that's all 😒😢 </document>
<documentt> 😊😊😊 almost 2 hours... let's go </document>
<document> I just want prawns 😩 </document>
<document> rt #user#: Being disliked is the worst feeling </document>
<document> they really tried to come to me </document>
<document> rt #user#: all shy now huh? I'll tell you what... stay away from me😂 </document>
<document> rt #user#: I ask my father why my cars make a strange noise #url# </document>
<document> rt #user#: 26 inches. Middle part. straight bone. jet black. yes, i need it. </document>
<document> rt #user#: Paying 30 days rent in a month without 30 days doesn't suit me #url# </document>
<document> rt #user#: one thing Florida folks will dance lol #url# </document>
<document> rt #user#: making the most of every situation </document>
<document> I don't know what I want to eat. pasta or macaroni and cheese </document>
<document> I want shrimp like now </document>
<document> let's blow up some chicken tonight 😂 boy, me and this little thing had a good time!! </document>
<document> rt #user#: I can surely attest none of you niggas were there #url# </document>
<document> on some shit, everybody writes shit today. I'm taking care of myself!! </document>
<document> I woke up so late 😩🥴 </document>
<document> the sofa looks good </document>
<document> I'm so sleepy I don't want to fix the bed 😩😩 </document>
<document> rt #user#: You had to be there....honestly. #url# </document>
<document> ok, I turned in an assignment today. </document>
<document> rt #user#: You can talk all that bullshit but I know you'll miss it 😁 </document>
<document> then this migraine will make anyone's ass beat me 😊 </document>
<document> how i don't know why i'm so tired? I went to bed early and everything! </document>
<document> I've struggled my whole life to keep my eyes open today. it was hard 😩😒 </document>
<document> I'm really thinking about not going to this class 😩 </document>
<document> dr. nusseibeh is the funniest man i have ever met 😂😂 and don't get me started when he takes out his cigarette to smoke during an argument </document>
<document> they tried to forcefully push this vaccine j&amp;j 🥴johnson &amp; johnson has made me a skeptic since they have cancer scandal</document>
<document> I have some coins in the bank, let me go, put some gas in my car 😂 fill up my baby. iykyk! i will put in 15-20 bucks and keep pushing </document>
<document> so, the truth is, I haven't learned my lesson! </document>
<document> will take a while </document>
<document> I wasn't on twitter but I had to come back to express myself. </document>
<document> be kind to yourself - dr. maria mckenna </document>
<document> damn this bitch is meaner than me 😂😂 #url# </document>
<document> rt #user#: what Luther Vandross did on "Never too much" is historic. </document>
<document> rt #user#: since you've fallen for goofies I've never been your type </document>
<document> #user# you like it....please i only eat granola bars and fruits...please help me. </document>
<document> rt #user#: that man threw his hands up saying "wait, aren't we all racists in this bitch?" </document>
<document> my body is really a hater! </document>
<document> I just want to get some assholes from chicago 😩😩 </document>
<document> rt #user#: shopping at dollar tree is like "might as well, it's just a dollar bitch" </document>
<document> rt #user#: when all is well in your life yo car: #url# </document>
<document> rt #user#: It's how her dress didn't let her down. it didn't even move. not a nip slip or coochie lip in sight. Queen. </document>
<document> rt #user#: You literally weren't there, baby. #url# </document>
<document> rt #user#: My father never thought of making me send $500 to my daughter today </document>
<document> everyone is chasing a lifestyle, you just have to figure out which one you are chasing. </document>
<document> my body is a total hater!! </document>
<documentt>notre dame really emailed me punk from community standards!! fuck you! </document>
<document> rt #user#: some stuff I've done recently #url# </document>
<document> #user# it's me, it's my love language ❤️ </document>
<document> rt #user#: ion i think i have love language leave me alone lmao </document>
<document> #user# I miss you too </document>
<document> the state of indiana has been screwing me since i got here 😩 </document>
<document> rt #user#: how it started: how it's going: #url# </document>
<document> I think I will make a shrimp wrap 😩😩 </document>
<document> what I eat for dinner 😩😩 </document>
<document> I haven't met a real one yet! </document>
<document> rt #user#: I'm a voice actor and I'm always open to work, so someone hire me (pls) 😂 #url# </document>
<document> big flexxxxx 🥰and my insurance 130 tell me well!! #url# </document>
<document> rt #user#: Search for zoom link 5 seconds before meeting starts: </document>
<document> Who sells cute nose rings? I like bug studs </document>
<document> if he doesn't pay his toes he can't choose the color </document>
<document> for the last week I've been driving without a license 🥴 </document>
<document> rt #user#: It's always "I want to see black women win" until a black woman raises 11k for hospital bills...now it's for power🧍🏾‍♀️ </document >
<document> this whole story is crazy and it's a pity that a child had to die! #url# </document>
<document> rt #user#: I want what people who run at 6 am have </document>
<document>money makes girls smile</document>
<document> are not available </document>
<document> kind of self care day 🥰 </document>
<document> I want a bob 😩😩 </document>
<document> lmao no cap i wake up annoyed </document>
<document> rt #user#: Vintage blk mkt owners are engaged! we love to see black queer love! congratulations to kiyanna and jannah 🖤 </document>
<document> rt #user#: hey twitter, just wanted to let you know that I've been accepted into 50 schools🥰 #url# </document>
<document> I take drugs when I'm lonely </document>
<document> I'm so happy to leave tomorrow 😩😩lawd I'm just ready to go home </document>
<document> rt #user#: Have you noticed how your phone is never in your dreams? </document>
<document> rt #user#: Have you ever felt like nobody understood you? </document>
<document> rt #user#: stay low, then pop out </document>
<document> #user# only when it was necessary I cared about your development ❤️ </document>
<document> #user# #user# now you have a damn lie!!😂😂 </document>
<document> I am convinced that this weather is ruining my car!!! </document>
<document> out of class now to work </document>
<document> I don't know who needs to hear this, but put the mask over your mouth and nose! </document>
<document> the people of Notre Dame are crazy for crazy! </document>
<document> everyone who knows me knows that I am 10000% behind my grandmother!! lady really all my heart ❤️no matter how many times we bump heads</document>
<document> rt #user#: Update: A missing 10-year-old girl has been found safe. #url# </document>
<document> rt #user#: I'm so fucking tired of working #url# </document>
<document> I will definitely have a smoothie when I leave class </document>
<document> that's not really...my acid reflux was on 10. i can't sleep. </document>
<document> rt #user#: help her bring her home!!! missing from new iberia, the 🥺 #url# </document>
<document> I want prawns 😩😩 </document>
<document> rt #user#: Abolish job applications that require you to upload your resume and fill out the work history section! </document>
<document> I'm going to violate you so I'm really trying to be nice!! </document>
<document> I won thanks!!!! </document>
<document> #user# sir, please! just relax! </document>
<document> Brady just take 3 pt and finish the qtr thanks </document>
<document> umm so my pool number at least can come out before brady wins 😂😂 </document>
<document> dude, there's a brick jerk outside 😩😩 </document>
<document> rt #user#: This is exactly how I feel about covid conversations #url# </document>
<document> rt #user#: I love New Orleans. 😂 #url# </document>
<document> I'm ready to go home. i don't know how many times i can clear this counter 😂😩 </document>
<document> rt #user#: this year I wore more a mask than a bra 😭😭😭 </document>
<document> rt #user#: bro, spending money on nasty food will make you cry 😂😂😂 like wtf </document>
<document> rt #user#: sir... your kids down here made me pay the bills when you already paid the highest price😩 </document>
<document> rt #user#: teyonah parris is so cute #url# </document>
<document> I just want my bed 😩 </document>
<document> #user# no fr son. it was hard to get out of bed </document>
<document> I really need to do better </document><Author lang="en"
<document> #user# I'm telling you, MMFs don't make sense!! will say everything!! 😂 </document>
<document> their pussy kissers are running!! </document>
<document>Men really talk 🥴 </document>
<document> rt #user#: I have never feigned caring for anyone...I have always remained sincere. </document>
<document> rt #user#: People really had the creative freedom to do anything they wanted, and we chose racism and credit scores </document>
<document> rt #user#: givēon and brent fall tonight. talk nice to us </document>
<document> rt #user#: Man... just bring it back for a week... all I need is a week 😭😭😭 #url# </document>
<document> When I come home next weekend I want to talk if you don't buy me crawfish 😂 and I leave on Sunday </document>
<document> I think we need to have a serious discussion about herd immunity 😊 </document>
<document> rt #user#: So this guy can just put any accent... #url# </document>
<document> I urgently need to get something to eat 😩 </document>
<document> Girl you sound like my grandma 😂😂 #url# </document>
<document> rt #user#: trying to build a life with him. stone by stone. </document>
<document> rt #user#: If we text after 12:00 p.m., our responses must be within seconds </document>
<document> Boy I got knocked out 😩 </document>
<Document> my mf stomach hurt 🥴 the time has come. let me go to sleep</document>
<document> 😂😂Man please don't hear everything on the internet. #url# </document>
<document> rt #user#: new orleans national leader in covid-19 vaccinations #url# </document>
<document> rt #user#: Dad shaved for the first time ever, watch his twins' reaction 😂😭😍 #url# </document>
<document> it really is Corona's anniversary </document>
<document> rt #user#: I love it when the host ends the meeting before I can click leave. Yes! set a good example! </document>
<document> rt #user#: netflix subtitles be like [Spanish speaking] bro😭 then translate it </document>
<document> rt #user#: I'm not even complaining about gasoline nomo... that $20 goes into a tank, whether it's 1.99 or 2.50...😂😂 </document>
<document> rt #user#: These are the men you have to save the big piece of chicken for. </document>
<document> rt #user#: "You can't drown an alligator. they live in the water. this is their habitat” 😭😂😂 a Bow Wow classic scene #url# </document>
<document> My grandma had dinner before 3pm She cooks in the morning She left enjoying her day #url# </document>
<document> rt #user#: If I share my location with you, you are now responsible for my life if I miss </document>
<document> my mf stomach hurt 😩😩 </document>
<document> rt #user#: We run it for everything else. This baby will also need therapy. #url# </document>
<document> i'm hungry asf. it's peanut butter jelly timeeeee</document>
<document> rt #user#: all-time classic movie scene #url# </document>
<document> rt #user#: Parents, when you mention your mental illness it might have something to do with how you were raised #url# </document>
<document>this weather makes me sick 😩 </document>
<document> a few more hours </document>
<document> I need tea this morning </document>
<document> rt #user#: fam i've been dying for hours 😂😂😂😂 #url# </document>
<document> seems so weird and long today 😂like wtf </document>
<document> my nose has never burned while sleeping 😩 </document>
<document> I woke up about 3 times, my nose was burning like hell and I was super hot 😩🥴 </document>
<document> rt #user#: I'm prompted to enter my work history after I've already uploaded my resume #url# </document>
<document> bruh that's what I deal with every day! #url# </document>
<document> rt #user#: I have 37 tabs open in my head rn </document>
<document> ready to start 5:10 me please </document>
<document> rt #user#: The combination does not get enough credit. #url# </document>
<document> #user# lmao what is the insta. I need to see this </document>
<document> rt #user#: I feel you take care of me grandpa.🥺❤️ </document>
<document> tried to work today and it was still unproductive 😩 </document>
<document> rt #user#: "is everything a joke to you?" Me: #url# </document>
<document> okay, now I need my hair done 😩 </document>
<document> rt #user#: A lot of shit broke me, but I didn't fold </document>
<document> when i started driving i switched lanes like i was a mf nascsr driver 😂my daddy said damn you turn us around</document>
<Document> rt #user#: ⚠️ missing - Marquise Jones - age 21 - last seen Feb 25 in the 7th precinct - possible foul play more: </document>
<document> rt #user#: if you got me... i got you. </document>
<document> rt #user#: I need to remove some people to get all your blessings </document>
<document> 😂😂😂😂me with my grandma #url# </document>
<document> rt #user#: Yawl is way too easy to beat Men and Ion like Det.... </document>
<document> rt #user#: Black people in Mississippi still don't have running water. it's been three weeks. </document>
<document> rt #user#: Where is May 2022!?☹️ </document>
<document> rt #user#: I'm trying to calm down after a mf finished and pressed all my buttons: #url# </document>
<document> rt #user#: I listen to the same music every day, just in a different order 😭 </document>
<document> rt #user#: Every regular girl I know from college would have distributed these vaccines faster with a Doodle poll and Facebook event </document>
<document> rt #user#: Bro hit the wall and turned back into a dog </document>
<document> rt #user#: I click leave meeting while everyone says goodbye #url# </document>
<document> i just want to pack my mfing car and drive home!! </document>
<document> #user# because I liked it </document>
<document> rt #user#: Every day I wake up and say "I'm sick of that grandpa" and every day the universe says "That's a shame" </document>
<document> I'm hungry 😩wtf I'll eat right away </document>
<document> you send me some low calorie meals </document>
<document> rt #user#: Are you asleep yet? let's not forget #url# </document>
<document> rt #user#: Life is better when you laugh more </document>
<document> rt #user#: Happy Women's History Month. #url# </document>
<document> rt #user#: when someone in the back seat tries to give driving instructions #url# </document>
<document> I have to do my hair 😩 </document>
<document> rt #user#: breaking: Reports confirm that black history can be acknowledged outside of February. </document>
<document> rt #user#: have you thanked yourself for carrying yourself this far in life? </document>
<document> i hate it here </document>
<document> we are already in the third month of 2021 </document>
<document> I'm so over it 😢 </document>
<document> I like to think of change as easy. </document>
<document> if you don't like the game, change the rules </document>
<document> rt #user#: don't ask anyone to love you or see your light </document>
<document> niggas really be depressed about the truth!! </document>
<document> make me out on Tuesday 😊 </document>
<document> I don't want to repeat myself </document>
<document> I really love being in my apartment and I found so much comfort here 😩 </document>
<document> this is me when I'm forced to go somewhere 😂😂I won't give energy directly to #url# </document>
<Document> rt #user#: Love yourself more. </document>
<document> I watch my nephew's videos all day </document>
<document> Puka was so happy to see me and vice versa 😢brought my sister some treats and stuff. It's a shame her daddy's acting like a hoe. </document>
<document> Blake really ruined a whole night! 😒 for no reason. </document>
<document> i want the same energy i give as wtf! </document>
<document> like wow i really jumped the fence cuz i was insane afff </document>
<document> I just want to go home and hold my nephew, that's it 😒😢 </document>
<documentt> 😊😊😊almost 2 hours... let's goo </document>
<document> I just want crawfish 😩 </document>
<document> rt #user#: not being appreciated is the worst feeling </document>
<document> they really tried to come from me </document>
<document> rt #user#: Everyone's shy now, huh? I'll tell you what... stay away from me😂 </document>
<document> rt #user#: I ask my dad why my cars make weird noises #url# </document>
<Document> rt #user#: 26 inches. center part. bone straight. pitch black. yes i need that </document>
<document> rt #user#: 30 days rent in a month without paying 30 days doesn't suit me #url# </document>
<document> rt #user#: One thing about Florida people, they will dance lol #url# </document>
<document> rt #user#: Make the best of every situation </document>
<document> idk what i want to eat. Pasta or Mac n Cheese </document>
<document> I want some crawfish like now </document>
<document> blowing up a chicken tonight 😂 boy, and this little thing was on the roll!! </document>
<document> rt #user#: I can certainly confirm that none of you niggas have been there #url# </document>
<document> someone types shit today. I take care of myself!! </document>
<document> I woke up so late 😩🥴 </document>
<document> the sofa looks really good </document>
<document> I'm so tired I don't want to fix my bed 😩😩 </document>
<document> rt #user#: you had to be there... honestly. #url# </document>
<document> Okay, I submitted an assignment today. </document>
<document> rt #user#: You can talk all that shit but I know I miss you 😁 </document>
<document> then this migraine makes me kick everyone in the ass 😊 </document>
<document> like idk why am I so tired? I went to bed early and stuff! </document>
<document> I've struggled all my life to keep my eyes open today. it was hard 😩😒 </document>
<document> I'm really considering not going to this class 😩 </document>
<document> dr. Nusseibeh is the funniest man I've ever met 😂😂and don't be alarmed when he pulls out his cigarette to smoke during a discussion </document>
<Document> They tried to push this j&amp;j vaccine hard 🥴johnson &amp; Johnson has had me skeptical since the cancer scandal </document>
<Document> I have some coins in the bank, let me go and fill up my car 😂 Fill up my baby. iykyk! I'll invest $15-20 and keep pushing it </document>
<Document> Well, the truth is I haven't learned my lesson! </document>
<document> it will take a while </document>
<Document> I wasn't on Twitter, but I had to come back to express myself. </document>
<document> be nice to yourselves - dr. maria mckenna </document>
<document> damn that bitch worse than me 😂😂 #url# </document>
<document> rt #user#: what luther vandross did with “never too much” was historic. </document>
<document> rt #user#: seen you fall in love with goofies, i was never your type </document>
<document> #user# you lmk... please I only eat granola bars and fruit... please help. </document>
<document> rt #user#: this man threw his hands up like "wait, aren't we all racist in this bitch?" </document>
<Document> My body really is a Mfing hater! </document>
<document> I just want to jerk off from chicago 😩😩 </document>
<document> rt #user#: Shopping at Dollar Tree is like "I could do that too, it's just a dollar bitch" </document>
<document> rt #user#: If everything is going well in your life, your car: #url# </document>
<document> rt #user#: Her dress didn't give her away like that. it didn't even move. not a nip slip or cuddly lip in sight. Queen. </document>
<Document> rt #user#: You literally weren't there baby. #url# </document>
<document> rt #user#: My father never thinks about sending my daughter $500 today </document>
<document> everyone is chasing a lifestyle, you just have to figure out which one you're chasing. </document>
<document> my body a complete hater!! </document>
<documentt> Notre Dame sent me a really punky email from Community Standards!! Fuck you all! </document>
<document> rt #user#: Some things I've done recently #url# </document>
<document> #user# it's me, I'm my language of love ❤️ </document>
<document> rt #user#: I think I have a love language, just leave me alone lmao </document>
<document> #user# i miss you too </document>
<document> the state of Indiana has been ripping me off since I got here 😩 </document>
<document> rt #user#: how it started: how it's going: #url# </document>
<document> I think I'll make a shrimp wrap 😩😩 </document>
<document> what am I having for dinner 😩😩 </document>
<document> I haven't met a real one yet! </document>
<document> rt #user#: I'm a voice actor and always open to work, so someone hire me (please) 😂 #url# </document>
<document> big flexxxxx 🥰 and my insurance 130 talks nice to me!! #url# </document>
<document> rt #user#: Look for the Zoom link 5 seconds before the meeting starts: </document>
<document> who sells pretty nose rings? I like Bug Studs</document>
<document> If he doesn't pay for the toes, he can't choose the color </document>
<document> in the last week I drove in the car without my driver's license 🥴 </document>
<document> rt #user#: it's always "I want to see black women win" until a black woman raises 11,000 for hospital bills... now it's about clout🧍🏾‍♀️ </document>
<document> this whole story is crazy and it's unfortunate that a little baby had to die! #url# </document>
<document> rt #user#: I want to have everything the people running at 6am have </document>
<document> the money makes the girls smile </document>
<Document> I am not available </Document>
<document>Self-care guy of the day 🥰 </document>
<document> I want a bob 😩😩 </document>
<document> lmao no cap I wake up annoyed </document>
<document> rt #user#: blk mkt vintage owners are engaged! We love to see black queer love! congratulations to kiyanna and jannah 🖤 </document>
<document> rt #user#: Hey Twitter, just wanted to let you know that I got accepted into 50 schools🥰 #url# </document>
<document> I take drugs when I'm lonely </document>
<document> so glad i have tomorrow off 😩😩lawd i'm just ready to go home </document>
<document> rt #user#: Have you noticed that your phone isn't in any of your dreams? </document>
<document> rt #user#: Have you ever had the feeling that no one understands you? </document>
<document> rt #user#: Remain reserved, then </document> jump out
<document> #user# I only took care of your development when it was necessary ❤️ </document>
<document> #user# #user# now you have a damn lie!!😂😂 </document>
<Document> I am convinced that this weather will ruin my car!!! </document>
<document> is now out of class to work </document>
<document> idk who should hear this but put your mf mask over your mouth and nose! </document>
<Document> People from Notre Dame Mad Weird! </document>
<document> Anyone who knows me knows that I stand behind my grandma 10000%!! Madam really my whole heart ❤️no matter how many times we bump our heads</document>
<Document> rt #user#: Update: A missing 10-year-old girl has been found safe. #url# </document>
<document> rt #user#: I'm so damn tired of working on #url# </document>
<document> will definitely get me a smoothie when I get home from class</document>
<document> is't no wayyy.. my heartburn was on the 10th. I can't sleep. </document>
<document> rt #user#: help her bring her home!!! missing in New Iberia, la 🥺 #url# </document>
<document> I want crawfish 😩😩 </document>
<document> rt #user#: Turn off applications that require you to upload a resume and fill out the professional history section! </document>
<Document> I'm going to hurt you so I'm really trying to be nice!! </document>
<document> i won thanks!!!! </document>
<document> #user# Sir, please! relax yourself! </document>
<document> Brady just gets 3pt and finish the qtr thanks </document>
<document> um, so at least my pool number can get out before Brady wins 😂😂 </document>
<document> Man, there's a brick cock outside 😩😩 </document>
<document> rt #user#: this is exactly how I feel in conversations about covid #url# </document>
<Document> rt #user#: I love New Orleans. 😂 #url# </document>
<document> I'm ready to go home. idk how many times can i clear this counter 😂😩 </document>
<document> rt #user#: I wore more mask than bra this year crazy 😭😭😭 </document>
<document> rt #user#: Brother if you spend money on bad food you will burst into tears 😂😂😂 like wtf </document>
<document> rt #user#: Lord... your kids down here made me pay bills when you've already paid the ultimate price😩 </document>
<document> rt #user#: teyonah parris is so pretty #url# </document>
<document> I just want my bed 😩 </document>
<document> #user# no for son. It was a struggle to get out of bed</document>
<document>I really need to do better</document>