<author lang="en"  
	<document> pete buttigieg in south carolina: america ‘was never as great as advertised’ #url# #hashtag# </document>
		<document> #user# will do. thanks beer! </document>
		<document> #user# thank you for the follow sir! </document>
		<document> #user# how do you overcome fear when being attacked by such evil people on a regular basis? </document>
		<document> #user# hi beer, can you help me out? i've been at 2700 for as long as i can remember </document>
		<document> rt #user#: donald trump jr. calls anti-israel sentiment among democrats "deeply troubling" | daily caller #url# </document>
		<document> #user# geez. is this real? </document>
		<document> #user# #user# got ya 👍 </document>
		<document> rt #user#: this! please retweet &amp; share the truth. hope this never happens to others. #hashtag# #url# </document>
		<document> rt #user#: ilhan omar is a product of koch brothers immigration policy. </document>
		<document> "youtube personality austin jones sentenced to 10 years on child pornography charges" #url# </document>
		<document> rt #user#: you raped a 14 year old girl &amp; got a slap on the wrist for it? wow! he deserves to be in jail! #url# </document>
		<document> rt #user#: this just happened. the president retweeted #user# and #user#. #url# </document>
		<document> these are not men #url# </document>
		<document> rt #user#: "better that we should die on our feet rather than live on our knees". </document>
		<document> rt #user#: "i will declassify soon" - #user# #user# #user# #user# </document>
		<document> rt #user#: i appreciate president trump tweeting about me. hopefully this will speed up executive action on regulating big tech. </document>
		<document> #user# #user# there are very bad people in this world and these days the majority tend to be on the left </document>
		<document> #user# twitter is creating martyrs. in the long run, this is a good thing. </document>
		<document> rt #user#: meanwhile hamas and muslim brotherhood, 2 terrorist orgs still have facebook and twitter. #url# </document>
		<document> #user# you are #hashtag# in my book </document>
		<document> rt #user#: watch for me on #user# podcast on may 5th. a brilliant woman, starting a movement. #url# </document>
		<document> #user# us mail could be compromised. i prefer homing pigeons </document>
		<document> #user# ha ha. accurate. that is how ny beaurocrats think these days... </document>
		<document> rt #user#: this is what happens once you disarm the people. the people of venezuela 🇻🇪 god be with you. #url# </document>
		<document> rt #user#: heinous! this is what socialist disarmament leaders do to people. #url# </document>
		<document> rt #user#: melisandre after the battle ended #hashtag# #hashtag# #url# </document>
		<document> #user# yep. looks like it's been planned for decades </document>
		<document> rt #user#: three socialists walk into a bar and say, "hey, drinks are on you!" #hashtag# #url# </document>
		<document> rt #user#: scotland is 96% white. this is completely normal. #url# </document>
		<document> rt #user#: pope francis is sending $500,000 dollars to help migrants in mexico who are trying to reach the united states. </document>
		<document> #user# you should ignore these trolls. they are scum </document>
		<document> rt #user#: hate hoax: family accused of staging anti-semitic attack on their own restaurant #url# </document>
		<document> rt #user#: meanwhile, in france..... #url# </document>
		<document> #user# i'm sorry for your loss </document>
		<document> rt #user#: thank you to everyone for the beautiful birthday wishes! </document>
		<document> rt #user#: after #user# found #hashtag# (respek) the gig was up. the rest was the biz we call 'show'. </document>
		<document> rt #user#: good. tommy robinson announces candidacy for european parliament ⁦#user#⁩ #url# </document>
		<document> #user# paul krugman is never right about anything so it looks like we are in great shape </document>
		<document> #user# i'd follow you twice if i could </document>
		<document> #user# dont judge me </document>
		<document> #user# working on the lucifer principle now. recommended by some really sharp dude here on twitter </document>
		<document> #user# gorilla mindset. winning bigly pre-suasion the power of now the power of positive thinking </document>
		<document> #user# trust the plan #hashtag# </document>
		<document> #user# #user# #user# do you think the rumors that pence is dirty are true? </document>
		<document> rt #user#: president #user# is working to end human trafficking. #url# #hashtag# #hashtag# </document>
		<document> rothschilds liquidating royal heirlooms in historic auction | zero hedge #url# </document>
		<document> one step closer to bankruptcy #hashtag# #hashtag# #url# </document>
		<document> #user# he's now a weird guy with a weird family </document>
		<document> rt #user#: satan rallying his forces for evil. #url# </document>
		<document> rt #user#: i guarantee that won’t last italian town to cover crosses at cemeteries so as not to offend muslims (video) </document>
		<document> #user# why is the stock going up? makes no sense </document>
		<document> is this article necessary? the problem with san francisco poop maps #url# #hashtag# </document>
		<document> #user# anyway to get a clearer copy </document>
		<document> rt #user#: why isn’t this is a huge story in the u.s.? #url# </document>
		<document> rt #user#: a message to my fellow americans. #url# </document>
		<document> rt #user#: solid point... extremists take note. #url# </document>
		<document> rt #user#: more people are killed for being christian than any other religion. </document>
		<document> #user# #user# and the ny times is owned by the drug cartel </document>
		<document> rt #user#: who says “easter worshippers”? people who don’t want to say “christians,” that’s who. #url# </document>
		<document> rt #user#: i have never heard the term “easter worshipper” until today. </document>
		<document> #user# not since jfk </document>
		<document> rt #user#: by “easter worshippers” she means christians😏 #url# </document>
		<document> #user# hell no. trump republican </document>
		<document> rt #user#: latest: at least 138 dead, hundreds injured as explosions rock churches, hotels on easter sunday in sri </document>
		<document> rt #user#: blood money: how qatar bought off the entire dc establishment #url# </document>
		<document> rt #user#: how much did his parents pay to get him into harvard?? #url# </document>
		<document> #user# yes and of those 3%, i think 1% are straight males </document>
		<document> rt #user#: i just noticed this article 😅 - liberals outraged by bikini photos of pro-trump dilbert creator's girlfriend </document>
		<document> #user# you lucky dog </document>
		<document> #user# #user# i'd care if it was an article about a missing patriot </document>
		<document> rt #user#: woah. jeez. yikes. barf. 🤢🤮 #url# </document>
		<document> rt #user#: generally speaking, would you consider the mainstream media to be pro-war or anti-war? </document>
		<document> #user# she is evil </document>
		<document> rt #user#: when someone shows you who they are, believe them. #url# </document>
		<document> some people did something #user# #url# </document>
		<document> rt #user#: i literally learned this self-defense move at a party last night. (i am completely serious.) #url# </document>
		<document> rt #user#: how is this woman walking the halls of congress. how. #url# </document>
		<document> #user# does this mean he's not running for president anymore? </document>
		<document> #user# by the way, i had to refollow you, twitter is at it again </document>
		<document> #user# agree. this is a rescue mission </document>
		<document> rt #user#: just a bad day for bad guys... #url# </document>
		<document> rt #user#: ted lieu's face while getting owned by candace owens. these guys did not know how to handle it. #url# </document>
		<document> #user# i don't like the way this vote is going. can i vote for bronson again? </document>
		<document> #user# pete buttplug is going to catch on </document>
		<document> rt #user#: a moment of prayer with senior military leadership at the white house🇺🇸 #user# #user# #url# </document>
		<document> the lifelog/facebook conspiracy blog #hashtag# #hashtag# #url# </document>
		<document> he's not sounding too confident these days #url# </document>
		<document> #user# this has happened to me too for a few years now, but i am limited to around 2700 </document>
		<document> #user# same here. you should follow her diet. you'll feel great </document>
		<document> rt #user#: is this verbal black face? #url# </document>
		<document> rt #user#: identity politics don’t work! please stop pandering #user# #url# </document>
		<document> #user# must stupid. ones are the top and evil and intelligent </document>
		<document> rt #user#: we. have. a. winner!!!!!!!!!!! #url# </document>
		<document> #user# i can't stop laughing at this. #hashtag# </document>
		<document> collusion? russians gave $35 million to company with john podesta on board #hashtag# #url# </document>
		<document> rt #user#: the new york public library is brainwashing your kids. #url# #hashtag# #hashtag# #hashtag# #hashtag# </document>
		<document> rt #user#: why are you flying?? stop destroying our world #url# </document>
		<document> donald trump, jr.: ‘it became a business model’ for media outlets to attack the president, push russia collusion #url# </document>
		<document> lindsey graham: ‘every day with president trump is christmas’ #hashtag# #hashtag# #url# </document>
		<document> #user# #user# have you never seen a bernie supporter before? </document>
		<document> rt #user#: i’d love to hear congressman omar or tlaibs response to this video... #url# </document>
		<document> #user# #user# #user# stop cat calling her </document>
		<document> #user# i'm surprised. i heard he likes them much, much younger </document>
		<document> low iq people actually think aoc is brilliant and nothing will ever change their mind... #hashtag# #hashtag# </document>
		<document> #user# - don lemon - joe scarborough - that lady on msnbc that looks like ralph macchio... </document>
		<document> #user# to me, it means a thing on your head that if removed, will get you stoned to death by men </document>
		<document> rt #user#: #user# #user# thank you- i just upped my followers by 100+ tonight! at 207 </document>
		<document> #user# chivalry is not dead </document>
		<document> rt #user#: trump is on fire and unpresidential...and they love it! </document>
		<document> #user# georgia is so lucky </document>
		<document> rt #user#: what country is the biggest threat to america today? </document>
		<document> #user# #user# here is the go fund me link #url# </document>
		<document> #user# #user# if there is any way we can get a collection going, i would love to help spread the word </document>
		<document> #user# obama in the cross hairs #hashtag# </document>
		<document> #user# she has a point. i'm just kidding, i have no idea what she means 🤣 </document>
		<document> #user# #user# what is this crazy puta talking about? </document>
		<document> rt #user#: guess who let #hashtag# off the hook? #url# </document>
		<document> rt #user#: 100% right rand paul: ‘absolutely’ subpoena obama officials on spygate. #url# </document>
		<document> #user# who are you again? </document>
		<document> #user# i think you know #url# </document>
		<document> #user# he needs to eat more fiber </document>
		<document> #user# avenatti dr dre's daughter aoc don lemon </document>
		<document> #user# too. much. winning. </document>
		<document> rt #user#: breaking news #user# claims she found a way to end world hunger #url# </document>
		<document> rt #user#: time to investigate the obama officials who concocted and spread the russian conspiracy hoax! </document>
		<document> #user# you always seem to be years ahead of the news..... </document>
		<document> rt #user#: how many of you are binge-watching cnn and msnbc today just for the comedy? 😂😂😂 </document>
		<document> rt #user#: -mueller report says no collusion -michael avenatti arrested -splc president resigned it's only 1:30 p.m on monday. </document>
		<document> rt #user#: has #user# seen this video? #url# </document>
		<document> rt #user#: can everybody stop calling us russian bots for being hot trump supporters now? #user# #url# </document>
		<document> rt #user#: what prosecutor would charge this as a crime? #url# </document>
		<document> rt #user#: this is the young man who was charged with a crime for stopping a 5 year old from being raped by a 17 year old. </document>
		<document> rt #user#: today is a good day for the good guys. </document>
		<document> rt #user#: can alex jones come back now? </document>
		<document> rt #user#: could not agree more. see you soon. #url# </document>
		<document> rt #user#: “we did not get as much out of the investigation as we putin.” </document>
		<document> #user# these beta males are really tough when they're typing on a computer </document>
		<document> rt #user#: obama is very quiet, wonder why? </document>
		<document> #user# great timing. just posted this. more pictures on the site #url# </document>
		<document> the new york public library is brainwashing your kids. #url# #hashtag# #hashtag# #hashtag# #hashtag# </document>
		<document> the new york public library is brainwashing our children #url# #url# </document>
		<document> #user# the republicans freed their slaves </document>
		<document> #user# #user# what's a "disenfranchised trump voter"? is that a real thing? </document>
		<document> #user# no thanks 😂 </document>
		<document> rt #user#: wonder if the media will report this horrible crime against a campus conservative? #url# </document>
		<document> #user# after donald trump jr's 2nd term i'll vote for you 😉 </document>
		<document> #user# she probably just realized she's the worst journalist of our lifetime 👍 </document>
		<document> rt #user#: i guess #hashtag# was right all along </document>
		<document> rt #user#: which journalist turned conspiracy theorist profited from 'russiagate' the most? </document>
		<document> #user# got you 👍 </document>
		<document> rt #user#: pucker up buttercup #url# </document>
		<document> #user# i've never seen ralph macchio so upset </document>
		<document> #user# this looks like a regular day on the nyc subway to me... </document>
		<document> #user# i do a lot of my kids homework. they are exhausted by the time they get home. i make sure they know the stuff though... </document>
		<document> rt #user#: time to hit back! </document>
		<document> #user# hour to two a day </document>
		<document> rt #user#: abortion is murder not self care! 60% of african american deaths are due to abortion. #url# </document>
		<document> #user# he's a traitor and a mass murderer. besides that, great guy </document>
		<document> #user# #user# so sorry to hear that scott </document>
		<document> rt #user#: this is for all who’ve been exposed to hate... #url# </document>
		<document> rt #user#: quite possibly the most difficult poll in the history of twitter. most detestable? </document>
		<document> #user# #user# #user# for me that's accurate </document>
		<document> #user# he's great. i was wondering why i haven't seen his tweets for a while </document>
		<document> those who are the loudest.... #url# </document>
		<document> #user# staten island, ny 👍 </document>
		<document> false flag to distract the public from what's coming #hashtag# #url# </document>
		<document> rt #user#: this is jaw-dropping. #url# </document>
		<document> rt #user#: great job ⁦#user#⁩ 🇺🇸💪🇺🇸💪🇺🇸 ivanka trump leads new campaign for 'good paying jobs,' fix education </document>
		<document> or e: q is trump? #url# </document>
		<document> illegal immigrant arrested after having sex with cow, say police #url# </document>
		<document> journalist accuses twitter of testing more extreme ‘shadowban’ technique on his account #url# </document>
		<document> rt #user#: don't worry johnny....it's a dry heat! 👎👎 bhahaha! #url# </document>
		<document> #user# #user# #user# mr conway is too ugly for her </document>
		<document> rt #user#: ladies which one do you prefer? #url# </document>
		<document> rt #user#: this is the kind of meme that is alarming, either because it’s so nuts or so true... #url# </document>
		<document> #user# sorry to hear that mike. similar genes in my family </document>
		<document> rt #user#: who did this? 😂 #url# </document>
		<document> rt #user#: worth the watch. #url# </document>
		<document> rt #user#: so precious. the world needs more people like number 50 👏👏 (via: #user#) #url# </document>
		<document> dr phil on the ben shapiro show awkward interview. dr phil seems nervous #hashtag# #url# </document>
		<document> rt #user#: nigerian muslim militants kill 120 christians in three weeks #url# </document>
		<document> #user# hi mike. when are you coming back to nyc </document>
		<document> #user# i got a 2.9 in college also. barely. was working too many hours part time. </document>
		<document> rt #user#: trump 2020 🇺🇸 #url# </document>
		<document> rt #user#: how many of you think fox news was wrong? #url# </document>
		<document> #user# damn you're persuasion skills. now i have to google it. </document>
		<document> rt #user#: 'pure genocide': over 6,000 nigerian christians slaughtered, mostly women and children #url# </document>
		<document> #user# #user# #user# if she were still alive you mean... </document>
		<document> rt #user#: because nobody could have seen this coming...? ffs!!!! #url# </document>
		<document> rt #user#: work hard find purpose spread love the rest will work itself out </document>
		<document> #user# hell get his. nvixm opens up that door to hollywood </document>
		<document> #user# i heard his name is francis </document>
		<document> #user# you are 100% right mike. i never liked mark cuban. he knows better </document>
		<document> someone wrote "die jew" on an rbg poster. the good news is she won't feel bad since she's been dead for weeks #url# </document>
		<document> and........he's a commie #url# </document>
		<document> #user# the worse their secrets the easier they are to control </document>
		<document> rt #user#: #user# get rid of all these traitors #url# </document>
		<document> rt #user#: don't use his name. don't share his video. don't share his manifesto. remember and pray for the victims. </document>
		<document> rt #user#: i will be dropping big news about mifsud today. </document>
	  <author lang="en"
<document> pete buttigieg in south carolina: America "was never as big as advertised" #url# #hashtag# </document>
<document> #user# will do. thanks beer! </document>
<document> #user# thanks for following up sir! </document>
<document> #user# how do you overcome fear when being attacked regularly by such evil people? </document>
<document> #user# hi beer, can you help me? i've been at 2700 for as long as i can remember </document>
<document> rt #user#: donald trump jr. calls anti-Israel sentiment among Democrats 'deeply troubling' | daily caller #url# </document>
<document> #user# damn. It is true? </document>
<document> #user# #user# got you 👍 </document>
<document> rt #user#: this! please retweet &amp; share the truth. I hope this never happens to others. #hashtag# #url# </document>
<document> rt #user#: ilhan omar is a product of the koch brothers' immigration policy. </document>
<document> "YouTube personality Austin Jones sentenced to 10 years on child pornography charges" #url# </document>
<document> rt #user#: you raped a 14 year old girl &amp; do you get a slap on the wrist for this? Oh! deserves to be in jail! #url# </document>
<document> rt #user#: This just happened. the president retweeted #user# and #user#. #url# </document>
<document> these are not men #url# </document>
<document> rt #user#: "better to die on your feet than live on your knees". </document>
<document> rt #user#: "declassify soon" - #user# #user# #user# #user# </document>
<document> rt #user#: I appreciate President Trump tweeting about me. this is hoped to expedite executive action on regulating big tech. </document>
<document> #user# #user# there are very bad people in this world and these days the majority tend to be on the left </document>
<document> #user# twitter is creating martyrs. in the long run, that's a good thing. </document>
<document> rt #user#: meanwhile hamas and muslim brotherhood, 2 terrorist organizations still have facebook and twitter. #url# </document>
<document> #user# you are #hashtag# in my book </document>
<document> rt #user#: Watch me in the May 5 #user# podcast. a brilliant woman, who started a movement. #url# </document>
<document> #user# our mail may be compromised. I prefer carrier pigeons </document>
<document> #user# ha ha. accurate. that's how bureaucrats think these days... </document>
<document> rt #user#: This is what happens once people are disarmed. the people of venezuela 🇻🇪 God be with you. #url# </document>
<document> rt #user#: obnoxious! this is what socialist disarmament leaders do to people. #url# </document>
<document> rt #user#: melisandre after the battle is over #hashtag# #hashtag# #url# </document>
<document> #user# yes. it looks like it has been planned for decades </document>
<document> rt #user#: three socialists enter a bar and say: "hey, I'll buy you a drink!" #hashtag# #url# </document>
<document> rt #user#: Scotland is 96% white. this is completely normal. #url# </document>
<document> rt #user#: pope francis is sending $500,000 to help migrants in mexico trying to reach the united states. </document>
<document> #user# you should ignore these trolls. they are scum </document>
<document> rt #user#: hate hoax: family accused of staging anti-Semitic attack on their restaurant #url# </document>
<document> rt #user#: meanwhile, in france..... #url# </document>
<document> #user# I'm sorry for your loss </document>
<document> rt #user#: Thanks everyone for the wonderful birthday wishes! </document>
<document> rt #user#: after #user# finds #hashtag# (respek) the concert is timed out. the rest was the biz we call 'show'. </document>
<document> rt #user#: Good. tommy robinson announces candidacy for european parliament #user# #url# </document>
<document> #user# paul krugman is never right about anything so it looks like we're in great shape </document>
<documentt> #user# I would follow you twice if I could </document>
<document> #user# don't judge me </document>
<document> #user# working on the lucifer principle now. recommended by a really sharp guy here on Twitter </document>
<document> #user# gorilla mentality. overcoming in great pre-suasion the power of now the power of positive thinking </document>
<document> #user# trusts the #hashtag# </document> plan
<document> #user# #user# #user# do you think the rumors that pence is dirty are true? </document>
<document> rt #user#: President #user# is working to end human trafficking. #url# #hashtag# #hashtag# </document>
<document> Rothschilds liquidate royal memorabilia in historic auction | zero coverage #url# </document>
<document> one step closer to failure #hashtag# #hashtag# #url# </document>
<document> #user# is now a weirdo with a weird family </document>
<document> rt #user#: satan gathers his strength for evil. #url# </document>
<document> rt #user#: I guarantee that Italian cities will not last to cover crosses in cemeteries so as not to offend Muslims (video) </document>
<document> #user# why are the stocks going up? it doesn't make sense </document>
<document> is this item needed? the problem with san francisco poop maps #url# #hashtag# </document>
<document> #user# anyway to get a clearer copy </document>
<document> rt #user#: Why isn't this a big story in the US? #url# </document>
<document> rt #user#: A message to my fellow Americans. #url# </document>
<document> rt #user#: full stop... extremists take note. #url# </document>
<document> rt #user#: More people are killed for being Christians than any other religion. </document>
<document> #user# #user# and is occasionally owned by the drug cartel </document>
<document> rt #user#: who says “Easter worshipers”? people who don't want to say "Christian," that's who. #url# </document>
<document> rt #user#: I've never heard the term "Easter worshipper" until today. </document>
<document> #user# not from jfk </document>
<document> rt #user#: by “Easter worshipers” he means Christians😏 #url# </document>
<document> #user# damn no. Republican Trump</document>
<document> rt #user#: latest: at least 138 dead, hundreds injured in blasts in churches and hotels on Easter Sunday in sri </document>
<document> rt #user#: blood money: how qatar bought the entire DC plant #url# </document>
<document> rt #user#: How much did his parents pay to get him into Harvard?? #url# </document>
<document> #user# yes and of that 3%, I think 1% are straight males </document>
<document> rt #user#: Just noticed this article 😅 - liberals outraged at bikini pics of pro-trump creator dilbert's girlfriend </document>
<document> #user# lucky dog ​​</document>
<document> #user# #user# I would be interested if it was an article about a missing patriot </document>
<document> rt #user#: woah. damn. damn. vomit. 🤢🤮 #url# </document>
<document> rt #user#: In general, would you consider the mainstream media to be pro-war or anti-war? </document>
<document> #user# she is evil </document>
<document> rt #user#: When someone shows you who they are, believe them. #url# </document>
<document> some people did something #user# #url# </document>
<document> rt #user#: I literally learned this self defense move at a party last night. (I'm totally serious.) #url# </document>
<document> rt #user#: How is this woman walking through the halls of congress. As. #url# </document>
Does <document> #user# mean he's no longer running for president? </document>
<document> #user# by the way, I had to follow you again, Twitter is here again </document>
<document> #user# agree. this is a rescue mission </document>
<document> rt #user#: Just a bad day for the bad guys... #url# </document>
<document> rt #user#: ted lieu's face being possessed by candace owens. these guys didn't know how to handle it. #url# </document>
<document> #user# I don't knowI don't like how this vote is going. Can I vote for Bronson again? </document>
<document> #user# pete buttplug will catch on </document>
<document> rt #user#: a moment of prayer with senior military leaders at the White House🇺🇸 #user# #user# #url# </document>
<document> the lifelog/facebook conspiracy blog #hashtag# #hashtag# #url# </document>
<document> doesn't seem very confident these days #url# </document>
<document> #user# has been happening to me for a few years too, but I'm limited to about 2700 </document>
<document> #user# same here. you should follow his diet. you will feel great </document>
<document> rt #user#: is this verbal face black? #url# </document>
<document> rt #user#: identity policies don't work! please stop pandering to #user# #url# </document>
<document> #user# must be stupid. those are the best, the bad, and the smart ones</document>
<document> rt #user#: we. Have. A. winner!!!!!!!!!!! #url# </document>
<document> #user# I can't stop laughing. #hashtag# </document>
<document> collusion? the Russians have donated 35 million dollars to a company with Giovanni Podesta on board #hashtag# #url# </document>
<document> rt #user#: The New York Public Library is brainwashing your children. #url# #hashtag# #hashtag# #hashtag# #hashtag# </document>
<document> rt #user#: why are you flying?? stop destroying our world #url# </document>
<document> donald trump, jr.: "it has become a business model" for media to attack president, push collusion with russia #url# </document>
<document> lindsey graham: "every day with president trump is christmas" #hashtag# #hashtag# #url# </document>
<document> #user# #user# Have you ever seen a Bernie supporter before? </document>
<document> rt #user#: I would like to hear Congressman omar or tlaibs response to this video... #url# </document>
<document> #user# #user# #user# stop calling the cat </document>
<document> #user# I'm surprised. I hear they like them much, much younger</document>
<document> people with low IQ really think AOC is brilliant and nothing will ever change their mind... #hashtag# #hashtag# </document>
<document> #user# - don lemon - joe scarborough - that lady on msnbc who looks like ralph macchio... </document>
<document> #user# to me means a thing on your head that, if removed, will cause you to be stoned to death by men </document>
<document> rt #user#: #user# #user# thanks- just increased my followers by over 100 tonight! at 207 </document>
<document> #user# chivalry is not dead </document>
<document> rt #user#: Trump is on fire and not presidential… and they love him! </document>
<document> #user# georgia is very lucky </document>
<document> rt #user#: Which country is the greatest threat to America today? </document>
<document> #user# #user# here is the link go fund me #url# </document>
<document> #user# #user# If there's a way to organize a collection, I'd like to help spread the word </document>
<document> #user# obama targeted #hashtag# </document>
<document> #user# is right. just kidding, i have no idea what that means 🤣 </document>
<document> #user# #user# what is this crazy bitch talking about? </document>
<document> rt #user#: guess who let #hashtag# off the hook? #url# </document>
<document> rt #user#: 100% right rand paul: "absolutely" sue Obama officials over Spygate. #url# </document>
<document> #user# who are you again? </document>
<document> #user# I think you know #url# </document>
<document> #user# needs to eat more fiber </document>
<document> #user# avenatti daughter of dr dre aoc don lemon </document>
<document> also #user#. much. winning. </document>
<document> rt #user#: breaking news #user# says he has found a way to end world hunger #url# </document>
<document> rt #user#: Time to investigate the Obama officials who fabricated and spread the Russian conspiracy hoax! </document>
<document> #user# you always seem years ahead of the news..... </document>
<document> rt #user#: How many of you today binge watch cnn and msnbc just for the comedy? 😂😂😂 </document>
<document> rt #user#: -mueller report says no collusion -michael avenatti arrested -splc chairman resigned it's only 1:30 pm monday. </document>
<document> rt #user#: #user# has seen this video? #url# </document>
<document> rt #user#: Now can everyone stop calling us Russian bots because we are die-hard Trump supporters? #user# #url# </document>
<document> rt #user#: Which prosecutor would charge him with the crime? #url# </document>
<document> rt #user#: This is the young man who was charged with a felony for preventing a 5-year-old from being raped by a 17-year-old. </document>
<document> rt #user#: Today is a good day for Nice Guys. </document>
<document> rt #user#: can alex jones come back now? </document>
<document> rt #user#: Couldn't agree more. Until we meet again. #url# </document>
<document> rt #user#: "We didn't get as much out of the investigation as we claimed." </document>
<document> #user# these beta males are really tough when typing on a computer </document>
<document> rt #user#: obama is very quiet, I wonder why? </document>
<document> #user# great timing. just posted this. more images on the site #url# </document>
<document> The New York Public Library is brainwashing your children. #url# #hashtag# #hashtag# #hashtag# #hashtag# </document>
<document> the New York Public Library is brainwashing our children #url# #url# </document>
<document> #user# the republicans freed their slaves </document>
<document> #user# #user# what is a "winning disenfranchised voter"? is it a real thing? </document>
<document> #user# no thanks 😂 </document>
<document> rt #user#: Who knows if the media will report this horrific crime against a campus conservative? #url# </document>
<document> #user# after donald trump jr second term i will vote for you 😉 </document>
<document> #user# probably just realized she's the worst reporter of our lives 👍 </document>
<document> rt #user#: I guess #hashtag# was right all along </document>
<document> rt #user#: which journalist turned conspiracy theorist benefited the most from 'russiagate'? </document>
<document> #user# got you 👍 </document>
<document> rt #user#: pucker up buttercup #url# </document>
<document> #user# I have never seen Ralph Macchio so upset </document>
<document> #user# looks like a normal day on the New York subway... </document>
<document> #user# I do a lot of homework for my children. they are exhausted when they get home. but I make sure they know things... </document>
<document> rt #user#: It's time to react! </document>
<document> #user# from one hour to two per day </document>
<document> rt #user#: abortion is murder not self-care! 60% of African American deaths are due to abortion. #url# </document>
<document> #user# is a traitor and a mass murderer. other than that, good boy </document>
<document> #user# #user# I'm so sorry to hear from that scott </document>
<document> rt #user#: This is for everyone who has been exposed to hate... #url# </document>
<document> rt #user#: Quite possibly the hardest poll in Twitter history. more detestable? </document>
<document> #user# #user# #user# is correct for me </document>
<document> #user# is great. I was wondering why I haven't seen his tweets in a while </document>
<document> the ones that are the loudest.... #url# </document>
<document> #user# staten island, NY 👍 </document>
<document> false flag to distract the audience from what's coming #hashtag# #url# </document>
<document> rt #user#: This is mind boggling. #url# </document>
<document> rt #user#: great job #user# 🇺🇸💪🇺🇸💪🇺🇸 ivanka trump leads new campaign for "high paying jobs, fix education" </document>
<document> or e: q is trump? #url# </document>
<document> stowaway arrested after having sex with cow, police say #url# </document>
<document> reporter accuses twhas begun testing a more extreme "shadowban" technique on his #url# </document> account
<document> rt #user#: don't worry johnny....it's a dry heat! 👎👎 bhahaha! #url# </document>
<document> #user# #user# #user# Mr. Conway is too ugly for you </document>
<document> rt #user#: girls which one do you prefer? #url# </document>
<document> rt #user#: This is the kind of alarming meme, either because it's so crazy or because it's so true... #url# </document>
<document> #user# sorry to hear that mic. similar genes in my family </document>
<document> rt #user#: who did this? 😂 #url# </document>
<document> rt #user# - worth a look. #url# </document>
<document> rt #user#: so precious. the world needs more people like number 50 👏👏 (via: #user#) #url# </document>
<document> dr. phil on the embarrassing interview on the ben shapiro show. dr phil looks nervous #hashtag# #url# </document>
<document> rt #user#: Nigerian Muslim militants kill 120 Christians in three weeks #url# </document>
<document> #user# hi mike. when you get back to New York </document>
<document> #user# I also took a 2.9 in college. as soon as. he worked too many hours part-time. </document>
<document> rt #user#: trump 2020 🇺🇸 #url# </document>
<document> rt #user#: How many of you think Fox News got it wrong? #url# </document>
<document> #user# damn your powers of persuasion. now i have to google it. </document>
<document> rt #user#: 'pure genocide': Over 6,000 Nigerian Christians massacred, mostly women and children #url# </document>
<document> #user# #user# #user# if she was still alive you mean... </document>
<document> rt #user#: why couldn't anyone have predicted this...? ff!!!! #url# </document>
<document> rt #user#: work hard find purpose spread love the rest will work itself out </document>
<document> #user# will have his own. nvixm opens that door to Hollywood </document>
<document> #user# I heard his name is francis </document>
<document> #user# you are 100% right mike. I never liked Mark Cuban. he knows best </document>
<document> someone wrote "die jew" on an rbg poster. the good news is she won't feel bad since she's been dead for weeks #url# </document>
<document> and........is a communist #url# </document>
<document> #user# the worse their secrets the easier it will be to check them </document>
<document> rt #user#: #user# get rid of all these traitors #url# </document>
<document> rt #user#: Don't use his name. don't share his video. do not share his manifesto. remember and pray for the victims. </document>
<document> rt #user#: Today I'm going to post some great news about mifsud. </document><Author lang="en"
<document> pete buttigieg in south carolina: america has "never been as great as advertised" #url# #hashtag# </document>
<document> #user# is sufficient. thanks beer! </document>
<document> #user# Thank you for the follow sir! </document>
<document> #user# how do you overcome your fear when you are regularly attacked by such evil people? </document>
<document> #user# hello beer, can you help me? I've been at 2700 for as long as I can remember</document>
<document> rt #user#: Donald Trump jr. calls anti-Israel sentiment among Democrats 'deeply concerning' | daily caller #url# </document>
<document> #user# my goodness. is that real? </document>
<document> #user# #user# got you 👍 </document>
<document> rt #user#: that! please retweet &amp; share the truth. hope this never happens to others. #Hashtag# #URL# </document>
<Document> rt #user#: ilhan omar is a product of the Koch brothers' immigration policy. </document>
<document> "youtube personality austin jones sentenced to 10 years for child pornography" #url# </document>
<Document> rt #user#: You raped a 14 year old girl &amp; get a slap on the wrist for that? Wow! He deserves to be in prison! #url# </document>
<Document> rt #user#: That just happened. the president retweeted #user# and #user#. #url# </document>
<document> these are not men #url# </document>
<Document> rt #user#: "It is better that we die on our feet than live on our knees". </document>
<document> rt #user#: "I will declassify soon" - #user# #user# #user# #user# </document>
<document> rt #user#: I appreciate President Trump tweeting about me. hopefully this will expedite executive branch action to regulate big tech. </document>
<document> #user# #user# there are very bad people in this world and nowadays the majority are left </document>
<Document> #user# Twitter creates martyrs. In the long run, that's a good thing. </document>
<document> rt #user#: meanwhile, hamas and the muslim brotherhood, 2 terrorist orgs, still have facebook and twitter. #url# </document>
<document> #user# you are #hashtag# in my book </document>
<document> rt #user#: Watch for me on the #user# podcast on May 5th. a brilliant woman who started a movement. #url# </document>
<document> #user# US mail may be compromised. I prefer carrier pigeons </document>
<document> #user# ha ha. precise. that's how ny bureaucrats think these days... </document>
<document> rt #user#: This is what happens when you disarm people. the people of venezuela 🇻🇪 god be with you. #url# </document>
<Document> rt #user#: Disgusting! this is what socialist disarmament leaders are doing to the people. #url# </document>
<document> rt #user#: melisandre after the end of the fight #hashtag# #hashtag# #url# </document>
<document> #user# yes. seems to have been planned for decades</document>
<document> rt #user#: Three socialists walk into a bar and say, "Hey, drinks are on you!" #Hashtag# #URL# </document>
<Document> rt #user#: Scotland is 96% white. that's perfectly normal. #url# </document>
<document> rt #user#: Pope Francis is sending $500,000 to help migrants in Mexico trying to reach the United States. </document>
<document> #user# You should ignore these trolls. they are scum </document>
<document> rt #user#: Hate Hoax: Family accused of orchestrating anti-Semitic attack on their own restaurant #url# </document>
<document> rt #user#: now in france..... #url# </document>
<document> #user# I'm sorry for your loss </document>
<document> rt #user#: Thanks to everyone for the nice birthday wishes! </document>
<document> rt #user#: after #user# found #hashtag# (respect) the gig was over. the rest was the business we call "show". </document>
<document> rt #user#: good. tommy robinson announces candidacy for the european parliament #user# #url# </document>
<document> #user# paul krugman is never right so it looks like we're in great shape </document>
<documentt> #user# I would follow you twice if I could </document>
<document> #user# don't judge me </document>
<document> #user# is now working on the Lucifer principle. recommended by a really sharp guy here on twitter </document>
<Document> #user# Gorilla mentality. Harness the power of positive thinking now </document>
<document> #user# trust plan #hashtag# </document>
<document> #user# #user# #user# Do you think the rumors that Pence is dirty are true? </document>
<Document> rt #user#: President #user# is working to end human trafficking. #url# #hashtag# #hashtag# </document>
<Document> Rothschilds liquidate royal heirlooms in historic auction | Zero Hedge #url# </document>
<document> one step closer to bankruptcy #hashtag# #hashtag# #url# </document>
<document> #user# he's a weird guy now with a weird family </document>
<document> rt #user#: Satan gathers his powers for evil. #url# </document>
<document> rt #user#: I guarantee it won't be long before the Italian city covers crosses in cemeteries so as not to offend Muslims (video) </document>
<document> #user# why is the stock going up? makes no sense</document>
<document> is this article necessary? the problem with san francisco poop maps #url# #hashtag# </document>
<document> #user# nevertheless to get a clearer copy </document>
<document> rt #user#: Why isn't this a big story in the US? #url# </document>
<document> rt #user#: a message to my fellow Americans. #url# </document>
<Document> rt #user#: fixed point... Attention extremists. #url# </document>
<document> rt #user#: more people are killed for being Christian than any other religion. </document>
<document> #user# #user# and the ny times belong to the drug cartel </document>
<Document> rt #user#: Who says "Easter Worshipers"? People who don't want to say "Christian" that's who. #url# </document>
<document> rt #user#: i have never heard the term “easter worshiper” before. </document>
<document> #user# not since jfk </document>
<document> rt #user#: By "Easter Worshipers" she means Christians😏 #url# </document>
<document> #user# Damn no. Trump Republican </document>
<document> rt #user#: Latest: at least 138 dead, hundreds injured as explosions rock churches and hotels in Sri on Easter Sunday </document>
<document> rt #user#: blood money: how Qatar bought up the entire DC establishment #url# </document>
<document> rt #user#: how much did his parents pay to bring him to harvard?? #url# </document>
<document> #user# yes and out of that 3% I believe 1% are straight males </document>
<document> rt #user#: I just noticed this article 😅 - Liberals outraged by bikini photos of pro-Trump Dilbert creator's girlfriend </document>
<document> #user# lucky you </document>
<document> #user# #user# I'd care if it was an article about a missing patriot </document>
<document> rt #user#: woah. My goodness. whoops puke. 🤢🤮 #url# </document>
<document> rt #user#: Generally speaking, would you consider the mainstream media to be pro-war or anti-war? </document>
<document> #user# she's evil </document>
<document> rt #user#: When someone shows you who they are, believe them. #url# </document>
<document> Some people did something #user# #url# </document>
<document> rt #user#: I literally learned this self defense move last night at a party. (I'm totally serious.) #url# </document>
<Document> rt #user#: How does this woman walk through the convention halls? How. #url# </document>
<document> #user# does that mean he's no longer running for president? </document>
<document> #user# by the way, I had to follow you again, twitter is back </document>
<document> #user# agree. this is a rescue mission </document>
<document> rt #user#: Just a bad day for bad guys... #url# </document>
<document> rt #user#: ted lieu's face while being possessed by candace owens. These guys didn't know how to handle it. #url# </document>
<document> #user# i donI don't like the way this vote went. can i vote for bronson again? </document>
<document> #user# pete buttplug will prevail </document>
<document> rt #user#: a moment of prayer with senior military leadership at the White House🇺🇸 #user# #user# #url# </document>
<document> the Lifelog/Facebook conspiracy blog #hashtag# #hashtag# #url# </document>
<document> he doesn't sound too confident these days #url# </document>
<document> #user# this has been happening to me for a few years now, but I'm limited to around 2700 </document>
<document> #user# same here. They should follow their diet. You will feel great </document>
<document> rt #user#: is that verbal black face? #url# </document>
<Document> rt #user#: Identity Policy doesn't work! Please stop pandering to #user# #url# </document>
<document> #user# must be stupid. One is the best and the bad and the intelligent </document>
<document> rt #user#: we. have. A Winner!!!!!!!!!!!! #url# </document>
<document> #user# I can't stop laughing at this. #Hashtag# </Document>
<document> Agreement? Russians donated $35 million to corporations with John Podesta on board #hashtag# #url# </document>
<document> rt #user#: The New York Public Library is brainwashing your children. #url# #hashtag# #hashtag# #hashtag# #hashtag# </document>
<document> rt #user#: why are you flying?? stop destroying our world #url# </document>
<document> donald trump, jr.: "It became a business model" for media to attack the president and push collusion with Russia #url# </document>
<Document> Lindsey Graham: "Every day with President Trump is Christmas" #hashtag# #hashtag# #url# </document>
<document> #user# #user# have you never seen a bernie supporter? </document>
<document> rt #user#: i would like to hear congressman omar or tlaibs reply to this video... #url# </document>
<document> #user# #user# #user# stop the cat calling her </document>
<document> #user# I'm surprised. I heard he likes her much, much younger</document>
<document> Low iq people actually think aoc is brilliant and nothing will ever change their mind... #hashtag# #hashtag# </document>
<document> #user# - don lemon - joe scarborough - that lady on msnbc who looks like ralph macchio... </document>
<document> #user# to me it means a thing on your head that if removed men will stone you to death </document>
<document> rt #user#: #user# #user# thanks - I increased my followers by 100+ tonight! at 207</document>
<document> #user# Chivalry is not dead </document>
<Document> rt #user#: Trump is on fire and not presidential...and they love it! </document>
<document> #user# Georgia is so lucky </document>
<document> rt #user#: Which country is the greatest threat to America today? </document>
<document> #user# #user# here is the link "go fund me" #url# </document>
<document> #user# #user# If there's a way to get a collection started I'd love to help spread the word </document>
<document> #user# obama in the crosshairs #hashtag# </document>
<document> #user# she is right. Just kidding, I have no idea what she means 🤣 </document>
<document> #user# #user# what is this crazy Puta talking about? </document>
<document> rt #user#: Guess who let #hashtag# off the hook? #url# </document>
<Document> rt #user#: 100% correct Rand Paul: "Absolutely" subpoenaed Obama officials on Spygate. #url# </document>
<document> #user# who are you again? </document>
<document> #user# I think you know #url# </document>
<document> #user# he needs to eat more fiber </document>
<document> #user# avenatti dr dres daughter aoc don lemon </document>
<Document> #user# too. much. win. </document>
<document> rt #user#: Breaking news #user# claims she's found a way to end world hunger #url# </document>
<document> rt #user#: Time to investigate the Obama officials who invented and propagated the Russian conspiracy hoax! </document>
<document> #user# you always seem years ahead of the news..... </dodocument>
<document> rt #user#: How many of you today watch cnn and msnbc just for the comedy? 😂😂😂 </document>
<Document> rt #user#: -Mueller report says no collusion -Michael Avenatti arrested -SPLC President resigned, it's only 1:30pm Monday. </document>
<document> rt #user#: has #user# seen this video? #url# </document>
<document> rt #user#: Now can everyone stop calling us Russian bots because we are hot Trump supporters? #user# #url# </document>
<document> rt #user#: Which prosecutor would charge this as a crime? #url# </document>
<Document> rt #user#: This is the young man charged with a crime for preventing a 5-year-old from being raped by a 17-year-old. </document>
<document> rt #user#: Today is a good day for the good. </document>
<document> rt #user#: can alex jones come back now? </document>
<document> rt #user#: can no longer agree. see you soon. #url# </document>
<document> rt #user#: "We did not get as much out of the investigation as we stated." </document>
<document> #user# these beta males are really tough when typing on a computer </document>
<document> rt #user#: obama is very calm, wonder why? </document>
<document> #user# great timing. just posted that. more pictures on page #url# </document>
<Document> The New York Public Library is brainwashing your children. #url# #hashtag# #hashtag# #hashtag# #hashtag# </document>
<document> the New York Public Library is brainwashing our children #url# #url# </document>
<document> #user# the republicans freed their slaves </document>
<document> #user# #user# what is a “disenfranchised Trump voter”? is that real? </document>
<document> #user# no thanks 😂 </document>
<Document> rt #user#: Wonder if the media will cover this horrific crime against a conservative campus? #url# </document>
<document> #user# after the second term of Donald Trump jr. I will vote for you 😉 </document>
<document> #user# she probably just realized that she is the worst journalist of our lives 👍 </document>
<document> rt #user#: I think #hashtag# was right all along </document>
<document> rt #user#: Which journalist-turned-conspiracy theorist has benefited the most from 'russiagate'? </document>
<document> #user# got you 👍 </document>
<document> rt #user#: Buttercup ruffle #url# </document>
<document> #user# I've never seen Ralph Macchio so upset </document>
<document> #user# this looks like a normal day on the New York subway to me... </document>
<document> #user# I do a lot of homework for my children. They are exhausted when they come home. I make sure they know the stuff though... </document>
<document> rt #user#: Time to strike back! </document>
<document> #user# hours to two per day </document>
<Document> rt #user#: Abortion is murder, not self-care! 60% of deaths in African Americans are due to abortion. #url# </document>
<document> #user# he is a traitor and a mass murderer. Other than that, great guy </document>
<document> #user# #user# sorry to hear that Scott </document>
<document> rt #user#: This is for anyone who has been subjected to hate... #url# </document>
<document> rt #user#: probably the most difficult poll in Twitter history. most despicable? </document>
<document> #user# #user# #user# for me that's right </document>
<document> #user# he's great. I was wondering why I haven't seen his tweets in a while</document>
<document> those who are the loudest.... #url# </document>
<document> #user# Staten Island, New York 👍 </document>
<document> false flag to distract the public from what's coming #hashtag# #url# </document>
<document> rt #user#: This is stunning. #url# </document>
<document> rt #user#: great job #user# 🇺🇸💪🇺🇸💪🇺🇸 ivanka trump leads new campaign for 'well paying jobs', better education </document>
<document> or e: q is trump? #url# </document>
<document> Illegal Immigrant Arrested After Sex With Cow, Police Say #url# </document>
<Document> Journalist accuses twItter to test a more extreme "shadowban" technique on his #url# </document> account
<document> rt #user#: don't worry johnny...it's a dry heat! 👎👎 bhahaha! #url# </document>
<document> #user# #user# #user# Mr. Conway is too ugly for you </document>
<document> rt #user#: ladies, which do you prefer? #url# </document>
<document> rt #user#: This is the kind of meme that's alarming, either because it's so crazy or so true... #url# </document>
<document> #user# Sorry to hear that, Mike. similar genes in my family </document>
<Document> rt #user#: Who did this? 😂 #url# </document>
<document> rt #user#: the watch is worth it. #url# </document>
<document> rt #user#: so valuable. The world needs more people like number 50 👏👏 (via: #user#) #url# </document>
<document> Dr. Phil on the awkward interview with the Ben Shapiro show. dr Phil seems nervous #hashtag# #url# </document>
<document> rt #user#: Nigerian Muslim militants kill 120 Christians in three weeks #url# </document>
<document> #user# Hi Mike. when are you coming back to nyc </document>
<document> #user# I also got a 2.9 in college. barely. worked too many hours part-time. </document>
<document> rt #user#: Trumpf 2020 🇺🇸 #url# </document>
<document> rt #user#: How many of you think Fox News was wrong? #url# </document>
<document> #user# Damn persuasion. now i have to google it. </document>
<document> rt #user#: "pure genocide": over 6,000 Nigerian Christians slaughtered, mostly women and children #url# </document>
<document> #user# #user# #user# if she were alive you mean... </document>
<document> rt #user#: because no one could have seen it coming...? ffs!!!! #url# </document>
<document> rt #user#: work hard, find meaning, spread love, the rest will take care of itself </document>
<document> #user# get his. nvixm opens the door to Hollywood </document>
<document> #user# I heard his name is Francis </document>
<document> #user# you are 100% right mike. I never liked Mark Cuban. he knows better</document>
<document> someone wrote "the jude" on an rbg poster. The good news is that she won't feel bad since she's been dead for weeks #url# </document>
<document> and........it's a commie #url# </document>
<document> #user# The worse their secrets are, the easier they are to control </document>
<document> rt #user#: #user# gets rid of all these traitors #url# </document>
<document> rt #user#: Don't use his name. Don't share his video. do not share his manifesto. remember and pray for the victims. </document>
<document> rt #user#: Today I will publish big news about Mifsud. </document>