<author lang="en"  
	<document> #user# #user# #user# yes exactly </document>
		<document> going into 2.5 months since nye - brisbane #url# </document>
		<document> rt #user#: latest | police moved in on almost a dozen properties this morning. #url# </document>
		<document> #user# #user# do you support this guy? #url# based on your logic ..it would appear you do. </document>
		<document> #url# group of 25 people found exploring the melbourne city drains network. #hashtag# </document>
		<document> this case will be investigated further and its support network. </document>
		<document> canada is going hard printing lots of money. #url# </document>
		<document> #user# maybe like rotorua, nz ...people dont forget the smell </document>
		<document> #user# that la is short code for la badi beach, a famous beach in ghana. </document>
		<document> this topic and article is doing the rounds #url# - western sydney academic as author #url# </document>
		<document> #user# #user# .... and you supported your claims with (pffttt) #url# </document>
		<document> #user# #user# lol. clearly been living in australia too long sucking up western privileges. #url# </document>
		<document> #hashtag# #hashtag# #user# you know what to do. #url# </document>
		<document> #user# #user# seriously. you are a sucker if you think those left wing extremist clowns have anything to offer. </document>
		<document> #user# #user# what are you agreeing to? there's no substance in those claims just stories and you are being gullable ... </document>
		<document> #user# #user# of course. - it's about discussion </document>
		<document> #user# #user# blockers .. drink to that one #url# </document>
		<document> #user# watch this space. #url# </document>
		<document> #user# yea. not sure. trump is a guy that don't follow .. now and into future. </document>
		<document> #user# #user# lol. who was the actor in that story ☝️ </document>
		<document> #user# #user# you got to stop dealing with cowards who have more blocked accounts than friends. #url# </document>
		<document> #user# did you get the plate details? cctv? </document>
		<document> #user# abc television in australia are onto it #url# </document>
		<document> #user# abc television in australia are onto it #url# </document>
		<document> #user# abc australia are into it #url# </document>
		<document> #user# because that's their market as well as covering for..👇 #url# </document>
		<document> #user# #user# and protecting pedophiles #url# </document>
		<document> #user# above gab account ( and gab link in your bio) #url# </document>
		<document> #user# #user# at the holiday home. sounds like, an insurance fraudsters claim paradise. </document>
		<document> rt #user#: missing person harrison has been located. thanks for the retweets 💙 #url# </document>
		<document> rt #user#: #user# #user# he could be in the station carpark? #url# </document>
		<document> #user# #user# he could be in the station carpark? #url# </document>
		<document> rt #user#: #user# he is hiding somewhere #url# </document>
		<document> #user# he is hiding somewhere #url# </document>
		<document> #user# still on gab link not working </document>
		<document> he* = alfredo isho seated in a barber chair </document>
		<document> #user# please. let's vote for a shut down of sbs. #url# </document>
		<document> dan andrews is recovering in hospital didn't have one too many beers? #url# #url# </document>
		<document> edit: last night, sunday 7 march </document>
		<document> #user# #user# ☝️where you see that was it on the news or like many incidents hi unreported #hashtag# #hashtag# #hashtag# #user# </document>
		<document> rt #user#: nasty scenes in the cbd overnight. #url# </document>
		<document> #user# extra big lesbian ? like ssbbw ..super sized big beautifulnwoman #url# </document>
		<document> #user# 👍 thanks </document>
		<document> #user# #user# #user# code for: need more cctv so can sit at desk. #url# </document>
		<document> #user# this link about selling wine to india is a pay wall and therefore unreadable to most people. #url# </document>
		<document> #user# the link is a paywall #url# </document>
		<document> rt #user#: 15yo arrested over early morning servo ram-raid #url# </document>
		<document> #user# no but - anything to retweet swing it over. </document>
		<document> he was arrested on mcgregor rd near the train crossing around 8.20am. nothing else to report. - melbourne </document>
		<document> #user# i'll update here if anything </document>
		<document> hobson's bay. mekbourne. wanted for break ins and assaults #url# </document>
		<document> #user# hate to see the quality if uour "research". why don't you elaborate ...attacks by whom? #url# </document>
		<document> #user# #user# irish were part of the first fleet remember. </document>
		<document> rt #user#: golf#hashtag# coast bulletin #url# </document>
		<document> #user# yes, something smells. </document>
		<document> 2) photos reportedly (from another source) put in mannequins but later removed. #url# </document>
		<document> #user# #user# they are trying to advertise life back into the city. #url# </document>
		<document> #user# written by china using saudi observers for fine-tuning on human rights passages. </document>
		<document> #user# mayor kahn said "london is open" also </document>
		<document> #user# london is open also according to kahn </document>
		<document> #user# ... things improve for bryce and melissa </document>
		<document> #user# unfortunately, even more bizarre things happen later with those two bryce and melissa </document>
		<document> #user# you mean you want more stories? #url# </document>
		<document> prahran police sergeant tony marasco said four men of african appearance turned up to the venue and spoke to security staff. </document>
		<document> edit: does australia*.. </document>
		<document> who's following who? for australia take its guidance from ireland? #url# </document>
		<document> when will countries realise. china is not your friend. #url# </document>
		<document> #user# #user# #user# ask #user# he might be suffering the same </document>
		<document> #user# with a martha kalifatidis sounding voice </document>
		<document> #user# she sounds like martha kalifatidis </document>
		<document> #user# she sounds like last year's girl martha kalifatidis </document>
		<document> #user# yea done retweeted </document>
		<document> another home invasion in victoria. #url# </document>
		<document> #user# that will make its way to the dividends </document>
		<document> #user# he doesn't know - what a kiwi fruit is - that it was salmon on plate - and what breed of dogs he has. </document>
		<document> #user# he doesn't know - what a kiwi fruit is - that it was salmon on plate - and what breed of dogs he has. #url# </document>
		<document> #hashtag# melbourne #user# #hashtag# #url# </document>
		<document> this link has a different take on it, making a claim that it was to do with an african gang initiation #url# </document>
		<document> all parties involved in the incident were known to each other. </document>
		<document> #url# melbourne home invasion </document>
		<document> rt #user#: murder at pool hall and hookah bar in melbournes west - nothing good comes from this area #url# </document>
		<document> #user# probably working from home these days with fewer applications #url# </document>
		<document> #user# an australian passport is grossly expensive. wonder where the revenue is being divided. </document>
		<document> #user# #user# for anyone outside of nz they'd need to lookup what a "wets" is </document>
		<document> harvey norman to keep $22m in jobkeeper despite profits doubling to $462m in pandemic. #hashtag# #url# </document>
		<document> #user# #user# #user# 👍 for the link </document>
		<document> rt #user#: #user# criminal refugee wins appeal to avoid deportation #url# </document>
		<document> #user# ,,👍 thanks for that </document>
		<document> #user# he looked at her as if she was a piece of meat (so she thought) #url# </document>
		<document> #user# as the show rolls they have more join like last year. </document>
		<document> #user# they've been milked dry for a year now as people get out </document>
		<document> #user# just the new one sounds like she is a voiceover from some beauty product ad. </document>
		<document> #user# all charming one minute - but turns the other way, shut down, resentful and avoidant. great hubby lol. </document>
		<document> rt #user#: #hashtag# is dan andrews younger brother on the next series of #hashtag#? #url# </document>
		<document> economists warn. but josh is not listening. the state governments aren't listening. #hashtag# #hashtag# #hashtag# #hashtag# #url# </document>
		<document> #user# #user# ahh. we need post more good news stories for ireland. #url# </document>
		<document> #user# #user# arrived in australia in 2010. can't get rid of him. #hashtag# #url# </document>
		<document> #user# #user# was this case in brisbane, australia? #url# </document>
		<document> #user# you know it won't be a mixed race group. it is rare to see. worth putting a bet on. </document>
		<document> #user# #user# most of asia </document>
		<document> the same company administering covid doses in qld involved in the hotel quarantine program in victoria. #url# </document>
		<document> rt #user#: woman who blackmailed couple over photos of dying child has appeal rejected #url# </document>
		<document> #user# #user# maybe he's an ex wa cop and driven emegency vehicles which have reverse lettering #url# </document>
		<document> #user# just focus on muslim women. #url# </document>
		<document> #user# #user# that's the police release. #url# </document>
		<document> #user# cases of right wing extremism are extremely low compared with islamic extremism in australia. </document>
		<document> #user# no mask alscroat? #url# </document>
		<document> #user# yea. guess you are right. let's have a one sided system #url# </document>
		<document> wait until the superranuation withdrawel frauds are gone through. </document>
		<document> the fine for curfew breach was $5,000 at one stage </document>
		<document> #user# #user# melbourne's very own ... lakemba. welcome to broadmeadows - dallas. </document>
		<document> #user# that guy needs to be in canada! check this out. #url# </document>
		<document> #user# #url# - cc #hashtag# #hashtag# #hashtag# travel australia tourism victoria nsw queensland </document>
		<document> tennis australia was recently able to charter flights to deliver tennis stars to melbourne for its grand slam. </document>
		<document> #user# #user# ... 1 hour later #url# </document>
		<document> rt #user#: #user# #user# #user# #user# what a coward. #url# </document>
		<document> #user# #user# #user# #user# what a coward. #url# </document>
		<document> #user# cops did it all wrong. they needed to have come in and kneel before the crowd. #url# </document>
		<document> have the cops lost control of the north #url# </document>
		<document> #user# #user# could be blowing just hot air out that syringe ... like that #user# character </document>
		<document> #user# #user# let's see if his ticker is still tocking next week... </document>
		<document> rt #user#: the girl was swimming back to the ladder of the pier when the unknown man grabbed her and sexually assaulted her. </document>
		<document> #user# policing services delivery for the future to meet community needs and expectations well into the future. </document>
		<document> #user# first step is a thumbs down on the youtube video. seems the unlikes are nearing par with the likes </document>
		<document> #user# out comes a survey by victoria police seeking public feedback how they're doing - #url# </document>
		<document> #user# out comes a survey by victoria police seeking public feedback how they're doing - #url# </document>
		<document> #user# out comes a survey by victoria police seeking public feedback how they're doing - #url# </document>
		<document> at the same time out comes a youtube video by victoria police about a survey to hear public feedback - #url# </document>
		<document> #user# aha.. would they be using them in yemen? the wikipedia link probably needs updating then. </document>
		<document> #user# 😆 that's exactly right </document>
		<document> meanwhile in nz #url# </document>
		<document> #user# 17 feb 2021 - what's above then? #url# </document>
		<document> it's a trend guys. #hashtag# made that facial expression go viral. #url# </document>
		<document> #user# gab needs a lot of work. god it can be slow </document>
		<document> there's always #hashtag# australia #url# </document>
		<document> melbourne sydney brisbane #user# #user# #user#politics #url# </document>
		<document> #user# #user# he had the luck of the irish on his side up to a moment </document>
		<document> #user# wrong person before. repost the link #url# </document>
		<document> #user# apparantly a lot of them used the funds to combine with first home buyers grants etc to buy houses </document>
		<document> #user# #user# his ward mates #url# </document>
		<document> tear down of that tweet: 1 "guy in icu" 2. speaks to the age. ehhh? #url# </document>
		<document> #user# streamlining compliance is necessary not winding back disclosures. </document>
		<document> #user# #user# #user# #user# have you seen the fake beer - budweiser. #url# </document>
		<document> edit: ..to a specific audience* </document>
		<document> rt #user#: spotted in hainan. must admit i have never come across these australian labels! #url# </document>
		<document> #user# funny they hang together like a bad smell. just wafting along somewhere else. </document>
		<document> rt #user#: australia 'overreacting' to chinese development plans on northern border #url# </document>
		<document> #user# fat soluble isn't it. how is it administered properly? </document>
		<document> rt #user#: #user# #user# very mysterious #url# </document>
		<document> #user# #user# just unfollow and block dude. it's that simple. #url# </document>
		<document> #user# another paywall. poor user experience fyi - to click your feed. #url# </document>
		<document> #user# #user# #user# #user# #user# #user# #user# "poor countries" - who are these countries? </document>
		<document> #user# #user# #user# #user# appears a russian bot who loves bright colours. </document>
		<document> #user# ok, twitter needs to go and deplatform these people. </document>
		<document> *edit: lack of affordability </document>
		<document> #user# #user# #user# the arteries are screaming no #url# </document>
		<document> rt #user#: nothing beats beef!!! #user# #user# #user# #url# </document>
		<document> #user# 👇 permitted reason. is that a form to be filled. #url# </document>
		<document> #user# no. just 5klm limit so i haven't seen. people can visit? </document>
		<document> #user# ...lot of chemists would have stocked up on viagra as well </document>
		<document> #user# "professional athletes are deemed “essential workers” #url# </document>
		<document> #user# #user# #user# #user# #user# seems dale took the bait by some greens voters. their plan worked. </document>
		<document> #user# the cat ladies have problems keeping up with the rolls #url# </document>
		<document> #user# sounds like you learnt something. #url# </document>
		<document> #user# yes. wedding plans off for a friend. </document>
		<document> rt #user#: not even joking #url# </document>
		<document> #user# pooh joggers again </document>
		<document> #user# #user# these paywalls are a poor user experience. everything clicked goes to a subscribe request #url# </document>
		<document> #user# asking to subscribe to read poor user experience #url# </document>
		<document> #user# story goes to a **paywall** #url# </document>
		<document> rt #user#: breaking: the boyfriend of missing mum ju “kelly” zhang has been charged with her murder. #url# </document>
		<document> #user# #user# 👍 cheers for the link </document>
		<document> #user# "new era etc ". world economic forum political speak - global reset. </document>
		<document> #user# spiderman was out doing deliveries at the time #url# </document>
		<document> #user# how do people know what goes on from field to the back room. customers drop veggies in the ground etc. </document>
		<document> #user# of course. scomo drove down as well on hearing 😃😂 </document>
		<document> #url# article from print newspaper about this. </document>
		<document> rt #user#: #user# no mention of the 11 (maybe 12 depending on source) africans that arrived in the first fleet? </document>
		<document> #user# no mention of the 11 (maybe 12 depending on source) africans that arrived in the first fleet? #url# </document>
		<document> #user# that was good #url# </document>
		<document> rt #user#: #user# looks like the animals are upset about it. #url# </document>
		<document> #user# #user# #user# #user# towards others with weapons, actual violence, theft etc nothing. </document>
		<document> . - google needs to label paywall sites clearly, rather than have users click links, only to keep end in frustration. </document>
		<document> #user# should this be going to #user# for policy review? </document>
		<document> rt #user#: #user# #user# #user# smoke screening and fear mongering when in reality, islam is the threat. </document>
		<document> #user# #user# #user# smoke screening and fear mongering when in reality, islam is the threat. #url# </document>
		<document> #user# you also need to address why there are so many muslims in australian jail's. #url# </document>
		<document> #user# #user# #user# we don't have fascism in australia - dictatorial power, forcible suppression of opposition. </document>
		<document> #user# why don't you mention the killings of minorities and non muslims in pakistan? #url# </document>
		<document> #user# here's the article #url# </document>
		<document> #user# yea, not clear. the removal was swift tho </document>
		<document> #user# #user# #user# nah. there's no wishing she was african. </document>
		<document> #user# #user# #user# have been off news feeds. have retweeted ..thanks for that </document>
		<document> #user# glgood link. thanks for that. </document>
		<document> edit: find not fine* </document>
		<document> #user# #user# heard about it but have never seen it. </document>
		<document> #user# not a brothel receptionst tho </document>
		<document> no descriptions. what hope is there. #url# </document>
		<document> #user# the search capabilities of her brain are extremely limited. </document>
		<document> #user# #user# another one for the files. #url# </document>
	  <author lang="en"
<document> #user# #user# #user# yes exactly </document>
<document> 2.5 months after new years eve - brisbane #url# </document>
<document> rt #user#: last | Police entered nearly a dozen properties this morning. #url# </document>
<document> #user# #user# do you support this guy? #url# based on your logic .. it would seem so. </document>
<document> #url# a group of 25 people found exploring the Melbourne city sewer system. #hashtag# </document>
<document> this case will be investigated further and its support network. </document>
<document> Canada is going hard printing lots of money. #url# </document>
<document> #user# maybe like rotorua, nz ...people don't forget the smell </document>
<document> #user# which is the shortcode for badi beach, a famous beach in ghana. </document>
<document> this topic and article are making the rounds #url# - western sydney scholar as author #url# </document>
<document> #user# #user# .... and you supported your claims with (pffttt) #url# </document>
<document> #user# #user# lol. clearly I've been living in Australia for too long sucking up western privilege. #url# </document>
<document> #hashtag# #hashtag# #user# you know what to do. #url# </document>
<document> #user# #user# for real. you're an idiot if you think those leftist extremist clowns have anything to offer. </document>
<document> #user# #user# what do you accept? there is no substance to those claims just stories and you are gullible…</document>
<document> #user# #user# of course. - regards the discussion </document>
<document> #user# #user# blockers .. drink to that one #url# </document>
<document> #user# controls this space. #url# </document>
<document> #user# yes. not sure. Trump is a non-following guy… now and in the future. </document>
<document> #user# #user# lol. who was the actor in that story ☝️ </document>
<document> #user# #user# you need to stop dealing with cowards who have more blocked accounts than friends. #url# </document>
<document> #user# did you get license plate details? video surveillance? </document>
<document> #user# abc television in australia agrees #url# </document>
<document> #user# abc television in australia agrees #url# </document>
<document> #user# abc australia is in #url# </document>
<document> #user# because that is their market as well as covering for..👇 #url# </document>
<document> #user# #user# and protect pedophiles #url# </document>
<document> #user# above gab account (and gab link in your bio) #url# </document>
<document> #user# #user# at the vacation home. sounds like, an insurance fraudster claims heaven. </document>
<document> rt #user#: missing person harrison has been located. thanks for the retweets 💙 #url# </document>
<document> rt #user#: #user# Could #user# be in the station car park? #url# </document>
<document> #user# Could #user# be in the station car park? #url# </document>
<document> rt #user#: #user# is hiding somewhere #url# </document>
<document> #user# is hiding somewhere #url# </document>
<document> #user# still on broken gab link </document>
<document> he* = Alfredo isho sitting in a barber chair </document>
<document> #user# please. let's vote for the closure of sbs. #url# </document>
<document> dan andrews recovering in hospital didn't he drink too many beers? #url# #url# </document>
<document> edit: last night, Sunday March 7 </document>
<document> #user# #user# ☝️where do you see it was in the news or how many incidents hello unreported #hashtag# #hashtag# #hashtag# #user# </document>
<document> rt #user#: bad scene in the cbd during the night. #url# </document>
<document> #user# lesbian extra thick ? like ssbbw ..huge beautiful woman #url# </document>
<document> #user# 👍 thanks </document>
<document> #user# #user# #user# code for: Need more CCTV cameras to sit at desk. #url# </document>
<document> #user# this link on ifFilling wine in India is a paid wall and therefore unreadable for most people. #url# </document>
<document> #user# link is paywall #url# </document>
<document> rt #user#: 15yo arrested for morning raid of servant ram #url# </document>
<document> #user# no but - anything to retweet. </document>
<document> was arrested on mcgregor rd near the level crossing at around 8.20am. nothing else to report. - melbourne </document>
<document> #user# I'll update here if anything </document>
<document> hobson bay. mekbourne. wanted for burglary and assault #url# </document>
<document> #user# I hate seeing the quality of your "research". why don't you elaborate ... attacks by whom? #url# </document>
<document> #user# #user# the Irish were part of the first fleet you remember. </document>
<document> rt #user#: golf#hashtag# coast bulletin #url# </document>
<document> #user# yes, something smells. </document>
<document> 2) photos reportedly (from another source) placed in mannequins but later removed. #url# </document>
<document> #user# #user# are trying to advertise city living. #url# </document>
<document> #user# written by China using Saudi observers to finalize human rights passages. </document>
<document> #user# mayor kahn said "london is open" too </document>
<document> #user# london is also open according to kahn </document>
<document> #user# ... things are looking up for bryce and melissa </document>
<document> #user# unfortunately, even more bizarre things happen later with those two Bryce and Melissa </document>
<document> #user# do you mean you want more stories? #url# </document>
<document> prahran police sergeant tony marasco said four african-looking men showed up at the scene and spoke to security personnel. </document>
<document> edit: does australia*.. </document>
<document> who is following whom? for australia to take its guide from ireland? #url# </document>
<document> when countries realize it. China is not your friend. #url# </document>
<document> #user# #user# #user# ask #user# who may suffer the same </document>
<document> #user# with martha kalifatidis voice playing </document>
<document> #user# sounds like martha kalifatidis </document>
<document> #user# looks like last year's girl, Martha kalifatidis </document>
<document> #user# yea done retweeted </document>
<document> another home invasion in Victoria. #url# </document>
<document> #user# who will achieve dividends </document>
<document> #user# doesn't know - what is a kiwi - what was salmon in the dish - and what kind of dogs he has. </document>
<document> #user# doesn't know - what is a kiwi - what was salmon in the dish - and what kind of dogs he has. #url# </document>
<document> #hashtag# melbourne #user# #hashtag# #url# </document>
<document> this link takes a different view, stating that it had to do with an African gang initiation #url# </document>
<document> all parties involved in the accident knew each other. </document>
<document> #url# melbourne home invasion </document>
<document> rt #user#: Murder in Melbourne West snooker hall and hookah bar - nothing good comes from this area #url# </document>
<document> #user# probably works from home these days with fewer applications #url# </document>
<document> #user# An Australian passport is very expensive. I wonder where the revenue is split. </document>
<document> #user# #user# anyone outside of nz should look up what a "wets" is </document>
<document> harvey norman to keep $22 million in jobs despite profits doubling to $462 million in pandemic. #hashtag# #url# </document>
<document> #user# #user# #user# 👍 for the </document> link
<document> rt #user#: Criminal refugee #user# wins appeal to avoid deportation #url# </document>
<document> #user# ,,👍 thanks for this </document>
<document> #user# watched her while If was a piece of meat (so he thought) #url# </document>
<document> #user# as the show goes on they have more memberships like last year. </document>
<document> #user# have been dry milked for a year now as people exit </document>
<document> #user# only the new one sounds like the voiceover of a beauty product commercial. </document>
<document> #user# all charming for a minute - but turns away, withdrawn, resentful and avoidant. great hubby lol. </document>
<document> rt #user#: Is #hashtag# Dan Andrews' younger brother in the upcoming series of #hashtag#? #url# </document>
<document> economists warn. but josh isn't listening. state governments are not listening. #hashtag# #hashtag# #hashtag# #hashtag# #url# </document>
<document> #user# #user# ahh. we need to publish more good news for Ireland. #url# </document>
<document> #user# #user# arrived in australia in 2010. i can't get rid of it. #hashtag# #url# </document>
<document> #user# #user# was this case in brisbane, australia? #url# </document>
<document> #user# you know it won't be a mixed-race group. it is rare to see. worth the bet. </document>
<document> #user# #user# most of asia </document>
<document> the same company administering covid doses in qld involved in the hotel quarantine program in victoria. #url# </document>
<document> rt #user#: Woman who blackmailed couple over photos of dying baby refused appeal #url# </document>
<document> #user# #user# maybe he is an ex wa cop and drove emergency vehicles that have reversed #url# </document>
<document> #user# focuses on Muslim women only. #url# </document>
<document> #user# #user# This is the police release. #url# </document>
<document> #user# cases of right-wing extremism are extremely low compared to islamic extremism in australia. </document>
<document> #user# no mask alscroat? #url# </document>
<document> #user# yes. i guess you are right. let's have a one-sided #url# </document> system
<document> wait until override termination fraud is resolved. </document>
<document>curfew violation fine was $5,000 at one point</document>
<document> #user# #user# melbourne is very personal... lakemba. welcome to Broadmeadows - Dallas. </document>
<document> #user# that guy must be in Canada! check it. #url# </document>
<document> #user# #url# - cc #hashtag# #hashtag# #hashtag# travel australia tourism victoria nsw queensland </document>
<document> tennis australia was recently able to charter flights to take tennis stars to melbourne for its grand slam. </document>
<document> #user# #user# ... 1 hour after #url# </document>
<document> rt #user#: #user# #user# #user# #user# what a coward. #url# </document>
<document> #user# #user# #user# #user# what a coward. #url# </document>
<document> #user# the cops got it all wrong. they were to enter and kneel before the crowd. #url# </document>
<document> Make the police lose control of the north #url# </document>
<document> #user# #user# could only blow warm air from that syringe... like that character #user# </document>
<document> #user# #user# let's see if his ticker still rings next week... </document>
<document> rt #user#: The girl was swimming towards the dock ladder when the unknown man grabbed her and sexually assaulted her. </document>
<document> #user# provision of policing services for the future to meet the needs and expectations of the community well into the future. </document>
<document> #user# the first step is a thumbs down to the youtube video. it seems that dissimilars are getting closer to likes </document>
<document> #user# Victoria Police survey is out seeking public feedback on how they are doing - #url# </document>
<document> #user# Victoria Police survey is out seeking public feedback on how they are doing - #url# </document>
<document> #user# Victoria Police survey is out asking the public for feedback on how they are doing - #url# </document>
<document> Simultaneously a video is posted on Victoria Police youtube about a poll to listen to public feedback - #url# </document>
<document> #user# aha.. would they use them in yemen? the wikipedia link probably needs to be updated then. </document>
<document> #user# 😆 exactly </document>
<document> meanwhile in nz #url# </document>
<document> #user# 17 Feb 2021 - what's on it then? #url# </document>
<document> is a kids trend. #hashtag# made that facial expression go viral. #url# </document>
<document> #user# gab needs a lot of work. god it can be slow </document>
<document> is always #hashtag# australia #url# </document>
<document> melbourne sydney brisbane #user# #user# #user#politics #url# </document>
<document> #user# #user# has had the luck of the Irish on his side until recently </document>
<document> #user# wrong person first. repost the link #url# </document>
<document> #user# apparently many of them have used the funds to combine with grants for first home buyers etc. to buy houses </document>
<document> #user# #user# his ward mates #url# </document>
<document> demolition of that tweet: 1 "kid in icu" 2. talk to age. huh? #url# </document>
<document> #user# simplify compliance you must not cancel disclosures. </document>
<document> #user# #user# #user# #user# have you seen the fake beer - budweiser. #url# </document>
<document> change: ..to a specific audience* </document>
<document> rt #user#: spotted in hainan. I have to admit I have never come across these Australian labels! #url# </document>
<document> #user# funny they stick together like a bad smell. just flying somewhere else. </document>
<document> rt #user#: Australia 'overreacting' to Chinese development plans on northern border #url# </document>
<document> #user# fat soluble right? how is it administered correctly? </document>
<document> rt #user#: #user# #user# very mysterious #url# </document>
<document> #user# #user# just unfollow and block dude. It's that simple. #url# </document>
<document> #user# another paywall. poor user experience fyi - to click on your feed. #url# </document>
<document> #user# #user# #user# #user# #user# #user# #user# "poor countries" - who are these countries? </document>
<document> #user# #user# #user# #user# a Russian bot that loves bright colors appears. </document>
<document> #user# ok, twitter needs to go and deplatform these people. </document>
<document> *edit: lack of accessibility </document>
<document> #user# #user# #user# arteries scream no #url# </document>
<document> rt #user#: nothing beats beef!!! #user# #user# #user# #url# </document>
<document> #user# 👇 reason allowed. is that a form to fill out. #url# </document>
<document> #user# n. only 5klm limit so i didn't see. can people visit? </document>
<document> #user# ...many pharmacists would have also stocked up on viagra </document>
<document> #user# "Professional athletes are considered “essential workers” #url# </document>
<document> #user# #user# #user# #user# #user# Dale seems to have taken the bait with some green voters. their plan worked. </document>
<document> #user# cats are having trouble keeping up with #url# </document> roles
<document> #user# You seem to have learned something. #url# </document>
<document> #user# yes. wedding plans for a friend. </document>
<document> rt #user#: not kidding #url# </document>
<document> #user# pooh is jogging again </document>
<document> #user# #user# these paywalls are a very bad user experience. everything clicked goes to a #url# </document> subscription request
<document> #user# asks to subscribe to read poor user experience #url# </document>
The history of <document> #user# goes to a **paywall** #url# </document>
<document> rt #user#: breaking: Missing mom ju "kelly" zhang's boyfriend was charged with her murder. #url# </document>
<document> #user# #user# 👍 cheers for the </document> link
<document> #user# "new era etc ". world economic forum political speech - global reset. </document>
<document> #user# spiderman was out delivering at the time #url# </document>
<document> #user# how do people know what's going on from the field to the back room. customers drop vegetables in the ground etc. </document>
<document> #user# of course. even uncomfortable he went down to the hearing 😃😂 </document>
<document> #url# print journal article about this. </document>
<document> rt #user#: #user# no mention of the 11 (maybe 12 depending on source) Africans who arrived with the 1st fleet? </document>
<document> #user# no mention of the 11 (maybe 12 depending on source) Africans who arrived with the 1st fleet? #url# </document>
<document> #user# which was fine #url# </document>
<document> rt #user#: #user# it seems the animals are angry about this. #url# </document>
<document> #user# #user# #user# #user# against others with weapons, outright violence, theft, etc. Nothing. </document>
<document> . - google needs to clearly label paywall sites, rather than making users click links, just to keep the frustration going. </document>
<document> Should #user# go to #user# for policy review? </document>
<document> rt #user#: #user# #user# #user# smoke filters and alarmism when in reality the threat is Islam. </document>
<document> #user# #user# #user# smoke filters and alarmism when in reality the threat is Islam. #url# </document>
<document> #user# you also need to explain why there are so many Muslims in Australian prisons. #url# </document>
<document> #user# #user# #user# we don't have fascism in Australia - dictatorial power, forced suppression of opposition. </document>
<document> #user# why don't you talk about the killings of minorities and non-Muslims in Pakistan? #url# </document>
<document> #user# here is the article #url# </document>
<document> #user# yes, it's not clear. removal was quick though </document>
<document> #user# #user# #user# nah. there is no wish she was African. </document>
<document> #user# #user# #user# has been disabled from news feeds. they retweeted ..thanks for this </document>
<document> #user# glgood link. thanks for that. </document>
<document> edit: find is bad* </document>
<document> #user# #user# has heard of it but never seen it. </document>
<document> #user# is not a brothel reception though </document>
<document> no description. what hope is there. #url# </document>
<document> #user# your brain's search capabilities are extremely limited. </document>
<document> #user# #user# another one for files. #url# </document><Author lang="en"
<document> #user# #user# #user# yes exactly </document>
<document> 2.5 months ago since NYE - Brisbane #url# </document>
<document> rt #user#: newest | Police moved into nearly a dozen properties this morning. #url# </document>
<document> #user# #user# do you support this guy? #url# based on your logic... it seems you do. </document>
<document> #url# Group of 25 people found exploring Melbourne city's sewer system. #Hashtag# </Document>
<Document> This case is under further investigation and its support network. </document>
<Document> Canada prints a lot of money. #url# </document>
<document> #user# maybe like rotorua, nz... people don't forget the smell </document>
<document> #user# that la is short code for la badi beach, a famous beach in ghana. </document>
<document> This topic and article are making the rounds #url# - Western Sydney Academic as Author #url# </document>
<document> #user# #user# .... and you backed up your claims with (pffttt) #url# </document>
<document> #user# #user# lol. I've definitely lived in Australia for too long and soaked up Western privileges. #url# </document>
<document> #hashtag# #hashtag# #user# You know what to do. #url# </document>
<document> #user# #user# seriously. You're a sucker if you think these far left clowns have anything to offer. </document>
<document> #user# #user# what do you agree with? These claims contain no substance, only stories, and you are gullible... </document>
<document> #user# #user# of course. - it's about discussion </document>
<document> #user# #user# blocker .. drink to that one #url# </document>
<document> #user# is watching this space. #url# </document>
<document> #user# yes. not sure. Trump is a guy who doesn't follow... now and in the future. </document>
<document> #user# #user# lol. Who was the actor in this story ☝️ </document>
<document> #user# #user# You need to stop dealing with cowards who have more banned accounts than friends. #url# </document>
<document> #user# did you get the license plates? video surveillance? </document>
<document> #user# ABC Television in Australia is #url# </document>
<document> #user# ABC Television in Australia is #url# </document>
<document> #user# abc australia it says #url# </document>
<document> #user# because that's their market, as well as the cover for..👇 #url# </document>
<document> #user# #user# and Pedophile Protection #url# </document>
<document> #user# via gab account (and gab link in your bio) #url# </document>
<Document> #user# #user# in the holiday home. Sounds like an insurance scammer is claiming paradise. </document>
<Document> rt #user#: The missing person Harrison has been found. Thanks for the retweets 💙 #url# </document>
<document> rt #user#: #user# #user# could he be in the station car park? #url# </document>
<document> #user# #user# could he be in the station car park? #url# </document>
<document> rt #user#: #user# he is hiding somewhere #url# </document>
<document> #user# he is hiding somewhere #url# </document>
<document> #user# still not working on Gab link </document>
<document> er* = alfredo isho is sitting in a barber chair </document>
<document> #user# please. we vote for a shutdown of sbs. #url# </document>
<Document> Dan Andrews recovering in hospital Didn't he have a beer too many? #url# #url# </document>
Edit <document>: last night, Sunday, March 7th </document>
<document> #user# #user# ☝️where you see it was in the news or how many incidents hi unreported #hashtag# #hashtag# #hashtag# #user# </document>
<document> rt #user#: nasty scenes in cbd overnight. #url# </document>
<document> #user# extra large lesbians? like ssbbw ..super tall tall beautiful woman #url# </document>
<document> #user# 👍 thanks </document>
<document> #user# #user# #user# Code for: need more CCTV so I can sit at the desk. #url# </document>
<document> #user# this link via seFilling wine to India is a pay wall and therefore unreadable for most people. #url# </document>
<document> #user# the link is a paywall #url# </document>
<document> rt #user#: 15-year-old arrested for early morning servo ram robbery #url# </document>
<document> #user# no but - anything to retweet swing it over. </document>
<Document> He was arrested around 8.20am on Mcgregor Road near the level crossing. nothing else to report. - Melbourne </document>
<document> #user# I'll update here if anything </document>
<document> Hobson's Bay. mekbourne. Wanted for burglary and assault #url# </document>
<document> #user# hates seeing the quality of your "research". Why don't you explain... Attacks by whom? #url# </document>
<document> #user# #user# irish were part of the first fleet, remember. </document>
<Document> rt #User#: Golf#Hashtag# Coast Bulletin #URL# </Document>
<document> #user# yes, something smells. </document>
<Document> 2) Photos (from another source) were reportedly inserted into mannequins but later removed. #url# </document>
<document> #user# #user# they are trying to bring the city back to life. #url# </document>
<Document> #user# written by China with Saudi observers to fine-tune human rights passages. </document>
<document> #user# Mayor Kahn also said "London is open" </document>
<document> #user# london is also open according to kahn </document>
<document> #user# ... get well soon for Bryce and Melissa </document>
<document> #user# Unfortunately, bizarre things happen later with these two Bryce and Melissa </document>
<document> #user# do you think you want more stories? #url# </document>
<Document> Police Sergeant Tony Marasco of Prahran said four African-looking men came to the venue and spoke to security personnel. </document>
<document> edit: does australia*.. </document>
<Document> Who is following whom? let Australia be ruled by Ireland? #url# </document>
<document> when will the countries realize this. China is not your friend. #url# </document>
<document> #user# #user# #user# ask #user# he may be suffering from the same </document>
<document> #user# in a martha kalifatidis sounding voice </document>
<document> #user# she sounds like martha kalifatidis </document>
<document> #user# she sounds like last year's girl, Martha Kalifatidis </document>
<document> #user# yes done retweeted </document>
<document> another home invasion in Victoria. #url# </document>
<document> #user#, which will find its way to the dividends </document>
<document> #user# he doesn't know - what a kiwi is - that it was salmon on the plate - and what breed of dog he has. </document>
<document> #user# he doesn't know - what a kiwi is - that it was salmon on the plate - and what breed of dog he has. #url# </document>
<Document> #Hashtag# Melbourne #User# #Hashtag# #URL# </Document>
<document> this link has a different view and claims it has to do with an African gang initiation #url# </document>
<Document> all parties involved in the incident were known to each other. </document>
<document> #url# Melbourne home invasion </document>
<document> rt #user#: Murder at pool hall and shisha bar in Melbourne West - nothing good comes from this area #url# </document>
<document> #user# is probably working from home with fewer applications #url# </document> these days
<document> #user# an Australian passport is incredibly expensive. Wondering where the revenue is split. </document>
<document> #user# #user# for anyone outside of nz you would need to look up what a "wets" is </document>
<Document> Harvey Norman holds $22 million in jobkeepers even though profits have doubled to $462 million in the pandemic. #Hashtag# #URL# </document>
<document> #user# #user# #user# 👍 for the link </document>
<document> rt #user#: #user# criminal fugitive wins appeal to avoid deportation #url# </document>
<document> #user# ,,👍 thanks for that </document>
<Document> #user# he looked at her as IIf she was a piece of meat (so she thought) #url# </document>
<document> #user# as the show rolls, they'll have more joining like last year. </document>
<document> #user# they've been milked dry for a year when people get off </document>
<document> #user# just the new one sounds like it's an voiceover from a beauty products ad. </document>
<document> #user# quite charmingly for a minute - but turns the other way, withdrawn, resentful and avoidant. great husband lol. </document>
<document> rt #user#: #hashtag# is Dan Andrew's younger brother in the next series of #hashtag#? #url# </document>
<Document> Economists warn. but josh is not listening. State governments are not listening. #hashtag# #hashtag# #hashtag# #hashtag# #url# </document>
<document> #user# #user# ahh. We need to release more good news for Ireland. #url# </document>
<Document> #user# #user# arrived in Australia in 2010. I can't get rid of him. #Hashtag# #URL# </document>
<document> #user# #user# was this case in Brisbane, Australia? #url# </document>
<document> #user# You know it won't be a mixed race group. it is rarely seen. worth a bet. </document>
<document> #user# #user# almost all of Asia </document>
<Document> the same company that administers Covid doses in QLD was involved in the hotel quarantine program in Victoria. #url# </document>
<document> rt #user#: Woman who blackmailed couple over photos of dying child declined appeal #url# </document>
<document> #user# #user# maybe he's an ex-Wa cop and has driven emergency vehicles reversed #url# </document>
<document> #user# only focuses on Muslim women. #url# </document>
<Document> #user# #user# this is the police clearance. #url# </document>
<document> #user# Cases of right-wing extremism are extremely low compared to Islamic extremism in Australia. </document>
<document> #user# no mask as Croatian? #url# </document>
<document> #user# yes. guess you're right Let's have a one-page system #url# </document>
<document> wait for superranuation withdrawal scams to go through. </document>
<document> The fine for curfew violations was at times $5,000 </document>
<document> #user# #user# Melbourne's very own... Lakemba. Welcome to Broadmeadows-Dallas. </document>
<document> #user# this guy must be in Canada! look at this. #url# </document>
<document> #user# #url# - cc #hashtag# #hashtag# #hashtag# travel australia tourism victoria nsw queensland </document>
<document> tennis australia was recently able to charter flights to bring tennis stars to Melbourne for his Grand Slam. </document>
<document> #user# #user# ... 1 hour later #url# </document>
<document> rt #user#: #user# #user# #user# #user# what a coward. #url# </document>
<document> #user# #user# #user# #user# what a coward. #url# </document>
<Document> #user# Police officers did everything wrong. They had to come in and kneel before the crowd. #url# </document>
<document> the cops lost control of north #url# </document>
<document> #user# #user# could just blow hot air out of that syringe... like this #user# character </document>
<document> #user# #user# Let's see if his ticker is still ticking next week... </document>
<Document> rt #user#: The girl was swimming back to the pier ladder when the unidentified man grabbed her and sexually abused her. </document>
<Document> #User# Provision of policing services for the future to meet community needs and expectations well into the future. </document>
<document> #user# first step is a thumbs down on the YouTube video. seems that the unequals are approaching the likes </document>
<document> #user# The result is a survey by the Victoria Police Force asking for public feedback on how they are doing - #url# </document>
<document> #user# The result is a survey by the Victoria Police Force asking for public feedback on how they are doing - #url# </document>
<document> #user# emerged is a survey by Victoria Police Force asking for public feedback on how they are doing - #URL# </Document>
<document> Simultaneously, a youtube video is coming out from Victoria Police about a poll to hear public feedback - #url# </document>
<document> #user# aha.. would they use them in yemen? The Wikipedia link then probably needs to be updated. </document>
<document> #user# 😆 that's exactly right </document>
<document> meanwhile in nz #url# </document>
<document> #user# Feb 17, 2021 - what's at the top then? #url# </document>
<Document> It's a trend folks. #hashtag# made that facial expression viral. #url# </document>
<document> #user# gab needs a lot of work. God it can be slow</document>
<document> there is always #hashtag# australia #url# </document>
<Document> Melbourne Sydney Brisbane #user# #user# #user#politics #url# </document>
<document> #user# #user# he had the luck of the irish on his side except for a moment </document>
<document> #user# wrong person before. Repost the #url# </document> link
<document> #user# Apparently many of them used the funds to combine with grants for first time home buyers etc. to buy houses </document>
<document> #user# #user# his fellow community members #url# </document>
<document> Outline of this tweet: 1 "guy in icu" 2. addresses age. ehhh? #url# </document>
<document> #user# Tightening compliance is necessary, not retracting disclosures. </document>
<document> #user# #user# #user# #user# have you seen the fake beer - budweiser. #url# </document>
<document> edit: ..for a specific audience* </document>
<document> rt #user#: discovered in Hainan. I have to admit that I've never come across these Australian labels! #url# </document>
<document> #user# funny, they stick together like a bad smell. just floating somewhere else. </document>
<document> rt #user#: Australia "overreacts" to Chinese development plans on northern border #url# </document>
<document> #user# fat soluble, right? How is it administered correctly? </document>
<document> rt #user#: #user# #user# very mysterious #url# </document>
<document> #user# #user# just unfollow and block the guy. it is so easy. #url# </document>
<document> #user# another paywall. bad user experience FYI - to click on your feed. #url# </document>
<document> #user# #user# #user# #user# #user# #user# #user# “poor countries” – who are these countries? </document>
<document> #user# #user# #user# #user# appears as a Russian bot who loves bright colors. </document>
<document> #user# ok twitter has to go and deplat these people. </document>
<document> *edit: lack of affordability </document>
<document> #user# #user# #user# the arteries are screaming no #url# </document>
<document> rt #user#: Nothing beats beef!!! #user# #user# #user# #url# </document>
<document> #user# 👇 valid reason. is this a form to fill out. #url# </document>
<Document> #User#No. Only 5km border so I didn't see it. people can visit? </document>
<document> #user# ...many pharmacists would have stocked up on Viagra too </document>
<document> #user# "Professional athletes are considered “essential workers” #url# </document>
<document> #user# #user# #user# #user# #user# seems that Dale took the bait of some green voters. her plan worked. </document>
<document> #user# the cat ladies are having trouble keeping up with the #url# </document> roles
<document> #user# sounds like you learned something. #url# </document>
<document> #user# yes. Wedding plans for a friend. </document>
<document> rt #user#: not even kidding #url# </document>
<document> #user# pooh joggers again </document>
<document> #user# #user# These paywalls are a bad user experience. everything clicked goes to a subscription request #url# </document>
<document> #user# asks for subscription to read bad user experience #url# </document>
<document> #user# story goes to a **paywall** #url# </document>
<document> rt #user#: Breaking: Missing mother's boyfriend Ju "Kelly" Zhang has been charged with her murder. #url# </document>
<Document> #user# #user# 👍 Cheers for the link </document>
<document> #user# "new era etc". World Economic Forum Political Speaking - Global Reset. </document>
<document> #user# Spiderman was #url# </document> out doing deliveries at the time
<document> #user# how do people know what's going on from the field to the back room. Customers drop vegetables in the ground, etc. </document>
<document> #user# of course. scomo shut down when he heard 😃😂 </document>
<document> #url# Article from a printed newspaper about it. </document>
<document> rt #user#: #user# no mention of the 11 (maybe 12 depending on the source) Africans who arrived in the first fleet? </document>
<document> #user# No mention of the 11 (maybe 12 depending on the source) Africans who arrived in the first fleet? #url# </document>
<document> #user# that was good #url# </document>
<document> rt #user#: #user# looks like the animals are upset about this. #url# </document>
<document> #user# #user# #user# #user# to others with weapons, actual violence, theft etc nothing. </document>
<document> . - Google must clearly label paywall sites instead of users clicking on links only to end up left in frustration. </document>
<document> #user# should this go to #user# for policy review? </document>
<document> rt #user#: #user# #user# #user# Smoke protection and scaremongering, when in reality Islam is the threat. </document>
<Document> #user# #user# #user# Smoke protection and scaremongering, when in reality Islam is the threat. #url# </document>
<document> #user# You also need to address why there are so many Muslims in Australian prisons. #url# </document>
<document> #user# #user# #user# we have no fascism in australia - dictatorial power, violent repression of opposition. </document>
<document> #user# why don't you mention the murders of minorities and non-muslims in pakistan? #url# </document>
<document> #user# here is the article #url# </document>
<Document> #user# Yes, not clear. the removal was still quick </document>
<document> #user# #user# #user# no. There is no wish she was African. </document>
<Document> #user# #user# #user# had disappeared from news feeds. retweeted ..thanks for that </document>
<document> #user# glgood link. Thanks for that. </document>
<document> edit: find not fine* </document>
<document> #user# #user# heard about it but never seen it. </document>
<document> #user# is not a brothel reception </document>
<document> no descriptions. what hope there is. #url# </document>
<document> #user# your brain's search capabilities are extremely limited. </document>
<document> #user# #user# another for the files. #url# </document>