<author lang="en"  
	<document> #user# #user# #user# here you go...! 😅😂🤣 #url# </document>
		<document> #user# here you go...😅 #url# </document>
		<document> #user# #user# here you go...😂 #url# </document>
		<document> #user# #user# #user# here you go... that’s why !!! #url# </document>
		<document> #user# here we go...!! #url# </document>
		<document> #user# #user# #user# the world is a dangerous 👿 place !!! #url# via #user# </document>
		<document> #user# #user# the world is a dangerous 👿 place !!! #url# via #user# </document>
		<document> #user# the world is a dangerous 👿 place !!! #url# via #user# </document>
		<document> #user# #user# the world is a dangerous 👿 place !!! #url# via #user# </document>
		<document> rt #user#: #user# enough, you are making this worse! enough! </document>
		<document> #user# the world is a dangerous 👿 place !!! #url# via #user# </document>
		<document> the world is a dangerous 👿 place !!! #url# via #user# </document>
		<document> the george floyd myth is collapsing !!! #url# via #user# </document>
		<document> #user# he was high and using and selling funny money when it happened duh!😏 </document>
		<document> #user# #user# he was high and using and selling funny money duh!!! 😒 </document>
		<document> #user# #user# u welcome ignorant brainwashed puppet! #url# </document>
		<document> #user# #user# yes! because is the truth and people are so pussybiotches to face the truth! just like breonna taylor!! </document>
		<document> #user# whatch that money be gone or and stolen or big fights over it by his thug friends and relatives! #url# </document>
		<document> texas bill opens up loophole on biden: the border wall might get built after all #url# </document>
		<document> wapo admits: biden's border crisis, asylum industry "is out of control" the national pulse #url# </document>
		<document> in just less than 7 weeks joe biden has set the record for the most illegal alien children detained with 3,200. #url# </document>
		<document> rt #user#: why are the libs so silent about this? #url# </document>
		<document> biden signs executive order to make transgender surgery free for military on taxpayer dime!! #url# </document>
		<document> #user# and this matters because...?!?😅 </document>
		<document> #user# covid-19: several european countries suspend astrazeneca vaccinations over blood clot fears!!! #url# </document>
		<document> rt #user#: ⚡️ “denmark, norway and iceland suspend astrazeneca covid shots” by #user#science #url# </document>
		<document> 39-year-old single healthy mom from ogden died four days after her second dose of the moderna covid-19 vaccine. #url# </document>
		<document> covid-19: several european countries suspend astrazeneca vaccinations over blood clot fears!!! #url# </document>
		<document> the biden administration using the us military to illegally occupy ne syria!! #url# via #user# </document>
		<document> #user# the biden👺 administration using the us military to illegally occupy ne syria!! #url# via #user# </document>
		<document> joe biden sponsored bill puts 57 million american freelancers at risk! the house approved #url# </document>
		<document> here's a look at how bad the homeless problem in los angeles has become! #url# via #user# </document>
		<document> can you speak english...? fack you (version 2) 😂🤣 #url# via #user# </document>
		<document> can you speak english?... f you!! 😬😅😂 #url# via #user# </document>
		<document> soap 🧼 now deemed offensive, and not "inclusive" enough! 😅😂 #url# via #user# </document>
		<document> joe🥴biden forgets what he was talking about (again) and embarrasses america !!! #url# via #user# </document>
		<document> #user# breonna taylor's family reaches $12m settlement...! but why? #url# via #user# </document>
		<document> #user# jaws drop as joe biden struggles to remember and sf's shoplifting hell! #url# via #user# </document>
		<document> #user# #user# jaws drop as joe biden struggles to remember and sf's shoplifting hell! #url# via #user# </document>
		<document> #user# #user# he started shooting first dumbass!!! </document>
		<document> #user# $$$they$$$ love criminals now!!! </document>
		<document> #user# #user# #user# jaws drop as joe biden struggles to remember and sf's shoplifting hell! #url# via #user# </document>
		<document> #user# #user# jaws drop as joe biden struggles to remember and sf's shoplifting hell! #url# via #user# </document>
		<document> jaws drop as joe biden struggles to remember and sf's shoplifting hell! #url# via #user# </document>
		<document> now they🤬want to cancel pepe le pew and speedy gonzales! 😒 #url# via #user# </document>
		<document> #user# record number of migrant children reportedly in border patrol custody thanks a lot biden!!! #url# via #user# </document>
		<document> record number of migrant children reportedly in border patrol custody thanks a lot biden!!! #url# via #user# </document>
		<document> #user# more facts you're not supposed to know! pedophile child predator hairy legs biden🥴😂🤣 #url# via #user# </document>
		<document> #user# watch: ilhan omar makes on air confession about trump that no one saw coming! 😅😂🤣 #url# via #user# </document>
		<document> watch: ilhan omar makes on air confession about trump that no one saw coming!😂 #url# via #user# </document>
		<document> #user# #user# #user# more facts you're not supposed to know! the lies of biden🥴 😅😂🤣 #url# via #user# </document>
		<document> #user# #user# more facts you're not supposed to know! the lies of biden🥴 😅😂🤣 #url# via #user# </document>
		<document> more facts you're not supposed to know! the lies of biden🥴 😅😂🤣 #url# via #user# </document>
		<document> #user# talking and saying and preaching ignorant shit even though they know is not true! </document>
		<document> how israelis in china are coping with coronavirus! #url# via #user# </document>
		<document> #user# how israelis in china are coping with coronavirus! #url# via #user# </document>
		<document> #user# #user# how israelis in china are coping with coronavirus! #url# via #user# </document>
		<document> rt #user#: i wish the republicans would ride her a$$ like she did trump 🔉sound on 🔉 have a good laugh 😂 #url# </document>
		<document> #user# how israelis in china are coping with coronavirus! #url# via #user# </document>
		<document> #user# #user# how israelis in china are coping with coronavirus! #url# via #user# </document>
		<document> #user# how israelis in china are coping with coronavirus! #url# via #user# </document>
		<document> #user# you’re getting $1400, but a $1.9t relief bill divided by 330m americans is costing you $5757. </document>
		<document> china plans to buy out u.s. congress #url# </document>
		<document> #user# #user# #user# you’re getting $1400, but a $1.9t relief bill divided by 330m americans is costing you $5757. </document>
		<document> #user# #user# you’re getting $1400, but a $1.9t relief bill divided by 330m americans is costing you $5757. </document>
		<document> #user# #user# #user# you’re getting $1400, but a $1.9t relief bill divided by 330m americans is costing you $5757. </document>
		<document> rt #user#: you’re getting $1400, but a $1.9t relief bill divided by 330m americans is costing you $5757. </document>
		<document> feds quietly dismiss dozens of cases against antifa extremists who terrorized downtown portland last summer #url# </document>
		<document> rt #user#: biden tries to explain the covid bill. this moron is president? wow. 🤣😮 #url# </document>
		<document> rt #user#: biden sets record for days without holding press conference #url# </document>
		<document> moreno valley man accused of trying to bury wife alive at san diego beach!! #url# via #user# </document>
		<document> #user# #user# please put your biden signs in your yards so the illegal aliens know where to go!! 👍🏽👍🏽👍🏽 #url# </document>
		<document> #user# #user# please put your biden signs in your yards! #url# </document>
		<document> #user# #user# to the biden supporters!!! #url# </document>
		<document> #user# who is paying for these shirts and signs? #url# </document>
		<document> #user# who is paying for these shirts and signs? #url# </document>
		<document> who is paying for these shirts and signs? #url# </document>
		<document> rt #user#: bumbling joe never sounded so lucid as he did when he called out the "devil" and pelosi together 😂 </document>
		<document> rt #user#: what’s wrong with nancy? pelosi says the ‘magic word to open doors’ is ‘open biden!’ #url# </document>
		<document> enough is enough: trump tells gop and republicans to quit using his name for fundraising without permission! #url# </document>
		<document> rt #user#: if “child migrant shelters” (aka cages) housing children can be open to 100%... so can your kid’s school!!!! </document>
		<document> they don't want the virus to stop ?! more than 100 covid-19 positive illegal immigrants released!!! 😒 </document>
		<document> it's getting worse!🤦🏽‍♂️ dr. seuss and ace ventura: pet detective too !!! #url# via #user# </document>
		<document> #user# best of luck!! </document>
		<document> joe biden call’s 📞 china’s xi jinping #url# via #user# </document>
		<document> rt #user#: for the record. you don’t need a government mandate to wear a mask and stay home. let people live their lives normally </document>
		<document> wuhan's👹controversial lab studies new deadly virus! china🦠virus at it again! #url# via #user# #url# </document>
		<document> rt #user#: i guess the fade to graphic was the answer ... </document>
		<document> wuhan's👹controversial lab studies new deadly virus! china🦠virus at it again! #url# via #user# </document>
		<document> rt #user#: from where did they buy these shirts? 🙄 </document>
		<document> lol: andrew👺cuomo holds disastrous press conference, refuses to resign! #url# via #user# #url# </document>
		<document> rt #user#: who is funding this? illegal immigrants wearing “biden please let us in” shirts for a photo op. #url# </document>
		<document> lol: andrew👺cuomo holds disastrous press conference, refuses to resign! #url# via #user# </document>
		<document> #user# dan bongino destroys fox guest who tried to defend gov 👹cuomo👺 #url# via #user# </document>
		<document> #user# dan bongino destroys fox guest who tried to defend gov 👹cuomo👺 #url# via #user# </document>
		<document> #user# #user# #user# dan bongino destroys fox guest who tried to defend gov 👹cuomo👺 #url# via #user# </document>
		<document> dan bongino destroys fox guest who tried to defend gov 👹cuomo👺 #url# via #user# </document>
		<document> curb your 👹biden👺 supporter! #url# via #user# </document>
		<document> cnn mocked in public at cpac! get confronted about lying, respond by lying about lying lol!! #url# via #user# </document>
		<document> #user# #user# another ny democrat comes out against cuomo with shocking admittance !!! #url# via #user# </document>
		<document> #user# #user# another ny democrat comes out against cuomo with shocking admittance !!! #url# via #user# </document>
		<document> #user# janother ny democrat comes out against cuomo with shocking admittance !!! #url# via #user# </document>
		<document> another ny dem comes out against cuomo with shocking admittance !!! #url# via #user# </document>
		<document> rt #user#: 'we don't like cuomo now,' says every late-night host in perfect robotic unison #url# </document>
		<document> #user# deceitful nancy🧟‍♀️pelosi👺 can't hide this evidence! #url# via #user# </document>
		<document> #user# #user# #user# deceitful nancy🧟‍♀️pelosi👺 can't hide this evidence! #url# via #user# </document>
		<document> #user# deceitful nancy🧟‍♀️pelosi👺 can't hide this evidence! #url# via #user# </document>
		<document> rt #user#: #user# the cork is out of the bottle now, biden should be held to account for the ensuing expenses that wall fall on the taxpayers. </document>
		<document> #user# deceitful nancy🧟‍♀️pelosi👺 can't hide this evidence! #url# via #user# </document>
		<document> #user# #user# deceitful nancy🧟‍♀️pelosi👺 can't hide this evidence! #url# via #user# </document>
		<document> #user# deceitful nancy🧟‍♀️pelosi👺 can't hide this evidence! #url# via #user# </document>
		<document> #user# deceitful nancy🧟‍♀️pelosi👺 can't hide this evidence! #url# via #user# </document>
		<document> deceitful nancy🧟‍♀️pelosi👺 can't hide this evidence! #url# via #user# </document>
		<document> another ny dem comes out against governor cuomo with shocking admittance! #url# via #user# #url# </document>
		<document> #user# #user# #user# voters reject biden as they realize he is a political puppet!! #url# via #user# </document>
		<document> #user# #user# voters reject biden as they realize he is a political puppet!! #url# via #user# </document>
		<document> #user# voters reject biden as they realize he is a political puppet!! #url# via #user# </document>
		<document> #user# #user# voters reject biden as they realize he is a political puppet!! #url# via #user# </document>
		<document> voters reject biden as they realize he is a political puppet!! #url# via #user# </document>
		<document> #user# an0maly interviews syrian citizen about joe biden, trump &amp; what it's like living in syria! #url# via #user# </document>
		<document> an0maly interviews syrian citizen about joe biden, trump &amp; what it's like living in syria! #url# via #user# </document>
		<document> rt #user#: why did nancy pelosi refuse the 10,000 troops? </document>
		<document> rt #user#: democratic governor caught spending taxpayer money on personal items! #url# </document>
		<document> rt #user#: biden like obama uses cages for immigrant children #url# </document>
		<document> rt #user#: dazed and confused !! #url# </document>
		<document> rt #user#: he posted up by the door with the lint roller and no one questioned a thing... #url# </document>
		<document> #user# biden diversity strikes syria unity...yes!🥳 #url# via #user# </document>
		<document> #user# #user# biden diversity strikes syria unity...yes!🥳 #url# via #user# </document>
		<document> #user# biden diversity strikes syria unity...yes!🥳 #url# via #user# </document>
		<document> #user# biden diversity strikes syria unity...yes!🥳 #url# via #user# </document>
		<document> biden diversity strikes syria unity...yes!🥳 #url# via #user# </document>
		<document> brian stelter takes the bait! #url# via #user# </document>
		<document> #user# #user# #user# act like a psycho of course!!! </document>
		<document> #user# biden voters flip as portland leftists riot over policies!!! #url# via #user# </document>
		<document> #user# #user# biden voters flip as portland leftists riot over policies!!! #url# via #user# </document>
		<document> #user# biden voters flip as portland leftists riot over policies!!! #url# via #user# </document>
		<document> #user# biden voters flip as portland leftists riot over policies!!! #url# via #user# </document>
		<document> #user# biden voters flip as portland leftists riot over policies!!! #url# via #user# </document>
		<document> biden voters flip as portland leftists riot over policies!!! #url# via #user# </document>
		<document> 👹nancy's🧟‍♀️big scandal! capitol police chief says she called off the national guard before jan 6th? #url# via #user# </document>
		<document> #user# oopsie! scandal at the pendejo biden🤪 white house!! 🤣🥴 #url# via #user# </document>
		<document> #user# #user# oopsie! scandal at the pendejo biden🤪 white house!! 🤣🥴 #url# via #user# </document>
		<document> oopsie! scandal at the pendejo biden🤪 white house!! 🤣🥴 #url# via #user# </document>
		<document> rt #user#: just say no to drugs ... #url# </document>
		<document> #user# holy💩...!!! what happened??? 😱 </document>
		<document> rt #user#: today’s cover boy #user# #user# #user# #url# </document>
		<document> rt #user#: it’s long past time for schools to reopen. #url# </document>
		<document> democrats clowned for inviting msnbc's "terror expert" who called for attack in trump tower !!! #url# via #user# </document>
		<document> rt #user#: biden is putting kids in cages. rt </document>
		<document> #user# biden strikes syria and liberals turn into warhawks! #url# via #user# </document>
		<document> #user# biden strikes syria and liberals turn into warhawks! #url# via #user# </document>
		<document> biden strikes syria and liberals turn into warhawks! #url# via #user# </document>
		<document> #user# #user# look he's losing it again! 😂🤣 #url# via #user# </document>
		<document> #user# look he's losing it again! 😂🤣 #url# via #user# </document>
		<document> look he's losing it again! 😂🤣 #url# via #user# </document>
		<document> as always china’s fake covid-19 vaccines #url# via #user# </document>
		<document> rt #user#: if your students know your political beliefs, you have failed as a teacher </document>
		<document> rt #user#: new pick up line a guy used: “can i walk you home mom always told me to follow my dreams” let’s hear em’ fellas! 🤣 </document>
		<document> father and son homeless in los angeles! #url# via #user# </document>
		<document> body parts found in suitcases, luggage tags lead to suspected killer; plus kelsie schelling update!!! #url# via #user# </document>
		<document> kelsie schelling told everyone she was pregnant, and then she vanished! #url# via #user# </document>
		<document> evil😈is out there👹 unsolved: oklahoma’s carina saunders case! #url# via #user# </document>
		<document> #user# gavin 😈 newsom👹 real photo!!! #url# </document>
		<document> we found the truth about the democrat's "expert" on misinformation!!! #url# via #user# </document>
		<document> rt #user#: “new variants being developed.” nuff said. #url# </document>
		<document> bill😈 gates👹 ’an epidemic naturally or intentionally caused ten million excess deaths’ #url# </document>
		<document> #user# #user# joe biden says the ‘n’ word!! #url# via #user# </document>
		<document> #user# #user# joe biden says the ‘n’ word!! #url# via #user# </document>
		<document> #user# #user# gavin ‘deceitful’ “evil” newsom #url# </document>
		<document> joe biden says the ‘n’ word!! #url# via #user# </document>
		<document> #user# #user# nicole arbour exposes 🖕🏽blm👺 in epic 2 min rant!! #url# via #user# </document>
		<document> fact checking joe biden volume one (lies about the vaccine) #url# via #user# </document>
		<document> #user# elizabeth🤥 ‘millionaire’ “deceitful” ‘liar’ warren👺 real photo!!! #url# </document>
		<document> president joe👹biden stutters through "graphic" speech: dick morris #url# via #user# </document>
		<document> nancy pelosi wants biden to give up the nucelar authority 😅😂 #url# via #user# </document>
		<document> the daily wire strikes back(stage): canceling cancel culture !!! #url# via #user# </document>
		<document> liz cheney embarrasses herself proving she has no future in the gop!!! #url# via #user# </document>
		<document> #user# nicole arbour exposes 🖕🏽blm👺 in epic 2 min rant!! #url# via #user# </document>
		<document> #user# nicole arbour exposes 🖕🏽blm👺 in epic 2 min rant!! #url# via #user# </document>
		<document> rt #user#: today’s cover stories #user# #user# #user# #url# </document>
		<document> how the biden administration can fight alzheimer's #url# </document>
		<document> #user# nicole arbour exposes 🖕🏽blm👺 in epic 2 min rant!! #url# via #user# </document>
		<document> #user# nicole arbour exposes 🖕🏽blm👺 in epic 2 min rant!! #url# via #user# </document>
		<document> #user# nicole arbour exposes 🖕🏽blm👺 in epic 2 min rant!! #url# via #user# </document>
		<document> #user# #user# nicole arbour exposes 🖕🏽blm👺 in epic 2 min rant!! #url# via #user# </document>
		<document> nicole arbour exposes 🖕🏽blm👺 in epic 2 min rant!! #url# via #user# </document>
		<document> nancy👹pelosi😈 wants to cancel newsmax and oann from the airwaves #url# via #user# </document>
		<document> #user# #user# joe👹biden like obama😈 uses cages for immigrant children! #url# </document>
		<document> rt #user#: because you want to see a man save a beached dolphin and send it back home. #url# </document>
		<document> biden like obama uses cages for immigrant children #url# </document>
		<document> the truth about 😈bill💀gates👹 #url# via #user# </document>
		<document> rt #user#: grateful for this man’s courage, honesty and humanity. ⁦#user#⁩ #url# </document>
		<document> cdc reveals hospitals counted heart attacks and thousands of other deaths as covid-19 deaths #url# via #user# </document>
		<document> #user# yes biden said n***** on national tv hypocrisy of the 😈dems/libs/left👹 #url# via #user# </document>
		<document> #user# yes biden said n***** on national tv hypocrisy of the 😈dems/libs/left👹 #url# via #user# </document>
		<document> #user# #user# yes biden said n***** on national tv hypocrisy of the 😈dems/libs/left👹 #url# via #user# </document>
		<document> #user# #user# yes biden said n***** on national tv hypocrisy of the 😈dems/libs/left👹 #url# via #user# </document>
		<document> #user# #user# yes biden said n***** on national tv hypocrisy of the 😈dems/libs/left👹 #url# via #user# </document>
		<document> #user# yes biden said n***** on national tv hypocrisy of the 😈dems/libs/left👹 #url# via #user# </document>
		<document> #user# #user# yes biden said n***** on national tv hypocrisy of the 😈dems/libs/left👹 #url# via #user# </document>
	  <author lang="en"
<document> #user# #user# #user# here you go...! 😅😂🤣 #url# </document>
<document> #user# there you go...😅 #url# </document>
<document> #user# #user# here you go...😂 #url# </document>
<document> #user# #user# #user# here it is... that's why!!! #url# </document>
<document> #user# Here we go...!! #url# </document>
<document> #user# #user# #user# the world is a dangerous place 👿!!! #url# via #user# </document>
<document> #user# #user# the world is a dangerous place 👿!!! #url# via #user# </document>
<document> #user# the world is a dangerous place 👿!!! #url# via #user# </document>
<document> #user# #user# the world is a dangerous place 👿!!! #url# via #user# </document>
<document> rt #user#: #user# stop, you're making it worse! Enough! </document>
<document> #user# the world is a dangerous place 👿!!! #url# via #user# </document>
<document> the world is a dangerous place 👿!!! #url# via #user# </document>
<document> the myth of george floyd is collapsing!!! #url# via #user# </document>
<document> #user# was stoned and was using and selling weird money when this happened duh!😏 </document>
<document> #user# #user# was drunk and using and selling weird money duh!!! 😒 </document>
<document> #user# #user# welcome brainwashed ignorant puppet! #url# </document>
<document> #user# #user# yes! because it's the truth and people are cool enough to face the truth! just like breonna taylor!! </document>
<document> #user# look that money is missing or stolen or fighting over it from his delinquent friends and relatives! #url# </document>
<document> Texas bill opens loophole on Biden: after all, border wall could be built #url# </document>
<document> wapo admits: Biden's border crisis, asylum industry 'out of control' national pulse #url# </document>
<document> in just under 7 weeks, joe biden set the record for the most illegal foreign children detained at 3,200. #url# </document>
<document> rt #user#: why are the libraries so silent about this? #url# </document>
<document> Biden Signs Executive Order to Make Transgender Surgery Free for Military at Taxpayer Expense!! #url# </document>
<document> #user# and this is important because...?!?😅 </document>
<document> #user# covid-19: several European countries suspend astrazeneca vaccinations for fears of blood clots!!! #url# </document>
<document> rt #user#: ⚡️ "denmark, norway and iceland suspend astrazeneca covid shots" by #user#science #url# </document>
<document> A 39-year-old healthy single mom from ogden died four days after her second dose of the modern covid-19 vaccine. #url# </document>
<document> covid-19: several European countries suspend astrazeneca vaccinations for fears of blood clots!!! #url# </document>
<document> the Biden administration using the US military to illegally occupy Syria!! #url# via #user# </document>
<document> #user# the biden administration👺 uses the US military to illegally occupy Syria!! #url# via #user# </document>
<document> Joe Biden-sponsored bill puts 57 million American freelancers at risk! home approved #url# </document>
<document> here's a look at how bad homelessness has become in Los Angeles! #url# via #user# </document>
<document> can you speak English...? fack you (version 2) 😂🤣 #url# via #user# </document>
<document> can you speak english?... f you!! 😬😅😂 #url# via #user# </document>
<document> soap 🧼 now deemed offensive, and not "inclusive" enough! 😅😂 #url# via #user# </document>
<document> joe🥴biden forget what he was talking about (again) and embarrass America!!! #url# via #user# </document>
<document> #user# breonna taylor's family reaches $12 million settlement...! but why? #url# via #user# </document>
<document> #user# gasps as Joe Biden struggles to remember and SF shoplifting hell! #url# via #user# </document>
<document> #user# #user# gasps as Joe Biden struggles to remember and shoplifting hell of sf! #url# via #user# </document>
<document> #user# #user# started shooting the first idiot!!! </document>
<document> #user# $$$they$$$ love criminals now!!! </document>
<document> #user# #user# #user# gasps as Joe Biden struggles to remember and SF shoplifting hell! #url# via #user# </document>
<document> #user# #user# gasps as Joe Biden struggles to remember and shoplifting hell of sf! #url# via #user# </document>
<document> jaws drop as Joe Biden struggles to remember and SF shoplifting hell! #url# via #user# </document>
<document> now they want to🤬delete pepe le pew and speedy gonzales! 😒 #url# via #user# </document>
<document> #user# record number of migrant children reportedly in border police custody thank you very much biden!!! #url# via #user# </document>
<document> record number of migrant children reportedly in border police custody thank you very much biden!!! #url# via #user# </document>
<document> #user# more facts you shouldn't know! pedophile child predator hairy legs biden🥴😂🤣 #url# via #user# </document>
<document> #user# watch: ilhan omar makes an on-air confession about Trump that no one saw coming! 😅😂🤣 #url# via #user# </document>
<document> watch: ilhan omar makes an on air confession about trump that no one saw coming!😂 #url# via #user# </document>
<document> #user# #user# #user# more facts you shouldn't know! biden's lies 🥴 😅😂🤣 #url# via #user# </document>
<document> #user# #user# more facts you shouldn't know! biden's lies 🥴 😅😂🤣 #url# via #user# </document>
<document> more facts you shouldn't know! biden's lies 🥴 😅😂🤣 #url# via #user# </document>
<document> #user# talking and saying and preaching ignorant bullshit even though he knows it's not true! </document>
<document> how Israelis in China are coping with the coronavirus! #url# via #user# </document>
<document> #user# how Israelis in China are coping with the coronavirus! #url# via #user# </document>
<document> #user# #user# how Israelis in China are coping with the coronavirus! #url# via #user# </document>
<document> rt #user#: I wish Republicans would ride her for $$ like she did Trump 🔉play 🔉 have a good laugh 😂 #url# </document>
<document> #user# how Israelis in China are coping with the coronavirus! #url# via #user# </document>
<document> #user# #user# how Israelis in China are coping with the coronavirus! #url# via #user# </document>
<document> #user# how Israelis in China are coping with the coronavirus! #url# via #user# </document>
<document> #user# You're getting $1400, but a $1.9t relief bill divided by 330 million Americans is costing you $5757. </document>
<document>China intends to take over US congress #url# </document>
<document> #user# #user# #user# You're getting $1400, but a $1.9t relief bill divided by 330 million Americans is costing you $5757. </document>
<document> #user# #user# You're getting $1400, but a $1.9t relief bill divided by 330 million Americans is costing you $5757. </document>
<document> #user# #user# #user# You're getting $1400, but a $1.9t relief bill divided by 330 million Americans is costing you $5757. </document>
<document> rt #user#: You're getting $1400, but a $1.9t relief bill divided by 330 million Americans is costing you $5757. </document>
<document> Feds quietly drop dozens of cases against anti-fascist extremists who terrorized downtown Portland last summer #url# </document>
<document> rt #user#: Biden tries to explain the covid bill. is this idiot president? Oh. 🤣😮 #url# </document>
<document> rt #user#: Biden sets record for days without holding a press conference #url# </document>
<document> moreno valley man accused of attempting to bury wife alive in san diego beach!! #url# via #user# </document>
<document> #user# #user# please put Biden signs in your backyards so the illegals know where to go!! 👍🏽👍🏽👍🏽 #url# </document>
<document> #user# #user# please put your biden signs in your backyards! #url# </document>
<document> #user# #user# to Biden supporters!!! #url# </docchin>
<document> #user# who pays for these shirts and signs? #url# </document>
<document> #user# who pays for these shirts and signs? #url# </document>
<document> who pays for these shirts and signs? #url# </document>
<document> rt #user#: clumsy joe has never been so lucid as when he called the "devil" and hairy together 😂 </document>
<document> rt #user#: what's wrong with nancy? Pelosi says the "magic word to open doors" is "open biden!" #url# </document>
<document> enough: Trump tells GOP and Republicans to stop using his name to raise money without permission! #url# </document>
<document> rt #user#: if the "shelters for migrant children" (i.e. cages) that house children can be 100% open... your child's school can do it too!!!! </document>
<document> don't want the virus to stop?! more than 100 covid-19 positive illegal immigrants released!!! 😒 </document>
<document> is getting worse!🤦🏽‍♂️ dr. seuss and ace ventura: also the animal detective!!! #url# via #user# </document>
<document> #user# good luck!! </document>
<document> joe biden calls 📞 china's xi jinping #url# via #user# </document>
<document> rt #user#: for the record. you don't need a government mandate to wear a mask and stay home. let people live their lives normally </document>
<document> Controversial Wuhan Lab Studies Deadly New Virus! china🦠 virus again! #url# via #user# #url# </document>
<document> rt #user#: I think fading to graphics was the answer... </document>
<document> Controversial Wuhan Lab Studies Deadly New Virus! china🦠 virus again! #url# via #user# </document>
<document> rt #user#: where did they buy these shirts from? 🙄 </document>
<document> lol: andrew👺cuomo holds disastrous press conference, refuses to step down! #url# via #user# #url# </document>
<document> rt #user#: Who is funding this? illegal immigrants wearing 'biden please let us in' t-shirts for a photo. #url# </document>
<document> lol: andrew👺cuomo holds disastrous press conference, refuses to step down! #url# via #user# </document>
<document> #user# dan bongino destroys fox host who tried to defend government 👹cuomo👺 #url# via #user# </document>
<document> #user# dan bongino destroys fox host who tried to defend government 👹cuomo👺 #url# via #user# </document>
<document> #user# #user# #user# dan bongino destroys fox host who tried to defend government 👹cuomo👺 #url# via #user# </document>
<document> dan bongino destroys the fox host who tried to defend the government 👹cuomo👺 #url# via #user# </document>
<document> curb your 👹biden👺 supporter! #url# via #user# </document>
<document> cnn mocked in public at cpac! confront the lie, answer lying about the lie lol!! #url# via #user# </document>
<document> #user# #user# Another New York Democrat Turns Against Cuomo With Shocking Admission!!! #url# via #user# </document>
<document> #user# #user# Another New York Democrat Turns Against Cuomo With Shocking Admission!!! #url# via #user# </document>
<document> #user# janother ny democrat sides against cuomo in shocking admission!!! #url# via #user# </document>
<document> another ny dem comes out against cuomo with shocking admission!!! #url# via #user# </document>
<document> rt #user#: 'we don't like man now' says each late night host in perfect robotic unison #url# </document>
<document> #user# deceptive nancy🧟‍♀️furry👺 can't hide this proof! #url# via #user# </document>
<document> #user# #user# #user# deceitful nancy🧟‍♀️furry👺 can't hide this proof! #url# via #user# </document>
<document> #user# deceptive nancy🧟‍♀️furry👺 can't hide this proof! #url# via #user# </document>
<document> rt #user#: #user# the cork is out of the bottle now, biden should be held accountable for the resulting expenses falling on taxpayers. </document>
<document> #user# deceptive nancy🧟‍♀️furry👺 can't hide this proof! #url# via #user# </document>
<document> #user# #user# misleading nancy🧟‍♀️hairyes👺 I can't hide this evidence! #url# via #user# </document>
<document> #user# deceptive nancy🧟‍♀️furry👺 can't hide this proof! #url# via #user# </document>
<document> #user# deceptive nancy🧟‍♀️furry👺 can't hide this proof! #url# via #user# </document>
<document> deceitful nancy🧟‍♀️furry👺 can't hide this proof! #url# via #user# </document>
<document>another ny dem steps out against governor cuomo in shocking admission! #url# via #user# #url# </document>
<document> #user# #user# #user# voters reject Biden because they realize he is a political puppet!! #url# via #user# </document>
<document> #user# #user# voters reject Biden because they realize he is a political puppet!! #url# via #user# </document>
<document> #user# voters reject Biden because they realize he is a political puppet!! #url# via #user# </document>
<document> #user# #user# voters reject Biden because they realize he is a political puppet!! #url# via #user# </document>
<document> Voters Reject Biden When They Realize He's a Political Puppet!! #url# via #user# </document>
<document> #user# an0maly interviews a Syrian citizen about joe biden, trump &amp; what is it like to live in syria! #url# via #user# </document>
<document> an0maly interviews a syrian citizen about joe biden, trump &amp; what is it like to live in syria! #url# via #user# </document>
<document> rt #user#: why did nancy pelosi refuse the 10,000 troops? </document>
<document> rt #user#: Democratic Governor Caught Spending Taxpayer Money on Personal Items! #url# </document>
<document> rt #user#: Biden like Obama uses cages for immigrant children #url# </document>
<document> rt #user#: dazed and confused!! #url# </document>
<document> rt #user#: approached the door with the lint cutter and no one asked any questions... #url# </document>
<document> #user# biden's diversity affects the unity of syria... yes!🥳 #url# via #user# </document>
<document> #user# #user# biden's diversity affects syria unity... yes!🥳 #url# via #user# </document>
<document> #user# biden's diversity affects the unity of syria... yes!🥳 #url# via #user# </document>
<document> #user# biden's diversity affects the unity of syria... yes!🥳 #url# via #user# </document>
<document> Biden's Diversity Affects Syria's Unity... Yes!🥳 #url# via #user# </document>
<document> brian stelter takes the bait! #url# via #user# </document>
<document> #user# #user# #user# obviously act like a psychopath!!! </document>
<document> #user# Biden Voters Flip As Portland Left Rebels Policies!!! #url# via #user# </document>
<document> #user# #user# Biden voters flip as Portland left rebels against policies!!! #url# via #user# </document>
<document> #user# Biden Voters Flip As Portland Left Rebels Policies!!! #url# via #user# </document>
<document> #user# Biden Voters Flip As Portland Left Rebels Policies!!! #url# via #user# </document>
<document> #user# Biden Voters Flip As Portland Left Rebels Policies!!! #url# via #user# </document>
<document> Biden Voters Flip as Portland Left Rebels Policies!!! #url# via #user# </document>
<document> 👹nancy's🧟‍♀️big scandal! The Capitol Police Chief says he recalled the National Guard before January 6? #url# via #user# </document>
<document> #user# oopsie! scandal at pendejo biden 🤪 white house!! 🤣🥴 #url# via #user# </document>
<document> #user# #user# oopsie! scandal at pendejo biden 🤪 white house!! 🤣🥴 #url# via #user# </document>
<document> oops! scandal at pendejo biden 🤪 white house!! 🤣🥴 #url# via #user# </document>
<document> rt #user#: Just say no to drugs ... #url# </document>
<document> #user# holy💩...!!! what happened??? 😱 </document>
<document> rt #user#: today's cover boy #user# #user# #user# #url# </document>
<document> rt #user#: It's time for schools to reopen. #url# </document>
<document> Democrats Teased For Inviting MSNBC “Terror Expert” Calling For Trump Tower Attack!!! #url# via #user# </document>
<document> rt #user#: Biden is putting children in cages. rt </document>
<document> #user# biden strikes syria and liberals turn into war hawks! #url# via #user# </document>
<document> #user# biden strikes syria and liberals turn into war hawks! #url# via #user# </document>
<document> Biden strikes Syria and liberals turn into war hawks! #url# via #user# </document>
<document> #user# #user# look he's leaking again! 😂🤣 #url# via #user# </document>
<document> #user# look he's losing it again! 😂🤣 #url# via #user# </document>
<document> look he's losing it again! 😂🤣 #url# via #user# </document>
<document> as always fake covid-19 vaccines in China #url# via #user# </document>
<document> rt #user#: If your students know your political beliefs, you have failed as a teacher </document>
<document> rt #user#: new line used by a boy: "can I walk you home mom always told me to follow my dreams" let's hear them guys! 🤣 </document>
<document> father and son homeless in los angeles! #url# via #user# </document>
<document> body parts found in suitcases, luggage tags lead to suspected killer; plus kelsie schelling update!!! #url# via #user# </document>
<document> Kelsie Schelling told everyone she was pregnant and then disappeared! #url# via #user# </document>
<document> evil😈is out there👹 unsolved: the carina saunders case from oklahoma! #url# via #user# </document>
<document> #user# gavin 😈 newsom👹 real photo!!! #url# </document>
<document> we found the truth about the Democrat's disinformation "expert"!!! #url# via #user# </document>
<document> rt #user#: "new variants under development." just say. #url# </document>
<document> bill😈 gates👹 'an epidemic has naturally or intentionally caused ten million excess deaths' #url# </document>
<document> #user# #user# joe biden says the "n" word!! #url# via #user# </document>
<document> #user# #user# joe biden says the "n" word!! #url# via #user# </document>
<document> #user# #user# received "deceptive" "evil" news #url# </document>
<document> joe biden says the "n" word!! #url# via #user# </document>
<document> #user# #user# nicole arbor exposes 🖕🏽blm👺 in an epic 2 minute rant!! #url# via #user# </document>
<document> joe biden fact check volume one (vaccine lies) #url# via #user# </document>
<document> #user# elizabeth🤥 'millionaire' 'deceitful' 'liar' warren👺 real photo!!! #url# </document>
<document>President Joe👹biden stutters through "graphic" speech: dick morris #url# via #user# </document>
<document> nancy pelosi wants Biden to give up nuclear authority 😅😂 #url# via #user# </document>
<document> daily telegram strikes again (stage): deleting delete culture !!! #url# via #user# </document>
<document> liz cheney embarrasses herself proving she has no future in the gop!!! #url# via #user# </document>
<document> #user# nicole arbor exposes 🖕🏽blm👺 in an epic 2 minute rant!! #url# via #user# </document>
<document> #user# nicole arbor exposes 🖕🏽blm👺 in an epic 2 minute rant!! #url# via #user# </document>
<document> rt #user#: Today's Cover Stories #user# #user# #user# #url# </document>
<document>How the Biden Administration Can Fight Alzheimer's #url#</document>
<document> #user# nicole arbor exposes 🖕🏽blm👺 in an epic 2 minute rant!! #url# via #user# </document>
<document> #user# nicole arbor exposes 🖕🏽blm👺 in an epic 2 minute rant!! #url# via #user# </document>
<document> #user# nicole arbor exposes 🖕🏽blm👺 in an epic 2 minute rant!! #url# via #user# </document>
<document> #user# #user# nicole arbor exposes 🖕🏽blm👺 in an epic 2 minute rant!! #url# via #user# </document>
<document> nicole arbor exposes 🖕🏽blm👺 in an epic 2 minute rant!! #url# via #user# </document>
<document> nancy👹pelosi😈 wants to delete newsmax and oann from the airwaves #url# via #user# </document>
<document> #user# #user# joe👹biden like obama😈 use cages for immigrant children! #url# </document>
<document> rt #user#: Why do you want to see a man rescue a beached dolphin and send it home. #URL# </ddocument>
<document> Biden like Obama uses cages for immigrant children #url# </document>
<document> the truth about 😈bill💀gates👹 #url# via #user# </document>
<document> rt #user#: Grateful for this man's courage, honesty and humanity. #user# #url# </document>
<document> cdc reveals hospitals have counted heart attacks and thousands of other deaths as covid-19 deaths #url# via #user# </document>
<document> #user# yes biden said niggas about national tv hypocrisy 😈dems/libs/left👹 #url# via #user# </document>
<document> #user# yes biden said niggas about national tv hypocrisy 😈dems/libs/left👹 #url# via #user# </document>
<document> #user# #user# yes biden said niggas about national tv hypocrisy of 😈dems/libs/left👹 #url# via #user# </document>
<document> #user# #user# yes biden said niggas about national tv hypocrisy of 😈dems/libs/left👹 #url# via #user# </document>
<document> #user# #user# yes biden said niggas about national tv hypocrisy of 😈dems/libs/left👹 #url# via #user# </document>
<document> #user# yes biden said niggas about national tv hypocrisy 😈dems/libs/left👹 #url# via #user# </document>
<document> #user# #user# yes biden said niggas about national tv hypocrisy of 😈dems/libs/left👹 #url# via #user# </document><Author lang="en"
<Document> #User# #User# #User# Here you go...! 😅😂🤣 #url# </document>
<document> #user# please...😅 #url# </document>
<document> #user# #user# please...😂 #url# </document>
<document> #user# #user# #user# please... that's why !!! #url# </document>
<document> #user# let's go...!! #url# </document>
<document> #user# #user# #user# the world is a dangerous 👿 place !!! #url# via #user# </document>
<document> #user# #user# the world is a dangerous 👿 place !!! #url# via #user# </document>
<document> #user# the world is a dangerous 👿 place !!! #url# via #user# </document>
<document> #user# #user# the world is a dangerous 👿 place !!! #url# via #user# </document>
<document> rt #user#: #user# enough, you're making it worse! enough! </document>
<document> #user# the world is a dangerous 👿 place !!! #url# via #user# </document>
<document> the world is a dangerous 👿 place !!! #url# via #user# </document>
<Document> The George Floyd Myth Breaks Down!!! #url# via #user# </document>
<document> #user# he was high and using and selling weird money when it happened duh!😏 </document>
<document> #user# #user# he was high and using and selling weird money duh!!! 😒 </document>
<document> #user# #user# you are welcome, an ignorant brainwashed puppet! #url# </document>
<document> #user# #user# yes! because that's the truth and people are so mean to face the truth! just like breonna taylor!! </document>
<document> #user# what is the money gone or stolen or big fights for it from his thug friends and relatives! #url# </document>
<document> Texas Bill opens loophole at Biden: The border wall could be built after all #url# </document>
<document> wapo admits: biden's border crisis, asylum industry "is out of control" national pulse #url# </document>
<Document> In just under 7 weeks, Joe Biden has set the record for most illegally detained extraterrestrial children at 3,200. #url# </document>
<document> rt #user#: why are the libraries silent about this? #url# </document>
<Document> Biden signs executive order to make transgender operations for military free on taxpayer cents!! #url# </document>
<document> #user# and that's important because...?!?😅 </document>
<document> #user# covid-19: several european countries suspend astrazeneca vaccinations for fear of blood clots!!! #url# </document>
<document> rt #user#: ⚡️ “denmark, norway and island suspend astrazeneca covid shots” by #user#science #url# </document>
<Document> The 39-year-old single healthy mother from Ogden died four days after her second dose of the Moderna Covid-19 vaccine. #url# </document>
<Document> covid-19: Several European countries suspend Astrazeneca vaccinations for fear of blood clots!!! #url# </document>
<Document> The Biden administration is using the US military to illegally occupy Syria!! #url# via #user# </document>
<document> #user# the biden👺 administration is using the us military to illegally occupy syria!! #url# via #user# </document>
<Document> Joe Biden-Sponsored Bill Endangers 57 Million American Freelancers! the house approved #url# </document>
<document> Here's a look at just how bad Los Angeles' homeless problem has gotten! #url# via #user# </document>
<document> can you speak english...? Fuck you (version 2) 😂🤣 #url# via #user# </document>
<document> can you speak english?... for you!! 😬😅😂 #url# via #user# </document>
<Document>Soap 🧼 now considered offensive and not "inclusive" enough! 😅😂 #url# via #user# </document>
<Document> joe🥴biden forgets what he was talking about (again) and embarrasses America!!! #url# via #user# </document>
<document> #user# breonna taylor's family reaches $12 million settlement...! but why? #url# via #user# </document>
<document> #user# jaw drops as Joe Biden struggles to remember and SF's shoplifting hell! #url# via #user# </document>
<document> #user# #user# jaw drops as Joe Biden struggles to remember and sfs shoplifting hell! #url# over #user# </document>
<document> #user# #user# he started shooting the first fool!!! </document>
<document> #user# $$$they$$$ love criminals now!!! </document>
<document> #user# #user# #user# jaw drops as Joe Biden struggles to remember and sfs shoplifting hell! #url# via #user# </document>
<document> #user# #user# jaw drops as Joe Biden struggles to remember and sfs shoplifting hell! #url# via #user# </document>
<document> Jaws drop as Joe Biden struggles to remember and SF's shoplifting hell! #url# via #user# </document>
<document> now they want to cancel 🤬 pepe le pew and speedy gonzales! 😒 #url# over #user# </document>
<document> #user# Record number of migrant children reportedly in border guard custody Thank you biden!!! #url# via #user# </document>
<Document> Record number of migrant children reportedly in border guard custody Thank you biden!!! #url# via #user# </document>
<document> #user# more facts you shouldn't know! Pedophile kid robbery hairy legs tie🥴😂🤣 #url# via #user# </document>
<document> #user# watch: ilhan omar makes an on-air confession about trump no one saw coming! 😅😂🤣 #url# via #user# </document>
<document> watch: ilhan omar makes a confession on air about trump nobody saw coming!😂 #url# via #user# </document>
<document> #user# #user# #user# more facts you shouldn't know! the lies of biden🥴 😅😂🤣 #url# via #user# </document>
<document> #user# #user# more facts you shouldn't know! the lies of biden🥴 😅😂🤣 #url# via #user# </document>
<document> more facts you shouldn't know! the lies of biden🥴 😅😂🤣 #url# via #user# </document>
<document> #user# talks and says and preaches ignorant shit even though they know it's not true! </document>
<document> how israelis in china are coping with the coronavirus! #url# via #user# </document>
<document> #user# how israelis in china are coping with the coronavirus! #url# via #user# </document>
<document> #user# #user# how israelis in china are coping with the coronavirus! #url# via #user# </document>
<document> rt #user#: I wish Republicans would ride her a$$ like they do Trump 🔉sound on 🔉 lots of laughter 😂 #url# </document>
<document> #user# how israelis in china are coping with the coronavirus! #url# via #user# </document>
<document> #user# #user# how israelis in china are coping with the coronavirus! #url# via #user# </document>
<document> #user# how israelis in china are coping with the coronavirus! #url# via #user# </document>
<document> #user# You get $1400, but an auxiliary calculation of $1.9 trillion divided by 330 million Americans costs you $5757. </document>
<Document> China plans to buy US Congress #url# </document>
<document> #user# #user# #user# You get $1400, but an auxiliary calculation of $1.9 trillion divided by 330 million Americans costs you $5757. </document>
<document> #user# #user# You get $1400, but an auxiliary calculation of $1.9 trillion divided by 330 million Americans costs you $5757. </document>
<document> #user# #user# #user# You get $1400, but an auxiliary calculation of $1.9 trillion divided by 330 million Americans costs you $5757. </document>
<document> rt #user#: You get $1400, but an auxiliary calculation of $1.9 trillion divided by 330 million Americans costs you $5757. </document>
<document> Feds are quietly dismissing dozens of cases against Antifa extremists who terrorized downtown Portland last summer #url# </document>
<Document> rt #user#: biden tries to explain Covid bill. This idiot is president? Wow. 🤣😮 #url# </document>
<document> rt #user#: biden sets a record for days without holding a press conference #url# </document>
<Document> Moreno Valley man accused of trying to bury his wife alive on San Diego beach!! #url# via #user# </document>
<document> #user# #user# please put your Biden signs in your yard so the illegal aliens know where to go!! 👍🏽👍🏽👍🏽 #url# </document>
<document> #user# #user# please put your Biden signs in your yard! #url# </document>
<document> #user# #user# to the Biden supporters!!! #url# </document>
<document> #user# Who pays for these shirts and signs? #url# </document>
<document> #user# Who pays for these shirts and signs? #url# </document>
<document> who pays for these shirts and signs? #url# </document>
<document> rt #user#: Bumbling Joe has never sounded so clear as he did when he yelled the "devil" and Pelosi together 😂 </document>
<document> rt #user#: what's wrong with nancy? Pelosi says the "magic word for opening doors" is "bid open!" #url# </document>
<document> enough is enough: trump urges gop and republicans to stop using his name for fundraising without permission! #url# </document>
<document> rt #user#: If "migrant child shelters" (aka cages) that house children can be 100% open...so can your child's school!!!! </document>
<document> they don't want the virus to stop?! more than 100 covid-19 positive illegal immigrants released!!! 😒 </document>
<document> it's getting worse!🤦🏽‍♂️ dr. seuss and ace ventura: animal detective too!!! #url# via #user# </document>
<document> #user# good luck!! </document>
<document> Joe Biden calls 📞 China's xi jinping #url# via #user# </document>
<Document> rt #user#: for the record. You don't need a government mandate to wear a mask and stay at home. Let people live their lives normally </document>
<Document> Wuhan's👹Controversial Lab Investigates New Deadly Virus! china🦠 virus at it again! #url# via #user# #url# </document>
<document> rt #user#: I think blending to the graphic was the answer... </document>
<Document> Wuhan's👹Controversial Lab Investigates New Deadly Virus! china🦠 virus at it again! #url# via #user# </document>
<Document> rt #user#: Where did you buy these shirts? 🙄 </document>
<document> lol: Andrew👺cuomo holds disastrous press conference, refuses to resign! #url# via #user# #url# </document>
<Document> rt #user#: Who finances this? Illegal immigrants wearing biden please let us in shirts for a photo op. #url# </document>
<document> lol: Andrew👺cuomo holds disastrous press conference, refuses to resign! #url# via #user# </document>
<document> #user# dan bongino destroys fox guest who tried to defend gov 👹cuomo👺 #url# via #user# </document>
<document> #user# dan bongino destroys fox guest who tried to defend gov 👹cuomo👺 #url# via #user# </document>
<document> #user# #user# #user# dan bongino crushes fox guest who tried to defend gov 👹cuomo👺 #url# via #user# </document>
<document> dan bongino destroys fox guest who tried to defend gov 👹cuomo👺 #url# via #user# </document>
<document> tame your 👹biden👺 supporter! #url# via #user# </document>
<document> cnn mocked in public at cpac! get confronted with lies, answer with lies lol!! #url# via #user# </document>
<document> #user# #user# another ny democrat takes on cuomo with shocking admission!!! #url# via #user# </document>
<document> #user# #user# another ny democrat takes on cuomo with shocking admission!!! #url# via #user# </document>
<document> #user# janother ny democrat takes on cuomo with shocking admission!!! #url# via #user# </document>
<document> another ny dem arrives with shocking admission against cuomo !!! #url# via #user# </document>
<document> rt #user#: 'we don't like cuomo now' says every late-night host in perfect robotic unison #url# </document>
<document> #user# fraudulent nancy🧟‍♀️pelosi👺 can't hide this evidence! #url# via #user# </document>
<document> #user# #user# #user# cheating Nancy🧟‍♀️pelosi👺 can't hide this evidence! #url# via #user# </document>
<document> #user# fraudulent nancy🧟‍♀️pelosi👺 can't hide this evidence! #url# via #user# </document>
<document> rt #user#: #user# now the cork is out of the bottle, biden should be held accountable for the resulting costs that fall on taxpayers. </document>
<document> #user# fraudulent nancy🧟‍♀️pelosi👺 can't hide this evidence! #url# via #user# </document>
<Document> #user# #user# fraudulent Nancy🧟‍♀️pelosi👺 can't hide this evidence! #url# via #user# </document>
<document> #user# fraudulent nancy🧟‍♀️pelosi👺 can't hide this evidence! #url# via #user# </document>
<document> #user# fraudulent nancy🧟‍♀️pelosi👺 can't hide this evidence! #url# via #user# </document>
<Document> cheating Nancy🧟‍♀️pelosi👺 can't hide this proof! #url# via #user# </document>
<document> Another ny dem takes on Governor Cuomo with a shocking admission! #url# via #user# #url# </document>
<document> #user# #user# #user# Voters reject Biden as they realize he is a political puppet!! #url# via #user# </document>
<document> #user# #user# Voters reject Biden as they realize he is a political puppet!! #url# via #user# </document>
<Document> #user# Voters reject Biden as they realize he is a political puppet!! #url# via #user# </document>
<document> #user# #user# Voters reject Biden as they realize he is a political puppet!! #url# via #user# </document>
<Document> Voters reject Biden as they realize he is a political puppet!! #url# via #user# </document>
<document> #user# an0maly interviews Syrian citizen about Joe Biden, Trump &amp; what it's like to live in syria! #url# via #user# </document>
<document> an0maly interviews Syrian citizen about Joe Biden, Trump &amp; what it's like to live in syria! #url# via #user# </document>
<document> rt #user#: why did nancy pelosi reject the 10,000 troops? </document>
<document> rt #user#: Democratic governor caught spending taxpayers' money on personal items! #url# </document>
<document> rt #user#: Like Obama, Biden uses cages for immigrant children #url# </document>
<document> rt #user#: dazed and confused !! #url# </document>
<document> rt #user#: He posted on the door with the lint roller and nobody questioned anything... #url# </document>
<document> #user# biden diversity meets Syrian unity... yes!🥳 #url# via #user# </document>
<document> #user# #user# biden diversity meets Syria's unity... yes!🥳 #url# via #user# </document>
<document> #user# biden diversity meets Syrian unity... yes!🥳 #url# via #user# </document>
<document> #user# biden diversity meets Syrian unity... yes!🥳 #url# via #user# </document>
<document> Biden diversity meets Syria unity... yes!🥳 #url# via #user# </document>
<document> Brian Stelter takes the bait! #url# via #user# </document>
<document> #user# #user# #user# act like a psycho of course!!! </document>
<document> #user# biden Voters fold as Portland Leftists rampage over politics!!! #url# via #user# </document>
<document> #user# #user# Biden voters keel over as Portland leftists rampage over politics!!! #url# via #user# </document>
<document> #user# biden Voters fold as Portland Leftists rampage over politics!!! #url# via #user# </document>
<document> #user# biden Voters fold as Portland Leftists rampage over politics!!! #url# via #user# </document>
<document> #user# biden Voters fold as Portland Leftists rampage over politics!!! #url# via #user# </document>
<document> Biden voters freak out as Portland leftists rampage over politics!!! #url# via #user# </document>
<document> 👹nancy's🧟‍♀️big scandal! Capitol Police Chief Says She Withdrew National Guard Before Jan. 6? #url# via #user# </document>
<document> #user# Oops! Scandal in the Pendejo Biden🤪 White House!! 🤣🥴 #url# over #user# </document>
<document> #user# #user# Oops! Scandal in the Pendejo Biden🤪 White House!! 🤣🥴 #url# over #user# </document>
<document> Oops! Scandal in the Pendejo Biden🤪 White House!! 🤣🥴 #url# over #user# </document>
<document> rt #user#: Just say no to drugs... #url# </document>
<document> #user# holy💩...!!! What happened??? 😱 </document>
<document> rt #user#: today's cover boy #user# #user# #user# #url# </document>
<document> rt #user#: It's high time schools reopened. #url# </document>
<Document> Democrats were joking for inviting msnbc's "terrorist expert" who called for the Trump Tower attack!!! #url# via #user# </document>
<document> rt #user#: Biden puts children in cages. rt </document>
<Document> #user# Biden slams Syria and liberals turn into war hawks! #url# via #user# </document>
<Document> #user# Biden slams Syria and liberals turn into war hawks! #url# via #user# </document>
<Document> Biden Slams Syria and Liberals Turn into War Hawks! #url# via #user# </document>
<document> #user# #user# look, he loses it again! 😂🤣 #url# via #user# </document>
<document> #user# look, he loses it again! 😂🤣 #url# via #user# </document>
<document> look, he loses it again! 😂🤣 #url# via #user# </document>
<document> as always China's fake Covid-19 vaccines #url# via #user# </document>
<document> rt #user#: If your students know your political beliefs, you have failed as a teacher </document>
<document> rt #user#: New pick-up lines used by a guy: "Can I walk you home, Mom always told me to follow my dreams." Let's hear her boys! 🤣 </document>
<Document> Father and Son Homeless in Los Angeles! #url# via #user# </document>
<Document> Body parts found in suitcases, luggage tag leads to suspected killer; plus kelsie schelling update!!! #url# via #user# </document>
<Document> Kelsie Schelling told everyone she was pregnant and then she disappeared! #url# via #user# </document>
<Document> The Evil😈is Out There👹 Unsolved: Oklahoma's Carina Saunders Case! #url# via #user# </document>
<document> #user# gavin 😈 newsom👹 real photo!!! #url# </document>
<Document> We found out the truth about the Democrat's "expert" on misinformation!!! #url# via #user# </document>
<Document> rt #user#: "New variants are being developed." nuff said. #url# </document>
<document> bill😈 gates👹 "An epidemic caused more than ten million deaths, either naturally or intentionally" #url# </document>
<document> #user# #user# joe biden says the 'n' word!! #url# via #user# </document>
<document> #user# #user# joe biden says the 'n' word!! #url# via #user# </document>
<document> #user# #user# gavin 'fraudulent' "evil" Newsom #url# </document>
<Document> Joe Biden says the 'n' word!! #url# via #user# </document>
<document> #user# #user# nicole arbor debunks 🖕🏽blm👺 in an epic 2 minute rant!! #url# via #user# </document>
<document> Fact check on Joe Biden volume one (lies about the vaccine) #url# via #user# </document>
<document> #user# elizabeth🤥 "millionaire" "cheating" "liar" Warren👺 real photo!!! #url# </document>
<document> President Joe👹biden stutters through "illustrative" speech: dick morris #url# via #user# </document>
<Document> Nancy Pelosi wants Biden to give up the nuclear agency 😅😂 #url# via #user# </Document>
<Document> the daily wire strikes back (stage): demolition demolition culture !!! #url# via #user# </document>
<document> liz cheney shames herself by proving she has no future in the gop!!! #url# via #user# </document>
<document> #user# nicole arbor debunks 🖕🏽blm👺 in an epic 2 minute roar!! #url# via #user# </document>
<document> #user# nicole arbor debunks 🖕🏽blm👺 in an epic 2 minute roar!! #url# via #user# </document>
<document> rt #user#: today's cover stories #user# #user# #user# #url# </document>
<document> how the biden administration can fight alzheimer's #url# </document>
<document> #user# nicole arbor debunks 🖕🏽blm👺 in an epic 2 minute roar!! #url# via #user# </document>
<document> #user# nicole arbor debunks 🖕🏽blm👺 in an epic 2 minute roar!! #url# via #user# </document>
<document> #user# nicole arbor debunks 🖕🏽blm👺 in an epic 2 minute roar!! #url# via #user# </document>
<document> #user# #user# nicole arbor debunks 🖕🏽blm👺 in an epic 2 minute rant!! #url# via #user# </document>
<Document> Nicole Arbor debunks 🖕🏽blm👺 in an epic 2 minute rant!! #url# via #user# </document>
<document> nancy👹pelosi😈 would like to unsubscribe from newsmax and oann from the airwaves #url# via #user# </document>
<document> #user# #user# joe👹biden like obama😈 uses cages for immigrant kids! #url# </document>
<document> rt #user#: because you want to see a man rescue a stranded dolphin and send it home. #url# </ddocument>
<document> Biden like Obama uses cages for immigrant children #url# </document>
<document> the truth about 😈bill💀gates👹 #url# via #user# </document>
<Document> rt #user#: Grateful for this man's courage, honesty and humanity. #user# #url# </document>
<document> cdc reveals hospitals have counted heart attacks and thousands of other deaths as Covid-19 deaths #url# via #user# </document>
<document> #user# yes biden said n***** on national TV hypocrisy of 😈dems/libs/left👹 #url# via #user# </document>
<document> #user# yes biden said n***** on national TV hypocrisy of 😈dems/libs/left👹 #url# via #user# </document>
<document> #user# #user# yes biden said n***** on national TV hypocrisy of 😈dems/libs/left👹 #url# via #user# </document>
<document> #user# #user# yes biden said n***** on national TV hypocrisy of 😈dems/libs/left👹 #url# via #user# </document>
<document> #user# #user# yes biden said n***** on national TV hypocrisy of 😈dems/libs/left👹 #url# via #user# </document>
<document> #user# yes biden said n***** on national TV hypocrisy of 😈dems/libs/left👹 #url# via #user# </document>
<document> #user# #user# yes biden said n***** on national TV hypocrisy of 😈dems/libs/left👹 #url# via #user# </document>