<author lang="en"  
	<document> rt #user#: people don't believe in big foot, but they believe biden got 80 million votes #url# </document>
		<document> and i'm sure there's more to come as time goes on....glad i don't own either. #url# </document>
		<document> #user# i won....i'm done with amazon, period. use ebay. </document>
		<document> rt #user#: a twitter challenge : see who can go the longest with out buying from amazon. send jip bozos a message. </document>
		<document> #user# most hated woman in america..... #hashtag# </document>
		<document> rt #user#: #user# how long until biden steps down because of medical reasons and we have president harris? </document>
		<document> rt #user#: one of the few upstanding ppl in congress! #url# </document>
		<document> rt #user#: will you be watching or attending the biden inauguration (assuming it happens)? </document>
		<document> rt #user#: before buying into the bogus impeachment push, consider this... #url# </document>
		<document> rt #user#: ❌❌❌❌❌❌❌❌ arrests have begun pelosi, biden’s, harris ceo’s big tech &amp; more ❌❌❌❌❌❌❌❌ 👇👇👇👇👇👇👇👇 #url# </document>
		<document> rt #user#: love this so much!! 🔥🔥 stokes the flame of let’s kick some ass!! #url# </document>
		<document> rt #user#: #url# - join the conversation on #user# </document>
		<document> rt #user#: i am losing followers faster than chris christie loses self-control. </document>
		<document> rt #user#: the people’s president arrives in texas ...we love you..♥️🇺🇸♥️ #url# </document>
		<document> rt #user#: omg - wow! this lady is pissed. #url# </document>
		<document> rt #user#: what is being done to president trump is criminal. where's the fucking justice? </document>
		<document> rt #user#: .#user#’s too stupid to become a dictator. #user# tho... 🤔 </document>
		<document> rt #user#: goodnight patriots &amp; saints! god loves u! father forgive us for we know not what we do... #url# </document>
		<document> rt #user#: please do it like yesterday. obama did the same with declassifying material to set you up. #url# </document>
		<document> rt #user#: dc is in panic mode. their days are numbered. the swamp will be drained very soon. #url# </document>
		<document> rt #user#: mike pence tells nancy pelosi he won’t invoke 25th amendment to remove donald trump #url# </document>
		<document> rt #user#: dems r the ‘unity’ party... oh wait! 🤦‍♂️ #hashtag# #hashtag# #hashtag# #hashtag# #hashtag# #hashtag# #hashtag# </document>
		<document> rt #user#: did kamala harris resign her senate seat... anyone? </document>
		<document> rt #user#: have you noticed some people on the left have already associated the word “patriot” with meaning you are an insurrectionist? </document>
		<document> rt #user#: reading between the lines, what do you think this means? #url# </document>
		<document> rt #user#: gop = groveling old pussies </document>
		<document> rt #user#: how many republican congressmen does it take to screw in a light bulb? 1 to screw it in, and 218 to apologize for it. </document>
		<document> rt #user#: democrats are capable of shitty behavior but they never apologize for it. </document>
		<document> rt #user#: please follow me on gab! i’ll be here for a while. then leaving here for the free speech platform on </document>
		<document> rt #user#: eric matheny &amp; charlie ward the house of cards are falling! - youtube #url# </document>
		<document> rt #user#: congressional republicans are scared to death of the media. </document>
		<document> rt #user#: our incredible journey is only just beginning. 🇺🇸🦅president donald j. trump 🦅🇺🇸 retweet retweet retweet </document>
		<document> rt #user#: 🔴 live: president trump delivers remarks in alamo, tx at the 450th mile ... #url# via #user# </document>
		<document> rt #user#: watch "jim jordan takes the mic and roasts democrats over 25th amendment" on youtube #url# </document>
		<document> rt #user#: yes open up america 🇺🇸🇺🇸🇺🇸 #url# </document>
		<document> rt #user#: is this why she keeps calling in sick and not showing up to work this week? #url# </document>
		<document> rt #user#: hey, want to hear from trump👇. who wants to bet me the press still sucks👊? #url# </document>
		<document> rt #user#: if??? look around and see it’s here. #url# </document>
		<document> rt #user#: breaking video: protester interrupts chuck schumer presser in nyc. #user# #url# </document>
		<document> rt #user#: president trump: "we want no violence" #url# via #user# </document>
		<document> rt #user#: starting at 2pm 🔴 live: president trump speaks in alamo, tx 1/12/21 #url# via #user# </document>
		<document> rt #user#: political violence for me not for thee #hashtag# #url# </document>
		<document> rt #user#: trump: ‘what i said was totally appropriate,’ calls for ‘no violence’ #url# </document>
		<document> rt #user#: wake up, america #url# </document>
		<document> rt #user#: parler sues amazon, asks court to reinstate platform #url# via #user# </document>
		<document> rt #user#: i’m sure jack was a real stickler about those antifa accounts. 🙄 #url# </document>
		<document> rt #user#: #user#! were you lying then, or are you lying now? either way, you’re a liar and a traitor! #url# </document>
		<document> wonder if twit is taking note what happens when you upset 75 million people..... #url# </document>
		<document> i wonder how many people shut down their #user# accounts over this? i know i was one. #url# </document>
		<document> there are options out there..... #url# </document>
		<document> rt #user#: #user# #user# i certainly wouldn't stick around for that clown show of a government #url# </document>
		<document> rt #user#: is this inciting violence? — asking for a friend #url# </document>
		<document> rt #user#: breaking - german chancellor angela merkel condemns twitter censorship of president trump. </document>
		<document> rt #user#: breaking: president trump declares state of emergency in the district of columbia until the 24th of january </document>
		<document> rt #user#: #user# suicide for the party, have at it, the establishment party is already done, 75 million have decided that. </document>
		<document> rt #user#: all the people that agree with you is actually what you mean. #url# </document>
		<document> rt #user#: hey patriots, find me on clouthub if you’re there. i’m #user# , or drop your handle and i’ll find you 🙂💫🇺🇸 </document>
		<document> rt #user#: 🔴 live: secretary of state mike pompeo speaks at voice of america, in wa... #url# via #user# </document>
		<document> rt #user#: #hashtag# 🇺🇸 we the people want an audit of all the votes cast in 2020 if you don't like it ban #hashtag# 🇺🇸 </document>
		<document> rt #user#: breaking news- joe biden will not bring healing or restoration to usa... only jesus christ can &amp; will!🇺🇸🙏♥️ </document>
		<document> rt #user#: america is in a 2nd civil war and a 3rd world war with ccp no one seems to know it. </document>
		<document> rt #user#: technocracy may be worse than socialism. </document>
		<document> rt #user#: if anybody runs into chuck schumer or nancy pelosi would you please leave them this message? #url# </document>
		<document> rt #user#: is #user# blaming #hashtag# for what happened in dc? if he is his career won’t last long. </document>
		<document> rt #user#: january 11, 2021 updates. #url# </document>
		<document> rt #user#: now gab is down. could be overwhelmed. </document>
		<document> rt #user#: so if trump takes back the white house, can he kick pence out the door? who would be a great pick for vp? </document>
		<document> rt #user#: parler goes dark. in america, if the left doesn’t like you, they can just turn you off. for everyone. </document>
		<document> rt #user#: alert: facebook is banning anyone with "stop the steal." no doubt twitter will follow..... </document>
		<document> rt #user#: we breakdown the events of january 6th. please subscribe and share (link to itunes below). #hashtag# </document>
		<document> rt #user#: the technology industrial complex is equally as concerning as the military industrial complex. </document>
		<document> rt #user#: ❌rules for me &amp; none for thee. ❌#hashtag# #url# </document>
		<document> rt #user#: 🚨urgent channel update🚨 start using youtube to bring god glory watch: #url# </document>
		<document> rt #user#: we aren’t going anywhere 🇺🇸🇺🇸🇺🇸 #url# </document>
		<document> rt #user#: how funny would it be if twitter had to eventually ask the american people for a bailout🤣 </document>
		<document> rt #user#: #hashtag# - when your crush barely notices you you become bitter af #url# </document>
		<document> rt #user#: breaking: trump declares state of emergency in washington, d.c. - reed cooper news #url# </document>
		<document> rt #user#: nite my friends , from 1958 🎼book of love🎼-the monotones-original song-- youtube.. remember ? sleep well all ✅🇺🇸 </document>
		<document> rt #user#: snow covered runway? no problem #url# </document>
		<document> rt #user#: oops, did twitter f themselves?? 🤔 #url# </document>
		<document> rt #user#: the u.s. department of state website currently states "donald j. trump's term ended on 2021-01-11 19:49:00" </document>
		<document> rt #user#: interesting. #url# </document>
		<document> rt #user#: #user# #user# he looks exactly like max headroom #url# </document>
		<document> america united???? you've got to be kidding.... america divided..... would be more like it! #url# </document>
		<document> rt #user#: treaties, like alliances, can outlast their sell-by-date. always have to keep evaluating their usefulness. </document>
		<document> rt #user#: patriots let's help all patriots rebuild. drop your handle. follow everyone. retweet. #user# </document>
		<document> rt #user#: do it! it’s not that difficult, we need to stay in loop🇺🇸💫 #url# </document>
		<document> rt #user#: your opinion on lin woods </document>
		<document> rt #user#: thanks for this cat and so true!!he does !!😂😂😂😂😂 #url# </document>
		<document> rt #user#: i’m changing the format and style of videos on my youtube channel. if this interests you, please subscribe. </document>
		<document> rt #user#: .#user# were ok with burning the whole thing down all summer. now they’re for protecting the country? 🤔 </document>
		<document> rt #user#: if i’m kicked off twitler, subscribe to my channel and we’ll keep in touch in the comments on my videos! </document>
		<document> rt #user#: rumors swirling that white hats seized key evidence in capitol raid: “we’re not here to be antifa!” </document>
		<document> rt #user#: i read that parler will he completely shut down by midnight the 10th which is only a few hours away! </document>
		<document> rt #user#: rebuild it follow patriots #url# </document>
		<document> rt #user#: remember when democrat voters occupied the state of wisconsin capitol? i do #url# </document>
		<document> rt #user#: 🚨right now: buses filled with national guard troops arriving in dc...🧐 #url# </document>
		<document> rt #user#: mass exodus from silcon valley pants are filling up with their own poo... #url# </document>
		<document> rt #user#: ... under the guise of citizen riot control. #url# </document>
		<document> rt #user#: 🚨military really seems to be mobilizing in dc this evening...🧐 #url# </document>
		<document> rt #user#: good morning everyone except the communist democrat party! </document>
		<document> rt #user#: with our constitutional rights and freedoms eroding in front of our eyes, where the hell is the united states military?? </document>
		<document> rt #user#: get ready for a lifetime of payback for being a trump supporter. patriotism will be branded terrorism by the ccp left. </document>
		<document> rt #user#: this aged well. #url# </document>
		<document> rt #user#: it’s amazing every day how many we all lose. still here to fight for our freedoms. 🇺🇸🇺🇸🇺🇸 #url# </document>
		<document> rt #user#: thank you fellow patriot 🇺🇸🇺🇸🇺🇸 #url# </document>
		<document> rt #user#: this times 1000 #url# </document>
		<document> rt #user#: .#user#’s inauguration theme will be ‘america united’ how out of touch is he 🤔🤷🏻‍♂️ </document>
		<document> rt #user#: this. on point. the left is cheering. little do they know they are the next to be silenced. #url# </document>
		<document> rt #user#: thank you mr mayor #user# we agree with you 🇺🇸🇺🇸🇺🇸 #url# </document>
		<document> rt #user#: the left didn’t start hating you last wednesday. </document>
		<document> rt #user#: "they're not after me, they're after you. i'm just in the way" ~president donald j. trump he was correct. </document>
		<document> i will no longer shop at #user# and will be closing my account. #user# #user# #user# #user# #url# </document>
		<document> join me on parler social media! #url# </document>
		<document> you can install parler from their web site. </document>
		<document> rt #user#: strange how dc mayor bowser was ok with this before... #url# </document>
		<document> rt #user#: they literally just let them through #url# </document>
		<document> rt #user#: best president trump always wins! </document>
		<document> rt #user#: donald trump is the voice of the american people! </document>
		<document> rt #user#: for me, supporting best president trump isn't politics, it's a lifestyle. </document>
		<document> rt #user#: must watch we live in a brave new world 😳 😳😳😳😳😳😳😳😳😳😳#url# </document>
		<document> rt #user#: live now: #hashtag# coalition pre-rally in dc at freedom plaza #url# </document>
		<document> rt #user#: 🔊wow! we hear you from the west wing—thank you❤️🇺🇸🦅 #url# </document>
		<document> rt #user#: check this out #user# #url# </document>
		<document> rt #user#: #user# what are they so afraid of. let's have a 10 day audit " and then the world will see" 🚨 boom 🚨👇 </document>
		<document> rt #user#: the fix is in , #url# </document>
		<document> rt #user#: we the people will not be fooled. 🇺🇸🇺🇸🇺🇸🇺🇸🇺🇸🇺🇸🇺🇸🇺🇸🇺🇸🇺🇸🇺🇸🇺🇸 #user# 🇺🇸🇺🇸🇺🇸🇺🇸🇺🇸 👇🔨 #url# </document>
		<document> rt #user#: did anyone notice 1776 flag over white house #url# </document>
		<document> rt #user#: january 6th in washington dc will define america's future! this is our 1776 moment! #hashtag# #hashtag# </document>
		<document> rt #user#: ✔ check it out patriots #url# </document>
		<document> rt #user#: it's happening now #url# #url# </document>
		<document> rt #user#: 🚨🚨we will see 🚨🚨 #url# </document>
		<document> rt #user#: 🚨 breaking 🚨 #url# </document>
		<document> rt #user#: good morning everyone except georgia. </document>
		<document> rt #user#: breaking: #user# projects raphael warnock (d) has won the georgia special senate runoff election 😳 </document>
		<document> rt #user#: 🇺🇸🇺🇸 trump attorney jay sekulow refutes claims of pence authority over electors 🇺🇸🇺🇸 #url# </document>
		<document> rt #user#: clean this 💩 up now #user# #url# </document>
		<document> rt #user#: i just love texans thank you #user# #url# #url# </document>
		<document> rt #user#: thank you to all the patriots that are in dc right now be safe as you #hashtag# watch live </document>
		<document> #user# this item is out of stock. </document>
		<document> #user# as soon as i hit add to cart it was out of stock. </document>
		<document> #user# #user# covid is a joke..all this for something with a 99.5 percent survival rate. look out.....the flu is coming....lol. </document>
		<document> #user# #user# exactly...fucked we were.... </document>
		<document> #user# gig fiber connection, signed in, once the web page switched to that one it never went past it. i'm done trying to buy online. </document>
		<document> #user# didn't even bother trying.....tired of wasting my time. </document>
		<document> #user# fuck sony. worst product rollout i've ever seen in my life. </document>
		<document> #user# anyone get one near springfield or decatur illinois? </document>
		<document> #user# #user# target hosed me. was in my cart and couldn't check out. </document>
		<document> #user# yep, pretty much. used covid as an excuse for not having them in stores and the stores are packed anyway. worst rollout ever. </document>
		<document> rt #user#: breaking news... #url# </document>
		<document> .#user# sorry, no more. #user# is where it's at. you're no different than any other msm. #user# #user# #user# </document>
		<document> #user# the time may have come to water the tree.... </document>
		<document> so i guess i'm really supposed to believe that america chose china over our republic? i'm not buying it.... </document>
		<document> rt #user#: this is not america. this is straight up bullshit. </document>
		<document> #hashtag# loves #hashtag# </document>
		<document> .#user# chris wallace sucks. </document>
		<document> .#user# you suck! newsmax will eat your lunch. #user# when's your contract up? time to move. </document>
		<document> are you embarrassed yet #hashtag# ??? you voted for china!!! </document>
		<document> looks like the sheep of #hashtag# voted for china...fools... </document>
		<document> #user# if you have a roku install newsmax. </document>
		<document> rt #user#: how any trump supporter can watch fox news tonight for election coverage is beyond me. </document>
		<document> rt #user#: rt if you voted trump!! </document>
		<document> even if you're still standing in line 12 hrs from now, do not leave!!! #hashtag# </document>
		<document> rt #user#: stay in line. do not leave. we need you. #hashtag# </document>
		<document> rt #user#: let’s give trump the... white house. senate. house. and... popular vote. lets go!!!! </document>
		<document> rt #user#: in god, i trust. </document>
		<document> rt #user#: trump wins pennsylvania bakery's cookie poll that called last three elections!! #hashtag# #hashtag# </document>
		<document> rt #user#: vote like your freedoms, your livelihood, and our future depends on it… because they do! #url# </document>
		<document> rt #user#: okay, finally got around to making my electoral map prediction. #hashtag# #hashtag# #url# </document>
		<document> #user# #user# #user# #user# #user# getting both of those, had to order them. </document>
		<document> rt #user#: #user# so the ag gig is just a side job? 🤣🤣🤣 #hashtag# #hashtag# #hashtag# </document>
		<document> rt #user#: the tyrannical plan to extend the lockdown “to save christmas” has been announced for europe... #url# </document>
		<document> rt #user#: “donald trump, he is the man. he makes you proud to be american.” #url# </document>
		<document> rt #user#: 👀 on patriots. #url# </document>
		<document> rt #user#: it’s november 3rd, the polls are open! get out and #hashtag# #hashtag# trump! let’s keep america great! #hashtag# </document>
		<document> rt #user#: that's a president trump by landslide 🇺🇲🇺🇲🇺🇲🇺🇲🇺🇲🇺🇲🇺🇲🇺🇲 biden can't even walk less can't even talk 🤮🤮🤮🤮🤮🤮🤮🤮 </document>
		<document> rt #user#: definitely this is my last poll 🔥🔥🔥🔥 and tonight we'll have a second term 🇺🇲🇺🇲🇺🇲🇺🇲 #url# </document>
		<document> rt #user#: but there’s no voter fraud 🙄dead people caught voting in nyc, elections records show #url# </document>
		<document> rt #user#: media continue to lie &amp; spread fear among us. don't fall for it. #url# </document>
		<document> rt #user#: don't worry about tues...be happy now, let's do "the trump!" #url# </document>
		<document> rt #user#: the truest cartoon ever drawn. this is what #hashtag# will decide. #url# </document>
		<document> rt #user#: read this thread from our #user#. this is why we want 4 more years. #url# </document>
		<document> rt #user#: if you haven't voted yet, do it. let's make them cry again. #url# </document>
		<document> rt #user#: i'm praying for peace, love &amp; 4 more years of trump. #url# </document>
		<document> rt #user#: look at that beautiful red sky! do you believe god gives us messages? i do. it’s going to be biblical. ♥️🇺🇸 </document>
		<document> rt #user#: x22 report. [ds] planning the red mirage, patriots know the playbook, countermeasures in place – episode 2318 - </document>
		<document> rt #user#: yes we know barry, you have huge gigantic ears. #url# </document>
		<document> rt #user#: report: 13,000+ felons could vote in florida after lebron james, bloomberg paid fines, legal fees #url# </document>
		<document> rt #user#: i have never loved a president or politician as much as i love best president trump. we love you, best president🇺🇸 </document>
		<document> rt #user#: in less than one day, we will witness best president donald trump be reelected to a second term in a landslide victory! </document>
		<document> rt #user#: the end of daylight savings 😭 #hashtag# #hashtag# #hashtag# 🗝 #url# </document>
		<document> rt #user#: great ad! hold the line. go vote. #hashtag# #url# </document>
		<document> rt #user#: i just voted for “the man” not the “big guy” #hashtag# 🇺🇸 #hashtag# #url# </document>
		<document> rt #user#: not only does best president trump have perfect policies, he also has a perfect personality! we love you, best president! </document>
		<document> rt #user#: don't worry, patriots! trump is guaranteed to win the election. he'll declare victory on election night! 😉 </document>
		<document> rt #user#: remember that these two liars spied on president trump. they got caught. and they still lost. #url# </document>
		<document> rt #user#: happy halloween 🎃 👻 **don’t get tricked, know who you’re voting for...** #hashtag# #url# </document>
		<document> rt #user#: .#user# plagiarizing again! #url# </document>
		<document> rt #user#: i want reparations for 2020... pay up china! #hashtag# </document>
		<document> rt #user#: 50 bucks says, joe biden introduces lady gaga as lady googoo. 🤣 </document>
	  <author lang="en"
<document> rt #user#: people don't believe in big foot, but they believe Biden got 80 million votes #url# </document>
<document> and I'm sure as time goes on there's more to come.... I'm glad I don't own it either. #url# </document>
<document> #user# I won....I'm done with amazon, period. use ebay. </document>
<document> rt #user#: a challenge on Twitter: see who goes the longest without buying from Amazon. send a message to jip bozos. </document>
<document> #user# most hated woman in america..... #hashtag# </document>
<document> rt #user#: #user# How long before Biden steps down on medical grounds and we have President Harris? </document>
<document> rt #user#: one of the few honest in the congress! #url# </document>
<document> rt #user#: Will you watch or attend Biden's inauguration (if that happens)? </document>
<document> rt #user#: Before accepting the fake impeachment request, consider this... #url# </document>
<document> rt #user#: ❌❌❌❌❌❌❌❌ the arrests of pelosi, biden's, harris ceo's big tech &amp; more ❌❌❌❌❌❌❌❌ 👇👇👇👇👇👇👇👇 #url# </document>
<document> rt #user#: I like it so much!! 🔥🔥 fuel the flame of kicking ass!! #url# </document>
<document> rt #user#: #url# - join the conversation on #user# </document>
<document> rt #user#: I'm losing followers faster than Chris Christie is losing his composure. </document>
<document> rt #user#: the president of the people arrives in texas ...we love you..♥️🇺🇸♥️ #url# </document>
<document> rt #user#: omg - wow! this lady is pissed. #url# </document>
<document> rt #user#: What is being done to President Trump is criminal. where's the fucking justice? </document>
<document> rt #user#: .#user# is too stupid to become a dictator. #user# though... 🤔 </document>
<document> rt #user#: goodnight patriots &amp; saints! God loves you! father forgive us for we do not know what we do... #url# </document>
<document> rt #user#: please do it like yesterday. Obama did the same with the declassification of the material to frame you. #url# </document>
<document> rt #user#: dc is in panic mode. their days are numbered. the swamp will be drained very soon. #url# </document>
<document> rt #user#: mike pence tells nancy pelosi he won't invoke 25th amendment to remove donald trump #url# </document>
<document> rt #user#: dems r the "unity" party... oh wait! 🤦‍♂️ #hashtag# #hashtag# #hashtag# #hashtag# #hashtag# #hashtag# #hashtag# </document>
<document> rt #user#: Kamala Harris has resigned from the senate... anyone? </document>
<document> rt #user#: Have you noticed that some people on the left have already associated the word “patriot” with meaning that you are an insurrectionist? </document>
<document> rt #user#: Reading between the lines, what do you think this means? #url# </document>
<document> rt #user#: gop = crawling old pussies </document>
<document> rt #user#: How many Republican MPs does it take to screw in a light bulb? 1 to screw it up and 218 to apologize. </document>
<document> rt #user#: Democrats are capable of shitty behavior but they never apologize for it. </document>
<document> rt #user#: please follow me on gab! I'll be here for a while. then starting from here for the free speech platform at </document>
<document> rt #user#: eric matheny &amp; charlie ward the house of cards is falling! -youtube #url# </document>
<document> rt #user#: Congressional Republicans are scared shitless of the media. </document>
<document> rt #user#: Our incredible journey is just beginning. 🇺🇸🦅president donald j. trump 🦅🇺🇸 retweet retweet retweet </document>
<document> rt #user#: 🔴 live: President Trump Delivers Remarks at Alamo, TX at Mile 450 ... #url# via #user# </document>
<document> rt #user#: Watch "jim jordan takes the mic and roasts 25th amendment democrats" on youtube #url# </document>
<document> rt #user#: yes open up america 🇺🇸🇺🇸🇺🇸 #url# </document>
<document> rt #user#: this is why keeps calling in sick and not showing up for work this week? #url# </document>
<document> rt #user#: hey, I want to hear Trump👇. Who wants to bet that print still sucks👊? #url# </document>
<document> rt #user#: if??? look around and see that it is here. #url# </document>
<document> rt #user#: Breaking video: Protester interrupts Chuck Schumer Presser in NYC. #user# #url# </document>
<document> rt #user#: president trump: "we don't want violence" #url# via #user# </document>
<document> rt #user#: starting at 2pm 🔴 live: President Trump speaks at alamo, tx 12/1/21 #url# via #user# </document>
<document> rt #user#: political violence for me not for you #hashtag# #url# </document>
<document> rt #user#: trump: "what I said was entirely appropriate", calls for "no violence" #url# </document>
<document> rt #user#: wake up america #url# </document>
<document> rt #user#: parler sues amazon, asks court to reinstate platform #url# via #user# </document>
<document> rt #user#: I'm sure Jack was a real stickler about those antifa accounts. 🙄 #url# </document>
<document> rt #user#: #user#! were you lying then or are you lying now? in any case, you are a liar and a traitor! #url# </document>
<document> I wonder if twit is taking note of what happens when you piss off 75 million people..... #url# </document>
<document> I wonder how many people closed their #user# accounts because of this? i know i was a #url# </document>
<document> there are options out there..... #url# </document>
<document> rt #user#: #user# #user# I certainly wouldn't stop for that government clown show #url# </document>
<document> rt #user#: Is this inciting violence? — asking for a friend #url# </document>
<document> rt #user#: breaking - German Chancellor Angela Merkel condemns President Trump's Twitter censorship. </document>
<document> rt #user#: breaking: President Trump declares a state of emergency in the District of Columbia until January 24 </document>
<document> rt #user#: #user# suicide for the party, do it, the establishment party is already done, 75 million have decided it. </document>
<document> rt #user#: all people who agree with you is actually what you mean. #url# </document>
<document> rt #user#: hey patriots, look me up on clouthub if you're around. I'm #user# , or drop the handle and I'll find you 🙂💫🇺🇸 </document>
<document> rt #user#: 🔴 live: secretary of state mike pompeo speaks to voice of america, in wa... #url# via #user# </document>
<document> rt #user#: #hashtag# 🇺🇸 we want an audit of all votes cast in 2020 if you don't like it ban #hashtag# 🇺🇸 </document>
<document> rt #user#: Breaking News - Joe Biden Will Not Bring Healing or Restoration to US... Only Jesus Christ Can &amp; it will be!🇺🇸🙏♥️ </document>
<document> rt #user#: america is in civil war 2 and WW3 with the ccp nobody seems to know. </document>
<document> rt #user#: Technocracy may be worse than socialism. </document>
<document> rt #user#: If anyone runs into chuck schumer or nancy pelosi, would you please leave them this message? #url# </document>
<document> rt #user#: Is #user# blaming #hashtag# for what happened in dc? if it is his career won't last long. </document>
<document> rt #user#: Updates January 11, 2021. #url# </document>
<document> rt #user#: now gab doesn't work. it may be overwhelmed. </document>
<document> rt #user#: So if Trump takes back the White House, can he kick pence out the door? who would be a great choice for vp? </document>
<document> rt #user#: speak goes blank. in America, if the left doesn't like you, they can just shut you down. for everyone. </document>
<document> rt #user#: alert: facebook bans anyone with "stop the steal". no doubt Twitter will follow..... </document>
<document> rt #user#: Let's analyze the events of January 6th. please subscribe and share (itunes link below). #hashtag# </document>
<document> rt #user#: the tech industryto the complex is just as worrying as the military-industrial complex. </document>
<document> rt #user#: ❌rules for me &amp; nobody for you. ❌#hashtag# #url# </document>
<document> rt #user#: 🚨urgent channel update🚨 start using youtube to bring glory to god watch: #url# </document>
<document> rt #user#: we're not going anywhere 🇺🇸🇺🇸🇺🇸 #url# </document>
<document> rt #user#: How funny it would be if Twitter finally had to ask the American people for bail🤣 </document>
<document> rt #user#: #hashtag# - when your crush barely notices you you become bitter about #url# </document>
<document> rt #user#: breaking: Trump declares state of emergency in Washington, DC - reed cooper news #url# </document>
<document> rt #user#: nite my friends , from 1958 🎼book of love🎼-the monotones-original song-- youtube.. remember? sleep tight everyone ✅🇺🇸 </document>
<document> rt #user#: snow track? no problem #url# </document>
<document> rt #user#: oops, twitter got hurt?? 🤔 #url# </document>
<document> rt #user#: The United States Department of State website currently states that "Donald J. Trump's term ended 2021-01-11 19:49:00" </document>
<document> rt #user#: Interesting. #url# </document>
<document> rt #user#: #user# #user# looks exactly like max headroom #url# </document>
<document> united america???? are you kidding.... america divided... it would be more similar! #url# </document>
<document> rt #user#: Treaties, like alliances, can outlast their expiration date. they must always continue to evaluate their usefulness. </document>
<document> rt #user#: patriots we help all patriots rebuild. drop the handle. follow everyone. retweet. #user# </document>
<document> rt #user#: do it! it's not that hard, we need to stay updated🇺🇸💫 #url# </document>
<document> rt #user#: Your opinion of lin woods </document>
<document> rt #user#: Thanks for this cat and it's true!! it does!!😂😂😂😂😂 #url# </document>
<document> rt #user#: I'm changing the format and style of the videos on my youtube channel. if this interests you, please sign up. </document>
<document> rt #user#: .#user# agreed to burn everything all summer long. now serve to protect the country? 🤔 </document>
<document> rt #user#: if i get kicked from twitler, subscribe to my channel and we will keep in touch in the comments of my videos! </document>
<document> rt #user#: Rumors are circulating that the White Hats seized key evidence during a raid on the Capitol: "we're not here to be antifa!" </document>
<document> rt #user#: I read that parler will shut down completely by midnight on the 10th, which is in a few hours! </document>
<document> rt #user#: rebuild it follow patriots #url# </document>
<document> rt #user#: Remember when Democratic voters occupied the state of wisconsin capitol? I do #url# </document>
<document> rt #user#: 🚨Right Now: Buses full of National Guard troops arriving in DC...🧐 #url# </document>
<document> rt #user#: The mass exodus from the pants of Silicon Valley is filling up with their own poop... #url# </document>
<document> rt #user#: ... under the guise of citizen riot control. #url# </document>
<document> rt #user#: 🚨Looks like the military is really mobilizing in DC this evening...🧐 #url# </document>
<document> rt #user#: Good morning everyone except the Communist Democratic Party! </document>
<document> rt #user#: With our constitutional rights and freedoms eroding before our eyes, where the hell are the US military?? </document>
<document> rt #user#: Prepare for a lifetime of revenge for being a Trump supporter. patriotism will be labeled as terrorism by the CCP left. </document>
<document> rt #user#: This has aged well. #url# </document>
<document> rt #user#: it's amazing how many we lose every day. still here fighting for our freedoms. 🇺🇸🇺🇸🇺🇸 #url# </document>
<document> rt #user#: thank you patriot friend 🇺🇸🇺🇸🇺🇸 #url# </document>
<document> rt #user#: this multiplied by 1000 #url# </document>
<documentment> rt #user#: .#user# launch theme will be 'america united' how out of this world it is 🤔🤷🏻‍♂️ </document>
<document> rt #user#: This. on the verge. the left is cheering. little do they know they are next to be silenced. #url# </document>
<document> rt #user#: thank you Mr. Mayor #user# we agree with you 🇺🇸🇺🇸🇺🇸 #url# </document>
<document> rt #user#: The left didn't start hating you last Wednesday. </document>
<document> rt #user#: "they're not looking for me, they're looking for you. i'm just in the way" ~president donald j. Trump was right. </document>
<document> I will no longer make purchases from #user# and will close my account. #user# #user# #user# #user# #url# </document>
<document> join me on social media I'll talk! #url# </document>
<document> you can install parler from their website. </document>
<document> rt #user#: Strange how Mayor Bowser agreed earlier... #url# </document>
<document> rt #user#: They literally let them pass #url# </document>
<document> rt #user#: The best president Trump always wins! </document>
<document> rt #user#: donald trump is the voice of the american people! </document>
<document> rt #user#: For me, supporting the best president Trump is not politics, it's a way of life. </document>
<document> rt #user#: must watch we live in a brave new world 😳 😳😳😳😳😳😳😳😳😳😳#url# </document>
<document> rt #user#: live now: #hashtag# coalition pre-rally in dc at freedom plaza #url# </document>
<document> rt #user#: 🔊wow! we hear you from the west wing, thank you❤️🇺🇸🦅 #url# </document>
<document> rt #user#: check this #user# #url# </document>
<document> rt #user#: #user# what are they so afraid of. let's do a 10 day audit "and then the world will see" 🚨 boom 🚨👇 </document>
<document> rt #user#: fix is ​​in , #url# </document>
<document> rt #user#: We folks won't be fooled. 🇺🇸🇺🇸🇺🇸🇺🇸🇺🇸🇺🇸🇺🇸🇺🇸🇺🇸🇺🇸🇺🇸🇺🇸 # User # 🇺🇸🇺🇸🇺🇸🇺🇸🇺🇸 👇🔨 # # URL # </UNCENT>
<document> rt #user#: Someone noticed the 1776 flag above the white house #url# </document>
<document> rt #user#: January 6 in Washington DC will define the future of America! this is our moment of 1776! #hashtag# #hashtag# </document>
<document> rt #user#: ✔ check patriots #url# </document>
<document> rt #user#: happening now #url# #url# </document>
<document> rt #user#: 🚨🚨we'll see 🚨🚨 #url# </document>
<document> rt #user#: 🚨 break 🚨 #url# </document>
<document> rt #user#: hello everyone except georgia. </document>
<document> rt #user#: breaking: #user# project raphael warnock (d) won georgia special senate ballot 😳 </document>
<document> rt #user#: 🇺🇸🇺🇸 Trump attorney Jay Sekulow refutes claims of pennies' authority over voters 🇺🇸🇺🇸 #url# </document>
<document> rt #user#: clean this 💩 now #user# #url# </document>
<document> rt #user#: I love Texans thanks #user# #url# #url# </document>
<document> rt #user#: Thanks to all the patriots in DC right now stay safe while #hashtag# watch live </document>
<document> #user# This article is sold out. </document>
<document> #user# as soon as I pressed add to cart it was out of stock. </document>
<document> #user# #user# covid is a joke..all this for something with a 99.5% survival rate. watch out...the flu is coming...lol. </document>
<document> #user# #user# exactly...we were screwed.... </document>
<document> #user# gig fiber connection, logged in, once the web page navigated to that never passed again. I stopped trying to buy online. </document>
<document> #user# didn't even bother to try.....tired of wasting my time. </document>
<document> #user# fuck sony. worst product launch i have ever seen in my life. </document>
<document> #user# does anyone have one near Springfield or Decatur Illinois? </document>
<document> #user# #user# the target screwed me over. it was in my cart and I couldn't check it out. </document>
<document> #user# yes, sort of. used covid as an excuse not to have them in storesand anyway the shops are full. worst throw ever. </document>
<document> rt #user#: breaking news... #url# </document>
<document> .#user# sorry, no more. #user# is where it's at. you are no different than any other msm. #user# #user# #user# </document>
<document> #user# it may be time to water the tree.... </document>
<document> so I guess I should really believe that America chose China over our republic? I'm not buying into it.... </document>
<document> rt #user#: This is not America. this is complete bullshit. </document>
<document> #hashtag# loves #hashtag# </document>
<document> .#user# chris wallace sucks. </document>
<document> .#user# you suck! newsmax will eat your lunch. #user# when does your contract expire? time to move. </document>
<document> are you embarrassed already #hashtag# ??? you voted for china!!! </document>
<document> it looks like the #hashtag# sheep voted for China...fools... </document>
<document> #user# if you have a roku install newsmax. </document>
<document> rt #user#: How any Trump supporter can watch Fox news tonight for election coverage is beyond me. </document>
<document> rt #user#: rt if you voted trump!! </document>
<document> even if you're still in line in 12 hours, don't leave!!! #hashtag# </document>
<document> rt #user#: stand in line. not leave. we need you. #hashtag# </document>
<document> rt #user#: let's trump the... white house. senate. home. and… popular vote. let's go!!!! </document>
<document> rt #user#: in god, i trust. </document>
<document> rt #user#: Trump Wins Pennsylvania Bakery Cookie Poll Calling Last Three Elections!! #hashtag# #hashtag# </document>
<document> rt #user#: Vote as your freedoms, your livelihood, and our future depend on it…because they do! #url# </document>
<document> rt #user#: okay, finally I managed to make my prediction on the electoral map. #hashtag# #hashtag# #url# </document>
<document> #user# #user# #user# #user# #user# having both, I had to order them. </document>
<document> rt #user#: #user# so the ag gig is just a side job? 🤣🤣🤣 #hashtag# #hashtag# #hashtag# </document>
<document> rt #user#: tyrannical lockdown extension plan announced for Europe "to save Christmas"... #url# </document>
<document> rt #user#: “donald trump, he's the man. it makes you proud to be American. #url# </document>
<document> rt #user#: 👀 about patriots. #url# </document>
<document> rt #user#: it's November 3rd, the polls are open! sign out and #hashtag# #hashtag# wins! let's keep America great! #hashtag# </document>
<document> rt #user#: this is a snowballing President Trump 🇺🇲🇺🇲🇺🇲🇺🇲🇺🇲🇺🇲🇺🇲🇺🇲 Biden can't even walk less he can't even talk 🤮🤮🤮🤮🤮🤟🤮 < /document>
<document> rt #user#: surely this is my last poll 🔥🔥🔥🔥 and tonight we will have a second mandate 🇺🇲🇺🇲🇺🇲🇺🇲 #url# </document>
<document> rt #user#: but there is no voter fraud 🙄 deceased caught voting in New York, election records show #url# </document>
<document> rt #user#: media keep lying &amp; spread fear among us. don't fall for it. #url# </document>
<document> rt #user#: don't worry about Tuesday... be happy now, let's "trump!" #url# </document>
<document> rt #user#: the realest comic ever drawn. this is what #hashtag# will decide. #url# </document>
<document> rt #user#: Read this thread from our #user#. for this we want another 4 years. #url# </document>
<document> rt #user#: If you haven't voted yet, please do. let's make them cry again. #url# </document>
<document> rt #user#: I'm praying for peace, love &amp; 4 more years of Trump. #url# </document>
<document> rt #user#: look at that beautiful red sky! Do you believe God gives us messages? I do. it will be biblical. ♥️🇺🇸 </document>
<document> rt #user#: x22 report. [ds] planning red mirage, patriots know playbook, countermeasures in place - episode 2318 - </document>
<document> rt #user#: yes we know barry, hafive huge gigantic ears. #url# </document>
<document> rt #user#: Report: More than 13,000 criminals could vote in Florida after Lebron James, Bloomberg pay fines, legal fees #url# </document>
<document> rt #user#: I have never loved a president or politician as much as I love the best president Trump. we love you best president🇺🇸 </document>
<document> rt #user#: In less than a day we will see the best president Donald Trump re-elected for a second term with a landslide victory! </document>
<document> rt #user#: the end of daylight saving time 😭 #hashtag# #hashtag# #hashtag# 🗝 #url# </document>
<document> rt #user#: Great announcement! hold the line. go vote. #hashtag# #url# </document>
<document> rt #user#: I just voted for "the man" not the "big guy" #hashtag# 🇺🇸 #hashtag# #url# </document>
<document> rt #user#: Not only does the best president Trump have perfect policies, he also has a perfect personality! We love you, best president! </document>
<document> rt #user#: Don't worry, patriots! Trump is guaranteed to win the election. will declare victory on election night! 😉 </document>
<document> rt #user#: Remember these two liars spied on President Trump. they were captured. and they still lost. #url# </document>
<document> rt #user#: happy halloween 🎃 👻 **don't be fooled, know who you're voting for...** #hashtag# #url# </document>
<document> rt #user#: .#user# plagiarism again! #url# </document>
<document> rt #user#: I want compensation for 2020... pay china! #hashtag# </document>
<document> rt #user#: $50 says Joe Biden introduces Lady Gaga as Lady Googoo. 🤣 </document><Author lang="en"
<document> rt #user#: People don't believe in Big Foot, but they believe Biden got 80 million votes #url# </document>
<document> and I'm sure there will be more to come over time... glad I don't own it either. #url# </document>
<document> #user# i won...i'm done with amazon, period. use ebay. </document>
<document> rt #user#: a Twitter challenge: Find out who can go the longest without shopping on Amazon. Send Jip Bozos a message. </document>
<document> #user# most hated woman in America..... #hashtag# </document>
<document> rt #user#: #user# how long before Biden resigns on medical grounds and we have President Harris? </document>
<document> rt #user#: one of the few upright people in Congress! #url# </document>
<Document> rt #user#: Will you be watching or attending (assuming it happens) the Biden inauguration? </document>
<document> rt #user#: Before you embark on the bogus impeachment drive, consider this... #url# </document>
<Document> rt #user#: ❌❌❌❌❌❌❌❌ Arrests have begun Pelosi, Biden's, Harris CEO's Big Tech &amp; more ❌❌❌❌❌❌❌❌ 👇👇👇👇👇👇👇👇 #url# </document>
<document> rt #user#: love this so much!! 🔥🔥 stokes the flame of lets kick ass!! #url# </document>
<document> rt #user#: #url# - join the conversation on #user# </document>
<document> rt #user#: I'm losing followers faster than Chris Christie is losing his temper. </document>
<Document> rt #user#: The people's president arrives in Texas...we love you..♥️🇺🇸♥️ #url# </document>
<document> rt #user#: omg - wow! this lady is mad. #url# </document>
<Document> rt #user#: What is being done to President Trump is criminal. Where's the damn justice? </document>
<document> rt #user#: .#user# is too stupid to become a dictator. #user# tho... 🤔 </document>
<Document> rt #user#: Goodnight Patriots &amp; saints! God loves you! Father, forgive us, for we do not know what we are doing... #url# </document>
<document> rt #user#: Please do like yesterday. Obama did the same thing by releasing material to trick you. #url# </document>
<document> rt #user#: dc is in panic mode. their days are numbered. The swamp will be drained very soon. #url# </document>
<document> rt #user#: Mike Pence tells Nancy Pelosi that he will not invoke the 25th Amendment to remove Donald Trump #url# </document>
<document> rt #user#: dems r the 'unity' party... oh wait! 🤦‍♂️ #hashtag# #hashtag# #hashtag# #hashtag# #hashtag# #hashtag# #hashtag# </document>
<document> rt #user#: did kamala harris step down from her senate seat... anyone? </document>
<document> rt #user#: Did you notice that some people on the left have already associated the word "patriot" with you being an insurgent? </document>
<document> rt #user#: Read between the lines, what do you think that means? #url# </document>
<document> rt #user#: gop = creeping old pussies </document>
<document> rt #user#: How many Republican congressmen does it take to screw in a lightbulb? 1 for screwing it in and 218 for apologizing for it. </document>
<document> rt #user#: Democrats are capable of crappy behavior, but they never apologize for it. </document>
<document> rt #user#: please follow me on gab! I'll be here for a while. then leave the platform for freedom of expression here on </document>
<document> rt #user#: eric matheny &amp; Charlie Ward, the house of cards is falling! - YouTube #url# </document>
<Document> rt #user#: Republicans in Congress are scared to death of the media. </document>
<document> rt #user#: Our incredible journey has only just begun. 🇺🇸🦅President Donald J. Trump 🦅🇺🇸 retweet retweet retweet </document>
<document> rt #user#: 🔴 live: President Trump delivers remarks in alamo, tx at 450th mile... #url# via #user# </document>
<document> rt #user#: Watch #url# on YouTube </document> "Jim Jordan takes the mic and toasts Democrats about the 25th Amendment".
<document> rt #user#: yes, open America 🇺🇸🇺🇸🇺🇸 #url# </document>
<document> rt #user#: is that why they keeps calling in sick and not showing up for work this week? #url# </document>
<document> rt #user#: Hey, I want to hear from Trump👇. who wants to bet me the press still sucks👊? #url# </document>
<document> rt #user#: when??? Look around and see it's here. #url# </document>
<document> rt #user#: Breaking Video: Protester interrupts Chuck Schumer Presser in New York. #user# #url# </document>
<document> rt #user#: President Trump: "We don't want violence" #url# via #user# </document>
<document> rt #user#: from 2 p.m. 🔴 live: President Trump speaks at the Alamo, tx 1/12/21 #url# via #user# </document>
<document> rt #user#: political violence for me not for you #hashtag# #url# </document>
<document> rt #user#: trump: "what I said was perfectly appropriate", demands "no violence" #url# </document>
<document> rt #user#: wake up America #url# </document>
<document> rt #user#: Parler is suing Amazon, asking the court to restore the #url# platform via #user# </document>
<document> rt #user#: I'm sure Jack was a real supporter of these Antifa accounts. 🙄 #url# </document>
<document> rt #user#: #user#! did you lie then or are you lying now? Either way, you are a liar and a traitor! #url# </document>
<document> wonder if Twit takes note of what happens when you piss off 75 million people..... #url# </document>
<document> I wonder how many people close their #user# accounts because of this? i know i was one #url# </document>
<document> there are options out there..... #url# </document>
<document> rt #user#: #user# #user# i certainly wouldn't stick with this government clown show #url# </document>
<document> rt #user#: incitement to violence? — Asking for a friend #url# </document>
<document> rt #user#: breaking - german chancellor angela merkel condemns twitter censorship by president trump. </document>
<document> rt #user#: breaking: President Trump declares a state of emergency in the District of Columbia through January 24 </document>
<document> rt #user#: #user# Suicide for the party, be there, the establishment party is already done, 75 million have decided that. </document>
<document> rt #user#: All the people who agree with you are actually what you mean. #url# </document>
<document> rt #user#: Hey Patriots, find me on clouthub when you're there. I'm #user# , or drop your name and I'll find you 🙂💫🇺🇸 </document>
<document> rt #user#: 🔴 live: Secretary of State Mike Pompeo speaks to Voice of America, in wa... #url# via #user# </document>
<document> rt #user#: #hashtag# 🇺🇸 we, the people, want an audit of all votes cast in 2020, if you don't like it, ban #hashtag# 🇺🇸 </document>
<document> rt #user#: Breaking News - Joe Biden will not bring healing or restoration to the US... only Jesus Christ can &amp; will!🇺🇸🙏♥️ </document>
<document> rt #user#: america is in a 2nd civil war and a 3rd world war with ccp no one seems to know. </document>
<document> rt #user#: Technocracy can be worse than socialism. </document>
<document> rt #user#: if anyone comes across chuck schumer or nancy pelosi, would you please leave them this message? #url# </document>
<document> rt #user#: Is #user# blaming #hashtag# for what happened in DC? if he is, his career won't last long. </document>
<Document> rt #user#: January 11, 2021 updates. #url# </document>
<document> rt #user#: Gab is now down. could be overwhelmed. </document>
<document> rt #user#: So if Trump retakes the White House, can he kick Pence out the door? Who would be a good choice for vp? </document>
<Document> rt #user#: Parler goes dark. If the left doesn't like you in America, they can just take you out. for each. </document>
<document> rt #user#: Warning: Facebook bans anyone with "Stop the Steal". no doubt Twitter will follow..... </document>
<document> rt #user#: We break down the events of January 6th. Please subscribe and share (link to iTunes below). #Hashtag# </Document>
<document> rt #user#: the technology industryThe whole complex is just as worrying as the military-industrial complex. </document>
<document> rt #user#: ❌rules for me &amp; none for you ❌#hashtag# #url# </document>
<document> rt #user#: 🚨Urgent channel update🚨 start using YouTube to give glory to God Watch: #url# </document>
<document> rt #user#: we're not going anywhere 🇺🇸🇺🇸🇺🇸 #url# </document>
<document> rt #user#: How funny would it be if Twitter eventually had to ask the American people for a bailout🤣 </document>
<document> rt #user#: #hashtag# - if your crush hardly notices you, you'll get bitter about #url# </document>
<Document> rt #user#: Breaking: Trump declares state of emergency in Washington, D.C. - Messages from Reed Cooper #url# </document>
<document> rt #user#: nite my friends , from 1958 🎼book of love🎼-the monotones-original song-- youtube.. do you remember ? everyone sleep well ✅🇺🇸 </document>
<document> rt #user#: snowy runway? No problem #url# </document>
<document> rt #user#: oops, has twitter hit?? 🤔 #url# </document>
<document> rt #user#: the US The US State Department website currently says "Donald J. Trump's term ended 01/11/2021 at 19:49:00" </document>
<document> rt #user#: interesting. #url# </document>
<document> rt #user#: #user# #user# he looks the same as max headroom #url# </document>
<Document> America United???? You must be kidding....America divided...would be more like it! #url# </document>
<document> rt #user#: Contracts, like alliances, can exceed their expiry date. need to continually evaluate their usefulness. </document>
<document> rt #user#: Patriots, let's help all patriots rebuild. Drop your grip follow everyone retweet. #User# </Document>
<Document> rt #user#: Do it! It's not that difficult, we have to keep up to date🇺🇸💫 #url# </document>
<document> rt #user#: Your opinion on Lin Woods </document>
<document> rt #user#: thanks for that cat and so true!!he does!!😂😂😂😂😂 #url# </document>
<document> rt #user#: I'm changing the format and style of videos on my YouTube channel. If you are interested, please subscribe. </document>
<document> rt #user#: .#user# agreed to burn the whole thing down all summer. Now are they protecting the country? 🤔 </document>
<document> rt #user#: if i get kicked from twitler, subscribe to my channel and we'll keep in touch in the comments on my videos! </document>
<Document> rt #user#: Rumors are circulating that white hats seized vital evidence in a Capitol raid: "We're not here to be Antifa!" </Document>
<document> rt #user#: I read that the parler will be completely closed until midnight on the 10th, which is only a few hours away! </document>
<document> rt #user#: rebuild it follow patriots #url# </document>
<document> rt #user#: Remember when Democratic voters occupied the Wisconsin capital? I do #url# </document>
<document> rt #user#: 🚨right now: Buses full of National Guard troops are arriving in DC...🧐 #url# </document>
<document> rt #user#: Mass exodus from Silicon Valley Pants fill with their own feces... #url# </document>
<Document> rt #user#: ...under the guise of vigilante. #url# </document>
<document> rt #user#: 🚨Military really seems to be mobilizing in DC tonight...🧐 #url# </document>
<Document> rt #user#: Good morning everyone except the Communist Democratic Party! </document>
<document> rt #user#: With our constitutional rights and freedoms eroding before our eyes, where the hell is the US military? </document>
<document> rt #user#: Get ready for a lifetime payback as a Trump supporter. Patriotism is branded as terrorism by the left-wing CCP. </document>
<document> rt #user#: This has aged well. #url# </document>
<document> rt #user#: It's amazing every day how many we all lose. still here to fight for our freedoms. 🇺🇸🇺🇸🇺🇸 #url# </document>
<document> rt #user#: thanks Patriot 🇺🇸🇺🇸🇺🇸 #url# </document>
<document> rt #user#: this time 1000 #url# </document>
<docment> rt #user#: .#user#'s inauguration theme will be "America United" how out of touch is he 🤔🤷🏻‍♂️ </document>
<document> rt #user#: that. to the point. The left cheers. Little do they know they are the next to be silenced. #url# </document>
<document> rt #user#: thank you Mr Mayor #user# we agree with you 🇺🇸🇺🇸🇺🇸 #url# </document>
<document> rt #user#: The left didn't start hating you last Wednesday. </document>
<document> rt #user#: "They're not after me, they're after you. I'm just getting in the way.” ~President Donald J. Trumpf, he was right. </document>
<document> I will no longer shop at #user# and will close my account. #user# #user# #user# #user# #url# </document>
<document> join me on parler's social media! #url# </document>
<document> you can install parler from their website. </document>
<document> rt #user#: strange that DC Mayor Bowser agreed to this beforehand... #url# </document>
<document> rt #user#: They literally just passed them through #url# </document>
<document> rt #user#: Best President Trump Always Wins! </document>
<document> rt #user#: Donald Trump is the voice of the American people! </document>
<document> rt #user#: For me, supporting the best President Trump isn't politics, it's a lifestyle. </document>
<document> rt #user#: must see we live in a brave new world 😳 😳😳😳😳😳😳😳😳😳😳#url# </document>
<document> rt #user#: now live: #hashtag# coalition ahead of DC rally at Freedom Plaza #url# </document>
<Document> rt #user#: 🔊wow! We hear you from the west wing - thank you❤️🇺🇸🦅 #url# </document>
<document> rt #user#: look at this #user# #url# </document>
<document> rt #user#: #user# what are you so afraid of. let's do a 10 day audit "and then the world will see" 🚨boom 🚨👇 </document>
<document> rt #user#: the fix is ​​in , #url# </document>
<Document> rt #user#: We, the people, don't let ourselves be fooled. 🇺🇸🇺🇸🇺🇸🇺🇸🇺🇸🇺🇸🇺🇸🇺🇸🇺🇸🇺🇸🇺🇸🇺🇸 # user # 🇺🇸🇺🇸🇺🇸🇺🇸🇺🇸 # url # </document>
<document> rt #user#: did anyone notice the 1776 flag over the white house #url# </document>?
<document> rt #user#: january 6th in washington dc will define america's future! this is our 1776 moment! #hashtag# #hashtag# </document>
<document> rt #user#: ✔ check it out patriots #url# </document>
<document> rt #user#: it happens now #url# #url# </document>
<document> rt #user#: 🚨🚨we see 🚨🚨 #url# </document>
<document> rt #user#: 🚨 Breaking 🚨 #url# </document>
<document> rt #user#: Good morning everyone except Georgia. </document>
<document> rt #user#: breaking: #user# projects Raphael Warnock (d) won the Georgia Special Senate runoff 😳 </document>
<document> rt #user#: 🇺🇸🇺🇸 Trump attorney Jay Sekulow dismisses claims of Pence's authority over voters 🇺🇸🇺🇸 #url# </document>
<document> rt #user#: clean this 💩 up now #user# #url# </document>
<document> rt #user#: i love texans just thanks #user# #url# #url# </document>
<document> rt #user#: Thank you to all the Patriots who are in DC right now. Be safe when watching #hashtag# live </document>
<document> #user# This item is not in stock. </document>
<document> #user# As soon as I clicked "add to cart" it was out of stock. </document>
<document> #user# #user# covid is a joke...all this for something with a 99.5 percent survival rate. Watch out.....the flu is coming....lol. </document>
<document> #user# #user# right... we were damned.... </document>
<document> #user# Gig fiber connection logged on, once the webpage switched to this one, it never went past it. I'm done trying to buy online. </document>
<document> #user# didn't even bother to try... he was tired of wasting my time. </document>
<Document> #user# fucks Sony. Worst product launch I've ever seen in my life. </document>
<document> #user# does anyone have one near Springfield or Decatur, Illinois? </document>
<Document> #user# #user# Target hosed me down. was in my cart and couldn't check out. </document>
<document> #user# yes, pretty much. used covid as an excuse for not having them in storesand the stores are full anyway. worst rollout ever. </document>
<document> rt #user#: breaking news... #url# </document>
<document> .#user# Sorry, not anymore. #user# is where it is. You are no different than any other msm. #user# #user# #user# </document>
<document> #user# maybe it's time to water the tree.... </document>
<document> so I'm really supposed to believe that America chose China over our republic? I'm not buying it.... </document>
<Document> rt #user#: this is not America. this is pure nonsense. </document>
<document> #hashtag# loves #hashtag# </document>
<document> .#user# Chris Wallace sucks. </document>
<document> .#user# you suck! newsmax eats your lunch. #user# when does your contract expire? Time to go. </document>
<document> are you already embarrassed #hashtag# ??? you voted for china!!! </document>
<document> looks like the sheep of #hashtag# voted for China... fools... </document>
<document> #user# if you have a Roku, install newsmax. </document>
<document> rt #user#: How any Trump supporter can watch Fox News for election coverage tonight is beyond me. </document>
<document> rt #user#: rt if you chose trump!! </document>
<Document> Even if you're still in line in 12 hours, don't go!!! #Hashtag# </Document>
<Document> rt #user#: Stay in line. do not go. We need them. #Hashtag# </Document>
<document> rt #user#: let's give Trump the... White House. Senate. A house. and ... plebiscite. let's go!!!! </document>
<Document> rt #user#: I trust in God. </document>
<document> rt #user#: Trump Wins Pennsylvania Bakery Cookie Poll Calling Last Three Elections!! #hashtag# #hashtag# </document>
<document> rt #user#: vote like your freedoms, your livelihood and our future depend on it... because they do! #url# </document>
<document> rt #user#: Okay, I finally got around to doing my ballot prediction. #hashtag# #hashtag# #url# </document>
<document> #user# #user# #user# #user# #user# to get both had to order them. </document>
<document> rt #user#: #user# so the gig is just a side job? 🤣🤣🤣 #hashtag# #hashtag# #hashtag# </document>
<document> rt #user#: the tyrannical lockdown extension plan "to save Christmas" has been announced for Europe... #url# </document>
<Document> rt #user#: "Donald Trump, he's the man. It makes you proud to be an American." #url# </document>
<Document> rt #user#: 👀 about Patriots. #url# </document>
<document> rt #user#: It's November 3rd, the elections are open! get out and trump #hashtag# #hashtag#! Let's Keep America Great! #Hashtag# </Document>
<document> rt #user#: this is a landslide President Trump 🇺🇲🇺🇲🇺🇲🇺🇲🇺🇲🇺🇲🇺🇲🇺🇲 </document>
<document> rt #user#: This is definitely my last poll 🔥🔥🔥🔥 and tonight we have a second term 🇺🇲🇺🇲🇺🇲🇺🇲 #url# </document>
<document> rt #user#: but there is no electoral fraud
<Document> rt #user#: Media keep lying &amp; spreads fear among us. don't fall for it. #url# </document>
<document> rt #user#: don't worry about you... now be happy, let's do "the trump"! #url# </document>
<document> rt #user#: the most truthful cartoon ever drawn. #hashtag# will decide that. #url# </document>
<document> rt #user#: Read this thread from our #user#. That's why we want another 4 years. #url# </document>
<document> rt #user#: If you haven't voted yet, do so. Let's make her cry again. #url# </document>
<document> rt #user#: I pray for peace, love &amp; 4 more years of trump. #url# </document>
<document> rt #user#: look at that beautiful red sky! Do you think God gives us messages? I do. it becomes biblical. ♥️🇺🇸 </document>
<document> rt #user#: x22 report. [ds] Planning the red Fata Morgana, patriots know the script, countermeasures exist - episode 2318 - </document>
<document> rt #user#: Yes, we know Barry, you have huge gigantic ears. #url# </document>
<document> rt #user#: Report: More than 13,000 felons voted in Florida after Lebron James, Bloomberg paid fines and legal fees #url# </document>
<document> rt #user#: I have never loved a President or politician as much as I love the best President Trump. we love you best president🇺🇸 </document>
<document> rt #user#: In less than a day we will see the best President Donald Trump being re-elected to a second term in a landslide victory! </document>
<document> rt #user#: the end of daylight saving time 😭 #hashtag# #hashtag# #hashtag# 🗝 #url# </document>
<document> rt #user#: great ad! Stay tuned. go voting. #Hashtag# #URL# </document>
<document> rt #user#: I just voted for "the man" not the "big guy" #hashtag# 🇺🇸 #hashtag# #url# </document>
<document> rt #user#: The best President Trump not only has perfect politics, he also has a perfect personality! We love you, best President! </document>
<Document> rt #user#: Don't worry, Patriots! Trump is guaranteed to win the election. he will announce victory on election night! 😉 </document>
<Document> rt #user#: Remember these two liars spied on President Trump. they got caught. and they still lost. #url# </document>
<document> rt #user#: happy halloween 🎃 👻 **Don't be fooled, know who you're voting for...** #hashtag# #url# </document>
<document> rt #user#: .#user# plagiarized again! #url# </document>
<document> rt #user#: i want reparations for 2020... pay china! #Hashtag# </Document>
<Document> rt #user#: 50 dollars says Joe Biden introduces Lady Gaga as Lady Googoo. 🤣 </document>