
  
    <document> 👍😮👍😮 Who would have guessed?! #URL# #HASHTAG# #HASHTAG# #HASHTAG# #HASHTAG# #HASHTAG#… #URL# ></document>
    <document> "I may be wrong, but regardless, Ledwell is in charge now, and she has made Mind Movies a big seller–and has develo… #URL# ></document>
    <document> 😜😄😜😄 Ha ha! #HASHTAG# #HASHTAG# #HASHTAG# #HASHTAG# #HASHTAG# #HASHTAG# #HASHTAG# #HASHTAG#… #URL# ></document>
    <document> "Don’t let age limit you." #URL# #HASHTAG# #HASHTAG# #HASHTAG# #URL# ></document>
    <document> 😜😄😜😄 Ha ha! #HASHTAG# #HASHTAG# #HASHTAG# #HASHTAG# #HASHTAG# #HASHTAG# #HASHTAG# #HASHTAG#… #URL# ></document>
    <document> Journaling Benefit: How Journaling Can Help Create Mental Calmness and Clarity #URL# #HASHTAG#… #URL# ></document>
    <document> "Having goals is similar to finding your life purpose." #URL# #HASHTAG# #HASHTAG#… #URL# ></document>
    <document> How to Breathe For Added Benefits When Walking #URL# #HASHTAG# #HASHTAG# #HASHTAG# #URL# ></document>
    <document> "Live your life doing the things that matter to you and that show the world who you are–even when they don't notice… #URL# ></document>
    <document> 👍😮👍😮 In 2002, Steven Spielberg finally finished college after a 33-year hiatus. He turned in Schindler's List for h… #URL# ></document>
    <document> The Many Different Ways to Journal #URL# #HASHTAG# #HASHTAG# #HASHTAG# #URL# ></document>
    <document> "These are generic movies unlike the personalized ones you can make in the program using your own music and images.… #URL# ></document>
    <document> You need to cite a #HASHTAG# video easily?   You are in right place.   Learn how to cite a Youtube Video in few simp… #URL# ></document>
    <document> Happy New year! May 2020 be your best year yet! #HASHTAG# #HASHTAG# #URL# ></document>
    <document> "Baby’s Breath Artificial White Flowers For Home Decor" #URL# #HASHTAG# #HASHTAG# #HASHTAG# #HASHTAG# #URL# ></document>
    <document> Here are 60 inspirational and funny #HASHTAG# sayings!   Which one's your favorite?    #URL# via #USER# ></document>
    <document> The Good News Cafe Mind Movies Review #URL# #HASHTAG# #HASHTAG# #HASHTAG# #URL# ></document>
    <document> 💗🎞️🎥💗🎞️🎥💗🎞️🎥 That's right--proud of it too! #URL# #URL# ></document>
    <document> Connect With People to Improve Your Life Tip #HASHTAG# #URL# #HASHTAG# #HASHTAG# #HASHTAG# #URL# ></document>
    <document> 👍👊👍👊 "The first rule of fight club is you do not talk about fight club." ~ Fight Club, 1999 #HASHTAG#… #URL# ></document>
    <document> 👍👊👍👊 "If nobody hates you, you're doing something wrong." ~ Gregory House, House M.D. #HASHTAG#… #URL# ></document>
    <document> Just published a new article: The Good News Cafe Mind Movies Review #URL# #HASHTAG#… #URL# ></document>
    <document> 💔😮💔😮 What you call love was invented by guys like me to sell nylon. ~ Don Draper, Mad Men #HASHTAG#… #URL# ></document>
    <document> Rustic Farmhouse Floating Box Shelves #URL# #HASHTAG# #HASHTAG# #HASHTAG# #URL# ></document>
    <document> 👍😎👍😎 In the Marvel comics, the character Nick Fury was based on Samuel L. Jackson. #HASHTAG# #HASHTAG#… #URL# ></document>
    <document> "Your body enters a state known as metabolic acidosis." #URL# #HASHTAG# #HASHTAG#… #URL# ></document>
    <document> Love escape rooms? In these films, characters are stuck in one location and must solve complex puzzles or mysteries… #URL# ></document>
    <document> What a Pleasant Surprise! #URL# #HASHTAG# #HASHTAG# #HASHTAG# #URL# ></document>
    <document> "So go out there and say nice things and be nice –to yourself and to those you meet!" #URL#… #URL# ></document>
    <document> 'The Ultimate Uplifting Real Estate Quotes That Will Inspire You to Be Great in 2020'  #URL#  Via… #URL# ></document>
    <document> 😜😮😜😮 Viggo Mortensen had no intention of working on The Lord Of The Rings until his son begged him to do it.… #URL# ></document>
    <document> Some of our most popular books are being turned into movies in 2020 - find out which! #USER# #URL# #HASHTAG# #HASHTAG# ></document>
    <document> "Perhaps you will have to journal in the car between activities for your kids." #URL# #HASHTAG#… #URL# ></document>
    <document> "100% made, printed and shipped from the USA." #URL# #HASHTAG# #HASHTAG# #HASHTAG# #URL# ></document>
    <document> 3 Slot Rustic Torched Wood Remote Control Caddy #URL# #HASHTAG# #HASHTAG# #HASHTAG#… #URL# ></document>
    <document> 👍✈️👍✈️ "I feel the need -- the need for speed!" ~ Top Gun, 1986 #HASHTAG# #HASHTAG# #HASHTAG#… #URL# ></document>
    <document> Improve your life and become wiser today by learning these #HASHTAG# #HASHTAG# from truly great movies! 😊… #URL# ></document>
    <document> 😜😄😜😄 Ha ha! #HASHTAG# #HASHTAG# #HASHTAG# #HASHTAG# #HASHTAG# #HASHTAG# #HASHTAG#… #URL# ></document>
    <document> "Hidden Walking Opportunities" #URL# #HASHTAG# #HASHTAG# #URL# ></document>
    <document> The Restorative Power of Sleep #URL# #HASHTAG# #HASHTAG# #HASHTAG# #URL# ></document>
    <document> Combining Walking With Other Exercise – What Works Best for Weight Loss? #URL# #HASHTAG#… #URL# ></document>
    <document> "Unless you are superhuman, there are some things that are not perfect in your life." #URL#… #URL# ></document>
    <document> 👍😮👍😮 In Raiders of the Lost Ark, when Indy shoots the Arab swordsman, he was originally meant to fight him, but Har… #URL# ></document>
    <document> Keep a Stop Doing List #URL# #HASHTAG# #HASHTAG# #HASHTAG# #URL# ></document>
    <document> 3 Ways to Finally Be Successful #URL# #HASHTAG# #HASHTAG# #URL# ></document>
    <document> "Walking is my favorite form of exercise." #URL# #HASHTAG# #HASHTAG# #HASHTAG# #URL# ></document>
    <document> Stop Saying You’re Fine: The No BS Guide to Getting What You Want #URL# #HASHTAG# #HASHTAG# #HASHTAG# #URL# ></document>
    <document> How to Create an Effective Vision Board #URL# #HASHTAG# #HASHTAG# #HASHTAG# #URL# ></document>
    <document> "This might seem to be an impossible task, but working with your doctor and/or therapist, there are ways to develop… #URL# ></document>
    <document> 40 Inch 1080p Smart LED Roku Television #URL# #HASHTAG# #HASHTAG# #HASHTAG# #URL# ></document>
    <document> "You need to …”" #URL# #HASHTAG# #HASHTAG# #URL# ></document>
    <document> "Certain types of foods can help with muscle repair, and ideally you need to focus on what you’re eating at least a… #URL# ></document>
    <document> "Insulated Stainless Steel Water Bottles" #URL# #HASHTAG# #HASHTAG# #HASHTAG# #URL# ></document>
    <document> Earth and People Friendly Christmas Gifts #URL# #HASHTAG# #HASHTAG# #URL# ></document>
    <document> 😜😄😜😄 Paul Rudd had the idea for Steve Carell to scream "Kelly Clarkson!" during the waxing scene in the 40-Year-Old… #URL# ></document>
    <document> Grow Your Own Health #URL# #HASHTAG# #HASHTAG# #HASHTAG# #URL# ></document>
    <document> Colorful Wooden Coffee Table #URL# #HASHTAG# #HASHTAG# #HASHTAG# #URL# ></document>
    <document> Top 10 Ways to Use Essential Oils #URL# #HASHTAG# #HASHTAG# #HASHTAG# #URL# ></document>
    <document> 😜😄😜😄  Ha ha! #HASHTAG# #HASHTAG# #HASHTAG# #HASHTAG# #HASHTAG# #HASHTAG# #HASHTAG# #HASHTAG#… #URL# ></document>
    <document> Focus on Health and Fitness #URL# #HASHTAG# #HASHTAG# #HASHTAG# #URL# ></document>
    <document> 3 Best Types of Exercise for Mental Health #URL# #HASHTAG# #HASHTAG# #HASHTAG# #URL# ></document>
    <document> How Journaling Can Help Create Mental Calmness and Clarity #URL# #HASHTAG# #HASHTAG# #HASHTAG# #URL# ></document>
    <document> Life is Colorful: Interview With Kate Greenbank #URL# #HASHTAG# #HASHTAG# #HASHTAG# #URL# ></document>
    <document> Achieve Anything in Just One Year Review #URL# #HASHTAG# #HASHTAG# #HASHTAG# #URL# ></document>
    <document> "Return to Homepage" #URL# #HASHTAG# #HASHTAG# #HASHTAG# #URL# ></document>
    <document> Light Up Electronic Word Clock Contemporary Home and Office Décor (Copper Finish) #URL# #HASHTAG#… #URL# ></document>
    <document> "Our most popular scent – with a peppermint burst so pure it tingles!" #URL# #HASHTAG# #HASHTAG#… #URL# ></document>
    <document> Three Big Benefits Of Keeping A Journal #URL# #HASHTAG# #HASHTAG# #HASHTAG# #URL# ></document>
    <document> "Dominique Mosbergen is a reporter at The Huffington Post covering climate change and conservation."… #URL# ></document>
    <document> 🚗🚕🚗🚕 532 cars were destroyed over the course of production -- Transformers: Dark of the Moon. #HASHTAG#… #URL# ></document>
    <document> Who else watches this? So funny! The Office: The Complete Series #URL# (via Amazon) #URL# ></document>
    <document> "You’ll discover the hope and the strength that you need to keep striving for your dreams." #URL#… #URL# ></document>
    <document> Video translation is no easy feat. It can be a little tricky, shuffling between closed captioning, transcribing aud… #URL# ></document>
    <document> "If you’re like me and spend a fair amount of time on the computer anyway, you couldn’t ask for an easier way of he… #URL# ></document>
    <document> How to Create an Effective Vision Board #URL# #HASHTAG# #HASHTAG# #HASHTAG# #URL# ></document>
    <document> Suppose, hypothetically, you were a conspiracy theorist who believed in the Illuminati, malevolent aliens, lizard p… #URL# ></document>
    <document> 😺😮😺😮 That sounds uncomfortable! #HASHTAG# #HASHTAG# #HASHTAG# #HASHTAG# #HASHTAG# #HASHTAG#… #URL# ></document>
    <document> Love-Intelligence: Spring’s Message #URL# #HASHTAG# #HASHTAG# #HASHTAG# #URL# ></document>
    <document> Davinci Resolve is a powerful editing and color correction program.   But can it do harm to your computer?   Learn… #URL# ></document>
    <document> "Improve Your Life: Tip #HASHTAG#" #URL# #HASHTAG# #HASHTAG# #HASHTAG# #URL# ></document>
    <document> Need some joyful inspiration? Let these 120+ #HASHTAG# quotes help brighten up your day, from celebrities to the u… #URL# ></document>
    <document> "The face of the company today is a woman, Natalie Ledwell (I remember the old video I watched having a man describ… #URL# ></document>
    <document> "Taking up a new hobby would also count." #URL# #HASHTAG# #HASHTAG# #HASHTAG# #URL# ></document>
    <document> "It’s a Lego set that, when built, measures a little more than 14 inches tall, 11 inches wide and 7 inches deep."… #URL# ></document>
    <document> "Make your room conducive for sleep." #URL# #HASHTAG# #HASHTAG# #HASHTAG# #URL# ></document>
    <document> 👍😮👍😮 Linda Hamilton's identical twin sister Leslie appeared as a mirror reflection of her in several scenes of The… #URL# ></document>
    <document> Great spoilers-free recommendation of #HASHTAG# in #HASHTAG# from #USER#   Very interesting to read th… #URL# ></document>
    <document> How to Master the Abundance Formula #URL# #HASHTAG# #HASHTAG# #HASHTAG# #URL# ></document>
    <document> How Coloring Can Reduce Stress  #URL# #HASHTAG# #HASHTAG# #HASHTAG# #URL# ></document>
    <document> How to Unlock “The Power of Yet” In Your Life #URL# #HASHTAG# #HASHTAG# #HASHTAG# #URL# ></document>
    <document> "Some people choose an exercise like yoga or running because of its meditational element, and through these routine… #URL# ></document>
    <document> "Helps you understand yourself and things that are happening in your life." #URL# #HASHTAG# #HASHTAG#… #URL# ></document>
    <document> After watching the Falcon rip through intergalactic spacetime, it’s got Payless Power wondering: it can’t have the… #URL# ></document>
    <document> The Mozart Effect #URL# #HASHTAG# #HASHTAG# #HASHTAG# #URL# ></document>
    <document> Pretty Choose Peace  Black Coffee Mug #URL# #HASHTAG# #HASHTAG# #HASHTAG# #URL# ></document>
    <document> 😯👍😯👍 Will Smith, Nicolas Cage, Tom Cruise, Johnny Depp and Leonardo Dicaprio were offered the part of Neo in "The M… #URL# ></document>
    <document> No matter what you're going through in life, one of these #HASHTAG# from Mahatma Gandhi will lift you ri… #URL# ></document>
    <document> These wedding photo fails will leave you crying with laughter. Number 7….OMG!    #URL# 😂🤣😆😹  Via… #URL# ></document>
    <document> 😜😄😜😄 Lol! #HASHTAG# #HASHTAG# #HASHTAG# #HASHTAG# #HASHTAG# #HASHTAG# #HASHTAG# #HASHTAG#… #URL# ></document>
    <document> Colorful Wall Art Dreamy Couple #URL# #HASHTAG# #HASHTAG# #HASHTAG# #URL# ></document>
  
</author>
<document> 👍😮👍😮 Who would have guessed?! #URL# #HASHTAG# #HASHTAG# #HASHTAG# #HASHTAG# #HASHTAG#… #URL# ></document>
    <document> "I could be wrong but whatever happens, Ledwell is now in business and has made Mind Movies a major seller - and developed it... #URL# ></document>
    <document> 😜😄😜😄 Ha ha! #HASHTAG# #HASHTAG# #HASHTAG# #HASHTAG# #HASHTAG# #HASHTAG# #HASHTAG# #HASHTAG#… #URL# ></document>
    <document> "Don't let age limit you." #URL# #HASHTAG# #HASHTAG# #HASHTAG# #URL# ></document>
    <document> 😜😄😜😄 Ha ha! #HASHTAG# #HASHTAG# #HASHTAG# #HASHTAG# #HASHTAG# #HASHTAG# #HASHTAG# #HASHTAG#… #URL# ></document>
    <document> The Benefit of Keeping a Journal: How Keeping a Journal Can Help Build Mental Calmness and Clarity #URL# #HASHTAG#… #URL# ></document>
    <document> "Having goals is like finding your life purpose." #URL# #HASHTAG# #HASHTAG#… #URL# ></document>
    <document> How to Breathe for More Benefits While Walking #URL# #HASHTAG# #HASHTAG# #HASHTAG# #URL# ></document>
    <document> "Live your life doing the things that matter to you and show the world who you are—even if they don't realize it... #URL# ></document>
    <document> 👍😮👍😮 In 2002, Steven Spielberg finally graduated from college after a 33-year hiatus. Delivered Schindler's List for… #URL# ></document>
    <document> Many Different Ways to Keep a Journal #URL# #HASHTAG# #HASHTAG# #HASHTAG# #URL# ></document>
    <document> "These are generic movies, unlike personalized movies that you can create in the program using your own music and images.… #URL# ></document>
    <document> Need to easily quote a #HASHTAG# video? You are in the right place. Learn how to quote a Youtube Video in a few simple steps… #URL# ></document>
    <document> Happy New Year! Let 2020 be your best year ever! #HASHTAG# #HASHTAG# #URL# ></document>
    <document> "Baby's Breath Artificial White Flowers for Home Decoration" #URL# #HASHTAG# #HASHTAG# #HASHTAG# #HASHTAG# #URL# ></document>
    <document> Here are 60 inspiring and fun #HASHTAG# quotes! What's your favourite? #URL# ></document> via #USER#
    <document> Good News Cafe Mind Movie Review #URL# #HASHTAG# #HASHTAG# #HASHTAG# #URL# ></document>
    <document> 💗🎞️🎥💗🎞️🎥💗🎞️🎥 That's right, I'm proud of that too! #URL# #URL# ></ document>
    <document> Connect with People to Improve Your Life Tip #HASHTAG# #URL# #HASHTAG# #HASHTAG# #HASHTAG# #URL# ></document>
    <document> 👍👊👍👊 "The first rule of fight club is not to talk about fight club." ~ Fight Club, 1999 #HASHTAG#… #URL# ></document>
    <document> 👍👊👍👊 "If no one hates you, you are doing something wrong." ~ Gregory House, House M.D. #HASHTAG#… #URL# ></document>
    <document> Published a new article: The Good News Cafe Mind Movies Review #URL# #HASHTAG#… #URL# ></document>
    <document> 💔😮💔😮 What you call love was invented by guys like me to sell nylon. ~ Don Draper, Mad Men #HASHTAG#… #URL# ></document>
    <document> Rustic Farmhouse Floating Box Shelves #URL# #HASHTAG# #HASHTAG# #HASHTAG# #URL# ></ document>
    <document> 👍😎👍😎 In the Marvel comics, the character Nick Fury was based on Samuel L. Jackson. #HASHTAG# #HASHTAG#… #URL# ></document>
    <document> "Your body is entering a state known as metabolic acidosis." #URL# #HASHTAG# #HASHTAG#… #URL# ></document>
    <document> Do you like escape rooms? In these movies, the characters are stuck in one place and have to solve complex puzzles or mysteries… #URL# ></document>
    <document> What a Pleasant Surprise! #URL# #HASHTAG# #HASHTAG# #HASHTAG# #URL# ></document>
    <document> "Then go out and say nice things and be kind to yourself and those you meet!" #URL#… #URL# ></document>
    <document> 'Best Motivational Real Estate Quotes to Inspire You to Be Great in 2020' #URL# Via… #URL# ></document>
    <document> 😜😮😜😮 Viggo Mortensen had no intention of working on Lord of the Rings until his son begged him to do it.… #URL# ></document>
    <document> Some of our most popular books are being made into movies in 2020 - find out which ones! #USER# #URL# #HASHTAG# #HASHTAG# ></document>
    <document> "Maybe you'll have to keep a diary for your kids in the car between activities." #URL# #HASHTAG#… #URL# ></document>
    <document> "100% made, printed and shipped in the USA." #URL# #HASHTAG# #HASHTAG# #HASHTAG# #URL# ></document>
    <document> 3 Slot Rustic Burnt Wood Remote Control Box #URL# #HASHTAG# #HASHTAG# #HASHTAG#… #URL# ></document>
    <document> 👍✈️👍✈️ "I need -- I need speed!" ~ Top Gun, 1986 #HASHTAG# #HASHTAG# #HASHTAG#… #URL# ></document>
    <document> Improve your life by learning this #HASHTAG# #HASHTAG# from some really cool movies and be smarter today! 😊… #URL# ></ document>
    <document> 😜😄😜😄 Ha ha! #HASHTAG# #HASHTAG# #HASHTAG# #HASHTAG# #HASHTAG# #HASHTAG# #HASHTAG#… #URL# ></document>
    <document> "Hidden Walk Opportunities" #URL# #HASHTAG# #HASHTAG# #URL# ></document>
    <document> The Refreshing Power of Sleep #URL# #HASHTAG# #HASHTAG# #HASHTAG# #URL# ></document>
    <document> Combining Walking with Other Exercises – What Works Best for Weight Loss #URL# #HASHTAG#… #URL# ></document>
    <document> "Unless you're superhuman, there are some things in your life that aren't perfect." #URL#… #URL# ></document>
    <document> 👍😮👍😮 In Raiders of the Lost Ark, when Indy shot the Arabian swordsman, he was actually supposed to fight it, but Har… #URL# ></document>
    <document> Keep a To-Do List #URL# #HASHTAG# #HASHTAG# #HASHTAG# #URL# ></document>
    <document> 3 Ways to Finally Succeed #URL# #HASHTAG# #HASHTAG# #URL# ></document>
    <document> "Walking is my favorite form of exercise." #URL# #HASHTAG# #HASHTAG# #HASHTAG# #URL# ></document>
    <document> Stop Saying I'm Fine: A Non-BS Guide to Getting What You Want #URL# #HASHTAG# #HASHTAG# #HASHTAG# #URL# ></document>
    <document> How to Create an Effective Vision Board #URL# #HASHTAG# #HASHTAG# #HASHTAG# #URL# ></document>
    <document> "This isan impossible task, but there are ways to improve by working with your doctor and/or therapist… #URL# ></document>
    <document> 40 Inch 1080p Smart LED Roku Television #URL# #HASHTAG# #HASHTAG# #HASHTAG# # #URL# ></document>
    <document> "You have to..."" #URL# #HASHTAG# #HASHTAG# #URL# ></document>
    <document> "Certain types of food can help with muscle repair, and ideally you should focus on what you eat at least... #URL# ></document>
    <document> "Insulated Stainless Steel Water Bottles" #URL# #HASHTAG# #HASHTAG# #HASHTAG# #URL# ></document>
    <document> Earth and Human Friendly Christmas Gifts #URL# #HASHTAG# #HASHTAG# #URL# ></document>
    <document> 😜😄😜😄 Paul Rudd, Steve Carell's "Kelly Clarkson!" During the waxing scene in 40-Year-Old… #URL# ></document>
    <document> Improve Your Own Health #URL# #HASHTAG# #HASHTAG# #HASHTAG# #URL# ></document>
    <document> Colorful Wooden Coffee Table #URL# #HASHTAG# #HASHTAG# #HASHTAG# #URL# ></document>
    <document> Top 10 Ways to Use Essential Oils #URL# #HASHTAG# #HASHTAG# #HASHTAG# #URL# ></document>
    <document> 😜😄😜😄 Ha ha! #HASHTAG# #HASHTAG# #HASHTAG# #HASHTAG# #HASHTAG# #HASHTAG# #HASHTAG# #HASHTAG#… #URL# ></document>
    <document> Focus on Health and Wellness #URL# #HASHTAG# #HASHTAG# #HASHTAG# #URL# ></document>
    <document> Top 3 Types of Exercise for Mental Health #URL# #HASHTAG# #HASHTAG# #HASHTAG# #URL# ></document>
    <document> How Journaling Can Help Create Mental Calmness and Clarity #URL# #HASHTAG# #HASHTAG# #HASHTAG# #URL# ></document>
    <document> Life in Color: Interview with Kate Greenbank #URL# #HASHTAG# #HASHTAG# #HASHTAG# #URL# ></document>
    <document> Get Everything With Just One Year Review #URL# #HASHTAG# #HASHTAG# #HASHTAG# #URL# ></document>
    <document> "Return to Home" #URL# #HASHTAG# #HASHTAG# #HASHTAG# # #URL# ></document>
    <document> Illuminated Electronic Word Clock Contemporary Home and Office Decor (Copper Plated) #URL# #HASHTAG#… #URL# ></document>
    <document> "Our most popular scent - the burst of mint is so pure it gives you chills!" #URL# #HASHTAG# #HASHTAG#… #URL# ></document>
    <document> Three Big Benefits of Keeping a Journal #URL# #HASHTAG# #HASHTAG# #HASHTAG# #URL# ></document>
    <document> "Dominique Mosbergen is a reporter on climate change and conservation at The Huffington Post."… #URL# ></document>
    <document> 🚗🚕🚗🚕 532 cars were destroyed in the production process -- Transformers: Dark of the Moon. #HASHTAG#… #URL# ></document>
    <document> Who else is watching this? So funny! The Office: The Complete Series #URL# (via Amazon) #URL# ></document>
    <document> "You will discover the hope and strength you need to keep striving for your dreams." #URL#… #URL# ></document>
    <document> Video translation is no easy task. Switching between captioning and audio transcription can be a little tricky… #URL# ></document>
    <document> "If you're like me and you're a faiNo matter how much time you spend on the computer anyway, you couldn't ask for an easier way… #URL# ></document>
    <document> How to Create an Effective Vision Board #URL# #HASHTAG# #HASHTAG# #HASHTAG# #URL# ></document>
    <document> Suppose you are a conspiracy theorist who believes in the Illuminati, evil aliens, lizard p… #URL# ></document>.
    <document> 😺😮😺😮 Sounds irritating! #HASHTAG# #HASHTAG# #HASHTAG# #HASHTAG# #HASHTAG# #HASHTAG#… #URL# ></document>
    <document> Love Intelligence: Message of Spring #URL# #HASHTAG# #HASHTAG# #HASHTAG# #URL# ></document>
    <document> Davinci Resolve is a powerful editing and color correction program. But can it harm your computer? Find out… #URL# ></document>
    <document> "Improve Your Life: #HASHTAG# Tip" #URL# #HASHTAG# #HASHTAG# #HASHTAG# #URL# ></document>
    <document> Need some cheerful inspiration? Famous people u… #URL# ></document>
    <document> "The face of the company today is a woman, Natalie Ledwell (I remember an old video I watched... #URL# ></document>
    <document> "Getting a new hobby counts, too." #URL# #HASHTAG# #HASHTAG# #HASHTAG# #URL# ></document>
    <document> "A Lego set that when built is a little over 14 inches long, 11 inches wide and 7 inches deep."… #URL# ></document>
    <document> "Make your room conducive to sleep." #URL# #HASHTAG# #HASHTAG# #HASHTAG# #URL# ></document>
    <document> 👍😮👍😮 Linda Hamilton's identical twin Leslie, The… #URL# ></document>
    <document> A great spoiler-free suggestion of #HASHTAG# by #USER# in #HASHTAG# Very interesting to read this... #URL# ></document>
    <document> How to Master the Abundance Formula #URL# #HASHTAG# #HASHTAG# #HASHTAG# #URL# ></document>
    <document> How Painting Can Reduce Stress #URL# #HASHTAG# #HASHTAG# #HASHTAG# #URL# ></document>
    <document> How to Unleash the "Power of Growing" in Your Life #URL# #HASHTAG# #HASHTAG# #HASHTAG# #URL# ></document>
    <document> "Some people choose an exercise like yoga or jogging because of the meditation element, and through those routines... #URL# ></document>
    <document> "Helps you understand yourself and what's going on in your life." #URL# #HASHTAG# #HASHTAG#… #URL# ></document>
    <document> After watching Falcon pierce intergalactic space-time, Payless Power wonders ... #URL# ></document>
    <document> Mozart Effect #URL# #HASHTAG# #HASHTAG# #HASHTAG# #URL# ></document>
    <document> Pretty Select Peace Black Coffee Mug #URL# #HASHTAG# #HASHTAG# #HASHTAG# #URL# ></document>
    <document> 😯👍😯👍 Will Smith, Nicolas Cage, Tom Cruise, Johnny Depp, and Leonardo Dicaprio were offered the role of Neo in "The M… #URL# ></document>.
    <document> Whatever you experience in life, one of them is #HASHTAG#From Mahatma Gandhi... #URL# ></document>
    <document> These wedding photo failures will make you cry with laughter. Number 7... Oh my God! #URL# 😂🤣😆😹 Via… #URL# ></ document>
    <document> 😜😄😜😄 Hah! #HASHTAG# #HASHTAG# #HASHTAG# #HASHTAG# #HASHTAG# #HASHTAG# #HASHTAG# #HASHTAG#… #URL# ></document>
    <document> Colorful Wall Art Dreamy Couple #URL# #HASHTAG# #HASHTAG# #HASHTAG# #URL# ></document>
  
</author>