
  
    <document> Adam Levine And Behati Prinsloo's Marriage Getting Stronger With... Via News Break: #URL# #URL# ></document>
    <document> The Music Industry Isn't As Fucked As They Say... Via News Break: #URL# #URL# ></document>
    <document> Limited Edition Five-LP Box Set, Maroon 5 -- The Studio Albums All... Via News Break: #URL# #URL# ></document>
    <document> Limited Edition Five-LP Box Set, Maroon 5 -- The Studio Albums All... Via News Break: #URL# #URL# ></document>
    <document> Limited Edition Five-LP Box Set, Maroon 5 -- The Studio Albums All... Via News Break: #URL# #URL# ></document>
    <document> Limited Edition Five-LP Box Set, Maroon 5 -- The Studio Albums All... Via News Break: #URL# #URL# ></document>
    <document> Maroon 5 - Payphone - ft Wiz Khalifa - LETRA... Via News Break: #URL# #URL# ></document>
    <document> Kelsea Ballerini 'Greatest Hits' Video: Watch Britney Spears, Shania... Via News Break: #URL# #URL# ></document>
    <document> Behati Prinsloo Shows Off Her Growing Baby Bump in L.A.... Via News Break: #URL# #URL# ></document>
    <document> Kelsea Ballerini 'Greatest Hits' Video: Watch Britney Spears, Shania... Via News Break: #URL# #URL# ></document>
    <document> Limited Edition Five-LP Box Set, Maroon 5 -- The Studio Albums All... Via News Break: #URL# #URL# ></document>
    <document> Adam Levine, Behati Prinsloo Divorce: Maroon 5 Frontman Dumping Model... Via News Break: #URL# #URL# ></document>
    <document> Limited Edition Five-LP Box Set, Maroon 5 -- The Studio Albums All... Via News Break: #URL# #URL# ></document>
    <document> Maroon 5 - Love Somebody (Lyrics)... Via News Break: #URL# #URL# ></document>
    <document> The Music Industry Isn't As Fucked As They Say... Via News Break: #URL# #URL# ></document>
    <document> Tove Lo Returns With 'Cool Girl'... Via News Break: #URL# #URL# ></document>
    <document> The Music Industry Isn't As Fucked As They Say... Via News Break: #URL# #URL# ></document>
    <document> Will sing for food... Via News Break: #URL# #URL# ></document>
    <document> MAROON 5 - SUGAR @ Live in SEOUL 2015 (0909)... Via News Break: #URL# #URL# ></document>
    <document> The Music Industry Isn't As Fucked As They Say... Via News Break: #URL# #URL# ></document>
    <document> Adam Levine, Behati Prinsloo Divorce: Maroon 5 Frontman Dumping Model... Via News Break: #URL# #URL# ></document>
    <document> Pregnant Behati Prinsloo's Ankle-Length LBD Flawlessly Complements... Via News Break: #URL# #URL# ></document>
    <document> Adam Levine on Behati Prinsloo's pregnancy: 'I'm so excited!'... Via News Break: #URL# #URL# ></document>
    <document> Kelsea Ballerini 'Greatest Hits' Video: Watch Britney Spears, Shania... Via News Break: #URL# #URL# ></document>
    <document> Dear Earth Talk:... Via News Break: #URL# #URL# ></document>
    <document> The Music Industry Isn't As Fucked As They Say... Via News Break: #URL# #URL# ></document>
    <document> Maroon 5 - Won't Go Home Without You (Live Ellen Deg. Show)... Via News Break: #URL# #URL# ></document>
    <document> Slipknot to go ahead with North Carolina show... Via News Break: #URL# #URL# ></document>
    <document> MAROON 5 - This Love @ Live in SEOUL 2015 (0909)... Via News Break: #URL# #URL# ></document>
    <document> The Music Industry Isn't As Fucked As They Say... Via News Break: #URL# #URL# ></document>
    <document> The Music Industry Isn't As Fucked As They Say... Via News Break: #URL# #URL# ></document>
    <document> Everything you need to know about Kristen Stewart's girlfriend,... Via News Break: #URL# #URL# ></document>
    <document> Limited Edition Five-LP Box Set, Maroon 5 -- The Studio Albums All... Via News Break: #URL# #URL# ></document>
    <document> Kelsea Ballerini 'Greatest Hits' Video: Watch Britney Spears, Shania... Via News Break: #URL# #URL# ></document>
    <document> Blake Shelton and Adam Levine are not leaving "The Voice" - and... Via News Break: #URL# #URL# ></document>
    <document> Adam Levine And Behati Prinsloo's Marriage Getting Stronger With... Via News Break: #URL# #URL# ></document>
    <document> The Music Industry Isn't As Fucked As They Say... Via News Break: #URL# #URL# ></document>
    <document> Adam Levine and Blake Shelton Will Basically Never Leave 'The Voice':... Via News Break: #URL# #URL# ></document>
    <document> xxxxxxxxxxxxx... Via News Break: #URL# #URL# ></document>
    <document> PopCrush Presents: Viceroy... Via News Break: #URL# #URL# ></document>
    <document> Maroon 5 - Won't Go Home Without You (Live Ellen Deg. Show)... Via News Break: #URL# #URL# ></document>
    <document> Watch Redskins break into chorus of John Legend song during rookie... Via News Break: #URL# #URL# ></document>
    <document> TOVE LO RETURNS WITH HER HIGHLY ANTICIPATED NEW SINGLE "COOL GIRL"... Via News Break: #URL# #URL# ></document>
    <document> Demi Lovato &amp; Nick Jonas Bring the Future Now Tour to Chicago... Via News Break: #URL# #URL# ></document>
    <document> Limited Edition Five-LP Box Set, Maroon 5 -- The Studio Albums All... Via News Break: #URL# #URL# ></document>
    <document> Kelsea Ballerini 'Greatest Hits' Video: Watch Britney Spears, Shania... Via News Break: #URL# #URL# ></document>
    <document> MAROON 5 - SUGAR @ Live in SEOUL 2015 (0909)... Via News Break: #URL# #URL# ></document>
    <document> Kesha Drops Her Sexual Assault Lawsuit Against Dr. Luke... Via News Break: #URL# #URL# ></document>
    <document> Maroon 5 - New Love - V - (Lyric Video)... Via News Break: #URL# #URL# ></document>
    <document> MAROON 5 - SUGAR @ Live in SEOUL 2015 (0909)... Via News Break: #URL# #URL# ></document>
    <document> Rec soccer results... Via News Break: #URL# #URL# ></document>
    <document> PJ Morton On #HASHTAG#: 'My Son Thinks The Police Are Going To Hurt Us'... Via News Break: #URL# #URL# ></document>
    <document> Kesha drops assault claims against Dr Luke in California... Via News Break: #URL# #URL# ></document>
    <document> 'The Voice' Promises A 'New Era' - By Promoting The Old One... Via News Break: #URL# #URL# ></document>
    <document> Does Mariners closer Edwin Diaz need a new entrance song?... Via News Break: #URL# #URL# ></document>
    <document> Rec soccer results... Via News Break: #URL# #URL# ></document>
    <document> The Music Industry Isn't As Fucked As They Say... Via News Break: #URL# #URL# ></document>
    <document> Adam Levine Talks Behati Prinsloo's Pregnancy, Will He Quit 'The... Via News Break: #URL# #URL# ></document>
    <document> Maroon 5 - Love Somebody (Lyrics)... Via News Break: #URL# #URL# ></document>
    <document> BSO Showcase: #USER# Delivers Spine Chilling Music For the Soul... Via News Break: #URL# #URL# ></document>
    <document> Adam Levine Gets "Too Excited" for His Baby's Birth Day... Via News Break: #URL# #URL# ></document>
    <document> Fresh Tracks - Indie Rock Songs from Beta Play, Sandmoon, Elizabeth... Via News Break: #URL# #URL# ></document>
    <document> Boyce Avenue Comes to iPlay America... Via News Break: #URL# #URL# ></document>
    <document> Kelsea Ballerini 'Greatest Hits' Video: Watch Britney Spears, Shania... Via News Break: #URL# #URL# ></document>
    <document> 'Suicide Squad' star Jared Leto says goodbye to The Joker and goes... Via News Break: #URL# #URL# ></document>
    <document> Miley Cyrus and Liam Hemsworth try carpool karaoke singing Justin... Via News Break: #URL# #URL# ></document>
    <document> Slipknot Joined The Long List Of Musicians Denouncing North... Via News Break: #URL# #URL# ></document>
    <document> Adam Levine And Behati Prinsloo's Marriage Getting Stronger With... Via News Break: #URL# #URL# ></document>
    <document> What Just Happened?... Via News Break: #URL# #URL# ></document>
    <document> Live Nation dominates H1 2016 promoter ticket sales chart... Via News Break: #URL# #URL# ></document>
    <document> Kelsea Ballerini 'Greatest Hits' Video: Watch Britney Spears, Shania... Via News Break: #URL# #URL# ></document>
    <document> Limited Edition Five-LP Box Set, Maroon 5 -- The Studio Albums All... Via News Break: #URL# #URL# ></document>
    <document> Kelsea Ballerini 'Greatest Hits' Video: Watch Britney Spears, Shania... Via News Break: #URL# #URL# ></document>
    <document> 15 Hot Celebs who prove Snapchat is way better than Instagram... Via News Break: #URL# #URL# ></document>
    <document> Maroon 5 - Payphone - ft Wiz Khalifa - LETRA... Via News Break: #URL# #URL# ></document>
    <document> Orlando Bloom Naked Pics: What Selena Gomez Really Thinks About It... Via News Break: #URL# #URL# ></document>
    <document> Kelsea Ballerini 'Greatest Hits' Video: Watch Britney Spears, Shania... Via News Break: #URL# #URL# ></document>
    <document> Adam Levine, Behati Prinsloo Divorce: Maroon 5 Frontman Dumping Model... Via News Break: #URL# #URL# ></document>
    <document> Kelsea Ballerini 'Greatest Hits' Video: Watch Britney Spears, Shania... Via News Break: #URL# #URL# ></document>
    <document> BIGBANG Becomes The First K-Pop Group To Make It On Forbes' Celebrity... Via News Break: #URL# #URL# ></document>
    <document> Kelsea Ballerini 'Greatest Hits' Video: Watch Britney Spears, Shania... Via News Break: #URL# #URL# ></document>
    <document> Leo's a lucky man! DiCaprio's new love Nina Agdal shows off her... Via News Break: #URL# #URL# ></document>
    <document> Limited Edition Five-LP Box Set, Maroon 5 -- The Studio Albums All... Via News Break: #URL# #URL# ></document>
    <document> Chinese strippers dancing on the man's funeral is just shocking... Via News Break: #URL# #URL# ></document>
    <document> Limited Edition Five-LP Box Set, Maroon 5 -- The Studio Albums All... Via News Break: #URL# #URL# ></document>
    <document> TOVE LO RETURNS WITH HER HIGHLY ANTICIPATED NEW SINGLE "COOL GIRL"... Via News Break: #URL# #URL# ></document>
    <document> Adam Levine, Behati Prinsloo Divorce: Maroon 5 Frontman Dumping Model... Via News Break: #URL# #URL# ></document>
    <document> Hit Writer Noel Zancanella Talks About the "Good Life"... Via News Break: #URL# #URL# ></document>
    <document> The Music Industry Isn't As Fucked As They Say... Via News Break: #URL# #URL# ></document>
    <document> Kelsea Ballerini 'Greatest Hits' Video: Watch Britney Spears, Shania... Via News Break: #URL# #URL# ></document>
    <document> Limited Edition Five-LP Box Set, Maroon 5 -- The Studio Albums All... Via News Break: #URL# #URL# ></document>
    <document> Adam Levine, Behati Prinsloo Divorce: Maroon 5 Frontman Dumping Model... Via News Break: #URL# #URL# ></document>
    <document> Kelsea Ballerini 'Greatest Hits' Video: Watch Britney Spears, Shania... Via News Break: #URL# #URL# ></document>
    <document> The Music Industry Isn't As Fucked As They Say... Via News Break: #URL# #URL# ></document>
    <document> Mike Posner approaches music and life intuitively... Via News Break: #URL# #URL# ></document>
    <document> Take A Vacation Without Your Kids!... Via News Break: #URL# #URL# ></document>
    <document> Twitter dare policeman keeps promise by busting out his dance moves... Via News Break: #URL# #URL# ></document>
    <document> Unkiss me - Maroon 5 [Sub Espanol + Lyrics]... Via News Break: #URL# #URL# ></document>
    <document> 'Satanic' band bashes North Carolina bathroom law, encourages dissent... Via News Break: #URL# #URL# ></document>
    <document> The Music Industry Isn't As Fucked As They Say... Via News Break: #URL# #URL# ></document>
  
</author>
<document> Adam Levine and Behati Prinsloo's Marriage Is Strengthening... Via News Break: #URL# #URL# ></document>
    <document> The Music Industry Is Not As Bad As It Seems... Via News Break: #URL# #URL# ></document>
    <document> Limited Edition Five-LP Box Set, Maroon 5 -- All Studio Albums... Via Search News: #URL# #URL# ></document>
    <document> Limited Edition Five-LP Box Set, Maroon 5 -- All Studio Albums... Via Search News: #URL# #URL# ></document>
    <document> Limited Edition Five-LP Box Set, Maroon 5 -- All Studio Albums... Via Search News: #URL# #URL# ></document>
    <document> Limited Edition Five-LP Box Set, Maroon 5 -- All Studio Albums... Via Search News: #URL# #URL# ></document>
    <document> Maroon 5 - Payphone - ft Wiz Khalifa - LETRA... Via News Break: #URL# #URL# ></document>
    <document> Kelsea Ballerin 'Best Songs' Video: Britney Spears, Watch Shania... Via News Break: #URL# #URL# ></document>
    <document> Behati Prinsloo Shows Her Big Fist In LA... Via News Break: #URL# #URL# ></document>
    <document> Kelsea Ballerin 'Best Songs' Video: Britney Spears, Watch Shania... Via News Break: #URL# #URL# ></document>
    <document> Limited Edition Five-LP Box Set, Maroon 5 -- All Studio Albums... Via Search News: #URL# #URL# ></document>
    <document> Adam Levine, Behati Prinsloo Divorce: Maroon 5 Frontman Dumping Model... Via News Break: #URL# #URL# ></document>
    <document> Limited Edition Five-LP Box Set, Maroon 5 -- All Studio Albums... Via Search News: #URL# #URL# ></document>
    <document> Maroon 5 - Love Somebody (Lyrics)... Via News Break: #URL# #URL# ></document>
    <document> The Music Industry Is Not As Bad As It Seems... Via News Break: #URL# #URL# ></document>
    <document> Tove Lo Returns With 'Cool Girl'... Via News Break: #URL# #URL# ></document>
    <document> The Music Industry Is Not As Bad As It Seems... Via News Break: #URL# #URL# ></document>
    <document> She will sing for dinner... Via News Break: #URL# #URL# ></document>
    <document> MAROON 5 - SUGAR @ Live on SEOUL 2015 (0909)... Via News Break: #URL# #URL# ></document>
    <document> The Music Industry Is Not As Bad As It Seems... Via News Break: #URL# #URL# ></document>
    <document> Adam Levine, Behati Prinsloo Divorce: Maroon 5 Frontman Dumping Model... Via News Break: #URL# #URL# ></document>
    <document> Pregnant Behati Prinsloo's Ankle-Length LBD... Via News Break: #URL# #URL# ></document>
    <document> Adam Levine on Behati Prinsloo's pregnancy: 'I'm so excited!'... Via News Break: #URL# #URL# ></document>
    <document> Kelsea Ballerin 'Best Songs' Video: Britney Spears, Watch Shania... Via News Break: #URL# #URL# ></document>
    <document> Dear World Talk:... Via Search News: #URL# #URL# ></document>
    <document> The Music Industry Is Not As Bad As It Seems... Via News Break: #URL# #URL# ></document>
    <document> Claret Red 5 - Won't GoHome Without You (Live Ellen Deg. Show)... Via News Break: #URL# #URL# ></document>
    <document> Slipknot will continue her North Carolina show... Via News Break: #URL# #URL# ></document>
    <document> MAROON 5 - This Love Live @ SEOUL 2015 (0909)... Via News Break: #URL# #URL# ></document>
    <document> The Music Industry Is Not As Bad As It Seems... Via News Break: #URL# #URL# ></document>
    <document> The Music Industry Is Not As Bad As It Seems... Via News Break: #URL# #URL# ></document>
    <document> Everything you need to know about Kristen Stewart's girlfriend... Via News Break: #URL# #URL# ></document>
    <document> Limited Edition Five-LP Box Set, Maroon 5 -- All Studio Albums... Via Search News: #URL# #URL# ></document>
    <document> Kelsea Ballerin 'Best Songs' Video: Britney Spears, Watch Shania... Via News Break: #URL# #URL# ></document>
    <document> Blake Shelton and Adam Levine remain on "The Voice" - and... Via Breaking News: #URL# #URL# ></document>
    <document> Adam Levine and Behati Prinsloo's Marriage Is Strengthening... Via News Break: #URL# #URL# ></document>
    <document> The Music Industry Is Not As Bad As It Seems... Via News Break: #URL# #URL# ></document>
    <document> Adam Levine and Blake Shelton Will Basically Never Leave 'The Voice':... Via News Break: #URL# #URL# ></document>
    <document> xxxxxxxxxxxxx... Via Search News: #URL# #URL# ></document>
    <document> PopCrush Presents: Viceroy... Via News Break: #URL# #URL# ></document>
    <document> Maroon 5 - Won't Go Home Without You (Ellen Deg. Show Live)... Via Search News: #URL# #URL# ></document>
    <document> Watch the Redskins perform in the chorus of John Legend's song during rookie... Via News Break: #URL# #URL# ></document>
    <document> TOVE LO IS BACK WITH ITS NEW OFFER "COOL GIRL"... Via News Break: #URL# #URL# ></document>
    <document> Demi Lovato &amp; Nick Jonas Brings the Future to Chicago on Tour Now... Via News Break: #URL# #URL# ></document>
    <document> Limited Edition Five-LP Box Set, Maroon 5 -- All Studio Albums... Via Search News: #URL# #URL# ></document>
    <document> Kelsea Ballerin 'Best Songs' Video: Britney Spears, Watch Shania... Via News Break: #URL# #URL# ></document>
    <document> MAROON 5 - SUGAR @ Live on SEOUL 2015 (0909)... Via News Break: #URL# #URL# ></document>
    <document> Kesha, Dr. Drops Sexual Assault Case Against Luke... Via News Break: #URL# #URL# ></document>
    <document> Maroon 5 - New Love - V - (Lyric Video)... Via News Break: #URL# #URL# ></document>
    <document> MAROON 5 - SUGAR @ Live on SEOUL 2015 (0909)... Via News Break: #URL# #URL# ></document>
    <document> Record football results... Via Search News: #URL# #URL# ></document>
    <document> PJ Morton on #HASHTAG#: "My Son Thinks The Police Will Hurt Us"... Via News Break: #URL# #URL# ></document>
    <document> Kesha withdraws allegations of assault on Dr Luke in California... Via Break News: #URL# #URL# ></ document>
    <document> 'Voice' Promises a 'New Age' by Introducing the Ancient Age... Via News Break: #URL# #URL# ></document>
    <document> Mariners closer Edwin Diaz needs a new intro song?... Via News Break: #URL# #URL# ></document>
    <document> Record football results... Via Search News: #URL# #URL# ></document>
    <document> The Music Industry Is Not As Bad As It Seems... Via News Break: #URL# #URL# ></document>
    <document> Adam Levine Talks About Behati Prinsloo's Pregnancy, The... Via News Break: #URL# #URL# ></document>
    <document> Maroon 5 - Love Somebody (Lyrics)... Via News Break: #URL# #URL# ></document>
    <document> BSO Showcase: #USER# Delivers Chilling Music for the Soul... Via News Break: #URL# #URL# ></document>
    <document> Adam Levine 'Too Excited' for Baby's Birthday... Via News Break: #URL# #URL# ></document>
    <document> New Tracks - Indie Rock Songs from Beta Play, Sandmoon, Elizabeth... Via News Break: #URL# #URL# ></document>
    <document> Boyce Avenue Coming to iPlay America... Via Search News: #URL# #URL# ></document>
    <document> Kelsea Ballerin 'Best Songs' Video: Britney Spears, Watch Shania... Via News Break: #URL# #URL# ></document>
    <document> 'Suicide Squad' star Jared Leto bids farewell to the Joker and... Via News Break: #URL# #URL# ></document>
    <document> Miley Cyrus and Liam Hemsworth try out karaoke singing Justin... Via News Break: #URL# #URL# ></document>
    <document> Slipknot Joins Long List of Musicians Blaming Kuzey... Via Search News: #URL# #URL# ></document>
    <document> Adam Levine and Behati Prinsloo's Marriage Is Strengthening... Via News Break: #URL# #URL# ></document>
    <document> What Just Happened?... Via Search News: #URL# #URL# ></document>
    <document> Live Nation dominates the 1st Half 2016 promotional ticket sales chart... Via News Break: #URL# #URL# ></document>
    <document> Kelsea Ballerin 'Best Songs' Video: Britney Spears, Watch Shania... Via News Break: #URL# #URL# ></document>
    <document> Limited Edition Five-LP Box Set, Maroon 5 -- All Studio Albums... Via Search News: #URL# #URL# ></document>
    <document> Kelsea Ballerin 'Best Songs' Video: Britney Spears, Watch Shania... Via News Break: #URL# #URL# ></document>
    <document> 15 Hot Celebrities Proving Snapchat Is So Much Better Than Instagram... Via News Break: #URL# #URL# ></document>
    <document> Maroon 5 - Payphone - ft Wiz Khalifa - LETRA... Via News Break: #URL# #URL# ></document>
    <document> Orlando Bloom's Nude Pictures: What Selena Gomez Really Thinks About It... Via News Break: #URL# #URL# ></document>
    <document> Kelsea Ballerin 'Best Songs' Video: Britney Spears, Watch Shania... Via News Break: #URL# #URL# ></document>
    <document> Adam Levine, Behati Prinsloo Divorce: Maroon 5 Frontman Dumping Model... Via News Break: #URL# #URL# ></document>
    <document> Kelsea Ballerin 'Best Songs' Video: Watch Britney Spears, Shania... Via News Break: #URL# #URL# ></document>
    <document> BIGBANG Becomes First K-Pop Group To Achieve Forbes Fame... Via News Break: #URL# #URL# ></document>
    <document> Kelsea Ballerin 'Best Songs' Video: Britney Spears, Watch Shania... Via News Break: #URL# #URL# ></document>
    <document> Leo is a lucky man! DiCaprio's new love Nina Agdal shows him off... Via News Break: #URL# #URL# ></document>
    <document> Limited Edition Five-LP Box Set, Maroon 5 -- All Studio Albums... Via Search News: #URL# #URL# ></document>
    <document> It's shocking that Chinese strippers dance at the man's funeral... Via News Break: #URL# #URL# ></document>
    <document> Limited Edition Five-LP Box Set, Maroon 5 -- All Studio Albums... Via Search News: #URL# #URL# ></document>
    <document> TOVE LO IS BACK WITH ITS NEW OFFER "COOL GIRL"... Via News Break: #URL# #URL# ></document>
    <document> Adam Levine, Behati Prinsloo Divorce: Maroon 5 Frontman Dumping Model... Via News Break: #URL# #URL# ></document>
    <document> Hit Writer Noel Zancanella Talks About "The Good Life"... Via News Break: #URL# #URL# ></document>
    <document> The Music Industry Is Not As Bad As It Seems... Via News Break: #URL# #URL# ></document>
    <document> Kelsea Ballerin 'Best Songs' Video: Britney Spears, Watch Shania... Via News Break: #URL# #URL# ></document>
    <document> Limited Edition Five-LP Box Set, Maroon 5 -- All Studio Albums... Via Search News: #URL# #URL# ></document>
    <document> Adam Levine, Behati Prinsloo Divorce: Maroon 5 Frontman Dumping Model... Via News Break: #URL# #URL# ></document>
    <document> Kelsea Ballerin 'Best Songs' Video: Britney Spears, Watch Shania... Via News Break: #URL# #URL# ></document>
    <document> The Music Industry Is Not As Bad As It Seems... Via News Break: #URL# #URL# ></document>
    <document> Mike Posner approaches music and life intuitively... Via News Break: #URL# #URL# ></document>
    <document> Take a Vacation Without Your Children!... Via News Break: #URL# #URL# ></document>
    <document> Twitter keeps its promise by breaking the courage police dance moves... Via Breaking News: #URL# #URL# ></document>
    <document> Unkiss me - Maroon 5 [Sub Espanol + Lyrics]... Via News Break: #URL# #URL# ></document>
    <document> 'Satanic' group denounces North Carolina bathroom law, incites opposition... Via News Break: #URL# #URL# ></document>
    <document> The Music Industry Is Not As Bad As It Seems... Via News Break: #URL# #URL# ></document>
  
</author>