
  
    <document> InStyle: Meghan Markle and Prince Harry Reveal the One Moment of Their Wedding They Will Treasure Forever #URL# ></document>
    <document> InStyle: Meghan Markle Proves She's a Total Fangirl with This Sneaky Snap She Took of Prince Harry #URL# ></document>
    <document> InStyle: 5 EasyWays to Wear Patent Leather Without Looking too Flashy #URL# ></document>
    <document> InStyle: Prince Charles Just Made a Rare Comment About Grandson Prince George #URL# ></document>
    <document> InStyle: Here's Everything You Need to Know About Steve Kazee Jenna Dewan's New Boyfriend #URL# ></document>
    <document> InStyle: Here's What It's Really Like to Attend Heidi Klum's Halloween Party #URL# ></document>
    <document> John Glenn Returns to Space on the STS-95 Mission via NASA #URL# #URL# ></document>
    <document> InStyle: Meghan Markle's Mom Doria Ragland Pulled a Total Mom Move on Oscar de la Renta's Creative Team #URL# ></document>
    <document> InStyle: The Best New Movies to Go See This November #URL# ></document>
    <document> InStyle: Look of the Day #URL# ></document>
    <document> InStyle: John Mayer Shares Some Candid Confessions About His Sex Life  but Admits He Gets Rejected Too #URL# ></document>
    <document> InStyle: On Keeping Up With the Kardashians Kim and Kylie Commiserate on the Pressureto Bounce Back After Baby #URL# ></document>
    <document> InStyle: The 9 Best Places to Shop for Affordable Cashmere #URL# ></document>
    <document> InStyle: 90 Day Fiance Just Proved That Shirtless Airport Dancing is the Only Acceptable Form of Romance #URL# ></document>
    <document> InStyle: Nothing Is Cuter Than Khloe Kardashian's Baby True Wearing Halloween Onesies #URL# ></document>
    <document> InStyle: Are You Ready to Try "Fifth Base" #URL# ></document>
    <document> InStyle: Prince Harry's Nickname for the Royal Baby Will Melt Your Stone Cold Heart #URL# ></document>
    <document> InStyle: Multilingual Cardi B Wants Her Daughter to Speak Four Languages #URL# ></document>
    <document> InStyle: ThredUp Just Launched a Clothing Line Designed to Be Resold Again and Again #URL# ></document>
    <document> InStyle: Jon Bon Jovi Has Some Surprisingly Strong Opinions About Kim Kardashian #URL# ></document>
    <document> InStyle: Miranda Lambert's New Music Video Isn't Holding Anything Back Against Blake Shelton #URL# ></document>
    <document> InStyle: The TargetBlack Friday Ad Has 52 Pages of Deals and You Can Shop a Few Today #URL# ></document>
    <document> InStyle: Prince Charles and Camilla Are Giving Meghan and Harry a Run for Their Money in the PDA Department #URL# ></document>
    <document> Wikipedia picture of the day on November 2, 2018: Sunset over the ancient town of Kourion near Limassol, Cyprus. #URL# ></document>
    <document> Wikipedia picture of the day on November 1, 2018: Balzhinima Tsyrempilov shooting from the Buryat bow. Photographed… #URL# ></document>
    <document> InStyle: 5 Issues You Didn't Realize Were Up for a Vote in the Midterms #URL# ></document>
    <document> InStyle: How Meghan Markle's First Royal Tour Compares to Princess Diana's #URL# ></document>
    <document> InStyle: Kylie Jenner Is Insecure About Post-Baby Body at First Photo Shoot Since Stormi #URL# ></document>
    <document> Wikipedia picture of the day on October 28, 2018: This color-enhanced image of a massive, raging storm in Jupiter's… #URL# ></document>
    <document> InStyle: Zoe Kravitz Recreates Mom Lisa Bonet's Nude Rolling Stone Shoot 30 Years Later #URL# ></document>
    <document> InStyle: Iman Naomi Watts Savannah Guthrie and at Least One "Zany Redhead" This is How Michael Kors Throws a Dinner… #URL# ></document>
    <document> InStyle: Meghan Markle's Super Comfy Slippers Just Became Easier to Buy #URL# ></document>
    <document> InStyle: Gwyneth Paltrow Did Not Sugarcoat Her Experiences with Perimenopause #URL# ></document>
    <document> InStyle: Reese Witherspoon Isn't a Blonde Anymore #URL# ></document>
    <document> Wikipedia picture of the day on October 31, 2018: Altar of the collegiate church of the Protestant Heiligengrabe mo… #URL# ></document>
    <document> InStyle: 12 Fashionable Gifts for the Wellness-Obsessed #URL# ></document>
    <document> InStyle: Whitney Port Hopes The Hills Reboot Shows the Cast's Real Struggles #URL# ></document>
    <document> InStyle: Here's What Kristin Davis Thinks Sex and the City Would Look Like In 2018 #URL# ></document>
    <document> InStyle: A Princess Just Gave Up Royalty to Marry a Commoner #URL# ></document>
    <document> Ver "Frank Sinatra - "Jingle Bells" (Concert Collection)" en YouTube #URL# ></document>
    <document> InStyle: Justin Timberlake and Jessica Biel Kept Dating Other People After Meeting #URL# ></document>
    <document> InStyle: Kris Jenner Is Not a Fan of This Fashion Trend Popularized by Daughter Kim Kardashian #URL# ></document>
    <document> InStyle: Priyanka ChopraServes Up Another Bridal-Inspired Look at Her Bachelorette Party #URL# ></document>
    <document> InStyle: Kate Middleton Dressed Like James Bond Right Before Halloween #URL# ></document>
    <document> InStyle: What Meghan Markles 12000 Tattoo Necklace Is Really Saying to the World #URL# ></document>
    <document> InStyle: Prince Harry and Prince William's Brotherly "Double Act" Is Coming to a Close #URL# ></document>
    <document> InStyle: Here's Why Steve Madden Just Called Out Nicki Minaj on Twitter #URL# ></document>
    <document> InStyle: Ben Affleck and Jennifer Garner Went to the World Series Weeks After Finalizing Their Divorce #URL# ></document>
    <document> InStyle: The 14Best Puffer Coats to Shop This Season #URL# ></document>
    <document> R Leporis: A Vampire's Star via NASA #URL# #URL# ></document>
    <document> InStyle: Prince William and Prince Harry Are Kind of slacking When It Comes to Royal "Jobs" #URL# ></document>
    <document> InStyle: Meghan Markle Gave an Impromptu Speech at Invictus Games Closing Ceremony and Nailed It #URL# ></document>
    <document> InStyle: The Best Drugstore Acne Products According to Reddit #URL# ></document>
    <document> A New View of Our Starry Night via NASA #URL# #URL# ></document>
    <document> InStyle: Stacey Abrams Understands Why Young People Don't Vote #URL# ></document>
    <document> InStyle: 7 Genius Ways to Prevent Wrinkles While You Sleep #URL# ></document>
    <document> InStyle: 5 Side Effects of Sex That Seem Weird But Are Totally Normal #URL# ></document>
    <document> Wikipedia picture of the day on November 4, 2018: LVM insurance, Münster, North Rhine-Westphalia, Germany #URL# ></document>
    <document> Wikipedia picture of the day on November 3, 2018: The main office complex of the ADAC (General German Automobile Cl… #URL# ></document>
    <document> InStyle: Jennifer Lopez Knows She's at the Top of Her Game #URL# ></document>
    <document> InStyle: Winter Might Be Cold But These 5 Hair Color Trends Are Hot #URL# ></document>
    <document> InStyle: Sarah Jessica Parker Is Not Here for More Kim Catrall Drama #URL# ></document>
    <document> InStyle: There Are Laws About What You Can Wear to Vote #URL# ></document>
    <document> InStyle: Jenna Dewan Officially Files for Divorce from Channing Tatum #URL# ></document>
    <document> InStyle: Removing Gel Nail Polish at Home Has Never Been Easier Thanks to This Tool #URL# ></document>
    <document> Posted a new blog: San Miguel Arcangel #URL# ></document>
    <document> InStyle: Ariana Grande Had Mac Millers Dog and His Hoodie to Keep Her Company Last Night #URL# ></document>
    <document> InStyle: Nicole Kidman Reveals Why She and Lenny Kravitz Called Off Their Engagement #URL# ></document>
    <document> InStyle: For 24 Hours Only Kate Spades Selling Matching Bag and Wallet Sets for Less Than 150 #URL# ></document>
    <document> InStyle: 25 Celebrity Hair and Makeup Looks to Get You Through the Holiday Season #URL# ></document>
    <document> The International Space Station as of Oct. 4, 2018 via NASA #URL# #URL# ></document>
    <document> InStyle: Mindy Kaling Shares the First-Ever Photo of Her 10-Month-Old Katherine #URL# ></document>
    <document> Wikipedia picture of the day on October 27, 2018: A black-headed lapwing (Vanellus tectus tectus) in the West Afric… #URL# ></document>
    <document> InStyle: Jamie Lee Curtis Stole Opioids From Her Sister  and Her Sister's Reaction Helped Save Her Life #URL# ></document>
    <document> InStyle: 8 Moisturizers That'll Get Rid of Redness #URL# ></document>
    <document> InStyle: Everything to Stream on Netflix This November #URL# ></document>
    <document> InStyle: Meghan Markle Wore a Fully See-Through Skirt on the Last Day of Her Royal Tour #URL# ></document>
    <document> Happy Birthday, Michael Collins! via NASA #URL# #URL# ></document>
    <document> InStyle: 6 Things to Know Before You Get Fertility Testing #URL# ></document>
    <document> InStyle: The 16Best Food Subscription Boxes That Make Awesome Last Minute Gifts #URL# ></document>
    <document> Orion’s European Service Module to Arrive for First Mission via NASA #URL# #URL# ></document>
    <document> InStyle: Pregnancy Can Lower Your Risk of This Type of Cancer #URL# ></document>
    <document> InStyle: Kate Hudson Celebrated Her Daughter's Major Milestone with a Heart Melting Photo #URL# ></document>
    <document> InStyle: Jenna Dewan Engages in PDA with Her New Mystery Man at Halloween Party #URL# ></document>
    <document> InStyle: Priyanka Chopra Wore White Feathers to Her Bridal Shower at Tiffany's #URL# ></document>
    <document> Wikipedia picture of the day on October 30, 2018: Schematic representation of the two methods with which to assembl… #URL# ></document>
    <document> InStyle: A New Documentary Details Exactly Why Prince Charles Is the "Pampered Prince" #URL# ></document>
    <document> InStyle: Did Prince Harry Just Grab Meghan Markle's Butt In Public #URL# ></document>
    <document> InStyle: Why Women Need Net Neutrality #URL# ></document>
    <document> InStyle: This Is Us Just Had Its Best Episode of the Season  Here's Why #URL# ></document>
    <document> InStyle: Justin Bieber Just Shaved Off All His Hair #URL# ></document>
    <document> InStyle: Demi Moore Offers Powerful Words of Support While Speaking on Her Recovery #URL# ></document>
    <document> InStyle: These 5 Key Pieces Will Transition Your Fall Wardrobe Into Winter #URL# ></document>
    <document> Airglow Borealis via NASA #URL# #URL# ></document>
    <document> InStyle: Kylie Jenner's Halloween Throwback Puts Her Then-Secret Baby Bump on Sparkly Display #URL# ></document>
    <document> InStyle: Meghan Markle Delivers Speech on Women's Suffrage in Custom Gabriela Hearst LBD #URL# ></document>
    <document> InStyle: How to Choose Jewelry to Match Your Wedding Day Look #URL# ></document>
    <document> InStyle: 30 Holiday Party Dresses for Every Event on Your Calendar #URL# ></document>
    <document> InStyle: Juan Pablo di Pace Just Earned His Second Perfect Score on Dancing With the Stars #URL# ></document>
    <document> InStyle: Meghan Markle Wore a 56 ASOS Maternity Dress and It's Still in Stock #URL# ></document>
  
</author>
<document> InStyle: Meghan Markle and Prince Harry Reveal The One Moment They Will Forever At Their Wedding #URL# ></document>
    <document> InStyle: Meghan Markle Proves She's A Total Fangirl With This Sly Photo Of Prince Harry #URL# ></document>
    <document> InStyle: 5 Easy Ways to Wear Patent Leather Without Looking Too Flashy #URL# ></document>
    <document> InStyle: Prince Charles Leaves Rare Comment on Grandson Prince George #URL# ></document>
    <document> InStyle: Here's Everything You Need To Know About Steve Kazee Jenna Dewan's New Boyfriend #URL# ></document>
    <document> InStyle: Attending Heidi Klum's Halloween Party Is Really Like This #URL# ></document>
    <document> John Glenn Returns to Space via NASA #URL# #URL# on STS-95 Mission ></document>
    <document> InStyle: Meghan Markle's Mum Doria Ragland Makes A Mother Move On Oscar de la Renta's Creative Team #URL# ></document>
    <document> InStyle: Best New Movies to Watch This November #URL# ></document>
    <document> InStyle: View of the Day #URL# ></document>
    <document> InStyle: John Mayer Shares Some Candid Confessions About His Sex Life, But Admits Himself Rejected #URL# ></document>
    <document> InStyle: On Keeping Up With The Kardashians Kim and Kylie Complain About Pressure To Go Back After Baby #URL# ></document>
    <document> InStyle: 9 Best Places to Shop for Cheap Cashmere #URL# ></document>
    <document> InStyle: Engaged 90 Days Proves Shirtless Airport Dance Is The Only Acceptable Form Of Romance #URL# ></document>
    <document> InStyle: Nothing Is Cuter Than Khloe Kardashian's Baby Wearing a Halloween Jumpsuit #URL# ></document>
    <document> InStyle: Ready to Try "The Fifth Essential" #URL# ></document>
    <document> InStyle: Prince Harry's Nickname for Royal Baby Will Melt Your Heart of Stone #URL# ></document>
    <document> InStyle: Multilingual Cardi Wants Girl B to Speak Four Languages ​​#URL# ></document>
    <document> InStyle: ThredUp Launches A Clothing Line Designed To Be Retailed #URL# ></document>
    <document> InStyle: Jon Bon Jovi Has Surprisingly Strong Opinions About Kim Kardashian #URL# ></document>
    <document> InStyle: Miranda Lambert's New Music Video Blake Shelton #URL# ></document>
    <document> InStyle: TargetBlack Friday Ad Has 52 Pages Of Deals And You Can Make A Few Shops Today #URL# ></document>
    <document> InStyle: Prince Charles and Camilla Spoil Meghan and Harry at PDA Department #URL# ></document>
    <document> Wikipedia photo from November 2, 2018: Sunset over the ancient city of Kourion, near Limassol, Cyprus. #URL# ></ document>
    <document> Wikipedia photo of the day on November 1, 2018: Balzhinima Tsyrempilov shooting from the bow of Buryat. Photographed… #URL# ></document>
    <document> InStyle: 5 IssuesYou Didn't Realize You're Ready to Vote in the Midterms #URL# ></document>
    <document> InStyle: Meghan Markle's First Royal Tour with Princess Diana's #URL# </document>
    <document> InStyle: Kylie Jenner Is Insecure About Post-Baby Body In First Photoshoot Since Stormi #URL# ></document>
    <document> Wikipedia image for October 28, 2018: This colorized image of a large, violent storm in Jupiter's… #URL# ></document> field
    <document> InStyle: Zoe Kravitz Recreates Naked Rolling Stone Shot of Her Mother Lisa Bonet 30 Years Later #URL# ></document>
    <document> InStyle: This Is How Iman Naomi Watts Savannah Guthrie And At Least One “Zany Redhead” Michael Kors Is Dining… #URL# ></document>
    <document> InStyle: It's Easier to Buy Meghan Markle's Super Comfortable Slippers #URL# ></document>
    <document> InStyle: Gwyneth Paltrow Can't Nap On Her Experiences With Perimenopause #URL# ></document>
    <document> InStyle: Reese Witherspoon Isn't Blonde Anymore #URL# ></document>
    <document> Wikipedia image from October 31, 2018: The altar of the Protestant Heiligengrabe church… #URL# ></document>
    <document> InStyle: 12 Trendy Gifts for the Health Caregiver #URL# ></document>
    <document> InStyle: Whitney Port Hopes The Hills Reboot Shows The Player's Real Struggle #URL# ></document>
    <document> InStyle: Kristin Davis Thinks Sex and the City Will Look Like This in 2018 #URL# ></document>
    <document> InStyle: A Princess Relinquishes Copyright to Marry a Commoner #URL# ></document>
    <document> Give "Frank Sinatra - "Jingle Bells" (Concert Collection)" at YouTube #URL# ></document>
    <document> InStyle: Justin Timberlake and Jessica Biel Continued Dating Other People After Meeting #URL# ></document>
    <document> InStyle: Kris Jenner Is Not A Fan Of This Fashion Trend Popularized By Daughter Kim Kardashian #URL# ></document>
    <document> InStyle: Priyanka Chopra Offers Another Bride-Inspired Look At Her Bachelorette Party #URL# ></document>
    <document> InStyle: Kate Middleton Dressed Like James Bond Just Before Halloween #URL# ></document>
    <document> InStyle: What Meghan Markles 12000 Tattoo Necklace Really Says to the World #URL# ></document>
    <document> InStyle: Prince Harry and Prince William's Sister "Double Curtain" Ends #URL# ></document>
    <document> InStyle: Here's Why Steve Madden Called Nicki Minaj on Twitter #URL# ></document>
    <document> InStyle: Ben Affleck and Jennifer Garner Head to World Series Weeks After Finalizing Their Divorce #URL# ></document>
    <document> InStyle: The 14 Best Down Jackets to Buy This Season #URL# ></document>
    <document> R Leporis: Star of a Vampire via NASA #URL# #URL# ></document>
    <document> InStyle: Prince William and Prince Harry Slip On Royal 'Business' #URL# ></document>
    <document> InStyle: Meghan Markle Gives An Impromptu Speech and Studded at Invictus Games Closing Ceremony #URL# ></document>
    <document> InStyle: Best Pharmacy Acne Products According to Reddit #URL# ></document>
    <document> A New Look at Our Starry Night Via NASA #URL# #URL# ></document>
    <document> InStyle: Stacey Abrams Understands Why Teens Don't Vote for #URL# ></document>
    <document> InStyle: 7 Genius Ways to Prevent Wrinkles While You Sleep #URL# ></document>
    <document> InStyle: 5 Side Effects of Sex That Look Strange But Totally Normal #URL# ></document>
    <document> Wikipedia photo from November 4, 2018: LVM Insurance, Münster, North Rhine-Westphalia, Germany #URL# ></document>
    <document> Wikipedia photo from November 3, 2018: ADAC's (General German Automobile Cl… #URL# ></document>) main office complex
    <document> InStyle: Jennifer Lopez Knows She's at the Top of the Game #URL# ></document>
    <document> InStyle: Winter May Be Cold But These 5 Hair Color Trends Are Popular #URL# ></document>
    <document> InStyle: Sarah Jessica Parker Isn't Here For More Who Catrall Drama #URL# ></document>
    <document> InStyle: #URL# There Are Laws About What You Can Wear to Vote ></document>
    <document> InStyle: Jenna Dewan Officially Files For Divorce From Channing Tatum #URL# ></document>
    <document> InStyle: Removing Gel Nail Polish at Home Has Never Been Easier With This Tool #URL# ></document>
    <document> Published a new blog: San Miguel Arcangel #URL# ></document>
    <document> InStyle: Ariana Grande Keeps Mac Miller's Dog and Hoodie With Her Last Night #URL# ></document>
    <document> InStyle: Nicole Kidman Explains Why She And Lenny Kravitz Announced Their Engagement #URL# ></document>
    <document> InStyle: Kate Sells Matching Bag and Wallet Sets for Less than 150 24 Hours Only #URL# ></document>
    <document> InStyle: 25 Celebrity Hair and Makeup Makes You Enjoy the Holiday Season #URL# ></document>
    <document> International Space Station as of October 4, 2018 via NASA #URL# #URL# ></document>
    <document> InStyle: Mindy Kaling Shares First Photo of Katherine at 10 Months #URL# ></document>
    <document> Wikipedia photo from October 27, 2018: A black-headed lapwing (Vanellus tectus tectus) in West Africa… #URL# ></document>
    <document> InStyle: Jamie Lee Curtis Stole Opioids From Her Sister, And Her Sister's Reaction Helped Save Her Life #URL# ></document>
    <document> InStyle: 8 Moisturizers to Relieve Redness #URL# ></document>
    <document> InStyle: Everything Coming to Netflix This November #URL# ></document>
    <document> InStyle: Meghan Markle Wears A Fully Transparent Skirt On The Last Day Of Her Royal Tour #URL# ></document>
    <document> Happy birthday, Michael Collins! via NASA #URL# #URL# ></document>
    <document> InStyle: 6 Things You Should Know Before Taking a Fertility Test #URL# ></document>
    <document> InStyle:16 Best Food Subscription Boxes That Make Amazing Last-Minute Gifts #URL# ></document>
    <document> Orion's Europe Service Module Arrives for First Mission via NASA #URL# #URL# ></document>
    <document> InStyle: Pregnancy May Lower Your Risk of This Cancer Type #URL# ></document>
    <document> InStyle: Kate Hudson Celebrates Daughter's Significant Milestone with Heart Melting Photo #URL# ></document>
    <document> InStyle: Jenna Dewan Takes On PDA With Her New Mystery Man At Halloween Party #URL# ></document>
    <document> InStyle: Priyanka Chopra Wears White Feathers at Tiffany's Bridal Party at #URL# ></document>
    <document> Wikipedia image from October 30, 2018: Schematic representation of the two methods to mount… #URL# ></document>
    <document> InStyle: A New Documentary Details Why Prince Charles Is 'The Pampered Prince' #URL# ></document>
    <document> InStyle: Did Prince Harry Just Grab Meghan Markle's Hip #URL# ></document>
    <document> InStyle: Why Women Need Net Neutrality #URL# ></document>
    <document> InStyle: This Is Us Plays Best Episode of the Season Here's Why #URL# ></document>
    <document> InStyle: Justin Bieber Shaves All His Hair #URL# ></document>
    <document> InStyle: Demi Moore Offers Strong Words of Support While Talking About Her Recovery #URL# ></document>
    <document> InStyle: These 5 Essential Pieces to Winterize Your Fall Wardrobe #URL# ></document>
    <document> Airglow Borealis via NASA #URL# #URL# ></document>
    <document> InStyle: Kylie Jenner's Halloween Return Showcases Then-Secret Baby Fist on Shimmery Screen #URL# ></document>
    <document> InStyle: Meghan Markle Speeches on Women's Suffrage at Special Gabriela Hearst LBD #URL# ></document>
    <document> InStyle: How to Choose the Right Jewelry for Your Wedding Day Look #URL# ></document>
    <document> InStyle: 30 Holiday Party Dresses for Every Event on Your Calendar #URL# ></document>
    <document> InStyle: Juan Pablo di Pace Scores Second Perfect for Dancing With the Stars #URL# ></document>
    <document> InStyle: Meghan Markle Wears 56 ASOS Maternity Dress and Still in Stock #URL# ></document>
  
</author>