
  
    <document> Kim Jong-nam murder: Vietnamese woman pleads guilty to lesser charge - BBC News #URL# ></document>
    <document> Aramco Emerges Ahead of Apple as World’s Most Profitable Company - The Wall Street Journal #URL# ></document>
    <document> Jesse Jackson plans rally to back Kim Foxx in Jussie Smollett case - Washington Times #URL# ></document>
    <document> How's that for an encore? Harper crushes another homer as Phillies sweep Braves - #URL# #URL# ></document>
    <document> Migrants cleared from enclosure beneath El Paso bridge after outcry - The Hill #URL# ></document>
    <document> Gun rights groups celebrate win as judge rejects California's ban on high-capacity magazines - The Washington Post #URL# ></document>
    <document> Qualcomm Snapdragon 855-powered LG V50 ThinQ 5G coming on April 19 - #URL# #URL# ></document>
    <document> Man pleads guilty to hijacking Apple IDs of rappers and sports stars - Engadget #URL# ></document>
    <document> The Winners and Losers of the NCAA Tournament’s Elite Eight - The Ringer #URL# ></document>
    <document> What's the Point of Apple Arcade? - The Motley Fool #URL# ></document>
    <document> Elon Musk Randomly Posts Rap Song Dedicated to Harambe - #URL# #URL# ></document>
    <document> Jeff Bezos’ Investigator Says Saudi Arabia Accessed Amazon Chief’s Phone - Slate #URL# ></document>
    <document> Arkansas teen shoots classmate inside school in apparent 'premeditated attack,' police say - Fox News #URL# ></document>
    <document> Why this Duke loss will haunt Coach K more than any other - Yahoo Sports #URL# ></document>
    <document> How Sophie Turner Feels About Pay Gap with Kit Harington on Game of Thrones - #URL# #URL# ></document>
    <document> Bezos investigator: Saudi Arabia obtained private information - #URL# - WISC-TV3 #URL# ></document>
    <document> Multiple airlines experience system-wide outages across several US airports - Fox News #URL# ></document>
    <document> The Lakers Held a Players Meeting to Get LeBron to Stop Reacting to Teammates' Mistakes - HYPEBEAST #URL# ></document>
    <document> Trump seems inclined to close border despite potential chaos - CNN #URL# ></document>
    <document> China's factory activity unexpectedly grows in March, a private survey shows - CNBC #URL# ></document>
    <document> 2019 NCAA tournament - Best bets for Sunday's Elite Eight games - ESPN #URL# ></document>
    <document> Google Warns of Growing Android Attack Vector: Backdoored SDKs and Pre-Installed Apps - Threatpost #URL# ></document>
    <document> Ferrari: Leclerc problem not related to MGU-H - #URL# #URL# ></document>
    <document> 'Today was not our day', says unlucky Leclerc after Bahrain heartache - #URL# #URL# ></document>
    <document> China manufacturing returns to growth in March: Caixin PMI - #URL# #URL# ></document>
    <document> Trump rips 'radical' Democrats, says census 'meaningless' without citizenship question - Fox News #URL# ></document>
    <document> Mick Jagger Reportedly Set for Heart Surgery - Variety #URL# ></document>
    <document> R. Kelly's Lawyer Says Jussie Smollett Dismissal Makes Plea Bargain Unlikely - TMZ #URL# ></document>
    <document> China expands curbs on fentanyl, blames U.S. for its abuse - Reuters #URL# ></document>
    <document> U.S., Ethiopian Investigators Tussle Over 737 MAX Crash Probe - The Wall Street Journal #URL# ></document>
    <document> #URL# pulls nearly 47,000 daycare listings following report - Engadget #URL# ></document>
    <document> Michigan State's Xavier Tillman shines vs. Duke's Zion Williamson - Detroit Free Press #URL# ></document>
    <document> Twitter Network Uses Fake Accounts to Promote Netanyahu, Watchdog Finds - The New York Times #URL# ></document>
    <document> Thoughts On A Post-Merger Bristol-Myers Squibb: Scaling From Celgene To Buy BMS - Seeking Alpha #URL# ></document>
    <document> Philippines protests hundreds of Chinese ships around disputed island - CNN #URL# ></document>
    <document> Cloudflare is adding a free VPN to its 1.1.1.1 app - The Verge #URL# ></document>
    <document> Can Pete Buttigieg go from underdog to history maker? - Politico #URL# ></document>
    <document> Zuzana Caputova Elected First Female President Of Slovakia - NPR #URL# ></document>
    <document> Burger King tests plant-based meat with an Impossible Whopper - Los Angeles Times #URL# ></document>
    <document> The ‘Keeping Up With the Kardashians’ premiere proved exactly why the show has lasted 16 seasons - The Washington P… #URL# ></document>
    <document> How Apple's new credit card measures up with Gen Z - #URL# #URL# ></document>
    <document> What drivers said after the O’Reilly Auto Parts 500 - NBC Sports #URL# ></document>
    <document> Report: Team USA could make exception, add Duke's Zion Williamson to FIBA World Cup roster - Yahoo Sports #URL# ></document>
    <document> The Kardashians Tell All About Jordyn Woods, Fyre Festival and Being Billionaires - The New York Times #URL# ></document>
    <document> Kim K. Reveals The Baby Name She Prefers on Jimmy Kimmel Live - E! Online #URL# ></document>
    <document> Google adds Snake game to Maps apps for April Fool's Day gag - CNET #URL# ></document>
    <document> Asian stocks rally as China's factory bounce lifts confidence - #URL# #URL# ></document>
    <document> Breaking news: Panalpina and DSV set to merge in $4.6bn deal - Air Cargo News #URL# ></document>
    <document> Where to buy replacement tips for the Galaxy Buds - Android Central #URL# ></document>
    <document> Crutchlow: Rossi/Marquez wouldn't have got "ridiculous" penalty - #URL#, Edition: Global #URL# ></document>
    <document> The First Step Act Is Now Law But Former Felons Still Face Challenges - NPR #URL# ></document>
    <document> Trump punts health care until after 2020 - POLITICO - POLITICO #URL# ></document>
    <document> Gmail15: 15GB Storage, Smart Replies, Priority Inboxes - A 15-Year-Long Legacy - Economic Times #URL# ></document>
    <document> Ariana Grande and Victoria Monét Provide a Meme-Heavy Bisexual Bop With Their ‘Monopoly’ Video - Vulture #URL# ></document>
    <document> 'Why Is The Census Important?' And Other 2020 Census Questions, Answered - NPR #URL# ></document>
    <document> New Facebook tool answers the question “Why am I seeing this post?” - TechCrunch #URL# ></document>
    <document> North West shows off her dance moves in a cute spandex outfit at Kanye's Sunday church service - Daily Mail #URL# ></document>
    <document> Zion Williamson: FULL 2019 NCAA tournament highlights - NCAA March Madness #URL# ></document>
    <document> Timetable for four days of turmoil in Westminster - Daily Mail #URL# ></document>
    <document> Renault alerts prosecutors over suspicious Oman dealer payments under Carlos Ghosn - The Japan Times #URL# ></document>
    <document> This was the world’s most profitable company in 2018 - MarketWatch #URL# ></document>
    <document> Asian stocks rally as China's factory bounce lifts confidence - Reuters #URL# ></document>
    <document> Borderlands 3 release date and Epic exclusivity might have leaked - VentureBeat #URL# ></document>
    <document> Asian markets rally, extending gains on Wall Street - Yahoo News #URL# ></document>
    <document> More Than 750000 Could Lose Food Stamps Under Trump Administration Proposal - NPR #URL# ></document>
    <document> First look at the 2019 Final Four - ESPN #URL# ></document>
    <document> Japan reveals name of new imperial era will be 'Reiwa' - BBC News #URL# ></document>
    <document> Huawei admits half of its flagships could sport foldable displays by 2021 - Phone Arena #URL# ></document>
    <document> Mattingly calls on MLB to look into calls from loss - ESPN #URL# ></document>
    <document> Trump, riding high on news from Mueller probe, steps on his own applause lines - Fox News #URL# ></document>
    <document> RaNiya Wright's father 'looking for justice' after the 10yr dies following classroom fight - WIS10 #URL# ></document>
    <document> April specials: Kick off the month with a Cheesecake Factory freebie on April Fools' Day - USA TODAY #URL# ></document>
    <document> Saudi Aramco Is The Most Profitable Company In The World, But Where Is All The Money Going? - Forbes #URL# ></document>
    <document> Trump 'saving' Amy Coney Barrett for Ruth Bader Ginsburg's Supreme Court seat - Washington Examiner #URL# ></document>
    <document> Facebook’s News Feed is starting to explain itself - The Verge #URL# ></document>
    <document> Why Duke's loss to Michigan State will haunt Mike Krzyzewski - Yahoo Sports #URL# ></document>
    <document> White House Whistle-Blower Did the Unexpected: She Returned to Work - The New York Times #URL# ></document>
    <document> Denny Hamlin wins Texas NASCAR race after 2 penalties - Fox News #URL# ></document>
    <document> PM may have to accept soft Brexit if Commons backs it, says minister - Cengiz Adabag News #URL# ></document>
    <document> Conway says Trump's threat to close border 'certainly isn't a bluff' - AOL #URL# ></document>
    <document> You Can Now Play 'Snake' in The Google Maps App: Here's How - Mashable India #URL# ></document>
    <document> The 2020 campaign is already turning into a war on 'elites' - CNN #URL# ></document>
    <document> Apple AirPods are still the best-selling true wireless earbuds - Engadget #URL# ></document>
    <document> 'I'm very happy, but this is not the final action' - BBC News #URL# ></document>
    <document> Jussie Smollett ‘Saturday Night Live’ Sketch Absolutely Roasts the ‘Empire’ Actor - IndieWire #URL# ></document>
    <document> PM may have to accept soft Brexit if Commons backs it, says minister - Cengiz Adabag News #URL# ></document>
    <document> Local customers react to San Antonio airport banning Chick-fil-A - KBTX #URL# ></document>
    <document> Carwow: Tesla Model 3 Is Best Electric Car In The World: Video - InsideEVs #URL# ></document>
    <document> Taiwan scrambles jets to confront Chinese fighters after rare incursion - CNN #URL# ></document>
    <document> Two Marine helicopter pilots killed in training crash - NBC News #URL# ></document>
    <document> Baltimore mayor taking time off as children's book deal comes under scrutiny - AOL #URL# ></document>
    <document> Lifetime health care expenses jump for workers retiring in 2019 - Fox Business #URL# ></document>
    <document> Asian stocks surge on China's factory comeback, trade talks progress - Reuters #URL# ></document>
    <document> Yankees place Stanton (biceps strain) on IL - ESPN #URL# ></document>
    <document> Twitter Network Uses Fake Accounts to Promote Netanyahu, Watchdog Finds - New York Times #URL# ></document>
    <document> Pope defends decision to keep French cardinal after cover-up - Fox News #URL# ></document>
    <document> Coast Guard continued efforts to crack down on illegal charter boats on last day of Ultra - Miami Herald #URL# ></document>
    <document> Mandan murders: police investigating four deaths at a business - KFYR-TV #URL# ></document>
    <document> NY's attorney general is one of the most powerful in the nation. That should worry Trump. - NBC News #URL# ></document>
    <document> Liz Peek: Biden accused of unwanted kiss, may have kissed his chance for Dem nomination goodbye - Fox News #URL# ></document>
  
</author>
<document> Kim Jong-nam murder: Vietnamese woman pleads guilty on fewer charges - BBC News #URL# ></document>
    <document> Aramco Rises Above Apple as World's Most Profitable Company - The Wall Street Journal #URL# ></document>
    <document> Jesse Jackson plans rally to support Kim Foxx in Jussie Smollett case - Washington Times #URL# ></document>
    <document> How is this for bis? Harper crushes another homer as Phillies sweep Braves - #URL# #URL# ></document>
    <document> Migrants removed from enclosure under El Paso bridge after protests - The Hill #URL# ></document>
    <document> Gun rights groups celebrate victory as judge rejects California's ban on high-capacity magazines - The Washington Post #URL# ></document>
    <document> Qualcomm Snapdragon 855 powered LG V50 ThinQ 5G coming April 19 - #URL# #URL# ></document>
    <document> Man pleads guilty to stealing Apple IDs of rappers and sports stars - Engadget #URL# ></document>
    <document> Winners and Losers of the NCAA Tournament's Elite Eight - The Ringer #URL# ></document>
    <document> What is the Purpose of Apple Arcade? - Stupid Stupid #URL# ></document>
    <document> Elon Musk Releases Rap Song Dedicated to Random Harambe - #URL# #URL# ></document>
    <document> Jeff Bezos' Researcher Says Saudi Arabia Accessed Amazon Chief's Phone - Slate #URL# ></document>
    <document> Arkansas teenager shoots classmate inside school as 'deliberate assault', according to police - Fox News #URL# ></document>
    <document> Why this Duke loss will annoy Coach K more than others - Yahoo Sports #URL# ></document>
    <document> How Sophie Turner Feels About the Salary Difference with Kit Harington on Game of Thrones - #URL# #URL# ></document>
    <document> Bezos inspector: Saudi Arabia obtained private information - #URL# - WISC-TV3 #URL# ></document>
    <document> Multiple airlines experience system-wide outages at several US airports - Fox News #URL# ></document>
    <document> Lakers Hold A Players Meeting To Help LeBron Stop Reacting To His Teammates' Mistakes - HYPEBEAST #URL# ></document>
    <document> Trump seems likely to close the border despite potential chaos - CNN #URL# ></document>
    <document> China's factory activity unexpectedly rose in March, according to a private survey - CNBC #URL# ></document>
    <document> 2019 NCAA tournament - Best bets for Sunday's Elite Eight games - ESPN #URL# ></document>
    <document> Google Warns of Growing Android Attack Vector: Backdoor SDKs and Preloaded Apps - Threatpost #URL# ></document>
    <document> Ferrari: Leclerc issue not related to MGU-H - #URL# #URL# ></document>
    <document> 'Today wasn't our day' says unlucky Leclerc after heartache in Bahrain - #URL# #URL# ></document>
    <document> Chinese manufacturing returns to growth in March: Caixin PMI - #URL# #URL# ></document>
    <document> Trump thrashed 'radical' Democrats, says census is 'meaningless' without citizenship question - Fox News #URL# ></document><document> Mick Jagger Reportedly Ready for Heart Surgery - Variety #URL# ></document>
    <document> R. Kelly's Attorney Says Jussie Smollett's Dismissal Is Not Likely To Negotiate Defense - TMZ #URL# ></document>
    <document> China expands restrictions on fentanyl and blames US for abuse - Reuters #URL# ></document>
    <document> US, Ethiopian Investigators Discuss 737 MAX Crash Probe - The Wall Street Journal #URL# ></document>
    <document> #URL# listed nearly 47,000 nurseries after report - Engadget #URL# ></document>
    <document> Michigan State's Xavier Tillman shines against Duke's Zion Williamson - Detroit Free Press #URL# ></document>
    <document> Twitter Network Uses Fake Accounts to Promote Netanyahu, Watchdog Finds - The New York Times #URL# ></document>
    <document> Post Merger Reflections on Bristol-Myers Squibb: Scaling to Buy BMS from Celgene - Quest for Alpha #URL# ></document>
    <document> Philippines protest hundreds of Chinese ships around disputed island - CNN #URL# ></document>
    <document> Cloudflare adds a free VPN to 1.1.1.1 - The Verge #URL# ></document>
    <document> Can Pete Buttigieg go from underdog to history maker? - Policy #URL# ></ document>
    <document> Zuzana Caputova Elected First Female President of Slovakia - NPR #URL# ></document>
    <document> Burger King tests plant-based meat with the Impossible Whopper - Los Angeles Times #URL# ></document>
    <document> "Keeping Up With the Kardashians" premiere proved exactly why the show ran for 16 seasons - The Washington P… #URL# ></document>
    <document> Eligibility of Apple's new credit card for generation Z - #URL# #URL# ></document>
    <document> What drivers said after O'Reilly Auto Parts 500 - NBC Sports #URL# ></document>
    <document> Report: Team USA may make an exception, add Duke's Zion Williamson to FIBA ​​World Cup roster - Yahoo Sports #URL# ></document>
    <document> Kardashians Jordyn Woods Tells All About Fyre Festival and Being a Billionaire - The New York Times #URL# ></document>
    <document> Kim K. Announces Preferred Baby Name on Jimmy Kimmel Live - E! Online #URL# ></ document>
    <document> Google adds Snake game to Maps apps for April Fool's prank - CNET #URL# ></document>
    <document> Asian stocks rise as Chinese factory exit boosts confidence - #URL# #URL# ></document>
    <document> Breaking news: Panalpina and DSV to merge in $4.6 billion deal - Air Cargo News #URL# ></document>
    <document> Where to buy Galaxy Buds replacement tips - Android Central #URL# ></document>
    <document> Crutchlow: Rossi/Marquez wouldn't have received a "ridiculous" penalty - #URL#, Edition: Global #URL# ></document>
    <document> First Step The Law Is Now Law But Former Criminals Still Face Challenges - NPR #URL# ></document>
    <document> Trump sells healthcare until after 2020 - POLITICO - POLITICO #URL# ></document>
    <document> Gmail15: 15GB Storage, Smart Replies, Priority Emails - 15 Years Oldcy - Economic Times #URL# ></document>
    <document> Ariana Grande and Victoria Monét Deliver Boob-Heavy Bisexual Bop With Their "Monopoly" Video - Vulture #URL# ></document>
    <document> 'Why is the Census Important?' And Other 2020 Census Questions Answers - NPR #URL# ></document>
    <document> New Facebook tool, "Why am I seeing this post?" answers the question. - TechCrunch #URL# ></ document>
    <document> North West shows off Kanye's dance moves in a cute spandex outfit at church service Sunday - Daily Mail #URL# ></document>
    <document> Zion Williamson: Highlights from the FULL 2019 NCAA tournament - NCAA March Madness #URL# ></document>
    <document> Calendar of four days of mayhem in Westminster - Daily Mail #URL# ></document>
    <document> Renault warns prosecutors over suspicious Oman dealer payments on behalf of Carlos Ghosn - The Japan Times #URL# ></document>
    <document> This was the world's most profitable company in 2018 - MarketWatch #URL# ></document>
    <document> Asian stocks rally as Chinese factory exit boosts confidence - Reuters #URL# ></document>
    <document> Borderlands 3 release date and Epic exclusivity may have been leaked - VentureBeat #URL# ></document>
    <document> Asian markets rally, boosting Wall Street gains - Yahoo News #URL# ></document>
    <document> Over 750,000 Food Coupons Could Lose Under Trump Administration's Proposal - NPR #URL# ></document>
    <document> First look at the 2019 Final Four - ESPN #URL# ></document>
    <document> Japan announces new imperial era will be named 'Reiwa' - BBC News #URL# ></document>
    <document> Huawei admits that half of its flagships could have foldable screens by 2021 - Phone Arena #URL# ></document>
    <document> Mattingly calls MLB to review loss-related searches - ESPN #URL# ></document>
    <document> Trump makes good use of the news from the Mueller investigation, pressing his own lines of applause - Fox News #URL# ></document>
    <document> RaNiya Wright's father 'seeking justice' after death 10 years after class feud - WIS10 #URL# ></document>
    <document> April specials: Start the month with a Cheesecake Factory freebie on April Fool's Day - USA TODAY #URL# ></document>
    <document> Saudi Aramco Is The World's Most Profitable Company, But Where Is All The Money Going? - Forbes #URL# ></ document>
    <document> Trump 'saves' Amy Coney Barrett for Ruth Bader Ginsburg's Supreme Court seat - Washington Examiner #URL# ></document>
    <document> Facebook's News Feed begins to explain itself - The Verge #URL# ></document>
    <document> Why Duke's defeat to Michigan State will haunt Mike Krzyzewski - Yahoo Sports #URL# ></document>
    <document> White House Clerk Does the Unexpected: Back to Work - The New York Times #URL# ></document>
    <document> Denny Hamlin wins Texas NASCAR race after 2 penalties - Fox News #URL# ></document>
    <document> Minister says PM may have to accept soft Brexit if Commons backs - Cengiz Reklamabag News #URL# ></document>
    <document> Conway says Trump's threat to close the border is "absolutely not a bluff" - AOL #URL# ></document>
    <document> You Can Now Play 'Snake' in Google Maps App: Here's How - Mashable India #URL# ></document>
    <document> The 2020 campaign is already turning into a war against the 'elite' - CNN #URL# ></document>
    <document> Apple AirPods are still the best selling true wireless earbuds - Engadget #URL# ></document>
    <document> "I am very happy but this is not the final action" - BBC News #URL# ></document>
    <document> Jussie Smollett "Saturday Night Live" Sketch Absolutely Roass "Empire" Actor - IndieWire #URL# ></document>
    <document> Minister: PM may have to accept soft Brexit if Commons supports - Cengiz Adabağ News #URL# ></document>
    <document> Chick-fil-A - Reaction of local customers to San Antonio airport banning KBTX #URL# ></document>
    <document> Carwow: Tesla Model 3 World's Best Electric Car: Video - InsideEVs #URL# ></document>
    <document> Taiwan scrambles jets to confront Chinese fighters after rare attack - CNN #URL# ></document>
    <document> Two marine helicopter pilots die in training crash - NBC News #URL# ></document>
    <document> Baltimore mayor takes permission when children's book deal is under review - AOL #URL# ></document>
    <document> Lifetime healthcare spending increased for workers retiring in 2019 - Fox Business #URL# ></document>
    <document> Asian stocks rise as China's factory rollback, trade talks progress - Reuters #URL# ></document>
    <document> Yankees placed Stanton (bicep strain) on IL - ESPN #URL# ></document>
    <document> Twitter Network Uses Fake Accounts To Promote Netanyahu, According To Watchdog Finds - New York Times #URL# ></document>
    <document> Pope defends decision to keep French cardinal after cover-up - Fox News #URL# ></document>
    <document> Coast Guard continues efforts to crack down on illegal charter boats on the final day of Ultra - Miami Herald #URL# ></document>
    <document> Mandan murders: police investigate four deaths at a business - KFYR-TV #URL# ></document>
    <document> The NY attorney general is one of the most powerful in the country. This should worry Trump. - NBC News #URL# ></ document>
    <document> Liz Peek: Biden accused of unwanted kiss may have kissed Dem nomination good-bye - Fox News #URL# ></document>
  
</author>