
  
    <document> Webtalk News  WHEN I SEE YOU SMILE (BAD ENGLISH) cover by HSCC Posted via Webtalk #URL# ></document>
    <document> Webtalk News HOW TO BE A LEADER - Motivational Speech By Simon Sinek Posted via Webtalk #URL# ></document>
    <document> Webtalk News How does report on distance being 'detrimental' affect golfers? ></document>
    <document> RT #USER#: Scorsese falling asleep to an Eminem lullaby. That's what I call losing yourself in the music! #HASHTAG# #HASHTAG# #HASHTAG#… ></document>
    <document> Webtalk News TOP 10 FOOTBALL CLUBS BY UEFA RANKING (1959-2019)  Posted via Webtalk #URL# ></document>
    <document> How to defend against a street fight punch / avoid a one punch knockout ... #URL# via #USER# ></document>
    <document> RT #USER#: To love and be loved ♥️♥️♥️ That’s happiness. You all make my heart so full and I love you so much. Happy Valentines Day! Macho, y… ></document>
    <document> RT #USER#: Stop Greenlighting Driver Licenses for Illegal Immigrants Act. #URL# ></document>
    <document> Webtalk News  Teacher Steven understands the vision of WebTalk and waits for guidance from Teacher Andy - Part 2 Po… #URL# ></document>
    <document> Webtalk News Hallmark Movies Reluctant Nanny (2020) - New Valentine Movies (2020) Posted via Webtalk #URL# ></document>
    <document> RT #USER#: RYAN GARCIA SHOWED NO MERCY 😱  (via #USER#) #URL# ></document>
    <document> D-DAY IN THE PACIFIC (Part 2): Americans Hunt Down The Imperial Fleet ></document>
    <document> Mexican volcano El Popo erupts, triggering an earthquake #URL# via #USER# ></document>
    <document> Webtalk News Mr. Rahat M  Ali is Sharing his News  My next grammar Class is on the 22nd February, Saturday 2020, 15… #URL# ></document>
    <document> Webtalk News  Posted via Webtalk #URL# ></document>
    <document> RT #USER#: A quick look back.  Our top 10 plays from 2019! 😍 #URL# ></document>
    <document> Webtalk News How to refer Webtalk Posted via Webtalk #URL# ></document>
    <document> Webtalk News Mysterious Videos You Might NOT Wanna Watch Alone... Posted via Webtalk #URL# ></document>
    <document> Keanu's Mommy Mix-Up, Leo's Big Step &amp; Blac Chyna at the Oscars? - "Nigh... #URL# via #USER# ></document>
    <document> Webtalk News This is so scary now NY got it Wow We're basically at a pandemic now': Mayo Clinic physician on corona… #URL# ></document>
    <document> Webtalk News Mr. Herman R. Theo Moss is Sharing his News Doners can track their donations at every stage and see wh… #URL# ></document>
    <document> Webtalk News  JAMES BOND 007 NO TIME TO DIE "TeamUp" Trailer  Posted via Webtalk #URL# ></document>
    <document> RT #USER#: See you tonight on #USER# from New York #URL# #URL# ></document>
    <document> Webtalk News Mr. Allyn Scheinkman is Sharing his News  website to view our various products  Posted via Webtalk #URL# ></document>
    <document> Webtalk News White House considering incentives to spur stock buying: Sources Posted via Webtalk #URL# ></document>
    <document> Webtalk News Bon Appétit’s Test Kitchen Staff Takes On Ellen’s 'Burning Questions' Posted via Webtalk #URL# ></document>
    <document> Twin Talk: AMA with Emme and Max #URL# via #USER# ></document>
    <document> RT #USER#: #HASHTAG# c'est parti ! #URL# ></document>
    <document> RT #USER#: .#USER# Dorsey, we are still having the same issues. We have 1.3 Million Followers an you won't even allow our followers… ></document>
    <document> RT #USER#: Nicky Jam Is Engaged to Model Cydney Moreau #URL# ></document>
    <document> Webtalk News The power of Webtalk Posted via Webtalk #URL# ></document>
    <document> RT #USER#: .#USER# dropped some more teasers for their forthcoming #HASHTAG# LP #URL# ></document>
    <document> Webtalk News 6 Ways to earn money on Webtalk Posted via Webtalk #URL# ></document>
    <document> Webtalk News Beijing’s Radar Detected US Jet Fighter In the South China Sea, China Send Su-35 to intercept Posted v… #URL# ></document>
    <document> RT #USER#: My mind is blown! (via #USER#) #URL# ></document>
    <document> Webtalk News John Legend's Valentine's Day Tribute to Chrissy Teigen Posted via Webtalk #URL# ></document>
    <document> Top Gun 2 EXTENDED SUPER BOWL Trailer #URL# via #USER# ></document>
    <document> Webtalk News Charlie Wilson hits the stage to perform his new song “Forever Posted via Webtalk #URL# ></document>
    <document> Iraqi Kurdistan: The Secret Peaks of the Zagros Mountains #URL# via #USER# ></document>
    <document> Webtalk News  Pitbull, Ne-Yo - Me Quedaré Contigo ft. Lenier  Posted via Webtalk #URL# ></document>
    <document> RT #USER#: SHUTOUT 🛡  The #USER# shutout the Guardians and become the first #USER# team to go 2-0 on the season. #URL#… ></document>
    <document> Travis Scott Raps About Kylie Jenner On Justin Bieber Song 'Second Emoti... #URL# via #USER# ></document>
    <document> Family trip!! Kylie and Travis Scott with daughter Stormi at Disney World #URL# via #USER# ></document>
    <document> Webtalk NewsUS Angry (Feb,15 20) Philippines Disappoint AMERICA With End of its Military Pact in South China Sea… #URL# ></document>
    <document> RT #USER#: Great honor, I think?  Mark Zuckerberg recently stated that “Donald J. Trump is Number 1 on Facebook. Number 2 is Prim… ></document>
    <document> Webtalk News  Zion Williamson  Posted via Webtalk #URL# ></document>
    <document> RT #USER#: "Domestically, women are thriving like never before." #URL# ></document>
    <document> RT #USER#: Chicago couple treated for coronavirus released from isolation #URL# ></document>
    <document> Webtalk News Leadership Wisdom From The Jedi ></document>
    <document> RT #USER#: Ex-CNN FAKE #HASHTAG# GUILTY of extorting #USER#! Retweet!  #USER# to #USER#: Looking to 2020 a rea… ></document>
    <document> Good morning and Good Evening  here's your morning coffee Posted via Webtalk #URL# ></document>
    <document> Webtalk News Trump and first lady appear at Daytona 500 in Florida Posted via Webtalk #URL# ></document>
    <document> RT #USER#: Are you with us? Own #HASHTAG# with commentary by Lena Waithe and Melina Matsoukas. Digital 2/18 and Blu-ray &amp; DVD 3/… ></document>
    <document> Webtalk News Mr. Carlson Smith Sharing his News DM if you are interested Posted via Webtalk #URL# ></document>
    <document> Best Motivational Video Posted via Webtalk #URL# ></document>
    <document> Ice Cube &amp; Snoop Dogg - Hood Famous ft. WC #URL# via #USER# ></document>
    <document> Got Talent G... #URL# via #USER# ></document>
    <document> 'The Photograph' cast on the importance of showing black romance on film #URL# via #USER# ></document>
    <document> RT #USER#: Thank you Nervous Nancy for showing your true color, HATE! As Nervous Nancy removes her mask, the American people must… ></document>
    <document> Webtalk News Aussies on-board quarantined coronavirus ship desperate to come home ></document>
    <document> Justin Bieber - Yummy (Live On Saturday Night Live / 2020) #URL# via #USER# ></document>
    <document> Webtalk News Mr. Scott Gerrard is sharing his News  The Webtalk Bonus  Posted via Webtalk #URL# ></document>
    <document> Webtalk News Alert (Feb,16 20) US fight Against China in ASEAN After Tensions with Russian Posted via Webtalk #URL# ></document>
    <document> BORDER WALL UPDATE: Trump URGENT Speech to Border Patrol Agents at the W... #URL# via #USER# ></document>
    <document> RT #USER#: Congratulations, #USER# !!!! 👀  #URL# ></document>
    <document> RT #USER#: Zach LaVine goes for the 3-PT crown tonight! #URL# ></document>
    <document> RT #USER#: Actress Lynn Cohen, who played the loveable Magda on “Sex and the City," died at age 86.  In 1983, she made her screen deb… ></document>
    <document> Webtalk News 2020 NBA All-Star Celebrity Game - Full Game Highlights ></document>
    <document> Shoaib Akhtar on Shahrukh Khan Posted via Webtalk #URL# ></document>
    <document> RT #USER#: Our prayer must not be limited only to our needs, to our necessities: a prayer is truly Christian if it has a universal dimen… ></document>
    <document> RT #USER#: Shelby Houlihan doubles back from 3K 🥇 to win her 13th 🇺🇸 title! #URL# ></document>
    <document> *New* Young Thug Ft Lil Uzi Vert &amp; Gucci Mane (2020) "Too Fast" (Explicit) #URL# via #USER# ></document>
    <document> Hawaii Update News Report - Kilauea Volcano (February 2020) #URL# via #USER# ></document>
    <document> RT #USER#: A cargo ship is rocketing toward the International Space Station, carrying candy and cheese to satisfy the crew's cravings. https:… ></document>
    <document> Vanessa Bryant remembers Kobe on Valentine's Day: 'Missing you so much on your favorite holiday' #URL# via #USER# ></document>
    <document> Sick loser she is okay 2020 Trump #URL# ></document>
    <document> Nine News Australia Posted via… #URL# ></document>
    <document> RT #USER#: We have the first finalists of the day❗ In Male Kata, Damian Quintero 🇪🇸 will clash for 🥇 against Antonio Diaz 🇻🇪 Who… ></document>
    <document> RT #USER#: Just a putt around a bunker and up a hill...  #USER# was THAT close.  #HASHTAG# #URL# ></document>
    <document> Webtalk News Running Scared For A Reason It's Called Treason Posted via Webtalk #URL# ></document>
    <document> Webtalk News Posted via Webtalk #URL# ></document>
    <document> RT #USER#: K-Pop Group #USER# Say 'Fans, Family &amp; Friends' Inspired New Album All Bout Luv #HASHTAG# #URL# ></document>
    <document> TOP 5 SINGERS on America's Got Talent: The Champions 2020 ></document>
    <document> Christina Aguilera, A Great Big World - Fall On Me #URL# via #USER# ></document>
    <document> Q&amp;A WITH MY DAUGHTERS #URL# via #USER# ></document>
    <document> Webtalk News  Coronavirus: Up To 24 Days Before Symptoms Start Showing? Posted via Webtalk #URL# ></document>
    <document> Migos, Young Thug, Travis Scott - Give No Fxk (Official Video) #URL# via #USER# ></document>
    <document> Monique Marvez • Snoop Dogg’s Bad Girls of Comedy • FULL SET • Part 4 ></document>
    <document> WASHINGTON 3-NIGHT EVENT PREMIE... #URL# via #USER# ></document>
    <document> Webtalk News If you get caught creating more than one account to earn from you are not allowed to, and you could ge… #URL# ></document>
    <document> RT #USER#: This is what Los Angeles California is dealing with because of their Progressive Democrat policies. 😢  We didn’t have this… ></document>
    <document> Webtalk News Vietnam needed to understand the BIGGER picture of WebTalk Feb 16, 2020 Posted via Webtalk #URL# ></document>
    <document> RT #USER#: L.A. will dismiss tens of thousands of marijuana convictions, some of which date back to 1961 😳🙌  #URL# ></document>
    <document> Kawhi Leonard Interview - 2020 NBA All-Star Practice &amp; Media Day #URL# via #USER# ></document>
    <document> Webtalk News Here Comes The Boom -Webtalk Style (OFFICIAL TV COMMERCIAL) Posted via Webtalk #URL# ></document>
    <document> VALENTINE LOVE: Melania Trump Visits Children at Hospital On Valentine's... #URL# via #USER# ></document>
    <document> RT #USER#: Hi, just wanted to let you know that 2020 Barbie IS #USER# 💅 #URL# ></document>
    <document> RT #USER#: Very much here for celebrating every win with seltzer shotguns 👏👏👏  (via #USER#)  #URL# ></document>
    <document> Webtalk News Get Paid To Promote You! Looking for Leaders to Join the Winners Team Enroll Now - it's Free To Join U… #URL# ></document>
    <document> RT #USER#: 70 years ago today, Disney released #HASHTAG#, and brought a timeless classic into the lives and hearts of movie lovers all over… ></document>
  
</author>
<document> Webtalk News WHEN I SEE SMILE cover by HSCC Posted by Webtalk #URL# ></document>
    <document> Webtalk News HOW TO BE A LEADER - Simon Sinek's Motivational Speech Posted by Webtalk #URL# ></document>
    <document> Webtalk News How does the news about distance being 'harmful' affect golfers? ></ document>
    <document> RT #USER#: Scorsese falls asleep to an Eminem lullaby. That's what I call losing yourself in music! #HASHTAG# #HASHTAG# #HASHTAG#… ></document>
    <document> Webtalk News TOP 10 FOOTBALL CLUBS BY UEFA RANKING (1959-2019) Posted via Webtalk #URL# ></document>
    <document> How to defend against a street fighting punch / avoid a one punch knockout... #URL# ></document> via #USER#
    <document> RT #USER#: To love and be loved ♥️♥️♥️ That's what happiness is. You all fill my heart so much and I love you so much. Happy Valentine's Day! Macho, y… ></ document>
    <document> RT #USER#: Stop Greenlighting Drivers Licenses for Illegal Immigrants Act. #URL# ></ document>
    <document> Webtalk News Teacher Steven understands WebTalk's vision and seeks guidance from Teacher Andy - Part 2 Po… #URL# ></document>
    <document> Webtalk News Specials Movies Reluctant Nanny (2020) - New Valentine's Day Movies (2020) Published in Webtalk #URL# ></document>
    <document> RT #USER#: RYAN GARCIA HAS NO MERCY 😱 (via #USER#) #URL# ></document>
    <document> D-DAY IN THE PACIFIC (Part 2): Americans Hunt the Imperial Fleet ></document>
    <document> Mexico's El Popo volcano erupts, triggering an earthquake #URL# via #USER# ></document>
    <document> Webtalk News Mr Comfortable M Ali Shares His News My next grammar lesson is Saturday, February 22, 2020, 15… #URL# ></document>
    <document> Webtalk News Posted via Webtalk #URL# ></document>
    <document> RT #USER#: A quick retrospective. Our top 10 games of 2019! 😍 #URL# ></ document>
    <document> Webtalk News How to refer to Webtalk Published via Webtalk #URL# ></document>
    <document> Webtalk News Mysterious Videos You Don't Want To Watch Alone... Posted via Webtalk #URL# ></document>
    <document> Keanu's Mother Confusion, Leo's Big Step &amp; Is Blac Chyna at the Oscars? - "Nigh... #URL# via #USER# ></document>
    <document> Webtalk News This is so scary now NY got it Wow we're in a pandemic right now': Mayo Clinic doctor about corona… #URL# ></document>
    <document> Webtalk News Mr. Herman R. Theo Moss Shares His News Doners can track their donations at every stage and see what's happening… #URL# ></document>
    <document> Webtalk News JAMES BOND 007 NO TIME TO DIE Trailer "TeamUp" released via Webtalk #URL# ></document>
    <document> RT #USER#: See you tonight at #USER# from New York #URL# #URL# ></document>
    <document> Webtalk News Mr. Allyn Scheinkman shares News website to view our various products published via Webtalk #URL# ></document>
    <document> Webtalk News White House considers incentives to encourage stock buying: Sources Posted #URL# ></document> via Webtalk
    <document> Webtalk News Bon Appetit Test Kitchen Team Faces "Burning Questions" by Ellen via Webtalk #URL# ></document>
    <document> Twin Talk: With Suction and Max BUT via #USER# #URL# ></document>
    <document> RT #USER#: #HASHTAG# c'est party ! #URL# ></ document>
    <document> RT #USER#: .#USER# Dorsey, still having the same issues. We have 1.3 Million Followers and you won't even allow our followers… ></document>
    <document> RT #USER#: Nicky Jam Engaged to Model Cydney Moreau #URL# ></document>
    <document> Webtalk News The Power of Webtalk Released Via Webtalk #URL# ></document>
    <document> RT #USER#: .#USER# released some more teaser for upcoming #HASHTAG# LP #URL# ></document
    <document> Webtalk News 6 Ways to make money on Webtalk published via Webtalk #URL# ></document>
    <document> Webtalk News Beijing's Radar Detects US Jet Plane in China's South China Sea.
    <document> RT #USER#: It blew my mind! (via #USER#) #URL# ></document>
    <document> Webtalk News John Legend's Valentine's Day Praise to Chrissy Teigen via Webtalk #URL# ></document>
    <document> Top Gun 2 EXTENDED SUPER BOWL Trailer via #USER# #URL# ></document>
    <document> Webtalk News Charlie Wilson takes the stage for his new song “Forever Posted via Webtalk #URL# ></document>
    <document> Iraqi Kurdistan: Hidden Peaks of the Zagros Mountains #URL# via #USER# ></document>
    <document> Webtalk News Pitbull, Ne-Yo - Me Quedaré Contigo ft. Lenier Posted in Webtalk #URL# ></document>
    <document> RT #USER#: SHUTOUT 🛡 #USER# disables the Guardians and becomes the first #USER# team to win 2-0 in the season. #URL#… ></ document>
    <document> Travis Scott Raps About Kylie Jenner in Justin Bieber's "Second Emoti... #URL# via #USER# ></document>
    <document> Family trip!! Kylie and Travis Scott with daughter Stormi at Disney World #URL# via #USER# ></document>
    <document> Webtalk NewsUS Angry (February 15-20) Philippines Disappoints America With The End Of Military Agreement In The South China Sea… #URL# ></document>
    <document> RT #USER#: Great honor I guess? Mark Zuckerberg recently wrote, “Donald J. Trump is #1 on Facebook. Number 2 Premium… ></document>
    <document> Webtalk News Zion Williamson sent via Webtalk #URL# ></document>
    <document> RT #USER#: "Women at home are improving like never before." #URL# ></ document>
    <document> RT #USER#: Chicago couple treated for coronavirus emerges from isolation #URL# ></document>
    <document> Webtalk News from Jedi Leadership Wisdom ></document>
    <document> RT #USER#: FORMER CNN FAKE #HASHTAG# FAILED for blackmailing #USER#! Retweet! From #USER# to #USER#: A reality for 2020… ></document>
    <document> Good Morning and Good Evening here is your morning coffee sent via Webtalk #URL# ></document>
    <document> Webtalk News Trump and the first lady appears at Daytona 500 in Florida Posted in Webtalk #URL# ></document>
    <document> RT #USER#: Are you with us? Get #HASHTAG# with commentary by Lena Waithe and Melina Matsoukas. Digital 2/18 and Blu-ray &amp; DVD 3/… ></ document>
    <document> Webtalk News Carlson Smith Shares His News If you're interested Webtalk via DM #URL# ></document>
    <document> Best Motivational Video Posted Via Webtalk #URL# ></document>
    <document> Ice Cube &amp; Snoop Dogg - Hood Famous ft. WC #URL# via #USER# ></document>
    <document> Has Ability G... via #USER# #URL# ></document>
    <document> 'The Photograph' highlights the importance of showing black romance in #URL# via #USER# ></document>
    <document> RT #USER#: Thanks for showing the nervous Nancy your true face, HATE! As the nervous Nancy takes off her mask, the American public… ></ document>
    <document> Webtalk News Aussies look forward to returning home aboard the quarantined coronavirus ship ></document>
    <document> Justin Bieber - Yummy (Live on Saturday Night / 2020) #URL# ></document> via #USER#
    <document> Webtalk News Mr. Scott Gerrard shares his News about Webtalk Bonus Released via Webtalk #URL# ></document>
    <document> Webtalk News Alert (February 16-20) US Struggle Against China in ASEAN After Tensions with Russia Streamed Via Webtalk #URL# ></document>
    <document> BORDER WALL UPDATE: Trump's Urgent Speech to Border Patrol Officers in the West... via #USER# #URL# ></document>
    <document> RT #USER#: Congratulations, #USER# !!!! 👀 #URL# ></ document>
    <document> RT #USER#: Zach LaVine claims the 3-PT crown tonight! #URL# ></ document>
    <document> RT #USER#: Actress Lynn Cohen, who played the lovely Magda in “Sex and the City,” has died at the age of 86. Got screen debts in 1983… ></document>
    <document> Webtalk News 2020 NBA All-Star Celebrity Game - Match Highlights ></document>
    <document> Shoaib Akhtar about Shahrukh Khan Posted via Webtalk #URL# ></document>
    <document> RT #USER#: Our prayer should not be limited to our needs, our needs: a prayer is truly Christian if it has a universal dimension… ></document>
    <document> RT #USER#: Shelby Houlihan 3K 🥇 is back to win his 13th 🇺🇸 title! #URL# ></ document>
    <document> *New* Young Thug Ft Lil Uzi Vert &amp; Gucci Mane (2020) "Too Fast" (Open) #URL# via #USER# ></document>
    <document> Hawaii Update News Report - Kilauea Volcano (February 2020) via #USER# #URL# ></document>
    <document> RT #USER#: A cargo ship carrying candy and cheese rockets towards the International Space Station to satisfy the crew's appetite. https:… ></document>
    <document> Vanessa Bryant commemorates Kobe on Valentine's Day: 'I miss you so much on your favorite holiday' via #USER# #URL# ></document>
    <document> Sick loser he's fine 2020 Trump #URL# ></document>
    <document> Nine News Australia Posted by… #URL# ></document>
    <document> RT #USER#: The first finalists of the day have been announced❗In Male Kata, Damian Quintero 🇪🇸 will face Antonio Diaz 🇻🇪 Who… ></document> for 🥇
    <document> RT #USER#: A shot around a bunker and up a hill... #USER# was THAT close. #HASHTAG# #URL# ></document>
    <document> Webtalk News sent via Webtalk #URL# ></document>
    <document> Webtalk News Posted via Webtalk #URL# ></document>
    <document> RT #USER#: K-Pop Group #USER# "New Album Inspired by Fans, Families & Friends All Bout Luv #HASHTAG# #URL# ></document>
    <document> TOP 5 ARTISTS IN America's Got Talent: The Champions 2020 ></document>
    <document> Christina Aguilera, A Great Big World - Fall On Me #URL# via #USER# ></document>
    via <document> #USER# ></document> #URL# Q&A WITH MY GIRLS>
    <document> Webtalk News Coronavirus: Up to 24 Days Before Symptoms Start to Show? Sent via webtalk #URL# ></document>
    <document> Migos, Young Thug, Travis Scott - Do Not Fxk (Official Video) #URL# via #USER# ></document>
    <document> Monique Marvez • Snoop Dogg's Bad Comedy Girls • FULL SET • Episode 4 ></ document>
    <document> WASHINGTON 3 NIGHTS EVENT Premiere... via #USER# #URL# ></document>
    <document> Webtalk News If you are caught creating multiple accounts, you will not be allowed to win and… #URL# ></document>
    <document> RT #USER#: Los Angeles California is dealing with this because of its Progressive Democrat policies. 😢 We didn't have this… ></ document>
    <document> Webtalk News Vietnam needed to understand WebTalk's BIG picture 16 February 2020 Posted via Webtalk #URL# ></document>
    <document> RT #USER#: L.A. to reject tens of thousands of cannabis convictions, some dating back to 1961 😳🙌 #URL# ></document>
    <document> Kawhi Leonard Interview - 2020 NBA All-Star Training &amp; Media Day via #URL# #USER# ></document>
    <document> Webtalk News Here Comes The Boom -Webtalk Style (OFFICIAL TV AD) Released via Webtalk #URL# ></document>
    <document> LOVE OF VALENTINES: Melania Trump Visits Children in Hospital on Valentine's Day... #URL# via #USER# ></document>
    <document> RT #USER#: Hello, I wanted to let you know that 2020 Barbie is #USER# 💅 #URL# ></document>.
    <document> RT #USER#: We're here to celebrate every win with a seltzer shotgun 👏👏👏 (via #USER#) #URL# ></document>
    <document> Webtalk News Gets Paid To Promote You! Looking for Leaders to Join Winners Team Register Now - Free To Join U… #URL# ></document>
    <document> RT #USER#: 70 years ago today, Disney released #HASHTAG# and brought a timeless classic into the lives and hearts of moviegoers around the world... ></document>
  
</author>