
  
    <document> Womens Chambray Shirt Top denim Shirts and Blouses LongSleeve Snap Button Cotton LadiesShirt Camisa Blusa Camisetas… #URL# ></document>
    <document> CUTE! This picture of Soha Ali Khan and her nephew Taimur bonding during her baby shower is adorable… #URL# ></document>
    <document> Barcelona attack: What is the mood? #URL# #URL# ></document>
    <document> Aryana Sayeed: Kabul concert goes ahead despite threats #URL# #URL# ></document>
    <document> RT #USER#: What is The Best acceptance Cookware ? #URL# ></document>
    <document> RT #USER#: Best waffle maker reviews [2018 edition] It is important to read through the best waffle maker reviews before purchasing so… ></document>
    <document> Top 5 Best Women Dress #URL# via #USER# ></document>
    <document> ALIEXPRESS REVIEW 2017 #URL# via #USER# ></document>
    <document> Womens Chambray Shirt Top denim Shirts and Blouses LongSleeve Snap Button Cotton LadiesShirt Camisa Blusa Camisetas… #URL# ></document>
    <document> Women Thick Warm Fleece Softshell Pants Fishing Camping Hiking Skiing Trousers Waterproof Windproof 2016… #URL# ></document>
    <document> #HASHTAG# Wadded Clothing #HASHTAG# 2017 New Women's #HASHTAG# Jacket Cotton #HASHTAG# Slim Parkas Ladies Coats XS-XXL… #URL# ></document>
    <document> 2017 New Comb Beard Shaping Tool Sex Man Gentleman Beard Trimmer Template Hair Cut Hair Molding Beard… #URL# ></document>
    <document> The pride of your kitchen #URL# #URL# ></document>
    <document> 2017Autumn Winter Women Pajamas Set Sleep Jacket Pant Sleepwear Warm Nightgown Female Cartoon Bear Animal Aliexpres… #URL# ></document>
    <document> RT #USER#: Mohamed Salah has been named as the #USER# Player of the Week! 👏  #URL# #URL# ></document>
    <document> Cuisinart MCP-12N cookware set #URL# #URL# ></document>
    <document> MS VASSA Women jacket 2017 #HASHTAG# #HASHTAG# Winter ladies #HASHTAG# #HASHTAG# with flock turn-down collar plus #HASHTAG#% off… #URL# ></document>
    <document> Box Office: Jab Harry Met Sejal Day 16 in overseas #URL# #URL# ></document>
    <document> RT #USER#: Excellence of best stainless steel cookware set is that it is exceptionally flexible, straightforward to utilize and surfac… ></document>
    <document> RT #USER#: Music to our ears. 🙌 #URL# ></document>
    <document> Kim Kardashian Shares the Cutest Pics of North West and Penelope Disick Rocking Matching Hairstyles… #URL# ></document>
    <document> RT #USER#: I know it well... #HASHTAG#  ✨AWARD WINNING #HASHTAG# #URL#  ✨iTunes~ #URL# ></document>
    <document> Home Again is a trending search on Google #URL# #HASHTAG# ></document>
    <document> RT #USER#: T-fal ultimate stainless steel cookware ></document>
    <document> RT #USER#: The original green pan review ></document>
    <document> jacket women causal print coat warm long parka hooded Female Overcoat High Quality Quilting Cotton Coat Collection… #URL# ></document>
    <document> RT #USER#: This T-Fal B165SI Total best quality non stick cookware sets with Thermo-Spot Heat Indicator Fry Pan of different size. Red… ></document>
    <document> Princess Flower GirlDress Summer Tutu Wedding Birthday PartyDresses For Girls Children Costume Teenager PromDesigns… #URL# ></document>
    <document> Boys Coats Autumn Winter Fashion Korean Children's Plus Velvet Warming Cotton PU Leather Jacket For 6-15Y Kids Hot… #URL# ></document>
    <document> Solar eclipse: Welcome to 'Eclipseville', Kentucky #URL# #URL# ></document>
    <document> OMG! Kalki Koechlin is totally nude in this creatively shot picture #URL# #URL# ></document>
    <document> EXCLUSIVE: Julie Chen Compares Finding Aisha Tyler's Replacement on 'The Talk' to 'Speed Dating'… #URL# ></document>
    <document> Womens Chambray Shirt Top denim Shirts and Blouses LongSleeve Snap Button Cotton LadiesShirt Camisa Blusa Camisetas… #URL# ></document>
    <document> Twin Peaks is a trending search on Google #URL# #HASHTAG# ></document>
    <document> Aaron Carter Sparks Romance Rumors With Porcelain Black Following Recent Breakup #URL# #URL# ></document>
    <document> RT #USER#: This Cuisinart copper base tri ply copper cookware reviews describes that this set looks genuinely fair and has truly impre… ></document>
    <document> ALIEXPRESS BEAUTY PRODUCTS REVIEWS - TOP 7 BEAUTY PRODUCTS #URL# via #USER# ></document>
    <document> RT #USER#: Check it out! badiuzzaman101 will do 20 page data entry, pdf to word for $5 on #HASHTAG# #URL# ></document>
    <document> RT #USER#: Lungi style In the 70s India #URL# ></document>
    <document> RT #USER#: Do you need any kind of data entry. I can help you. I will do 20 pages #HASHTAG# #HASHTAG# only $ 5. See more details: https:/… ></document>
    <document> India chase; Sri Lanka hand debut to Vishwa Fernando #URL# #URL# ></document>
    <document> South Africa v India: Boxing Day out, New Year likely to begin late #URL# #URL# ></document>
    <document> Sierra Leone: Rescue workers search for mudslide bodies #URL# #URL# ></document>
    <document> #HASHTAG# New Arrival #HASHTAG# #HASHTAG# MAX Men's #HASHTAG# Shoes Sneakers #HASHTAG#% off #URL# #URL# ></document>
    <document> RT #USER#: An honest T Fal ultimate hard anodized review of t-fal E765SH thermo-spot indicator dishwasher #URL# http… ></document>
    <document> Charlottesville victim's mum rebukes Trump #URL# #URL# ></document>
    <document> Usakos, a community scarred by apartheid #URL# #URL# ></document>
    <document> RT #USER#: Green life fry pan review ></document>
    <document> Agar offers us a lot of flexibility - Lehmann #URL# #URL# ></document>
    <document> SNEAK PEEK: This video shows how Sidharth Malhotra prepped for the action in A Gentleman #URL# #URL# ></document>
    <document> RT #USER#: Do you need any kind of #HASHTAG# #HASHTAG# #HASHTAG# to #HASHTAG# #HASHTAG# to #HASHTAG# #HASHTAG# #HASHTAG#. then I can help you #URL#… ></document>
    <document> Philippines drug campaign condemned by senior Catholics #URL# #URL# ></document>
    <document> WearEver C944S2, 2-Piece nonstick set #URL# #URL# ></document>
    <document> Staff restructuring sparks protest against ACB top brass #URL# #URL# ></document>
    <document> IS conflict: Iraq army makes advances on Tal Afar #URL# #URL# ></document>
    <document> RT #USER#: Check it out! badiuzzaman101 will do 20 page data entry, typing, pdf to wor... for $5 on #HASHTAG# #URL# ></document>
    <document> RT #USER#: 3 Easy And Simple Ways Of Cooking Quinoa In Rice Cooker #URL# #URL# ></document>
    <document> Coco Vandeweghe is a trending search on Google #URL# #HASHTAG# ></document>
    <document> Soft Grip Ceramic NonStick 7″ and 10″ Open Frypan Set, Turquoise #URL# https:… ></document>
    <document> Syria war: Rocket 'hits Damascus trade fair' #URL# #URL# ></document>
    <document> “The film has been a huge critical and commercial success abroad” – Gurinder Chadha on Partition: 1947… #URL# ></document>
    <document> EXCLUSIVE: 'Shahs of Sunset' Cast Confronts Asa for Saying She Got Pregnant Naturally at 40 -- Did She Lie?… #URL# ></document>
    <document> RT #USER#: Best ceramic fry pan ></document>
    <document> High Quality Sunglasses Men WomenBrand Designer Glasses Mirror Sun Glasses Fashion Gafas Oculos De Sol UV400 Classi… #URL# ></document>
    <document> RT #USER#: Do you #HASHTAG# any kind of data entry. I will do 20 page #HASHTAG# #HASHTAG# work for $ 5 #URL# #URL#… ></document>
    <document> Brathwaite reported for suspect action #URL# #URL# ></document>
    <document> RT #USER#: We will go through copper frying pan review to explore it in a unique way. Describe dynamical, non-stick and health benefit… ></document>
    <document> Why and how you choose #URL# #URL# ></document>
    <document> RT #USER#: Get the best aluminum cookware ></document>
    <document> 2017 fashion winter sweaters dress turtleneck full sleeve knitted cotton sexy dresses patchwork mini pullovers ss20… #URL# ></document>
    <document> RT #USER#: Confirmed #HASHTAG# team and subs to face #USER# #URL# ></document>
    <document> NEW TATTOOS  ALIEXPRESS REVIEW 01 #URL# via #USER# ></document>
    <document> RT #USER#: It’s difficult to choose one version of T fal cookware when you have so many. This t fal ultimate hard anodized review will… ></document>
    <document> RT #USER#: Best stainless steel pots and pans ></document>
    <document> RT #USER#: The green life ceramic cookware review says that it is solidly grabbing its place as the favored nonstick cookware among cl… ></document>
    <document> RT #USER#: Best Non stick ceramic frying pan ></document>
    <document> Equifax is a trending search on Google #URL# #HASHTAG# ></document>
    <document> RT #USER#: This Cook N Home 15 Piece nonstick aluminum cookware set is intended for housewives. Individuals who are an amateur at cook… ></document>
    <document> New Novelty Hoodies Fashion Cartoon unicorn Sweatshirts Tracksuits Women gardigan hoodies Girl Winter Hooded Jacket… #URL# ></document>
    <document> RT #USER#: Ready to serve! During World War 2, Princess Elizabeth joined the women's Auxiliary territorial service. #URL#… ></document>
    <document> RT #USER#: The T-Fal FR8000 review can be best summed up in the expressions of a client "The fryer for the individuals who hate to bak… ></document>
    <document> RT #USER#: The Basics Of Stainless Steel Cookware #URL# ></document>
    <document> New Arrival Women's Fashion Sexy Cotton Soft Underwear Thong Panties Nightgown G-string #URL# #URL# ></document>
    <document> Sciver trumps prolific Bates as Vipers fall short #URL# #URL# ></document>
    <document> 2017 Kaige Nina dress Women bodycon dress plus size women clothing chic elegant sexy fashion o-neck print dresses… #URL# ></document>
    <document> 2017 Spring Autumn Features Shirts Men Casual Jeans Shirt New Arrival Long Sleeve Casual Slim Fit Male Shirts Z030… #URL# ></document>
    <document> Womens Chambray Shirt Top denim Shirts and Blouses LongSleeve Snap Button Cotton LadiesShirt Camisa Blusa Camisetas… #URL# ></document>
    <document> RT #USER#: Check it out! badiuzzaman101 will convert your low quality image into high ... for $5 on #HASHTAG# #URL# ></document>
    <document> Maria Sharapova is a trending search on Google #URL# #HASHTAG# ></document>
    <document> RT #USER#: When you have so many choices in cookware, it’s hard to know what’s best. So, for your relief, here’s the showdown: ceramic… ></document>
    <document> Baby Clothing Sets #URL# via #USER# ></document>
    <document> 2017 HDCRAFTER Cat Eye Women Sunglasses Brand  Designer Metal Frame Polarized Fashion glasses women's  gafas… #URL# ></document>
    <document> The border between North and South Korea #URL# #URL# ></document>
    <document> GreenPan Lima 12″ Ceramic Non-Stick Covered Frypan #URL# #URL#… ></document>
    <document> RT #USER#: Before choose Anolon Nouvella Nonstick Copper Cookware 11-Piece set, know the details. #URL# #URL#… ></document>
    <document> Trumps to skip Kennedy honours to avoid 'distraction' #URL# #URL# ></document>
    <document> Womens Chambray Shirt Top denim Shirts and Blouses LongSleeve Snap Button Cotton LadiesShirt Camisa Blusa Camisetas… #URL# ></document>
    <document> Don Shepherd, the pride of Welsh cricket #URL# #URL# ></document>
    <document> Original #HASHTAG# Arrival 2017 #HASHTAG# Basket Platform Core #HASHTAG#'s Skateboarding #HASHTAG# #HASHTAG# 19% OFF… #URL# ></document>
    <document> Xiaomi Redmi 4X Review|32GB Global ROM 3GB RAM Smartphone 5.0" HD #URL# via #USER# ></document>
  
</author>
<document> Women's Chambray Shirts Top Denim Shirts and Blouses Long Sleeve Snap Buttons Cotton Women's Shirt Camisa Blusa Camisetas… #URL# ></document>
    <document> CUTE! This photo of Soha Ali Khan and her nephew Taimur bonding during the baby shower party is adorable… #URL# ></document>
    <document> Barcelona attack: How's the weather? #URL# #URL# ></ document>
    <document> Aryana Sayeed: Kabul concert continues despite threats #URL# #URL# ></document>
    <document> RT #USER#: What is the Best Accepted Cookware? #URL# ></ document>
    <document> RT #USER#: Best waffle maker reviews [2018 edition] It's important to read the best waffle maker reviews before you buy, so… ></document>
    <document> Top 5 Women's Dresses via #USER# #URL# ></document>
    <document> ALIEXPRESS REVIEW 2017 #URL# via #USER# ></document>
    <document> Women's Chambray Shirts Top Denim Shirts and Blouses Long Sleeve Snap Buttons Cotton Women's Shirt Camisa Blusa Camisetas… #URL# ></document>
    <document> Women Thick Warm Fleece Softshell Trousers Fishing Camping Hiking Skiing Trousers Waterproof Windproof 2016… #URL# ></document>
    <document> #HASHTAG# Cotton Clothing #HASHTAG# 2017 New Women's #HASHTAG# Jacket Cotton #HASHTAG# Slim Parkas Women's Coat XS-XXL… #URL# ></document>
    <document> 2017 New Comb Beard Shaping Tool Sex Man Gentleman Beard Trimmer Template Haircut Hair Molding Beard… #URL# ></document>
    <document> The pride of your kitchen #URL# #URL# ></document>
    <document> 2017 Autumn Winter Women Pajamas Set Sleep Jacket Pants Sleepwear Warm Nightgown Female Cartoon Bear Animal Aliexpres… #URL# ></document>
    <document> RT #USER#: Mohamed Salah named #USER# Player of the Week! 👏 #URL# #URL# ></ document>
    <document> Cuisinart MCP-12N cookware set #URL# #URL# ></ document>
    <document> MS VASSA Women's jacket 2017 #HASHTAG# #HASHTAG# Ladies winter #HASHTAG# #HASHTAG# looped turn-down collar plus #HASHTAG# % discount… #URL# ></document>
    <document> Box Office: Jab Meets Harry Sejal Overseas Day 16 #URL# #URL# ></document>
    <document> RT #USER#: The excellence of the best stainless steel cookware is that it is extremely flexible, easy to use and easy to surface... ></document>
    <document> RT #USER#: Music to our ears. 🙌 #URL# ></ document>
    <document> Kim Kardashian Shares The Cutest Photos Of North West And Penelope Disick's Matching Hairstyles... #URL# ></document>
    <document> RT #USER#: I know well... #HASHTAG# ✨AWARDED #HASHTAG# #URL# ✨iTunes~ #URL# ></document>
    <document> Home Again is a trending search on Google #URL# #HASHTAG# ></document>
    <document> RT #USER#: T-fal ultimate stainless steel cookware ></document>
    <document> RT #USER#: Original green pane review ></document>
    <document> jacket women causal print jacket warm long parka hooded Women's Coats High Quality Quilted Cotton Coat Collection… #URL# ></document>
    <document> RT #USER#: This is T-Fal B165SI TotBest quality non-stick cookware with Thermo-Spot Heat Indicator Frying Pan in different sizes. Red… ></ document>
    <document> Princess Flower Girl Dress Summer Tutu Wedding Birthday Party Dresses Girls Costume Junior PromDesigns… #URL# ></document>
    <document> Boys Coats Autumn Winter Fashion Korean Child Plus Velvet Warm Cotton PU Leather Jacket For 6-15Y Kids Warm… #URL# ></document>
    <document> Solar eclipse: Welcome to 'Eclipseville', Kentucky #URL# #URL# ></document>
    <document> Oh my God! Kalki Koechlin is completely naked in this creatively shot photo #URL# #URL# ></document>
    <document> EXCLUSIVE: Julie Chen Compares Finding Aisha Tyler's Replacement In "The Talk" to "Speed ​​Dating"… #URL# ></document>
    <document> Women's Chambray Shirts Top Denim Shirts and Blouses Long Sleeve Snap Buttons Cotton Women's Shirt Camisa Blusa Camisetas… #URL# ></document>
    <document> Twin Peaks is a trending search on Google #URL# #HASHTAG# ></document>
    <document> Aaron Carter Fires Rumors Of Love With Porcelain Black After Recent Breakup #URL# #URL# ></document>
    <document> RT #USER#: These Cuisinart copper-based tri-ply copper cookware reviews explain that this set looks really fair and is truly impressive… ></document>
    <document> ALIEXPRESS BEAUTY PRODUCTS REVIEWS - TOP 7 BEAUTY PRODUCTS #URL# via #USER# ></document>
    <document> RT #USER#: Check it out! badiuzzaman101 #HASHTAG# #URL# ></document> 20 pages of data entry will do it for $5 from pdf to word
    <document> RT #USER#: Lungi style in 70's India #URL# ></document>
    <document> RT #USER#: Do you need any data entry? I can help you. I'll do 20 pages of #HASHTAG# #HASHTAG# for only $5. For more details: https://… ></document>
    <document> India tracking; Vishwa Fernando's Sri Lanka debut #URL# #URL# ></document>
    <document> South Africa - India: Ends Next Day, New Year will probably start late #URL# #URL# ></document>
    <document> Sierra Leone: Rescuers search for landslide bodies #URL# #URL# ></document>
    <document> #HASHTAG# New Arrival #HASHTAG# #HASHTAG# MAX Men's #HASHTAG# Shoes Sneakers #HASHTAG#% discount #URL# #URL# ></document>
    <document> RT #USER#: An honest T Fal ultimate hard anodized review of the t-fal E765SH thermo-spot indicator dishwasher #URL# http… ></document>
    <document> Charlottesville victim's mother scolds Trump #URL# #URL# ></ document>
    <document> Usakos, a community hurt by apartheid #URL# #URL# ></document>
    <document> RT #USER#: Green life frying pan review ></document>
    <document> Agar gives us a lot of flexibility - Lehmann #URL# #URL# ></document>
    <document> SNEAK PEEK: This video shows how Sidharth Malhotra prepares for the action in A Gentleman #URL# #URL# ></document>.
    <document> RT #USER#: Do you need any #HASHTAG# #HASHTAG# #HASHTAG# to #HASHTAG# #HASHTAG# to #HASHTAG# #HASHTAG# #HASHTAG#? then i can help you #URL#… ></document>
    <document> Drug campaign in the PhilippinesSenior Catholics #URL# #URL# ></document>
    <document> WearEver C944S2, 2-Piece non-stick set #URL# #URL# ></ document>
    <document> Staff restructuring sparks protests against ACB's top executives #URL# #URL# ></document>
    <document> ISIS clash: Iraqi army advances in Tal Afar #URL# #URL# ></document>
    <document> RT #USER#: Check it out! badiuzzaman101 #HASHTAG# #URL# ></document> 20 pages of data entry, writing, pdf to wor...
    <document> RT #USER#: 3 Easy and Simple Ways to Cook Quinoa in a Rice Cooker #URL# #URL# ></document>
    <document> Coco Vandeweghe is a trending search on Google #URL# #HASHTAG# ></document>
    <document> Soft Grip Ceramic Non-Stick 7" and 10" Open Pan Set, Turquoise #URL# https:… ></ document>
    <document> Syria war: Rocket 'hit Damascus trade fair' #URL# #URL# ></document>
    <document> "The film was a huge critical and commercial success abroad" – Gurinder Chadha on Partition: 1947… #URL# ></document>
    <document> EXCLUSIVE: 'Shahs of Sunset' Cast Confronts Asa Says She Got Pregnant Naturally At 40 -- Did She Lie?… #URL# ></document>
    <document> RT #USER#: The best ceramic frying pan ></document>
    <document> High Quality Sunglasses Men WomenBrand Designer Glasses Mirror Sun Glasses Fashion Gafas Oculos De Sol UV400 Classi… #URL# ></document>
    <document> RT #USER#: Are you doing any data entry #HASHTAG#? I will do 20 pages of #HASHTAG# #HASHTAG# work 5$ #URL# #URL#… ></document>
    <document> Brathwaite reported for suspicious transaction #URL# #URL# ></document>
    <document> RT #USER#: We'll go through the copper frying pan review to discover it's unique. Identify dynamic, non-stick and health benefit… ></document>
    <document> #URL# Why and how did you choose #URL# ></document>
    <document> RT #USER#: Get the best aluminum cookware ></document>
    <document> 2017 fashion winter sweater dress turtleneck full sleeve knitted cotton sexy dresses patchwork mini sweaters ss20… #URL# ></document>
    <document> RT #USER#: Confirmed that #HASHTAG# team and subscribers will encounter #USER# #URL# ></document>
    <document> NEW TATTOOS ALIEXPRESS REVIEW 01 #URL# via #USER# ></document>
    <document> RT #USER#: With so many T fortune cookware, it's hard to choose a single T fortune cooker version. This is the ultimate hard anodized review,… ></ document>
    <document> RT #USER#: The best stainless steel pots and pans ></document>
    <document> RT #USER#: Green life ceramic cookware review says it has firmly established itself as the preferred non-stick cookware among cl… ></document>.
    <document> RT #USER#: Best non-stick ceramic frying pan ></document>
    <document> Equifax is a trending search on Google #URL# #HASHTAG# ></document>
    <document> RT #USER#: This Cook N Home 15 Piece non-stick aluminum cookware set is designed for housewives. Individuals who are amateurs in cooking… ></document>
    <document> New Novelty Hoodies Fashion Cartoon unicorn Sweatshirts Tracksuit Women guard hoodies Winter Hooded Jacket for Girls… #URL# ></document>
    <document> RT #USER#: Ready to serve! During World War II, Princess Elizabeth joined the women's Auxiliary regional service. #URL#… ></ document>
    <document> RT #USER#: T-Fal FR8000 review at its best a customer's "Fryer for those who hate cooking… ></document>
    <document> RT #USER#: Basics of Stainless Steel Cookware #URL# ></document>
    <document> New Arrival Women Fashion Sexy Cotton Soft Underwear Thong Panties Nightdress G-string #URL# #URL# ></document>
    Sciver eclipses prolific Bates as Vipers falls short of #URL# #URL# ></document>
    <document> 2017 Kaige Nina dress Women bodycon dress plus size women clothing stylish elegant sexy fashion o-neck printed dresses… #URL# ></document>
    <document> 2017 Spring Autumn Features Shirt Men Casual Denim Shirt New Arrival Long Sleeve Casual Slim Fit Men Shirt Z030… #URL# ></document>
    <document> Women's Chambray Shirts Top Denim Shirts and Blouses Long Sleeve Snap Buttons Cotton Women's Shirt Camisa Blusa Camisetas… #URL# ></document>
    <document> RT #USER#: Check it out! badiuzzaman101 will convert your low quality image to high quality for $5 on #HASHTAG# #URL# ></document>.
    <document> Maria Sharapova is a trending search on Google #URL# #HASHTAG# ></document>
    <document> RT #USER#: When you have so many choices in cookware, it's hard to know what's best. So, for your convenience, here's the reckoning: ceramic… ></ document>
    <document> Baby Clothing Sets via #USER# #URL# ></document>
    <document> 2017 HDCRAFTER Cat Eye Women's Sunglasses Brand Designer Metal Frame Polarized Fashion eyeglasses women's blunders… #URL# ></document>
    <document> Border between North and South Korea #URL# #URL# ></document>
    <document> GreenPan Lima 12″ Ceramic Non-Stick Frying Pan #URL# #URL#… ></document>
    <document> RT #USER#: Anolon Nouvella Non-Stick Copper Cookware Set 11 Learn the details before choosing the piece set. #URL# #URL#… ></ document>
    <document> It's important to skip Kennedy awards to avoid 'distractions' #URL# #URL# ></document>
    <document> Women's Chambray Shirts Top Denim Shirts and Blouses Long Sleeve Snap Buttons Cotton Women's Shirt Camisa Blusa Camisetas… #URL# ></document>
    <document> Welsh cricket pride Don Shepherd #URL# #URL# ></document>
    <document> Original #HASHTAG# Arrival 2017 #HASHTAG# Cart Platform Core #HASHTAG#'s Skateboards #HASHTAG# #HASHTAG# 19% OFF… #URL# ></document>
    <document> Xiaomi Redmi 4X Review|32GB Global ROM 3GB RAM Smartphone 5.0" HD via #URL# #USER# ></document>
  
</author>