  <documents>    <document> Transforming Leads Into Clients for Life #URL# #URL#      <document> RT #USER#: The Miles C. Bates House Is Making Waves at Modernism Week 2020 #URL# #URL#      <document> RT #USER#: Don’t Rinse and Repeat: 6 Household Items You Should Never Clean With Water #URL# #URL#…      <document> Where Is Your Career Path Leading You? #URL# #URL#      <document> 10 Things Your Bedroom Needs Right Now: Do You Have Them All? #URL# #URL#      <document> RT #USER#: Rental Home Kitchen Renovation #URL# #URL#      <document> RT #USER#: Shooting for the Stars, $115M Malibu Estate Is the Week’s Most Expensive New Listing #URL# https://t…      <document> RT PureMichigan "On the day of love, who are you sharing #HASHTAG# views with?   📸: Instagram fan the_round_hav… #URL#      <document> RT brewtc "What have you whipped up this weekend? Stop by Brew to add a little something sweet to your to-do list!… #URL#      <document> Tech Q&amp;A: Cleaning Out iPhone Trash to Save Memory #URL# #URL#      <document> RT #USER#: Hot Topics - Roof Rafter Construction #URL# #URL#      <document> Staying In: How to Set a Valentine’s Table for Two, Courtesy of Ajiri Aki #URL# #URL#      <document> Enjoy Your Home Even in the Chilliest of Climates #URL# #URL#      <document> RT #USER#: Important DIY Safety Tips Every Homeowner Should Know #URL#      <document> RT #USER#: Go Off-Grid in This Tiny Australian Cabin Made for Digital Detox #URL# #URL#      <document> RT #USER#: 7 Companies Making Beautifully Modern Birdhouses #URL# #URL#      <document> RT #USER#: Single on Valentine’s Day? 8 Items That’ll Make Staying Home Alone Suck Less #URL# #URL#…      <document> City To Talk Randolph Street Reconstruction, Vacation Rental Compromise #URL# #URL#      <document> Go Off-Grid in This Tiny Australian Cabin Made for Digital Detox #URL# #URL#      <document> RT #USER#: The Best Presidents’ Day Sales to Shop This Weekend and Beyond #URL# #URL#      <document> RT #USER#: Staying In: How to Set a Valentine’s Table for Two, Courtesy of Ajiri Aki #URL# #URL#…      <document> Tips to Consider While Buying Outdoor Storage Sheds #URL# #URL#      <document> Current Obsessions: The Home Front #URL# #URL#      <document> RT #USER#: France Requires All New Public Buildings to Contain 50% Wood #URL# #URL#      <document> RT #USER#: Enter today! Bob Vila’s $4,000 Clean Water, Healthy Home Giveaway with Aquasana #URL# #URL#…      <document> Rental Home Kitchen Renovation #URL# #URL#      <document> RT #USER#: You Don’t Want to Miss This Rare Sale on Knoll Furnishings for Your Dining Room #URL# #URL#…      <document> RT #USER#: Maryland’s Most Expensive Home Is Framed by Spectacular Views of the Potomac #URL# #URL#…      <document> RT #USER#: 10 Easy Interior Design Trends to Incorporate Into Your Home #URL#      <document> Stealing My Neighbor’s Tree: Portable Wood Milling! #URL# #URL#      <document> Death of Adrienne Quintal Ruled Accident #URL# #URL#      <document> GT County Eyes The Future of Medalie, Civic Center Parks #URL# #URL#      <document> Enter today! Bob Vila’s $4,000 Clean Water, Healthy Home Giveaway with Aquasana #URL# #URL#      <document> Chick-Fil-A, Housing Developments Move Forward In Garfield Township #URL# #URL#      <document> RT #USER#: Tips to Consider While Buying Outdoor Storage Sheds #URL# #URL#      <document> RT TraverseTicker "As student debt climbs and the call for “free college for all” gets louder, college scholarships… #URL#      <document> The Week’s Most Popular Home Is a Mansion That’s Never Been Lived In—and You Won’t Believe Why… #URL#      <document> Maryland’s Most Expensive Home Is Framed by Spectacular Views of the Potomac #URL# #URL#      <document> Labor of Love: ‘Big, Big’ $3M Renovation Planned for S.F. ‘Painted Lady’ by New Owner #URL# #URL#      <document> 10 Easy Interior Design Trends to Incorporate Into Your Home #URL#      <document> RT PureMichigan "Wedding planning season has arrived! Book your newlywed getaway at one of our favorite romantic… #URL#      <document> RT brewtc "You can measure love in a lot of ways, but perhaps the most reliable is sugar content. Get something swe… #URL#      <document> RT #USER#: Enjoy Your Home Even in the Chilliest of Climates #URL# #URL#      <document> RT #USER#: An Introduction to Home Gardening #URL# #URL#      <document> 2020 Off To Strong Start For Local Real Estate Market #URL#      <document> RT #USER#: This Mint-Condition Midcentury in L.A. Will Take You Back to 1960 #URL# #URL#      <document> RT #USER#: Stealing My Neighbor’s Tree: Portable Wood Milling! #URL# #URL#      <document> RT #USER#: 7 Simple Soundproofing Solutions for Your Bedroom #URL# #URL#      <document> Black Knight and Quicken Loans Broaden Partnership #URL# #URL#      <document> Hot Topics - Roof Rafter Construction #URL# #URL#      <document> RT brewtc "Heads up! DnD Night returns on Monday, February 17 at 5:30! For just $10, join in with some very pro DMs… #URL#      <document> RT PureMichigan "Making ice wine is risky business, but the reward is oh so sweet! Have you ever tried this… #URL#      <document> 7 Companies Making Beautifully Modern Birdhouses #URL# #URL#      <document> RT #USER#: The Property Brothers Reveal One Upgrade That Can Sabotage a Home’s Value #URL# #URL#…      <document> RT #USER#: How an Architect Couple Built Their Dream Home in Toronto’s Tight Housing Market #URL# #URL#…      <document> The Lavender Ghost: In the Hudson Valley, a Creative Couple’s Victorian Home with an Old Soul… #URL#      <document> CoreLogic Launches Next-Gen Realist #URL# #URL#      <document> #HASHTAG#: What Sherry’s Not Buying For An Entire Year #URL# #URL#      <document> Top 5 Homes of the Week That Boldly Complement the Rugged Desert #URL# #URL#      <document> RT PureMichigan "What's the opposite of a polar plunge? You can make winter as warm as you want it to be at… #URL#      <document> Single on Valentine’s Day? 8 Items That’ll Make Staying Home Alone Suck Less #URL# #URL#      <document> RT #USER#: 10 Things Your Bedroom Needs Right Now: Do You Have Them All? #URL# #URL#      <document> Top 5 Recent Stories (February 10–14) #URL# #URL#      <document> 7 Simple Soundproofing Solutions for Your Bedroom #URL# #URL#      <document> RT #USER#: Architects’ 12 Favorite Blush Pink Paints #URL# #URL#      <document> George Q. Morris: Reaching the Pinnacle #URL# #URL#      <document> RT #USER#: 55 Awesome Kids House Beds Frames to Buy #URL# #URL#      <document> RT #USER#: Highly Accessible #URL# #URL#      <document> Bringing Transparency to the Real Estate Process #URL# #URL#      <document> 5 Design Ideas From Instagram That’ll Take Your Foyer From Drab to Fab #URL# #URL#      <document> DEADLINE EXTENDED: Participate in the Power Broker Survey Today #URL# #URL#      <document> RT #USER#: Labor of Love: ‘Big, Big’ $3M Renovation Planned for S.F. ‘Painted Lady’ by New Owner #URL# https://…      <document> Seahawks’ Mike Iupati Sells Arizona Home With Pro Sports Pedigree #URL# #URL#      <document> RT #USER#: Millie’s Remodel: Kitchen Design #URL# #URL#      <document> Better Homes and Gardens Real Estate Paracle Offers New iBuyer Service for Local Homeowners #URL# #URL#      <document> RT #USER#: These Are the Cabinetry Colors to Look Out for in 2020 #URL# #URL#      <document> Struggles Of A Mom-And-Pop Pot Shop Owner #URL#      <document> RT #USER#: Before &amp; After: Curving Glass Walls Give This Traditional Beijing Home an Otherworldly Appeal #URL#…      <document> RT PureMichigan "The natural elements of #HASHTAG# sun, water and ice meld together in beauty.  📸: Instagram fa… #URL#      <document> Tomorrow's Big Win is Today's Small Bet #URL# #URL#      <document> This Mint-Condition Midcentury in L.A. Will Take You Back to 1960 #URL# #URL#      <document> RT #USER#: Seahawks’ Mike Iupati Sells Arizona Home With Pro Sports Pedigree #URL# #URL#      <document> RT #USER#: The 12 Best Home Upgrades You Can Make for Your Health #URL# #URL#      <document> Don’t Rinse and Repeat: 6 Household Items You Should Never Clean With Water #URL# #URL#      <document> You Don’t Want to Miss This Rare Sale on Knoll Furnishings for Your Dining Room #URL# #URL#      <document> Launch a 30-Day Touch System for More Sales #URL# #URL#      <document> The Miles C. Bates House Is Making Waves at Modernism Week 2020 #URL# #URL#      <document> RT #USER#: The Lavender Ghost: In the Hudson Valley, a Creative Couple’s Victorian Home with an Old Soul #URL#…      <document> Can't Give Enough Money Away: Many Local Scholarships Go Unclaimed #URL# #URL#      <document> Stirring the Pot: Facing Up to the iBuyer Issue #URL# #URL#      <document> How an Architect Couple Built Their Dream Home in Toronto’s Tight Housing Market #URL# #URL#      <document> RT #USER#: Current Obsessions: The Home Front #URL# #URL#      <document> Berkshire Hathaway HomeServices Florida Network Realty Celebrates Success at Annual Awards #URL# #URL#      <document> Halstead Hamptons Agents Recognized With Company-Wide Awards #URL# #URL#      <document> 55 Awesome Kids House Beds Frames to Buy #URL# #URL#      <document> RT #USER#: Top 5 Homes of the Week That Boldly Complement the Rugged Desert #URL# #URL#      <document> Places to Fall In Love With (or In): 6 Perspectives on Lovability #URL# #URL#      <document> RT #USER#: The Week’s Most Popular Home Is a Mansion That’s Never Been Lived In—and You Won’t Believe Why #URL#…      <document> RT #USER#: A Former Vegemite Warehouse in Sydney Is Transformed Into a Colorful Family Home #URL# #URL#…      <document> RT #USER#: 5 Design Ideas From Instagram That’ll Take Your Foyer From Drab to Fab #URL# #URL#    </documents></author><documents> <document> Turning Leads into Customers for Life #URL# #URL# <document> RT #USER#: The Miles C. Bates House Is Making Waves at Modernism Week 2020 #URL# #URL# <document> RT # USER#: Do Not Rinse: 6 Household Items You Should Never Wash #URL# #URL#… <document> Where is your career path heading? #URL# #URL # <document> 10 Must-Have Bedroom Items Right Now: Do You Have Everything? #URL# #URL# <Document> RT #USER#: Rental Home Kitchen Renovation #URL# #URL# <Document> RT #USER #: Aiming for the Stars, $115 Million Malibu Estate Makes Most Expensive New Listing of the Week #URL # https://t… <document> RT PureMichigan "Day of Love, Who Shares Views on #HASHTAG#?" 📸: Instagram fans the_round_hav… #URL# <document> RT brewtc Weekend?Stop by Brew and add something sweet to your To Do list!… #URL# <document> Tech Q&A: iPhone #URL# #URL# <Document> RT #USER#: Hot Topic - Roof Rafter Construction #URL# #URL# <Document> Stay: Setting the Valentine's Table for Two How to, by Aki Ajiri #URL# #URL# <Documentation> Enjoy Your Home in Even the Coldest Weather #URL# #URL# <Documentation> RT #USER#: Important DIY's Every Homeowner Should Know Safety Tips #URL# <document> RT #USER#: Go off-grid in this tiny Australian cabin built for a digital detox #URL# #URL# <document> RT #USER#: Beautiful and modern hive make 7 Company #URL# #URL# <document> RT #USER#: Single on Valentine's Day? 8 Items That Make You Hate Being Home Alone for Digital Detox #URL# #URL# <document> RT #USER#: The Best President's Day Deals To Shop From This Weekend Onwards #URL# #URL # <document> RT #USER#: Stayin': How to Set Up Valentine's Table for 2, Courtesy: Ajiria Aki> RT #USER#: France wants all new public buildings to be 50% wood Mandatory #URL# #URL# <documentation> RT #USER#: ENTER NOW! Bob Vila's $4,000 clean water and healthy home gift with Aquasana #URL# #URL#… <documentation> Rental Home Kitchen Renovation #URL# #URL# <document> RT #USER#: Knoll Furniture For Your Dining Room You Don't Want To Miss This Rare Sale #URL# #URL#… <document> RT #USER#: Potomac River Magnificence Maryland's Most Expensive Home With Beautiful Views #URL# #URL#… <document> RT #USER#: 10 Easy Interior Design Trends To Incorporate In Your Home #URL# <document> Neighbor's Tree Steal: Portable Woodmilling! #URL# #URL# <Document> Adrienne Quintal Fatal Judgment #URL# #URL# <Document> GT County Eyes The Future of Medalie, Civic Center Parks #URL# #URL# <document> Enter today! Bob Vila's $4,000 Clean Water Gift of Healthy Homes with Aquasana #URL# #URL# <Documentation> Chick-Fill-A in Garfield Township, Housing Development Advances #URL# #URL# <Documentation> RT #USER #: Tips to Consider While Buying Outdoor Storage Scholarship for… #URL# <documentation> This week's most popular home is a mansion that has never been lived in - and you won't believe why... 'S.F. 'Painted Lady' by new owner $3Million Renovation Plan #URL# #URL# <doc> 10 Easy Interior Design Trends To Incorporate Into Your Home #URL# <doc> RT PureMichigan "Wedding planning season is here! Our Book your honeymoon in your favorite romantic place… #URL# <document> RT brewtc #USER#: Enjoy your home even in the coldest weather #URL# #URL# <document> RT #USER#: Home gardening Introducing #URL# #URL# <document> 2020 is off to a strong start for local real estate markets #URL# <document> RT #USER#: This pristine Los Angeles mid-century returns to 1960 #URL # #URL# <document> RT #USER#: Stealing Your Neighbor's Tree: Portable Wood Milling! #URL # #URL# <document> RT #USER#: 7 Simple Soundproofing Solutions for Your Bedroom #URL # #URL# <document> Black Knight and Quicken Loans Expand Partnership #URL# #URL# <document> Hot Topic - Roof Rafter Construction #URL# #URL# <document> RT brewtc "Watch Out! DnD Night is Monday, February 17th Back at 5:30 on the day! Join us in some very professional DMs for just $10… #URL# <documentation> RT PureMichigan "Making icewine is a risky business, but rewarding is so sweet! Have you tried this… #URL# <document> 7 Companies Build Beautiful and Modern Birdhouses #URL# #URL# <document> RT #USER#: Potential Devaluation of Your Home Real Estate Brothers Reveal Some Upgrades #URL# #URL#… <document> RT #USER#: How An Architect Couple Built Their Dream Home In Toronto's Tight Housing Market #URL# # URL#… <documentation> Lavender Ghost: A Creative Couple's Victorian Home with an Old Soul in the Hudson Valley... #URL# <documentation> CoreLogic Announces Next Generation Realists # URL# #URL# < document> #HASHTAG#: What Sherry Didn't Buy All Year #URL# #URL# <document> Top 5 Bold Complements to the Rugged Desert of the Week Home #URL# #URL# <document> RT PureMichigan "What's the opposite of a polar plunge? You can make winter as warm as you want... #URL# <document> Single on Valentine's Day? 8 items that make you want to stayHome Alone Suck Less #URL# #URL# <document> RT #USER#: 10 Things You Need in Your Bedroom Right Now: Do You Have Everything? 10-14 May) #URL# #URL# <document> 7 Simple Soundproofing Solutions for Your Bedroom #URL# #URL# <document> RT #USER#: Architects ' 12 Favorite Blush Pink Paints #URL# #URL# <documentation> George Q. Morris: Reaching the Top #URL# #URL# <documentation> RT #USER#: 55 Amazing Kid's House Bed Frames to Buy #URL# #URL # <documentation > RT #USER#: Highly Accessible #URL# #URL# <document> Bringing transparency to the real estate process #URL# #URL# <document> 5 design ideas from Instagram. Fab #URL# #URL# <document> DEADLINE EXTENDED: JOIN TODAY'S POWER BROKER STUDY #URL# #URL# <DOCUMENT> RT #USER#: LABOR OF LOVE: 'Big, Big' S.F.'s $3 Million Refurbishment Planned 'Painted Lady' by New Owner #URL# https://… <documentation> Seahawks' Mike Iupati sells Arizona home with professional sports pedigree #URL# #URL# <documentation> RT #USER #: Millie's Remodel: Kitchen Design #URL # #URL# <document> Better Homes and Gardens Real Estate Paracle Launches New iBuyer Service for Local Homeowners #URL# #URL# <document> RT #USER#: These are the cabinet colors to watch out for in 2020 #URL# # URL# <documentation> Nabeya mommy's struggles #URL# <documentation> RT #USER#: Before &amp; After: curved glass walls gives this traditional Beijing home an otherworldly charm> Tomorrow's big wins are today's small bets #URL# #URL# <documentation> This pristine Los Angeles mid-century will take you to the 1960s Bringing You Back To Years #URL# #URL# <Documentation> RT #USER#: Seahawks' Mike Iupati Sells Arizona Home With Professional Sports Pedigree #URL# #URL# <Documentation> RT #USER#: Health The 12 Best Ways To Upgrade Your Home For #URL# #URL# <Document>Don't Clean With Water #URL# #URL# <Document> Don't Miss This Rare Sale On Knoll Furnishings For Dining Rooms No #URL# #URL# <document> Launch your 30-day touch system to increase your sales #URL# #URL# <document> The Miles C. Bates House is Making Waves in Modernism Week 2020 #URL# # URL# <document> RT #USER#: The Laven Ghosts: Victorian Home of a Creative Couple with an Old Soul in the Hudson Valley #URL#… <document> Not Enough Money: Many Local Scholarships #URL# #URL# <doc> Stirring the Pot: Confronting iBuyer's Problems #URL# #URL# <doc> Architect Couple Builds Dream Home in Toronto's Tight Housing Market HOW #URL# #URL# <document> RT #USER#: Current Obsession: Home Front #URL # #URL# <document> Berkshire Hathaway HomeServices Florida Network Realty Celebrates Success With Annual Awards #URL# #URL# <document> Halstead Hamptons Agent Receives Companywide Award #URL# #URL# <document> Buys 55 Amazing Children's Bed Frames #URL# #URL# <document> RT #USER# : Top 5 Homes of the Week Boldly Complementing the Rugged Desert #URL# #URL# <documentation> Where to Fall in Love (or Go Crazy) Location: 6 Perspectives on Loveliness #URL# #URL# <documentation> RT # USER#: The most popular house of the week is the mansion you've never lived in — and you won't believe why #URL#… … <document> RT #USER#: 5 on Instagram Design ideas to transform your foyer from drab to amazing #URL# #URL# </documents></author>