  <documents>    <document> Open house!!!! Yeah I love open houses please come by and bring your friends and family! Let’s have a great open ho… #URL#      <document> Get to Know the Cast of ‘The Biggest Loser’ #URL#      <document> Phenix Salon Suites Opening Soon in Midtown, Akers Mill      <document> RT #USER#: This cast is a (para)SITE to see on the #HASHTAG#  👀 #HASHTAG# #HASHTAG# #URL#      <document> 'Twinnn': Keyshia Cole Fans Marvel Over How Much Her 9-Year-Old Son Looks Like Her #URL#      <document> Billy Porter Slayed the Grammys in 70,000 Crystals and a Remote-Controlled Hat #URL#      <document> Is the Airport Your Runway? Meet 4 Travel Bags That Marry Fashion and Function #URL#      <document> RT #USER#: Ready for the CEO treatment? Check back on this thread to catch up on every #HASHTAG# episode this season 💅 https:/…      <document> RT #USER#: The #HASHTAG# team is in the building with a very special guest,  Deandre Arnold, the Texas teen who was told his dreadlocks v…      <document> 'Mamii Fine Asf': Evelyn Lozada Leaves Fans Agape With This Enticing Lacy ’Fit #URL#      <document> RT #USER#: Smooth Jay is the best Jay #HASHTAG# #URL#      <document> How to Turn Your Side Hustle Into Your Main Gig #URL#      <document> RT #USER#: And we’re live! Julia Butters is on the #HASHTAG# red carpet, and she came prepared with a homemade snack in her purse (it’s a tu…      <document> RT #USER#: The #HASHTAG# #HASHTAG# looks are going to be unforgettable. 👗✨ Watch us #HASHTAG# starting NOW! #URL#…      <document> In Praise of American Cheese #URL#      <document> RT #USER#: It’s the #HASHTAG#—anything can happen.💫 #HASHTAG# #HASHTAG# #URL#      <document> RT #USER#: Prince Harry reportedly “misses his friends” and connects with them through a WhatsApp group chat where “the group is always sh…      <document> John Legend and Chrissy Teigen Had a Moment on the Grammys Red Carpet #URL#      <document> RT #USER#: Just a couple of brunch babes at the #USER#. 💁 🥂 #HASHTAG# #HASHTAG# #URL#      <document> The Work Diary of Jessica Walsh, Designing (and Wining) Woman #URL#      <document> Lizzo Goes Glamorous in a White Sleeveless Dress and Diamonds at the 2020 Grammys #URL#      <document> RT #USER#: We're LIVE from the #HASHTAG# red carpet! And trust us when we say: #USER#, if you're a bird we're a bird. #URL#…      <document> City of Atlanta City Council met January 21  #URL#      <document> 'There Are Some That Should Just Go Away': K. Michelle Says Today’s R&amp;B Music ‘Is Boring,’ Drops New Album #URL#      <document> Billie Eilish Was Homeschooled, and Does She Regret It? #URL#      <document> RT #USER#: Keeping in mind that Zendaya stands at about five-foot-ten, Jacob Elordi would appear to be … we don’t know, like six-foot-seve…      <document> 'Eyes Of A Goddess': Tami Roman Serves Face and Fans Are Left in Awe #URL#      <document> RT #USER#: Zazie Beetz says her #HASHTAG# look is “dominatrix meets Breakfast at Tiffany’s” #URL#      <document> 'It's No Longer a Hidden Jewel': Iconic Murals Depicting Amistad Rebellion Moved to New Museum on Talladega College… #URL#      <document> RT #USER#: Game on! 🏆 It's the Vanderpump Ladies versus the Vanderpump Gents at the #HASHTAG#. #USER# #HASHTAG# #HASHTAG#…      <document> The Super Bowl Is Problematic. Why Can’t We Look Away? #URL#      <document> The Freshwater Giants Are Dying #URL#      <document> RT #USER#: Regina King is glowing in #USER#. #HASHTAG# #URL#      <document> Open house!!!! Yeah I love open houses please come by and bring your friends and family! Let’s have a great open ho… #URL#      <document> Valentine's Day Hans Solo Party at Hampton + Hudson - Atlanta on the Cheap #URL#      <document> Who Wore It Best? K. Michelle and Jordyn Woods Claw It Out In Sexy Tiger Striped Swimwear #URL#      <document> RT #USER#: Thanks for hosting our #HASHTAG#  #USER#! 🤩 Now it's time for #HASHTAG#! #URL#      <document> #HASHTAG# in #HASHTAG# #HASHTAG# #HASHTAG# come through this house is for you!!! Really great location an… #URL#      <document> Kamiyah Mobley Continues to Struggle with Relationship with Biological Mom and Woman Who Abducted Her At Birth: 'It… #URL#      <document> RT #USER#: Amber Rose Debuts 'Slash' and 'Bash' Face Tattoos in Honor of Her Two Children #URL#      <document> Valentines Day: Share a kiss for a BOGO free entrée at Qdoba Mexican Eats - Atlanta on the Cheap #URL#      <document> RT #USER#: FINALLY! The #HASHTAG# are tonight — who are you most excited to see? #URL#      <document> FREE Beyond Meat menu item at Hardees with drink purchase on Feb. 3rd - Atlanta on the Cheap #URL#      <document> What Makes a Collaboration Successful in 2020? #URL#      <document> RT #USER#: Bong Joon-ho squad, assemble 🏆 #HASHTAG# #URL#      <document> Husband of Helicopter Crash Victim Christina Mauser Speaks Out: I Have ’3 Kids and No Mom’ #URL#      <document> Pinterest Adds Pan-African Flag, Curated Content to Black History Month Searches #URL#      <document> 'Special': Kanye West is Bringing 'Sunday Service' to Super Bowl Weekend #URL#      <document> RT #USER#: Grant Henry Relocates Church Murch, Closes Church Annex, Will Sell Building For $1.7 MM      <document> Exclusive renderings: Aloft hotel and another retail hub unveiled for Summerhill #URL#      <document> RT #USER#: Tag yourself. We're #USER#. #HASHTAG# #HASHTAG# #URL#      <document> The Oprah Winfrey Network Has Tapped Jennifer Giddens #URL#      <document> 6 Ways to Make Your Bathroom Funnier #URL#      <document> RT #USER#: “Christopher John Rogers is pure oxygen. In terms of the big-bowwow dress numbers, he is the best thing to come along in Americ…      <document> 'Let Us Breathe': Cynthia Bailey's Golden Beauty Has Fans Gasping for Air #URL#      <document> Handsome Victorian at Piedmont Park’s doorstep dates to 1915, costs $1.6M #URL#      <document> Meghan McCain Blames Whoopi 'Having a Bad Day' After That Epic On-Air Shut Down: 'I Forgive Her' #URL#      <document> 'Damm Thickness': Alexis Skyy Flashes Her Cheeks and Leaves Fans Tongue-Wagging #URL#      <document> RT #USER#: We're LIVE with #USER# and #USER#, sorry #USER# 😜#HASHTAG# #HASHTAG# #HASHTAG# #URL#…      <document> RT #USER#: “The funds that were illegally obtained in this case were intended to help the poorest among us. The funds were instead taken…      <document> Super Bowl 54 Was the Most Inclusive in the Game's History #URL#      <document> RT #USER#: The #HASHTAG# Are Here! See Every Single Star Hitting the Red Carpet at the 2020 Academy Awards ✨ #URL#      <document> 'Sis Like Ok I'm Done': Toya Wright's Video of Reign Working Out Has Fans Cackling #URL#      <document> 'That's How She Got Pregnant': Ciara’s Sexy Dance Moves Leaves Husband Russell Wilson Blushing #URL#      <document> 'Here We Go Again': Princess Love Fans Not Surprised After She Seems to Confirm Separation From Ray J #URL#      <document> Lawsuit: 9-Year-Old Black Girl's Suicide Caused by School's Indifference to Racist Bullying Allegedly at the Hands… #URL#      <document> Why Planters Killed Mr. Peanut at the Super Bowl #URL#      <document> Where to live in Atlanta in 2020 #URL#      <document> They're 'Using Good Families': Sunny Hostin Questions NFL's New Initiative with Families Impacted by Police Brutali… #URL#      <document> Check out what I just added to my closet on Poshmark: Top shop HALO High Ankle Boots. #URL# via #USER# #HASHTAG#      <document> The Ethics of Eating Meat - The Good Men Project #URL#      <document> The Secret on How to Make Love Last a Lifetime - The Good Men Project #URL#      <document> Cardi B Skipped The Grammys Red Carpet But Here's Her Look #URL#      <document> Kobe Bryant: Remembering His Legendary 20-Year Career #URL#      <document> RT #USER#: Laura Dern has arrived 👏👏👏 #HASHTAG# #URL#      <document> 'We Gon' Defend the Man Because He Gave Me a Job’: Nick Cannon Speaks on Terry Crews, Gabrielle Union ‘AGT’ Fiasco #URL#      <document> RT #USER#: The makeup trends that are taking over #HASHTAG#:  #URL#      <document> RT #USER#: .#USER# walks us through the listings of this year's most iconic film locations 🏡#USER# #HASHTAG# #HASHTAG#…      <document> Life of a real estate investor working and learning go hand in hand #HASHTAG# #HASHTAG# #HASHTAG#… #URL#      <document> How Ulla Johnson, Fashion Designer, Spends Her Sundays #URL#      <document> RT #USER#: I surprised my mom by reuniting her with her parents after 3 decades of them not seeing each other. Her parents live in…      <document> Grant Henry Relocates Church Murch, Closes Church Annex, Will Sell Building For $1.7 MM      <document> 22 Restaurants to Grab Breakfast in Atlanta #URL#      <document> How to Dump a Guy Nicely - The Good Men Project #URL#      <document> 2020 Women Trading on the Rise: What’s new in the Trading Sector? #URL#      <document> Miami Teen Was Promised College Scholarship Since Kindergarten — Now the Foundation Is Reneging #URL#      <document> RT #USER#: In attendance were familiar faces like Ashley Blaine Featherson, Ryan Destiny, Zola star Taylour Paige, Michael B. Jordan, and…      <document> A Grammys Red Carpet Fantasia #URL#      <document> Homes That Sold for Around $750,000 #URL#      <document> A Young Composer Takes On Opera’s Oldest Myth #URL#      <document> RT #USER#: Had such a good time at the 2020 #USER# Black Women In Hollywood Luncheon!  It’s always an honor to be in a room full of…      <document> 'Toxic AF': 'Black Ink Crew: Chicago' Fans Blast Don and Ashley on 'Messy' Marriage After Couple’s Explosive Confro… #URL#      <document> Naturally, David and Victoria Beckham’s Travel Style Is First Class #URL#      <document> Party in the Limo – Kylie Jenner With Travis Scott After the Oscars #URL#      <document> Michelle Obama wins Grammy award for audio version of memoir #URL#      <document> RT #USER#: You can watch the premiere of #USER# and #USER#'s new video for #HASHTAG# all day tomorrow starting at 9am on MTVU and MT…      <document> 'ZAMN': Angela Simmons Has Fans Shook in Red-Hot Minidress #URL#      <document> With 'Face It', Debbie Harry Looks Back — and Forward - The Good Men Project #URL#      <document> 'I See Cyn’: Joe Budden’s Pic With Son Goes Left When Fans Claim Toddler Resembles His Mother Cyn Santana #URL#      <document> RT #USER#: Why #USER# champions representation for *all* hair textures backstage: #URL#    </documents></author><documentation> <documentation> OPEN HOUSE!!!! Yes, I love open houses. Bring your friends and family! Great Open Ho… #URL# <document> Get to Know the Cast of 'The Biggest Loser' #URL# <document> Phenix Salon Suites Opening Soon in Midtown, Akers Mill <document> RT #USER#: THIS CAST IS #HASHTAG # Seen on (para) site 👀 #HASHTAG# #HASHTAG# #URL# <documentation> "Twinnn": Keyshia Cole Fans Surprised Her 9-Year-Old Son Looks Like Her #URL# <Documentation> Billy Porter wins a Grammy for 70,000 crystals and a hat with a remote control #URL# <Documentation> Is the airport your runway? Introducing four travel bags that combine fashion and function #URL# <document> RT #USER#: Are you ready for the CEO treatment? Check back on this thread to see all #HASHTAG# episodes this season 💅 https:/… <document> RT #USER #: #HASHTAG# The team is in the building with a very special guest, Deandre Arnold, a Texas teen with his dreadlocks v… <document> 'Mamii Fine Asf': Evelyn Lozada has this charming Making fans agape with a racy 'Fit #URL# <document> RT #USER#: Smooth Jay is the best Jay #HASHTAG# #URL# <document> How to turn a side hustle into a main gig #URL# <document> RT #USER#: And we're alive! Julia Butters was on the #HASHTAG# red carpet with homemade snacks in her handbag (this is… <document> RT #USER#: #HASHTAG# #HASHTAG# looks will be unforgettable 👗 ✨ Check out #HASHTAG# now! #URL#… <documentation> Celebration of American Cheese #URL# <documentation> RT #USER#: #HASHTAG#. URL# <document> RT #USER#: Prince Harry reportedly "misses his friends" and connected with them via a WhatsApp group chat, stating that "groups are always… <document> with John Legend. Chrissy Teigen spends her time at the Grammy Awards Red" Carpet #URL# <document> RT #USER#: Brunch Baby Couple at #USER# 💁 🥂 #HASHTAG# #HASHTAG# #URL# <document> Jessica Walsh's Work Diary, Designing (and Winning) Women #URL# <documentation> Lizzo looks glamorous in a white sleeveless dress and diamonds at the 2020 Grammys #URL# <documentation> RT #USER#: #HASHTAG# LIVE FROM THE RED CARPET Now Live! An #USER#, if you're a bird, we're a bird. #URL#… <documentation> Atlanta City Council to meet Jan. 21 #URL# <documentation> ``Some things just need to go away'': K. Michelle says R&B music today is ``boring'', says new album Release # URL# <document> Billie Eilish was homeschooled, does she regret it? #URL# <document> RT #USER#: Zendaya is about 5ft 10 tall With that in mind, Jacob Elordi would look like..6ft 3.Goddess: Tami Roman makes an appearance and fans are in awedocument> "No Longer a Hidden Gem": Iconic Mural Depicting the Amistad Rebellion Moves to New Museum at Talladega College… #URL# <document> RT #USER#: Game On! 🏆 on #HASHTAG# Vanderpump Ladies vs. Vanderpump Gents. #USER# #HASHTAG# #HASHTAG#… <Documentation> The Super Bowl has problems. Why You Can't Look Away #URL# <document> The Freshwater Giants Are Dying #URL# <document> RT #USER#: Regina King Shines in #USER#. #HASHTAG# #URL# <documentation> OPEN HOUSE!!!! Yes, I love open houses. Bring your friends and family! Let's have a great open house… #URL# <document> Hampton + Hudson - Valentine's Day Hans Solo Party in Atlanta #URL# <document> Who wore it best? K. Michelle and Jordyn Woods in sexy tiger stripes Wear your swimsuit #URL# <document> RT #USER#: #HASHTAG# Thanks for hosting #USER#! 🤩 It's #HASHTAG# time! #URL# <document> #HASHTAG# in #HASHTAG# #HASHTAG# #HASHTAG# YOU COME THROUGH THIS HOUSE!!! What a wonderful place and… #URL# <document> Kamiya Mobley is a real mother and continues to struggle with a relationship with the woman who kidnapped her during childbirth: "It's... #URL# <document> RT #USER#: Amber Rose Debuts 'Slash' and Honors Her Two Children 'Bash' Face Tattoo #URL# <documentation> Valentine's Day: Qdoba Mexican Eats - Kiss BOGO Free Entrees at Atlanta Cheap Store #URL# <documentation> RT #USER#: Finally! HASHTAG# is tonight — who are you most looking forward to meeting? #URL# <documentation> Hardy's Beyond Meat Menu Items and Drinks Purchase Free on February 3 - Atlanta Deals #URL# <documentation > How to make a collaboration a success in 2020? #URL# <document> RT #USER#: Bong Joon-ho squad rallies 🏆 #HASHTAG# #URL# <document> Christina Moselle, husband of the helicopter crash, talks: I 'have three kids and no mother' #URL# <document> Pinterest Adds Pan-African Flag, Curated Content To Search For Black History Month #URL# <document> "Special" : Kanye West Brings "Sunday Service" To Super Bowl Weekend #URL# <document> RT #USER#: Grant Henry Moves Church Murch, Closes Church Annex, Will Sell Building For $1.7 Million <document> Exclusive Rendering: Aloft Hotel and Another Retail Hub Announced for Summerhill #URL# <document> RT #USER#: Tag Yourself. We are #USER#. #HASHTAG# #HASHTAG# #URL# <document> The Oprah Winfrey Network Has Taped Jennifer Giddens #URL# <document> 6 Ways to Make Your Bathroom Fun #URL# <document> RT #USER#: “Christopher John Rogers is pure air.When it comes to big bow wow dress numbers, he's the best thing to come along in America... the doorstep dates back to 1915 and costs $1.6 million #URL# <documentation>#URL# <document> 'Damm Thickness': Alexis Skyy flickers his cheeks and wags his tongue at fans #URL# <document> RT #USER#: We live with #USER# and #USER# going. Sorry #USER# 😜#HASHTAG# #HASHTAG# #HASHTAG# #URL#… <document> RT #USER#: "The illegally obtained funds in this case will help the poorest among us. Funding was taken instead… <documentation> Super Bowl 54 was the most comprehensive in gaming history #URL# <documentation> RT #USER#: #HASHTAG# HERE There is! See all the stars on the red carpet at the 2020 Academy Awards ✨Pregnant': Ciara's sexy dance moves make husband Russell Wilson blush as school indifference to racist bullying A 1-Year-Old Black Girl's Suicide Caused… #URL# <document> Why Planters Killed Mr. Peanuts at the Super Bowl #URL# <document> Where to Live in Atlanta in 2020 #URL# <document> They " Taking advantage of good families": Sunny Hostin questions NFL's new initiative for families, police influence Brutali… #URL# #URL# via #USER# #HASHTAG# <document> The Ethics of Eating Meat - The Ethics of Eating Me - The Ethics of Eating Me - The Ethics of Eating Me - The Ethics of Eating Me - The Ethics of Eating Me - The Ethics of Eating Met - The Good Men Project #URL# <Document> The Secret on how to make love last alifetime - The Good Men Project #URL# <document>Cardi B skipped the Grammys red carpet, but here's how she looks #URL# <document> Kobe Bryant: The Legendary 20 #URL# <document> RT #USER#: Laura Dern Arrives 👏👏👏 #HASHTAG# #URL # <document> 'We Gon' Defend the Man because He Gave Me a Job': Nick Cannon Speaks on Terry Crews, Gabrielle Union 'AGT' Fiasco #URL# <document> RT #USER#: Makeup trends taking over #HASHTAG#: #URL# <document> RT #USER#: .#USER# presents a list of this year's most iconic movie locations 🏡#USER # #HASHTAG# #HASHTAG#… <document> The work and learning of real estate investors go hand in hand #HASHTAG# #HASHTAG# #HASHTAG#… #URL# <document> Fashion designer Ulla Johnson How to Spend a Sunday #URL# <documentation> RT #USER#: I surprised my mother by reuniting with my parents who hadn't seen each other in 30 years. Her Parents… <Document> Grant Henry Moves Church March, Closes Church Annex, Sells Building for $1.7 Million <Document> 22 Restaurants Where to Have Breakfast in Atlanta #URL# <Document> Good Man How to Dump into - The Good Men Project #URL# <doc> 2020 More Women Trading: What's New in the Trading Department? #URL# <doc> Miami Teenagers Go from Kindergarten to College Scholarships was promised — now abandoned by the Foundation #URL# <document> RT #USER#: Ashley Blaine Featherson, Ryan Destiny, Zora Star, Taylor Page, Michael B. Jordan, and… <document> A Grammys Red Carpet Fantasia #URL# <document > Homes Sold for nearly $750,000 #URL# <documentation> A young composer challenges Opera's oldest myth #URL# <documentation> RT #USER#: 2020 #USER# Black Women In Hollywood Luncheon Great Fun Had a great time! It's always an honor to have a room full of... <document> "Toxic AF": "Black Ink Crew: Chicago" fans have taken Don and Ashley to death after the couple's explosive controversy. Blowing up in a 'messy' marriage… #URL# <document> Not surprisingly, David & Victoria Beckham's travel style is first class #URL# <document> Kylie Jenner and Travis Scott's post-Oscar win Limousine party #URL# <documentation> Michelle Obama wins Grammy Award for audio version of memoir #URL# <documentation> RT #USER#: #USER# and #HASHTAG# new video of #USER# The premiere will be available for all-day viewing tomorrow at 9am on MTVU and MT… Red Hot Minidress Toddler Looks Like Her Mother Sinn Santana ge: #URL# </documents></author>