  <documents>    <document> Glasgow University to host 'Outlander conference' featuring author of hit series #URL# #URL#      <document> Caitriona Balfe &amp; Sam Heughan Tease 'Outlander' Season 5 at NYCC - Watch! #URL# #URL#      <document> Everything We Know About Outlander Season 5 #URL# #URL#      <document> The Most Important Book-to-TV Adaptations Coming in 2020 #URL# #URL#      <document> Outlander's Season 5 Premiere Is Available to Stream Now #URL# #URL#      <document> The 10 Most Popular Photos of Outlander's Sam Heughan &amp; Caitriona Balfe Revealed! #URL# #URL#      <document> Sam Heughan Is His Usual Suave Self at Critics' Choice 2020, Despite Battling a Cold! #URL# #URL#      <document> Matt Damon, Caitriona Balfe, &amp; Christian Bale Promote 'Ford v Ferrari' at TIFF 2019 #URL# #URL#      <document> Caitriona Balfe, Camila Morrone &amp; Lea Seydoux Switch Up Their Looks for Vanity Fair Oscar Party 2020!… #URL#      <document> Outlander Season 5 Trailer Is Packed With Tender Claire and Jamie Moments #URL# #URL#      <document> Outlander's Sam Heughan Puts His Massive Muscles on Display #URL# #URL#      <document> Starz Renews ‘The Girlfriend Experience’ for Season 3, Orders ‘Dangerous Liaisons’ Series #URL#… #URL#      <document> Sam Heughan Believes There Is True Love Like Claire &amp; Jamie's on 'Outlander' #URL# #URL#      <document> Caitriona Balfe, Maisie Williams, Tessa Thompson, &amp; More Attend Wimbledon with Ralph Lauren! #URL#      <document> 'The Crown's Tobias Menzies Gives a Hint About Season 3 Premiere #URL# #URL#      <document> See Every 'Outlander' Season 5 Photo Released So Far! #URL# #URL#      <document> Sam Heughan Reacts to News He's Receiving an Honorary Doctorate! #URL# #URL#      <document> Sam Heughan's Jamie Goes Off to War in 'Outlander' Season 5 Trailer! #URL# #URL#      <document> Outlander's First MacKenzie Family Photo Is Too Cute for Words #URL# #URL#      <document> The First Outlander Season 5 Trailer Is Here! #URL# #URL#      <document> The Dark Crystal: Age of Resistance Teaser Takes Us Back to Thra #URL# #URL#      <document> Outlander's Sam Heughan &amp; Graham McTavish Launching a Podcast Together! #URL# #URL#      <document> Caitriona Balfe Joins Idina Menzel, Connie Britton &amp; More at Women in Film's Oscar Party #URL# #URL#      <document> Vin Diesel &amp; Sam Heughan's 'Bloodshot' Trailer Will Have You So Excited to See This Movie! #URL# #URL#      <document> ‘Outlander’ Team Says Season 5 Wedding is a ‘Big Family Party’ #URL# #USER# #URL#      <document> Caitriona Balfe &amp; Sam Heughan Reveal Big 'Outlander' News at Season Five Premiere! #URL# #URL#      <document> Caitriona Balfe, Kate Beckinsale &amp; More Celebrate Women In Hollywood with Vanity Fair &amp; Lancome!… #URL#      <document> Richard Rankin: Outlander star on the role that changed his life #URL# #URL#      <document> Starz Warns Subscribers of Looming Drop by Comcast #URL# #USER# #URL#      <document> Sam Heughan &amp; Caitriona Balfe Reunite at the Henley Festival! #URL# #URL#      <document> Sam Heughan &amp; Caitriona Balfe Promote 'Outlander' at Starz FYC Event! #URL# #URL#      <document> Zachary Quinto Exec Producing Emrhys Cooper’s ‘The Shuroo Process’ (EXCLUSIVE) #URL#… #URL#      <document> Olivia Colman, Tobias Menzies, &amp; Helena Boham Carter Bring 'The Crown' to AFI Fest 2019 #URL# #URL#      <document> Caitriona Balfe &amp; Zazie Beetz Go From the Oscars to NYFW! #URL# #URL#      <document> Claire and Jamie Embrace in this Dreamy First Look at Outlander Season 5 #URL# #URL#      <document> Rachel Brosnahan &amp; Caitriona Balfe Go Pretty in Black for Producers Guild Awards 2020 #URL# #URL#      <document> Sam Heughan Supports 'Outlander' Co-Star Caitriona Balfe, Tells Her She's Gonna 'Sparkle' on Oscars 2020 Red Carpet… #URL#      <document> Outlander's Sam Heughan Praises Caitriona Balfe's Red Carpet Look! #URL# #URL#      <document> 'Outlander' Drops Season 5 Gift for Fans - Watch the New Opening Credits! #URL# #URL#      <document> Outlander's Diana Gabaldon Responds to Starz Executive's Comment About the Show's Female Viewership… #URL#      <document> Outlander Season 5 Review: The Starz Drama Returns to Its Roots #URL# #URL#      <document> Helena Bonham Carter Will Not Take a Backseat to Olivia Colman in The Crown Season 3 Trailer #URL# #URL#      <document> Every TV and Movie Trailer Released at New York Comic Con 2019 #URL# #URL#      <document> ‘Outlander’ Season 5 Trailer Shows a Guilt-Ridden Claire (Watch) #URL# #USER# #URL#      <document> Sam Heughan &amp; Caitriona Balfe Promote 'Outlander,' Tease What Is To Come in Season 5! #URL# #URL#      <document> Caitriona Balfe Reveals She's Officially One of California's Worst Drivers - Watch Here! #URL# #URL#      <document> ‘Outlander’ Producer: ‘We’ll Keep Making This Until Claire and Jamie Are 100’ #URL#… #URL#      <document> Sam Heughan Hangs Out with Princess Diana's Niece at Awards Show in London #URL# #URL#      <document> Caitriona Balfe, Michelle Dockery &amp; More Get Together at 'InStyle's Badass Women Dinner! #URL# #URL#      <document> Outlander Season Premiere Recap: Take a Vow #URL# #URL#      <document> Caitriona Balfe, Tracee Ellis Ross, &amp; More Step Out for Chanel's Pre-Oscar Dinner! #URL# #URL#      <document> OMG Moments From the PCAs Bingeworthy Show Nominees: Game of Thrones, Outlander and More #URL#… #URL#      <document> Sam Heughan &amp; Caitriona Balfe Reveal 'Outlander' Season 5 Premiere Date! #URL# #URL#      <document> Outlander's Sam Heughan Responds to New Fan Who Said She Originally Didn't 'Get' It #URL# #URL#      <document> Critics' Choice TV Awards 2020 Nominations: See the Full List #URL# #URL#      <document> The Crown Season 3 Had Fans Googling Like Crazy to Check Its Historical Accuracy #URL# #URL#      <document> Vin Diesel &amp; Sam Heughan Star in 'Bloodshot' Trailer - Watch Now! #URL# #URL#      <document> Outlander's Caitriona Balfe Is Not Pregnant - Read Her Message to Those Asking If She Is #URL# #URL#      <document> Caitriona Balfe Looks As Stunning as Ever at Lumiere Awards! #URL# #URL#      <document> Everything We Know About Outlander Season 5 #URL# #URL#      <document> Lionsgate Shares Tumble on Report Comcast May Drop Starz #URL# #USER# #URL#      <document> ‘The Crown’ Season 3 to Premiere in November #URL# #USER# #URL#      <document> Watch the Outlander Stars Play Who Said It: Jamie Fraser or a Disney Character #URL# #URL#      <document> Sam Heughan Shows Some Muscle Following Gym Session #URL# #URL#      <document> Sam Heughan Wins Just Jared's Sexiest Celebrity of 2019 Poll! #URL# #URL#      <document> Over 100 Models Including Caitriona Balfe &amp; Amber Valletta Demand Change From Victoria's Secret… #URL#      <document> Apple's For All Mankind Trailer Teases Alternate History of the Space Race #URL# #URL#      <document> Sam Heughan to Appear at Wizard World New Orleans 2020! #URL# #URL#      <document> Outlander Season 5 Trailer: No One Ages But We’re Not Complaining #URL# #URL#      <document> The Outlander Cast Reacts to That Chilling Villainous Return #URL# #URL#      <document> Outlander's Sam Heughan Wants You To Expect Lots Of Drama In Season Five! (Video) #URL# #URL#      <document> Sam Heughan &amp; Caitriona Balfe Reveal If The Passion Between Jamie &amp; Claire Is Still There on 'Outlander'… #URL#      <document> ‘Outlander’ Season 5 Premiere Recap: Jamie and Murtagh Part Ways in ‘The Fiery Cross’ #URL#… #URL#      <document> Sam Heughan Wishes Caitriona Balfe a Happy Birthday with a Funny Message #URL# #URL#      <document> The Crown Season 3 Review: The Monarchy Hits Its Midlife Crisis #URL# #URL#      <document> The Crown Season 3 Premiere Date Announced at Netflix #URL# #URL#      <document> Outlander's Sam Heughan &amp; Caitriona Balfe Discuss Their Amazing Chemistry #URL# #URL#      <document> 'Outlander' Season 5 Posters Feature Stars Sam Heughan &amp; Caitriona Balfe! #URL# #URL#      <document> Sam Heughan Responds to Fallon's James Bond Questions! #URL# #URL#      <document> TV News Roundup: Amazon Premiere Date for ‘Hunters’ Starring Al Pacino #URL# #USER# #URL#      <document> Sam Heughan Supports 'Outlander' Co-Star Caitriona Balfe's New Movie! #URL# #URL#      <document> Caitriona Balfe &amp; Bryce Dallas Howard Attend Star Studded TIFF Party! #URL# #URL#      <document> Caitriona Balfe, Tracee Ellis Ross, &amp; Naomi Watts Glam Up for Fashion Awards 2019! #URL# #URL#      <document> Caitriona Balfe Stuns at 'Ford v Ferrari' Premiere at BFI London Film Festival 2019 #URL# #URL#      <document> Matt Damon, Caitriona Balfe, &amp; Christian Bale Premiere 'Ford v Ferrari' at TIFF #URL# #URL#      <document> The Crown Season 3 Breakout Star Erin Doherty Says Princess Anne Is The Only 'Voice of Reason'… #URL#      <document> Christian Bale &amp; Caitriona Balfe Continue 'Ford v Ferrari' Press at TIFF 2019! #URL#      <document> Outlander's Sam Heughan Lands Role of Paul Newman in New Biopic! #URL# #URL#      <document> Everything We Know About Outlander Season 5 #URL# #URL#      <document> ‘Schitt’s Creek,’ ‘Modern Family’ Final Seasons Lead PaleyFest LA 2020 Lineup #URL#… #URL#      <document> Sam Heughan Looks So Dapper While Attending WGA Awards! #URL# #URL#      <document> Caitriona Balfe Attends Oscars for First Time to Support 'Ford v Ferrari,' a Best Picture Nom!… #URL#      <document> Decades: From Game of Thrones to Outlander, our favourite TV shows of last 20 years #URL# #URL#      <document> Outlander's Sam Heughan Denies Claims a Fan Touched Him After Misleading Video Circulates #URL# #URL#      <document> What to Expect in Outlander Season 5, According to Diana Gabaldon’s Books #URL# #URL#      <document> There's No End In Sight for Outlander #URL# #URL#      <document> Outlander's Caitriona Balfe Is Married to Tony McGill! (Report) #URL# #URL#      <document> The Walking Dead, Riverdale, and More Must-See Panels at New York Comic Con 2019 #URL# #URL#      <document> Caitriona Balfe &amp; Lily James Go Glam for British Independent Film Awards 2019 #URL# #URL#      <document> Outlander's Sam Heughan &amp; Caitriona Balfe Reveal Their Pet Peeves About Each Other! #URL# #URL#    </documents></author><documents> <document> University of Glasgow Hosts 'Outlander Conference' Featuring Creators of Hit Series #URL# #URL# <document> Caitriona Balfe &amp; Sam Heughan Teases 'Outlander' Season 5 at NYCC - Watch! #URL# #URL# <Documentation> Everything We Know About Outlander Season 5 #URL# #URL# <Documentation> The Most Important Book-to-TV Adaptation Coming in 2020 #URL# #URL# <Document> Outlander Season 5 Premiere Now Streaming #URL# #URL# <document> The 10 Most Popular Photos of Outlander's Sam Heughan &amp; Katrina Balfe! #URL# #URL# <doc> Sam Heughan is his usual low-key self in Critics' Choice 2020 despite battling a cold! #URL# #URL# <doc> Matt Damon, Katrina Balfe & Christian Balfe Promote 'Ford v Ferrari' at TIFF 2019 #URL# #URL# <document> Caitriona Balfe, Camila Morrone & Lea Seydoux for Vanity Fair's Oscar Party 2020 Switch looks!… #URL# <documentation> Outlander Season 5 trailer is full of tender moments from Claire and Jamie #URL# #URL# <documentation> Outlander's Sam Hewhan shows off his huge muscles #URL# # URL# <document> Starz Renews 'The Girlfriend Experience' For Season 3, Orders 'Dangerous Liaisons' Series #URL#… Jamie's on 'Outlander' #URL# #URL# <Document> Caitriona Balfe, Maisie Williams, Tessa Thompson, & more at Wimbledon with Ralph Lauren! #URL# <documentation> Tobias Menzies of 'The Crown' gives hints about season 3 premiere #URL# #URL# <documentation> Ever See all of the released Outlander Season 5 photos! #URL# #URL# <document> Reacting to the news that Sam Heughan has been awarded an honorary doctorate! #URL# #URL# <document> Sam Heughan's Jamie makes an appearance in Outlander Season 5 Trailer! First trailer is here! #URL# #URL# <doc> The Dark Crystal: Age of Resistance teaser returns to Thra Graham McTavish launches podcast with! Joins Connie Britton & Spencer. Find out more at The Women in Film Oscar Party #URL# #URL# <document> Vin Diesel &amp; Sam Heughan's 'Bloodshot' trailer is so much fun to watch! #URL# #URL # <document> 'Outlander' Team Says Season 5 Wedding Is 'Big Family Party' #URL# #USER# #URL# <document> Caitriona Balfe &amp; Outlander's Big News Revealed! #URL# #URL# <Documentation> Caitriona Balfe, Kate Beckinsale &amp; Celebrate more women in Hollywood with Vanity Fair and cinema. Lancome!… #URL# <documentation> Richard Rankin: The Outlander star who changed my life #URL# #URL# <documentation>Sam Heughan &amp; Katrina Balfe reunite at Henley Festival! #URL# #URL# <Documentation> Sam Heughan &amp; Caitriona Balfe Promote Outlander at Starz FYC Event! #URL# #URL# <document> Zachary Quinto Executive Produces Emrhys Cooper's "The Shuroo Process" (Exclusive) #URL#… #URL# <document> Olivia Colman, Tobias Menzies, &amp; Carter Brings "The Crown" To AFI Fest 2019 #URL# #URL# <document> Zazie Beetz From Oscars To NYFW! #URL# #URL# <doc> Claire and Jamie hug in a dreamy first look at Outlander Season 5 #URL# #URL# <doc> Rachel Brosnahan &amp; Caitriona Balfe Go Pretty in Black for Producers Guild Awards 2020 #URL# #URL# <documentation> Sam Heughan endorses 'Outlander' co-star Caitriona Balfe and promises to 'shine' on the 2020 Academy Awards red carpet... #URL# <documentation> Outlander 's Sam Heughan raves about Caitriona Balfe's red carpet look! #URL# #URL# <doc> Outlander Drops Gifts For Fans For Season 5 - Check Out The New Opening Credits! #URL# #URL# <doc> Outlander's Diana Gabaldon, Show's Female Viewership #URL# <doc> Outlander Season 5 Review: Starz Drama Returns To Its Roots #URL# #URL# <doc>Helena Bonham Carter In The Crown Season 3 Trailer Never sit behind Olivia Colman Guilt-ridden Claire Season 5 Trailer (Watch) #URL# #USER# #URL# <document> Sam Heughan &amp; We'll let you know what's coming in 5! #URL# #URL# <Documentation> Caitriona Balfe Officially Reveals One of California's Worst Drivers - Watch Here! URL# #URL# <document> "Outlander" Producers: "We'll keep making this until Claire and Jamie are 100" London #URL# #URL# <document> Caitriona Balfe, Michelle Dockery &amp; Gather more for InStyle's Badass Women Dinner! #URL# #URL# <document> Outlander Season Premiere Recap: Take a Vow #URL# #URL# <document> Caitriona Balfe, Tracee Ellis Ross, &amp; Let's go to Oscar dinner! #URL# #URL# <document> OMG Moments From the PCA Bingeworthy Show Nominees: Game of Thrones, Outlander and More #URL#… #URL# <document> Sam Heughan &amp; Outlander' Season 5 Premiere Date Revealed! TV Awards 2020 Nominations: See the Full List #URL # #URL# <Documentation> Fans Googled Like Frenzy to Ensure the Historical Accuracy of The Crown Season 3 #URL# #URL# < Documents> Vin Diesel &amp; Sam Heughan in 'Bloodshot' Trailer - Watch Now! #URL# #URL# <documentation> Outlander Katrina Balfe not Pregnant - read message to anyone asking if she's pregnant #URL# #URL# <Documentation> Caitriona Balfe looks better than ever at the Lumiere Awards! #URL# #URL # <Document> Everything We Know About Outlander Season 5 #URL# #URL# <Document> Lionsgate Stock Drops in Reports Comcast Might Drop Starz #URL# #USER# #URL# < DOCUMENTS> 'The Crown' Season 3 Coming November #URL# #USER# #URL# <DOCUMENTS> Watch Outlander Stars Play: Who Said: Jamie Fraser or Disney Character #URL# #URL# < Document> Sam Heughan Shows Muscles After Gym Session #URL# #URL# <document> Sam Heughan Wins Just Jared's Sexiest Celebrity Poll of 2019! #URL# #URL# <document> Caitriona Balfe &amp Over 100 models including ; Amber Valletta Demands Change from Victoria's Secret… #URL# <document> Apple's For All Mankind Trailer Hints at Shifting Space Race History #URL# #URL# <document> Sam Heughan Announces Wizard World Coming to New Orleans 2020! #URL# #URL# <doc> Outlander Season 5 Trailer: No Age Matters, No Complaints #URL# #URL# <doc> Outlander's Sam Heughan Gets Lots of Drama in Season 5 (Video) #URL# #URL# <document> Sam Heughan &amp; Caitriona Balfe reveals the passion between Jamie and him. Claire Is Still There on 'Outlander'… #URL# <document> 'Outlander' Season 5 Premiere Recap: Jamie and Murtagh part Ways in 'The Fiery Cross' #URL#… #URL# <document> Sam Heughan Wishes Caitriona Balfe a Happy Birthday with a Funny Message #URL# #URL# <document> The Crown Season 3 Review: The Monarchy Hits Its Midlife Crisis #URL# #URL# <document> The Crown Season 3 Premiere Date at Netflix #URL# # URL # <document> Outlander's Sam Heughan &amp; Caitriona Balfe Discuss Their Amazing Chemistry #URL# #URL# <document>Katrina Balfe! #URL# #URL# <doc> Sam Heughan Answers Fallon's James Bond Questions! # #user# #URL# <documentation> Caitriona Balfe &amp; Bryce Dallas Howard are the stars Join a studded TIFF party! #URL# #URL# <Documentation> Caitriona Balfe, Tracee Ellis Ross, &amp; Naomi Watts at the Fashion Awards 2019! #URL# #URL# <documentation> Katrina Balfe faints at 'Ford v Ferrari' premiere at BFI London Film Festival 2019 #URL# #URL# <documentation> Matt Damon, Katrina Balfe &amp; Ford v Ferrari" premieres #URL# #URL# <documentation> Crown Season 3 breakout star Erin Doherty says Princess Anne is the only 'voice of reason'... #URL# <documentation> Christian Bale &amp; Caitriona Balfe continues "Ford v Ferrari" press at TIFF 2019! #URL# <document> Outlander's Sam Heughan Lands to play Paul Newman in new biopic! Family' final season leads PaleyFest LA 2020 line-up #URL#… #URL# <documentation> Sam Heughan looks so stylish while attending the WGA Awards! #URL# #URL# <documentation> Kaitriona Balfe attends Oscars for the first time, supporting Best Picture 'Ford vs Ferrari'!… #URL# <Documentation> Decades: From Game of Thrones to Outlander, our favorite TV shows of the last 20 years # URL# #URL# <document> Outlander's Sam Heughan denies claims fans touched him after misleading video circulated #URL# #URL# <document> Outlander, according to Diana Gabaldon's book What to Expect in Season 5 #URL# #URL# <Documentation> Outlander Sees No End #URL# #URL# <Documentation> Outlander's Katrina Balfe Marries Tony McGill! (Report) #URL# # URL# <document> The Walking Dead, Riverdale, and more must-see panels at New York Comic Con 2019 #URL# #URL# <document> Caitriona Balfe &amp; Lily James Go Glam for British Independent Film Awards 2019 #URL# #URL# <document > Outlander's Sam Heughan &amp; Caitriona Balfe reveal their pet peeves about each other! #URL# #URL# </documents></author>