  <documents>    <document> RT #USER#: #HASHTAG# is a trending music #HASHTAG# #HASHTAG# #HASHTAG# #HASHTAG# #HASHTAG# #URL#      <document> Harlem’s Fashion Row Honors Dapper Dan, Misa Hylton and April Walker as Black Pioneers in Fashion… #URL#      <document> Kelis: Kaleidoscope 20th Anniversary Edition #URL# #URL#      <document> Thanks for the retweet you’re awesome      <document> NBA Celebrity Game 2020 results: Rapper Common captures MVP in 62-47 win for Team Wilbon #URL#      <document> Terrace Martin Expels on the Troubles of Love in Single &amp; Visual “Beige” #URL# Grammy-nominated r… #URL#      <document> TurboTax’s Super Bowl Ad Serves a Rap Video About Taxes #URL#      <document> Breaking Down BigKlit’s Riot Rap in 5 Songs #URL#      <document> Become a member today on #URL# #HASHTAG# #HASHTAG# #HASHTAG# #HASHTAG# #HASHTAG# #HASHTAG#… #URL#      <document> Meek Mill, John Legend Lead Moving Tribute To Nipsey Hussle #URL#      <document> The 41 worst video game movies of all time, ranked #URL#      <document> 5 Grammys that went to the wrong people this year — sorry #URL#      <document> Rob Ickes And Trey Henley Expand Upon Their Roots With A Heavy Dose Of The Blues #URL# Rob Ickes… #URL#      <document> Tune in every Friday at 9pm est to Da New New Show right here on #URL# #HASHTAG# #HASHTAG# #HASHTAG#… #URL#      <document> Elon Musk is a SoundCloud rapper now, in 2020’s weirdest twist #URL#      <document> RT #USER#: I just felt like re-tweeting this. Gayle or Oprah would NEVER.      <document> Watch Halsey Perform ‘Manic’ Songs, ‘Slow’ R&amp;B Parody on ‘SNL’ #URL#      <document> Morrissey Mulls Chaos and Strife in ‘Love Is on Its Way Out’ #URL#      <document> Usher Emulates Prince During Randomly Timed Grammys Tribute #URL#      <document> A sneak peek at our IWD summit series with Mira Leung #URL#      <document> Chris Brown &amp; Drake’s ‘No Guidance’ Smashes R&amp;B/Hip-Hop Airplay Chart Record #URL# #URL#      <document> Cardo Links with Larry June and Payroll Giovanni for ‘Game Related’ #URL#      <document> There’s A Perfectly Good Reason A Switch Was On Stage At The Grammys Last Night #URL#      <document> 14 New Rap and R&amp;B Songs Out This Week #URL# #URL#      <document> Alessia Cara and Tory Lanez lead the 2020 Juno nominations #URL# #URL#      <document> The Grammys Are Here: What To Expect On Music’s Big Night #URL#      <document> Phony Ppl Enlist Megan Thee Stallion for New Single “Fkn Around” #URL#      <document> Shoutout to our fans we have new music and video content on the way thank for being a #HASHTAG# #HASHTAG# #HASHTAG#… #URL#      <document> The Oscars’ Performative Attempt to Make Up for Its Snubs #URL#      <document> Tyler, The Creator calls Igor’s Best Rap Album win a “backhanded compliment” #URL#      <document> RT #USER#: You got trouble boy?! #HASHTAG# #URL#      <document> Grammys 2020 Nipsey Hussle Tribute: YG, Meek Mill, John Legend, DJ Khaled, Roddy Ricch Perform “Higher,” More #URL#      <document> Hey music artists checkout #URL# we play up and coming artist music and music videos #HASHTAG#… #URL#      <document> 9 Shot, 2 Fatally, in Ambush at Music Video Filming, Official Says #URL# He described the victims… #URL#      <document> Here Are the 2020 GRAMMY Winners #URL#      <document> Cloud Covered: What was new with Google Cloud in January #URL#      <document> Constitution of India vs. Narendra Modi #URL# The articulation of constitutional rights and value… #URL#      <document> Pandora Introduces Fluent: Speaking the International Language of R&amp;B #URL#      <document> Grammys 2020: Billie Eilish an early winner as Kobe Bryant death overshadows awards ceremony #URL#      <document> RT #USER#: March cover star #USER#’s irresistible brand of dreamy, macabre anti-pop has made her into a new kind of hit make…      <document> How I Get It Done: R&amp;B Star Macy Gray #URL# #URL#      <document> Medical Examiner: St. Paul rap and R&amp;B artist Lexii Alijah died of fentanyl, ethanol toxicity #URL#      <document> Drake Discusses Whether Pusha T Went Too Far In Their Rap Battle #URL# Drake did not take Christm… #URL#      <document> Tune in every Friday at 9pm est to Da New New Show right here on #URL# #HASHTAG# #HASHTAG# #HASHTAG#… #URL#      <document> Tinashe Finds Shelter From ‘Stormy Weather’ In Her Latest Video #URL# &lt;div _ngcontent-c17="" inne… #URL#      <document> Neuroscience and Music: Insights from Drummers’ Brains #URL# Parents often encourage their kids t… #URL#      <document> Your Complete Guide to February 2020 Events in Seattle #URL# #URL#      <document> How Henry Ford, Who Published Racist Diatribes Against Jazz, Helped Popularize the Sound of Jazz and R&amp;B… #URL#      <document> Drake &amp; Future Reconnect for New Track “Desires” #URL# #URL#      <document> JAY-Z Shares Favorite Songs of 2019: Kanye West, DaBaby, Summer Walker &amp; More #URL# With 2019 soo… #URL#      <document> #USER# #USER# #USER# First of Malcolm X fathers as murder second the state stole him and his… #URL#      <document> Caffeine inks exclusive agreement with Drake preps Ultimate Rap League for launch #URL#      <document> Mozzy Takes Us on a Trip to Oak Park, Illinois for “Big Homie from the Hood” Video #URL# Mozzy ha… #URL#      <document> The 5 Best Songs of the Week, From Joji to Kamaiyah #URL#      <document> 6 New Albums You Should Listen to Now: Tame Impala, Katie Gately, yMusic, and More #URL#      <document> Song You Need to Know: Prince Royce, ‘Cita’ #URL#      <document> The Best Music Shows This Week #URL# #URL#      <document> CAA protests find the support of Chennai’s rappers #URL#      <document> Lady cuts her babies hair to get back a baby's father. #HASHTAG# #HASHTAG# #HASHTAG# #HASHTAG# #HASHTAG#… #URL#      <document> adidas and MLS’s FORWARD25 Collection Celebrates 25 Years of Partnership #URL# #URL#      <document> Prospective Harvard Applicant Gets Deferred And Promptly Makes A Rap Video Demanding They Let Him In #URL#      <document> IAMDDB Shares Silky Smooth ‘Kare Package’ EP #URL# IAMDDB has risen to the forefront of the UK’s… #URL#      <document> Orion Sun Survives A Lonely Post-Apocalyptic World in Her “Coffee For Dinner” Music Video #URL#      <document> H.E.R. and Skip Marley Perform Seamless Rendition of “Slow Down” on ‘The Tonight Show’ #URL#      <document> Checkout what E3 Da Beast had to say about Gayle King #URL# #HASHTAG# #HASHTAG# #HASHTAG# #HASHTAG#      <document> Lead singer of #HASHTAG# #HASHTAG# talks about being with young girls ages ranging from 11-17… #URL#      <document> 16 New Rap and R&amp;B Songs Out This Week #URL# #URL#      <document> Gayle King Says She Is ‘Very Angry’ Over CBS’ Promotion of Her Kobe Bryant Interview Question #URL#      <document> Shoutout to our fans we have new music and video content on the way thank for being a #HASHTAG# #HASHTAG# #HASHTAG#… #URL#      <document> Trailer Tuesday – Take Dracula Gardening #URL#      <document> #USER# This exist omfg lmao my childhood just got 💯 boost      <document> Stream Fly Anakin’s New Album At The End Of The Day #URL#      <document> That right we play up and coming artists music and music videos hit is up at music#USER#.net #HASHTAG# #HASHTAG#… #URL#      <document> That right we play up and coming artists music and music videos hit is up at music#USER#.net #HASHTAG# #HASHTAG#… #URL#      <document> Tyler, the Creator Calls His Grammy Win a “Backhanded Compliment” #URL#      <document> Watch Charlie Wilson Perform ‘Forever Valentine’ on ‘Kimmel’ #URL#      <document> Hey music artists checkout #URL# we play up and coming artist music and music videos #HASHTAG#… #URL#      <document> In Protesting Climate Change, Jane Fonda Brings Hollywood to Washington #URL# Turning to Ms. Toml… #URL#      <document> Drake Had Harsh Words For Pusha-T During His Explosive ‘Rap Radar’ Interview #URL# Drake recently… #URL#      <document> The Playful Propaganda of “The History of Ukraine” #URL#      <document> Watch Stormzy Prep For Glastonbury in ‘Do Better’ Video #URL# Stormzy has dropped a music video f… #URL#      <document> Seattle’s Broadway at the Paramount 2020/2021 Season Was Just Announced #URL# #URL#      <document> The internet is loving this rap about voting #URL#      <document> Why Tulsa Might Be the Next Austin #URL# #URL#      <document> Diddy rips in fiery speech… #URL#      <document> ""...⠀⠀⠀ "Hey #HASHTAG# get your #HASHTAG# on #URL# we play the hottest from new up and co… #URL#      <document> Nas, DMX, Gang Starr &amp; The Lox to Lead “Gods of Rap II Tour” #URL#      <document> Meet SuperM, the K-Pop Supergroup That Skyrocketed to the Top of the Billboard Charts #URL#      <document> dvsn and Future share “No Cryin” video #URL# Toronto R&amp;B duo dvsn switched up their sound on thei… #URL#      <document> D’Angelo’s ‘Voodoo’ at 20: Artists Reflect on the Greatest Neo-Soul Album Ever Made #URL# #URL#      <document> The 40 worst video game movies of all time, ranked #URL#      <document> Grammy Awards 2020: Complete winners list #URL#      <document> ‘Dreams Come True’! NCT 127 Drop New Video With Jungwoo &amp; Announce ‘Neo Zone’ Album for ‘NCT Day’… #URL#      <document> #URL# is looking for you. I would like to ask you when you have time to check it out and also sig… #URL#      <document> Tyler, the Creator responded to someone on Twitter who told him he’d never win a Grammy 9 years ago #URL#      <document> We here at #URL# would to wish Trayvon Martin a happy 25th Birthday #HASHTAG# #HASHTAG#… #URL#      <document> A Boogie Wit Da Hoodie Releasing His New Album This Week #URL#      <document> Drake just signed a multiyear deal to produce rap battles on a live-streaming platform #URL#      <document> William Jackson Harper Has One Last Good Place Lesson in the Form of Chidi’s Full Kierkegaard Rap #URL#      <document> See All the Winners of the 2020 Grammy Awards #URL#    </documents></author><documents> <document> RT #USER#: #HASHTAG# is trendy music #HASHTAG# #HASHTAG# #HASHTAG# #HASHTAG# #HASHTAG# #URL# <document> Harlem Fashion Law is Dapper Dan, Misa Hylton , Walker as Black Pioneers in Fashion… #URL# <document> Kelis: Kaleidoscope 20th Anniversary Edition #URL# #URL# <document> Thank you for retweeting. Team Wilbon Wins 62-47 #URL# <document>Visual "Beige" #URL# Grammy Nominated… #URL# <document> TurboTax's Super Bowl Ad Shows Rap Video About Taxes Provided by #URL# <document> Analysis of BigKlit's riot rap in 5 songs #URL# <document> #URL# #HASHTAG# #HASHTAG# #HASHTAG# #HASHTAG# #HASHTAG# #HASHTAG#… #URL# <document> Meek Mill, John Legend Lead Moving Tribute To Nipsey Hussle #URL# <document> The 41 Worst Video Game Movies Ever, #URL# <document> 5 Grammy Awards To The Wrong People This Year — Sorry #URL# <document> Rob Ickes and Trey Henry Extend Their Roots With Blues Heavy Use # URL# Rob Ickes… #URL# <document> Every Friday at 9pm #URL# #HASHTAG# #HASHTAG # #HASHTAG#… #URL# <document> Enjoy The Da New New Show on Elon Musk is a SoundCloud #URL# <document> RT #USER#: Just wanted to retweet this. Gayle or Oprah will never do that. <document> Watch Halsey perform "Manic" song, "Slow" R&amp;B parody on "SNL" #URL# <document> "Love Is on Its Way Out" on Morrissey Mulls Chaos and Strife #URL# <document> Usher Emulates Prince During Random Time Grammy Tribute #URL# <documentation> IWD Summit Series Preview With Mila Leon #URL# <documentation> Chris Brown &amp; Drake's "No Guidance" Is R&B/Hip -Hop's Airplay Chart Breaking Record The Switch Takes the Stage at Last Night's Grammys #URL# <document> 14 New Rap and R&B Songs This Week #URL# #URL# <document> With Alessia Cara Tory Lanez Leads 2020 Juno Nominations #URL# #URL # <document> The Grammys Are Here: What To Expect From Music's Big Night #URL# <document> Fake Ppl Brings Megan Thee Stallion To New Single Join "Fkn Around" #URL# <document> I have new music, #HASHTAG# #HASHTAG# #HASHTAG#… #URL# <document> The Oscars' Performative Attempt to Make Up Its Snubs #URL# <document> Tyler, The Creator call Igor's Best Rap Album Earns "Betrayal Tribute" #URL# <document> RT #USER#: Trouble Boy?! #HASHTAG# #URL# <document> Grammy Awards 2020 Nipsey Hussle Tribute: YG, Meek Mill, John Legend, DJ Khaled, Roddy Ricch Perform "Higher," And More #URL#<document> Hey music artist checkout #URL# we play up andcoming artist music and music videos #HASHTAG#… #URL# <document> 9 Shot, 2 Fatally, in Ambush at Music Video Filming, Official Say #URL# He explains Victims of… #URL# <documentation> Here are the 2020 Grammy Winners #URL# <documentation> Cloud Covered: What's New in Google Cloud in January #URL# <documentation> India vs. Narendra Modi Constitution #URL# Clear #URL# <document> Pandora Introduces Fluent: Speaking the International Language of R&B #URL# <document> Grammys 2020: As Kobe Bryant's Death Overshadows Awards Ceremonies, Billy Eilish is an early winner #URL# <document> > RT #USER#: March Cover Star #USER#'s dreamy, macabre anti-pop glam brand makes her a new kind of hitmaker Did… <document> How I Get It Done: R&B Star Macy Gray # URL# #URL# <document> Medical Examiner: St. Paul Rap and R&amp;B Artist Lexii Alijah Died of Entanyl, Ethanol Toxicity # URL# <documentation> Drake discusses whether Pusha T went too far in rap battle #URL# Drake didn't embrace Christmas... #URL# <documentation> Tune in to The Da New New Show right here every Friday at 9pm # URL# #HASHTAG# #HASHTAG# #HASHTAG#… #URL# <document> Tinashe Finds Shelter From 'Stormy Weather r' In Her Latest Video #URL# &lt;div _ngcontent-c17="" inne… #URL# <document> Neuroscience and Music: Insights from a Drummer's Brain #URL# Parents to Their Children... #URL# < document> Complete Guide to February 2020 Seattle Events #URL# #URL# <document> Henry Ford Releases Racist Criticism of Jazz, Helps Popularize Sound of Jazz and R&B I did… #URL# <document> Drake &amp;amp; Future Reconnect for New Track “Desires” #URL# #URL# <document> JAY-Z SHARE MY FAVORITE TRACKS OF 2019 DETAILS #URL# 2019… #URL# <documentation> #USER# #USER# #USER# Malcolm X's father's first murder as second the state stole him and his... #URL# <documentation> Caffeine signs an exclusive deal with Drake Tied Ultimate Rap League for launch preparations #URL# <document> Mozzy takes me on a trip to Oak Park, Illinois for the "Big Homie from the Hood" video #URL# Mozzy is... #URL# <document> The 5 Best Songs of the Week From Joji to Kamaiya #URL# <document> 6 new albums you should listen to now: Tame Impala, Katie Gately, yMusic and more #URL# <document> Songs you need to know: Prince Royce, 'Cita ' # URL# <doc> Best Music Show of the Week #URL# #URL# <doc> CAA Protest Gains Support from Chennai Rappers #URL# <doc> Woman Cuts Baby's Hair to Get Baby's Father Back . #HASHTAG# #HASHTAG# #HASHTAG# #HASHTAG# #HASHTAG#… #URL# <documentation> adidas and MLS' FORWARD25 collection celebrates 25 years of partnership #URL# #URL# <documentation> request rap videoHim In #URL# <document> IAMDDB Shares Silky Smooth 'Kare Package' EP #URL# IAMDDB has come to the forefront of Britain... #URL# <document> Orion Sun brings a lonely post-apocalyptic world to her Coffee For Dinner" Music Video #URL# <document> and Skip Marley Seamlessly Playing "Slow Down" on "The Tonight Show" #URL# <document> E3 What Da Beast Said About Gayle King Check out #URL# #HASHTAG# #HASHTAG# #HASHTAG# #HASHTAG# <document> #HASHTAG# #HASHTAG#'s lead singer talks about being with young girls ages 11 to 17... #URL # <documentation> 16 new rap and R&amp;B songs released this week #URL# #URL# <documentation> Gayle King 'very angry' about promoting Kobe Bryant interview on CBS Statement HASHTAG#… #URL# <document> Trailer Tuesday – Take Dracula Gardening #URL# <document> #USER# Got this in my childhood omfg lmao 💯 boost <document> Stream Fly Anakin's New Album At The End Of The #URL # <document> The rights and upcoming hits of the artist's music and music videos are posted on music#USER#.net #HASHTAG# #HASHTAG#… #URL# <do cument> The The rights we play and the hits of upcoming artist music and music videos are music#USER#.net #HASHTAG# #HASHTAG#… #URL# <document> Tyler, the Creator honors his Grammy Award " I call it a backhand compliment '#URL# <document> 'Ki Watch Charlie Wilson perform 'Forever Valentine' on mmel' #URL# <document> Music Artist Checkout #URL# Play music and music videos from upcoming artists #HASHTAG#… #URL# <document> > Protesting Climate Change, Jane Fonda Brings Hollywood To Washington #URL# Look To Ms. Tomru... #URL# <Documentation> Drake Tough On Pusha-T In Explosive 'Rap Radar' Interview #URL# Drake recently… # URL# <documentation> Playful propaganda from 'The History of Ukraine' #URL# <documentation> Watch the Glastonbury Stormzy preparations in the 'Do Better' video #URL# Stormzy Drops Music Video… #URL# <documentation> Seattle's Paramount 2020/2021 Season Broadway Announced #URL# #URL# <documentation> The Internet Loves This Wrap About Voting #URL# <documentation> Why Tulsa is the next Austin #URL# #URL# <documentation> Diddy tears up with fiery speeches... #URL# <documentation> ""...⠀⠀⠀ "Hey #HASHTAG# get you 's #HASHTAG# with #URL#. Lox Leads 'Gods of Rap II Tour' #URL# <document> Meet SuperM, K-Pop Supergroup Soaring To Top Of Billboard Charts #URL# <document> dvsn And Future Release 'No Cryin' Video Share # URL# Toronto R&B duo dvsn switch sounds… #URL# <document> D'Angelo's 'Voodoo' at 20: Artists Reflect on the Greatest Neo-Soul Album Made #URL# #URL# <document> Al's 40 Worst Video Game Moviesl time, rank #URL# <document> Grammy Awards 2020: Complete Winners List #URL# <document> 'Dreams Come True'! NCT 127 drops new video with Jungwoo on 'NCT Day' album 'Neo' Zone” announced… #URL# <document> #URL# is looking for you. Just wanted to ask when you have time to review and sign… #URL# <document> Tyler, the Creator replied to someone on Twitter who said he would never win a Grammy nine years ago. #URL# <document> We here at #URL# would like to wish Trayvon Martin a Happy 25th Birthday #HASHTAG# #HASHTAG#… #URL# <document> A Boogie Wit Da Hoodie This Week Releases his new album #URL# <document> Drake just signed a multi-year deal to produce rap battles on the live-streaming platform #URL# <document> William Jackson Harper finalized in the form of Chidi's full Kierkegaard rap Do a lesson in a good place for #URL# <documentation> See all the winners of the 2020 Grammy Awards #URL# </documents></author>