
	
		<document> #USER# You have to work up to nasal fisting. ></document>
		<document> Or this bitch is a psycho. I don't know. ></document>
		<document> If this isn't the hilarious tweet I think it is, please bare in mind that I am 1. Crazy 2. High 3. Crazy High ></document>
		<document> I would say Cancel Culture has run amok, but I can't because amok has been cancelled! ></document>
		<document> I think it's okay to be a little woke, just as long as you don't get "actually Ghostbusters (2016) wasn't bad" woke. ></document>
		<document> #USER# #USER# #USER# Fun fact: I’ve never once called myself a Marxist. ></document>
		<document> #USER# We’re talking about children’s books, so I don’t know if that argument holds up here. ></document>
		<document> RT #USER#: Look who suddenly loves cancel culture! ></document>
		<document> #USER# I can see arguments for and against that position, honestly. ></document>
		<document> #USER# So, you have no actual argument. Gotcha. ></document>
		<document> #USER# Doctor Suess wasn’t censored. His own estate chose to stop publishing the titles in question. ></document>
		<document> “Tucker Carlson is so manly.” -No One Ever, Not Even Sarcastically ></document>
		<document> #USER# It is, actually. Yes. ></document>
		<document> I’m not trying to offend anyone or anything, but isn’t it time we #HASHTAG#? ></document>
		<document> Why did they cancel rape skunk? :( ></document>
		<document> RT #USER#: democrats in office vs. republicans in office #URL# ></document>
		<document> RT #USER#: Oh my Gawd 😂😂😂😂 #URL# ></document>
		<document> RT #USER#: You shoved a banana up your ass. ></document>
		<document> I mean . . . #URL# ></document>
		<document> #USER# They could just create a “deceptive framing” category, or whatever. ></document>
		<document> #USER# That doesn’t make me feel better about me. It just makes me feel worse for you. ></document>
		<document> #USER# The cult of people who listen to science and observe empirical reality. ></document>
		<document> I’m 36 and I’ve accomplished only the tiniest fraction of what I wanted to by now. I really need to get my shit together. ></document>
		<document> #USER# #USER# It's obviously implied. Get some reading comprehension, low IQ dipshits. ></document>
		<document> This dumb bitch 1. Believes in God (lol) And 2. Thinks God fucking wrote The Constitution (lolx2) #URL# ></document>
		<document> RT #USER#: “Parasite” painted on a statue of Queen Elizabeth in Kent, England #URL# ></document>
		<document> Gimme all your political memes, bitch. #URL# ></document>
		<document> #USER# Less steps, actually. ></document>
		<document> I sure do hate when I lose the approval of bigoted nitwits offended by my jokes. 😭 #URL# ></document>
		<document> Super straight? Nah, dawg, I’m ULTRA STRAIGHT. I’m so straight that even cis men are women to me. ></document>
		<document> RT #USER#: Youtube crushing &amp; destroying independent left-wing commentator. Complete bullshit. Reverse this #USER# ></document>
		<document> You guys hear about that new CIA torture device that actually puts people into comas? It's called Coming 2 America. ></document>
		<document> #USER# Being armed hasn’t staved off fascism here. In fact, the folks with the guns seem the most pro-tyranny. ></document>
		<document> Womxn belong in the kitchen. ></document>
		<document> #USER# They’re on Spotify, where his show is located now. #URL# ></document>
		<document> RT #USER#: Our way of life must be preserved #URL# ></document>
		<document> You can’t spit on my grave until I’m dead. ></document>
		<document> Y'all motherfuckers are tainting this poll with dishonesty. ></document>
		<document> #USER# #USER# After further research, I have discovered that you're a smooth-brained loser who doesn't know when to back down. ></document>
		<document> #USER# #USER# What are you fucking talking about? #URL# ></document>
		<document> RT #USER#: Get it right NYT. #URL# ></document>
		<document> Stop fetishizing staplers. #URL# ></document>
		<document> “Harm Reduction” indeed. #URL# ></document>
		<document> RT #USER#: snopes is quite literally becoming what it sought to rid the internet of #URL# ></document>
		<document> Incredibly grateful that you’re serving your final term. :) #URL# ></document>
		<document> A late, but awesome, birthday present from #USER# #URL# ></document>
		<document> Goddamn motherfucking wiggly boom you don’t know nothing you motherfucking motherfuckers Boop Boop bop that booty bop fuck off ></document>
		<document> #USER# So if someone says to you, “I believe in God, but I am an atheist,” you’re just going to accept that? ></document>
		<document> Alright. Time for this bitch to go. #URL# ></document>
		<document> #USER# #USER# #USER# So, you’re a troll. Got it. ></document>
		<document> #USER# #USER# #USER# No, I didn’t. ></document>
		<document> This, but unironically. #URL# ></document>
		<document> McDonalds Crispy Chicken Sandwich: Trash? #URL# via #USER# ></document>
		<document> #USER# What are you even talking about? #URL# ></document>
		<document> #USER# Which one? Or both? ></document>
		<document> #USER# Yeah. I’m just saying it’s not valuable if it’s as far as things ever go. ></document>
		<document> #USER# A lots of motherfuckers on this site don’t seem to know that it’s obvious. I’m glad it’s obvious to you and me. ></document>
		<document> #USER# It can’t help but be. ></document>
		<document> Amazing fact: bitching about the state of the world on twitter doesn’t actually improve it. I know you’re shocked. ></document>
		<document> RT #USER#: when someone says they don't want to raise the minimum wage #URL# ></document>
		<document> #USER# Why would Mexico want that piece of shit back? ></document>
		<document> #USER# Most of the people attacking Keith are lefties. ></document>
		<document> #USER# I find your ironclad certainty about a very ambiguous event disconcerting. ></document>
		<document> Weird Weapons of War = DFF #HASHTAG# #URL# via #USER# ></document>
		<document> I like Marvel, but this take, while somewhat reductive, is essentially true. #URL# ></document>
		<document> RT #USER#: Solidarity with Amazon workers of Alabama and general unionization efforts #URL# ></document>
		<document> In my opinion, you’re all great and I love you. But objectively, you’re a bunch of stupid fucking cunts and I hate you. ></document>
		<document> RT #USER#: Doge meme shield (legendary item) #URL# ></document>
		<document> #USER# My father claimed to have been shown evidence that incontrovertibly proved the feds started the fire, but I never saw it so 🤷 ></document>
		<document> #USER# Why were they stockpiling guns? Did they think the government was going to raid them or something? Paranoid loons! Raid them! ></document>
		<document> #USER# Life &gt; YouTube Bullshit ></document>
		<document> #USER# Is it? Because I saw the statue is real. And I honestly can’t put it past them. So, do you have proof it’s fake? ></document>
		<document> “This is Dumb” and “this is terrifying” are having a tug of war in my head. #URL# ></document>
		<document> #USER# Haha totally stole it, so . . . 🤷 ></document>
		<document> #USER# Whatever. It seems to be improving engagement with my tweets, so #URL# ></document>
		<document> #USER# You’re missing the point. It’s just saying that there is no consistent moral framework that supports the anti-choice position. ></document>
		<document> Damn. Such an obvious counter argument, yet this is the first I’ve heard it! Lovely. #URL# ></document>
		<document> Strange Comic Book Covers #HASHTAG# #URL# via #USER# ></document>
		<document> #USER# I've been hit by I've been struck by A smooth criminal ></document>
		<document> #USER# There is implied gay rape. ></document>
		<document> #USER# Feels the same. ></document>
		<document> #USER# Lawrence of Arabia. ></document>
		<document> Fucking badum fucking tish bitch #URL# ></document>
		<document> #USER# Sorry. I guess in your case that would be cannibalism. ></document>
		<document> #USER# Eat a lot of shit. ></document>
		<document> When a conservatives uses the word “liberty,” they mean the exact opposite. ></document>
		<document> RT #USER#: unfortunately Pikachu is purposely scheduled for 39.5 hours a week so he doesn't qualify for the health plan ></document>
		<document> #USER# Allies blindly accept what they are told without debate! ></document>
		<document> #USER# I don’t see how that serves any purpose. ></document>
		<document> #USER# Face the truth! ></document>
		<document> #USER# Sleep is for losers. ></document>
		<document> I’m not even sorry. #URL# ></document>
		<document> That’s the most impressive thing I’ve ever seen in my life, including the moon landing. #URL# ></document>
		<document> #USER# Uh oh Looks like another CRYBABY has been TRIGGURED ></document>
		<document> #USER# Why? I just thought it would be fun to try to conform an old joke to he twitter character limits. ></document>
		<document> Old joke. Don’t remember where I heard it. ></document>
		<document> #USER# We didn’t lock down. That’s why it’s still here. What a joke. ></document>
		<document> RT #USER#: #USER# Clearly coke wins because no one sucks dick for a line of Pepsi. ></document>
		<document> The Civil War never ended. It subtly rages on between Coke people and Pepsi people. ></document>
		<document> Who cares? Do it anyway. #URL# ></document>
		<document> #USER# It’s ok. Whatever little money you do have will be fine. ></document>
		<document> #USER# Miss Banana Lady* ></document>
		<document> This is all just a big misunderstanding. Biden actually told the Pentagon, “Syria’s the bomb!” ></document>
		<document> #USER# Oh shit a ghost ></document>
		<document> If I ever get gender reassignment surgery, I’ll change my name to Sylvania and make you all call me Trans Sylvania. ></document>
		<document> I can’t wait to put a paywall on my twitter so I can charge you for nuggets of wisdom like this. #HASHTAG# ></document>
		<document> #USER# This really isn’t the sick burn you think it is. ></document>
		<document> Humans are a wretched lot. #URL# ></document>
		<document> They all got lost in the mail. 😭Probably Trump’s fault. 😤 #URL# ></document>
		<document> #USER# Ethical handwringing aside, I like that movie. ></document>
		<document> Thanks for the news flash, Oreo. #URL# ></document>
		<document> Imagine this fucking dork giving his money stacks to the local homeless shelter. #URL# ></document>
		<document> #USER# I don’t give a rat’s ass if you’re convinced. You’re dumb. ></document>
		<document> #USER# Pretty idiotic interpretation. That’s obviously not what being discussed here. Quit derailing. ></document>
		<document> #USER# How was he “technically helping”? He made them fight for sandwiches and shit. ></document>
		<document> #USER# DC Comics technically stands from Detective Comics Comics. So 🤷 ></document>
		<document> #USER# There’s a lot of weird bullshit rumors around cast iron. ></document>
		<document> #USER# #USER# He shouldn’t be doing it at all, you bootlicking bag of shit. ></document>
		<document> There’s actually nothing wrong with doing this. #URL# #URL# ></document>
		<document> Well, I turned the entire universe into paperclips. Yay me. #URL# ></document>
		<document> #USER# Yeah. I like good music and don't like overrated electronic garbage. Amazing. #URL# ></document>
		<document> I infer from this tweet that we have run out of real problems. Therefore, congratulations, Earth! #URL# ></document>
		<document> #USER# What the hell is controller drift? ></document>
		<document> #USER# #USER# No it’s not. ></document>
		<document> #USER# *farts in your general direction * ></document>
		<document> Hitler was just fucking joking, you guys. The mustache was a dead giveaway. Stop taking everything so seriously. ></document>
		<document> #USER# Manson’s worst song rapes Daft Punks best song in the ass until it’s dead. So fuck right off with that bullshit. ></document>
		<document> #USER# #USER# You owe me royalties #URL# ></document>
		<document> #USER# Said the same thing. ></document>
		<document> I guess now world be an inappropriate moment for me to mention that I think Daft Punk were overrated. So I’ll wait a few weeks. ></document>
		<document> Well, that settles that. #URL# ></document>
		<document> #USER# Today is the day. Wear the skirt! ></document>
		<document> #USER# Because you keep using it to toss salads? ></document>
		<document> So many arguments are just dumb semantic shit about what the depictions of words do or do not encompass. What a waste of time. ></document>
		<document> Sonic choke on dem tittays doe Somic (FT KEWBLES) #URL# via #USER# ></document>
		<document> #USER# You’re literally watching a clip of a guy attacking Biden’s dog, dog. ></document>
		<document> #USER# Better watch your mouth, Sonny Jim #URL# ></document>
		<document> Happy Birthday to me! 🙂🥳🎉🍾 Sad Birthday to Mitch McConnell! ☹️🐢☠️🤮 ></document>
		<document> Fuck your attention span (or lack thereof) #URL# ></document>
		<document> Biden privately tells governors: Minimum wage hike likely isn’t happening #URL# via #USER# ></document>
		<document> #USER# #USER# I like some of Rian Johnson's other stuff, but yeah. Haha. ></document>
		<document> You guys got any Spaghettios? ></document>
		<document> It’s the #USER# edition of FUCK, MARRY, KILL. #URL# ></document>
		<document> You’re so deep inside your box that you don’t see it’s a box, and you don’t see the other boxes. “You think you’re so superior.” Yes. ></document>
		<document> #USER# I love how the misandry gets a pass though. 🙄 ></document>
		<document> #USER# Not what I’m saying. Try again. ></document>
		<document> #USER# #USER# Not as hot as old Frollo. ></document>
		<document> RT #USER#: #USER# All arguments are too complex for twitter. ></document>
		<document> #USER# All arguments are too complex for twitter. ></document>
		<document> #USER# You can feel however you want. ></document>
		<document> #USER# “How dare you defy us.” ></document>
		<document> #USER# I’m sorry you don’t like it when people go against the orthodoxy of the mob. ></document>
		<document> #USER# More resources == more self-awareness ></document>
		<document> RT #USER#: Banging My Head Against The Brick Wall That Is YouTube Read: #URL# ></document>
		<document> I’m pretty much with this. #URL# ></document>
		<document> “Welcome to YouTube support, Dave.” #URL# ></document>
		<document> BLAST OUT: #USER# #USER#Creators #USER# #URL# ></document>
		<document> Banging My Head Against The Brick Wall That Is YouTube Read: #URL# ></document>
		<document> #USER# No fucking clue. ></document>
		<document> #USER# I’m not obligated to listen to your bullshit, pussy. ></document>
		<document> #USER# #USER# So the only thing more cringe than a TJ is a Vadim? I’m okay with this. ></document>
		<document> #USER# I’m pretty sure a fact-check would prove that false, but whatever. ></document>
		<document> #USER# #USER# Worst stream ever ></document>
		<document> #USER# Aren’t you supposed to be off milking your dad cat? ></document>
		<document> 😍😍😍 Just a reminder that my (much) better half also makes the occasional YouTube video. 😍😍😍 #URL# #URL# ></document>
		<document> #USER# #USER# Fuck you cunt ></document>
		<document> #USER# #USER# Fuck you cunt ></document>
		<document> #USER# Fuck you. I’m gorgeous. Blocked. #URL# ></document>
		<document> Twitter makes it easy. ></document>
		<document> I don’t “get mad.” I wake up mad and look for things to justify my anger. ></document>
		<document> please god no #URL# ></document>
		<document> #USER# #USER# Isn’t the point here that both of these are obviously fake? ></document>
		<document> Lol, stupid libs/leftists think that the climate changing is part of climate change. So dumb. #URL# ></document>
		<document> #USER# The wrong opinion. ></document>
		<document> Did everyone just get amnesia and forget that Zack Snyder sucks at filmmaking? ></document>
		<document> #USER# Fuck, man. :( ></document>
		<document> #USER# Then they cancel each other out and you're just a normie. ></document>
		<document> #USER# What the fuck is your problem, cunt? ></document>
		<document> #USER# Cringe is cringe. ></document>
		<document> RT #USER#: Check out our new episode tonight, premiering @ 8pm EST. The Worst Fates of Wrestlers get DEEP FAT FRIED! ></document>
		<document> #USER# #USER# #USER# #USER# #USER# Who cares? It's twitter. ></document>
		<document> #USER# #USER# #USER# #USER# #USER# He disagreed with me. ></document>
		<document> #USER# #USER# #USER# #USER# #USER# Probably just the limitations of this forum. ></document>
		<document> #USER# #USER# #USER# #USER# #USER# How is it not? ></document>
		<document> #USER# #USER# #USER# #USER# #USER# No. Where’d you get that from? ></document>
		<document> #USER# #USER# #USER# #USER# #USER# Crazy possibility: we have different twitter feeds. ></document>
		<document> #USER# #USER# #USER# #USER# #USER# Not what I saw. ></document>
		<document> #USER# #USER# #USER# #USER# As in, no, I don’t support that mob. ></document>
		<document> #USER# #USER# #USER# #USER# But my first inclination is: no. ></document>
		<document> #USER# #USER# #USER# #USER# I have not seen the film. ></document>
		<document> #USER# No I won’t. ></document>
		<document> #USER# #USER# #USER# #USER# Yes. No. No, it isn’t. ></document>
		<document> Dude, Trump was just New Coke. Think about it. Fuck you. ></document>
		<document> #USER# Your hate is fucking delicious. ></document>
		<document> #USER# ADHD makes all things crystal clear. ></document>
		<document> #USER# Your autism has clouded your judgment. ></document>
		<document> #USER# You'd better start knowing! ></document>
		<document> #USER# This, but unironically. ></document>
		<document> #USER# Blocked you too, bitch ></document>
		<document> #USER# #USER# #USER# #USER# What have I said that’s rude to you? ></document>
	
</author><document> #USER# I have to do my best to get my nose fist. ></documentation>
<documentation> Or this bitch is a psycho. don't know. ></documentation>
<document> If this isn't the hilarious tweet you're thinking of, keep in mind I'm 1. crazy 2. hi 3. crazy hi ></document>
<Documentation> You could say Cancel Culture went haywire, but I can't because Amok was canceled! ></Documentation>
<Documentation> Unless it wakes you up to "Actually Ghostbusters (2016) wasn't bad", I think it's okay if it wakes you up a bit. ></documentation>
<document> #USER# #USER# #USER# Fun fact: I never called myself a Marxist. ></documentation>
<document> #USER# We're talking about children's books, so I'm not sure that argument holds up here. ></documentation>
<document> RT #USER#: Look who suddenly fell in love with cancellation culture! ></document>
<document> #USER# To be honest, I think there are pros and cons to that position. ></documentation>
<document> #USER# So there are no actual arguments. Gacha. ></documentation>
<Documentation> #USER# Dr. Seuss has not been censored. His own estate has chosen to stop publishing the title in question.></document>
<document> "Tucker Carlson is very manly." -no one is sarcasm></document>
<document> #USER# That's right. yes. ></documentation>
<doc> I'm not trying to offend anyone or anything, but maybe it's time to #HASHTAG#? ></doc>
<documentation> Why did you cancel the rape skunk? :( ></documentation>
<document> RT #USER#: Democratic Administration vs. Republican Administration #URL# ></document>
<document> RT #USER#: Oh my god 😂😂😂😂 #URL# ></document>
<document> RT #USER#: I stuck a banana in my butt. ></documentation>
<document> i.e. . . . #URL# ></document>
<document> #USER# They could create a "deceptive framing" category, etc. ></documentation>
<document> #USER# It doesn't make me feel better. It just makes you feel worse. ></documentation>
<document> #USER# A cult of people who listen to science and observe empirical reality. ></documentation>
<document> I'm 36 years old and have barely achieved what I wanted to do. I really need to get my shit together. ></documentation>
<document> #USER# #USER# is clearly implied. Get your reading comprehension, low IQ dipsit. ></documentation>
<document> You idiot 1. believes in God (lol) AND 2. thinks God wrote the Constitution (lolx2) #URL# ></document>
<document> RT #USER#: 'Parasite' painted on statue of Queen Elizabeth in Kent, UK #URL# ></document>
<document> Give me all the political memes, bitch. #URL# ></document>
<document> #USER# Actually less steps. ></documentation>
<document> I would never want to lose the approval of the bigoted incompetents offended by my jokes. 😭 #URL# ></document>
<Document> Super straight? No, I'm ULTRA STRAIGHT. I'm so straight that even cis men are women to me. ></Document>
<Documentation> RT #USER#: Youtube Tweet & Destroy Independent Left-Wing Commentators. complete bullshit. retrogradeThis #USER# ></document>
<Documentation> Have you heard of a new CIA torture device that actually puts people in a coma? It's called Coming 2 America. ></documentation>
<document> #USER# Arming does not prevent fascism here. In fact, people with guns seem to be most in favor of tyranny. ></documentation>
<Documentation> Womxn belongs to the kitchen. ></documentation>
<document> #USER# They are on Spotify and his show is here now. #URL# ></document>
<document> RT #USER#: We must protect our way of life #URL# ></document>
<document> Do not spit in my grave until I die. ></documentation>
<Document> These assholes are dishonest and tainting this poll. ></documentation>
<document> #USER# #USER# Further investigation shows that you're a smart loser who can't back down at any moment. ></documentation>
<document> #USER# #USER# What are you talking about? #URL# ></document>
<document> RT #USER#: OK NYT. #URL# ></document>
<Documentation> Stop worshiping staplers. #URL# ></document>
<Document> Exactly "harm reduction". #URL# ></document>
<document> RT #USER#: snopes is literally going to keep #URL# out of the internet ></document>
<document> I am incredibly grateful that you are serving your final term. :) #URL# ></document>
<document> Great late birthday gift from #USER# #URL# ></document>
<document> Damn you fuckin' fuckin' boom, you know nothing, fuckin' fuckin' bastard, Boop Boop Bop That booty bop fucks ></document>
<document> #USER# If someone told you, "I believe in God, but I'm an atheist," would you accept it? ></document>
<documentation> Okay. It's time for this bitch to go. #URL# ></document>
<document> #USER# #USER# #USER# So you're a troll. I took ></documentation>
<documentation> #USER# #USER# #USER# No, I didn't know. ></documentation>
<document> This is ironic. #URL# ></document>
<Documentation> McDonald's Crispy Chicken Sandwich: Garbage? #URL# ></document> via #USER#
<document> #USER# what are you talking about? #URL# ></document>
<Documentation> #USER# Which? Or Both? ></documentation>
<Documentation> #USER# Yeah. Just saying it's not worth it unless things are so far. ></documentation>
<document> #USER# Many motherfuckers on this site don't seem to know it's obvious. I'm glad it's clear to you and me. ></documentation>
<document> #USER# It can't be helped. ></documentation>
<Documentation> Surprising fact: complaining about the state of the world on Twitter doesn't actually make it any better. i know you are shocked. ></documentation>
<document> RT #USER#: When someone says they don't want to raise the minimum wage #URL# ></document>
<document> #USER# Why does Mexico want that shit back? ></documentation>
<document> #USER# Most of the people attacking Keith are left handed. ></documentation>
<document> #USER# Your ironclad conviction about a very obscure event is disconcerting. ></documentation>
<Documentation> Weird Weapons of War = DFF #HASHTAG# #URL# via #USER# ></document>
<document> I like Marvel, and this statement, though somewhat reductive, is essentially true. #URL# ></document>
<document> RT #USER#: Solidarity with Amazon Workers in Alabama and Union Activities in General #URL# ></document>
<document> In my opinion, you guys are great and I love you. But if you look at it objectively, you're a bunch of silly bitches and I hate you. ></document>
<document> RT #USER#: Doge Memetic Shield (Legendary Item) #URL# ></document>
<document> #USER# My father claimed to have been shown evidence that indisputably proved the federal government started the fire, but I have never seen it 🤷 ></document >
<document> #USER# Why were they stockpiling guns? Did they think the government would raid them? Paranoia Abi! Raid them! ></documentation>
<document> #USER# Life > YouTube Bullshit ></document>
<Document> Is it #USER#? Because I saw that the statue was real. And I honestly can't get past them. So, do you have proof that it's fake? ></documentation>
<document> "This is stupid" and "This is horrible" are playing a tug of war in my head. #URL# ></document>
<documentation> #USER# haha ​​totally stole it . . . 🤷></documentation>
<documentation> #USER# whatever. Engagement on my tweets seems to be increasing #URL# ></document>
<document> #USER# Missing the point. I am simply saying that there is no coherent moral framework to support an anti-choice position. ></documentation>
<Documentation> Shit. It's a natural objection, but it's the first time I've heard it! wonderful. #URL# ></document>
<document> Strange Comic Book Covers #HASHTAG# #URL# via #USER# ></document>
<document> #USER# Got beaten Get beaten clean criminal ></document>
<Documentation> #USER# There is an allusion to gay rape. ></documentation>
<document> #USER# I agree. ></documentation>
<Documentation> #USER# Lawrence of Arabia. ></documentation>
<document> motherfucker #URL# ></document>
<Documentation> #USER# Excuse me. In your case, I think it's cannibalism. ></documentation>
<document> #USER# Fuck you. ></documentation>
<Document> When conservatives use the word "free" they mean the exact opposite. ></Document>
<document> RT #USER#: Unfortunately Pikachu is deliberately scheduled to work 39.5 hours a week and is not covered by health insurance ></document>
<document> #USER# Allies blindly accept what is said without discussion! ></documentation>
<document> #USER# I don't see how that helps. ></documentation>
<Documentation> #USER# Face the truth! ></documentation>
<document> #USER# Sleep is for losers. ></documentation>
<document> Sorry. #URL# ></document>
<document> The most impressive thing I've ever seen in my life, including the moon landing. #URL# ></document>
<document> #USER# Hmm, looks like another CRYBABY was triggered ></document>
<documentation> #USER# WHY? Thought it would be fun to fit an old joke into Twitter's character limit. ></dayDescription>
<Documentation> Old joke. I don't remember where I heard it. ></documentation>
<document> #USER# We didn't lock down. That's why it's still here. What a joke. ></documentation>
<document> RT #USER#: #USER# Clearly Coca-Cola wins. ></documentation>
<Documentation> The Civil War never ends.It's subtly raging between the Coca-Cola and Pepsi factions. ></documentation>
<Documentation> Who cares? Just do it. #URL# ></document>
<Document> #USER# It's okay. Any small amount of money is fine. ></documentation>
<document> #USER# Miss Banana Lady* ></document>
<document> This is a big misunderstanding. Biden actually told the Pentagon, “Syria is a bomb!” ></documentation>
<document> #USER# what a ghost ></document>
<Document> If I ever get sex reassignment surgery, I'll change my name to Sylvania and have them call me Trans Sylvania. ></documentation>
<Documentation> Can't wait to put up a paywall on my Twitter. #HASHTAG# ></document>
<document> #USER# This is not the burn you think it is. ></documentation>
<Document> Humans are miserable. #URL# ></document>
<document> They were all lost in the mail. 😭 It's probably Trump's fault. 😤 #URL# ></Document>
<document> #USER# Ethics aside, I like that movie. ></documentation>
<Documentation> Thank you for the breaking news, Oreo. #URL# ></document>
<document> Imagine this bastard giving a pile of money to the local homeless shelter. #URL# ></document>
<document> #USER# I don't give rat butts if you are sure. You are stupid. ></documentation>
<document> #USER# Pretty stupid interpretation. That's obviously not what's being discussed here. Don't derail. ></documentation>
<documentation> #USER# How was he "tech-assisting"? He made them fight for sandwiches and shit. ></documentation>
<Documentation> #USER# DC Comics technically stands for Detective Comics Comics. So 🤷 ></document>
<document> #USER# There's a lot of weird bullshit around cast iron. ></documentation>
<document> #USER# #USER# He shouldn't have done that. ></document>
<document> In fact, there is nothing wrong with doing this. #URL# #URL# ></Document>
<document> Well, I clipped the whole universe. yay. #URL# ></document>
<Documentation> #USER# Yeah. I like good music and I don't like overrated e-waste. wonderful. #URL# ></document>
<document> From this tweet, I'm guessing we've run out of real problems. Therefore, congratulations, Earth! #URL# ></document>
<Documentation> #USER# What is Controller Drift? ></documentation>
<documentation> #USER# #USER# No, it's not. ></documentation>
<document> #USER# *fart in general direction* ></document>
<document> Hitler is just a joke, folks. The mustache was a dead giveaway. Stop taking everything so seriously. ></documentation>
<Documentation> #USER# Manson's worst songs Rape the best Daft Punks songs to death. fuckingThat bullshit right away. ></documentation>
<document> #USER# #USER# You owe me royalties #URL# ></document>
<document> #USER# said the same thing. ></documentation>
<document> I think it's inappropriate in today's world to mention that I think Daft Punk is overrated. So wait a few weeks. ></documentation>
<Documentation> Right. #URL# ></document>
<Document> #USER# Today is that day. Wear a skirt! ></documentation>
<Document> #USER# Is it because you keep using it to toss your salad? ></Document>
So much discussion of <document> is silly semantic shit about what the word description does and doesn't include. It is a waste of time. ></documentation>
<document> somic's sonic choke on dem tittays doe Somic (FT KEWBLES) #URL# via #USER# ></document>
<document> #USER# You're literally watching a clip of a man attacking Biden's dog, dog. ></documentation>
<document> #USER# Watch Your Mouth Sonny Jim #URL# ></document>
<Documentation> Happy Birthday! 🙂🥳🎉🍾 Happy Birthday to Mitch McConnell! ☹️🐢☠️🤮 ></document>
<document> Fuck your attention span (or lack thereof) #URL# ></document>
<document> Biden Tells Governor Informally: Minimum Wage Increase Likely Not Done #URL# via #USER# ></document>
<document> #USER# #USER# I also like some of Rian Johnson's other work, but yeah. Haha. ></documentation>
<Document> Do you have spaghetti? ></Document>
<document> FUCK, MARRY, KILL #USER# edition. #URL# ></document>
<document> You don't know it's a box because you're deep inside your box. Also, I can't see any other boxes. "You think you are very good." Yes. ></documentation>
<document> #USER# I love how misandry succeeds. 🙄 ></documentation>
<document> #USER# Not what I'm saying. try again. ></documentation>
<document> #USER# #USER# Not as hot as the old Frollo. ></documentation>
<document> RT #USER#: #USER# All arguments too complex for twitter. ></documentation>
<document> #USER# All the arguments are too complex for Twitter. ></documentation>
<document> #USER# As you wish. ></documentation>
<document> #USER# "Against us." ></document>
<document> #USER# I'm sorry people don't like going against the orthodoxy of the mob. ></documentation>
<document> #USER# more resources == more self-awareness ></document>
<document> RT #USER#: Bang your head against the brick wall of YouTube Read: #URL# ></document>
<document> I agree with this. #URL# ></document>
<Document> "Welcome to YouTube Support, Dave." #URL# ></Document>
<document> BLAST OUT: #USER# #USER#Creators #USER# #URL# ></document>
<document> Bang your head against the brick wall of YouTube Read: #URL# ></document>
<Documentation> #USER# No clue. ></documentation>
<document> #USER# I'm not obligated to listen to your bullshit, cat. ></documentation>
<document> #USER# #USER# So Vadim is the only one who cringes more than TJ? ></documentation>
<document> #USER# I'm sure fact-checking proves itfalse, but whatever. ></documentation>
<document> #USER# #USER# Worst stream ever ></document>
<document> #USER# Should I stop milking my mother cat? ></documentation>
<document> 😍😍😍 Mind you, my (much) better half also makes occasional YouTube videos. 😍😍😍 #URL# #URL# ></document>
<document> #USER# #USER# motherfucker ></document>
<document> #USER# #USER# motherfucker ></document>
<documentation> #USER# motherfucker. I'm gorgeous blocked. #URL# ></document>
<documentation> Twitter makes it easy. ></documentation>
<document> I'm not "mad". I wake up angry and look for something to justify my anger. ></document>
<document> #URL# please ></document>
<document> #USER# #USER# Isn't the point that both are obviously fakes? ></document>
<Documentation> Hi, stupid liberals/leftists think climate change is part of climate change. Very stupid. #URL# ></document>
<documentation> #USER# Wrong opinion. ></documentation>
<document> Did you all go amnesia and forget that Zack Snyder is a bad filmmaker? ></documentation>
<documentation> #USER# motherfucker. :( ></Document>
<document> #USER# Then they cancel each other out and you are a normal human being. ></documentation>
<document> #USER# What's wrong? ></documentation>
<documentation> #USER# I'm sick of it. ></documentation>
<document> RT #USER#: Check out the new episodes that premiere tonight at 8pm ET. A wrestler's worst fate becomes DEEP FAT FRIED! ></documentation>
<documentation> #USER# #USER# #USER# #USER# #USER# Who cares? Twitter. ></documentation>
<document> #USER# #USER# #USER# #USER# #USER# He disagreed with me. ></document>
<document> #USER# #USER# #USER# #USER# #USER# Probably a limitation of this forum. ></documentation>
<document> #USER# #USER# #USER# #USER# #USER# What do you think? ></documentation>
<documentation> #USER# #USER# #USER# #USER# #USER# No. Where did you get it from? ></documentation>
<document> #USER# #USER# #USER# #USER# #USER# Crazy possibility: we have different Twitter feeds. ></documentation>
<documentation> #USER# #USER# #USER# #USER# #USER# Not what I've seen. ></documentation>
<document> #USER# #USER# #USER# #USER# That's right, no, I don't support that mob. ></documentation>
<document> #USER# #USER# #USER# #USER# But my first inclination is: no. ></documentation>
<Document> #USER# #USER# #USER# #USER# I haven't seen that movie. ></documentation>
<document> #USER# No, don't. ></documentation>
<documentation> #USER# #USER# #USER# #USER# Yes. No, it's not. ></documentation>
<Document> Hey, Trump was just New Coke. please think about it. Fuck you. ></documentation>
<document> #USER# Your hate is fucking delicious. ></documentation>
<Documentation> #USER# ADHD makes everything clear. ></documentation>
<document> #USER# Your autism is clouding your judgment. ></documentation>
<document> #USER# Better start knowing! ></documentation>
<document> #USER# This is ironic. ></documentation>
<document> #USER# I blocked you too bitch ></document>
<documentation> #USER# #USER# #USER# #USER#Did I say it's rude to you? ></documentation>

</author>