
	
		<document> RT #USER#: EXCLUSIVE: 99% chance COVID-19 was lab-made, scientists call out the WHO #URL# #HASHTAG# #USER# ></document>
		<document> RT #USER#: The southern border is being overrun and the US military is losing their minds that Tucker Carlson criticized them ></document>
		<document> RT #USER#: Glenn Greenwald Eviscerates Ex-BuzzFeed 'Serial Plagiarist' For Leading Call To Censor Substack #URL# ></document>
		<document> RT #USER#: #USER# #USER# #USER# #USER# kinzinger should go ahead and run as a democrat ></document>
		<document> RT #USER#: 5 men arrested in human trafficking investigation in Tennessee - #URL# #URL# ></document>
		<document> RT #USER#: Those 3 stores currently pay employees an average of $18 an hour, $24 when considering benefits ></document>
		<document> RT #USER#: NEW: The Dept. of Defense has now officially responded to comments made by FOX host Tucker Carlson - ></document>
		<document> RT #USER#: #HASHTAG#: New York Speaker green-lights Cuomo impeachment investigation, separate from AG probe ➡️ ></document>
		<document> #HASHTAG# is Unconstitutional #URL# ></document>
		<document> NO == Do you think illegal immigrants should receive stimulus checks? #URL# ></document>
		<document> Tucker Carlson: Media not telling true story of George Floyd #URL# ></document>
		<document> RT #USER#: Memo: National Guard does not have enough volunteers to carry out Capitol assignment | Just The News ></document>
		<document> RT #USER#: Progressive Christianity is a tax avoidance scam for left-wing activists #URL# ></document>
		<document> RT #USER#: Never trust the Navy #URL# ></document>
		<document> Pompeo says #HASHTAG# already gone further than #HASHTAG# in creating ‘completely open borders’ #URL# #HASHTAG# ></document>
		<document> RT #USER#: SCOTUS Dismisses President Trump’s Final election Challenge with No Comments, Denies Lin Wood Also... ></document>
		<document> #HASHTAG# Of Oklahoma #HASHTAG# Announces He Is Lifting All #HASHTAG# Restrictions #URL# via #USER# ></document>
		<document> Sidney Powell Provides Updates on Judicial Challenges: "Constitutional Crisis" #URL# ></document>
		<document> House passes gun control bill expanding background checks to private transfers #URL# via #USER# ></document>
		<document> Miss. Gov. Reeves says #HASHTAG# can only insult #HASHTAG#, not manage #HASHTAG# - #URL# ></document>
		<document> RT #USER#: This is the one image that most perfectly and succinctly captures our present cultural condition #URL# ></document>
		<document> RT #USER#: Who is funding the migrant caravans and providing them with matching T-shirts? ></document>
		<document> #HASHTAG#'s greatness versus #HASHTAG#'s brokenness #URL# ></document>
		<document> The two forgotten wrongs in the #HASHTAG# case #URL# ></document>
		<document> The Choice to Trash Human Life #URL# ></document>
		<document> RT #USER#: This evening are you going to watch Biden’s primetime Covid address at 8:00 ET? ></document>
		<document> RT #USER#: The mainstream media weaves narratives to evoke an emotional response. They want you to feel instead of think. ></document>
		<document> RT #USER#: Mr. President, enough is enough. Let’s get America’s kids back in school! #URL# ></document>
		<document> RT #USER#: NOT ONLY DO WE WANT OUR PRESIDENT BACK WE NEED HIM BACK ASAP‼️‼️‼️‼️ ></document>
		<document> RT #USER#: Joe Biden and the squad want your guns!! #URL# ></document>
		<document> RT #USER#: #USER# #USER# PA NEXT PLEASE !!! ></document>
		<document> RT #USER#: NEW: Brian Stelter's CNN show 'Reliable Sources' has lost nearly 1 million viewers since Pres. Trump left office ></document>
		<document> The Roots of Insurrection: #HASHTAG# Exposed #URL# ></document>
		<document> RT #USER#: Day 51 of the Biden Administration: Tax Dollars Spent: $1,900,000,000,000 Questions Taken: 0,000,000,000,000 ></document>
		<document> RT #USER#: The US military is trying to shut down a member of the press for criticizing them. Seems like kind of a big deal. ></document>
		<document> RT #USER#: China is laughing at America and our woke president with dementia. ></document>
		<document> Popular #HASHTAG# preacher Zakir Naik: Mother Theresa is in hell because she was not Muslim - #URL# via #USER# ></document>
		<document> Oh, I wish! ;) #URL# ></document>
		<document> #HASHTAG# Says #HASHTAG# Must Resign, ‘Can No Longer Serve as #HASHTAG#’ | Sean Hannity #URL# via #USER# ></document>
		<document> RT #USER#: That $1,400 check is going to get you only three tanks of gas by the time you get it! ></document>
		<document> GREAT! == Recall Calif. Gov. #HASHTAG# effort surpasses 2M signatures - #URL# ></document>
		<document> RT #USER#: #USER# Love it ❤️❤️❤️ ></document>
		<document> Oh I have NO doubt that #HASHTAG# is a shadow President. #URL# ></document>
		<document> RT #USER#: Correction: The school is Fieldston High School in The Bronx, NY ></document>
		<document> RT #USER#: Fox Business: GasBuddy analyst Patrick DeHaan predicts a national average of $3 a gallon "as early as April" ></document>
		<document> RT #USER#: House passes "COVID-19 Relief" Bill - 220-211 #URL# ></document>
		<document> "Created" in His image... but then one ages. #URL# ></document>
		<document> The build-up begins: #HASHTAG# plans a #HASHTAG# road show #URL# ></document>
		<document> #HASHTAG#’s #HASHTAG# Brouhaha is Just the Start #URL# ></document>
		<document> #HASHTAG# Are Just Part of the #HASHTAG#' Uniform #URL# ></document>
		<document> Keep the 'nuke' button away from #HASHTAG#'s basement #URL# ></document>
		<document> Ungrateful spoiled brats #HASHTAG# #URL# ></document>
		<document> RT #USER#: BREAKING: MN Prosecutors strike the juror who said she supports All Lives Matter ></document>
		<document> RT #USER#: Prospective juror #HASHTAG# testifies he believes Blue Lives Matter is a racist cause ></document>
		<document> Poll: #HASHTAG# voters lose confidence in #HASHTAG#, overwhelmingly support #HASHTAG# #URL# ></document>
		<document> Virginia state investigator alleges intimidation by Democratic Governor Northam’s staff #URL# via #USER# ></document>
		<document> 5 they KNOW of #URL# ></document>
		<document> RT #USER#: Retweet to strip Harry and Meghan of their Royal titles. If it reaches 50k retweets, we take it to Parliament. ></document>
		<document> RT #USER#: If cnn existed back in 1941: #URL# ></document>
		<document> Oh wow! I feel for you and anyone living near the border. Stay safe! #USER# #URL# ></document>
		<document> LOL Good to know. #URL# ></document>
		<document> RT #USER#: Florida AG to Take Legal Action Against Biden Admin for Releasing Dangerous Criminal Aliens #URL# ></document>
		<document> RT #USER#: Ted Cruz Boils Biden Presidency Down to 3 Words: “Boring but Radical” #URL# ></document>
		<document> RT #USER#: Gavin Newsom Recall Organizers: Petition Has Enough Signatures to Get Statewide Ballot #URL# ></document>
		<document> RT #USER#: #USER# We need term limits. It is too bad Designated Survivor was just a TV series. ></document>
		<document> RT #USER#: How the Nevada Democrat Socialists Ousted the Traditional Democrat Party and Why You Should Pay Attention ></document>
		<document> RT #USER#: Peter Doocy Report on Border Crisis Contradicts Psaki, Raises More Questions on What Biden Knows About It ></document>
		<document> RT #USER#: Cringeworthy: Senior Cuomo Aide Vies for 'Worst Hot Take Ever' Award as a Sixth Accuser Steps Forward ></document>
		<document> ICYMI == 15 Insane Things In Democrats' H.R. 1 Bill To Corrupt Elections Forever #URL# ></document>
		<document> Hong Kong's Swift Descent Into Chinese Oppression Should Alarm Us All #URL# ></document>
		<document> For National Security Reasons, Let's Keep #HASHTAG# In The Basement #URL# ></document>
		<document> RT #USER#: .#USER#: WATCH: Cruz Destroys the Case for Vanita Gupta #URL# ></document>
		<document> RT #USER#: Cartels and human traffickers see Biden’s open borders as prime opportunities. #HASHTAG# #URL# ></document>
		<document> RT #USER#: #USER# #USER# Biden ignores, I meme. #URL# ></document>
		<document> RT #USER#: Piers Morgan storms off set, quits 'Good Morning Britain' after Meghan Markle remarks - #URL# ></document>
		<document> RT #USER#: BREAKING: FBI releases new video of suspect planting bombs before Capitol riot - #URL# ></document>
		<document> RT #USER#: Rebecca McCray responded to a screenshot of the tweet with this: #URL# ></document>
		<document> RT #USER#: NEW: NBA All-Star Game draws record-low viewership, averaging 5.94 million viewers (down 18% from last year) ></document>
		<document> RT #USER#: LIVE: Cuomo holds press briefing after 6th accuser comes forward #URL# ></document>
		<document> RT #USER#: #USER# REPORTED: The Cuomo administration is behind the statement ></document>
		<document> #HASHTAG# Builds Leverage for ‘Overhaul’ of #HASHTAG# With Fundraising Gambit #URL# via #USER# ></document>
		<document> Trump Jr. Claims Cheney Allies Are Working to Defeat Wyoming Senate Bill on Election Runoffs #URL# via #USER# ></document>
		<document> #HASHTAG# Ignores Question on Border Crisis as He Visits Small Business in DC #URL# via #USER# ></document>
		<document> RT #USER#: Democrats: -Migrant facilities open. -Schools still closed. ></document>
		<document> RT #USER#: A capitol wrapped in barbed wire looks like the capitol of a socialist country. Not America. ></document>
		<document> THAT WOULD BE JUSTICE == Criminal Charges Possible Against Michigan Governor #HASHTAG# for Nursing Home Deaths #URL# ></document>
		<document> RT #USER#: WATCH: A reporter confronted Psaki with facts about the border crisis, she still refused to call it a crisis. ></document>
		<document> RT #USER#: Democrats move in for the political kill shot with this bill - but if it passes will the SCOTUS uphold it? ></document>
		<document> RT #USER#: 25% of Illegal Immigrants Dropped in Texas City Test Positive for COVID #URL# ></document>
		<document> LOL == A 'Major' Incident Occurred in the #HASHTAG# #HASHTAG# Last Week and We're Just Finding Out #URL# ></document>
		<document> RT #USER#: Juror #HASHTAG# just testified that she has strong feelings on the George Floyd case and can’t be impartial ></document>
		<document> RT #USER#: Watching Jim Clyburn on Fox News: Can someone in South Carolina retire this man!!! Hopefully a Trump Republican!! ></document>
		<document> #HASHTAG# Election Bill H.R. 1 Nullifies Constitutional Bargain #URL# ></document>
		<document> RT #USER#: Biden's Pick For Defense Policy Is A Russian Collusion Hoaxer Who Repeatedly Smeared GOP Senators On Twitter ></document>
		<document> Chinese Communist Party Violating Every Act Of Genocide Convention New Legal Report Finds. #URL# ></document>
		<document> RT #USER#: Mass layoffs announced at HuffPost today ></document>
		<document> RT #USER#: The border crisis is by design not by mistake. ></document>
		<document> RT #USER#: BREAKING: 6th woman comes forward against NY Gov Andrew Cuomo. ></document>
		<document> 50% of #HASHTAG# Say #HASHTAG# Not ‘Physically, Mentally’ Fit for Presidency. #HASHTAG# #URL# ></document>
		<document> RT #USER#: One America News Investigates: Weaponizing Sex and Gender #URL# #HASHTAG# #USER# ></document>
		<document> RT #USER#: BREAKING: ITV announces Piers Morgan is leaving Good Morning Britain. #URL# ></document>
		<document> RT #USER#: GOP Lawmakers: Joe Biden’s Border Policies a ‘Super Spreader Event’ #URL# ></document>
		<document> RT #USER#: Stimulus Package Includes $86 Billion Bailout For Union Pensions #URL# ></document>
		<document> RT #USER#: Why are illegal crossings up 200% since last year? 🤔 ></document>
		<document> RT #USER#: Joe Biden Gives Vote-by-Mail a Huge Boost with Horrifying Executive Order #URL# ></document>
		<document> RT #USER#: WATCH: Ted Cruz Delivers Most Savage Takedown EVER of Biden's DOJ Nominee #URL# ></document>
		<document> RT #USER#: You have not been living through a pandemic. You have been living through an authoritarian takeover. ></document>
		<document> RT #USER#: Trump won in a landslide - the election was fixed. Biden was never elected. ></document>
		<document> RT #USER#: $2 trillion dollars on “stimulus” was spent without one single Republican vote in the house or senate. ></document>
		<document> RT #USER#: BREAKING REPORT: Prosecutors say Michigan Gov. Gretchen Whitmer could face CRIMINAL CHARGES over COVID deaths... ></document>
		<document> RT #USER#: #USER# #USER# Compromised to the max. Must be a miserable life. ></document>
		<document> RT #USER#: WOW! GATEWAY PUNDIT just featured my tweet. thank you #USER# ! source: #URL# ></document>
		<document> RT #USER#: The fascist Democrat party. The world may never recover. #URL# ></document>
		<document> RT #USER#: Andy has now threatened defamation lawsuit. Rumor has it John has a fresh $70,000 on the table #URL# ></document>
		<document> RT #USER#: Is obesity the biggest national security risk we are facing right now? #URL# ></document>
		<document> RT #USER#: Lincoln Project founders wanted to partner with Weaver in new venture despite harassment claims: Report ></document>
		<document> RT #USER#: Cotton slams Senate Dems for blocking amendment barring stimulus checks for prisoners #URL# #HASHTAG# ></document>
		<document> RT #USER#: McEnany: 'I warned the reporters' Biden would be a no-show in White House Briefing Room #URL# #HASHTAG# ></document>
		<document> RT #USER#: We're in the middle of Corporatist Communism. ></document>
		<document> RT #USER#: BREAKING - Lawmakers introduce an impeachment resolution against New York Governor Cuomo. ></document>
		<document> RT #USER#: ❗️Gun Owners of America has warned against Garland’s nomination for his AG and his anti-gun record. Take action ➡️ ></document>
		<document> RT #USER#: #USER# blue anon: A loosely organized network of Democrat voters, poli... #URL# ></document>
		<document> RT #USER#: Dependence on government is slavery. ></document>
		<document> ....and fix election fraud #HASHTAG# by #USER#! #URL# ></document>
		<document> RT #USER#: CCR stands ready to support President Trump in 2024! #HASHTAG# 🇺🇸 #URL# ></document>
		<document> RT #USER#: Good thing we closed the gyms for so long #URL# ></document>
		<document> RT #USER#: Thank you #USER# ☺️🤙🏻🇺🇸 #URL# ></document>
		<document> RT #USER#: 'Ratcliffe says Durham agrees there was ‘no intelligence’ showing Trump-Russia collusion.' From #USER#: ></document>
		<document> RT #USER#: Love to know what the almighty Fauci has to say about this. #URL# ></document>
		<document> RT #USER#: WATCH: Biden tries to remember the name of his Defense Secretary when thanking him—it goes poorly. #URL# ></document>
		<document> RT #USER#: Dear President Biden: Would be great if you would "build back better" along our southern border. ></document>
		<document> RT #USER#: How about renaming the Jeep Cherokee the Neanderthal? ></document>
		<document> RT #USER#: BREAKING: President Biden grants temporary legal status to thousands of Venezuelans in the U.S. ></document>
		<document> RT #USER#: Nothing matters until elections matter ></document>
		<document> RT #USER#: CDC releases new Covid guidelines for fully vaccinated people #URL# #URL# ></document>
		<document> RT #USER#: #HASHTAG#: Resolution to impeach Gov. Cuomo to be introduced NY lawmakers - #URL# #URL# ></document>
		<document> RT #USER#: LIVE COVERAGE | Murder trial begins for officer charged in George Floyd’s death - #URL# ></document>
		<document> RT #USER#: WATCH: Psaki is asked what Biden's plan is for schools to reopen—her response is revealing. #URL# ></document>
		<document> RT #USER#: #USER# #USER# The most compromised SCOTUS justice in history. ></document>
		<document> RT #USER#: The Supreme court Is A Farce--What Constitution Are They Referring to??--Not Ours!! ></document>
		<document> Biden Signs Executive Order Aimed at Expanding 'Voter Access' #URL# ></document>
		<document> Cancel culture run amok #URL# ></document>
		<document> #HASHTAG#'s latest executive order is his most frightening yet #URL# ></document>
		<document> #HASHTAG# 'didn't do any research' on the British royal family, exposing herself as a fool #URL# ></document>
		<document> ===&gt; Putin's Former Chief of Staff Calls #HASHTAG# a Champion against New World Order #URL# ===&gt; ></document>
		<document> Preventing a Repeat of Disastrous #HASHTAG# Policies #URL# ></document>
		<document> I Used To Be #HASHTAG# #URL# ></document>
		<document> RT #USER#: People are finally starting to ignore the fear mongers. ></document>
		<document> A NO BRAINER == MORGAN: #HASHTAG# Won’t Solve #HASHTAG#, It Will Create More Of It #URL# via #USER# ></document>
		<document> SURPRISING NO ONE == #HASHTAG# Admin Officials Had Roles in Probes, Surveillance of #HASHTAG# Campaign #URL# via #USER# ></document>
		<document> ===&gt; BREAKING: #HASHTAG# #HASHTAG# sued by 12 states over #HASHTAG# #URL# ></document>
		<document> RT #USER#: No! Not interested in listening to you!!! #URL# ></document>
		<document> RT #USER#: Charlie Kirk said Meghan Markle is "making it up like Jussie Smollett" and Prince Harry is a "metrosexual beta male" ></document>
		<document> RT #USER#: Normalize ignoring celebrities ></document>
		<document> RT #USER#: I'am praying for the day when Joe Biden walks out onto the podium with no pants on ... ></document>
		<document> No. Happily married for years. #URL# ></document>
		<document> NOTE! == #HASHTAG# Is Only Dissenter Against #HASHTAG# Students In 8-1 #HASHTAG# #HASHTAG# Case #URL# ></document>
		<document> Virginia #HASHTAG# Gubernatorial Candidate Challenges Opponents To Join Open Schools Pledge #URL# ></document>
		<document> #HASHTAG# And #HASHTAG# Start To Admit 'A Real Big Problem At The #HASHTAG#' #URL# ></document>
		<document> #HASHTAG# Is Having An Embarrassing Meltdown Over #HASHTAG#'s Existence #URL# ></document>
		<document> RT #USER#: Lockdowns never once "stopped" the virus, but they did destroy the lives of millions of healthy people. ></document>
		<document> 15 Insane Things In #HASHTAG#' H.R. 1 Bill To Corrupt Elections Forever #URL# ></document>
		<document> Things to Obsess About Until They Nuke Us #URL# ></document>
		<document> H.R. 1 Is a Partisan Assault on American Democracy #URL# ></document>
		<document> AND ASAP == Top N.Y. state lawmakers calls for Gov. #HASHTAG# to resign - #URL# ></document>
		<document> #HASHTAG#'s SC IS USELESS == #HASHTAG# rejects final #HASHTAG# bid to nullify 2020 #HASHTAG# results #URL# ></document>
		<document> Report: 8M eligible Americans never got stimulus check - #URL# ></document>
		<document> #HASHTAG# #HASHTAG# #HASHTAG# SHAME ON YOU #HASHTAG# #HASHTAG#andMeghan #URL# ></document>
		<document> RT #USER#: It only costs us $1,900,000,000,000 to receive a $1,400 check. ></document>
		<document> RT #USER#: Today's Democrat Party is so radicalized, they prioritize people here illegally over the safety of Americans. ></document>
		<document> RT #USER#: A lot of people fell for Meghan Markle's latest publicity stunt! ></document>
		<document> ===&gt; BREAKING: #HASHTAG# Says Fully-Vaccinated People Can Gather Without #HASHTAG# #URL# ></document>
		<document> RT #USER#: Oil didn’t hit $70 because of some random attacks. This is inflation creeping up fast ></document>
		<document> The Brief Podcast: Gov. #HASHTAG#’s Sexual Harassment Scandal Is His Political Obituary #URL# via #USER# ></document>
		<document> A Quick Guide to #HASHTAG# and Avoiding #HASHTAG# Online. #URL# ></document>
		<document> #HASHTAG# Will Allow Migrant Camps For Children To Operate At 100% Capacity #URL# ></document>
		<document> Sen. Barrasso: #HASHTAG# Stimulus Bill Is a 'Liberal Wish List' | #URL# #URL# via #USER# ></document>
		<document> New federal election law would expand controversial state practices used in 2020 nationwide #URL# ></document>
		<document> RT #USER#: Congress got their $1.9 trillion, so can we end the mask charade and open everything up? ></document>
		<document> NY paper that endorsed #HASHTAG# three times calls for his resignation - Sara A. Carter : Sara A. Carter #URL# ></document>
		<document> RT #USER#: Only Trump supporters can be superspreaders but migrant caravans are perfectly safe. Got it.. ></document>
		<document> RT #USER#: Sen. Paul Says ‘Scientific Evidence is Overwhelming, Kids Should Be Back in School’ #URL# ></document>
		<document> RT #USER#: I care more about Andrew Cuomo killing thousands of people--than being a creep. But that's just me. ></document>
		<document> RT #USER#: We must investigate US military members social media for signs of Blue Anon extremism in the ranks ></document>
		<document> RT #USER#: LOL. Dictator Biden signed another unconstitutional decree in the militarized capital today. ></document>
		<document> RT #USER#: Beware of dangerous conspiracy theories! 🔵 #HASHTAG# #USER# #URL# ></document>
		<document> RT #USER#: #HASHTAG# is trending! To the moon 🚀🚀🚀 #URL# ></document>
		<document> RT #USER#: Quite a difference between searching Google and DuckDuckGo for "Blue Anon" #HASHTAG# #URL# ></document>
		<document> RT #USER#: Biden and his caretakers are destroying the Nation the first month of his Presidency. #URL# ></document>
		<document> RT #USER#: #USER# Now that is funny ></document>
		<document> RT #USER#: The media should care way more about a nursing home death scandal than sexual harassment accusations ></document>
		<document> RT #USER#: Cuomo #HASHTAG# Hoax Distracts From Real COVID-19 Nursing Home Deaths Scandal #URL# ></document>
		<document> RT #USER#: Now the State Assembly Speaker has signaled he supports Cuomo resigning. Blood in the water. #URL# ></document>
		<document> RT #USER#: Charles Blow is so woke he can’t sleep. ></document>
		<document> RT #USER#: WOULD YOU WEAR A MASK IF IT WASN'T REQUIRED? ></document>
		<document> RT #USER#: BREAKING: Since Joe Biden was sworn in, 114,704 people have died from COVID due to his mismanagement of the pandemic. ></document>
		<document> RT #USER#: Mich. judge reinstates voting fraud case following forensic probe of Dominion voting machines - #URL# #HASHTAG# ></document>
		<document> RT #USER#: I retweeted it. #URL# ></document>
		<document> RT #USER#: Switzerland passes a ban on burqa by a 51.2% majority #URL# ></document>
		<document> RT #USER#: The filibuster rule allows a minority of 41 senators (out of 100 total) to prevent a vote on most types of legislation ></document>
	
</author><document> RT #USER#: EXCLUSIVE: 99% sure COVID-19 was made in a lab, scientists call WHO #URL# #HASHTAG# #USER# ></document>
<document> RT #USER#: Southern borders are overrun, US military is mad that Tucker Carlson criticized them ></document>
<document> RT #USER#: Glenn Greenwald exposed former BuzzFeed "serial plagiarist" leading calls to censorship substack #URL# ></document>
<document> RT #USER#: #USER# #USER# #USER# #USER# Kinzinger should go ahead and run as a democrat ></document>
<document> RT #USER#: Five Men Arrested in Tennessee Human Trafficking Investigation - #URL# #URL# ></document>
<document> RT #USER#: These 3 stores currently pay their employees an average of $18 an hour, which is $24 when benefits are taken into account ></document>
<document> RT #USER#: NEW: The Department of Defense has officially responded to FOX host Tucker Carlson's comments -></document>
<document> RT #USER#: #HASHTAG#: green light for New York House Speaker Cuomo impeachment inquiry, separate from AG inquiry ➡️ ></document>
<document> #HASHTAG# is illegal #URL# ></document>
<document> No == Do you think illegal immigrants should be subject to stimulus checks? #URL# ></document>
<document> Tucker Carlson: The Media Isn't Telling the True Story of George Floyd #URL# ></document>
<Document> RT #USER#: NOTE: THE NATIONAL GUARD DOESN'T HAVE ENOUGH VOLUNTEERS TO FULFILL THE CAPITALS MISSION | JUST THE NEWS ></document>
<document> RT #USER#: Progressive Christianity is Leftist Activist Tax Evasion Scam #URL# ></document>
<document> RT #USER#: Never trust the Navy #URL# ></document>
<document> Pompeo says #HASHTAG# already goes beyond #HASHTAG# to create a "fully open border" #URL# #HASHTAG# ></document>
<document> RT #USER#: SCOTUS dismisses President Trump's final election challenge without comment, Lin Wood also denies... ></document>
<document> Oklahoma's #HASHTAG# #HASHTAG# Announces Lifting All #HASHTAG# Restrictions #URL# via #USER# ></document>
<document> Sidney Powell Provides Update on Judicial Challenge: 'Constitutional Crisis' #URL# ></document>
<document> House Passes Gun Control Bill, Extends Background Checks to Private Transfers Via #URL# Via #USER#></document>
<document> Governor Reeves says #HASHTAG# can only insult #HASHTAG# and cannot control #HASHTAG# - #URL# ></document>
<document> RT #USER#: This is the single most complete and concise image of our current cultural landscape #URL# ></document>
<document> RT #USER#: Who funds migrant caravans and provides matching t-shirts?></document>
<document> The beauty of #HASHTAG# and the fragility of #HASHTAG# #URL# ></document>
<document> Two Forgotten Mistakes in the #HASHTAG# Incident #URL# ></document>
<document> Choosing to give up human life #URL# ></document>
<document> RT #USER#: Are you planning on watching Biden's Covid address tonight at 8:00 PM ET prime time?></document>
<Document>RT #USER#: Mainstream media weaves stories together to evoke an emotional response. I want you to feel, not think. ></documentation>
<document> RT #USER#: President, enough is enough. Let's get America's kids back in school! #URL# ></document>
<document> RT #USER#: We don't just want the president back!! ️!! ️!! ️!! ️!! ️!! ️!! ️!! ️ ></document>
<document> RT #USER#: Joe Biden and team want your guns!! #URL# ></document>
<Document> RT #USER#: #USER# #USER# PA NEXT PLEASE !!! ></Document>
<document> RT #USER#: NEW: Brian Stelter's CNN show "Reliable Sources" has lost nearly a million viewers since Pres. Trump resigns ></document>
<document> Origin of Riot: #HASHTAG# Exposure #URL# ></document>
<document> RT #USER#: Day 51 of Biden Administration: Taxes Spent: $1,900,000,000,000 Questions Received: 0,000,000,000,000 ></document>
<document> RT #USER#: The US military is trying to silence the press who criticized them. Sounds like a big deal. ></documentation>
<document> RT #USER#: China is laughing at America and its president who woke up with dementia. ></documentation>
<document> POPULAR #HASHTAG# Preacher Zakir Naik: Mother Teresa is in Hell for not being a Muslim - #URL# via #USER# ></document>
<Documentation> Oh, good! ;) #URL# ></document>
<documentation> #HASHTAG# must step down from #HASHTAG#, says ``I can no longer serve as #HASHTAG#'' | Sean Hannity #URL# via #USER# ></document>
<document> RT #USER#: That $1,400 check only gets you 3 tanks of gas by the time you get it! ></document>
<Document> Like! == REMEMBER CALIFORNIA GOVERNMENT #HASHTAG# INITIATIVE HAS MORE THAN 2 MILLION SIGNATURES - #URL# ></document>
<document> RT #USER#: #USER# Like ❤️❤️❤️ ></document>
<Document> There is no doubt that #HASHTAG# is the shadow president. #URL# ></document>
<document> RT #USER#: Correction: School is Fieldston High School, Bronx, NY ></document>
<document> RT #USER#: Fox Business: GasBuddy Analyst Patrick DeHaan Projects National Average $3 per Gallon "as early as April" ></document>
<document> RT #USER#: House Passes “COVID-19 Relief” Bill - 220-211 #URL# ></document>
<document> was "created" in his image...but a person ages. #URL# ></document>
<document> The Stacking Begins: #HASHTAG# Plans #HASHTAG# Roadshow #URL# ></document>
<document> #HASHTAG#'s #HASHTAG# fuss is just the beginning #URL# ></document>
<document> #HASHTAG# is part of #HASHTAG#' #URL# ></document>
<document> Keep the "Nuclear" button away from #URL# under #HASHTAG# ></document>
<document> The ungrateful spoilers #HASHTAG# #URL# ></document>
<document> RT #USER#: BREAKING: MN Prosecutor Attacks Juror Who Says She Supports All Lives Matter ></document>
<document> RT #USER#: Jury Candidate #HASHTAG# testifies that he believes Blue Lives Matter is a racist cause ></document>
<Documentation> Poll: #HASHTAG# voters lose faith in #HASHTAG#, overwhelmingly support #HASHTAG# #URL# ></Documentation>
<document> Virginia investigators allege intimidation by officials of Northam Democratic Governor #URL# via #USER# ></document>
<document> 5 things you know about #URL# ></document>
<Documentation> RT #USER#: Retweet to strip Harry and Meghan of their royal titles. If it reaches 50k retweets, it will be taken to Congress. ></documentation>
<document> RT #USER#: If cnn existed in 1941: #URL# ></document>
<Documentation> Wow! I feel sorry for you and for those who live near the border. Take care! #USER# #URL# ></document>
<Documentation> Lol Good to know. #URL# ></document>
<document> RT #USER#: Florida AG Takes Legal Action Against Biden Admins Who Freed Dangerous Alien Criminals #URL# ></document>
<document> RT #USER#: Ted Cruz Sums Up Biden's Presidency In Three Words: "Boring But Radical" #URL# ></document>
<document> RT #USER#: Gavin Newsom's Recall Organizer: Petition has enough signatures to get a statewide vote #URL# ></document>
<document> RT #USER#: #USER# Time limit required. It's a shame Designated Survivor was just a TV series. ></documentation>
<document> RT #USER#: How Socialists in the Nevada Democratic Party ousted the traditional Democrats and why we should care ></document>
<document> RT #USER#: Peter Doocy's report on border crisis contradicts Psaki, raises further questions about what Biden knows about it ></document>
<document> RT #USER#: Cringeworthy: Sixth whistleblower, Sr. Cuomo vies for "Worst Hot Take Ever" award ></document>
<document> ICYMI == 15 Insane Things In The Democratic Party's H.R. 1 Bill To Stain The Election Forever #URL# ></document>
<document> Hong Kong's rapid repression by China should wake us all up #URL# ></document>
<document> Keep #HASHTAG# underground for national security reasons #URL# ></document>
<document> RT #USER#: .#USER#: WATCH: Cruz Destroys the Case for Vanita Gupta #URL# ></document>
<document> RT #USER#: Cartels and traffickers see Biden's open borders as their best opportunity. #HASHTAG# #URL# ></document>
<document> RT #USER#: #USER# #USER# Ignore Biden, meme. #URL# ></document>
<document> RT #USER#: Piers Morgan takes Offset by storm, quits 'Good Morning Britain' after Meghan Markle's remarks - #URL# ></document>
<document> RT #USER#: BREAKING: FBI releases new video of bomb planter before Capitol riot - #URL# ></document>
<document> RT #USER#: Rebecca McCray replied to the tweet screenshot: #URL# ></document>
<document> RT #USER#: NEW: NBA All-Star Game viewership hits record low, averaging 5.94 million viewers (down 18% from last year) ></document>
<document> RT #USER#: LIVE: Cuomo holds press conference after sixth whistleblower comes forward #URL# ></document>
<document> RT #USER#: #USER# REPORTED: The Cuomo Administration Is Behind the Statement ></document>
<document> #HASHTAG# Builds Leverage for #HASHTAG# "Overhaul" and Fundraising Campaign #URL# via #USER# ></document>
<Document> Trump Jr. Claims Cheney AllyWorking To Beat Wyoming Senate Bill In Election Runoff Ballot #URL# via #USER# ></document>
<document> #HASHTAG# Ignores Border Crisis Questions and Visits Small Businesses in Washington, D.C. via #URL# #USER# ></document>
<Document> RT #USER#: Democrats: - Immigration facilities open. - Schools are still closed. ></documentation>
<document> RT #USER#: The parliament building wrapped in barbed wire looks like a socialist parliament building. Not America. ></documentation>
<document> It would be justice == Potential Criminal Prosecution against Michigan Governor for Nursing Home Death #HASHTAG# #URL# ></document>
<document> RT #USER#: WATCH: A reporter confronted Psaki with the facts about the border crisis, but she still refused to call it a crisis. ></documentation>
<document> RT #USER#: Democrats have started calling for political carnage with this bill - but if it passes, will SCOTUS support it? ></document>
<document> RT #USER#: 25% of illegal immigrants dropped in Texas City test positive for COVID #URL# ></document>
<document> LOL == Last week's "major" incident on #HASHTAG# #HASHTAG# and #URL# currently under investigation ></document>
<document> RT #USER#: Juror #HASHTAG# testified that he had strong feelings about George Floyd's case and could not be impartial ></document>
<document> RT #USER#: Watching Jim Clyburn on Fox News: Can someone in South Carolina retire this guy!!!hopefully a trump republican!!></document>
<document> #HASHTAG# Election Bill H.R. 1 Voids Constitutional Bargaining #URL# ></document>
<document> RT #USER#: Biden's pick for defense policy is Russian collusion hoax that repeatedly denigrated Republican senators on Twitter ></document>
<Document> Chinese Communist Party Violates All Acts of Genocide Convention New legal report found. #URL# ></Document>
<document> RT #USER#: mass layoffs announced in Huffington Post today ></document>
<document> RT #USER#: The border crisis was intentional, not a mistake. ></documentation>
<document> RT #USER#: BREAKING: A sixth woman has stepped forward against New York Governor Andrew Cuomo. ></documentation>
<Document> 50% of #HASHTAG# say #HASHTAG# is "physically and mentally" unfit for the presidency. #HASHTAG# #URL# ></document>
<document> RT #USER#: One America News Investigates: Weaponizing Sex and Gender #URL# #HASHTAG# #USER# ></document>
<document> RT #USER#: BREAKING: ITV has announced that Piers Morgan is leaving Good Morning Britain. #URL# ></document>
<document> RT #USER#: GOP Rep: Joe Biden's Border Policy Is a 'Super Spreader Event' #URL# ></document>
<document> RT #USER#: Stimulus Package Includes $86 Billion Relief for Union Pensions #URL# ></document>
<document> RT #USER#: Why has illegal traversing increased 200% since last year? 🤔 ></document>
<document> RT #USER#: Joe Biden Gives Mail-in Vote A Big Boost With Scary Executive Order #URL# ></document>
<document> RT #USER#: WATCH: Ted Cruz delivers the most brutal takedown of Biden's DOJ nominee ever #URL# ></document>
<document> RT #USER#: You didn't live in breadDemic. You have been through an authoritarian takeover. ></documentation>
<document> RT #USER#: Trump won in a landslide - election fixed. Biden didn't get elected. ></documentation>
<Document> RT #USER#: $2 Trillion Spent on “Stimulus” without a single GOP vote in the House or Senate. ></documentation>
<document> RT #USER#: BREAKING NEWS: Prosecutors say Michigan Gov. Gretchen Whitmer could face criminal charges for death from COVID...></document>
<document> RT #USER#: #USER# #USER# Must be a miserable life. ></documentation>
<documentation> RT #user#: Wow! GATEWAY PUNDIT introduced me to my tweet. Thank you #USER# !Source: #URL# ></Document>
<document> RT #USER#: Fascist Democrats. The world may never recover. #URL# ></document>
<document> RT #USER#: Andy is now threatening a defamation lawsuit. Rumor has it that John has another $70,000 on the table #URL# ></document>
<document> RT #USER#: Is obesity the biggest national security risk we face today? #URL# ></document>
<document> RT #USER#: Lincoln Project Founder Wanted to Partner with Weaver on New Venture Despite Harassment Allegations: Report ></document>
<document> RT #USER#: Cotton slams Senate Democrats for blocking amendment to ban stimulus checks on prisoners #URL# #HASHTAG# ></document>
<document> RT #USER#: McEnany: "I Warned Reporters" Biden Won't Appear In White House Briefing Room #URL# #HASHTAG# ></document>
<document> RT #USER#: We are in the midst of corporatist communism. ></documentation>
<document> RT #USER#: BREAKING NEWS - Lawmakers introduce impeachment motion against New York Governor Cuomo. ></documentation>
<document> RT #USER#: ❗️Gun Owners of America warned against nominations for Garland's AG and Anti-Gun Records. Act ➡️ ></document>
<document> RT #USER#: #USER# blue anon: loosely organized Democratic voter networks, politics... #URL# ></document>
<Documentation> RT #USER#: Dependence on government is slavery. ></documentation>
<documentation> ....Fix fraudulent elections by #USER# #HASHTAG#! #URL# ></documentation>
<documentation> RT #USER#: CCR is ready to support President Trump in 2024! #HASHTAG# 🇺🇸 #URL# ></document>
<document> RT #USER#: Glad I closed the gym for so long #URL# ></document>
<document> RT #USER#: Thank you #USER# ☺️🤙🏻🇺🇸 #URL# ></document>
<document> RT #USER#: "Ratcliffe says Durham admits there was 'no information' indicating collusion between Trump and Russia. ” from #USER#: ></document>
<document> RT #USER#: I want to know what Almighty Fauci has to say about this. #URL# ></document>
<document> RT #USER#: WATCH: Biden tries to remember his name when thanking the Secretary of Defense, but it doesn't work. #URL# ></document>
<document> RT #USER#: DEAR PRESIDENT BIDEN: We wish you a "REBUILD BETTER" along our southern border. ></documentation>
<document> RT #USER#: What about renaming a Jeep Cherokee to Neanderthal? ></document>
<documentation> RT #USER#: BREAKING: President Biden grants temporary legal status to thousands of Venezuelans in the US ></document>
<document> RT #USER#: Everything is fine until elections matter ></document>
<document> RT #USER#: CDC releases new Covid guidelines for fully vaccinated people #URL# #URL# ></document>
<document> RT #USER#: #HASHTAG#: RESOLUTION TO IMPEACH GOVERNOR CUOMO AND INTRODUCTION TO NEW YORK LEGISLATIVES - #URL# #URL# ></document>
<Document> RT #USER#: LIVE COVERAGE | Murder Trial Begins For Police Officer Indicted In Death Of George Floyd - #URL# ></document>
<document> RT #USER#: WATCH: Psaki asked about Biden's plans to reopen schools - her answer is clear. #URL# ></document>
<document> RT #USER#: #USER# #USER# The most compromised SCOTUS justice ever. ></documentation>
<document> RT #USER#: The Supreme Court is a farce -- what constitution are they referring to? -- NOT OURS!! ></document>
<document> Biden Signs Executive Order To Expand “Voter Access” #URL# ></document>
<document> Cancel culture run amock #URL# ></document>
<document> #HASHTAG#'s latest executive order is the scariest ever #URL# ></document>
<document> #HASHTAG# exposes idiots for 'doing no research' on British royal family #URL# ></document>
<documentation> ===&gt;Putin's former chief of staff calls #HASHTAG# a defender against the New World Order #URL# ===&gt; ></documentation>
<document>Preventing recurrence of disastrous #HASHTAG# policies #URL# ></document>
<document> I was #HASHTAG# #URL# ></document>
<document> RT #USER#: Finally people started ignoring what they fear. ></document>
<document> A NO BRAINER == MORGAN: #HASHTAG# does not resolve #HASHTAG#. Create #URL# via #USER# ></document>
<document> Surprise no one == #HASHTAG# Admins played a role in investigating and monitoring the #HASHTAG# campaign #URL# via #USER# ></document>
<document> ===&gt; BREAKING: #HASHTAG# #HASHTAG# #HASHTAG# #URL# ></document>
<documentation> RT #USER#: No! I'm not interested in hearing you!!! #URL# ></documentation>
<document> RT #USER#: Charlie Kirk said Meghan Markle was 'made up like Jussie Smollett' and Prince Harry was a 'metrosexual beta male' ></document>
<document> RT #USER#: normalize ignoring celebrities ></document>
<document> RT #USER#: Wishing Joe Biden the day he walks out on the podium without his pants on... ></document>
<Documentation> No. I have been happily married for many years. #URL# ></document>
<Document> Attention! == #HASHTAG# is 8-1 #HASHTAG# #HASHTAG# case #URL# ></document>
<document> Virginia #HASHTAG# Gubernatorial Candidate Challenges Opposition to Join Open School Pledge #URL# ></document>
<document> #HASHTAG# and #HASHTAG# begin to admit that "#HASHTAG# has a real big problem" #URL# ></document>
<document> #HASHTAG# has an embarrassing meltdown over the existence of #HASHTAG# #URL# ></document>
<document> RT #USER#: Never LockdownIt once "stopped" the virus, but it destroyed the lives of millions of healthy people.></document>
<document> 15 INSANE THINGS IN #HASHTAG# H.R. 1 BILL FOREVER Staining Elections #URL# ></document>
<document> Things to watch out for until a nuclear attack #URL# ></document>
<document> H.R. 1 is a partisan attack on American democracy #URL# ></document>
<document> AND ASAP == Top New York legislators #HASHTAG# demand governor's resignation - #URL# ></document>
<document> #HASHTAG# SC IS USELESS == #HASHTAG# REJECT FINAL #HASHTAG# BID VOIDING #HASHTAG# RESULTS FOR 2020 #URL# ></document>
<document> Report: 8 Million Eligible Americans Not Getting Stimulus Checks - #URL# ></document>
<document> #HASHTAG# #HASHTAG# #HASHTAG# Shame on you #HASHTAG# #HASHTAG#andMeghan #URL# ></document>
<document> RT #USER#: It only costs $1,900,000,000,000 to receive a $1,400 check. ></documentation>
<document> RT #USER#: Today's Democrat Party is so radical that it illegally puts the people here over the safety of the American people. ></documentation>
<document> RT #USER#: Many people were fooled by Meghan Markle's latest publicity stunt! ></document>
<document> ===&gt;BREAKING: #HASHTAG# says fully vaccinated people can gather without #HASHTAG# #URL# ></document>
<document> RT #USER#: Oil did not reach $70 due to some random attacks. This is fast creeping inflation ></document>
<document> The Brief Podcast: Gov. #HASHTAG#'s sexual harassment scandal is his political obituary #URL# via #USER# ></document>
<Documentation> A quick guide to #HASHTAG# and #HASHTAG# online avoidance. #URL# ></document>
<document> #HASHTAG# Makes Migrant Camps for Kids 100% Capable #URL# ></document>
<Document> Senator Barrasso: #HASHTAG# Stimulus Bill Is 'Liberal Wish List' | #URL# #URL# via #USER# ></document>
<document> New federal election law will extend controversial state practices used in 2020 nationwide #URL# ></document>
<document> RT #USER#: Now that Congress has $1.9 trillion, can we end the mask charade and open up everything? ></document>
<document> NY newspaper that endorsed #HASHTAG# three times calls for his resignation - Sara A. Carter : Sara A. Carter #URL# ></document>
<document> RT #USER#: Only Trump supporters can be super spreaders, but migrant caravans are perfectly safe. Ok.. ></document>
<document> RT #USER#: Senator Paul Says "Scientific Evidence Is Overwhelming, Kids Should Go Back to School" #URL# ></document>
<document> RT #USER#: I care about Andrew Cuomo killing thousands of people. But it's just me. ></documentation>
<document> RT #USER#: US military members' social media should be investigated for signs of Blue Anon extremists ></document>
<documentation> RT #USER#: lol. Dictator Biden today signed another unconstitutional order in the militarized capital. ></documentation>
<documentation> RT #USER#: Beware of dangerous conspiracy theories! 🔵 #HASHTAG# #USER# #URL# ></document>
<documentation> RT #USER#: #HASHTAG# is trending! To the Moon🚀🚀🚀 #URL# ></document>
<document> RT #USER#: Searching for "Blue Anon" on Google and DuckDuckGo are quite different #HASHTAG# #URL# ></document>
<document> RT #USER#: Biden and his caretakers are destroying the country in the first month of his presidency. #URL# ></document>
<document> RT #USER#: #USER# Interesting ></document>
<document> RT #USER#: The media should be more concerned with nursing home death scandals than with sexual harassment accusations ></document>
<document> RT #USER#: Cuomo #HASHTAG# Hoax Turns Away From Real COVID-19 Nursing Home Death Scandal #URL# ></document>
<document> RT #USER#: State House Speaker Signaled Support for Cuomo's Resignation. blood in water. #URL# ></document>
<document> RT #USER#: Charles Blow is too awake to sleep. ></documentation>
<document> RT #USER#: Would you like to wear a mask if you don't have to? ></document>
<document> RT #USER#: BREAKING: Since Joe Biden took office, 114,704 people have died from COVID due to his mismanagement of the pandemic. ></documentation>
<document> RT #USER#: Michigan Judge Reinstates Voter Fraud Case Following Forensic Investigation of Dominion Voting Machines - #URL# #HASHTAG# ></document>
<Document> RT #USER#: Retweeted. #URL# ></document>
<document> RT #USER#: Switzerland votes 51.2% to ban burqa #URL# ></document>
<document> RT #USER#: Filibuster rules allow 41 minority senators (out of 100 total) to block votes on most types of legislation ></document>

</author>