
	
		<document> #USER# I’m telling you girl mfs don’t make no sense!! Just will say anything!! 😂 ></document>
		<document> Just running their pussy kissers!! ></document>
		<document> Men really be talking 🥴 ></document>
		<document> RT #USER#: I never faked my care to someone..always stayed genuine. ></document>
		<document> RT #USER#: humans really had the creative freedom to make any reality they wanted and we chose racism and credit scores ></document>
		<document> RT #USER#: GIVĒON and Brent dropping tonight. Talk to us nice ></document>
		<document> RT #USER#: Man... Just bring it back for one week... all I need is one week 😭😭😭 #URL# ></document>
		<document> When I come home next weekend ion wanna talk if you ain’t buying me crawfish 😂and I’m leaving on Sunday ></document>
		<document> I think we need to have a serious discussion about herd immunity 😊 ></document>
		<document> RT #USER#: So this dude can just do any accent... #URL# ></document>
		<document> I really need to get me some food 😩 ></document>
		<document> Girl you sound like my grandma 😂😂 #URL# ></document>
		<document> RT #USER#: Trying to build a life with him. Brick by brick. ></document>
		<document> RT #USER#: if we texting past 12 am ur replies gotta be within seconds ></document>
		<document> Boy, I was knocked 😩 ></document>
		<document> My mf stomach hurt 🥴it’s that time. Let me go nap ></document>
		<document> 😂😂man please don’t listen to everything on the internet. #URL# ></document>
		<document> RT #USER#: New Orleans leading the country in COVID-19 vaccinations #URL# ></document>
		<document> RT #USER#: Father shaved for the very first time,watch his twin kids reaction reaction 😂😭😍 #URL# ></document>
		<document> It’s really corona’s anniversary ></document>
		<document> RT #USER#: I love when the host ends the meeting before I can click leave. Yes! Lead by example! ></document>
		<document> RT #USER#: Netflix subtitles be like [speaking Spanish] BRO😭 translate it thennn ></document>
		<document> RT #USER#: I ain’t even complaining about gas nomo.. This $20 going ina tank whether it’s 1.99 or 2.50...😂😂 ></document>
		<document> RT #USER#: These the type men you gotta save the big piece of chicken for. ></document>
		<document> RT #USER#: “You can’t drown no alligator. They live in water. That’s their habitat” 😭😂😂 A Bow Wow classic scene #URL# ></document>
		<document> My grandma have dinner done before 3pm she cooking in the morning she gone enjoy her day #URL# ></document>
		<document> RT #USER#: If I share my location with you, you are now responsible for my life if I go missing ></document>
		<document> My mf stomach hurt 😩😩 ></document>
		<document> RT #USER#: We run it up for everything else. This baby is going to need some therapy too. #URL# ></document>
		<document> I’m hungry asf. It’s Peanut Butter Jelly timeeeee ></document>
		<document> RT #USER#: All-time classic movie scene #URL# ></document>
		<document> RT #USER#: parents when you mention your mental illness might have something to do with how you were raised #URL# ></document>
		<document> This weather getting me sick 😩 ></document>
		<document> A few more hours ></document>
		<document> I need some tea this morning ></document>
		<document> RT #USER#: fam I’ve been dying for hours 😂😂😂😂 #URL# ></document>
		<document> Today seem so weird and long 😂like wtf ></document>
		<document> My nose never burned in my sleep before 😩 ></document>
		<document> I’ve woken up like 3 three times, my nose been burning like a mfer, and I been hot asf 😩🥴 ></document>
		<document> RT #USER#: Being asked to enter my work history after already uploading my resume #URL# ></document>
		<document> Bruh this is what I deal with everyday! #URL# ></document>
		<document> RT #USER#: i got 37 tabs open in my head rn ></document>
		<document> ready to go 5:10 me please ></document>
		<document> RT #USER#: Dis combination don’t get enough credit. #URL# ></document>
		<document> #USER# Lmao what’s the insta. I need to see this ></document>
		<document> RT #USER#: I feel you watching over me grandpa.🥺❤️ ></document>
		<document> Tried to do work today and it was still unproductive 😩 ></document>
		<document> RT #USER#: “IS EVERYTHING A JOKE TO YOU?” Me: #URL# ></document>
		<document> Okay now I need my hair done 😩 ></document>
		<document> RT #USER#: A lot of shit broke me but I didn’t fold ></document>
		<document> When I first started driving I use to switch lanes like I was a mf nascsr driving 😂my daddy said damn you gone turn us over ></document>
		<document> RT #USER#: ⚠️ MISSING - Marquise Jones - 21 years old - Last seen Feb. 25 in the 7th Ward - Foul play possible MORE: ></document>
		<document> RT #USER#: If u got me... I got u. ></document>
		<document> RT #USER#: Gotta remove some ppl to receive all your blessing ></document>
		<document> 😂😂😂😂me with my grandma #URL# ></document>
		<document> RT #USER#: Yawl WAY too comfortable hitting men and ion like det.... ></document>
		<document> RT #USER#: Black people in Mississippi still don’t have running water. It’s been three weeks. ></document>
		<document> RT #USER#: Where is May 2022!?☹️ ></document>
		<document> RT #USER#: Me trying to calm down after a mf done pushed all my buttons: #URL# ></document>
		<document> RT #USER#: I listen to the same music everyday just in a different order 😭 ></document>
		<document> RT #USER#: Every stem girl I know from college would’ve distributed these vaccines faster using a doodle poll and a facebook event ></document>
		<document> RT #USER#: Bro hit the wall and turned back into a dog ></document>
		<document> RT #USER#: Me clicking “leave meeting” while everybody saying bye #URL# ></document>
		<document> I just want to pack my mfing car and go home!! ></document>
		<document> #USER# Asf I liked it tho ></document>
		<document> RT #USER#: every day I wake up and say “I’m tired of this grandpa” and every day the universe says “that’s too damn bad” ></document>
		<document> Im hungry 😩wtf I’m about to eat ></document>
		<document> Y’all send me some low calorie meals ></document>
		<document> RT #USER#: Y’all sleep already? Let’s not forget #URL# ></document>
		<document> RT #USER#: Life’s better when you’re laughing more ></document>
		<document> RT #USER#: Happy Women’s History month. #URL# ></document>
		<document> RT #USER#: when someone in the backseat tries to give driving advice #URL# ></document>
		<document> I need to do my hair 😩 ></document>
		<document> RT #USER#: BREAKING: Reports confirm that Black History can still be acknowledged outside of February. ></document>
		<document> RT #USER#: Have you thanked yourself for carrying you this far in life yet? ></document>
		<document> I hate it here ></document>
		<document> We are already in the third month of 2021 ></document>
		<document> I’m so over it 😢 ></document>
		<document> I love to think of change as easy. ></document>
		<document> If you don’t like the game, then change the rules ></document>
		<document> RT #USER#: DO NOT BEG ANYONE TO LOVE YOU OR SEE YOUR LIGHT ></document>
		<document> Niggas really be pressed about the truth!! ></document>
		<document> Taking myself out Tuesday 😊 ></document>
		<document> I dont like to repeat myself ></document>
		<document> I really love being in my apartment and I’ve found so much solace being here 😩 ></document>
		<document> This me when I’m forced to go somewhere 😂😂I will not give energy straight up #URL# ></document>
		<document> RT #USER#: Love yourself more. ></document>
		<document> I watch the videos of my nephew all day ></document>
		<document> Puka was so happy to see me and it was vice versa 😢brought my sis some treats and all. It’s a shame her daddy acting like a hoe. ></document>
		<document> Blake really ruined a whole night!😒 for no reason. ></document>
		<document> I want the same energy I give like wtf! ></document>
		<document> Like wow I really jumped the fence cause I was mad afff ></document>
		<document> I just wanna go home and hold my nephew that’s it 😒😢 ></document>
		<document> 😊😊😊almost 2 hours... let’s goo ></document>
		<document> I just want crawfish 😩 ></document>
		<document> RT #USER#: Being unappreciated is the worst feeling ></document>
		<document> They really tried to come from me ></document>
		<document> RT #USER#: Everybody shiesty now huh? I tell you what.... stay away from me😂 ></document>
		<document> RT #USER#: Me asking my dad why my cars making a weird noise #URL# ></document>
		<document> RT #USER#: 26 inches. middle part. bone straight. jet black. yea, i need that. ></document>
		<document> RT #USER#: Paying 30 days of rent in a month without 30 days doesn’t sit right with me #URL# ></document>
		<document> RT #USER#: One thing about Florida folks they gon dance lol #URL# ></document>
		<document> RT #USER#: making the best outta every situation ></document>
		<document> Idk what I want to eat. Pasta or Mac n cheese ></document>
		<document> I want some crawfish like now ></document>
		<document> Airfyering some chicken tonight 😂boy me and this lil thing been on the roll!! ></document>
		<document> RT #USER#: I surely can attest that none of you niggas was there #URL# ></document>
		<document> On some fuck everyone type shit today. I’m taking care of me!! ></document>
		<document> I woke up so late 😩🥴 ></document>
		<document> The sofa looking real good ></document>
		<document> I’m so sleepy I dont want to fix my bed 😩😩 ></document>
		<document> RT #USER#: You had to be there....honestly. #URL# ></document>
		<document> Okay, I submitted an assignment today. ></document>
		<document> RT #USER#: u can talk all that shit but i know ima vibe u miss 😁 ></document>
		<document> Then this migraine will make me beat anybody ass 😊 ></document>
		<document> Like idk why I’m so tired? I went to bed early and all! ></document>
		<document> I have been fighting with my whole life to keep my eyes opened today. It’s been hard 😩😒 ></document>
		<document> I’m really thinking about not going to this class 😩 ></document>
		<document> Dr. Nusseibeh is the funniest man I ever met 😂😂and don’t get me started when he pull out his cigarette to smoke during a discussion ></document>
		<document> They’ve been trying to push this J&amp;J vaccine hard 🥴Johnson &amp; Johnson been having me skeptical since they cancer scandal ></document>
		<document> I got a few coins in the bank let me go put some gas in my car 😂fill my baby up. Iykyk! I will put 15-20 dollars and keep it pushing ></document>
		<document> SO, the truth is I haven't learned my lesson! ></document>
		<document> It's gonna take a while ></document>
		<document> I wasn't on Twitter but I had to come back to express myself. ></document>
		<document> Be kind to yourselves - Dr. Maria McKenna ></document>
		<document> Damnnn, this bitch badder than me 😂😂 #URL# ></document>
		<document> RT #USER#: What Luther Vandross did on “Never Too Much” was historic. ></document>
		<document> RT #USER#: seen u fall in love with goofies i was NEVER ur type ></document>
		<document> #USER# You lmk.... please I just eat granola bars and fruits ... please help. ></document>
		<document> RT #USER#: That man threw his hands up like “wait we all ain’t racist in this bitch?” ></document>
		<document> My body really a mfing hater! ></document>
		<document> I just wanna get some jerk from Chicago 😩😩 ></document>
		<document> RT #USER#: Shopping at Dollar Tree is like “I might as well, it’s only a dollar bitch” ></document>
		<document> RT #USER#: When everything going good in your life Yo car: #URL# ></document>
		<document> RT #USER#: it's the way her dress did not betray her. it didn't even budge. not a nip slip or coochie lip in sight. QUEEN. ></document>
		<document> RT #USER#: Y'all literally were not there, baby. #URL# ></document>
		<document> RT #USER#: my father dont ever think like let me send my daughter $500 today ></document>
		<document> Everyone is chasing a lifestyle you just need to figure out which one you are chasing. ></document>
		<document> My body a whole hater!! ></document>
		<document> Notre Dame really sent me a punk ass email from community standards!! Fuck y’all! ></document>
		<document> RT #USER#: Some things I’ve made recently #URL# ></document>
		<document> #USER# It’s me, I am my love language ❤️ ></document>
		<document> RT #USER#: Ion think I have a love language jus leave me alone lmao ></document>
		<document> #USER# I miss you too ></document>
		<document> The state of Indiana been ripping me off since I got here 😩 ></document>
		<document> RT #USER#: How it started: How it’s going: #URL# ></document>
		<document> I think ima make a shrimp wrap 😩😩 ></document>
		<document> What am I eating for dinner 😩😩 ></document>
		<document> I havent met a real one yet! ></document>
		<document> RT #USER#: I’m a voice actor and I’m always open for work so someone hire me (pls) 😂 #URL# ></document>
		<document> Big flexxxxx 🥰and my insurance 130 talk to me nice!! #URL# ></document>
		<document> RT #USER#: Searching for the Zoom link 5 seconds before the meeting starts: ></document>
		<document> Who sell pretty nose rings? I like bug studs ></document>
		<document> If he ain’t paying for the toes he can’t pick the color ></document>
		<document> For the past week, I’ve been riding in the car without my license 🥴 ></document>
		<document> RT #USER#: its always “ i wanna see black women win” until a black woman raises 11k for hospital bills... now its for clout🧍🏾‍♀️ ></document>
		<document> This whole story crazy and it’s unfortunate that a little baby had to die! #URL# ></document>
		<document> RT #USER#: I want whatever the people who run at 6am have ></document>
		<document> The money make the girls grin ></document>
		<document> I am unavailable ></document>
		<document> Self care type of day 🥰 ></document>
		<document> I want a bob 😩😩 ></document>
		<document> Lmao no cap I wake up annoyed ></document>
		<document> RT #USER#: The owners of BLK MKT Vintage are engaged! We love to see Black Queer Love! Congrats to Kiyanna and Jannah 🖤 ></document>
		<document> RT #USER#: hey twitter, i just wanted to let y’all know that i got accepted into 50 schools🥰 #URL# ></document>
		<document> I take drugs when I feel lonely ></document>
		<document> So glad I’m off tomorrow 😩😩lawd I’m just ready to go home ></document>
		<document> RT #USER#: Have you noticed how your phone is never in any of your dreams? ></document>
		<document> RT #USER#: Ever feel like nobody understands you? ></document>
		<document> RT #USER#: stay low key, then pop out ></document>
		<document> #USER# Only when it was necessary I cared about your development ❤️ ></document>
		<document> #USER# #USER# Now you a got damn lie!!😂😂 ></document>
		<document> I’m convinced this weather is fucking up my car!!! ></document>
		<document> Out of class now to work ></document>
		<document> Idk who tf needs to hear this but PUT YO MF MASK ABOVE YOUR MOUTH AND NOSE! ></document>
		<document> Folks at Notre Dame mad weird! ></document>
		<document> Everyone who knows me know I’m 10000% behind my grandma!! Lady really my whole heart ❤️no matter how many times we bump heads ></document>
		<document> RT #USER#: UPDATE: A missing 10-year-old girl has been found safe. #URL# ></document>
		<document> RT #USER#: I’m so fucking tired of working #URL# ></document>
		<document> Definitely going get me a smoothie when I get out of class ></document>
		<document> Ain’t no wayyy.. my acid reflux been on 10. I cant sleep. ></document>
		<document> RT #USER#: Help bring her home !!! Missing from New Iberia, La 🥺 #URL# ></document>
		<document> I want crawfish 😩😩 ></document>
		<document> RT #USER#: Abolish job applications that want you to upload a resume AND fill out the work history section! ></document>
		<document> I will violate you so I really try to be nice!! ></document>
		<document> I won thank you!!!! ></document>
		<document> #USER# sir, please! just relax! ></document>
		<document> Brady just get a 3 pt and end the qtr thanks ></document>
		<document> Umm so can my pools number at least come out before Brady wins 😂😂 ></document>
		<document> Man it’s brick dick outside 😩😩 ></document>
		<document> RT #USER#: This is exactly how I feel in conversations about Covid #URL# ></document>
		<document> RT #USER#: I love New Orleans. 😂 #URL# ></document>
		<document> I’m ready to go home. Idk how many times I can wipe this counter 😂😩 ></document>
		<document> RT #USER#: I’ve wore a mask more than a bra this year mad 😭😭😭 ></document>
		<document> RT #USER#: Bro spending money on nasty food will have you in tears 😂😂😂 like wtf ></document>
		<document> RT #USER#: lord... ur children down here got me paying bills when you already paid the ultimate price😩 ></document>
		<document> RT #USER#: teyonah parris is so pretty #URL# ></document>
		<document> I just want my bed 😩 ></document>
		<document> #USER# No fr son. Its been a struggle getting out of bed ></document>
		<document> I really gotta do better ></document>
	
</author><document> #USER# girl mfs says it doesn't make sense!! say anything!! 😂 ></document>
<Document> Just kiss her pussy!! ></Document>
<document> Men really talk 🥴 ></document>
<document> RT #USER#: I have never misrepresented my care to anyone..I have always been loyal. ></document>
<document> RT #USER#: We chose racism and credit scores because humans really had creative freedom and could make what they wanted into reality ></document>
<document> RT #USER#: GIVĒON and Brent drop tonight. Best regards ></document>
<document> RT #USER#: hey... just bring me one week... i wish i had one week 😭😭😭 #URL# ></document>
<Document> When I get home next weekend, I'd love to talk to you about buying some crawfish 😂 And I'm leaving on Sunday></Document>
<document> I think we need to have a serious discussion about herd immunity 😊 ></document>
<document> RT #USER#: So this guy can have any accent... #URL# ></document>
<document> I really need to get some food 😩 ></document>
<document> Grandma, you look like grandma 😂😂 #URL# ></document>
<document> RT #USER#: Trying to build a life with him. Brick by brick. ></documentation>
<document> RT #USER#: If you send a text message after 12:00 AM, you must reply within seconds ></document>
<document> Knocked 😩 ></document>
<Document> My stomach hurts 🥴 it's time. let me take a nap ></document>
<Documentation> 😂😂 Don't listen to everything on the internet. #URL# ></document>
<document> RT #USER#: New Orleans Leads Nation in COVID-19 Vaccines #URL# ></document>
<document> RT #USER#: See how twins react when their dad shaves for the first time 😂😭😍 #URL# ></document>
<document> It's really Corona Memorial Day ></document>
<document> RT #USER#: I like the host to end the meeting before I click leave. yes! Lead by example! ></documentation>
<document> RT #USER#: Subtitles on Netflix look like [Speak Spanish]. BRO😭 Please translate. ></document>
<document> RT #USER#: I'm not complaining about Gas Nomo.. Whether it's 1.99 or 2.50, this $20 is in the tank...😂😂 ></document>
<document> RT #USER#: We need to save big chickens for these types of men.></document>
<Documentation> RT #USER#: "You can't drown an alligator. They live in water. That's where they live." 😭😂😂 Classic Doggie Scene #URL# ></document>
<document> Grandma has dinner before 3pm, cooks in the morning and goes out to enjoy the day #URL# ></document>
<document> RT #USER#: If I share my whereabouts with you, you will be responsible for my life if I go missing ></document>
<document> My stomach hurts 😩😩 ></document>
<document> RT #USER#: Run for everything else. This baby also needs treatment. #URL# ></document>
<document> Hungry asf. It's time for peanut butter jelly!></document>
<document> RT #USER#: Classic Movie Scenes #URL# ></document>
<document> RT #USER#: parent when mentioning your mentalityIllness may be related to how you were raised #URL# ></document>
<document> This weather makes me sick 😩 ></document>
<document> a few more hours ></document>
<document> I need tea this morning ></document>
<document> RT #USER#: fam I've been dying for hours 😂😂😂😂 #URL# ></document>
<document> seems so weird and long today 😂wtf like ></document>
<document> I never had a burning nose in my sleep 😩 ></document>
<document> I woke up 3 times 3 times and my nose was burning and it was hot😩🥴 ></document>
<document> RT #USER#: You are being asked to enter your work history after you have already uploaded your resume #URL# ></document>
<document> Well, this is what I deal with every day! #URL# ></document>
<document> RT #USER#: I have 37 tabs open in my head rn ></document>
<document> ready 5:10 please ></document>
<document> RT #USER#: This combination doesn't get enough credit. #URL# ></document>
<document> #USER# Lmao What is Instagram? You should see this ></document>
<document> RT #USER#: I feel like Grandpa is watching over me 🥺❤️ ></document>
<document> I tried to work today but was still unproductive 😩 ></document>
<Document> RT #USER#: "Are you all kidding me?" Me: #URL# ></document>
<document> OK, I need to get my hair done 😩 ></document>
<document> RT #USER#: A lot of shit broke me but I didn't fold ></document>
<document> When I first started driving, I used to switch lanes like driving a mf nascsr 😂 Daddy said you flipped us over ></document>
<document> RT #USER#: ⚠️ Missing - Marquise Jones - Age 21 - Last seen Feb 25, Ward 7 - Possible cheating Details: ></document>
<document> RT #USER#: If you got me... I got you. ></documentation>
<document> RT #USER#: Must remove some people to receive all your blessings ></document>
<document> 😂😂😂😂 With Grandma #URL# ></document>
<document> RT #USER#: Yawl WAY too comfortable to attack det like men and ions.... ></document>
<document> RT #USER#: Blacks in Mississippi still don't have running water. It's been 3 weeks. ></documentation>
<document> RT #USER#: Where is May 2022!?☹️ ></document>
<document> RT #USER#: mf trying to calm down after pressing all buttons: #URL# ></document>
<document> RT #USER#: I listen to the same music every day in different order😭 ></document>
<document> RT #USER#: Every stem girl I know in college should have used doodle polls and Facebook events to distribute these vaccines sooner ></document>
<document> RT #USER#: Bro hit a wall and turned back into a dog ></document>
<document> RT #USER#: I clicked "leave meeting" while everyone was saying goodbye #URL# ></document>
<Document> I just want to pack up my production car and go home!! ></Document>
<document> #USER# Asf I like it tho ></document>
<document> RT #USER#: Every day I wake up and say 'I'm sick of this grandpa' and every day the Universe says 'That's too bad'></document>
<Document>I'm hungry 😩wtf Let's eat ></document>
<document> Everyone please send me a low calorie meal ></document>
<document> RT #USER#: Have you slept yet? Don't forget #URL# ></document>
<document> RT #USER#: Laughing makes life more fun ></document>
<document> RT #USER#: Happy Women's History Month. #URL# ></document>
<document> RT #USER#: When someone in the backseat tries to give driving advice #URL# ></document>
<document>I need to fix my hair😩 ></document>
<document> RT #USER#: BREAKING NEWS: Black History may be allowed beyond February, according to reports. ></documentation>
<document> RT #USER#: Have you ever thanked someone for getting you this far in life? ></document>
<document> I hate this place ></document>
<document>We are in the third month of 2021></document>
<document> Done 😢 ></document>
<document> I like to think of change as easy. ></document>
<document> If you don't like the game, change the rules ></document>
<document> RT #USER#: Don't let anyone love you or see your light ></document>
<Document> Get the truth out of them!! ></Document>
<document> I'm going out on Tuesday 😊 ></document>
<document> I don't want to repeat ></document>
<document> I love being in my apartment, it's so comforting to be here 😩 ></document>
<document> This me when I was forced to go somewhere😂😂I don't directly emit energy #URL# ></document>
<document> RT #USER#: love yourself more. ></documentation>
<document> Watching my nephew's videos all day ></document>
<Document> Puka was very happy to see me and vice versa 😢 She brought sweets and other stuff for her little sister. Too bad her dad acts like a hoe. ></documentation>
<Documentation> Blake really ruined the whole night!😒 For no reason. ></documentation>
<documentation> I want the same energy that I give like wtf! ></documentation>
<document> Wow, I was so mad I jumped over the fence ></document>
<document> I just want to go home and hug my nephew 😒😢 ></document>
<document> 😊😊😊 almost 2 hours... let's go ></document>
<document> I want crayfish 😩 ></document>
<document> RT #USER#: I feel terrible not being evaluated ></document>
<document> They really tried to come from me ></document>
<document> RT #USER#: Isn't everyone nice? What do I say to you.... stay away from me 😂 ></document>
<document> RT #USER#: I asked my dad why my car was making weird noises #URL# ></document>
<documentation> RT #USER#: 26 inches. Middle part. Straight bones. Jet black. yeah i need that ></documentation>
<document> RT #USER#: Paying 30 days rent in a month without 30 days doesn't work for me #URL# ></document>
<document> RT #USER#: I mean Florida guys dancing lol #URL# ></document>
<document> RT #USER#: Make the best out of every situation ></document>
<document> Know what you want to eat. pasta or mac & cheese ></document>
<Document> I want crayfishLike now ></document>
<Document> I'm air frying chicken tonight 😂 Me and this little thing are going great!! ></Document>
<document> RT #USER#: I can definitely prove your friend wasn't there #URL# ></document>
<document> Everyone's typing like shit today. Thank you for your help!! ></document>
<document> I got up very late 😩🥴 ></document>
<document> Really nice sofa ></document>
<document> I'm sleepy and don't want to fix my bed😩😩 ></document>
<document> RT #USER#: You should have been there.... Honestly. #URL# ></document>
<document> I submitted an assignment today. ></documentation>
<document> RT #USER#: You can talk all your shit but I know the mood right now I miss you 😁 ></document>
<document> So this migraine is second to none 😊 ></document>
<document> Why are you so tired? I went to bed early! ></documentation>
<document> I have fought all my life today to keep my eyes open. It was hard😩😒 ></document>
<document> I'm seriously considering not going to this class 😩 ></document>
<document> Dr. Nusseibeh is the funniest man I have ever met😂😂 And don't get me started when he tries to smoke during an argument></document>
<document>They have been pushing hard for this J&amp;J vaccine🥴Johnson &amp;; Johnson has been skeptical of me since the cancer scandal></document>
<Document> I have a few coins in the bank, so let me go get gas in the car. Live! I put in $15-$20 and keep pushing it></document>
<document> Yes, actually I haven't learned my lesson! ></document>
<document> This will take a while ></document>
<document> I wasn't on Twitter, but I had to come back to express myself. ></documentation>
<document> Be Kind to Yourself - Dr. Maria McKenna ></document>
<document> Damn this bitch is worse than me 😂😂 #URL# ></document>
<document> RT #USER#: What Luther Vandross did with "Never Too Much" was historic. ></documentation>
<document> RT #USER#: I saw you in love with Goofy, but I was never your type ></document>
<document> #USER# You.... just eat granola bars and fruit...please help.></document>
<document> RT #USER#: The guy put his hand up. ></documentation>
<documentation> My body really hates muffins! ></documentation>
<document> I want to go crazy from Chicago 😩😩 ></document>
<document> RT #USER#: Shopping at Dollar Tree is like "I'm fine, I'm just selling dollars" ></document>
<document> RT #USER#: When everything is fine in life Yo car: #URL# ></document>
<document> RT #USER#: That's why her dress didn't betray her. I didn't move. No visible nip slips or coochie lips. Queen. ></documentation>
<document> RT #USER#: I literally wasn't there baby. #URL# ></document>
<document> RT #USER#: My dad doesn't expect his daughter to send him $500 today ></document>
<Document> The lifestyle that everyone is chasing you jYou have to figure out what you're chasing. ></documentation>
<Document> Whole body is hated!! ></Document>
<document> Notre Dame sent me some really crappy emails by community standards!! ></documentation>
<document> RT #USER#: Recently Created #URL# ></document>
<document> #USER# It's me, I am my love language ❤️ ></document>
<document> RT #USER#: Ion think I think I have a love language jus leave me alone lmao ></document>
<document> #USER# I miss you too></document>
<document> Indiana has been eating me since I got here 😩 ></document>
<document> RT #USER#: How to get started: Progress: #URL# ></document>
<document> I think I'll make a shrimp wrap 😩😩 ></document>
<document> What am I having for dinner 😩😩 ></document>
<document> I haven't met the real thing yet! ></documentation>
<document> RT #USER#: I'm a voice actor and I'm always working, so please hire someone (pls) 😂 #URL# ></document>
<documentation> Big flexxxxx 🥰 and my insurance 130 speaks nicely!! #URL# ></documentation>
<document> RT #USER#: Searching for Zoom link 5 seconds before meeting starts: ></document>
<document> Who sells cute nose rings? I like bugstads ></document>
<document>Can't choose color without paying for toes ></document>
<Document> I've been driving without a license for the past week🥴 ></Document>
<document> RT #USER#: ALWAYS 'I WANT TO SEE BLACK WOMEN WIN' UNTIL BLACK WOMEN RAISED $11,000 FOR HOSPITAL BILLS...NOW FOR INFLUENCE🧍🏾‍♀️ ></ document>
<documentation> This whole story is crazy and it's a shame the little baby had to die! #URL# ></documentation>
<document> RT #USER#: I want whatever the man running at 6 in the morning has ></document>
<document> Money makes girls smile ></document>
<document> absent ></document>
<document> Today's self-care type 🥰 ></document>
<document> I want Bob 😩😩 ></document>
<document> Lmao no cap I wake up annoyed ></document>
<Documentation> RT #USER#: The owner of BLK MKT Vintage is engaged! I love watching Black Queer Love! Congrats Kiyanna and Jannah 🖤 ></document>
<document> RT #USER#: Twitter, I want to let you know that I passed 50 schools 🥰 #URL# ></document>
<document> Take medicine when you're lonely ></document>
<document> Glad I have a day off tomorrow 😩😩lawd ready to go home ></document>
<document> RT #USER#: Did you notice that your phone never appeared in your dreams? ></document>
<document> RT #USER#: Have you ever felt like nobody understood you? ></document>
<document> RT #USER#: to say the least and jump out ></document>
<document> #USER# Only cared about your growth when needed ❤️ ></document>
<document> #USER# #USER# Liar!!😂😂 ></document>
<document> I'm sure this weather is messing up my car!!! ></document>
<document> Finished class and started working ></document>
<Documentation> Whoever needs to hear this, put MF MASK on your MOUTH and nose! ></documentation>
<Documentation> Notre Dame, what a madness! ></documentation>
<document> Anyone who knows me knows I'm 10000% behind grandma!!
<Documentation> RT #USER#: UPDATE: A missing 10-year-old girl has been found safe and sound. #URL# ></document>
<document> RT #USER#: Tired of working with #URL# ></document>
<document> I always get a smoothie after class ></document>
<document> I can't help it.. My acid reflux is 10. I can't sleep. ></document>
<document> RT #USER#: HELP GET HER HOME!!! MISSING FROM LA NEW IBERIA 🥺 #URL# ></document>
<document> I want crayfish 😩😩 ></document>
<document> RT #USER#: Please do away with job applications that require you to upload your resume and complete your resume! ></document>
<Document> I'll rape you, so I'll treat you kindly!! ></Document>
<Document> I WAS WINNING THANK YOU!!!! ></Document>
<documentation> Dear #USER#, please! Relax! ></documentation>
<document> Brady ends the quarter with 3 points, thanks to you ></document>
<document> Well, can you at least release my pool number before Brady wins 😂😂 ></document>
<document> Whoa, it's a brick dick outside 😩😩 ></document>
<document> RT #USER#: This is exactly how I feel in conversations about Covid #URL# ></document>
<document> RT #USER#: I love New Orleans. 😂 #URL# ></document>
<document> Ready to go home. I don't know how many times I can wipe this counter 😂😩 ></document>
<document> RT #USER#: I wore masks more than bras this year 😭😭😭 ></document>
<document> RT #USER#: Like 😂😂😂 wtf></document>
<document> RT #USER#: Lord... your kids here made me pay the bills while you've already paid the ultimate price😩 ></document>
<document> RT #USER#: teyonah parris is so pretty #URL# ></document>
<document> I want a bed😩 ></document>
<Document> #USER# No fr Son. I had trouble getting out of bed ></document>
<document>I need to do better ></document>

</author>