
	
		<document> RT #USER#: Has Flyin' Ryan taken Mark of the Year? #URL# ></document>
		<document> RT #USER#: The four points a priority as Eagles look to set up their flag defence, says Adam Simpson. #URL# ></document>
		<document> RT #USER#: Cripps from distance! Eagles by 2 goals. #HASHTAG# #URL# ></document>
		<document> RT #USER#: The Eagles rock in a pulsating preliminary final rematch in Perth! #HASHTAG# #URL# ></document>
		<document> RT #USER#: Magic. ✨✨✨ #HASHTAG# #URL# ></document>
		<document> RT #USER#: How can one Community produce so many Rectums? Just how do they do it? Listen to these new Three Stooges! ></document>
		<document> #USER# #USER# #USER# #USER# Very good point ></document>
		<document> RT #USER#: Salvini and Le Pen Form Anti-Mass Migration ‘Freedom Front’ Ahead Of EU Parliament Election #URL# ></document>
		<document> RT #USER#: SIREN: Pollsters Say Democrats Might Fall Short In Retaking the House...Which Could Trigger Another Meltdown ></document>
		<document> RT #USER#: Paid or not, leftists used violence and intimidation to try to overthrow the Senate. And it almost happened. ></document>
		<document> RT #USER#: Which Party Do You Plan To Vote For In The 2018 Midterm Election? Please vote and retweet for bigger sample size ></document>
		<document> RT #USER#: Asylum seeker brutally rapes CHILD who was teaching him German #URL# ></document>
		<document> #USER# #USER# #USER# #USER# #USER# #USER# Leftwing rapists get a free pass..... ></document>
		<document> #USER# #USER# Wheres your D+A test Pocohantas? ></document>
		<document> RT #USER#: Best EVER! Can’t quit laughing! #URL# ></document>
		<document> This is GOLD! #URL# ></document>
		<document> #USER# #USER# Stop all foreign aid. Zero refugees. Look after our own ></document>
		<document> RT #USER#: There are only two genders ></document>
		<document> RT #USER#: Under Labor, you’ll pay too much tax. #URL# ></document>
		<document> #USER# Its a bloke. End of story. ></document>
		<document> #USER# To persue Ford the leftwing liar and those who egged her on. #HASHTAG# ></document>
		<document> #USER# Bring your money to Perth. Mining boom in full swing and housing/unit prices way down. ></document>
		<document> RT #USER#: #USER# I’m a survivor and I #HASHTAG# ></document>
		<document> #USER# Except of course anyone raped by Bill Clinton and any othet Lefty..... Spare me your horseshit. ></document>
		<document> #USER# The guy who supposedly threatened the media to protect Harvey Weinstein? Really????? ></document>
		<document> #USER# #USER# Lock them all up ></document>
		<document> #USER# The Left believe ALL rape victims except those raped by Bill Clinton, Bill Shorten and any other Lefty..... ></document>
		<document> #USER# 2 shithole countries ></document>
		<document> RT #USER#: Turkish police believe Saudi journalist was killed at consulate #URL# ></document>
		<document> RT #USER#: For the first time in modern SCOTUS history, we actually have a 5-4 majority. Our goal for the next two years: 6-3 ></document>
		<document> RT #USER#: Jeez. This poor kid has six more years of this. She/he’s gonna need a laryngeal transplant! #URL# ></document>
		<document> RT #USER#: Never thought I’d see ⁦#USER#⁩ with this headline. ⁦#USER#⁩ #HASHTAG# #HASHTAG# #HASHTAG# ></document>
		<document> #USER# #USER# These 2 strong women are amazing! ></document>
		<document> RT #USER#: Forget about the ‘blue wave!’- #USER# predict there will be a “red tsunami” in the midterms ></document>
		<document> RT #USER#: BREAKING: Brett Kavanaugh is sworn in as 114th Supreme Court justice in private ceremony at court ></document>
		<document> RT #USER#: Native Hawaiians respect their wildlife, our indigenous do not... #URL# ></document>
		<document> RT #USER#: Pence faces Kavanaugh protesters, tells security detail 'lets do it' as he walks down Senate steps #URL# ></document>
		<document> RT #USER#: 1984 is not meant to be an instruction manual. #URL# ></document>
		<document> RT #USER#: Unemployment rate falls to 3.7%...lowest rate since 1969. 🇺🇸 #URL# ></document>
		<document> RT #USER#: Tolerant left update #URL# ></document>
		<document> RT #USER#: Just a surfing croc. Where else but the NT... #URL# #URL# ></document>
		<document> RT #USER#: Guardian. Standard. 💩 #URL# ></document>
		<document> RT #USER#: Female protesters mindlessly repeating what a dude says. Feminism! #URL# ></document>
		<document> RT #USER#: Imagine being stupid enough to think blocking traffic is going to do anything to further your agenda ></document>
		<document> RT #USER#: #USER# They should’ve never messed with the King’s Queen. 👸🏻 #URL# ></document>
		<document> RT #USER#: Looks like the only real evidence of climate change is destroyed coal fired power stations in Australia. ></document>
		<document> RT #USER#: Ah the mare ! Challenged again but champions find a way to win #USER# 28 in a row #HASHTAG# #USER# 👍🐎 ></document>
		<document> RT #USER#: “It was good for the American people to see these people were stood up to...they did not get away with it.” ></document>
		<document> RT #USER#: A terrible day for you is a good day for us. You failed in your effort to destroy the life of an innocent man ></document>
		<document> RT #USER#: Imagine the weapon grade hysteria when Barrett is nominated &amp; confirmed. #URL# ></document>
		<document> #USER# You are an evil nasty piece of human garbage. ></document>
		<document> RT #USER#: Schools Advised to Alert Social Services if Parents Stop Boys from Wearing Skirts #URL# ></document>
		<document> #USER# #USER# #USER# Leave our flag alone..... ></document>
		<document> RT #USER#: “This country is not ruled by mob justice.” -#USER# #URL# ></document>
		<document> RT #USER#: Has it really been a week since this?! 2018 PREMIERS! #URL# ></document>
		<document> RT #USER#: I’m not tired of winning….....Victory! #URL# ></document>
		<document> RT #USER#: Not sick of WINNING yet! Let’s take this victory to November! #HASHTAG# ></document>
		<document> RT #USER#: Another big win for President Trump. #URL# ></document>
		<document> RT #USER#: Katherine Johnson - human computer. Best NACA had. #URL# ></document>
		<document> RT #USER#: Hmmm. Did I miss anything this week? #URL# ></document>
		<document> RT #USER#: Evidence Mounting That Kavanaugh is Victim of a Democrat Hit Job | Todd Starnes #URL# ></document>
		<document> #USER# #USER# #USER# #USER# Wow! What a finish! ></document>
		<document> RT #USER#: If you want a sneak peak of what it will be like under Labor take a look at NZ. They arent happy over there ></document>
		<document> RT #USER#: Grave mistake to presume all women are screeching banshees. #URL# ></document>
		<document> RT #USER#: German teenage girl called 'Nazi' for reading poem about migrant violence - Her house vandalised as well ></document>
		<document> #USER# Snowflake from #HASHTAG# ></document>
		<document> #USER# Well said! 😁 ></document>
		<document> RT #USER#: #USER# It’s too long for 280 characters. So read my book Target Africa, it’s all in there... #URL# ></document>
		<document> RT #USER#: Oh shut up you insufferable nitpicking whiners #URL# ></document>
		<document> #USER# Lock em up ></document>
		<document> #USER# #USER# #USER# #USER# #USER# Its a stunt by billy boy ></document>
		<document> RT #USER#: Interpol president Meng Hongwei vanishes during trip to China, official says #URL# ></document>
		<document> RT #USER#: Mighty Mare Winx leaves it perilously late in the Turnbull #URL# ></document>
		<document> #USER# Thanks Donald Trump #HASHTAG# ></document>
		<document> RT #USER#: The US jobless rate has tumbled to its lowest level since December 1969 #URL# ></document>
		<document> #USER# Leftwing idiots are a dime a dozen..... ></document>
		<document> #USER# Coal is a good idea. #HASHTAG# ></document>
		<document> RT #USER#: Kavanaugh secures votes needed for Senate confirmation #URL# #URL# ></document>
		<document> RT #USER#: Standing by for the #HASHTAG# with #USER# Tune in gang, live on #USER# #HASHTAG# #HASHTAG# ></document>
		<document> #USER# The Left hate him already. ></document>
		<document> #USER# The UN is a disgrace and Australia should exit asap. ></document>
		<document> RT #USER#: Aus-Exit the United Nations. #URL# ></document>
		<document> #USER# Get out safe mate. ></document>
		<document> #USER# Get brenden into British Politics asap. Talks so much sense ></document>
		<document> RT #USER#: Thank you Malawi! 🇺🇸 🇲🇼 #URL# ></document>
		<document> RT #USER#: Idiots all over Twitter are threatening to riot if and when Kavanaugh is confirmed. ></document>
		<document> RT #USER#: Hairstylist seen in video kicking pro-life demonstrator loses job, may face charges #URL# ></document>
		<document> #USER# Shes a muppet ></document>
		<document> RT #USER#: Brendan O’Neill on how #HASHTAG# has devastated the presumption of innocence: #URL# ></document>
		<document> #USER# Brendan is a good man. Speaks logically all the time. ></document>
		<document> RT #USER#: Cry me a river, lefties. #URL# ></document>
		<document> #USER# You sore loser! ></document>
		<document> #USER# Lock up the leftwing filth. ></document>
		<document> RT #USER#: George Papadopoulos speaks to #USER# on #HASHTAG# after he says "there's a lot more to come." ></document>
		<document> RT #USER#: .#USER# receives life membership #HASHTAG# #URL# ></document>
		<document> RT #USER#: BREAKING: US unemployment rate fell in September to 49-year low of 3.7 percent amid steady hiring. ></document>
		<document> RT #USER#: Italian Populist League to Introduce Ban on Halal Slaughter #URL# ></document>
		<document> RT #USER#: OH MY GOD! #URL# ></document>
		<document> RT #USER#: "And as Shep said, boys we're going back-to-back 'cos I want one of those medals too." #USER# #HASHTAG# ></document>
		<document> RT #USER#: Don't Just Walk Away, Run and Run Like Hell....... #URL# ></document>
		<document> RT #USER#: JUST IN: Lawyer for Clinton campaign and DNC gave FBI documents for Russia probe, sources say. #URL# ></document>
		<document> RT #USER#: And I am grateful for Bret Stephens! #URL# ></document>
		<document> RT #USER#: What will the consequences be for Dr. Ford given that it looks increasingly likely she lied under oath? ></document>
		<document> #USER# Shes a typical leftwing liar. ></document>
		<document> RT #USER#: It's time to kick back and watch all the highlights from our thrilling Grand Final! #URL# ></document>
		<document> RT #USER#: Happy Birthday, #USER# !!!! #URL# ></document>
		<document> RT #USER#: SCOMO addresses the club, congratulating the players and officials. #HASHTAG# #URL# ></document>
		<document> RT #USER#: “What you create for the fans, is magic.” Prime Minister Scott Morrison #HASHTAG# #URL# ></document>
		<document> RT #USER#: Had a few visitors today... #USER# #USER# #USER# #HASHTAG# #URL# ></document>
		<document> RT #USER#: ScoMo chatting with Norm. #URL# ></document>
		<document> RT #USER#: MAGNIFICENT. Luke Shuey's Grand Final game was the best in a decade. Read: #URL# ></document>
		<document> #USER# #USER# #USER# You are a gentleman and a legend of the game. ></document>
		<document> RT #USER#: Our Grand Final win is better to the Titanic music... Turn the sound up. #URL# ></document>
		<document> 2018 #HASHTAG# Premiers #USER# Sick it up Victorians hahaha! 🤣 #URL# ></document>
		<document> #USER# #USER# GO Eagles! #USER# #HASHTAG# ></document>
		<document> RT #USER#: Lacking worthy menaces to fight, the left is driven to find a replacement for racism, writes Shelby Steele ></document>
		<document> #USER# #USER# And the Vic Police and media covered it all up. Mental illness my ass..... ></document>
		<document> #USER# Leftwing idiot. Bankrupt ></document>
		<document> #USER# Labor, the party of idiots! ></document>
		<document> #USER# Well said mate. ></document>
		<document> RT #USER#: #HASHTAG#: Scott Morrison lifts Coalition, cements lead over Bill Shorten #URL# ></document>
		<document> RT #USER#: Eagles Supporters: Three votes. #URL# ></document>
		<document> RT #USER#: SING IT! #HASHTAG# #URL# ></document>
		<document> RT #USER#: "Coaches love that!" Liam Ryan in full flight. 🔥🔥 #HASHTAG# #URL# ></document>
		<document> RT #USER#: Some good news for our economy, but so is a fourth album for The Saints. #URL# ></document>
		<document> RT #USER#: Straight to work fueling up for the second half. #HASHTAG# #URL# ></document>
		<document> RT #USER#: How's that for a first half!!!!!! 🦅 69 🔴🔵 6 #HASHTAG# #URL# ></document>
		<document> RT #USER#: Just another day in Perth... #HASHTAG# #URL# ></document>
		<document> RT #USER#: Good thing violent crime is down in Britain...oh wait #URL# #URL# ></document>
		<document> RT #USER#: Please remember. The donning of the hijab is always a "free choice." #URL# ></document>
		<document> RT #USER#: Just 28% of men and 25% of women surveyed by Huffington Post find Ford’s accusations against Kavanaugh “credible” ></document>
		<document> RT #USER#: My god. #HASHTAG# #URL# ></document>
		<document> RT #USER#: My god! I thought this was parody...VICE accuses Chinese Canadians of white supremacy. #URL# ></document>
		<document> RT #USER#: HE SAYS ISLAM OR DEATH 2 choices #URL# ></document>
		<document> #USER# Never ever ever..... Over my dead body ></document>
		<document> RT #USER#: This thing is rad #HASHTAG# #URL# ></document>
		<document> #USER# Good. Lock his ass up ></document>
		<document> #USER# #USER# Yeh but it was ok to have rapist Bill Clinton as Potus because, you know, hes a Democrat.. ... Dickhead. ></document>
		<document> #USER# Because its a Leftwing lie. ></document>
		<document> #USER# You are a tyrannical regime that oppresses women and non muslims. I cant believe you chair the UNHCR you muppets. ></document>
		<document> #USER# And he did ut against Rance and other All Australians. Massive effort for a bloke who had no idea about footy 3yrs ago ></document>
		<document> #USER# #USER# You are mentally unstable. Take your leftwing garbage elsewhere you Muppet. ></document>
		<document> RT #USER#: Caitlyn Jenner is saying Bruce Jenner touched her 20 years ago ></document>
		<document> #USER# #USER# #USER# 99 Prelim all over again. ></document>
		<document> #USER# #USER# Good work Pauline ></document>
		<document> RT #USER#: There's been another drop in Victoria's crime rate, according to latest figures #URL# #URL# ></document>
		<document> #USER# Leftwing spin. ></document>
		<document> #USER# Fk Labor and the Left in general. They want to erase our history and culture ></document>
		<document> #USER# Yeh by refusing to arrest criminals..... ></document>
		<document> RT #USER#: "Stop filming, it’s a rape," they said. #URL# ></document>
		<document> RT #USER#: One change. Preliminary Final #USER# team announcement --&gt; #URL# #URL# ></document>
		<document> #USER# Good. Watch the self loathing Lefties heads explode. ></document>
		<document> #USER# Lock him up now ></document>
		<document> RT #USER#: There are counties in America that have more registered voters than residents. Don’t tell me voter fraud isn’t an issue. ></document>
		<document> #USER# Or he will just keep on winning. ></document>
		<document> Brilliant interview #USER# She is truly a hero #USER# ></document>
		<document> #USER# The filthy lying putrid Left..... ></document>
		<document> RT #USER#: Poland stands with Hungary against EU and will veto any sanctions against the country #URL# ></document>
		<document> RT #USER#: "It’s Official: Google Is a Democratic Party Front" #URL# ></document>
		<document> RT #USER#: #USER# Did these cartoonists incur your condemnation? #URL# ></document>
		<document> #USER# #USER# Fk off you leftwing peanut. ></document>
		<document> #USER# #USER# #USER# Shortens a rolled gold liar. All ALP members should be referred to the high court. All of them..... ></document>
		<document> #USER# Good onya Shep! Wish you were still fit and kicking ass. ></document>
		<document> RT #USER#: Watch and share my latest remarks to the European Parliament for #HASHTAG#. ⬇️ #URL# ></document>
		<document> #USER# #USER# #USER# #USER# Fk off Turnbull you slimy leftwing flog ></document>
		<document> #USER# Always the victim, taught well by The Left..... ></document>
		<document> RT #USER#: in support of cartoonist #USER# , victim of the PC Gestapo . My cartoon in my newspaper tomorrow... ></document>
		<document> #USER# Deport her and her socialist family to Manus. Lefty flogs. ></document>
		<document> #USER# Coached by her hard Left socialist parents who are Uni lecturers. Utter garbage. ></document>
		<document> RT #USER#: Annnddd this is mummy &amp; daddy Imagine my shock #URL# ></document>
		<document> #USER# And the idiot parents. Actually, deport them all to Manus seeing they despise Australia so much. ></document>
		<document> RT #USER#: ‘I’d kick her up the backside’ #URL# ></document>
		<document> RT #USER#: Forget burning books like in Fahrenheit 451, now Amazon just digitally erases them. So much more convenient! ></document>
		<document> RT #USER#: #USER# #USER# God, I hope not. Did you see these earlier .....? Somehow media missed them. ></document>
		<document> RT #USER#: Surely this must be peak 'Trump Derangement Syndrome'? #HASHTAG# #URL# ></document>
		<document> RT #USER#: PC is an infectious, insidious disease that needs to be eradicated. #URL# ></document>
		<document> RT #USER#: S Africa’s fiercest battleground #URL# ></document>
		<document> #USER# #USER# #USER# #USER# Labor, the party of filthy liars..... ></document>
		<document> #USER# #USER# #USER# #USER# Billy Boy who personally knifed 2 sitting PMs ></document>
		<document> #USER# The Left never cared when The Guardian drew this..... Selective Leftwing rage #URL# ></document>
		<document> RT #USER#: RPT: Trump to declassify Ohr, Page documents #URL# ></document>
		<document> #USER# #USER# Well said Karl! ></document>
		<document> #USER# Piss her off asap! ></document>
		<document> #USER# Brainwashed by her leftwing socialist parents who hate Australia. Expel the kid, they can teach her at home. ></document>
		<document> #USER# Where was The Lefts outrage at this cartoon by The Guardian? #URL# ></document>
		<document> #USER# #USER# #USER# The Left never complained when the Guardian did this one... #URL# ></document>
		<document> RT #USER#: #USER# I think her parents need to have the shit slapped out of them! ></document>
		<document> #USER# Dividing my ass! 95+% of Aussies would think its a disgrace. ></document>
		<document> RT #USER#: Scott Morrison indicates he'll change discrimination laws to protect 'religious freedom' #URL# ></document>
		<document> #USER# Is anyone surprised? Islam is not compatible with Western values. Simple. ></document>
		<document> #USER# The Greens are anti Australian filth and the Labor party isnt far behind. ></document>
		<document> RT #USER#: Conservative MPs meet over plot to oust Prime Minister Theresa May #URL# ></document>
		<document> RT #USER#: Agree completely. Parents grandstanding. She is only 9. Wrong on multiple levels. #URL# ></document>
		<document> RT #USER#: Breaking: US Attorney General Jeff Sessions to open investigation into social media giants. ></document>
		<document> RT #USER#: Easy. They just killed off anyone who couldn't read. #URL# ></document>
		<document> #USER# #USER# #USER# Host of QandA ></document>
		<document> #USER# From Superannuation? Cant be from members fees? ></document>
		<document> #USER# #USER# Was this racist by The Guardian? Silence from The Left..... #URL# ></document>
		<document> RT #USER#: Exhibit 1: Guardian cartoonist draws Condoleezza Rice #URL# ></document>
		<document> RT #USER#: Can we get #HASHTAG# trending? #URL# ></document>
	
</author><document> RT #USER#: Did Flyin' Ryan get Mark of the Year? #URL# ></document>
<document> RT #USER#: Adam Simpson says four points are priorities when the Eagles try to set up their flag defense. #URL# ></document>
<document> RT #USER#: Crips from a distance! Two goals for the Eagles. #HASHTAG# #URL# ></document>
<Documentation> RT #USER#: The Eagles ride a turbulent wave in their Preliminaries rematch in Perth! #HASHTAG# #URL# ></document>
<Documentation> RT #USER#: Magic. ✨✨✨ #HASHTAG# #URL# ></document>
<document> RT #USER#: How can one community produce so many rectums? How do they do it? Listen to these new Three Stooges! ></Document>
<document> #USER# #USER# #USER# #USER# very good ></document>
<document> RT #USER#: Salvini and Le Pen form anti-mass immigration 'Freedom Front' ahead of EU parliamentary elections #URL# ></document>
<document> RT #USER#: SIREN: Democrats Could Fail to Retake House of Representatives, Polls Say...Could Cause Another Meltdown ></document>
<document> RT #USER#: Leftists, paid and unpaid, used violence and intimidation to overthrow the Senate. And it almost happened. ></documentation>
<document> RT #USER#: Which party are you planning to vote for in the 2018 midterm elections? Vote and retweet to increase sample size ></document>
<document> RT #USER#: Asylum seeker brutally rapes CHILD who taught German #URL# ></document>
<document> #USER# #USER# #USER# #USER# #USER# #USER# Left-wing rapists get free passes..... ></document>
<document> #USER# #USER# Where's the D+A test Pocohantas? ></documentation>
<Documentation> RT #USER#: Greatest ever! Can't stop laughing! #URL# ></document>
<Document> This is GOLD! #URL# ></document>
<document> #USER# #USER# Stop all foreign aid. Zero refugees. Please take care of yourself ></document>
<document> RT #USER#: Only two genders ></document>
<document> RT #USER#: Under labor, you pay too much tax. #URL# ></document>
<document> #USER# You bastard. End of story. ></documentation>
<document> #USER# To convince Left Wing Liar Ford and those who made fun of her. #HASHTAG# ></document>
<document> #USER# Bring money to Perth. A full-blown mining boom and a significant drop in housing/unit prices. ></documentation>
<document> RT #USER#: #USER# I am a survivor and I am #HASHTAG# ></document>
<document> #USER# Except, of course, Bill Clinton and others who were raped by lefties... ></documentation>
<document> #USER# The man who supposedly threatened the media to protect Harvey Weinstein? Really? ? ? ? ? ></documentation>
<document> #USER# #USER# lock them all ></document>
<document> #USER# THE LEFT BELIEVE ALL RAPE VICTIMS EXCEPT Bill Clinton, Bill Shorten and others who were raped by lefties..... ></document>
<document> #USER# 2 Country of fucking holes ></document>
<document> RT #USER#: Turkish Police Believes Saudi Journalist Murdered at Consulate #URL# ></document>
<document> RT #USER#: For the first time in modern SCOTUS history, we actually won a 5-4 majority.Goals for the next two years: 6-3 ></document>
<documentation> RT #USER#: Wow. This poor child has six more years to go. She/he will need a laryngeal transplant! #URL# ></document>
<documentation> RT #USER#: I didn't expect #USER# to appear in this heading. #USER# #HASHTAG# #HASHTAG# #HASHTAG# ></document>
<Document> #USER# #USER# These two strong women are amazing! ></documentation>
<document> RT #USER#: Forget the "blue wave"! - #USER# predicts a "red tsunami" coming in the midterms ></document>
<document> RT #USER#: BREAKING: Brett Kavanaugh Takes Oath as 114th Supreme Court Justice in Private Court Ceremony ></document>
<document> RT #USER#: Native Hawaiians Respect Wildlife, Our Indigenous Peoples Don't... #URL# ></document>
<document> RT #USER#: Pence confronts Kavanaugh protesters and tells security detail "Let me do it" while walking down the steps of the Senate #URL# ></document>
<Documentation> RT #USER#: 1984 is not an instruction manual. #URL# ></document>
<document> RT #USER#: Unemployment Drops to 3.7%...Lowest Rate Since 1969. 🇺🇸 #URL# ></document>
<document> RT #USER#: Tolerant left update #URL# ></document>
<document> RT #USER#: Just a surfing alligator. Non-NT... #URL# #URL# ></document>
<Documentation> RT #USER#: Guardian. standard. 💩 #URL# ></Document>
<document> RT #USER#: Female protester mindlessly repeating what man says. feminism! #URL# ></document>
<document> RT #USER#: Imagine being so stupid as to think that blocking traffic would do something to advance your agenda ></document>
<document> RT #USER#: #USER# They should never have messed with the queen of kings. 👸🏻 #URL# ></document>
<document> RT #USER#: The only real evidence of climate change appears to be the destruction of coal-fired power plants in Australia.></document>
<Documentation> RT #USER#: Oh mare! I tried again, but the champion found a way to win #USER# 28 in a row #HASHTAG# #USER# 👍🐎 ></document>
<document> RT #USER#: "It was good for the people of America to see these people stand up...they didn't get away with it." ></document>
<document> RT #USER#: A bad day for you is a good day for us. A failed attempt to take the life of an innocent person ></document>
<Documentation> RT #USER#: Imagine the weapon grade hysteria when Barrett is named. Confirmed. #URL# ></document>
<Documentation> #USER# You are evil, nasty human trash. ></documentation>
<document> RT #USER#: Schools Advised to Alert Social Services When Parents Stop Boys from Wearing Skirts #URL# ></document>
<document> #USER# #USER# #USER# Leave our flag alone..... ></document>
<document> RT #USER#: "This country is not run by mob justice." -#USER# #URL# ></document>
<document> RT #USER#: Has it really been a week?! 2018 premiere! #URL# ></document>
<document> RT #USER#: Never Tired of Winning... Victory! #URL# ></document>
<document> RT #USER#: Not tired of winning yet! Let's bring this win to Novemberreactor! #HASHTAG# ></document>
<document> RT #USER#: Another big win for President Trump. #URL# ></document>
<Documentation> RT #USER#: Katherine Johnson - Human Computer. The best NACA had. #URL# ></document>
<documentation> RT #USER#: Hmm. Did I miss anything this week? #URL# ></document>
<document> RT #USER#: Growing Evidence Kavanaugh Was Victim of Democratic Hit Job | Todd Stearns #URL# ></document>
<documentation> #USER# #USER# #USER# #USER# Wow! What a finish! ></documentation>
<document> RT #USER#: If you want a sneak peek at what's going on under Labor, look at NZ. They're not happy there ></document>
<document> RT #USER#: Assuming that all women are screaming banshees is a grave mistake. #URL# ></document>
<document> RT #USER#: German Teenage Girl Called 'Nazi' For Reading Poetry About Migrant Violence - Her Home Was Also Destroyed ></document>
<documentation> #USER# snowflake from #HASHTAG# ></documentation>
<document> #USER# Well said! 😁 ></documentation>
<document> RT #USER#: #USER# 280 characters too long. So read my book Target Africa. Everything is written there... #URL# ></document>
<document> RT #USER#: shut up
<document> #USER# lockup ></document>
<document> #USER# #USER# #USER# #USER# #USER# Billy Boy Stunts ></document>
<document> RT #USER#: Interpol President Meng Hongwei disappeared while traveling to China, official says #URL# ></document>
<document> RT #USER#: Mighty Mare Winx Dangerously Away Late in Turnbull #URL# ></document>
<document> #USER# Thank you Donald Trump #HASHTAG# ></document>
<document> RT #USER#: US Unemployment Falls to Lowest Level Since December 1969 #URL# ></document>
<document> #USER# There are a dozen left wing idiots..... ></document>
<document> #USER# Coal is a good idea. #HASHTAG# ></document>
<document> RT #USER#: Kavanaugh secures votes needed for Senate approval #URL# #URL# ></document>
<document> RT #USER#: Waiting for #HASHTAG# with #USER# Join the gang #USER# #HASHTAG# #HASHTAG# ></document>
<document> #USER# The left already hates him. ></documentation>
<document> #USER# The United Nations is a disgrace and Australia should withdraw immediately. ></documentation>
<document> RT #USER#: Aus-Get out of the UN. #URL# ></document>
<document> #USER# Get out safe buddy. ></documentation>
<document> #USER# Get Brenden into British politics ASAP. It makes a lot of sense ></document>
<document> RT #USER#: Thank you Malawi! 🇺🇸 🇲🇼 #URL# ></document>
<document> RT #USER#: Idiots across Twitter threaten to riot if Kavanaugh is confirmed. ></documentation>
<document> RT #USER#: Hairstylist Seen In Video Kicking Pro-Life Demonstrator Loses Job, May Be Prosecuted #URL# ></document>
<document> #USER# She's a Muppet ></document>
<document> RT #USER#: Brendan O'Neill on how #HASHTAG# broke the presumption of innocence: #URL# ></document>
<documentation> #USER# Brendan is a nice guy. speak logicallyeverytime. ></documentation>
<document> RT #USER#: Cry in the river, Mr Lefty. #URL# ></document>
<Documentation> #USER# Loser! ></documentation>
<document> #USER# Lock up leftist filth. ></documentation>
<document> RT #USER#: George Papadopoulos speaks after telling #USER# on #HASHTAG# "There's more to come". ></documentation>
<document> RT #USER#: .#USER# receives lifetime membership #HASHTAG# #URL# ></document>
<document> RT #USER#: BREAKING: The U.S. unemployment rate fell to a 49-year low of 3.7% in September, with steady hiring. ></documentation>
<document> RT #USER#: Italy's Populist League Introduces Halal Genocide Ban #URL# ></document>
<Documentation> RT #USER#: Oh My God! #URL# ></Documentation>
<document> RT #USER#: "Like Shep said, we go back to back, because I want one of those medals too." #USER# #HASHTAG# ></document>
<document> RT #USER#: Just don't walk away, run like hell... #URL# ></document>
<document> RT #USER#: JUST IN: Clinton campaign and DNC attorneys turned over FBI documents for Russia probe, sources say. #URL# ></document>
<document> RT #USER#: And thanks to Bret Stephens! #URL# ></document>
<document> RT #USER#: Given the increased likelihood that Dr. Ford has lied under oath, what are the consequences for Dr. Ford?></document>
<document> #USER# She's a typical left wing liar. ></documentation>
<document> RT #USER#: It's time to relive the highlights of the thrilling Grand Finals! #URL# ></document>
<Document> RT #USER#: Happy Birthday, #USER# !!!! #URL# ></Document>
<document> RT #USER#: SCOMO addresses clubs and congratulates players and officials. #HASHTAG# #URL# ></document>
<document> RT #USER#: "What you create for your fans is magic." Prime Minister Scott Morrison #HASHTAG# #URL# ></document>
<document> RT #USER#: Had a few visitors today... #USER# #USER# #USER# #HASHTAG# #URL# ></document>
<documentation> RT #USER#: ScoMo chatting with Norm. #URL# ></document>
<Documentation> RT #USER#: Great. Luke Shuey's Grand Finals game was the best in the last decade. Read: #URL# ></document>
<document> #USER# #USER# #USER# You are a gentleman and a legend in the game. ></documentation>
<document> RT #USER#: Our Grand Final victory fits the Titanic music... Crank up the sound. #URL# ></document>
<Document> 2018 #HASHTAG# Premiere #USER# 🤣 #URL# ></document>
<Document> #USER# #USER# GO Eagles! #USER# #HASHTAG# ></document>
<document> RT #USER#: No threat worth fighting for left spurs left to seek alternatives to racism, writes Shelby Steele ></document>
<document> #USER# #USER# And the Vic police and media covered up everything. Are you mentally ill...></document>
<Documentation> #USER# Left wing idiot. Bankruptcy ></document>
<Document> #USER# Labor, idiot united struggle! ></documentation>
<document> #USER# Well said. ></documentation>
<document> RT #USER#: #HASHTAG#: Scott Morrison Lifts Coalition, Cement Leads Bill Shor10 #URL# ></document>
<document> RT #USER#: Eagles Supporters: 3 votes. #URL# ></document>
<document> RT #USER#: Sing! #HASHTAG# #URL# ></document>
<Documentation> RT #USER#: "Coaches love it!" Liam Ryan sprinting. 🔥🔥 #HASHTAG# #URL# ></document>
<document> RT #USER#: There's good news for our economy, but so is the Saints' fourth album. #URL# ></document>
<document> RT #USER#: Ready for the second half. #HASHTAG# #URL# ></document>
<document> RT #USER#: How about the first half!!!!!!!! 🦅 69 🔴🔵 6 #HASHTAG# #URL# ></document>
<document> RT #USER#: Just Another Day of Parsing... #HASHTAG# #URL# ></document>
<document> RT #USER#: Good thing Violent crime is down in the UK... Oh wait #URL# #URL# ></document>
<Documentation> RT #USER#: Remember. Wearing a hijab is always 'optional'. #URL# ></document>
<document> RT #USER#: Only 28% of men and 25% of women consider Ford's accusations against Kavanaugh "credible," according to Huffington Post survey ></document>
<document> RT #USER#: Oh my god. #HASHTAG# #URL# ></document>
<document> RT #USER#: Oh my god! I thought this was a parody... VICE accuses Chinese Canadians of being white supremacists. #URL# ></document>
<document> RT #USER#: HE SAYS IS IS OR DEATH 2 choices #URL# ></document>
<document> #USER# Never before...... On my corpse ></document>
<document> RT #USER#: THIS IS THE BEST #HASHTAG# #URL# ></document>
<Documentation> #USER# Good. rock his ass ></document>
<document> #USER# #USER# Yeah, but it was okay to have rapist Bill Clinton as Pottus, because he's a Democrat.. ... ></document>
<document> #USER# Because it's a leftist lie. ></documentation>
<document> #USER# You are a tyranny that oppresses women and non-Muslims. I can't believe you are chairing UNHCR. ></documentation>
<document> #USER# Then he ran ut on Lance and all the other Australians. Efforts of a man who knew nothing about soccer 3 years ago ></document>
<document> #USER# #USER# You are mentally unstable. Take your left-wing trash elsewhere, Muppets. ></documentation>
<document> RT #USER#: Caitlyn Jenner says Bruce Jenner touched her 20 years ago></document>
<document> #USER# #USER# #USER# 99 Prelim Redo. ></documentation>
<document> #USER# #USER# Good work Pauline ></document>
<document> RT #USER#: Victoria's crime rate is even lower according to latest figures #URL# #URL# ></document>
<document> #USER# Left Spin. ></documentation>
<document> #USER# Fk Labor and the Left in general. They want to erase our history and culture ></document>
<document> #USER# Yes, refuse to arrest criminals..... ></document>
<document> RT #USER#: "Stop filming, rape" they said. #URL# ></document>
<documentation> RT #USER#: 1 change. Preliminary Finals #USER# Team Announcement --&gt; #URL# #URL# ></Document>
<Documentation> #USER# Good. Watch the self-loathing left-handed head explode. ></documentation>
<documentation> #USER# Lock him up now ></document>
<document> RT #USER#: There are counties in the US that have more registered voters than residents. Please don't tell me voter fraud isn't a problem. ></documentation>
<document> #USER# Or he will keep winning. ></documentation>
<document> GREAT INTERVIEW #USER# SHE IS A REALLY HERO #USER# ></document>
<document> #USER# filthy lying rotten left..... ></document>
<document> RT #USER#: Poland joins Hungary against the EU and will veto any sanctions against it #URL# ></document>
<document> RT #USER#: "Official: Google is the Democratic Front" #URL# ></document>
<document> RT #USER#: #USER# Have these cartoonists been criticized by you? #URL# ></document>
<document> #USER# #USER# Fk off you leftwing peanut. ></document>
<document> #USER# #USER# #USER# Shorten Roll Gold Liar. All ALP members should be referred to the High Court. All of them..... ></document>
<document> #USER# Good Meow Shep! Thank you ></documentation>
<document> RT #USER#: See and share my latest statement to the European Parliament on #HASHTAG#. ⬇️ #URL# ></Document>
<document> #USER# #USER# #USER# #USER# Fk off Turnbull you slimy left flog ></document>
<document> #USER# always a victim, well taught by the left..... ></document>
<document> RT #USER#: Help cartoonists #USER# victims of the PC Gestapo. My cartoon for tomorrow's newspaper... ></document>
<document> #USER# deported her and her socialist family to Manus. left-handed frog. ></documentation>
<Documentation> #USER# I was mentored by my left socialist parents who are university lecturers. utter garbage. ></documentation>
<documentation> RT #USER#: Annnddd This is a mummy. Dad imagine my shock #URL# ></document>
<document> #USER# And stupid parents. In fact deport them all to Manus when you see they despise Australia so much. ></documentation>
<document> RT #USER#: "I kick her in the back" #URL# ></document>
<document> RT #USER#: Forget burning books like 451 degrees Fahrenheit. Amazon just erases them digitally. More convenient! ></documentation>
<document> RT #USER#: #USER# #USER# Oh my god. Have you seen these before.....? Somehow the media missed them. ></documentation>
<document> RT #USER#: Surely this must be the peak of "Trump Derangement Syndrome"? #HASHTAG# #URL# ></document>
<Documentation> RT #USER#: The PC is an infectious and insidious disease that must be eradicated. #URL# ></document>
<document> RT #USER#: Battlegrounds of South Africa #URL# ></document>
<document> #USER# #USER# #USER# #USER# Labor, Party of Dirty Liars..... ></document>
<document> #USER# #USER# #USER# #USER# Billy Boy personally stabbing two sitting PMs with a knife ></document>
<document> #USER# The Left didn't care at all when the Guardian drew this..... Selective Left Wrath #URL# ></document>
<document> RT #USER#: RPT: Trump seeks declassification of Ohr, Page documents #URL# ></document>
<document> #USER# #USER# Well said Carl! ></documentation>
<documentationt> #USER# Hurry up and piss her off! ></documentation>
<Document> #USER# Brainwashed by left socialist parents who hate Australia. Expel the child, they can teach her at home. ></documentation>
<document> #USER# Where was the left-wing anger at this caricature by the Guardian? #URL# ></document>
<document> #USER# #USER# #USER# The Left never complained when the Guardian did this... #URL# ></document>
<Document> RT #USER#: #USER# Her parents think they need to be beaten! ></Document>
<document> #USER# Crack your ass! Over 95% of Australians would consider it a disgrace. ></documentation>
<document> RT #USER#: Scott Morrison says he plans to change discrimination laws to protect 'religious freedom' #URL# ></document>
<document> #USER# Anyone Surprised? Islam is at odds with Western values. Simple. ></documentation>
<document> #USER# The Green Party is against Australian filth and Labor is not far behind. ></documentation>
<document> RT #USER#: Conservative MPs meet over plan to oust Prime Minister Theresa May #URL# ></document>
<document> RT #USER#: I completely agree. Parents' grandstanding. She's only 9 years old. Wrong on multiple levels. #URL# ></document>
<document> RT #USER#: BREAKING: US Attorney General Jeff Sessions launches investigation into social media giant. ></documentation>
<Documentation> RT #USER#: Easy. They just killed all the illiterate people. #URL# ></document>
<document> #USER# #USER# #USER# QandA host ></document>
<documentation> #USER# from pension? Is it possible from the membership fee? ></documentation>
<document> #USER# #USER# WAS THIS RACIST BY THE GUARDIAN? SILENCE FROM THE LEFT..... #URL# ></document>
<document> RT #USER#: Exhibit 1: Guardian cartoonist draws Condoleezza Rice #URL# ></document>
<document> RT #USER#: #HASHTAG# Can I get trends? #URL# ></document>

</author>