
	
		<document> Pete Buttigieg in South Carolina: America ‘Was Never as Great as Advertised’ #URL# #HASHTAG# ></document>
		<document> #USER# Will do. Thanks Beer! ></document>
		<document> #USER# Thank you for the follow sir! ></document>
		<document> #USER# How do you overcome fear when being attacked by such evil people on a regular basis? ></document>
		<document> #USER# Hi Beer, can you help me out? I've been at 2700 for as long as I can remember ></document>
		<document> RT #USER#: Donald Trump Jr. Calls Anti-Israel Sentiment Among Democrats "Deeply Troubling" | Daily Caller #URL# ></document>
		<document> #USER# Geez. Is this real? ></document>
		<document> #USER# #USER# Got ya 👍 ></document>
		<document> RT #USER#: THIS! Please retweet &amp; share the truth. Hope this never happens to others. #HASHTAG# #URL# ></document>
		<document> RT #USER#: Ilhan Omar is a product of Koch Brothers immigration policy. ></document>
		<document> "YouTube personality Austin Jones sentenced to 10 years on child pornography charges" #URL# ></document>
		<document> RT #USER#: You Raped a 14 year old girl &amp; got a slap on the wrist for it? Wow! He deserves to be in jail! #URL# ></document>
		<document> RT #USER#: This just happened. The President retweeted #USER# and #USER#. #URL# ></document>
		<document> These are not men #URL# ></document>
		<document> RT #USER#: "Better that we should die on our feet rather than live on our knees". ></document>
		<document> RT #USER#: "I will declassify soon" - #USER# #USER# #USER# #USER# ></document>
		<document> RT #USER#: I appreciate President Trump tweeting about me. Hopefully this will speed up executive action on regulating Big Tech. ></document>
		<document> #USER# #USER# There are very bad people in this world and these days the majority tend to be on the left ></document>
		<document> #USER# Twitter is creating martyrs. In the long run, this is a good thing. ></document>
		<document> RT #USER#: Meanwhile HAMAS and Muslim Brotherhood, 2 terrorist orgs still have Facebook and Twitter. #URL# ></document>
		<document> #USER# You are #HASHTAG# in my book ></document>
		<document> RT #USER#: Watch for me on #USER# podcast on May 5th. A brilliant woman, starting a movement. #URL# ></document>
		<document> #USER# US mail could be compromised. I prefer homing pigeons ></document>
		<document> #USER# Ha ha. Accurate. That is how NY beaurocrats think these days... ></document>
		<document> RT #USER#: This is what happens once you disarm the people. The people of Venezuela 🇻🇪 God be with you. #URL# ></document>
		<document> RT #USER#: Heinous! This is what socialist disarmament leaders do to people. #URL# ></document>
		<document> RT #USER#: melisandre after the battle ended #HASHTAG# #HASHTAG# #URL# ></document>
		<document> #USER# Yep. Looks like it's been planned for decades ></document>
		<document> RT #USER#: Three socialists walk into a bar and say, "Hey, drinks are on you!" #HASHTAG# #URL# ></document>
		<document> RT #USER#: Scotland is 96% white. This is completely normal. #URL# ></document>
		<document> RT #USER#: Pope Francis is sending $500,000 dollars to help migrants in Mexico who are trying to reach the United States. ></document>
		<document> #USER# You should ignore these trolls. They are scum ></document>
		<document> RT #USER#: HATE HOAX: Family Accused of Staging Anti-Semitic Attack on Their Own Restaurant #URL# ></document>
		<document> RT #USER#: Meanwhile, in France..... #URL# ></document>
		<document> #USER# I'm sorry for your loss ></document>
		<document> RT #USER#: Thank you to everyone for the beautiful birthday wishes! ></document>
		<document> RT #USER#: After #USER# found #HASHTAG# (respek) the gig was up. The rest was the biz we call 'show'. ></document>
		<document> RT #USER#: Good. Tommy Robinson Announces Candidacy for European Parliament ⁦#USER#⁩ #URL# ></document>
		<document> #USER# Paul Krugman is never right about anything so it looks like we are in great shape ></document>
		<document> #USER# I'd follow you twice if I could ></document>
		<document> #USER# Dont judge me ></document>
		<document> #USER# Working on the Lucifer Principle now. Recommended by some really sharp dude here on Twitter ></document>
		<document> #USER# Gorilla mindset. Winning bigly Pre-Suasion The power of now The Power of Positive Thinking ></document>
		<document> #USER# Trust the plan #HASHTAG# ></document>
		<document> #USER# #USER# #USER# Do you think the rumors that Pence is dirty are true? ></document>
		<document> RT #USER#: President #USER# is working to end human trafficking. #URL# #HASHTAG# #HASHTAG# ></document>
		<document> Rothschilds Liquidating Royal Heirlooms In Historic Auction | Zero Hedge #URL# ></document>
		<document> One step closer to bankruptcy #HASHTAG# #HASHTAG# #URL# ></document>
		<document> #USER# He's now a weird guy with a weird family ></document>
		<document> RT #USER#: Satan rallying his forces for evil. #URL# ></document>
		<document> RT #USER#: I guarantee that won’t last Italian Town to Cover Crosses at Cemeteries So as Not to Offend Muslims (Video) ></document>
		<document> #USER# Why is the stock going up? Makes no sense ></document>
		<document> Is this article necessary? The problem with San Francisco poop maps #URL# #HASHTAG# ></document>
		<document> #USER# Anyway to get a clearer copy ></document>
		<document> RT #USER#: Why isn’t this is a huge story in the U.S.? #URL# ></document>
		<document> RT #USER#: A message to my fellow Americans. #URL# ></document>
		<document> RT #USER#: Solid point... extremists take note. #URL# ></document>
		<document> RT #USER#: More people are killed for being Christian than any other religion. ></document>
		<document> #USER# #USER# And the NY Times is owned by the drug cartel ></document>
		<document> RT #USER#: Who says “Easter worshippers”? People who don’t want to say “Christians,” that’s who. #URL# ></document>
		<document> RT #USER#: I have never heard the term “Easter worshipper” until today. ></document>
		<document> #USER# Not since JFK ></document>
		<document> RT #USER#: By “Easter worshippers” she means Christians😏 #URL# ></document>
		<document> #USER# Hell no. TRUMP Republican ></document>
		<document> RT #USER#: LATEST: At least 138 dead, hundreds injured as explosions rock churches, hotels on Easter Sunday in Sri ></document>
		<document> RT #USER#: BLOOD MONEY: How Qatar Bought Off the Entire DC Establishment #URL# ></document>
		<document> RT #USER#: How much did his parents pay to get him into Harvard?? #URL# ></document>
		<document> #USER# Yes and of those 3%, I think 1% are straight males ></document>
		<document> RT #USER#: I just noticed this article 😅 - Liberals Outraged by Bikini Photos of Pro-Trump Dilbert Creator's Girlfriend ></document>
		<document> #USER# You lucky dog ></document>
		<document> #USER# #USER# I'd care if it was an article about a missing Patriot ></document>
		<document> RT #USER#: Woah. Jeez. Yikes. Barf. 🤢🤮 #URL# ></document>
		<document> RT #USER#: Generally speaking, would you consider the mainstream media to be pro-war or anti-war? ></document>
		<document> #USER# She is evil ></document>
		<document> RT #USER#: When someone shows you who they are, believe them. #URL# ></document>
		<document> Some people did something #USER# #URL# ></document>
		<document> RT #USER#: I literally learned this self-defense move at a party last night. (I am completely serious.) #URL# ></document>
		<document> RT #USER#: How is this woman walking the halls of Congress. How. #URL# ></document>
		<document> #USER# Does this mean he's not running for president anymore? ></document>
		<document> #USER# By the way, I had to refollow you, Twitter is at it again ></document>
		<document> #USER# Agree. This is a rescue mission ></document>
		<document> RT #USER#: Just a bad day for bad guys... #URL# ></document>
		<document> RT #USER#: Ted Lieu's face while getting owned by Candace Owens. These guys did not know how to handle it. #URL# ></document>
		<document> #USER# I don't like the way this vote is going. Can I vote for Bronson again? ></document>
		<document> #USER# Pete Buttplug is going to catch on ></document>
		<document> RT #USER#: A moment of prayer with senior military leadership at the White House🇺🇸 #USER# #USER# #URL# ></document>
		<document> The LifeLog/Facebook Conspiracy Blog #HASHTAG# #HASHTAG# #URL# ></document>
		<document> He's not sounding too confident these days #URL# ></document>
		<document> #USER# This has happened to me too for a few years now, but I am limited to around 2700 ></document>
		<document> #USER# Same here. You should follow her diet. You'll feel great ></document>
		<document> RT #USER#: Is this verbal black face? #URL# ></document>
		<document> RT #USER#: Identity politics don’t work! Please stop pandering #USER# #URL# ></document>
		<document> #USER# Must stupid. Ones are the top and evil and intelligent ></document>
		<document> RT #USER#: We. Have. A. Winner!!!!!!!!!!! #URL# ></document>
		<document> #USER# I can't stop laughing at this. #HASHTAG# ></document>
		<document> Collusion? Russians Gave $35 Million to Company with John Podesta on Board #HASHTAG# #URL# ></document>
		<document> RT #USER#: The New York Public Library is brainwashing your kids. #URL# #HASHTAG# #HASHTAG# #HASHTAG# #HASHTAG# ></document>
		<document> RT #USER#: WHY ARE YOU FLYING?? STOP DESTROYING OUR WORLD #URL# ></document>
		<document> Donald Trump, Jr.: ‘It Became a Business Model’ for Media Outlets to Attack the President, Push Russia Collusion #URL# ></document>
		<document> Lindsey Graham: ‘Every Day with President Trump Is Christmas’ #HASHTAG# #HASHTAG# #URL# ></document>
		<document> #USER# #USER# Have you never seen a Bernie supporter before? ></document>
		<document> RT #USER#: I’d love to hear Congressman Omar or Tlaibs response to this video... #URL# ></document>
		<document> #USER# #USER# #USER# Stop cat calling her ></document>
		<document> #USER# I'm surprised. I heard he likes them much, much younger ></document>
		<document> Low IQ people actually think AOC is brilliant and nothing will ever change their mind... #HASHTAG# #HASHTAG# ></document>
		<document> #USER# - Don Lemon - Joe Scarborough - That lady on MSNBC that looks like Ralph Macchio... ></document>
		<document> #USER# To me, it means a thing on your head that if removed, will get you stoned to death by men ></document>
		<document> RT #USER#: #USER# #USER# Thank you- I just upped my followers by 100+ tonight! At 207 ></document>
		<document> #USER# Chivalry is not dead ></document>
		<document> RT #USER#: Trump is on fire and unpresidential...and they love it! ></document>
		<document> #USER# Georgia is so lucky ></document>
		<document> RT #USER#: What country is the biggest threat to America today? ></document>
		<document> #USER# #USER# Here is the go fund me link #URL# ></document>
		<document> #USER# #USER# If there is any way we can get a collection going, I would love to help spread the word ></document>
		<document> #USER# Obama in the cross hairs #HASHTAG# ></document>
		<document> #USER# She has a point. I'm just kidding, I have no idea what she means 🤣 ></document>
		<document> #USER# #USER# What is this crazy puta talking about? ></document>
		<document> RT #USER#: Guess who let #HASHTAG# off the hook? #URL# ></document>
		<document> RT #USER#: 100% right Rand Paul: ‘Absolutely’ Subpoena Obama Officials on Spygate. #URL# ></document>
		<document> #USER# Who are you again? ></document>
		<document> #USER# I think you know #URL# ></document>
		<document> #USER# He needs to eat more fiber ></document>
		<document> #USER# Avenatti Dr Dre's daughter AOC Don Lemon ></document>
		<document> #USER# Too. Much. Winning. ></document>
		<document> RT #USER#: Breaking News #USER# claims she found a way to end world hunger #URL# ></document>
		<document> RT #USER#: Time to investigate the Obama officials who concocted and spread the Russian conspiracy hoax! ></document>
		<document> #USER# You always seem to be years ahead of the news..... ></document>
		<document> RT #USER#: How many of you are binge-watching CNN and MSNBC today just for the comedy? 😂😂😂 ></document>
		<document> RT #USER#: -Mueller report says no collusion -Michael Avenatti arrested -SPLC president resigned It's only 1:30 p.m on Monday. ></document>
		<document> RT #USER#: Has #USER# seen this video? #URL# ></document>
		<document> RT #USER#: Can everybody stop calling us Russian bots for being hot Trump supporters now? #USER# #URL# ></document>
		<document> RT #USER#: What prosecutor would charge this as a crime? #URL# ></document>
		<document> RT #USER#: This is the young man who was charged with a crime for stopping a 5 year old from being raped by a 17 year old. ></document>
		<document> RT #USER#: Today is a good day for the good guys. ></document>
		<document> RT #USER#: Can Alex Jones come back now? ></document>
		<document> RT #USER#: Could not agree more. See you soon. #URL# ></document>
		<document> RT #USER#: “We did not get as much out of the investigation as we Putin.” ></document>
		<document> #USER# These beta males are really tough when they're typing on a computer ></document>
		<document> RT #USER#: Obama is very quiet, wonder why? ></document>
		<document> #USER# Great timing. Just posted this. More pictures on the site #URL# ></document>
		<document> The New York Public Library is brainwashing your kids. #URL# #HASHTAG# #HASHTAG# #HASHTAG# #HASHTAG# ></document>
		<document> The New York Public Library is brainwashing our children #URL# #URL# ></document>
		<document> #USER# The Republicans freed their slaves ></document>
		<document> #USER# #USER# What's a "disenfranchised Trump voter"? Is that a real thing? ></document>
		<document> #USER# No thanks 😂 ></document>
		<document> RT #USER#: Wonder if the media will report this horrible crime against a campus conservative? #URL# ></document>
		<document> #USER# After Donald Trump Jr's 2nd term I'll vote for you 😉 ></document>
		<document> #USER# She probably just realized she's the worst journalist of our lifetime 👍 ></document>
		<document> RT #USER#: i guess #HASHTAG# was right all along ></document>
		<document> RT #USER#: Which journalist turned conspiracy theorist profited from 'Russiagate' the most? ></document>
		<document> #USER# Got you 👍 ></document>
		<document> RT #USER#: Pucker Up Buttercup #URL# ></document>
		<document> #USER# I've never seen Ralph Macchio so upset ></document>
		<document> #USER# This looks like a regular day on the NYC subway to me... ></document>
		<document> #USER# I do a lot of my kids homework. They are exhausted by the time they get home. I make sure they know the stuff though... ></document>
		<document> RT #USER#: Time to hit back! ></document>
		<document> #USER# Hour to two a day ></document>
		<document> RT #USER#: Abortion is murder not self care! 60% of African American deaths are due to abortion. #URL# ></document>
		<document> #USER# He's a traitor and a mass murderer. Besides that, great guy ></document>
		<document> #USER# #USER# So sorry to hear that Scott ></document>
		<document> RT #USER#: This is for all who’ve been exposed to hate... #URL# ></document>
		<document> RT #USER#: Quite possibly the most difficult poll in the history of Twitter. Most detestable? ></document>
		<document> #USER# #USER# #USER# For me that's accurate ></document>
		<document> #USER# He's great. I was wondering why I haven't seen his tweets for a while ></document>
		<document> Those who are the loudest.... #URL# ></document>
		<document> #USER# Staten Island, NY 👍 ></document>
		<document> False flag to distract the public from what's coming #HASHTAG# #URL# ></document>
		<document> RT #USER#: This is jaw-dropping. #URL# ></document>
		<document> RT #USER#: Great job ⁦#USER#⁩ 🇺🇸💪🇺🇸💪🇺🇸 Ivanka Trump leads new campaign for 'good paying jobs,' fix education ></document>
		<document> Or E: Q is TRUMP? #URL# ></document>
		<document> Illegal Immigrant Arrested After Having Sex with Cow, Say Police #URL# ></document>
		<document> Journalist Accuses Twitter of Testing More Extreme ‘Shadowban’ Technique on His Account #URL# ></document>
		<document> RT #USER#: Don't worry Johnny....It's a dry heat! 👎👎 Bhahaha! #URL# ></document>
		<document> #USER# #USER# #USER# Mr Conway is too ugly for her ></document>
		<document> RT #USER#: Ladies which one do you prefer? #URL# ></document>
		<document> RT #USER#: This is the kind of meme that is alarming, either because it’s so nuts or so true... #URL# ></document>
		<document> #USER# Sorry to hear that Mike. Similar genes in my family ></document>
		<document> RT #USER#: Who did this? 😂 #URL# ></document>
		<document> RT #USER#: Worth the watch. #URL# ></document>
		<document> RT #USER#: so precious. The world needs more people like number 50 👏👏 (via: #USER#) #URL# ></document>
		<document> Dr Phil on the Ben Shapiro show Awkward interview. Dr Phil seems nervous #HASHTAG# #URL# ></document>
		<document> RT #USER#: Nigerian Muslim Militants Kill 120 Christians in Three Weeks #URL# ></document>
		<document> #USER# Hi Mike. When are you coming back to NYC ></document>
		<document> #USER# I got a 2.9 in college also. Barely. Was working too many hours part time. ></document>
		<document> RT #USER#: Trump 2020 🇺🇸 #URL# ></document>
		<document> RT #USER#: How many of you think Fox News was wrong? #URL# ></document>
		<document> #USER# Damn you're Persuasion skills. Now I have to Google it. ></document>
		<document> RT #USER#: 'Pure Genocide': Over 6,000 Nigerian Christians Slaughtered, Mostly Women and Children #URL# ></document>
		<document> #USER# #USER# #USER# If she were still alive you mean... ></document>
		<document> RT #USER#: Because nobody could have seen this coming...? FFS!!!! #URL# ></document>
		<document> RT #USER#: Work hard find purpose spread love the rest will work itself out ></document>
		<document> #USER# Hell get his. NVIXM opens up that door to Hollywood ></document>
		<document> #USER# I heard his name is Francis ></document>
		<document> #USER# You are 100% right Mike. I never liked Mark Cuban. He knows better ></document>
		<document> Someone wrote "Die Jew" on an RBG poster. The good news is she won't feel bad since she's been dead for weeks #URL# ></document>
		<document> And........he's a commie #URL# ></document>
		<document> #USER# The worse their secrets the easier they are to control ></document>
		<document> RT #USER#: #USER# Get rid of ALL these traitors #URL# ></document>
		<document> RT #USER#: Don't use his name. Don't share his video. Don't share his manifesto. Remember and pray for the victims. ></document>
		<document> RT #USER#: I will be dropping big news about Mifsud today. ></document>
	
</author><document> Pete Buttigieg of South Carolina: America 'wasn't as great as it was advertised' #URL# #HASHTAG# ></document>
<document> #USER# I'll do it. Thank you beer! ></documentation>
<document> #USER# Thank you for following us! ></documentation>
<document> #USER# How do you overcome your fear when you are attacked by these evil people on a regular basis?></document>
<document> #USER# Hi Beer, can you help me? As far as I remember I'm on 2700 ></document>
<document> RT #USER#: Donald Trump Jr. Calls Anti-Israel Sentiment Among Democrats 'Very Nasty' | Daily Caller #URL# ></document>
<Documentation> #USER# Oh. Is this true? ></documentation>
<document> #USER# #USER# ok 👍 ></document>
<Document> RT #USER#: THIS! RETWEET & LIKE PLEASE SHARE THE TRUTH. I hope this doesn't happen to others. #HASHTAG# #URL# ></document>
<document> RT #USER#: Ilhan Omar is a product of the Koch Brothers immigration policy. ></documentation>
<document> "YouTube personality Austin Jones sentenced to 10 years in prison for child pornography" #URL# ></document>
<documentation> RT #USER#: Raped a 14 year old girl &amp; slapping the wrist for it? oh! He deserves to go to jail! #URL# ></document>
<document> RT #USER#: This just happened. The president retweeted #USER# and #USER#. #URL# ></document>
<document> These are not men #URL# ></document>
<document> RT #USER#: "I'd rather die on my feet than live on my knees". ></document>
<document> RT #USER#: "I will declassify soon" - #USER# #USER# #USER# #USER# ></document>
<document> RT #USER#: Thank you President Trump for tweeting about me. Hopefully, this will accelerate government action on big tech regulation. ></documentation>
<document> #USER# #USER# There are some very bad people in this world and the majority tend to be on the left these days ></document>
<documentation> #USER# Twitter is making martyrs. In the long run this is a good thing. ></documentation>
<document> RT #USER#: On the other hand, Hamas and the Muslim Brotherhood, two terrorist organizations still have Facebook and Twitter. #URL# ></document>
<document> #USER# You are #HASHTAG# in my book ></document>
<document> RT #USER#: Watch the May 5th #USER# podcast. Brilliant woman, make a movement. #URL# ></document>
<Documentation> #USER# US mail may be at risk. I prefer homing pigeons ></document>
<documentation> #USER# Hahaha. correct. That's how New York bureaucrats think these days... ></document>
<document> RT #USER#: This is what happens when you disarm people. People of Venezuela 🇻🇪 May God be with you. #URL# ></document>
<documentation> RT #USER#: Heinous! This is what socialist disarmament leaders do to their people. #URL# ></document>
<document> RT #USER#: Melisandre after battle #HASHTAG# #HASHTAG# #URL# ></document>
<Documentation> #USER# Yes. It's been planned for decades ></document>
<document> RT #USER#: Three socialists walked into a bar and said. #HASHTAG# #URL# ></document>
<documentation> RT #USER#: Scotland is 96% white. This is perfectly normal. #URL# ></document>
<document> RT #USER#: Pope Francis is sending $500,000 to help Mexican immigrants trying to reach the US. ></documentation>
<document> #USER# Ignore these trolls. they are crap ></document>
<document> RT #USER#: HATE HOAX: Accusing Family of Anti-Semitic Attacks on Their Restaurant #URL# ></document>
<document> RT #USER#: while in France..... #URL# ></document>
<document> #USER# sorry for the inconvenience></document>
<document> RT #USER#: Thank you all for the wonderful birthday wishes! ></document>
<document> RT #USER#: Gig is up after #USER# found #HASHTAG# (respek). The rest was a business called "Show". ></documentation>
<Documentation> RT #USER#: Like it. Tommy Robinson Announces Candidacy for European Parliament #USER# #URL# ></document>
<document> #USER# Paul Krugman is never right about anything, so we seem to be on top ></document>
<document> #USER# I'd like to follow twice if possible ></document>
<document> #USER# don't judge ></document>
<document> #USER# Currently working on the Luciferian principle. Recommended by a really smart guy on Twitter here ></document>
<documentation> #USER# Gorilla's way of thinking. Great Victory, Pre-Suajong, Power of the Present, Power of Positive Thinking ></document>
<document> #USER# TRUST THE PLAN #HASHTAG# ></document>
<document> #USER# #USER# #USER# Do you think the rumors about Pence being dirty are true? ></document>
<Document> RT #USER#: President #USER# is working to end human trafficking. #URL# #HASHTAG# #HASHTAG# ></document>
<Documentation> The Rothschilds liquidate royal heirlooms at historic auction. Zero Hedge #URL# ></document>
<document> One step closer to bankruptcy #HASHTAG# #HASHTAG# #URL# ></document>
<document> #USER# He's now a weird guy with a weird family ></document>
<document> RT #USER#: Satan Joins Forces for Evil. #URL# ></document>
<document> RT #USER#: Assures Italian towns won't cover crosses in cemeteries to avoid offending Muslims (video) ></document>
<document> #USER# Why are stocks going up? doesn't make sense></document>
<documentation> Need this article? San Francisco shit map issue #URL# #HASHTAG# ></document>
<document> #USER# Get a clearer copy anyway ></document>
<document> RT #USER#: Why isn't this a big deal in the US? #URL# ></document>
<document> RT #USER#: A message to fellow Americans. #URL# ></document>
<document> RT #USER#: To be clear... extremists beware. #URL# ></document>
<document> RT #USER#: More people are killed for being Christian than any other religion. ></documentation>
<document> #USER# #USER# AND THE NEW YORK TIMES IS THE PROPERTY OF DRUG CARTELS ></document>
<document> RT #USER#: Who says "Easter Worshiper"? Who doesn't want to say "Christian". #URL# ></document>
<document> RT #USER#: Never heard the word "Ea"until today. ></documentation>
<document> #USER# not JFK or newer ></document>
<document> RT #USER#: 'Easter Worshipers' Means Christians 😏 #URL# ></document>
<Document> #USER# Hell No. Trump Republican ></document>
<document> RT #USER#: Latest: At Least 138 Killed, Hundreds Injured, Churches, Hotels Exploded on Easter Sunday for Pickpockets ></document>
<document> RT #USER#: BLOOD MONEY: HOW QATAR Bought ENTIRE DC FACILITY #URL# ></document>
<document> RT #USER#: How much did his parents pay him to get into Harvard?? #URL# ></document>
<document> #USER# Yes, I believe 1% of those 3% are heterosexual men ></document>
<document> RT #USER#: just spotted this article 😅 - liberals outraged over bikini photo of pro-Trump Dilbert creator's girlfriend ></document>
<document> #USER# lucky dog ​​></document>
<document> #USER# #USER# Wish it was an article about missing Patriots ></document>
<documentation> RT #USER#: Wow. Wow. Wow. Barf. 🤢🤮 #URL# ></document>
<document> RT #USER#: Generally speaking, do you think the mainstream media is pro-war or anti-war? ></document>
<document> #USER# She's Evil ></document>
<document> RT #USER#: When someone reveals who they are, believe them. #URL# ></document>
<document> Somebody did something #USER# #URL# ></document>
<document> RT #USER#: I literally learned this self-defense move at a party last night. (I'm totally serious.) #URL# ></document>
<document> RT #USER#: How does this woman walk the halls of Congress? How. #URL# ></document>
<document> #USER# Does this mean he is no longer running for president? ></document>
<document> #USER# By the way, I had to refollow you. Twitter has started again ></document>
<documentation> #USER# I agree. This is a rescue mission ></document>
<document> RT #USER#: Bad days for bad guys... #URL# ></document>
<document> RT #USER#: Ted Lieu's face when owned by Candace Owens. These guys didn't know how to handle it. #URL# ></document>
<document> #USER# I don't like this way of voting. Can I vote for Bronson again? ></document>
<document> #USER# Pete Buttplug will catch ></document>
<document> RT #USER#: Prayer Time with Senior Military Leaders at the White House 🇺🇸 #USER# #USER# #URL# ></document>
<document> The LifeLog/Facebook Conspiracy Blog #HASHTAG# #HASHTAG# #URL# ></document>
<document> He sounds very insecure these days #URL# ></document>
<document> #USER# This has been happening to me too for years, but I'm limited to about 2700 ></document>
<document> #USER# Same here. You should follow her diet. you will feel great ></document>
<document> RT #USER#: Is this a verbal blackface? #URL# ></document>
<document> RT #USER#: Identity Politics Doesn't Work! Stop Pandering #USER# #URL# ></document>
<document> #USER# stupid. Things are top, evil, and intelligent ></document>
<documentation> RT #USER#: us.hiStreet A. Winner!!!!!!!!!!!! #URL# ></document>
<document> #USER# I can't stop laughing at this. #HASHTAG# ></document>
<Document> Collusion? Russian donated $35 million to company that carried John Podesta #HASHTAG# #URL# ></document>
<document> RT #USER#: The New York Public Library is brainwashing your child. #URL# #HASHTAG# #HASHTAG# #HASHTAG# #HASHTAG# ></document>
<document> RT #USER#: why are you flying?? stop destroying our world #URL# ></document>
<document> Donald Trump Jr.: The Press Has 'Became a Business Model' for Attacking the President and Pushing Collusion with Russia #URL# ></document>
<document> Lindsey Graham: "Every Day With President Trump Is Christmas" #HASHTAG# #HASHTAG# #URL# ></document>
<document> #USER# #USER# Ever seen a Barney supporter? ></document>
<document> RT #USER#: I'd love to hear Congressman Omar or Taraibus' reaction to this video... #URL# ></document>
<document> #USER# #USER# #USER# stop the cat from calling her ></document>
<documentation> #USER# I was surprised. I heard he likes younger guys ></document>
<document> Low IQ people actually think AOC is great and nothing will change their minds... #HASHTAG# #HASHTAG# ></document>
<document> #USER# - Don Lemon - Joe Scarborough - That woman who looks like Ralph Macchio from MSNBC... ></document>
<document> #USER# To me, it means anything above your head, removing it will get you stoned to death by a man ></document>
<document> RT #USER#: #USER# #USER# Thank you. We gained over 100 followers tonight! 207 ></Document>
<document> #USER# chivalry is not dead ></document>
<document> RT #USER#: Trump is on fire, unpresidential...and they love it! ></document>
<document> #USER# Georgia is so lucky ></document>
<document> RT #USER#: Which country poses the greatest threat to America today? ></document>
<document> #USER# #USER# Go Fund me link here #URL# ></document>
<document> #USER# #USER# If there's a way to advance the collection, I'd love to help spread the word ></document>
<document> #USER# Obama in crosshairs #HASHTAG# ></document>
<document> #USER# She has a point. Just kidding, I have no idea what she's talking about🤣 ></document>
<document> #USER# #USER# What is this crazy puta saying? ></documentation>
<document> RT #USER#: Guess who took #HASHTAG# off the hook? #URL# ></document>
<documentation> RT #USER#: 100% correct Rand Paul: "absolutely" send subpoenas to Obama officials on Spygate. #URL# ></document>
<document> #USER# Who are you? ></document>
<document> #USER# you know #URL# ></document>
<document> #USER# He needs to eat more fiber ></document>
<document> #USER# Avenatti Dr Dre's Daughter AOC Don Lemon ></document>
<documentation> #USER# too. many. win. ></documentation>
<document> RT #USER#: Breaking News #USER# Claims He Found a Way to End World Hunger #URL# ></document>
<document> RT #USER#: Time to Investigate Obama Officials Who Hoaxed and Spread RusCyan conspiracy hoax! ></documentation>
<document> #USER# You always seem years ahead of the news..... ></document>
<document> RT #USER#: How many people binge-watch CNN and MSNBC just for comedy today? 😂😂😂 ></document>
<document> RT #USER#: -Mueller Report Says No Collusion -Michael Avenatti Arrested -SPLC President Resigns It's 1:30 PM on Monday. ></documentation>
<documentation> RT #USER#: Did #USER# see this video? #URL# ></documentation>
<document> RT #USER#: Can you please stop calling us Russian bots for being ardent Trump supporters? #USER# #URL# ></document>
<document> RT #USER#: Which prosecutor will prosecute this? #URL# ></document>
<Documentation> RT #USER#: This is a young man charged with stopping a 5 year old from being raped by a 17 year old. ></documentation>
<document> RT #USER#: Today is a good day for good people. ></documentation>
<document> RT #USER#: Can Alex Jones come back now? ></document>
<documentation> RT #USER#: I cannot agree any further. see you soon. #URL# ></document>
<document> RT #USER#: "We didn't get as much out of the investigation as Putin." ></document>
<document> #USER# These beta guys are really tough when they're typing on their computers ></document>
<document> RT #USER#: President Obama is very quiet. ></documentation>
<Documentation> #USER# Perfect timing. Just posted this. More photos on the site #URL# ></document>
<Document> The New York Public Library is brainwashing your children. #URL# #HASHTAG# #HASHTAG# #HASHTAG# #HASHTAG# ></document>
<document> The New York Public Library Is Brainwashing Kids #URL# #URL# ></document>
<document> #USER# Republicans Freed the Slaves ></document>
<document> #USER# #USER# What is a "disenfranchised Trump voter"? Is it real? ></documentation>
<document> #USER# no 😂 ></document>
<document> RT #USER#: Will the media cover this horrific crime against campus conservatives? #URL# ></document>
<document> #USER# After Donald Trump Jr.'s second term, I'm voting for you 😉 ></document>
<document> #USER# She probably found herself the worst journalist in our lifetime👍 ></document>
<document> I think RT #USER#: #HASHTAG# was right all along ></document>
<document> RT #USER#: Which journalist turned conspiracy theorist who profited the most from 'Russiagate'? ></document>
<document> #USER# ok 👍 ></document>
<document> RT #USER#: Pucker Up Buttercup #URL# ></document>
<document> #USER# I've never seen Ralph Macchio so angry ></document>
<document> #USER# This looks like a normal day on the New York subway... ></document>
<document> #USER# I do a lot of homework for my kids. They are exhausted by the time they get home. But make sure they know that... ></document>
<document> RT #USER#: Time to strike back! ></document>
<document> #USER# up to 2 hours a day ></document>
<Documentation> RT #USER#: Abortion is murder, not self-care! 60% of African American deaths are due to abortion.#URL# ></document>
<documentation> #USER# He is a traitor and a mass murderer. Besides that, the great ></document>
<document> #USER# #USER# sorry to hear Scott></document>
<document> RT #USER#: This is for everyone exposed to hate... #URL# ></document>
<document> RT #USER#: Probably the hardest poll in Twitter's history. most abhorrent? ></documentation>
<document> #USER# #USER# #USER# that's correct for me ></document>
<Documentation> #USER# He's great. Was wondering why I haven't seen his tweets in a while ></document>
<document> Loudest people.... #URL# ></document>
<document> #USER# Staten Island, NY 👍 ></document>
<document> False flags to distract attention from upcoming events #HASHTAG# #URL# ></document>
<documentation> RT #USER#: This is a surprise. #URL# ></document>
<document> RT #USER#: GREAT WORK #USER# 🇺🇸💪🇺🇸💪🇺🇸 Ivanka Trump Leads New Campaign for 'High Paying Jobs', Better Education ></document>
<documentation> or E: Q is TRUMP? #URL# ></documentation>
<document>Illegal immigrants arrested for having sex with cows, call police #URL# ></document>
<document> Journalist accuses Twitter of testing even more extreme 'Shadowban' techniques on his account #URL# ></document>
<Documentation> RT #USER#: Johnny Don't worry....it's dry heat! 👎👎 Bahaha! #URL# ></document>
<document> #USER# #USER# #USER# Mr. Conway is too ugly for her ></document>
<document> RT #USER#: Which do women prefer? #URL# ></document>
<document> RT #USER#: This is a disturbing kind of meme. Because it's either very silly or too true... #URL# ></document>
<Documentation> #USER# Sorry to hear Mike. Similar genes in my family ></document>
<document> RT #USER#: Who did this? 😂 #URL# ></document>
<document> RT #USER#: Notable. #URL# ></document>
<Documentation> RT #USER#: Very valuable. The world needs more people like #50 👏👏 (via: #USER#) #URL# ></document>
<Documentation> An awkward interview with Dr. Phil on Ben Shapiro's show. Dr. Phil seems nervous #HASHTAG# #URL# ></document>
<document> RT #USER#: Nigerian Islamist Militants Kill 120 Christians in 3 Weeks #URL# ></document>
<documentation> #USER# Hi Mike. When are you coming back to New York? ></document>
<document> #USER# I also took 2.9 in college. barely. I worked part-time for a long time. ></documentation>
<document> RT #USER#: Trump 2020 🇺🇸 #URL# ></document>
<document> RT #USER#: How many people think Fox News got it wrong? #URL# ></document>
<document> #USER# Damn, persuasion skill. Now i have to google it. ></documentation>
<document> RT #USER#: 'Pure Genocide': Over 6,000 Nigerian Christians Massacred, Mostly Women and Children #URL# ></document>
<document> #USER# #USER# #USER# If she were still alive... ></document>
<document> RT #USER#: Since no one could see this coming...? FFS!!!! #URL# ></document>
<document> RT #USER#: Work hard to find your purpose, spread the love and the rest will come naturally ></document>
<Document> #USER#Get hell NVIXM opens the door to Hollywood ></document>
<document> #USER# I heard his name is Francis ></document>
<Documentation> #USER# You are 100% correct Mike. I never liked Mark Cuban. he knows well ></document>
<Documentation> Someone wrote "Die Jew" on an RBG poster. Luckily it's been a few weeks since she died so she won't be offended #URL# ></document>
<document> And... he's a communist #URL# ></document>
<document> #USER# The worse the secret, the more control you have ></document>
<document> RT #USER#: #USER# Kill the Traitors #URL# ></document>
<document> RT #USER#: Please don't use his name. Please don't share his videos. Please don't share his manifesto. Remember and pray for the victims. ></documentation>
<document> RT #USER#: Today we bring you some big news about Mifsud. ></documentation>

</author>