
	
		<document> #USER# #USER# Oh my god I heard of pangolins but that just looks awesome ></document>
		<document> #USER# Fair enough, I think I at least understand the whole thought process now. Thanks for talking. 🎄 ></document>
		<document> #USER# #USER# I can't name anyone that would fit the concept for the lefty side today. Greta Thunberg maybe? lol ></document>
		<document> #USER# How's the progress on the Team-Up variant+ashcan bundles? If I don't see anything this week should I email ya? ></document>
		<document> #USER# Fuck it, just take it and don't make a big deal about it afterwards. ></document>
		<document> #USER# #USER# *or anything weird ></document>
		<document> RT #USER#: Live with Alex Jones and Owen Shroyer on the War Room! #URL# ></document>
		<document> #USER# Yeah Tucker's always been good on these issues, but that's cool if he's been following along and get's it. ></document>
		<document> #USER# #USER# basically, Rand did nothing wrong. ></document>
		<document> The blackmail material has been sent to Mossad for safekeeping, and the bad man is dead. Case closed lol ></document>
		<document> Or the people that planned out and funded his enterprise, for that matter. ></document>
		<document> #USER# #USER# #USER# #USER# Hahah no one's talking about killing, you clown. ></document>
		<document> #USER# Holy shit yes normies rise up! ></document>
		<document> #USER# Fucking bizarre the giant blind-spots these alt-light-ers have to perpetuate. ></document>
		<document> #USER# Hah, good marketing. ></document>
		<document> #USER# People being loud in movie theaters? I might know some FBI statistics about that... ></document>
		<document> Shit is all of the content pay-walled? fuck that nevermind lol ></document>
		<document> #USER# Btw love your art style and looking forward to Sovereign! ></document>
		<document> #USER# That answers my question haha... I've only started following comicsgate and all related things pretty recently. ></document>
		<document> #USER# Is the Liefeld Indiegogo project worth getting or is he just an asshole now? #URL# ></document>
		<document> #USER# Poor people are so dumb, don't you know you can take out loans and just never pay them back? ></document>
		<document> #USER# Make him trans and you got a movie deal kid. 6 figures ></document>
		<document> #USER# Tfw going back to The Shire ></document>
		<document> RT #USER#: Low Birthrates? Nazi Germany Could Teach Modern Europe a Thing or Two #URL# #URL# ></document>
		<document> #USER# #USER# My favorite Jewish comedian ></document>
		<document> And that baby's name was Albert Einstein #URL# ></document>
		<document> J CREAM- FINE WOMEN &amp; FINE THINGS (official video ) #URL# via #USER# ></document>
		<document> RT #USER#: U.S. military issues warning to troops about incel violence at Joker screenings #URL# #URL# ></document>
		<document> #USER# STAYY THE FUCK BAAAACCCKK! WE WILL DEFEND OURSELVES! #USER# #URL# ></document>
		<document> RT #USER#: He runs like he listened to his voters; but he governs by listening to Jared and Ivanka. #URL# ></document>
		<document> #USER# We're the biggest and the gayest, folks. Russia doesn't stand a chance against Big Gay. ></document>
		<document> #USER# Save up money while van-lifing ></document>
		<document> #USER# LOL! Gotta get that bag! ></document>
		<document> Great speech Greta, very cool! Did you know I'm the King of Israel? #URL# ></document>
		<document> #USER# Well sure, but women's rights were part of the beginning of society's problems, that led to incels. ></document>
		<document> #USER# EWJ videgame revival would be the best outcome. I don't wanna see EWJ in the MCU ></document>
		<document> It is good when there is an occasional hot female nurse around, but we need more male nurses in the industry. ></document>
		<document> #USER# At first I thought it said Dog Salem and was like "What's this, a Monster Hunter version of Dog the Bounty Hunter?" ></document>
		<document> #USER# Is this comin to Netflix? ></document>
		<document> #USER# HH Brother, The Hulkamaniacs will never be kept down ></document>
		<document> #USER# This is wimmen empowerment ></document>
		<document> #USER# One of them must be made black. Or make em a gay couple! I smell an Oscar. ></document>
		<document> RT #USER#: Expectations vs Reality #HASHTAG# #URL# ></document>
		<document> #USER# And then everyone clapped! ></document>
		<document> #USER# #USER# #USER# #USER# #USER# Make Joe Rogan and Sam Hyde so I can make Sam choke Joe out ></document>
		<document> #USER# He also goes into our old friend Jussie at one point, loved that bit. ></document>
		<document> #USER# #USER# Damn, Ralph has to pay you more. ></document>
		<document> #USER# #USER# Why aren't you co-hosting you nigg ></document>
		<document> #USER# Poor white boys can't dance smh 😂😂 ></document>
		<document> 2020 will be the year of the Great Return!! #HASHTAG# #HASHTAG# #HASHTAG# #URL# ></document>
		<document> #USER# #USER# Wow maybe people should stop migrating to white countries ;-) ></document>
		<document> INVICTVS MMXX: Fireside Chat No. 1: On the System's Declaration of War #URL# via #USER# What a mad lad ></document>
		<document> Listen to #USER# live online via #USER# #HASHTAG# #URL# ></document>
		<document> #USER# Book signings at the weigh-in! Drinks after the match. ></document>
		<document> RT #USER#: #USER# #USER# Certified Guaranteed Interesting #HASHTAG# #URL# ></document>
		<document> #USER# I think you should wear flat cap like guys in Peaky Blinders. It is more stylish but still very casual like beanie ></document>
		<document> Check out Ninja Box - 4 Pillars To Building Ninja Schools Worldwide by Michael Yeh on #USER# #URL# ></document>
		<document> New Zealand Yes! #URL# ></document>
		<document> #USER# It's about context. That context being the real world. Israel is the elephant in the room. ></document>
		<document> #USER# Yeah it's actually not that bad, but I'm laughing at all the gratuitous nudity ></document>
		<document> #USER# Was this one big gay op to bait Zoom? ></document>
		<document> RT #USER#: South Africa explained in 28 seconds. #URL# ></document>
		<document> KENSHI Review | SSS Rank: Smuggling™ | Starvation™ | Slavery™ #URL# via #USER# ></document>
		<document> TYT's Hasan Piker Praises Socialism, Open Borders, Islam—Blames Capitali... #URL# via #USER# lol, my sides are ready ></document>
		<document> Help make it happen for Warski And Ralph #URL# #HASHTAG# via #USER# ></document>
		<document> #USER# You should have #USER# debate Destiny. Get some Dick action in there too, lol. ></document>
		<document> #USER# Thanks Paul, very cool! ></document>
		<document> #USER# Andy's been redpilled on the yellow Jew. ></document>
		<document> I love heterosexual white males ></document>
		<document> #USER# BUILD THE ARTISTIC STEEL SLATS #HASHTAG# ></document>
		<document> #USER# #USER# #USER# lol and here I thought it was just the Jews disowning her for being ridiculous. ></document>
		<document> #USER# #USER# Aww how cute ></document>
		<document> Wiggers should be sent to re-education camps ></document>
		<document> #USER# This guy has me questioning my biases against comic book movies. ></document>
		<document> You think you've reached peak Bugmanism? Think again kid #URL# ></document>
		<document> #USER# Grow up, Ironybros #URL# ></document>
		<document> RT #USER#: Do walls work? ></document>
		<document> #USER# Real comfy Anglo hours ></document>
		<document> #USER# Nick will eventually embrace the Faustian spirit and become who we are. ></document>
		<document> #USER# They should've used DJ Khaled ></document>
		<document> #USER# Kenny vs Margaret ></document>
		<document> Desmond is Amazing and this #HASHTAG# movement thing is a psyop to make Milo mainstream again. ></document>
		<document> Updated superhero ideas: Black Israelite Superman. Wonder T-Girl. ></document>
		<document> #USER# Were they originally Nazifurs? ></document>
		<document> #USER# #USER# Haha I think the whims of the current clique he's allowed in are more important to him than this. ></document>
		<document> #USER# #USER# #USER# I think he'd rather give debating Jim another try. Spencer owns suits. ></document>
		<document> When #USER# calls you a sweet dessert #URL# ></document>
		<document> Controversial opinion: I respect Baked Alaska more than Beardson. ></document>
		<document> RT #USER#: Michael Cohen Is Going To Prison — But At Least It’s Very Jewy #URL# ></document>
		<document> Stay straight, brothers. Don't go trans for e-fame. ></document>
		<document> #USER# Can I have like 5 bux ></document>
		<document> #USER# #USER# I eagerly await news of Chris Chan shooting up a theater ></document>
		<document> #USER# #USER# NYC landlord is going on the list of hateful, anti-Semitic language. ></document>
		<document> #USER# lol bet she was throwing shit at him. The woman cries out as she hits you. ></document>
		<document> #USER# It's like he did all that gay shit (the dildo stunt, Israel trip, etc) for nothing! ></document>
		<document> #USER# Why do only brown men get to be TransAge ></document>
		<document> #USER# Now that's what I call top tier optics ></document>
		<document> #USER# #USER# plus I've never tried to ruin you ></document>
		<document> #USER# #USER# Andy my fridge is empty can I have a few hundred too ></document>
		<document> #USER# #USER# They should do this to E-Sports players too ></document>
		<document> #USER# Where's the lie? ></document>
		<document> RT #USER#: Is this the position of evolutionary biologist #USER# ? #URL# ></document>
		<document> #USER# Stop the car, get out and allow the unwashed masses to "know" you. (In the Biblical sense). ></document>
		<document> #USER# Wtf, first degree murder? This is getting appealed, right? ></document>
		<document> ITS THE CIIIIIIIIIIIRCLEEE OF ORANGE MAN BAD FUCK WHITE PEOOPLLEE #URL# via #USER# ></document>
		<document> RT #USER#: I made an AJ1 out of cardboard #URL# ></document>
		<document> The comments section, oof. #URL# via #USER# ></document>
		<document> Now THIS is epic #URL# ></document>
		<document> Pleb poorfags can't even into swindling sponsors into lending them millions of dollars. #URL# ></document>
		<document> #USER# He's brown though, don't think this is gonna much press/outrage. ></document>
		<document> #USER# ITS A MISTAKE ></document>
		<document> #USER# #USER# Poofters and child groomers, for sure. ></document>
		<document> #USER# Oh my mistake, I should have looked a little deeper into these things ></document>
		<document> #USER# Can confirm, I bash Andy's low iq humor in chat all the time and never been timed out or anything. ></document>
		<document> Give Alex Jones press credentials and sit him next to Jim Acosta #URL# ></document>
		<document> Fallout 76: Bully Hunter #URL# via #USER# #USER# Game doesn't look too bad! ></document>
		<document> #USER# Hahah and she's in debt from ONE patron's refunds lmao ></document>
		<document> Stunning and brave Macy's ad featuring white families and gay niggas! #URL# ></document>
		<document> RT #USER#: #USER# Im looking forward to voting in Mexico, Canada, England, France and Germany’s elections ></document>
		<document> Time should do a piece on the millions of weeaboos who are Japanese, just not legally. #URL# ></document>
		<document> RT #USER#: You guys.... wtaf. #URL# ></document>
		<document> #USER# IT'S A MISTAKE! ></document>
		<document> We have the kebab recipes! They can go back! #URL# ></document>
		<document> He say this nigga eatin beans 😂😂😎👌 #URL# ></document>
		<document> In a few hundred years there will be INFINITE AFRICANS spreading across the universe and it will be beautiful #URL# ></document>
		<document> RT #USER#: Should all news stories be pre-approved by Donald Trump before they are broadcasted to the American people? ></document>
		<document> #USER# Make white babbys ></document>
		<document> #USER# And the white race should be able to deny trans-white teens ></document>
		<document> #USER# How does one pay taxes when 20 of them will share the same SSN and apartment room? Oh yeah they mean sales taxes lol ></document>
		<document> RT #USER#: Are whites superior to others? ></document>
		<document> RT #USER#: Donald Trump wants soldiers to open fire at the migrant caravan if they throw stones at them... Is that a good idea? ></document>
		<document> YAAAASSSSS ISRAEL ROCKS #URL# ></document>
		<document> Middle East wars fawk yeah! #URL# ></document>
		<document> GOD FUCKING DAMN I CAME #URL# ></document>
		<document> RT #USER#: Should America only be white? ></document>
		<document> Hail #USER# ! This Amazon Queen is leading hordes of beta bux orbiters to save the West. #URL# ></document>
		<document> Oh just checked again and he fixed his boomer tech issues and is talking about owning the SJWs- #URL# #HASHTAG# ></document>
		<document> MILO LIVE, someone tell him about Gamergate 2.0! #URL# #HASHTAG# ></document>
		<document> #USER# Streamlabs will be hit. The ADL/SPLC can only censor youtube superchats, so they've gotta go after the alternative. ></document>
		<document> #USER# #USER# Actual Alt Righters would not be engineering these October surprises that only hurt the Right lmao ></document>
		<document> This Pittsburgh thing is being used like a little mini-holocaust to make everyone love Jews again. ></document>
		<document> We've got dead Jews so you know shit's about to go down. Gonna be civil war or WW3 or some shit. ></document>
		<document> RT #USER#: *immediately logs off* #URL# ></document>
		<document> Typical crap-eating women #URL# via #USER# ></document>
		<document> #USER# DID YOU JUST ASSUME THEIR HAIR IDENTITY ></document>
		<document> #USER# Actually it's kinda funny but I guess I have to include the whole globe in that statement. ></document>
		<document> #USER# Can we just stop supporting arab, israelian and south american countries? I'm a nationalist ></document>
		<document> RT #USER#: Friends of Zion hosts event to honor Guatemala’s new ambassador to Israel #URL# ></document>
		<document> #USER# Makes sense, I understand. ></document>
		<document> #USER# Shut up bitch ></document>
		<document> #USER# #USER# I believe what you're saying about them Andy, but to be fair you are a druggy. ></document>
		<document> #USER# Now now let's not speak too harshly, lest we accidentally become anti-semitic #URL# ></document>
		<document> #USER# Woah buddy you sound like an unhinged, ranting, drunk conspiracy theorist. ></document>
		<document> #USER# #USER# You guys should come fight in LA, maybe #USER# could help set it up. ></document>
		<document> #USER# How do I start investing? ></document>
		<document> RT #USER#: What should my fursona name be? ></document>
		<document> RT #USER#: What do you want more? Please RT to get wide response ></document>
		<document> "how do fix this and get my girlfriend to be ok with Dr. Peterson?" LMAOOOO 😂😂👌 #URL# ></document>
		<document> #USER# Cut yuri completely out of your life, it is degenerate. ></document>
		<document> #USER# Sargon and Metokur are great leaders of men. ></document>
		<document> #USER# Nike's should only be stolen from now on ></document>
		<document> RT #USER#: #URL# well here it it ></document>
		<document> Gamergate 2.0 trigger the libs own the libs #HASHTAG# ></document>
		<document> #USER# That guy's memeing on real Boomer hours. *sips* ></document>
		<document> #USER# The optimal look is 3 days stubble so it's too late for him. May as well rock the neckbeard ></document>
		<document> #USER# Gamers rise up ></document>
		<document> #USER# WE HAVE THE RECIPES ></document>
		<document> #USER# #USER# I could use a few k too, willing to send dick pics in return ></document>
		<document> RT #USER#: Woman Always Gets Best Ideas While Taking Shower With Two Jacked Dudes #URL# #URL# ></document>
		<document> #USER# I am Gundam ></document>
		<document> #USER# You should infect everyone who comes over to leech ></document>
		<document> #HASHTAG# never ended ></document>
		<document> #USER# Well that's it, Kenny has won me over. ></document>
		<document> #USER# #USER# That's the worst ></document>
		<document> #USER# Will do it sarcastically and then ruin it with my bad attitude ></document>
		<document> #USER# lol whaddya know there are results for him being a secret Jew on google. Props to him for being an explorer though. ></document>
		<document> #USER# Wut? A slave trader? Was Columbus Jewish? ></document>
		<document> "Critics" apparently hate Venom. Sign of a good movie? ></document>
		<document> Also Connor is a libtard and Khabib is a kebab, yet we got Irishmen and Russians brawling. No more brother wars! ></document>
		<document> RT #USER#: Don't be a wine aunt; be a Wine Queen 👑 ></document>
		<document> #USER# When you think there will be no leeches but then realize all globo-homo urban centers are the same #URL# ></document>
		<document> #USER# Get me on sale buy 1 get 1 free Asians but make sure they're fresh please ></document>
		<document> #USER# I love fancy Drumpf parties ></document>
		<document> #USER# #USER# #USER# Maybe he is the real Mossad operative ></document>
		<document> This has happened mere days after following #USER# and helping speak out against Jewish influence on the anime industry. ></document>
		<document> All my metal forks have mysteriously disappeared ></document>
		<document> Shill's basement lmao #URL# ></document>
		<document> #USER# #USER# Sure thing chosen one 😂 ></document>
		<document> #USER# Kids in the Hall indoctrinated me into loving gays, before I became redpilled and became a trad-neet ></document>
		<document> #USER# #USER# #USER# It's called autism. He can defend all his points intellectually. Sean will be stumped. ></document>
		<document> #USER# AIU believes in pedal powered head bashing machines as well. ></document>
		<document> #USER# Sam Hyde popping in is like Kim Jong Un making a surprise visit to a North Korean town and kissing babies ></document>
		<document> #USER# C R E D I B L E T E S T I M O N Y #HASHTAG# ></document>
		<document> #USER# The mad man openly naming himself as a white male. #HASHTAG# ></document>
		<document> #USER# What incredible brave sacrifice! She must be telling the truth! ></document>
		<document> #USER# Women like her believe they will get some action from men who resort to rape ></document>
		<document> Looking for some paypigs, will send you pics of anime girls for every $100 #HASHTAG# #URL# ></document>
		<document> Bleach the anime is one of the last stands of implicit white identity. Rare take. #URL# ></document>
		<document> #USER# SEND EM TO ISRAEL ></document>
		<document> #USER# Yeah but ur racist. ALL CRIMES ARE BAD AND ALL MEN ARE BAD ></document>
	
</author><document> #USER# #USER# I've heard of pangolins, that's awesome ></document>
<document> #USER# Well, I think I at least understand the whole thought process. thank you for speaking with me. 🎄 ></documentation>
<document> #USER# #USER# I can't name anyone who fits the concept of left handedness today. Maybe Greta Thunberg? lol></document>
<document> What's the progress of the #USER# Team-Up variant + ashcan bundle? Should I send an email if I don't see anything this week? ></document>
<document> #USER# Damn, just take it and don't do much later. ></documentation>
<document> #USER# #USER# *or weird ></document>
<document> RT #USER#: Live with Alex Jones and Owen Schroyer in the War Room! #URL# ></document>
<document> #USER# Yes, Tucker works on these issues all the time, but if he's following along and understanding, that's great. ></documentation>
<document> #USER# #USER# Basically, Rand did nothing wrong. ></documentation>
<Documentation> Blackmail material sent to Mossad for safekeeping, bad guy dead. Case solved lol ></document>
<document> Or the people who planned and funded his undertaking. ></documentation>
<document> #USER# #USER# #USER# #USER# Hahaha I'm not talking about killing anyone, clown. ></documentation>
<Documentation> #USER# Oh my god, the norm is up! ></Documentation>
<document> #USER# fucking weird huge blind spot these alternate writers have to persist. ></documentation>
<Documentation> #USER# Wow, that's good marketing. ></documentation>
<documentation> #USER# Anyone making noise at the cinema? I may know the FBI stats on that... ></document>
<document> Is this shit all paid content? silly w ></document>
<document> #USER# By the way, I love your art style and looking forward to Sovereign! ></document>
<document> #USER# That answers my question (lol) I just recently started following Comicsgate and all things related to it. ></documentation>
<document> #USER# Is the Liefeld Indiegogo project worth getting or is he just a bastard? #URL# ></document>
<document> #USER# Poor people are so stupid. Did you know that you can take out a loan and never pay it back? ></Document>
<document> #USER# Make him transgender and you've signed a movie deal. 6Figure ></document>
<document> #USER# Return to Tfw Shire ></document>
<document> RT #USER#: Declining Birthrate? Nazi Germany Could Teach Modern Europe Something #URL# #URL# ></document>
<document> #USER# #USER# My Favorite Jewish Comedian ></document>
<document> And the baby's name is Albert Einstein #URL# ></document>
<Document> J CREAM- FINE WOMEN &amp; FINE THINGS (official video) #URL# via #USER# ></document>
<document> RT #USER#: US Military Issues Warning To Troops About Incel Violence In Joker Screening #URL# #URL# ></document>
<Documentation> #USER# Damn BAAAACCCK! We protect ourselves! #USER# #URL# ></document>
<documentation> RT #USER#: herIt's not like he listened to voters. But he listens to Jared and Ivanka and reigns. #URL# ></document>
<document> #USER# We are the biggest and most hilarious people. Russia has no chance of winning against Big Gay. ></documentation>
<document> #USER# Saving money while in a van ></document>
<documentation> #USER# lol! Gotta get that bag! ></documentation>
<Documentation> Great speech Greta, that's so cool! Did you know I'm the king of Israel? #URL# ></document>
<document> #USER# Indeed, women's rights were part of the beginning of social issues that led to incel. ></documentation>
<Documentation> #USER# EWJ Video game revival is the best result. I don't want to see EWJ in the MCU></document>
<Documentation> It's nice to have cool female nurses once in a while, but we need more male nurses in this industry. ></documentation>
<document> #USER# At first, I thought it was Dog Salem and was like, "What is this, a monster hunter version of a bounty hunter's dog?" ></documentation>
<documentation> #USER# is this coming to Netflix? ></documentation>
<document> #USER# HH Brother Hulkamaniacs will never be suppressed ></document>
<document> #USER# This is wimmen empowerment ></document>
<document> #USER# One of them should be black. Or make a gay couple! It smells like an Oscar. ></documentation>
<document> RT #USER#: Expectation vs Reality #HASHTAG# #URL# ></document>
<document> #USER# And clap everyone! ></documentation>
<document> #USER# #USER# #USER# #USER# #USER# Make Joe Rogan and Sam Hyde so Sam can smother Joe ></document>
<document> #USER# He also got into our old friend Jussie at one point and liked that. ></documentation>
<document> #USER# #USER# Damn, Ralph has to pay you more. ></documentation>
<document> #USER# #USER# why not co-host ></document>
<document> #USER# Poor white boys can't dance 😂😂 ></document>
<Document> 2020 is the year of great revival!! #HASHTAG# #HASHTAG# #HASHTAG# #URL# ></document>
<document> #USER# #USER# Wow, maybe people should stop immigrating to white countries ;-) ></document>
<document> INVICTVS MMXX: Fireside Chat No. 1: Declaring War on the System #URL# via #USER# What a mad lad ></document>
Watch #USER# live online via <document> #USER# #HASHTAG# #URL# ></document>
<document> #USER# Autograph session at the weigh-in! Drinking party after the game. ></documentation>
<document> RT #USER#: #USER# #USER# Certified Guaranteed Interesting #HASHTAG# #URL# ></document>
<document> #USER# I think you should wear a flat cap like the guys at Peaky Blinders. More stylish but very casual like a beanie ></document>
See Ninja Box by Michael Yeh in <document> #USER# #URL# ></document> - The 4 Pillars for Building Ninja Schools Around the World.
<Document> NEW ZEALAND Yes! #URL# ></document>
It's about <document> #USER# context. That context is the real world. Israel is the elephant in the room. ></documentation>
<document> #USER# yeah it's actually not that bad but i'm just laughing tInappropriate Nudity ></document>
<document> #USER# Was this one big gay operation to lure Zoom? ></document>
<Documentation> RT #USER#: South Africa explains in 28 seconds. #URL# ></document>
<Document> KENSHI Review | SSS Rank: Smuggling™ | Starvation™ | Slavery™ #via #URL# #USER# ></document>
<document> TYT's Hasan Piker praises socialism, open borders, Islam, condemns capitalism... #URL# via #USER# lol, my side is ready ></document>
<document> Help make Warski and Ralph a reality #URL# #HASHTAG# via #USER# ></document>
<document> #USER# Ask #USER# to discuss Destiny. Put some dick action in there too, lol. ></documentation>
<document> #USER# Thanks Paul, very cool! ></documentation>
<document> #USER# Andy has been red circled by a yellow Jew. ></documentation>
<document> I love heterosexual white men ></document>
<document> #USER# Building Artistic Steel Slats #HASHTAG# ></document>
<document> #USER# #USER# #USER# lol And here I thought the Jews were just disowning her for being ridiculous. ></document>
<document> #USER# #USER# how cute></document>
<document>Wigger should be sent to a retraining camp></document>
<documentation> #USER# This guy is questioning my prejudices against comic book movies. ></documentation>
<document> Think we've reached the peak of bugmanism? Think again kid #URL# ></document>
<document> #USER# Grown up, Ironybros #URL# ></document>
<document> RT #USER#: Do walls work? ></document>
<document> #USER# really comfortable UK time ></document>
<document> #USER# Nick finally embraces Faust's spirit and becomes our own. ></documentation>
<document> #USER# They should have used DJ Khaled ></document>
<document> #USER# Kenny vs Margaret ></document>
<document> Desmond is Amazing and this #HASHTAG#movement is a psyop to get Milo mainstream again.></document>
<document> Updated superhero idea: Black Israelite Superman. Wonder T-Girl. ></documentation>
<document> #USER# Were they originally Najifur? ></document>
<document> #USER# #USER# haha ​​I think the current faction vagaries he's allowed into are more important to him than this. ></documentation>
<document> #USER# #USER# #USER# He wants to have another debate with Jim. Spencer owns the suit. ></documentation>
<document> When #USER# calls you a sweet dessert #URL# ></document>
<Documentation> Controversial opinion: I respect Baked Alaska more than Beardson. ></documentation>
<document> RT #USER#: Michael Cohen Goes To Jail — But At Least It's Very Jewish #URL# ></document>
<document> Brother, stay straight. Don't go trance for e-fame. ></documentation>
<document> Can it be like #USER# 5 bux ></document>
<document> #USER# #USER# Waiting for the news that Chris Chan stormed the theater ></document>
<document> #USER# #USER# NYC landlord on list of hateful anti-Semitic rhetoric. ></documentation>
<documentation> #USER# lol I bet she was throwing shit at him.The woman screams while hitting you. ></documentation>
<documentation> #USER# lLike he did gay shit (dildo stunts, Israel trips, etc.) all for free! ></documentation>
<document> #USER# WHY ONLY BROWN MEN CAN BE TRANSAGED ></document>
<document> #USER# This is what I call Top Tier Optics ></document>
<document> #USER# #USER# Plus, I never tried to screw you up ></document>
<document> #USER# #USER# Andy My fridge is empty Mine have hundreds too ></document>
<document> #USER# #USER# E-Sports players should do it too ></document>
<document> #USER# Where's the lie? ></documentation>
<document> RT #USER#: Is this the position of evolutionary biologist #USER#? #URL# ></document>
<document> #USER# Get out of your car and let the unwashed public "get to know" you. (in the biblical sense). ></documentation>
<Document> #USER# Eh, 1st degree murder? This is being appealed, right? ></documentation>
<document> That CIIIIIIIIIIIIRCLEEE OF ORANGE MAN BAD FUCK WHITE PEOOPLLEE #URL# via #USER# ></document>
<document> RT #USER#: I made AJ1 out of cardboard #URL# ></document>
<document> comment section, oof. #URL# via #USER# ></document>
<document> This is epic #URL# ></document>
<document> Poor people can't even trick their sponsors into lending them millions of dollars. #URL# ></document>
<document> #USER# He's brown, but don't expect this to lead to much press or outrage. ></documentation>
<document> #USER# is wrong ></document>
<document> #USER# #USER# Poofter and kid groomer for sure. ></documentation>
<document> #USER# Oh my mistake. I should have looked into these things a bit more ></document>
<document> #USER# you can check. I'm constantly bashing Andy's low IQ humor in chat and I've never had a timeout or anything like that. ></documentation>
<document> Give Alex Jones a press license and sit next to Jim Acosta #URL# ></document>
<document> Fallout 76: Bully Hunter #URL# via #USER# #USER# The game doesn't look bad! ></document>
<document> #USER# Hahaha, she's in debt with one patron's refund lmao ></document>
<Document> A stunning and brave Macy's ad featuring a white family and gays! #URL# ></Document>
<document> RT #USER#: #USER# Looking forward to voting in elections in Mexico, Canada, UK, France and Germany ></document>
<document> Time should tell about the millions of weeboos who are Japanese, but not legally. #URL# ></document>
<document> RT #USER#: Guys.... wow. #URL# ></document>
<documentation> #USER# Wrong! ></documentation>
<Documentation> There is a recipe for kebab! They can go back! #URL# ></document>
<document> He says this nigga eats beans 😂😂😎👌 #URL# ></document>
<document> Hundreds of years from now infinite Africans will spread across the universe and be beautiful #URL# ></document>
<document> RT #USER#: Should all news stories be pre-approved by Donald Trump before being broadcast to the American public? ></document>
<document> #USER# make milt ></document>
<documentation> #USER# and whitRace should be able to deny trans white teenagers ></document>
<document>#USER#If 20 people are the same and he shares a room in an apartment with SSN, how does he pay taxes?
<document> RT #USER#: Are white people better than others? ></document>
<document> RT #USER#: Donald Trump wants soldiers to fire if they throw stones at immigrant caravans... is that a good idea? ></document>
<document> YAAAASSSSS ISRAEL ROCKS #URL# ></document>
<Documentation> Middle East War Fork Yea! #URL# ></document>
<document> God bless you here #URL# ></document>
<document> RT #USER#: Should America be white only? ></document>
<Documentation> Hooray #USER# !This Amazon Queen leads a horde of Beta Bax Orbiters to save the West. #URL# ></document>
<document> Oh, just checked again, he fixed the baby boomer technical issues and talks about owning an SJW - #URL# #HASHTAG# ></document>
<Documentation> MILO LIVE, someone tell him about Gamergate 2.0! #URL# #hashtag# ></document>
<document> #USER# Streamlabs hits. ADL/SPLC can only censor youtube's superchat, so we have to find alternatives. ></documentation>
<document> #USER# #USER# Actual Alt Righters don't design October surprises that only hurt the right lmao ></document>
<Documentation> This Pittsburgh case is being used like a little mini-holocaust to get people to like Jews again. ></documentation>
<Document> We have dead Jews, so you know the shit is about to start.It's going to be a civil war or World War III or whatever shit. ></Document >
<document> RT #USER#: *logoff now* #URL# ></document>
<document> The typical junk-eating woman #URL# via #USER# ></document>
<document> Did #USER# guess your hair ID ></document>
<document> #USER# It's actually a bit silly, but I think that statement should include the entire planet. ></documentation>
<document> #USER# CAN I STOP SUPPORTING ARAB, ISRAEL AND SOUTH AMERICAN COUNTRIES? I AM A NATIONALIST ></document>
<document> RT #USER#: Friends of Zion Host Event Honoring Guatemala's New Ambassador to Israel #URL# ></document>
<document> #USER# Okay, got it. ></documentation>
<document> #USER# shut up bitch></document>
<document> #USER# #USER# I believe what you say about Andy, but to be fair, you're a drug addict. ></documentation>
<document> #USER# Now, let's not speak too harshly lest we accidentally become anti-Semitic #URL# ></document>
<Documentation> #USER# Dude, you sound like a silly, ranting, drunken conspiracy theorist. ></documentation>
<document> #USER# #USER# You guys should come fight in LA, maybe #USER# can help set it up. ></documentation>
<document> #USER# HOW DO I START INVESTING? ></Document>
<document> RT #USER#: What should my full sona name be? ></document>
<document> RT #USER#: What more do you want? RT for wide response></document>
<Documentation> "How can I fix this so my girlfriend can get along with Dr. Peterson?" lol😂😂👌 #URL# ></document>
<Documentation> #USER# Cut the lily out of your life completely, it's degenerating. ></documentation>
<document> #USER# Sargon and Metokur are great human leaders. ></documentation>
<document> #USER# Nike has no choice but to steal ></document>
<document> RT #USER#: #URL# ok ></document>
<document> Gamergate 2.0 triggers libs to own libs #HASHTAG# ></document>
<Documentation> #USER# That guy tweets real baby boomer times. *bite* ></document>
<Documentation> #USER# Too late for him as the optimal look is 3 days of stubble. You can also wiggle your neck whiskers ></document>
<document> #USER# Gamer Rise ></document>
<document> #USER# has recipes ></document>
<document> #USER# #USER# I could use some k too. I'll send you a picture of your dick in return ></document>
<document> RT #USER#: Woman in shower with two jacked guys always gets the best ideas #URL# #URL# ></document>
<document> #USER# I am Gundam ></document>
<document> #USER# should infect everyone who comes to your reach ></document>
<documentation> #HASHTAG# never ending ></documentation>
<document> #USER# Well, Kenny convinced me. ></documentation>
<document> #USER# #USER# Worst></document>
<document> #USER# Do it with sarcasm and ruin it with my bad attitude></document>
<document> #USER# (LOL) Did you know that Google has results that he's a secret Jew? But props to him being an explorer. ></documentation>
<Document> #USER# What? Slave trader? Was Columbus Jewish? ></documentation>
<Documentation> Apparently the "critics" hate Venom. A good movie sign? ></documentation>
<document> Also, Connor is a libtard and Khabib is a kebab, but the Irish and the Russians had a fight. No more sibling wars! ></documentation>
<document> RT #USER#: Don't be a wine lady. Be the queen of wine 👑 ></document>
<document> #USER# When you thought there wouldn't be any leeches but realized all Globohomo city centers were the same #URL# ></document>
<document> #USER# Get me on sale Buy 1 get 1 free Asians but there's a fresh Please ></document>
<document> #USER# I love fancy drum parties ></document>
<document> #USER# #USER# #USER# maybe he's a real Mossad agent ></document>
<Documentation> This is just a few days after following #USER# and helping speak out against Jewish influence on the anime industry. ></documentation>
<document> All my metal forks have mysteriously disappeared ></document>
<document> Sil's Underground lmao #URL# ></document>
<document> #USER# #USER# I definitely picked one 😂 ></document>
<document> #USER# Kids in the Hall taught me to love gays before I turned red and tradneet ></document>
<document> #USER# #USER# #USER# called autism. He can intellectually defend every point. Sean is perplexed. ></documentation>
<Documentation> #USER# AIU also believes in pedal head bashing machines. ></documentation>
<Documentation> #USER# Sam Hyde is like Kim JayOng Eun makes a surprise visit to a North Korean town and kisses a baby ></document>
<document> #USER# C R E D I B L E T E S T I MO N Y #HASHTAG# ></document>
<document> #USER# A lunatic who openly identifies himself as a white male. #HASHTAG# ></document>
<document> #USER# What an unbelievable brave sacrifice! She must be telling the truth! ></documentation>
<document> #USER# Women like her believe they will take action from men who resort to rape ></document>
<document> I'll look for Paypig and send you a picture of an anime girl for every $100 #HASHTAG# #URL# ></document>
<Documentation> Bleach anime is one of the last stands for unspoken white identity. Rare take. #URL# ></document>
<document> #USER# Send to Israel ></document>
<Documentation> #USER# Yes, but you are a racist. All crime is evil and all men are evil ></document>

</author>