
	
		<document> RT #USER#: #USER# Seriously, Its almost like they had Divine Intervention when setting up this Crazy Experiment in Self Rule.. ></document>
		<document> #USER# I made sure I watched that game . His being there was awesome. Gave me goosebumps to watch ></document>
		<document> RT #USER#: BTW, this is what the Most Popular President in US History Looks Like! #URL# ></document>
		<document> #USER# Founding Fathers were geniuses. ></document>
		<document> #USER# Check this out #URL# ></document>
		<document> #USER# Not just a no... but a HELL NO!!! ></document>
		<document> RT #USER#: A friendly reminder to Congress....... we KNOW what you did. ~ 85 MILLION Trump supporters ></document>
		<document> #USER# #USER# Kamala would have to do the talking. They don’t want expose who’s doing work ></document>
		<document> #USER# I resemble that remark. 🤣🤣 ></document>
		<document> #USER# #USER# Heck no.. maybe Antifa instigators ></document>
		<document> #USER# #USER# Insta block.. it’s worse for me on IG. They are so fake . Makes me laugh ></document>
		<document> #USER# Heck no.. nada.. no way Jose, nope. NO!!!!!!!!!!!! ></document>
		<document> Well.. say hello to @ DNC dictatorship. #HASHTAG# do something, damn it!! #URL# ></document>
		<document> #USER# Wow.. is she an American Democrat?? ></document>
		<document> RT #USER#: THE #USER# IS KILLING IT! GO #USER# GO!!! #URL# ></document>
		<document> RT #USER#: If you cancel Dr. Seuss you may as well cancel all of Disney. ></document>
		<document> Liberals.. go blankety blank yourselves #URL# ></document>
		<document> #USER# They look like they time traveled from stone ages ></document>
		<document> #USER# #USER# Got that right, sister!! ></document>
		<document> RT #USER#: Ouch💥 That's going to leave a mark. Trump calls out the Rino's by name!! 🇺🇸👍🏻🇺🇸 #URL# ></document>
		<document> #USER# I resemble that remark!! 🤣🤣 ></document>
		<document> #USER# Shaun Cassidy.. now that dates me me ></document>
		<document> #USER# It’s going to come back and bite you in 2022 if you persist in these type actions. #URL# ></document>
		<document> RT #USER#: 😂😂😂 bring on the censorship #URL# ></document>
		<document> Thank you! Especially those that came from other states to help! #URL# ></document>
		<document> #USER# I’m still with ya!!! ></document>
		<document> RT #USER#: The Wheels of Life. #URL# ></document>
		<document> RT #USER#: Great article! 👍🏻 ></document>
		<document> #USER# He creeps me out. I couldn’t stand smarmy O’s voice, but OMGOSH.. Biden’s creeps me out!! ></document>
		<document> #USER# Amen to that . Divider in chief , lier in chief , etc ></document>
		<document> #USER# #USER# Gee.. then summer vacation ></document>
		<document> #USER# Did not get watch.. action movies all night! 🤣 ></document>
		<document> #USER# Have a great day too ></document>
		<document> RT #USER#: Good morning. Late start but hope your Monday goes great. 😊🤗😃 #URL# ></document>
		<document> Every damn day! #URL# ></document>
		<document> #USER# Amen Sister! I’d rather have a President that is man of steel.. not one that’s just a puppet ></document>
		<document> RT #USER#: I'd rather have a President who kills a terrorist without announcing his plans than one who sends them pallets of money. ></document>
		<document> #USER# #USER# can go to hell with your opinion. ></document>
		<document> #USER# #USER# I hope Dobbs gets picked up by OAN. I’ve always liked him. ></document>
		<document> #USER# #USER# Doesn’t it look a little darker now even in snow? Not a bright as say before Jan 20 🤣 ></document>
		<document> Hypocrisy always on display #URL# ></document>
		<document> RT #USER#: Sometimes it only takes a hug 🤗 #URL# ></document>
		<document> RT #USER#: Can anyone tell me when Bernie Sanders’ impeachment hearings start for inciting violence against #USER#? ></document>
		<document> RT #USER#: #USER# #USER# True! I'm in #HASHTAG# Average monthly winter heating it's $700-900/ month. Solar does 0 for AK ></document>
		<document> Give me a freaking break #USER# . Just stop! It’s embarrassing to see your crap #URL# ></document>
		<document> RT #USER#: Biden has no new ideas. He’s just recycling the flawed ideas of climate chasers and baby killers. 706 ></document>
		<document> RT #USER#: If I'm a little quiet over the next 4 days its because I'm in Vegas..... #URL# ></document>
		<document> Ummm, uhhhh, ummm how dare they .. #URL# ></document>
		<document> How about our zippers on their mouths like they are doing to conservatives #URL# ></document>
		<document> #USER# What’s her name Press Secretary.. not worth rent ></document>
		<document> RT #USER#: Raise your hand 🙋🏼‍♂️ if you support Mike Lindell. ></document>
		<document> #USER# Too bad OANN couldn’t hire her. ></document>
		<document> Oh.. here’s just a few things made with petroleum #URL# ></document>
		<document> #USER# Cats... crazy lady too ></document>
		<document> Buyers remorse?? 🤣🤣🤣 you wanted socialism? You’re getting it!! #URL# ></document>
		<document> #USER# Let’s not forget the caravan coming to the southern border ></document>
		<document> RT #USER#: My prayers and condolences to those still living in California ></document>
		<document> #USER# Those smug grins 🤢🤢 ></document>
		<document> #USER# Day 7 of illegal DNC occupation of the WH #URL# ></document>
		<document> RT #USER#: YOU MUST NOT ALLOW THIS TO BE ADDED TO THE SPENDING BILL! ></document>
		<document> RT #USER#: Minorities in need will have no where to buy a car or get money in these trying times.... ></document>
		<document> #USER# #USER# We are Day 5 of illegal DNC occupation of the WH ></document>
		<document> RT #USER#: BREAKING -- According to 'science' Covid will not spread in restaurants if a Democrat is in the White House. ></document>
		<document> RT #USER#: It’s official: Sarah Sanders is running for governor of Arkansas - ></document>
		<document> RT #USER#: But the left says we should get rid of oil. ></document>
		<document> #USER# Miss mine. He was swarmed by African Bees.. couldn’t overcome. ></document>
		<document> RT #USER#: How i miss my DOG! 😥 #URL# ></document>
		<document> #USER# #USER# #USER# you don’t care!! We don’t want them here #URL# ></document>
		<document> I laughed at this one #URL# ></document>
		<document> #USER# #USER# thanks a lot. You killed jobs and affected families. #URL# ></document>
		<document> RT #USER#: Whoever made this my hero ></document>
		<document> This is what happens when you have illegal DNC occupying the WH. Day 4 #URL# ></document>
		<document> RT #USER#: We have a right to know who the person is talking in Joe's earpiece? ></document>
		<document> RT #USER#: Yup thats about right ></document>
		<document> RT #USER#: I have not seen one “Biden is doing a good job” tweet, I wonder why? ></document>
		<document> Pharmaceutical’s are part of the WH now. This is all so asinine. There is no reason to gouge Americans #USER# #URL# ></document>
		<document> #USER# #USER# Nothing wrong there, right?? &lt;sarcasm&gt; ></document>
		<document> RT #USER#: Thank you #USER#! #URL# ></document>
		<document> RT #USER#: I'm old enough to remember the media blaming the President of the United States for every death during a pandemic. ></document>
		<document> #USER# #USER# We are now day 3 of the illegal occupation ></document>
		<document> #USER# #USER# I’m calling the days he’s in office an occupation. We are now Day 3 of the illegal occupation. ></document>
		<document> #USER# #USER# Same handle?im on Gab too.. same handle ></document>
		<document> RT #USER#: Maybe he thought the salad is named after that Cesar? ></document>
		<document> #USER# Exactly ! I can’t listen to any of them!! 🤢🤢 ></document>
		<document> Good Morning, Patriots!! #URL# ></document>
		<document> Trump doesn’t owe #USER# a thing.. they never really supported him.. stolen election the biggest stab in back #URL# ></document>
		<document> RT #USER#: Minority Leader Backstabber! McCarthy says Trump still has role in future of GOP, should 'continue to engage' ></document>
		<document> 🤬🤬🤬🤬🤬🤬 Democrats in Congress are giddy with these actions. Disgusting #URL# ></document>
		<document> I’ve been saying this👇👇👇👇 for many months now! #USER# happy now?? Y’all make me sick 🤢 #URL# ></document>
		<document> #USER# #USER# He wants his cake and eat it too #URL# ></document>
		<document> #USER# Got that right ></document>
		<document> #USER# Hope you’re having a good day!! ></document>
		<document> #USER# What does me mean by “different ones”? Puppets? ></document>
		<document> Well.. unemployment numbers went up.. Biden cancelled Keystone pipeline.. getting what you wished for folks.. ></document>
		<document> #USER# Same handle I have here ></document>
		<document> RT #USER#: Is Chris Wallace still slobbering over Sleepy Joe’s Inaugural Address like a teenybopper at a Bieber concert? ></document>
		<document> #USER# I know.. RINOS are showing true colors with how quickly stabbing Trump in back . It’s truest good vs evil. ></document>
		<document> RT #USER#: Over 1,000 people died from Covid yesterday in the U.S. on Joe Biden’s watch. ></document>
		<document> #USER# #USER# Look at my profile picture ></document>
		<document> RT #USER#: Don’t preach acceptance and unity when you haven’t been practicing it for the last four years. ></document>
		<document> #USER# You too! Day 2 of occupation ></document>
		<document> #USER# Had the TV off the whole time ></document>
		<document> #USER# Gotta walk the walk!!! ></document>
		<document> RT #USER#: FYI: Just like attending Church regularly doesn't make one a Faithful Christian, tweeting Bible verses doesn't either. ></document>
		<document> #USER# wow.. Stan President Trump in back. He did nothing, but you support Chaney. Pathetic #URL# ></document>
		<document> #USER# #USER# I changed to independent too. #USER# are global weasels ></document>
		<document> The Left can continues to lie .. is what I meant.. ></document>
		<document> Patriots! Excellent read #URL# ></document>
		<document> #USER# #USER# Damn good thing I save a pdf of it this morning ></document>
		<document> RT #USER#: Well I thought he’d last longer than THAT #URL# ></document>
		<document> #USER# #USER# I think I’d rate Jackie O and Melania equal ></document>
		<document> #USER# I just can’t stomach 46 and VP. They do make me 🤢 ></document>
		<document> RT #USER#: The REAL elected President of the United States #URL# ></document>
		<document> #USER# #USER# #USER# #USER# better keep the damn wall- 70M+ people want that walk!! #HASHTAG# #HASHTAG# ></document>
		<document> God I hope so. KY.. please get him out of office #USER# #URL# ></document>
		<document> RT #USER#: The face of America is going from this to this. God help us #URL# ></document>
		<document> #USER# #USER# #USER# Well.. that’s a dream .. he’s already said he’s taking away permit for Keystone ></document>
		<document> RT #USER#: many republicans folded like a cheap tent this week ></document>
		<document> RT #USER#: Biden is terrified to walk through DC with 20,000 national gaurd and secret service. Trump walked into North Korea alone. ></document>
		<document> RT #USER#: If only he could be the person who he thinks he is in he’s mind! What mind he has! 👍🙏🇺🇸 ></document>
		<document> RT #USER#: If the Senate "Republicans" vote to convict President Trump I will change my party affiliation. ></document>
		<document> #USER# Tim McGraw... he’ll be there too ></document>
		<document> RT #USER#: Ill miss you most my Savage Angel! #URL# ></document>
		<document> RT #USER#: The media’s definition of “peacefully” protesting: ></document>
		<document> RT #USER#: #USER# #USER# Not far? 300 miles? 🤔😂 ></document>
		<document> #USER# #USER# Mines the same as twitter ></document>
		<document> RT #USER#: Dear President Trump ... Call Mitch McConnell’s bluff ... PARDON ASSANGE !!!! ></document>
		<document> #USER# Border!! Then around the homes of Career politicians that should retire and stay at home ></document>
		<document> #USER# #USER# Ceasing all contact with world for 24 hrs ></document>
		<document> #USER# Hey.. does it matter? You helped Biden into WH. No ling r gab my support. Lost my trust ></document>
		<document> RT #USER#: Disgrace is letting a young woman drown in a submerged car. ></document>
		<document> #USER# #USER# Besides.. how far is DE from DC? ></document>
		<document> #USER# That would work too.. or a talking parrot that is taught what to say ></document>
		<document> #USER# What bird would represent “B”? Seagull ? ></document>
		<document> Dream what you want.. cheaters #URL# ></document>
		<document> #USER# #USER# One word... INDEPENDENT ></document>
		<document> #USER# Are you on any other platform? In case Twitter does it’s thing? ></document>
		<document> #USER# Right on!! 🇺🇸🇺🇸🇺🇸🇺🇸🇺🇸🇺🇸🇺🇸 ></document>
		<document> RT #USER#: "If what Trump's doing is Racist, let me get more of that" #URL# ></document>
		<document> RT #USER#: We Love Our President! The Greatest President in History #USER# #USER# #URL# ></document>
		<document> #USER# #USER# Sounds just like they are doing to us in States!! ></document>
		<document> RT #USER#: The MSM in Canada is now on a rampage to smear all Conservatives as being Racists.....Trudeau Corruption. ></document>
		<document> RT #USER#: RT if you refuse to watch Biden get inaugurated based on an election that Trump won. ></document>
		<document> #USER# #USER# Still will make me feel ill to hear Biden’s voice. He makes my skin crawl ></document>
		<document> #USER# #USER# #USER# #USER# Jack doesn’t seem to care right now.. he had to expect it ></document>
		<document> #USER# #USER# Dang.. stole my story I was just getting ready to post!! ></document>
		<document> RT #USER#: Please follow at #USER# for future updates &amp; announcements ></document>
		<document> RT #USER#: I stand with Mike Lindell. Anyone else? ></document>
		<document> RT #USER#: Censorship is NEVER acceptable! ></document>
		<document> RT #USER#: If you’re buying anything from MyPillow, use code ‘HOPE45’ for up to 66% off! RT if you support Mike Lindell! ></document>
		<document> #USER# Hmmm Katie Couric should shut up ></document>
		<document> RT #USER#: Make sure you unfollow #USER# and #USER# before tomorrow ></document>
		<document> Mitch.. if you’d had.backbone.. it wouldn’t look like a dictatorship starting #USER# you disgust me. #URL# ></document>
		<document> RT #USER#: #USER# Recall Mitch McConnell! ></document>
		<document> #USER# LA one could be in Beetlejuice ></document>
		<document> RT #USER#: Oh for fucks sake....rewarding all the commies who ruined our economy on purpose ></document>
		<document> RT #USER#: I don’t want a POTUS who cries. ></document>
		<document> #USER# They will go to Biden when POTUS handle becomes his 🤢 BTW.. I’m wearing black tomorrow ></document>
		<document> #USER# Will you keep making memes? ></document>
		<document> RT #USER#: He sacrificed himself for us........ My President #URL# ></document>
		<document> #USER# I’m very disappointed in my favorite grocery store #USER# . I support President Trump and I support you!! ></document>
		<document> RT #USER#: Missouri becomes the first abortion-free state. Amazing news. #URL# ></document>
		<document> RT #USER#: Flag laying on the ground 😡. Definitely not Trump supporters! ></document>
		<document> #USER# I agree with #USER# #URL# ></document>
		<document> #USER# #USER# Just my opinion.. martial law? Gun grab? Looks like dictatorship to me.. this is just unreal and unnecessary ></document>
		<document> #USER# and this is your definition of Unity? #URL# ></document>
		<document> #USER# What’s happened to Hunter Biden? In his Dad’s basement? ></document>
		<document> #USER# Yes!! Ppl with balls and backbone of titanium!! ></document>
		<document> RT #USER#: We need more politicians like President Trump, Marjorie Taylor Greene and Matt Gaetz. Am I right? ></document>
		<document> RT #USER#: Garth Brooks really does have “Friends In Low Places”. ></document>
		<document> RT #USER#: America is lost. That’s how important this election was. I weep for the soul of America now. ></document>
		<document> In a day, there will be a President that is going to ruin America . You wanted him, you got him: God help us all.. #URL# ></document>
		<document> #USER# I’m not a bit.. although I think Jack thinks Trump supporters are ></document>
		<document> RT #USER#: Ok.. who thinks American is going to go backwards under Democratic control when Biden is sworn in ? ></document>
		<document> #USER# That made me laugh out loud ></document>
		<document> RT #USER#: I bet Joe Biden can break his livestream record at the inauguration with 37 people watching. ></document>
		<document> #USER# your hypocrisy is so glaring #URL# ></document>
		<document> #USER# Did that a year ago!! ></document>
		<document> #HASHTAG# should held accountable. They should help restore communities they helped burn #URL# ></document>
		<document> 👇👇👇👇 exactly 👇👇👇👇 #URL# ></document>
		<document> Ok.. who thinks American is going to go backwards under Democratic control when Biden is sworn in ? ></document>
		<document> Got that right #USER# #URL# ></document>
		<document> RT #USER#: It's only going to get worse! #URL# ></document>
		<document> #USER# I’m refusing to learn ></document>
		<document> #USER# One that I’m not watching ></document>
		<document> RT #USER#: All of this for a virtual inauguration. ></document>
		<document> RT #USER#: Show me your surprised face ></document>
		<document> Don’t believe the MSM lie! #URL# ></document>
		<document> #USER# no way! No vote from me ever!! You’re one one the reasons I’m now Independent #URL# ></document>
		<document> #USER# #USER# I’m tired of the word hypocrisy.. but always showing ... ></document>
		<document> RT #USER#: Back when the Democrats &amp; the media thought it was cool &amp; patriotic to object to electors. ></document>
		<document> Is this a sign of the future?? #URL# ></document>
		<document> ‘They Want to Cancel Our Culture, Our History, Our Liberty’: Goya CEO #URL# via #USER# ></document>
		<document> RT #USER#: #USER# #USER# And on a sex predator list! ></document>
		<document> RT #USER#: Yes....yes you are..... ></document>
		<document> RT #USER#: When you read Biden's tweets, you can better understand how honest Trump is in comparison. ></document>
		<document> RT #USER#: If he wasn’t a democrat he’d be in JAIL! #URL# ></document>
		<document> Occupied DC. Protect the Dictating party! If we Patriots boycott the inauguration, why this level of boots in DC? #URL# ></document>
		<document> The blue print to wiping out small business. What unemployment go up! #URL# ></document>
		<document> #USER# #USER# Endless isn’t it!! 🤣🤣 ></document>
	
</author><document> RT #USER#: #USER# Seriously, it looks like they did some divine intervention when setting up this crazy experiment with self-rules.. ></document>
<document> #USER# I confirmed that I saw that match. His presence was wonderful. I got goosebumps watching ></document>
<document> RT #USER#: By the way, this is the most popular presidential image in US history! #URL# ></document>
<document> #USER# The Founding Fathers were geniuses. ></documentation>
<document> #USER# check this #URL# ></document>
<document> #USER# NOT JUST NO, HELL NO!!! ></Document>
<document> RT #USER#: A friendly reminder to Congress...we know what you've done. ~85 million Trump supporters ></document>
<document> #USER# #USER# Kamala will have to speak. They don't want to reveal who does the work ></document>
<document> #USER# is similar to that statement. 🤣🤣 ></document>
<document> #USER# #USER# oh my god..probably Antifa agitator></document>
<document> #USER# #USER# Insta block.. Worse on IG. they are so fake. It makes me laugh ></document>
<document> #USER# Oh my God.. I don't know.. No way Jose. no! ! ! ! ! ! ! ! ! ! ! ! ></documentation>
<Documentation> Well.. @DNC Say hello to the dictatorship. #HASHTAG# Do something!! #URL# ></document>
<document> #USER# Wow..is she an American Democrat?? ></document>
<document> RT #USER#: #USER# is killed! GO #USER# GO!!! #URL# ></document>
<Documentation> RT #USER#: If you cancel Dr. Seuss, you can also cancel Disney altogether. ></documentation>
<document> liberal.. blank yourself #URL# ></document>
<document> #USER# They appear to have time traveled from the Stone Age ></document>
<document> #USER# #USER# Got it, big sister!! ></document>
<document> RT #USER#: Ouch 💥 It leaves a mark. Trump calls Reno by name!! 🇺🇸👍🏻🇺🇸 #URL# ></document>
<document> #USER# Similar to that statement!! 🤣🤣 ></document>
<document> #USER# Shaun Cassidy.. now dating me></document>
<document> #USER# If you keep up with these types of behavior, you'll be back in 2022 and biting. #URL# ></document>
<document> RT #USER#: Bring Censorship #URL# ></document>
<documentation> Thank you! Especially those who came to help from other states! #URL# ></document>
<document> #USER# I'm still with you!!! ></document>
<document> RT #USER#: The Wheels of Life. #URL# ></document>
<Documentation> RT #USER#: Great article! 👍🏻 ></Documentation>
<document> #USER# He scares me. I couldn't stand Smammy Oh's voice but OMGOSH.. Biden's voice makes me shudder!! ></Document>
<document> #USER# amen .divider in chief, rear in chief, etc. ></document>
<document> #USER# #USER# Well, summer vacation ></document>
<Document> #USER# Couldn't watch.. action movie all night long! 🤣 ></Document>
<document> #USER# Have a nice day ></document>
<documentation> RT #USER#: Good morning. A late start, but I hope your Monday is wonderful. 😊🤗😃 #URL# ></document>
<Documentation> What a day! #youL# ></documentation>
<Document> #USER# Amen Sister! I would rather have a president who is an Iron Man, not a puppet></document>
<document> RT #USER#: I would rather have a president who kills terrorists without announcing his plans than one who spends millions of dollars on terrorists.></document>
<document> #USER# #USER# can go to hell in your opinion. ></documentation>
<document> #USER# #USER# Hope Dobbs gets picked up by OAN. I always liked him ></documentation>
<document> #USER# #USER# Doesn't it look a little dark in the snow? Not as bright as before January 20th 🤣 ></document>
<document> Always visible hypocrisy #URL# ></document>
<document> RT #USER#: Sometimes a hug is all you need 🤗 #URL# ></document>
<document> RT #USER#: Can someone tell me when the impeachment hearings for Bernie Sanders will begin for inciting violence against #USER#? ></document>
<documentation> RT #USER#: #USER# #USER# Yes! I'm on #HASHTAG# Monthly average winter heating costs are $700-$900 per month. Solar does 0 for AK ></document>
<document> Wait a minute #USER# .Stop! I'm embarrassed to see your crap #URL# ></document>
<document> RT #USER#: Biden has no new ideas. He's just reusing flawed ideas of climate trackers and baby killers. 706></documentation>
<document> RT #USER#: If I'm going to be a little quiet for the next four days, it's because I'm in Vegas..... #URL# ></document>
<document> Um, uh, uh, oh my god.. #URL# ></document>
<document> How about our zips into their mouths like they do to conservatives #URL# ></document>
<document> #USER# Her name is press officer.. not worth borrowing ></document>
<document> RT #USER#: Raise your hand if you stand by Mike Lindell 🙋🏼‍♂️. ></document>
<document> #USER# Unfortunately, OANN was unable to hire her. ></documentation>
<document> Oh.. that's just a fraction of what's made of oil #URL# ></document>
<document> #USER# cats... crazy women too ></document>
<Document> Buyer's remorse?? 🤣🤣🤣 Did you want socialism? you're getting it! #URL# ></document>
<document> #USER# Remember the caravan coming to the southern border ></document>
<document> RT #USER#: My prayers and condolences to those still living in California ></document>
<document> #USER# That smug face 🤢🤢 ></document>
<document> #USER# WH Day 7 of Illegal DNC Occupation #URL# ></document>
<document> RT #USER#: Do not allow this to be added to expenditure invoices! ></document>
<document> RT #USER#: Needy minorities have nowhere to buy a car or get money in this difficult time.... ></document>
<document> #USER# #USER# We are on day 5 of WH's illegal DNC occupation ></document>
<document> RT #USER#: BREAKING NEWS -- Covid won't spread in restaurants if Democrats are in the White House, according to 'Science'. ></documentation>
<document> RT #USER#: OFFICIAL: Sarah Sanders is running for Governor of Arkansas -></document>
<document> RT #USER#: But the left says we should get rid of oil. ></documentation><Documentation> #USER# My mistake. He was swarming with African bees.. could not overcome. ></documentation>
<document> RT #USER#: I miss my dog! 😥 #URL# ></document>
<Document> #USER# #USER# #USER# I don't care!! I don't want it here #URL# ></document>
<document> This made me laugh #URL# ></document>
<document> #USER# #USER# Thanks a lot. You killed your job and affected your family. #URL# ></document>
<document> RT #USER#: Who made this my hero ></document>
<Documentation> This is what happens when a WH is occupied by an illegal DNC. Day 4 #URL# ></document>
<documentation> RT #USER#: Do you have the right to know who is speaking in Joe's earpiece? ></documentation>
<document> RT #USER#: ok ></document>
<document> RT #USER#: I haven't seen a single "Biden is doing a good job" tweet. ></documentation>
<Documentation> Medicines are now part of the World Health Organization. All this is very stupid. No reason to mock Americans #USER# #URL# ></document>
<document> #USER# #USER# Nothing wrong with that, right?? <sarcasm> ></document>
<documentation> RT #USER#: Thank you, #USER#! #URL# ></documentation>
<document> RT #USER#: I'm old enough to remember the media blaming the President of the United States for all deaths during the pandemic. ></document>
<document> #USER# #USER# 3 days after squatting ></document>
<document> #USER# #USER# I call his days in office his profession. It is now the third day of the squatting. ></documentation>
<document> #USER# #USER# Same handle? Me too Gab.. Same handle ></document>
<document> RT #USER#: Maybe he thought the salad was named after Cesar? ></document>
<Documentation> #USER# Exactly! I can't listen to any of them!! 🤢🤢></document>
<Document> Good Morning Patriots!! #URL# ></Document>
<document> Trump owes #USER#.. They never really endorsed him.. Stolen election is the biggest sting behind the scenes #URL# ></document>
<Document> RT #USER#: Minority Leader Traitor! McCarthy says Trump still plays a role in the future of the Republican Party and must "stay involved"></document>
<Document> 🤬🤬🤬🤬🤬🤬 Democrats in Congress are disgusted by these actions. Disgusting #URL# ></document>
<Document> Been saying this for months 👇👇👇👇! Are you #USER# happy?? I'm sick of it 🤢 #URL# ></document>
<document> #USER# #USER# He wanted cake and ate it too #URL# ></document>
<document> #USER# Correct ></document>
<document> #USER# Have a nice day! ></documentation>
<document> #USER# What do you mean by "different"? ></documentation>
<document> Hmmm.. unemployment went up.. Biden canceled the Keystone pipeline.. you got what you wanted people to do.. ></document>
<document> #USER# same handle as here ></document>
<document> RT #USER#: Is Chris Wallace still drooling over Sleepy Joe's inaugural address like a teenager at a Bieber concert? ></document>
<document> #USER# I know.. how RINOS shows true colors qStab Trump in the back. It's true good versus evil. ></documentation>
<document> RT #USER#: Over 1,000 people died from Covid in the US yesterday under the watchful eye of Joe Biden. ></documentation>
<document> #USER# #USER# See my profile picture ></document>
<document> RT #USER#: Don't preach acceptance and solidarity if you haven't practiced it in the last four years. ></documentation>
<Documentation> #USER# You too! Occupation Day 2 ></document>
<document> #USER# TV turned off the whole time ></document>
<document> #USER# I need to take a walk!!! ></document>
<document> RT #USER#: FYI: Just like going to church regularly doesn't make you a loyal Christian, tweeting Bible verses doesn't. ></documentation>
<document> #USER# wow..Stunt Trump President is behind. He didn't do anything, but you stood by Cheney. Pathetic #URL# ></document>
<document> #USER# #USER# I am also independent. #USER# is the global weasel ></document>
<document> Leftists keep lying.. that means.. ></document>
<Document> Patriots! Excellent read #URL# ></document>
<document> #USER# #USER# Oh my God, I saved the PDF this morning ></document>
<document> RT #USER#: hmm, thought it would last longer than that #URL# ></document>
<document> #USER# #USER# I think you'd rate Jackie O and Melania equally ></document>
<doc> I can't stand #USER# 46 and VP. they make me 🤢 ></document>
<document> RT #USER#: REAL-ELECTED US PRESIDENT #URL# ></document>
<document> #USER# #USER# #USER# #USER# DEFEND THE WALLS - Over 70 million want that walk!! #HASHTAG# #HASHTAG# ></document>
<Documentation> God, I hope so. KY.. get him out of the office #USER# #URL# ></document>
<document> RT #USER#: The face of America is yet to come. God help us #URL# ></document>
<document> #USER# #USER# #USER# Hmm.. It's a dream.. He already says he's taking away Keystone's permission ></document>
<document> RT #USER#: Many Republicans folded like cheap tents this week ></document>
<Document> RT #USER#: Biden fears walking through DC with 20,000 National Guard and Secret Service.Trump in North Korea alone. ></documentation>
<document> RT #USER#: I wish he could be who he thinks he is in his heart! What is he thinking? 👍🙏🇺🇸></Document>
<document> RT #USER#: If a "Republican" in the Senate convicts President Trump, I will change party affiliation. ></documentation>
<document> #USER# Tim McGraw... he'll be there too ></document>
<document> RT #USER#: I miss my barbarian angel! #URL# ></document>
<document> RT #USER#: Media definition of protesting "peacefully": ></document>
<document> RT #USER#: #USER# #USER# Not far? 300 miles? 🤔😂 ></documentation>
<document> #USER# #USER# same mining as twitter ></document>
<document> RT #USER#: Dear President Trump... Call Mitch McConnell Bluff... Pardon Assange!!!! ></document>
<documentation> #USER# Border!! Then around the house of career politician who should retire and stay home ></document>
<document> #USER# #USER# STOP WORLD CONTACT FOR 24 HOURS ></document>
<document> #USER# Hey.. what does it matter? You helped Biden join WH. You will not withdraw my support. Lost Trust ></document>
<Documentation> RT #USER#: Disgrace is drowning a young woman in a submerged car. ></documentation>
<Documentation> #USER# #USER# Besides.. How far is the DE from the DC? ></Documentation>
<document> #USER# that would work too..or a talking parrot who was taught what to say></document>
<document> #USER# Which bird stands for "B"? A seagull? ></documentation>
<document> dream what you want.. crooks #URL# ></document>
<document> #USER# #USER# One word... INDEPENDENT ></document>
<document> #USER# Are you using other platforms? What if Twitter does? ></documentation>
<Document> #USER# That's right!! 🇺🇸🇺🇸🇺🇸🇺🇸🇺🇸🇺🇸🇺🇸 ></document>
<document> RT #USER#: "If what Trump is doing is racist, let me talk more about it" #URL# ></document>
<documentation> RT #USER#: We love our president! The greatest president ever #USER# #USER# #URL# ></document>
<document> #USER# #USER# Sounds like they do it in America!! ></document>
<Documentation> RT #USER#: Canada's MSM is now on a rampage to smear all Conservatives as racist.....Trudeau's corruption. ></documentation>
<document> RT #USER#: RT if you refuse to see Biden take office based on the election Trump won ></document>
<document> #USER# #USER# Still makes me sick when I hear Biden's voice. he makes my skin crawl ></document>
<document> #USER# #USER# #USER# #USER# Jack doesn't seem to mind so far..he should have expected that ></document>
<document> #USER# #USER# Dang.. stole my story I was preparing to post!! ></document>
<document> RT #USER#: Follow #USER# for future updates. Information ></document>
<document> RT #USER#: I stand by Mike Lindell. anyone else? ></documentation>
<document> RT #USER#: No censorship allowed! ></document>
<document> RT #USER#: Use code 'HOPE45' to get up to 66% off when buying anything from MyPillow! RT to support Mike Lindell! ></documentation>
<document> #USER# Hmm, shut up Katie Couric ></document>
<document> RT #USER#: Please unfollow #USER# and #USER# by tomorrow ></document>
<Documentation> Mitch..With the backbone, it doesn't look like a dictatorship starting with #USER#. #URL# ></document>
<documentation> RT #USER#: #USER# Remember Mitch McConnell! ></documentation>
<document> #USER# LA 1 may be in Beetlejuice ></document>
<document> RT #USER#: Goddammit, rewarding the Communist Party for deliberately ruining the economy ></document>
<document> RT #USER#: No more crying presidents. ></documentation>
<document> #USER# THEY GO TO BIDEN WHEN THE POTUS HANDLE IS HIS 🤢.. WEARING BLACK TOMORROW ></document>
<document> #USER# Do you want to keep making memes? ></document>
<documentation> RT#USER#: He sacrificed himself for us.....my president #URL# ></document>
<document> #USER# I am very disappointed in my favorite grocery store #USER#. I stand with President Trump and I stand with you!! ></Document>
<document> RT #USER#: Missouri becomes the first abortion-free state. amazing news. #URL# ></document>
<document> RT #USER#: Flag on the ground 😡. Definitely not a Trump supporter! ></documentation>
<document> I agree with #USER# #USER# #URL# ></document>
<document> #USER# #USER# My opinion.Martial law? Gang love? Looks like a dictatorship to me..this is unrealistic and unnecessary></document>
<document> #USER# Is this your Unity definition? #URL# ></document>
<Documentation> #USER# What happened to Hunter Biden? In his dad's basement? ></documentation>
<Document> #USER# Yes!! Ppl with titanium balls and backbone!! ></Document>
<document> RT #USER#: We need more politicians like President Trump, Marjorie Taylor Green and Matt Gates. am i right? ></documentation>
<document> RT #USER#: Garth Brooks really has "Friends In Low Places". ></documentation>
<Documentation> RT #USER#: America is lost. That is why this election was so important. I cry now for the soul of America. ></documentation>
<Document> One day soon there will be a president who will destroy America.You wanted him, you got him: God help us all.. #URL # ></document>
<document> #USER# I'm not a bit.. I think Jack thinks Trump supporters are ></document>
<document> RT #USER#: OK.. when Biden is sworn in, who thinks Americans will retreat under Democratic control? ></document>
<document> #USER# made me laugh out loud ></document>
<document> RT #USER#: Joe Biden could break livestream record at inauguration watched by 37 people. ></documentation>
<document> #USER# Your hypocrisy is remarkable #URL# ></document>
<document> #USER# I did it a year ago!! ></document>
<document> #HASHTAG# should be responsible. They need to help restore the community they helped with the cremation #URL# ></document>
<document> 👇👇👇👇 exactly 👇👇👇👇 #URL# ></document>
<Document> Okay.. Who thinks Americans will retreat under Democratic control when Biden is sworn in? ></Document>
<document> That's right #USER# #URL# ></document>
<document> RT #USER#: It only gets worse! #URL# ></document>
<document> #USER# I refuse to learn ></document>
<document> #USER# what I don't see ></document>
<document> RT #USER#: This is all virtual inauguration. ></documentation>
<document> RT #USER#: Show me your surprised face ></document>
<documentation> Don't believe the MSM lies! #URL# ></documentation>
<document> #USER# No way! No votes from me!! You are one of the reasons I am independent #URL# ></document>
<document> #USER# #USER# I'm sick of the word hypocrisy..but I always show it... ></document>
<document> RT #USER#: Back when the Democrats &amp; the media thought it was cool &amp;seconds. ></documentation>
<Document> Is this a sign of the future?? #URL# ></Document>
<document> "They want to cancel our culture, our history, our freedom": Goya CEO #URL# via #USER# ></document>
<document> RT #USER#: #USER# #USER# And on the sex offender list! ></documentation>
<document> RT #USER#: yes.... yes yes..... ></document>
<document> RT #USER#: Biden's tweet shows just how honest Trump is. ></documentation>
<document> RT #USER#: If he wasn't a democrat, he'd be in jail! #URL# ></document>
<Documentation> DC Occupation. Defend the Oral Party! If we the Patriots are boycotting the inauguration, why are boots at this level in DC? #URL# ></Document>
<Documentation> A blueprint to wipe out small businesses. The unemployment rate is going up! #URL# ></document>
<document> #USER# #USER# Endless!! 🤣🤣 ></document>

</author>