  <documents>    <document> Voter Fraud Ring Caught Rigging Elections for Democrats in Texas #URL#      <document> He's not the only Senator saying this now. This is backfiring on the Democrats to keep the Bidens out of investigat… #URL#      <document> LA Public School Teaching Kids "Allah is the One True God" #URL#      <document> "The most recent groups CAIR –Ilhan Omar is very fond of – and ANTIFA needs to be labeled as such as well .."… #URL#      <document> Abortionist Ran Filthy Clinic and Failed to Report Statutory Rape, Pete Buttigieg Did Nothing #URL#      <document> Joe Biden Calls on Media to Censor Trump’s Lawyer as Ukraine Scandal Heats Up #URL#      <document> State worker who allegedly kept ‘mouth shut’ about ‘rape in Champaign’ to receive $2.7M in pension payments #URL#      <document> Alert Issued for 'Iranian Nationals Armed With Explosives' at Mexican Border      <document> Feel the burn again Bernie?  #URL# #URL#      <document> 'Who the hell cares about the budget?': Trump tears into critics of mounting federal spending and debt under his wa… #URL#      <document> 6′5″ Male Wins Girls' Running Event, Named 'Woman Of The Week' #URL#      <document> Finance Canada looking to tax “idle” bank accounts – True North #URL#      <document> Boy and Cow Lose at State Fair, Take a Nap Together and Win Hearts of Millions Instead #URL#      <document> "Trump Was Right" Federal Government Disaster Aid Found Untouched In Puerto Rican Warehouses #URL#      <document> Pro-life group to spend $52 million to help re-elect Trump #URL#      <document> Trump designates Martin Luther King Jr. Historic Site a national historic park #URL#      <document> "Democrats’ partisan impeachment was about stopping the president from being re-elected."  #URL# #URL#      <document> Schumer Characterizes Trump’s Behavior as ‘Evil Scheme’ #URL#      <document> Dershowitz: ‘Pelosi Doesn’t Understand What Impeachment Is’: If Trump’s Acquitted, ‘The Impeachment Disappears’ #URL#      <document> Madigan’s handpicked alderman accused of engaging in ‘prohibited political activity’ #URL#      <document> When the villain is Obama, not Trump, news suddenly becomes not worth reporting #URL#      <document> Outgoing Senate President Cullerton to collect $2M pension #URL#      <document> Secret Court Issuing Website "Takedown" Orders in America, Targeting "Vaccine Truth" Sites  #URL# #URL#      <document> Record-breaking 100,000 people want tickets to Trump rally in New Jersey #URL#      <document> Pro-lifers arrested at Nancy Pelosi’s office protesting her defense of infanticide #URL#      <document> House Democrats Think They Deserve a 'Modest' $4,500 Raise #URL#      <document> Illegal Alien Kidnapped 15-Year-Old Girl At Bus Stop, Raped Her In His Shed #URL#      <document> Would You Support Trump If He Signed A Nationwide Voter ID Law? #URL#      <document> Democratic endorced vs. Patriotic endorced #URL# #URL#      <document> China gutter oil: Disgusting recycled oil and sewage is used to cook Chinese street food - TomoNews #URL#      <document> Trump feels his pain since the Liberals controlling the House denied him his rights also.  #URL# #URL#      <document> Report: It Looks Like Bernie Voters Could Throw Win to Trump If Biden Gets Nomination #URL#      <document> Americans fleeing to states without income taxes #URL#      <document> And if you object, we have a harsh plan to make you sorry you resisted.  #URL# #URL#      <document> First Suspected Cases Of Coronavirus In The UK As Four Admitted To Hospital In Scotland #URL#      <document> Illinois manufacturers' group says state’s economic growth held back by state policies #URL#      <document> Jim Jordan: ‘7 Important Things’ Schiff ‘Had Exactly Wrong’ - and ‘We’re Supposed to Believe Him?’ #URL#      <document> China’s newest threat - A deadly holiday-boosted coronavirus - Center for Security Policy #URL#      <document> Personal income in Illinois growing slower than all but 1 other state #URL#      <document> Media gatekeeper locks out viewpoints it doesn't like and promotes those it does. #URL#      <document> Neighbors sue family over terminally ill son's playscape in backyard - WND #URL#      <document> Biden says he would go after ICE agents who arrested and deported illegal immigrants for drunk driving #URL#      <document> Control, control, control; that is what the Globalist Progressive neo-Marxist Left is all about. #HASHTAG# agenda.… #URL#      <document> More Islamic iconoclastic behavior.  #URL# #URL#      <document> Allah, the heathen pagan Bedouin Arabian Moon God of Muhammad, talked to him also. Why aren't the Catholics uprisin… #URL#      <document> Part of Obama and Hil-liar-y's CHANGE.... #URL#      <document> Say it ain't so Joe.  #URL# #URL#      <document> Frenchmen need to take back their country from... #URL#      <document> "Better to remain silent and be thought a fool than to speak and to remove all doubt" - Abraham Lincoln The differe… #URL#      <document> The Globalist Progressive neo-Marxist Left mentality. #URL#      <document> Only if you can vote are the Democrats interested in life. Correction; the dead miraculously vote Democratic. #URL#      <document> S.C. Black Voters Trash Kamala Harris: 'I Found Kamala Harris Abrasive From the Beginning' #URL#      <document> Dumbasses have a recall election. #URL#      <document> Lies of commission (telling a lie), and Lies of omission (withholding the truth) are both acts of intentional decep… #URL#      <document> Pentagon loses track of $500 million in weapons, equipment given to Yemen #URL#      <document> The Rage of the Democrats #URL#      <document> Warehouse filled with Hurricane Maria supplies discovered in Puerto Rico; Government official ousted #URL#      <document> Truth, it's the new hate speech. "During times of universal deceit,  telling the truth becomes a revolutionary act"… #URL#      <document> YouTube is censoring Transgender Regret Videos! An LGBTQ lobby is reporting vids to stop awareness! #URL#      <document> Vindman Admits to Fabricating Details from Trump's Ukraine Call Summary #URL#      <document> Truth, it's the new hate speech. "During times of universal deceit, telling the truth becomes a revolutionary act"… #URL#      <document> Black pastor calls Trump more ‘pro-black’ than Obama #URL#      <document> Proof Puerto Rico Had The Hurricane Supplies But Didnt Distribute Them To The People #URL#      <document> Senator Biden Paid Men More Than Women, Now Blames Pay Gap on White Men #URL#      <document> In other words, don't get all the facts surrounding the case but take his lying word. Where are the rest of the doc… #URL#      <document> Illinois ‘corruption tax’ snatches $9.9B from state economy #URL#      <document> Maybe they should have studied the Bible instead of the Quran. Da #URL#      <document> Baby fighting for his life after mom beats him and goes out on date – he needs our prayers #URL#      <document> So, he wants to be removed as an example. #URL#      <document> GAO Found Obama Admin Violated Federal Law Seven Times #URL#      <document> Climate change hoax COLLAPSES as new science finds human activity has virtually zero impact on global temperatures #URL#      <document> Virginia Democrats Ignore 20,000-Strong Crowd, Move 'Red Flag' Laws Forward #URL#      <document> Joe Biden Has Called for Social Security Cuts 3 Times #URL#      <document> Iranian Women Defy the Mullahs; Western Feminists Nowhere in Sight #URL#      <document> Soros Group Spends Record $48 Million on Lobbying in 2019 #URL#      <document> #HASHTAG# as a leader and no confidence in our military.  #URL# #URL#      <document> From the same tree.  #URL# #URL#      <document> Abortionist Testifies: 'No Question' Babies Being Born Alive To Harvest Organs #URL#      <document> 'The mischaracterizations are necessary to build the case against the president'  #URL# #URL#      <document> The Hollywood elitists will find their property taxes rise and with movies not making money, their income will also… #URL#      <document> Beer-guzzling, profanity-spewing Biden campaign spox tells 'what really happened in Ukraine' #URL#      <document> Remember? Call Pelosi's son at trial impeachment hearing too.  #HASHTAG#... #URL#      <document> BREAKING: Trump Demands Schiff Be Investigated For Treason #URL#      <document> Biden vows to bring back Obamacare's individual mandate penalty for not having insurance #URL#      <document> Reality check: Setting the record straight on 5 ‘fair tax’ fibs #URL#      <document> Muslim refugees to the British people “we do not accept British laws, you adopt our Sharia Laws” #URL#      <document> Making them look like 💩🤡🤡more than they are already.... #URL#      <document> Adam Schiff Is Already Claiming The Illegitimacy Of A Trump Reelection #URL#      <document> 'We're Giving Churches Their Voices Back': Trump Signs Exec. Order Protecting Religious Freedom #URL#      <document> Mitt Romney pledges to have ‘open mind’ during Trump impeachment trial #URL#      <document> 'You're not in charge here!' Nadler's nastiness sparks 'pettifogging' admonishment from Justice Roberts #URL#      <document> "Schiff is basically saying that if he or either of the Biden’s are called to testify, it would ruin his impeachmen… #URL#      <document> "People" = Deep State criminals #URL#      <document> Tulsi Gabbard suing Hillary Clinton for $50M in damages, alleging defamation #URL#      <document> Schiff warns of Russian attack on US mainland, as Day 2 of Trump's Senate impeachment trial concludes #URL#      <document> Red-light cameras in Illinois have taken in $1B from drivers since 2008 #URL#      <document> Adam Schiff's 2020 GOP Challenger Vows to Send 'the Viper into Retirement' #URL#      <document> Virginia: 30 pounds of cocaine seized during DEA employee party, 17 federal agents arrested #URL#      <document> Warren Wealth Tax Will Have Little Effect on Inequality, Wealth Tax Pioneer Says #URL#      <document> LIE: AOC Claims Virginia 2A Supporters Were 'Carrying Confederate Flags' At Monday's Pro-Gun Rally #URL#    </documents></author><documents> <document> Voter Fraud Gang Caught in Texas Election Rogue for Democrats #URL# <document> He's not the only Senator to say this right now. This backfires on Democrats to keep the Bidens out of the investigation… #URL# <document> LA Public School Kids "God Is The Only True God" #URL# <document> "The newest bands CAIR –Ilhan Omar are very fond of - and ANTIFA it needs to be tagged that way too.."… #URL# <document> Abortionist Runs Filthy Clinic and Fails to Report Legal Rape, Pete Buttigieg Does Nothing #URL# <document> Joe Biden Appeals to Media: Trump's Lawyer As Ukraine Scandal Evolves Censored #URL# <document> Issued Warning for 'Armed Iranian Citizens' Explosives at Mexican Border < document> Are you feeling the burning again, Bernie? #URL# #URL# <document> 'Who cares about the budget?': Trump tears up critics of rising federal spending and debt under his administration… #URL# <document> 6′5″ Boys Wins Girls' Running Event, named 'Woman of the Week' #URL# <document> Finance Canada wants to tax “idle” bank accounts – True North #URL# <document> Boy and Cow Lose at State Fair, Nap Together and Win the Hearts of Millions Instead #URL# <document> "Trump Was Right " Federal Government Disaster Relief Found Untouched in Puerto Rico Warehouses #URL# <document> Pro-life group to spend $52 million to help Trump re-elected #URL# <document> Trump appoints Trump Martin Luther King Jr. Historic District is a national historic park #URL# <document> "The Democrats' partisan accusation was about preventing the re-election of the president." #URL# #URL# <document> Schumer Calls Trump's Behavior "Bad Plan" #URL# <document> Dershowitz: "Pelosi Doesn't Understand What The Accusation Is": If Trump Is Acquitted, "The Impeachment Disappears" #URL # <document> Madigan's carefully selected alderman accused of 'prohibited political activity' #URL# <document> When the aggressor is Obama, not Trump, news is not worth reporting out of nowhere #URL# <document> Outgoing Senate President Cullerton $2 million pension will receive #URL# <document> Secret Court Issues Orders to "Catch" Website Targeting "Vaccination Fact" Sites in America #URL# #URL# <document> 100,000 record-breaking people request tickets to Trump rally in New Jersey #URL# <document > Pro-life people arrested in her office to protest Nancy Pelosi's infanticide defense #URL# <document> House Democrats Deserve a 'Modest' $4,500 Raise #URL# <document> Illegal Alien 15-Year-Old Daughter at the Bus Stop K would open, hello, rape her #URL# <document> If Trump Signed a Nationwide Voter ID Act, Would You Support Him? #URL# <document> Democratic supported vs. Patriot-backed #URL# #URL# <document> Chinese gutter oil: Disgusting recycled oil aSecondary sewage is used to cook Chinese street food - TomoNews #URL# <document> Trump feels pain because the Liberals who control the House also deny him his rights. #URL# #URL# <document> Report: Bernie Voters Looks Like They Could Win Trump If Biden Runs #URL# <document> Americans flee to states without income taxes #URL# <document> And if you object, we'll regret your resistance He has a solid plan. #URL# #URL# <document> First Suspected Coronavirus Cases in UK as Four Admitted to Four Hospitals in Scotland #URL# <document> Illinois manufacturers group says state economic growth is hampered by government policies #URL# <document > Jim Jordan: '7 Important Things' Schiff 'Absolutely Got Wrong' - and 'We Have To Believe In Him' #URL# <document> China's newest threat - A deadly coronavirus escalated by the holidays - Security Policy Center #URL# < document > Personal income grows slower in Illinois than all but 1 other state #URL# <document> The media watchdog locks in viewpoints he doesn't like and favors those he likes. #URL# <document> Neighbors sue family over terminally ill son's backyard playground - WND #URL# <document> Biden says he will go after ICE agents who arrested and deported illegal immigrants for drunk driving #URL# <document> Control, control, control; This is the whole purpose of the Global Progressive neo-Marxist Left. #HASHTAG# agenda.… #URL# <document> More Islamic iconoclastic behavior. #URL# #URL# <document> Pagan Bedouin Arab Moon God Allah, and Muhammad spoke to him. Why aren't Catholics rioting… #URL# <document> PART OF THE CHANGE OF Obama and Hil-liar-y... #URL# <document> Say it isn't, Joe. #URL# #URL# <document> The French need to take their country back... #URL# <document> "It's better to be quiet and be seen as a fool than to speak up and remove all doubt" - Abraham Lincoln Difference … #URL# <document> Globalist Progressive neo-Marxist Left mentality. #URL# <document> Democrats are only interested in life if you can vote. Correction; the dead miraculously vote Democrats. #URL# <document> SC Black Voters Trash Kamala Harris: 'I Found Kamala Harris Abrasive From The Start' #URL# <document> Idiots have a recall election. #URL# <document> Lies of duty (lying) and lies of omission (hiding the truth) are acts of deliberate deception… #URL# <document> Pentagon loses track of $500 million in weapons and equipment delivered to Yemen #URL# <document> Democrats Fury #URL# <document> A warehouse full of Hurricane Maria supplies discovered in Puerto Rico; Government official disabled #URL# <document> The truth is this is new hate speech. “In times of universal deception, telling the truth becomes a revolutionary act”… #URL# <document> YouTube censors Transgender Regret Videos! An LGBTQ lobbyreporting videos to stop awareness! #URL# <document> Vindman Admits Trump Made Up Details From Ukraine Call Summary #URL# <document> The truth is, this is new hate speech. "In times of universal deception, telling the truth becomes a revolutionary act"... #URL# <document> Black pastor qualifies Trump as more 'pro-black' than Obama #URL# <document> Puerto Rico Has Hurricane Material Evidence That It Happened But Didn't Distribute Them To The People #URL# <document> Senator Biden Paid Men More Than Women, Now Gives The Space To White Men #URL# <document> In other words, don't get all the facts about the case but trust his false word. Where is the rest of the document… #URL# <document> Illinois 'corruption tax' stole $9.9 billion from the state economy #URL# <document> Maybe they should have studied the Bible instead of the Quran. Da #URL# <document> Baby fighting for his life after his mother beat him up and left on a date - he needs our prayers #URL# <document> Therefore, he wants to be removed as an example. #URL# <document> GAO Finds Obama Executive Violated Federal Law Seven Times #URL# <document> The climate change hoax COLLASTS as new science discovers that human activity has almost zero impact on global temperatures #URL# <document> Virginia Democrats 20,000 -Strong Ignore Crowd Move 'Red Flag' Laws Forward #URL# <document> Joe Biden Calls for Social Security Cuts 3 Times #URL# <document> Iranian Women Defy Mullahs; Western Feminists Out of Sight #URL# <document> Soros Group Spent a Record $48M on Lobbying in 2019 #URL# <document> #HASHTAG# as a leader and our military has lost confidence. #URL# #URL# <document> From the same tree. #URL# #URL# <document> Abortionist Witnesses: "No Questions" Babies Born Alive to Retrieve Organs #URL# <document> "Mischaracterizations needed to file a lawsuit against the president" #URL# #URL# <document > Hollywood elitist they will see property taxes rise and their revenues will increase as movies don't make money... #URL# <document> Beer-drinking, swearing Biden campaign spox tells 'what really happened in Ukraine' #URL# <document> Remember? Also call Pelosi's son at the impeachment hearing. #HASHTAG#... #URL# <document> LAST MINUTE: Trump Demands Schiff Prosecuted for Treason #URL# <document> Biden pledges to restore Obamacare individual mandate penalty for being uninsured #URL# < document> Fact check: Record straight with Setting 5 'fair tax' lie #URL# <document> Muslim refugees to British people “we don't accept British law, you accept our Sharia Law” #URL# <document> 💩🤡🤡more .. .. #URL# <document> Adam Schiff Claims Trump's Re-election Is Illegal #URL# <document> "We Give Churches Their Voices Back": Trump Exec. Order to Protect Religious Freedom #URL# <document> Mitt Romney promised to be 'open-minded' during Trump's impeachment trial #URL# <document> 'You are not in charge here!' Nadler's obscenity leads to 'exaggerated' warnings from Judge Roberts #URL# <document> "Schiff basically says that if he or any of the Bidens are called to testify, it will screw up the impeachment officers… #URL# <document> "People " = Deep State criminals #URL# <document> Tulsi Gabbard sues Hillary Clinton for $50 million in damages, alleging #URL# libel <document> Schiff, as Day 2 of Trump's impeachment trial in the Senate comes to an end # <document> Red light cameras in Illinois receive $1 billion from drivers since 2008 #URL# <document> Adam Schiff's 2020 GOP Contest "Vow to Retire Viper" #URL# <document> Virginia: 30 pounds of cocaine seized 17 federal agents arrested during DEA employee party #URL# <document> Warren Wealth Tax Will Have Little Impact on Inequality, Wealth Tax Pioneer #URL# <document> LIE Says: AOC, Virginia 2A Supporters 'Confederate' on Mon Claiming 'They Are Carrying Flags' tti today's Pro-Gun Rally #URL# </documents></author>