  <documents>    <document> Steve Jobs: 5 Amazing Facts We Don't Know About The Man Behind Apple - Jobs &amp; Hire #URL# #HASHTAG#      <document> This video might be our first look at a new Apple device no one even knew was in development - BGR #URL# #HASHTAG#      <document> Microsoft Will Pay Consumers To Switch From Apple Devices - International Business Times #URL# #HASHTAG#      <document> Belkin's Valet Charger Power Pack delivers on-the-go juice to your iPhone and Apple Watch simulataneou... #URL# #HASHTAG#      <document> Apple made two versions of the iPhone 7 -- and one of them sucks - The Next Web #URL# #HASHTAG#      <document> Apple Leak Confirms 'All Glass' New iPhone - Forbes #URL# #HASHTAG#      <document> Apple Patent Integrates Ambient Light Sensor Directly Into iPhone's Display - Mac Rumors #URL# #HASHTAG#      <document> Apple's MacBook Pro event recap - TechCrunch #URL# #HASHTAG#      <document> Apple 'refused man iPhone 7 refund unless he proved he wasn't Saddam Hussein' - Metro #URL# #HASHTAG#      <document> Apple MacBook Pro (2016): Release date, specs and everything you need to know - #URL# #URL# #HASHTAG#      <document> Best Buy Discounts iPad Air 2 by $75, Offers Deals on iPhone 7 and iPhone SE - Mac Rumors #URL# #HASHTAG#      <document> Samsung Gear S3 Release Date, News &amp; Update: Apple Watch 2's Greatest Rival Arriving November? GPS, LT... #URL# #HASHTAG#      <document> Aircraft-grade aluminum Apple Watch band is ready for takeoff - Cult of Mac #URL# #HASHTAG#      <document> iPad Pro vs iPad Air 2 Review: Which Is The Better Apple Device? Specs &amp; Features Comparison - Mobile &amp; Apps #URL# #HASHTAG#      <document> Feature Request: Apple Watch Activity rest days, tolerance levels, and an honor system - 9 to 5 Mac #URL# #HASHTAG#      <document> What Apple and Microsoft's New Computers Say About the Future of PCs - TIME #URL# #HASHTAG#      <document> Apple Ends iOS 9 Downgrades on iPhone, iPad, and iPod Touch - Mac Rumors #URL# #HASHTAG#      <document> Apple Watch Series 2 and HTC Vive are the big winners at the inaugural Wareable Tech Awards -  #URL# #HASHTAG#      <document> Apple is stalling for time with its new Macbooks and Microsoft knows it - Business Insider #URL# #HASHTAG#      <document> MacBook Pro 2016 Release Date: Postponed for November with iPhone 8? [VIDEO] - University Herald #URL# #HASHTAG#      <document> Minecraft is Coming to Apple TV by the End of the Year - Mac Rumors #URL# #HASHTAG#      <document> Microsoft offers Apple users $650 off to trade a MacBook for a Surface - TechCrunch #URL# #HASHTAG#      <document> Microsoft Surface vs Apple Macbook Battle Begins This Week: Specs and Rumors - LearnBonds #URL# #HASHTAG#      <document> As 40% of current Samsung customers won't buy another phone from them, Google's Pixel will benefit, su... #URL# #HASHTAG#      <document> iPhone sales slump. Apple still raking in billions - CNET #URL# #HASHTAG#      <document> Apple's New A10 Processor Could Easily Power the MacBook Air [Report] - iClarified #URL# #HASHTAG#      <document> Complete guide to macOS Sierra: Mac OS X is rebranded &amp; updated with ... #URL# #HASHTAG#      <document> Smartwatch Sales Decline, Would the Apple Watch Fail? - TCC #URL# #HASHTAG#      <document> iPad Pro 2 Release Date Set On March 2017? Leaked Photo Hints At Slimmer Design; No Headphone Jack Exp... #URL# #HASHTAG#      <document> Unlocked 'iPhone 7' And 'iPhone 7 Plus' Are Now Sold By Apple - iTech Post #URL# #HASHTAG#      <document> Apple wants to use AI to turbo-charge your iPhone's battery life - Business Insider #URL# #HASHTAG#      <document> Cardiogram gets $2M to see if the Apple Watch can detect Afib - MobiHealthNews #URL# #HASHTAG#      <document> How to use System Preferences in macOS Sierra (and Mac OS X ... - Macworld UK #URL# #HASHTAG#      <document> apple watch series 1 and 2 review - CHOICE #URL# #HASHTAG#      <document> Can the Apple Watch Reverse Macy's Sales Slide? - Investopedia #URL# #HASHTAG#      <document> My Stock Lists - Investor's Business Daily #URL# #HASHTAG#      <document> Asus ZenWatch 3 incoming: Could it kill the Apple Watch Series 2? - TrustedReviews #URL# #HASHTAG#      <document> When was Apple's MacBook event 2016? How to live stream Tim Cook's October 27 keynote - Mi #URL# #HASHTAG#      <document> Apple and the FBI Spar, Microsoft Opens a Cybersecurity Center ... - The VAR Guy #URL# #HASHTAG#      <document> iPhone 8 And Apple Watch 3 Could Tout Gesture Control, Hints New Patent - Tech Times #URL# #HASHTAG#      <document> Apple releases iOS 10.1 public beta 2 for the iPhone and iPad - BGR #URL# #HASHTAG#      <document> The 2016 MacBook Pro Could Outsell Microsoft Surface Pro 4 And Surface Book - The Inquisitr #URL# #HASHTAG#      <document> Customizing Watch Faces With the iPhone App - AppAdvice #URL# #HASHTAG#      <document> Microsoft And Apple Both Had The Same Great Idea - Forbes #URL# #HASHTAG#      <document> PRESS RELEASE October 27, 2016 Apple unveils new TV app for Apple TV, iPhone and iPad - Apple Newsroom... #URL# #HASHTAG#      <document> Apple just handed Microsoft the keys to the kingdom - CNET #URL# #HASHTAG#      <document> A premium Android tablet that gives the Apple iPad Mini 4 a run for its money video - CNET - CNET #URL# #HASHTAG#      <document> MacBook Pro 2016 Release Date: Apple Q4 Earnings Call Moved to Introduce New Macs; Check October Event... #URL# #HASHTAG#      <document> Apple unveils MacBooks with interactive strip - USA TODAY #URL# #HASHTAG#      <document> Google Pixel Phones Will Affect Apple's iPhone Sales In Many Ways - iTech Post #URL# #HASHTAG#      <document> Apple releases iOS 10.1 public beta 2 for the iPhone and iPad - BGR #URL# #HASHTAG#      <document> Today in Apple history: iPad sales overtake Macs      <document> MacBook Pro 2016 Review: You Can Never Go Wrong with the New MacBook; Ideal Back-to-School PC, Christm... #URL# #HASHTAG#      <document> SIM-Free iPhone 7 and iPhone 7 Plus Now Available From Apple Online Store - Mac Rumors #URL# #HASHTAG#      <document> Microsoft Monday: Paint App Gets Redesigned, No Plans For A New Band, Windows 10 Event On Oct. 26 - Forbes #URL# #HASHTAG#      <document> Google Pixel release date UK - killer feature could get Apple fans to ditch the iPhone - Expr #URL# #HASHTAG#      <document> Migrating Your Microsoft Health Data to Apple Health - SuperSite for Windows #URL# #HASHTAG#      <document> iPhone 8, Apple Watch 3 patent suggests gesture control - Enstarz #URL# #HASHTAG#      <document> 'MacBook Pro 2016' Release Date, News &amp; Update: A Much Sleeker Unit For Users; More Color Variations W... #URL# #HASHTAG#      <document> Apple Watch Series 2 Named Wearable Of The Year - Forbes #URL# #HASHTAG#      <document> 2017 Apple iMac &amp; Cinema Display Release Date, Rumors ... - Science World Report #URL# #HASHTAG#      <document> iPad Air 3: release date, rumours, specs &amp; pricing - IT PRO #URL# #HASHTAG#      <document> Apple Is Looking To OLED, E-Ink Keyboards To Revive It's MacBook Line - ValueWalk #URL# #HASHTAG#      <document> Apple's iPhone 4, Late-2010 13-inch MacBook Air, And Others Will Be 'Obsolete' Later This Month - The ... #URL# #HASHTAG#      <document> What to Expect From Apple's Big MacBook Event - Gizmodo #URL# #HASHTAG#      <document> Will new MacBooks finally make it easier to pick the perfect Apple laptop? - CNET #URL# #HASHTAG#      <document> iPad Air 2 vs Galaxy Tab S2 vs Yoga Tab 3 Review: Which Tablet Is The Best Buy Option? - Mobile &amp; Apps #URL# #HASHTAG#      <document> Microsoft patents Samsung Galaxy Note 7's Instant Notes, Apple's 3DTouch - MSPoweruser #URL# #HASHTAG#      <document> Apple MacBook Pro 2016 vs Microsoft AIO Surface PC (AAPL) (MSFT) - LearnBonds #URL# #HASHTAG#      <document> Apple announces Q4 2016 revenue of $46.9b: 45.5m iPhones, 9.2m iPads, 4.8m Macs - 9 to 5 Mac #URL# #HASHTAG#      <document> Why Apple's big MacBook reveal will feel so damn boring - Mashable #URL# #HASHTAG#      <document> Did Apple reschedule its earnings call so it could reveal new Macs ... - Macworld #URL# #HASHTAG#      <document> iPad Mini 5 Release Date, News &amp; Update: A10 Processor Will All Be Worth The Wait - Gamenguide #URL# #HASHTAG#      <document> Apple iPhone 8 Will Feature TSMC's 7nm Process Claims Wild Rumor From Alleged Supply Chain - WCCFtech #URL# #HASHTAG#      <document> Apple unveils MacBooks with interactive strip - USA TODAY #URL# #HASHTAG#      <document> How to download YouTube videos to iPhone or iPad - PC Advisor #URL# #HASHTAG#      <document> Apple stock target raised on higher iPhone expectations - MarketWatch #URL# #HASHTAG#      <document> Apple's iPhone 7 Causes Frenzy In South Korea -- Is Samsung's Hold Over Its Home Turf In Jeopardy? - Forbes #URL# #HASHTAG#      <document> Review: Nomad Horween Leather iPhone 7 Plus Case + Apple Watch Strap - 9 to 5 Mac #URL# #HASHTAG#      <document> LexisNexis Risk Solutions Launches Crime Alerts Mobile Application for Apple Watch and iPhone - PR New... #URL# #HASHTAG#      <document> Supreme Court justices question big verdict against Samsung for copying Apple's iPhone - Los Angeles Times #URL# #HASHTAG#      <document> Here's How Apple's iPhone 7 May Push Revenue Above Forecasts - Forbes #URL# #HASHTAG#      <document> iPhone 7 Home Button Fail Surfaces Apple's Temporary Solution - Forbes #URL# #HASHTAG#      <document> Apple has a software workaround for the iPhone 7's home button if it malfunctions - The Verge #URL# #HASHTAG#      <document> 'Apple iPhone 8' Release Date, News &amp; Update: Specs Unveiled; OLED Resolution Will Be Added; Virtual H... #URL# #HASHTAG#      <document> Apple Loop: New iPhone 8 Rumors, Scratching The Sapphire Camera Lens, iPhone 7 Plus Defeats Pixel XL - Forbes #URL# #HASHTAG#      <document> iMac vs. Apple Laptop: Which is a Better Choice for You? - The Cheat Sheet #URL# #HASHTAG#      <document> Apple launches investigation as another iPhone goes up in flames - BGR #URL# #HASHTAG#      <document> Retail Sales Report To Show Apple iPhone Launch Effect - Investor's Business Daily #URL# #HASHTAG#      <document> Google, Microsoft, Apple And Facebook Deny Spying On Emails And Other Messages - Tech Times #URL# #HASHTAG#      <document> Apple iPhone 7 Plus: Review And Things You Should Know - iTech Post #URL# #HASHTAG#      <document> Apple's New MacBook Pro Has a New Look - Fortune #URL# #HASHTAG#      <document> iPhone - Bought a new charger on Amazon? Chances are, it's FAKE and could be DANGEROUS - Expr #URL# #HASHTAG#      <document> Technology|Farhad and Mike's Week in Tech: Microsoft, Apple and Halloween! - New York Times #URL# #HASHTAG#      <document> Why is the Google Pixel graded on a curve when the iPhone isn't? - BGR #URL# #HASHTAG#      <document> Cult of Mac - Cult of Mac #URL# #HASHTAG#      <document> Now iPhones are EXPLODING too - should you be worried? - #URL# #URL# #HASHTAG#      <document> Apple releases iOS 10.1 public beta 2 for the iPhone and iPad - BGR #URL# #HASHTAG#      <document> Google Pixel release date UK - killer feature could get Apple fans to ditch the iPhone - Expr #URL# #HASHTAG#      <document> MacBook Pro 2016 Release Date, Specs, Rumors: Kaby Lake or Skylake, Apple Still Undecided? - Morning News USA #URL# #HASHTAG#    </documents></author><documents> <document> Steve Jobs: 5 Unbelievable Facts We Didn't Know About The Man Behind Apple - Jobs &amp; Hire #URL# #HASHTAG# <document> This video could be our first look at a new Apple device that no one knows is under development - BGR #URL# #HASHTAG# <document> Microsoft Will Pay Consumers To Switch From Apple Devices - International Business Times #URL# #HASHTAG# <document> Belkin's Valet Charger Power Pack powers your iPhone on the go and simulates Apple Watch... #URL# #HASHTAG# <document> Apple made two versions of iPhone 7 -- and one of them sucks - Next Web #URL# #HASHTAG# <document> Apple Leak Confirms 'All Glass' New iPhone - Forbes #URL# #HASHTAG# <document> Apple Patent, Ambient Light Sensor Direct iPhone' lara Integrated Display - Mac Rumors #URL# #HASHTAG# <document> Apple's MacBook Pro case summary - TechCrunch #URL# #HASHTAG# <document> Apple "Refuses to return iPhone 7 to a man unless he can prove he's not Saddam Hussein" - Metro #URL # #HASHTAG# <document> Apple MacBook Pro (2016): Release date, specs and everything you need to know - #URL# #URL# #HASHTAG# <document> Offers iPad Air 2 Up to $75 Best Buy Discounts, Deals on iPhone 7 and iPhone SE - Mac Rumors #URL # #HASHTAG# <document> Samsung Gear S3 Edition History, News &amp; Update: Apple Watch 2's Biggest Rival Coming in November? GPS, LT... #URL# #HASHTAG# <document> Aircraft-grade aluminum Apple Watch strap ready for takeoff - Cult of Mac #URL# #HASHTAG# <document> iPad Pro vs iPad Air 2 Review: Which is the Better Apple Device? Features &amp; Feature Comparison - Mobile &amp; Apps #URL# #HASHTAG# <document> Feature Request: Apple Watch Activity rest days, tolerance levels, and an honor system - 9 to 5 Mac #URL# #HASHTAG# <document> Apple and Microsoft's New Computers Coming What Does It Say About It? Number of PCs - TIME #URL# #HASHTAG# <document> Apple Ends iOS 9 Downgrades on iPhone, iPad and iPod Touch - Mac Rumors #URL# #HASHTAG# <document> Apple Watch Series 2 and HTC Vive, top winners inaugural Wareable Tech Awards - #URL# #HASHTAG# <document> Apple is stalling time for its new Macbooks and Microsoft is aware of it - Business Insider #URL# #HASHTAG# <document> MacBook Pro 2016 Release Date: November iPhone 8 postponed to April? [VIDEO] - University Herald #URL# #HASHTAG# <document> Minecraft Coming to Apple TV at Year's End - Mac Rumors #URL# #HASHTAG# <document> Microsoft offers Apple users $650 off a MacBook for a Surface - TechCrunch #URL# #HASHTAG# <document> Microsoft Surface vs Apple Macbook Battle Starts This Week: Features & Rumors - LearnBonds #URL# #HASHTAG# <document> 40% of current Samsung customers won't buy another phone, so Google's 's Pixel will benefit, for example... #URL# #HASHTAG# <document> iPhone sales are down. Apple still makes billions - CNET #URL# #HASHTAG# <document> Apple's New A10 TransactionsAsk Can Easily Power a MacBook Air [Report] - iClarified #URL# #HASHTAG# <document> The complete macOS Sierra guide: Mac OS X rebranded &amp; Updated with ... #URL# #HASHTAG# <document> Smartwatch Sales Drop, Will Apple Watch Fail? - TCC #URL# #HASHTAG# <document> Is iPad Pro 2 Release Date Set in March 2017? Leaked Photo Tips in a Thinner Design; No Headphone Jack... #URL# #HASHTAG# <document> Unlocked 'iPhone 7' And 'iPhone 7 Plus' Now Sold By Apple - iTech Post #URL# #HASHTAG# <document> Apple is using AI for wants to use: Turbocharge your iPhone's battery life - Business Insider #URL# #HASHTAG# <document> Cardiogram charges $2M to see if Apple Watch can detect Afib - MobiHealthNews #URL# #HASHTAG# < document> How to use System Preferences in macOS Sierra (and Mac OS X ... - Macworld UK #URL# #HASHTAG# <document> apple watch series 1 and 2 review - CHOICE #URL# #HASHTAG# <document> Can Apple Watch Reverse Macy's Sales? - Investopedia #URL# #HASHTAG# <document> My Stock Lists - Daily Investor Affairs #URL# #HASHTAG# <document> Asus ZenWatch 3 is coming: can it kill the Apple Watch Series 2? - TrustedReviews #URL# #HASHTAG# <document > When was Apple's MacBook event 2016?Livestream Tim Cook's October 27 keynote - Mi #URL# #HASHTAG# <document> Apple and FB Spar, Microsoft Open A Cyber ​​Security Center... - YES Guy #URL # #HASHTAG# <document> iPhone 8 and Apple Watch 3 Could Offer Gesture Control, Tips New Patent - Tech Times #URL# #HASHTAG# <document> Apple releases iOS 10.1 public beta 2 for iPhone and iPad - BGR # URL# #HASHTAG# <document> 2016 MacBook Pro May Outsell Microsoft Surface Pro 4 and Surface Book - The Inquisitr #URL# #HASHTAG# <document> Up against Clock Customization iPhone App - AppAdvice #URL# #HASHTAG# <document> Microsoft And Apple Had The Same Great Idea - Forbes #URL# #HASHTAG# <document> PRESS RELEASE October 27, 2016 Apple announces new TV app for Apple TV , iPhone and iPad - Apple Newsroom... #URL# #HASHTAG# <document> Apple surrenders the keys to the kingdom to Microsoft - CNET #URL# #HASHTAG# <document> Apple is a premium Android delivering the iPad Mini 4 tablet hijack video - CNET - CNET #URL# #HASHTAG# <document> MacBook Pro 2016 Release Date: Apple Q4 Earnings Call Moved to Promote New Macs; Check October Event... #URL# #HASHTAG# <document> Apple unveils MacBooks with interactive ribbon - US TODAY #URL# #HASHTAG# <document> Google Pixel Phones Will Impact Apple's iPhone Sales in Multiple Ways - iTech Post # URL# #HASHTAG# <document> Apple releases iOS 10.1 public beta 2 for iPhone and iPad - BGR #URL# #HASHTAG# <document> Apple history today: iPad sales outpace Macs <document> MacBook Pro 2016 Review: You can never go wrong with the new MacBook; Ideal Back-to-School PC, Christmas... #URL# #HAHTAG# <document> SIM-freeiPhone 7 and iPhone 7 Plus Now Available in Apple Online Store - Mac Rumors #URL# #HASHTAG# <document> Microsoft Monday: Paint App Redesign, No Plans for a New Group, Windows 10 Event Oct 26 - Forbes #URL # #HASHTAG# <document> Google Pixel release date UK - killer feature may cause Apple fans to abandon iPhone - Expr #URL# #HASHTAG# <document> Migrating Your Microsoft Health Data to Apple Health - SuperSite #URL for Windows # # HASHTAG# <document> iPhone 8, Apple Watch 3 patent proposes motion control - Enstarz #URL# #HASHTAG# <document> 'MacBook Pro 2016' Release Date, News &amp; Update: A Much More Elegant Unit for Users; More Color Variations W... #URL# #HASHTAG# <document> Apple Watch Series 2 Named Wearable of the Year - Forbes #URL# #HASHTAG# <document> 2017 Apple iMac &amp; Cinema Display Release Date, Rumors ... - Science World Report #URL# #HASHTAG# <document> iPad Air 3: release date, rumors, specs &amp; pricing - IT PRO #URL# #HASHTAG# <document> Apple Searches for OLED, E-Ink Keyboards to Revive MacBook Series - ValueWalk #URL# #HASHTAG# <document> Apple's iPhone 4, Late 2010 13-inch MacBook Air and Others Will Be "Invalid" Later This Month - ... #URL# #HASHTAG# <document> What to Expect at Apple's Big MacBook Event - Gizmodo #URL# #HASHTAG# <document> Will new MacBooks finally make it? Easier to pick the perfect Apple laptop? - CNET #URL# #HASHTAG# <document> iPad Air 2 - Galaxy Tab S2 - Yoga Tab 3 Review: Which Tablet Is the Best Buy? - Mobile &amp; Applications #URL# #HASHTAG# <document> Microsoft patents Samsung Galaxy Note 7's Instant Notes, Apple's 3DTouch - MSPoweruser #URL# #HASHTAG# <document> Apple MacBook Pro 2016 and Microsoft AIO Surface PC ( AAPL) (MSFT) - LearnBonds # URL# #HASHTAG# <document> Apple announced Q4 2016 revenue of $46.9 billion: 45.5 million iPhones, 9.2 million iPads, 4.8 million Macs - 9 to 5 Macs #URL# #HASHTAG# <document> Why Apple's big MacBook reveal is so boring it's going to feel like this - Mashable #URL# #HASHTAG# <document> Did Apple reschedule its earnings call to reveal new Macs? .. - Macworld #URL# #HASHTAG# <document> iPad Mini 5 Release Date, News &amp; Update: A10 Processor Will All Be Worth The Wait - Gamenguide #URL# #HASHTAG# <document> Apple iPhone 8 Will Have Crazy Rumors From TSMC's Alleged 7nm Process Claims Supply Chain - WCCFtech #URL# #HASHTAG# <document > Apple Introduces MacBooks with interactive ribbon - USA TODAY #URL# #HASHTAG# <document> How to download YouTube videos to iPhone or iPad - PC Advisor #URL# #HASHTAG# <document> Apple stock target, higher iPhone raised above expectations - MarketWatch #URL# #HASHTAG# <document> Apple's iPhone 7 Causes Madness in South Korea -- Is Samsung's Control Over Its Territory In Danger? - Forbes #URL# #HASHTAG# <document> Review: Nomad Horween Leather iPhone 7 Plus Case + Apple Watch Strap - 9 - 5 Mac #URL# #HASHTAG# <document> LexisNexis Risk Solutions Launches Crime Alerts Mobile App for Apple Watch and iPhone - PR New... #URL# #HASHTAG# <document> Supreme Court questions major ruling against Samsung for copying Apple's iPhone - Los Angeles Times #URL # #HASHTAG# <document> Here's How Apple's iPhone 7 Could Bring Revenue Above Estimates - Forbes #URL# #HASHTAG# <document> Surfaces Where iPhone 7 Home Button Fails Apple's Workaround - Forbes #URL# #HASHTAG # <document> Apple has a software workaround for: iPhone 7's home button if it fails Update: Specifications Revealed; OLED Resolution To Be Added; Virtual H... #URL# #HASHTAG# <document> Apple Loop: New iPhone 8 Rumors, Sapphire Scratches Camera Lens, iPhone 7 Plus Beats Pixel XL - Forbes #URL# #HASHTAG# <document> iMac and Apple Laptop : Which One Is A Better Choice For You? - Cheat Sheet #URL# #HASHTAG# <document> Apple launches investigation while another iPhone is in flames - BGR #URL# #HASHTAG# <document> Apple Retail Report to Show iPhone Launch Impact - Investor's Business Logs #URL# #HASHTAG# <document> Google, Microsoft, Apple and Facebook Deny Spying on Emails and Other Messages - Tech Times #URL# #HASHTAG# <document> Apple iPhone 7 Plus: Review and What You Need to Know - iTech Post #URL# #HASHTAG# < document> Apple's New MacBook Pro Has a New Look - Fortune #URL# #HASHTAG# <document> iPhone - Bought a new charger from Amazon? Possibly FAKE and DANGEROUS - Expression #URL# #HASHTAG# <document> Technology|Farhad and Mike's Week in Technology: Microsoft, Apple and Halloween! - New York Times #URL# #HASHTAG# <document> Why is the Google Pixel graded on a curve when it's not an iPhone? - BGR #URL# #HASHTAG# <document> Cult of Mac - Cult of Mac #URL# #HASHTAG# <document> iPhones are EXPLOSING now too - should you be worried? - #URL# #URL# #HASHTAG# <document> Apple releases iOS 10.1 public beta 2 for iPhone and iPad - BGR #URL# #HASHTAG# <document> Google Pixel release date UK - awesome feature, Apple fans iPhone - Description #URL# #HASHTAG# <document> MacBook Pro 2016 Release Date, Features, Rumors: Kaby Lake or Skylake, Apple Still Undecided? - Morning News USA #URL# #HASHTAG# </documents></author>