  <documents>    <document> Adam Levine And Behati Prinsloo's Marriage Getting Stronger With... Via News Break: #URL# #URL#      <document> The Music Industry Isn't As Fucked As They Say... Via News Break: #URL# #URL#      <document> Limited Edition Five-LP Box Set, Maroon 5 -- The Studio Albums All... Via News Break: #URL# #URL#      <document> Limited Edition Five-LP Box Set, Maroon 5 -- The Studio Albums All... Via News Break: #URL# #URL#      <document> Limited Edition Five-LP Box Set, Maroon 5 -- The Studio Albums All... Via News Break: #URL# #URL#      <document> Limited Edition Five-LP Box Set, Maroon 5 -- The Studio Albums All... Via News Break: #URL# #URL#      <document> Maroon 5 - Payphone - ft Wiz Khalifa - LETRA... Via News Break: #URL# #URL#      <document> Kelsea Ballerini 'Greatest Hits' Video: Watch Britney Spears, Shania... Via News Break: #URL# #URL#      <document> Behati Prinsloo Shows Off Her Growing Baby Bump in L.A.... Via News Break: #URL# #URL#      <document> Kelsea Ballerini 'Greatest Hits' Video: Watch Britney Spears, Shania... Via News Break: #URL# #URL#      <document> Limited Edition Five-LP Box Set, Maroon 5 -- The Studio Albums All... Via News Break: #URL# #URL#      <document> Adam Levine, Behati Prinsloo Divorce: Maroon 5 Frontman Dumping Model... Via News Break: #URL# #URL#      <document> Limited Edition Five-LP Box Set, Maroon 5 -- The Studio Albums All... Via News Break: #URL# #URL#      <document> Maroon 5 - Love Somebody (Lyrics)... Via News Break: #URL# #URL#      <document> The Music Industry Isn't As Fucked As They Say... Via News Break: #URL# #URL#      <document> Tove Lo Returns With 'Cool Girl'... Via News Break: #URL# #URL#      <document> The Music Industry Isn't As Fucked As They Say... Via News Break: #URL# #URL#      <document> Will sing for food... Via News Break: #URL# #URL#      <document> MAROON 5 - SUGAR @ Live in SEOUL 2015 (0909)... Via News Break: #URL# #URL#      <document> The Music Industry Isn't As Fucked As They Say... Via News Break: #URL# #URL#      <document> Adam Levine, Behati Prinsloo Divorce: Maroon 5 Frontman Dumping Model... Via News Break: #URL# #URL#      <document> Pregnant Behati Prinsloo's Ankle-Length LBD Flawlessly Complements... Via News Break: #URL# #URL#      <document> Adam Levine on Behati Prinsloo's pregnancy: 'I'm so excited!'... Via News Break: #URL# #URL#      <document> Kelsea Ballerini 'Greatest Hits' Video: Watch Britney Spears, Shania... Via News Break: #URL# #URL#      <document> Dear Earth Talk:... Via News Break: #URL# #URL#      <document> The Music Industry Isn't As Fucked As They Say... Via News Break: #URL# #URL#      <document> Maroon 5 - Won't Go Home Without You (Live Ellen Deg. Show)... Via News Break: #URL# #URL#      <document> Slipknot to go ahead with North Carolina show... Via News Break: #URL# #URL#      <document> MAROON 5 - This Love @ Live in SEOUL 2015 (0909)... Via News Break: #URL# #URL#      <document> The Music Industry Isn't As Fucked As They Say... Via News Break: #URL# #URL#      <document> The Music Industry Isn't As Fucked As They Say... Via News Break: #URL# #URL#      <document> Everything you need to know about Kristen Stewart's girlfriend,... Via News Break: #URL# #URL#      <document> Limited Edition Five-LP Box Set, Maroon 5 -- The Studio Albums All... Via News Break: #URL# #URL#      <document> Kelsea Ballerini 'Greatest Hits' Video: Watch Britney Spears, Shania... Via News Break: #URL# #URL#      <document> Blake Shelton and Adam Levine are not leaving "The Voice" - and... Via News Break: #URL# #URL#      <document> Adam Levine And Behati Prinsloo's Marriage Getting Stronger With... Via News Break: #URL# #URL#      <document> The Music Industry Isn't As Fucked As They Say... Via News Break: #URL# #URL#      <document> Adam Levine and Blake Shelton Will Basically Never Leave 'The Voice':... Via News Break: #URL# #URL#      <document> xxxxxxxxxxxxx... Via News Break: #URL# #URL#      <document> PopCrush Presents: Viceroy... Via News Break: #URL# #URL#      <document> Maroon 5 - Won't Go Home Without You (Live Ellen Deg. Show)... Via News Break: #URL# #URL#      <document> Watch Redskins break into chorus of John Legend song during rookie... Via News Break: #URL# #URL#      <document> TOVE LO RETURNS WITH HER HIGHLY ANTICIPATED NEW SINGLE "COOL GIRL"... Via News Break: #URL# #URL#      <document> Demi Lovato &amp; Nick Jonas Bring the Future Now Tour to Chicago... Via News Break: #URL# #URL#      <document> Limited Edition Five-LP Box Set, Maroon 5 -- The Studio Albums All... Via News Break: #URL# #URL#      <document> Kelsea Ballerini 'Greatest Hits' Video: Watch Britney Spears, Shania... Via News Break: #URL# #URL#      <document> MAROON 5 - SUGAR @ Live in SEOUL 2015 (0909)... Via News Break: #URL# #URL#      <document> Kesha Drops Her Sexual Assault Lawsuit Against Dr. Luke... Via News Break: #URL# #URL#      <document> Maroon 5 - New Love - V - (Lyric Video)... Via News Break: #URL# #URL#      <document> MAROON 5 - SUGAR @ Live in SEOUL 2015 (0909)... Via News Break: #URL# #URL#      <document> Rec soccer results... Via News Break: #URL# #URL#      <document> PJ Morton On #HASHTAG#: 'My Son Thinks The Police Are Going To Hurt Us'... Via News Break: #URL# #URL#      <document> Kesha drops assault claims against Dr Luke in California... Via News Break: #URL# #URL#      <document> 'The Voice' Promises A 'New Era' - By Promoting The Old One... Via News Break: #URL# #URL#      <document> Does Mariners closer Edwin Diaz need a new entrance song?... Via News Break: #URL# #URL#      <document> Rec soccer results... Via News Break: #URL# #URL#      <document> The Music Industry Isn't As Fucked As They Say... Via News Break: #URL# #URL#      <document> Adam Levine Talks Behati Prinsloo's Pregnancy, Will He Quit 'The... Via News Break: #URL# #URL#      <document> Maroon 5 - Love Somebody (Lyrics)... Via News Break: #URL# #URL#      <document> BSO Showcase: #USER# Delivers Spine Chilling Music For the Soul... Via News Break: #URL# #URL#      <document> Adam Levine Gets "Too Excited" for His Baby's Birth Day... Via News Break: #URL# #URL#      <document> Fresh Tracks - Indie Rock Songs from Beta Play, Sandmoon, Elizabeth... Via News Break: #URL# #URL#      <document> Boyce Avenue Comes to iPlay America... Via News Break: #URL# #URL#      <document> Kelsea Ballerini 'Greatest Hits' Video: Watch Britney Spears, Shania... Via News Break: #URL# #URL#      <document> 'Suicide Squad' star Jared Leto says goodbye to The Joker and goes... Via News Break: #URL# #URL#      <document> Miley Cyrus and Liam Hemsworth try carpool karaoke singing Justin... Via News Break: #URL# #URL#      <document> Slipknot Joined The Long List Of Musicians Denouncing North... Via News Break: #URL# #URL#      <document> Adam Levine And Behati Prinsloo's Marriage Getting Stronger With... Via News Break: #URL# #URL#      <document> What Just Happened?... Via News Break: #URL# #URL#      <document> Live Nation dominates H1 2016 promoter ticket sales chart... Via News Break: #URL# #URL#      <document> Kelsea Ballerini 'Greatest Hits' Video: Watch Britney Spears, Shania... Via News Break: #URL# #URL#      <document> Limited Edition Five-LP Box Set, Maroon 5 -- The Studio Albums All... Via News Break: #URL# #URL#      <document> Kelsea Ballerini 'Greatest Hits' Video: Watch Britney Spears, Shania... Via News Break: #URL# #URL#      <document> 15 Hot Celebs who prove Snapchat is way better than Instagram... Via News Break: #URL# #URL#      <document> Maroon 5 - Payphone - ft Wiz Khalifa - LETRA... Via News Break: #URL# #URL#      <document> Orlando Bloom Naked Pics: What Selena Gomez Really Thinks About It... Via News Break: #URL# #URL#      <document> Kelsea Ballerini 'Greatest Hits' Video: Watch Britney Spears, Shania... Via News Break: #URL# #URL#      <document> Adam Levine, Behati Prinsloo Divorce: Maroon 5 Frontman Dumping Model... Via News Break: #URL# #URL#      <document> Kelsea Ballerini 'Greatest Hits' Video: Watch Britney Spears, Shania... Via News Break: #URL# #URL#      <document> BIGBANG Becomes The First K-Pop Group To Make It On Forbes' Celebrity... Via News Break: #URL# #URL#      <document> Kelsea Ballerini 'Greatest Hits' Video: Watch Britney Spears, Shania... Via News Break: #URL# #URL#      <document> Leo's a lucky man! DiCaprio's new love Nina Agdal shows off her... Via News Break: #URL# #URL#      <document> Limited Edition Five-LP Box Set, Maroon 5 -- The Studio Albums All... Via News Break: #URL# #URL#      <document> Chinese strippers dancing on the man's funeral is just shocking... Via News Break: #URL# #URL#      <document> Limited Edition Five-LP Box Set, Maroon 5 -- The Studio Albums All... Via News Break: #URL# #URL#      <document> TOVE LO RETURNS WITH HER HIGHLY ANTICIPATED NEW SINGLE "COOL GIRL"... Via News Break: #URL# #URL#      <document> Adam Levine, Behati Prinsloo Divorce: Maroon 5 Frontman Dumping Model... Via News Break: #URL# #URL#      <document> Hit Writer Noel Zancanella Talks About the "Good Life"... Via News Break: #URL# #URL#      <document> The Music Industry Isn't As Fucked As They Say... Via News Break: #URL# #URL#      <document> Kelsea Ballerini 'Greatest Hits' Video: Watch Britney Spears, Shania... Via News Break: #URL# #URL#      <document> Limited Edition Five-LP Box Set, Maroon 5 -- The Studio Albums All... Via News Break: #URL# #URL#      <document> Adam Levine, Behati Prinsloo Divorce: Maroon 5 Frontman Dumping Model... Via News Break: #URL# #URL#      <document> Kelsea Ballerini 'Greatest Hits' Video: Watch Britney Spears, Shania... Via News Break: #URL# #URL#      <document> The Music Industry Isn't As Fucked As They Say... Via News Break: #URL# #URL#      <document> Mike Posner approaches music and life intuitively... Via News Break: #URL# #URL#      <document> Take A Vacation Without Your Kids!... Via News Break: #URL# #URL#      <document> Twitter dare policeman keeps promise by busting out his dance moves... Via News Break: #URL# #URL#      <document> Unkiss me - Maroon 5 [Sub Espanol + Lyrics]... Via News Break: #URL# #URL#      <document> 'Satanic' band bashes North Carolina bathroom law, encourages dissent... Via News Break: #URL# #URL#      <document> The Music Industry Isn't As Fucked As They Say... Via News Break: #URL# #URL#    </documents></author><documents> <document> Adam Levine and Behati Prinsloo's Marriage Is Strengthening... Via News Break: #URL# #URL# <document> The Music Industry Is Not As Bad As It Seems... Via News Break: # URL# #URL# <document> Limited Edition Five-LP Box Set, Maroon 5 -- All Studio Albums... Via News Break: #URL# #URL# <document> Limited Edition Five-LP Box Set, Maroon 5 -- The Studio Albums All... Via News Break: #URL# #URL# <document> Limited Edition Five-LP Box Set, Maroon 5 -- The Studio Albums All... Via News Break: #URL# #URL # <document> Limited Edition Five-LP Box Set, Maroon 5 -- Studio Albums All... Via News Break: #URL# #URL# <document> Maroon 5 - Payphone - ft Wiz Khalifa - LETRA... Via Search News: #URL# #URL# <document> Kelsea Ballerin 'Top Songs' Video: Britney Spears, Watch Shania... Break News: #URL# #URL# <document> Behati Prinsloo Shows Her Baby Growing L.A.... Search Via News: #URL# #URL# <document> Kelsea Ballerin 'Greatest Hits' Video: Britne y Spears, Watch Shania... Via News Break: #URL# #URL# <document> Limited Edition Five-LP Box Set, Maroon 5 -- The Studio Albums All... Via News Search: #URL# #URL# <document> Adam Levine, Behati Prinsloo Divorce: Maroon 5 Leading Divorce Model... Via News Search: #URL# #URL# <document> Limited Edition Five-LP Box Set, Maroon 5 - - The Studio Albums All... Via News Break: #URL# #URL# <document> Maroon 5 - Love Somebody (Lyrics)... Via News Break: #URL# #URL# <document> The Music Industry Isn't As Bad As They Say ... Via News Break: #URL# #URL# <document> Tove Lo Returns With 'Cool Girl'... Via News Break: #URL# #URL# <document> The Music Industry Isn't As Bad As They Say... Via News Break: #URL# #URL# <document> Will sing for food... Via News Break: #URL# #URL# <document> MAROON 5 - SUGAR @ Live in Seoul 2015 (0909)... Via News Break: #URL# #URL# <document> The Music Industry Isn't That Fucking d As They Say... Via Break News: #URL# #URL# <document> Adam Levine, Behat i Prinsloo Divorce: Maroon 5 Pioneering Divorce Model... Via Search News: #URL# #URL# <document> Pregnant Behati Prinsloo's Ankle-Length LBD Completes Perfectly... Via News Break: #URL# # URL# <document> Adam Levine on Behati Prinsloo's pregnancy: 'I'm so excited!'... Via News Break: #URL# #URL # <document> Kelsea Ballerin 'Top Songs' Video: Britney Spears, Shania' Watch... Via Break News: #URL# #URL# <document> Dear World Talk:... Via Break News: #URL# #URL# <document> Music Industry Is Not As Awful As They Say... Via News Break : #URL# #URL# <document> Maroon 5 - Won't Go Home Without You (Live Ellen Deg. Show)... Via Break News: #URL# #URL# <document> Slipknot will continue with North Carolina show... Via Break News: #URL# #URL# <document> MAROON 5 - It's Love @ Live SEOUL 2015 (0909)... Via News Break: #URL# #URL# <document> The Music Industry Isn't What It Used To BeIt's Terrible As They Say... Via News Break: #URL# #URL# <document> The Music Industry Is Not As Awful As They Say... Via News Break: #URL# #URL# <document> Everything you need is Kristen Stewart's girl to get information about her friend... Via Break News: #URL# #URL# <document> Limited Edition Five-LP Box Set, Maroon 5 -- Studio Albums All... Via Break News: #URL# # URL# <document> Kelsea Balleri 'Greatest Hits' Video: Watch Britney Spears, Shania... Via News Break: #URL# #URL# <document> Blake Shelton and Adam Levine are sticking with 'The Voice' - and.. . Via News Break: #URL# #URL# <document> Adam Levine and Behati Prinsloo's Marriage Is Strengthening... Via News Break: #URL# #URL# <document> The Music Industry Is Not As Bad As It Seems ... Via Search News : #URL# #URL# <document> Adam Levine and Blake Shelton Will Basically Never Leave 'The Voice':... Via Breakout: #URL# #URL# <document> xxxxxxxxxxxxx... Via Breakout: #URL # #URL# <document> PopC rush Presents: Governor-General... Via Search News: #URL# #URL# <document> Maroon 5 - Won't Go Home Without You (Show Live Ellen Deg.)... Via News Break: # URL# #URL# <document> Watch the John Legend chorus during Redskins' rookie lineup... Via News Break: #URL# #URL# <document> TOVE LO RETURNS WITH HIM NEW OFFER "COOL GIRL"... Via News Break: #URL# #URL# <document> Demi Lovato &amp; Nick Jonas Brings The Future Now On Tour to Chicago... Via News Break: #URL# #URL# <document> Limited Edition Five-LP Box Set, Maroon 5 -- The Studio Albums All... Via News Break: #URL # # URL# <document> Kelsea Ballerin 'Top Songs' Video: Britney Spears, Watch Shania... Via News Break: #URL# #URL# <document> MAROON 5 - SUGAR @ Live at SEOUL 2015 (0909) ... Via News Break: #URL# #URL# <document> Kesha, Dr. Drops Sexual Assault Case Against Luke... Via News Break: #URL# #URL# <document> Maroon 5 - New Love - V - (Lyric Word) Video)... Via Search News: #URL# # URL# <document> MAROON 5 - SUGAR @ Live at SEOUL 2015 (0909)... Via Search News: #URL# #URL# <document> Get football results. .. Via Break News: #URL# #URL# <document> PJ Morton on #HASHTAG#: 'My Son Thinks The Police Will Hurt Us'... Via Break News: #URL# #URL# <document> Kesha, California Via News Break: #URL# #URL# <document> 'The Voice' Promises a 'New Age' - Introducing the Old One... Via Break News: #URL # #URL# <document> Mariners are closer Edwin Diaz needs a new intro song?... Via Search News: #URL# # URL# <document> Get football results... Via News Break: #URL # #URL# <document> The Music Industry Is Not As Bad As It Seems... Via News Break: #URL# #URL# <document > Adam Levine Discusses Behati Prinsloo's Pregnancy, 'The... Via News Break: #URL # #URL# <document> Maroon 5 - Love Somebody (Lyrics)... Via News Break: #URL# #URL# <document> BSO Showcase: #USER# DeLivers Music for the Soul That Turns Your Back... Via News Break: #URL# #URL# <document> Adam Levine "Too Exciting" for Baby's Birthday... Via News Break: #URL# #URL# <document > New Tracks - Indie Rock Songs from Beta Play, Sandmoon, Elizabeth... Via News Break: #URL# #URL# <document> Boyce Avenue Coming to iPlay America... Via News Break: #URL# #URL# < document > Kelsea Balleri 'Top Songs' Video: Watch Britney Spears, Shania... Via News Break: #URL# #URL# <document> 'Suicide Squad' star Jared Leto bids farewell to the Joker... Via Heading to News Search: #URL# #URL# <document> Miley Cyrus and Liam Hemsworth try out karaoke singing Justin together... Via News Search: #URL# #URL# <document> Slipknot, Tall Blaming North Joined the Musicians List... Via Break News: #URL# #URL# <document> Adam Levine and Behati Prinsloo's Marriage Is Strengthening... Via Break News: #URL# #URL# <document> What Just Happened?. .. Via Search News: #URL # #URL # <document> Live Nation, 1st Half ılı dominates the 2016 organizer ticket sales chart... Via News Break: #URL# #URL# <document> Kelsea Balleri 'Top Songs' Video: Britney Spears, Watch Shania... Via News Break: # URL# # URL# <document> Limited Edition Five-LP Box Set, Maroon 5 -- The Studio Albums All... Via News Break: #URL# #URL# <document> Kelsea Ballerin 'Greatest Hits' Video: Watch Britney Spears , Shania... Via News Break: #URL# #URL# <document> 15 Hot Celebrities who prove Snapchat is way better than Instagram... Via News Break: #URL# #URL# <document> Maroon 5 - Payphone - ft Wiz Khalifa - LETRA... Via News Break: #URL# #URL# <document> Orlando Bloom Nude Pictures: What Selena Gomez Really Thinks About It... Via News Break: #URL# #URL# <document> Kelsea Balleri 'Top Songs' Video: Britney Spears, Watch Shania... Via Search News: #URL# #URL# <document> Adam Levine, Behati Prinsloo Divorce: Maroon 5 Leading Man Divorce Model.. Via Search News: #URL # #URL# <document> Kelsea Balleri 'Top Songs' Video: Watch Britney Spears, Shania... Via Search News: #URL# #URL# <document> BIGBANG Becomes First K-Pop Group To Become One of Forbes' Celebrities.. Via Break News: #URL# #URL# <document> Watch Kelsea Ballerin 'Top Songs' Video: Britney Spears, Shania... Via Break News: #URL# #URL# <document> Leo is a lucky man ! DiCaprio's new crush Nina Agdal shows him off... Via News Break: #URL# #URL# <document> Limited Edition Five-LP Box Set, Maroon 5 -- The Studio Albums All... Via News Break: #URL # #URL# <document> It's shocking that Chinese strippers dance at the man's funeral... Via News Break: #URL# #URL# <document> Limited Edition Five LP Box Set, Maroon 5 -- The Studio Albums All.. . Breaking News: #URL# #URL# <document> TOVE LO RETURNS WITH ITS NEW OFFER "COOL GIRL"... Breaking News: #URL# #URL# <document> Adam Levine, Behati Prinsloo Divorce: Maroon 5 Frontman Damping Model... Via News Break: #URL# #URL# <document> Hit Writer Noel Zancanella Talks About "The Good Life"... Via News Break: #URL# #URL# <document> The Music Industry Isn't That Awful As They Say. .. Via News Break: #URL# #URL# <document> Watch Kelsea Balleri 'Top Songs' Video: Britney Spears, Shania... Via News Break: #URL# #URL# <document> Limited Edition Five -LP Box Set, Maroon 5 -- All Studio Albums... Via Search News: #URL# #URL# <document> Adam Levine, Behati Prinsloo Divorce: Maroon 5 Leading Man Divorce Model... Via Break News: # URL # #URL# <document> Kelsea Ballerin 'Best Songs' Video: Watch Britney Spears, Shania... Via News Break: #URL# #URL# <document> The Music Industry Is Not As Bad As It Seems... . Via News Break: #URL# #URL# <document> Mike Posner's intuitive approach to music and life... Via News Break: #URL# #URL# <document> Take a Vacation Without Your Kids!... Via News Break : # URL# #URL# <document> Twitter keeps its promise to the police by blasting courage n dance moves... Via News Break: #URL# #URL# <document> Unkiss me - Maroon 5 [Sub Espanol + Lyrics]... Via News Break Search Via News: #URL # #URL# </documents></ author>