  <documents>    <document> 102-Year-Old Abandoned Ship is a Floating Forest #URL#      <document> The DX-12 Punisher Is A Double-Barreled Shotgun Pistol From The Future #URL#      <document> Woman Leaves Back Door Open During Storm, Finds 3 Deer Huddled In Living Room #URL#      <document> Peter Falk dies at 83; actor found acclaim as 'Columbo' #URL#      <document> Solar Powered Floating Islands Could Extract CO2 From Seawater To Produce Fuel #URL#      <document> I posted a new video to Facebook #URL#      <document> Dogs are born with ears and tails. They should get to keep them. #URL#      <document> Create a Garden with No Soil, and Little Work #URL#      <document> Orangutan from Borneo photographed using a spear tool to fish #URL#      <document> Eliminate All Poisons From Your Body In 48 Hours: A Weekend Detoxification Diet Plan #URL#      <document> I posted a new video to Facebook #URL#      <document> My life is in danger, says Jacob Zuma      <document> I posted a new video to Facebook #URL#      <document> Image: Zimbabwe's founding leader Robert Mugabe dead at 95: sources #URL#      <document> Yet Another Dead Whale Is Grave Reminder Of Our Massive Plastic Problem #URL#      <document> SA’s Load shedding was self-created, special investigation found #URL#      <document> Urgent call for help in the white squatter camps, South Africa      <document> Eskom dishes out huge salaries to execs despite R20 billion loss #URL#      <document> Man Builds "Dog Train" To Take Rescued Pups Out On Little Adventures #URL#      <document> Man who robbed bank to get away from wife sentenced to home confinement #URL#      <document> Another R139bn stolen at Eskom? – probe underway #URL#      <document> No, Plastic Straws Are Not The Worst Ocean Contaminant, Cigarette Butts Are #URL#      <document> Turmeric and Honey: The Most Powerful Antibiotic That not even Doctors Can Explain #URL#      <document> THE SCARY TRUTH ABOUT THE NOTRE DAME FIRE THAT NO ONE IS TALKING ABOUT... #URL#      <document> Losing a dog can be harder than losing a relative or friend #URL#      <document> 90-Year-Old Tortoise Gains A New Set Of Wheels After Losing Her Legs To Rat Bites #URL#      <document> Ecuador Claims It's Been Hit With 40 Million Cyberattacks Since Giving Up Julian Assange #URL#      <document> Meet Mandisa Mfeka, South Africa's 1st black female combat pilot #URL#      <document> I posted a new video to Facebook #URL#      <document> Terrifying 'flying grenade' drone can wipe out enemies 6 MILES away – and can even loiter in sky for an ambush #URL#      <document> Shocking photo shows Caribbean Sea being 'choked to death by human waste' #URL#      <document> Science Confirms That Dogs Can Recognize A Bad Person #URL#      <document> I posted a new video to Facebook #URL#      <document> Trophy Hunter Who Kills Endangered Elephants and Lions 'Eaten By Crocodiles' #URL#      <document> Landmark Study Shows Half of Cancer Patients are Killed by Chemo -- NOT Cancer #URL#      <document> Puppy Drags Her New Blanket Outside To Share With A Cold Homeless Dog #URL#      <document> 50 Astonishing Benjamin Franklin Quotes #URL#      <document> Energy drinks 'completely ruined my life' #URL#      <document> American biker gang destroys dog fight rings and rescues animals from violent owners — Bikernet Blog - Online Biker… #URL#      <document> Children who help with the housework are more likely to be successful in life #URL#      <document> South Africa’s army has run out of money – here’s how bad things have got #URL#      <document> Britain faces invasion of Asian Hornets that kill humans with one sting – 80 nests found #URL#      <document> ‘Afrikaaners were oppressed and confined to concentration camps by the English yet they rose above it and built SA” #URL#      <document> Firefighters, EMS can now free pets from hot cars without penalty #URL#      <document> Three ‘Rhino Poachers’ Eaten By Lions After Breaking In To South African Game Reserve #URL#      <document> Artist Transforms Found Stones Into Animals You Can Hold in the Palm of Your Hand #URL#      <document> More people are adopting old, sick dogs to keep them from dying alone and afraid #URL#      <document> Traffic Camera Accidentally Snaps Beautiful Photo of a Snowy Owl #URL#      <document> Limpopo Hawks clamp down on yet another vehicle testing station, arrest five officials - Review #URL#      <document> I posted a new video to Facebook #URL#      <document> Wild Elephant Brings Her New Baby To Meet The People Who Saved Her Life #URL#      <document> Missing Dog Returns Home With New Dog And Goat Friend #URL#      <document> 'Dog the Bounty Hunter' wife Beth Chapman dies of cancer at 51 #URL#      <document> 'Barbaric': Two KZN paramedics shot, robbed after fake emergency call #URL#      <document> This Guy Invented A Homemade Beehive To Save The Bees, And It's Going Viral! #URL#      <document> Miracle Teenager Survives On His Own For Almost 6 Hours With No Wi-Fi #URL#      <document> Malema warns ANC of bloodshed and ‘unled revolution’ if land isn’t expropriated #URL#      <document> "Ramaphosa won't help": FF+ urge farmers to defend themselves instead #URL#      <document> Time to bring back rural safety commandos to tackle farm attacks? #URL#      <document> Before Facebook: This Is How We Used to Unfriend People Back Then #URL#      <document> Hero Dog Found 7 Kittens in The Forest And Decided To Become Their Mother #URL#      <document> I posted a new video to Facebook #URL#      <document> FW De Klerk And The Covert Dealings Prior To The 1994 Elections (Where Did All The Gold And Diamonds Go?) #URL#      <document> Owl Missed The Man Who Saved Her So Much She Couldn’t Stop Hugging Him #URL#      <document> Child draws on dad's passport, dad gets stuck in South Korea #URL#      <document> New Study: The More you Hug your Kids, the More Their Brains Develop #URL#      <document> Nicole Kidman Says: Trump Is The Best President In U.S History, We Must Respect Him. Do you Support Her? - Kh Stars #URL#      <document> Moringa Concentrate Extract for Diabetes #URL#      <document> Teacher's Tongue 'Eaten Away' After Drinking Six Energy Drinks A Day #URL#      <document> Nice Whale Returns Phone Woman Accidentally Dropped Into Sea #URL#      <document> A farm under siege – and why it should worry us all #URL#      <document> Researchers Discover That Magnesium, NOT Calcium, Is The Key To Healthy, Strong Bones #URL#      <document> 15 Ingredients in McDonald’s Fries Linked to Brain Damage, Autoimmune Disease, and Cancer #URL#      <document> I posted a new video to Facebook #URL#      <document> Boeing unveils rendering of hypersonic jet that would fly from US to Japan in 3 hours #URL#      <document> Traffic officer given 6 years behind bars for accepting R200 bribe #URL#      <document> “Jesus Not Coming Back By The Looks Of It” Admits Vatican #URL#      <document> OPINIONISTA: The National Health Insurance Bill is a blueprint for disaster #URL#      <document> He Pours Dish Soap Into The Toilet. The Reason? This Changes Everything! #URL#      <document> Female Dragonflies Fake Their Death To Avoid Males #URL#      <document> Vladimir Putin Reveals: The West Is Controlled By Satanic Pedophiles #URL#      <document> Mum gives dying son CANNABIS to ease cancer pain and he makes miracle recovery #URL#      <document> Massive Studies Link Soda To Heart Attacks, Brain Damage, Depression, Kidney Damage and More #URL#      <document> I posted a new video to Facebook #URL#      <document> Devon man catches world's BIGGEST carp at staggering 232lbs #URL#      <document> Cash in transit robbers accidentally bombed the getaway car killing themselves along with the money #URL#      <document> Honey thieves strike again in KZN, kill farmer's bees #URL#      <document> MacGyver Star Dead at Age 67 #URL#      <document> Amazon Tribe Wins Lawsuit Against Big Oil, Saving Millions Of Acres Of Rainforest #URL#      <document> 2-Year-Old Toddler Went Missing For 2 Days, Found Protected By A Hero Pit Bull! #URL#      <document> I posted a new video to Facebook #URL#      <document> SAPS harbours thousands of convicted criminals, says Bheki Cele #URL#      <document> I am a ‘credible leader’, I am ‘not corrupt’ – Ace Magashule #URL#      <document> Goodbye Surgery - Scientists Just Made Eye Drops that Dissolve Cataracts #URL#      <document> Goose Saves Stray Puppy From Freezing Weather By Warming Him Under Its Wings #URL#      <document> Mangoes Destroy Cancer, Blast Fat, Reduce Cholesterol, and More #URL#      <document> Eat More Pumpkin Seeds: They Kill Cancer Cells, Improve Sleep and Eyesight, Fight Diabetes and More #URL#      <document> Petrol price increase: Motorists could potentially pay R17-per-litre in June #URL#      <document> Grieving Horse Smells His Beloved Owner’s Casket And Breaks Down At His Funeral #URL#      <document> I posted a new video to Facebook #URL#    </documents></author><documents> <document> Abandoned Ship 102 Years Old Is A Floating Forest #URL# <document> DX-12 Punisher Is A Double Barrel Shotgun From The Future #URL# <document> Woman Leaves Back Door Open Storm, 3 Deer Gathered in Living Room Found #URL# <document> Peter Falk dies aged 83; actor acclaimed as 'Columbo' #URL# <document> Solar Floating Islands Can Extract CO2 from Seawater to Produce Fuel #URL# <document> I posted a new video on Facebook #URL# <document> Dogs are born with ears and tails . They should hold them. #URL# <document> Create a Soilless Garden with Little Effort #URL# <document> orangutan from Borneo photographed with spear fishing #URL# <document> Eliminate All Toxins From Your Body in 48 Hours: A Weekend Detoxification Diet Plan #URL # <document> I posted a new video on Facebook #URL# <document> Jacob Zuma says my life is in danger <document> I posted a new video on Facebook #URL# <document> Image: Zimbabwe founding leader Robert Mugabe dies at 95: sources #URL# <document> A Dead Whale Is An Important Reminder Of Our Bigger Plastic Problem #URL# <document> SA's Load shedding is self-generated, #URL# found in private investigation <document> Emergency for white slum camps in South Africa cry for help <document> Eskom gives big salaries to managers despite loss of R20 billion #URL# <document> Man Builds "Dog Train" to Take Rescued Puppies on Little Adventures #URL# <document> Man who robbed a bank to get it from his wife away to house arrest convicted #URL# <document> Another £139bn stolen from Eskom? – investigation continues #URL# <document> No, Plastic Straws Are Not The Oceans Worst Pollutant, Cigarette Butts Are #URL# <document> Turmeric and Honey: The Most Powerful Antibiotic Even Doctors Can't Explain #URL# <document> THE NOTRE DAME WITH FIRE THE HORRIBLE FACT THAT NO ONE RELATED TO TALK ABOUT... #URL# <document> Losing a dog can be harder than losing a relative or friend #URL# <document> 90 Year Old Turtle Wins A New Set After Of Wheels Lost Her Legs To Rat Bites # URL# <document> Ecuador Claims 40 Million Cyber ​​Attacks Since Abandoning Julian Assange #URL# <document> Meet Mandisa Mfeka, South Africa's 1st black female fighter pilot #URL# <document> New on Facebook I posted a video #URL# <document> Scary 'flying grenade' drone can destroy enemies 6 KM away and even hover in the sky for an ambush #URL# <document> Shocking photo, Caribbean Sea's ' choked with human excrement' #URL# <docu Science Confirms Dogs Can Recognize An Evil Human #URL# <document> I posted a new video on Facebook #URL# <document> Bounty Hunter Killing Endangered Elephants and Lions 'By Crocodiles Defeated' #URL# <document> Landmark Study Shows Half of Cancer Patients Die By Chemotherapy - NOT Cancer #URL# <document> Dog Drags New Blanket Outside to Share with a Cold Homeless Dog #URL# <document> 50 Shocking Benjamin Franklin Quote #URL# <document> Energy drinks 'completely ruined my life' #URL# <document > American biker gang destroying dogfighting rings and rescuing animals from violent owners — Bikernet Blog - Online Biker… #URL# <document> Children who help out with housework more likely to succeed in life #URL# <document> South African army run out of money – here's the #URL how bad it is to have # <document> Britain faces invasion by Asian Hornets that kill people with a single needle – 80 nests found #URL# <document> 'Africans were under pressure and confined to concentration camps. The British got on it anyway and formed a “SA”” #URL# <document> Firefighters, EMS can now rescue pets from hot cars with impunity #URL# <document> Three 'Fugitive Rhinos' Reservoirs Eaten by Lions After Entering the South African Game and # URL# <document> Artist Turns Found Stones Into Pets You Can Hold #URL# <document> More and more people are adopting old, sick dogs to avoid dying alone and being afraid #URL# <document> Traffic Camera Accidentally Takes Beautiful Photo of a Snowy Owl Shot #URL# <document> Limpopo Hawks jammed another vehicle test station, arrested five officials - Review #URL# <document> I posted a new video on Facebook #URL# <document > Wild Elephant Introduces New Baby to People Who Saved His Life #URL # <document> Lost Dog Returns Home With New Dog And Goat Friend #URL# <document> 'Bounty Hunter Dog's wife Beth Chapman dies of cancer 51 #URL# <document> 'Barbaric' : Two KZN medics shot and robbed after fake emergency call #URL# <document> This Man Invented A Homemade Beehive To Save The Bees And It's Going Viral! #URL# <document> Miracle Teen Survives Almost 6 Hours On Its Own Without Wi-Fi #URL# <document> Malema warns ANC of bloodshed and 'undirected revolution' if land is not expropriated #URL# <document> " Ramaphosa help won't": FF+ urges farmers to defend themselves instead of #URL# <document> Is it time to bring back rural security commandos to counter farm attacks? #URL# <document> Before Facebook: Back then #URL# <document> Hero Dog Found 7 Kittens In The Woods And Decides To Be Their Mother #URL# <document> I posted a new video to Facebook #URL# <document > FW De Klerk and Confidential Relationships Before 1994 Election (Where All the Gold and Diamonds Gone?) #URL# <document> Owl Misses the Man Who Couldn't Save Him So Much Stop Hugging Him #URL# <document> Boy draws father's passport, father South Korea' #URL# <document> New Research: The More You Wrap Your Kids, The More Their Brains Develop #URL# <document> Nicole Kidman Says: Trump Is The Best President In The USAHistory, We Should Respect It. Are You Supporting Him? - Kh Stars #URL# <document> Moringa Concentrate Extract for Diabetes #URL# <document> Teacher 'Beats' Tongue After Drinking Six Energy Drinks A Day #URL# <document> Beautiful Whale Woman Accidentally Fallen Overboard Brings Phone Back #URL # <document> A farm under siege – and why it should worry us all #URL# <document> Researchers Discover Magnesium, NOT Calcium, Is The Key to Healthy, Strong Bones #URL# <document> 15 Ingredients-Related Brain Damage, Autoimmune Disease, and Cancer in McDonald's Fries #URL# <document> I posted a new video on Facebook #URL# <document> Boeing announces launch of hypersonic jet that will fly from the US to Japan in 3 hours #URL# <document> Traffic officer sentenced to 6 years in prison for taking R200 bribe #URL # <document> "It Looks Like Jesus Is Not Returning" The Vatican Admits #URL# <document> OPINIONAL: The National Health Insurance Bill is a disaster plan #URL # <document> He Pou rs Toilet Dishwasher. Reason? This Changes Everything! #URL# <document> Female Dragonflies Mimic Their Deaths to Avoid Males #URL# <document> Vladimir Putin Explains: The West Is Controlled By Evil Pedophiles #URL# <document> Mom gives FLEXIBLE to her dying son to ease his cancer pain and he's a miracle creating recovery #URL# <document> Massive Research Links Soda to Heart Attacks, Brain Damage, Depression, Kidney Damage & More #URL# <document> I posted a new video on Facebook #URL# <document> Devon man the world's LARGEST carp catching at: a staggering 232 pounds #URL# <document> While cash was on the way, thieves accidentally bombed the getaway car and killed themselves with the money #URL# <document> Honey thieves strike again in KZN, kill farmer bees #URL# <document> MacGyver Star Dies At Age 67 #URL# <document> Amazon Tribe Wins Big Oil Case, Saving Millions of Acres of Rainforest #URL# <document> 2-Year-Old Walker Child Who Started e Disappeared for 2 Days, Hero Found Being Guarded By A Pit Bull! #URL# <document> I posted a new video on Facebook #URL# <document> According to Bheki Cele, SAPS hosts thousands of convicted criminals #URL# <document> I'm a 'trusted leader', 'I don't commit corruption' – Ace Magashule #URL# <document> Goodbye Surgery - Scientists Make Cataract-Resolving Eye Drops #URL# <document> Goose Saves Street Puppy From Freezing Air By Warming It Under Its Wings #URL# <document> Mango Eliminates Cancer, Blows Fat, Reduces Cholesterol, and More #URL# <document> Eat More Pumpkin Seeds: They Kill Cancer Cells, Improve Sleep and Vision, Fight Diabetes #URL# <document> Gas price hike: Drivers could potentially pay R17 per liter #URL# <document in June > The Grieving Horse Smells the Coffin of His Beloved Owner and Destroys at His Funeral #URL# <document> I posted a new video on Facebook #URL# </documents></author>