  <documents>    <document> New Documentary Suggests Michael Landon May Have Gotten Cancer From "Little House on the Prairie" Location      <document> 'Good job’: Lindsey Graham congratulates Adam Schiff on impeachment trial performance #URL#      <document> NYPD Welcomes First Officer Whose First Language Was American Sign Language #URL#      <document> Martin Luther King - Original I Have a Dream Speech - Detroit, MI 1963 #URL#      <document> Being on Disability Does Not Mean I'm 'Lazy' or 'Lucky' #URL#      <document> Whoopi Goldberg accepts Patrick Stewart's invitation to reprise her 'Star Trek' role in 'Picard' - Entertainment Ne… #URL#      <document> Demi Lovato to Sing 'National Anthem' at 2020 Super Bowl #URL#      <document> Betty White Turns 98 This Week, And She’s As Full Of Spirit As Ever #URL#      <document> Goodbye Colonoscopy: Exam Uses Capsule to Take Pictures of the Intestine      <document> At SAG Awards 2020, stars weigh in: Should Harry and Meghan move to Los Angeles? #URL#      <document> RuPaul will host Saturday Night Live in February &amp; fans are flipping their wigs #URL#      <document> Prince Harry and Meghan Markle will no longer use their royal titles #URL#      <document> Meghan McCain Says She's 'Heartbroken' But 'So Proud' of Abby Huntsman as She Leaves The View #URL#      <document> Update: Missing Ohio 14-year-old Harley Dilly found dead in chimney #URL#      <document> Brooklyn Rae Silzer Returns to GH #URL#      <document> Intermittent fasting: What it is, how it works and why you should try it #URL#      <document> Oprah Winfrey Says She Supports Meghan Markle and Prince Harry's Royal Exit '1,000 Percent' #URL#      <document> House votes to send Trump impeachment to Senate for trial #URL#      <document> Coronavirus Is Spreading Quickly Across China, as Confirmed Cases Triple #URL#      <document> Baltimore's Cardinal Shehan School Choir Talks Going Viral, Performs "Rise Up" #URL#      <document> Charming 4-year-old model with Down syndrome gets featured in American Girl catalog #URL#      <document> Where to Find a Good Cheap Burger in All 50 States #URL#      <document> Foods You Should Never Store In the Fridge #URL#      <document> I Have a Dream, Martin Luther King Jr. Full Speech Best Audio #URL#      <document> 10-Year-Old Committed Suicide After Bullies Teased Him For Wearing Colostomy Bag #URL#      <document> Chip and Joanna Gaines’ Magnolia network to debut on Oct. 4 #URL#      <document> Queen considered stripping Harry and Meghan of duke and duchess titles #URL#      <document> Ken Jennings on His Jeopardy! Greatest of All Time Win: 'I Just Remember Feeling Shock' #URL#      <document> Suspected 'Pillowcase Rapist' who terrorized South Florida women in early 1980s arrested #URL#      <document> One Life to Live Alum Judith Light to Receive GLAAD Media Award #URL#      <document> Foreigner - 'I Want To Know What Love Is' [Official Music Video] #URL#      <document> Sen. Martha McSally Won't Apologize To CNN's Manu Raju: 'Called It Like It Is' #URL#      <document> Cat Who Lived Most of His Life as Stray, Finally Has His Dream Come True #URL#      <document> Heidi Klum 'Didn't Mean to Negate' Gabrielle Union's 'Truth' Amid America's Got Talent Controversy #URL#      <document> Stray dog 'Subway Sally' goes viral after begging for sandwiches #URL#      <document> IN PICTURES: Michelle Obama through the years #URL#      <document> 95-Year-Old Cicely Tyson Says She'll Never Retire #URL#      <document> Meghan McCain sends 'thoughts and prayers' to NY Times for 'suffering' her 'problematic thoughts' after they publis… #URL#      <document> Dwayne Johnson Reveals His Father Rocky's Cause of Death: 'He Died Very Quickly' #URL#      <document> Hugh Grant Reacts to Royal Family Drama: 'I'm Rather on Harry's Side' #URL#      <document> General Hospital star Stan Kirsch dead at 51; Mark Lawson shares touching tribute #URL#      <document> Serial killer released from prison against advice of victim's family #URL#      <document> when will this impeachment trial of this guy in the white house be over with its ruining my daytime tv viewing we a… #URL#      <document> 45 Worst Breakfast Habits for Your Waistline #URL#      <document> Elderly Man Whispers “I know you can’t hear me, but I love you” To His Wife In Her Coffin #URL#      <document> Dan Hill, Vonda Shepard - Can't We Try (Official Video) #URL#      <document> Celebrate Betty White's 98th Birthday with Her Amazing Life and Career in Pictures #URL#      <document> Modern Family Star Jesse Tyler Ferguson Expecting First Child with Husband Justin Mikita #URL#      <document> Adopted dog's reaction to first night in new home will melt your heart #URL#      <document> Kitten Found Near Forest All Alone, Climbs on Cyclists and Won't Let Go #URL#      <document> 'Wheel of Fortune' Fans Are Chiming in After Pat Sajak's Message to His Daughter Maggie #URL#      <document> A 'calming factor' in the White House: Meet Trump's hidden hand on impeachment #URL#      <document> The Truth Behind 12 Popular Disney Park Rumors #URL#      <document> Thérèse Dion, mother of superstar Celine Dion, dead at 92 #URL#      <document> Donald Trump on being president: 'What do I get out of it? I get impeached!' #URL#      <document> Watch Whoopi Goldberg lose it as Patrick Stewart asks her to join 'Star Trek: Picard' season 2 #URL#      <document> Bodies Of Missing Garden Grove Couple Believed To Be Found In Tijuana, Son-In-Law Arrested #URL#      <document> Couple who helped police rescue kidnapped girl speak out: 'We just had a gut feeling' #URL#      <document> 23 Things That Totally Horrify Flight Attendants #URL#      <document> Foreigner Waiting for a Girl Like You Lyrics #URL#      <document> Before Christmas my motorized wheelchair broke down on me the wheelchair place picked my broken chair and gave me a… #URL#      <document> 11-Year-Old New York Boy Dies from Flu-Related Complications Despite Being Vaccinated #URL#      <document> Virginia gun rally live updates: Under heavy security, massive gun-rights demonstration begins peacefully #URL#      <document> Penguins help sailor propose to unsuspecting girlfriend #URL#      <document> Puerto Rican official fired after warehouse discovered with supplies from 2017 #URL#      <document> 9 questions about Trump’s impeachment trial you were too embarrassed to ask #URL#      <document> Trump, back from Davos, denounces Senate impeachment trial #URL#      <document> Missing 16-year-old Windsor blind, deaf dog found dead #URL#      <document> Sometimes When We Touch - Dan Hill - Official Video 1994 #URL#      <document> Dog Walks 200 Miles to Find the Woman Who Rescued Her #URL#      <document> Prince Harry reveals he had 'no other option' but to step back from royal family #URL#      <document> RuPaul to host 'Saturday Night Live' for the first time #URL#      <document> Nicolas Bechtel returns as General Hospital's Spencer Cassadine #URL#      <document> Richard Marx - Right Here Waiting (Official Video) #URL#      <document> Barack Obama shares playful, never-before-seen photos for Michelle Obama’s birthday #URL#      <document> Réal Andrews returns as General Hospital detective Marcus Taggert #URL#      <document> Airline Passengers Arriving At JFK From Central China Being Screened Due To Virus Outbreak #URL#      <document> How comedian Maysoon Zayid finds the funny side of disability and the political side of comedy. #URL#      <document> Missing Child Alert canceled after 2 Chipley girls found safe; mom in custody #URL#      <document> How the Impeachment Preemptions Will Affect Your Soaps #URL#      <document> Jeffrey Osborne - On The Wings Of Love (1982) #URL#      <document> McConnell, Schumer issue ground rules for impeachment trial #URL#      <document> Dems’ impeachment challenge: Making a case with no new facts #URL#      <document> MLK Day: New Yorkers Celebrate Martin Luther King Jr.’s Spirit Of Service #URL#      <document> Larry Birkhead Reveals How His Daughter Reminds Him of Anna Nicole Smith #URL#      <document> Betty White, who turns 98 Friday, credits optimism for lifetime of happiness #URL#      <document> Prince Harry and Prince William 'end two-year feud with peace talks' #URL#      <document> How Trump Is Spreading a Conspiracy Theory About Pelosi, Biden and Sanders #URL#      <document> Selena - I Could Fall In Love #URL#      <document> 'Cheers' Star Won't Divorce Her Estranged Husband For A Seriously Confounding Purpose #URL#      <document> Bret Michaels to have procedure to remove cancerous skin #URL#      <document> Céline Dion dedicates emotional tribute to her mother, Thérèse Dion #URL#      <document> Lisa Whelchel Teases Possible ‘Facts Of Life’ Reboot #URL#      <document> Winfrey details her decision to withdraw from Simmons film #URL#      <document> tomorrow night rusty and i got tickets for the tina turner musical cant wait been wanting tickets since it opened u… #URL#      <document> 40 Things That Hurt Your Heart After 40 #URL#      <document> One minute. I was looking out the window nothing then the next time I looked out my window fucking snow well they d… #URL#      <document> Why Oprah Winfrey Said 'Yes' to Stedman Graham's Proposal But Never Married #URL#      <document> Celebrating 25 Years of Janice Huff at NBC New York #URL#      <document> Hoda Kotb and Jenna Bush Hager's Fourth Hour of 'Today' Undergoing Major Changes #URL#    </documents></author><documents> <document> New Documentary Suggests Michael Landon May Have Got Cancer From "Little House on the Prairie" <document> 'Well done': Lindsey Graham congratulates Adam Schiff on impeachment case performance #URL# < document> NYPD Welcomes First American Sign Language Officer #URL# <document> Martin Luther King - The Original I Have a Dream Speech - Detroit, MI 1963 #URL# <document> Being Disabled Doesn't Mean I'm 'Lazy' or 'Lucky ' #URL# <document> Whoopi Goldberg, Patrick Stewart's "Picard" - Entertainment What... #URL# <document> Re-enacting "Star Trek" for Demi Lovato to Sing "National Anthem" at the 2020 Super Bowl accepts invitation #URL# <document> Betty White Turns 98 This Week and Soulful As Always #URL# <document> Goodbye Colonoscopy: Using Capsule to Take Pictures of the Intestines on Exam <document> At the SAG Awards 2020, the stars Should he weigh in? and Meghan is moving to Los Angeles es? #URL# <document> RuPaul, February &amp; fans wear wigs #URL# <document> Prince Harry and Meghan Markle will no longer use royal titles #URL# <document> Meghan McCain Says She Was "Heartbroken" But "Very Proud" With Abby Huntsman On Leaving Landscape # URL# <document> Update: Harley Dilly, 14, who disappeared in Ohio, found dead in chimney #URL# <document> Brooklyn Rae Silzer Back to GH #URL# <document> Intermittent fasting: What it is, how it works and why you should try it #URL# <document> Oprah Winfrey , Meghan Markle and Prince Harry Say '1,000 Percent Support Royal Exit #URL# <document> House votes to send Trump's impeachment to Senate for trial #URL# <document> Coronavirus Confirmed Cases Trio #URL# Rapidly Spreading Across China <document> Baltimore's Cardinal Shehan School Choir Goes Viral, "Rise Up" Makes #URL# <document> Charming 4-year-old model with Down syndrome highlights on American Girl catalog #URL# <document> Where 50 Good All Over the State r To Find Cheap Burgers #URL# <document> Foods You Should Never Keep in the Refrigerator #URL# <document> I Have a Dream, Martin Luther King Jr. Full Speech Best Audio #URL# <document> 10-Year-Old Suicide After Bullies Mocked Her For Wearing Colostomy Bag #URL# <document> Chip and Joanna Gaines' Magnolia network debuts October 4 #URL# < document> Queen considers removing Harry and Meghan from duke and duchess titles #URL# <document> About Ken Jennings Danger! Best Of All Time Win: "I Just Remember Feeling Shocked" #URL# <document> Suspect arrests 'Pillow Case Rapist' #URL# who terrorized South Florida women in the early 1980s <document> One Life to Live Alum Judith Light GLAAD Award to Get Media #URL# <document> Foreign - "I Want To Know What Love Is" [Official Music Video] #URL# <document> Senator Martha McSally Will Not ApplyApologize to CNN's Manu Raju: "Named As It Is" #URL# <document> The Cat Who Has Spent Most Of Its Life On The Street, Finally Realized His Dream #URL# <document> Heidi Klum "Wasn't Wanted To Deny" Gabrielle Union Amid America's Talent Debate 'The Truth' #URL# <document> 'Subway Sally', the stray dog ​​begging for a sandwich, goes viral #URL# <document> IN PICTURES: Over the Years Michelle Obama #URL# <document> 95-Year-Old Cicely Tyson Says She'll Never Retire #URL # <document> Meghan McCain sent "thoughts and prayers" to the NY Times as she "suffered" over her "troubled thoughts" after it was published… #URL# <document> Dwayne Johnson Reveals Cause of Father Rocky's Death: "Died Too Quickly" #URL# <document> Hugh Grant Reacts to Royal Family Drama: "More on Harry's Side" #URL# <document> General Hospital star Stan Kirsch dies 51; Mark Lawson shares touching tribute #URL# <document> Serial killer , released from prison on the advice of the victim's family #URL# <d ocument> When will this man's impeachment case at the white house end, ruining my daytime TV viewing? … #URL# <document> The 45 Worst Breakfast Habits For Your Waistline #URL# <document> The Old Man Whispers To His Wife From Inside His Coffin "I know you can't hear me but I love you" #URL# <document> Dan Hill, Vonda Shepard - Can't we try ( Official Video) #URL# <document> Celebrate Betty White's 98th Birthday with Her Amazing Life and Career with Pictures #URL# <document> Modern Family Star Jesse Tyler Ferguson Expecting Her First Child Husband Justin Mikita #URL# <document> Your adopted dog's new his reaction to the first night at home will melt your heart #URL# <document> Kitten Found Alone Near The Forest Climbing On Cyclists And Won't Let Go #URL# <document> 'Wheel of Fortune' Fans Play After Pat Saj ak's Message to Daughter Maggie #URL# <document> A 'calming factor' at the White House: Meet Trump's secret accusation #URL# <document> The Truth Behind 12 Popular Disney Park Rumors #URL# <document> Thérèse Dion 92 superstar who died at #URL# Celine Dion's Grandmother <document> Donald Trump as president: "What do I get out of this? I'm to blame!' #URL# <document> Watch Whoopi Goldberg lose when Patrick Stewart asks her to join 'Star Trek: Picard' season 2 #URL# <document> Missing Bodies of Garden Grove Couple, Father-in-law Found in Tijuana, Arrested #URL# <document> The couple helping the police rescue the kidnapped girl speaks loudly: "We had an instinctive feeling" #URL# <document> 23 Things That Totally Scared Flight Attendants #URL# <document> Like You're a Stranger Waiting for a Girl Lyrics #URL# <document> Christmas Before my motorized wheelchair broke down on me, the wheelchair seat took my broken chair and gave me a… #URL# <document> 11-Year-Old New York Child Dies of Flu-Related Complications Getting Vaccinatedted #URL# <document> Virginia gun rally live updates: Under heavy security, mass gun rights demonstration begins peacefully #URL# <document> Penguins help sailor propose to innocent girlfriend #URL# <document> After the warehouse is discovered then Puerto Rican official was fired With material from 2017 #URL# <document> 9 questions you're embarrassed to ask about Trump's impeachment case #URL# <document> Trump, back from Davos, denounces impeachment case in the Senate #URL# < document> Missing 16-year-old Windsor blind, deaf dog found dead #URL# <document> Sometimes We Touch - Dan Hill - Official Video 1994 #URL# <document> Dog Walks 200 Miles to Find the Woman Who Saved Him #URL# <document> Prince Harry explains 'he had no choice' but to step back from the royal family #URL# <document> RuPaul returns as #URL# <document> Nicolas Bechtel General Hospital Spencer Cassadine #URL# to present 'Saturday Night Live' for the first time <document> Richard Marx - Waiting Right Here (Official Video) #URL# <document> Barack Obama shares fun, never-before-seen photos for Michelle Obama's birthday #URL# <document> Réal Andrews, General Hospital detective Marcus Returns as Taggert # URL# <document> Airline Passengers from Central China to JFK Scanned for Virus Outbreak #URL# <document> How does comedian Maysoon Zayid find the funny side of disability and the political side of comedy? #URL# <document> Missing Child Alert canceled after 2 Chipley found girls safe; mother in custody #URL# <document> How Impeachment Measures Will Affect Your Soaps #URL# <document> Jeffrey Osborne - On Love's Wings (1982) #URL# <document> McConnell publishes ground rules for Schumer impeachment case # URL# <document> Dems' 's impeachment fight: suing without new facts #URL# <document> MLK Day: New Yorkers Celebrate Martin Luther King Jr.'s Spirit Of Service #URL# <document> Larry Birkhead Explains How Daughter Anna Nicole Smith #URL# <document> Betty White, who turns 98 on Friday, counts on optimism for a lifetime of happiness #URL# <document> Prince Harry and Prince William 'end two years of feud with peace talks' #URL # <document> Trump Pelosi How she Spreads a Conspiracy Theory About Biden and Sanders #URL# <document> Selena - I Could Be In Love #URL# <document> The "Cheers" Star Won't Divorce Her Husband For A Serious Period Confusing Purpose #URL# <document> Bret Michaels t clearing that cancerous skin procedure rü var #URL# <document> Céline Dion pays emotional homage to her mother, Thérèse Dion #URL# <document> Lisa Whelchel Mocking Possible 'Facts of Life' Reboot #URL# <document> Winfrey details her decision Simmons #URL# <document> to pull out of the movie #URL# <document> I have tickets for tomorrow night rusty and the tina turner musical, can't wait to request tickets since it opens... #URL# <document> 40 #URL# <document> 40 Things That Hurt Your Heart After A Minute. I was looking out the window, then the next time I looked out my window it snowed goddamn... #URL# <document> Why Oprah Winfrey Said 'Yes' to Stedman Graham's Proposal But Never Married #URL# <document> Celebrating 25 Years Janice Huff's Years on NBC New York #URL# <document> Hoda Kotb and Jenna Bush Hager's 'Today's Fourth Hour Goes Through Major Changes #URL# </documents></ author>