  <documents>    <document> RT This Dad Passed Out Candy to Plane Passengers So His 3-Year-Old Daughter Could Trick-... #URL# #HASHTAG# #HASHTAG# #HASHTAG#      <document> RT #HASHTAG# Ryan Lochte: 'I Think America Saw a Different Side of Me' on 'Dancing With the Stars': ... #URL# #HASHTAG# #HASHTAG#      <document> RT Scottie, Larsa Pippen -- Battle Royale Over Fortune &amp; Prenup: Scottie Pippen and wife... #URL# #HASHTAG# #HASHTAG# #HASHTAG#      <document> RT #HASHTAG# Nick Viall’s ‘Bachelor’ Premiere Date Announced!: The premiere date for season 21 of ‘T... #URL# #HASHTAG# #HASHTAG#      <document> RT Larsa Pippen -- 2nd 911 Call ... Help, Scottie's Breaking Stuff! (AUDIO): Larsa Pippe... #URL# #HASHTAG# #HASHTAG# #HASHTAG#      <document> RT #HASHTAG# Evan Rachel Wood: working with Anthony Hopkins ‘like watching Da Vinci paint’: Mi... #URL# #HASHTAG# #HASHTAG# #HASHTAG#      <document> RT #HASHTAG# Khloe Kardashian was X-Men’s Storm for Halloween: amazing or tragic?:  Ugh, we al... #URL# #HASHTAG# #HASHTAG# #HASHTAG#      <document> RT #HASHTAG# Was Emma Watson the best-dressed at the Harper’s Bazaar UK event?:  Here are some... #URL# #HASHTAG# #HASHTAG# #HASHTAG#      <document> RT Leighton Meester Is Back on the Red Carpet — And Looking Better Than Ever:  #URL# #HASHTAG# #HASHTAG# #HASHTAG#      <document> RT Lily-Rose Depp Opens Up About Parents Johnny Depp and Vanessa Paradis:  #URL# #HASHTAG# #HASHTAG# #HASHTAG#      <document> RT Oso Libre embraces sustainability in Paso Robles: The seeds of Oso Libre were planted in ... #URL# #HASHTAG# #HASHTAG# #HASHTAG#      <document> RT Val Kilmer Denies He Has Cancer After Michael Douglas Claimed he Wasn’t Doing Well:  #URL# #HASHTAG# #HASHTAG# #HASHTAG#      <document> RT #HASHTAG# Amber Rose can’t even count how often a ‘famous guy touched me inappropriately’: ... #URL# #HASHTAG# #HASHTAG# #HASHTAG#      <document> RT Justin Theroux Posts Graffiti Photo That Says 'F--k Brad Pitt':  #URL# #HASHTAG# #HASHTAG# #HASHTAG#      <document> RT Kim Kardashian’s Return to Social Media After Paris Robbery Was ‘an Error’:  #URL# #HASHTAG# #HASHTAG# #HASHTAG#      <document> RT Creature of Comfort:  #URL# #HASHTAG# #HASHTAG# #HASHTAG#      <document> RT Monday Fun Day:  #URL# #HASHTAG# #HASHTAG# #HASHTAG#      <document> RT ‘Teen Mom 2’ Star Leah Messer’s Toddler Poses With Huge Rifle in Shocking Pic: ‘She W... #URL# #HASHTAG# #HASHTAG# #HASHTAG#      <document> RT #HASHTAG# 'Westworld' Broke Every Major TV-Sex Boundary in One Episode: That Orgy, Necrophilia an... #URL# #HASHTAG# #HASHTAG#      <document> RT #HASHTAG# Taylor Swift allegedly visited England last weekend: did she see Tom Hiddleston?:... #URL# #HASHTAG# #HASHTAG# #HASHTAG#      <document> RT Broncos' Halloween Party -- TUPAC LIVES ... And He's Hangin' with Dr. Evil???? (VIDEO... #URL# #HASHTAG# #HASHTAG# #HASHTAG#      <document> RT Zoe Stylish in the Midwest:  #URL# #HASHTAG# #HASHTAG# #HASHTAG#      <document> RT #HASHTAG# Chrissy Teigen goes all out for daughter Luna’s first Halloween with 8 costumes: ... #URL# #HASHTAG# #HASHTAG# #HASHTAG#      <document> RT It’s Almost Time!:  #URL# #HASHTAG# #HASHTAG# #HASHTAG#      <document> RT New study says Facebook users lead longer lives, and somehow that’s depressing: Yay, ... #URL# #HASHTAG# #HASHTAG# #HASHTAG#      <document> RT Harvard women’s soccer team responds to the men’s “report” on their appearance: Are w... #URL# #HASHTAG# #HASHTAG# #HASHTAG#      <document> RT Beyonce and Jay-Z Dress As Barbie and Ken with Blue Ivy for Halloween:  #URL# #HASHTAG# #HASHTAG# #HASHTAG#      <document> RT Chris Brown's Daughter -- Selena's Family Beaming After Royalty Homage: Chris Brown's... #URL# #HASHTAG# #HASHTAG# #HASHTAG#      <document> RT Real Housewives of Halloween:  #URL# #HASHTAG# #HASHTAG# #HASHTAG#      <document> RT Poor Chris Christie was reportedly offered Trump’s VP position first, then had it tak... #URL# #HASHTAG# #HASHTAG# #HASHTAG#      <document> RT Justin Theroux Posts Graffiti Photo That Says 'F--k Brad Pitt':  #URL# #HASHTAG# #HASHTAG# #HASHTAG#      <document> RT Miranda Kerr: I ‘Fell Into a Really Bad Depression’ After Orlando Bloom Split:  #URL# #HASHTAG# #HASHTAG# #HASHTAG#      <document> RT #HASHTAG# Mel Gibson Tells Stephen Colbert the Advice He’d Give to his Younger Self: ‘Shut the F—... #URL# #HASHTAG# #HASHTAG#      <document> RT #HASHTAG# FBI Dir. James Comey didn’t want to talk about Donald Trump’s ties to Russia:  Em... #URL# #HASHTAG# #HASHTAG# #HASHTAG#      <document> RT #HASHTAG# Ben Higgins Lashes Out at Lauren Bushnell Over Her Wedding Plans in 'Ben &amp; Lauren: Happ... #URL# #HASHTAG# #HASHTAG#      <document> RT Mally Mall's Halloween -- Monkey Tricks and Strip Club Treats (VIDEO + PHOTO GALLERY)... #URL# #HASHTAG# #HASHTAG# #HASHTAG#      <document> RT Jose Fernandez -- Marlins Jersey Will Stay Retired ... Despite Cocaine, Booze Evidenc... #URL# #HASHTAG# #HASHTAG# #HASHTAG#      <document> RT NY Jets' Brandon Marshall -- I'LL GET TO THE PLAYOFFS! (VIDEO): NY Jets wide receiver... #URL# #HASHTAG# #HASHTAG# #HASHTAG#      <document> RT Mariah Carey -- James Packer Tells Team, 'F*** Off' ... I'm Getting Married!!!: Maria... #URL# #HASHTAG# #HASHTAG# #HASHTAG#      <document> RT Amelia Earhart -- Survived Plane Crash ... Died as a Castaway: Amelia Earhart did NOT... #URL# #HASHTAG# #HASHTAG# #HASHTAG#      <document> RT Mariah Carey to Backup Dancer -- Baby, You Can Drive My Cart (PHOTO GALLERY): There's... #URL# #HASHTAG# #HASHTAG# #HASHTAG#      <document> RT NFL's Josh Huff -- Arrested for Gun And Weed: Philadelphia Eagles' Josh Huff was arre... #URL# #HASHTAG# #HASHTAG# #HASHTAG#      <document> RT Rob Kardashian and Blac Chyna to Televise Baby Daughter's Birth in TV Special:  #URL# #HASHTAG# #HASHTAG# #HASHTAG#      <document> RT Chris Brown -- I'm Poppin' on My ATV ... Screw My Neighbors (VIDEO): Chris Brown is a... #URL# #HASHTAG# #HASHTAG# #HASHTAG#      <document> RT #HASHTAG# Married at First Sight's Heather Seidel Talks Divorce in Sneak Peek: I Didn't Expect 't... #URL# #HASHTAG# #HASHTAG#      <document> RT #HASHTAG# Jay Leno Returns to ‘The Tonight Show’ With a Monologue Full of Political Zingers: Jay ... #URL# #HASHTAG# #HASHTAG#      <document> RT #HASHTAG# Who should be cast in Disney’s just-announced live-action ‘Snow White’?:  Some be... #URL# #HASHTAG# #HASHTAG# #HASHTAG#      <document> RT TMZ Live: Hillary Clinton: Huma Abedin Resurfaces after E-mail Controversy!: ON TODAY... #URL# #HASHTAG# #HASHTAG# #HASHTAG#      <document> RT Hollywood Vampires Live:  #URL# #HASHTAG# #HASHTAG# #HASHTAG#      <document> RT Gwen Stefani: Blake Shelton Was an 'Unexpected Gift' After Gavin Rossdale Split:  #URL# #HASHTAG# #HASHTAG# #HASHTAG#      <document> RT Oso Libre embraces sustainability in Paso Robles: The seeds of Oso Libre were planted in ... #URL# #HASHTAG# #HASHTAG# #HASHTAG#      <document> RT Amy Schumer -- No Joke ... I Got a New $12 Mil Penthouse (VIDEO): Amy Schumer is movi... #URL# #HASHTAG# #HASHTAG# #HASHTAG#      <document> RT John Cena Dresses as Girlfriend Nikki Bella for Halloween and We Can’t Unsee It — Plu... #URL# #HASHTAG# #HASHTAG# #HASHTAG#      <document> RT Bill Simmons -- Stick A Fork In The Cubs ... They'll LOSE TONIGHT!! (VIDEO): Close yo... #URL# #HASHTAG# #HASHTAG# #HASHTAG#      <document> RT Justin Timberlake, Jessica Biel, Son Silas Troll Out for Halloween: Cute Photos!:  #URL# #HASHTAG# #HASHTAG# #HASHTAG#      <document> RT Scottie Pippen's Wife -- 911 Call ... 'My Husband is Getting Aggressive With Me' (AUD... #URL# #HASHTAG# #HASHTAG# #HASHTAG#      <document> RT #HASHTAG# Adele covers VF: ‘Actually, I think it’s the bravest thing not to have a child’: ... #URL# #HASHTAG# #HASHTAG# #HASHTAG#      <document> RT Celebs in Costumes -- Fright Night ... Full Throttle (PHOTO GALLERY): Halloween costu... #URL# #HASHTAG# #HASHTAG# #HASHTAG#      <document> RT Ellen DeGeneres Reveals the Moment She Hit ‘Rock Bottom’:  #URL# #HASHTAG# #HASHTAG# #HASHTAG#      <document> RT Taylor Swift Borrows Ryan Reynold’s ‘Deadpool’ Outfit for Halloween House Party Throw... #URL# #HASHTAG# #HASHTAG# #HASHTAG#      <document> RT #HASHTAG# Pippa Middleton’s parents will host her wedding reception at their ‘manor’:  Pipp... #URL# #HASHTAG# #HASHTAG# #HASHTAG#      <document> RT Huma Abedin -- I've Still Got Some Tricks Up My Sleeve (VIDEO): Huma Abedin may be in... #URL# #HASHTAG# #HASHTAG# #HASHTAG#      <document> RT #HASHTAG# Zayn Malik on why he disclosed his anxiety: ‘I knew I had to put it all out there... #URL# #HASHTAG# #HASHTAG# #HASHTAG#      <document> RT Lena Dunham Dresses as a 'Grabbed P—sy' For Donald Trump Inspired Halloween Costume:  #URL# #HASHTAG# #HASHTAG# #HASHTAG#      <document> RT Ex-Indians Star Nick Swisher -- 'Good for Baseball If Cubbies Win' (VIDEO): He won't ... #URL# #HASHTAG# #HASHTAG# #HASHTAG#      <document> RT #HASHTAG# Is Prince Harry going to bolt now that everyone knows about Meghan Markle?:  I’m ... #URL# #HASHTAG# #HASHTAG# #HASHTAG#      <document> RT SCOTUS prepares to hear case on transgender bathroom use for the first time: The cour... #URL# #HASHTAG# #HASHTAG# #HASHTAG#      <document> RT Adele and Beyonce Fangirl Over Each Other in ‘Vanity Fair’ Interview:  #URL# #HASHTAG# #HASHTAG# #HASHTAG#      <document> RT #HASHTAG# Nadya Suleman no longer wants to be Octomom: ‘My history was haunting us’:  Nadya... #URL# #HASHTAG# #HASHTAG# #HASHTAG#      <document> RT 10 reasons you should date a Scorpio, since one is probably seducing you as we speak:... #URL# #HASHTAG# #HASHTAG# #HASHTAG#      <document> RT #HASHTAG# 'Ben &amp; Lauren: Happily Ever After?' Recap: Ben Higgins Admits Feeling 'Disconnected' Du... #URL# #HASHTAG# #HASHTAG#      <document> RT Would you change your name to “iPhone 7″ for a free phone? These people did: It's DOC... #URL# #HASHTAG# #HASHTAG# #HASHTAG#      <document> RT The KKK officially endorses Donald Trump. Are we done yet?: Just one more week... #URL# #HASHTAG# #HASHTAG# #HASHTAG#      <document> RT 21 Savage -- Drake and Meek Mill Are Both My Homies ... But Only One Bought Me a Ferr... #URL# #HASHTAG# #HASHTAG# #HASHTAG#      <document> RT Tyga -- This Just In ... He Paid His Debt!!!: Tyga is sparing GF Kylie Jenner some ma... #URL# #HASHTAG# #HASHTAG# #HASHTAG#      <document> RT How Bazaar:  #URL# #HASHTAG# #HASHTAG# #HASHTAG#      <document> RT 'Dancing With the Stars' Recap: Three Couples Get Perfect Scores; Ryan Lochte Goes Home:  #URL# #HASHTAG# #HASHTAG# #HASHTAG#      <document> RT #HASHTAG# This Is Us' Six Moments From Mandy Moore's Show to Make You Sob: Jack and Miguel Butt H... #URL# #HASHTAG# #HASHTAG#      <document> RT #HASHTAG# Shay Mitchell Sobs In Emotional Video After Filming 'Pretty Little Liars' Finale — See ... #URL# #HASHTAG# #HASHTAG#      <document> RT #HASHTAG# Apple's Peach Emoji No Longer Looks Like a Butt: Apple's new iOS update includes an... #URL# #HASHTAG# #HASHTAG# #HASHTAG#      <document> RT 5-Year-Old Walked Home Alone to Avoid School Bus Bullies:  #URL# #HASHTAG# #HASHTAG# #HASHTAG#      <document> RT #HASHTAG# Pres. Obama told a scary Halloween story about Donald Trump becoming POTUS:    ... #URL# #HASHTAG# #HASHTAG# #HASHTAG#      <document> RT #HASHTAG# “James McAvoy apparently has a new girlfriend &amp; she’s not you” links: #HASHTAG#... #URL# #HASHTAG# #HASHTAG# #HASHTAG#      <document> RT 'Mr. Robot' Star Portia Doubleday -- That One Time I Was 'Ransomed' (VIDEO): Portia D... #URL# #HASHTAG# #HASHTAG# #HASHTAG#      <document> RT Mariah Carey and Nick Cannon Settled Divorce Days Before James Packer Split: Report:  #URL# #HASHTAG# #HASHTAG# #HASHTAG#      <document> RT Huge Sports Stars -- Blood, Guts and S&amp;M ... Insane Costumes! (PHOTO GALLERY): When y... #URL# #HASHTAG# #HASHTAG# #HASHTAG#      <document> RT #HASHTAG# My Dirty Little Secret: For Once, Actually I'm Happy: You can’t admit your life is ... #URL# #HASHTAG# #HASHTAG# #HASHTAG#      <document> RT DeAndre Jordan -- Sevyn Streeter Should Diss The 76ers ... No Redo Of National Anthem... #URL# #HASHTAG# #HASHTAG# #HASHTAG#      <document> RT Scary Meets '80s:  #URL# #HASHTAG# #HASHTAG# #HASHTAG#      <document> RT Val Kilmer -- Michael Douglas is Wrong ... I Don't Have Cancer!: Val Kilmer says he's... #URL# #HASHTAG# #HASHTAG# #HASHTAG#      <document> RT Rob Kardashian and Blac Chyna in 'Purge' Halloween Costumes Will Haunt You Forever:  #URL# #HASHTAG# #HASHTAG# #HASHTAG#      <document> RT #HASHTAG# Donna Brazile had to resign from CNN, but Corey Lewandowski still has a job:  Emb... #URL# #HASHTAG# #HASHTAG# #HASHTAG#      <document> RT Channing Tatum, Jenna Dewan Tatum Went as Beauty and the Beast for Halloween, So Love... #URL# #HASHTAG# #HASHTAG# #HASHTAG#      <document> RT Jennie Garth and Husband Dave Abrams Celebrated Halloween at Her Ex-Husband Peter Fac... #URL# #HASHTAG# #HASHTAG# #HASHTAG#      <document> RT #HASHTAG# Justin Theroux posted an Instagram of Berlin graffiti reading ‘F-ck Brad Pitt’:  ... #URL# #HASHTAG# #HASHTAG# #HASHTAG#      <document> RT #HASHTAG# The Queen apparently believes the York princesses should be full-time royals:  As... #URL# #HASHTAG# #HASHTAG# #HASHTAG#      <document> RT #HASHTAG# Bryan Cranston will ‘absolutely’ move to Canada if Trump becomes POTUS:  It seeme... #URL# #HASHTAG# #HASHTAG# #HASHTAG#      <document> RT #HASHTAG# The Voice's Five Craziest Moments: Miley Cyrus Disgraces Blake Shelton in a Dance-Off!:... #URL# #HASHTAG# #HASHTAG#      <document> RT Pamela Anderson Warns Us to Think Before We App:  #URL# #HASHTAG# #HASHTAG# #HASHTAG#      <document> RT President Barack and Michelle Obama Dance to Michael Jackson's 'Thriller' on Hallowee... #URL# #HASHTAG# #HASHTAG# #HASHTAG#    </documents></author><documents> <document> RT This Dad Gives Candy To Airplane Passengers So His 3-Year-Old Daughter Can Cheat-... #URL# #HASHTAG# #HASHTAG# #HASHTAG# <document> RT #HASHTAG# Ryan Lochte : "Dancing with the Stars "I Think America Is Seeing A Different Side Of Me" on: ... #URL# #HASHTAG# #HASHTAG# <document> RT Scottie, Larsa Pippen -- Battle Royale Over Fortune &amp; Marriage Contract: Scottie Pippen and wife... #URL# #HASHTAG# #HASHTAG# #HASHTAG# <document> RT #HASHTAG# Nick Viall's 'The Bachelor' Premiere Date Announced!: 'T... #URL# # HASHTAG# #HASHTAG# <document> RT Larsa Pippen -- 2nd 911 Call ... Help, Scottie's Breaking Stuff! (AUDIO): Larsa Pippe... #URL# #HASHTAG# #HASHTAG# #HASHTAG# <document> RT #HASHTAG# Evan Rachel Wood: Working with Anthony Hopkins is 'like watching a picture of Da Vinci': Mi... #URL # #HASHTAG# #HASHTAG# #HASHTAG# <document> RT #HASHTAG# Khloe Kardashian was the Storm of the X-Men on Halloween: surprising or tragic?: Ugh, we all... #URL# # HASHTAG# #HASHTAG# #HASHTAG # <document> RT #HASHTAG# Was Emma Watson best dressed at Harper's Bazaar UK event?: Here are some... #URL# #HASHTAG# #HASHTAG# #HASHTAG# <document> RT Leighton Meester She's Back on the Red Carpet — And Looking Better Than Ever: #URL# #HASHTAG# #HASHTAG# #HASHTAG# <document> RT Lily-Rose Depp Opens Up About Parents Johnny Depp and Vanessa Paradis: #URL# #HASHTAG# #HASHTAG # # HASHTAG# <document> RT Oso Libre embraces sustainability in Paso Robles: The seeds of Oso Libre ... #URL# #HASHTAG# #HASHTAG# #HASHTAG# <document> RT Val Kilmer, After Michael Douglas Claims He Denies He Has Cancer Well i Won't: #URL# #HASHTAG# #HASHTAG# #HASHTAG# <document> RT #HASHTAG# Amber Rose can't even count how often 'a famous man touched me inappropriately': ... #URL# #HASHTAG# # HASHTAG# #HASHTAG# <document> RT Justin Theroux Shares Graffiti Photo With 'F--k Brad Pitt': #URL# #HASHTAG# #HASHTAG# #HASHTAG# <document> RT Kim Kardashian's Social Media Return Paris Heist " After "An Error" Happened: #URL# #HASHTAG# #HASHTAG# #HASHTAG# <document> RT Cozy Creature: #URL# #HASHTAG# #HASHTAG# #HASHTAG# <document> RT Monday Fun Day: # URL# #HASHTAG # #HASHTAG# #HASHTAG# <document> RT 'Teen Mom 2' Star Leah Messer's Toddler Poses Huge Rifle in Shocking Photo: 'She... #URL# #HASHTAG# #HASHTAG# #HASHTAG# < document> RT #HASHTAG# 'Westworld' Breaks All Major TV Sex Borders in One Episode: Orgy, Necrophilia and... #URL# #HASHTAG# #HASHTAG# <document> RT #HASHTAG# Taylor Swift visits England allegedly last week u: Has he seen Tom Hiddl? eston?:... #URL# #HASHTAG# #HASHTAG# #HASHTAG# <document> RT Broncos' Halloween Party -- TUPAC LIVES ... And Dr. Hanging out with Evil???? (VIDEO... #URL# #HASHTAG# #HASHTAG# #HASHTAG# <document> RT Zoe Stylish in the Midwest: #URL# #HASHTAG# #HASHTAG# #HASHTAG# <document> RT #HASHTAG# Chrissy Teigen gEveryone's ready for daughter Luna's first Halloween in 8 costumes: ... #URL# #HASHTAG# #HASHTAG# #HASHTAG# <document> RT It's Almost Time!: #URL# #HASHTAG# #HASHTAG# #HASHTAG# < document > RT New research says Facebook users are living longer, which is somewhat depressing: Hooray, ... #URL# #HASHTAG# #HASHTAG# #HASHTAG# <document> RT Harvard women's soccer team, men's "report" it answers. appearance: ... #URL# #HASHTAG# #HASHTAG# #HASHTAG# <document> RT Beyonce and Jay-Z Dress Up as Barbie and Ken with Blue Ivy for Halloween: #URL# #HASHTAG# #HASHTAG# #HASHTAG # <document> RT Chris Brown's Daughter -- Selena's Family Laughs After Royal Respect: Chris Brown's... HASHTAG# #HASHTAG# <document> RT Poor Chris Christie was first offered Trump's VP position, then accepted... #URL# #HASHTAG# #HASHTAG# #HASHTAG# <document> RT Justin Thero ux Posts Graffiti Photo by 'F--k Brad Pitt': #URL# #HASHTAG# #HASHTAG# #HASHTAG# <document> RT Miranda Kerr: 'I'm In A Really Bad Depression' After Orlando Bloom Split: #URL # #HASHTAG# #HASHTAG# #HASHTAG# <document> RT #HASHTAG# Mel Gibson Gives Stephen Colbert To His Young Self Gives Advice: 'Close F—... #URL# #HASHTAG# #HASHTAG# <document> RT #HASHTAG# FBI Director James Comey didn't want to talk about Donald Trump's ties to Russia: E... 'I &amp; Lauren: Happy... #URL# #HASHTAG# #HASHTAG# <document> Mally Mall's Halloween -- Monkey Tricks and Strip Club Treats (VIDEO + PHOTO GALLERY)... #URL# #HASHTAG# #HASHTAG# #HASHTAG # <document> RT Jose Fernandez -- Marlins Jersey to Retire ... Cocaine, Despite Evidence of Drinking... #URL# #HASHTAG# #HASHTAG# #HASHTAG# <document> Brandon Marshall of RT NY Jets -- I' GO TO PLAYOFF! (VIDEO): NY Jets wide receiver... #URL# #HASHTAG# #HASHTAG# #HASHTAG# <document> RT Mariah Carey -- James Packer tells the team 'Fuck you'... I'm Getting Married!!!: Maria. .. #URL# #HASHTAG# #HASHTAG# #HASHTAG# <document> RT Amelia Earhart -- Survived Plane Crash... Died as Victim: Amelia Earhart DON'T... #URL# #HASHTAG# #HASHTAG# #HASHTAG# <document> RT Mariah Carey to Backup Dancer -- Baby, You Can Drive My Car (PHOTO GALLERY): There... #URL# #HASHTAG# #HASHTAG# #HASHTAG# <document > RT NFL's Josh Huff -- Arrested for Gun And Weed: Josh Huff of Philadelphia Eagles arrested... TV Special: #URL# #HASHTAG# #HASHTAG# #HASHTAG# <document> RT Chris Brown -- Exploding On My ATV... Forget My Neighbors ( VIDEO): Chris Brown is a... #URL # #HASHTAG# #HASHTAG# #HASHTAG# <document> RT #HASHTAG# Married at First Sight's Heather Seidel Talks Divorce on Sneak Peek: I didn't expect this... #URL# #HASHTAG# #HASHTAG# <document> RT #HASHTAG# Jay Leno Returns to "The Tonight Show" with a Full Monologue Political Zingers: Jay ... #URL# #HASHTAG# #HASHTAG# <document> RT #HASHTAG# Who should star in Disney's newly announced live-action 'Snow White': Some... #URL# # HASHTAG# #HASHTAG# # HASHTAG# <document> RT TMZ Live: Hillary Clinton: Huma Abedin Reappears After Email Controversy!: TODAY... #URL# #HASHTAG# #HASHTAG# #HASHTAG# <document> RT Hollywood Vampires Live: #URL # #HASHTAG# #HASHTAG# #HASHTAG# <document> RT Gwen Stefani: Blake Shelton was "An Unexpected Gift" After Gavin Rossdale Split: #URL# #HASHTAG# #HASHTAG# #HASHTAG# <document> RT Oso Libre, Paso Embracing sustainability at Robles: The seeds of Oso Libre are planted in ... #URL# #HASHTAG# #HASHTAG# #HASHTAG# <document> RT Amy Schumer -- No Joke ... I Bought A New $12 Mil Penthouse (VIDEO ): Amy S c humer is a movie... #URL# #HASHTAG# #HASHTAG# #HASHTAG# <document> RT John Cena Dressed Nikki Bella as Girlfriend for Halloween and We Can't Overlook It — Plu... #URL# # HASHTAG# # HASHTAG# #HASHTAG# <document> RT Bill Simmons -- Put Forks In The Puppies ... THEY ARE LOSSING TODAY!! (VIDEO): Turn it off... #URL# #HASHTAG# #HASHTAG# #HASHTAG# <document> RT Justin Timberlake, Jessica Biel, Son Silas Troll for Halloween: Cute Photos!: #URL# #HASHTAG# #HASHTAG # #HASHTAG# <document> RT Scottie Pippen's Wife -- Calling 911 ... 'My Husband Is Attacking Me' (AUD... #URL# #HASHTAG# #HASHTAG# #HASHTAG# <document> RT #HASHTAG # Adele VF 'It's actually the bravest thing not to have kids': ... #URL# #HASHTAG# #HASHTAG# #HASHTAG# <document> RT Costumed Celebrities -- Horror Night ... Full Throttle (PHOTO GALLERY): Witches Halloween costume... #URL# #HASHTAG# #HASHTAG# #HASHTAG# <document> RT Ellen DeGeneres Explains 'His Bottom Line: #URL# #HASHTAG# #HASHTAG# # HASHTAG# <document> RT Taylor Swift, Halloween Borrowed Ryan Reynold's 'Deadpool' Outfit for House Party... at their 'mansion': Pip p... #URL# #HASHTAG# #HASHTAG# #HASHTAG# <document> RT Huma Abedin -- Some Numbers I Still Have Yes (VIDEO): Huma Abedin could be in... #URL# # HASHTAG# #HA SHTAG# #HASHTAG# <document> RT #HASHTAG# on why Zayn Malik disclosed his concern: "I knew I had to put it all there... #URL# #HASHTAG# #HASHTAG# #HASHTAG# <document> RT Lena Dunham, Donald Trump' Dressing as "Caught P—sy" for Halloween Costume Inspired by: #URL# #HASHTAG# #HASHTAG# #HASHTAG# <document> RT Ex-Indians Star Nick Swisher -- "Good For Baseball" Cubbies Win (VIDEO): He won't win... #URL# #HASHTAG# #HASHTAG# #HASHTAG# <document> RT #HASHTAG# Now that everyone knows about Meghan, will Prince Harry escape?Markle?: I'm ... #URL# #HASHTAG# #HASHTAG# #HASHTAG# <document> RT SCOTUS prepares to hear first-time transgender toilet use case: Court... #URL# #HASHTAG# #HASHTAG# #HASHTAG# <document> RT Adele and Beyonce in 'Vanity Fair' Interview Girls Overdone: #URL# #HASHTAG# #HASHTAG# #HASHTAG# <document> RT #HASHTAG# Nadya Suleman doesn't want to be anymore Octomom: 'My past was haunting us' : Nadya... #URL# #HASHTAG# #HASHTAG# #HASHTAG# <document> RT 10 why are you flirting with a Scorpio because someone is probably seducing you as we speak:.. #URL# #HASHTAG# #HASHTAG# # HASHTAG# <document> RT #HASHTAG# 'I &amp; Lauren: Happy Forever?' In a nutshell: Ben Higgins Admits to Feeling 'Disconnected'... #URL# #HASHTAG# #HASHTAG# <document> RT Would you change your name to “iPhone 7” for a free phone? These people did: This DOC... #URL# #HASHTAG# #HASHTAG# #HASHTAG# <document> RT KKK officially supports Donald Trump. Is it over?: Just one more week... #URL# #HASHTAG# #HASHTAG# #HASHTAG# <document> RT 21 Wild -- Drake and Meek Mill Buddies... Ferr... #URL# #HASHTAG# # HASHTAG# #HASHTAG# <document> RT Tyga -- This Instant... Pays Off!!!: Tyga is a little mad at GF Kylie Jenner... #URL # #HASHTAG# #HASHTAG# #HASHTAG# <document> RT How Bazaar: #URL# #HASHTAG# #HASHTAG# #HASHTAG# <document> RT 'Dancing with the Stars' Summary: Three Couples Get Perfect Scores; Ryan Lochte Goes Home: #URL# #HASHTAG# #HASHTAG# #HASHTAG# <document> RT #HASHTAG# This is Our Six Moments From Mandy Moore's Show To Make You Cry: Jack and Miguel Butt H... #URL# #HASHTAG # #HASHTAG# <document> RT #HASHTAG# Shay Mitchell Cries in Emotional Video After Filming 'Pretty Little Liars' Finale — Look ... #URL# #HASHTAG# #HASHTAG# <document> RT #HASHTAG# Apple's Peach Emoji Now Butt It Doesn't Look Like: Apple's new iOS update includes... #URL# #HASHTAG# #HASHTAG# #HASHTAG# <document> RT 5-Year-Old Walked Home Alone to Avoid School Bus Bullying: #URL# #HASHTAG# #HASHTAG# #HASHTAG# <document> RT #HASHTAG# Pres. Obama told a scary Halloween story about Donald Trump's transformation into POTUS: ... #URL# #HASHTAG# #HASHTAG# #HASHTAG# <document> RT #HASHTAG# “James McAvoy has a new girlfriend &amp; that's not you” links: #HASHTAG#... #URL# #HASHTAG# #HASHTAG# #HASHTAG# <document> RT 'Mr. Robot Star Portia Doubleday -- Once 'I Got Ransom' (VIDEO): Portia D... #URL# #HASHTAG# #HASHTAG# #HASHTAG# <document> RT Mariah Carey and Nick Cannon Resolve Divorce Days Before James Packer Split: Report: #URL# #HASHTAG# #HASHTAG# #HASHTAG# <document> RT Massive Sports Stars -- Blood, Courage and S&M ... Crazy Costumes! (PHOTO GALLERY): When... #URL# #HASHTAG# #HASHTAG# #HASHTAG# <document> RT #HASHTAG# My Dirty Little Secret: I'm Actually Happy For The First Time: You can't confess your life... #URL# #HASHTAG # #HASHTAG# #HASHTAG# <ddocument> RT DeAndre Jordan -- Sevyn Streeter Should Diss The 76ers... No Repeat of National Anthem... #URL# #HASHTAG# #HASHTAG# #HASHTAG# <document> Meets the Horrible 80s RT: #URL# # HASHTAG # #HASHTAG# #HASHTAG# <document> RT Val Kilmer -- Michael Douglas Wrong... I Don't Have Cancer!: Val Kilmer o... #URL# #HASHTAG# #HASHTAG# #HASHTAG# <document> RT Rob Kardashian and Blac Chyna 'Purge' Halloween Costumes Will Disturb You Forever: #URL# #HASHTAG# #HASHTAG# #HASHTAG# <document> RT #HASHTAG# Donna Brazile has had to resign from CNN, but Corey Lewandowski is still a she has a job: Emb... #URL# #HASHTAG# #HASHTAG# #HASHTAG# <document> RT Channing Tatum, Jenna Dewan Tatum Went Beauty and the Beast on Halloween, Love... #URL# #HASHTAG# # HASHTAG# #HASHTAG# <document> RT Jennie Garth and Husband Dave Abrams Celebrate Halloween with Ex-Wife Peter Fac... #URL# #HASHTAG# #HASHTAG# #HASHTAG# <document> RT #HASHTAG# Justin Theroux shared in an Instagram Berlin graffiti 'F -ck Brad Pitt' writes: ... #URL# #HASHTAG# #HASHTAG# #HASHTAG# <document> RT #HASHTAG# The Queen apparently believes that princesses of York should be full-time royalty: As... . #URL# #HASHTAG# #HASHTAG# #HASHTAG# <document> RT #HASHTAG# Bryan Cranston will 'definitely' move to Canada if Trump becomes POTUS: Looks like... # <document> RT #HASHTAG# The Voice Five Craziest Memories: Miley Cyrus Disgraces Blake Shelton At A Dance Competition!:... #URL# #HASHTAG# #HASHTAG# <document> RT Pamela Anderson Warns Us To Think Ahead App: #URL# #HASHTAG# #HASHTAG# #HASHTAG# <document> RT President Barack and Michelle Obama dance to Michael Jackson's "Thriller" on Halloween... #URL# #HASHTAG# #HASHTAG# #HASHTAG# </documents >< /author>