  <documents>    <document> #HASHTAG# Download: iOS 11 Final IPSW for iPhone, iPad &amp; iPod touch Now Available - Full Chang... Read more: #URL# $AAPL      <document> Tim Cook offers a glimpse of #HASHTAG#'s healthcare future. Read more: #URL# $AAPL      <document> #HASHTAG# unveils all-in-one POS system called ElitePOS with secure performance capabilties at Rs ... Read more: #URL# $HPQ      <document> #HASHTAG# DSP Concepts Raises $10M Series A Round to Bring Innovative Audio Technology t... Read more: #URL#      <document> #HASHTAG# Some apps won't work on iOS 11 - here's how to check which ones. Read more: #URL# $AAPL      <document> Time to upgrade: the six best features in #HASHTAG#'s watchOS 4. Read more: #URL# $AAPL      <document> #HASHTAG# A community bank seizes on iPhone 8's ID power. Read more: #URL# $AAPL      <document> #HASHTAG# iPhone 8: Pros and cons. Read more: #URL# $AAPL      <document> #HASHTAG# EOS Rebel SL2 / EOS 200D Review. Read more: #URL# $CAJ      <document> #HASHTAG# PH bolsters printer lineup with ink-efficient Pixma E3170. Read more: #URL# $CAJ      <document> #HASHTAG# REVIEW: The iPhone 8 is incredible, but you should wait for the iPhone X instead. Read more: #URL# $AAPL      <document> #HASHTAG# Middle East Intros New Products at its Annual Press Conference. Read more: #URL# $2353      <document> #HASHTAG# Canceled out: iPhone arguments rule out buying iPhones. Read more: #URL# $AAPL      <document> 1 Thing #HASHTAG# Inc. Didn't Talk About When It Unveiled iPhone 8 and iPhone X. Read more: #URL# $AAPL      <document> #HASHTAG# iPhone X Deal Gives You 5GB for Just $18 Per Month. Read more: #URL# $AAPL      <document> #HASHTAG# Review: The iPhone 8 is a look into the augmented future of photography. Read more: #URL# $AAPL      <document> #HASHTAG# Undergoes Major Reorganization to Compete With GE. Read more: #URL# $6501      <document> #HASHTAG# Review: iPhone 8 cuts cord, prepares for future. Read more: #URL# $AAPL      <document> #HASHTAG# Review: Glitzy iPhone X aside, the iPhone 8 is fine for most. Read more: #URL# $AAPL      <document> #HASHTAG# How to speed up your iPhone after iOS 11 slows it down. Read more: #URL# $AAPL      <document> #HASHTAG#  Review: Glitzy iPhone X aside, the iPhone 8 is fine for most . Read more: #URL# $AAPL      <document> #HASHTAG# iPhone 8 and 8 Plus Review Roundup: What Critics Love and Hate. Read more: #URL# $AAPL      <document> #HASHTAG# Tim Cook on the $1,000 iPhone X: 'It's a value price, actually'. Read more: #URL# $AAPL      <document> #HASHTAG# iPhone X Cannibalising iPhone 8, iPhone 8 Plus Pre-Orders. Read more: #URL# $AAPL      <document> #HASHTAG# New Pi Wireless Charging Doesn't Need A Charging Pad. Read more: #URL# $AAPL      <document> #HASHTAG# Get Ready for Upcoming ARKit Apps With Deals on Compatible iPhone SE and iPad Models. Read more: #URL# $AAPL      <document> #HASHTAG# Pros and cons of the new iPhone 8. Read more: #URL# $AAPL      <document> #HASHTAG# Here's When You Can Download iOS 11. Read more: #URL# $AAPL      <document> #HASHTAG# unveils secure, enhanced POS system 'ElitePOS'. Read more: #URL# $HPQ      <document> Early reviews paint #HASHTAG#'s iPhone 8 &amp; 8 Plus as good devices overshadowed by iPhone X. Read more: #URL# $AAPL      <document> Review: #HASHTAG# iPhone 8 and 8 Plus. Read more: #URL# $AAPL      <document> #HASHTAG# Pay Cash to Arrive With Future Update to iOS 11, watchOS 4. Read more: #URL# $AAPL      <document> #HASHTAG# Review: Glitzy iPhone X aside, the iPhone 8 is fine for most. Read more: #URL# $AAPL      <document> #HASHTAG# The iPhone 8 is excellent, but not for everyone. Read more: #URL# $AAPL      <document> iPhone X release date, specs and price: #HASHTAG# will suffer stock shortages 'until 2018'. Read more: #URL# $AAPL      <document> #HASHTAG# lauds seamless workflows at IBC. Read more: #URL# $CAJ      <document> #HASHTAG# Before you update to iOS 11 here's how to check which apps won't work. Read more: #URL# $AAPL      <document> #HASHTAG#'s iOS 11 set to revamp App Store. Read more: #URL# $AAPL      <document> #HASHTAG# Tim Cook calls $999 iPhone X a 'value price' in new interview. Read more: #URL# $AAPL      <document> #HASHTAG# BGP in Large-Scale Data Centers. Read Blog: #URL#      <document> #HASHTAG# unveils secure, enhanced POS system 'ElitePOS'. Read more: #URL# $HPQ      <document> #HASHTAG# Upgrading to iOS 11? Be aware of ActiveSync, image problems with Windows. Read more: #URL# $AAPL      <document> #HASHTAG# Say hello to iOS 11! A new day for iPhone and iPad users around the world. Read more: #URL# $AAPL      <document> #HASHTAG# Review: Glitzy iPhone X aside, the iPhone 8 is fine for most. Read more: #URL# $AAPL      <document> #HASHTAG# iOS 11: List Of Features in The Next Big iPhone &amp; iPad Update. Read more: #URL# $AAPL      <document> #HASHTAG#'s delayed a new feature that lets you send cash via iPhone. Read more: #URL# $AAPL      <document> #HASHTAG# Can I get iOS 11 on my iPhone or iPad?. Read more: #URL# $AAPL      <document> #HASHTAG# Recode Daily: Your iPhone goes up to 11 today. Read more: #URL# $AAPL      <document> #HASHTAG# iPhone protip: How to check which apps work on iOS 11 before updating. Read more: #URL# $AAPL      <document> #HASHTAG# Review: Glitzy iPhone X aside, the iPhone 8 is fine for most. Read more: #URL# $AAPL      <document> #HASHTAG# iOS 11: the eight best new features for your iPhone and iPad. Read more: #URL# $AAPL      <document> #HASHTAG#   THIS app brings iPhone X design to Android phones, but not in the way you think . Read more: #URL# $AAPL      <document> #HASHTAG# Review: iPhone 8 cuts the cord and prepares for the future. Read more: #URL# $AAPL      <document> #HASHTAG# iOS 11 Update Now Available For iPhones And iPads. Read more: #URL# $AAPL      <document> #HASHTAG# Aruba releases Aruba 360 Secure Fabric security framework. Read more: #URL# $ARUN      <document> #HASHTAG# DSP Concepts Raises $10M in Series A Funding. Read more: #URL#      <document> Review: #HASHTAG# iPhone 8 and 8 Plus. Read more: #URL# $AAPL      <document> #HASHTAG# iPhone 8 vs. iPhone 8 Plus: Get the Plus (Unless You're Nuts). Read more: #URL# $AAPL      <document> #HASHTAG# iOS 11 Is Full of Tiny Design Inconsistencies. Read more: #URL# $AAPL      <document> #HASHTAG# iOS 11: How multitasking and the Dock work on the iPad. Read more: #URL# $AAPL      <document> #HASHTAG# iOS 11 is coming to these devices on 19 September: How to upgrade and what to expect. Read more: #URL# $AAPL      <document> #HASHTAG# Pay Cash Is Coming To iOS 11 In A Future Update. Read more: #URL# $AAPL      <document> #HASHTAG# iOS 11 will arrive on iPhones and iPads at 6pm UK time, probably. Read more: #URL# $AAPL      <document> #HASHTAG# iOS 11's new image format might pose problems for PC users. Read more: #URL# $AAPL      <document> #HASHTAG# Get this Definitive iOS 11 Developer Bundle for just $49. Read more: #URL# $AAPL      <document> #HASHTAG# iPhone 8 and X support pad-free wireless charging, third-party distance charger on t... Read more: #URL# $AAPL      <document> #HASHTAG# Pi's new charger fuels dreams of true wireless charging. Read more: #URL# $AAPL      <document> #HASHTAG# revamps its money-making App Store with new iOS 11 operating system. Read more: #URL# $AAPL      <document> #HASHTAG# announces plate price increase. Read more: #URL# $EKDKQ      <document> With New Operating System, #HASHTAG# Revamps Its Money-making App Store. Read more: #URL# $AAPL      <document> Dear #HASHTAG#: Thanks for the Memory. Read more: #URL# $AAPL      <document> #HASHTAG# Watch 3 release date UK, price and specs: EE unveils UK prices for Apple Watch Serie... Read more: #URL# $AAPL      <document> #HASHTAG# Review: Glitzy iPhone X aside, the iPhone 8 is fine for most. Read more: #URL# $AAPL      <document> #HASHTAG# iPhone 8 review roundup. Read more: #URL# $AAPL      <document> #HASHTAG# iPhone 8, iPhone 8 Plus Arrives at Boost Mobile on Friday, Sept. 29 . Read more: #URL# $AAPL      <document> #HASHTAG# iOS 11: How drag and drop works. Read more: #URL# $AAPL      <document> #HASHTAG# Just WHO Expected an Affordable iPhone X?. Read more: #URL# $AAPL      <document> #HASHTAG# iPhone 8 Review Round-up: No waiting for X. Read more: #URL# $AAPL      <document> #HASHTAG# Secures $2.6 Million Android  Rugged Tablet Order from Top Telecommunications Provi... Read more: #URL# $XPLR      <document> P2P Payments Coming To #HASHTAG# Watch In The Fall. Read more: #URL# $AAPL      <document> #HASHTAG# Aruba Integrates UEBA and Network Access Control in Security Fabric. Read more: #URL# $ARUN      <document> Why Wireless Carriers Are Seeing Disappointing Preorders for #HASHTAG#'s iPhone 8. Read more: #URL# $AAPL      <document> #HASHTAG#, Ltd. : Hitachi Introduces Hitachi Vantara: A New Digit... Read more: #URL# $6501      <document> #HASHTAG# iOS 11 is out TODAY, but it won't ship with one of its most impressive new features. Read more: #URL# $AAPL      <document> IMM :, #HASHTAG# Deliver Next-Gen eSignature Capture Devices for Financial Institutions. Read more: #URL# $6727      <document> #HASHTAG# Review: The iPhone 8 is a look into the augmented future of photography. Read more: #URL# $AAPL      <document> #HASHTAG# Aruba Integrates UEBA and Network Access Control in Security Fabric. Read more: #URL# $ARUN      <document> #HASHTAG# iPhone 8 and 8 Plus Review Roundup: Powerful Devices With Great Cameras Set Stage fo... Read more: #URL# $AAPL      <document> #HASHTAG# Here's When iOS 11 Will be Available in Your City. Read more: #URL# $AAPL      <document> #HASHTAG# Tim Cook Calls Today's Launch of iOS 11 and ARKit 'A Day To Remember'. Read more: #URL# $AAPL      <document> #HASHTAG# Tim Cook speaks to Good Morning America, discusses iOS 11, iPhone X, Face ID. Steve ... Read more: #URL# $AAPL      <document> Video: Everything you need to know about #HASHTAG#'s iPhone 8 and iPhone 8 Plus. Read more: #URL# $AAPL      <document> #HASHTAG# $1,000 iPhone X is a steal, says Tim Cook. Read more: #URL# $AAPL      <document> #HASHTAG# Review: The iPhone 8 is a look into the augmented future of photography. Read more: #URL# $AAPL      <document> #HASHTAG# announces plate price increase. Read more: #URL# $EKDKQ      <document> #HASHTAG# Stick with the 7 or wait for the X. The iPhone 8 and 8 Plus aren't anything exciting. Read more: #URL# $AAPL      <document> Great Music Sharing Features Available On iPhone, iPad Today with #HASHTAG#'s iOS 11 Release, ... Read more: #URL# $AAPL      <document> #HASHTAG# iPhone 8 review: It cuts the cord and prepares for the future. Read more: #URL# $AAPL      <document> IMM, #HASHTAG# Deliver Next-Gen eSignature Capture Devices for Financial Institutions. Read more: #URL# $6727      <document> #HASHTAG# IRP Lite (free IRP version) now equipped with the Circuit Issues Detection feature. Read Blog: #URL#    </documents></author><documents> <document> #HASHTAG# Download: iPhone, iPad &amp; for iOS 11 Final IPSW; iPod touch Available Now - Full Change... Read more: #URL# $AAPL <document> Tim Cook provides an insight into the future of #HASHTAG# in healthcare. Read more: #URL# $AAPL <document> #HASHTAG# is an all-in-one POS system called ElitePOS with secure performance features at Rs... Read more: #URL# $HPQ <document> #HASHTAG# Upgrades DSP Concepts $10 Million Series A Round To Bring Innovative Audio Technology... Read more: #URL# <document> #HASHTAG# Some apps won't work on iOS 11 - here's how to check which ones. Read more: #URL# $AAPL <document> Time to upgrade: #HASHTAG#'s six best features in watchOS 4. Read more: #URL# $AAPL <document> #HASHTAG# A community bank has captured iPhone 8 power. Read more: #URL# $AAPL <document> #HASHTAG# iPhone 8: Pros and cons. Read more: #URL# $AAPL <document> #HASHTAG# EOS Rebel SL2 / EOS 200D Review. Read more: #URL# $CAJ <document> #HASHTAG# PH supports printer series with ink efficient Pixma E3170. Read more: #URL# $CAJ <document> #HASHTAG# REVIEW: iPhone 8 is amazing but you should wait for iPhone X instead. Read more: #URL# $AAPL <document> #HASHTAG# Introduces New Products at Middle East Annual Press Conference. Read more: #URL# $2353 <document> #HASHTAG# Canceled: iPhone arguments invalidate iPhone purchase. Read more: #URL# $AAPL <document> #HASHTAG# 1 Things Inc. Didn't Talk About When Introducing iPhone 8 and iPhone X. Read more: #URL# $AAPL <document> #HASHTAG# Gets iPhone X Deal 5GB for Just $18/Month. Read more: #URL# $AAPL <document> #HASHTAG# Review: iPhone 8, a glimpse into the augmented future of photography. Read more: #URL# $AAPL <document> #HASHTAG# undergoes major refactoring to compete with GE. Read more: #URL# $6501 <document> #HASHTAG# Review: iPhone 8 cuts the cord, future-proofs it. Read more: #URL# $AAPL <document> #HASHTAG# Review: Flashy iPhone X aside, the iPhone 8 is fine for most people. Read more: #URL# $AAPL <document> #HASHTAG# How to speed up your iPhone after iOS 11 slows down? Read more: #URL# $AAPL <document> #HASHTAG# Review: Flashy iPhone X aside, the iPhone 8 is fine for most users. Read more: #URL# $AAPL <document> #HASHTAG# iPhone 8 and 8 Plus Review Summary: What Critics Love and Hate. Read more: #URL# $AAPL <document> #HASHTAG# Tim Cook on the $1000 iPhone X: "It's actually a worthwhile price." Read more: #URL# $AAPL <document> #HASHTAG# iPhone X Cannibalizing iPhone 8, iPhone 8 Plus Pre-Orders. Read more: #URL# $AAPL <document> #HASHTAG# No Charging Pad Required for New Pi Wireless Charging. Read more: #URL# $AAPL <document> #HASHTAG# Get Ready for Opportunities on iPhone SE and iPad Models Compatible with Upcoming ARKit Apps. Read more: #URL# $AAPL <document> #HASHTAG# Pros and cons of the new iPhone 8. Read more: #URL# $AAPL <document> #HASHTAG# HereWhen Can You Download iOS 11? Read more: #URL# $AAPL <document> #HASHTAG# presents the secure advanced POS system 'ElitePOS'. Read more: #URL# $HPQ <document> Initial reviews #HASHTAG#'s iPhone 8 &amp; The 8 Plus as good devices that are overshadowed by the iPhone X. Read more: #URL# $AAPL <document> Review: #HASHTAG# iPhone 8 and 8 Plus. Read more: #URL# $AAPL <document> #HASHTAG# Pay Cash to Come With Future iOS 11, watchOS 4 Update. Read more: #URL# $AAPL <document> #HASHTAG# Review: Glitzy iPhone X aside, the iPhone 8 is good for most. Read more: #URL# $AAPL <document> #HASHTAG# iPhone 8 is great but not for everyone. Read more: #URL# $AAPL <document> iPhone X release date, specs and price: #HASHTAG# will be out of stock 'by 2018'. Read more: #URL# $AAPL <document> #HASHTAG# praises the seamless workflows at IBC. Read more: #URL# $CAJ <document> #HASHTAG# Before updating to iOS 11, here's how to check which apps won't work. Read more: #URL# $AAPL <document> #HASHTAG#'s iOS 11 will refresh the App Store. Read more: #URL# $AAPL <document> #HASHTAG# Tim Cook calls the $999 iPhone X "value price" in a new interview. Read more: #URL# $AAPL <document> #HASHTAG# BGP in Large Scale Data Centers. Read Blog: #URL# <document> #HASHTAG# presents the secure, enhanced POS system 'ElitePOS'. Read more: #URL# $HPQ <document> #HASHTAG# Upgrade to iOS 11? Be aware of ActiveSync, display issues with Windows. Read more: #URL# $AAPL <document> #HASHTAG# Say hello to iOS 11! It's a new day for iPhone and iPad users around the world. Read more: #URL# $AAPL <document> #HASHTAG# Review: Flashy iPhone X aside, the iPhone 8 is fine for most people. Read more: #URL# $AAPL <document> #HASHTAG# iOS 11: The Next Big iPhone &amp; iPad Update. Read more: #URL# $AAPL <document> #HASHTAG# has delayed a new feature that lets you send cash via iPhone. Read more: #URL# $AAPL <document> #HASHTAG# Can I get iOS 11 on my iPhone or iPad?. Read more: #URL# $AAPL <document> #HASHTAG# Daily Recoding: Your iPhone turns 11 today. Read more: #URL# $AAPL <document> #HASHTAG# iPhone prototype: How to check which apps are running on iOS 11 before updating. Read more: #URL# $AAPL <document> #HASHTAG# Review: Flashy iPhone X aside, the iPhone 8 is fine for most people. Read more: #URL# $AAPL <document> #HASHTAG# iOS 11: Eight best new features for your iPhone and iPad. Read more: #URL# $AAPL <document> #HASHTAG# THIS app brings iPhone X design to Android phones, but not in the way you might think. Read more: #URL# $AAPL <document> #HASHTAG# Review: iPhone 8 cuts the cord and prepares for the future. Read more: #URL# $AAPL <document> #HASHTAG# iOS 11 Update Now Available for iPhones and iPads. Read more: #URL# $AAPL <document> #HASHTAG# Aruba has released the Aruba 360 Secure Fabric security framework. Read more: #URL# $ARUN <document> #HASHTAG# DSP Concepts Raises $10M in Serieses A Financing. Read more: #URL# <document> Review: #HASHTAG# iPhone 8 and 8 Plus. Read more: #URL# $AAPL <document> #HASHTAG# iPhone 8 and iPhone 8 Plus: Get Plus (Unless you're crazy). Read more: #URL# $AAPL <document> #HASHTAG# iOS 11 Is Full of Minor Design Inconsistencies. Read more: #URL# $AAPL <document> #HASHTAG# iOS 11: How does multitasking and Dock work on iPad? Read more: #URL# $AAPL <document> #HASHTAG# iOS 11 coming to these devices on September 19: How to upgrade and what to expect? Read more: #URL# $AAPL <document> #HASHTAG# Pay Cash Coming to iOS 11 in a Future Update. Read more: #URL# $AAPL <document> #HASHTAG# iOS 11 will arrive on iPhones and iPads, possibly at 6 PM UK time. Read more: #URL# $AAPL <document> #HASHTAG# iOS 11's new image format may be a problem for PC users. Read more: #URL# $AAPL <document> #HASHTAG# Get this Definitive iOS 11 Developer Pack for just $49. Read more: #URL# $AAPL <document> #HASHTAG# iPhone 8 and X support padless wireless charging, third-party remote charger... Read more: #URL# $AAPL <document> #HASHTAG# Pi's New charger fuels your dreams of true wireless charging. Read more: #URL# $AAPL <document> #HASHTAG# refreshes the monetized App Store with the new iOS 11 operating system. Read more: #URL# $AAPL <document> #HASHTAG# announces plate price increase. Read more: #URL# $EKDKQ <document> Refreshes #HASHTAG# Monetized App Store with New Operating System. Read more: #URL# $AAPL <document> Dear #HASHTAG#: Thanks for remembering. Read more: #URL# $AAPL <document> #HASHTAG# Watch 3 release date UK, price and specs: EE has announced UK prices for the Apple Watch Series... Read more: #URL# $AAPL <document> # HASHTAG# Review: Flashy iPhone X aside, the iPhone 8 is fine for most. Read more: #URL# $AAPL <document> #HASHTAG# iPhone 8 review summary. Read more: #URL# $AAPL <document> #HASHTAG# iPhone 8, iPhone 8 Plus Coming on Boost Mobile on Friday, September 29. Read more: #URL# $AAPL <document> #HASHTAG# iOS 11: How does drag and drop work? Read more: #URL# $AAPL <document> #HASHTAG# WHO Was Expecting an Affordable iPhone X?. Read more: #URL# $AAPL <document> #HASHTAG# iPhone 8 Review Summary: No waiting for X. Read more: #URL# $AAPL <document> #HASHTAG# Gets $2.6M Android Rugged Tablet Order From Top Telecommunications Provide... Read more: #URL# $XPLR <document> P2P Payments Watch #HASHTAG# in Fall' Coming to Read more: #URL# $AAPL <document> #HASHTAG# Aruba Integrates UEBA and Network Access Control with Security Fabric. Read more: #URL# $ARUN <document> Wireless Carriers #HASHTAG# Why Are Pre-Orders Seeing Disappointing For iPhone 8? Read more: #URL# $AAPL <document> #HASHTAG#, Ltd. : Hitachi Introduces Hitachi Vantara: A New Number... Read more: #URL# $6501 <document> #HASHTAG# iOS 11 is out TODAY, but it won't come with one of its most impressive releasesnew features. Read more: #URL# $AAPL <document> IMM :, #HASHTAG# Deliver Next Generation e-Signature Capture Devices for Financial Institutions. Read more: #URL# $6727 <document> #HASHTAG# Review: iPhone 8, a glimpse into the augmented future of photography. Read more: #URL# $AAPL <document> #HASHTAG# Aruba Integrates UEBA and Network Access Control with Security Fabric. Read more: #URL# $ARUN <document> #HASHTAG# iPhone 8 and 8 Plus Review Summary: Powerful Devices with Great Cameras... Read More: #URL# $AAPL <document> #HASHTAG# Here's iOS 11 Available in Your City Will be. Read more: #URL# $AAPL <document> #HASHTAG# Tim Cook Calls Today's iOS 11 and ARKit Launch "A Day to Remember". Read more: #URL# $AAPL <document> #HASHTAG# Tim Cook talks to Good Morning America, talks about iOS 11, iPhone X, Face ID. Steve ... Read more: #URL# $AAPL <document> Video: Everything you need to know about #HASHTAG#'s iPhone 8 and iPhone 8 Plus. Read more: #URL# $AAPL <document> #HASHTAG# Stealing $1,000 iPhone X, says Tim Cook. Read more: #URL# $AAPL <document> #HASHTAG# Review: iPhone 8, a glimpse into the augmented future of photography. Read more: #URL# $AAPL <document> #HASHTAG# announces plate price increase. Read more: #URL# $EKDKQ <document> #HASHTAG# Stick to 7 or wait for X. The iPhone 8 and 8 Plus are nothing short of exciting. Read more: #URL# $AAPL <document> Great Music Sharing Features #HASHTAG# Available Today on iPhone and iPad with iOS 11, ... Read more: #URL# $AAPL <document> #HASHTAG# iPhone 8 Review: Cuts ties and prepares for the future. Read more: #URL# $AAPL <document> IMM, #HASHTAG# Deliver Next Generation e-Signature Capture Devices for Financial Institutions. Read more: #URL# $6727 <document> #HASHTAG# IRP Lite (free IRP version) is now equipped with Circuit Trouble Detection. Read Blog: #URL# </documents></author>