  <documents>    <document> RT #USER#: John Kerry has endorsed Joe Biden. #URL#      <document> #USER# #USER# Jesus' (in the flesh) lived long after the prophet Moses.      <document> RT #USER#: thanks for the ride!! #URL#      <document> #USER# #USER# LOL  Deuteronomy was written long before Jesus was born.      <document> #USER# #USER# Witnesses..?? Testify Soros! #URL#      <document> #USER# Debbie Wasserman Schultz was Chair of the Democratic National Committee until just before the convention in Philadelphia.      <document> RT #USER#: Germany: Green Party wants to hand out passports to ‘climate refugees’  #URL# #URL#      <document> #USER# Xenophobia?  Mecca and Medina do not admit entry to Jews, Hindus, Buddhists, Shintos, Christians, anim… #URL#      <document> #USER# #USER# #USER# #USER# #USER# I'm going to be president! #URL#      <document> #USER# #USER# You have not familiar with the history of Muslim conquests.      <document> #USER# Export more layabouts and latent jihadis.      <document> RT #USER#: Since so-called "feminist groups" won't stand up for women's rights, glad state lawmakers are. This is a long time com…      <document> RT #USER#: "Ring of fire" solar eclipse captured in stunning photos from around the world #URL# #URL#      <document> RT #USER#: #USER# You can't cover this one enough... #URL#      <document> #USER# #USER# No one was ever killed using the New Testament Jesus as their example.      <document> #USER# If you loved the Mueller report you're begging to hear Joe Malarkey testify! #URL#      <document> #USER# #USER# Moses!  Moses is a prophet recognized by Muslims.  Moses led "The People of The Book" or the Jews… #URL#      <document> #USER# #USER# 700-720 AD  Abd al-Malik singles out Christians for forced conversion to Islam or death - often by crucifixion.      <document> #USER# #USER# Key conspirators may have hoped to use McCain as a means of distancing Democrsts from… #URL#      <document> #USER# Babe, it could be worse. #URL#      <document> #USER# #USER# Atheists claim there is no God.  Atheists, however, have had to borrow their code of ethics from the Ten Commandments.      <document> #USER# Father Frost?  Stalin wasn't known for his warmth.      <document> #USER# #USER# John McCain used an associate of his  foundation to pass Steele dirt on to Comey.  George S… #URL#      <document> #USER# #USER# Joe Biden under oath? Best thing since the Mueller Report! #URL#      <document> RT #USER#: Controversial radio legend Don Imus died this morning "after being hospitalized since Christmas Eve," a family rep just…      <document> #USER# #USER# #USER# #USER# #USER# I'm attracting a lot of bots.      <document> #USER# #USER# Dar al Harb  The territory of perpetual war against the non-believers.      <document> #USER# POC = People of Color   It's a phrase meant to create racial tension.      <document> RT #USER#: Wow Crazy Nancy, what’s going on? This is big stuff! #URL#      <document> #USER# #USER# Chicago is becoming more and more like Mogadishu.  Democrats?  What have they done for you Chicago?      <document> #USER# #USER# Muslims say they recognize the prophets and revere Jesus.  Do you revere Jesus?      <document> #USER# That girl vs girl? photo is brutal!      <document> #USER# #USER# The Hindu Kush Mountains were named for "Hindu Slaughter"  by conquering Muslim armies as they marched into India.      <document> #USER# #USER# I thought black voters were voters.      <document> RT #USER#: Where is CIA Director Gina Haspel? CIA analyst Eric Ciaramella violated CIA regulations by using his position to engage in…      <document> RT #USER#: 👀  Adam Schiff Associate Arrested By LAPD      <document> #USER# #USER# 14 followers in 7 years, impressive!      <document> RT #USER#: Hey, Republicans!  Anyone want to look at this?  HUNTER BIDEN BOUGHT A $2.5 MILLION HOLLYWOOD HILLS HOME IN JUNE FOR $14,00…      <document> RT #USER#: De Blasio giving freed NYC inmates cellphones, MetroCards and gift cards #URL# #URL#      <document> RT #USER#: Scientists are beginning to find that men undergo hormonal and brain changes just before and just after the birth of a first c…      <document> #USER# #USER# If you enjoyed the Mueller Report you're begging to hear Joe Malarkey testify! #URL#      <document> #USER# #USER# Muhammad applied the Law of Moses.  Adulterers were stoned under the Law of Moses. Muhammad had a… #URL#      <document> #USER# #USER# Atheists are regarded as infidels by Muslims.      <document> RT #USER#: WHO IS BERINE SANDERS? THIS IS WHO.Why Bernie Sanders' Communist Misadventures Still Matter #URL# via @…      <document> RT #USER#: PANIC IN D.C. #URL#      <document> #USER# #USER# Raise your hand if you're sure.      <document> #USER# #USER# You are a twisted soul.      <document> RT #USER#: "Truth will ultimately prevail where there is pains to bring it to light." --George Washington      <document> RT #USER#: STUNNING: Pelosi Still Won't Release Transcripts From Secret Schiff Basement Meetings that Exonerate President Trump and…      <document> RT #USER#: An illegal alien has been arrested after allegedly murdering a woman in Cobb County, Georgia, and shooting her teenage s…      <document> #USER# #USER# We used to live in Chicago... #URL#      <document> #USER# #USER# What existed before the Big Bang?      <document> RT #USER#: Lower voting age to 16 ya ok you quack. #URL#      <document> RT #USER#: ‘They lie to you’: President Trump previously held private meetings with Navy SEALs to candidly discuss Afghanistan war:…      <document> #USER# If there is one triple wide white crossing the street...???      <document> #USER# #USER# You aren't interested in democracy.      <document> RT #USER#: 11:37 am EST, 12/27/2019 T YOU I C IMPORTANT A ! I 3 ... #URL#      <document> RT #USER#: Dr. Ben Carson- I concur.   "I believe in God who can change people- he can make any of us better." #USER#      <document> #USER# #USER# San Fecesco, E. Colifornia  Po Po wasting time doing nothin' but drivin' round doin'… #URL#      <document> #USER# #USER# That's where they plug in the Fake Vaccuum.      <document> #USER# #USER# #USER# #USER# #USER# You are not a very good liar.  You don't even know who th… #URL#      <document> #USER# #USER# #USER# Do you work for Greta?      <document> RT #USER#: Trump is a winner and a blessing to us from the Lord. I meant that directed at the creepy porn lawyer. #URL#…      <document> #USER# #USER# I don't need your explanation.      <document> RT #USER#: No the Christians are not against President #USER# , because we don’t use a magazine we use the Bible. #HASHTAG#…      <document> #USER# #USER# Muslims attacked the Christian world relentlessly for 550 years BEFORE the First Crusade.      <document> #USER# I'd like to see them on TMZ.      <document> #USER# #USER# Hunter is unnerved down in Hollywood while Jill is doing charity work in Mexico?      <document> RT #USER#: “Dow closes at another All-Time High!” #USER# #USER#      <document> RT #USER#: #USER#   #HASHTAG# Witness #URL#      <document> #USER# #USER# Hillary is calling you out, Rashida Talaib      <document> #USER# #USER# That was long before Jesus.  Jesus Christ  Christianity takes its name from Jesus Christ.  Christ… #URL#      <document> #USER# #USER# Muslim thieves attacked and robbed Christian pilgrims traveling to the Holy Land to visit the sit… #URL#      <document> #USER# #USER# #USER# #USER# Hillary could have at least recommended a plastic surgeon.      <document> RT #USER#: IG Report Reveals Steele Funneled Claims Through John McCain After FBI Dropped Him: This is astonishing and shows what a…      <document> RT #USER#: Obama and his wife Michelle famously signed a book deal estimated at $65 million in 2017. Now, says President Trump, it'…      <document> RT #USER#: So interesting to see Nancy Pelosi demanding fairness from #USER# McConnell when she presided over the most unf…      <document> #USER# Bernie Sanders is not qualified to run a lemonade stand.      <document> RT #USER#: The murder by terrorists of 12 Christian hostages in Nigeria has been much ignored over Christmas. With deep sorrow let us…      <document> #USER# Death is the punishment for blasphemy under sharia law.      <document> #USER# #USER# Flake is irrelevant !      <document> RT #USER#: [They] are editing #USER# out of movies now?  That's cool. Wait until we edit Obama out of the history books.  #HASHTAG#…      <document> #USER# I'm going to be president. #URL#      <document> RT #USER#: Trump Campaign Launching ‘Evangelicals For Trump’ At Majority-Hispanic Megachurch #URL#      <document> RT #USER#: #USER# #USER# Great. So since they have G-d on their side, they don't need our money or our politicians an…      <document> RT #USER#: Horrific!  This video is from Bangladesh, here Abu Taher, a bangladeshi Muslim is beating up a Hindu boy Raju Chandra in fro…      <document> #USER# #USER# You wouldn't be quoting the Old Testament would you?  Jesus' ministry starts in the New Testament.      <document> #USER# #USER# Winning Winning Winning Winning Winning Winning Winning Winning Winning Winning Winning… #URL#      <document> #USER# Homeless?  Shelter isn't important.  The homeless need opioids, cocaine, marijuana and meth.      <document> RT #USER#: Q DROP THREAD 12.28.19 ‘I am at WAR with the MSM because they portray themselves as objective observers of reality, whe…      <document> RT #USER#: I’m glad President Trump is talking about homelessness in California. The media only talks about whatever Trump does.…      <document> #USER# #USER# God is said to be the Alpha and the Omega.  If the Creator is Omnipresent he exists in the past,… #URL#      <document> #USER# #USER# Obama Era Concentration Camp Visitor Commandant Jeh Johnson #URL#      <document> #USER# The British people shook British politics.      <document> #USER# #USER# Mogadishu was glad Bill Clinton took his famine relief and went home.      <document> RT #USER#: . Yep, say no more Victor Davis Hanson #URL#      <document> #USER# #USER# #USER# We love Trump!      <document> #USER# #USER# Muslim martyrs die in battle killing kafirs (non-believers).  Christian martyrs went to their dea… #URL#      <document> #USER# Joe Biden doesn't want to testify because his actions prompted the president to inquire about corruption.… #URL#      <document> RT #USER#: Here’s a thread I did back in July on the corrupt Book Deals made by Pearson Publishing and it’s subsidiaries with Obama,…    </documents></author><documents> <document> RT #USER#: John Kerry endorses Joe Biden. #URL# <document> #USER# #USER# Jesus (in body) lived long after the prophet Moses. <document> RT #USER#: Thanks for your contribution!! #URL# <document> #USER# #USER# LOL Deuteronomy was written long before Jesus was born. <document> #USER# #USER# Witnesses..?? Witness Soros! #URL# <document> #USER# Debbie Wasserman Schultz was chairman of the Democratic National Committee until just before the Philadelphia convention. <document> RT #USER#: Germany: Green Party wants to distribute passports to "climate refugees" #URL# #URL# <document> #USER# Xenophobia? Mecca and Medina do not allow entry of Jews, Hindus, Buddhists, Shintos, Christians, anims... #URL# <document> #USER# #USER# #USER# #USER# #USER# I will be president! #URL# <document> #USER# #USER# You don't know the history of the Muslim conquests. <document> #USER# Export more settlements and secret jihadists. <document> RT #USER#: State lawmakers are happy that so-called "feminist groups" won't stand up for women's rights. This has been around for a long time… <document> RT #USER#: The "Ring of Fire" solar eclipse captured in stunning photos from around the world #URL# #URL# <document> RT #USER#: #USER# You can' Don't cover this enough. .. #URL# <document> #USER# #USER# No one was killed following the New Testament Jesus. <document> #USER# If you loved the Mueller report, you're begging to hear Joe Malarkey's testimony! #URL# <document> #USER# #USER# Musa! Moses is a prophet recognized by Muslims. Moses led the "People of the Book" or the Jews… #URL# <document> #USER# #USER# 700-720 AD Abdulmalik sets aside Christians for forcible conversion or death - usually crucifixion. <document> #USER# #USER# Key conspirators may have hoped to use McCain as a way to drive Democrats away from ... #URL# <document> #USER# Baby, it could have been worse. #URL# <document> #USER# #USER# Atheists claim that there is no God. However, atheists had to borrow their code of ethics from the Ten Commandments. <document> #USER# Father Frost? Stalin was not known for his warmth. <document> #USER# #USER# John McCain used a partner of his foundation to deliver the Steele mess to Comey. George S… #URL# <document> #USER# #USER# Joe Biden sworn in? The best thing since the Mueller Report! #URL# <document> RT #USER#: Controversial radio legend Don Imus died this morning "after being in the hospital since Christmas Eve", a family representative just… <document> #USER# #USER# #USER# #USER# #USER # I shoot a lot of bots. <document> #USER# #USER# Dar al War A constant battleground against non-believers. <document> #USER# POC = People of Color This is a statement intended to create racial tension. <document> RT #USER#: Wow Crazy Nancy, what's going on? This is a big thing! #URL# <document> #USER# #USER# Chicagolooks more and more like Mogadishu. Democrats? What did they do for you Chicago? <document> #USER# #USER# Muslims say they know the prophets and respect Jesus. Do you respect Jesus? <document> #USER# Is she a girl or a girl? the photo is brutal! <document> #USER# #USER# The Hindu Kush Mountains was the name given to the "Hindu Massacre" as they conquered the Muslim armies marching on India. <document> #USER# #USER# I thought black voters were voters. <document> RT #USER#: Where is CIA Director Gina Haspel? CIA analyst Eric Ciaramella, using his position... <document> RT #USER#: 👀 Adam Schiff Business Partner Arrested by LAPD <document> #USER# #USER# 14 followers in 7 years, impressive! <document> RT #USER#: Hey, Republicans! Anyone want to look at this? HUNTER BIDEN BUY A $2.5 MILLION HOLLYWOOD HILLS HOUSE IN JUNE FOR $14.00… <doc> RT #USER#: De Blasio gives cellphones, MetroCards, and gift cards to freed NYC inmates #URL# #URL# <document> RT #USER#: Scientists, men's first c… <document> #USER# #USER# If you liked the Mueller Report, you're begging to hear Joe Malarkey's testimony! #URL# <document> #USER# #USER# Muhammad applied the Law of Moses. Adulterers were stoned according to the Mosaic Law. Muhammad is a… #URL# <document> #USER# #USER# Atheists are considered unbelievers by Muslims. <document> RT #USER#: WHO IS BERINE SANDERS? WHO IS THAT.Why Bernie Sanders' Communist Misfortunes Still Matter #URL# via @… <document> RT #USER#: PANIC IN DC #URL# <document> #USER# #USER# Raise your hand if you're sure. <document> #USER# #USER# You are a perverted soul. <document> RT #USER#: "Truth will eventually triumph where there is pain to bring it to light." --George Washington <document> RT #USER#: AMAZING: Pelosi beats President Trump and... <document> RT #USER#: An illegal alien is arrested after allegedly killing a person in Cobb County, Georgia shooting woman and her young daughter… <document> #USER# #USER# We used to live in Chicago... #URL# <document> #USER# #USER# What was before the Big Bang? <document> RT #USER#: Lower the voting age to 16, okay charlatan. #URL# <document> RT #USER#: "They're lying to you": President Trump previously held private meetings with Navy SEALs to discuss the war in Afghanistan candidly:… <document> #USER# Crossing trio broad if there is a white ...??? <document> #USER# #USER# You are not interested in democracy. <document> RT #USER#: 11:37 PM EST, 12/27/2019 T IMPORTANT FOR YOU A ! I 3 ... #URL# <document> RT #USER#: Dr. Ben Carson- I agree. "I believe in God who can change people - he can make any of us better." #USER# <document> #USER# #USER# San Fecesco, E. ColiforniaPo Po spends time doing nothing, just walking around... #URL# <document> #USER# #USER# They are attaching the fake Vacuum here. <document> #USER# #USER# #USER# #USER# #USER# You are not a very good liar. You don't even know who it is… #URL# <document> #USER# #USER# #USER# Are you working for Greta? <document> RT #USER#: Trump is the winner and the Lord is a blessing to us. I meant this for the creepy porn lawyer. #URL#… <document> #USER# #USER# I don't need your explanation. <document> RT #USER#: No, Christians are not against President #USER# because we don't use a magazine, we use the Bible. #HASHTAG#… <document> #USER# #USER# Muslims relentlessly attacked the Christian world for 550 years BEFORE the First Crusade. <document> #USER# I would love to see them on TMZ. <document> #USER# #USER# Jill doing charity work in Mexico and Hunter getting on her nerves in Hollywood? <document> RT #USER#: "Dow Closes at All-Time High!" #USER# #USER# <document> RT #USER#: #USER# #HASHTAG# Witness #URL# <document> #USER# #USER# Hillary is calling you, Rashida Talaib <document> #USER# #USER# This is It was long before Jesus. Jesus Christ Christianity takes its name from Jesus Christ. Christ… #URL# <document> #USER# #USER# Muslim thieves attacked and robbed Christian pilgrims on their way to the Holy Land to visit the Holy Land… #URL# <document> #USER# #USER# #USER# #USER# Hillary en could at least recommend a plastic surgeon. <document> RT #USER#: IG Report Reveals Steele's Reports on John McCain After the FBI Shot Him Down: It's surprising and it shows what... <document> RT #USER#: Obama and his wife, Michelle, in a famous They signed a book deal. $65 million in 2017. Now, says President Trump, '… <document> RT #USER#: It's interesting to see Nancy Pelosi demand justice from #USER# McConnell while she heads the UNC... <document> #USER# Bernie Sanders lemonade does not have sufficient qualifications to operate the stand. <document> RT #USER#: The terrorist killing of 12 Christian hostages in Nigeria was largely ignored at Christmas. We are deeply saddened… <document> #USER# According to Sharia law, the penalty for blasphemy is death. <document> #USER# #USER# Flake is irrelevant ! <document> RT #USER#: [They] are editing #USER# movies now? Very cool. Wait until we get Obama out of the history books. #HASHTAG#… <document> #USER# I will be President. #URL# <document> RT #USER#: Trump Campaign Launching "Evangelicals for Trump" in Majority Spanish Megachurch #URL# <document> RT #USER#: #USER# #USER# Great. Since G‑d is with them, they don't need our money or our politicians and... <document> RT #USER#: Terrible! This video is from Bangladesh, here Abu Taher, a Bangladeshi Muslim, beats a Hindu boy Raju Chandra here… <document> #USER# #USER# You wouldn't quote the Old TestamentWill you do Jesus' service begins in the New Testament. <document> #USER# #USER# Winner Winner Winner Winner Winner Winner Winner Winner Winner Winner… #URL# <document> #USER# Homeless? Shelter doesn't matter. The homeless need opioids, cocaine, marijuana and meth. <document> RT #USER#: Q DROP THREAD 12.28.19 'I'm at WAR with MSM because they describe themselves as objective observers of reality, whereas… <document> RT #USER#: I'm glad President Trump spoke about homelessness in California. The media only talks about what Trump does.… <document> #USER# #USER# God is said to be Alpha and Omega. If the Creator is omnipresent, it exists in the past,… #URL# <document> #USER# #USER# Obama Era Concentration Camp Visitor Commander Jeh Johnson #URL# <document> #USER# The British people have shaken British politics. <document> #USER# #USER# Mogadishu was glad that Bill Clinton took the famine relief and went home. <document> RT #USER#: . Yes, talk no more Victor Davis Hanson #URL# <document> #USER# #USER# #USER# We love Trump! <document> #USER# #USER# Muslim martyrs die in war by killing infidels (non-believers). Christian martyrs went to their deaths… #URL# <document> #USER# Joe Biden doesn't want to testify because his actions led to the president's investigation into corruption... #URL# <document> RT #USER#: Here's a thread from Pearson Publishing in July and I did the corrupt Book Deals made by his subsidiaries with Obama,… </documents></writer>