  <documents>    <document> Michael Joslin: 5 Fast Facts You Need to Know #URL# #URL#      <document> Jessica Simpson Looks Sultry on Eric Johnson’s Lock Screen #URL# #URL#      <document> Bills vs Browns Preseason Live Stream: How to Watch Without Cable #URL# #URL#      <document> Complete Timed Trials: How to Solve Fortnite Week 6 Challenge #URL# #URL#      <document> ‘Disenchantment’: Meet the Netflix Cast #URL# #URL#      <document> Last Chance U: Where Are the EMCC Players Now? #URL# #URL#      <document> ‘Are You the One’ Season 7 Cast Spoilers #URL# #URL#      <document> Donald Trump Reacts to Aretha Franklin’s Death #URL# #URL#      <document> Pokemon Go Regirock: Best Counters &amp; Moves in Raids #URL# #URL#      <document> How to Watch Little League World Series 2018 Online Without Cable #URL# #URL#      <document> Cardinals vs Saints Preseason Live Stream: How to Watch Without Cable #URL# #URL#      <document> Don Woodson Ellis Jr: 5 Fast Facts You Need to Know #URL# #URL#      <document> 10 Total Warfare: Epic Three Kingdoms Tips &amp; Tricks You Need to Know #URL# #URL#      <document> Kecalf Cunningham, Aretha Franklin’s Son: 5 Fast Facts You Need to Know #URL# #URL#      <document> WATCH: Aretha Franklin Sings ‘America’ at Obama Inauguration [VIDEOS] #URL# #URL#      <document> Jessica Cox, Mike Trout’s Wife: 5 Fast Facts You Need to Know #URL# #URL#      <document> Dane Cook &amp; Kelsi Taylor: 5 Fast Facts You Need to Know #URL# #URL#      <document> Shanann Watts: Pregnant Colorado Mom &amp; 2 Daughters Missing #URL# #URL#      <document> John Gately III: 5 Fast Facts You Need to Know #URL# #URL#      <document> Chris Watts: 5 Fast Facts You Need to Know #URL# #URL#      <document> Cape Cod Shark Attack Leaves 1 Person in Critical Condition #URL# #URL#      <document> Kobe Bryant &amp; BodyArmor: 5 Fast Facts You Need to Know #URL# #URL#      <document> Martha Al-Bishara: 5 Fast Facts You Need to Know #URL# #URL#      <document> Omarosa’s Lara Trump Tape Reveals an Alleged $15,000 Monthly Buyout Offer #URL# #URL#      <document> New Fortnite Update: Do We Know What Is Patch 1.72? #URL# #URL#      <document> Montana Fire Maps: Track Fires Near Me Right Now [August 15] #URL# #URL#      <document> Clarence Franklin, Aretha Franklin’s Oldest Son #URL# #URL#      <document> WATCH: Judge Elizabeth Scherer Blasts Attorney Dana McElroy #URL# #URL#      <document> National Black Cat Appreciation Day 2018: 5 Fast Facts You Need to Know #URL# #URL#      <document> Brett Read: 5 Fast Facts You Need to Know #URL# #URL#      <document> How to Watch ‘All or Nothing: Manchester City’ Online for Free #URL# #URL#      <document> Fortnite Item Shop Update Adds Whiteout &amp; Overtaker Skins #URL# #URL#      <document> Pokemon Go Regirock: Max CP, Stats &amp; Best Moveset #URL# #URL#      <document> WATCH: Chris Watts Appears in Court [FULL VIDEO] #URL# #URL#      <document> Aretha Franklin: Sublime Soul Diva Whose Voice Inspired the Civil Rights Movement #URL# #URL#      <document> ‘Born This Way’ Season 4 Cast Spoilers #URL# #URL#      <document> Aretha Franklin Cause of Death: How Did the ‘Respect’ Singer Die? #URL# #URL#      <document> Eagles vs Patriots Preseason Live Stream: How to Watch Without Cable #URL# #URL#      <document> Bomb Threat Against Boston Globe: 5 Fast Facts You Need to Know #URL# #URL#      <document> Aretha Franklin Shooting: Gunshot Victim in “Serious Condition” After Argument About Franklin… #URL#      <document> William McRaven: 5 Fast Facts You Need to Know #URL# #URL#      <document> Cara Mund &amp; Gretchen Carlson: 5 Fast Facts You Need to Know #URL# #URL#      <document> 10 Talking Tom Candy Run Tips &amp; Tricks You Need to Know #URL# #URL#      <document> AGT 2018 Live Results: Who Made it Through Tonight? – 8/15/2018 #URL# #URL#      <document> ‘Alaskan Bush People’ Season 8 Premiere Date &amp; Time #URL# #URL#      <document> Gina Loudon: 5 Fast Facts You Need to Know #URL# #URL#      <document> James Brewster: 5 Fast Facts You Need to Know #URL# #URL#      <document> WATCH: Jason Kessler Gets Yelled at by His Dad on Live Video #URL# #URL#      <document> Chiefs vs Falcons Preseason Live Stream: How to Watch Without Cable #URL# #URL#      <document> Planes Collide On the Ground at O’Hare Airport #URL# #URL#      <document> Jake Wilson Missing: 5 Fast Facts You Need to Know #URL# #URL#      <document> 2018 NFL Season Win Totals: Patriots First, Browns Last #URL# #URL#      <document> Victorie Franklin, Aretha’s Granddaughter: 5 Fast Facts You Need to Know #URL# #URL#      <document> Hairdorables: Where to Buy &amp; What’s Available Now (Updated!) #URL# #URL#      <document> Michael Misick: 5 Fast Facts You Need to Know #URL# #URL#      <document> 5 Best Cushioned Running Shoes (2018): Your Easy Buying Guide #URL# #URL#      <document> Fortnite Disables Rifts: When Will They Return? #URL# #URL#      <document> Eight Austin Cops Fire, Kill Armed Man Outside Rapper Youngboy Show #URL# #URL#      <document> Montana Fire Maps: Track Fires Near Me Right Now [August 17] #URL# #URL#      <document> Britney Spears Dances With Boyfriend Sam Asghari in Crop Top, Tight Jeans #URL# #URL#      <document> Steelers vs. Packers: Preseason Odds &amp; Prediction #URL# #URL#      <document> Mariah Carey Has Fun Posing With Her Daughter In a Bikini #URL#      <document> Cameras Can Catch Cars That Run Red Lights, but That Doesn’t Make Streets Safer #URL# #URL#      <document> Celebrities React to Aretha Franklin’s Death #URL# #URL#      <document> How to Watch ‘Born This Way’ Season 4 Episodes Online #URL# #URL#      <document> Elon Musk Is Building a Tunnel From East Hollywood to Dodger Stadium #URL# #URL#      <document> Diablo 3 Switch: Exclusive Features, Content &amp; More #URL# #URL#      <document> Is ‘World of Dance’ on TV Tonight? #URL# #URL#      <document> How to Watch AGT 2018 Live Results Tonight Online – 8/15/18 #URL# #URL#      <document> WWE: Will Dean Ambrose Turn Heel at SummerSlam 2018? #URL# #URL#      <document> Christina Davis Jolly: 5 Fast Facts You Need to Know #URL# #URL#      <document> New Bethel Baptist Church: 5 Fast Facts You Need to Know #URL# #URL#      <document> Dolphins vs Panthers Preseason Live Stream: How to Watch Without Cable #URL# #URL#      <document> WE Day 2018 on ABC Live Stream: How to Watch the Special #URL# #URL#      <document> Pokemon Go Raid Boss List for August 16 to September 20 #URL# #URL#      <document> Selena Gomez Posts Stunning, Rare Bikini Photo to Instagram #URL# #URL#      <document> 11 Best Galaxy Note 9 Accessories: The Ultimate List (2018) #URL# #URL#      <document> Oregon &amp; Washington Fire Maps: Track the Fires Near Me Right Now [August 15] #URL# #URL#      <document> Melvin Harris III: 5 Fast Facts You Need to Know #URL# #URL#      <document> Olivia Culpo Shares Pic in Bed With Danny Amendola #URL# #URL#      <document> Jimmy Butler Comment on Dwyane Wade’s Wife’s Instagram Sparks Beef #URL# #URL#      <document> Omar Abdulsattar Ameen: 5 Fast Facts You Need to Know #URL# #URL#      <document> Hermeisha Robinson &amp; Dorneisha Zachary: 5 Fast Facts You Need to Know #URL# #URL#      <document> Rex Burkhead Injury: ‘Slight Tear’ is Worrisome for Fantasy Owners #URL# #URL#      <document> WATCH: Andrew Cuomo Says “America Was Never That Great” #URL# #URL#      <document> Michael Hill: 5 Fast Facts You Need to Know #URL# #URL#      <document> 5 Best Biometric Gun Safes for Sale (2018) #URL# #URL#      <document> Aretha Franklin &amp; Donald Trump: 5 Fast Facts You Need to Know #URL# #URL#      <document> 5 Best Pre Workout Supplements (2018) #URL# #URL#      <document> 5 Best Drugstore Highlighter Options: Compare &amp; Save (2018) #URL# #URL#      <document> Red Sox vs Rays Live Stream: How to Watch Series Online #URL# #URL#      <document> Stantrell Whitfield: 5 Fast Facts You Need to Know #URL# #URL#      <document> Simona Mangiante, George Papadopoulos’ Wife: 5 Fast Facts You Need to Know #URL# #URL#      <document> NFL Preseason Odds: Week 2 Betting Lines &amp; Trends #URL# #URL#      <document> Brandi Redmond &amp; Husband Bryan Adopt Baby Boy Bruin #URL# #URL#      <document> Giants vs Lions Preseason Live Stream: How to Watch Without Cable #URL# #URL#      <document> The Funeral for National Treasure Aretha Franklin Expected to be Historic #URL# #URL#      <document> Patriots vs. Eagles: Preseason Odds &amp; Prediction #URL# #URL#      <document> How to Stream &amp; Listen to Ariana Grande’s ‘Sweetener’ Album #URL# #URL#      <document> Rita Ora Bares All in Braless Instagram Snap #URL#    </documents></author><documents> <document> Michael Joslin: 5 Quick Facts You Need to Know #URL# #URL# <document> Jessica Simpson Looks Hot on Eric Johnson's Lock Screen #URL# #URL# <document> Bills vs Browns Preseason Live Stream : Watch Without Cable #URL# #URL# <document> Complete Timed Trials: How to Solve Fortnite Week 6 Challenge #URL# #URL# <document> "Disenchantment": Netflix Cast #URL# #URL# <document > Final Chance U: Where Are The EMCC Players Right Now? #URL# #URL# <document> "Are You the One" Season 7 Cast Spoiler #URL# #URL# <document> Donald Trump, Reaction to Aretha Franklin's Death #URL# #URL# <document> Pokemon Go Regirock: Best Counters & amp; Actions in Raids #URL# #URL# <document> How to Watch Little League World Series 2018 Online Without Cable #URL# #URL# <document> Cardinals vs Saints Pre-Season Live: How to Watch Off Cable #URL# #URL# <document > Don Woodson Ellis Jr: 5 Quick Facts You Need to Know #URL# #URL# <document> 10 Total Warfare: Epic Three Kingdoms Tips &amp; Tips To Know #URL# #URL# <document> Aretha Franklin's Son Kecalf Cunningham: 5 Quick Facts You Need to Know #URL# #URL# <document> WATCH: Aretha Franklin Sings "America" ​​at Obama's Inauguration [VIDEOS ] #URL# #URL# <document> Jessica Cox, Mike Trout's Wife: 5 Quick Facts You Should Know #URL# #URL# <document> Dane Cook &amp; Kelsi Taylor: 5 Quick Facts You Need to Know #URL# #URL# <doc> Shanann Watts: Pregnant Colorado Mom & amp; Missing 2 Girls #URL# #URL# <document> John Gately III: 5 Short Facts You Need to Know #URL# #URL# <document> Chris Watts: 5 Quick Facts You Need to Know #URL# #URL# <document > Cape Cod Shark Attack Leaves 1 Person in Critical Condition #URL# #URL# <document> Kobe Bryant &amp; BodyArmor: 5 Quick Facts You Should Know #URL# #URL# <document> Martha Al-Bishara: 5 Simple Facts You Should Know #URL# #URL# <document> Omarosa's Lara Trump Tape Announces A $15,000 Monthly Purchase Offer #URL# #URL# <document> New Fortnite Update: Do We Know What Patch 1.72 Is? #URL# #URL# <document> Montana Fire Maps: Track Fires Near Me Right Now [August 15] #URL# #URL# <document> Clarence Franklin, Aretha Franklin's Oldest Son #URL# #URL# <document > WATCH: Judge Elizabeth Scherer, Attorney Dana McElroy #URL# #URL# <document> National Black Cat Appreciation Day 2018: 5 Short Facts You Need to Know #URL# #URL# <document> Brett Read: 5 Short Facts You Need to Know# URL # #URL# <document> How To Watch 'All or Nothing: Manchester City' Online For Free #URL# #URL# <document> Fortnite Item Shop Update Whiteout &amp; Overtaker Skins #URL# #URL# <document> Pokemon Go Regirock: Max. CP, Statistics & amp; Best Move Set #URL# #URL# <document> WATCH: Chris Watts Appears in Court [FULL VIDEO] #URL# #URL# <document> Aretha Franklin: The Diva of the Great Spirit whose Voice Inspired Civil RightsMovement #URL# #URL# <document> "Born This Way" Season 4 Cast Spoiler #URL# #URL# <document> Aretha Franklin Cause of Death: How "Respect" Singer Died? #URL# #URL# <document> Eagles vs Patriots Preseason Live: How to Watch Without Cable #URL# #URL# <document> The Bomb Threat To The Boston Globe: 5 Quick Facts You Need To Know #URL# #URL# < document> The Shooting of Aretha Franklin: About Franklin Victim Shot "Solemnly" After Controversy... #URL# <document> William McRaven: 5 Quick Facts You Should Know #URL# #URL# <document> Cara Mund &amp; Gretchen Carlson: 5 Short Facts You Should Know #URL# #URL# <document> 10 Talking Tom Candy Run Tips &amp; Tips You Need To Know #URL# #URL# <document> AGT 2018 Live Results: Who Made it Tonight? – 15/8/2018 #URL# #URL# <document> "Alaskan Bush People" Season 8 Premiere Date &amp; Time #URL# #URL# <document> Gina Loudon: 5 Quick Facts You Should Know #URL# #URL# <document> James Brewster: 5 Quick Facts You Should Know #URL# #URL# <document> WATCH: Jason Kessler, Live Getting Scolded By His Father In Video #URL# #URL# <document> Chiefs vs Falcons Pre-Season Live Stream: How to Watch Without Cable #URL# #URL# <document> Planes Collide on Ground at O'Hare Airport #URL# #URL# < document> Jake Wilson Missing: 5 Quick Facts You Need to Know #URL# #URL# <document> 2018 NFL Season Total Wins: Patriots First, Browns Last #URL# #URL# <document> Aretha's Granddaughter Victorie Franklin: 5 You Need to Know Short Fact #URL# #URL# <document> Hair Beauties: Where to Buy &amp; What's Available Now (Updated!) #URL# #URL# <document> Michael Misick: 5 Short Facts You Need to Know #URL# #URL# <document> Top 5 Cushioned Running Shoes (2018): Your Easy Buying Guide #URL # #URL# <document> Fortnite Disables Rifts: When Will They Return? #URL# #URL# <document> Eight Austin Cops Shoot, Rapper Youngboy Kill Man With Gun Outside Demonstration #URL# #URL# <document> Montana Fire Maps: Watch Fires Near Me Now [August 17] #URL# #URL# <document> Britney Spears Dances In Crop Top, Skinny Jeans With Her Boyfriend Sam Asghari #URL# #URL# <document> Steelers vs. Packers: Pre-Season Odds &amp; Prediction #URL# #URL# <document> Mariah Carey Having Fun Posing In Bikini With Her Daughter #URL# <document> Cameras Can Catch Red Light Cars, But It Doesn't Make The Streets Safer #URL# #URL# <document> Celebrities Aretha Franklin Reacting to 's Death #URL# #URL# <document> How To Watch 'Born This Way' Season 4 Episodes Online #URL# #URL# <document> Elon Musk Builds A Tunnel From East Hollywood to Dodger Stadium # URL# #URL# <document> Diablo 3 Key: Special Features, Content &amp; More #URL# #URL# <document> Is "World of Dance" on TV Tonight? #URL# #URL# <document> How to Watch AGT 2018 Live Results Online Tonight – 15/8/18 #URL# #URL# <document> WWE: Will Dean Ambror Return Heel at SummerSlam 2018? #URL# #URL# <document> Christina Davis Jolly: 5 Quick Facts You Should Know #URL# #URL# <document> The New Bethel Baptist Church: 5 Quick Facts You Should Know #URL# #URL# <document> Dolphins vs Panthers Season Pre-Live: How To Watch Without Cable #URL# #URL# <document> ABC Live Stream WE Day 2018: Special #URL# #URL# <document> How To Watch Pokemon Go August Boss Go Raid List September 16 - 20 #URL # #URL# <document> Selena Gomez Posts Stunning Rare Bikini Photo On Instagram #URL# #URL# <document> 11 Best Galaxy Note 9 Accessories: Top List (2018) #URL# #URL # <document> Oregon &amp; Washington Fire Maps: Watch Fires Near Me Now [August 15] #URL# #URL# <document> Melvin Harris III: 5 Quick Facts You Need to Know #URL# #URL# <document> Olivia Culpo Shares Pictures In Bed With Danny Amendola #URL # #URL# <document> Jimmy Butler Comments on Dwyane Wade's Wife's Instagram Sparks Steaks #URL# #URL# <document> Omar Abdulsattar Ameen: 5 Quick Facts You Should Know #URL# #URL# <document > Hermeisha Robinson &amp; Dorneisha Zachary: 5 Quick Facts You Should Know #URL# #URL# <document> Rex Burkhead Injury: 'Slightly Torn' Fantasy Concerns For Owners #URL# #URL# <document> WATCH: Andrew Cuomo Says "America Never Was" Great ” #URL# #URL# <document> Michael Hill: 5 Quick Facts You Should Know #URL# #URL# <document> Top 5 Biometric Gun Safes for Sale (2018) #URL# #URL# <document> Aretha Franklin &amp; Donald Trump: 5 Quick Facts You Should Know #URL# #URL# <document> Top 5 Pre-Workout Supplements (2018) #URL# #URL# <document> 5 Best Drugstore Highlighter Options: Compare &amp; Save (2018) #URL# #URL# <document> Red Sox - Rays Live Stream: How To Watch Series Online #URL# #URL# <document> Stantrell Whitfield: 5 Quick Facts You Should Know #URL# #URL# <document> Simona Mangiante, George Papadopoulos' Wife: 5 Quick Facts You Need to Know #URL# #URL# <document> NFL Preseason Odds: Week 2 Betting Lines &amp; Trends #URL# #URL# <document> Brandi Redmond &amp; Big Bryan Adopts Baby Boy Bruin Bruin #URL# #URL# <document> Giants vs Lions Pre-Season Live: How To Watch Without Cable #URL# #URL# <document> National Treasure Aretha Franklin Is Waiting To Be Historic # URL# #URL# <document> Patriots vs. Eagles: Pre-Season Odds &amp; Prediction #URL# #URL# <document> Stream &amp; Listen to Ariana Grande's "Sweetener" Album #URL# #URL# <document> Rita Ora Braless Instagram Snap #URL# </documents></author>