  <documents>    <document> #USER# #USER# ↑ *First picture is from the Unbroken premiere in December 2014*      <document> Fan, Seth H. on Facebook, 11/25/2019 - "Met Finn while at work today. Really down to Earth guy" #URL#      <document> RT #USER#: Oh how I love Dandy! 🤡One of the greatest ahs characters of all time, and played fantastically by Finn Wittrock! 💯✨hope…      <document> 📸Pic from #USER#'s Instagram - Australia 🇦🇺 needs us! People and animals are dying due to the extreme fires… #URL#      <document> "#USER# . . . celebrating one of the great icons of our time with you has been one of my great life blessing… #URL#      <document> RT #USER#: Now that it’s 2020, we can officially look forward to #USER# and #USER# newest #USER# series 'Ratched', starr…      <document> #USER# It really is! You can just see the admiration for Renée on Finn's face🥺      <document> RT #USER#: For the weekend crowd:  I released a new short this week. Give it a watch (only 10 mins) if you haven't already. Hope you…      <document> RT #USER#: A little something to celebrate. 🎆 #HASHTAG# is now on Digital. Coming to Blu-ray and DVD 12/24. #URL#      <document> RT #USER#: this is so cute🥺 #URL#      <document> RT #USER#: Wohooo...! Finn Wittrock Cast In New Regency’s ‘Deep Water’ Starring Ben Affleck – Deadline #URL#      <document> The DisInsider shared a list today of upcoming movies for 2020. "Deep Water" is getting a theatrical release with a… #URL#      <document> "I have to thank my fellow actors; the gifted Jessie Buckley and #USER#, Rufus Sewell . . . sharing the cele… #URL#      <document> RT #USER#: The Poet                     The Poem #URL#      <document> #USER# #USER# Finn has been doing exceptional work for so many years now. I definitely recommend chec… #URL#      <document> #USER# #USER# The Out of Solidarity for Peanut Movement😂 I'm here for it. On a more serious note, ple… #URL#      <document> RT #USER#: Relive the award-winning series #HASHTAG#, now on #USER#: #URL# #URL#      <document> RT #USER#: Can I just say... I absolutely love that #USER# worked with Debbie Reynolds in Halloweentown High, and now he's worked…      <document> #USER# You're absolutely welcome, Eric! You work deserves so much more recognition      <document> "Congrats Renee! No one deserves it more than your Judy" - #USER# shares photo on Instagram of himself, René… #URL#      <document> Hey everyone, big heads up! There's somebody on Instagram who is trying to pass themselves off as #USER#. Pl… #URL#      <document> RT #USER#: I can’t get over this adhgh it’s too adorbs ♥️ #URL#      <document> RT #USER#: I met #USER# today! Thanks so much for making my day! #URL#      <document> #USER# The best AHS couple, period!      <document> .#USER# at the 2020 Vanity Fair Oscar After Party last night, February 9, 2020  📸 → #URL# #URL#      <document> RT #USER#: I’m sorry but I’m having too much fun with these. #USER# for the #HASHTAG# #URL#      <document> Apologies for being almost a week late with this, but #HASHTAG# is now on DVD and Blu-Ray! Have you seen the mov… #URL#      <document> #USER# He's always wearing impeccable suits! He has a great stylist team      <document> RT #USER#: Before the year/decade are out, I wanted to say a sincere thanks to everyone who has watched and given signal boosts to my…      <document> RT #USER#: .#USER# presented Renée Zellweger with the Best Actress award for her role as Judy Garland in #HASHTAG# at AAR…      <document> .#USER# presented Renée Zellweger with the Best Actress award for her role as Judy Garland in #HASHTAG# a… #URL#      <document> Check out Irina's Instagram for all of the photos she has shared! → #URL# [2/2      <document> #USER# #USER# Me too! It introduces more people to his spectacular talent, and it makes me ecstatic!… #URL#      <document> #USER# It was really well done by everyone involved ❤      <document> What is your favorite musical number from #HASHTAG#? ↓ Mine is definitely "A Lovely Night" 🌌 #URL#      <document> #USER# Finn's portrayal of Jeff Trail was astounding! So good, but so devastating      <document> .#USER# Throughout the Decade⁣ - Theater⁣⁣⁣⁣⁣⁣⁣⁣⁣⁣⁣⁣⁣⁣⁣⁣⁣⁣⁣⁣⁣⁣⁣⁣⁣⁣⁣⁣⁣ ⁣⁣⁣⁣⁣⁣⁣⁣⁣⁣⁣⁣⁣⁣⁣⁣⁣⁣⁣⁣⁣⁣⁣⁣⁣⁣⁣⁣⁣   The Ag… #URL#      <document> RT #USER#: Today is #HASHTAG# , if you haven’t you should check out this brilliant film with lots of phenomenal actors #HASHTAG#…      <document> Hey all! If you're in the northeast US, this beautiful boy that shares a name with Finn is looking for a forever ho… #URL#      <document> RT #USER#: just watched Judy, such amazing performances by Renée Zellweger and Finn Wittrock. #USER# I am so honored to have…      <document> RT #USER#: Today’s #HASHTAG# by the_supreme_hub #HASHTAG# #USER# #USER# #URL#      <document> .#USER# doing a press junket for #USER# with co-stars #USER#, Garrett Hedlund, Jack O'Conne… #URL#      <document> "I gotta thank my actors; Jessie Buckley, #USER#, Rufus Sewell" - Renée Zellweger does it again! Last night,… #URL#      <document> Hi everyone! Eric directed a short film titled "Extra Credit" and released it today, so please take 10 minutes to c… #URL#      <document> #USER# Amazing scene with Finn Wittrock and John Carroll Lynch! 👏🏼      <document> #USER# Renée's shout out to Finn is at the 1 minute 53 second mark ♥      <document> Renée Zellweger receives an award for her work, and ends up doting on the presenter, her #HASHTAG# co-star… #URL#      <document> Happy Monday friends! Tomorrow will be an exciting day, because #HASHTAG# will be out on DVD &amp; Blu-Ray! Anothe… #URL#      <document> RT #USER#: Found this while out exploring today... immediately thought Dandy was gonna run out haha. Can’t wait to visit the Longue…      <document> RT #USER#: #USER# It wasn’t hard. Just watched some westerns and channeled dandy’s inner Clint Eastwood.      <document> #HASHTAG# isn't the first time #USER# and #USER# are in a movie together. Both act… #URL#      <document> I've made it tradition every year since 2015 to watch the incredibly beautiful film, The Normal Heart on… #URL#      <document> .#USER# and the ever beautiful Sarah Wittrock at the 2020 Vanity Fair Oscar After Party last night, February… #URL#      <document> RT #USER#: #USER# #USER# 😭 I’m so happy for him! #URL#      <document> .#USER# at the 2019 GQ Men Of The Year event last night, December 5, held at The West Hollywood Edition in W… #URL#      <document> RT #USER#: Appreciation tweet to this great indie movie (Locating Silver Lake) directed by #USER#, starring #USER# 🖤 htt…      <document> AARP The Magazine's 19th Annual Movies For Grownups Awards will be broadcast on PBS at 6 pm ET. See… #URL#      <document> .#USER# Throughout the Decade⁣ - Movies⁣⁣⁣⁣⁣⁣⁣⁣⁣⁣⁣⁣⁣⁣⁣⁣⁣ ⁣⁣⁣⁣⁣⁣⁣⁣⁣⁣⁣⁣⁣⁣⁣⁣⁣       Twelve              Semper… #URL#      <document> RT #USER#: They were so great together in #HASHTAG# , this is so sweet! 🤩 #USER# #HASHTAG# #URL#      <document> #USER# 📸 Another great shot of #USER# by Alexi Lubomirski for Man About Town - Issue: Man About Town:… #URL#      <document> RT #USER#: Every year on #HASHTAG# I’m watching the heartbreaking, mind-blowing &amp; great movie #HASHTAG# Thanks to all involve…      <document> .#USER# at the Vanity Fair, Amazon Studios and Audi Celebrate The 2020 Awards Season event at San Vicente Bu… #URL#      <document> RT #USER#: #USER# Think I’m gonna change my name to peanut too. Out of solidarity.      <document> These are way too fun to make, because Dandy is just so quotable 😂 #URL#      <document> Hi everybody! I have been under the weather for the past few weeks, and I sincerely apologize for my absence here.… #URL#      <document> RT #USER#: does this count as a fancam  (source: #USER# via #USER#) #URL#      <document> #HASHTAG# is also still available across all Digital platforms as well! Just a little FYI ♥ ↓ #URL#      <document> RT #USER#: #USER# #USER# Every time she wins, I see Finn’s victory as well!!! So so proud 👏🏽      <document> [VIDEO] #USER# at the 2020 Vanity Fair Oscar After Party last night, February 9, 2020  📹 Getty Images Video #URL#      <document> RT #USER#: .#USER# - Season 15 Episode 5 "Wonderland Story" #URL# #URL#      <document> RT #USER#: My second feature film #USER# is now available w/ AmazonPrime membership  Hope you’ll check it out 🎥🎈If you dig i…      <document> Part 2⁣⁣ ⁣⁣ The Poet                         The Poem #URL#      <document> #USER# I don't usually use the replies/comment sections of social media to do this, but if you're a Finn Wittrock f… #URL#      <document> The #HASHTAG# reunion we deserve 🙌🏼 #URL#      <document> HELP THOSE AFFECTED: #USER# is taking donations to support the communities affected  There are many resources,… #URL#      <document> #USER# Ohmygod "out of solidarity", yes! 😆😂 You're so selfless, Finn! I'm totally cool with this name change… #URL#      <document> Bobby hugging Benjamin and the first thing he says is "Dad..." I felt that 🥺 #HASHTAG# #HASHTAG#… #URL#      <document> #USER# #USER# Also huge congratulations to Renée for receiving an Oscar nomination in the Lead Actress… #URL#      <document> "A selfie-less Rose-fingered sunset to welcome in the new decade. May it be a great one for all of you. And a bette… #URL#      <document> Per #USER# via Instagram, "Unbroken" is now available to stream on Netflix Japan!  Instagramの… #URL#      <document> How great have the photos from this photoshoot been so far? 🔥 #URL#      <document> #USER# According to an article on #URL#, the awards ceremony will be shown on PBS on Sunda… #URL#      <document> FIREFIGHTERS: Donations to #USER# help the volunteer firefighters in New South Wales. Info to help Victorian firef… #URL#      <document> RT #USER#: #HASHTAG# #USER# 2014 #USER# starred in this true story, originally a play by #HASHTAG# about a g…      <document> RT #USER#: this is silly #URL#      <document> RT #USER#: Do yourself a favor and check out my best pal #USER# ‘s new short film. A great piece to watch and then Discuss wit…      <document> RT #USER#: I am incredibly appreciative of the grassroots folks, film festivals, and audiences who went out of their way to give the…      <document> Apologies if the Japanese is incorrect. I used Google Translate 😂 I am in the extreme beginning phases of learning… #URL#      <document> RT #USER#: Finn Wittrock and Darren Criss attend the 2019 GQ Men of the Year celebration at The West Hollywood EDITION on December 05,…      <document> #USER# Renée won the Actor® for Outstanding Performance by a Female Actor in a Leading Role for #HASHTAG#… #URL#      <document> 📸 Photographer Irina Timonina has shared more photos - in slideshow form - of #USER# and his #USER# c… #URL#      <document> Wanted to do an update on #USER#, the dog, whose adoption listing I found on PetFinder last month. Happy to… #URL#      <document> Nikki, the actress who played Jenny in American Horror Story: Asylum, met Finn during a charity event in 2018 ↓… #URL#      <document> Also I want to add that adopting a pet isn't something to take lightly. If you are serious about adopting, please d… #URL#      <document> Finn's top 9 Instagram posts for 2019 🌟 #HASHTAG# #URL#      <document> In one week, you'll be able to witness the magic everyone has been talking about when #HASHTAG# is available to… #URL#      <document> .#USER# Throughout the Decade⁣ - TV⁣⁣⁣⁣⁣⁣⁣⁣⁣⁣⁣⁣⁣⁣⁣⁣⁣⁣⁣⁣⁣⁣⁣⁣⁣⁣ ⁣⁣⁣⁣⁣⁣⁣⁣⁣⁣⁣⁣⁣⁣⁣⁣⁣⁣⁣⁣⁣⁣⁣⁣⁣⁣    All My Children… #URL#      <document> It's a clean sweep this awards season for Renée Zellweger! She took home the Best Actress Oscar last night for play… #URL#      <document> UK fans, you'll be able to own #HASHTAG# on Digital, DVD, and Blu-Ray on the respective dates listed in this twe… #URL#      <document> #USER# So precious! The mutual love and respect they have for each other is palpable ♥    </documents></author><documents> <document> #USER# #USER# ↑ *First image from Unbroken premiere in December 2014* <document> Fan, Seth H. on Facebook, 11/25/2019 - "I met Finn at work today. Really realistic guy" #URL# <document> RT #USER#: Oh, how much I love Dandy! 🤡One of the greatest ahs characters of all time and fantastically portrayed by Finn Wittrock! 💯✨hope… <document> Picture from 📸#USER#'s Instagram - Australia 🇦🇺 needs us! People and animals are dying from extreme fires… #URL# <document> "#USER# . . . Celebrating one of the greatest icons of our time with you has been one of my greatest blessings in life... #URL# <document> RT #USER# : Now that it's 2020, we can officially look forward to #USER# and #USER# newest #USER# drama "Ratched", starr… <document> #USER# It really is! You can only see the admiration on Finn's face for Renée🥺 <document > RT #USER#: For the weekend crowd: I released a new short movie this week. Watch it if you haven't yet (only 10 minutes). I hope… <document> RT #USER#: A little thing to celebrate. 🎆 #HASHTAG# is now Digital Coming 12/24 on Blu-ray and DVD #URL# <document> RT #USER#: that's cute🥺 #URL# <document> RT #USER#: Wow...! Finn Wittrock New Regency' Cast in 'Deep Water' Starring Ben Affleck – Deadline #URL# <document> The DisInsider today shared a list of upcoming movies in 2020. get theatrical play ... #UR Rent with L# <document> "I have to thank my fellow players; talented Jessie Buckley and #USER#, Rufus Sewell . . . rush sharing… #URL# <document> RT #USER#: Poet Poetry #URL# <document> #USER# #USER# Finn has been doing exceptional work for many years. I would definitely recommend checking it out… #URL# <document> #USER# #USER# Out of Solidarity for the Peanut Movement😂 This is what I'm here for. On a more serious note please… #URL# <document> RT #USER#: Relive the award-winning #HASHTAG# series, now #USER#: #URL# #URL# <document> RT #USER#: Can I'm just saying.. I love #USER# working with Debbie Reynolds at Halloweentown High and now she's working... <document> #USER# You're welcome Eric! Your work deserves a lot more recognition <document> "Congratulations Renee! No one deserves this more than your Judy" - #USER# posts a photo of René on Instagram… #URL# <document> Guys, attention! There is someone trying to present himself as #USER# on Instagram. Pl… #URL# <document> RT #USER#: I can't forget this adhgh it's so cute ♥️ #URL# <document> RT #USER#: I met #USER# today! Thanks so much for making my day! #URL# <document> #USER# Best AHS pair, period! <document> .#USER# last night on February 9, 2020 at the 2020 Vanity Fair Oscar After Party 📸 → #URL# #URL# <document> RT #USER#: Sorry but I'm having so much fun with these #USER# for the #HASHTAG # #URL# <document> Sorry for getting itIt's almost a week late to do this, but #HASHTAG# is now on DVD and Blu-Ray! Did you see the action... #URL# <document> #USER# He always wears the perfect suit! There's a great team of stylists <document> RT #USER#: Before the year/decade is up, my… <document> RT #USER#: . #USER# presented Renée Zellweger the Best Actress award for her role as Judy Garland in #HASHTAG# in AAR… <document> .#USER# won Best Actress for Renée Zellweger for her role as Judy Garland in #HASHTAG# a The actress presented her award … #URL# <document> Check out Irina's Instagram for all the photos she shared! → #URL# [2/2 <document> #USER# #USER# Me too! Introducing more people to his extraordinary talent and making me so happy!… #URL# <document> #USER# Everyone involved did really well ❤ <document> What's your favorite musical number from #HASHTAG#? ↓ Mine was definitely "A Beautiful Night" 🌌 #URL# <document> #USER# Finn's portrayal of Jeff Trail was astounding! So good, but so devastating <document> .#USER# Over Ten Years⁣ - Theater⁣⁣⁣⁣⁣⁣⁣⁣⁣⁣⁣⁣ ⁣ ⁣⁣ Ag… #URL# <document> RT #USER#: Today #HASHTAG# You should take a look at this amazing movie featuring many outstanding actors #HASHTAG#… <document> Hi everyone! If you're in the Northeast USA, this beautiful boy sharing the same name as Finn is looking for a forever lover… #URL# <document> RT #USER#: I just watched Judy, amazing performances by Renée Zellweger and Finn Wittrock. #USER# I am so honored to have... <document> RT #USER#: a press conference for today's #HASHTAG# #HASHTAG# #USER# #USER# #URL# <document> .#USER# #USER by the_supreme_hub doing #with co-stars #USER#, Garrett Hedlund, Jack O'Conne… #URL# <document> "I have to thank my cast; Jessie Buckley, #USER#, Rufus Sewell" - Renée Zellweger does it again! Last night… #URL# <document> Hello everyone! Eric directed a short film called "Extra Credit" and released it today, so please take 10 minutes and check it out... #URL# <document> #USER# Amazing scene with Finn Wittrock and John Carroll Lynch! 👏🏼 <document> #USER# Renée shouts out to Finn at the 1 minute 53 second mark ♥ <document> Renée Zellweger gets an award for her work and finally falls in love with the host, #HASHTAG# co-star… #URL# <document> Happy Monday guys! Tomorrow will be an exciting day because #HAHTAG# DVD &amp; BluRay! Anothe… #URL# <document> RT #USER#: Found this while exploring today... immediately thought Dandy would be gone haha. I can't wait to visit Longue… <document> RT #USER#: #USER# It wasn't hard. I just watched some westerns and channeled Clint Eastwood in dandy. <document> #HASHTAG# isn't the first time #USER# and #USER# have acted together in a movie. Both… #URL# <document> I made it a tradition homeTo watch the incredibly beautiful movie The Normal Heart since 2015… #URL# <document> .#USER# and the always beautiful Sarah Wittrock at the 2020 Vanity Fair Oscar After Party last night, February… #URL# < document > RT #USER#: #USER# #USER# 😭 I'm so happy for him! #URL# <document> .#USER# at the 2019 GQ Men of the Year event held at The West Hollywood Edition on December 5 at W… #URL# <document> RT #USER#: A thank you tweet to this great person Directed by #USER#, #USER# 🖤 htt… <document> AARP The Magazine's 19th Annual Senior Movies Awards will air at 6pm ET on PBS. See… #URL# <document> .#USER# Over Ten Years⁣ - Movies⁣⁣⁣⁣⁣⁣⁣⁣⁣⁣⁣⁣⁣ ⁣ ⁣⁣ Twelve Semper… #URL# <document> RT #USER#: They were so good together on #HASHTAG#, that's sweet! 🤩 #USER# #HASHTAG# #URL# <document> #USER# 📸 Alexi Lubomirski's amazing #USER# shoot for Man About Town - Issue: Man About Town:… #URL# <document> RT #USER#: Every year at #HASHTAG#, the heartbreaking, mind-blowing &amp; great movie #HASHTAG# Thanks to everyone who participated… <document> .#USER# At Vanity Fair, Amazon Studios and Audi Celebrate the 2020 Awards Season event at San Vicente Bu… #URL# <document> RT #USER#: #USER # I think I'll change my name to Peanut, too. Out of solidarity. <document> These are so fun to do because Dandy is so quotable 😂 #URL# <document> Hello everyone! I've been under the weather for the past few weeks and I sincerely apologize for my absence.… #URL# <document> RT #USER#: does this count as my fancam (source: #USER# via #USER#) #URL# <document> #HASHTAG# also Also available on all Digital platforms! A little FYI ♥ ↓ #URL# <document> RT #USER#: #USER# #USER# Every time he wins, I see Finn's victory too!!! So proud 👏🏽 <document> [VIDEO] #USER# 2020 Last night at the 2020 Vanity Fair Oscar After Party, February 9, 2020 📹 Getty Images Video #URL# <document> RT #USER#: .#USER# - Season 15. Episode "Wonderland Story" #URL# #URL# <document> RT #USER#: My second feature film #USER# is now available with AmazonPrime subscription I hope you check it out 🎥🎈If you dig… <document> Chapter 2⁣⁣ ⁣⁣ Poet Poetry #URL# <document> #USER# I don't usually use the replies/comments sections of social media to do this, but Finn Wittrock f… # URL# <document> The #HASHTAG# meetup we deserve 🙌🏼 #URL# <document> HELP THOSE AFFECTED: # USER# receives donations to support affected communities There are many resources,… #URL# <document> #USER# Oh my god "in solidarity", yes! 😆😂 You're so selfless Finn! I'm totally happy with this name change… #URL# <document> Bobby hugs Benjamin and the first thing he says is "Dad..." 🥺 #HASHTAG# #HASHTAG#… #URL# <document> #USER# #USER# Also huge congratulations to Renée for receiving an Oscar nomination for Leading Actress… #URL# <document> "A selfieless rose-fingered sunset to greet the new decade. One for all of you. And more better… #URL# <document> "Unbroken" for #USER# via Instagram is now available to watch on Netflix Japan! Instagramの… #URL# <document> How great have the photos from 🔥 #URL# <document> #USER# According to an article at #URL#, the award ceremony will be shown on PBS on Sunday… #URL# <document> FIREfighters: Donations to the #USER# charity volunteer firefighters in New South Wales Information to help Victorian firefighters... #URL# <document> RT #USER#: #HASHTAG# #USER# 2014 #USER# starred in this true story, which was originally a game about a g by #HASHTAG# … <document> RT #USER#: this is ridiculous #URL# <document> RT #USER#: Do yourself a favor and check out the new short film of my best friend #USER# tch and then Discuss with… <d ocument> RT #USER#: I am incredibly grateful to grassroots, film festivals, and audiences who went out of their way to give the following... <document> Sorry if the Japanese is wrong. I used Google Translate 😂 I'm in the most extreme beginning stages of learning… #URL# <document> RT #USER#: Finn Wittrock and Darren Criss attend the 2019 GQ Men of the Year celebration at the West Hollywood EDITION on December 5th,… < document> #USER# Renée wins Actor® for Best Performance by a Leading Role for #HASHTAG#… #URL#. 📸 Photographer Irina Timonina shared more photos of #USER# in slideshow format, and #USER# c… #URL# <document> I wanted to give an update on the dog #USER#, which I found on PetFinder adoption list last month. Happiness… #URL# <document> Actress Nikki, who plays Jenny in American Horror Story: Asylum, met Finn at a charity event in 2018 ↓… #URL# <document> I'd also like to add that 'having a pet' It's not something to be taken lightly. If you're serious about owning it, please d… #URL# <document> Finn's top 9 Instagram posts of 2019 🌟 #HASHTAG# #URL# <document> In a week, you'll be able to witness the magic everyone's talking about when #HASHTAG# is available about being offered… #URL# <document> .#USER# Over Ten Years⁣ - TV⁣⁣⁣⁣⁣⁣⁣⁣⁣⁣⁣⁣ ⁣ ⁣ ⁣⁣⁣⁣⁣⁣⁣⁣⁣⁣⁣⁣⁣⁣⁣⁣⁣ All My Children…#URL# <document> A clean sweep this awards season for Renée Zellweger! She took home the Best Actress Oscar last night to play… #URL# <document> UK fans, you will be able to get #HASHTAG# on Digital, DVD and Blu-Ray on the relevant dates listed in this twe… # URL # <document> #USER# Very valuable! Their mutual love and respect for each other is obvious ♥ </documents></author>