  <documents>    <document> Google May Follow Facebook In Paying Publishers For News Content – Report #URL# #URL#      <document> Megan Fox &amp; Bruce Willis Join Randall Emmett’s Directorial Debut ‘Midnight In The Switchgrass’, Highland To Sell At… #URL#      <document> Caroline Flack Dies: The British Presenter Of ‘Love Island’ Was 40 #URL# #URL#      <document> Scott Cooper To Direct Margaret Qualley In ‘A Head Full Of Ghosts’ For Cross Creek, Team Downey, The Allegiance The… #URL#      <document> ‘Grey’s Anatomy’ &amp; ‘Station 19′ Give ABC Thursday Win; CBS’ ‘Tommy’ Steadiest Among Week 2 Shows… #URL#      <document> Kobe &amp; Gianna Bryant Memorial Details, Ticket Information Released #URL# #URL#      <document> Noomi Rapace To Star In Alexandre Aja-Produced Black List Thriller ‘O2’, Wild Bunch To Launch At EFM… #URL#      <document> RT #USER#: WHOA BABY!!! #HASHTAG# is already out there collecting those rings! So excited people are showing up to see the blue b…      <document> ‘Sonic The Hedgehog’ Races To $43M Overseas For $100M Global Bow; ‘Birds Of Prey’ Flaps To $143M WW – International… #URL#      <document> ‘No Time To Die’ China Premiere And Tour Scrapped Because Of Coronavirus Issues #URL#      <document> ‘The Good Nurse’: FilmNation Boards Eddie Redmayne &amp; Jessica Chastain Thriller For EFM #URL# #URL#      <document> WGA Says It’s Had “Substantive Discussions” With All But One Of The Five Big Talent Agencies To End Stalemate… #URL#      <document> ‘Lucifer’: Talks Underway For Another Season On Netflix #URL# #URL#      <document> Hot Berlin Project: Antonio Banderas &amp; Penelope Cruz Comedy ‘Official Competition’ Boarded By Protagonist Pictures… #URL#      <document> ICM Partners’ Heather Karpas Joins Richard Plepler’s Eden Productions as Creative Executive #URL# #URL#      <document> RT #USER#: NEW #HASHTAG# Sets Alexandria Ocasio-Cortez, Leslie Jones &amp; Daisy Ridley As Guest Judges #USER# #URL# http…      <document> RT #USER#: Best script I’ve ever read. I worked hard to get this gig. This story is unreal. 🤯. I’m beyond grateful for the opportunit…      <document> As investors circle Hispanic media giant Univision Communications, former Viacom chief financial officer and invest… #URL#      <document> ABC Orders ‘Adopted’ Comedy Pilot From Jimmy Kimmel &amp; ‘The Green Beret’s Guide’ Duo #URL# #URL#      <document> ‘Vegas High’: HBO Max Drama Pilot Adds Six Series Regulars To Cast #URL# #URL#      <document> ‘Inside The NBA’ Co-Host Charles Barkley: Kobe Bryant “Had A Flaw That We All Know About” #URL# #URL#      <document> #HASHTAG# confirms the substance that halted a performance of #HASHTAG# in NYC today was pepper spray. Two peop… #URL#      <document> Fox will air #HASHTAG#, a benefit concert featuring Queen, Adam Lambert, Michael Bublé, k.d. lang, 5 Seco… #URL#      <document> ‘Jagged Little Pill’ Musical In New York Evacuated After Possible Pepper Spray Incident #URL# #URL#      <document> Chris Pratt Gets A Tom Holland Surprise Appearance On ‘Jimmy Kimmel Live!’ To Talk ‘Onward’ #URL# #URL#      <document> The 10-episode live-action #HASHTAG# series is an adaptation of the namesake original comic book series publish… #URL#      <document> ‘Snowpiercer’ &amp; ‘Okja’ Producer Samuel Ha Launches Bound Entertainment; Jamie Lai Named Head Of Film &amp; TV… #URL#      <document> Lewis Rothenberg Resigns As President of Cinematographers Guild, Cites “Differences” With Union’s Senior Staff… #URL#      <document> Topher Grace To Headline &amp; EP ABC Comedy Pilot ‘Home Economics’ In Rich Deal #URL# #URL#      <document> ‘Portrait of a Lady On Fire’ Lights Things Up Upon Return, ‘Parasite’ Takes Victory Lap, ‘Downhill’ Off To Slow Sta… #URL#      <document> Jennifer Hudson Says It Was An “Honor” After Wrapping Production On Aretha Franklin Biopic ‘Respect’… #URL#      <document> ‘The Hate U Give’ &amp; ‘The Deuce’ Actress Dominique Fishback Signs With WME #URL# #URL#      <document> ‘Live PD: Wanted’ Renewed By A&amp;E For Season 2 Of Tracking Down The Bad Guys #URL# #URL#      <document> Obama Addresses “Heartbreaking” Deaths Of Kobe And Gianna Bryant At NBA All-Star Brunch #URL# #URL#      <document> All-Female Crew To Broadcast, Produce NHL Game On International Women’s Day, A First #URL# #URL#      <document> ‘Jumanji’ Producer To Develop Emerson, Lake &amp; Palmer Song ‘Karn Evil 9’ Into Feature #URL# #URL#      <document> ‘Hawaii Five-O’: Lance Gross Joins Cast As Potential Series Regular #URL# #URL#      <document> ‘Abominable’ Filmmaker Jill Culton Inks With Verve #URL# #URL#      <document> ‘All Quiet On The Western Front’: Timely German-Language Version Of WWI Classic Heads To EFM With Edward Berger, Da… #URL#      <document> ‘Bloody Nose, Empty Pockets’: First Clip From Popular Sundance Doc Screening In Berlin #URL# #URL#      <document> Jude Law &amp; Taika Waititi Team On ‘The Auteur’ Limited Series Eyed By Showtime #URL# #URL#      <document> RT #USER#: #HASHTAG# profits trial sees #USER# &amp; #USER# take the stand &amp; reveal what they were promised back in t…      <document> Bloomberg Campaign Shuts Down Report He’s Considering Hillary Clinton As Running Mate #URL# #URL#      <document> Amie Harwick, Famed Therapist Who Appeared In The Doc ‘Addicted To Sexting,’ Murdered In Hollywood… #URL#      <document> Rick James Estate Sued By Buffalo Woman Who Claims He Raped Her #URL#      <document> Daniel Loeb’s Third Point, Activist Investor, Takes Stake In ViacomCBS #URL# #URL#      <document> ‘Sonic The Hedgehog’ Runs Up $3M In Thursday Night Previews #URL# #URL#      <document> ‘Sonic The Hedgehog’ Review: Nostalgia For ’90s Video Game Icon And A Vintage Jim Carrey Aren’t Enough… #URL#      <document> ‘After We Collided’ Trailer: Voltage Films Drops Spicy Preview Of ‘After’ Sequel #URL# #URL#      <document> #HASHTAG# stars #USER# &amp; #USER# are set for #HASHTAG#, the first and only conference to… #URL#      <document> Controversial Gang Saga ‘Blue Story’ Release Date Moved By Paramount #URL# #URL#      <document> Man Charged With DUI In Crash That Left ‘Dawson’s Creek’ And ‘Stargate SG-1’ Actor Legless #URL#      <document> RT #USER#: EXCLU: #HASHTAG# prequel scores from downtown (get the #HASHTAG# + #HASHTAG# reference?) with #USER# join…      <document> Actress Annabella Sciorra Had Nothing To Gain By Weinstein Rape Charge, Prosecutor Says #URL# #URL#      <document> Paul McCartney Career-Spanning Documentary In The Works, 12 Years In The Making #URL# #URL#      <document> ‘Love Island’: ITV Pulls Sunday Night Episode But Reality Dating Format Will Return Monday With Tribute To Caroline… #URL#      <document> Patrick Fugit To Star In ABC’s ‘Thirtysomething’ Sequel Pilot #URL# #URL#      <document> A big seismic shift has just occurred in the exhibition space #URL#      <document> ITV Pulls Saturday’s ‘Love Island,’ Channel 4 Ditches ‘The Surjury’ After Caroline Flack Death… #URL#      <document> Cast &amp; Crew Payroll Company Acquires Rival Media Services #URL# #URL#      <document> Lynn Cohen Dies: Veteran Actor Who Played “Magda” On HBO’s ‘Sex And The City’ Was 86 #URL#      <document> Pittsburgh Steelers QB Threatens Legal Action After ESPN Interview By Helmet-Swinger Myles Garrett… #URL#      <document> Jennifer Hudson Delivers Moving Tribute To Kobe Bryant At NBA All-Star Game #URL# #URL#      <document> ‘The Secret: Dare To Dream’ Trailer: Katie Holmes &amp; Josh Lucas Brave The Storm #URL# #URL#      <document> ‘The Last O.G.’ Gets Season 3 Premiere Date &amp; Teaser #URL# #URL#      <document> Jason Davis Dies: ‘Recess’ Voice Actor Was 35 #URL# #URL#      <document> ‘Love Island’: CBS Reality Dating Format To Return Earlier In Summer As Network Launches Weekly Recap Episode… #URL#      <document> Jennifer Hudson and Common honor Kobe Bryant at #HASHTAG# game #URL# #URL#      <document> RT #USER#: #HASHTAG# stars #USER# &amp; #USER# are set for #HASHTAG#, the first and only conference to shine a s…      <document> Netflix has set an all-star voice cast for 'Masters of the Universe: Revelation' #URL#      <document> ‘Stranger Things’: David Harbour Returns For Season Four As Production Kicks Off – Trailer #URL# #URL#      <document> TNT NBA All-Star Saturday Night Coverage Claims Gains Across All Platforms #URL# #URL#      <document> Random Media Acquires North American Rights To ‘Double Belgian’ #URL# #URL#      <document> YouTube paid out $3 billion to the music industry in 2019 from ads and subscriptions as it partners to grow revenue… #URL#      <document> President Donald Trump Tweetstorm – The Sunday Edition #URL# #URL#      <document> Bill Maher: Joe Biden’s Mangled Movie Lines And More Hollywood Hijinks #URL# #URL#      <document> ‘Walking Dead’ EP Gale Anne Hurd Tells Robert Kirkman Profits Trial That Ex-AMC Boss Charlie Collier Promised A Fai… #URL#      <document> Amazon has firmed up cast for 'A League Of Their Own' comedy pilot #URL#      <document> Baseball Returns As Playoff Format Debate, Houston Astros Cheating Scandal Raise Questions About Future Of ESPN, Tu… #URL#      <document> RT #USER#: BOX OFFICE REPORT:  #HASHTAG#      <document> CNN and Univision will host a #HASHTAG# in Phoenix on March 15, two days before the Arizona primary as well as vot… #URL#      <document> Daniel Lee Martin Dies: Reality TV Host And County Singer Dies When Being Served Warrants For Sexual Abuse Of Minor… #URL#      <document> President Donald Trump Tweetstorm – The Saturday Edition #URL# #URL#      <document> Yvonne Orji To Tape First HBO Comedy Special, Set For Summer Release #URL# #URL#      <document> ‘Back To The Future Part II’ Stuntwoman Killed In Colorado Shootout #URL# #URL#      <document> RT #USER#: #USER# how many times have i told you, your best you is cgi? REAL you is 🤢🤮 #URL#      <document> Queen Latifah Honors Kobe Bryant With Rap Salute At Saturday NBA All-Star Prelims #URL# #URL#      <document> ‘Power’ Prequel Adds Omar Epps To ‘Raising Kanan’ Cast #URL# #URL#      <document> RT #USER#: This is sadly true. We had the most fun creating this show. I want to thank the fans who gave us a shot and kept coming…      <document> This Week In Music: Billie Eilish Uproar, Justin Bieber Release, UMG Plans To Go Public #URL# #URL#      <document> NBC Names Its 2019-2020 Class For The Alternative Directors Program #URL# #URL#      <document> BBC Renews Lionsgate-Backed Comedy ‘The Goes Wrong Show’ For Second Season  #URL# #URL#      <document> ‘Killing Eve’ Gets Season 3 Premiere Date &amp; Valentine’s Day Teaser #URL# #URL#      <document> ‘The Masked Singer’ Bows Out On A Big High Of 6.4M Viewers In The UK #URL# #URL#      <document> Closing arguments in the rape trial of Harvey Weinstein concluded today, with the prosecution getting that last word #URL#      <document> John Oliver Gives Laura Ingraham Credit For Seeing William Barr-Donald Trump “Rift” As A Ruse… #URL#      <document> RT #USER#: Actor #USER# to speak at #USER#’s Hot Spots: New Mexico  MARCH 7-9, 2020 HOTEL CHACO      <document> Friday Ratings: CBS Crime Drama Lineup Tops The Night, But Fox’s WWE SmackDown Ties In Demos #URL# #URL#      <document> ‘Insatiable’ Canceled By Netflix After Two Seasons #URL# #URL#      <document> ‘Olympic Dreams’ Goes For The Gold, ‘Parasite’ Doubles Theater Count After Conquering Oscars – Specialty B.O. Previ… #URL#    </documents></author><documents> <document> Google May Track Facebook While Paying Publishers for News Content – ​​Report #URL# #URL# <document> Megan Fox &amp; Bruce Willis Joins Randall Emmett's Directorial Debut 'Midnight In The Switchgrass', Highland Will Sell From… #URL# <document> Caroline Flack Dies: 'Love Island' British Host Turns 40 #URL# #URL# < document> Scott Cooper Cross Creek to Direct Margaret Qualley in 'A Head Full Of Ghosts' for Team Downey, The Allegiance… #URL# <document> 'Grey's Anatomy' &amp; 'Station 19' Brings ABC Thursday; CBS's 'Tommy' Week 2 Shows Most Stable… #URL# <document> Kobe &amp; Gianna Bryant Memorial Details, Ticket Information Released #URL# #URL# <document> Noomi Rapace to Star in Alexandre Aja's Making Blacklist Thriller 'O2, Wild Bunch Will Begin on EFM… #URL# <document> RT #USER# : WOW BABY!!! #HASHTAG# has already started collecting those rings! People so excited blue b... <document> 'Sonic The Hedgehog' Competes Abroad for $43M For $100M Global Bow; 'Birds of Prey' Raised $143 Million in World War II – International… #URL# <document> 'No Time To Die' China Premiere and Tour Canceled Due to Coronavirus Issues #URL# <document> 'The Good Nurse': FilmNation Boards Eddie Redmayne & amp; Jessica Chastain Thriller For EFM #URL# #URL# <document> WGA Says It Had “Significant Discussions” With All But One Of The Big Five Talent Agencies To End The Deadlock… #URL# <document> 'Lucifer': Negotiating For Another Season on Netflix #URL# #URL# <document> Hot Berlin Project: Antonio Banderas &amp; Penelope Cruz Comedy 'Official Competition' Featuring Protagonist Images… #URL# <document> ICM Partner Heather Karpas Joins Richard Plepler's Eden Productions as Creative Director #URL# #URL# <document> RT #USER#: NEW #HASHTAG# Sets Alexandria Ocasio-Cortez, Leslie Jones &amp; Daisy Ridley as Guest Reviewers #USER# #URL# http… <document> RT #USER#: The best script I've ever read. I worked hard to get this concert. This story is not true. 🤯. I am grateful for this opportunity… <document> Investors Hispanic media giant Univision Communications, former Viacom chief financial officer and investing… #URL# <document> ABC, Jimmy Kimmel &amp; "Green Berets Guide" Duo #URL# #URL# <document> "Vegas High": HBO Max Adds Six Series Regulars to Air Drama Pilot #URL# #URL# <document> "Inside The NBA" Co-host Charles Barkley : Kobe Bryant "Had One Flaw We All Know" #URL# #URL# <document> #HASHTAG# confirmed that it was pepper spray that stopped the #HASHTAG# performance in NYC today. Two people… #URL# <document> Fox will broadcast #HASHTAG#, a benefit concert featuring Queen, Adam Lambert, Michael Bublé, k.d. lang, 5 Seco… #URL# <document> Musical "Jagged Little Pill" in New York Released After Possible Pepper Spray Incident #URL# #URL# <document> Chris Pratt Takes a Tom'Jimmy Kimmel Live!' To Talk 'Onward' #URL# #URL# <document> The 10-episode live-action #HASHTAG# series is an adaptation of the original published comic book series of the same name... #URL# <document> 'Snowpiercer' &amp; 'Okja' Producer Samuel Ha Launches Bound Entertainment; Jamie Lai, Film &amp; TV… #URL# <document> Lewis Rothenberg Resigns as Director of the Cinematography Guild, Discloses 'Differences' to Union's Senior Staff... #URL# <document> Topher Grace Headlines &amp; EP ABC Comedy Pilot 'Home Economics' in Rich Deal #URL# #URL# <document> 'Portrait of a Lady On Fire' Lights Up After Its Return, 'Parasite' Takes Victory Lap, 'Downhill' Slows Down… # URL# <document> Jennifer Hudson Says It Was An "Honor" After Aretha Franklin Biography 'Respect' Completed… #URL# <document> 'The Hate U Give' &amp; "The Deuce" Actor Dominique Fishback Signs With WME #URL# #URL# <document> "Live PD: Wanted" Renewed By A&E For Season 2 Of Tracking Down The Bad Guys #URL# #URL# <document> Obama Addresses "Heartbreaking" Deaths of Kobe and Gianna Bryant at NBA All-Star Breakfast #URL# #URL# <document> All-Women Team to Broadcast NHL Game on International Women's Day, First #URL# #URL# <document> 'Jumanji' Producer Emerson, Lake &amp; Palmer Song 'Karn Evil 9' Feature Film #URL# #URL# <document> 'Hawaii Five-O': Lance Gross Joins Potential Series Regular #URL# #URL# <document> 'Abominable' Filmmaker Jill Culton Verve #URL# #URL# <document> 'Everything Is Quiet on the Western Front': German Version in Time of WWI Classic Goes to EFM with Edward Berger, Also… #URL# <document> 'Bloody Nose, Empty Pockets': Berlin First Clip From The Popular Sundance Doc Screening in #URL# #URL# <document> Jude Law &amp; Taika Waititi Team Considers Showtime in "The Auteur" Limited Series #URL# #URL# <document> RT #USER#: #HASHTAG# on trial #USER# &amp; #USER# take a stand &amp; ... <document> Bloomberg Campaign Closes Report of Taking Hillary Clinton as Spouse #URL# #URL# <document> Celebrity Therapist Amie Harwick Appeared in 'Sex Addict' Murdered in Hollywood… #URL# <document> Rick James Estate Sued by Buffalo Woman Alleging Rape of #URL# <document> Daniel Loeb's Third Point, Activist Investor, Takes Stock in ViacomCBS #URL# #URL# <document> 'Sonic The Hedgehog' Thursday Raises $3M in Night Out Previews #URL# #URL# <document> 'Sonic The Hedgehog' Review: 90s Video Game Icon and Classic Jim Carrey Nostalgia Is Not Enough… #URL# <document> "After We Collided" Trailer: Voltage Movies Drops Spicy Preview of "After" Sequel #URL# #URL# <document> #HASHTAG# stars #USER# &amp; #USER# set for #HASHTAG#, the first and only conference... #URL# <document> Controversial Gang Saga 'Blue Story Release Date Moved by Paramount #URL# #URL# <document> Adam Accused of Intoxicated User Interface in Crash Leaving 'Dawson's Creek' and 'Stargate SG-1 Legless Player #URL# <document> RT #USER#: EXCLU : #HASHTAG# prequel points from downtown (reference #HASHTAG# + #HASHTAG#?) Join with #USER#… <document> Actress Annabella Sciorra Has Nothing To Gain From Weinstein Rape Charge, Attorney #URL# #URL# Says <document> Paul McCartney Making Career Documentary, 12 Years Under Production #URL# #URL# <document> "Love Island": ITV Shoots Sunday Night Episode But The Real Dating Format Will Return Monday With Respect to Caroline… # URL# < document> Patrick Fugit to Star in ABC's 'Thirtysomething' Sequel Pilot #URL# #URL# <document> Major seismic shift has just occurred in exhibition space #URL# <document> ITV Shoots Saturday's 'Love Island' Channel 4 Quits 'The Surjury' After Caroline Flack's Death… #URL# <document> Cast &amp; Crew Payroll Company Acquires Competitor Media Services #URL# #URL# <document> Lynn Cohen Dies: Senior Actor Who Played “Magda” on HBO's 'Sex And The City' Becomes 86 #URL# <document> Pittsburgh Steelers QB, ESPN Interview of Myles Garrett, Who Changed Helmet… #URL# <document> Jennifer Hudson Gives Sentimental Praise to Kobe Bryant at NBA All-Star Game #URL# #URL# <document> 'The Secret: Dare To Dream' Trailer: Katie Holmes & amp; Josh Lucas Brave Storm #URL# #URL# <document> "The Last O.G." Season 3 Received First Release Date &amp; Teaser #URL# #URL# <document> Jason Davis Dies: "Recess" Voiceover Artist Turns 35 #URL# #URL# <document> "Love Island": CBS Reality Dating Format Will Return Early Summer As Network Launches Weekly Summary Episode... #URL# <document> Jennifer Hudson and Common honor Kobe Bryant in #HASHTAG# game #URL# #URL# <document> RT #USER#: #HASHTAG# stars #USER# &amp; #USER# set for the first and only conference #HASHTAG#... <document> Netflix recruits a stellar voice cast for "Masters of the Universe: Revelation" #URL# <document> "Stranger Things" : David Harbor , Production Begins, Returns for Season Four – Trailer #URL# #URL# <document> TNT NBA All-Star Saturday Night Coverage Gains Across All Platforms #URL# #URL# <document> Random Media Acquires North American Rights "Double Belgian" #URL# #URL# <document> YouTube paid the music industry $3 billion in ads and subscriptions in 2019 for collaborating to increase revenue… #URL# <document> President Donald Trump Tweetstorm – The Sunday Edition #URL# #URL# <document> Bill Maher: Joe Biden's Mixed Movie Series and More Hollywood Hijinki #URL# #URL# <document> "Walking Dead" EP Gale Anne Hurd, Robert Kirkman's Former AMC Boss Charlie Collier Promised a Fai... #URL# <document > Amazon solidifies the cast for 'A' League of Their Own comedy pilot #URL# <document> Return of BaseballAs Playoff Format Controversy, Houston Astros Cheating Scandal Raises Questions About ESPN's Future, Tu… Phoenix, March 15, two days before the primary and voting in Arizona… #URL# <document> Daniel Lee Martin Dies: Reality TV Host and County Singer Dies While Sentencing for Underage Sexual Abuse… #URL# <document> President Donald Trump Tweetstorm – Saturday Edition #URL# #URL# <document> Yvonne Orji To Tape Her First HBO Special Come In Summer #URL# #URL# <document> 'Back to the Future Part II' Stunt Woman Killed Colorado Conflict #URL# #URL# <document> RT #USER#: #USER# How many times have I told you, you're doing your best cgi? You're the REAL 🤢🤮 #URL# <document> Queen Latifah Honors Kobe Bryant With Rap Salute at Saturday NBA All-Star Draft #URL# #URL# <document> 'Power' Prequel, 'Raising Kanan' Cast Omar Epps' i Adds #URL # #URL# <document> RT #USER#: This is unfortunately true. We had the most fun creating this show. I want to thank the fans who have given us a chance and keep coming… <document> This Week in Music: Billie Eilish Uproar, Justin Bieber Release, UMG Plans to Go Public #URL# #URL# <document> NBC Names 2019 2020 Class For The Alternative Directors Program #URL# #URL# <document> BBC Renews Lionsgate Supported Comedy "The Goes Wrong Show" for Season 2 #URL# #URL# <document> "Killing Eve" Season 3 Gets First Release Date &amp ; Valentine's Day Trailer #URL# #URL# <document> 'The Masked Singer' Bows Down With 6.4M UK Viewers #URL# #URL# <document> Closing debate in Harvey Weinstein's rape case concluded today, prosecution gets the final word #URL# <document> John Oliver Credits Laura Ingraham for Seeing William Barr-Donald Trump's "Crack" as a Cheat… #URL# <document> RT #USER#: Actor #USER# Speak in #USER#'s Hotspots: New Mexico MARCH 7-9, 2020 HOTEL CHACO <document> Friday Ratings: CBS Crime Drama Top of the Night, But Ties on Fox's WWE SmackDown Demo #URL# #URL# <document> "Insatiable " Canceled by Netflix After Two Seasons #URL# #URL# <document> "Olympic Dreams" Goes Gold, "Parasite" Doubles Theater After Oscar Win – Specialization B.O. Previous… #URL# </documents></author>