 >
      <document> 10 things you didn?t know about &amp;lt;i&amp;gt;doc hollywood&amp;lt;/i&amp;gt; #hashtag# #url# </document>
    <document> the oral history of &amp;lt;i&amp;gt;breaking bad&amp;lt;/i&amp;gt; #hashtag# #url# </document>
    <document> giants&amp;#hashtag#; odell beckham jr. continues to recruit dolphins&amp;#hashtag#; jarvis landry #hashtag# #url# </document>
    <document> calif. parents of 13 children held captive charged with torture #hashtag# #url# </document>
    <document> 6 new events at the 2018 winter olympics #hashtag# #url# </document>
    <document> no means no - you must learn #hashtag# #url# </document>
    <document> lions and tigers and mares, oh my (warning: disturbing images) [scary] #hashtag# #url# </document>
    <document> we can confirm the missile attack alert was a false alarm. you may now fap in complete safety [giggity] #hashtag# #url# </document>
    <document> rescue drone drops a lifesaving flotation device to help two stranded swimmers get back to shore #hashtag# #url# </document>
    <document> man ruptures his throat by stifling strong sneeze #hashtag# #url# </document>
    <document> jacksonville jaguars at new england patriots: prediction, preview, pick to win #hashtag# #url# </document>
    <document> 19 attorneys general call on congress to legalize banking for weed industry #hashtag# #url# </document>
    <document> not all millionaires are bad, some are also deranged for hiring strippers for their son&amp;#hashtag#;s 12th birthday party… #url# </document>
    <document> i have no idea what you&amp;#hashtag#;re talking about so here&amp;#hashtag#;s a deer that has a chicken feeder stuck around its neck… #url# </document>
    <document> india test-fires nuclear-capable icbm #hashtag# #url# </document>
    <document> suspect charged with murder in college student&amp;amp;#hashtag#;s killing #hashtag# #url# </document>
    <document> new orleans saints&amp;#hashtag#; thomas morstead to return favor after donations from minnesota vikings fans #hashtag# #url# </document>
    <document> retired businessman sells everything he owns to build $1.8 million yacht out of antique wood #hashtag# #url# </document>
    <document> photoshop this holy orb [photoshop] #hashtag# #url# </document>
    <document> study reveals that l.a. needs more hollywood sign [silly] #hashtag# #url# </document>
    <document> fishermen dive into river moments before motorboat smashes into vessel #hashtag# #url# </document>
    <document> portions of hirschman?s pond trail will be closed due to tree work #hashtag# #url# </document>
    <document> we can confirm the missile attack alert was a false alarm. you may now fap in complete safety [giggity] #hashtag# #url# </document>
    <document> photoshop this magical place [photoshop] #hashtag# #url# </document>
    <document> calif. parents of 13 children held captive charged with torture #hashtag# #url# </document>
    <document> nevada county consolidated fire district moves into new admin office #hashtag# #url# </document>
    <document> the pill lowers ovarian cancer risk, even for smokers #hashtag# #url# </document>
    <document> christie criticizes reports of his airline security handling #hashtag# #url# </document>
    <document> woman takes along her husband for an important dinner at her new boss? house, doesn?t expect it to end like this #url# </document>
    <document> facebook names former american express ceo kenneth chenault to board of directors #hashtag# #url# </document>
    <document> france, italy, britain renew arms contract with eurosam #hashtag# #url# </document>
    <document> as shutdown looms, trump undercuts chief of staff and gop on key issues #hashtag# #url# </document>
    <document> russian man seamlessly inserts himself into the unseen side of famous album cover photos #hashtag# #url# </document>
    <document> these foods may up your odds for colon cancer #hashtag# #url# </document>
    <document> a chilling documentary about a woman?s life told from the voyeuristic perspective of a smartphone #hashtag# #url# </document>
    <document> how resonant frequency causes a wine glass to break with only the sound of a person?s voice #hashtag# #url# </document>
    <document> jordan peterson on the tragedy of the man-child #hashtag# #url# </document>
    <document> russian man seamlessly inserts himself into the unseen side of famous album cover photos #hashtag# #url# </document>
    <document> amazing timelapse featuring 130 years of national geographic magazine covers in under 2 minutes #hashtag# #url# </document>
    <document> australia lifesaving drone makes first rescue #hashtag# #url# </document>
    <document> giant meteor continues its election campaign in the midwest with a second fireball in the sky last night. bruce wil… #url# </document>
    <document> bride-to-be says photographer fat-shamed her and her fiance by photoshopping them to look thinner #url# </document>
    <document> paper cup allegedly used by elvis presley up for auction #hashtag# #url# </document>
    <document> 10 things you didn?t know about &amp;lt;i&amp;gt;doc hollywood&amp;lt;/i&amp;gt; #hashtag# #url# </document>
    <document> headless chickens found in connecticut courtroom #hashtag# #url# </document>
    <document> city cats come out of hiding for a private violin concert in the lovely animation ?fantasia dei gatti? #url# </document>
    <document> determined dog deftly navigates the sidewalk with a giant stick in his mouth to add to his collection #hashtag# #url# </document>
    <document> traffic wardens overlooked $19,000 of parking tickets for two years of free pizza. so, pro-tip? [interesting] #url# </document>
    <document> free sf coalition responds to ice?s threats #hashtag# #url# </document>
    <document> transcanada says keystone xl interest strong enough to proceed #hashtag# #url# </document>
    <document> sorry, but your flight has already left, buzz. if that is your real name [sad] #hashtag# #url# </document>
    <document> after minutes of searching, drone locates two people in the middle of nowhere and unleashes an unholy barrage of fl… #url# </document>
    <document> sorry, but your flight has already left, buzz. if that is your real name [sad] #hashtag# #url# </document>
    <document> ? who&amp;#hashtag#;s blowing through the streets of the city / knocking down everybody she sees / who&amp;#hashtag#;s rippin&amp;#hashtag#; o… #url# </document>
    <document> 200,000 honey bees killed when 100 hives doused with diesel fuel. talk about a buzzkill [creepy] #hashtag# #url# </document>
    <document> an interactive map showing the range of the solar system if earth were the size of a basketball #hashtag# #url# </document>
    <document> hermit crab uses broken bottle&amp;#hashtag#;s cap for a shell #hashtag# #url# </document>
    <document> ?? robbery raccoon, in search of a zune, broke into a knoxville iphone store ?? [spiffy] #hashtag# #url# </document>
    <document> miss a alum suzy teases new solo single music video #hashtag# #url# </document>
    <document> re-criminalizing cannabis is worse than 1930s ?reefer madness? #hashtag# #url# </document>
    <document> the best instant pot recipes to make with the pressure cooker feature #hashtag# #url# </document>
    <document> why paris? greatest art nouveau metro stop is no more #hashtag# #url# </document>
    <document> old and busted: living in a shipping container. new affordable housing: living in a giant concrete water pipe [spif… #url# </document>
    <document> sales of trump properties suggestive of money-laundering: researcher #hashtag# #url# </document>
    <document> woman assaulted in nightclub goes to the hospital, discovers doctor is alleged assaulter, gets beat up again #url# </document>
    <document> bride-to-be accuses photographer of fat-shaming her in photos, but photographer has a story of her own #url# </document>
    <document> use of adhd drugs soars among young adult women #hashtag# #url# </document>
    <document> police: woman tells of body in her home, leads them on chase #hashtag# #url# </document>
    <document> scientists explain mechanisms affecting runoff levels during drought #hashtag# #url# </document>
    <document> the impact of exercise on your brain #hashtag# #url# </document>
    <document> nothing to see here citizen. ignore the nypd raiding the offices of newsweek [interesting] #hashtag# #url# </document>
    <document> facebook names former american express ceo kenneth chenault to board of directors #hashtag# #url# </document>
    <document> fishermen dive into river moments before motorboat smashes into vessel #hashtag# #url# </document>
    <document> spike tv is dead so their twitter person is having a field day #hashtag# #url# </document>
    <document> christie criticizes reports of his airline security handling #hashtag# #url# </document>
    <document> study reveals that l.a. needs more hollywood sign [silly] #hashtag# #url# </document>
    <document> 750kg of cocaine found hidden in pineapples. police describe the suspect as wide-eyed and square pantsed [weird] #url# </document>
    <document> u.s. smoking rate falls, but 38 million still light up #hashtag# #url# </document>
    <document> old and busted: living in a shipping container. new affordable housing: living in a giant concrete water pipe [spif… #url# </document>
    <document> a universal language made of music #hashtag# #url# </document>
    <document> signaling more independence from the us, the world bank phases out its support for fossil fuels #hashtag# #url# </document>
    <document> the little-known history of seafaring pets #hashtag# #url# </document>
    <document> new zealand prime minister jacinda ardern pregnant with first child #hashtag# #url# </document>
    <document> rescue drone drops a lifesaving flotation device to help two stranded swimmers get back to shore #hashtag# #url# </document>
    <document> divers in mexico have discovered the world&amp;#hashtag#;s largest flooded cave #hashtag# #url# </document>
    <document> pittsburgh steelers name randy fichtner as successor to todd haley #hashtag# #url# </document>
    <document> bride-to-be accuses photographer of fat-shaming her in photos, but photographer has a story of her own #url# </document>
    <document> minnesota vikings at philadelphia eagles: prediction, preview, pick to win #hashtag# #url# </document>
    <document> former montana lawmaker gets 18 years for drug trafficking #hashtag# #url# </document>
    <document> 50+ of the most embarrassing #hashtag# ever #hashtag# #url# </document>
    <document> nothing to see here citizen. ignore the nypd raiding the offices of newsweek [interesting] #hashtag# #url# </document>
    <document> man ruptures his throat by stifling strong sneeze #hashtag# #url# </document>
    <document> the step-by-step process for making truly homemade kimchi set to a calming soundtrack #hashtag# #url# </document>
    <document> family shares the cartoonish results of their photo shoot with a &amp;amp;quot;professional&amp;amp;quot; photographer #url# </document>
    <document> ? who&amp;#hashtag#;s blowing through the streets of the city / knocking down everybody she sees / who&amp;#hashtag#;s rippin&amp;#hashtag#; o… #url# </document>
    <document> the dangers of an icy hill #hashtag# #url# </document>
    <document> artist envisions the downfall of social media platforms in haunting post-apocalyptic images #hashtag# #url# </document>
    <document> pittsburgh steelers name randy fichtner as successor to todd haley #hashtag# #url# </document>
    <document> new orleans saints&amp;#hashtag#; thomas morstead to return favor after donations from minnesota vikings fans #hashtag# #url# </document>
    <document> conde nast, ebay to auction golden globes looks for charity #hashtag# #url# </document>
   
>
      <document> 10 things you didn't know about &amp;lt;i&amp;gt;doc hollywood&amp;lt;/i&amp;gt; #hashtag# #url# </document>
    <document> the oral history of &amp;lt;i&amp;gt;breaking bad&amp;lt;/i&amp;gt; #hashtag# #url# </document>
    <document> giants&amp;#hashtag#; odell beckham jr. keep recruiting dolphins&amp;#hashtag#; jarvis landry #hashtag# #url# </document>
    <document> calif. parents of 13 children held captive accused of torture #hashtag# #url# </document>
    <document> 6 new events at the 2018 Winter Olympics #hashtag# #url# </document>
    <document> no means no - you need to learn #hashtag# #url# </document>
    <document> lions and tigers and mares, oh my (warning: creepy images) [scary] #hashtag# #url# </document>
    <document> we can confirm that the missile attack warning was a false alarm. now you can safely fap [giggity] #hashtag# #url# </document>
    <document> rescue drone launches life-saving flotation device to help two stranded swimmers get back to shore #hashtag# #url# </document>
    <document> man breaks his throat choking on a loud sneeze #hashtag# #url# </document>
    <document> jacksonville jaguars to new england patriots: prediction, preview, winning pick #hashtag# #url# </document>
    <document> 19 Attorneys General Ask Congress To Legalize Banking For Weed Industry #hashtag# #url# </document>
    <document> Not all millionaires are bad, some are even deranged for hiring strippers for their son's 12th birthday party&amp;#hashtag#;... #url# </document>
    <document> I have no idea what&amp;#hashtag#;you are talking about so here&amp;#hashtag#;a deer with a chicken feeder attached to its neck... #url# </document>
    <document> India launches nuclear-capable ICBM test #hashtag# #url# </document>
    <document> suspect charged with murder in murder of college student #hashtag#; #hashtag# #url# </document>
    <document> new orleans saints&amp;#hashtag#; thomas morstead returns favor after minnesota vikings fan donations #hashtag# #url# </document>
    <document> Retired businessman sells everything he owns to build $1.8 million old wooden yacht #hashtag# #url# </document>
    <document> photoshop this sacred sphere [photoshop] #hashtag# #url# </document>
    The <document> study reveals that the.a. needs more hollywood sign [silly] #hashtag# #url# </document>
    <document> the fishermen dive into the river moments before the motorboat crashes into the ship #hashtag# #url# </document>
    <document> parts of the hirschman pond trail will be closed due to tree work #hashtag# #url# </document>
    <document> we can confirm that the missile attack warning was a false alarm. now you can safely fap [giggity] #hashtag# #url# </document>
    <document> photoshop this magical place [photoshop] #hashtag# #url# </document>
    <document> calif. parents of 13 children held captive accused of torture #hashtag# #url# </document>
    <document>Nevada County Consolidated Fire District Moves to New Administrative Office #hashtag# #url# </document>
    <document> the pill reduces the risk of ovarian cancer, even for smokers #hashtag# #url# </document>
    <document> christie criticizes her airline's safety management reports #hashtag# #url# </document>
    <document> woman takes her husband with her to an important dinner with her new boss? house, it doesn't expect it to end like this #url# </document>
    <document> Facebook Appoints Former American Express CEO Kenneth Chenault To Board Of Directors #hashtag# #url# </document>
    <document> france, italy, great britain renew arms contract with eurosam #hashtag# #url# </document>
    <document> as shutdown looms, Trump cuts chief of staff and gop on key issues #hashtag# #url# </document>
    <document> the Russian man fits perfectly into the invisible side of the famous album cover photos #hashtag# #url# </document>
    <document> these foods may increase the chances of colon cancer #hashtag# #url# </document>
    <document> a chilling documentary about aa woman's life told from the voyeuristic perspective of a smartphone #hashtag# #url# </document>
    <document> how resonant frequency causes a wine glass to break at the mere sound of a person's voice #hashtag# #url# </document>
    <document> jordan peterson on son tragedy #hashtag# #url# </document>
    <document> the Russian man fits perfectly into the invisible side of the famous album cover photos #hashtag# #url# </document>
    <document> incredible timelapse with 130 years of National Geographic magazine covers in less than 2 minutes #hashtag# #url# </document>
    <document> Australian lifesaving drone makes first save #hashtag# #url# </document>
    <document> The giant meteor continues its campaign in the Midwest with a second fireball in the sky last night. bruce wil… #url# </document>
    <document> bride-to-be says photographer shamed her and her fiancé by photoshopping them to make them look thinner #url# </document>
    <document> Paper cup allegedly used by Elvis Presley at auction #hashtag# #url# </document>
    <document> 10 things you didn't know about &amp;lt;i&amp;gt;doc hollywood&amp;lt;/i&amp;gt; #hashtag# #url# </document>
    <document> Headless chickens found in Connecticut courthouse #hashtag# #url# </document>
    <document> city cats come out of hiding for a private violin concert in the cute animation ?cat fantasy? #url# </document>
    <document> determined dog deftly navigates the sidewalk with a giant stick in his mouth to add to his collection #hashtag# #url# </document>
    <document> City cops overlooked $19,000 in parking tickets for two years of free pizza. so, suggestion? [interesting] #url# </document>
    <document> the free sf coalition responds to threats by ice #hashtag# #url# </document>
    <document> transcanada says interest in keystone xl is strong enough to proceed #hashtag# #url# </document>
    <document> sorry, but your flight has already left, buzz. if this is your real name [sad] #hashtag# #url# </document>
    <document> After minutes of searching, the drone spots two people in the middle of nowhere and unleashes a fiendish barrage of fl… #url# </document>
    <document> sorry, but your flight has already left, buzz. if this is your real name [sad] #hashtag# #url# </document>
    <document> ? who&amp;#hashtag#;flits through the city streets / knocks down everyone he sees / who&amp;#hashtag#;is snatching&amp;#hashtag#; or… #url# </document>
    <document> 200,000 honey bees killed when 100 beehives were doused with diesel. talk about a buzzkill [creepy] #hashtag# #url# </document>
    <document> an interactive map showing the extent of the solar system if the earth were the size of a basketball #hashtag# #url# </document>
    <document> the hermit crab uses a broken bottle cap&amp;#hashtag#; for a shell #hashtag# #url# </document>
    <document> ?? robbery raccoon, looking for a zune, raided a Knoxville iPhone store?? [spiffy] #hashtag# #url# </document>
    <document> miss alum suzy teases new solo single video #hashtag# #url# </document>
    <document> is re-criminalizing cannabis worse than the "reefer madness" of the 1930s? #hashtag# #url# </document>
    <document> the best instant pot recipes to make with the pressure cooker feature #hashtag# #url# </document>
    <document> why paris? the largest Art Nouveau subway stop is gone #hashtag# #url# </document>
    <document> old and beat up: living in a container. new affordable housing: living in a giant concrete water pipe [spif… #url# </document>
    <document> Winning Property Sales Suggesting Money Laundering: Researcher #hashtag# #url# </document>
    <document> woman attacked in nightclub goes to hospital, discovers doctor is alleged attacker, is beaten again #url# </document>
    <document> bride-to-be accuses photographer of shaming her in photos, but photographer has a story of his own #url# </document>
    <document> ADHD medication use soars among young adult women #hashtag# #url# </document>
    <document> police: woman tells about her body in her house, chases them # hashtag # # url # </document>
    <document> Scientists explain mechanisms affecting runoff levels during drought #hashtag# #url# </document>
    <document> the impact of exercise on your brain #hashtag# #url# </document>
    <document> nothing to see here citizen. ignore nypd raiding newsweek offices [interesting] #hashtag# #url# </document>
    <document> Facebook Appoints Former American Express CEO Kenneth Chenault To Board Of Directors #hashtag# #url# </document>
    <document> the fishermen dive into the river moments before the motorboat crashes into the ship #hashtag# #url# </document>
    <document> spike tv is dead so his Twitter persona is having a field day #hashtag# #url# </document>
    <document> christie criticizes her airline's safety management reports #hashtag# #url# </document>
    The <document> study reveals that the.a. needs more hollywood sign [silly] #hashtag# #url# </document>
    <document> 750 kg of cocaine found hidden in pineapples. police describe suspect as wide eyed and boxy pants [odd] #url# </document>
    <document> US smoking rate decreases, but 38 million still light up #hashtag# #url# </document>
    <document> old and beat up: living in a container. new affordable housing: living in a giant concrete water pipe [spif… #url# </document>
    <document> a universal language made of music #hashtag# #url# </document>
    <document> signaling greater independence from the US, the World Bank is phasing out its support for fossil fuels #hashtag# #url# </document>
    <document> the little-known history of pets #hashtag# #url# </document>
    <document>New Zealand Prime Minister Jacinda Ardern pregnant with first child #hashtag# #url# </document>
    <document> rescue drone launches life-saving flotation device to help two stranded swimmers get back to shore #hashtag# #url# </document>
    <document> Mexican divers have discovered the world's largest flooded cave #hashtag# #url# </document>
    <document> pittsburgh steelers name randy fichtner to succeed todd haley #hashtag# #url# </document>
    <document> bride-to-be accuses photographer of shaming her in photos, but photographer has a story of his own #url# </document>
    <document> minnesota vikings to philadelphia eagles: prediction, preview, pick to win #hashtag# #url# </document>
    <document> Former Montana lawmaker sentenced to 18 years for drug trafficking #hashtag# #url# </document>
    <document> Over 50 of the most embarrassing #hashtags# ever #hashtag# #url# </document>
    <document> nothing to see here citizen. ignore nypd raiding newsweek offices [interesting] #hashtag# #url# </document>
    <document> man breaks his throat choking on a loud sneeze #hashtag# #url# </document>
    <document> the step-by-step process of making truly homemade kimchi with a soothing soundtrack #hashtag# #url# </document>
    The <document> family shares the cartoonish results of their photoshoot with a &amp;quot;professional&amp;amp;quot; photographer #url# </document>
    <document> ? who&amp;#hashtag#;flits through the city streets / knocks down everyone he sees / who&amp;#hashtag#;is snatching&amp;#hashtag#; or… #url# </document>
    <document> the dangers of a frozen hill #hashtag# #url# </document>
    <document> artist imagines the fall of social media platforms in eerie post-apocalyptic images #hashtag# #url# </document>
    <document> pittsburgh steelers name randy fichtner to succeed todd haley #hashtag# #url# </document>
    <document> new orleans saints&amp;#hashtag#; thomas morstead returns favor after minnesota vikings fan donations #hashtag# #url# </document>
    <document> conde nast, ebay auctions golden globes for charity #hashtag# #url# </document>>
      <document> 10 things to know about &lt;i&amp;gt;doc hollywood&lt;/i&amp;gt; #Hashtag# #URL# </document>
    <document> the oral tradition of &lt;i&amp;gt;breaking bad&lt;/i&amp;gt; #Hashtag# #URL# </document>
    <document> giants&amp;#hashtag#; Odell Beckham Jr. continues to recruit dolphins&amp;#hashtag#; jarvis landry #hashtag# #url# </document>
    <document> caliph. Parents of 13 children held captive for torture #hashtag# #url# </document>
    <document> 6 new events at the 2018 Winter Olympics #hashtag# #url# </document>
    <document> no means no - you need to learn #hashtag# #url# </document>
    <document> lions and tigers and mares oh my (warning: disturbing images) [scary] #hashtag# #url# </document>
    <Document> We can confirm that the missile attack alert was a false alarm. You can now fapen in complete security [giggity] #hashtag# #url# </document>
    <document> Rescue drone drops a life-saving flotation device to help two stranded swimmers get back to shore #hashtag# #url# </document>
    <document> Man breaks his throat by suppressing a strong sneeze #hashtag# #url# </document>
    <document> Jacksonville Jaguars vs New England Patriots: Prediction, Preview, Pick to Win #hashtag# #url# </document>
    <document> 19 Attorneys General are asking Congress to legalize banking for the cannabis industry #hashtag# #url# </document>
    <document> Not all millionaires are bad, some are crazy for hiring strippers for their son's 12th birthday party... #url# </document>
    <document> I have no idea what you're talking about, so here's a deer with a chicken house strapped around its neck... #url# </document>
    <document> india tests nuclear-capable icbm #hashtag# #url# </document>
    <document> suspect charged in murder of college student who killed #hashtag# #url# </document>
    <Document> New Orleans Saints&amp;#hashtag#; Thomas Morstead Returns The Favor After Donations From Minnesota Vikings Fans #hashtag# #url# </document>
    <document> Retired businessman sells everything he owns to build $1.8 million antique-wood yacht #hashtag# #url# </document>
    <document> Photoshop this sacred ball [Photoshop] #hashtag# #url# </document>
    <Document> Study shows that l.a. needs more hollywood sign [silly] #hashtag# #url# </document>
    <document> Fishermen dive into the river just before the motorboat hits a ship #hashtag# #url# </document>
    <document> Portions of Hirschman's pond trail closed for tree work #hashtag# #url# </document>
    <Document> We can confirm that the missile attack alert was a false alarm. You can now fapen in complete security [giggity] #hashtag# #url# </document>
    <document> Photoshop this magical place [Photoshop] #hashtag# #url# </document>
    <document> caliph. Parents of 13 children held captive for torture #hashtag# #url# </document>
    <document> Nevada County Consolidated Fire Department District moves to new administrative office #hashtag# #url# </document>
    <document> The pill lowers the risk of ovarian cancer, even for smokers #hashtag# #url# </document>
    <document> christie slams reports of his airline's security measures #hashtag# #url# </document>
    <Document> Wife takes her husband to an important dinner at her new boss? house, don't expect it to end like this #url# </document>
    <document> Facebook names former American Express CEO Kenneth Chenault to board of directors #hashtag# #url# </document>
    <document> france, italy, uk renew arms deal with eurosam #hashtag# #url# </document>
    <document> As shutdown looms, Trump undercuts Chief of Staff and Gop on key issues #hashtag# #url# </document>
    <document> Russe seamlessly blends into the invisible side of famous album cover photos #hashtag# #url# </document>
    <document> These foods may increase your chances of colon cancer #hashtag# #url# </document>
    <document> a chilling documentary about aWomen's lives told from the voyeuristic perspective of a smartphone #hashtag# #url# </document>
    <document> how a resonant frequency causes a wine glass to break with just the sound of someone's voice #hashtag# #url# </document>
    <document> Jordan Peterson on the male child tragedy #hashtag# #url# </document>
    <document> Russe seamlessly blends into the invisible side of famous album cover photos #hashtag# #url# </document>
    <document> Amazing timelapse of 130 years of National Geographic Magazine covers in less than 2 minutes #hashtag# #url# </document>
    <document> Australia's life-saving drone makes first rescue #hashtag# #url# </document>
    <document> Giant Meteor continues its campaign in the Midwest last night with a second fireball in the sky. bruce wants… #url# </document>
    <document> The bride-to-be says the photographer fat-shamed her and her fiancé by using Photoshop to make them look thinner #url# </document>
    <document> Paper cup allegedly used by Elvis Presley up for auction #hashtag# #url# </document>
    <document> 10 things to know about &lt;i&amp;gt;doc hollywood&lt;/i&amp;gt; #Hashtag# #URL# </document>
    <document> headless chickens found in Connecticut courtroom #hashtag# #url# </document>
    <Document> City cats come out of hiding for a private violin concerto in the lovely animation ?Fantasia dei gatti? #url# </document>
    <document> determined dog deftly navigates the sidewalk with a huge stick in its mouth to add #hashtag# #url# </document> to its collection
    <Document> Traffic cops missed $19,000 parking tickets for two years of free pizza. So pro tip? [interesting] #url# </document>
    <document> Free SF Coalition responds to Ice's threats #hashtag# #url# </document>
    <document> transcanada says interest in keystone xl is high enough to continue #hashtag# #url# </document>
    <Document> Sorry, but your flight has already departed, buzz. if that's your real name [sad] #hashtag# #url# </document>
    <document> After minutes of searching, the drone locates two people in the middle of nowhere and unleashes an unholy barrage of fl... #url# </document>
    <Document> Sorry, but your flight has already departed, buzz. if that's your real name [sad] #hashtag# #url# </document>
    <document> ? who&amp;#hashtag#;s wafts through the city streets / knocks out everyone she sees / who&amp;#hashtag#;s rippin&amp;#hashtag#; or… #url# </document>
    <Document> 200,000 honey bees killed when 100 hives were doused with diesel fuel. talk about a buzzkill [creepy] #hashtag# #url# </document>
    <document> an interactive map showing the range of the solar system if the earth were the size of a basketball #hashtag# #url# </document>
    <document> Hermit crab uses the cap of a broken bottle for a shell #hashtag# #url# </document>
    <document> ?? Predatory raccoon, looking for a Zune, broke into an iPhone store in Knoxville? [chic] #hashtag# #url# </document>
    <document> miss a alum suzy teases new solo single music video #hashtag# #url# </document>
    <Document> Cannabis Recriminalization Worse Than the 'Reefer Madness' of the 1930s? #Hashtag# #URL# </document>
    <document> the best instant pot recipes for the pressure cooker feature #hashtag# #url# </document>
    <document> why paris? largest Art Nouveau subway station is no longer #hashtag# #url# </document>
    <document> old and broken: lives in a shipping container. new affordable housing: living in a giant concrete water pipe [spif… #url# </document>
    <Document> Sale of Trump real estate suggesting money laundering: researchers #hashtag# #url# </Document>
    <document> Woman attacked in nightclub goes to hospital, discovers doctor is suspected attacker, beaten up again #url# </document>
    <document> Bride-to-be accuses photographer of shaming her in photos, but photographer has his own story with his #url# </document>
    <Document> Use of ADHD medication is increasing among young adult women #hashtag# #url# </document>
    <Document>Police: Woman reports dead body in her home, leads her in pursuit #hashtag# #url# </Document>
    <document> Scientists explain mechanisms that affect runoff during droughts #hashtag# #url# </document>
    <document> the effect of movement on your brain #hashtag# #url# </document>
    <Document> Nothing to see here Citizens. Ignore the NYPD raid on newsweek offices [interesting] #hashtag# #url# </document>
    <document> Facebook names former American Express CEO Kenneth Chenault to board of directors #hashtag# #url# </document>
    <document> Fishermen dive into the river just before the motorboat hits a ship #hashtag# #url# </document>
    <document> Spike TV is dead so their Twitter persona has a big tag #hashtag# #url# </document>
    <document> christie slams reports of his airline's security measures #hashtag# #url# </document>
    <Document> Study shows that l.a. needs more hollywood sign [silly] #hashtag# #url# </document>
    <Document> 750 kg of cocaine found hidden in pineapple. Police describe the suspect as [weird] #url# </document> with big eyes and square pants
    <Document> US smoking rate falls, but 38 million are still burning #hashtag# #url# </document>
    <document> old and broken: lives in a shipping container. new affordable housing: living in a giant concrete water pipe [spif… #url# </document>
    <document> a universal language of music #hashtag# #url# </document>
    <document> signals more independence from US, World Bank ends support for fossil fuels #hashtag# #url# </document>
    <document> the little-known history of seafaring pets #hashtag# #url# </document>
    <document> New Zealand Prime Minister Jacinda Ardern pregnant with first child #hashtag# #url# </document>
    <document> Rescue drone drops a life-saving flotation device to help two stranded swimmers get back to shore #hashtag# #url# </document>
    <document> Divers in Mexico have discovered the world's largest flooded cave #hashtag# #url# </document>
    <document> Pittsburgh Steelers name Randy Fichtner to replace Todd Haley #hashtag# #url# </document>
    <document> Bride-to-be accuses photographer of shaming her in photos, but photographer has his own story with his #url# </document>
    <document> Minnesota Vikings at Philadelphia Eagles: Prediction, Preview, Pick to Win #hashtag# #url# </document>
    <document> Former Montana lawmaker sentenced to 18 years for drug trafficking #hashtag# #url# </document>
    <document> 50+ most embarrassing #hashtag# ever #hashtag# #url# </document>
    <Document> Nothing to see here Citizens. Ignore the NYPD raid on newsweek offices [interesting] #hashtag# #url# </document>
    <document> Man breaks his throat by suppressing a strong sneeze #hashtag# #url# </document>
    <document> the step-by-step guide to making a truly homemade kimchi kit to a soothing soundtrack #hashtag# #url# </document>
    The <document> family shares the cartoonish results of their photoshoot with a &amp;amp;quot;professional&amp;amp;quot; Photographer #url# </document>
    <document> ? who&amp;#hashtag#;s wafts through the city streets / knocks out everyone she sees / who&amp;#hashtag#;s rippin&amp;#hashtag#; or… #url# </document>
    <document> the dangers of an icy hill #hashtag# #url# </document>
    <document> artist envisions the demise of social media platforms in haunting post-apocalyptic imagery #hashtag# #url# </document>
    <document> Pittsburgh Steelers name Randy Fichtner to replace Todd Haley #hashtag# #url# </document>
    <Document> New Orleans Saints&amp;#hashtag#; Thomas Morstead Returns The Favor After Donations From Minnesota Vikings Fans #hashtag# #url# </document>
    <document> conde nast, ebay auction golden balls for charity #hashtag# #url# </document>