 >
      <document> hurry: 7 rarely-on #hashtag# perricone md ##hashtag# faves are 50 percent off— for a few more hours!… #url# </document>
    <document> tom# ford is launching a ##hashtag# line that’s as luxurious as his makeup products #url# #url# </document>
    <document> venezuelan chef grace ramirez has the ##hashtag# secret to boosting your confidence #url# #url# </document>
    <document> you're #hashtag# cleaning everything else, why not your ##hashtag# regime too? #url# #url# </document>
    <document> the #hashtag# ##hashtag# #hashtag# is moving from cosmetic to a vital #hashtag# care regime #url# #url# </document>
    <document> let lizzo's ##hashtag# nightmare be a reminder to wash your face at night #url# #url# </document>
    <document> walmart enters #hashtag# #hashtag# with private-labeled ##hashtag# line #url# #url# </document>
    <document> codex #hashtag# announces ewg verified™ and cosmos organic certification of bia ##hashtag# line… #url# </document>
    <document> why hyaluronic acid deserves a permanent spot in your ##hashtag# routine #url# #url# </document>
    <document> drunk elephant’s founder shares expansion details and why the ##hashtag# brand is not simply ‘clean’… #url# </document>
    <document> boston startup puts a new spin on silk, replacing petrochemicals in #hashtag# and ##hashtag# #url# #url# </document>
    <document> tom# ford couldn’t find a ##hashtag# line he liked, so he made his own #url# #url# </document>
    <document> this new #hashtag# bar wants to help you step up your pre-#hashtag# ##hashtag# routine #url# #url# </document>
    <document> tom# ford launches ##hashtag# and it's as luxurious as you'd expect #url# #url# </document>
    <document> baalm ceo and ‘fresh face’ author mandi nyambi wants to change the culture of ##hashtag# #url# #url# </document>
    <document> best new foundations with impressive shade ranges and extra ##hashtag# benefits #url# #url# </document>
    <document> #hashtag# admit they aren't making the best ##hashtag# choices #url# #url# </document>
    <document> drunk elephant’s founder shares expansion details and why the wildly popular ##hashtag# brand is not simply ‘clean’… #url# </document>
    <document> after 10-step korean regimes, why are people opting for minimalist ##hashtag#? #url# #url# </document>
    <document> #hashtag# grants defenage ##hashtag# master patent for proven science that generates new young #hashtag#… #url# </document>
    <document> good company: tatcha’s revolutionary line of ##hashtag# products #url# #url# </document>
    <document> iconic paula abdul is aesthetics biomedical's ambassador for some™ ##hashtag# debut campaign #url# #url# </document>
    <document> millie bobby brown's new vegan ##hashtag# brand is for the "sophisticated #hashtag#" #url# #url# </document>
    <document> why hyaluronic acid deserves a permanent spot in your ##hashtag# routine #url# #url# </document>
    <document> iconic paula abdul is aesthetics biomedical's ambassador for some ##hashtag# debut campaign #url# #url# </document>
    <document> 12 ##hashtag# myths busted #url# #url# </document>
    <document> here’s how to use #hashtag# c in your ##hashtag# routine to get the best results. #url# #url# </document>
    <document> how i became a ##hashtag# maven: tiffany masterson #url# #url# </document>
    <document> drunk elephant’s founder shares expansion details and why the wildly popular ##hashtag# brand is not simply ‘clean’… #url# </document>
    <document> i tried walmart’s $10 ##hashtag# kit and, you know what, it was pretty good #url# #url# </document>
    <document> new ##hashtag# brand comes to #hashtag# #url# #url# </document>
    <document> i tried walmart’s $10 ##hashtag# kit and, you know what, it was pretty good #url# #url# </document>
    <document> my mom is 45 years older than me, and we both love this affordable ##hashtag# line #url# #url# </document>
    <document> 11 k-#hashtag# sheet masks for every ##hashtag# issue you can think of #url# #url# </document>
    <document> tom# ford couldn’t find a ##hashtag# line he liked, so he made his own #url# #url# </document>
    <document> walmart enters #hashtag# #hashtag# with private-labeled ##hashtag# line #url# #url# </document>
    <document> drunk elephant’s founder shares expansion details and why the wildly popular ##hashtag# brand is not simply ‘clean’… #url# </document>
    <document> this $6 toner works just as well as my #hashtag# ##hashtag# products — and i'm never going back… #url# </document>
    <document> 9 best ##hashtag# products for oily #hashtag# that minimise pores, hydrate and balance stressed complexions… #url# </document>
    <document> walmart enters #hashtag# #hashtag# with private-labeled ##hashtag# line #url# #url# </document>
    <document> 11 k-#hashtag# sheet masks for every ##hashtag# issue you can think of #url# #url# </document>
    <document> seven must have bridal ##hashtag# products, according to industry experts #url# #url# </document>
    <document> these are the ##hashtag# #hashtag# #hashtag# are getting for perfect #hashtag# without surgery – expert… #url# </document>
    <document> 5 ##hashtag# products that'll give you that glow you thought only existed on #hashtag# #url# #url# </document>
    <document> save 20% on this dr. dennis gross ##hashtag# trio in the dermstore anniversary #hashtag# #url# #url# </document>
    <document> venezuelan chef grace ramirez has the ##hashtag# secret to boosting your confidence #url# #url# </document>
    <document> why hyaluronic acid deserves a permanent spot in your ##hashtag# routine #url# #url# </document>
    <document> baalm ceo and ‘fresh face’ author mandi nyambi wants to change the culture of ##hashtag# #url# #url# </document>
    <document> angela bassett’s #hashtag#, #hashtag#, and ##hashtag# secrets that make 61 look like 41 #url# #url# </document>
    <document> what you need to know about #hashtag# c in ##hashtag#—and why it’s a must for every #hashtag# type… #url# </document>
    <document> seven must have bridal ##hashtag# products, according to industry experts #url# #url# </document>
    <document> let lizzo's ##hashtag# nightmare be a reminder to wash your face at night #url# #url# </document>
    <document> 11 ##hashtag# brands french #hashtag# never stray from #url# #url# </document>
    <document> 11 ##hashtag# brands french #hashtag# never stray from #url# #url# </document>
    <document> my mum is 45 years older than me, and we both love this affordable ##hashtag# line #url# #url# </document>
    <document> good company: tatcha’s revolutionary line of ##hashtag# products #url# #url# </document>
    <document> jennifer #hashtag# has been using the same #hashtag# ##hashtag# brand for 35 years #url# #url# </document>
    <document> lais ribeiro sticks to ##hashtag# routine #url# #url# </document>
    <document> jennifer #hashtag#'s trusty ##hashtag# routine #url# #url# </document>
    <document> rt #user#: seo article creator! create unique articles about any topic in seconds! #url# top 3 tips to choosing a… </document>
    <document> 7 indie ##hashtag# products from dermstore’s relaunch to revamp your routine #url# #url# </document>
    <document> lais ribeiro sticks to ##hashtag# routine #url# #url# </document>
    <document> ai blends with #hashtag# products for personalized ##hashtag#, products like smarter toothbrush… #url# </document>
    <document> the runner’s complete guide to ##hashtag# #url# #url# </document>
    <document> estee lauder sees robust fiscal 2020 on booming ##hashtag# demand #url# #url# </document>
    <document> tom# ford couldn’t find a ##hashtag# line he liked, so he made his own #url# #url# </document>
    <document> 11 k-#hashtag# sheet masks for every ##hashtag# issue you can think of #url# #url# </document>
    <document> 7 indie ##hashtag# products from dermstore’s relaunch to revamp your routine #url# #url# </document>
    <document> rt #user#: [seo article generator] create unique articles on any topic in a click! #url# * save 88% off a lifet… </document>
    <document> high-end brands target millennial moms with luxe #hashtag# ##hashtag# #url# #url# </document>
    <document> must-have performance-based ##hashtag# for the aging body #url# #url# </document>
    <document> ways to fall back in love with h.e.r. ##hashtag# routine #url# #url# </document>
    <document> 9 ##hashtag# products to help combat seasonal #hashtag# #url# #url# </document>
    <document> 17 new ##hashtag# drops for the glowing complexion you’ve always wanted #url# #url# </document>
    <document> tom# ford unveils new ##hashtag# line #url# #url# </document>
    <document> estee lauder sees robust fiscal 2020 on booming ##hashtag# demand #url# #url# </document>
    <document> 6 reasons why men need to use ##hashtag# products made with clay #url# #url# </document>
    <document> estee lauder sees robust fiscal 2020 on booming ##hashtag# demand #url# #url# </document>
    <document> these are the best vegan ##hashtag# brands and products to look out for in 2019 #url# #url# </document>
    <document> tom# ford is launching a ##hashtag# line that’s as luxurious as his makeup products #url# #url# </document>
    <document> 11 ##hashtag# brands french #hashtag# never stray from #url# #url# </document>
    <document> codex #hashtag# announces ewg verified™ and cosmos organic certification of bia ##hashtag# line… #url# </document>
    <document> update 1-estee lauder sees robust fiscal 2020 on booming ##hashtag# demand #url# #url# </document>
    <document> the best under-$50 ##hashtag# products for perfect #hashtag# #url# #url# </document>
    <document> tom# ford launches ##hashtag# and it's as luxurious as you'd expect #url# #url# </document>
    <document> rt #user#: [ unique article generator ] create seo friendly content in just a click! #url# *** 7 things #hashtag# to… </document>
    <document> the next generation of ##hashtag# is here #url# #url# </document>
    <document> the 3 most common ##hashtag# blunders brides experience the night before their #hashtag# - and how to tackle them… #url# </document>
    <document> get ready — bts is launching a ##hashtag# collection in the us #url# #url# </document>
    <document> #hashtag# and a-list ##hashtag# experts swear you should be using spf 100 for the best #hashtag#… #url# </document>
    <document> walmart debuts low-cost clean-#hashtag# ##hashtag# #url# #url# </document>
    <document> iconic paula abdul is aesthetics biomedical's ambassador for some™ ##hashtag# debut campaign #url# #url# </document>
    <document> #hashtag# grants defenage ##hashtag# master patent for proven science that generates new young #hashtag#… #url# </document>
    <document> avon’s new anti-pollution ##hashtag# line is the secret to anti-aging — and saving! #url# #url# </document>
    <document> the best under-$50 ##hashtag# products for perfect #hashtag# #url# #url# </document>
    <document> let lizzo's ##hashtag# nightmare be a reminder to wash your face at night #url# #url# </document>
    <document> powerful ayurvedic ##hashtag# tips for monsoon #url# #url# </document>
    <document> the ##hashtag# must-haves for an flawless #hashtag# - royalry essentials #url# #url# </document>
    <document> zendaya, j. lo, and victoria #hashtag#'s favorite ##hashtag# picks are all on #hashtag# #url# #url# </document>
    <document> the only 4 ##hashtag# products men need to combat pimples, breakouts &amp; #hashtag# #url# #url# </document>
   
>
      <document> hurry up: 7 rarely active #hashtag# perricone md #favorite#hashtag# are 50% off—for a few more hours!… #url# </document>
    <document> tom# ford is launching a ##hashtag# line as luxurious as its makeup products #url# #url# </document>
    <document> Venezuelan chef Grace Ramirez has the secret ##hashtag# to boost your security #url# #url# </document>
    <document> you're #hashtag# cleaning up everything else, why not your ##hashtag# regime too? #url# #url# </document>
    <document> the #hashtag# ##hashtag# #hashtag# is moving from a cosmetic to a vital #hashtag# healing regimen #url# #url# </document>
    <document> let Lizzo's ##hashtag# nightmare remind you to wash your face at night #url# #url# </document>
    <document> walmart inserts #hashtag# #hashtag# with line ##hashtag# with private label #url# #url# </document>
    <document> codex #hashtag# announces the ewgVerified™ and Cosmos Organic certification of the white line ##hashtag#… #url# </document>
    <document> why hyaluronic acid deserves a regular place in your ##hashtag# routine #url# #url# </document>
    <document> Drunk Elephant founder shares details of expansion and explains why ##hashtag# branding just isn't "clean"... #url# </document>
    <document> Boston startup puts new spin on silk, substituting petrochemicals in #hashtag# and ##hashtag# #url# #url# </document>
    <document> tom# ford couldn't find a ##hashtag# line he liked, so he created his own #url# #url# </document>
    <document> this new #hashtag# bar is meant to help you step up your pre-#hashtag# routine ##hashtag# #url# #url# </document>
    <document> tom# ford launches ##hashtag# and it's as fancy as you'd expect #url# #url# </document>
    <document> ceo of baalm and author of "new face" mandi nyambi wants to change the culture of ##hashtag# #url# #url# </document>
    <document> best new foundations with amazing shade ranges and ##hashtag# extra benefits #url# #url# </document>
    <document> #hashtag# admit they are not making the best ##hashtag# choices #url# #url# </document>
    <document> Founder of Drunk Elephant shares expansion details and explains why the wildly popular ##hashtag# branding just isn't "clean"... #url# </document>
    <document> After Korea's 10-step regimes, why are people opting for minimalistic ##hashtag#? #url# #url# </document>
    <document> #hashtag# Grants Master Patent Defenage ##hashtag# for Proven Science Generating New Youth #hashtag#… #url# </document>
    <document> good company: tatcha's revolutionary ##hashtag# product line #url# #url# </document>
    <document> the iconic paula abdul is the ambassador of biomedical aesthetics for some ™ ##hashtag# debut campaign #url# #url# </document>
    <document> Millie Bobby Brown's new vegan ##hashtag# branding is for the "sophisticated #hashtag#" #url# #url# </document>
    <document> why hyaluronic acid deserves a regular place in your ##hashtag# routine #url# #url# </document>
    <document> the iconic paula abdul is the ambassador of biomedical aesthetics for some ##hashtag# debut campaigns #url# #url# </document>
    <document> 12 ##hashtag# myths busted #url# #url# </document>
    <document> Here's how to use #hashtag# c in the ##hashtag# routine for best results. #url# #url# </document>
    <document> how I became an expert on ##hashtag#: tiffany masterson #url# #url# </document>
    <document> Founder of Drunk Elephant shares expansion details and explains why the wildly popular ##hashtag# branding just isn't "clean"... #url# </document>
    <document> I tried Walmart's $10 ##hashtag# kit and, you know what, it was pretty good #url# #url# </document>
    <document> new branding ##hashtag# comes to #hashtag# #url# #url# </document>
    <document> I tried Walmart's $10 ##hashtag# kit and, you know what, it was pretty good #url# #url# </document>
    <document> my mom is 45 years older than me and we both love this line ##hashtag# convenient #url# #url# </document>
    <document> 11 k-#hashtag# sheet masks for each ##hashtag# you emitcan think of #url# #url# </document>
    <document> tom # ford couldn't find a ## hashtag # line he liked, so he created his own # url # # url # </document>
    <document> walmart inserts #hashtag# #hashtag# with line ##hashtag# with private label #url# #url# </document>
    <document> Founder of Drunk Elephant shares expansion details and explains why the wildly popular ##hashtag# branding just isn't "clean"... #url# </document>
    <document> this $6 toner works as well as my #hashtag# ##hashtag# products — and I'll never go back... #url# </document>
    <document> 9 best ##hashtag# oily #hashtag# products that minimize pores, hydrate and balance stressed complexions... #url# </document>
    <document> walmart inserts #hashtag# #hashtag# with line ##hashtag# with private label #url# #url# </document>
    <document> 11 k-#hashtag# sheet masks for every ##hashtag# number you can think of #url# #url# </document>
    <document> seven must-have ##hashtag# bridal products, according to industry experts #url# #url# </document>
    <document> these are ##hashtag# #hashtag# #hashtag# are getting perfect #hashtag# without surgery – expert… #url# </document>
    <document> 5 ##hashtag# products that will give you that glow you thought only existed on #hashtag# #url# #url# </document>
    <document> save 20% on this dr. dennis gross ##hashtag# trio on dermstore anniversary #hashtag# #url# #url# </document>
    <document> Venezuelan chef Grace Ramirez has the secret ##hashtag# to boost your security #url# #url# </document>
    <document> why hyaluronic acid deserves a regular place in your ##hashtag# routine #url# #url# </document>
    <document> ceo of baalm and author of "new face" mandi nyambi wants to change the culture of ##hashtag# #url# #url# </document>
    <document> #hashtag#, #hashtag# and ##hashtag# angela bassett's secrets that make 61 look like 41 #url# #url# </document>
    <document> what you need to know about #hashtag# c in ##hashtag# and why it's a must for any type of #hashtag#... #url# </document>
    <document> seven must-have ##hashtag# bridal products, according to industry experts #url# #url# </document>
    <document> let Lizzo's ##hashtag# nightmare remind you to wash your face at night #url# #url# </document>
    <document> 11 ##hashtag# french brands #hashtag# never strays from #url# #url# </document>
    <document> 11 ##hashtag# french brands #hashtag# never strays from #url# #url# </document>
    <document> my mom is 45 years older than me and we both love this line ##hashtag# convenient #url# #url# </document>
    <document> good company: tatcha's revolutionary ##hashtag# product line #url# #url# </document>
    <document> jennifer #hashtag# has been using the same brand #hashtag# ##hashtag# for 35 years #url# #url# </document>
    <document> lais ribeiro follows the routine ##hashtag# #url# #url# </document>
    <document> jennifer's trusty ##hashtag# routine #hashtag# #url# #url# </document>
    <document> rt #user#: seo article creator! create unique articles on any topic in seconds! #url# 3 useful tips for choosing a… </document>
    <document> 7 independent ##hashtag# products from the dermstore relaunch to renew your routine #url# #url# </document>
    <document> lais ribeiro follows the routine ##hashtag# #url# #url# </document>
    <document> ai merges with #hashtag# products for custom ##hashtag#, products like smarter toothbrush… #url# </document>
    <document> the complete runner's guide to ##hashtag# #url# #url# </document>
    <document> Estee Lauder Sees Strong Fiscal Year 2020 on Booming Demand ##hashtag# #url# #url# </document>
    <document> tom# ford couldn't find a ##hashtag# line he liked, so he created his own #url# #url# </document>
    <document> 11 k-#hashtag# sheet masks for every ##hashtag# issue you can think of #url# #url# </document>
    <document> 7 independent ##hashtag# products from the dermstore relaunch to renew your routine #url# #url# </document>
    <document> rt #user#: [seo article generator]create unique articles on any topic in one click! #url# * save 88% on a lifetime... </document>
    <document> high-end brands target millennial moms with luxury #hashtag# ##hashtag# #url# #url# </document>
    <document> Performance-based must-have ##hashtag# for the aging body #url# #url# </document>
    <document> ways to fall in love again with h.e.r. ##hashtag# routine #url# #url# </document>
    <document> 9 ##hashtag# products to combat seasonal #hashtag# #url# #url# </document>
    <document> 17 new ##hashtag# drops for the glowing complexion you've always wanted #url# #url# </document>
    <document> tom# ford unveils new line ##hashtag# #url# #url# </document>
    <document> Estee Lauder Sees Strong Fiscal Year 2020 on Booming Demand ##hashtag# #url# #url# </document>
    <document> 6 reasons why men should use ##hashtag# clay products #url# #url# </document>
    <document> Estee Lauder Sees Strong Fiscal Year 2020 on Booming Demand ##hashtag# #url# #url# </document>
    <document> these are the best vegan ##hashtag# brands and products to look out for in 2019 #url# #url# </document>
    <document> tom# ford is launching a ##hashtag# line as luxurious as its makeup products #url# #url# </document>
    <document> 11 ##hashtag# french brands #hashtag# never strays from #url# #url# </document>
    <document> codex #hashtag# announces the ewgVerified™ and Cosmos Organic certification of the white line ##hashtag#… #url# </document>
    <document> update 1-estee lauder sees robust fiscal 2020 on booming demand ##hashtag# #url# #url# </document>
    <document> the best ##hashtag# products under $50 for a perfect #hashtag# #url# #url# </document>
    <document> tom# ford launches ##hashtag# and it's as fancy as you'd expect #url# #url# </document>
    <document> rt #user#: [unique post generator] create seo friendly content in just one click! #url# *** 7 things #hashtag# for... </document>
    <document> the next generation of ##hashtag# is here #url# #url# </document>
    <document> the 3 most common ##hashtag# mistakes brides experience the night before their #hashtag# - and how to deal with them... #url# </document>
    <document> get ready — bts is launching a collection of ##hashtag# in the US #url# #url# </document>
    <document> #hashtag# and ##hashtag# list experts swear you should use spf 100 for the best #hashtag#… #url# </document>
    <document> walmart debuts low cost clean-#hashtag# ##hashtag# #url# #url# </document>
    <document> the iconic paula abdul is the ambassador of biomedical aesthetics for some ™ ##hashtag# debut campaign #url# #url# </document>
    <document> #hashtag# Grants Master Patent Defenage ##hashtag# for Proven Science Generating New Youth #hashtag#… #url# </document>
    <document> Avon's new ##hashtag# anti-pollution line is the secret of anti-aging and savings! #url# #url# </document>
    <document> the best ##hashtag# products under $50 for a perfect #hashtag# #url# #url# </document>
    <document> let Lizzo's ##hashtag# nightmare remind you to wash your face at night #url# #url# </document>
    <document> Powerful Ayurvedic Tips ##hashtag# for Monsoon #url# #url# </document>
    <document> the essential ##hashtag# for a flawless #hashtag# - royalry essentials #url# #url# </document>
    <document> zendaya, j. lo, and victoria's favorite ##hashtag# picks #hashtag# are all at #hashtag# #url# #url# </document>
    <document> the only 4 ##hashtag# products men need to fight pimples, rashes &amp; #hashtag# #url# #url# </document>>
      <document> hurry up: 7 rarely used #hashtag# perricone md ##hashtag# favorites are 50 percent off – for a few more hours!… #url# </document>
    <document> tom# ford is launching a ##hashtag# line as luxurious as its makeup products #url# #url# </document>
    <document> Venezuelan chef Grace Ramirez has the ##hashtag# secret to boosting your confidence #url# #url# </document>
    <document> you #hashtag# clean up everything else, why not your ##hashtag# regime too? #url# #url# </document>
    <document> the #hashtag# ##hashtag# #hashtag# goes from a cosmetic to a vital #hashtag# skincare routine #url# #url# </document>
    <document> let Lizzo's ##hashtag# nightmare remind you to wash your face at night #url# #url# </document>
    <document> Walmart enters #hashtag# #hashtag# with the privately tagged ##hashtag# line #url# #url# </document>
    <document> codex #hashtag# announces ewgVerified™ and cosmos-organic certification of bia ##hashtag# line… #url# </document>
    <document> why hyaluronic acid deserves a permanent place in your ##hashtag# routine #url# #url# </document>
    <document> The Drunken Elephant Founder shares expansion details and why the ##hashtag# brand isn't just "clean"... #url# </document>
    <document> Boston startup puts a new spin on silk, replacing petrochemicals in #hashtag# and ##hashtag# #url# #url# </document>
    <document> tom# ford couldn't find a ##hashtag# line he liked, so he made his own #url# #url# </document>
    <document> this new #hashtag# bar aims to help you improve your pre #hashtag# ##hashtag# routine #url# #url# </document>
    <document> tom# ford introduces ##hashtag# and it's as luxurious as you would expect #url# #url# </document>
    <document> Mandi Nyambi, CEO of Baalm and "Fresh Face" author, wants to change the culture of ##hashtag# #url# #url# </document>
    <document> the best new foundations with stunning color palettes and added ##hashtag# benefits #url# #url# </document>
    <document> #hashtag# admit they don't make the best ##hashtag# choices #url# #url# </document>
    <document> drunk elephant founder shares details on expansion and why the hugely popular brand ##hashtag# isn't just "clean"... #url# </document>
    <document> After the 10-step regimes in Korea, why do people choose minimalist ##hashtag#? #url# #url# </document>
    <document> #hashtag# grants defenage ##hashtag# master patent for proven science generating new young #hashtag#… #url# </document>
    <document> good company: Tatcha's revolutionary line of ##hashtag# products #url# #url# </document>
    <document> The iconic Paula Abdul is the ambassador for Aesthetics Biomedical for some™ ##hashtag# debut campaign #url# #url# </document>
    <document> millie bobby brown's new vegan ##hashtag# brand stands for the "sophisticated #hashtag#" #url# #url# </document>
    <document> why hyaluronic acid deserves a permanent place in your ##hashtag# routine #url# #url# </document>
    <document> The iconic Paula Abdul is Aesthetics Biomedical's ambassador for a debut ##hashtag# campaign #url# #url# </document>
    <document> 12 ##hashtag# myths busted #url# #url# </document>
    <document> How to use #hashtag# c in your ##hashtag# routine for best results. #url# #url# </document>
    <document> how I became a ##hashtag# maven: tiffany masterson #url# #url# </document>
    <document> drunk elephant founder shares details on expansion and why the hugely popular brand ##hashtag# isn't just "clean"... #url# </document>
    <document> I tried Walmart's $10 ##hashtag# kit and it was pretty good #url# #url# </document>
    <document> new brand ##hashtag# coming to #hashtag# #url# #url# </document>
    <document> I tried Walmart's $10 ##hashtag# kit and it was pretty good #url# #url# </document>
    <document> my mom is 45 years older than me and we both love this affordable ##hashtag# line #url# #url# </document>
    <document> 11k #hashtag# sheet masks for each ##hashtag# you outputcan think of #url# #url# </document>
    <document> tom# ford couldn't find a ##hashtag# line he liked, so he made his own #url# #url# </document>
    <document> Walmart enters #hashtag# #hashtag# with the privately tagged ##hashtag# line #url# #url# </document>
    <document> drunk elephant founder shares details on expansion and why the hugely popular brand ##hashtag# isn't just "clean"... #url# </document>
    <document> this $6 toner works just as well as my #hashtag# ##hashtag# products - and I will never again... #url# </document>
    <document> The 9 best ##hashtag# products for oily #hashtag# that tighten pores, moisturize and even out stressed complexion… #url# </document>
    <document> Walmart enters #hashtag# #hashtag# with the privately tagged ##hashtag# line #url# #url# </document>
    <document> 11k #hashtag# sheet masks for every ##hashtag# problem you can think of #url# #url# </document>
    <document> Seven must have #url# #url# </document> ##hashtag# products for the bride, according to industry experts
    <document> these are the ##hashtag# #hashtag# #hashtag# for perfect #hashtag# without any operation – expert… #url# </document>
    <document> 5 ##hashtag# products to give you the shine you thought only existed on #hashtag# #url# #url# </document>
    <Document> Save 20% on this dr. dennis gross ##hashtag# trio at the dermstore anniversary #hashtag# #url# #url# </document>
    <document> Venezuelan chef Grace Ramirez has the ##hashtag# secret to boosting your confidence #url# #url# </document>
    <document> why hyaluronic acid deserves a permanent place in your ##hashtag# routine #url# #url# </document>
    <document> Mandi Nyambi, CEO of Baalm and "Fresh Face" author, wants to change the culture of ##hashtag# #url# #url# </document>
    <document> Angela Bassett's #hashtag#, #hashtag# and ##hashtag# secrets that make 61 look like 41 #url# #url# </document>
    <document> what you need to know about #hashtag# c in ##hashtag# - and why it's a must for every #hashtag# type... #url# </document>
    <document> Seven must have #url# #url# </document> ##hashtag# products for the bride, according to industry experts
    <document> let Lizzo's ##hashtag# nightmare remind you to wash your face at night #url# #url# </document>
    <document> 11 ##hashtag# marks French #hashtag# never deviate from #url# #url# </document>
    <document> 11 ##hashtag# marks French #hashtag# never deviate from #url# #url# </document>
    <document> my mom is 45 years older than me and we both love this affordable ##hashtag# line #url# #url# </document>
    <document> good company: Tatcha's revolutionary line of ##hashtag# products #url# #url# </document>
    <document> jennifer #hashtag# has been using the same brand #hashtag# ##hashtag# #url# #url# </document> for 35 years
    <document> lais ribeiro follows the ##hashtag# routine #url# #url# </document>
    <document> jennifer #hashtag#s proven ##hashtag# routine #url# #url# </document>
    <document> rt #user#: Creator of SEO Articles! Create unique articles on any topic in seconds! #url# Top 3 tips for choosing a … </document>
    <document> 7 indie ##hashtag# products from Dermstore's relaunch to revamp your routine #url# #url# </document>
    <document> lais ribeiro follows the ##hashtag# routine #url# #url# </document>
    <document> ai mixes with #hashtag# products for personalized ##hashtag# products like smarter toothbrushes… #url# </document>
    <document> the complete runner's guide to ##hashtag# #url# #url# </document>
    <document> estee lauder sees robust fiscal 2020 on booming ##hashtag# demand #url# #url# </document>
    <document> tom# ford couldn't find a ##hashtag# line he liked, so he made his own #url# #url# </document>
    <document> 11k #hashtag# sheet masks for every ##hashtag# problem you can think of #url# #url# </document>
    <document> 7 indie ##hashtag# products from Dermstore's relaunch to revamp your routine #url# #url# </document>
    <Document> rt #user#: [SEO Article Generator]Create unique articles on any topic with one click! #url# * Save 88% on one life... </document>
    <document> High-end brands are targeting millennial moms with luxe #hashtag# ##hashtag# #url# #url# </document>
    <document> must have a performance-based ##hashtag# for the aging body #url# #url# </document>
    <Document> Ways to get back into h.e.r. to fall in love ##hashtag# routine #url# #url# </document>
    <document> 9 ##hashtag# products to combat seasonal #hashtag# #url# #url# </document>
    <document> 17 new ##hashtag# drops for the glowing complexion you've always wanted #url# #url# </document>
    <document> tom# ford reveals new ##hashtag# line #url# #url# </document>
    <document> estee lauder sees robust fiscal 2020 on booming ##hashtag# demand #url# #url# </document>
    <document> 6 reasons why men need to use ##hashtag# clay products #url# #url# </document>
    <document> estee lauder sees robust fiscal 2020 on booming ##hashtag# demand #url# #url# </document>
    <document> these are the top vegan ##hashtag# brands and products to watch out for in 2019 #url# #url# </document>
    <document> tom# ford is launching a ##hashtag# line as luxurious as its makeup products #url# #url# </document>
    <document> 11 ##hashtag# marks French #hashtag# never deviate from #url# #url# </document>
    <document> codex #hashtag# announces ewgVerified™ and cosmos-organic certification of bia ##hashtag# line… #url# </document>
    <document> update 1-estee lauder sees robust fiscal 2020 due to booming ##hashtag# demand #url# #url# </document>
    <document> the best ##hashtag# products under $50 for perfect #hashtag# #url# #url# </document>
    <document> tom# ford introduces ##hashtag# and it's as luxurious as you would expect #url# #url# </document>
    <document> rt #user#: [unique article generator] Create SEO-friendly content with just one click! #url# *** 7 things #hashtag# to... </document>
    <document> the next generation of ##hashtag# is here #url# #url# </document>
    <document> the 3 most common ##hashtag# mistakes brides make the night before their #hashtag# - and how to tackle them... #url# </document>
    <document> get ready — bts is launching a ##hashtag# collection in the US #url# #url# </document>
    <document> #hashtag# and a-list ##hashtag# experts swear you should use spf 100 for the best #hashtag#... #url# </document>
    <document> Walmart debuts low-cost clean #hashtag# ##hashtag# #url# #url# </document>
    <document> The iconic Paula Abdul is the ambassador for Aesthetics Biomedical for some™ ##hashtag# debut campaign #url# #url# </document>
    <document> #hashtag# grants defenage ##hashtag# master patent for proven science generating new young #hashtag#… #url# </document>
    <document> avon's new anti-pollution ##hashtag# line is the secret of anti-aging - and savings! #url# #url# </document>
    <document> the best ##hashtag# products under $50 for perfect #hashtag# #url# #url# </document>
    <document> let Lizzo's ##hashtag# nightmare remind you to wash your face at night #url# #url# </document>
    <document> powerful ayurvedic ##hashtag# tips for the monsoon #url# #url# </document>
    <document> the ##hashtag# must-haves for a flawless #hashtag# - royalry essentials #url# #url# </document>
    <document> zendaya, j. Lo and behold, Victoria's #hashtag# favorites #hashtag# can all be found under #hashtag# #url# #url# </document>
    <document> the only 4 ##hashtag# products men fight pimples, pimples &amp; #hashtag# #url# #url# </document>