 >
      <document> hands-on with the samsung galaxy s20 lineup #url#   we got our hands on samsung's latest flagship… #url# </document>
    <document> no more quizzes: hq trivia is shutting down #url#   hq trivia, the live trivia gameshow app creat… #url# </document>
    <document> the cast of 'to all the boys 2' talk about their fictional crushes #url#   mashable correspondent… #url# </document>
    <document> martha stewart is gifting you an extra 20% off cookware for valentine's day #url#   tl;dr: impres… #url# </document>
    <document> prices for .com domains likely to jump thanks to trump #url#   the price of .com domains could be… #url# </document>
    <document> 'table manners' finally lets you take a disembodied hand out on a date #url#   i love dumb stuff:… #url# </document>
    <document> here's a list of the meme accounts that sold out to mike bloomberg #url#   mike bloomberg's got b… #url# </document>
    <document> artists are paying tribute after the death of deviantart star qinni #url#   qinni was a beloved a… #url# </document>
    <document> this swedish moped doubles as a workbench &amp; power-station — future blink #url#   created by motor… #url# </document>
    <document> new tesla model s and x long range plus vehicles get big range boost #url#   new iterations of th… #url# </document>
    <document> we tested ben schwartz's video game knowledge #url#   the voice of sonic, ben schwartz, is surpri… #url# </document>
    <document> jake paul wants to charge kids $20 a month to learn 'financial freedom' #url#   youtube megastar,… #url# </document>
    <document> there are no good dating apps for non-monogamous people #url#   even though one in five americans… #url# </document>
    <document> this monitor adds 3 screens to your laptop — future blink #url#   trio is a removable monitor des… #url# </document>
    <document> tesla's leaked employee handbook is exactly as ridiculous as elon musk's twitter #url#   an alleg… #url# </document>
    <document> all the details in that 'bojack horseman' whiteboard scene you may have missed #url#   warning: c… #url# </document>
    <document> amazing photo of mice fighting on a london tube platform takes top prize #url#   28,000 people re… #url# </document>
    <document> zoë kravitz spills on a glorious 'big little lies' deleted scene while eating hot wings #url#   a… #url# </document>
    <document> weed companies find hilarious ad regulations loophole in adopting highways #url#   colorado drive… #url# </document>
    <document> amazon accused trump of bias, and now microsoft's $10 billion jedi cloud contract is on hold… #url# </document>
    <document> 'sonic the hedgehog' opening weekend box office runs rings around every other video game movie… #url# </document>
    <document> these e-skates are like mini hoverboards for your feet — future blink #url#   segway has designed… #url# </document>
    <document> should you buy samsung's new galaxy s20 phones because of 5g? #url#   on tuesday at its unpacked… #url# </document>
    <document> this hilarious 11-year-old took the bob ross challenge — the bob ross challenge #url#   huge bob… #url# </document>
    <document> this tiny multi-tool has over 10 uses — future blink #url#   hunt23 is a tiny multi-use flashligh… #url# </document>
    <document> here's how to turn your love of video into a lucrative youtube career #url#   tl;dr: become the n… #url# </document>
    <document> influencers are showing off their razrs but more importantly, what's up with these pants? #url#… #url# </document>
    <document> samsung's galaxy z flip launches on valentine's day for less than motorola razr #url#   samsung's… #url# </document>
    <document> new 'fortnite' emote is never gonna give you up, never gonna let you down #url#   just like that,… #url# </document>
    <document> always wanted to try coding? dive in with this beginner-friendly python training. #url#   tl;dr:… #url# </document>
    <document> 69 ways to say you're horny #url#   this year mashable is celebrating the season of love with hor… #url# </document>
    <document> meet one of the original online dating couples from the '90s - the stantons #url#   in our love a… #url# </document>
    <document> dog absolutely loses it when her astronaut owner returns from space #url#   nasa astronaut christ… #url# </document>
    <document> these energy-boosting wireless earbuds are on sale for just $40 #url#   tl;dr: get some extra mot… #url# </document>
    <document> u.s. politicians can now pay for sponsored content on facebook #url#   as the u.s. election seaso… #url# </document>
    <document> heart emoji, ranked #url#   saying "i love you" can be hard. but sending a heart emoji? no proble… #url# </document>
    <document> trevor noah compares presidential campaigns to getting drunk at a party #url#   last night, berni… #url# </document>
    <document> seth meyers mocks trump's totally predictable failure to 'learn from' being impeached #url#   on… #url# </document>
    <document> create stunning visuals with this feature-rich design tool for cheap #url#   tl;dr: create your o… #url# </document>
    <document> storm area 51 festival venue announces 2020 dates #url#   get ready to storm area 51 all over aga… #url# </document>
    <document> meet one of the original online dating couples from the '90s - the greathouses #url#   in our lov… #url# </document>
    <document> elon musk's boring company finishes excavating las vegas tunnel #url#   after three months of dig… #url# </document>
    <document> james corden's parents hanging out with harry styles in miami is just glorious #url#   james cord… #url# </document>
    <document> this sleek electric toothbrush uses sonic technology for better results #url#   tl;dr: the philip… #url# </document>
    <document> how millennials are saving the porn industry #url#   this year mashable is celebrating the season… #url# </document>
    <document> how the very online date the very offline #url#   in our love app-tually series, mashable shines… #url# </document>
    <document> there's a privacy bracelet that jams smart speakers and, hell yeah, bring it #url#   smart speake… #url# </document>
    <document> 10 vpn deals this presidents day that you don't want to miss #url#   when it comes to keeping you… #url# </document>
    <document> will arnett and aaron paul interrogating james corden is as ridiculous as it sounds #url#   you'd… #url# </document>
    <document> you should get phonesoap before your phone or airpods get you sick #url#   tl;dr: phonesoap's bog… #url# </document>
    <document> uber suspends another driver account because of coronavirus #url#   the first and only confirmed… #url# </document>
    <document> this emoji could mean your suicide risk is high, according to ai #url#   since its founding in 20… #url# </document>
    <document> the recycling rules that could actually make a huge difference, but are probably doomed #url#   p… #url# </document>
    <document> youtuber fakes a bali vacation, is actually in an ikea #url#   if you're going to fake something… #url# </document>
    <document> totok app, alleged uae spy tool, removed from the google play store yet again #url#   popular mes… #url# </document>
    <document> private internet access offers peace of mind #url#   tl;dr: a one-year subscription to private in… #url# </document>
    <document> step up your golf game with these gadgets on sale for president's day #url#   sadly, it can't alw… #url# </document>
    <document> nordvpn is giving away free gifts to celebrate its birthday #url#   tl;dr: nordvpn's three-year p… #url# </document>
    <document> this pigeon snuggling a chihuahua puppy is post-valentine's friend goals #url#   herman the pigeo… #url# </document>
    <document> 'kidding' showrunner explains how a half-hour comedy became the most devastating show on tv #url#… #url# </document>
    <document> here are some of the best deals from the dell presidents day sale #url#   tl;dr: take the chance… #url# </document>
    <document> hands-on with samsung's galaxy z flip: this time it might work #url#   i've only had it in my han… #url# </document>
    <document> protonvpn offers advanced security features to keep your data safe #url#   tl;dr: a one-year subs… #url# </document>
    <document> jack dorsey tweeted a real bummer of a wikihow on valentine's day #url#   it's valentine's day an… #url# </document>
    <document> 7 trailblazing women to celebrate this international day of women and girls in science #url#   le… #url# </document>
    <document> 20 presidents day deals that'll make your home cleaner than it's ever been #url#   regardless of… #url# </document>
    <document> european privacy officials swipe left on facebook's dating service #url#   facebook delayed the e… #url# </document>
    <document> why are school reunions so horny? #url#   this year mashable is celebrating the season of love wi… #url# </document>
    <document> 30 kitchen tools and gadgets on sale for president's day weekend #url#   with your busy lifestyle… #url# </document>
    <document> i used emoji to order groceries #url#   generally, reverting back to pictographs to communicate e… #url# </document>
    <document> this mannequin shape-shifts to exact measurements — future blink #url#   the robot-mannequin can… #url# </document>
    <document> this deepfake of robert downey jr. and tom holland in 'back to the future' is unreal #url#   out… #url# </document>
    <document> the northern lights cam just turned on and it's the perfect season for ghostly skies #url#   the… #url# </document>
    <document> ifixit says the razr is the 'most complicated' phone it's ever taken apart #url#   if you own the… #url# </document>
    <document> you can finally access alison's 1,000+ online courses without ads #url#   tl;dr: learn the modern… #url# </document>
    <document> the 15 horniest reality tv shows, ranked #url#   this year mashable is celebrating the season of… #url# </document>
    <document> this reconfigurable robot builds its own track — strictly robots #url#   the rctr is able to chan… #url# </document>
    <document> here's everything samsung announced at its unpacked event #url#    read more...  more about samsu… #url# </document>
    <document> alleged huawei spy was caught disguised as 'weihua' employee #url#   if you're going to steal tra… #url# </document>
    <document> bad news mac owners, a new report says windows pcs are safer #url#   for the first time in what s… #url# </document>
    <document> learn how to turn your photography hobby into a side hustle #url#   tl;dr: turn photography into… #url# </document>
    <document> 'ohio 2' stars in this delightfully unhinged map of north and south america #url#   a high school… #url# </document>
    <document> microsoft surface books on sale this weekend: shop 'recertified' and save #url#   think the battl… #url# </document>
    <document> these supremely soft wireless earbuds are over 35% off #url#   tl;dr: finally get the comfort and… #url# </document>
    <document> samsung's galaxy z flip was so fun i didn't want to give it up #url#   samsung galaxy z flip  the… #url# </document>
    <document> these custom masks may not beat face id, but they could do some good #url#   it might have starte… #url# </document>
    <document> these nespresso bundles are on sale for up to 50% off #url#   waking up a few minutes early to br… #url# </document>
    <document> hale appleman on 'the magicians' groundhog day episode and facing eliot's fears #url#   this inte… #url# </document>
    <document> learn copywriting from the pros with this online master class #url#   tl;dr: be able to create yo… #url# </document>
    <document> 'sonic the hedgehog' feels like an empty cash grab #url#   at a time when a large chunk of the mo… #url# </document>
    <document> restorative farm produces food, fresh water, and clean energy in the desert #url#   the sahara fo… #url# </document>
    <document> meet one of the first online dating couples from the ’90s - the puentes #url#   in our love app-t… #url# </document>
    <document> meet some of the first couples to date over dial-up, and then get married #url#   in our love app… #url# </document>
    <document> want to start a youtube channel? you absolutely need this. #url#   tl;dr: kickstart your youtube… #url# </document>
    <document> breathe easy with an air purifier from levoit #url#   tl;dr: the levoit air purifier is on sale f… #url# </document>
    <document> janet jackson and the roots' cute classroom-instruments cover of 'runaway' has one important change… #url# </document>
    <document> 'love is blind' is the bizarre reality tv experiment you've been craving #url#   first came the b… #url# </document>
    <document> will ferrell's valentine's day notes to his wife are, uh, a lot #url#   feeling short of inspirat… #url# </document>
    <document> here's why samsung’s galaxy z flip might not be a disaster like the fold #url#   we're hoping his… #url# </document>
    <document> fingers crossed that the post-apocalyptic underground future has these led skylights — future blink… #url# </document>
   
>
      <document> hands on with the Samsung Galaxy S20 line #url# we got our hands on the latest Samsung flagship... #url# </document>
    <document> no more quizzes: hq trivia is closing #url# hq trivia, the live trivia game app created… #url# </document>
    <document> 'to all the boys 2' cast talks about their imaginary crushes #url# corresponding mashable… #url# </document>
    <document> Martha Stewart Gives You Extra 20% Off Cookware For Valentine's Day #url# tl;dr: impres… #url# </document>
    <document> .com domain prices could go up thanks to Trump #url# .com domain prices could be... #url# </document>
    <document> 'table manners' finally lets you lend a disembodied hand on a date #url# I love silly things:… #url# </document>
    <document> here is a list of meme accounts sold to mike bloomberg #url# mike bloomberg has b… #url# </document>
    <document> Artists pay tribute to deviantart star qinni's death #url# qinni was a beloved a... #url# </document>
    <document> this Swedish moped also serves as a workbench &amp; power-station — future blink #url# created by motor… #url# </document>
    <document> New Tesla Model S and X Long Range Plus Vehicles Get Big Range Boost #url# New Iterations of… #url# </document>
    <document> we tested ben schwartz's gaming knowledge #url# sonic's voice, ben schwartz, is surprised… #url# </document>
    <document> jake paul wants to charge kids $20 a month to learn 'financial freedom' #url# youtube megastar,… #url# </document>
    <document> There are no good dating apps for non-monogamous people #url# even though one in five Americans… #url# </document>
    <document> This monitor adds 3 screens to your laptop — future blink #url# trio is a detachable monitor des… #url# </document>
    <document> Tesla's leaked employee handbook is exactly as ridiculous as Elon Musk's twitter #url# an alleg… #url# </document>
    <document> all the details in that "bojack horseman" whiteboard scene you might have missed #url# alert: c… #url# </document>
    <document> Stunning photo of rats fighting on a London Underground platform wins grand prize #url# 28,000 people re… #url# </document>
    <document> zoë kravitz talks glorious 'little big lies' deleted scene while eating hot wings #url# a… #url# </document>
    <document> Weed Companies Find Hilarious Loopholes in Advertising Regulations Adopting Highways #url# colorado drive… #url# </document>
    <document> amazon accused trump of bias and now microsoft's $10 billion jedi cloud contract is suspended... #url# </document>
    <document> 'Sonic the hedgehog' opening weekend box office laps all other video game movies... #url# </document>
    <document> these e-skates are like mini hoverboards for your feet — future blink #url# segway has designed… #url# </document>
    <document> should you buy new Samsung Galaxy S20 phones because of 5G? #url# Tuesday when it's decompressed… #url# </document>
    <document> this hilarious 11-year-old took on the bob ross challenge — the bob ross challenge #url# huge bob… #url# </document>
    <document> this tiny multipurpose tool has over 10 uses — future blink #url# hunt23 is a tiny multipurpose flashlight… #url# </document>
    <document> Here's how to turn your love of video into a lucrative YouTube career #url# tl;dr: Become the n… #url# </document>
    The <document> influencers are showing off their razors, but more importantly, what's up with these pants? #url#… #url# </document>
    <document> samsung galaxy z flip launches on valentines day less than motorola razr #url# samsung… #url# </document>
    <document> the new "fortnite" emote will never let you down, never let you down #url# that's right,... #url# </document>
    <document> always wanted to try programming? dive in with this beginner-friendly python training. #url# tl;dr:… #url# </document>
    <document> 69 ways to say you're horny #url# this year mashable celebrates the season of love with hor… #url# </document>
    <document> meets one of the original online dating couples of the 90s: the stantons #url# in our love at… #url# </document>
    <document> dog absolutely loses it when his astronaut owner returns from space #url# nasa astronaut christ… #url# </document>
    <document> These energy-boosting wireless earbuds are on sale for just $40 #url# tl;dr: Get some mot… #url# </document>
    <document> US politicians can now pay for sponsored content on facebook #url# as US election season… #url# </document>
    <document> heart emoji, classified #url# saying "I love you" can be difficult. but send a heart emoji? no problem... #url# </document>
    <document> trevor noah compares presidential campaigns to getting drunk at a party #url# last night, berni… #url# </document>
    <document> seth meyers mocks Trump's predictable failure to "learn" from impeachment #url# on… #url# </document>
    <document> Create stunning images with this feature-rich design tool for #url# tl;dr: Create your own o… #url# </document>
    <document> storm festival venue area 51 announces 2020 dates #url# get ready to storm area 51 again... #url# </document>
    <document> meets one of the original online dating couples of the 90s: the big #url# houses in our love… #url# </document>
    <document> Boring Elon Musk company finishes digging Las Vegas tunnel #url# after three months of digging… #url# </document>
    <document> james corden's parents dating harry styles in miami is just glorious #url# james cord… #url# </document>
    <document> this elegant electric toothbrush uses sonic technology for better results #url# tl;dr: the philip… #url# </document>
    <document> how millennials are saving the porn industry #url# this year mashable celebrates the season... #url# </document>
    <document> like date very online very offline #url# in our series of app-tually love, mashable shines… #url# </document>
    <document> there is a privacy bracelet that blocks smart speakers and hell yeah bring it #url# smart speake… #url# </document>
    <document> 10 vpn offers this presidents day you can't miss #url# when it comes to keeping yourself... #url# </document>
    <document> will arnett and aaron paul questioning james cordan is as ridiculous as it sounds #url# would you… #url# </document>
    <document> you should get phonesoap before your phone or airpods make you sick #url# tl;dr: phonesoap's bog… #url# </document>
    <document> uber suspends another driver account due to coronavirus #url# the first and only confirmed… #url# </document>
    <document> this emoji could mean your suicide risk is high, according to #url# since its inception in 20… #url# </document>
    <document> the recycling rules that could actually make a huge difference, but are probably doomed #url# p… #url# </document>
    <document> the youtuber fakes a holiday in bali, he's actually in an ikea #url# if you're going to fake something... #url# </document>
    <document> totok app, alleged UAE spy tool, removed once again from Google Play Store #url# popular mes… #url# </document>
    <document> Private Internet Access offers peace of mind #url# tl;dr: A one-year subscription to private in… #url# </document>
    <document> Step up your golf game with these President's Day Sale Goodies #url# unfortunately can't always… #url# </document>
    <document> nordvpn is offering free gifts to celebrate his birthday #url# tl;dr: nordvpn triennial p… #url# </document>
    <document> this pigeon cuddling a chihuahua puppy is the goal of post-Valentine's friend #url# herman the pigeon… #url# </document>
    <document> "Jokingly" Showrunner Explains How Half-Hour Comedy Became TV's Most Devastating Show #url#… #url# </document>
    <document> here are some of the best Presidents Day Sale offers from #url#tl;dr: take a chance… #url# </document>
    <document> hands-on with the samsung galaxy z flip: this time it might work #url# I only have it in my hand… #url# </document>
    <document> protonvpn offers advanced security features to protect your data #url# tl;dr: one year subscriptions… #url# </document>
    <document> jack dorsey tweeted a real disappointment of a wikihow on valentines day #url# it's valentines day and… #url# </document>
    <document> 7 women pioneers to celebrate this international day of women and girls in science #url# le… #url# </document>
    <document> 20 President's Day Deals That Will Make Your Home Cleaner Than It's Ever Been #url# Regardless of... #url# </document>
    <document> European privacy officials swipe left on facebook dating service #url# facebook delayed e… #url# </document>
    <document> why are school reunions so exciting? #url# this year mashable celebrates the season of love with… #url# </document>
    <document> 30 Kitchen Tools and Gadgets on Sale for President's Day Weekend #url# with your busy lifestyle... #url# </document>
    <document> I used emojis to order groceries #url# in general, going back to pictographs to communicate and… #url# </document>
    <document> this mannequin transforms to exact measurements — future blink #url# the robot-mannequin can... #url# </document>
    <document> this deepfake by robert downey jr. and tom holland in 'back to the future' is unreal #url# out… #url# </document>
    <document> the Northern Lights camera just turned on and it's the perfect season for ghostly skies #url# the… #url# </document>
    <document> ifixit claims the razr is the "most complicated" phone ever to take apart #url# if you have the… #url# </document>
    <document> you can finally access alison's 1,000+ online courses without ads #url# tl;dr: learn modern… #url# </document>
    <document>Top 15 Hottest Reality Shows, Ranked #url# This Year Mashable Celebrates the Season of… #url# </document>
    <document> this reconfigurable robot builds its own track — strictly robot #url# the rctr is able to chan… #url# </document>
    <document> here's everything samsung announced during its unzipped event #url# read more... more on samsu… #url# </document>
    <document> the alleged huawei spy was caught disguised as an employee "weihua" #url# if you intend to steal between… #url# </document>
    <document> bad news mac owners, new report claims Windows PCs are more secure #url# for the first time in what is... #url# </document>
    <document> learn how to turn your photography hobby into a sideline #url# tl;dr: turn photography into… #url# </document>
    <document> 'ohio 2' stars in this delightfully bumpy map of north and south america #url# a high school... #url# </document>
    <document> Microsoft Surface books on sale this weekend: buy "re-certified" and save #url# think about the battle… #url# </document>
    <document> these super soft wireless earphones are over 35% off #url# tl;dr: finally comfort and... #url# </document>
    <document> samsung galaxy z flip was so fun i didn't want to give it up #url# samsung galaxy z flip the… #url# </document>
    <document> these custom masks may not beat face id, but they may do some good #url# may have started… #url# </document>
    <document> these nespresso packs are on sale up to 50% off #url# wake up a few minutes early to br… #url# </document>
    <document> Hale Appleman Talks "Groundhog Day" Episode & Confronts Eliot's Fears #url# this inte… #url# </document>
    <document> learn copywriting from the pros with this online master class #url# tl;dr: Being able to create your own… #url# </document>
    <document> 'sonic the hedgehog' looks like an empty cash grab #url# at a time when a large chunk of the mo… #url# </document>
    <document> remedial farm produces food, fresh water and clean energy in the desert #url# sahara fo… #url# </document><document> meet one of the first online dating couples of the 90s: the puentes #url# in our love app-t… #url# </document>
    <document> meet some of the first couples who dial-up dated and married #url# in our love app... #url# </document>
    <document> do you want to start a youtube channel? you absolutely need it. #url# tl;dr: start your youtube… #url# </document>
    <document> breathe easy with an air purifier from levoit #url# tl;dr: levoit air purifier is for sale f… #url# </document>
    <document> Beautiful cover of 'runaway' by janet jackson and the roots with instruments in the classroom has a major change... #url# </document>
    <document> 'Love is Blind' is the bizarre reality show experiment you've been craving #url# before the b… #url# </document>
    <document> Will Ferrell's Valentine's Day notes to his wife are, uh, very #url# short on inspiration… #url# </document>
    <document> here's why Samsung's Galaxy Z Flip might not be as messy as the #url# fold let's hope it is… #url# </document>
    <document> fingers crossed that future post-apocalyptic dungeon has these led skylights — future blink… #url# </document>>
      <document> Hands-on with the Samsung Galaxy S20 range #url# we got our hands on Samsung's latest flagship… #url# </document>
    <document> no more quizzes: retiring hq trivia #url# hq trivia, the live trivia game show app that creates… #url# </document>
    <document> The cast of To all the Boys 2 talk about their fictional crushes #url# mashable correspondent… #url# </document>
    <document> Martha Stewart is giving you 20% off cookware for Valentine's Day #url# tl;dr: impres… #url# </document>
    <document> .com domain prices likely to rise thanks to Trump #url# .com domain price could be … #url# </document>
    <document> 'Table Manners' finally lets you hand out a disembodied hand on a date #url# I love silly stuff:… #url# </document>
    <document> Here is a list of meme accounts that sold out to Mike Bloomberg #url# Mike Bloomberg has B… #url# </document>
    <document> Artists Pay Tribute to Death of Deviantart Star Qinni #url# qinni was a loved one... #url# </document>
    <Document> This Swedish moped doubles as a workbench &amp; power-station — future blink #url# created by motor… #url# </document>
    <document> new tesla model s and x long range plus vehicles get big range boost #url# new iterations of the... #url# </document>
    <document> We tested Ben Schwartz's knowledge of video games #url# The voice of Sonic, Ben Schwartz, is surprised... #url# </document>
    <document> Jake Paul wants to charge kids $20 a month to learn “financial freedom” #url# youtube megastar,… #url# </document>
    <document> there are no good dating apps for non-monogamous people #url# although one in five Americans… #url# </document>
    <document> This monitor adds 3 screens to your laptop - Future Blink #url# Trio is a removable monitor des... #url# </document>
    <document> Tesla's leaked employee handbook is just as ridiculous as Elon Musk's Twitter #url# to alleg… #url# </document>
    <document> any details in this 'Bojack Horseman' whiteboard scene that you may have missed #url# warning: c… #url# </document>
    <document> amazing photo of mice fighting on a London Underground platform wins the grand prize #url# 28,000 people re… #url# </document>
    <document> zoë kravitz spills a glorious deleted "big little lie" scene while eating hot wings #url# a... #url# </document>
    <document> Weed companies find a hilarious loophole in advertising regulations introducing Highways #url# Colorado Drive… #url# </document>
    <document> Amazon accused Trump of bias, and now Microsoft's $10 billion Jedi cloud deal is on hold... #url# </document>
    <document> Sonic the Hedgehog's opening weekend box office tops all other video game movies... #url# </document>
    <document> These e-skates are like mini hoverboards for your feet - future blink #url# segway designed... #url# </document>
    <Document> should you buy Samsung's new Galaxy S20 phones because of 5G? #url# on tuesday at its unpacked… #url# </document>
    <document> This hilarious 11-year-old accepted the Bob Ross challenge - the Bob Ross challenge #url# giant bob... #url# </document>
    <document> This tiny multi-tool has over 10 uses - future blink #url# hunt23 is a tiny multi-purpose flashlight... #url# </document>
    <document> How to turn your love of videos into a lucrative YouTube career #url# tl;dr: Become the n… #url# </document>
    <Document> Influencers show off their razors, but more importantly, what's up with those pants? #url#… #url# </document>
    <document> Samsung's Galaxy Z Flip launches on Valentine's Day for less than Samsung's Motorola Razr #url#… #url# </document>
    <document> The new Fortnite emote will never give up on you, never let you down, #url# just like that,... #url# </document>
    <document> always wanted to try programming? Dive into this beginner-friendly Python tutorial. #url# tl;dr:… #url# </document>
    <document> 69 ways to say you're horny #url# mashable celebrates the season of love this year with Hor… #url# </document>
    <document> Meet one of the original online dating couples from the '90s - the Stantons #url# in our love a… #url# </document>
    <document> Dog absolutely loses his composure when her astronaut owner returns from space #url# nasa astronaut christ… #url# </document>
    <document> These energizing wireless earbuds are available for just $40 #url# tl;dr: Get some more Mot… #url# </document>
    <Document> US politicians can now pay for sponsored content on Facebook #url# as US election season… #url# </document>
    <document> Heart emoji, rank #url# Saying "I love you" can be difficult. but send a heart emoji? No problem… #url# </document>
    <document> Trevor Noah compares presidential campaigns to getting drunk at a party last night #url#, Berni… #url# </document>
    <document> Seth Meyers pokes fun at Trump's entirely predictable failure to "learn" from impeachment #url# to ... #url# </document>
    <document> Create stunning images for little money with this feature-rich design tool. #url# tl;dr: Create your O… #url# </document>
    <document> Storm Area 51 Festival Venue Announces Dates for 2020 #url# get ready to storm Area 51 again... #url# </document>
    <document> Meet one of the original online dating couples from the 90's - the Greathouses #url# in our lov… #url# </document>
    <document> Elon Musk's boring venture completes excavation of Las Vegas Tunnel #url# after three months of excavation... #url# </document>
    <document> James Corden's parents hanging out in Miami with Harry Styles is just gorgeous #url# James Cord… #url# </document>
    <document> This sleek electric toothbrush uses sonic technology for better results #url# tl;dr: the philip… #url# </document>
    <document> how millennials are saving the porn industry #url# this year mashable celebrates the season… #url# </document>
    <document> like the very online date the very offline #url# shines in our love app tually series, mashable... #url# </document>
    <document> There's a privacy bracelet that blocks smart speakers and damn it bring it with #url# smart speaker… #url# </document>
    <document> 10 President's Day VPN Deals You Won't Want To Miss #url# When it comes to keeping you... #url# </document>
    <document> will interrogate arnett and aaron paul james corden is as ridiculous as it sounds #url# you would… #url# </document>
    <document> You should get some phone soap before your phone or Airpods make you sick #url# tl;dr: Phoneseap's Swamp… #url# </document>
    <document> uber suspends another driver account due to coronavirus #url# the first and only confirmed… #url# </document>
    <document> This emoji could mean your suicidal risk is high, according to ai #url# since its inception in 20… #url# </document>
    <document> the recycling rules that could actually make a big difference but are likely to fail #url# p… #url# </document>
    <document> Youtuber fakes a Bali vacation is actually in an Ikea #url# if you want to fake something... #url# </document>
    <document> Totok app, alleged UAE spy tool, removed again from Google Play Store #url# popular mes… #url# </document>
    <document> private internet access offers peace of mind #url# tl;dr: a one-year subscription to private in… #url# </document>
    <document> Step up your golf game with these gadgets on sale for President's Day #url# unfortunately it can't always be... #url# </document>
    <document> nordvpn is giving away free gifts to celebrate his birthday #url# tl;dr: nordvpn's three-year p… #url# </document>
    <document> This dove cuddling a chihuahua puppy is a friend's post-Valentine's Day destination #url# Herman the dove… #url# </document>
    <document> 'kidding' showrunner explains how a half-hour comedy became the most devastating show on TV #url#… #url# </document>
    <Document> Here are some of the best deals from the Dell Presidents Day Sale #url#tl;dr: Take the chance… #url# </document>
    <document> Hands-on with Samsung's Galaxy Z Flip: it might work this time #url# I just had it in my hands… #url# </document>
    <document> protonvpn offers advanced security features to keep your data safe #url# tl;dr: a one-year subscription… #url# </document>
    <document> jack dorsey tweeted a really stupid wikihow on valentines day #url# it's valentines day and… #url# </document>
    <document> 7 pioneering women celebrate this International Day of Women and Girls in Science #url# le… #url# </document>
    <document> 20 Presidents Day Deals That Will Make Your Home Cleaner Than Ever #url# regardless of… #url# </document>
    <document> European data protection commissioners swipe left on Facebook's dating service #url# Facebook has delayed the e… #url# </document>
    <document> why are class reunions so awesome? #url# This year, mashable celebrates the season of love with… #url# </document>
    <document> 30 kitchen gadgets and gadgets on sale for President's Day weekend #url# with your busy lifestyle... #url# </document>
    <document> I used emoji to order groceries #url# in general and reverted to pictograms to communicate E… #url# </document>
    <document> this mannequin shape changes to exact dimensions - future flashing #url# the robotic mannequin can... #url# </document>
    <Document> This deepfake of Robert Downey Jr. and Tom Holland in Back to the Future is unreal #url# out… #url# </document>
    <document> The Northern Lights camera just turned on and it's the perfect season for spooky skies #url# the… #url# </document>
    <document> ifixit says the razr is the "most complicated" phone it's ever taken apart #url# if you own this... #url# </document>
    <document> You can finally access Alison's 1,000+ online courses without ads #url# tl;dr: Learn Modern... #url# </document>
    <document> top 15 hottest reality tv shows ranked #url# this year mashable celebrates the season of... #url# </document>
    <document> this reconfigurable robot builds its own track - only robots #url# that the rctr can change... #url# </document>
    <document> Here's everything Samsung announced at its Unpacked event #url# read more... more about samsu… #url# </document>
    <document> suspected Huawei spy was caught disguised as "Weihua" employee #url# when you want to steal Tra… #url# </document>
    <document> bad news mac owners, a new report says windows pcs are more secure #url# for the first time in what s… #url# </document>
    <document> Learn how to turn photography into a side hustle #url# tl;dr: Turn photography into... #url# </document>
    <document> Ohio 2 stars in this delightfully off-kilter map of the Americas #url# a high school… #url# </document>
    <document> Microsoft Surface Books on Sale This Weekend: Shop Recertified and save #url# think the battl… #url# </document>
    <document> These ultra-smooth wireless earbuds are over 35% off #url# tl;dr: Finally get the convenience and... #url# </document>
    <document> Samsung's Galaxy Z Flip was so much fun I didn't want to give it up #url# Samsung Galaxy Z Flip the… #url# </document>
    <document> these custom masks might not beat Face ID, but they might do some good #url# it might have started... #url# </document>
    <document> These Nespresso packages are available with up to 50% discount #url# If you get up a few minutes early to … #url# </document>
    <document> hale appleman on the "Mage Murlhog Tag Series" and confronting Eliot's fears #url# this inter… #url# </document>
    <document> Learn copywriting from the pros with this online masterclass
    <document> 'Sonic the Hedgehog' feels like an empty cash grab #url# at a time when much of the Mo… #url# </document>
    <document> restorative farm produces food, fresh water and clean energy in the desert #url# of the sahara for… #url# </document><document> Meet one of the first online dating couples from the 90s - the Puentes #url# in our love app t… #url# </document>
    <document> Meet some of the first couples to date via dial-up, then get married #url# in our love app… #url# </document>
    <document> want to start a YouTube channel? you absolutely need that. #url# tl;dr: start your YouTube… #url# </document>
    <document> Breathe easy with a levoit air purifier #url# tl;dr: the levoit air purifier is on sale for… #url# </document>
    <document> Janet Jackson and the Roots' cute classroom instrument cover of Runaway has an important change... #url# </document>
    <document> Love is blind is the bizarre reality TV experiment you've been longing for #url# first came the b… #url# </document>
    <document> Ferrell's Valentine's Day notes to his wife are, uh, a lot of #url# little inspiration... #url# </document>
    <document> That's why Samsung's Galaxy Z Flip might not be a disaster like the Fold #url# we hope is... #url# </document>
    <document> fingers crossed that the post-apocalyptic underground future has these LED skylights - Future Blink… #url# </document>