 >
      <document> i posted a new video to facebook #url# </document>
    <document> why have you not signed this has everything you could ask for #url# </document>
    <document> you already do it... you already spend it...  why not save on it... and let it pay you?...    you even earn for jus… #url# </document>
    <document> share this money vine it's free!! make money today. #url# </document>
    <document> would you take time to look at this and tell me what you think #url# #url# </document>
    <document> get a quote... get a gift!   our partners want the opportunity to prove what they can do for you....vacations!.. mp… #url# </document>
    <document> anthony walton posted on webtalk #url# </document>
    <document> if you got pain  #url# #url# </document>
    <document> in memory of our loved ones who left us too soon #url# </document>
    <document> anthony walton posted on webtalk #url# </document>
    <document> find out for yourself about webtalk #url# </document>
    <document> eyes on your business with a beacon  beacons advertise for you 24/7 and with a 50-mile radius! check that!… #url# </document>
    <document> transformed: change your life by changing your mind with pastor rick warren #url# </document>
    <document> i highly recommend this product to any marketer who  is looking forward to generate sales-oriented email list  to g… #url# </document>
    <document> tricks for the trade #url# posted via webtalk #url# </document>
    <document> i will walk by faith even when i cannot see! amen. #url# </document>
    <document> goose saves shivering puppy by warming him up under her wings #url# </document>
    <document> i posted a new video to facebook #url# </document>
    <document> #hashtag# can you get the traffic needed for your holiday sales and just maybe you have just one and that one could be… #url# </document>
    <document> asked yourself…“how can they make so much money when they aren’t even really selling any products?!?!”  well, googl… #url# </document>
    <document> anthony walton posted on webtalk #url# </document>
    <document> to make your relationship last. #url# </document>
    <document> i posted a new video to facebook #url# </document>
    <document> has anyone heard about this #url# </document>
    <document> breaking through spiritual barriers with ken baugh #url# </document>
    <document> how to change your life... with no investment #url# </document>
    <document> choose your words wisely before you speak #url# </document>
    <document> i got paid for just following instructions it's eazy check this out #url# </document>
    <document> just came across a business that has huge potential.  it's absolutely free, offers everything you can think of... w… #url# </document>
    <document> the fat loss hack the unwanted waistline fat hack  #url# posted via webtalk #url# </document>
    <document> i posted a new video to facebook #url# </document>
    <document> learn to develop god's love #url# </document>
    <document> i posted a new video to facebook #url# </document>
    <document> the money is in the list #url# </document>
    <document> eyes on your business with a beacon  beacons advertise for you 24/7 and with a 50-mile radius! check that!… #url# </document>
    <document> why you're getting paid  find out the why in this video that makes the difference #url# </document>
    <document> free help for your business #url# </document>
    <document> i posted a new video to facebook #url# </document>
    <document> free information and services on the issues of today                 #url# #url# </document>
    <document> growing old is hard work… the mind says “yes” #url# </document>
    <document> what can i raise funds for?  you can raise funds for virtually anything you want to because person to person crowdf… #url# </document>
    <document> not my job award winner #url# </document>
    <document> i posted a new video to facebook #url# </document>
    <document> the civil rights leader ‘almost nobody knows about’ gets a statue in the u.s. capitol #url# </document>
    <document> anthony walton posted on webtalk #url# </document>
    <document> i got paid for just folling instructions it's eazy check this out #url# posted via webtalk #url# </document>
    <document> i posted a new video to facebook #url# </document>
    <document> a change of pace #url# #url# </document>
    <document> i posted a new video to facebook #url# </document>
    <document> i posted a new video to facebook #url# </document>
    <document> let someone know  #url# posted via webtalk #url# </document>
    <document> is joe average finally catching a break? #url# </document>
    <document> join in invite a friend #url# </document>
    <document> take a look at why i became a member of viralurl... #url# </document>
    <document> #url# help us, help you... to help us!  see our home page. #url# </document>
    <document> let's take a tour #url# #url# </document>
    <document> calf with 'human face' born in argentina - coast to coast am #url# </document>
    <document> i posted a new video to facebook #url# </document>
    <document> i’ve got a smart system that will totally floor you.  i’ll be honest though… at first, i thought it was just anothe… #url# </document>
    <document> do you know what this is #url# </document>
    <document> why you're getting paid  find out the why in this video that makes the difference #url#  posted v… #url# </document>
    <document> beacon advertising is a better way of advertising,, why! i'm glad you asked. beacon advertising reaches clients wit… #url# </document>
    <document> what can i raise funds for?  you can raise funds for virtually anything you want to because person to person crowdf… #url# </document>
    <document> directly to a product page, use one of these url's. for cbd products: #url# for genenergy product… #url# </document>
    <document> why you're getting paid  find out the why in this video that makes the difference #url#  posted v… #url# </document>
    <document> get paid to mess around on facebook - free premium ebook download.  #url# you should see this fre… #url# </document>
    <document> are you or someone you know in danger of losing their home?  need to lower your house payments?  want the best poss… #url# </document>
    <document> since we are his children we will possess the blessings he keeps for his children. we will also possess with christ… #url# </document>
    <document> anthony walton posted on webtalk #url# </document>
    <document> in 5 minutes people will visit your site. join now for free! #url# </document>
    <document> 1 lead is all you need #url# </document>
    <document> happy birthday my dancing friend #url# </document>
    <document> you can now ping cell phones within a 50mi radius from anywhere with this technology. have your ads seen by million… #url# </document>
    <document> eyes on your business with a beacon  beacons advertise for you 24/7 and with a 50-mile radius! check that!… #url# </document>
    <document> my brother is always in my heart #url# </document>
    <document> if you are interested in earning from this social and business affiliate program that pays you? we urge to get a he… #url# </document>
    <document> anthony walton posted on webtalk #url# </document>
    <document> just came across a business that has huge potential.  it's absolutely free, offers everything you can think of... w… #url# </document>
    <document> now you can learn this for free while earning for free   i'm writing to you because i just came across an absolutel… #url# </document>
    <document> does your host service pay you?  we do!  hosting services that support you, train you, promote you and even pays yo… #url# </document>
    <document> every one listen do this once #url# #url# </document>
    <document> do you want to communicate with a smile upon everybody's face then join me! #url# </document>
    <document> free information and services on the issues of today #url# </document>
    <document> i posted a new video to facebook #url# </document>
    <document> unstoppable miracle income creates hot debate amongst scholars &amp; non-professionals alike! #url# #url# </document>
    <document> anthony walton posted on webtalk #url# </document>
    <document> i posted a new video to facebook #url# </document>
    <document> &lt;a href="not4law6200e44847" alt="make money from home" title="make money from home"&gt;&lt;img src="… #url# </document>
    <document> in today's economy, so many of us are plagued by financial, credit and even legal issues.  this page has a free sol… #url# </document>
    <document> why have you not signed this has everything you could ask for #url# </document>
    <document> freddy the 7-foot great dane is the tallest dog in the world #url# </document>
    <document> why you should see this free e-book what's inside everybody don't know. #url# #url# </document>
    <document> please check out this site #url# </document>
    <document> ugh! who has more month than funds to make ends meet? i came across an ideal goal that may help with that situation… #url# </document>
    <document> if you see me talking to myself #url# </document>
    <document> &lt;a href=" not4law6200e44847]" alt="change the way you advertise" title="change the way you advertise"&gt;&lt;img src="… #url# </document>
    <document> transformed - lesson 4 - emotional health #url# </document>
    <document> beacon advertising is a better way of advertising,, why! i'm glad you asked. beacon advertising reaches clients wit… #url# </document>
    <document> i'm taking part in webinar: live-worldwide-broadcast. to join me, click on the above link. #url# </document>
    <document> hashtag#hashtag# can you get the traffic needed for your holiday sales and just maybe you have just one and that one c… #url# </document>
   
>
      <document> I posted a new video on facebook #url# </document>
    <document> why didn't you sign this has everything you could ask for #url# </document>
    <document> you already do it... you already spend it... why don't you save money... and get paid?... you even make a little money... #url# </document>
    <document> share this money vine it's free!! make money today. #url# </document>
    <document> could you take the time to look at it and tell me what you think #url# #url# </document>
    <document> ask for a quote... give yourself a gift! our partners want the opportunity to show what they can do for you....holidays!..mp… #url# </document>
    <document> anthony walton posted to webtalk #url# </document>
    <document> if you have pain #url# #url# </document>
    <document> in memory of our loved ones who left us too soon #url# </document>
    <document> anthony walton posted to webtalk #url# </document>
    <document> discover the webtalk #url# </document> yourself
    <document> keep tabs on your business with a beacon beacons advertise for you 24/7 and within a 50 mile radius! check!... #url# </document>
    Transformed <document>: change your life by changing your mind with pastor rick warren #url# </document>
    <document> I highly recommend this product to any marketer looking to build sales oriented email lists for g… #url# </document>
    <document> tricks #url# posted via webtalk #url# </document>
    <document> I will walk by faith even when I can't see! amen. #url# </document>
    <document> goose saves the shivering cub by warming him under her wings #url# </document>
    <document> I posted a new video on facebook #url# </document>
    <document> #hashtag# you can get the traffic you need for your holiday sales and maybe you only have one and that could be... #url# </document>
    <document> you wondered..."how can they make so much money when they don't even sell any products?!?!" OK, google… #url# </document>
    <document> anthony walton posted to webtalk #url# </document>
    <document> to make your relationship last. #url# </document>
    <document> I posted a new video on facebook #url# </document>
    <document> Has anyone heard of this #url# </document>
    <document> breaking spiritual barriers with ken baugh #url# </document>
    <document> how to change your life... without investment #url# </document>
    <document> choose your words wisely before saying #url# </document>
    <document> i got paid just for following the instructions its easy check this #url# </document>
    <document> has just come across a business with huge potential. it's absolutely free, it offers everything you can think of... w… #url# </document>
    <document> fat loss hack unwanted fat waist hack #url# posted via webtalk #url# </document>
    <document> I posted a new video on facebook #url# </document>
    <document> learn to develop the love of God #url# </document>
    <document> I posted a new video on facebook #url# </document>
    <document> the money is in the #url# </document> list
    <document> keep tabs on your business with a beacon beacons advertise for you 24/7 and within a 50 mile radius! check!... #url# </document>
    <document> why you get paid find out why in this video that makes the difference #url# </document>
    <document> free support for your company #url# </document>
    <document> I posted a new video on facebook #url# </document>
    <document> free information and services on today's topics #url# #url# </document>
    <document> getting old is hard work... the mind says "yes" #url# </document>
    <document> What can I raise money for? you can raise money for just about anything you want because person to person crowds... #url# </document>
    <document> is not my work award winner #url# </document>
    <document> I posted a new video on facebook #url# </document>
    <document> civil rights"hardly anyone knows" leader gets statue in US capitol #url# </document>
    <document> anthony walton posted to webtalk #url# </document>
    <document> i got paid just for following the instructions its easy check this #url# posted via webtalk #url# </document>
    <document> I posted a new video on facebook #url# </document>
    <document> a step change #url# #url# </document>
    <document> I posted a new video on facebook #url# </document>
    <document> I posted a new video on facebook #url# </document>
    <document> let someone know #url# posted via webtalk #url# </document>
    <document> is joe average finally getting a break? #url# </document>
    <document> join invite a friend #url# </document>
    <document> Check out why I became a member of viralurl... #url# </document>
    <document> #url# help us, help us... help us! see our home page. #url# </document>
    <document> let's walk around #url# #url# </document>
    <document> calf with a 'human face' born in argentina - coast to coast am #url# </document>
    <document> I posted a new video on facebook #url# </document>
    <document> I have a clever system that will totally amaze you. I'll be honest though... at first, I thought it was just another... #url# </document>
    <document> do you know what this #url# </document> is
    <document> why you get paid find out why in this video that makes the difference #url# posted v… #url# </document>
    <document> beacon advertising is a better way to advertise, because! I'm glad you asked. beacon advertising reaches customers with… #url# </document>
    <document> What can I raise money for? you can raise money for just about anything you want because person to person crowds... #url# </document>
    <document> directly to a product page, use one of these URLs. for cbd products: #url# for genenergy product… #url# </document>
    <document> why you get paid find out why in this video that makes the difference #url# posted v… #url# </document>
    <document> get paid to joke on facebook - premium ebook free download. #url# you should see this fre… #url# </document>
    <document> Are you or someone you know at risk of losing your home? Do you need to lower the installments on your home? I want the best possible… #url# </document>
    <document> because we are his children, we possess the blessings he holds for his children. we will also possess with Christ... #url# </document>
    <document> anthony walton posted to webtalk #url# </document>
    <document> in 5 minutes people will visit your site. Join now for free! #url# </document>
    <document> 1 lead is all you need #url# </document>
    <document> happy birthday my dancer friend #url# </document>
    <document> you can now ping cell phones within a 50 mile radius of anywhere with this technology. get your ads seen by millions... #url# </document>
    <document> keep tabs on your business with a beacon beacons advertise for you 24/7 and within a 50 mile radius! check!... #url# </document>
    <document> my brother is always in my heart #url# </document>
    <document> if you are interested in earning from this social and business affiliate program that pays you? we urge you to get a he… #url# </document>
    <document> anthony walton posted to webtalk #url# </document>
    <document> has just come across a business with huge potential. it's absolutely free, it offers everything you can think of... w… #url# </document>
    <document> you can now learn this for free while earning for free I am writing to you because I just came across an absolute… #url# </document>
    <document> Does your hosting service pay you? we do! hosting services that support you, train you, promote you and pay you… #url# </document>
    <document> each listen do it once #url# #url# </document>
    <document> you want to communicate with a smile on everyone's face then join me! #url# </document>
    <document> information and free services ontoday's problems #url# </document>
    <document> I posted a new video on facebook #url# </document>
    <document> unstoppable miraculous income creates heated debate among scholars and scholars. even non-professionals! #url# #url# </document>
    <document> anthony walton posted to webtalk #url# </document>
    <document> I posted a new video on facebook #url# </document>
    <document> &lt;a href="not4law6200e44847" alt="earning from home" title="earning from home"&gt;&lt;img src="… #url# </document>
    <document> In today's economy, many of us are plagued by financial, credit and even legal problems. This page has only one free… #url# </document>
    <document> why didn't you sign this has everything you could ask for #url# </document>
    <document> freddy the 7 foot great dane is the tallest dog in the world #url# </document>
    <document> why you should see this free e-book what's inside not everyone knows. #url# #url# </document>
    <document> check out this site #url# </document>
    <document> phew! who has more months than funds to make ends meet? I came across an ideal target that might help in that situation... #url# </document>
    <document> if you see me talking to myself #url# </document>
    <document> &lt;a href=" not4law6200e44847]" alt="change the way you advertise" title="change the way you advertise"&gt;&lt;img src="… #url# </document>
    Transformed <document> - lesson 4 - emotional health #url# </document>
    <document> beacon advertising is a better way to advertise, because! I'm glad you asked. beacon advertising reaches customers with… #url# </document>
    <document> I am attending the webinar: live-worldwide-broadcast. To join me, click the link above. #url# </document>
    <document> hashtag#hashtag# you can get the traffic you need for your holiday sales and maybe you only have one and that other c… #url# </document>>
      <document> I posted a new video on Facebook #url# </document>
    <document> why didn't you sign that's all you could ask #url# </document>
    <document> You're already doing it... You're already spending it... why not save... and cash it out?... You're even making money for just... #url# </document>
    <document> Share this money vine, it's free!! make money today. #url# </document>
    <document> would you take the time to look at this and tell me what you think #url# #url# </document>
    <Document> Request a quote... Get a gift! Our partners want to have the opportunity to prove what they can do for you...holidays!.. mp… #url# </document>
    <document> anthony walton posted on webtalk #url# </document>
    <document> if you are in pain #url# #url# </document>
    <document> in memory of our loved ones who left us way too soon #url# </document>
    <document> anthony walton posted on webtalk #url# </document>
    <document> Find out for yourself about webtalk #url# </document>
    <document> show your business with a beacon beacons advertise you 24/7 and within a 50 mile radius! check that!... #url# </document>
    <document> transformed: Change your life by changing your mind with Pastor Rick Warren #url# </document>
    <document> I highly recommend this product to any marketer looking forward to building a sales-focused email list for g… #url# </document>
    <document> Tricks for trading #url# posted via Webtalk #url# </document>
    <Document> I will walk by faith even if I can't see! Amen. #url# </document>
    <document>gans saves a shivering puppy by warming it up under her wings #url# </document>
    <document> I posted a new video on Facebook #url# </document>
    <document> #hashtag# you can get the traffic needed for your Christmas sales and maybe you only have one and it could be... #url# </document>
    <document> asked itself... "how can they make so much money when they don't even actually sell any products?!?!" Well googl... #url# </document>
    <document> anthony walton posted on webtalk #url# </document>
    <document> so that your relationship lasts. #url# </document>
    <document> I posted a new video on Facebook #url# </document>
    <document> has anyone heard of this #url# </document>
    <document> Breaking Spiritual Barriers with Ken Baugh #url# </document>
    <document> how to change your life... without investment #url# </document>
    <document> Choose your words carefully before saying #url# </document>
    <document> I was paid to just follow the instructions, it's easy, look at this #url# </document>
    <document> just came across a company that has tremendous potential. it's absolutely free, offers everything you can imagine... w… #url# </document>
    <document> the fat loss hack the unwanted waist fat hack #url# posted via Webtalk #url# </document>
    <document> I posted a new video on Facebook #url# </document>
    <document> learn to develop God's love #url# </document>
    <document> I posted a new video on Facebook #url# </document>
    <document> the money is in the list #url# </document>
    <document> show your business with a beacon beacons advertise you 24/7 and within a 50 mile radius! check that!... #url# </document>
    <document> why you get paid, watch this video to find out why it makes the difference #url# </document>
    <document> free help for your business #url# </document>
    <document> I posted a new video on Facebook #url# </document>
    <document> free information and services on today's topics #url# #url# </document>
    <document> getting old is hard work… the mind says yes #url# </document>
    <document> what can I collect donations for? You can fundraise for just about anything you want because Crowdf… #url# </document> person to person
    <document> not my job award winner #url# </document>
    <document> I posted a new video on Facebook #url# </document>
    <document> civil rightsLeader almost nobody knows about gets statue in US capital #url# </document>
    <document> anthony walton posted on webtalk #url# </document>
    <document> I was paid just to follow directions. It's easy, look at this #url# posted via Webtalk #url# </document>
    <document> I posted a new video on Facebook #url# </document>
    <document> a tempo change #url# #url# </document>
    <document> I posted a new video on Facebook #url# </document>
    <document> I posted a new video on Facebook #url# </document>
    <document> let someone know #url# posted via Webtalk #url# </document>
    <Document> is Joe Average finally taking a break? #url# </document>
    <document> join invite friend #url# </document>
    <document> Check out why I joined viralurl... #url# </document>
    <document> #url# help us, help you... to help us! see our home page. #url# </document>
    <document> Let's take a tour #url# #url# </document>
    <document> Calf with 'human face' born in Argentina - Coast to Coast on #url# </document>
    <document> I posted a new video on Facebook #url# </document>
    <Document> I have an intelligent system that will blow your mind. But I'll be honest... at first I thought it was just another... #url# </document>
    <document> do you know what that is #url# </document>
    <document> why you get paid find out in this video why it makes the difference #url# posted by… #url# </document>
    <Document> Beacon advertising is a better way of advertising, why! I'm glad you asked. Beacon advertising reaches customers with … #url# </document>
    <document> what can I collect donations for? You can fundraise for just about anything you want because Crowdf… #url# </document> person to person
    <document> directly to a product page, use one of these URLs. for cbd products: #url# for genenergy product… #url# </document>
    <document> why you get paid find out in this video why it makes the difference #url# posted by… #url# </document>
    <Document> Get Paid To Goof Around On Facebook - Free Premium eBook Download. #url# You should see this page... #url# </document>
    <Document> Are you or someone you know at risk of losing their home? Need to lower your home payments? want the best… #url# </document>
    <Document> Since we are His children, we shall possess the blessings He keeps for His children. we shall also possess with christ... #url# </document>
    <document> anthony walton posted on webtalk #url# </document>
    <document> in 5 minutes visitors will visit your website. Sign up now for free! #url# </document>
    <document> 1 lead is all you need #url# </document>
    <document> happy birthday my dancing friend #url# </document>
    <document> With this technology, you can now ping cell phones within a 50 mile radius from anywhere. Get your ads seen by millions... #url# </document>
    <document> show your business with a beacon beacons advertise you 24/7 and within a 50 mile radius! check that!... #url# </document>
    <document> my brother is always in my heart #url# </document>
    <document> if you are interested in earning with this social and business affiliate program that pays you? we urge to get a he… #url# </document>
    <document> anthony walton posted on webtalk #url# </document>
    <document> just came across a company that has tremendous potential. it's absolutely free, offers everything you can imagine... w… #url# </document>
    <document> now you can learn this for free and earn for free I'm writing to you because I just came across an absolutely… #url# </document>
    <document> Does your hosting service pay you? we do! Hosting services that support you, train you, promote you and even pay you… #url# </document>
    <document> Everyone listen to this #url# #url# </document>
    <Document> If you want to communicate with a smile on everyone's face, then join me! #url# </document>
    <document> free information and servicestoday's output #url# </document>
    <document> I posted a new video on Facebook #url# </document>
    <Document> Unstoppable miracle income sparks heated debate among scholars &amp; Non-professionals alike! #url# #url# </document>
    <document> anthony walton posted on webtalk #url# </document>
    <document> I posted a new video on Facebook #url# </document>
    <document> &lt;a href="not4law6200e44847" alt="make money from home" title="make money from home"&gt;&lt;img src="… #url# </document>
    <Document> In today's economy, many of us are plagued by financial, credit, and even legal problems. this site has a free sol… #url# </document>
    <document> why didn't you sign that's all you could ask #url# </document>
    <document> Freddy the 7ft Great Dane is the tallest dog in the world #url# </document>
    <document> why you should see this free e-book, not everyone knows what's inside. #url# #url# </document>
    <document> Please visit this page #url# </document>
    <document> ah! Who has more months than money to make ends meet? I came across an ideal target that might help in this situation... #url# </document>
    <document> if you see me talking to myself #url# </document>
    <document> <a href=" not4law6200e44847]" alt="change your ad" title="change your ad"&gt;&lt;img src="… #url# </document>
    <document> transformed - lesson 4 - emotional health #url# </document>
    <Document> Beacon advertising is a better way of advertising, why! I'm glad you asked. Beacon advertising reaches customers with … #url# </document>
    <document> I'm taking part in the webinar: live-worldwide-broadcast. To join me, click on the link above. #url# </document>
    <document> hashtag#hashtag# you can get the traffic needed for your Christmas sales and maybe you only have one and that one c… #url# </document>