 >
      <document> trouble, as boko haram rejects the payment of ransom for the release of leah sharibu #url# </document>
    <document> rt #user#: the public relations officer for zone 2 police command, #user#, gives advice to partners on #hashtag#.   visit… </document>
    <document> breaking: many feared dead, as heavily armed bandits wreak havoc in buhari’s home town #url# </document>
    <document> rt #user#: nigeria has gone broke under buhari – bmo makes powerful revelation #url# </document>
    <document> rt #user#: great tension in #user#, as supreme court fixes date to hear #user#’s fresh application #url#… </document>
    <document> rt #user#: some evil politicians hired and paid miscreants to boo #user# in maiduguri – #hashtag# opens up #url#… </document>
    <document> rt #user#: presidency raises alarm, accuses #user# of paying protesters for a mega rally, on monday #url# </document>
    <document> rt #user#: supreme court nullifies #user#’s victory in the bayelsa governorship election, declares #user# winner ht… </document>
    <document> presidency raises alarm, accuses pdp of paying protesters for a mega rally, on monday #url# </document>
    <document> rt #user#: bayelsa!!! #user# defends recent supreme court judgements, orders #user# to look inwards #url# </document>
    <document> rt #user#: #hashtag#: #user# has given the #user# 7 days to disclose the spending of the abacha loot.   visit https://t.… </document>
    <document> rt #user#: #hashtag#: new #user# bayelsa state governor gets dragged to court, may be removed from office #url#… </document>
    <document> rt #user#: #hashtag# || justice sule shuaibu of the federal high court, calabar, has granted bail to journalist, agba jalingo.  visi… </document>
    <document> rt #user#: coming late to work is now corruption – #user# declares, may begin massive arrest of civil servants #url#… </document>
    <document> rt #user#: pdp in trouble, as apc mobilises the ‘best legal experts in the world’, to reclaim bayelsa state #url# </document>
    <document> some evil politicians hired and paid miscreants to boo buhari in maiduguri – presidency opens up #url# </document>
    <document> rt #user#: breaking: bola tinubu, nasir el-rufai, receive big support for the 2023 presidency #url# </document>
    <document> great tension in apc, as supreme court fixes date to hear emeka ihedioha’s fresh application #url# </document>
    <document> rt #user#: jubilation, as the new bayelsa state governor, duoye diri, delivers powerful message #url# </document>
    <document> rt #user#: oshiomhole ordered to resign as #user# chairman, for failing to stop the inauguration in bayelsa state https://t.… </document>
    <document> rt #user#: buhari ordered to go to bayelsa for pdp’s swearing-in, to prove “he is for everybody” #url# </document>
    <document> rt #user#: i will disown #hashtag# and move to togo, if #user# becomes president – bode george explodes #url#… </document>
    <document> rt #user#: the suspected herdsmen were accompanied by unidentified armed personnel.   visit #url# </document>
    <document> rt #user#: photos || the bayelsa state governor-elect, senator douye diri, receives his certificate of return, today.  visit https:/… </document>
    <document> rt #user#: breaking: inec declares pdp’s diri as the winner of the bayelsa governorship election #url# </document>
    <document> rt #user#: the governor of delta state, #user#, has condemned the attacks by suspected herdsmen, in avwon, agadama, ohoror, and ot… </document>
    <document> rt #user#: breaking: new pdp bayelsa state governor gets dragged to court, may be removed from office #url# </document>
    <document> rt #user#: #user# ordered to go to bayelsa for #user#’s swearing-in, to prove “he is for everybody” #url#… </document>
    <document> rt #user#: some evil politicians hired and paid miscreants to boo buhari in maiduguri – presidency opens up #url# </document>
    <document> rt #user#: nigeria has gone broke under #user# – #user# makes powerful revelation #url# </document>
    <document> rt #user#: #hashtag#: #user#, #user#, receive big support for the 2023 presidency #url# </document>
    <document> rt #user#: bayelsa!!! oshiomhole rejects supreme court judgement, releases statement #url# </document>
    <document> rt #user#: for about 60,000 candidates, in 94 centres across the nation.  visit #url# </document>
    <document> rt #user#: trouble, as boko haram rejects the payment of ransom for the release of leah sharibu #url# </document>
    <document> supreme court nullifies apc’s victory in the bayelsa governorship election, declares pdp winner #url# </document>
    <document> rt #user#: the #user#, on thursday, arraigned petro union oil and gas limited, and 4 of its directors, over an alleged scam o… </document>
    <document> rt #user#: beware of oshiomhole’s anti-democracy dispositions, cnpp warns #user#, #user# #url# </document>
    <document> rt #user#: #hashtag#: the ministry of health, in egypt, has on friday, confirmed its first case of the deadly #hashtag# disease,… </document>
    <document> rt #user#: ex-#hashtag# housemate, t-boss, cries bitterly on instagram live video, over hate comments directed towards her child, on… </document>
    <document> rt #user#: the directors of the oil firm are: emmanuel okpalaeze, abayomi kukoyi, kingsley okpala, and chidi okpalaeze.   visit http… </document>
    <document> breaking: security agencies impose dusk-to-dawn curfew in bayelsa state #url# </document>
    <document> rt #user#: great tension in apc, as supreme court fixes date to hear emeka ihedioha’s fresh application #url# </document>
    <document> rt #user#: oshiomhole orders #user# to conduct fresh governorship election in bayelsa state #url# </document>
    <document> rt #user#: boko haram leader, shekau, threatens to kill buhari, if he ever returns to borno state #url# </document>
    <document> rt #user#: buhari gets angry, totally condemns the killing of suspected bandits, warns nigerians #url# </document>
    <document> rt #user#: presidency raises alarm, accuses pdp of paying protesters for a mega rally, on monday #url# </document>
    <document> rt #user#: breaking: jubilation, as douye diri gets sworn-in as the governor of bayelsa state #url# </document>
    <document> rt #user#: new bayelsa state governor begs jonathan, lyon, sylva, promises to appoint apc members #url# </document>
    <document> rt #user#: breaking: security agencies impose dusk-to-dawn curfew in bayelsa state #url# </document>
    <document> rt #user#: warn oshiomhole to stop making remarks that will destabilise nigeria – #user# blows hot #url# </document>
    <document> rt #user#: suspected apc supporters unleash violence in bayelsa state, reject the new pdp governor #url# </document>
    <document> rt #user#: #hashtag#: #user# writes open letter to #user# #user#, today #url# </document>
    <document> rt #user#: oshiomhole orders inec to conduct fresh governorship election in bayelsa state #url# </document>
    <document> breaking: bola tinubu, nasir el-rufai, receive big support for the 2023 presidency #url# </document>
    <document> rt #user#: #hashtag# || #hashtag#: english football club, #user#, has been banned from all #user# competitions for the next… </document>
    <document> rt #user#: breaking: many feared dead, as heavily armed bandits wreak havoc in buhari’s home town #url# </document>
    <document> rt #user#: #hashtag#: jubilation, as #user# gets sworn-in as the governor of bayelsa state #url# </document>
    <document> rt #user#: boko haram leader, shekau, threatens to kill #user#, if he ever returns to borno state #url# </document>
    <document> beware of oshiomhole’s anti-democracy dispositions, cnpp warns apc, buhari #url# </document>
    <document> rt #user#: warn oshiomhole to stop making remarks that will destabilise nigeria – wike blows hot #url# </document>
    <document> rt #user#: #hashtag# || the ekiti state house of assembly, has on friday, passed the bill seeking for the establishment of ekiti sta… </document>
    <document> rt #user#: beware of oshiomhole’s anti-democracy dispositions, cnpp warns apc, buhari #url# </document>
    <document> rt #user#: #user# supporters begin protest in #hashtag#, refuse to accept supreme court judgement #url# </document>
    <document> rt #user#: watch your tongue –  #user# warns oshiomhole, the self acclaimed chief justice of nigeria #url# </document>
    <document> rt #user#: #hashtag#: the way to proceed in bayelsa is to swear-in the #user# candidate, immediately #url# </document>
    <document> suspected apc supporters unleash violence in bayelsa state, reject the new pdp governor #url# </document>
    <document> rt #user#: inec rejects oshiomhole’s letter, as apc heads to supreme court, over bayelsa gov. election #url# </document>
    <document> rt #user#: supreme court nullifies apc’s victory in the bayelsa governorship election, declares pdp winner #url# </document>
    <document> rt #user#: tears, as david lyon receives news of his sack, while rehearsing for friday’s swearing-in  #url# </document>
    <document> rt #user#: #hashtag#: #user# declares #user#’s diri as the winner of the bayelsa governorship election #url#… </document>
    <document> rt #user#: bayelsa!!! apc refuses to handover to pdp, set to swear-in house speaker as acting governor #url# </document>
    <document> rt #user#: apc supporters begin protest in bayelsa, refuse to accept supreme court judgement #url# </document>
    <document> inec rejects oshiomhole’s letter, as apc heads to supreme court, over bayelsa gov. election #url# </document>
    <document> pdp in trouble, as apc mobilises the ‘best legal experts in the world’, to reclaim bayelsa state #url# </document>
    <document> rt #user#: #user# to go back to its operations department, to determine the real governor of bayelsa state #url#… </document>
    <document> rt #user#: the governor of ondo state, #user#, disclosed that the operatives of amotekun corps will not serve as aides to… </document>
    <document> rt #user#: #user# rejects oshiomhole’s letter, as #user# heads to supreme court, over bayelsa gov. election https://t.… </document>
    <document> inec to go back to its operations department, to determine the real governor of bayelsa state #url# </document>
    <document> breaking: the way to proceed in bayelsa is to swear-in the pdp candidate, immediately #url# </document>
    <document> rt #user#: goodluck jonathan congratulates the newly sworn-in governor of bayelsa state #url# </document>
    <document> rt #user#: breaking: the way to proceed in bayelsa is to swear-in the pdp candidate, immediately #url# </document>
    <document> rt #user#: presidential spokesman, #user#, has said that some politicians gathered  miscreants and paid them money to boo the con… </document>
    <document> oshiomhole ordered to resign as apc chairman, for failing to stop the inauguration in bayelsa state #url# </document>
    <document> rt #user#: suspected #user# supporters unleash violence in bayelsa state, reject the new #user# governor https://t.… </document>
    <document> rt #user#: i will disown nigeria and move to togo, if tinubu becomes president – bode george explodes #url# </document>
    <document> rt #user#: coming late to work is now corruption – efcc declares, may begin massive arrest of civil servants #url# </document>
    <document> rt #user#: the national health commission, china, said that 5,090 people were diagnosed with covid-19, on friday.   the health autho… </document>
    <document> rt #user#: watch your tongue –  pdp warns oshiomhole, the self acclaimed chief justice of nigeria #url# </document>
    <document> rt #user#: oshiomhole ordered to resign as apc chairman, for failing to stop the inauguration in bayelsa state #url#… </document>
    <document> rt #user#: the director of public relations and information, #user#, air commodore ibikunle daramola, has on sunday, debunked… </document>
    <document> $308 million abacha loot!!! america blows hot, threatens buhari’s federal government #url# </document>
    <document> rt #user#: adams oshiomhole, the new chief justice of nigeria, technically.  visit #url# #url# </document>
    <document> rt #user#: the #user#, has on friday, announced the recruitment of 1,050 graduate trainees, in the just concluded 2019/2020 empl… </document>
    <document> breaking: jubilation, as douye diri gets sworn-in as the governor of bayelsa state #url# </document>
    <document> rt #user#: be to combat criminals in the south-west region.  visit #url# </document>
    <document> i will disown nigeria and move to togo, if tinubu becomes president – bode george explodes #url# </document>
    <document> rt #user#: tears, as #user# receives news of his sack, while rehearsing for friday’s swearing-in  #url# </document>
    <document> buhari gets angry, totally condemns the killing of suspected bandits, warns nigerians #url# </document>
    <document> rt #user#: inec to go back to its operations department, to determine the real governor of bayelsa state #url# </document>
    <document> rt #user#: #hashtag#: an official of #user#, emeka oguanuo, has on saturday, disclosed that 2 persons who arrived nigeria from chi… </document>
   
>
      <document> trouble as boko haram refuses ransom payment for leah sharibu's release #url# </document>
    <document> rt #user#: The public relations officer for the Zone 2 Police Headquarters, #user#, advises partners on #hashtag#. visit… </document>
    <document> Breaking: Many feared dead as heavily armed bandits wreak havoc in Buhari's hometown #url# </document>
    <document> rt #user#: nigeria failed under buhari – bmo makes powerful revelation #url# </document>
    <document> rt #user#: Great tension in #user# as supreme court sets date to hear new application from #user# #url#… </document>
    <document> rt #user#: Some evil politicians hired and paid miscreants to boo #user# in maiduguri – #hashtag# opens #url#… </document>
    <document> rt #user#: Presidency raises alarm, accuses #user# of paying protesters for mega-demonstration on Monday #url# </document>
    <document> rt #user#: Supreme court nullifies #user# victory in Bayelsa governorship election, declares #user# winner ht… </document>
    <document> the presidency raises the alarm, accuses the pdp of having paid the protesters for a mega demonstration, monday #url# </document>
    <document> rt #user#: bayelsa!!! #user# defends recent supreme court rulings, orders #user# to look inside #url# </document>
    <document> rt #user#: #hashtag#: #user# has given #user# 7 days to disclose spending abacha loot. visit https://t.… </document>
    <document> rt #user#: #hashtag#: new #user# bayelsa state governor hauled to court, may be removed from office #url#… </document>
    <document> rt #user#: #hashtag# || federal high court judge sule shuaibu, calabar, granted bail to journalist agba jalingo. visit… </document>
    <document> rt #user#: being late for work is now corruption – declares #user#, mass arrest of civil servants may begin #url#… </document>
    <document> rt #user#: PDP in trouble as PCA mobilizes 'world's best legal experts' to reclaim Bayelsa status #url# </document>
    <document> some evil politicians hired and paid miscreants to boo buhari in maiduguri – presidency opens #url# </document>
    <document> rt #user#: breaking: bola tinubu, nasir el-rufai, get big support for presidency 2023 #url# </document>
    <document> high tension in apc as supreme court sets date to hear emeka ihedioha's new application #url# </document>
    <document> rt #user#: Rejoicing as the new governor of bayelsa state, duoye diri delivers a powerful message #url# </document>
    <document> rt #user#: oshiomhole ordered to resign as president of #user#, for not interrupting the inauguration in the state of Bayelsa https://t.… </document>
    <document> rt #user#: buhari ordered to go to bayelsa for the oath of the pdp, to prove that "he is for everyone" #url# </document>
    <document> rt #user#: I'll disavow #hashtag# and move on if #user# becomes president – ​​bode george explodes #url#… </document>
    <document> rt #user#: The alleged herdsmen were accompanied by unidentified armed personnel. visit #url# </document>
    <document> rt #user#: photo || Bayelsa state governor-elect Senator Douye Diri receives his certificate of return today. visit https:/… </document>
    <document> rt #user#: breaking: inec declares right of pdp winner of Bayelsa gubernatorial elections #url# </document>
    <document> rt #user#: Delta state governor, #user#, has condemned attacks by suspected shepherds, in avwon, agadama, ohoror, and others… </document>
    <document> rt #user#: Breakup: New pdp state governor bayelsa hauled to court, may be removed from office #url# </document>
    <document> rt #user#: #user# has ordered to go to Bayelsa for the oath of #user#, to prove that "he is for everyone" #url#… </document>
    <document> rt #user#: Evil politicians hired and paid miscreants to boo buhari in maiduguri – presidency opens #url# </document>
    <document> rt #user#: nigeria hascrashed under #user# – #user# makes a powerful revelation #url# </document>
    <document> rt #user#: #hashtag#: #user#, #user#, get big support for presidency 2023 #url# </document>
    <document> rt #user#: bayelsa!!! oshiomhole rejects supreme court ruling, issues statement #url# </document>
    <document> rt #user#: For approximately 60,000 applicants, at 94 centers nationwide. visit #url# </document>
    <document> rt #user#: Trouble as boko haram refuses ransom payment for leah sharibu release #url# </document>
    <document> Supreme Court nullifies PCA victory in Bayelsa gubernatorial election, declares PDP winner #url# </document>
    <document> rt #user#: #user# on Thursday sued petro union oil and gas limited, and 4 of its directors, over an alleged fraud of... </document>
    <document> rt #user#: beware oshiomhole's undemocratic provisions, cnpp warns #user#, #user# #url# </document>
    <document> rt #user#: #hashtag#: Egypt's health ministry on Friday confirmed its first case of the deadly disease #hashtag#,… </document>
    <document> rt #user#: ex-#hashtag# roommate, t-boss, cries bitterly on instagram live video, over hateful comments directed at his son, on… </document>
    <document> rt #user#: The directors of the oil company are: emmanuel okpalaeze, abayomi kukoyi, kingsley okpala and chidi okpalaeze. visit http… </document>
    <document> violation: Security agencies impose dusk to dawn curfew in Bayelsa state #url# </document>
    <document> rt #user#: High tension in APC as supreme court sets date to hear new application by emeka ihedioha #url# </document>
    <document> rt #user#: oshiomhole orders #user# to conduct new gubernatorial elections in Bayelsa state #url# </document>
    <document> rt #user#: Boko Haram leader Shekau threatens to kill Buhari if he ever returns to Borno state #url# </document>
    <document> rt #user#: buhari gets angry, totally condemns killing of alleged bandits, warns Nigerians #url# </document>
    <document> rt #user#: the presidency raises the alarm, accuses the pdp of paying demonstrators for a mega demonstration on Monday #url# </document>
    <document> rt #user#: breakup: jubilation as douye diri is sworn in as governor of bayelsa state #url# </document>
    <document> rt #user#: New bayelsa state governor begs jonathan, lyon, sylva, promises to appoint members to pca #url# </document>
    <document> rt #user#: breaking: Security agencies impose dusk to dawn curfew in Bayelsa state #url# </document>
    <document> rt #user#: warn oshiomhole to stop making comments that would destabilize nigeria – #user# sucks #url# </document>
    <document> rt #user#: Suspected PCA supporters spark violence in Bayelsa state, dismiss new PDP governor #url# </document>
    <document> rt #user#: #hashtag#: #user# write an open letter to #user# #user#, today #url# </document>
    <document> rt #user#: oshiomhole orders INEC to conduct new gubernatorial elections in Bayelsa state #url# </document>
    <document> breakup: bola tinubu, nasir el-rufai, get big support for presidency 2023 #url# </document>
    <document> rt #user#: #hashtag# || #hashtag#: England's soccer team, #user#, has been banned from all #user# competitions for the next… </document>
    <document> rt #user#: breaking: Many feared dead as heavily armed bandits wreak havoc in Buhari's hometown #url# </document>
    <document> rt #user#: #hashtag#: Rejoicing as #user# is sworn in as Governor of Bayelsa State #url# </document>
    <document> rt #user#: Boko Haram leader Shekau threatens to kill #user# if he ever returns to Borno state #url# </document>
    <document> beware of undemocratic provisions by oshiomhole, cnpp warns apc, buhari #url# </document>
    <document> rt #user#: warn oshiomhole to stop making comments that would destabilize nigeria – like the heat does #url# </document>
    <document> rt #user#: #hashtag# || the EkitesThe state house of assembly on Friday approved the bill calling for the establishment of ekiti sta… </document>
    <document> rt #user#: beware oshiomhole undemocratic provisions, cnpp warns apc, buhari #url# </document>
    <document> rt #user#: #user# supporters start protesting with #hashtag#, refuse to accept supreme court ruling #url# </document>
    <document> rt #user#: be careful how you talk - #user# warns oshiomhole, nigeria's self-acclaimed chief justice #url# </document>
    <document> rt #user#: #hashtag#: the way to proceed at bayelsa is to swear candidate #user#, immediately #url# </document>
    <document>suspected PCA supporters spark violence in Bayelsa state, push back on new PDP governor #url# </document>
    <document> rt #user#: inec rejects oshiomhole letter, while apc goes to the supreme court, because of bayelsa gov. election #url# </document>
    <document> rt #user#: Supreme Court nullifies APC victory in Bayelsa gubernatorial election, declares pdp winner #url# </document>
    <document> rt #user#: Tears as David Lyon receives news of his firing during Friday oath rehearsal #url# </document>
    <document> rt #user#: #hashtag#: #user# declares right of #user# winner of Bayelsa gubernatorial election #url#… </document>
    <document> rt #user#: bayelsa!!! apc refuses to hand over to pdp, set to be sworn in as interim governor #url# </document>
    <document> rt #user#: APC Supporters Start Protest in Bayelsa, Refuse to Accept Supreme Court Ruling #url# </document>
    <document> inec rejects oshiomhole letter, as apc heads to supreme court, su bayelsa gov. election #url# </document>
    <document> pdp in trouble as PCA mobilizes 'world's best legal experts' to reclaim Bayelsa status #url# </document>
    <document> rt #user#: #user# to return to his operations department, to determine the true governor of bayelsa state #url#… </document>
    <document> rt #user#: The governor of ondo state, #user#, has revealed that amotekun corps agents will not serve as helpers for... </document>
    <document> rt #user#: #user# rejects oshiomhole letter, while #user# heads to supreme court, for bayelsa gov. election https://t.… </document>
    <document> inec to return to its operations department, to determine the true governor of Bayelsa state #url# </document>
    <document> breaking: bayelsa way forward is to swear pdp candidate, immediately #url# </document>
    <document> rt #user#: goodluck jonathan congratulates new sworn governor of bayelsa state #url# </document>
    <document> rt #user#: breaking: bayelsa way forward is to swear pdp candidate, immediately #url# </document>
    <document> rt #user#: The presidential spokesman, #user#, said some politicians rounded up the non-believers and paid them to boo the con... </document>
    <document> Oshiomhole ordered to resign as president of the APC, for not interrupting the inauguration in the state of Bayelsa #url# </document>
    <document> rt #user#: Suspected #user# supporters spark violence in Bayelsa state, push back on new governor #user# https://t.… </document>
    <document> rt #user#: i will disown nigeria and move to togo if tinubu becomes president – ​​explodes bode george #url# </document>
    <document> rt #user#: Being late for work is now corruption – EFCC declares, mass arrest of civil servants may begin #url# </document>
    <document> rt #user#: The National Health Commission, China, said 5,090 people were diagnosed with covid-19 on Friday. the health authority… </document>
    <document> rt #user#: watch your tongue – pdp warns oshiomhole, nigeria's self-acclaimed chief justice #url# </document>
    <document> rt #user#: oshiomhole ordered to resign as president of apc, for failing to stop the inauguration in the state of bayelsa #url#… </document>
    <document> rt #user#: the director of public relations and information, #user#, air commodore ibikunle daramola, sunday unmasked… </document>
    <document> $308 million abacha loot!!! America is overheating, threatens federal government by Buhari #url# </document>
    <document> rt #user#: adams oshiomhole, the new chief justice of nigeria, technically. visit #url# #url# </document>
    <document> rt #user#: The #user#, on Friday, announced the hiring of 1,050 graduate trainees, in the just completed 2019/2020 job… </document>
    <document> breakup: jubilation as douye diri is sworn in as governor of bayelsa state #url# </document>
    <document> rt #user#: be to fight criminals in the Southwest region. visit #url# </document>
    <document> i will disown nigeria and move to togo if tinubu becomes president - explodes bode george #url# </document>
    <document> rt #user#: tears, as #user# receives the news of his firing, during Friday's oath rehearsal #url# </document>
    <document> buhari gets angry, totally condemns killing of alleged bandits, warns Nigerians #url# </document>
    <document> rt #user#: inec to return to its operations department, to determine the true governor of Bayelsa state #url# </document>
    <document> rt #user#: #hashtag#: A #user# official, emeka oguanuo, revealed on Saturday that 2 people who arrived in nigeria from who… </document>>
      <document> problems as boko haram refuses to pay ransom for the release of leah sharibu #url# </document>
    <document> rt #user#: Zone 2 Police Headquarters PR Officer #user# advises partners on #hashtag#. Visit … </document>
    <document> Breaking: Many feared death as heavily armed bandits wreaked havoc in Buhari's hometown #url# </document>
    <document> rt #user#: Nigeria went bankrupt under Buhari - bmo makes powerful revelation #url# </document>
    <document> rt #user#: great tension in #user# as the Supreme Court sets the date to hear #user#'s new application #url#… </document>
    <document> rt #user#: Some evil politicians hired and paid villains to boo #user# in Maiduguri – #hashtag# opens #url#… </document>
    <document> rt #user#: Presidency sounds alarm, accuses #user# of paying protesters to mega-rally on Monday #url# </document>
    <document> rt #user#: Supreme Court annuls #user#'s victory in bayelsa gubernatorial election, declares #user# winner ht... </document>
    <document> Presidency sounds alarm, accusing PDP of paying protesters to mega-rally on Monday #url# </document>
    <document> rt #user#: bayelsa!!! #user# defends recent Supreme Court rulings and orders #user# to look inside #url# </document>
    <document> rt #user#: #hashtag#: #user# gave the #user# 7 days to disclose the expenses of the abacha loot. Visit https://t.… </document>
    <document> rt #user#: #hashtag#: new #user# governor of Bayelsa state in court, may be removed from office #url#… </document>
    <document> rt #user#: #hashtag# || Judge Sule Shuaibu of the Calabar Supreme Court has granted journalist Agba Jalingo release on bail. see... </document>
    <document> rt #user#: Being late for work is now corruption - #user# explained may start massive arrests of officers #url#… </document>
    <document> rt #user#: pdp in trouble as apc mobilizes "the best legal experts in the world" to reclaim the state of Bayelsa #url# </document>
    <document> Some evil politicians hired and paid villains to boo Buhari in Maiguri - Presidency opens #url# </document>
    <document> rt #user#: breaking: bola tinubu, nasir el-rufai, receive strong support for the 2023 presidency #url# </document>
    <document> Tension high in APC as Supreme Court sets date for hearing on Emeka Ihedioha's new motion #url# </document>
    <document> rt #user#: Cheers as the new governor of Bayelsa state, duoye diri, delivers a strong message #url# </document>
    <document> rt #user#: oshiomhole was sentenced to resign as chairman of #user# for failing to stop the inauguration in bayelsa state https://t.… </document>
    <document> rt #user#: buhari was ordered to go to bayelsa to get pdp's oath to prove that "he is for everyone" #url# </document>
    <document> rt #user#: I will disown #hashtag# and move to togo when #user# becomes president – ​​bode george explodes #url#… </document>
    <Document> rt #user#: The suspected shepherds were accompanied by unidentified armed personnel. Visit #url# </document>
    <document> rt #user#: photos || The governor-elect of the state of Bayelsa, Senator Douye Diri, received his certificate of return today. Visit https:/… </document>
    <document> rt #user#: breaking: inec declares diri from pdp the winner of the gubernatorial election of bayelsa #url# </document>
    <document> rt #user#: Delta State Governor #user# has condemned the attacks by suspected herdsmen in Avwon, Agadama, Ohoror and ot…. </document>
    <document> rt #user#: Breaking: New PDP Bayelsa State Governor to be taken to court, may be removed from office #url# </document>
    <document> rt #user#: #user# was instructed to go to bayelsa to swear in #user# to prove that "he is for everyone" #url#... </document>
    <document> rt #user#: Some evil politicians hired and paid villains to boo Buhari in Maiduguri - Presidency opens #url# </document>
    <Document> rt #user#: Nigeria hasGone broke under #user# - #user# makes powerful revelation #url# </document>
    <document> rt #user#: #hashtag#: #user#, #user#, receive major support for the 2023 presidency #url# </document>
    <document> rt #user#: bayelsa!!! Oshiomhole Rebuts Supreme Court Ruling and Releases Statement #url# </document>
    <Document> rt #user#: for about 60,000 candidates in 94 centers across the country. Visit #url# </document>
    <document> rt #user#: Anger as Boko Haram refuses to pay ransom to release Leah Sharibu #url# </document>
    <document> Supreme Court annuls APC's victory in Bayelsa gubernatorial election, declares PDP winner #url# </document>
    <document> rt #user#: the #user# sued Petro Union Oil and Gas Limited and 4 of its directors on Thursday for alleged fraud... </document>
    <document> rt #user#: Beware of oshiomhole's anti-democratic stances, cnpp warns #user#, #user# #url# </document>
    <document> rt #user#: #hashtag#: the Ministry of Health in Egypt confirmed its first case of the deadly #hashtag# disease on Friday, … </document>
    <document> rt #user#: ex-#hashtag# housemate, t-boss, cries bitterly in a live Instagram video over hate comments directed at her child, on... </document>
    <Document> rt #user#: The directors of the oil company are: Emmanuel Okpalaeze, Abayomi Kukoyi, Kingsley Okpala and Chidi Okpalaeze. Visit http… </document>
    <document> breaking: Security agencies impose a dusk-to-dawn curfew in Bayelsa state #url# </document>
    <document> rt #user#: Great tension in APC as Supreme Court sets date to hear Emeka Ihedioha's new motion #url# </document>
    <document> rt #user#: oshiomhole orders #user# to hold new gubernatorial election in Bayelsa state #url# </document>
    <document> rt #user#: Boko Haram leader Shekau threatens to kill Buhari if he ever returns to Borno state #url# </document>
    <document> rt #user#: buhari gets angry, strongly condemns killing of suspected bandits, warns Nigerians #url# </document>
    <document> rt #user#: Presidency sounds alarm, accusing pdp of paying protesters to mega-rally on Monday #url# </document>
    <document> rt #user#: Breaking: Cheers as Douye Diri is sworn in as governor of Bayelsa state #url# </document>
    <document> rt #user#: new bayelsa state governor asks jonathan, lyon, sylva, promises appoint apc members #url# </document>
    <document> rt #user#: Breaking: Security agencies impose a dusk-to-dawn curfew in Bayelsa state #url# </document>
    <document> rt #user#: Warn Oshiomhole to stop making comments that will destabilize Nigeria - #user# blows hot #url# </document>
    <document> rt #user#: suspected apc supporters unleash violence in bayelsa state, reject new pdp governor #url# </document>
    <document> rt #user#: #hashtag#: #user# writes an open letter to #user# #user#, today #url# </document>
    <document> rt #user#: oshiomhole orders inec to hold new gubernatorial election in Bayelsa state #url# </document>
    <document> breaking news: bola tinubu, nasir el-rufai receive strong support for 2023 presidency #url# </document>
    <document> rt #user#: #hashtag# || #hashtag#: English football club #user# has been banned from all #user# competitions for the next… </document>
    <document> rt #user#: breaking: many feared dead as heavily armed bandits wreak havoc in Buhari's hometown #url# </document>
    <document> rt #user#: #hashtag#: cheers as #user# is sworn in as governor of the state of bayelsa #url# </document>
    <document> rt #user#: Boko Haram leader Shekau threatens to kill #user# if he ever returns to Borno state #url# </document>
    <document> beware of oshiomhole's anti-democracy attitudes, cnpp warns apc, buhari #url# </document>
    <document> rt #user#: warn Oshiomhole to stop making comments that will destabilize Nigeria - wike blows hot #url# </document>
    <document> rt #user#: #hashtag# || the ekitiState House of Assembly, on Friday passed legislation providing for the establishment of Ekiti Sta… </document>
    <document> rt #user#: beware of oshiomhole's anti-democratic stances, cnpp warns apc, buhari #url# </document>
    <document> rt #user#: Supporters of #user# begin protest in #hashtag#, refusing to accept Supreme Court ruling #url# </document>
    <document> rt #user#: Watch your tongue - #user# warns Oshiomhole, the self-proclaimed Chief Justice of Nigeria #url# </document>
    <document> rt #user#: #hashtag#: the way in Bayelsa is to swear in the #user# candidate immediately, #url# </document>
    <document> Alleged APC supporters unleash violence in Bayelsa state, reject new PDP governor #url# </document>
    <document> rt #user#: inec rejects letter from oshiomhole while apc goes to supreme court over bayelsa gov. Choice #url# </document>
    <document> rt #user#: Supreme Court annuls APC's victory in Bayelsa gubernatorial election, declares PDP winner #url# </document>
    <document> rt #user#: Tears as David Lyon receives news of his dismissal while rehearsing for Friday's swearing-in #url# </document>
    <document> rt #user#: #hashtag#: #user# declares Diri from #user# the winner of the governor election in Bayelsa #url#… </document>
    <document> rt #user#: bayelsa!!! apc refuses to hand over to pdp set to swear in house speaker as acting governor #url# </document>
    <document> rt #user#: apc supporters start protest in bayelsa, refusing to accept supreme court ruling #url# </document>
    <document> inec rejects oshiomholes letter while apc goes to supreme court over bayelsa gov. Choice #url# </document>
    <document> pdp in trouble as apc mobilizes "the best legal experts in the world" to reclaim the state of Bayelsa #url# </document>
    <document> rt #user#: #user# is to go back to his operations department to determine the true governor of the state of Bayelsa #url#… </document>
    <Document> rt #user#: The Governor of Ondo State, #user#, announced that the agents of Amotekun Corps will not serve as auxiliaries for... </document>
    <document> rt #user#: #user# rejects Oshiomhole's letter while #user# goes to the Supreme Court over bayelsa gov. Choice https://t.… </document>
    <document> inec to go back to his operations department to determine the true governor of the state of Bayelsa #url# </document>
    <document> breaking: the way in bayelsa is to immediately swear in the pdp candidate #url# </document>
    <document> rt #user#: goodluck jonathan congratulates the newly sworn governor of bayelsa state #url# </document>
    <document> rt #user#: breaking: the way in bayelsa is to immediately swear in the pdp candidate #url# </document>
    <document> rt #user#: The President's spokesman, #user#, has said that some politicians have gathered rogues and paid them money to boo the scam... </document>
    <document> Oshiomhole was sentenced to resign as APC chairman for failing to stop the inauguration in bayelsa state #url# </document>
    <document> rt #user#: Alleged #user# supporters unleash violence in bayelsa state, reject #user#'s new governor https://t.… </document>
    <document> rt #user#: i will expel nigeria and move to togo if tinubu becomes president - bode george explodes #url# </document>
    <document> rt #user#: Being late for work is now corruption - efcc declares may start massive arrests of officers #url# </document>
    <Document> rt #user#: The National Health Commission, China said 5,090 people were diagnosed with Covid-19 as of Friday. the health department… </document>
    <document> rt #user#: watch your tongue - pdp warns Oshiomhole, the self-proclaimed Chief Justice of Nigeria #url# </document>
    <document> rt #user#: oshiomhole sentenced to resign as APC chairman for failing to prevent inauguration in Bayelsa state #url#… </document>
    <Document> rt #user#: the Director of Public Relations and Information, #user#, Air Commodore ibikunle daramola, debunked on sunday… </document>
    <Document> $308 million abacha loot!!! america blows hot, buhari's federal government threatens #url# </document>
    <Document> rt #user#: Adams Oshiomhole, the new Chief Justice of Nigeria, technically. Visit #url# #url# </document>
    <document>rt #user#: the #user#, announced on Friday the hiring of 1,050 graduate trainees in the just-closed 2019/2020 job postings… </document>
    <document> Breaking: Cheers as Douye Diri is sworn in as governor of Bayelsa state #url# </document>
    <Document> rt #user#: to fight criminals in the Southwest region. Visit #url# </document>
    <document> i will expel nigeria and move to togo if tinubu becomes president - bode george explodes #url# </document>
    <document> rt #user#: Tears as #user# receives news of his dismissal while rehearsing for Friday's swearing-in #url# </document>
    <document> Buhari gets angry, strongly condemns killing of suspected bandits, warns Nigerians #url# </document>
    <document> rt #user#: inec is to go back to its operations department to determine the true governor of the state of Bayelsa #url# </document>
    <document> rt #user#: #hashtag#: an official of #user#, emeka oguanuo, announced on Saturday that 2 people who arrived in Nigeria from China… </document>