 >
      <document> universitybookstore: “elmore leonard’s ten rules of writing1.... #url# rabolas #hashtag# #hashtag# #url# </document>
    <document> ebookfriendly: how many of these positions have you tried? more #url# rabolas #hashtag# #hashtag# #url# </document>
    <document> 8 ways to improve your writing #url# rabolas #hashtag# #hashtag# #url# </document>
    <document> livingaleatory:cats and books: an endless love #url# rabolas #hashtag# #hashtag# #url# </document>
    <document> bampgs:bruce gilden’s gritty vision of a lost new yorkμπρους είσαι λατρεία #url# rabolas #hashtag#… #url# </document>
    <document> how classic cartoons created a culturally literate generation #url# rabolas #hashtag# #hashtag# #url# </document>
    <document> yes, parents, there is a magic formula to keep your kids reading through the summer #url# rabolas… #url# </document>
    <document> sunsflowery:lucca, italy #url# rabolas #hashtag# #hashtag# #url# </document>
    <document> scentedcandlesandoldpages:‘it is better to know one book intimately than a hundred superficially.’by...… #url# </document>
    <document> stripeout: .. the perfect solitude of a... #url# rabolas #hashtag# #hashtag# #url# </document>
    <document> "it’s better to bet on this life than on the next." #url# rabolas #hashtag# #hashtag# #url# </document>
    <document> "writing is a form of therapy; sometimes i wonder how all those who do not write, compose, or paint..."… #url# </document>
    <document> fatehbaz: fatehbaz: photos from indigenous women marching in front of national congress in...… #url# </document>
    <document> rainy-academia:there’s something beautiful about buying a used poetry book with someone else’s...… #url# </document>
    <document> mermaidenkay: i desired always to stretch the nightand fill it... #url# rabolas #hashtag# #hashtag# #url# </document>
    <document> beifongkendo: two boats by moonlight, by arai yoshimune (ca. 1920). in quel momento una piccola...… #url# </document>
    <document> "i came to a point where i needed solitude and just stop the machine of thinking and enjoying what..."… #url# </document>
    <document> universitybookstore: autumn song with long sobsthe... #url# rabolas #hashtag# #hashtag# #url# </document>
    <document> incidentalcomics: the writer’s routine for the ny times book... #url# rabolas #hashtag# #hashtag# #url# </document>
    <document> "to be an artist is to believe in life." #url# rabolas #hashtag# #hashtag# #url# </document>
    <document> quotemadness: “you will never be able to experience everything. so, please, do poetical justice to...… #url# </document>
    <document> stripeout:.. high-speed train window-view of western alps..... #url# rabolas #hashtag# #hashtag# #url# </document>
    <document> "the world was emptying itself of meaning. everything was hollow. everything was withering."… #url# </document>
    <document> archatlas: fengdong e pang bookstore gonverge interior... #url# rabolas #hashtag# #hashtag# #url# </document>
    <document> lilpieceofmyworld: the notting hill bookshop  #url# rabolas #hashtag# #hashtag# #url# </document>
    <document> liberomicro: monday 3 june 2019 i love this corner of the library. perfect silence, perfect...… #url# </document>
    <document> kingsbridgelibraryteens: literary boston: little free library #url# rabolas #hashtag# #hashtag# #url# </document>
    <document> ebookfriendly: books build children more #url# rabolas #hashtag# #hashtag# #url# </document>
    <document> on rejections #url# rabolas #hashtag# #hashtag# #url# </document>
    <document> books-n-quotes:“writing is something you do alone. it’s a profession for introverts who want to tell...… #url# </document>
    <document> "grown-ups like numbers. when you tell them about a new friend, they never ask questions about what..."… #url# </document>
    <document> "i mean, they say you die twice. one time when you stop breathing and a second time, a bit later on,..."… #url# </document>
    <document> gravity-rainbow:samuel beckett #url# rabolas #hashtag# #hashtag# #url# </document>
    <document> "when i look at my life and its secret colours, i feel like bursting into tears." #url# rabolas… #url# </document>
    <document> joeinct: william s. burroughs looking at plywood cut-out... #url# rabolas #hashtag# #hashtag# #url# </document>
    <document> "rivers know this: there is no hurry. we shall get there some day." #url# rabolas #hashtag# #hashtag# #url# </document>
    <document> mrdingo:pet koala drinks from a spoon, circa 1900, photographer... #url# rabolas #hashtag# #hashtag# #url# </document>
    <document> instabileatrofia: core 64 i.s.a. somewhere in the city #url# rabolas #hashtag# #hashtag# #url# </document>
    <document> "and so it seems that i must always write you letters that i can never send." #url# rabolas #hashtag#… #url# </document>
    <document> alextriestowritestuff: it’s a constant state of being  #url# rabolas #hashtag# #hashtag# #url# </document>
    <document> ways to get inspired to write that character #url# rabolas #hashtag# #hashtag# #url# </document>
    <document> thebooknomad: 06-01-19. foraging for books. a good reason to go to new york #url# rabolas #hashtag#… #url# </document>
    <document> thatwritergirlsblog: acing pacing in your writing i’ve read too many books and watched too many...… #url# </document>
    <document> "but life isn’t hard to manage when you’ve nothing to lose." #url# rabolas #hashtag# #hashtag# #url# </document>
    <document> violentwavesofemotion: anton chekhov, from a diary entry... #url# rabolas #hashtag# #hashtag# #url# </document>
    <document> "…how empty is the world today." #url# rabolas #hashtag# #hashtag# #url# </document>
    <document> nobrashfestivity: unknown, home movie, new mexico, 1949 #url# rabolas #hashtag# #hashtag# #url# </document>
    <document> bobbycaputo: rephotographing route 66: animated gifs showing... #url# rabolas #hashtag# #hashtag# #url# </document>
    <document> iosonorockmaballoiltango: at the heart of all great art is an essential melancholy. federico garcía...… #url# </document>
    <document> live-2-learn: source: live-2-learn torin well, turin ;) #url# rabolas #hashtag# #hashtag# #url# </document>
    <document> amospoe: the good, the bad and the mediocre (johan deckmann) #url# rabolas #hashtag# #hashtag# #url# </document>
    <document> "a poet is, before anything else, a person who is passionately in love with language." #url# rabo… #url# </document>
    <document> ebookfriendly: libraries always remind me that there are good... #url# rabolas #hashtag# #hashtag# #url# </document>
    <document> "we do not grow absolutely, chronologically. we grow sometimes in one dimension, and not in another;..."… #url# </document>
    <document> faireladypenumbra: i think as a writer, personally anyway, there’s a lot of creative time spent...… #url# </document>
    <document> blackundblanc: good night… #url# rabolas #hashtag# #hashtag# #url# </document>
    <document> thebluesthour: “you will hear thunder and remember me, the rim of the sky will be the colour of...… #url# </document>
    <document> stripeout: .. the perfect solitude of a... #url# rabolas #hashtag# #hashtag# #url# </document>
    <document> listentothestories: ellie dyduch #url# rabolas #hashtag# #hashtag# #url# </document>
    <document> "one day, i will find the right words, and they will be simple." #url# rabolas #hashtag# #hashtag# #url# </document>
    <document> kvetchlandia: james jowers     washington square, greenwich... #url# rabolas #hashtag# #hashtag# #url# </document>
    <document> waterinthemouth:truman capote, 1965 #url# rabolas #hashtag# #hashtag# #url# </document>
    <document> steampunktendencies:livraria lello, a bookshop in porto,... #url# rabolas #hashtag# #hashtag# #url# </document>
    <document> "do poets really suffer more than other people?" #url# rabolas #hashtag# #hashtag# #url# </document>
    <document> blackswaneuroparedux: i can never read all the books i want; i... #url# rabolas #hashtag# #hashtag# #url# </document>
    <document> "sometimes in the evening, around twilight, i’m unable to hold back my tears. but then i pull myself..."… #url# </document>
    <document> happycottage: cats in windows 🐈 #url# rabolas #hashtag# #hashtag# #url# </document>
    <document> raysofcinema: stalker (1979) directed by andrei... #url# rabolas #hashtag# #hashtag# #url# </document>
    <document> honestlydeepesttidalwave: marilyn during her photo shoot with... #url# rabolas #hashtag# #hashtag# #url# </document>
    <document> thevisualvamp: meow #url# rabolas #hashtag# #hashtag# #url# </document>
    <document> high-class-victorian-gay: state hall of the austrian national library sudden urge to hide away...… #url# </document>
    <document> "we are actually living in a million parallel realities every single minute." #url# rabolas #hashtag#… #url# </document>
    <document> universitybookstore: song of myself,  xlvi i know i have the... #url# rabolas #hashtag# #hashtag# #url# </document>
    <document> "but this is what the world is like. and i love the world. i long to devour it all, every bit of it...."… #url# </document>
    <document> ebookfriendly: 12 infographics that will help improve your... #url# rabolas #hashtag# #hashtag# #url# </document>
    <document> social media tempest brings new attention to asian american literary classics </document>
    <document> secifosseluce: “all i am saying, darling, is this: trust your mind. trust it sometimes, and draw or...… #url# </document>
    <document> soracities:octavio paz, ‘vrindaban’, a tale of two gardens #url# rabolas #hashtag# #hashtag# #url# </document>
    <document> universitybookstore: “poets have been mysteriously silent on... #url# rabolas #hashtag# #hashtag# #url# </document>
    <document> triflingthing:bookafe (vilnius, lithuania) #url# rabolas #hashtag# #hashtag# #url# </document>
    <document> the-forest-library:myopic books - chicago #url# rabolas #hashtag# #hashtag# #url# </document>
    <document> "i used to imagine adventures for myself, i invented a life, so that i could at least exist somehow."… #url# </document>
    <document> gravity-rainbow: the blue ladiesfresco from the palace of... #url# rabolas #hashtag# #hashtag# #url# </document>
    <document> risfiorire: charles bukowski instagram: emptyflower #url# rabolas #hashtag# #hashtag# #url# </document>
    <document> agingerwithaseoul:armchair books, used book store in edinburgh, scotland #url# rabolas #hashtag# #hashtag# #url# </document>
    <document> how to return to your manuscript #url# rabolas #hashtag# #hashtag# #url# </document>
    <document> "i created myself, echo and abyss, by thinking. i multiplied myself, by going deeply into myself…"… #url# </document>
    <document> "my god is all mud, blood, desire and vision. he is not pure, not spotless, not just, not omnipotent,..."… #url# </document>
    <document> "i want to write, but more than that, i want to bring out all kinds of things that lie buried deep in..."… #url# </document>
    <document> tattered cover bookstore #url# rabolas #hashtag# #hashtag# #url# </document>
    <document> 7 books to read before they become movies this fall #url# rabolas #hashtag# #hashtag# #url# </document>
    <document> the american book center in amsterdam #url# rabolas #hashtag# #hashtag# #url# </document>
    <document> "words never mean what we want them to mean." #url# rabolas #hashtag# #hashtag# #url# </document>
    <document> edoardojazzy: what’s up, pussycat? goran perojevic #url# rabolas #hashtag# #hashtag# #url# </document>
    <document> "nothing stinks like a pile of unpublished writing." #url# rabolas #hashtag# #hashtag# #url# </document>
    <document> circe-poetica: magicalhomesandstuff: the seattle metaphysical... #url# rabolas #hashtag# #hashtag# #url# </document>
    <document> therefined:“because sending a letter is the next best thing to... #url# rabolas #hashtag# #hashtag# #url# </document>
    <document> margaret murray - mother of egyptology, grandmother of wicca, or fairy godmother? #url# rabolas… #url# </document>
    <document> beforevenice: where is human nature so weak as in a... #url# rabolas #hashtag# #hashtag# #url# </document>
    <document> guide: how to skip time in your story #url# rabolas #hashtag# #hashtag# #url# </document>
   
>
      <document> universitybookstore: “elmore leonard1's ten writing rules.... #url# rabolas #hashtag# #hashtag# #url# </document>
    <document> ebookfriendly: how many of these positions have you tried? more #url# rabolas #hashtag# #hashtag# #url# </document>
    <document> 8 ways to improve your writing #url# rabolas #hashtag# #hashtag# #url# </document>
    <document> livingaleatory:cats and books: an endless love #url# rabolas #hashtag# #hashtag# #url# </document>
    <document> bampgs:bruce gilden's gritty vision of a lost new yorkμπρους είσαι λατρεία #url# rabolas #hashtag#… #url# </document>
    <document> how classic cartoons created a culturally literate generation #url# rabolas #hashtag# #hashtag# #url# </document>
    <document> yes, parents, there is a magic formula to keep your children reading all summer long #url# rabolas… #url# </document>
    <document> sunsflowery:lucca, italy #url# rabolas #hashtag# #hashtag# #url# </document>
    <document> scentedcandlesandoldpages:'it is better to know one book intimately than a hundred superficially.'by...... #url# </document>
    <document> stripeout: .. the perfect solitude of a... #url# rabolas #hashtag# #hashtag# #url# </document>
    <document> "Better to bet on this life than the next." #url# rabolas #hashtag# #hashtag# #url# </document>
    <document> "writing is a form of therapy; sometimes I wonder how all those who don't write, compose or paint..."… #url# </document>
    <document> fatehbaz: fatehbaz: photos of indigenous women marching in front of the national congress of...… #url# </document>
    <document> rainy-academia:there's something nice about buying a used poetry book with someone else's...… #url# </document>
    <document> mermaidenkay: I've always wanted to lengthen the night and fill it... #url# rabolas #hashtag# #hashtag# #url# </document>
    <document> beifongkendo: Two Boats in the Moonlight, by arai yoshimune (c. 1920). at that moment a small...... #url# </document>
    <document> "I got to a point where I needed solitude and just stop the thinking machine and enjoy what..."… #url# </document>
    <document> university library: autumn song with long sobs... #url# rabolas #hashtag# #hashtag# #url# </document>
    <document>Incidental Comics: The Writer's Routine for The New York Times Book... #url# rabolas #hashtag# #hashtag# #url# </document>
    <document> "Being an artist is believing in life." #url# rabolas #hashtag# #hashtag# #url# </document>
    <document> quotemadness: “You will never be able to experience everything. so please poetically do justice to...... #url# </document>
    <document> stripeout:.. high-speed train window view of the western alps..... #url# rabolas #hashtag# #hashtag# #url# </document>
    <document> "the world was being emptied of meaning. everything was empty. everything was withering away."… #url# </document>
    <document> archatlas: fengdong e pang bookstore gonverge interior... #url# rabolas #hashtag# #hashtag# #url# </document>
    <document> lilpieceofmyworld: notting hill library #url# rabolas #hashtag# #hashtag# #url# </document>
    <document> liberomicro: Monday 3 June 2019 I love this corner of the library. perfect silence, perfect...... #url# </document>
    <document> kingsbridgelibraryteens: Literary Boston: Free Little Library #url# rabolas #hashtag# #hashtag# #url# </document>
    <document> ebookfriendly: books build more for kids #url# rabolas #hashtag# #hashtag# #url# </document>
    <document> on waste #url# rabolas #hashtag# #hashtag# #url# </document>
    <document> books-n-quotes:“writing is something you do yourself. it's a profession for introverts who want to tell... #url# </document>
    <document> "grown-ups like numbers. when you tell them about a new friend, they never ask questions about what..."… #url# </document>
    <document> "I mean, they say you die twice. Once when you stop breathing and a second time, a little later,..."… #url# </document>
    <document> rainbow-gravity:samuel beckett #url# rabolas #hashtag# #hashtag# #url# </document>
    <document> "when I look at my life and its secret colors, I almost burst into tears." #url# rabolas… #url# </document>
    <document> joeinct: william s. tunnels looking plywood cutout... #url# rabolas #hashtag# #hashtag# #url# </document>
    <document> "the rivers know: there is no hurry. one day we will get there." #url# rabolas #hashtag# #hashtag# #url# </document>
    <document> mrdingo: pet koala drinks from a spoon, circa 1900, photographer... #url# rabolas #hashtag# #hashtag# #url# </document>
    <document> unstableatrophy: core 64 i.s.a. somewhere in town #url# rabolas #hashtag# #hashtag# #url# </document>
    <document> "and so it seems that I always have to write you letters that I can never send." #url# rabolas #hashtag#… #url# </document>
    <document> alextriestowritestuff: it's a constant state of being  #url# rabolas #hashtag# #hashtag# #url# </document>
    <document> ways to get inspired to write that character #url# rabolas #hashtag# #hashtag# #url# </document>
    <document> thebooknomad: 06-01-19. looking for books. a good reason to go to New York #url# rabolas #hashtag#… #url# </document>
    <document> thatwritergirlsblog: fast pace in your writing i have read too many books and seen too many...... #url# </document>
    <document> "but life isn't hard to manage when you have nothing to lose." #url# rabolas #hashtag# #hashtag# #url# </document>
    <document> violentwavesofemotion: anton chekhov, from a diary entry... #url# rabolas #hashtag# #hashtag# #url# </document>
    <document> "...how empty the world is today." #url# rabolas #hashtag# #hashtag# #url# </document>
    <document> nobrashfestivity: unknown, home movie, new mexico, 1949 #url# rabolas #hashtag# #hashtag# #url# </document>
    <document> bobbycaputo: rephotographing route 66: animated gifs showing... #url# rabolas #hashtag# #hashtag# #url# </document>
    <document> iosonorockmaballoiltango: at the heart of all great art is an essential melancholy. federico garcia...... #url# </document>
    <document> live-2-learn: source: live-2-learn torin well, torin ;) #url# rabolas #hashtag# #hashtag# #url# </document>
    <document> amospoe: the good, the bad and the mediocre (johan deckmann) #url# rabolas #hashtag# #hashtag# #url# </document>
    <document> "a poet is, above all else, a person passionately in love with language." #url# rabo… #url# </document>
    <document> ebookfriendly: Libraries always remind me that there are good... #url# rabolas #hashtag# #hashtag# #url# </document>
    <document> "we don't grow at all, chronologically. sometimes we grow in one dimension, and not another;..."… #url# </document>
    <document> faireladypenumbra: I think as a writer, personally anyway, there is a lot of creative time spent......… #url# </document>
    <document> blackundblanc: good night… #url# rabolas #hashtag# #hashtag# #url# </document>
    <document> thebluesthour: “you will hear thunder and you will remember me, the edge of the sky will be the color of...… #url# </document>
    <document> stripeout: .. the perfect solitude of a... #url# rabolas #hashtag# #hashtag# #url# </document>
    <document> listen to the stories: ellie dyduch #url# rabolas #hashtag# #hashtag# #url# </document>
    <document> "one day I will find the right words, and they will be simple." #url# rabolas #hashtag# #hashtag# #url# </document>
    <document> kvetchlandia: james jowers     washington square, greenwich... #url# rabolas #hashtag# #hashtag# #url# </document>
    <document> waterinthemouth:truman capote, 1965 #url# rabolas #hashtag# #hashtag# #url# </document>
    <document> steampunktendencies:livraria lello, a bookstore in porto,... #url# rabolas #hashtag# #hashtag# #url# </document>
    <document> "Do poets really suffer more than others?" #url# rabolas #hashtag# #hashtag# #url# </document>
    <document> blackswaneuroparedux: I can never readd all the books I want; I... #url# rabolas #hashtag# #hashtag# #url# </document>
    <document> "Sometimes in the evening, towards dusk, I can't hold back the tears. But then I pull back..."… #url# </document>
    <document> happycottage: cats in the windows 🐈 #url# rabolas #hashtag# #hashtag# #url# </document>
    <document> rays of cinema: stalker (1979) directed by andrei... #url# rabolas #hashtag# #hashtag# #url# </document>
    <document> honestlydeepesttidalwave: marilyn during her photoshoot with... #url# rabolas #hashtag# #hashtag# #url# </document>
    <document> thevisualvamp: meow #url# rabolas #hashtag# #hashtag# #url# </document>
    <document> high-class-victorian-gay: state hall of the austrian national library sudden desire to hide...… #url# </document>
    <document> "we actually live in a million parallel realities every single minute." #url# rabolas #hashtag#… #url# </document>
    <document> university bookstore: song of myself, xlvi know i have the... #url# rabolas #hashtag# #hashtag# #url# </document>
    <document> "but the world is like this. and i love the world. i want to devour it all, every part of it...."… #url# </document>
    <document> ebookfriendly: 12 infographics that will help you improve your... #url# rabolas #hashtag# #hashtag# #url# </document>
    <document>Social media storm brings new attention to classics of Asian American literature</document>
    <document> secifosseluce: “All I'm saying honey is this: trust your mind. trust me sometime, and draw or...... #url# </document>
    <document> soracities:octavio paz, 'vrindaban', tale of two gardens #url# rabolas #hashtag# #hashtag# #url# </document>
    <document> universitybookstore: “poets mysteriously kept silent about... #url# rabolas #hashtag# #hashtag# #url# </document>
    <document> triflingthing:bookafe (vilnius, lithuania) #url# rabolas #hashtag# #hashtag# #url# </document>
    <document> the-forest-library:myopic books - chicago #url# rabolas #hashtag# #hashtag# #url# </document>
    <document> "I imagined adventures for myself, I invented a life, in order to at least somehow exist."… #url# </document>
    <document> gravity-rainbow: the blue ladies fresco from the palace of... #url# rabolas #hashtag# #hashtag# #url# </document>
    <document> blossom again: charles bukowski instagram: emptyflower #url# rabolas #hashtag# #hashtag# #url# </document>
    <document> agingerwithaseoul:armchair books, used bookstore in edinburgh, scotland #url# rabolas #hashtag# #hashtag# #url# </document>
    <document> how to get back to your manuscript #url# rabolas #hashtag# #hashtag# #url# </document>
    <document> "I created myself, echo and abyss, thinking. I multiplied myself, going deep into myself…"… #url# </document>
    <document> "my god is all mud, blood, desire and vision. he is not pure, not spotless, not just, not almighty,..."… #url# </document>
    <document> "I want to write, but most of all I want to bring out all kinds of things that lie buried deep..."… #url# </document>
    <document> tattered cover library #url# rabolas #hashtag# #hashtag# #url# </document>
    <document> 7 books to read before they become movies this fall #url# rabolas #hashtag# #hashtag# #url# </document>
    <document> the american bookstore in amsterdam #url# rabolas #hashtag# #hashtag# #url# </document>
    <document> "words never mean what we want them to mean." #url# rabolas #hashtag# #hashtag# #url# </document>
    <document> edoardojazzy: how's kitty doing? goran perojevic #url# rabolas #hashtag# #hashtag# #url# </document>
    <document> "nothing smells like a bunch of unpublished writing." #url# rabolas #hashtag# #hashtag# #url# </document>
    <document> circe-poetics: magichomesandstuff: the metaphysics of Seattle... #url# rabolas #hashtag# #hashtag# #url# </document>
    <document> explained: "why sending a letter is the best thing for... #url# rabolas #hashtag# #hashtag# #url# </ddocument>
    <document> margaret murray - mother of egyptology, grandmother of wicca or fairy godmother? #url# rabolas… #url# </document>
    <document> beforevenice: where is human nature so weak as in a... #url# rabolas #hashtag# #hashtag# #url# </document>
    <document> guide: how to skip time in your story #url# rabolas #hashtag# #hashtag# #url# </document>>
      <document> universitybookstore: "Elmore Leonard's Ten Rules of Writing1.... #url# rabolas #hashtag# #hashtag# #url# </document>
    <document> ebookfriendly: How many of these positions have you tried? more #url# rabolas #hashtag# #hashtag# #url# </document>
    <document> 8 ways to improve your writing #url# rabolas #hashtag# #hashtag# #url# </document>
    <document> livingaleatory:cats and books: an infinite love #url# rabolas #hashtag# #hashtag# #url# </document>
    <document> bampgs:bruce gilden’s gritty vision of a lost new yorkμπρους είσαι λατρεία #url# rabolas #hashtag#… #url# </document>
    <document> how classic cartoons created a culturally literate generation #url# rabolas #hashtag# #hashtag# #url# </document>
    <document> Yes, parents, there is a magic formula to get your kids reading about #url# rabolas over the summer… #url# </document>
    <document> sunsflowery:lucca, italy #url# rabolas #hashtag# #hashtag# #url# </document>
    <document> Scented candles and old pages: "It is better to know a book intimately than a hundred superficially." by ...... #url# </document>
    <document> stripeout: .. the perfect solitude of a... #url# rabolas #hashtag# #hashtag# #url# </document>
    <document> "It is better to bet on this life than on the next." #url# rabolas #hashtag# #hashtag# #url# </document>
    <document> "Writing is a form of therapy; sometimes I wonder how all those who don't write, compose or paint..."… #url# </document>
    <document> fatehbaz: fatehbaz: photos of indigenous women marching in front of the National Congress in …… #url# </document>
    <document> rainy-academia: It's nice to buy a used book of poetry with someone else... #url# </document>
    <document> mermaidenkay: i always wanted to stretch the night and fill it... #url# rabolas #hashtag# #hashtag# #url# </document>
    <document> beifongkendo: two boats in the moonlight, by arai yoshimune (ca. 1920). in quel momento una piccola...… #url# </document>
    <document> "I got to a point where I needed solitude and just stopped the machinery of thinking and enjoying what..."… #url# </document>
    <document> universitybookstore: Autumn song with a long sob... #url# rabolas #hashtag# #hashtag# #url# </document>
    <document> incidentalcomics: the author’s routine for the ny times book... #url# rabolas #hashtag# #hashtag# #url# </document>
    <Document> "Being an artist means believing in life." #url# rabolas #hashtag# #hashtag# #url# </document>
    <document> quotemadness: “One will never be able to experience everything. so, please, do poetic justice to…… #url# </document>
    <document> Stripeout:.. Western Alps high speed train window view..... #url# rabolas #hashtag# #hashtag# #url# </document>
    <document> “The world emptied itself. Everything was hollow. Everything withered.”… #url# </document>
    <document> archatlas: fengdong e pang bookstore gonverge interior... #url# rabolas #hashtag# #hashtag# #url# </document>
    <document> lilpieceofmyworld: the notting hill bookshop #url# rabolas #hashtag# #hashtag# #url# </document>
    <document> liberomicro: Monday June 3, 2019 I love this corner of the library. perfect silence, perfect...… #url# </document>
    <Document> Kingsbridgelibraryteens: Literary Boston: Small Free Library #url# rabolas #hashtag# #hashtag# #url# </document>
    <document> ebookfriendly: Books make children more #url# rabolas #hashtag# #hashtag# #url# </document>
    <document> on rejections #url# rabolas #hashtag# #hashtag# #url# </document>
    <document> books-n-quotes:"Writing is something you do alone. It's a profession for introverts who want to tell…… #url# </document>
    <document> "Adults like numbers. When you tell them about a new friend, they never ask questions about what..."… #url# </document>
    <document> "I mean, they say you die twice. Once when you stop breathing, and a second time a little later,..."… #url# </document>
    <document> Gravity Rainbow: Samuel Beckett #url# rabolas #hashtag# #hashtag# #url# </document>
    <document> "looking at my life and its secret colors makes me want to burst into tears." #url# rabolas… #url# </document>
    <document> joeinct: william s. burroughs look at plywood cutouts... #url# rabolas #hashtag# #hashtag# #url# </document>
    <Document> "Rivers know this: There is no hurry. We will get there one day." #url# rabolas #hashtag# #hashtag# #url# </document>
    <document> mrdingo:pet koala drinking from a spoon, around 1900, photographer... #url# rabolas #hashtag# #hashtag# #url# </document>
    <Document> Instabileatrofia: Core 64 i.s.a. somewhere in town #url# rabolas #hashtag# #hashtag# #url# </document>
    <document> "and so it seems that I always have to write you letters that I can never send." #url# rabolas #hashtag#… #url# </document>
    <document> alextriestowritestuff: it is a constant state of being #url# rabolas #hashtag# #hashtag# #url# </document>
    <document> Ways to get inspiration for writing this character #url# rabolas #hashtag# #hashtag# #url# </document>
    <document> thebooknomad: 06-01-19. search for books. a good reason to go to new york #url# rabolas #hashtag#… #url# </document>
    <document> thatwritergirlsblog: breakneck speed in your writing, I've read too many books and watched too many...... #url# </document>
    <document> "but life is not difficult when you have nothing to lose." #url# rabolas #hashtag# #hashtag# #url# </document>
    <document> violent waves of emotion: anton chekhov, from a diary entry... #url# rabolas #hashtag# #hashtag# #url# </document>
    <Document> "...how empty is the world today." #url# rabolas #hashtag# #hashtag# #url# </document>
    <Document> nobrashfestivity: unknown, home movie, new mexico, 1949 #url# rabolas #hashtag# #hashtag# #url# </document>
    <document> bobbycaputo: Re-photograph Route 66: show animated gifs... #url# rabolas #hashtag# #hashtag# #url# </document>
    <document> iosonorockmaballoiltango: At the heart of all great art lies an essential melancholy. federico garcía...… #url# </document>
    <document> live-2-learn: source: live-2-learn torin gut, turin ;) #url# rabolas #hashtag# #hashtag# #url# </document>
    <document> Amospoe: The Good, the Bad, and the Mediocre (Johan Deckmann) #url# rabolas #hashtag# #hashtag# #url# </document>
    <document> "a poet is above all a person enthusiastic about languages." #url# rabo… #url# </document>
    <document> ebookfriendly: Libraries always remind me there are good ones out there... #url# rabolas #hashtag# #hashtag# #url# </document>
    <document> "we don't grow absolutely, chronologically. we sometimes grow in one dimension and not another;..."… #url# </document>
    <document> faireladypenumbra: i think as a writer, at least personally, a lot of creative time is spent... #url# </document>
    <document> blackundblanc: good night… #url# rabolas #hashtag# #hashtag# #url# </document>
    <document> thebluesthour: "You will hear thunder and remember me, the edge of the sky will be the color of …… #url# </document>
    <document> stripeout: .. the perfect solitude of a... #url# rabolas #hashtag# #hashtag# #url# </document>
    <document> listen to the stories: ellie dyduch #url# rabolas #hashtag# #hashtag# #url# </document>
    <document> "One day I will find the right words and they will be easy." #url# rabolas #hashtag# #hashtag# #url# </document>
    <document> kvetchlandia: james jowers washington square, greenwich... #url# rabolas #hashtag# #hashtag# #url# </document>
    <Document> Mouth watering: Truman Capote, 1965 #url# rabolas #hashtag# #hashtag# #url# </document>
    <document> steampointdencies:livraria lello, a bookshop in Porto,... #url# rabolas #hashtag# #hashtag# #url# </document>
    <document> "do poets really suffer more than other people?" #url# rabolas #hashtag# #hashtag# #url# </document>
    <document> blackswaneuroparedux: I can never understand itd all the books I want; I... #url# rabolas #hashtag# #hashtag# #url# </document>
    <document> "Sometimes in the evening, at dusk, I can't hold back my tears. but then I tear myself…”… #url# </document>
    <document> happycottage: cats in windows 🐈 #url# rabolas #hashtag# #hashtag# #url# </document>
    <document> raysofcinema: stalker (1979) directed by andrei... #url# rabolas #hashtag# #hashtag# #url# </document>
    <document> Ehrlichlydeepesttidalwave: Marilyn during her photo shoot with... #url# rabolas #hashtag# #hashtag# #url# </document>
    <document> thevisualvamp: meow #url# rabolas #hashtag# #hashtag# #url# </document>
    <document> high-class-victorian-gay: state hall of the austrian national library suddenly felt the urge to hide...… #url# </document>
    <document> "We actually live every single minute in a million parallel realities." #url# rabolas #hashtag#… #url# </document>
    <document> universitybookstore: song by myself, xlvi i know i have the... #url# rabolas #hashtag# #hashtag# #url# </document>
    <document> "but that's the way the world is. and i love the world
    <document> ebookfriendly: 12 infographics that will help you improve your... #url# rabolas #hashtag# #hashtag# #url# </document>
    <document> Social media storm draws new attention to Asian-American literary classics </document>
    <Document> secifosseluce: "All I'm saying, darling, is this: Trust your sanity. trust him sometimes and draw or …… #url# </document>
    <document> soracities:octavio paz, 'vrindaban', a tale of two gardens #url# rabolas #hashtag# #hashtag# #url# </document>
    <document> universitybookstore: “Poets have been mysteriously silent about … #url# rabolas #hashtag# #hashtag# #url# </document>
    <document> triflingthing:bookafe (vilnius, lithuania) #url# rabolas #hashtag# #hashtag# #url# </document>
    <document> the-forest-library:myopic books - chicago #url# rabolas #hashtag# #hashtag# #url# </document>
    <document> "I used to make up adventures, I made up a life, so I could at least somehow exist."… #url# </document>
    <document> Gravity rainbow: the blue lady fresco from the Palace of... #url# rabolas #hashtag# #hashtag# #url# </document>
    <document> risfiorire: charles bukowski instagram: emptyflower #url#rabolas #hashtag# #hashtag# #url# </document>
    <document> agingerwithaseoul:armchair books, second hand bookshop in Edinburgh, Scotland #url# rabolas #hashtag# #hashtag# #url# </document>
    <document> how to return to your manuscript #url# rabolas #hashtag# #hashtag# #url# </document>
    <document> "I created myself, echo and abyss, by thinking. I multiplied by going deep within myself..."...
    <document> "my god is all mud, blood, desire and vision. He is not pure, not spotless, not just, not omnipotent,..."… #url# </document>
    <document> "I want to write, but more than that, I want to bring out all sorts of things buried deep within..."... #url# </document>
    <Document> Bookstore with tattered cover #url# rabolas #hashtag# #hashtag# #url# </document>
    <document> 7 books to read before they're made into movies this fall #url# rabolas #hashtag# #hashtag# #url# </document>
    <document> the American Book Center in Amsterdam #url# rabolas #hashtag# #hashtag# #url# </document>
    <Document> "Words never mean what we want them to." #url# rabolas #hashtag# #hashtag# #url# </document>
    <document> edoardojazzy: what's up kitty? goran perojevic #url# rabolas #hashtag# #hashtag# #url# </document>
    <Document> "Nothing stinks like a bunch of unpublished writings." #url# rabolas #hashtag# #hashtag# #url# </document>
    <document> circe-poetica: magichomesandstuff: the seattle metaphysical... #url# rabolas #hashtag# #hashtag# #url# </document>
    <document> refined: "because sending a letter is the next best thing... #url# rabolas #hashtag# #hashtag# #url# </ddocument>
    <Document> Margaret Murray - Mother of Egyptology, Grandmother of Wicca or Fairy Godmother? #url# rabolas… #url# </document>
    <document> beforevenice: where is human nature so weak as in a... #url# rabolas #hashtag# #hashtag# #url# </document>
    <document> Instructions: How to skip time in your story #url# rabolas #hashtag# #hashtag# #url# </document>