 >
      <document> henderson poised to win the pfa player of the year #url# #url# </document>
    <document> fireboy could possibly be wande coal’s number 1 fan #url# #url# </document>
    <document> tonto dikeh gets sued for defamation by her ex-husband #url# #url# </document>
    <document> nollywood actress left her marriage due fear for her life – see who #url# #url# </document>
    <document> yvonne nelson has an advise for christians #url# #url# </document>
    <document> deadline day missed deals – upcoming summer deals? #url# #url# </document>
    <document> meet the nigerians to ever won the grammys #url# #url# </document>
    <document> bode george to become a citizen of togo #url# #url# </document>
    <document> patoranking reveals how he takes care of 150 children from his village #url# #url# </document>
    <document> nicki minaj has never collaborated with kendrick lamar and here is why #url# #url# </document>
    <document> extreme weather causes manchester city’s match postponement #url# #url# </document>
    <document> women should share their husbands with side chicks – sir shina peters’s wife #url# #url# </document>
    <document> governor obiano loves yansh more than matters of the state #url# #url# </document>
    <document> new brand ambassador for crepaway restaurant – chioma #url# #url# </document>
    <document> living faith bomber was not carrying a bomb #url# #url# </document>
    <document> which clubs made the highest profit in the last 2 transfer windows #url# #url# </document>
    <document> popular fruits you eat and probably don’t know their names #url# #url# </document>
    <document> pep guardiola advised to leave manchester city #url# #url# </document>
    <document> ex-boyfriend disrupt wedding organized with his money #url# #url# </document>
    <document> new us immigration laws that could affect nigerians #url# #url# </document>
    <document> people believe i am rich but i am not – tacha reveals in a video #url# </document>
    <document> painter impregnates two students in the university of ibadan #url# #url# </document>
    <document> real madrid and barcelona both got knocked out #url# #url# </document>
    <document> victoria inyama has stopped taking her kids to church – here is why #url# #url# </document>
    <document> popular snapchat queen “hajia pussy” is dead #url# #url# </document>
    <document> new ncc rule – bad news for those with 4 sims #url# #url# </document>
    <document> cardi b reveals when she will be releasing her next album #url# #url# </document>
    <document> masturbation is a beautiful thing – stephanie benson #url# #url# </document>
    <document> deadline day transfer news #url# #url# </document>
    <document> zlatan rates olamide over pastors #url# #url# </document>
    <document> poch might be manchester united next coach #url# #url# </document>
    <document> peruzzi defrauded me and tried to have his way with me – daffy blanco #url# #url# </document>
    <document> bbnaija star, nina got married in imo – see photos #url# #url# </document>
    <document> marriage is overated – mercy aigbe reveals #url# #url# </document>
    <document> no pay no work – asuu strike looms #url# #url# </document>
    <document> if you are dating a married man you need to be cashing out – mercy aigbe #url# #url# </document>
    <document> nigeria is the 7th most populated country in the world – see list #url# #url# </document>
    <document> one of bill gates daughters is off the singles market #url# #url# </document>
    <document> transfer news as of 30-01-2020 #url# #url# </document>
    <document> concerns over nuno’s future at wolves? #url# #url# </document>
    <document> uche elendu and oge okoye accused of sleeping with married men || see photos #url# #url# </document>
    <document> pastor arrested after 20 people dies in his church #url# #url# </document>
    <document> governor-elect of bayelsa got sacked by supreme court #url# #url# </document>
    <document> nigeria listed as a high risk country for coronavirus #url# #url# </document>
    <document> eedris abdulkareem arrested for allegedly assaulting his landlord #url# #url# </document>
    <document> new super eagle kit unveiled #url# #url# </document>
    <document> the publishing of a fake news caused my wife to have a miscariage – olukayode salako #url# #url# </document>
    <document> romantic movies to go see at the cinema today – valentine’s day #url# #url# </document>
    <document> joro reveals why marriages and relationship suffers #url# #url# </document>
    <document> yvonne jegede hocking revelation about her marriage #url# #url# </document>
    <document> transfer news as of 26-01-2020 #url# #url# </document>
    <document> epl to tweak var rulings #url# #url# </document>
    <document> jealous husband resulted to unprecedented measure || find out #url# #url# </document>
    <document> why can’t he give me a womb – brobrisky laments #url# #url# </document>
    <document> how to make money with clixsense from the comfort of your home #url# #url# </document>
    <document> secret behind david lyon’s misfortune revealed #url# #url# </document>
    <document> jay z and beyonce were sitted during the national anthem – see reason #url# #url# </document>
    <document> transfer news as of 28-01-2020 #url# #url# </document>
    <document> new bokoharam attack death toll is about 30 #url# #url# </document>
    <document> the legend of inikpi sets a new record #url# #url# </document>
    <document> iyanya arraigned for stealing a car #url# #url# </document>
    <document> portharcour landlord declares marlians persona non grata in his house #url# #url# </document>
    <document> transfer news as of 27-01-2020 #url# #url# </document>
    <document> ighalo and olè walked into a bar... </document>
    <document> naira marley was hacked #url# #url# </document>
    <document> what sanwo-olu should do after the protest by lagosians – jimi agbaje reveals #url# #url# </document>
    <document> chelsea very close to signing ziyech #url# #url# </document>
    <document> man threatens murder just to divorce his wife in court #url# </document>
    <document> ondo state government approved a draft bill of amotekun corps #url# #url# </document>
    <document> england gets boost ahead of euro 2020 #url# #url# </document>
    <document> transfer news as of 29-01-2020 #url# #url# </document>
    <document> us visa ban will be reversed #url# #url# </document>
    <document> bishop oyedepo plans to spend 10bn naira for churches #url# #url# </document>
    <document> davido and chioma seen on a jet amidst breakup rumours #url# #url# </document>
    <document> good news for corpers – allawee has been increased #url# #url# </document>
    <document> record breaking liverpool – find out the potential records they could break #url# #url# </document>
    <document> nigerian singer electrocuted to death on stage #url# #url# </document>
    <document> nollywood should stop promoting money ritual and kidnapping – fashola speaks #url# #url# </document>
    <document> will smith almost beat up another actor on set #url# #url# </document>
    <document> mc oluomo reacts to motorcycle and tricycle ban in lagos state #url# #url# </document>
    <document> ycee slams vic o over rap battle challenge #url# #url# </document>
    <document> messi came for sporting director eric abidal #url# #url# </document>
    <document> good news for titans – new tvshow “keeping up with tacha” #url# #url# </document>
    <document> toke makinwa display her camel toe in biker short || see photos #url# #url# </document>
    <document> i was emotionally abused – selena gomez opens up #url# #url# </document>
    <document> jcole finally bags his first grammys – see full list of winners #url# #url# </document>
    <document> many artiste were pained that burna boy got nominated for grammy’s – erriga #url# #url# </document>
    <document> uefa bans manchester city for the next two seasons #url# #url# </document>
    <document> nigerian banks becomes new target for russian hackers #url# #url# </document>
    <document> liam hensworth and miley cyrus divorce is finally official #url# #url# </document>
    <document> olamide’s new look shocks everyone #url# #url# </document>
    <document> pep wants messi to stay in barcelona #url# #url# </document>
    <document> neymar injured yet again days after his birthday #url# #url# </document>
    <document> rt #user#: here is an easy step-by-step guide to on how to apply for the tony elumelu foundation entrepreneurship programme.  visi… </document>
    <document> woman tries too kill herself after finding herself in a depressing situation #url# #url# </document>
    <document> paul okoye accuses national copyright commission of kidnapping #url# #url# </document>
    <document> reno omokri explains why side chicks look hotter than the wives #url# #url# </document>
    <document> i am the best since fela kuti – burna boy #url# #url# </document>
    <document> horrifying news-kobe bryant is dead #url# #url# </document>
    <document> couple became the first nigerians to finish the lagos marathon race #url# #url# </document>
   
>
      <document> henderson set to win pfa player of the year #url# #url# </document>
    <document> fireboy may be wande coal's #1 fan #url# #url# </document>
    <document> tonto dikeh is sued for defamation by her ex-husband #url# #url# </document>
    <document> the nollywood actress left her marriage out of fear for her life - look who #url# #url# </document>
    <document> yvonne nelson has advice for Christians #url# #url# </document>
    <document> expiry date for missed offers: upcoming summer offers? #url# #url# </document>
    <document> meet Nigerian Grammy winners #url# #url# </document>
    <document> promises George to become a citizen of Togo #url# #url# </document>
    <document> patoranking reveals how he takes care of 150 children in his village #url# #url# </document>
    <document> nicki minaj never collaborated with kendrick lamar and that's why #url# #url# </document>
    <document> Extreme weather causes Manchester City match to be postponed #url# #url# </document>
    <document> women should share their husbands with secondary girls: sir shina peters wife #url# #url# </document>
    <document> governor obiano loves yansh more than matters of state #url# #url# </document>
    <document> new brand ambassador for the crepaway restaurant – chioma #url# #url# </document>
    <document> The living faith bomber was not carrying a bomb #url# #url# </document>
    <document> which clubs have made the most profits in the last 2 transfer windows #url# #url# </document>
    <document> popular fruits you eat and probably don't know their names #url# #url# </document>
    <document> pep guardiola advised to leave Manchester city #url# #url# </document>
    <document> the ex boyfriend interrupts the arranged marriage with his money #url# #url# </document>
    <document> new US immigration laws that could affect Nigerians #url# #url# </document>
    <document> people think I'm rich but I'm not - reveals tacha in a video #url# </document>
    <document> a painter gets two female students pregnant at the ibadan university #url# #url# </document>
    <document> real madrid and barcelona have both been removed #url# #url# </document>
    <document> victoria inyama stopped taking her children to church: here's why #url# #url# </document>
    <document> the famous snapchat queen "hajia pussy" is dead #url# #url# </document>
    <document> new ncc rule - bad news for those with 4 sims #url# #url# </document>
    <document> cardi b reveals when she will release her next album #url# #url# </document>
    <document> masturbation is a beautiful thing – stephanie benson #url# #url# </document>
    <document> expiration day of transfer news #url# #url# </document>
    <document> zlatan values ​​olamide rather than pastors #url# #url# </document>
    <document> poch could be the next Manchester United manager #url# #url# </document>
    <document> peruzzi scammed me and tried to get his way with me – daffy blanco #url# #url# </document>
    <document> star of bbnaija, nina got married in imo – see photo #url# #url# </document>
    <document> marriage is overrated – mercy aigbe reveals #url# #url# </document>
    <document> no pay no work – asuu strike incumbent #url# #url# </document>
    <document> if you go out with a married man you have to cash - mercy aigbe #url# #url# </document>
    <document> nigeria is the 7th most populated country in the world - see the list #url# #url# </document>
    <document> one of Bill Gates' daughters is out of the singles market #url# #url# </document>
    <document> transfer news to 30-01-2020 #url# #url# </document>
    <document> doubts about the future of nuno in wolves? #url# #url# </document>
    <document> uche elendu and oge okoye accused of sleeping with married men || see photo #url# #url# </document>
    <document> pastor arrested after 20 people died in his church #url# #url# </document>
    <document> the governor-elect of bayelsa was fired by the supreme court #url# #url# </document>
    <document>nigeria is listed as a high risk country for coronavirus #url# #url# </document>
    <document> eedris abdulkareem arrested for allegedly assaulting his landlord #url# #url# </document>
    <document> New Super Aquila kit unveiled #url# #url# </document>
    <document> the publication of fake news caused my wife to miscarry – olukayode salako #url# #url# </document>
    <document> romantic movies to go to the cinema today – valentine's day #url# #url# </document>
    <document> joro reveals why marriages and relationships suffer #url# #url# </document>
    <document> yvonne jegede agrees to reveal her marriage #url# #url# </document>
    <document> transfer news from 2020-01-26 #url# #url# </document>
    <document> epl to change the sentences var #url# #url# </document>
    <document> jealous husband result to unheard-of measure || discover #url# #url# </document>
    <document> why can't he give me a lap - brobrisky complains #url# #url# </document>
    <document> how to make money with clixsense from the comfort of your home #url# #url# </document>
    <document> the secret behind david lyon's bad luck revealed #url# #url# </document>
    <document> jay z and beyonce sat during the national anthem – see tune #url# #url# </document>
    <document> transfer news from 2020-01-28 #url# #url# </document>
    <document> the death toll from the new Bokoharam attack is about 30 #url# #url# </document>
    <document> the inikpi legend establishes a new record #url# #url# </document>
    <document> iyanya accused of car theft #url# #url# </document>
    <document> the owner of portharcour declares the marlians persona non grata in his home #url# #url# </document>
    <document> transfer news from 2020-01-27 #url# #url# </document>
    <document> ighalo and olè entered a bar... </document>
    <document> naira marley was hacked #url# #url# </document>
    <document> what should sanwo-olu do after the protest of the lagosians - jimi agbaje reveals #url# #url# </document>
    <document> chelsea very close to signing ziyech #url# #url# </document>
    <document>man threatens murder only to divorce wife in court #url# </document>
    <document> ondo state government passed bill of amotekun body #url# #url# </document>
    <document> England gets a boost ahead of euro 2020 #url# #url# </document>
    <document> transfer news from 2020-01-29 #url# #url# </document>
    <document> US visa ban will be lifted #url# #url# </document>
    <document> bishop oyedepo plans to spend 10 billion naira on churches #url# #url# </document>
    <document> davido and chia seen on a jet amid rumors of breakup #url# #url# </document>
    <document> good news for corpers: allawee has been increased #url# #url# </document>
    <document> Record-breaking Liverpool: discover the potential records they could break #url# #url# </document>
    <document> Nigerian singer electrocuted to death on stage #url# #url# </document>
    <document> nollywood should stop promoting money rituals and kidnapping – fashola speak #url# #url# </document>
    <document> will smith almost hit another actor on set #url# #url# </document>
    <document> mc oluomo reacts to motorcycle and tricycle ban in Lagos state #url# #url# </document>
    <document> ycee bangs vic o on rap battle challenge #url# #url# </document>
    <document> messi has arrived for sports director eric abidal #url# #url# </document>
    <document> good news for the titans: new TV show "Keeping up with tacha" #url# #url# </document>
    <document> toke makinwa shows off his camel toe in biker shorts || see photo #url# #url# </document>
    <document> I was emotionally abused – selena gomez opens #url# #url# </document>
    <document> jcole finally wins his first Grammys: see the complete list of winners #url# #url# </document>
    <document> many artists were sad that Burna Boy was nominated for a Grammy – erriga #url# #url# </document>
    <document> UEFA bans Manchester City for the next two sreasons #url# #url# </document>
    <document> Nigerian banks become the new target of Russian hackers #url# #url# </document>
    <document> Liam Hensworth and Miley Cyrus' divorce is finally official #url# #url# </document>
    <document> Olamide's new look shocks everyone #url# #url# </document>
    <document> pep wants messi to stay in barcelona #url# #url# </document>
    <document> neymar was injured again days after his birthday #url# #url# </document>
    <document> rt #user#: Here's a simple step-by-step guide on how to apply for the tony elumelu foundation entrepreneurship program. visit… </document>
    <document> woman also tries to kill herself after finding herself in a depressing situation #url# #url# </document>
    <document> paul okoye accuses the national copyright commission of kidnapping #url# #url# </document>
    <document> reno omokri explains why secondary girls look sexier than wives #url# #url# </document>
    <document> I'm the best since fela kuti – burna boy #url# #url# </document>
    <document> awful news-kobe bryant is dead #url# #url# </document>
    <document> the couple became the first Nigerian to finish the Lagos marathon #url# #url# </document>>
      <document> henderson is close to winning pfa player of the year #url# #url# </document>
    <document> Fireboy could possibly be Wande Coal's biggest fan #url# #url# </document>
    <document> tonto dikeh is being sued for defamation by her ex-husband #url# #url# </document>
    <document> Nollywood actress left her marriage fearing for her life - see Who #url# #url# </document>
    <document> yvonne nelson has advice for christians #url# #url# </document>
    <document> Deadline missed offers – upcoming summer offers? #url# #url# </document>
    <document> Meet the Nigerians who have ever won the Grammys #url# #url# </document>
    <document> George promises to become a citizen of Togo #url# #url# </document>
    <document> patoranking reveals how he cares for 150 children from his village #url# #url# </document>
    <document> nicki minaj has never worked with kendrick lamar and here's why #url# #url# </document>
    <document> Extreme weather causes match postponement at Manchester City #url# #url# </document>
    <document> Wives should share their husbands with side chicks - Sir Shina Peters' wife #url# #url# </document>
    <document> Governor Obiano loves Yansh more than affairs of state #url# #url# </document>
    <document> new brand ambassador for the Crepaway restaurant - chioma #url# #url# </document>
    The <document> bomber of living faith did not carry a bomb #url# #url# </document>
    <document> which clubs have made the highest profits in the last 2 transfer windows #url# #url# </document>
    <document> popular fruits you eat that you probably don't know the name of #url# #url# </document>
    <document> Pep Guardiola advised leaving Manchester City #url# #url# </document>
    <document> Ex-boyfriend disturbs organized wedding with his money #url# #url# </document>
    <document> new US immigration laws that could affect Nigerians #url# #url# </document>
    <document> People think I'm rich, but I'm not - tacha reveals in a video #url# </document>
    <document> Painter impregnates two students at the University of Ibadan #url# #url# </document>
    <document> Real Madrid and Barcelona were both KO'd #url# #url# </document>
    <document> victoria inyama has stopped taking her kids to church – here's why #url# #url# </document>
    <document> popular snapchat queen "hajia pussy" is dead #url# #url# </document>
    <document> new ncc rule - bad news for those with 4 sims #url# #url# </document>
    <document> cardi b announces when she will release her next album #url# #url# </document>
    <document> Masturbation is a beautiful thing - stephanie benson #url# #url# </document>
    <document> Deadline Day Transfer News #url# #url# </document>
    <document> zlatan rates Olamid against pastors #url# #url# </document>
    <document> Poch could be the next Manchester United coach #url# #url# </document>
    <document> peruzzi betrayed me and tried to get his way - daffy blanco #url# #url# </document>
    <document> bbnaija star, nina married imo - see photos #url# #url# </document>
    <document> Marriage is overdone - mercy aigbe reveals #url# #url# </document>
    <document> no wages, no work - Asuu strike threatened #url# #url# </document>
    <document> If you're dating a married man, you need to cash out - mercy aigbe #url# #url# </document>
    <document> Nigeria is the seventh largest country in the world - see list #url# #url# </document>
    <document> one of Bill Gates' daughters is no longer on the singles market #url# #url# </document>
    <document> Transmission messages from 01/30/2020 #url# #url# </document>
    <document> Concerns about Nuno's future with wolves? #url# #url# </document>
    <Document> uche elendu and oge okoye accused of sleeping with married men || see photos #url# #url# </document>
    <document> Pastor arrested after 20 people die at his church #url# #url# </document>
    <document> The governor-elect of Bayelsa was dismissed by the Supreme Court #url# #url# </document>
    <document>Nigeria is listed as a high risk country for Coronavirus #url# #url# </document>
    <document> eedris abdulkareem arrested for allegedly attacking his landlord #url# #url# </document>
    <document> new Super Eagle kit revealed #url# #url# </document>
    <document> Posting fake news caused my wife to miscarry - olukayode salako #url# #url# </document>
    <document> romantic movies to go to the cinema for today - valentine's day #url# #url# </document>
    <document> joro reveals why marriages and relationships suffer #url# #url# </document>
    <document> yvonne jegede hocking disclosure about her marriage #url# #url# </document>
    <document> Transmission messages from 26-01-2020 #url# #url# </document>
    <document> epl to adjust var rules #url# #url# </document>
    <Document> jealous husband led to unprecedented scale || find out #url# #url# </document>
    <document> why can't he give me a womb - brobrisky complains #url# #url# </document>
    <document> how you can easily earn money with clixsense from home #url# #url# </document>
    <document> Secret behind David Lyon's misfortune revealed #url# #url# </document>
    <document> jay z and beyonce were sat during the national anthem - see reason #url# #url# </document>
    <document> Transmission messages from 01/28/2020 #url# #url# </document>
    <document> The death toll in a new Bokoharam attack is about 30 #url# #url# </document>
    <document> the legend of inikpi sets a new record on #url# #url# </document>
    <document> iyanya charged with stealing car #url# #url# </document>
    <document> Portharcour landlord declares Marlian persona non grata in his house #url# #url# </document>
    <document> Transmission messages from 27-01-2020 #url# #url# </document>
    <document> ighalo and olè went to a bar... </document>
    <document> Naira Marley was hacked #url# #url# </document>
    <document> what Sanwo-olu should do after Lagosians protest - jimi agbaje reveals #url# #url# </document>
    <document> Chelsea close to signing ziyech #url# #url# </document>
    <document> Man threatens to kill his wife just to divorce his wife in court #url# </document>
    <document> The ondo state government approved a bill by the Amotekun Corps #url# #url# </document>
    <document> England get a boost ahead of Euro 2020 #url# #url# </document>
    <document> Transmission messages from 01/29/2020 #url# #url# </document>
    <document> US visa ban is reversed #url# #url# </document>
    <document> Bishop Oyedepo plans to spend 10 billion naira on churches #url# #url# </document>
    <document> davido and chioma spotted on a jet amid breakup rumors #url# #url# </document>
    <document> Good news for bodies - allawee has been increased #url# #url# </document>
    <document> record-breaking Liverpool - find out what potential records they could break #url# #url# </document>
    <document>Nigerian singer electrocuted on stage #url# #url# </document>
    <document> Nollywood should stop promoting money rituals and kidnapping - Fashola speaks #url# #url# </document>
    <document> will almost beat up another actor on set #url# #url# </document>
    <document> Mc Oluomo Responds to Motorbike and Tricycle Ban in Lagos State #url# #url# </document>
    <document> ycee slams vic o for the rap battle challenge #url# #url# </document>
    <document> Messi came for sporting director Eric Abidal #url# #url# </document>
    <document> Good news for titans - new TV show Keeping up with tacha #url# #url# </document>
    <Document> Toke Makinwa shows her camel toe in biker shorts || see photos #url# #url# </document>
    <document> I was emotionally abused - Selena Gomez opens #url# #url# </document>
    <document> jcole finally bagged his first Grammys - see full list of winners #url# #url# </document>
    <document> Lots of artists were hurt by Burna Boy being nominated for a Grammy - erriga #url# #url# </document>
    <Document> UEFA suspends Manchester City for the next two secondsReasons #url# #url# </document>
    <document> Nigerian banks become new target for Russian hackers #url# #url# </document>
    <document> Liam Hensworth and Miley Cyrus' divorce is finally official #url# #url# </document>
    <document> Olamide's new look shocks everyone #url# #url# </document>
    <document> pep wants Messi to stay in Barcelona #url# #url# </document>
    <document> neymar was injured again days after his birthday #url# #url# </document>
    <document> rt #user#: Here is a simple step-by-step guide on how to apply for the Tony Elumelu Foundation entrepreneurship program. see... </document>
    <document> Woman tries to kill herself after being in a depressing situation #url# #url# </document>
    <document> Paul Okoye accuses the National Copyright Commission of hijacking #url# #url# </document>
    <document> reno omokri explains why side chicks look hotter than wives #url# #url# </document>
    <document> I'm the best since Fela Kuti - Burna Boy #url# #url# </document>
    <document> Terrible news: Kobe Bryant is dead #url# #url# </document>
    The <document> couple became the first Nigerians to finish the Lagos Marathon #url# #url# </document>