 >
      <document> rt #user#: looking for a bargain online? scammers regularly advertise items via online marketplaces at a fraction of the high stree… </document>
    <document> rt #user#: during this #hashtag# epidemic in china, we see more and more long lines forming across the entire country. they’re runnin… </document>
    <document> rt #user#: instead they've given huge tax breaks to corporations, who were supposed to ramp up private investment — but used the mone… </document>
    <document> rt #user#: “these criteria fit into a long pattern of criminalizing students of color. you are essentially priming teachers who are… </document>
    <document> rt #user#: attorney general barr, who claims to work for the justice department, is in fact the personal lawyer for the trump family… </document>
    <document> rt #user#: sat imagery every hour since 9am yesterday morning showing #hashtag# develop into a visual beauty.... we are so lucky… </document>
    <document> rt #user#: "mike pompeo met russian foreign minister lavrov in munich on friday in an encounter the american side apparently wanted to kee… </document>
    <document> rt #user#: barr would have loved to have found something to help flynn get out of trouble, but he did this to send a message to li… </document>
    <document> rt #user#: one of the reassuring things about politics is that even when my mental health is totally up the spout as it is now, i a… </document>
    <document> rt #user#: it looks set to be wet 🌧️ and very windy 🍃 weekend.   here's a look at the weather that #hashtag# will bring to the uk on… </document>
    <document> rt #user#: obama's director of national intelligence james clapper said 'more and more' of the steele dossier is true #url#… </document>
    <document> rt #user#: this year marks 75 years since the end of the second world war. earlier this week, we announced the extension of licensin… </document>
    <document> rt #user#: rage ! i have now been expelled from the #hashtag# party too !  i suspect 1000's of people are being expelled &amp; not reporting it… </document>
    <document> rt #user#: uk weather forecast – shocking map shows whole of britain covered by storm dennis weather warnings after two killed – - htt… </document>
    <document> rt #user#: new: prison guards who viciously beat a disabled woman into coma, leaving her paralyzed, then tried to silence witnesses… </document>
    <document> rt #user#: indigenous anti-pipeline blockades shut down canada’s rail transportation #url# </document>
    <document> #user# largest selling book in france in the 20th century: l'etranger. </document>
    <document> rt #user#: “tiny women,” “where the heck are you, godot?,” and other upcoming prequels. #url# </document>
    <document> rt #user#: uk weather: storm dennis to bring a month of rain in 24 hours, says met office #url# </document>
    <document> rt #user#: the latest satellite image shows the swirl of cloud associated with two very deep areas of low pressure in the north atlanti… </document>
    <document> rt #user#: there’s a world out there. #url# </document>
    <document> rt #user#: it's true that under trump us republicans, after spending the whole obama administration calling debt an existential threa… </document>
    <document> rt #user#: bloomberg in 2008 blamed ending a discriminatory housing process for the financial crisis #user# #user# #user#… </document>
    <document> rt #user#: #user# #user# my west point grad husband has never asked me to tweet anything for him, but he asked me to make… </document>
    <document> rt #user#: overnight #hashtag# will introduce further heavy rain. this uk wide map shows the extent of that across much of the n… </document>
    <document> rt #user#: 'the thing that keeps me up at night, i think people will starve.'  trump and republicans are stripping food stamps from… </document>
    <document> rt #user#: more doj news: the probe involving giuliani and two of his former associates is moving forward.  #url#… </document>
    <document> rt #user#: in overdose-­homicide cases, many defendants need the same mental-health and addiction treatments that survivors of an overd… </document>
    <document> rt #user#: iran's foreign minister blames trump's advisors for 'very dangerous moment' in relations with the us #url# </document>
    <document> #user# most definitely we are not on the same side. like saying we are all joined up with organised crime. </document>
    <document> rt #user#: #user# #user# trust me i know. people here are clueless as to what is at stake because luckily america h… </document>
    <document> rt #user#: the rnc has 118 million on hand   the dnc has 7 million   think about this next time you   don’t want pac funding ( which… </document>
    <document> rt #user#: when an old man in england was sorting through tattered boxes of trinkets he'd inherited from his grandfather to sell, he re… </document>
    <document> rt #user#: i second that. can i get a third? fourth? fifth . . . #url# </document>
    <document> #user# #user# the horror of the florida penal system emerges... </document>
    <document> rt #user#: 'on the brink': trump's push for medicaid transparency could worsen rural hospital crisis  small rural hospital administr… </document>
    <document> rt #user#: the firth of lorne is pretty wild this afternoon. #url# </document>
    <document> rt #user#: let it be recorded that in the year 2020 the republican led senate degraded a once thriving nation of laws to the thugge… </document>
    <document> rt #user#: storm dennis the menace still causing some issues in the uk and ireland.  everyone exercise caution if you venture out. ht… </document>
    <document> #user# #user# #user# #user# as storm dennis blows in for two days over the weekend, bs… #url# </document>
    <document> rt #user#: and here we are, three years in. "the eventful day began — as many in washington do now — with a defiant trump reacting on tw… </document>
    <document> rt #user#: andrew weissmann: do you know how many times i have experienced or even heard of the attorney general of the united states… </document>
    <document> rt #user#: the satellite sequence 🛰️shows #hashtag# spiralling close to the uk. further heavy #hashtag# and very strong winds are expect… </document>
    <document> rt #user#: abolish cia &amp; fisa  #url# "how to defend the republic against the deep state." </document>
    <document> rt #user#: a rare disease that still affects humans today has been found in the fossilized remains of a duck-billed dinosaur that roamed the… </document>
    <document> rt #user#: a doctor in hong kong said boxes of 50 masks that sold for $8 to $10 before the outbreak are now selling for between $100… </document>
    <document> rt #user#: barr: hi jeff, it’s bill barr jensen: hi general, what’s up? barr: we have an opening for an assistant ag post here in dc and i… </document>
    <document> rt #user#: uk weather forecast: fears of further deaths as storm dennis ravages britain #url# #url#… </document>
    <document> #user# the fish rots from the head. </document>
    <document> rt #user#: where is her help? where is reality winner’s help? how much longer does this young veteran suffer in max prison. she lost… </document>
    <document> rt #user#: haha this is brilliant! 😂 good to see the bright side of #hashtag# 💨 self-repairing fence in basingstoke.   credit: @… </document>
    <document> #user# he has no sense about how utterly awful he is. </document>
    <document> rt #user#: last month was hottest january on record #url# </document>
    <document> rt #user#: “am i capable of what i dream?  if i am not capable of it, what good is there to dream?”  albert camus,   notebooks: 1951-… </document>
    <document> it’s crumbling at the top:   conflict with ag as investigations diversify;  t rump berserk needs to be calmed;  t r… #url# </document>
    <document> rt #user#: 🧨 barr personally tried to push sdny away from indicting turkish bank halkbank but us attorney berman resisted, per cnn.  sam… </document>
    <document> rt #user#: i hope that national mh lead #user# has seen this thread and can act. maybe one for #user#?  tagging also #user#… </document>
    <document> rt #user#: just checking the next storm names. i’m not at all religious but i can’t help feeling that storm noah is tempting fate.… </document>
    <document> rt #user#: the last criminal minds ever airs this wednesday! #url# </document>
    <document> #user# #user# #user# #user# if you really knew how backward and superficial as well as il… #url# </document>
    <document> rt #user#: please sign and rt:  many more face unjust deportation. jamaica deportations carried out this week amid serious concerns… </document>
    <document> rt #user#: flood fears as storm dennis continues to lash uk #url# #url# </document>
    <document> rt #user#: russian president vladimir putin found an opportunity to shift the blame for election meddling onto ukraine, according to fo… </document>
    <document> rt #user#: while the proposed increase in funding for ending the hiv epidemic activities is an important scale up of current funding,… </document>
    <document> rt #user#: bush appointed judge walton: “the integrity of the process is being unduly undermined by inappropriate comments and actions on… </document>
    <document> rt #user#: storm dennis and storm ciara have devastated entire regions, caused mass travel disruption, and confirmed that the uk gove… </document>
    <document> rt #user#: breaking: us army will not investigate lt col alexander vindman. do you know why? because he did nothing wrong. </document>
    <document> rt #user#: storm dennis latest live: uk met office issues weather warnings as flights are cancelled and army called in amid strong wind… </document>
    <document> 0300 gmt: london w11 covered in rain as is all west london from rain moving across the south during the past few ho… #url# </document>
    <document> rt #user#: china's central bank cuts rate for medium-term loans to support virus-hit economy #url# </document>
    <document> rt #user#: mike pompeo's wife, susan, is listed in the munich security conference program as “special assistant to the secretary of state.… </document>
    <document> rt #user#: one of the people diagnosed with #hashtag# in the uk attended a conference near parliament last week along with about 250 o… </document>
    <document> rt #user#: i read that hope hicks will be returning to the white house staff  i'm sure this will reassure trump supporters, who usuall… </document>
    <document> rt #user#: "scars show us where we've been. they need not dictate where we're going." #user# responds to some of your sweet f… </document>
    <document> narcos: mexico series 1: episode 5: the colombian connection #user# it's a tough job. can't trust anyone. </document>
    <document> rt #user#: a quick loop of #hashtag# over the last 12 hours as it develops further curls around its centre of circulation, tightening up… </document>
    <document> rt #user#: ht to ramsay for first crack at this gag yday ... 👇🏼 #url# </document>
    <document> rt #user#: because useless, attention seeking whore that he is, trump has nothing better to do than to troll sporting/entertainment events… </document>
    <document> rt #user#: breaking: trump interference in roger stone case is 'abuse of power', pelosi says #url# </document>
    <document> rt #user#: cruise ship operator seeks new virus test for american passenger said to have tested positive #url# </document>
    <document> rt #user#: he's just trying to fit in.. #url# </document>
    <document> the coldest game (2019) #user# fascinating chess match in warsaw set against the 1962 cuban missile crisis. sur… #url# </document>
    <document> rt #user#: on #hashtag#  last year 72 members of the #hashtag# community - one for each person who died - took their message to… </document>
    <document> rt #user#: stone did it to himself.  the guidelines are dictated by the conduct:   seven counts (obstruction of cong, false statement… </document>
    <document> rt #user#: the british series “sex education” has established itself as one of the freshest, funniest, and most humane depictions of te… </document>
    <document> rt #user#: we're not. we are not on the same side. #url# </document>
    <document> rt #user#: extremely deep and powerful extra-tropical storm #hashtag# is now near its peak with 920 mbar, it brings the title ‘the… </document>
    <document> rt #user#: prior to this week, william barr and donald trump seemed to be working seamlessly to politicize the justice department. with… </document>
    <document> rt #user#: barr’s doj is rotten to the core. #url# </document>
    <document> rt #user#: the army has been called in to help build flood barriers and repair defences in west yorkshire  #url# #hashtag#… </document>
    <document> #user# those heroes and all who sacrificed so that you could abolish the very freedoms for which they sacrif… #url# </document>
    <document> rt #user#: "harassment of all forms is unacceptable to me, and we urge supporters of all campaigns not to engage in bullying or ugly… </document>
    <document> rt #user#: delighted to open today #user# the mathematics of planet earth exhibition. great to have one of the world’s t… </document>
    <document> rt #user#: #hashtag# at a category 5 pressure, now at or around the strongest non-hurricane ever in the atlantic. unreal. pressure… </document>
    <document> rt #user#: column: if william barr truly believed in rule of law, he would resign, writes former u.s. attorney for the northern district of… </document>
    <document> rt #user#: "as long as we're united nothing can divide us in the fight for strength &amp; accountability" says #user# #url#… </document>
    <document> rt #user#: think you know everything about #hashtag#? listen in as the cast reveals the unspoken, unwritten character traits t… </document>
    <document> #user# #user# #user# #user# the mob wipes out instead. </document>
    <document> rt #user#: "always merry and bright." #url# </document>
    <document> rt #user#: “it was illogical; it could not be explained; it was crazy,” says ambassador bill taylor about the trump administration with… </document>
   
>
      <document> rt #user#: Looking for an online business? scammers regularly advertise items via online marketplaces in a fraction of the high street… </document>
    <document> rt #user#: During this #hashtag# epidemic in China, we see more and more long queues forming across the country. they are running... </document>
    <document> rt #user#: instead they gave huge tax breaks to companies, which were supposed to increase private investment, but they used the money... </document>
    <document> rt #user#: “These criteria are part of a long-standing pattern of criminalization of black students. you're essentially training teachers who are... </document>
    <document> rt #user#: Attorney General Barr, who claims to work for the Justice Department, is actually the Trump family's personal attorney... </document>
    <document> rt #user#: Images sat every hour since 9:00 yesterday morning showing #hashtag# transform into a visual beauty....we are so lucky... </document>
    <document> rt #user#: "mike pompeo met with russian foreign minister lavrov in munich on friday in a meeting that the american side apparently wanted to hold... </document>
    <document> rt #user#: barr would have liked to find something to help Flynn out of trouble, but he did it to send a message to li… </document>
    <document> rt #user#: One of the reassuring things about politics is that even when my mental health is as completely at peak as it is now, I at… </document>
    <document> rt #user#: Looks like it's bound to be a wet 🌧️ and very windy 🍃 weekend. here's a look at the weather #hashtag# will bring to the UK on... </document>
    <document> rt #user#: Obama's Director of National Intelligence James Clapper says 'more and more' of Steele dossier is true #url#… </document>
    <document> rt #user#: This year marks 75 years since the end of World War II. Earlier this week, we announced the license extension... </document>
    <document> rt #user#: rage! now i got kicked out of the #hashtag# party too! I suspect thousands of people are being deported and don't report it... </document>
    <document> rt #user#: UK weather forecast – shocking map shows whole of Britain covered by storm dennis weather warnings after two deaths – - htt… </document>
    <document> rt #user#: new: Prison guards who brutally beat a disabled woman into a coma, leaving her paralyzed, then tried to silence witnesses... </document>
    <document> rt #user#: Indigenous Anti-Pipeline Blockades Halt Canada's Rail Transportation #url# </document>
    <document> #user# best-selling book in France in the 20th century: l'etranger. </document>
    <document> rt #user#: "tiny women", "where the hell are you, godot?" and more prequels to come. #url# </document>
    <document> rt #user#: uk weather: storm dennis will bring a month of rain in 24 hours, says met office #url# </document>
    <document> rt #user#: The latest satellite image shows the cloud vortex associated with two very deep low pressure areas in the northern Atlas… </document>
    <document> rt #user#: There's a world out there. #url# </document>
    <document> rt #user#: it is true that under Trump we Republicans, after having spent the entire Obama administration defining debt as an existential threat… </document>
    <document> rt #user#: bloomberg in 2008 blamed the end of a discriminatory housing process for the financial crisis #user# #user# #user#… </document>
    <document> rt #user#: #user# #user# My husband, a West Point grad, has never asked me to tweet anything for him, but he has asked me to… </document>
    <document> rt #user#: #hashtag# overnight will usher in more heavy rain. this map of the UK shows its extent across much of the n… </document>
    <document> rt #user#: 'the thing that keeps me up at night, I think people are going to starve.' Trump and the Republicans are taking away food stamps from… </document>
    <document> rt #user#: other news doj: the investigation involving giuliani and two of his former partners iis going ahead. #url#… </document>
    <document> rt #user#: In overdose homicide cases, many defendants need the same mental health and addiction treatments as drug overdose survivors… </document>
    <document> rt #user#: Iranian Foreign Minister blames Trump advisers for 'very dangerous time' in relations with US #url# </document>
    <document> #user# we are definitely not on the same side. as if to say that we are all linked to organized crime. </document>
    <document> rt #user#: #user# #user# believe me I know. people here have no idea what is at stake because luckily america h… </document>
    <document> rt #user#: the rnc has 118 million in hand the dnc has 7 million think about it next time you don't want pac funding (which... </document>
    <document> rt #user#: When an old man in England was sorting through tattered boxes of trinkets he had inherited from his grandfather to sell, he re… </document>
    <document> rt #user#: I confirm. can i have a third? fourth? fifth. . . #url# </document>
    <document> #user# #user# the horror of the Florida penal system emerges... </document>
    <document> rt #user#: 'On the brink': Trump's push for Medicaid transparency could worsen rural hospital crisis Small rural hospital administration... </document>
    <document> rt #user#: Lorne Fjord is pretty wild this afternoon. #url# </document>
    <document> rt #user#: Be it recorded that in the year 2020 the Republican-led Senate demoted a once thriving nation of laws to hoodlum... </document>
    <document> rt #user#: storm dennis the threat is still causing some problems in the uk and ireland. everyone pay attention if you venture out. ht… </document>
    <document> #user# #user# #user# #user# as storm dennis hit for two days over the weekend, bs… #url# </document>
    <document> rt #user#: And here we are, three years later. “The eventful day began — as many in Washington do now — with a defiant Trump striking back on two…</document>
    <document> rt #user#: andrew weissmann: do you know how many times i have experienced or even heard of the united states attorney general… </document>
    <document> rt #user#: Satellite sequence 🛰️ shows #hashtag# spiraling towards the UK. more strong #hashtag# and very strong winds are expected… </document>
    <document> rt #user#: abolish cia &amp; fisa #url# "how to defend the republic against the deep state." </document>
    <document> rt #user#: A rare disease that still affects humans today has been found in the fossilized remains of a duck-billed dinosaur that roamed the... </document>
    <document> rt #user#: A Hong Kong doctor said that boxes of 50 masks, which sold for $8-10 before the outbreak, now sell for $100... </document>
    <document> rt #user#: barr: hi jeff, i'm bill barr jensen: hi general, how are you? barr: we have a vacancy for an assistant agent position here in dc and i… </document>
    <document> rt #user#: UK weather forecast: Fears of more deaths as storm dennis devastates Britain #url# #url#… </document>
    <document> #user# the fish rots from the head. </document>
    <document> rt #user#: where is his help? where is the help of the winner of reality? how much this young veteran still suffers in maximum prison. lost... </document>
    <document> rt #user#: haha ​​that's brilliant! 😂 good to see the positive side of #hashtag# 💨 self-healing fence in Basingstoke. credit: @… </document>
    <document> #user# has no idea how terrible this is. </document>
    <document> rt #user#: January was the hottest last month on record #url# </document>
    <document> rt #user#: “Am I capable of what I dream? if I'm not capable of it, what is the use of dreaming? albert camus, notebooks: 1951-… </document>
    <document> is crumbling top: conflict with ag as investigations diversify; t rump berserk must be calmed down; t r… #url# </document>
    <document> rt #user#: 🧨 barr personally tried to dismiss sdny away from the indictment of Turkish bank halkbank but US lawyer Berman resisted, per cnn. sam… </document>
    <document> rt #user#: I hope national leader mh #user# has seen this thread and can take action. maybe one for #user#? also tagging #user#… </document>
    <document> rt #user#: Just checking the names of upcoming storms. I'm not religious at all, but I can't help but think Storm Noah is tempting fate... </document>
    <document> rt #user#: The Ultimate Criminal Mastermind airs this Wednesday! #url# </document>
    <document> #user# #user# #user# #user# if you really knew how backward and superficial other than the… #url# </document>
    <document> rt #user#: please sign and rt: many others risk unjust deportation. jamaica deportations carried out this week amid serious concerns… </document>
    <document> rt #user#: Flood fears as storm dennis continues to lash uk #url# #url# </document>
    <document> rt #user#: Russian President vladimir putin has found an opportunity to shift the blame for election meddling onto ukraine, according to fo… </document>
    <document> rt #user#: While the proposed increase in funding to end activities against the HIV epidemic represents a major increase in current funding,... </document>
    <document> rt #user#: bush named Judge walton: "The integrity of the trial has been unduly compromised by inappropriate comments and actions on... </document>
    <document> rt #user#: Storm dennis and storm ciara devastated entire regions, caused mass travel disruption, and confirmed that the uk government... </document>
    <document> rt #user#: breaking: US military won't investigate Lt. Col. alexander vindman. do you know why? because he didn't do anything wrong. </document>
    <document> rt #user#: Storm dennis latest direct: UK encountered problems with weather warning office as flights are canceled and army called amid high winds... </document>
    <document> 03:00 gmt: london w11 covered in rain like all of west london due to rain moving across the south in the last few hours... #url# </document>
    <document> rt #user#: China's central bank cuts medium-term lending rates to support virus-hit economy #url# </document>
    <document> rt #user#: mike pompeo's wife susan is listed in the program of the munich security conference as "special assistant to the secretary of state.... </document>
    <document> rt #user#: One of the people diagnosed with #hashtag# in the UK attended a conference near parliament last week along with around 250 or… </document>
    <document> rt #user#: I've read that I hope Hicks will return to the White House staff, I'm sure this will reassure Trump supporters, who usually... </document>
    <document> rt #user#: "Scars show us where we've been. They don't need to dictate where we're going." #user# replies to some of your sweet f… </document>
    <document> narcos: mexico series 1: episode 5: colombian connection #user# is hard work. can't trust anyone. </document>
    <document> rt #user#: A quick loop of #hashtag# over the last 12 hours as it develops further curls around its center of circulation, stiffening... </document>
    <document> rt #user#: ht to ramsay for first crack in this yday gag ... 👇🏼 #url# </document>
    <document> rt #user#: Why useless, attention-seeking whore that Trump has nothing better to do than troll sports/entertainment events... </document>
    <document> rt #user#: breaking: Trump's interference in the roger stone case is "abuse of power", says pelosi #url# </document>
    <document> rt #user#: Cruise ship operator seeks new virus test for US passenger reportedly tested positive #url# </document>
    <document> rt #user#: Just trying to match .. #url# </document>
    <document> the coldest game (2019) #user# fascinating chess game in warsaw against the 1962 cuban missile crisis. sur… #url# </document>
    <document> rt #user#: On #hashtag# last year 72 members of the #hashtag# community - one for each dead person - took their message to... </document>
    <document> rt #usum#: Stone did it to himself. guidelines are dictated by conduct: seven counts (obstructing meeting, misrepresentation... </document>
    <document> rt #user#: British series “sex education” has established itself as one of the freshest, funniest and most humane representations of you… </document>
    <document> rt #user#: We are not. we are not on the same side. #url# </document>
    <document> rt #user#: Extremely deep and powerful extratropical storm #hashtag# is now close to its peak with 920 mbar, carries the title "the... </document>
    <document> rt #user#: Earlier this week, William Barr and Donald Trump appeared to be working smoothly to politicize the Justice Department. with… </document>
    <document> rt #user#: Barr's doj is rotten to the core. #url# </document>
    <document> rt #user#: Army called in to help build flood barriers and repair defenses in West Yorkshire #url# #hashtag#… </document>
    <document> #user# those heroes and all those who sacrificed themselves so that you could abolish the very freedoms they sacrifice for… #url# </document>
    <document> rt #user#: "Harassment of any form is unacceptable to me, and we urge supporters of all campaigns not to engage in bullying or harassment... </document>
    <document> rt #user#: pleased to open #user# planet earth math exhibit today. great to have one of the t… </document> in the world
    <document> rt #user#: #hashtag# at Category 5 pressure, now close to the strongest non-hurricane ever seen in the Atlantic. unreal. pressure… </document>
    <document> rt #user#: column: If William Barr truly believed in the rule of law, he would resign, writes the former US president. attorney for the Northern District of… </document>
    <document> rt #user#: "as long as we are united nothing can divide us in the struggle for strength and responsibility" says #user# #url#… </document>
    <document> rt #user#: Think you know everything about #hashtag#? hear as the cast reveals unspoken and unwritten character traits t… </document>
    <document> #user# #user# #user# #user# mob wipes out instead. </document>
    <document> rt #user#: "always cheerful and bright." #url# </document>
    <document> rt #user#: “was illogical; could not be explained; it was crazy,” Ambassador Bill Taylor says of the Trump administration with… </document>>
      <document> rt #user#: looking for a bargain on the internet? Scammers regularly promote items through online marketplaces at a fraction of the high street... </document>
    <document> rt #user#: During this #hashtag# epidemic in China, we are seeing more and more long lines forming across the country. they run... </document>
    <document> rt #user#: Instead, they gave huge tax breaks to corporations meant to boost private investment - but used the money... </document>
    <Document> rt #user#: "These criteria fit into a long-standing pattern of criminalization of colored students. They are essentially preparing teachers who are... </document>
    <document> rt #user#: Attorney General Barr, who claims to work for the Justice Department, is actually the personal attorney for the Trump family... </document>
    <document> rt #user#: Satellite images every hour since 9am yesterday morning showing #hashtag# has evolved into a visual beauty.... we are so lucky... </document>
    <document> rt #user#: "mike pompeo met russian foreign minister lavrov in munich on friday in an encounter that the american side apparently wanted to record... </document>
    <document> rt #user#: barr would have loved to find something to help flynn out of a tight spot, but he did so to send a message to li... </document>
    <document> rt #user#: One of the comforting things about politics is that even when my sanity is in the doldrums like I am right now, I am... </document>
    <document> rt #user#: It looks like a wet 🌧️ and very windy 🍃 weekend. Here's a look at the weather #hashtag# will bring to the UK on...</document>
    <document> rt #user#: James Clapper, Obama's Director of National Intelligence, said "more and more" of the Steele dossier is true #url#... </document>
    <document> rt #user#: This year marks the 75th anniversary of the end of World War II. Earlier this week we announced the renewal of the license... </document>
    <Document> rt #user#: Anger ! I got kicked out of the #hashtag# party too! I suspect thousands of people will be deported &amp; do not report… </document>
    <document> rt #user#: UK weather forecast - shocking map shows whole of UK covered by Storm Dennis weather warnings after two people killed - - htt... </document>
    <document> rt #user#: new: prison guards who brutally beat a disabled woman into a coma, left her paralyzed, then tried to silence witnesses... </document>
    <document> rt #user#: Indigenous anti-pipeline blockades paralyze Canada's rail service #url# </document>
    <document> #user# best-selling book in France in the 20th century: l'etranger. </document>
    <document> rt #user#: "Tiny Women", "Where the Hell Are You, Godot?" and other upcoming prequels. #url# </document>
    <document> rt #user#: UK weather: Storm Dennis to bring a month of rain within 24 hours, says Met Office #url# </document>
    <document> rt #user#: The latest satellite image shows the cloud vortex associated with two very deep depressions in the North Atlantic... </document>
    <document> rt #user#: There's a world out there. #url# </document>
    <document> rt #user#: It's true that after spending the entire Obama administration calling debt an existential threat, we Republicans under Trump... </document>
    <Document> rt #User#: Bloomberg blamed the 2008 financial crisis on the termination of a discriminatory housing lawsuit #User# #User# #User#… </Document>
    <document> rt #user#: #user# #user# my West Point husband never asked me to tweet anything for him, but he asked me to... </document> do it
    <document> rt #user#: overnight #hashtag# will usher in more heavy rain. this uk-wide map shows the extent of it over a large part of the n... </document>
    <document> rt #user#: 'The thing that keeps me up at night, I think people are going to starve.' Trump and Republicans remove food stamps from... </document>
    <document> rt #user#: more DOJ news: the probe affecting Giuliani and two of his former employees iit's progressing. #url#… </document>
    <document> rt #user#: In overdose homicide cases, many defendants require the same mental health and addiction treatments as overdose survivors... </document>
    <document> rt #user#: Iran's foreign minister blames Trump's advisor for "very dangerous moment" in relations with US #url# </document>
    <document> #user# we are definitely not on the same page. like saying we are all connected to organized crime. </document>
    <document> rt #user#: #user# #user# trust me, I know. People here don't know what's at stake because luckily America is... </document>
    <document> rt #user#: the rnc has 118 million on hand the dnc has 7 million next time you don't want pac funding, think about it (which...</document>
    <document> rt #user#: when an old man in england was going through tattered boxes of jewelry he had inherited from his grandfather to sell, he came up with... </document>
    <document> rt #user#: I agree. can i get a third one fourth? Fifth. . . #url# </document>
    <document> #user# #user# the horror of the Florida penitentiary system emerges... </document>
    <document> rt #user#: "on the brink": Trump's push for Medicaid transparency could worsen small rural hospital crisis... </document>
    <document> rt #user#: The Firth of Lorne is pretty wild this afternoon. #url# </document>
    <document> rt #user#: it should be noted that in 2020 the Republican-led Senate demoted a once flourishing right-wing nation to a thug... </document>
    <document> rt #user#: Storm Dennis the Threat is still causing some problems in the UK and Ireland. Be careful if you venture out. ht… </document>
    <document> #user# #user# #user# #user# as Storm Dennis hits for two days over the weekend, bs… #url# </document>
    <document> rt #user#: and here we are, three years later. "The eventful day began - as many are doing in Washington today - with a defiant response from Trump to two...</document>
    <document> rt #user#: andrew weissmann: do you know how many times i have met or even heard the attorney general of the united states... </document>
    <document> rt #user#: the satellite sequence 🛰️shows #hashtag# in a spiral near the UK. more strong #hashtag# and very strong winds expected... </document>
    <document> rt #user#: cia &amp; fisa #url# "how to defend the republic against the deep state." </document>
    <document> rt #user#: A rare disease that still afflicts humans today was found in the fossilized remains of a duckbill dinosaur that roamed the... </document>
    <document> rt #user#: A doctor in Hong Kong said boxes of 50 masks that were selling for $8-10 before the outbreak are now selling for between $100...</document>
    <document> rt #user#: barr: hello jeff, this is bill barr jensen: hello general, what's up? barr: we have an opening for an assistant position here in dc and i... </document>
    <document> rt #user#: UK Weather Forecast: Fear of more deaths as Storm Dennis devastates Britain #url# #url#… </document>
    <document> #user# the fish is rotting off the head. </document>
    <document> rt #user#: where is your help? Where's the Reality Champion's help? How much longer will this young veteran suffer in Max Prison? she lost... </document>
    <document> rt #user#: haha, that's awesome! 😂 nice to see the positive side of #hashtag# 💨 self-repairing fence in Basingstoke. Credit: @… </document>
    <document> #user# he has no idea how terrible he is. </document>
    <document> rt #user#: Last month was the hottest January on record #url# </document>
    <document> rt #user#: "Am I capable of what I dream?" if I cannot, what is the use of dreaming?” Albert Camus, Notebooks: 1951-… </document>
    <document> crumbling at the top: conflict with ag as investigation diversifies; The hull berserker must be calmed; tr… #url# </document>
    <document> rt #user#: 🧨 barr personally tried to push sdny away from the charges against Turkish bank Halkbank, but US attorney Berman resisted, according to cnn. Sam… </document>
    <document> rt #user#: I hope that the national mh lead #user# has seen this thread and can act. maybe one for #user#? also tagging #user#… </document>
    <document> rt #user#: Currently checking the names of the next storms. I'm not religious at all, but I can't help feeling that Storm Noah is tempting fate... </document>
    <document> rt #user#: The Last Criminal Minds Ever Air this Wednesday! #url# </document>
    <document> #user# #user# #user# #user# if you really knew how backward and superficial as well as il… #url# </document>
    <Document> rt #user#: please sign and rt: many more are threatened with unjustified deportation. Jamaica deportations carried out amid serious concerns this week... </document>
    <document> rt #user#: Flood fears as Storm Dennis continues to lash UK #url# #url# </document>
    <document> rt #user#: According to fo…, Russian President Vladimir Putin found an opportunity to blame Ukraine for interfering in the elections </document>
    <document> rt #user#: While the proposed increase in funding to end HIV epidemic activity represents an important increase in current funding, … </document>
    <document> rt #user#: Bush-appointed Judge Walton: "The integrity of the trial is unduly undermined by inappropriate comments and actions on... </document>
    <document> rt #user#: Storm Dennis and Storm Ciara have devastated entire regions, causing mass transit disruptions and confirming that the UK government is... </document>
    <document> rt #user#: Breaking: The US Army will not investigate Colonel Alexander Vindman. do you know why? because he didn't do anything wrong. </document>
    <document> rt #user#: Storm Dennis Last Live: The UK Met Office issues weather warnings as flights are canceled and the army is called up in strong winds... </document>
    <document> 0300 gmt: London w11 is overcast with rain as has all of west London with rain that has been sweeping across the south for the last few hours... #url# </document>
    <document> rt #user#: China's central bank cuts interest rate on medium-term loans to support virus-hit economy #url# </document>
    <document> rt #user#: Mike Pompeo's wife, Susan, is listed in the Munich Security Conference program as "Special Assistant to the Secretary of State... </document>
    <document> rt #user#: One of the people diagnosed with #hashtag# in the UK attended a conference near Parliament last week, along with around 250 o... </document>
    <document> rt #user#: I read that Hope Hicks will be returning to the White House staff. I'm sure this will reassure Trump supporters who usually... </document>
    <Document> rt #user#: "Scars tell us where we've been. They don't have to dictate where we go." #user# is replying to some of your cute f... </document>
    <Document> Narcos: Mexico Series 1: Episode 5: The Colombian Connection #user# It's a tough job. can't trust anyone. </document>
    <document> rt #user#: a quick loop of #hashtag# over the last 12 hours as it continues to develop, curling around its circulatory center and tightening... </document>
    <document> rt #user#: ht to ramsay for first crack at this gag yday ... 👇🏼 #url# </document>
    <document> rt #user#: because Trump has nothing better to do than troll sporting/entertainment events... </document>
    <document> rt #user#: Breaking: Trump's interference in Roger Stone case is "abuse of power," says Pelosi #url# </document>
    <document> rt #user#: Cruise line operator seeks new virus test for American passenger who allegedly tested positive #url# </document>
    <document> rt #user#: he's just trying to insert himself.. #url# </document>
    <document> the coldest game (2019) #user# fascinating chess game in Warsaw against the backdrop of the 1962 Cuban Missile Crisis. sur… #url# </document>
    <document> rt #user#: on #hashtag# last year, 72 members of the #hashtag# community - one for each person who died - posted their message to... </document>
    <document> rt #user#: stone did it to himself. the guidelines are dictated by conduct: seven counts (obstruction of conference, false testimony… </document>
    <document> rt #user#: the british series sex education has established itself as one of the freshest, funniest and most humane portrayals of te... </document>
    <document> rt #user#: we are not. we are not on the same page. #url# </document>
    <document> rt #user#: The extremely deep and powerful extratropical storm #hashtag# is now approaching its peak at 920 mbar, dubbed “the … </document>
    <Document> rt #user#: Prior to this week, William Barr and Donald Trump appeared to be working seamlessly to politicize the Justice Department. with… </document>
    <document> rt #user#: Barr's doj is rotten to the core. #url# </document>
    <document> rt #user#: The Army has been called in to help build flood barriers and repair defenses in West Yorkshire #url# #hashtag#… </document>
    <document> #user# these heroes and all who have sacrificed so that you can abolish the very freedoms they are sacrificing for... #url# </document>
    <document> rt #user#: "Harassment in any form is unacceptable to me, and we urge supporters of all campaigns not to engage in bullying or ugly... </document>."
    <document> rt #user#: is pleased to open today #user# the exhibition "Mathematics of Planet Earth". great to have one of the world's best... </document>
    <document> rt #user#: #hashtag# on a Category 5 pressure, now at or about the strongest non-hurricane of all time in the Atlantic. unreal. Print… </document>
    <document> rt #user#: column: if william barr really believed in the rule of law he would resign, writes former US attorney for the Northern District... </document>
    <document> rt #user#: "As long as we are united, nothing can separate us in the struggle for strength and accountability," says #user# #url#… </document>
    <document> rt #user#: Do you think you know everything about #hashtag#? Listen as the cast reveal the unspoken, unwritten traits of t... </document>
    <document> #user# #user# #user# #user# the mob will delete instead. </document>
    <document> rt #user#: "always happy and happy." #url# </document>
    <Document> rt #user#: "It was illogical; it could not be explained; It was crazy," says Ambassador Bill Taylor of the Trump administration with... </document>