 >
      <document> trump says pittsburgh synagogue should have had armed guards #url# #url# </document>
    <document> at least 1 trump supporter still thinks obama, clintons sent bombs to themselves - huffpost #url# #url# </document>
    <document> young immigrants to push for voter turnout in new mexico #url# </document>
    <document> the latest: pence asks nevada rally to pray for pittsburgh #url# #url# </document>
    <document> brazil yearns for change but some say democracy at risk #url# #url# </document>
    <document> the midterms minute: 'bombs' sap republican momentum, trump moans #url# #url# </document>
    <document> trump declares major disaster after super typhoon yutu strikes northern mariana islands #url# #url# </document>
    <document> texas attorney general favored to win despite indictment #url# #url# </document>
    <document> heitkamp, cramer stress civility at final debate after arrest of pro-trump bomber #url# #url# </document>
    <document> obama rips trump: 'it's wrong to spend all your time from a position of power vilifying people'… #url# </document>
    <document> serbia criticized for publishing war criminals' books #url# </document>
    <document> trump says pittsburgh synagogue should have had armed guards #url# #url# </document>
    <document> mexico torn between stopping, aiding migrant caravan #url# #url# </document>
    <document> president trump holds a rally in north carolina #url# #url# </document>
    <document> barack obama takes aim at donald trump for 'making stuff up' #url# #url# </document>
    <document> here are some other things trump talked about besides the synagogue massacre #url# #url# </document>
    <document> trump on trade war at national ffa convention: 'we're american. we always win.' #url# #url# </document>
    <document> a rise from marginal lawmaker to presidential front-runner #url# #url# </document>
    <document> judge rejects doj, orders speedy trial on census citizenship question #url# #url# </document>
    <document> that trump tank meme on cesar sayoc's van was made as a joke, creator says #url# #url# </document>
    <document> 'why is that racist?' trump greets young black leaders with freewheeling rant #url# #url# </document>
    <document> barack obama takes aim at donald trump for 'making stuff up' - the guardian #url# #url# </document>
    <document> rochelle ritchie blames trump for cesar sayoc threats, twitter for not taking them down #url# #url# </document>
    <document> showcasing civil rights leader wyatt tee walker's collection #url# #url# </document>
    <document> trump administration invites putin to washington for 2019 visit #url# #url# </document>
    <document> migrant caravan to rest following report of abducted child #url# #url# </document>
    <document> cooper out to rally democrats seeking more legislative wins #url# </document>
    <document> when trump demonises opponents, unhinged partisans take their cues #url# #url# </document>
    <document> 3 things to know about brazil's presidential candidates #url# #url# </document>
    <document> cesar sayoc-rochelle ritchie tweet: twitter 'deeply sorry' for refusing to take down threat #url# #url# </document>
    <document> 'why is that racist?' trump greets young black leaders with freewheeling rant #url# #url# </document>
    <document> bomb suspect, beto poll, obama calls out trump: 10 days to go - new york times #url# #url# </document>
    <document> donald trump calls for unity after synagogue attack: 'no tolerance for anti-semitism in america'… #url# </document>
    <document> president trump holds a rally in north carolina #url# #url# </document>
    <document> betting the farm on trump #url# #url# </document>
    <document> betting the farm on trump #url# #url# </document>
    <document> jurors in pipe-bomb trial to be asked about media exposure #url# </document>
    <document> migrant caravan members reject offer to stay in mexico #url# #url# </document>
    <document> security, traffic to be heavy as president trump returns to charlotte #url# #url# </document>
    <document> 48 hours fact-checking trump #url# #url# </document>
    <document> the latest: trump returns to old attack lines at nc rally #url# #url# </document>
    <document> secret moves hide wisconsin lawmakers' actions from public #url# </document>
    <document> donald trump criticizes dodgers manager dave roberts for bullpen moves in world series loss #url# #url# </document>
    <document> the observer view on donald trump's vile rhetoric and the us pipe bombs #url# #url# </document>
    <document> trump wants to be president of a one-party state #url# #url# </document>
    <document> watch live: president obama speaks at campaign rally in wisconsin - wsbt-tv #url# #url# </document>
    <document> obama in detroit: 'the stakes in this election are really high' - detroit free press #url# #url# </document>
    <document> turkey hosts summit to seek solutions to end war in syria #url# #url# </document>
    <document> donald trump calls for death penalty in anti-semitic killings #url# #url# </document>
    <document> cesar sayoc obsessed with george soros, conspiracy theories #url# #url# </document>
    <document> trump administration invites putin to washington for 2019 visit #url# #url# </document>
    <document> heller rallies with pence after parade in northern nevada #url# </document>
    <document> watch live: barack obama speaks at campaign rally in detroit - wlos #url# #url# </document>
    <document> barack obama takes rare jab at donald trump's administration - #url# #url# #url# </document>
    <document> malkin: 2018 midterms are all about 'mr. me' barack obama - toronto sun #url# #url# </document>
    <document> donald trump calls for more civility as he attacks media and democrats at charlotte rally #url# #url# </document>
    <document> obama: gop didn't care about hillary's emails - cnn #url# #url# </document>
    <document> trump says pittsburgh synagogue should have had armed guards #url# #url# </document>
    <document> donald trump jokes about his hair being ruined by having to answer questions in the rain about pittsburgh shooting… #url# </document>
    <document> trump jokes about canceling event due to bad hair day after declining to cancel it over shooting… #url# </document>
    <document> majority in survey say their finances have not improved since president trump took over #url# #url# </document>
    <document> barack obama campaigns in wisconsin for democratic candidates - milwaukee journal sentinel #url# #url# </document>
    <document> richard spencer, charlottesville protesters banned from university of virginia over torchlit march… #url# </document>
    <document> the observer view on donald trump's vile rhetoric and the us pipe bombs #url# #url# </document>
    <document> ap fact check: did trump think mail bombs were liberal plot? #url# #url# </document>
    <document> trump: i'll 'pass' on calling clinton, obama after pipe bomb arrest - cnbc #url# #url# </document>
    <document> obama rips trump: 'it's wrong to spend all your time from a position of power vilifying people' - cnn… #url# </document>
    <document> feud erupts over language of california gas tax measure #url# #url# </document>
    <document> trump says pittsburgh shooting has 'little' to with gun laws, armed guard could have prevented tragedy… #url# </document>
    <document> obama bashes trump for vilifying his political enemies ahead of bomb attempts - huffpost #url# #url# </document>
    <document> new mexico candidates for us senate await final debate #url# #url# </document>
    <document> the observer view on donald trump's vile rhetoric and the us pipe bombs #url# #url# </document>
    <document> barack obama: trump and other republicans 'just making stuff up' – video - the guardian #url# #url# </document>
    <document> president obama at democratic rally at milwaukee high school - waow #url# #url# </document>
    <document> the latest: immigration hot topic in alaska us house debate #url# </document>
    <document> former president barack obama endorses giannis in his speech in milwaukee - milwaukee journal sentinel… #url# </document>
    <document> 3 things to know about brazil's presidential candidates #url# #url# </document>
    <document> barack obama, dems hold rally at cass tech in detroit - detroit free press #url# #url# </document>
    <document> watch live: barack obama speaks at campaign rally in detroit - wjac johnstown #url# #url# </document>
    <document> the latest: senate candidates in new mexico all smoked pot #url# #url# </document>
    <document> the latest: trump takes his campaign rally blitz to midwest #url# #url# </document>
    <document> khashoggi fiancée rejects trump invitation to visit white house #url# #url# </document>
    <document> judge orders memphis police to bolster surveillance policies #url# </document>
    <document> california gov. jerry brown takes over management of the iconic 'doomsday clock' #url# #url# </document>
    <document> donald trump calls for more civility as he attacks media and democrats at charlotte rally #url# #url# </document>
    <document> obama calls on americans 'to fight the rise of anti-semitism' after synagogue shooting - the hill (blog)… #url# </document>
    <document> trump jokes about canceling event due to bad hair day after declining to cancel it over shooting… #url# </document>
    <document> democrats bring barack obama to north division - milwaukee journal sentinel #url# </document>
    <document> trump pitches policy in final midterm message #url# #url# </document>
    <document> us citizen held by immigration agents settles lawsuit #url# </document>
    <document> trump praises law enforcement for apprehending suspect in suspicious package case #url# #url# </document>
    <document> twitter and cash: the week in florida politics #url# </document>
    <document> trump jokes about canceling event due to bad hair day after declining to cancel it over shooting… #url# </document>
    <document> 'edge of the knife': trump drags divided states of america towards his midterms reckoning #url# #url# </document>
    <document> cesar sayoc, package bomb suspect, is a florida trump supporter -- live updates #url# #url# </document>
    <document> watch live: former president obama speaks at rally in milwaukee - #url# - wisc-tv3… #url# </document>
    <document> obama burns trump over iphone story - mashable #url# #url# </document>
    <document> gun thefts in and around virginia's capital soar this decade #url# </document>
    <document> president donald trump's tweet puts dave roberts' bullpen gaffes in perspective #url# #url# </document>
    <document> obama: no one in my administration got indicted - cnn #url# #url# </document>
   
>
      <document> Trump says Pittsburgh synagogue should have had armed guards #url# #url# </document>
    <document> at least 1 Trump supporter still thinks Obama, Clintons bombed themselves - huffpost #url# #url# </document>
    <document>immigrant youth to promote voter turnout in New Mexico #url# </document>
    <document> Latest: Pence Asks Nevada Gathering to Pray for Pittsburgh #url# #url# </document>
    <document> brazil wants change but some say democracy is at risk #url# #url# </document>
    <document> the midterm minute: 'bombs' weaken Republican momentum, Trump groans #url# #url# </document>
    <document> Trump declares major disaster after super typhoon Yutu hits Northern Mariana Islands #url# #url# </document>
    <document>Texas Attorney General Favorite To Win Despite Indictment #url# #url# </document>
    <document> heitkamp, ​​cramer stresses civility at final debate after arrest of pro-trump bomber #url# #url# </document>
    <document> obama trumps: 'it is wrong to spend all your time from a position of power putting people down'... #url# </document>
    <document> Serbia criticized for publishing books on war criminals #url# </document>
    <document> Trump says Pittsburgh synagogue should have had armed guards #url# #url# </document>
    <document> mexico torn between arrest and aid to caravan of migrants #url# #url# </document>
    <document> President Trump holds rally in North Carolina #url# #url# </document>
    <document> barack obama takes aim at donald trump for "inventing stuff" #url# #url# </document>
    <document> here are some other things Trump talked about besides the synagogue massacre #url# #url# </document>
    <document> trade war trumps at ffa national convention: 'we are americans. we always win.' #url# #url# </document>
    <document> a rise from fringe lawmaker to presidential leader #url# #url# </document>
    <document> Judge dismisses doj, orders expedited trial on census citizenship issue #url# #url# </document>
    <document> that trump tank meme on cesar sayoc's van was created as a joke, creator says #url# #url# </document>
    <document> 'why is he racist?' Trump greets young black leaders with free-wheeling rants #url# #url# </document>
    <document> Barack Obama takes aim at Donald Trump for 'inventing things' - The Guardian #url# #url# </document>
    <document> Rochelle Ritchie blames Trump for Cesar Sayoc threats, Twitter for not deleting them #url# #url# </document>
    <document> show collection of civil rights leader wyatt tee walker #url# #url# </document>
    <document> Trump administration invites Putin to visit Washington in 2019 #url# #url# </document>
    <document> caravan of migrants resting after the report of the kidnapped child #url# #url# </document>
    <document>work together to rally Democrats seeking more legislative victories #url# </document>
    <document> when Trump demonizes opponents, unbridled partisans take their cue #url# #url# </document>
    <document> 3 things to know about Brazilian presidential candidates #url# #url# </document>
    <document> cesar sayoc-rochelle ritchie tweet: twitter 'deeply sorry' for refusing to remove threat #url# #url# </document>
    <document> 'why is he racist?' Trump greets young black leaders with free-wheeling rants #url# #url# </document>
    <document> bomb suspect, beto poll, obama calls Trump: 10 days left - new york times #url# #url# </document>
    <document> donald trump calls for unity after synagogue attack: 'no tolerance for anti-semitism in america'… #url# </document>
    <document> President Trump holds rally in North Carolina #url# #url# </document>
    <document> bet farm to trump #url# #url# </document>
    <document> bet farm to trump #url# #url# </document>
    <document> questioning jurors in pipe bomb trial over media exposure #url# </document>
    <document> Members of migrant caravan refuse offer to stay in Mexico #url# #url# </document>
    <document> security, traffic be heavy as President Trump returns to Charlotte #url# #url# </document>
    <document> 48 Hours Trump Fact Check #url# #url# </document>
    <document> latest: Trump returns to old lines of attack at NC rally #url# #url# </document>
    <document> covert moves hide actions of Wisconsin lawmakers from public #url# </document>
    <document> donald trump slams Dodgers manager dave roberts over bullpen moves in world series loss #url# #url# </document>
    <document> the observer's point of view on Donald Trump's vile rhetoric and US pipe bombs #url# #url# </document>
    <document> Trump wants to be president of a one-party state #url# #url# </document>
    <document> watch live: President Obama speaks at election rally in Wisconsin - wsbt-tv #url# #url# </document>
    <document> obama to detroit: 'the stakes in this election are really high' - detroit free press #url# #url# </document>
    <document> Turkey hosts summit to seek solutions to end war in Syria #url# #url# </document>
    <document> Donald Trump calls for death penalty for anti-Semitic murders #url# #url# </document>
    <document> cesar sayoc obsessed with george soros, conspiracy theories #url# #url# </document>
    <document> Trump administration invites Putin to visit Washington in 2019 #url# #url# </document>
    <document> heller rallies with pence after parade in northern nevada #url# </document>
    <document> watch live: barack obama speaks at campaign rally in detroit - wlos #url# #url# </document>
    <document> barack obama takes rare blow at donald trump administration - #url# #url# #url# </document>
    <document> malkin: Midterms 2018 are about 'mr. i' barack obama - toronto sun #url# #url# </document>
    <document> Donald Trump calls for more civility as he attacks media and Democrats at Charlotte rally #url# #url# </document>
    <document> obama: gop didn't care about Hillary's emails - cnn #url# #url# </document>
    <document> Trump says Pittsburgh synagogue should have had armed guards #url# #url# </document>
    <document> Donald Trump jokes that his hair got ruined from having to answer questions in the rain about the Pittsburgh shooting... #url# </document>
    <document> Trump jokes about canceling event due to bad day after refusing to cancel for filming... #url# </document>
    Majority <document> in poll say their finances haven't improved since President Trump took over #url# #url# </document>
    <document> barack obama wisconsin campaigns for democratic candidates - milwaukee journal sentinel #url# #url# </document>
    <document> richard spencer, charlottesville protesters banned from university of virginia for torchlight march... #url# </document>
    <document> the observer's point of view on Donald Trump's vile rhetoric and US pipe bombs #url# #url# </document>
    <document> ap fact check: Did Trump think the mail bombs were a liberal conspiracy? #url# #url# </document>
    <document> trump: 'pass' calling clinton, obama after pipe bomb arrest - cnbc #url# #url# </document>
    <document> obama trumps: 'it is wrong to spend all your time from a position of power putting people down' - cnn… #url# </document>
    <document> Feud breaks out over California's slang gas tax measure #url# #url# </document>
    <document> Trump says Pittsburgh shooting has "little" to do with gun laws, an armed guard could have prevented the tragedy... #url# </document>
    <document> Obama Slams Trump For Slandering His Political Enemies Before The Bombings - huffpost #url# #url# </document>
    <document> New Mexico candidates for US Senate await final debate #url# #url# </document>
    <document> the observer's point of view on Donald Trump's vile rhetoric and US pipe bombs #url# #url# </document>
    <document> Barack Obama: Trump and other Republicans 'just making stuff up' – video - The Guardian #url# #url# </document>
    <document> president obama at democratic rally at milwaukee high school - waow #url# #url# </document>
    <document> the last onest: Immigration hot topic in US Alaska domestic debate #url# </document>
    <document>former president barack obama endorses giannis in his speech in milwaukee - milwaukee journal sentinel… #url# </document>
    <document> 3 things to know about Brazilian presidential candidates #url# #url# </document>
    <document> barack obama, dem hold rally at detroit cass tech - detroit free press #url# #url# </document>
    <document> watch live: barack obama speaks at campaign rally in detroit - wjac johnstown #url# #url# </document>
    <document> the latest: Senate candidates in New Mexico all smoked #url# #url# </document>
    <document> the latest: Trump takes his campaign to the Midwest #url# #url# </document>
    <document> Khashoggi's girlfriend refuses Trump's invitation to visit the White House #url# #url# </document>
    <document> Judge orders Memphis Police to enforce #url# </document> surveillance policies
    <document> california government. jerry brown takes over management of iconic 'doomsday clock' #url# #url# </document>
    <document> Donald Trump calls for more civility as he attacks media and Democrats at Charlotte rally #url# #url# </document>
    <document> obama calls on Americans to 'fight the rise of anti-Semitism' after synagogue shooting - the hill (blog)… #url# </document>
    <document> Trump jokes about canceling event due to bad day after refusing to cancel for filming... #url# </document>
    <document> Democrats bring Barack Obama to Northern Division - milwaukee journal sentinel #url# </document>
    <document> Trump presents the policy in the final midterm message #url# #url# </document>
    <document> US citizen held by immigration officers settles case #url# </document>
    <document> Trump commends law enforcement for arresting suspect in suspicious package case #url# #url# </document>
    <document> twitter and cash: Florida Politics Week #url# </document>
    <document> Trump jokes about canceling event due to bad day after refusing to cancel for filming... #url# </document>
    <document> 'on knife edge': Trump drags divided states into midterm showdown #url# #url# </document>
    <document> cesar sayoc, package bomb suspect, is a supporter of florida trump -- live updates #url# #url# </document>
    <document> watch live: Former President Obama speaks at rally in Milwaukee - #url# - wisc-tv3… #url# </document>
    <document> obama burns trump on iPhone history - mashable #url# #url# </document>
    <document>Gun thefts in and around the Virginia capital have soared this decade #url# </document>
    <document>President Donald Trump's tweet puts Dave Roberts' bullpen gaffes into perspective #url# #url# </document>
    <document> obama: No one in my administration has been indicted - cnn #url# #url# </document>>
      <document> Trump says Pittsburgh synagogue should have had armed guards #url# #url# </document>
    <document> At least 1 Trump supporter still thinks Obama Clintons sent themselves bombs - huffpost #url# #url# </document>
    <document> young immigrants urge voter turnout in New Mexico #url# </document>
    <document> latest: Pence asks Nevada Rally to pray for Pittsburgh #url# #url# </document>
    <document> Brazil longs for change, but some say democracy is at risk #url# #url# </document>
    <document> the midterms minute: "Bombs" weaken Republican momentum, Trump groans #url# #url# </document>
    <document> trump declares major catastrophe after super typhoon yutu hits northern mariana islands #url# #url# </document>
    <document> Texas Attorney General favored victory despite indictment #url# #url# </document>
    <document> heitkamp, ​​​​cramer emphasize courtesy in closing debate after arrest of pro-trump bomber #url# #url# </document>
    <document> obama rips trump: "it's wrong to spend all your time from a position of power denigrating people"... #url# </document>
    <document> Serbia criticized for publishing books on war criminals #url# </document>
    <document> Trump says Pittsburgh synagogue should have had armed guards #url# #url# </document>
    <document> Mexico torn between stopping and helping migrant caravan #url# #url# </document>
    <document> President Trump hosts a rally in North Carolina #url# #url# </document>
    <document> barack obama takes aim at donald trump over 'made up' #url# #url# </document>
    <document> Here are some other things Trump talked about aside from the synagogue massacre #url# #url# </document>
    <document> trump on the trade war at the national ffa conference: “we are americans. we always win.' #url# #url# </document>
    <document> a rise from marginal legislator to front runner for President #url# #url# </document>
    <document>Judge rejects Doj and orders expedited proceeding in census citizenship issue #url# #url# </document>
    <document> This trump tank meme on Cesar Sayoc's van was made as a joke, the creator says #url# #url# </document>
    <document> 'why is this racist?' Trump greets young black leaders with free-ranging rants #url# #url# </document>
    <document> barack obama takes aim at donald trump for "inventing stuff" - the guardian #url# #url# </document>
    <document> rochelle ritchie blames trump for cesar sayoc threats, twitter for not shutting her down #url# #url# </document>
    <document> shows civil rights activist Wyatt Tee Walker's collection #url# #url# </document>
    <document> Trump Administration invites Putin to visit Washington in 2019 #url# #url# </document>
    <document> Migrant caravan to rest after report of kidnapped child #url# #url# </document>
    <document> Cooperate to rally Democrats seeking more legislative wins #url# </document>
    <document> When Trump demonizes his opponents, distraught partisans take their cues #url# #url# </document>
    <document> 3 things you should know about Brazil's presidential candidates #url# #url# </document>
    <Document> Cesar Sayoc-Rochelle Ritchie Tweet: Twitter "very sorry" for refusing to remove the threat #url# #url# </document>
    <document> 'why is this racist?' Trump greets young black leaders with free-ranging rants #url# #url# </document>
    <document> Bomb suspect, Beto poll, Obama calls out Trump: 10 days to go - New York Times #url# #url# </document>
    <document> donald trump calls for unity after synagogue attack: "no tolerance for antisemitism in america"... #url# </document>
    <document> President Trump hosts a rally in North Carolina #url# #url# </document>
    <document> sets the farm to trump #url# #url# </document>
    <document> sets the farm to trump #url# #url# </document>
    <document> Jurors in the pipe bomb trial to be questioned about media exposure #url# </document>
    <document> Members of migrant caravan reject offer to stay in Mexico #url# #url# </document>
    <document> security, tThere will be heavy traffic when President Trump returns to Charlotte #url# #url# </document>
    <document> 48 hour fact check Trump #url# #url# </document>
    <document> the latest: Trump returns to old lines of attack at NC Rally #url# #url# </document>
    <document> Secret moves hide the actions of the Wisconsin legislature from the public #url# </document>
    <document> Donald Trump slams Dodgers manager Dave Roberts for bullpen moves in World Series loss #url# #url# </document>
    <document> the observer's view of Donald Trump's heinous rhetoric and US pipe bombs #url# #url# </document>
    <document> Trump wants to become president of a one-party state #url# #url# </document>
    <document> Watch Live: President Obama Speaks at Campaign Rally in Wisconsin - wsbt-tv #url# #url# </document>
    <document> obama in detroit: 'the stakes are really high in this election' - detroit free press #url# #url# </document>
    <document> Turkey holds summit to find solutions to end war in Syria #url# #url# </document>
    <document> Donald Trump calls for the death penalty for anti-Semitic murders #url# #url# </document>
    <document> Cesar Sayoc obsessed with George Soros, conspiracy theories #url# #url# </document>
    <document> Trump Administration invites Putin to visit Washington in 2019 #url# #url# </document>
    <document> heller demonstrated with pence after parade in northern nevada #url# </document>
    watch <document> live: barack obama speaks at a campaign rally in detroit - wlos #url# #url# </document>
    <document> Barack Obama takes a rare swipe at Donald Trump's administration - #url# #url# #url# </document>
    <Document> Malkin: Midterms 2018 is all about "Mr. me' barack obama - toronto sun #url# #url# </document>
    <document> Donald Trump calls for more civility as he attacks media and Democrats at Charlotte rally #url# #url# </document>
    <document> obama: gop didn't bother with Hillary's emails - cnn #url# #url# </document>
    <document> Trump says Pittsburgh synagogue should have had armed guards #url# #url# </document>
    <document> Donald Trump jokes that his hair was ruined for answering questions about the Pittsburgh shooting in the rain... #url# </document>
    <document> Trump jokes about canceling event due to bad hair the day after he refused to cancel it because of filming... #url# </document>
    The majority of <document> in the poll say their finances have not improved since President Trump adopted #url# #url# </document>
    <document> Barack Obama campaigns for Democratic candidate in Wisconsin – Milwaukee Journal Sentinel #url# #url# </document>
    <document> Richard Spencer, Charlottesville protesters banned from University of Virginia for torch march… #url# </document>
    <document> the observer's view of Donald Trump's heinous rhetoric and US pipe bombs #url# #url# </document>
    <Document> ap Fact Check: Did Trump Believe Mail Bombs Are a Liberal Conspiracy? #url# #url# </document>
    <document> trump: I will refrain from calling Clinton, Obama after pipe bomb arrest - cnbc #url# #url# </document>
    <document> obama tears at trump: "it's wrong to spend all your time in a position of power denigrating people" - cnn... #url# </document>
    <document> breaks out feud over language of California gas tax measure #url# #url# </document>
    <document> Trump says shootings in Pittsburgh have 'little' connection to gun laws, an armed guard could have prevented a tragedy... #url# </document>
    <document> Obama blasts Trump for slandering his political enemies before bombings - huffpost #url# #url# </document>
    <document> New Mexico nominees for US Senate await final debate #url# #url# </document>
    <document> the observer's view of Donald Trump's heinous rhetoric and US pipe bombs #url# #url# </document>
    <document> barack obama: trump and other republicaners 'reining stuff up' – video – the guardian #url# #url# </document>
    <document> President Obama at a Democratic rally at Milwaukee High School - waow #url# #url# </document>
    <document> the lastt: Alaska immigration issue US House debate #url# </document>
    <document> Former President Barack Obama endorses Giannis in his speech in Milwaukee - Milwaukee Journal Sentinel… #url# </document>
    <document> 3 things you should know about Brazil's presidential candidates #url# #url# </document>
    <document> barack obama, dems hold rally at cass tech in detroit – detroit free press #url# #url# </document>
    watch <document> live: barack obama speaks at a campaign rally in detroit - wjac johnstown #url# #url# </document>
    <document> the latest: Senate candidates in New Mexico all smoked pot #url# #url# </document>
    <document> the latest: Trump brings his campaign rally blitz to the Midwest #url# #url# </document>
    <document> Khashoggi's fiancee declines Trump invitation to visit White House #url# #url# </document>
    <document> Judge Orders Memphis Police Department to Strengthen Surveillance Policies #url# </document>
    <document> California gov. Jerry Brown takes over the management of the legendary "doomsday clock" #url# #url# </document>
    <document> Donald Trump calls for more civility as he attacks media and Democrats at Charlotte rally #url# #url# </document>
    <document> Obama Calls on Americans to "Fight the Rise of Antisemitism" After Synagogue Shooting – The Mound (blog)… #url# </document>
    <document> Trump jokes about canceling event due to bad hair the day after he refused to cancel it because of filming... #url# </document>
    <document> Democrats bring Barack Obama to North Division - Milwaukee Journal Sentinel #url# </document>
    <document> Trump introduces the policy in the closing mid-term message #url# #url# </document>
    <document> US citizen detained by immigration officers settles complaint #url# </document>
    <document> Trump commends law enforcement for arresting a suspect in a suspicious package case #url# #url# </document>
    <document> twitter and cash: the week in florida politics #url# </document>
    <document> Trump jokes about canceling event due to bad hair the day after he refused to cancel it because of filming... #url# </document>
    <document> "on a knife edge": Trump pulls the divided states of America to his midterms and calculates with #url# #url# </document>
    <document> Cesar Sayoc, Package Bomb Suspect, Is a Florida Trump Supporter Live Updates #url# #url# </document>
    Watch <document> live: Ex-President Obama speaks at rally in Milwaukee - #url# - wisc-tv3… #url# </document>
    <document> Obama Burns Trump Over iPhone Story - mashable #url# #url# </document>
    <document> Gun thefts in and around Virginia's capital have increased #url# </document> this decade
    <document> President Donald Trump's tweet puts Dave Roberts' bullpen gaffes into perspective #url# #url# </document>
    <document> obama: no one in my administration has been charged - cnn #url# #url# </document>