 >
      <document> google gains confidence in rankbrain and deploys it for all search results #url# </document>
    <document> ycombinator makes every simcity player’s dream reality with new research initiative #url# </document>
    <document> misbah backs amir to come good on england tour #url# </document>
    <document> mystery opponent challenging miz for ic title on raw, cody rhodes confirmed as first pwg bola entrant, wwe’s camer… #url# </document>
    <document> business news roundup, june 28 #url# </document>
    <document> watch steve harvey’s reaction to kellie pickler almost falling on ‘celebrity family feud’ #url# </document>
    <document> oculus discovers platform exclusives won’t wash with the vr community #url# </document>
    <document> kevin durant did wizards a favor. now they can focus on these free agents. #url# </document>
    <document> historic abortion ruling may not bring new clinics to texas #url# </document>
    <document> shark week dropped its controversial megalodon mockumentary — and fans are not happy #url# </document>
    <document> the most underrated monsters of advanced dungeons &amp; dragons #url# </document>
    <document> alphabet’s sidewalk labs plans to take over public transport in columbus, ohio #url# </document>
    <document> eu will likely unite to avoid catching the uk’s brexit fever, says former uk ambassador to the eu #url# </document>
    <document> who went home on ‘the bachelorette’ week 6? spoilers here! #url# </document>
    <document> korea box office: ‘independence day’ tops slow weekend #url# </document>
    <document> no one gives a damn about amazon ‘dash’ buttons, but we’re about to get dozens more #url# </document>
    <document> obduction revives the myst experience for virtual reality #url# </document>
    <document> scotland name ruaidhri smith for afghanistan odis #url# </document>
    <document> hyperloop one gets an investment from russia’s sovereign fund #url# </document>
    <document> game of thrones always wins overwatch’s play of the game #url# </document>
    <document> jordan rodgers says relationship with brother aaron is ‘complicated,’ dishes on behind-the-scenes ‘bachelorette’ d… #url# </document>
    <document> mark salling child pornography case delayed as former glee star seeks new representation #url# </document>
    <document> how citi north america nails predictive analytics for marketers: art versus science (vb live) #url# </document>
    <document> search still on for mystery driver #url# </document>
    <document> the origin of the species: orcs #url# </document>
    <document> adult swim is premiering a new show on vine before it hits the airwaves #url# </document>
    <document> apple watch 2 rumored to feature gps and swim tracking #url# </document>
    <document> iniesta: spain were too focused on italy #url# </document>
    <document> there’s a pokérap for destiny’s exotics #url# </document>
    <document> lyft hires m&amp;a banker qatalyst partners #url# </document>
    <document> brexit could spell more trouble for trump, who supported leaving #url# </document>
    <document> brexit fears deal heavy blow to chemical stocks #url# </document>
    <document> toro rosso to run f3 racer sette camara in silverstone f1 test #url# </document>
    <document> the real housewives of orange county’s kelly dodd reveals a shocking marital history #url# </document>
    <document> volkswagen to pay $14.7 billion to settle diesel claims in u.s. #url# </document>
    <document> the bachelorette just had its most surprising rose ceremony this season #url# </document>
    <document> kendra wilkinson-baskett and hank baskett reflect on marital ‘ups and downs’ in loving anniversary posts #url# </document>
    <document> activision gets dino-shooter orion pulled from steam over allegedly stolen assets #url# </document>
    <document> suge knight hits chris brown with a lawsuit #url# </document>
    <document> iphone 7 in space black, galaxy note 7 fingerprint scanner &amp; more – pocketnow daily #url# </document>
    <document> chelsea handler had two abortions when she was 16: ‘i happened to f–k up twice’ #url# </document>
    <document> twitch wants you to ‘cheer’ your favorite broadcasters with premium emotes called ‘bits’ #url# </document>
    <document> gov. brown, legislators to shake up state utilities commission #url# </document>
    <document> calvin harris has been messaging this uk reality star as things heat up between taylor swift and tom hiddleston! #url# </document>
    <document> attention asian startups: apply for the startup battlefield at disrupt sf! #url# </document>
    <document> microsoft pays woman $10,000 for forcing windows 10 installation #url# </document>
    <document> stephanie mcmahon makes adweek ‘most powerful’ list, who was the miz’s mystery opponent? #url# </document>
    <document> police find people from fatal crash mystery car #url# </document>
    <document> red cross apologizes for ‘super racist’ pool safety poster #url# </document>
    <document> oil, fx bounce from early lows as investors hunt for bargains #url# </document>
    <document> more clinton emails released, including some she deleted #url# </document>
    <document> brad neely’s weird adult swim cartoon premieres on vine #url# </document>
    <document> this toy spacex rocket is (almost) as hard to land as the real falcon 9 #url# </document>
    <document> hawks’ budenholzer not guilty in dui case #url# </document>
    <document> project fi update officially brings us cellular band support #url# </document>
    <document> 6/27 edition of raw rebellion: talking rollins ‘shooting’ on reigns, the wyatts haunting the new day, miz &amp; demon … #url# </document>
    <document> iphone 7 rumored to come in a ‘space black’ finish #url# </document>
    <document> zachary quinto, zoe saldana appreciate rihanna’s ‘star trek’ ballad after ‘unimaginably sad week’ #url# </document>
    <document> slayer shock is basically a procedurally generated buffy the vampire slayer game. #url# </document>
    <document> mercedes dtm chief slams audi’s ekstrom over norisring collision #url# </document>
    <document> maradona calls on messi to continue with argentina #url# </document>
    <document> nationals rally against noah syndergaard, batter mets in series opener #url# </document>
    <document> deadpool made after-the-trailer appearance in japan just because he can #url# </document>
    <document> what brexit may mean for british tech, and silicon valley #url# </document>
    <document> miguel “nacho” mendoza from chino y nacho welcomes son no. 4–and shares plenty of heartwarming pictures of the bir… #url# </document>
    <document> report: google will release its own non-nexus phone later this year #url# </document>
    <document> kanye who? taylor swift escapes nude video scandal in the uk #url# </document>
    <document> new star trek beyond trailer features more enterprise destruction and a new rihanna track #url# </document>
    <document> brexit: eu leaders are refusing to give britain an easy way out #url# </document>
    <document> pharmac poised to fund melanoma drug keytruda subject to feedback #url# </document>
    <document> ikea is recalling millions of dangerous dressers after 3 deaths #url# </document>
    <document> hacker looks to sell 655,000 alleged patient healthcare records on the dark web #url# </document>
    <document> ‘the bachelorette’: jordan showed his ‘entitled’ side, derek cried (a lot!) and each date was awkwardly boring #url# </document>
    <document> here’s what the european union needs to do to avoid losing more member-states #url# </document>
    <document> agent admits ‘big club interest’ for ac milan striker bacca #url# </document>
    <document> ‘eng-xit’ sets a new low for the national team #url# </document>
    <document> in 2002, microsoft bought rare. #url# </document>
    <document> it’s crazy how much work goes into a quality cosplay photo #url# </document>
    <document> maradona calls on messi to continue with argentina #url# </document>
    <document> airbnb files suit against san francisco over rental laws #url# </document>
    <document> brief from brussels: eu rocked by brexit vote #url# </document>
    <document> olympic swimming trials 2016 results: katie ledecky almost breaks her own world record while qualifying #url# </document>
    <document> watch the division’s underground dlc go full diablo with random dungeons #url# </document>
    <document> no one wants to speak at donald trump’s convention! #url# </document>
    <document> star ocean: integrity and faithlessness review #url# </document>
    <document> ford dealership steals art from indie game firewatch #url# </document>
    <document> labyrinth is now 30 years old. here’s how this gloriously weird movie became a cult classic. #url# </document>
    <document> how the ancient art of origami is inspiring cutting-edge technology #url# </document>
    <document> judge in brock turner trial hands down harsher sentence in similar sex assault case: report #url# </document>
    <document> 600mhz reverse auction said to be nearing end #url# </document>
    <document> calvin harris — damn near rips door off his suv!! (video) #url# </document>
    <document> google’s virtual reality cardboard expeditions are now available to everyone #url# </document>
    <document> the best performing company in every state, ranked by return #url# </document>
    <document> kris bryant hits 3 homers as cubs, arrieta beat reds 11-8 #url# </document>
    <document> nba’s thabo sefolosha — nypd calls bs on abuse … ‘force was justified’ #url# </document>
    <document> the wyatt family appearing on espn, wwe smackdown segment announced, more on tampa bucs at raw #url# </document>
    <document> w|w: the wearable weekly – playstation vr poised to dominate high-end virtual reality market #url# </document>
    <document> uber, lyft could get new overseer in california #url# </document>
    <document> duncan garner: i locked eyes with a monster – one of moko’s killers #url# </document>
    <document> microsoft’s windows 10 forced update is so aggressive, it got sued big time #url# </document>
   
>
      <document> google trusts rankbrain and uses it for all search results #url# </document>
    <document> ycombinator makes every simcity gamer's dream come true with a new search initiative #url# </document>
    <document> misbah claims Amir will tour England #url# </document>
    <document> mystery adversary challenging miz for ic title on raw, cody rhodes confirmed as top contender on pwg bola, wwe's camer… #url# </document>
    <document> business news roundup, June 28 #url# </document>
    <document> see steve harvey's reaction to kellie pickler almost falling into a "celebrity family feud" #url# </document>
    <document> oculus discovers platform exclusives do not fit vr community #url# </document>
    <document> Kevin Durant did the wizards a favor. now they can focus on these free agents. #url# </document>
    <document> landmark abortion ruling may not bring new clinics to Texas #url# </document>
    <document> shark week dropped its controversial megalodon mockumentary and fans aren't happy #url# </document>
    <document> the most underrated monsters of advanced dungeons &amp; dragons #url# </document>
    <document>alphabet sidewalk labs plan to take over public transit in columbus, ohio #url# </document>
    <document>EU likely to stick together to avoid catching UK Brexit fever, says former UK ambassador to the EU #url# </document>
    <document> who went home on week 6 of the "bachelorette party"? spoilers here! #url# </document>
    <document> Korean box office: 'Independence Day' overtakes slow weekend #url# </document>
    <document> nobody gives a damn about Amazon's "dash" buttons, but we're about to get dozens more #url# </document>
    <document> obduction revives myst experience for virtual reality #url# </document>
    <document> name scotland ruaidhri smith for afghanistan odis #url# </document>
    <document> hyperloop one gets investment from Russian sovereign wealth fund #url# </document>
    <document> game of thrones always win overwatch game #url# </document>
    <document> jordan rodgers says relationship with brother aaron is 'complicated', talks behind-the-scenes 'bachelorette party'... #url# </document>
    <document>Mark Salling's child pornography case postponed as former Glee star seeks new representation #url# </document>
    <document> how citi north america solves predictive analytics for marketers: art versus science (vb live) #url# </document>
    <document> the search is still active for the mystery driver #url# </document>
    <document> origin of species: orcs #url# </document>
    <document>Adult Swim premieres new show on Vine before it hits the airwaves #url# </document>
    <document> apple watch 2 is said to have gps and swim tracking #url# </document>
    <document> iniesta: spain was too focused on italy #url# </document>
    <document> there is a pokérap for destiny exotics #url# </document>
    <document> lyft hires m&amp;a banker partner qatalyst #url# </document>
    <document> brexit could spell more trouble for Trump, who has advocated leaving #url# </document>
    <document> Brexit fears deal a blow to chemical stocks #url# </document>
    <document> toro rosso will race seven camara f3 racers in silverstone f1 test #url# </document>
    <document> Kelly Dodd's Real Housewives of Orange County Reveal Shocking Marital Story #url# </document>
    <document>Volkswagen to pay $14.7B to settle US diesel claims #url# </document>
    <document> the bachelorette party just had the most amazing rose ceremony this season #url# </document>
    <document> kendra wilkinson-baskett and hank baskett reflect on marital 'ups and downs' in anniversary love post #url# </document>
    <document> activision gets dino-shooter orion pulled from steam over alleged stolen goods #url# </document>
    <document> suge knight sues chris brown #url# </document>
    <document> iphone 7 space black, galaxy note 7 fingerprint scanners &amp; other – pocketnow daily #url# </document>
    <document> chelsea handler had two miscarriages when she was 16: "i happened to fuck twice" #url# </document>
    <document> twitch asks you to "cheer" your favorite broadcasters with premium emotes called "bit" #url# </document>
    <document> gov. brown, lawmakers to shake up state utilities commission #url# </document>
    <document> calvin harris has been messaging this british reality star as things heat up between taylor swift and tom hiddleston! #url# </document>
    <document> Attention Asian Startups: Apply to the startup battleground at disrupt sf! #url# </document>
    <document> microsoft pays woman $10,000 for forcing Windows 10 installation #url# </document>
    <document> stephanie mcmahon makes adweek's "most powerful" list, who was the miz's mystery opponent? #url# </document>
    <document>police find people from fatal crash mystery car #url# </document>
    <document>red cross apologizes for 'super racist' pool safety poster #url# </document>
    <document> oil, forex bounce off early lows as investors look for bargains #url# </document>
    <document> released more emails from clinton, including some he deleted #url# </document>
    <document> brad neely's weird adult swimming cartoon premieres on vine #url# </document>
    <document> this toy space rocket is (almost) as hard to land as the real Falcon 9 #url# </document>
    <document> the budenholzer of the falcons is not guilty in the case of #url# </document>
    The <document> project fi update officially brings us support for the #url# </document> cellular band
    <document> Raw Rebellion 6/27 Edition: Talking Rollins "Firing" the Realms, Wyatts Haunting the New Day, Miz &amp; daemon … #url# </document>
    <document> iphone 7 is said to have a "space black" finish #url# </document>
    <document> Zachary Quinto, Zoe Saldana Enjoy Rihanna's 'Star Trek' Ballad After 'Incredibly Sad Week' #url# </document>
    <document> slayer shock is basically a procedurally generated buffy the vampire slayer game. #url# </document>
    <document> mercedes dtm boss slams audi ekstrom over collision with norisring #url# </document>
    <document> maradona asks messi to continue with argentina #url# </document>
    <document>Citizens rally against Noah Syndergaard batsman meets in first series #url# </document>
    <document> Deadpool only appeared after the trailer in Japan because it can #url# </document>
    <document> what brexit could mean for UK tech and Silicon Valley #url# </document>
    <document> miguel “nacho” mendoza da chino y nacho welcomes son no. 4 and shares many heartwarming images of the bi… #url# </document>
    <document> report: Google to release its own non-Nexus phone later this year #url# </document>
    <document> Kanye who? Taylor Swift escapes UK nude video scandal #url# </document>
    <document> New Star Trek Beyond Trailer Includes More Corporate Wreck & New Rihanna Track #url# </document>
    <document> brexit: EU leaders refuse to give Britain an easy way out #url# </document>
    <document> pharmac ready to fund melanoma drug keytruda subject to feedback #url# </document>
    <document> ikea recalls millions of unsafe dressers after 3 deaths #url# </document>
    <document> Hacker seeks to sell 655,000 medical records of alleged patients on dark web #url# </document>
    <document> "the bachelorette party": Jordan showed his "entitled" side, Derek cried (a lot!) and every date was awkwardly boring #url# </document>
    <document> here's what the European Union needs to do to avoid losing other member states #url# </document>
    <document>'s agent admits 'great interest from the club' in Milan striker Bacca #url# </document>
    <document> 'eng-xit' sets a new minimum for the national team #url# </document>
    <document> in 2002, Microsoft bought rare. #url# </document>
    <document> it's insane how much work a quality cosplay photo #url# </doc takesment>
    <document> maradona asks messi to continue with argentina #url# </document>
    <document> airbnb files lawsuit against san francisco over rental laws #url# </document>
    <document> short from brussels: eu shaken by brexit vote #url# </document>
    <document> 2016 olympic swim trials results: katie ledecky nearly broke her own world record in qualifying #url# </document>
    <document> watch division dungeon dlc become full diablo with random dungeons #url# </document>
    <document> nobody wants to speak at the Donald Trump convention! #url# </document>
    <document> star ocean: integrity and infidelity review #url# </document>
    <document>ford dealership steals art from firewatch indie game #url# </document>
    <document> the labyrinth is now 30 years old. here's how this gloriously weird film became a cult classic. #url# </document>
    <document> how the ancient art of origami is inspiring cutting-edge technology #url# </document>
    <document>trial judge Brock Turner issues tougher sentence in similar sexual assault case: report #url# </document>
    <document> The 600 MHz bidding closes #url# </document>
    <document> calvin harris — darn close to ripping the door off his suv!! (video) #url# </document>
    <document> Virtual Reality Cardboard Shipments from Google are now available to everyone #url# </document>
    <document> the best performing company in each state, ranked by returned #url# </document>
    <document> kris bryant hits 3 puppy homers, arrieta beats reds 11-8 #url# </document>
    <document>nba's thabo sefolosha - nypd calls bs on abuse..."the force was justified" #url# </document>
    <document> wyatt family featured on espn, wwe smackdown segment announced, more on tampa bucs on raw #url# </document>
    <document> w|w: the weekly wearable – playstation vr poised to dominate the high-end virtual reality market #url# </document>
    <document> uber, lyft may have a new supervisor in California #url# </document>
    <document> duncan garner: I locked eyes with a monster – one of moko's killers #url# </document>
    <document> Microsoft's forced Windows 10 upgrade is so aggressive it's being sued in a big way #url# </document>>
      <document> Google gains trust in rankbrain and uses it for all search results #url# </document>
    <document> ycombinator is making every Simcity gamer's dream come true with its new research initiative #url# </document>
    <document> Misbah supports Amir on his England tour #url# </document>
    <document> mysterious opponent challenging Miz for ic title on Raw, Cody Rhodes confirmed as first PWG Bola entrant, camera from WWE... #url# </document>
    <document> Business News Summary, June 28 #url# </document>
    <document> Check out Steve Harvey's reaction to Kellie Pickler nearly falling into the 'Celebrity Family Feud' #url# </document>
    <document> oculus discovers that exclusive platforms are not washed with VR community #url# </document>
    <Document> Kevin Durant did the wizards a favor. Now they can focus on these free agents. #url# </document>
    <document> Historic abortion ruling may not bring new clinics to Texas #url# </document>
    <document> Shark Week has released its controversial megalodon mockumentary - and fans are not happy #url# </document>
    <Document> Most Underrated Monsters of Advanced Dungeons &amp; Dragon #url# </document>
    <document> alphabet's sidewalk labs plans to take over public transit in Columbus, Ohio #url# </document>
    <document> eu likely to unite to avoid catching UK's Brexit fever, says former British ambassador to the eu #url# </document>
    <Document> Who went home in week 6 of "Bachelorette"? Spoilers here! #url# </document>
    <document> Korea Box Office: 'Independence Day' beats slow weekend #url# </document>
    <document> Nobody gives a damn about Amazon's "Dash" buttons, but we're about to get dozens more #url# </document>
    <document> obduction revives the mysterious experience for virtual reality #url# </document>
    <document> scotland name ruaidhri smith for afghanistan odis #url# </document>
    <document> hyperloop one receives an investment from the Russian sovereign wealth fund #url# </document>
    <document> Game of Thrones always wins Overwatch's Play of the Game #url# </document>
    <document> Jordan Rodgers says relationship with brother Aaron is 'complicated', behind-the-scenes courts over 'Bachelorette'... #url# </document>
    <document> Mark Salling child pornography case postponed as former Glee star seeks new representation #url# </document>
    <document> how citi north america nails predictive analytics for marketers: art versus science (vb live) #url# </document>
    <document> Still looking for mysterious driver #url# </document>
    <document> the origin of the species: Orks #url# </document>
    <document> adult swim presents a new show on Vine before it hits the airwaves #url# </document>
    <document> Apple Watch 2 is said to support GPS and swim tracking #url# </document>
    <document> iniesta: spain has focused too much on italy #url# </document>
    <document> There is a Pokerap for Destiny's Exotics #url# </document>
    <document> lyft hires m&amp;a bankers qatalyst partners #url# </document>
    <document> brexit could spell more trouble for Trump, who advocated leaving #url# </document>
    <document> Brexit fears hit chemicals stocks hard #url# </document>
    <document> toro rosso starts f3 racer sette camara in silverstone f1 test #url# </document>
    <document> The Real Housewives of Orange County Kelly Dodd reveal a shocking marriage story #url# </document>
    <Document> Volkswagen will pay $14.7 billion to settle US diesel claims #url# </document>
    <document> The bachelorette just had her most surprising rose ceremony this season #url# </document>
    <document> Kendra Wilkinson-Baskett and Hank Baskett reflect on the highs and lows of marriage in loving anniversary posts #url# </document>
    <document> activision crashes the dinosaur shooter Orion because of allegedly stolen assets #url# </document>
    <document> Suge Knight hits Chris Brown with a lawsuit #url# </document>
    <document> iphone 7 in space black, galaxy note 7 fingerpriNT Scanner &amp; more - pocketnow daily #url# </document>
    <document> Chelsea-Handler had two abortions when he was 16: "I accidentally went nuts twice" #url# </document>
    <document> Twitch wants you to "cheer" on your favorite channels with premium emotes called "Bits" #url# </document>.
    <document> reg. Brown, Legislature to shake up the state Utilities Commission #url# </document>
    <Document> Calvin Harris has messaged this British reality star as things heat up between Taylor Swift and Tom Hiddleston! #url# </document>
    <document> attention asian startups: apply for the startup battlefield at disrupt sf! #url# </document>
    <document> Microsoft is paying a woman $10,000 for forcing Windows 10 to be installed #url# </document>
    <document> stephanie mcmahon puts adweek on the "most powerful" list, who was the mysterious opponent of the miz? #url# </document>
    <document> The police find people from the mysterious car #url# with fatal accident </document>
    <document> Red Cross apologizes for 'super racist' pool safety poster #url# </document>
    <document> Oil, FX bounce off early lows as investors seek bargains #url# </document>
    <document> published more Clinton emails, including some she deleted #url# </document>
    <document> Brad Neely's weird adult swimming cartoon premieres on Vine #url# </document>
    <document> this toy Spacex rocket is (almost) as hard to land as the real Falcon 9 #url# </document>
    <document>hawks' budenholzer not guilty in dui case #url# </document>
    <document> project fi update officially brings us cellular band support #url# </document>
    <Document> 6/27 edition of raw rebellion: Talking Rollins 'shooting at gentlemen', the Wyatts haunting the new day, Miz &amp; Demon … #url# </document>
    <document> iPhone 7 is said to be available in "Space Black" #url# </document>
    <document> zachary quinto, zoe saldana appreciate rihanna's "star trek" ballad after "unimaginably sad week" #url# </document>
    <document> slayer shock is basically a procedurally generated Buffy the Vampire Slayer game. #url# </document>
    <document> mercedes dtm boss slams audi ekstrom for norisring collision #url# </document>
    <document> maradona tells messi to continue to argentina #url# </document>
    <document> Nationals Rally vs. Noah Syndergaard, Batter Mets in series opener #url# </document>
    <document> Deadpool showed up in Japan after the trailer just because he can #url# </document>
    <document> what Brexit could mean for British technology, and Silicon Valley #url# </document>
    <document> miguel "nacho" mendoza from chino y nacho welcomes son no. 4 - and sharing lots of heartwarming pics of the birth... #url# </document>
    <document> report: Google will release its own non-Nexus phone later this year #url# </document>
    <document> kanye who? Taylor Swift escapes UK nude video scandal #url# </document>
    <document> The new Star Trek Beyond trailer features more corporate destruction and a new Rihanna track #url# </document>
    <document> brexit: eu leaders refuse to give britain an easy way out #url# </document>
    <document> Pharmac ready to fund melanoma drug Keytruda, subject to feedback #url# </document>
    <document> ikea recalls millions of dangerous dressers after 3 deaths #url# </document>
    <document> hacker tries to sell 655,000 alleged patient medical records on dark web #url# </document>
    <document> 'the bachelorette': jordan showed his 'legitimate' side, derek cried (a lot!) and every date was uncomfortably boring #url# </document>
    <document> here is what the european union needs to do to avoid losing more member states #url# </document>
    <document> agent admits "great club interest" in AC Milan striker Bacca #url# </document>
    <document> "eng-xit" marks a new low for the national team #url# </document>
    <Document> in 2002, Microsoft rarely bought. #url# </document>
    <document> it's crazy how much work goes into a high quality cosplay photo #url# </doccontent>
    <document> maradona tells messi to continue with argentina #url# </document>
    <document> Airbnb files lawsuit against San Francisco over rental laws #url# </document>
    <document> letter from brussels: eu shaken by brexit vote #url# </document>
    <document> 2016 Olympic Swimming Trials results: Katie Ledecky nearly breaks her own world record while qualifying #url# </document>
    <document> Watch the Division Underground DLC head into Diablo with random dungeons #url# </document>
    <Document> No one wants to speak at Donald Trump's convention! #url# </document>
    <document> Star Ocean: Verify integrity and infidelity #url# </document>
    <document> Ford dealer steals art from indie game Firewatch #url# </document>
    <Document> Labyrinth is now 30 years old. This is how this wonderfully weird film became a cult classic. #url# </document>
    <document> how the ancient art of origami inspires cutting-edge technology #url# </document>
    <document> Judge in Brock Turner Trial Gives Tougher Sentence in Similar Sexual Assault Case: Report #url# </document>
    <document> 600MHz reverse auction reportedly nearing end #url# </document>
    <Document> Calvin Harris - almost rips the door off his SUV!! (Video) #url# </document>
    <document> Google's virtual reality cardboard expeditions are now available to everyone #url# </document>
    <document> the top performing company in each state, ranked by return #url# </document>
    <document> Kris Bryant hits 3 homers as Cubs, Arrieta beats the Reds 11-8 #url# </document>
    <document> nba's thabo sefolosha - nypd calls bs about abuse... "violence was justified" #url# </document>
    <document> the wyatt family appears on espn, wwe smackdown segment announced, more about tampa bucs at raw #url# </document>
    <document> w|w: the Wearable Weekly – Playstation VR is poised to dominate the high-end virtual reality market #url# </document>
    <document> uber, lyft might get a new supervisor in California #url# </document>
    <document> duncan garner: I looked a monster in the eye - one of Moko's killers #url# </document>
    <document> Microsoft's forced Windows 10 update is so aggressive it has been heavily sued #url# </document>