 >
      <document> what's going on with the real housewives of beverly hills and a dog named lucy? as her new tagline indicated, it se… #url# </document>
    <document> taylor swift reveals the songs that helped her heal after "bad breakups" never underestimate the power of music. it… #url# </document>
    <document> riverdale's luke perry hospitalized after stroke luke perry was hospitalized in los angeles on wednesday after suff… #url# </document>
    <document> johnny depp claims amber heart cheated on him with elon musk johnny depp is accusing ex-wife amber heard of "spendi… #url# </document>
    <document> the botched doctors have heartbreaking news for one famous patient paul nassif and terry dubrow made back-to-back s… #url# </document>
    <document> khloe kardashian says tristan thompson to blame for breakup, not jordyn woods khloe kardashian has had a change of… #url# </document>
    <document> inside nikki bella's romantic date night with dancing with the stars' artem chignvintsev things are going strong be… #url# </document>
    <document> royal bartender! kate middleton pours a pint of beer in ireland anyone up for a royal pint? duchess of cambridge ka… #url# </document>
    <document> how maddie poppe and caleb lee hutchinson are hitting all the right notes after american idol nearly one year later… #url# </document>
    <document> watch travis scott take an adorable phone call from kylie jenner on carpool karaoke kylie jenner makes a small came… #url# </document>
    <document> khloe kardashian accuses jordyn woods of lying about tristan thompson cheating scandal khloe kardashian is not buyi… #url# </document>
    <document> cardi b channels her inner cowgirl in sexy pink outfit yeehaw! cardi b took a fashion turn to the southwest over th… #url# </document>
    <document> this beauty supplement is the reason people can't stop complimenting our skin around here we're always on the hunt… #url# </document>
    <document> imagine dragons' dan reynolds reveals how hateful criticism contributed to his depression dan reynolds isn't biting… #url# </document>
    <document> taylor kinney likes a shady comment about lady gaga on instagram for some hollywood shade, look no further than tay… #url# </document>
    <document> who won the masked singer? well now we know what happens when someone wins the masked singer! tonight's two-hour fi… #url# </document>
    <document> kristin cavallari tested jay cutler's knowledge of her company &amp; it went just as hilarious as you'd think jay culte… #url# </document>
    <document> grey's anatomy cast tells all: who's the funniest? who cries the easiest? who gets the crankiest? the cast of grey'… #url# </document>
    <document> how selma blair's multiple sclerosis diagnosis helped her find "humility and joy" in october, selma blair announced… #url# </document>
    <document> pink shares sweet photo with kids at first show of new tour pink spent time with her two cutest fans before taking… #url# </document>
    <document> see what tyler henry really thinks about his khloe kardashian, tristan thompson &amp; jordyn woods prediction did tyler… #url# </document>
    <document> jennifer esposito sounds off on the bradley cooper "ha" comments jennifer esposito is clarifying what she meant whe… #url# </document>
    <document> something that happened: the history of bradley cooper and jennifer esposito's shockingly short marriage "ha" that'… #url# </document>
    <document> johnny depp files $50 million lawsuit against amber heard johnny depp is taking amber heard to court over her alleg… #url# </document>
    <document> sophie turner and jessica chastain harness their superpowers dark phoenix trailer sophie turner is looking for answ… #url# </document>
    <document> jordyn woods' new world: how her entire life changed in an instant two weeks ago jordyn woods was a name familiar t… #url# </document>
    <document> ed sheeran reportedly marries cherry seaborn in a secret winter wedding ceremony love is in the air for ed sheeran… #url# </document>
    <document> what the kardashians really think of jordyn woods' red table talk interview now that jordyn woods has spoken, what… #url# </document>
    <document> zachary quinto and miles mcmillan break up after almost 6 years together zachary quinto and miles mcmillan are no m… #url# </document>
    <document> real housewives of atlanta's peter thomas arrested for alleged check fraud former real housewives of atlanta star p… #url# </document>
    <document> 90 day fiancé's colt johnson has a divorce party at strip club after larissa split 90 day fiancé's colt johnson is… #url# </document>
    <document> amanda bynes checks into mental health facility after relapse amanda bynes is getting help. the 32-year-old actress… #url# </document>
    <document> jonas brothers reunite for first song 5 years after split: watch them perform "sucker" the rumors are true: the jon… #url# </document>
    <document> courteney cox recreates classic friends scene in real life could this be any cuter? sometimes life imitates fiction… #url# </document>
    <document> fyre festival's andy king spills new details on that infamous oral sex scenario did anyone expect andy king to be t… #url# </document>
    <document> teresa giudice tackles affair allusions, joe giudice deportation on the real housewives of new jersey reunion teres… #url# </document>
    <document> watch miley cyrus infiltrate the rupaul's drag race work room miley cyrus is living the life on rupaul's drag race.… #url# </document>
    <document> captain marvel, madea, dumbo &amp; more: which march blockbuster are you going to see in theaters first? february has c… #url# </document>
    <document> taylor swift will be honored at the 2019 iheartradio music awards taylor swift continues to cement her reputation a… #url# </document>
    <document> first comes love, then comes marriage? inside the future of jennifer lopez and alex rodriguez's red-hot romance jen… #url# </document>
    <document> ariana grande sends heartfelt message to her fans: you saved my life ariana grande is sending some love to her loya… #url# </document>
    <document> 5 things to know about playboy's 2019 playmate of the year jordan emanuel playboy is revealing the lucky girl who w… #url# </document>
    <document> what jordyn woods told khloe kardashian and kylie jenner after cheating scandal jordyn woods is opening up about he… #url# </document>
    <document> bekah martinez shares photo of "beautiful little girl" one month after giving birth bekah martinez is giving everyo… #url# </document>
    <document> jordyn woods breaks silence on tristan thompson cheating scandal jordyn woods is breaking her silence amid cheating… #url# </document>
    <document> travis scott deletes instagram account after denying he cheated on kylie jenner travis scott has deleted his instag… #url# </document>
    <document> john mayer reveals the intimate thing he must do every day john mayer is getting personal with ellen degeneres. the… #url# </document>
    <document> ariana grande sends heartfelt message to her fans: you saved my life ariana grande is sending some love to her loya… #url# </document>
    <document> game of thrones final season posters revealed: who takes the throne? the final season of game of thrones is upon us… #url# </document>
    <document> you won't believe how much money property brothers' drew and jonathan scott made last year drew scott and jonathan… #url# </document>
    <document> brie larson is our fashion hero! see her best looks before becoming captain marvel not all heroes wear capes on the… #url# </document>
    <document> medium tyler henry responds to john oliver's recent criticism of hollywood psychics tyler henry isn't fazed by skep… #url# </document>
    <document> danielle staub postpones wedding to oliver maier days after announcing engagement danielle staub's upcoming nuptial… #url# </document>
    <document> 90 day fiancé star larissa dos santos lima reveals her boyfriend's identity 90 day fiancé star larissa dos santos l… #url# </document>
    <document> the bachelor's whitney bischoff and husband ricky angel expecting first child together former bachelor star whitney… #url# </document>
    <document> what do the kids of the grey's anatomy cast think of their parents' success? what's it like to have a parent on one… #url# </document>
    <document> pink shares sweet photo with kids at first show of new tour pink spent time with her two cutest fans before taking… #url# </document>
    <document> bachelor nation's jade roper and tanner tolbert reveal her past miscarriage bachelor in paradise's jade roper tolbe… #url# </document>
    <document> kate middleton shows her sporty side during belfast visit with prince william kate middleton and prince william kic… #url# </document>
    <document> is jude law engaged? girlfriend phillipa coan sparks rumors with diamond ring will jude law be off the market soon?… #url# </document>
    <document> here are the frontrunners to be the next bachelorette: inside the decision-making process "a decision has not been… #url# </document>
    <document> christina perri reveals she "almost" relapsed in candid message about her "hardest" year yet christina perri has be… #url# </document>
    <document> the 100 star bob morley addresses "fat shame" on social media, opens up about depression the 100's bob morley has a… #url# </document>
    <document> the jonas brothers have secret concert days after releasing new song the jonas brothers are just burnin' up with ex… #url# </document>
    <document> miley cyrus and liam hemsworth cuddle up on the red carpet the look of love! newlyweds liam hemsworth and miley cyr… #url# </document>
    <document> will gendry take the throne? game of thrones star joe dempsie on those fan theories... move over jon snow and daene… #url# </document>
    <document> noah centineo was finally on good trouble and oh boy oh how we have missed you, jesus. noah centineo made his good… #url# </document>
    <document> zayn malik confuses fans with gigi hadid love tweet what's going on between zayn malik and gigi hadid? the on-again… #url# </document>
    <document> why fans think taylor swift and katy perry are collaborating are taylor swift and katy perry teaming up for a new s… #url# </document>
    <document> george h.w. bush's service dog sully begins new role at military hospital 3 months after president's death george h… #url# </document>
    <document> 7 of the biggest bombshells from jordyn woods' red table talk interview jordyn woods has opened up about the cheati… #url# </document>
    <document> haley struggles to master baby basics in modern family directed by julie bowen modern family's julie bowen has a ne… #url# </document>
    <document> imagine dragons' dan reynolds reveals how hateful criticism contributed to his depression dan reynolds isn't biting… #url# </document>
    <document> ben affleck and lindsay shookus step out for a stroll in nyc ben affleck and lindsay shookus were recently spotted… #url# </document>
    <document> do it for the 'gram! the ladygang gals prove you can take envy-inducing social media snaps anywhere the ladygang ga… #url# </document>
    <document> dj khaled to host 2019 nickelodeon kids' choice awards: see the complete list of nominations the 2019 nickelodeon k… #url# </document>
    <document> why the jonas brothers needed to break up to come back stronger--and closer--than ever we're a sucker for a reunion… #url# </document>
    <document> hailey baldwin sends her ''lover'' justin bieber a sweet message on his 25th birthday hailey baldwin has a special… #url# </document>
    <document> katherine helmond dead: who's the boss? and soap star was 89 katherine helmond, who starred on the sitcoms soap and… #url# </document>
    <document> michael j. fox opens up about health scares amid parkinson's disease battle it has been more than 20 years since mi… #url# </document>
    <document> wynonna earp fans rally to save show with billboard in times square fans of the hit syfy series wynonna earp have b… #url# </document>
    <document> watch the first minute of pretty little liars: the perfectionists get ready to have a cello cover of "bad romance"… #url# </document>
    <document> how justin bieber celebrated his 25th birthday it seems like a big group of people came down with a bad case of bie… #url# </document>
    <document> good girls stars tease season 2's "sexy twists" and surprising revelations who doesn't love "sexy twists"? that's w… #url# </document>
    <document> pete davidson kicks out show heckler over mac miller mention when a fan crosses the line, pete davidson doesn't pla… #url# </document>
    <document> you'll never guess kate middleton and prince william's nickname for princess charlotte princess charlotte's nicknam… #url# </document>
    <document> taylor swift reveals the songs that helped her heal after "bad breakups" never underestimate the power of music. it… #url# </document>
    <document> you have to see nicki minaj's $450,000 rolls-royce nicki minaj is the proud owner of a new rolls-royce, worth an es… #url# </document>
    <document> kim kardashian says she had ''one of the best days of her life'' with long island medium's theresa caputo kim karda… #url# </document>
    <document> married at first sight's danielle and bobby welcome baby girl and baby makes three! married at first sight stars da… #url# </document>
    <document> inside jenni "jwoww" farley's impossibly tough year last year on feb. 27, jenni "jwoww" farley awoke to an instagra… #url# </document>
    <document> how maddie poppe and caleb lee hutchinson are hitting all the right notes after american idol nearly one year later… #url# </document>
    <document> matthew mcconaughey's 3 stylish kids make a rare red carpet appearance alright, alright, alright--it's the mcconaug… #url# </document>
    <document> ariana grande and ex-boyfriend big sean reunite 4 years after split thank u, next? not so fast! ariana grande raise… #url# </document>
    <document> meghan markle's half-sister samantha markle slams her in new documentary meghan markle "doesn't have a heart" and i… #url# </document>
    <document> jonas brothers reunite for first song 5 years after split: watch them perform "sucker" the rumors are true: the jon… #url# </document>
    <document> it's pauly d like you've never seen him before: performing ballet game of clones, the latest crazy concept reality… #url# </document>
    <document> how priyanka chopra became one of india's leading female "trailblazers" aside from miss world 2000, movie and tv st… #url# </document>
    <document> ariana grande denies she's exploiting the lgbtq community by performing at manchester pride ariana grande is addres… #url# </document>
    <document> brie larson meeting a mini captain marvel will make your day mini me, is that you? brie larson chatted with a young… #url# </document>
   
>
      <document> what's going on with the real housewives of beverly hills and a dog named lucy? as its new tagline indicated, if… #url# </document>
    <document> taylor swift reveals songs that helped her heal after 'bad breakups' never underestimate the power of music. en… #url# </document>
    <document> riverdale's luke perry hospitalized after stroke luke perry was hospitalized in los angeles on wednesday after suff… #url# </document>
    <document> johnny depp claims Amber Heart cheated on him with Elon Musk johnny depp is accusing ex-wife Amber of hearing “spend… #url# </document>
    <document> failed doctors have heartbreaking news for a famous patient paul nassif and terry dubrow made two consecutive jokes... #url# </document>
    <document> khloe kardashian says breakup was blamed on Tristan Thompson, not Jordyn Woods khloe kardashian had a change of... #url# </document>
    <document> inside nikki bella's romantic date with artem chignvintsev from dancing with the stars things are going great be… #url# </document>
    <document> real bartender! Kate Middleton pours a pint in Ireland, anyone fancy a royal pint? duchess of cambridge ka… #url# </document>
    <document> how maddie poppe and caleb lee hutchinson are hitting all the right notes after american idol nearly a year later... #url# </document>
    <document> watch travis scott answer a lovely phone call from kylie jenner on carpool karaoke kylie jenner makes a little came... #url# </document>
    <document> khloe kardashian accuses jordyn woods of lying about tristan thompson cheating scandal khloe kardashian isn't buying… #url# </document>
    <document> cardi b channels her inner cowgirl in sexy pink dress yeehaw! Cardi B took a trendy southwest turn during the... #url# </document>
    <document> this beauty supplement is why people can't stop complimenting our skin around here, we are always on the hunt... #url# </document>
    <document> Imagine Dragons' Dan Reynolds Reveals How Hateful Criticisms Contributed to His Depression Dan Reynolds isn't biting... #url# </document>
    <document> taylor kinney likes shady lady gaga comment on instagram for some hollywood flair, look no further than tay… #url# </document>
    <document> who won the masked singer? well now we know what happens when someone wins the masked singer! two hours tonight fi… #url# </document>
    <document> kristin cavallari tested Jay Cutler's knowledge of his company and his company. got to be as hilarious as you might think jay culte… #url# </document>
    <document> Grey's anatomy says it all: who's the funniest? who cries more easily? who gets the crankiest? the cast of grey'… #url# </document>
    <document>How Selma Blair's Multiple Sclerosis Diagnosis Helped Her Find "Humility and Joy" in October, Selma Blair Announced... #url# </document>
    <document> pink shares sweet photo with kids at first show of new tour pink spent time with her two cutest fans before snapping… #url# </document>
    <document> see what tyler henry really thinks of his khloe kardashian, tristan thompson &amp; jordyn woods prediction made tyler… #url# </document>
    <document> jennifer esposito plays on bradley cooper's comment "has" jennifer esposito is clarifying what she meant when... #url# </document>
    <document> Something That Happened: The Incredibly Short Marriage Story Between Bradley Cooper and Jennifer Esposito "ah" what'… #url# </document>
    <document> Johnny Depp Files $50 Million Lawsuit Against Amber Heard Johnny Depp is taking Amber Heard to court over her allegation… #url# </document>
    <document> sophie turner and jessica chastain harness their superpowers dark phoenix trailer sophie turner is looking for an answer… #url# </document>
    <document> Jordyn Woods' New World: How Her Entire Life Changed in an Instant Two Weeks Ago Jordyn Woods was a household name t… #url# </document>
    <document> Ed Sheeran reportedly marries Cherry Seaborn in a secret winter weddingemony love is in air for ed sheeran… #url# </document>
    <document> what the Kardashians really think about Jordyn Woods' red table interview now that Jordyn Woods has spoken, what... #url# </document>
    <document> zachary fifth and miles mcmillan break up after almost 6 years together zachary fifth and miles mcmillan are not m… #url# </document>
    <document> Real Housewives of Atlanta peter thomas arrested for alleged check fraud ex Real Housewives of Atlanta star p… #url# </document>
    <document>90 Day Fianc's Colt Has Divorce Party At Strip Club After Larissa Splits Up 90 Day Fiancé's Colt Is… #url# </document>
    <document> Amanda Bynes checks into a mental health facility after a relapse Amanda Bynes is getting help. the 32-year-old actress… #url# </document>
    <document> jonas brothers reunite for first song 5 years after disbandment: watch them perform "sucker" the rumors are true: the jon… #url# </document>
    <document> courteney cox recreates the classic real life friends scene could it be cuter? sometimes life imitates fiction... #url# </document>
    <document> fyre festival's andy king unveils new details on that infamous oral sex scenario someone expected andy king to be t… #url# </document>
    <document> teresa judge addresses the allusions to the story, the deportation of joe judge on the real housewives of the reunion of new jersey teres… #url# </document>
    <document> watch miley cyrus infiltrate rupaul's drag race workroom miley cyrus is living life in rupaul's drag race.… #url# </document>
    <document> captain marvel, madea, dumbo &amp; more: which march blockbuster will you see in theaters first? February has c… #url# </document>
    <document> taylor swift to be honored at iheartradio music awards 2019 taylor swift continues to cement her reputation at… #url# </document>
    <document> first comes love, then comes marriage? Inside the future of jennifer lopez and alex rodriguez's red-hot romance jen… #url# </document>
    <document> ariana grande sends heartfelt message to her fans: you saved my life ariana grande sends her loya some love... #url# </document>
    <document> 5 Things to Know About Playboy's 2019 Playmate of the Year Jordan Emanuel Playboy is revealing the lucky girl he has… #url# </document>
    <document> what jordyn woods said to khloe kardashian and kylie jenner after the cheating scandal jordyn woods is opening about him... #url# </document>
    <document> bekah martinez shares photo of 'beautiful baby' one month after giving birth bekah martinez is giving everyone… #url# </document>
    <document> jordyn woods breaks her silence on tristan thompson cheating scandal jordyn woods is breaking her silence amid cheating... #url# </document>
    <document> travis scott delete instagram account after denying cheating kylie jenner travis scott deleted his instagram… #url# </document>
    <document> john mayer reveals the intimate thing he has to do every day john mayer is getting personal with ellen degeneres. the… #url# </document>
    <document> ariana grande sends heartfelt message to her fans: you saved my life ariana grande sends some love to her loya... #url# </document>
    <document> Game of Thrones Final Season Posters Revealed: Who Takes the Throne? the last season of Game of Thrones is upon us... #url# </document>
    <document> You won't believe how much money property brothers Drew and Jonathan Scott made last year Drew Scott and Jonathan... #url# </document>
    <document> brie larson is our fashion hero! see his best look before becoming Captain Marvel not all heroes wear capes on the… #url# </document>
    <document> medium tyler henry responds to john oliver's recent criticism of hollywood psychics tyler henry isn't fazed by skep… #url# </document>
    <document> danielle staub postpones wedding to oliver maier days after announcing engagement Danielle staub's upcoming wedding… #url# </document>
    <document> 90 Day Fiancé Star Larissa dos santos lima reveals identity of her boyfriend 90 Day Fiancé star larissa dos santos l… #url# </document>
    <document> bachelor Whitney Bischoff and husband ricky angel expecting first child together former bachelor star Whitney… #url# </document>
    <document> what do the boys in the cast of Grey's Anatomy think of their parents' success? what is it like to have a parent on one… #url# </document>
    <document> pink shares sweet photo with kids at first show of new tour pink spent time with her two cutest fans before snapping… #url# </document>
    <document> Scachelor Nation's Jade Roper And Tanner Tolbert Reveal Her Past Bachelor Miscarriage In Jade Roper Tolbe Of Heaven… #url# </document>
    <document> kate middleton shows off her sporty side while visiting belfast with prince william kate middleton and prince william kic… #url# </document>
    <document> Is Jude Law busy? girlfriend phillipa coan sparks rumors with diamond ring jude law will be out of business soon?... #url# </document>
    <document> here are the favorites to be the next bachelorette party: within the decision making process "a decision was not... #url# </document>
    <document> christina perri reveals she "almost" relapsed in candid message about her "hardest" year yet christina perri was... #url# </document>
    <document> 100 Stars Bob Morley Addresses 'Fat Shaming' On Social Media, Opens Up About Depression 100 Stars Bob Morley Has A... #url# </document>
    <document>The Jonas Brothers Have Secret Concert Days After New Song Release The Jonas Brothers Are Burning With Ex… #url# </document>
    <document> miley cyrus and liam hemsworth cuddle on the red carpet with the look of love! newlyweds Liam Hemsworth and Miley Cyr… #url# </document>
    <document> Will Gendry take the throne? Game of Thrones star Joe Dempsie on those fan theories... move on to Jon Snow and Daene... #url# </document>
    <document> noah centineo was finally in trouble and oh boy oh how we missed you jesus. noah centineo did his good… #url# </document>
    <document> zayn malik confuses fans with gigi hadid love tweet what's going on between zayn malik and gigi hadid? the again... #url# </document>
    <document> why fans think taylor swift and katy perry are collaborating taylor swift and katy perry are collaborating for a new s… #url# </document>
    <document> george h.w. Sully, Bush's service dog, begins a new role at the military hospital 3 months after the death of President George H… #url# </document>
    <document> 7 of the Biggest Exploding News from Jordyn Woods' Red Table Interview Jordyn Woods opened up about cheating… #url# </document>
    <document> haley struggles to master the basics of baby in modern family directed by julie bowen julie bowen of modern family has a new… #url# </document>
    <document> Imagine Dragons' Dan Reynolds Reveals How Hateful Criticisms Contributed to His Depression Dan Reynolds isn't biting... #url# </document>
    <document> ben affleck and lindsay shookus go out for a walk in NYC ben affleck and lindsay shookus were spotted recently... #url# </document>
    <document> do this for the 'gram! ladygang girls prove you can bring envy-inducing social media snaps everywhere ladygang ga… #url# </document>
    <document> dj khaled to host 2019 Nickelodeon Kids Awards: See full list of 2019 Nickelodeon K nominations… #url# </document>
    <document> why the Jonas Brothers needed to disband to come back stronger - and more united - than ever, we're hooked on a reunion... #url# </document>
    <document> hailey baldwin sends her ''lover'' justin bieber a sweet message on his 25th birthday hailey baldwin has a special… #url# </document>
    <document> Katherine Helmond dead: who's boss? and the star of the soap was 89 Katherine Helmond, who starred in the soap sitcom and… #url# </document>
    <document> michael j. fox opens up about health fears during battle with parkinson's disease it's been more than 20 years since i… #url# </document>
    <document> Wynonna Earp fans rally to save show with billboard in Times Square Fans of Syfy's hit series Wynonna Earp have b… #url# </document>
    <document> watch the first minute of Pretty Little Liars: perfectionists prepare to have a cello cover of "bad romance"… #url# </document>
    <document> how justin bieber celebrated his 25th birthday it seems like a large group of people have had a bad case of bie... #url# </document>
    <document> good girl stars tease season 2's 'sexy twists' and surprising revelations who doesn't love 'sexy twists'? this is w… #url# </document>
    <document> pete davidson kicks heckler show over mac miller mention when a fan crosses the line, pete davidson doesn't pla… #url# </document>
    <document> You'll never guess Kate Middleton and Prince William's nickname for Princess Charlotte Princess Charlotte's nickname… #url# </document>
    <document> taylor swift reveals songs that helped her heal after 'bad breakups' never underestimate the power of music. en… #url# </document>
    <document> You Must See Nicki Minaj's $450,000 Rolls-Royce Nicki Minaj is the proud owner of a new Rolls-Royce, which is worth a… #url# </document>
    <document> kim kardashian says she had "one of the best days of her life" with Long Island psychic Theresa Caputo Kim Karda... #url# </document>
    <document> danielle and bobby married at first sight welcome baby girl and baby boy is three! married at first sight stars from… #url# </document>
    <document> Inside Jenni "jwoww" Farley's Incredibly Tough Year Last Year Feb. 27, jenni "jwoww" farley woke up to an instagram... #url# </document>
    <document> how maddie poppe and caleb lee hutchinson are hitting all the right notes after american idol nearly a year later... #url# </document>
    <document> matthew mcconaughey's 3 stylish sons make rare red carpet appearance alright alright alright--it's the mcconaug… #url# </document>
    <document> ariana grande and ex boyfriend big sean reunite 4 years after split thanks, next? not so fast! ariana grande raise… #url# </document>
    <document>Meghan Markle's stepsister Samantha Markle criticizes her in new documentary Meghan Markle 'has no heart' and I… #url# </document>
    <document> jonas brothers reunite for first song 5 years after disbandment: watch them perform "sucker" the rumors are true: the jon… #url# </document>
    <document> is Pauly D like you've never seen him before: performing a ballet game of clones, the latest crazy conceptual reality... #url# </document>
    <document> how Priyanka Chopra became one of India's leading female "trainees" apart from Miss World 2000, film and TV star... #url# </document>
    <document> ariana grande denies exploiting lgbtq community by performing at manchester pride ariana grande is at… #url# </document>
    <document> brie larson meeting a mini captain marvel will make your day mini me, is that you? brie larson chatted with a young… #url# </document>>
      <document> what's up with the real housewives of beverly hills and a dog named lucy? As their new tagline suggested, it was... #url# </document>
    <Document> Taylor Swift reveals the songs that helped her heal from 'bad breakups'. Never underestimate the power of music. it… #url# </document>
    <document> Riverdale's Luke Perry Hospitalized After Stroke Luke Perry was hospitalized Wednesday after suffering a stroke in Los Angeles... #url# </document>
    <document> Johnny Depp claims Amber Heart cheated on him with Elon Musk
    <document> The botched doctors have heartbreaking news for a famous patient Paul Nassif and Terry Dubrow made back-to-back s… #url# </document>
    <document> Khloe Kardashian says Tristan Thompson is responsible for breakup, not Jordan Woods. Khloe Kardashian had a change from... #url# </document>
    <document> things are going well on nikki bella's romantic date night dancing with artem chignvintsev from the stars, be… #url# </document>
    <Document> royal bartender! kate middleton pours a pint of beer in ireland anyone fancy a royal pint? Duchess of Cambridge ca… #url# </document>
    <document> how Maddie Poppe and Caleb Lee Hutchinson hit the right notes almost a year later after American Idol... #url# </document>
    <document> Watch Travis Scott Take an Adorable Call from Kylie Jenner on Carpool Karaoke Kylie Jenner Makes a Little Cam… #url# </document>
    <Document> Khloe Kardashian has accused Jordan Woods of lying about the Tristan Thompson cheating scandal
    <document> cardi b channels her inner cowgirl in a sexy pink outfit, yeehaw! cardi b took a fashion turn to the southwest via... #url# </document>
    <document> This beauty supplement is the reason people can't stop complimenting our skin. We're always on the hunt... #url# </document>
    <document> Imagine Dragons' Dan Reynolds reveals how hateful criticism contributed to his depression. Dan Reynolds doesn't bite... #url# </document>
    <document> Taylor Kinney likes a dodgy comment about Lady Gaga on Instagram for some Hollywood shade, look no further than tay... #url# </document>
    <Document> Who Won the Masked Singer? Well, now we know what happens when someone wins the masked singer! tonight's two-hour fi… #url# </document>
    <Document> Kristin Cavallari tested Jay Cutler's knowledge of her company &amp; it was just as hilarious as you think jay culte… #url# </document>
    <document> grey's anatomy cast says it all: who's the funniest? Who Cries Easiest? who will be the curviest? the cast of grey'… #url# </document>
    <document> how selma blair's multiple sclerosis diagnosis helped her find "humility and joy" in October, Selma Blair announced... #url# </document>
    <document> Pink shares cute photo with kids at first show of new tour Pink spent time with her two cutest fans before doing ... #url# </document>
    <Document> See What Tyler Henry Really Knows About His Khloe Kardashian, Tristan Thompson &amp; Jordan Wood's prediction has Tyler… #url# </document>
    <document> jennifer esposito sounds on the bradley cooper "ha" comment jennifer esposito explains what she meant when... #url# </document>
    <document> something that happened: the story of bradley cooper and jennifer esposito's shockingly brief marriage "ha", that's... #url# </document>
    <document> Johnny Depp files $50 million lawsuit against Amber Hear. Johnny Depp is taking Amber Hear to court over her allegation... #url# </document>
    <document> sophie turner and jessica chastain use their superpowers dark phoenix trailer sophie turner is looking for an answer... #url# </document>
    <document> jordyn woods' new world: how her whole life changed in an instant two weeks ago jordyn woods was a household name... #url# </document>
    <Document> Ed Sheeran is reportedly marrying Cherry Seaborn in secret winter weddingemony love is in the air for ed sheeran… #url# </document>
    <document> what the kardashians really thought of jordyn woods red table talk interview, now that jordyn woods has spoken, what... #url# </document>
    <document> zachary quinto and miles mcmillan break up after almost 6 years together zachary quinto and miles mcmillan are not m… #url# </document>
    <document> real housewives of atlanta peter thomas arrested for alleged check fraud former real housewives of atlanta star p… #url# </document>
    <document> 90 Day Fiancé's stud Johnson has divorce party at strip club after Larissa split 90 Day Fiancé's stud Johnson is... #url# </document>
    <Document> Amanda Bynes arrives at a psychiatric facility after relapsing Amanda Bynes gets help. the 32-year-old actress… #url# </document>
    <document> Jonas Brothers reunite for their first song 5 years after their split: Check out how they play "sucker" - the rumors are true: The Jonas... #url# </document>
    <Document> Courteney Cox recreates the classic boyfriend scene in real life, could this be any cuter? Sometimes life imitates fiction... #url# </document>
    <document> fyre Festival's Andy King reveals new details about this infamous oral sex scenario
    <document> Teresa Giudice addresses affair references, Joe Giudice deportation to the real housewives of New Jersey Reunion Teres… #url# </document>
    <document> watch Miley Cyrus infiltrate the workroom of Rupaul's Drag Race Miley Cyrus lives life on Rupaul's Drag Race.… #url# </document>
    <Document> Captain Marvel, Madea, Dumbo &amp; more: which march blockbuster do you see first in the cinema? February has c… #url# </document>
    <document> Taylor Swift Honored at the 2019 iheartradio Music Awards Taylor Swift continues to cement her reputation as... #url# </document>
    <Document> Love comes first, then marriage? into the future of jennifer lopez and alex rodriguez's steamy romance jen… #url# </document>
    <document> ariana grande sends a heartfelt message to her fans: You saved my life ariana grande sends some love to her loya... #url# </document>
    <document> 5 Things to Know About Playboy's 2019 Playmate of the Year Jordan Emanuel Playboy reveals the lucky girl who... #url# </document>
    <document> what jordyn woods told khloe kardashian and kylie jenner after the cheating scandal jordyn woods uncovers about him... #url# </document>
    <document> bekah martinez shares photo of "beautiful little girl" one month after birth bekah martinez gives everyone... #url# </document>
    <document> Jordan Woods breaks silence on Tristan Thompson's cheating scandal Jordan Woods breaks her silence amid cheating... #url# </document>
    <document> Travis Scott deletes his Instagram account after denying he cheated on Kylie Jenner Travis Scott deleted his Instagram account... #url# </document>
    <Document> John Mayer reveals the intimate thing he needs to do every day as John Mayer gets personal with Ellen Degeneres. the… #url# </document>
    <document> ariana grande sends a heartfelt message to her fans: You saved my life ariana grande sends some love to her loya... #url# </document>
    <Document> Game of Thrones Final Season Poster Revealed: Who Takes the Throne? The final season of Game of Thrones is upon us... #url# </document>
    <document> You won't believe how much money the property brothers drew and Jonathan Scott made last year, drew Scott and Jonathan... #url# </document>
    <document> brie larson is our fashion hero! See her best looks before becoming a captain
    <document> medium tyler henry responds to john oliver's recent criticism of hollywood psychics tyler henry is undeterred by skep… #url# </document>
    <document> danielle staub postpones wedding to oliver maier days after announcing engagement danielle staub's upcoming wedding... #url# </document>
    <Document> 90 Day Fiancé Star Larissa dos santos lima reveals the identity of her boyfriend Larissa dos santos l… #url# </document>
    <document> Bachelor's Whitney Bischoff and husband Ricky Angel are expecting their first child with former Bachelor star Whitney... #url# </document>
    <document> what do the kids from the gray's anatomy cast think about their parents' success? what is it like to have a parent on a... #url# </document>
    <document> Pink shares cute photo with kids at first show of new tour Pink spent time with her two cutest fans before doing ... #url# </document>
    <document> Bachelor Nation's Jade Roper and Tanner Tolbert reveal Bachelor's Paradise's Jade Roper Tolbe about her previous miscarriage... #url# </document>
    <document> kate middleton shows her athletic side during a visit to belfast with prince william kate middleton and prince william kic… #url# </document>
    <Document> is Jude Law employed? girlfriend phillipa coan sparks rumors with diamond ring will jude law be off the market soon?… #url# </document>
    <document> here are the front runners to be the next bachelorette: within the decision making process "a decision hasn't been made... #url# </document>
    <document> christina perri reveals she "almost" relapsed in a candid message about her "toughest" year christina perri has ever been... #url# </document>
    <document> the 100 star bob morley talks about “fat shame” on social media, talks about depression the 100’s bob morley has a … #url# </document>
    <document> The Jonas Brothers have secret concert days after releasing a new song
    <document> Miley Cyrus and Liam Hemsworth snuggle up in love looks on the red carpet! newlyweds liam hemsworth and miley cyr… #url# </document>
    <Document> will Gendry take the throne? Game of Thrones star Joe Dempsie on these fan theories... Move over Jon Snow and Daene... #url# </document>
    <document> noah centineo finally had good problems and oh boy oh how we missed you jesus. noah centineo did his good… #url# </document>
    <document> zayn malik confuses fans with gigi hadid love tweet what's up between zayn malik and gigi hadid? that again… #url# </document>
    <document> Why fans think Taylor Swift and Katy Perry are collaborating is Taylor Swift and Katy Perry teaming up for a new s... #url# </document>
    <Document> George H.W. Bush's service dog, Sully, is taking on a new role at the military hospital three months after the death of President George H... #url# </document>
    <document> 7 of the Biggest Bombshells From Jordan Wood's Red Table Talk Interview Jordan Woods has opened up about the scammer... #url# </document>
    <document> haley struggles to master baby basics in the modern family led by julie bowen julie bowen of modern family has a new... #url# </document>
    <document> Imagine Dragons' Dan Reynolds reveals how hateful criticism contributed to his depression. Dan Reynolds doesn't bite... #url# </document>
    <document> ben affleck and lindsay shookus taking a walk in nyc ben affleck and lindsay shookus were recently spotted... #url# </document>
    <document> do it for the gram! The ladygang chicks prove that anywhere the ladygang ga… #url# </document> you can snap envious social media snaps
    <document> DJ Khaled to host the 2019 Nickelodeon Kids' Choice Awards: See the full list of Nickelodeon K… #url# </document> nominations
    <document> why the Jonas brothers had to part ways to return stronger - and closer - than ever
    <document> hailey baldwin sends her "lover" justin bieber a sweet message for his 25th birthday hailey baldwin has a special… #url# </document>
    <Document> Katherine Helmond Dead: Who's Boss? and soap star was 89 katherine helmond, who starred in the sitcom soap and... #url# </document>
    <Document> Michael J. Fox speaks about health scares in the fight against Parkinson's disease. It's been more than 20 years since... #url# </document>
    <document> Wynonna Earp fans rally to save show with Times Square billboard Fans of hit Syfy series Wynonna Earp b… #url# </document>
    <document> Watch the first minute of Pretty Little Liars: The Perfectionists prepare for a cello cover of "Bad Romance"... #url# </document>
    <document> as justin bieber celebrated his 25th birthday, it seems like a large group of people caught a bad case of bie… #url# </document>
    <document> Good Girls stars tease Season 2's 'sexy twists' and surprising revelations, who doesn't love 'sexy twists'? that's w… #url# </document>
    <document> pete davidson throws out show heckles for mentioning mac miller when a fan crosses the line, pete davidson doesn't chatter... #url# </document>
    <document> You will never guess Kate Middleton and Prince William nickname for Princess Charlotte Nickname of Princess Charlotte… #url# </document>
    <Document> Taylor Swift reveals the songs that helped her heal from 'bad breakups'. Never underestimate the power of music. it… #url# </document>
    <document> You Must See Nicki Minaj's $450,000 Rolls-Royce Nicki Minaj is the proud owner of a new Rolls-Royce that's worth... #url# </document>
    <document> Kim Kardashian says she had "one of the best days of her life" with Long Island Medium's Theresa Caputo Kim Karda... #url# </document>
    <document> Married at first sight Danielle and Bobby Welcome Baby Girl and Baby makes three! Stars married at first sight since… #url# </document>
    <document> in jenni "jwoww" farley's incredibly tough year last year on feb. 27, jenni "jwoww" farley woke up to an Instagram… #url# </document>
    <document> how Maddie Poppe and Caleb Lee Hutchinson hit the right notes almost a year later after American Idol... #url# </document>
    <document> matthew mcconaughey's 3 stylish kids make a rare red carpet appearance alright alright alright - it's the mcconaughey... #url# </document>
    <Document> Ariana Grande and ex-boyfriend Big Sean reunite 4 years after their split. Thanks, next? not so fast! Ariana Grande Raise… #url# </document>
    <document> Meghan Markle's Half-Sister Samantha Markle Bangs Her In New Documentary Meghan Markle 'Has No Heart' And I... #url# </document>
    <document> Jonas Brothers reunite for their first song 5 years after their split: Check out how they play "sucker" - the rumors are true: The Jonas... #url# </document>
    <document> it's pauly d like you've never seen him before: a ballet of clones, the latest crazy concept reality... #url# </document>
    <document> how Priyanka Chopra became one of India's leading female "pioneers" aside from Miss World 2000, film and TV st… #url# </document>
    <document> ariana grande denies she is exploiting the lgbtq community by performing at manchester pride. ariana grande is address… #url# </document>
    <document> Brie Larson Meeting a mini-Captain Marvel will make your day a mini-me, is that you? brie larson was chatting with a young... #url# </document>