 >
      <document> jared leto goes full angsty bloodsucker in the 'morbius' trailer #hashtag# #url# </document>
    <document> 2019 junkers' choice award winners #hashtag# #url# </document>
    <document> oscar nominations 2020: here’s what we hope will happen #hashtag# #url# </document>
    <document> amazon has passed on the dark tower pilot #hashtag# #url# </document>
    <document> bad boys for life ending explained: what really happened? #hashtag# #url# </document>
    <document> how movie trailers are created #hashtag# #url# </document>
    <document> x-men’ and ‘pretty in pink’ producer lauren shuler donner to be honored at ace eddie awards #hashtag# #url# </document>
    <document> mel brooks is bringing his 'young frankenstein' musical to television #hashtag# #url# </document>
    <document> 'the graduate' screenwriter and 'get smart' co-creator buck henry dies at 89 #hashtag# #url# </document>
    <document> here's what chewbacca said to rey in star wars: rise of skywalker's 'it is' scene #hashtag# #url# </document>
    <document> sex education season 2 trailer #hashtag# #url# </document>
    <document> from cats to the goldfinch: oscarbait movies the academy shunned in 2020 #hashtag# #url# </document>
    <document> 'the secret commonwealth' review: can 'his dark materials' grow up? #hashtag# #url# </document>
    <document> watchmen season 2 update #hashtag# #url# </document>
    <document> noah hawley's star trek film may not include previous cast #hashtag# #url# </document>
    <document> why the incredibles 2 director wasn't worried about superhero fatigue #hashtag# #url# </document>
    <document> zombieland's ruben fleischer may helm sony's uncharted #hashtag# #url# </document>
    <document> new dispatches from elsewhere teaser highlights sally field's character #hashtag# #url# </document>
    <document> scott derrickson departs doctor strange in the multiverse of madness #hashtag# #url# </document>
    <document> streaming: celebrate fellini at 100 #hashtag# #url# </document>
    <document> why jordan peele resists question about us' ending and the tethered #hashtag# #url# </document>
    <document> my oscar goes to… our film critics reveal their personal shortlists #hashtag# #url# </document>
    <document> black widow featurette highlights natasha's multi-layered, lethal legacy #hashtag# #url# </document>
    <document> every remake and reboot heading to movie theaters in 2020 #hashtag# #url# </document>
    <document> disney wants taika waititi to develop a new 'star wars' movie #hashtag# #url# </document>
    <document> 'bad boys for life' review: even with the bayhem gone, the franchise ends on a high note #hashtag# #url# </document>
    <document> taika waititi 'invited to work on new star wars film' #hashtag# #url# </document>
    <document> the dark tower tv series cancelled by amazon #hashtag# #url# </document>
    <document> for your consideration: this season's most overlooked film performances #hashtag# #url# </document>
    <document> watch the latest trailers, film reviews and movie star interviews from all the studios, industry websites... #hashtag# #url# </document>
    <document> superhero bits: 'birds of prey' runtime revealed, new 'batman' game possibly teased &amp; more #hashtag# #url# </document>
    <document> like a boss review: an empty, misguided attempt to cash in on social trends #hashtag# #url# </document>
    <document> watchmen season 2 unlikely at hbo after lindelof exits series #hashtag# #url# </document>
    <document> jennifer lopez reveals oscar nominated role she still regrets turning down #hashtag# #url# </document>
    <document> now stream this: 'midsommar', 'inception', 'catch me if you can', 'donnie brasco', and more #hashtag# #url# </document>
    <document> 6 oscar nominations jordan peele's us should have gotten #hashtag# #url# </document>
    <document> superhero bits: adrianne palicki wants a mockingbird series, new 'bloodshot' trailer tomorrow &amp; more #hashtag# #url# </document>
    <document> no, the new mutants isn't an mcu movie #hashtag# #url# </document>
    <document> new godzilla vs. kong toy line hints at possible arrival of mechagodzilla #hashtag# #url# </document>
    <document> the community for movie fans! #hashtag# #url# </document>
    <document> 'brooklyn nine-nine' season 7 gets an 80s-style trailer #hashtag# #url# </document>
    <document> freddy reviews vhyes, an experimental film that hits all the right 80's vibes #hashtag# #url# </document>
    <document> silence of the lambs sequel series "clarice" coming from cbs #hashtag# #url# </document>
    <document> oscars 2020: best picture predictions #hashtag# #url# </document>
    <document> 2020 oscars to be held without a host, academy confirms #hashtag# #url# </document>
    <document> how waves unpicks the pressures of ‘black excellence’ #hashtag# #url# </document>
    <document> the oscars will have no host for the second year in a row #hashtag# #url# </document>
    <document> john boyega steamrolls his rise of skywalker critics with impressive video #hashtag# #url# </document>
    <document> critics’ choice awards 2020 full winners list #hashtag# #url# </document>
    <document> watch the full babu frik scene from rise of skywalker #hashtag# #url# </document>
    <document> the 2020 oscars will be host-less for second year in a row #hashtag# #url# </document>
    <document> the runaways review – confused family tragicomedy #hashtag# #url# </document>
    <document> macgruber tv series in development for nbc's streaming service #hashtag# #url# </document>
    <document> guns akimbo trailer: daniel radcliffe has a serious gun problem #hashtag# #url# </document>
    <document> what's your favourite movie? what was the last film that made you emotional? get involved with the debate... #hashtag# #url# </document>
    <document> the 'chucky' tv series gets a straight-to-series order at syfy #hashtag# #url# </document>
    <document> picard is almost upon us! evil ash is excited but shocked by stewart’s reason for coming back! #hashtag# #url# </document>
    <document> emilio estevez: ‘brat pack will be on my tombstone’ #hashtag# #url# </document>
    <document> andy muschietti confirms the flash movie is still based on flashpoint #hashtag# #url# </document>
    <document> 1917 review – sam mendes’s unblinking vision of the hell of war #hashtag# #url# </document>
    <document> chris rock says his saw movie has humor but 'it's not scary movie' #hashtag# #url# </document>
    <document> 'parasite' series from bong joon-ho and adam mckay will expand the movie #hashtag# #url# </document>
    <document> star wars' adam driver has a brilliant perspective on the force awakens' title #hashtag# #url# </document>
    <document> oscars 2020: best original screenplay predictions #hashtag# #url# </document>
    <document> tv bits: 'ragnarok', 'better things', 'saved by the bell', 'grey's anatomy' #hashtag# #url# </document>
    <document> jared leto on what drew him to the character of morbius #hashtag# #url# </document>
    <document> revisiting 'a bug's life,' pixar's frequently overlooked second film #hashtag# #url# </document>
    <document> chris rock goes full 1950s mob boss in first 'fargo' season 4 trailer #hashtag# #url# </document>
    <document> succession’s brian cox: ‘i was touched up by princess margaret’ #hashtag# #url# </document>
    <document> brad pitt reveals the reaction to seven's twist ending was not what he expected #hashtag# #url# </document>
    <document> demons, nazis &amp; l.a. in the teaser for penny dreadful: city of angels #hashtag# #url# </document>
    <document> guy pearce and devon sawa misfire in disturbing the peace #hashtag# #url# </document>
    <document> whether it's the latest hollywood blockbuster or an art-house independent film, you can read all about it... #hashtag# #url# </document>
    <document> superhero bits: 'falcon and the winter soldier' cancels puerto rico shoot, 'green arrow and the canaries'... #hashtag# #url# </document>
    <document> john cena credits dwayne johnson for changing the game for wrestlers in hollywood #hashtag# #url# </document>
    <document> 'the dark tower' tv series is not moving forward at amazon #hashtag# #url# </document>
    <document> disney+'s godmothered movie has cast its lead stars #hashtag# #url# </document>
    <document> 'fleabag' and 'killing eve' director to helm 'seance on a wet afternoon' #hashtag# #url# </document>
    <document> spider-man fans think morbius is leading to the sinister six #hashtag# #url# </document>
    <document> brooklyn nine-nine's seventh season goes retro with an 80s'-style trailer #hashtag# #url# </document>
    <document> captain america actress who allegedly killed her mother claims self-defense #hashtag# #url# </document>
    <document> morbius: fans are excited over 'killer' leaked image of comics accurate jared leto #hashtag# #url# </document>
    <document> hbo max teases details on their upcoming green lantern series #hashtag# #url# </document>
    <document> what's happening with bright 2, according to david ayer #hashtag# #url# </document>
    <document> corey hawkins joins hbo max's americanah limited series #hashtag# #url# </document>
    <document> strike back final season trailer previews team's one last mission #hashtag# #url# </document>
    <document> the outsider episode 1 recap #hashtag# #url# </document>
    <document> listen to the latest and best movie podcasts and stay informed on all the current movie news and reviews. #hashtag# #url# </document>
    <document> 'sergio' trailer: the complications of being "the world's mr. fix it" #hashtag# #url# </document>
    <document> 'twilight zone' season 2 cast announced and jordan peele wrote an episode this time #hashtag# #url# </document>
    <document> fright fight friday - evil spirits bracket r#hashtag# - hull house demon vs the cadaver #hashtag# #url# </document>
    <document> oscars 2020 nominations: full list of nominees including joker, little women and jojo rabbit #hashtag# #url# </document>
    <document> 'bombshell' wins big at the makeup and hairstyling guild awards #hashtag# #url# </document>
    <document> new black widow trailer properly introduces taskmaster! #hashtag# #url# </document>
    <document> oscars 2020: best documentary short subject predictions #hashtag# #url# </document>
    <document> devs trailer: alex garland's sci-fi series comes to hulu #hashtag# #url# </document>
    <document> lou ferrigno, tv's incredible hulk, to be sheriff's deputy in new mexico #hashtag# #url# </document>
    <document> weathering with you review – thrillingly beautiful anime romance #hashtag# #url# </document>
    <document> 'west side story' star rita moreno asked steven spielberg for rewrites – and she got them #hashtag# #url# </document>
    <document> marvel spins a web of intrigue and action in new black widow tv spot #hashtag# #url# </document>
   
>
      <document> jared leto becomes an angst-filled bloodsucker in 'morbius' trailer #hashtag# #url# </document>
    <document> Junkers' Choice 2019 Winners #hashtag# #url# </document>
    <document> oscar nominations 2020: here's what we hope will happen #hashtag# #url# </document>
    <document> amazon passed dark tower pilot #hashtag# #url# </document>
    <document> the bad boys for the end of life explained: what really happened? #hashtag# #url# </document>
    <document> how movie trailers are created #hashtag# #url# </document>
    <document> Lauren Shuler Donner, producer of x-men and Pretty in Pink, will be honored at the ace eddie awards #hashtag# #url# </document>
    <document> Mel Brooks is bringing his musical "Young Frankenstein" to television #hashtag# #url# </document>
    <document> buck henry, screenwriter of 'the graduate' and co-creator of 'get smart', dies at 89 #hashtag# #url# </document>
    <document> this is what chewbacca said to rey in star wars: rise of skywalker's 'it is' scene #hashtag# #url# </document>
    <document> Sex Ed Season 2 Trailer #hashtag# #url# </document>
    <document> From Cats to the Goldfinch: The Oscarbait Films Academy Skipped in 2020 #hashtag# #url# </document>
    <document> 'the secret commonwealth' review: Can 'its dark materials' grow? #hashtag# #url# </document>
    <document> watchmen season 2 update #hashtag# #url# </document>
    <document>Noah Hawley's Star Trek Movie May Not Include Previous Cast #hashtag# #url# </document>
    <document> why Incredibles 2 director wasn't worried about superhero fatigue #hashtag# #url# </document>
    <document>Zombieland's Ruben Fleischer may direct Sony's Uncharted #hashtag# #url# </document>
    <document> new dispatches from elsewhere teaser highlights sally field character #hashtag# #url# </document>
    <document> scott derrickson leaves Doctor Strange in the multiverse of madness #hashtag# #url# </document>
    <document> streaming: celebrate Fellini at 100 #hashtag# #url# </document>
    <document> why jordan peele resists the question about the end of us and the bond #hashtag# #url# </document>
    <document> my oscar goes to... our film critics reveal their personal shortlists #hashtag# #url# </document>
    <document> black widow featurette highlights natasha's multi-layered and deadly legacy #hashtag# #url# </document>
    <document> every remake and reboot in theaters in 2020 #hashtag# #url# </document>
    <document> disney wants taika waititi to develop a new "star wars" movie #hashtag# #url# </document>
    <document> 'Bad Boys For Life' Review: Even Without Bayhem, Franchise Ends On A Positive Note #hashtag# #url# </document>
    <document> taika waititi 'invited to work on new Star Wars movie' #hashtag# #url# </document>
    <document> the dark tower tv show canceled by amazon #hashtag# #url# </document>
    <document> For Your Consideration: This Season's Most Overlooked Film Performances #hashtag# #url# </document>
    <document> see the latest trailers, movie reviews and movie star interviews from all studios, industry websites... #hashtag# #url# </document>
    <document> superhero snippets: 'birds of prey' runtime revealed, new 'batman' game may be teased &amp; more #hashtag# #url# </document>
    <document> as a top review: an empty and misguided attempt to cash in on social trends #hashtag# #url# </document>
    <document> watchmen season 2 unlikely to hit hbo after lindelof leaves series #hashtag# #url# </document>
    <document> jennifer lopez reveals the oscar nominated role she still regrets turning down #hashtag# #url# </document>
    <document> now broadcast this: 'midsommar', 'inception', 'catch me if you can', 'donnie brasco' and more #hashtag# #url# </document>
    <document> 6 oscar nominations we jordan peele should have gotten #hashtag# #url# </document>
    <document> superhero snippets: adrianne palicki wants mockingbird series, new trailer for 'bloody' &amp; more #hashag# #url# </document>
    <document> no, the new mutants is not a mcu movie #hashtag# #url# </document>
    <document> the new Godzilla vs. toy line Kong mentions the possible arrival of Mechagodzilla #hashtag# #url# </document>
    <document> the community for cinema enthusiasts! #hashtag# #url# </document>
    <document> 'brooklyn nine-nine' season 7 gets 80s style trailer #hashtag# #url# </document>
    <document> freddy reviews vhyes, an experimental film that has all the right 80s vibes #hashtag# #url# </document>
    <document> Silence of the Lambs Sequel Series "Clarice" Sourced from CBS #hashtag# #url# </document>
    <document> oscars 2020: best image predictions #hashtag# #url# </document>
    <document> Oscars 2020 to be held without host, academy confirms #hashtag# #url# </document>
    <document> How Waves Resolve Pressures of "Black Excellence" #hashtag# #url# </document>
    <document> the oscars will not host for the second year in a row #hashtag# #url# </document>
    <document> john boyega crushes his rise among Skywalker critics with impressive video #hashtag# #url# </document>
    <document> complete list of 2020 critics awards winners #hashtag# #url# </document>
    <document> watch the whole scene of babu frik from rise of skywalker #hashtag# #url# </document>
    <document> the 2020 Oscars will be unhosted for the second consecutive year #hashtag# #url# </document>
    <document> the fugitives review – confused family tragicomedy #hashtag# #url# </document>
    <document> macgruber tv series in development for nbc streaming service #hashtag# #url# </document>
    <document> guns on hips trailer: daniel radcliffe has serious gun problem #hashtag# #url# </document>
    <document> what is your favorite movie? what was the last movie that made you emotional? join the discussion... #hashtag# #url# </document>
    <document> tv series 'chucky' receives an order directly from the series on syfy #hashtag# #url# </document>
    <document> picard is almost upon us! evil ash is excited but shocked why stewart is back! #hashtag# #url# </document>
    <document> emilio estevez: 'brat pack will be on my tombstone' #hashtag# #url# </document>
    <document> andy muschietti confirms flash movie is still based on flashpoint #hashtag# #url# </document>
    <document> 1917 Review: Sam Mendes' Deadpan View of the Hell of War #hashtag# #url# </document>
    <document> chris rock says his saw movie has humor but "it's not a scary movie" #hashtag# #url# </document>
    <document> Bong joon-ho and adam mckay's 'parasite' series will expand the film #hashtag# #url# </document>
    <document> star wars adam driver has a brilliant perspective on the force awakens title #hashtag# #url# </document>
    <document> oscars 2020: original screenplay best predictions #hashtag# #url# </document>
    <document> tv snippets: 'ragnarok', 'better things', 'saved by the bell', 'grey's anatomy' #hashtag# #url# </document>
    <document> explained to Leto what attracted him to the character of morbius #hashtag# #url# </document>
    <document> revisiting 'the life of a bug', the often overlooked second Pixar film #hashtag# #url# </document>
    <document> chris rock becomes 50's mob boss in first trailer for 'fargo' season 4 #hashtag# #url# </document>
    brian cox of <document> succession: "i was retouched by princess margaret" #hashtag# #url# </document>
    <document> Brad Pitt reveals reaction to Seven's final twist wasn't what he expected #hashtag# #url# </document>
    <document> demons, Nazis &amp; there. in penny dreadful teaser: city of angels #hashtag# #url# </document>
    <document> Guy Pearce and Devon Sawa failed to disturb the peace #hashtag# #url# </document>
    <document> whether it's the latest Hollywood blockbuster or an arthouse indie, you can read all about it... #hashtag# #url# </document>
    <document> superhero snippets: 'Falcon and the Winter Soldier' ​​cancels Puerto Rico filming, 'Greenarrow and the canaries'... #hashtag# #url# </document>
    <document> john cena credits dwayne johnson with changing the game for hollywood wrestlers #hashtag# #url# </document>
    <document> The TV series "The Dark Tower" is not running on amazon #hashtag# #url# </document>
    <document> the disney+ godmother film has chosen its protagonists #hashtag# #url# </document>
    <document> 'fleabag' and 'killing eve' director to direct 'seance on a wet evening' #hashtag# #url# </document>
    <document> Spider-Man fans think morbius is leading to the sinister six #hashtag# #url# </document>
    <document> Brooklyn nine-nine season seven goes retro with an 80s-style trailer #hashtag# #url# </document>
    <document> the captain america actress who allegedly killed her mother claims self-defense #hashtag# #url# </document>
    <document> Morbius: Fans Excited Over Leaked 'Killer' Image Comics Accurate Jared Leto #hashtag# #url# </document>
    <document> hbo max teases details on their upcoming green lantern series #hashtag# #url# </document>
    <document> what's going on with Bright 2, according to David Ayer #hashtag# #url# </document>
    <document> corey hawkins joins hbo max limited series americanah #hashtag# #url# </document>
    <document> Strike Back Final Season Trailer Showcases Team's Latest Mission #hashtag# #url# </document>
    <document> The Outsider episode 1 summary #hashtag# #url# </document>
    <document> listen to the latest and greatest movie podcasts and stay informed of all the current movie news and reviews. #hashtag# #url# </document>
    <document> Trailer of 'sergio': the complications of being "lord of the world fix it" #hashtag# #url# </document>
    <document> 'Twilight Zone' season 2 cast announced and this time jordan peele wrote an episode #hashtag# #url# </document>
    <document> fight fear friday - evil spirits in brackets r#hashtag# - demon house hull vs. corpse #hashtag# #url# </document>
    <document> oscar nominations 2020: full list of nominees including Joker, Little Women and Jojo Rabbit #hashtag# #url# </document>
    <document> 'bombshell' Wins Big at Hair and Makeup Guild Awards #hashtag# #url# </document>
    <document> new black widow trailer properly introduces taskmaster! #hashtag# #url# </document>
    <document> oscars 2020: best short documentary expected #hashtag# #url# </document>
    <document> developer trailer: alex garland's sci-fi series comes to hulu #hashtag# #url# </document>
    <document> lou ferrigno, tv's incredible hulk, will be sheriff's deputy in new mexico #hashtag# #url# </document>
    <document> holding up with your review – thrill animated love story #hashtag# #url# </document>
    <document> 'west side story' star Rita Moreno asked Steven Spielberg to rewrite it and got it #hashtag# #url# </document>
    <document> Marvel weaves a web of intrigue and action in new Black Widow TV commercial #hashtag# #url# </document>>
      <document> jared leto becomes a fearful bloodsucker in the 'Morbius' trailer #hashtag# #url# </document>
    <document> Winner of the 2019 Junkers' Choice Award #hashtag# #url# </document>
    <document> Oscar nominations 2020: Here's what we hope will happen #hashtag# #url# </document>
    <document> Amazon has passed on the Dark Tower pilot #hashtag# #url# </document>
    <Document> Bad Boys for Life Ending Explained: What Really Happened? #Hashtag# #URL# </document>
    <document> how movie trailers are made #hashtag# #url# </document>
    <document> x-men and pretty in pink producer Lauren Shuler Donner are honored at the Ace Eddie Awards #hashtag# #url# </document>
    <document> Mel Brooks brings his musical Young Frankenstein to TV #hashtag# #url# </document>
    <document> 'The graduate' screenwriter and 'Get Smart' co-creator Buck Henry dies aged 89 #hashtag# #url# </document>
    <document> here is what chewbacca said to rey in star wars: rise of skywalker's 'it is' scene #hashtag# #url# </document>
    <document> Sex Education Season 2 Trailer #hashtag# #url# </document>
    <document> From Cats to Goldfinches: Oscarbait Movies the Academy Avoided in 2020 #hashtag# #url# </document>
    <Document> 'The Secret Commonwealth' Review: Can 'His Dark Materials' Grow Up? #Hashtag# #URL# </document>
    <document> Watchmen Season 2 Update #hashtag# #url# </document>
    <document> Noah Hawley's Star Trek film may not feature a previous cast #hashtag# #url# </document>
    <document> why the director of Incredibles 2 wasn't worried about superhero fatigue #hashtag# #url# </document>
    <document> zombieland's ruben fleischer could lead Sony's Uncharted #hashtag# #url# </document>
    <document> Teaser for new cables from elsewhere highlights character of Sally Field #hashtag# #url# </document>
    <document> Scott Derrickson leaves Doctor Strange in the multiverse of madness #hashtag# #url# </document>
    <document> streaming: Celebrate Fellini with 100 #hashtag# #url# </document>
    <document> why Jordan Peele resists the question about our ending and the attached #hashtag# #url# </document>
    <document> my oscar goes to… our film critics reveal their personal shortlists #hashtag# #url# </document>
    <document> Black Widow Featurette sheds light on Natasha's multi-layered, deadly legacy #hashtag# #url# </document>
    <document> every remake and reboot hitting theaters in 2020 #hashtag# #url# </document>
    <document> Disney wants Taika Waititi to develop a new Star Wars movie #hashtag# #url# </document>
    <document> Bad Boys for Life Review: Even without Bayhem, the franchise ends on a high note #hashtag# #url# </document>
    <document> taika waititi 'invited to work on new star wars film' #hashtag# #url# </document>
    <document> The Dark Tower TV series discontinued by Amazon #hashtag# #url# </document>
    <document> for your consideration: this season's most overlooked film screenings #hashtag# #url# </document>
    <document> Check out the latest trailers, movie reviews and movie star interviews from every studio, industry website... #hashtag# #url# </document>
    <document> Superhero Bits: Birds of Prey Runtime Revealed, New Batman Game Possibly Teased &amp; more #hashtag# #url# </document>
    <document> like a boss review: an empty, misguided attempt to capitalize on social trends #hashtag# #url# </document>
    <document> Watchmen season 2 unlikely on HBO after Lindelof leaves series #hashtag# #url# </document>
    <document> jennifer lopez reveals oscar-nominated role she still regrets turning it down #hashtag# #url# </document>
    Stream <document> now: 'midsommar', 'inception', 'catch me if you can', 'donnie brasco' and more #hashtag# #url# </document>
    <document> 6 Oscar nominations we should have gotten from Jordan Peele #hashtag# #url# </document>
    <Document> Superhero Bits: Adriane Palicki wants a mockingbird series, new trailer for 'Bloodshot' tomorrow &amp; more #hashag# #url# </document>
    <document> no, The New Mutants is not an MCU movie #hashtag# #url# </document>
    <document> New Godzilla vs. Kong series hints at possible arrival of Mechagodzilla #hashtag# #url# </document>
    <document> the community for film fans! #Hashtag# #URL# </document>
    <document> brooklyn nine-nine Season 7 Gets 80's Style Trailer #hashtag# #url# </document>
    <document> Freddy reviews vhyes, an experimental film that hits just the right 80s vibe #hashtag# #url# </document>
    <document> Silence of Lambs sequel series "clarice" coming from cbs #hashtag# #url# </document>
    <document> Oscars 2020: Best Picture Predictions #hashtag# #url# </document>
    <document> Oscars 2020 to go hostless, Academy confirms #hashtag# #url# </document>
    <document> how waves lift the pressure of “black excellence” #hashtag# #url# </document>
    <document> The Oscars will be unhosted for the second year running #hashtag# #url# </document>
    <document> John Boyega rolls over his rise to the Skywalker critics with a stunning video #hashtag# #url# </document>
    <document> Criticals' Choice Awards 2020 full list of winners #hashtag# #url# </document>
    <document> Watch the full Babu Frik scene from Skywalker's Rise #hashtag# #url# </document>
    <document> The 2020 Oscars will be hostless for the second year running #hashtag# #url# </document>
    <document> the runaways review - confused family tragedy #hashtag# #url# </document>
    <document> macgruber tv series in development for nbc streaming service #hashtag# #url# </document>
    <document> Guns trailer akimbo: Daniel Radcliffe has a serious gun problem #hashtag# #url# </document>
    <document> what is your favorite movie? What was the last film that touched you emotionally? Join the debate... #hashtag# #url# </document>
    <document> The TV series Chucky receives a direct series order from syfy #hashtag# #url# </document>
    <Document> Picard is almost with us! evil ash is excited but shocked at Stewart's reason for his return! #Hashtag# #URL# </document>
    <document> emilio estevez: "Brats pack will be on my tombstone" #hashtag# #url# </document>
    <document> Andy Muschietti confirms that the Flash movie is still based on Flashpoint #hashtag# #url# </document>
    <document> Flashback to 1917 - Sam Mendes' unwavering vision of the hell of war #hashtag# #url# </document>
    <document> Chris Rock says his movie has humor but "not a scary movie" is #hashtag# #url# </document>
    <document> The "Parasites" series by Bong Joon-ho and Adam Mckay expands on the film #hashtag# #url# </document>
    <document> Adam Driver from Star Wars has a brilliant perspective on the #hashtag# #url# </document> title of the Force Awakens
    <document> Oscars 2020: Best Original Screenplay Predictions #hashtag# #url# </document>
    <document> tv bits: 'ragnarok', 'better things', 'saved by the bell', 'grey's anatomy' #hashtag# #url# </document>
    <document> jared leto on what drew him to Morbius #hashtag# #url# </document>
    <document> revisited 'a bug's life', Pixar's oft-overlooked second film #hashtag# #url# </document>
    <document> Chris Rock becomes a full-fledged 1950s crime boss in the first Fargo Season 4 trailer #hashtag# #url# </document>
    <document> Succession's Brian Cox: "I was touched by Princess Margaret" #hashtag# #url# </document>
    <document> Brad Pitt reveals that the reaction to Seven's twist ending wasn't what he expected #hashtag# #url# </document>
    <Document> Demons, Nazis &amp; la in the teaser for Penny Dreadful: City of Angels #hashtag# #url# </document>
    <document> Guy Pearce and Devon saw a backfire in disturbing the peace #hashtag# #url# </document>
    <document> Whether it's the latest Hollywood blockbuster or an arthouse independent film, you can read all about it... #hashtag# #url# </document>
    <Document> Superhero Bits: 'Falcon and the Winter Soldier' ​​Cancels Puerto Rico Shoot, 'GreenArrow and the canaries... #hashtag# #url# </document>
    <document> John Cena credits Dwayne Johnson with changing the game for wrestlers in Hollywood #hashtag# #url# </document>
    <document> The Dark Tower TV series is stuck on Amazon #hashtag# #url# </document>
    <document> Disney+'s godfather film has cast its leads #hashtag# #url# </document>
    <document> Fleabag and Killing Eve Director Directs Seance on a Wet Afternoon #hashtag# #url# </document>
    <document> Spider-Man fans believe Morbius leads to the Sinister Six #hashtag# #url# </document>
    <document> Brooklyn Nine-Nine Season 7 goes retro with an 80's themed trailer #hashtag# #url# </document>
    <document> Captain America actress who allegedly killed her mother claims self-defense #hashtag# #url# </document>
    <document> morbius: fans excited about leaked 'killer' pic of comics exact jared leto #hashtag# #url# </document>
    <document> hbo max teases details about their upcoming Green Lantern series #hashtag# #url# </document>
    <document> what is happening with Bright 2, according to David ayer #hashtag# #url# </document>
    <document> corey hawkins joins the hbo max americanah limited series #hashtag# #url# </document>
    <document> Strike Back Final Season Trailer previews the team's final mission #hashtag# #url# </document>
    <document> the Outsider episode 1 recap #hashtag# #url# </document>
    <Document> Listen to the latest and greatest movie podcasts and stay up to date with all the latest movie news and reviews. #Hashtag# #URL# </document>
    <document> 'Sergio' trailer: The complications of being "the world's mr. fix it" #hashtag# #url# </document>
    <document> The Twilight Zone season 2 cast has been announced and Jordan Peele has written an episode this time #hashtag# #url# </document>
    <document> Dreadmatch Friday - Evil Spirits Bracket r#hashtag# - Hull House Demon vs. Carcass #hashtag# #url# </document>
    <document> Oscars 2020 nominations: full list of nominees including Joker, Little Women and Jojo Rabbit #hashtag# #url# </document>
    <document> 'Bombshell' wins big at Makeup & Hairstyling Guild Awards #hashtag# #url# </document>
    <Document> New Black Widow Trailer Properly Introduces Taskmaster! #Hashtag# #URL# </document>
    <document> oscars 2020: Best Documentary Short Topic Predictions #hashtag# #url# </document>
    <document> Developer Trailer: Alex Garland's sci-fi series is coming to hulu #hashtag# #url# </document>
    <document> Lou Ferrigno, television's incredible behemoth, becomes New Mexico's deputy sheriff #hashtag# #url# </document>
    <document> Weathering with you review – excitingly beautiful anime romance #hashtag# #url# </document>
    <document> west side story star rita moreno asked steven spielberg for paraphrases — and she got them #hashtag# #url# </document>
    <document> marvel weaves a web of intrigue and action in the new Black Widow TV spot #hashtag# #url# </document>