 
	<document> biden: more us troops to eastern europe soon - #hashtag# #hashtag# #hashtag# #url# </document>
		<document> wake-up call 25/1: new corona press conference • court of almelo handles attack on lawyer in gronau - #hashtag# #hashtag# #hashtag# #hashtag# #url# </document>
		<document> ap explains: burkina faso at risk for more unrest after coup - #hashtag# #hashtag# #hashtag# #hashtag# #url# </document>
		<document> farmers, opposition protest spain's rural policies - #hashtag# #hashtag# #hashtag# #hashtag# #hashtag# #url# </document>
		<document> western pacific regional director accused of abuse and discrimination, who says it is investigating - #hashtag#,_switzerland #hashtag# #hashtag# #hashtag# #hashtag# #hashtag# #hashtag# #hashtag# #hashtag# #hashtag# #hashtag# #url# </document>
		<document> french police brutally attack protesting students - #hashtag# #url# </document>
		<document> wikileaks founder will be able to take extradition decision to the supreme court - #hashtag# #hashtag# #url# </document>
		<document> money to save the corals: a drop on a hot reef - #hashtag# #hashtag# #url# </document>
		<document> indonesia's military says 3 soldiers killed in papua clash - #hashtag#,_switzerland #hashtag# #hashtag# #hashtag# #hashtag# #hashtag# #hashtag# #hashtag# #hashtag# #hashtag# #hashtag# #hashtag# #hashtag# #url# </document>
		<document> german caution on arms to ukraine rooted in history, energy - #hashtag# #hashtag# #hashtag# #hashtag# #hashtag# #url# </document>
		<document> keidanren chairman tokura “welcome to strengthen cooperation between japan and the united states” - #hashtag# #hashtag# #url# </document>
		<document> with omicron, hope for an end to the pandemic is emerging in europe according to the who - #hashtag# #hashtag# #hashtag# #hashtag# #url# </document>
		<document> these are the goals pursued by the major powers in the ukraine conflict - #hashtag# #hashtag# #hashtag# #url# </document>
		<document> seventh of this month, north korea draws attention again with missile test - #hashtag# #hashtag# #hashtag# #hashtag# #hashtag# #hashtag# #hashtag# #url# </document>
		<document> us navy reveals fate of fighter jet that suffered ‘mishap’ near china - #hashtag# #hashtag# #hashtag# #hashtag# #url# </document>
		<document> attacks against the emirates: 'a new page is opening in the conflict in yemen' - #hashtag# #hashtag# #hashtag# #hashtag# #hashtag# #url# </document>
		<document> is militants holed up in syria prison on 4th day of clashes - #hashtag# #hashtag# #hashtag# #url# </document>
		<document> former pope was at meeting where pedophile priest discussed - #hashtag# #hashtag# #hashtag# #hashtag# #hashtag# #url# </document>
		<document> new record in the number of daily cases in georgia - # #url# </document>
		<document> high pollution risk over the beijing olympics - the burden on the environment is limited, but some damage is only relocated - #hashtag# #hashtag# #hashtag# #hashtag# #hashtag# #url# </document>
		<document> board approves fiscal plan for puerto rico amid bankruptcy - #hashtag# #hashtag# #hashtag# #url# </document>
		<document> in finland, the low level of corruption in the world, korona has worsened the situation in many other countries - #hashtag# #hashtag# #hashtag# #hashtag# #hashtag# #hashtag# #hashtag# #hashtag# #hashtag# #url# </document>
		<document> biden to nominate african american woman for supreme court - #hashtag# #hashtag# #hashtag# #url# </document>
		<document> dog proposed as ‘better governor’ for us state - #hashtag# #hashtag# #url# </document>
		<document> understand the conflict between russia and ukraine and how it affects brazil - #hashtag#,_d.c. #hashtag# #hashtag# #hashtag# #hashtag# #hashtag# #hashtag# #hashtag# #hashtag# #hashtag# #hashtag# #hashtag# #hashtag# #url# </document>
		<document> russia reportedly transports blood, medical equipment to troops bordering ukraine - #hashtag# #hashtag# #hashtag# #hashtag# #hashtag# #url# </document>
		<document> request to accompany the hashtag 'uae ministry of defense scandal' - #hashtag# #hashtag# #url# </document>
		<document> north korea conducts its biggest missile launch today; south korea, japan and us condemn the launch - #hashtag# #hashtag# #hashtag# #hashtag# #hashtag# #hashtag# #hashtag# #hashtag# #hashtag# #hashtag# #url# </document>
		<document> russian foreign ministry criticizes nato approach - #hashtag# #hashtag# #hashtag# #hashtag# #url# </document>
		<document> uk to apply sanctions if russia tries to ‘install puppet regime’ in ukraine - minister - #hashtag# #hashtag# #hashtag# #hashtag# #hashtag# #hashtag# #hashtag# #url# </document>
		<document> death toll rises to 8 in cameroon stadium crush; 38 injured - #hashtag# #hashtag# #hashtag# #hashtag# #hashtag# #url# </document>
		<document> mayor of france calls for participation in demonstration against far-right zemmour - #hashtag# #url# </document>
		<document> ukraine crisis usa - usa seeks to give an image of unity with its allies against russia - #hashtag# #hashtag# #hashtag# #hashtag# #hashtag# #hashtag# #hashtag# #hashtag# #url# </document>
		<document> iraq launches operation against terrorist organization daesh - #hashtag# #url# </document>
		<document> kazakh policemen discover weapons cache with assault rifles, grenade launcher - #hashtag# #hashtag# #hashtag# #url# </document>
		<document> oil spill in peru: lima declares a 90-day 'environmental emergency' - #hashtag# #hashtag# #hashtag# #url# </document>
		<document> snowstorm in the usa: more than 100 thousand people were left without electricity - #hashtag#,_ohio #hashtag# #hashtag# #hashtag# #hashtag# #hashtag# #hashtag# #hashtag# #hashtag# #url# </document>
		<document> north korea says it test-launched cruise missiles this week - media - #hashtag#,_switzerland #hashtag# #hashtag# #hashtag# #hashtag# #hashtag# #hashtag# #hashtag# #hashtag# #hashtag# #hashtag# #hashtag# #hashtag# #hashtag# #hashtag# #url# </document>
		<document> britain intends to provide nato with a large amount of additional troops and military equipment - #hashtag# #hashtag# #hashtag# #hashtag# #hashtag# #hashtag# #hashtag# #hashtag# #hashtag# #hashtag# #url# </document>
		<document> west fails to act adequately out of annoyance at belarusian achievements, president says - #hashtag#,_switzerland #hashtag# #hashtag# #hashtag# #hashtag# #hashtag# #hashtag# #hashtag# #hashtag# #hashtag# #hashtag# #hashtag# #hashtag# #url# </document>
		<document> communists in duma propose message to putin for recognition of donbass republics - #hashtag# #hashtag# #hashtag# #hashtag# #hashtag# #url# </document>
		<document> successful hacking of zionist regime cctv cameras - #hashtag# #url# </document>
		<document> west africa has witnessed four military coups in the last 15 months. - #hashtag# #hashtag# #hashtag# #hashtag# #url# </document>
		<document> the winter olympics will take place right by the desert - where it does not snow - #hashtag# #hashtag# #hashtag# #url# </document>
		<document> taliban hold first talks in europe since afghan takeover - #hashtag# #hashtag# #hashtag# #hashtag# #hashtag# #url# </document>
		<document> the houthis carried out a drone attack on saudi arabia: 2 injured - #hashtag# #hashtag# #hashtag# #hashtag# #url# </document>
		<document> boat capsized off florida: 39 missing - #hashtag#,_florida #hashtag# #hashtag# #hashtag# #url# </document>
		<document> blizzard and strong winds affect the eastern united states, and many places enter a state of emergency - #hashtag# #hashtag#,_d.c. #hashtag# #hashtag# #hashtag# #url# </document>
		<document> us calls un security council for meet over ukraine-russian tension - #hashtag# #hashtag# #hashtag# #url# </document>
		<document> light at the end of the covid tunnel? expert sees new strains but dangerous ones unlikely - #hashtag# #hashtag# #url# </document>
		<document> french president to speak by phone with putin, zelensky soon - administration - #hashtag# #hashtag# #url# </document>
		<document> ukraine russia: blinken rejects moscow's key demands - #hashtag# #hashtag# #hashtag# #hashtag# #url# </document>
		<document> germany has expelled a russian diplomat revealed - #hashtag# #hashtag# #hashtag# #url# </document>
		<document> taliban summit on violence against women: - our soldiers do not beat anyone without trial - #hashtag# #hashtag# #hashtag# #hashtag# #hashtag# #hashtag# #hashtag# #hashtag# #url# </document>
		<document> 'millions of children can't read because of school closures' - #hashtag# #hashtag# #url# </document>
		<document> pregnant new zealand journalist unable to return to country due to 'strict' quarantine - #hashtag# #hashtag# #hashtag# #hashtag# #hashtag# #hashtag# #hashtag# #url# </document>
		<document> record in germany: the number of cases exceeded 200 thousand - #hashtag# #hashtag# #url# </document>
		<document> believes climate change will make the winter olympics more dangerous for athletes - #hashtag# #hashtag# #hashtag# #url# </document>
		<document> canadian department store drivers gather in capital to protest mandatory vaccination regulations - #hashtag# #hashtag# #hashtag# #hashtag# #url# </document>
		<document> kazakhstan’s tokayev says he plans to visit moscow in feb to ink agreements with russia - #hashtag#,_switzerland #hashtag# #hashtag# #hashtag# #hashtag#-sultan #hashtag# #hashtag# #hashtag# #hashtag# #hashtag# #hashtag# #hashtag# #hashtag# #hashtag# #hashtag# #url# </document>
		<document> joe biden and eu allies call on russia to de-escalate - #hashtag# #hashtag# #hashtag# #hashtag# #url# </document>
		<document> report into uk government's alleged breaches of covid-19 rules expected to be published as soon as this week - #hashtag# #hashtag# #hashtag# #hashtag# #url# </document>
		<document> 6.2-magnitude earthquake hits waters off tonga, no casualties and damage reported - #hashtag#ʻalofa #hashtag# #url# </document>
		<document> research: coffee growing areas will be cut in half by 2050 - #hashtag# #url# </document>
		<document> 80,000 massachusetts customers are expected to lose power due to snowstorms along the northeastern coast of the united states - #hashtag# #hashtag#,_d.c. #hashtag# #hashtag# #hashtag# #hashtag# #hashtag# #url# </document>
		<document> north korea defiantly accelerates weapons program - missile tests conducted almost a couple of times a week in january - #hashtag# #hashtag# #hashtag# #hashtag# #hashtag# #hashtag# #hashtag# #url# </document>
		<document> former secretary of state johnson: i was fired because i was a muslim - #hashtag# #hashtag# #hashtag# #hashtag# #url# </document>
		<document> fda bans ‘trump’ antibody treatment - #hashtag# #url# </document>
		<document> is isis returning to syria? the organization made its biggest blow in years last week and could inspire networks in europe as well - #hashtag# #hashtag# #hashtag# #hashtag# #hashtag# #url# </document>
		<document> northern ethiopia 2 million people extreme food crisis in battle united nations ceasefire - #hashtag# #hashtag# #hashtag# #hashtag# #hashtag# #hashtag# #hashtag# #hashtag# #url# </document>
		<document> islamic jihad movement: resistance is the only way to liberate the palestinian people - #hashtag# #hashtag# #hashtag# #url# </document>
		<document> usa ukraine - usa puts 8,500 soldiers on alert due to escalation of tension with russia - #hashtag# #hashtag# #hashtag# #hashtag# #hashtag# #hashtag# #url# </document>
		<document> lavrov emphasizes the west's sabotage of the return of syrian refugees - #hashtag# #hashtag# #hashtag# #url# </document>
		<document> australia says it found ‘son of omicron’ amid covid surge - #hashtag#,_switzerland #hashtag# #hashtag# #hashtag# #hashtag# #hashtag# #hashtag# #hashtag# #hashtag# #hashtag# #hashtag# #hashtag# #url# </document>
		<document> yemeni ambassador to iran: there is a good opportunity to end the war - #hashtag# #hashtag# #hashtag# #url# </document>
		<document> sri lanka to coalisland: 'we felt like only people of colour in our town' - #hashtag# #hashtag# #hashtag# #hashtag# #hashtag# #hashtag# #hashtag# #hashtag# #hashtag# #hashtag# #hashtag# #hashtag# #url# </document>
		<document> husband says iran sentenced activist wife to prison, lashes - #hashtag#,_switzerland #hashtag# #hashtag# #hashtag# #hashtag# #hashtag# #hashtag# #hashtag# #hashtag# #hashtag# #hashtag# #hashtag# #hashtag# #hashtag# #hashtag# #hashtag# #url# </document>
		<document> malaysia's ex-pm mahathir on road to recovery in hospital - #hashtag# #hashtag# #hashtag# #hashtag# #hashtag# #url# </document>
		<document> trudeau moved to secure location amid trucker protests - cbc - # #url# </document>
		<document> a review of nato deployment in the baltic states and eastern europe - #hashtag# #hashtag# #hashtag# #hashtag# #hashtag# #hashtag# #hashtag# #url# </document>
		<document> united government - johnson faces a decisive week as the 'partygate' report is released - #hashtag# #hashtag# #hashtag# #url# </document>
		<document> covid-19 death toll in the us approaches 880,000 - #hashtag# #url# </document>
		<document> kazakhstan’s unrest was masterminded by professionals, president tokayev says - #hashtag#,_switzerland #hashtag# #hashtag# #hashtag# #hashtag#-sultan #hashtag# #hashtag# #hashtag# #hashtag# #hashtag# #hashtag# #hashtag# #hashtag# #hashtag# #url# </document>
		<document> syrian refugees in turkey: first welcome, now harassed and looked away - #hashtag# #hashtag# #hashtag# #hashtag# #hashtag# #url# </document>
		<document> newly-appointed u.s. ambassador to china burns takes office - #hashtag# #hashtag# #hashtag# #url# </document>
		<document> the dead end of the italian presidential election opened - sergio mattarella, 80, continues for a second term - #hashtag# #hashtag# #hashtag# #hashtag# #url# </document>
		<document> al-dilami: what is happening in yemen is war crimes - #hashtag# #hashtag# #hashtag# #hashtag# #url# </document>
		<document> report: humanitarian crisis doubled in gaza - #hashtag# #url# </document>
		<document> man accused of threatening to kill ‘serpent’ biden - #hashtag# #url# </document>
		<document> trudeau isolates after being exposed to someone with covid - #hashtag# #hashtag# #url# </document>
		<document> at least 6 dead after suspected trampling outside a stadium in cameroon - #hashtag# #hashtag# #hashtag# #hashtag# #url# </document>
		<document> 2 priests, 2 lay people to be beatified in el salvador - #hashtag# #hashtag# #hashtag# #hashtag# #url# </document>
		<document> the news in drawing: the ukrainian crisis, a war of nerves before a new cold war? - #hashtag# #hashtag# #hashtag# #hashtag# #hashtag# #url# </document>
		<document> turkey: syrian refugees expelled for skits on bananas - #hashtag# #hashtag# #hashtag# #hashtag# #hashtag# #hashtag# #hashtag# #url# </document>
		<document> uk to use pfizer's covid-19 pill in two weeks - #hashtag# #hashtag# #url# </document>
		<document> the broadcast of january 29: problems due to more rail transport // sex education must change // angry truckers in canada - #hashtag# #hashtag# #hashtag# #hashtag# #url# </document>
		<document> perfect tans, less covid cares on rio de janeiro rooftop - #hashtag# #hashtag# #hashtag# #hashtag# #hashtag# #url# </document>
		<document> the number of daily cases in france is 428 thousand - #hashtag# #url# </document>
		<document> us considers deploying american troops in baltics, eastern europe - ny times daily - #hashtag# #hashtag# #hashtag# #hashtag# #hashtag# #url# </document>
		<document> the us plans to send russia written response on security guarantees today — tv - #hashtag# #hashtag# #hashtag# #hashtag# #hashtag# #hashtag# #url# </document>
		<document> russia 'possibility of invasion' ukrainian president appeals for the need to keep calm - #hashtag#,_washington #hashtag#(state) #hashtag#,_texas #hashtag# #hashtag# #hashtag# #hashtag# #hashtag# #url# </document>
		<document> greek premier in hot water over snowstorm impact - # #url# </document>
		<document> alarm of the widespread spread of omicron in russia - #hashtag# #hashtag# #url# </document>
		<document> covid still ‘full of nasty and cunning’ surprises – who official - # #url# </document>
		<document> if he had lost 37 kilos, he would have gone to space. - #hashtag# #url# </document>
		<document> one self-defense forces member supporting tonga corona infection isolation measures at accommodation in australia - #hashtag#ʻalofa #hashtag# #hashtag# #hashtag# #hashtag# #url# </document>
		<document> fox news host banned from youtube for anti-mask video - #hashtag# #hashtag# #hashtag# #hashtag# #hashtag# #url# </document>
		<document> kremlin: nato's increased military deployment is a sign of 'hysteria' - #hashtag# #hashtag# #hashtag# #hashtag# #hashtag# #url# </document>
		<document> russian foreign minister “countermeasures if there is no constructive response from the united states” - # #url# </document>
		<document> seven bangladeshi migrants on boat die of hypothermia near italy - #hashtag# #hashtag# #hashtag# #url# </document>
		<document> uk muslim mp accuses government of ousting her because of her faith - #hashtag# #hashtag# #hashtag# #hashtag# #url# </document>
		<document> thai province declares emergency as oil slick hits beach - #hashtag# #hashtag# #hashtag# #url# </document>
		<document> 325 million euro support from the eu to syrian refugees in turkey - #hashtag# #hashtag# #hashtag# #hashtag# #hashtag# #hashtag# #url# </document>
		<document> un chief tells security council: afghanistan ‘hanging by a thread’ - #hashtag# #hashtag# #hashtag# #hashtag# #hashtag# #url# </document>
		<document> ukraine crisis: russian attack would be 'horrific', us warns - #hashtag# #hashtag# #hashtag# #url# </document>
		<document> germany to send 5,000 helmets to ukraine - #hashtag# #hashtag# #hashtag# #hashtag# #url# </document>
		<document> the uae and saudi arabia are under attack by the houthis, which they 'want to put on the terrorist list' - #hashtag#,_tennessee #hashtag# #hashtag# #hashtag# #hashtag# #hashtag# #hashtag# #hashtag# #url# </document>
		<document> burkina faso: the headquarters of the ruling party set on fire, shots fired in several barracks - #hashtag# #hashtag# #hashtag# #hashtag# #hashtag# #hashtag# #hashtag# #url# </document>
		<document> quarantine lifted in xi'an city in china - #hashtag# #hashtag# #url# </document>
		<document> nuclear iran - iran rejects the release of us prisoners as a condition of the nuclear pact - #hashtag# #hashtag# #hashtag# #hashtag# #url# </document>
		<document> dpr reports deployment of ukrainian multiple missile launcher systems to slavyansk - #hashtag# #url# </document>
		<document> vatican cardinal complains prosecutors asked about sex life - #hashtag# #hashtag# #hashtag# #hashtag# #url# </document>
		<document> texas man pleads guilty to smuggling migrants in coffin - #hashtag# #hashtag# #hashtag# #hashtag# #url# </document>
		<document> beach boys star brian wilson looks back at his life in new film - #hashtag#,_california #hashtag# #hashtag# #hashtag# #hashtag# #hashtag# #url# </document>
		<document> at least the omicrons were taken over by the french - #hashtag#,_ohio #hashtag# #hashtag# #hashtag# #url# </document>
		<document> beijing olympics health management app widens concerns about monitoring and information extraction - #hashtag# #hashtag# #hashtag# #hashtag# #hashtag# #url# </document>
		<document> stone-throwing israeli settlers attack palestinian village - #hashtag# #hashtag# #hashtag# #hashtag# #url# </document>
		<document> burkina faso: did france play a role in the overthrow of president roch kaboré? - #hashtag# #hashtag# #hashtag# #hashtag# #hashtag# #hashtag# #hashtag# #url# </document>
		<document> suspected islamic extremists kill 69 people in western niger - #hashtag# #hashtag# #hashtag# #hashtag# #hashtag# #url# </document>
		<document> 'one does not know how seriously the taliban mean their promises' - #hashtag# #hashtag# #url# </document>
		<document> the us shrine that claims to hold gandhi's ashes - #hashtag# #hashtag# #url# </document>
		<document> a global thank you to the kuwaiti teen tennis player - #hashtag# #url# </document>
		<document> new dimensions of the american child murder case - #hashtag# #url# </document>
		<document> italian coast guard reports 7 dead in migrant crossing - #hashtag# #hashtag# #hashtag# #url# </document>
		<document> spacex rocket to make first-ever ‘unintended lunar impact’ - #hashtag# #url# </document>
		<document> electricity crisis in central asia: energy and national security on the agenda - #hashtag# #hashtag# #hashtag# #hashtag# #hashtag# #hashtag# #url# </document>
		<document> the number of cases in japan renewed the record: over 70 thousand for the first time - #hashtag# #hashtag# #url# </document>
		<document> kazakhstan’s president says he plans to serve no more than two terms - #hashtag#,_switzerland #hashtag# #hashtag# #hashtag# #hashtag#-sultan #hashtag# #hashtag# #hashtag# #hashtag# #hashtag# #hashtag# #hashtag# #hashtag# #hashtag# #hashtag# #url# </document>
		<document> emphasizing efforts to improve education for taliban women in afghanistan - #hashtag# #hashtag# #hashtag# #hashtag# #hashtag# #url# </document>
		<document> ukraine calls to be 'firm' with moscow, the british army prepares a deployment - #hashtag# #hashtag# #hashtag# #hashtag# #hashtag# #hashtag# #hashtag# #hashtag# #hashtag# #hashtag# #hashtag# #url# </document>
		<document> south korea gdp of last year + 4% year-on-year - #hashtag# #hashtag# #hashtag# #hashtag# #hashtag# #url# </document>
		<document> can-2022: follow live the 8th between cameroon and the comoros, reduced to 10 and without a goalkeeper - #hashtag#,_comoros #hashtag# #hashtag# #hashtag# #hashtag# #hashtag# #hashtag# #url# </document>
		<document> envoy antonov calls us claims of ‘repressions’ in chechnya meddling in russia’s affairs - #hashtag# #hashtag# #hashtag# #hashtag# #hashtag# #hashtag# #url# </document>
		<document> european court of auditors: 5g rollout too slow and fragmented - #hashtag# #hashtag# #url# </document>
		<document> nato’s military activity near csto borders in no way strengthens security - csto chief - #hashtag# #hashtag# #hashtag# #hashtag# #hashtag# #hashtag# #hashtag# #url# </document>
		<document> islamic state tries to put itself back on the map - #hashtag# #hashtag# #url# </document>
		<document> italy top court: venezuela's ex-oil czar can't be extradited - #hashtag# #hashtag# #hashtag# #hashtag# #hashtag# #hashtag# #url# </document>
		<document> instagram and snapchat sued over alleged role in girl’s suicide - #hashtag# #url# </document>
		<document> rockets hit near baghdad airport, damage abandoned plane - #hashtag# #hashtag# #hashtag# #url# </document>
		<document> france reacts to its citizen being sentenced to prison in iran - #hashtag# #hashtag# #hashtag# #hashtag# #hashtag# #hashtag# #url# </document>
		<document> covid-19 detected in 23 people on the ship carrying aid to tonga - #hashtag#ʻalofa #hashtag# #hashtag# #hashtag# #url# </document>
		<document> white house: biden has no intention of sending troops to ukraine - #hashtag# #hashtag# #hashtag# #hashtag# #hashtag# #url# </document>
		<document> iran's ambassador to the un: sanctions against syria must end - #hashtag# #hashtag# #hashtag# #hashtag# #url# </document>
		<document> ethiopian ethnic minority government airstrikes announce 56 deaths - #hashtag# #hashtag# #hashtag# #url# </document>
		<document> migrant boat sinks off tunisia: 6 dead - #hashtag# #hashtag# #hashtag# #url# </document>
		<document> ukraine says west must remain stance and vigilant in dialogue with russia - #hashtag#,_switzerland #hashtag# #hashtag# #hashtag# #hashtag# #hashtag# #hashtag# #hashtag# #hashtag# #hashtag# #hashtag# #hashtag# #hashtag# #hashtag# #url# </document>
		<document> csto peacekeeping mission in kazakhstan was legal, they never fired a shot, tokayev says - #hashtag#,_switzerland #hashtag# #hashtag# #hashtag# #hashtag#-sultan #hashtag# #hashtag# #hashtag# #hashtag# #hashtag# #hashtag# #hashtag# #hashtag# #hashtag# #hashtag# #url# </document>
		<document> 'sad clown' sutinah symbolic of corona poverty in indonesia - #hashtag# #hashtag# #hashtag# #url# </document>
		<document> argentina ready to resume discussion of npp construction project with russia - president - #hashtag# #hashtag# #hashtag# #hashtag# #hashtag# #hashtag# #hashtag# #hashtag# #url# </document>
		<document> nfl tom brady retires from active us media - #hashtag# #hashtag# #url# </document>
		<document> ny market price rises over $ 500 with expectations for the future of corporate performance - #hashtag# #hashtag# #hashtag# #hashtag# #url# </document>
		<document> singer neil young quits spotify over covid-19 'misinformation' - #hashtag# #hashtag# #hashtag# #url# </document>
		<document> greece disrupted by heavy snow, even the islands are white - #hashtag# #hashtag# #hashtag# #hashtag# #url# </document>
		<document> president biden to nominate someone to supreme court for the first time - #hashtag# #hashtag# #url# </document>
		<document> can-2022: vincent aboubakar, captain and guide of cameroon - #hashtag# #hashtag# #hashtag# #hashtag# #hashtag# #hashtag# #url# </document>
		<document> abuse report: pope benedict xvi. admits false testimony - #hashtag# #hashtag# #hashtag# #hashtag# #hashtag# #url# </document>
		<document> chinese air force alarms taiwan with massive flyby - #hashtag# #hashtag# #hashtag# #hashtag# #url# </document>
		<document> important news of the last 12 hours / native americans victims of nuclear test - #hashtag# #hashtag# #hashtag# #hashtag# #hashtag# #hashtag# #hashtag# #hashtag# #hashtag# #hashtag# #hashtag# #hashtag# #hashtag# #url# </document>
		<document> jail for main character from netflix hit tiger king reduced by year - #hashtag#,_california #hashtag# #hashtag# #hashtag# #url# </document>
		<document> in russia's initial reactions, a knockout on western security policy responses - #hashtag#,_d.c. #hashtag# #hashtag# #hashtag# #hashtag# #hashtag# #hashtag# #hashtag# #hashtag# #hashtag# #hashtag# #url# </document>
		<document> uk police arrest another 2 men over texas hostage siege - #hashtag# #hashtag# #hashtag# #hashtag# #hashtag# #hashtag# #hashtag# #hashtag# #hashtag# #url# </document>
		<document> nfl 'best player ever' tom brady retires - #hashtag# #url# </document>
		<document> burkina faso coup - the president of burkina faso resigns after the military coup - #hashtag# #hashtag# #hashtag# #hashtag# #hashtag# #hashtag# #hashtag# #url# </document>
		<document> nangarhar police announced the arrest of a number of isis members - #hashtag# #hashtag# #url# </document>
		<document> un calls for evacuation of children trapped in besieged syrian prison - #hashtag# #hashtag# #url# </document>
		<document> lavrov repeats: as far as russia is concerned, no war with ukraine, zelensky: panic unjustified - #hashtag# #hashtag# #hashtag# #hashtag# #hashtag# #url# </document>
		<document> who chief warns against talk of 'endgame' in pandemic - #hashtag# #url# </document>
		<document> watch biden insult reporter over inflation - #hashtag# #url# </document>
		<document> the space telescope james webb reached its destination - #hashtag#,_maine #hashtag# #hashtag# #hashtag# #hashtag# #hashtag# #url# </document>
		<document> japan adds more than 84,000 confirmed cases, hitting record high for five consecutive days - #hashtag# #hashtag# #hashtag# #hashtag# #url# </document>
		<document> snowstorm in the usa: cargo plane skidded and crashed into luggage carts - #hashtag# #hashtag# #hashtag# #url# </document>
		<document> portugal elections - the socialists remain favorites but the psd closes the gap in portugal, according to polls - #hashtag# #hashtag# #hashtag# #hashtag# #url# </document>
		<document> ministry of economy to have office in washington, dc - #hashtag#,_d.c. #hashtag# #hashtag# #hashtag# #hashtag# #hashtag# #hashtag# #hashtag# #hashtag# #url# </document>
		<document> concern of the austrian secret services over the influx of foreign 'antivax' - #hashtag# #hashtag# #url# </document>
		<document> dutch appeals court convicts child abuser of manslaughter - #hashtag# #hashtag# #hashtag# #url# </document>
		<document> whut?! greek beaches under a thick layer of snow - #hashtag# #url# </document>
		<document> prince andrew demands jury trial in sex abuse lawsuit - #hashtag# #hashtag# #url# </document>
		<document> pence reveals how long it’s been since he’s spoken to trump - #hashtag# #url# </document>
		<document> at least eight dead in cameroon due to oppression in africa cup game - #hashtag# #hashtag# #hashtag# #hashtag# #hashtag# #hashtag# #url# </document>
		<document> new co-chairs of the green party in germany announced - #hashtag# #hashtag# #hashtag# #hashtag# #url# </document>
		<document> norway does not join nato escalation in the east - #hashtag# #hashtag# #hashtag# #hashtag# #hashtag# #hashtag# #hashtag# #hashtag# #hashtag# #hashtag# #hashtag# #url# </document>
		<document> evacuation decision from canada to families of diplomatic personnel in ukraine - #hashtag# #hashtag# #hashtag# #url# </document>
		<document> zhuohuisi said he supports johnson 100%, pointing out that he is most concerned about the situation in ukraine - #hashtag# #hashtag# #hashtag# #url# </document>
		<document> can-2022: mali and equatorial guinea back to back, follow the round of 16 - #hashtag#,_equatorial_guinea #hashtag# #hashtag# #hashtag# #hashtag# #hashtag# #hashtag# #hashtag# #hashtag# #hashtag# #hashtag# #url# </document>
		<document> scientist makes ‘once in a lifetime’ insect discovery - #hashtag# #hashtag# #url# </document>
		<document> new omicron cases in china: has started with anal testing again - #hashtag# #url# </document>
		<document> biden reportedly considering sending thousands of additional u.s. troops to eastern europe - #hashtag# #hashtag# #url# </document>
		<document> rights group says lebanese staffer targeted with nso spyware - #hashtag#,_switzerland #hashtag# #hashtag# #hashtag# #hashtag# #hashtag# #hashtag# #hashtag# #hashtag# #hashtag# #hashtag# #url# </document>
		<document> honduras' next president sworn in amid uncertainty - #hashtag#,_california #hashtag# #hashtag# #hashtag# #hashtag# #hashtag# #hashtag# #url# </document>
		<document> asean foreign ministers' meeting to be held next month discussions on how to deal with myanmar? - #hashtag#,_california #hashtag# #hashtag# #hashtag# #hashtag# #hashtag# #hashtag# #hashtag# #hashtag# #hashtag# #hashtag# #url# </document>
	  <document> biden: Soon more US troops to Eastern Europe - #hashtag# #hashtag# #hashtag# #url# </document>
<document> Wake-up call January 25: New Corona press conference • Almelo court processes attack on lawyer in Gronau - #hashtag# #hashtag# #hashtag# #hashtag# #url# </document>
<document> ap explains: Burkina Faso faces further unrest after coup - #hashtag# #hashtag# #hashtag# #hashtag# #url# </document>
<document> Peasants, opposition protest Spain's rural policy - #hashtag# #hashtag# #hashtag# #hashtag# #hashtag# #url# </document>
<Document> Western Pacific Regional Director accused of abuse and discrimination and says investigating - #hashtag#,_switzerland #hashtag# #hashtag# #hashtag# #hashtag# #hashtag# #hashtag# #hashtag# #hashtag# #hashtag# #hashtag# #url# </document>
<document> French police brutally attack protesting students - #hashtag# #url# </document>
<document> Wikileaks founder will be able to bring an extradition decision to the Supreme Court - #hashtag# #hashtag# #url# </document>
<document> Money to save the coral: a drop on a hot reef - #hashtag# #hashtag# #url# </document>
<Document> Indonesian military says 3 soldiers killed in conflict in Papua - #hashtag#,_switzerland #hashtag# #hashtag# #hashtag# #hashtag# #hashtag# #hashtag# #hashtag# #hashtag# #hashtag# #hashtag# #hashtag # #hashtag# #url# </document>
<document> german arms warning to ukraine rooted in history, energy - #hashtag# #hashtag# #hashtag# #hashtag# #hashtag# #url# </document>
<document> Keidanren Chairman Tokura "Welcome to Strengthening Cooperation between Japan and the United States" - #hashtag# #hashtag# #url# </document>
<document> with omicron there is hope in europe after the who - #hashtag# #hashtag# #hashtag# #hashtag# #url# </document> for an end to the pandemic
<document> these are the goals of the great powers in the Ukraine conflict - #hashtag# #hashtag# #hashtag# #url# </document>
<document> On the seventh of this month, North Korea will draw attention to itself again with a missile test - #hashtag# #hashtag# #hashtag# #hashtag# #hashtag# #hashtag# #hashtag# #url# </document>
<Document> US Navy reveals fate of fighter jet that suffered 'mishap' near China - #hashtag# #hashtag# #hashtag# #hashtag# #url# </document>
<Document> Attacks on the Emirates: "A new page opens in the conflict in Yemen" - #hashtag# #hashtag# #hashtag# #hashtag# #hashtag# #url# </document>
<Document> shows militants holed up in Syrian prison on day 4 of clashes - #hashtag# #hashtag# #hashtag# #url# </document>
<Document> The former Pope was at a meeting where a pedophile priest discussed - #hashtag# #hashtag# #hashtag# #hashtag# #hashtag# #url# </document>
<document> new record for number of daily cases in Georgia - # #url# </document>
<document> high risk of pollution via the Olympic Games in Beijing - environmental pollution is limited, but some damage is only relocated - #hashtag# #hashtag# #hashtag# #hashtag# #hashtag# #url# </document>
<document> Board of Directors approves financial plan for Puerto Rico amid bankruptcy - #hashtag# #hashtag# #hashtag# #url# </document>
<document> in finland, the low level of corruption in the world, corona has worsened the situation in many other countries - #hashtag# #hashtag# #hashtag# #hashtag# #hashtag# #hashtag# #hashtag# #hashtag# # hashtag# #url# </document>
<document> Biden on nominating an African American woman for the Supreme Court - #hashtag# #hashtag# #hashtag# #url# </document>
<document> Dog proposed as "better governor" for US state - #hashtag# #hashtag# #url# </document>
<Document> Understand the conflict between Russia and Ukraine and how it affects Brazil – #hashtag#,_d.c. #hashtag# #hashtag# #hashtag# #hashtag# #hashtag# #hashtag# #hashtag# #hashtag# #hashtag# #hashtag# #hashtag# #hashtag# #url# </document>
<Document> Russia is reportedly transporting blood and medical supplies to troops on the border with Ukraine - #hashtag# #hashtag# #hashtag# #hashtag# #hashtag# #url# </document>
<documentnt> Prompt to accompany the hashtag “UAE defense scandal” - #hashtag# #hashtag# #url# </document>
<Document> North Korea Conducts Its Largest Missile Launch Today; South Korea, Japan and we condemn the launch - #hashtag# #hashtag# #hashtag# #hashtag# #hashtag# #hashtag# #hashtag# #hashtag# #hashtag# #hashtag# #url# </document>
<document> Russian Foreign Ministry criticizes NATO actions - #hashtag# #hashtag# #hashtag# #hashtag# #url# </document>
<document> UK imposes sanctions if Russia attempts to install 'puppet regime' in Ukraine - Minister - #hashtag# #hashtag# #hashtag# #hashtag# #hashtag# #hashtag# #hashtag# #url# </document >
<Document> Death toll rises to 8 in crowds at Cameroon stadium; 38 violated - #hashtag# #hashtag# #hashtag# #hashtag# #hashtag# #url# </document>
<document> Mayor of France calls for participation in demonstration against far-right Zemmour - #hashtag# #url# </document>
<document> ukraine crisis usa - the usa and their allies want to convey a picture of unity against russia - #hashtag# #hashtag# #hashtag# #hashtag# #hashtag# #hashtag# #hashtag# #hashtag# #url# </ document>
<Document> Iraq launches operation against terrorist organization Daesh - #hashtag# #url# </Document>
<document> Kazakh police officers discover weapon cache with assault rifles, grenade launchers - #hashtag# #hashtag# #hashtag# #url# </document>
<document> Oil spill in Peru: Lima declares 90-day "environmental emergency" - #hashtag# #hashtag# #hashtag# #url# </document>
<Document> US snowstorm left more than 100,000 people without power - #hashtag#,_ohio #hashtag# #hashtag# #hashtag# #hashtag# #hashtag# #hashtag# #hashtag# #hashtag# #url# </ document>
<Document> North Korea says it tested cruise missiles this week - Media - #hashtag#,_switzerland #hashtag# #hashtag# #hashtag# #hashtag# #hashtag# #hashtag# #hashtag# #hashtag# #hashtag# #hashtag # #hashtag# #hashtag# #hashtag# #hashtag# #url# </document>
<Document> Britain intends to provide NATO with a large amount of additional troops and military equipment - #hashtag# #hashtag# #hashtag# #hashtag# #hashtag# #hashtag# #hashtag# #hashtag# #hashtag# #hashtag # # URL# </document>
<document> West is not acting appropriately out of anger at Belarusian achievements, says President - #hashtag#,_switzerland #hashtag# #hashtag# #hashtag# #hashtag# #hashtag# #hashtag# #hashtag# #hashtag# #hashtag# #hashtag # #hashtag# #hashtag# #url# </document>
<Document> Communists in the Duma propose to Putin a message recognizing the Donbass republics - #hashtag# #hashtag# #hashtag# #hashtag# #hashtag# #url# </document>
<Document> Successful hacking of Zionist regime surveillance cameras - #hashtag# #url# </Document>
<Document> West Africa has seen four military coups in the past 15 months. - #hashtag# #hashtag# #hashtag# #hashtag# #url# </document>
<document> The Winter Olympics are taking place right in the desert - where it doesn't snow - #hashtag# #hashtag# #hashtag# #url# </document>
<document> Taliban hold first talks in Europe since Afghan takeover - #hashtag# #hashtag# #hashtag# #hashtag# #hashtag# #url# </document>
<Document> Houthis conducted drone strike on Saudi Arabia: 2 injured - #hashtag# #hashtag# #hashtag# #hashtag# #url# </document>
<document> Boat capsized off Florida: 39 missing - #hashtag#,_florida #hashtag# #hashtag# #hashtag# #url# </document>
<Document> Blizzard and strong winds hit eastern United States and many places enter states of emergency - #hashtag# #hashtag#,_d.c. #hashtag# #hashtag# #hashtag# #url# </document>
<document> We call the UN Security Council to meet on Ukrainian-Russian tensions - #hashtag# #hashtag# #hashtag# #url# </document>
<Document> Light at the end of the Corona tunnel? Expert thinks new strains unlikely - #hashtag# #hashtag# #url# </document>
<document> The French President will soon be on the phone with Putin and Zelensky - administration - #hashtag# #hashtag# #url# </document>
<document> ukraine russia: blinking rejects moscow main demands - #hashtag# #hashtag# #hashtag# #hashtag# #url# </document>
<document>Germany expelled a Russian diplomat - #hashtag# #hashtag# #hashtag# #url# </document>
<document> Taliban summit on violence against women: - our soldiers do not beat anyone without a trial - #hashtag# #hashtag# #hashtag# #hashtag# #hashtag# #hashtag# #hashtag# #hashtag# #url# </document>
<document> "Millions of children can't read because of school closures" - #hashtag# #hashtag# #url# </document>
<document> pregnant New Zealand journalist unable to return to country due to 'strict' quarantine - #hashtag# #hashtag# #hashtag# #hashtag# #hashtag# #hashtag# #hashtag# #url# </document>
<Document> Record in Germany: the number of cases has exceeded 200,000 - #hashtag# #hashtag# #url# </document>
<document> believes climate change will make Winter Olympics more dangerous for athletes - #hashtag# #hashtag# #hashtag# #url# </document>
<document> Canadian shopkeepers rally in capital to protest mandatory vaccination requirements - #hashtag# #hashtag# #hashtag# #hashtag# #url# </document>
<Document> Kazakhstan's Tokayev says he plans to visit Moscow in February to sign agreements with Russia - #hashtag#,_switzerland #hashtag# #hashtag# #hashtag# #hashtag#-sultan #hashtag# #hashtag# #hashtag # #hashtag# #hashtag# #hashtag# #hashtag# #hashtag# #hashtag# #hashtag# #url# </document>
<document> Joe Biden and EU allies urge Russia to de-escalate - #hashtag# #hashtag# #hashtag# #hashtag# #url# </document>
<Document> Report on alleged UK government breaches of Covid-19 rules, expected to be released later this week - #hashtag# #hashtag# #hashtag# #hashtag# #url# </document>
<document> 6.2 magnitude earthquake strikes waters off Tonga, no casualties or damage reported - #hashtag#ʻalofa #hashtag# #url# </document>
<document> Research: Coffee growing areas will be halved by 2050 - #hashtag# #url# </document>
<Document> 80,000 customers in Massachusetts are expected to be affected by power outages due to snowstorms on the Northeast Coast of the United States - #hashtag# #hashtag#,_d.c. #hashtag# #hashtag# #hashtag# #hashtag# #hashtag# #url# </document>
<document> north korea defiantly accelerates weapons program - in january missile tests will be conducted almost a few times a week - #hashtag# #hashtag# #hashtag# #hashtag# #hashtag# #hashtag# #hashtag# #url# </document>
<Document> Former Secretary of State Johnson: I was fired for being a Muslim - #hashtag# #hashtag# #hashtag# #hashtag# #url# </document>
<document> FDA bans "Trump" antibody treatment - #hashtag# #url# </document>
<document> isis returning to syria? the organization made its biggest hit in years last week and was also able to inspire networks in europe - #hashtag# #hashtag# #hashtag# #hashtag# #hashtag# #url# </document>
<document> Northern Ethiopia 2 million people extreme food crisis fighting United Nations ceasefire - #hashtag# #hashtag# #hashtag# #hashtag# #hashtag# #hashtag# #hashtag# #hashtag# #url# </document>
<Document> Islamic Jihad Movement: Resistance is the only way to liberate the Palestinian people - #hashtag# #hashtag# #hashtag# #url# </document>
<document> usa ukraine - usa puts 8,500 soldiers on alert over escalating tensions with russia - #hashtag# #hashtag# #hashtag# #hashtag# #hashtag# #hashtag# #url# </document>
<document> Lavrov emphasizes Western sabotage of return Syrian refugees - #hashtag# #hashtag# #hashtag# #url# </document>
<Document> Australia says it found 'son of Omicron' amid Covid wave - #hashtag#,_switzerland #hashtag# #hashtag# #hashtag# #hashtag# #hashtag# #hashtag# #hashtag# #hashtag# # hashtag# #hashtag # #hashtag# #url# </document>
<document> Yemeni Ambassador to Iran: There is a good opportunity to end the war - #hashtag# #hashtag# #hashtag# #url# </document>
<document> sri lanka to coalisland: 'we felt like onlypeople of color in our city' - #hashtag# #hashtag# #hashtag# #hashtag# #hashtag# #hashtag# #hashtag# #hashtag# #hashtag# #hashtag# #hashtag# #hashtag# #url# </document >
<Document> Husband says Iran sentenced activist to jail, lashes - #hashtag#,_switzerland #hashtag# #hashtag# #hashtag# #hashtag# #hashtag# #hashtag# #hashtag# #hashtag# #hashtag# # hashtag# #hashtag# #hashtag# #hashtag# #hashtag# #hashtag# #url# </document>
<Document> Malaysia's ex-PM Mahathir recovering in hospital - #hashtag# #hashtag# #hashtag# #hashtag# #hashtag# #url# </document>
<document> trudeau has been moved to a safe location amid trucker protests - cbc - # #url# </document>
<document> a review of the NATO deployment in the Baltic States and Eastern Europe - #hashtag# #hashtag# #hashtag# #hashtag# #hashtag# #hashtag# #hashtag# #url# </document>
<document> United Government - Johnson faces pivotal week as 'Partygate' report is released - #hashtag# #hashtag# #hashtag# #url# </document>
<Document> US death toll from Covid-19 nears 880,000 – #hashtag# #url# </Document>
<document> Kazakhstan's unrest was led by professionals, says President Tokayev - #hashtag#,_switzerland #hashtag# #hashtag# #hashtag# #hashtag#-sultan #hashtag# #hashtag# #hashtag# #hashtag# #hashtag# #hashtag # #hashtag# #hashtag# #hashtag# #url# </document>
<Document> Syrian refugees in Turkey: first welcome, now harassed and looking the other way - #hashtag# #hashtag# #hashtag# #hashtag# #hashtag# #url# </document>
<Document> newly appointed US Ambassador to China Burns takes office - #hashtag# #hashtag# #hashtag# #url# </document>
<document> the impasse of the italian presidential election has opened - sergio mattarella, 80, continues for a second term - #hashtag# #hashtag# #hashtag# #hashtag# #url# </document>
<document> al-dilami: What is happening in Yemen is war crimes - #hashtag# #hashtag# #hashtag# #hashtag# #url# </document>
<document> report: humanitarian crisis in Gaza doubles - #hashtag# #url# </document>
<document> Man accused of threatening to kill "Serpent" Biden - #hashtag# #url# </document>
<document> trudeau isolates after being exposed to someone with covid - #hashtag# #hashtag# #url# </document>
<Document> At least 6 dead after alleged trampling outside stadium in Cameroon - #hashtag# #hashtag# #hashtag# #hashtag# #url# </document>
<Document> 2 priests, 2 lay people to be beatified in El Salvador - #hashtag# #hashtag# #hashtag# #hashtag# #url# </document>
<document> the news in drawing: the crisis in ukraine, a war of nerves before a new cold war? - #hashtag# #hashtag# #hashtag# #hashtag# #hashtag# #url# </document>
<Document> Turkey: Syrian refugees expelled for sketches on bananas - #hashtag# #hashtag# #hashtag# #hashtag# #hashtag# #hashtag# #hashtag# #url# </document>
<document> UK to use Pfizer's Covid-19 pill in two weeks - #hashtag# #hashtag# #url# </document>
<document> the January 29 broadcast: Problems caused by increased rail traffic // sex education needs to change // angry truckers in Canada - #hashtag# #hashtag# #hashtag# #hashtag# #url# </document>
<document> perfect tan, less covid care on the rooftop of Rio de Janeiro - #hashtag# #hashtag# #hashtag# #hashtag# #hashtag# #url# </document>
<document> the number of daily cases in France is 428,000 – #hashtag# #url# </document>
<document> We are considering deploying American troops in the Baltics, Eastern Europe - multiple times a day - #hashtag# #hashtag# #hashtag# #hashtag# #hashtag# #url# </document>
<document> the US plans to send Russia a written response on security guarantees today — tv - #hashtag# #hashtag# #hashtag# #hashtag# #hashtag# #hashtag# #url# </document>
<Document> Russia "possibility of invasion" Ukrainian President appeals to the need to keep calm #url# </dokument>
<document> Greek Prime Minister in hot water due to snowstorm hit - # #url# </ddocument>
<document> alarm about the widespread distribution of omicron in russia - #hashtag# #hashtag# #url# </document>
<document> is still "full of nasty and cunning" surprises - who's official - # #url# </document>
<Document> If he had lost 37 kilos, he would have gone into space. - #hashtag# #url# </document>
<Document> a Self-Defense Forces member supporting measures to isolate Tonga corona infection at a shelter in Australia - #hashtag#ʻalofa #hashtag# #hashtag# #hashtag# #hashtag# #url# </document>
<document> Fox News host banned from YouTube for antimask video - #hashtag# #hashtag# #hashtag# #hashtag# #hashtag# #url# </document>
<document> kremlin: increased nato deployment is a sign of 'hysteria' - #hashtag# #hashtag# #hashtag# #hashtag# #hashtag# #url# </document>
<document> Russian Foreign Minister "Countermeasures if there is no constructive response from the United States" - # #url# </document>
<document> Seven Bangladeshi migrants die of hypothermia on boat near Italy - #hashtag# #hashtag# #hashtag# #url# </document>
<document> UK Muslim MP accuses government of ousting her for her faith - #hashtag# #hashtag# #hashtag# #hashtag# #url# </document>
<document> Thailand province declares state of emergency as oil slick hits beach - #hashtag# #hashtag# #hashtag# #url# </document>
<document> 325 million euros of eu support for syrian refugees in turkey - #hashtag# #hashtag# #hashtag# #hashtag# #hashtag# #hashtag# #url# </document>
<Document> Chief tells Security Council Afghanistan 'hangs by a thread' - #hashtag# #hashtag# #hashtag# #hashtag# #hashtag# #url# </document>
<document> Ukraine crisis: Russian attack would be 'terrible', we warn - #hashtag# #hashtag# #hashtag# #url# </document>
<document> Germany sends 5,000 helmets to Ukraine - #hashtag# #hashtag# #hashtag# #hashtag# #url# </document>
<Document> The UAE and Saudi Arabia are under attack by the Houthis, who "want to put them on the terror list" - #hashtag#,_tennessee #hashtag# #hashtag# #hashtag# #hashtag# #hashtag# #hashtag# #hashtag # #URL# </document>
<Document> Burkina Faso: Ruling party headquarters set on fire, shots fired in several barracks - #hashtag# #hashtag# #hashtag# #hashtag# #hashtag# #hashtag# #hashtag# #url# </document>
<document> Quarantine lifted in Xi'an city, China - #hashtag# #hashtag# #url# </document>
<document> Nuclear Iran - Iran rejects the release of us prisoners as a condition of the nuclear pact - #hashtag# #hashtag# #hashtag# #hashtag# #url# </document>
<document> dpr reports deployment of Ukrainian missile launcher systems to Slavyansk - #hashtag# #url# </document>
<Document> Vatican cardinal complains prosecutors questioned about sex life – #hashtag# #hashtag# #hashtag# #hashtag# #url# </document>
<Document> Texas man pleads guilty to smuggling migrant in coffin - #hashtag# #hashtag# #hashtag# #hashtag# #url# </document>
<document> Beach Boys star Brian Wilson looks back on his life in a new movie - #hashtag#,_california #hashtag# #hashtag# #hashtag# #hashtag# #hashtag# #url# </document>
<document> at least the omicrons were taken over by the French - #hashtag#,_ohio #hashtag# #hashtag# #hashtag# #url# </document>
<document> Beijing Olympics health management app expands surveillance and information extraction concerns - #hashtag# #hashtag# #hashtag# #hashtag# #hashtag# #url# </document>
<Document> Stone-throwing Israeli settlers attack a Palestinian village - #hashtag# #hashtag# #hashtag# #hashtag# #url# </document>
<document> burkina faso: did france play a role in the overthrow of president roch kaboré? - #hashtag# #hashtag# #hashtag# #hashtag# #hashtag# #hashtag# #hashtag# #url# </document>
<Document> suspected Islamic extremists kill 69 people in western Niger - #hashtag# #hashtag# #hashtag# #hashtag# #hashtag# #url# </document>
<document> 'one does not know how serious the taliban are about their promises' - #hashtag# #hashtag# #url#</document>
<document> the US shrine claiming to hold Gandhi's ashes - #hashtag# #hashtag# #url# </document>
<document> a worldwide thank you to the Kuwaiti teenage tennis player - #hashtag# #url# </document>
<document> new dimensions of the American child murder case - #hashtag# #url# </document>
<Document> Italian Coast Guard reports 7 dead in migrant crossing - #hashtag# #hashtag# #hashtag# #url# </document>
<document> Spacex rocket to first-ever "accidental moon impact" - #hashtag# #url# </document>
<document> Central Asia Electricity Crisis: Energy and National Security on the Agenda - #hashtag# #hashtag# #hashtag# #hashtag# #hashtag# #hashtag# #url# </document>
<document> The number of cases in Japan broke the record: over 70,000 for the first time - #hashtag# #hashtag# #url# </document>
<Document> Kazakhstan's president says he plans to serve no more than two terms - #hashtag#,_switzerland #hashtag# #hashtag# #hashtag# #hashtag#-sultan #hashtag# #hashtag# #hashtag# #hashtag# #hashtag# #hashtag# #hashtag# #hashtag# #hashtag# #hashtag# #url# </document>
<Document> highlights efforts to improve education for Taliban women in Afghanistan - #hashtag# #hashtag# #hashtag# #hashtag# #hashtag# #url# </document>
<document> ukraine demands to be 'firm' on moscow, british army prepares operation - #hashtag# #hashtag# #hashtag# #hashtag# #hashtag# #hashtag# #hashtag# #hashtag# #hashtag# #hashtag # #Hashtag# #URL# </document>
<Document> South Korea's GDP last year +4% yoy - #hashtag# #hashtag# #hashtag# #hashtag# #hashtag# #url# </document>
<document> can-2022: follow live the 8th between Cameroon and Comoros reduced to 10 and without a goalkeeper - #hashtag#,_comoren #hashtag# #hashtag# #hashtag# #hashtag# #hashtag# #hashtag# # url # </document>
<document> Envoy Antonov gives us allegations of "repression" in Chechnya interfering in Russia's affairs - #hashtag# #hashtag# #hashtag# #hashtag# #hashtag# #hashtag# #url# </document>
<document> European Court of Auditors: 5g rollout too slow and fragmented - #hashtag# #hashtag# #url# </document>
<Document> NATO's military activity near csto borders in no way strengthens security – csto chief – #hashtag# #hashtag# #hashtag# #hashtag# #hashtag# #hashtag# #hashtag# #url# </document>
<document> islamic state trying to get back on the map - #hashtag# #hashtag# #url# </document>
<document> Italian Supreme Court: Ex-oil czar of Venezuela cannot be extradited - #hashtag# #hashtag# #hashtag# #hashtag# #hashtag# #hashtag# #url# </document>
<document> Instagram and Snapchat sued for alleged role in girl's suicide - #hashtag# #url# </document>
<Document> Rockets hit near Baghdad airport, damaged abandoned plane - #hashtag# #hashtag# #hashtag# #url# </document>
<document> France responds to its citizen's sentencing to prison in Iran - #hashtag# #hashtag# #hashtag# #hashtag# #hashtag# #hashtag# #url# </document>
<Document> covid-19 detected in 23 people on ship carrying relief supplies to Tonga - #hashtag#ʻalofa #hashtag# #hashtag# #hashtag# #url# </document>
<Document> White House: Biden has no intention of sending troops to Ukraine - #hashtag# #hashtag# #hashtag# #hashtag# #hashtag# #url# </document>
<document> Iran's ambassador to the United Nations: sanctions on Syria must end - #hashtag# #hashtag# #hashtag# #hashtag# #url# </document>
<document> Airstrikes by Ethiopian ethnic minority government announce 56 dead - #hashtag# #hashtag# #hashtag# #url# </document>
<document> Migrant boat sinks off Tunisia: 6 dead – #hashtag# #hashtag# #hashtag# #url# </document>
<Document> Ukraine says West must maintain composure and vigilance in dialogue with Russia - #hashtag#,_switzerland #hashtag# #hashtag# #hashtag# #hashtag# #hashtag# #hashtag# #hashtag# #hashtag# #hashtag # #hashtag # #hashtag# #hashtag# #hashtag# #url# </document>
<Document> CSTO peacekeeping mission in Kazakhstan was legal, they never fired a shot, says Tokayev - #hashtag#,_switzerland#hashtag# #hashtag# #hashtag# #hashtag#-sultan #hashtag# #hashtag# #hashtag# #hashtag# #hashtag# #hashtag# #hashtag# #hashtag# #hashtag# #hashtag# #url# </document >
<document> "sad clown" Sutinah symbolizes corona poverty in Indonesia - #hashtag# #hashtag# #hashtag# #url# </document>
<document> argentina ready to resume discussion on npp construction project with russia - president - #hashtag# #hashtag# #hashtag# #hashtag# #hashtag# #hashtag# #hashtag# #hashtag# #url# </ document>
<document> nfl tom brady withdraws from active us media - #hashtag# #hashtag# #url# </document>
<document> ny market price rises above $500 with expectations for future company performance - #hashtag# #hashtag# #hashtag# #hashtag# #url# </document>
<document> Singer Neil Young Quits Spotify Over Covid-19 "Misinformation" - #hashtag# #hashtag# #hashtag# #url# </document>
<document> greece disturbed by heavy snow, even the islands are white - #hashtag# #hashtag# #hashtag# #hashtag# #url# </document>
<document> President wants to nominate someone for the Supreme Court for the first time - #hashtag# #hashtag# #url# </document>
<Document> can-2022: Vincent Aboubakar, Captain and Guide of Cameroon - #hashtag# #hashtag# #hashtag# #hashtag# #hashtag# #hashtag# #url# </document>
<Document> Abuse Report: Pope Benedict xvi. admits false statement - #hashtag# #hashtag# #hashtag# #hashtag# #hashtag# #url# </document>
<Document> Chinese Air Force Alerts Taiwan With Massive Flyby - #hashtag# #hashtag# #hashtag# #hashtag# #url# </document>
<Document> Breaking News of the Last 12 Hours / Indian Victims of Nuclear Test - #hashtag# #hashtag# #hashtag# #hashtag# #hashtag# #hashtag# #hashtag# #hashtag# #hashtag# #hashtag# #hashtag # #hashtag # #hashtag# #url# </document>
<document> Prison reduced by year for main character from Netflix hit Tiger King - #hashtag#,_california #hashtag# #hashtag# #hashtag# #url# </document>
<Document> in Russia's Initial Responses, a Knockout on Western Security Responses - #hashtag#,_d.c. #hashtag# #hashtag# #hashtag# #hashtag# #hashtag# #hashtag# #hashtag# #hashtag# #hashtag# #hashtag# #url# </document>
<Document> British police arrest 2 more men in Texas hostage siege - #hashtag# #hashtag# #hashtag# #hashtag# #hashtag# #hashtag# #hashtag# #hashtag# #hashtag# #url# </document>
<document> nfl 'greatest player of all time' Tom Brady retires - #hashtag# #url# </document>
<document> burkina faso coup - the president of burkina faso resigns after the military coup - #hashtag# #hashtag# #hashtag# #hashtag# #hashtag# #hashtag# #hashtag# #url# </document>
<document> Nangarhar Police announced the arrest of a number of IS members - #hashtag# #hashtag# #url# </document>
<document> calls for evacuation of children trapped in besieged Syrian prison - #hashtag# #hashtag# #url# </document>
<document> lavrov repeats: for russia no war with ukraine, zelensky: panic unjustified - #hashtag# #hashtag# #hashtag# #hashtag# #hashtag# #url# </document>
<document>, which warns Boss not to speak of the “end game” in a pandemic - #hashtag# #url# </document>
<document> Watch Biden insults reporters over inflation - #hashtag# #url# </document>
<document> the James Webb Space Telescope has reached its goal - #hashtag#,_maine #hashtag# #hashtag# #hashtag# #hashtag# #hashtag# #url# </document>
<document> Japan adds more than 84,000 confirmed cases, hitting record high for five consecutive days - #hashtag# #hashtag# #hashtag# #hashtag# #url# </document>
<document> US snowstorm: cargo plane skidded and crashed into baggage cart - #hashtag# #hashtag# #hashtag# #url# </document>
<document> Elections in Portugal - Socialists remain favourites, but polls show PSD closing gap in Portugal - #hashtag# #hashtag# #hashtag# #hashtag# #url# </document>
<Document> Department of Commerce to have office in Washington, D.C. have - #hashtag#,_d.c. #hashtag# #hashtag# #hashtag# #hashtag# #hashtag# #hashtag# #hashtag# #hashtag# #url# </document>
<document> Concerns of the Austrian secret services about the influx of foreign 'Antivax' - #hashtag# #hashtag# #url# </document>
<document> Dutch Court of Appeal sentences child molester to manslaughter - #hashtag# #hashtag# #hashtag# #url# </document>
<document> what?! Greek beaches under a thick layer of snow - #hashtag# #url# </document>
<document> Prince Andrew calls for a jury trial in a sex abuse lawsuit - #hashtag# #hashtag# #url# </document>
<document> Pence reveals how long it's been since he spoke to Trump - #hashtag# #url# </document>
<Document> At least eight dead in Cameroon due to repression at Africa Cup of Nations match - #hashtag# #hashtag# #hashtag# #hashtag# #hashtag# #hashtag# #url# </document>
<document> New co-chairs of the Greens in Germany announced - #hashtag# #hashtag# #hashtag# #hashtag# #url# </document>
<Document> Norway does not join NATO escalation in East - #hashtag# #hashtag# #hashtag# #hashtag# #hashtag# #hashtag# #hashtag# #hashtag# #hashtag# #hashtag# #hashtag# #url# </document>
<document> Evacuation decision from Canada to families of diplomats in Ukraine - #hashtag# #hashtag# #hashtag# #url# </document>
<document> zhuohuisi said he supported Johnson 100% and indicated that he was most concerned about the situation in Ukraine - #hashtag# #hashtag# #hashtag# #url# </document>
<document> can-2022: Mali and Equatorial Guinea back to back, follow round of 16 - #hashtag#,_equatorial_guinea #hashtag# #hashtag# #hashtag# #hashtag# #hashtag# #hashtag# #hashtag# #hashtag# #hashtag # #hashtag# #url# </document>
<document> Scientist makes 'unique' insect discovery - #hashtag# #hashtag# #url# </document>
<document> new Omicron cases in China: started anal testing again - #hashtag# #url# </document>
<Document> Biden is reportedly considering sending thousands of additional US dollars. Troops to Eastern Europe - #hashtag# #hashtag# #url# </document>
<document>'s rights group says a Lebanese employee was targeted with NSO spyware - #hashtag#,_switzerland #hashtag# #hashtag# #hashtag# #hashtag# #hashtag# #hashtag# #hashtag# #hashtag# #hashtag# #hashtag# #url # </document>
<document> The next president of Honduras was sworn in amid uncertainty - #hashtag#,_california #hashtag# #hashtag# #hashtag# #hashtag# #hashtag# #hashtag# #url# </document>
<Document> Asean Foreign Ministers Meeting Next Month Discussions on dealing with Myanmar? - #hashtag#,_california #hashtag# #hashtag# #hashtag# #hashtag# #hashtag# #hashtag# #hashtag# #hashtag# #hashtag# #hashtag# #url# </document>