 
	<document> #user# #user# so when someone says clearly they are against racism and anti semitism... that makes them (your words)
“smug and virtuous”
tells me all i need to know about you </document>
		<document> #user# friend was on train from kent coming into london on day of final.
10 chaps discussing tactics to break into wembley 
and singing obscene as songs in carriage … ignoring all around them 
#hashtag# </document>
		<document> #user# went to a passenger concert yesterday with family.
intended to wear mask inside 
&lt;1% doing so
plus beer in hand …
so went mask less 🤷🏽‍♂️
concert superb - he is a great raconteur as well
hoping it wasn’t a super spreader event 😳 </document>
		<document> update: one of the reasons that added to my ‘i’ve been missed off the list’ paranoia was a friend (also in muswell hill) telling me he was getting vaccinated... despite being 55. yesterday he texted me to say the doctor had “made an error &amp; cancelled the booking” #url# </document>
		<document> #user# wow
great cut thru the bs analysis 
👍🏽 </document>
		<document> #user# #user# let’s apply the tried &amp; tested;
*#hashtag# rule 
🤷🏽‍♂️ </document>
		<document> #user# i’m no galloway fan but you are unwittingly insulting the citizens of #hashtag# with this tweet. starmer (&amp; his advisors) inability to see ‘human beings’ &amp; instead see a group only defined by ‘colour’ ‘race’ ‘religion’ has lead to this. #user# created the tension imo </document>
		<document> #user# #user# #user# yup
every msm journalist needs to raise this every time a labour mp tries to play politics with islamaphobia &amp; racism </document>
		<document> #user# #user# i am lead to understand that jeremy corbyn had *nothing* to do with this selection.
he emphatically is *not* responsible for the bi-election consequences 😉 </document>
		<document> #user# #user# #user# yes #user# forensically reported the impact of austerity ((100,000 excess deaths according to the #user# ?) *but* cold bloodily did everything in its power to ensure the one party dedicated to ending it ... failed. “out out damn spot” as a very guilty person once said </document>
		<document> #user# #user# maybe the #hashtag# at 5.00pm is starmer flagging up his resignation announcement &amp; labour ‘coming back home’ to its left leaning roots🤷🏽‍♂️
🙏🏽 </document>
		<document> #user# #user# i attended a #user# rally in chingford with #user# as the star turn ...
if we demand past ‘socialist purity’ from everyone *now* we aren’t going to ever win are we?
you know 30 million didn’t vote corbyn in #hashtag# ...
let’s try &amp; win hearts &amp; minds not repulse? </document>
		<document> #user# #user# imagine you can’t tell the difference between a life &amp; death situation (war) …
and a sport you *choose* to participate in … (or not)
imagine having an inability to distinguish </document>
		<document> #user# #user# quite clive👍🏽
how far we have fallen 
the nation of stephenson, watt &amp; bolton, arkwright, rolls &amp; royce ...
now reduced to being grateful to scraps thrown to us by global fmcgs as they pass by us.
we need an industrial strategy for real growth that benefits the lives of the many </document>
		<document> watched #hashtag# last night
the full spectrum of emotions … i was exhausted &amp; thru the wringer… after only 10 minutes 
my daughter loved this book - it made her want to go into medicine 
(yikes)
brilliant writing, acting &amp; directing
bravo tv #url# </document>
		<document> #user# #user# not just suppressed by starmer 
our msm is concluding in a vow of silence because they were in on it ...
imo </document>
		<document> #user# question alan
should any journalist that *knew* of the party(s) resign as well? </document>
		<document> i saw this argument being made in a #user# leader. if every girl is able to finish secondary school (rather than be a fgm victim/child bride) the country’s gdp would rise due to a more educated/capable/bigger workforce a compelling moral *&amp;* financial reason to #hashtag# #url# </document>
		<document> #user# yup agree
starmer is being incredibly badly advised </document>
		<document> #hashtag# 
brilliant film 👏🏽
bravo #user# 👏🏽
a spoof analogy on climate change that at the end is very very moving.
i can see why msm has tried to trash it … it is about their complicity in putting ££$$ above tackling the big issues we all face. </document>
		<document> #user# #user# the social media account has been outsourced to an agency with a wicked sense of </document>
		<document> #user# my wife and i campaigned for you twice in 2019
and once in johnson’s constituency 
as well as in our own constituency for #user# 
we feel we did our ‘bit’ </document>
		<document> #user# question:
my next door neighbour converted to judaism 40 years ago ...
what rights over existing property owned by a palestinian does he have -  ‘if’ he wanted to move to israel?
same with ivanka trump
ridiculous mindset </document>
		<document> #user# #user# #user# i’m afraid every institutionally racist organisation in the uk - bbc, #user# , sun, mail is lining up to tell #user# is the racist institution </document>
		<document> #user# #user# ... so is this the 3rd or 4th time #user# has lost a case and paid damages in the last year to those it has wrongly smeared? guessing this *won’t* make it to #user# #user# or #user# either ... “pay damages” eh .., no wonder *someone* was in a bad mood today 🤷🏽‍♂️ </document>
		<document> #user# #user# #user# #user# #user# #user# the #user# article is by the bagehot columnist he is imo the most right wing &amp; least balanced journalist on the otherwise decent mag. his smear pieces on corbyn often made me consider cancelling my subscription on as surprise surprise this piece is part of the pattern </document>
		<document> #user# agreed aaron
what’s worse is the press officer can’t even spell:
“climate change *meting*”
🤦🏽‍♂️ </document>
		<document> #user# #user# you are trying far too hard karl.

i watched #user# yesterday on afghanistan.
90% of the audience were as or more eloquent &amp; certainly *more* passionate on this issue.
even fiona bruce was good.
and the afghan journalist/refugee was the standout humane voice of reason🙏🏽 </document>
		<document> #user# #user# and this from a paper owned by donald trump facilitator - rupert murdoch - oh the </document>
		<document> #user# #user# agreed 
also bare in mind, whilst living in kentish town </document>
		<document> “shouting slogans doesn’t change policy” starmer is rather chuffed with this put down to a heckler; trouble is he’s standing in front &amp; behind a big 3 word slogan 🤦🏽‍♂️ #hashtag# #url# </document>
		<document> #user# excellent point
a tory donor - or ex prime minister  - has more of a chance of their attention … </document>
		<document> “$65 billion should ensure that every american has access to high-speed internet” biden’s $1 trillion infrastructure investment gets the thumbs up in ⁦#user#⁩ odd that when ⁦#user#⁩ suggested it the reaction was different #url# </document>
		<document> #user# #user# #user# i love your passive aggressive rallying cry paddy🤦🏽‍♂️
“stop the insults &amp; the *simplistic* socialist sloganising &amp; get behind #user# “ 
*ain’t* going to cut it with me.
you see slightly higher taxes to fund nhs &amp; schools, end to foodbanks, aren’t *slogans* they’re *policies* </document>
		<document> #user# #user# #user# incredible having a government lead by a journalist... it’s all about optics 
how things look
rather than you know ... improving peoples lives </document>
		<document> #user# #user# #user# #user# … so are you actually suggesting iain that this article *exaggerates* the deep quagmire starmer has driven the party into … are you allowed to even think that let alone suggest it 🤷🏽‍♂️ </document>
		<document> #user# #user# #user# incredible how often the *arguments against corbyn* are either:
1. ignorant 
2. misrepresentations or
3. outright smears 
seems your tweet falls under category 1. 
have you stopped to think how you could be so wrong on an easily verifiable fact🤷🏽‍♂️ </document>
		<document> #user# we are with your michael 🙋🏽‍♂️🙋‍♀️
as is little rabitt foo foo
🙏🏽 </document>
		<document> #user# i agree
though i support all 3
and sort of understand the pressure they were under at the time
question is:
what are we going to do to better manage the narrative- given msm is not changing it spots. for me
#user# is leading the way on bold fact filled discourse
#hashtag# </document>
		<document> #user# #user# mariwan ... strange response to me trying to saying teachers and nhs workers card r also abused by billionaire rigged systems... i am prepared to be assaulted screamed at &amp; threatened in the street for being a labour supporter. your patronising tone is 👎🏽 not really humanistic </document>
		<document> #user# #user# “dehumanising acts dehumanises the *perpetrator* “
#hashtag# worries about what apartheid policies are doing to young israeli soldiers (as well as caring for the palestinians) 
great interview by frost 👏🏽👏🏽 </document>
		<document> #user# #user# #user# and at the bottom they ask for our money due to them being “independent” 
#hashtag# </document>
		<document> #user# there is the #hashtag# 💁🏽‍♂️
labour brazens it out knowing #user# #user# will not embarrass them &amp; ask the awkward question 
murdoch/rothermere journalist ditto
#hashtag# </document>
		<document> #user# there’s more
#user# was ok publishing these letters … but not amplifying them on its front page.
needless to say no politician smearing corbyn did so either 

#url# </document>
		<document> #user# #user# … maybe starmer , after seeing the excellent way sue gray protects her boss, will get gray to review &amp; report back on #hashtag# 🤷🏽‍♂️
#hashtag# </document>
		<document> #user# “there is no clear mission in the head of the prime minister”
withering 
but … but didn’t we all know this in 2019?
sadly alan we the people are powerless to control our destiny faced against the superior might of murdoch, rothermere &amp; barclays.
they always get *their* man
🤦🏽‍♂️ </document>
		<document> #user# #user# what does “paid for your opinion”
even mean?
seriously 
getting paid for “an opinion” doesn’t absolve you from the normal societal rules ...
you have spent too much time with (checks notes)
*people paid for their (sic) opinion* </document>
		<document> #user# #user# #user# i’m conflicted #user# said #user# “were best placed to win” … and let’s face it kier they *always* tell the truth (they are *independent* *unbiased* after all aren’t they 🤷🏽‍♂️ …) </document>
		<document> #user# #user# #user# #user# i’m always sceptical when someone uses the term *clearly* …
i’m right in your case
a rigged poll is often done to confuse &amp; deflate the opposition .
check who conducted that poll.
check sample size.
check the lead up questions- prior to the “who will you vote for?” </document>
		<document> #user# awful incident for this man
his response &amp; perspective is truly heart warming 
yes - a true mensch 🙏🏽 </document>
		<document> #user# #user# from an original fleeting thought by donald trump perhaps?
next up ‘space force’ </document>
		<document> #user# #user# prints the stories murdoch &amp; rothermere *do not* want you to read.
probably more ‘left of centre’ than any other msm magazine 
a great read👍🏽 </document>
		<document> #user# check list:
murdoch ✅
mandelson ✅
hedge funders✅
tax haven supporters✅
rapacious utilities ✅
and ….
people who think *not* publishing #hashtag# is “good politics” *despite* being *deeply insulting* to bame citizens who voted, supported &amp; donated to starmer 
like me
🤦🏽‍♂️ </document>
		<document> #user# #user# not clear …
but the pope made a devine intervention i am told (by the script writer) </document>
		<document> #user# #user# i had a ‘shot’ every time kane touched the ball …
stone cold sober </document>
		<document> #user# #user# #user# #user# the trouble with sounding the electorate out - which is code for ‘pleasing’ the murdoch/rothermere press - means you *only* end up with the values &amp; policies that the sun &amp; mail editors approve of. this isn’t political leadership... it’s craven submission #hashtag# </document>
		<document> #user# “dignity at work”
can i be the 94th person to mention prince andrew’s observance of this ...? </document>
		<document> #user# a seat that clive of india’s grandson once held as an mp i read …
#hashtag# </document>
		<document> #user# #user# my wife will be wearing a mask and visor when she is teaching ‘live’ next week.
agree “not mandatory” rule is playing havoc with teachers stress levels </document>
		<document> #user# #user# only if the “majority of people” happen to be bots
i clicked 4 of your ‘likes’ and they were all bots &lt; 10 followers/numbers for a name...
now who would pay to create such a false impression ❓❓❓ </document>
		<document> #user# #user# i think this would be a good time for retired journalists to step up to the plate (after all what have they done in the covid war 🤷🏽‍♂️)
1. they have great education from our best private schools 
2. vast unparalleled knowledge (so they claim)
let them do a proper job for once 🤷🏽‍♂️ </document>
		<document> #user# regarding ‘bad faith’ i would treat with a degree of scepticism anyone who is a loud vocal supporter of: 1. boris johnson 2. trump 3. netanyahu yet wishes to debate gate &amp; #hashtag# with forensic precision - whilst disregarding 40 years of unblemished fighting of racism </document>
		<document> #user# #user# not sure i agree with you phil
“non stop” and “cess pit” is somewhat hyperbolic don’t you think?
i think woman of colour in the plp such as #user# #user# in particular may disagree with your assertion 
imo
let’s stop talking about jess 🤷🏽‍♂️ </document>
		<document> #user# the messaging is *still* awful - tone &amp; content.
who precisely do they think will be taken in by this? </document>
		<document> #user# i think #user# will be a little miffed peter
that was her role ...
(imo) </document>
		<document> #user# #user# we are all judged by those who support us …
and those who try to *oppose* us

carry on the great work julia 🙋🏽‍♂️🙋‍♀️ </document>
		<document> #user# #user# i wonder when expelled members can bring a class action?
or is it the case that as a private club labour can have any rules it wants members wise - as long as it does not break any laws 🤷🏽‍♂️ </document>
		<document> #user# dear social media person #user# 
you will fit in at your next job #user# 
lots of racists &amp; mysognists as colleagues </document>
		<document> #user# #user# #user# i know you are trolling us …
but it’s quite revealing as to the narrative you are *trying* to get across.
it’s clear the opposite is true.
btw #user# will fact check (that’s what they do) the 200,000 fall.
the fact they printed it shows it has been validated 
🤦🏽‍♂️ </document>
		<document> #user# this you?
not wanting a ct increase only 4 months ago ...
shameless revisionism 
can’t believe i voted for you (apologies folks)
#url# </document>
		<document> #user# watched it with wife &amp; 2 reluctant daughters 
we all were engrossed 
a tear may have been shed …
a bitter satire that lands multiple punches on our failing msm (hence the #user# flailing over reaction) </document>
		<document> #user# #user# question: 
so does that *include* the people in the blair / campbell team who came up with those vile as campaign posters featuring michael howard &amp; oliver letwin?
or do they get a free (conference) pass 🤷🏽‍♂️ </document>
		<document> #user# david 
you seem to be protecting power from being held to account 
which is what msm journalism is in this country </document>
		<document> #user# “socialism” .... “nationalism” surely ben? </document>
		<document> #user# i jog michael 
or to be more precise ‘stagger’ for 2km - 3 times a week
i need to earn my pleasures by losing calories 
so jogging is the necessary pain endured before the pleasure … i have thus earned 
a bottle of bordeaux - shared with my wife </document>
		<document> #user# marc should hire one of those large lorry’s with video screens &amp; drive around bbc, news int, associated press &amp; westminster…
with facts on the case 
in the background for every outside broadcast 😉 </document>
		<document> #user# #user# heartfelt david
i voted for starmer 
but *left* labour in june 2020 when i felt that his disrespect towards bame members &amp; indeed citizens with the casual tossing away of the #hashtag# 
he seems to tolerate racists in ‘his’ party
a caste system of racism is abhorrent to me 🤷🏽‍♂️ </document>
		<document> #user# #user# says a man with zero self awareness standing in front of a three word slogan #url# </document>
		<document> does there need to be a crowdfunded ‘support’ fund for the decent journalist or civil servant who leaks the official party list?
after all they will most probably be out of a job as a direct consequence 🤷🏽‍♂️
#user#  #user# #user# #user# 
#hashtag# </document>
		<document> #user# “ keir has always been honest about the mountain we must climb to rebuild trust “ too right after 3 years of industrial scale smears against labour supporters by a bad faith right wing faction in hq. why would we trust them now they run the party🤷🏽‍♂️ publish #hashtag# to heal </document>
		<document> #user# dan 
i’m sure aspects of bbc output is still held in regards internationally 
*not* so the news … unless you count russia, north korea &amp; saudi arabia state broadcasters admiration worthy 
that is how far your news colleagues have dragged the rest of you 
imo </document>
		<document> #user# #user# funnily enough the corbyn policies of
❇️slightly higher taxes
❇️public services state owned (like rail &amp; water)
❇️better social &amp; nhs care
seem to go down well in germany, 🤷🏽‍♂️france, scandinavia, canada … 
please tell me you are aware of this </document>
		<document> #user# #user# “ who thrives solely because of his total lack of moral scruples.”
plus so many of his ex colleagues in the media share his values and scruples (or lack of) imo </document>
		<document> #user# at this rate i think the ‘establishment’ will be invoicing the black community for; “character building sessions over 300 years” </document>
		<document> #user# #user# and #user#44 had relatives that left ireland for usa ...
i wager their views on britain are influenced by this back story 
(well obama actually mentions it in his book) </document>
		<document> #user# lee is saying labour doesn’t need *any* help with canvassing.
#hashtag# #url# </document>
		<document> yet again #user# happy to jump on the murdoch band wagon - when it comes to smearing corbyn “corbyn is divisive” claims #user# yes devisive to the same people who gave us ‘bendy bananas’ ! murdoch on brexit ❎ says jo murdoch on corbyn ✅ says jo eyes wide shut #url# </document>
		<document> #user# #user# #user# “totally irrelevant”
really?
i think your tweet is very revealing about the state of labour </document>
		<document> #user# #user# #user# #user# #user# but then i do have a legal background 
am able to digest data (ie the underlying politics behind #hashtag# ) and then draw pretty clear conclusions 
and can also detect the faint whiff of bs
(again imo) </document>
		<document> #user# on this basis any business model that involves:
a phone
a computer ...
is a ‘tec platform’ </document>
		<document> just finished ⁦#user#⁩ ‘a promised land’ what a book✅ i cannot imagine reading a more relevant ‘seat at the top table’ book by a politician full of obama forensic detail, humour, humanity &amp; insight ending with afghanistan, bin laden &amp; a mention of cameron #hashtag# #url# </document>
		<document> #user# come off it karl i’ve read #hashtag# …
you are all collectively laughing at us </document>
		<document> #user# #user# #user# like the germans have found out … it is possible to have a genuinely left leaning party in power 👍🏽
i’d rather vote for that 
thanks though for your rather plaintive ‘rallying cry’ </document>
		<document> #user# #user# that’s not quite the endorsement you hoped for rob
“brilliant journalist” these days means someone who doesn’t ruffle too many right wing establishment feathers.
in this regard #user# is indeed *brilliant*. </document>
		<document> #user# #user# let’s get some facts in (perspective)
total us *imports* of lamb 2020:
£302 million 
not exactly a lot of money - it doesn’t buy much ppe these days …
and the uk’s share of this small figure is what …?
not a lot 🤷🏽‍♂️
#hashtag# </document>
		<document> #user# thanks kier
i voted for you btw
however i left labour when it was clear to me that your respect for poc was imo far less than others ...
#hashtag# 
#hashtag# </document>
		<document> #user# so which of these statements are (in your opinion) *not* “heartfelt;
1. these footballers enjoyed the experience 
2. they are sorry for missing the penalty 
3. they will not be cowered by the on line racists that will seek to diminish them
🤷🏽‍♂️ </document>
		<document> #user# #user# a great policy initiative that would *not* have been cleared by our fuedal press billionaires...
we are #hashtag# </document>
		<document> #user# chris the #hashtag# issue is not *banter* or an “internal squabble” as you mis diagnose it. i’m asian british &amp; was a labour supporter (i voted for starmer) i was *chilled* to the bone reading the leaks … the institutional racism in *my* party forced me to leave last year </document>
		<document> #user# #user# did he?
really?
“your knowledge of current affairs ain’t making it …”
(to purloin dirty harry) </document>
		<document> #user# you misheard laura
the “big sigh of relief” was from johnson &amp; his backers … </document>
		<document> #user# #user# odd comment
if i understand you correctly 
you claim ‘likes’ *don’t* matter...
whilst observing that ‘it appears’ that associates of  #user# are employing a bot farm (directly or indirectly) to ‘like’ his tweets.
try &amp; be consistent ...? </document>
		<document> #user# bet he would be on his razor sharp ‘best’ if #user# or #user# turned up for an interview </document>
		<document> #user# i agree with you 
i believe the next labour leader will be the one to publish #hashtag# - not starmer
and seek damages from those who misused our funds (including my donations) and undermined our democracy </document>
		<document> #user# we watch hosts #user# #user# &amp; they are absolutely coruscating about morgan
“because he had an english accent we assumed he was intelligent...”
about his cnn stint that was a failure </document>
		<document> #user# awfully biased article on the matter of as in corbyn’s labour. in the week lord austin a chief smear propagator revealed his racism imo &amp; #user# loses a case &amp; pays damages. corbyn saying as was “dramatically overstated for political reasons” has actual facts to support it </document>
		<document> #user# #user# the advantage of not understanding ‘polling’ &amp; how it can be gamed is that you can opine on any matter &amp; find a poll somewhere that supports you.
corbyn lost - we get that 
but he polled *more* votes than blair, brown &amp; miliband in their last elections - agreed🤷🏽‍♂️ </document>
		<document> #user# terrible journalism #user# corbyn’s ‘vote collapse’ amounted to 10.3 million votes &amp; (some facts here) *more* than #user# brown &amp; blair in last 3 elections. liberal collapse helped tories in #hashtag# #user# seems to be cancelling inconvenient truths why? </document>
		<document> #user# #user# starmer has read #hashtag# ‘if’ it was in any way critical of corbyn the bbc &amp; #user# would be all over it like a rash #user# would be interviewing #user# #user# et al the fact they are not tells me all i need to know apologies for voting 4 starmer 🙁 </document>
		<document> #user# it is clear you are an inspiration to many zarah
including me (and i’m 63)
🙏🏽 </document>
		<document> #user# insulting people who supported, donated &amp; canvassed for you in 2017 &amp; 2019 as as was not very astute rachel like my wife, daughters &amp; i it’s also racist imo because i left following the appalling revelations of #hashtag# &amp; you seem to be telling me that’s *not* “just cause” </document>
		<document> #user# good spot👍🏽
... i’m thinking some mail journalists are thinking of investing in the didsbury property market ... so need to drive prices down first? </document>
		<document> another ‘classic’ ⁦#user#⁩ shilling article. imo
i struggled to see him actually condemn (checks notes) the genocide of defenceless human beings.
“look over there... worse is happening “
is his perplexed refrain to the global media 
#hashtag#  #url# </document>
		<document> #user# #user# #user# #user# you mean like diana?
(ps: nothing in your locker dan - except tired smears aimed at decent folk who just want a more equitable place to live - with better life outcomes for the many, *regardless* of their ethnicity or religion )
#url# </document>
		<document> #user# viewing humanmankind from the prism of people who choose to work with right wing billionaires like murdoch...is not good for my soul.
i follow the advice of #user# and “ignore the news”
it’s refreshing </document>
		<document> #user# tell them ‘if’ it is so important to “keep in touch” with a 2nd job …
do so for no pay 🤷🏽‍♂️ </document>
		<document> #user# #user# #user# … it supports
 #hashtag# 
lgbgt rights 
anti tory chumochracy corruption 
happy to repeatedly point out labour as smears (in letters section)
anti academy school rip offs
city excess
tax evaders/havens
not many tories would back these stances imo
try reading it🤷🏽‍♂️ </document>
		<document> #user# #user# #user# #user# well #user# goes further &amp; says there is much more anti semitism on the right than left

#url# </document>
		<document> having arrived late to #hashtag# &amp; seeing this pic of #user# #user# … i think she is mischievously referencing #user# pre#hashtag# where he was taped being critical of labour- &amp; said “i had *no idea* a tory would secretly tape me” #hashtag# #url# </document>
		<document> #user# #user# #user# agreed
and with the bbc &amp; #user# playing a significant part </document>
		<document> #user# #user# better service ✅
less cost ✅
more taxes paid in uk✅ (either via ct or better salaries)
more green✅
= better for the many </document>
		<document> #user# #user# well done simon doing the job of our fabled free &amp; curious msm ( ) maybe #user# outsourced the work to serco ...? that might explain the delay ( ) </document>
		<document> #user# i passed by a small group of elderly people stooping over a bag yesterday ...
initially thought they were jehovah’s witnesses 
on closer look labour canvassers getting their leaflets 
not a single one under 60 
sad it’s come to this - starmer has disenfranchised the young </document>
		<document> i would make 3 points on #hashtag# 1. i would have thought the victims of abuse wanted justice - &amp; the cpp let them down badly at the crucial moment 2 who was at fault? no idea but starmer was the boss at the time 3. there are a heck of a lot of bots *liking* the spin below #url# </document>
		<document> #user# one wonders how much bigger the bbc budget would be now if the ‘other’ man had won in 2019 🤔 and if #user# had been a tad more balanced when it came to reporting his views 🤔 </document>
		<document> #user# agree
but would you also agree that the ring masters of this circus / panto have been our msm 🤷🏽‍♂️ </document>
		<document> #user# #user# he must be doing something *very* right if you feel the need to do an ad hominem attack … </document>
		<document> #user# “a principled stand against lying by our pm” is what i saw 
and everyone else outside the cosy msm / westminster bubble you inhabit john </document>
		<document> random thought: i can’t help feelings ‘if’ a ‘gandhi’, ‘dr king’ or ‘mandela’ were alive and members of #user# they would (or soon will be) expelled by #user# as “hard left” if a ‘trump’ was a member he would be a welcomed with open arms #hashtag# </document>
		<document> #user# 👍🏽likewise 
my wife and i canvassed in 4 constituencies in #hashtag# 
we had doors slammed in our faces, shouted at &amp; abused 
but we did it because we believed in the principles &amp; policies of corbyn’s labour 
we left in june 2020 due to #hashtag# &amp; #hashtag# </document>
		<document> #user# #user# #user# can’t help thinking 
if *only* #user# had defended #user# against fact free wild assertions with such zealousness - as he does starmer </document>
		<document> #user# #user# don’t you mean;
“earn enough to feed their family”
… and not use foodbanks </document>
		<document> windrush victim sarah o'connor dies aged 57. "her mp, labour’s margaret hodge, said: “she had been through hell. she was forced to sell her clothes &amp; her car. she showed a really positive, brave resilience in the face of terrible circumstances" #url# </document>
		<document> this is one of 2 letters in current ⁦#user#⁩ supporting ⁦#user#⁩ &amp; giving *facts* as to why the anti semitism smears were just that and zero letters critical of him btw below the msm political editor class, most journalists are decent imo #hashtag# #url# </document>
		<document> #user# #user# in the late 80s 2 people i worked with previously worked at amstrad.
sugar had a desk elevated on a raised platform- and he would bark out orders to the minions
awful environment they said </document>
		<document> #user# no wonder labour coffers are empty…
it costs a hell of a lot of money to buy this level of management consultancy advice  … and graphics </document>
		<document> ⁦#user#⁩ having an excellent seeded bagel at ‘north &amp; ten’ in muswell hill by ⁦#user#⁩
they have loads 🙋🏽‍♂️ #url# </document>
		<document> #user# dear andrew you have seen ‘evidence’ that most courts of law would find compelling. question is are you man enough (if i can use that term) to admit that the establishment bubble you rescind in has obscured your ‘true &amp; fair’ vision ❓ and are you man enough to now be contrite 🤷🏽‍♂️ </document>
		<document> #user# #user# this is such a badly written hatchet job my guess it’s by guest writer ‘ratbiter’ or as he is better known, the famously objective, measured &amp; forensic nick cohen (i could be wrong) </document>
		<document> #user# to add - anyone in politics or msm or tv expressing real clear anti semitism are no longer in their jobs.
on the other hand being racist is almost table stakes to get *onto* some msm programmes / columns
so obvious 
so shameful </document>
		<document> #user# calm during the (political) storm aaron 
you that is 
... not the establishment &amp; their msm surrogates ‘playing politics’ to grab the wheel of the car as it plunges off the brexit/covid cliff </document>
		<document> #user# #user# #user# #user# you mean abuse from this man? jailed for abusing #user# in 2016 *not* a labour man … a far right person! please read &amp; then reconsider that maybe you have been cynically mislead (then wonder who did this &amp; why) #url# </document>
		<document> #user# #user# #user# karl 
please stop with the cultish admiration 
‘if’ starmer is as good a leader as you claim …
you really don’t need to be telling us every single day 
really you don’t 
(in other news … can i tell you that bitcoin is a really really great &amp; sound investment 🤭) </document>
		<document> #user# pot &amp; kettle spring to mind when i read these rather puerile ad hominem attacks .
you are ultimately judged in life by those who respect you …and those who don’t 
based on this output
you seem to be on the same side as ‘the many’
🙏🏽 </document>
		<document> #user# brilliant clive 👍🏽 even more so given you must be so so busy dealing with multiple requests to appear on bbc radio 4 today, newsnight and peston ... looking forward to the headlines tomorrow in our msm - rightly highlighting this shameful cover up </document>
		<document> “make high-speed internet available everywhere in america -- so no parent has to sit in a parking lot for their kid to access the internet for homework” #user# 
what a great idea president biden 👍🏽
if only we had a politician with that vision (&amp; a supportive msm)
#hashtag# </document>
		<document> what a sad, ungracious &amp; rather nasty tweet #user# 
we can all agree corbyn lost ge19 
all those aware of the facts *also* know *as you do*;
✅he got more votes than last 3 labour leaders
🟩the industrial scale msm smearing had a part to play🤷🏽‍♂️
✅now unraveling in law courts #url# </document>
		<document> #user# i hear that hancock’s pub landlord friend has got the contract to supply them...
don’t scoff ... how hard can it be 🤷🏽‍♂️ </document>
		<document> #user# at university in the 70s my friends could not understand why i would play ‘shirley bassey - live at carnegie hall’ so much …
whilst also liking roxy music, deep purple, pink floyd …
great documentary on sky arts the other night👍🏽 </document>
		<document> just listened to #user# on #hashtag# &amp; struck by her life enhancement reference to “being grateful”
i can really relate to this
my tamil mum instilled this in me 🙏🏽
by happy coincidence i saw lyse this week talking about #hashtag# with #user# at the conduit club #url# </document>
		<document> #user# #user# #user# i canvassed for #user# as well 👍🏽 once for 2 hours just me and her. another day my wife &amp; i were abused outside bounds green tube by a man who hysterically screamed; “i hope you both burn in hell” i thought he was going to assault us her silence is disappointing 😕 </document>
		<document> #user# #user# what a strange comment?
are you not interested in principles being applied consistently &amp; fairly? </document>
		<document> #user# ignoring the colour coding (this was 50 years ago) this would aptly fit the difference between a tory &amp; labour ‘centrist’ …
once the fox has bared their teeth and bitten (showing their true colour) … they can become a tory lord wolf 
imo </document>
		<document> #user# he got knighted for his service … so presumably someone high up was happy with what he did do 
…. and didn’t do 
imo </document>
		<document> #user# i just checked this #user# account &amp; found i am also blocked by him/her
i’m clearly in good company 👌🏽 </document>
		<document> #user# everything is relative …
i suppose given some of the dull uninspired relics he has gathered around him - in *relative* terms he appears *charismatic* 🤦🏽‍♂️ </document>
		<document> #user# you are a star 🌟 well fought &amp; argued dawn (incredible how only *now* is it “deeply offensive” to call a political party “institutionally racist”🤦🏽‍♂️) </document>
		<document> #user# #user# yup “that vote” that sealed the century old hostility between spurs &amp; gunners...
lamala was caught up in the whole drama </document>
		<document> #user# #user# #user# i’m not sure your fine distinction of having to be ‘living’ in a physical place (moscow) to be ‘associating/ aiding’ is at all relevant.
on that basis no one can accuse trump of being a putin stooge. 
question is …
why are *you* so “desperate” to defend the indefensible </document>
		<document> #user# #user# er … let’s see now🤔
🤔because he was the head of cpp
🤔he earned &gt; than the pm
🤔he got knighted for his efforts

why are you trying to defend the frankly indefensible- around such a serious crime 🤷🏽‍♂️
it’s not insight - it’s *not* having my head deep in the sand </document>
		<document> #user# #user# #user# what’s with this quaint “tribalism” reference 🤷🏽‍♂️
buy &amp; read this weeks #user# it’s all there
imo
foreign media barons, foreign governments &amp; proxies, foreign vc / hedge funds should not be allowed to fund any uk political party/mp/adviser 
do you agree neil❓ </document>
		<document> #user# you forgot …
‘decent folk are barnacles on a boat’ </document>
		<document> #user# eric is either: 1. a bot 2. based in usa 3. based in russia 4. aged 14 </document>
		<document> #user# i recall jordan peterson on #hashtag# trying to spin;
“the best &amp; the brightest” end up in parliament as mps
tragically for the many this is not the case </document>
		<document> #user# i wonder how #user# under viner as editor would have treated a south african apartheid regime ‘if’ it *still* existed …
🤦🏽‍♂️ </document>
		<document> #user# #user# #user# so i can ignore the begging letters from labour hq … pleading for donations?
good to hear </document>
		<document> #user# corbyn is the ‘cuba’ of british politics he simply *cannot* be allowed to be seen as a success of any kind. despite the gross smears made by tory msm that courts of law have found against, the establishment ‘spanish inquisitor’ wants him to recant &amp; plead “yes the world is flat” </document>
		<document> #user# #user# you are a bot i guess ... so based in st petersburg ❓ </document>
		<document> #user# i guessed correctly that you are a ‘journalist’ emma … when i read your straw man tweet (or torrancing perhaps?) i left labour because of the nasty racist disclosures in #hashtag# &amp; starmer’s (who i voted for) complicity in burying #hashtag# hope that is clear to you🤦🏽‍♂️ </document>
		<document> #user# if there is zero dissent from the leader …
doesn’t it then make it a *dictatorship*
just saying </document>
		<document> #user# #user# #user# not quite up there imo with 200 people handcuffed &amp; transported out of this country having lived here for 50 years losing families 
losing all rights
10 subsequently dying
or nearly 100 people assaulted after #user# referred to “letter boxes”

#hashtag# 
#hashtag# </document>
		<document> #user# #user# the term of choice is i believe; *vile, grotesque cesspit* </document>
		<document> #user# 2 of the favourites to be the next tory prime minister are the product of people moving to this country (you know from abroad) 🤦🏽‍♂️ </document>
		<document> #user# ian you have inadvertently explained some of the pressing reasons *why* an independent scotland makes sense … if i lived in scotland i would vote for independence from the 2-party english establishment controlled by foreign media barons then those issues can be sorted👌🏽 </document>
		<document> #user# in the last 3 years ms philips spent a lot of time defending a community facing prejudice .... i don’t recall her moderating her message with this type of ‘perspective’ imo ‘if’ anyone had made such a remark i’m sure it would have launched another 1000 outraged guardian articles </document>
		<document> #user# the boys on the beach ...
i recall the official spokesperson said;
“their mothers sent them out to play *knowing* they would die”
chilling then
chilling now </document>
		<document> #user# is this another case of #hashtag# matthew?
simultaneously outraged at (checks notes) *slurs* against starmer - whilst enthusiastically participating in #hashtag# 🤷🏽‍♂️
#hashtag# </document>
		<document> #user# journalists are stirring (finally)
#user# has three cartoons in the current edition on the conflict.
all three are critical of israel </document>
		<document> #user# happened this week
milk was ‘fresh’ monday
curdling by thursday </document>
		<document> alert the people who blame corbyn for our brexit quagmire -rather than well ... the tories &amp; our fabulous free press are the ultimate #hashtag# !! because they think corbyn has the super power to right every wrong. now that really is cult like delusion 🤦🏽‍♂️ #hashtag# </document>
		<document> #user# #user# #user# #user# #user# #user# #user# i would wager that 200,000 is a underestimate 
the fact so many *ex* members are still getting “will you pleeze canvass” emails suggests labour party membership department is grossly disorganised - and have no idea of actual membership numbers </document>
		<document> #user# #user# #user# here’s the difference in outlook between us:
i can see good &amp; bad points of biden
i think on balance he is a “force for good” i am prepared to wait &amp; see.
you can only see the negative
you studiously avoid acknowledging positives like climate policy, more usaid &amp; healthcare
why? </document>
		<document> not only is this a great story of courage &amp; ‘making a difference’
i’ve had the privilege to work with sadia &amp; the charity ⁦#user#⁩
sadia hussein: the fgm survivor saving girls from the knife | female genital mutilation (fgm) | the guardian #url# </document>
		<document> #user# #user# you say “moderate” rachel i say “right wing” who would be more comfortable in the tory party. my evidence: just look at the enobled ex mp lords ... by johnson no less or those ex mps happy to work for gambling companies or utilities or pr firms. or take £1m + to “run” a charity </document>
		<document> #user# #user# #user# what an odd remark🤷🏽‍♂️
wishing someone goodwill is a meaningless activity ‘if’ the recipient doesn’t trust / respect the ‘giver’
as the ‘giver’ starmer has encouraged a rather nasty following (imo)
his words to me are mere platitudes… like johnson’s. </document>
		<document> #user# i dunno …
maybe because the media gifted him his 80 seat majority 
by smearing the decent alternative 🤷🏽‍♂️ 
and now *some* of the media realise the implications &amp; are being allowed by their owners to speak 🤷🏽‍♂️ </document>
		<document> #user# #user# #user# and … the racists are the ones telling us this about corbyn…
🤦🏽‍♂️
imo </document>
		<document> #user# “keir starmer has done such a good job of detoxifying the labour brand” says all the proxies for murdoch, rothermere, barclays…
fixed it for you kerri </document>
		<document> #user# #user# i recall pele always being asked; “who was the best goalkeeper you played against “ and “gordon banks” was the answer. even back then i thought if he was in italy his answer would have been zoff …
we really have delusions about our prowess devoid of ‘trophies’ </document>
		<document> just finished #hashtag# by ⁦⁦#user#⁩ ⭐️⭐️⭐️⭐️⭐️
deeply insightful, thought provoking &amp; moving 
as the only asian (with my sister) in my 60s infant/junior schools also very cathartic 
best book of 2021 for me 👏🏽
my mother in law &amp; daughter are now reading it🙋🏽‍♂️ #url# </document>
		<document> #user# precisely 
and of course (sadly) the very same applies to the bbc …
(notice how no satellite photos of troop build up have been shown)
🤷🏽‍♂️ </document>
		<document> #user# #user# fair enough tom both my wife &amp; i voted for starmer in the leadership election - i trusted him when he talked about the 10 pledges, public ownership &amp; corbyn being “a friend”. we both left a few months in disgust later when #hashtag# failed to be published by starmer sad times </document>
		<document> #user# i’m surprised no one has blamed #hashtag# voters of being (checks notes) “anti semitic” yet …
after all this is the reason (excuse) being tested for why no one votes labour in #hashtag# </document>
		<document> #user# incredible if this type of robust interview had occurred consistently in 2019 we would be having a #user# government right now 
journalists like #user# #user# have culpability for the whirlwind we have reaped </document>
		<document> #user# if the liverpool manager made it obvious he preferred another team ...
or the coca cola md said ‘pepsi was better than coke’
or samsung ceo said he used an iphone ...
or an mp made it very very clear their values were not in line with their party ...
it’s clear what would happen </document>
		<document> #user# *bombshell revelations*
really piers?
me thinks your exclaim too much (on this one topic) #url# </document>
		<document> #user# #user# you have been a rare light of consistent integrity in our msm jon 
👍🏽🙋🏽‍♂️ </document>
		<document> #user# i think anyone asking for johnson to publish sue gray’s report “quickly &amp; in full” … should be asked directly about the #hashtag# delay </document>
		<document> #user# not sure i agree with you chris this type of story has ‘cut-through’ crazy #hashtag# didn’t cut through in the case of corbyn in 2017 but eventually the right found crazy #hashtag# voila! on door steps this did impact in 2019 i bet #hashtag# will come up in pubs &amp; cafes </document>
		<document> #user# the man who (mildly) assaulted me on #hashtag# day as i manned a polling station with a labour rosette on … mentioned ‘erhc’ as his rationale/ proof … that his actions were justified 
the man who screamed “i hope you burn in hell” as i gave out leaflets a week earlier likewise </document>
	  <document> #user# #user# so when someone clearly says they are against racism and antisemitism... that makes them (your words)
"smug and virtuous"
tells me everything i need to know about you </document>
<document> #user# Freund was on the train from Kent to London on the day of the final.
10 boys discuss tactics to break into Wembley
and sing obscene songs in the carriage… ignoring everything around them
#Hashtag# </Document>
<Document> #user# was at a passenger concert with family yesterday.
intends to wear mask indoors
&lt;1% there
plus beer in hand...
mask went less like this 🤷🏽 ♂️
Excellent concert - he's a great storyteller too
I hope it wasn't a super spreader event 😳 </document>
<document> update: One of the reasons that contributed to my missing from the list paranoia was a friend (also in Muswell Hill) who told me he was going to be vaccinated... even though he was 55 years old was. Yesterday he texted me to say the doctor "made a mistake &amp; canceled the booking #url# </document>
<document> #user# wow
Great cut through the BS analysis
👍🏽 </document>
<document> #user# #user# Let's apply the tried and tested &amp; checked;
*#Hashtag# rule
🤷🏽‍♂️ </document>
<document> #user# I'm not a Galloway fan, but you are unwittingly insulting the citizens of #hashtag# with this tweet. Starmer (and his advisors) inability to see "people" &amp; See instead that a group defined only by 'color', 'race', 'religion' led to this. #user# created the tension imo </document>
<document> #user# #user# #user# jap
Every MSM journalist needs to address this every time a working class MP tries to frame politics with Islamophobia &amp; Racism </document>
<document> #user# #user# I was made to understand that Jeremy Corbyn had *nothing* to do with this selection.
he is explicitly *not* responsible for the consequences of voting twice 😉 </document>
<document> #user# #user# #user# yes #user# reported forensically on the impact of the austerity measures ((100,000 additional deaths according to #user# ?) *but* did everything in his power in cold blood to protect the one party determined to end it... failed "out out damn spot" as a very guilty person once said </document>
<document> #user# #user# maybe the #hashtag# at 5pm is Starmer announcing his resignation &amp; Work "comes home" to its left-leaning roots🤷🏽‍♂️
🙏🏽 </document>
<document> #user# #user# I attended a #user# rally in Chingford where it was #user#'s turn to star...
If we demand the "socialist purity" of the past from everyone *now*, we'll never win, will we?
You know 30 million didn't vote for Corbyn in #hashtag#...
let's try &amp; win hearts &amp; not repel spirit? </document>
<document> #user# #user# Imagine being able to tell the difference between a life &amp; Death situation (war) …
and a sport you *choose* to participate in... (or not)
Imagine not being able to tell the difference between </document>
<Document> #user# #user# of course👍🏽
how far we've fallen
the nation by Stephenson, Watt &amp; Bolton, Arkwright, Rolls &amp; king...
now reduced to being thankful for scraps thrown at us by global fmcgs as they pass us.
We need an industrial strategy for real growth that benefits the lives of many </document>
<document> viewed #hashtag# last night
the full spectrum of emotions...I was exhausted &amp; through the press… in just 10 minutes
My daughter loved this book - it made her want to study medicine
(yikes)
brilliant writing, acting &amp; directing
bravo tv #url# </document>
<document> #user# #user# not only suppressed by Starmer
our msm closes with a vow of silence because they were involved...
imo</document>
<document> #user# question alan
Should every journalist who *know* about the party(s) resign as well? </document>
<document> I've seen this argument made in a #user# guide. If every girl is able to finish secondary school (rather than being an FGM victim/child bride) the country's GDP would increase due to a better educated/skilled/larger workforce and compelling moral *&amp;* financesal reason for #hashtag# #url# </document>
<document> #user# Yes, agree
starmer gets incredibly bad advice </document>
<document> #hashtag#
brilliant movie 👏🏽
Bravo #user# 👏🏽
a spoof climate change analogy that ends up being very, very moving.
I can understand why msm tried to crush it... it's about their complicity in putting ££$$ above tackling the big issues we all face. </document>
<document> #user# #user# the social media account has been outsourced to an agency with a bad sense for </document>
<document> #user# my wife and I campaigned for you twice in 2019
and once in Johnson's constituency
as well as in your own constituency for #user#
We feel like we've done our bit </document>
<Document> #User# Question:
my neighbor next door converted to judaism 40 years ago...
What rights to a Palestinian's existing property does he have "if" he wanted to move to Israel?
The same goes for Ivanka Trump
ridiculous way of thinking </document>
<document> #user# #user# #user# I'm afraid every institutionally racist organization in the UK - BBC, #user# , Sun, Mail - is lining up to say #user# is the racist institution </document >
<document> #user# #user# ... so is this the third or fourth time in the last year that #user# has lost a case and paid damages to those he wrongly smeared? that *guess* also doesn't make it to #user# #user# or #user# ... "pay damages" eh .. no wonder *someone* was in a bad mood today 🤷🏽‍♂️ </document >
<document> #user# #user# #user# #user# #user# #user# the #user# article is from the Bagehot columnist, he is imo the most right wing &amp; least balanced journalist on the otherwise decent magazine. his slanders about corbyn have often made me cancel my subscription
<document> #user# agreed with aaron
What's worse, the press secretary can't even spell:
"Climate Change *Meeting*"
🤦🏽‍♂️ </document>
<document> #user# #user# you're trying way too hard on Karl.

I saw #user# in Afghanistan yesterday.
90% of the audience were the same or more eloquent &amp; certainly *more* passionate about the subject.
Even Fiona Bruce was good.
and the Afghan journalist/refugee was the pre-eminent human voice of reason🙏🏽 </document>
<document> #user# #user# and this from a paper owned by Donald Trump's moderator - Rupert Murdoch - oh that </document>
<document> #user# #user# agreed
also remember while i live in kentish town </document>
<Document> "Shouting slogans doesn't change politics" Starmer is quite pleased that this is attributed to a heckler; The problem is that he is in front &amp; behind a big 3-word tagline 🤦🏽‍♂️ #hashtag# #url# </document>
<document> #user# excellent point
a Tory donor - or ex-Prime Minister - has a better chance of getting their attention... </document>
<document> "$65 billion should ensure every American has access to high-speed internet" Biden's $1 trillion infrastructure investment gets #user# excited # </document>
<document> #user# #user# #user# I love your passive-aggressive battle cry Paddy🤦🏽‍♂️
"Stop the insults &amp; the *simple* socialist sloganeering &amp; stand behind #user#”
*not* gonna cut it with me.
You see slightly higher taxes to fund NHS &amp; Schools and food banks are not *slogans* but *guidelines* </document>
<document> #user# #user# #user# incredible to have a government run by a journalist... it's all about optics
how things look
sooner than you know...improving people's lives</document>
<document> #user# #user# #user# #user# ... so you're actually suggesting that this article *exaggerates* that the deep swamp starmer drove the party down ... are you even allowed to think that, let alone suggest 🤷 🏽‍♂️ </document>
<document> #user# #user# #user# incredible how often the *arguments against corbyn* are either:
1. ignorant
2. Misrepresentations or
3. downright swabs
your tweet seems to fall under category1.
did you stop to think how you could be so wrong about an easily verifiable fact🤷🏽‍♂️ </document>
<document> #user# we are with your michael 🙋🏽‍♂️🙋‍♀️
neither does rabitt foo foo
🙏🏽 </document>
<document> #user# I agree
although I support all 3
and somehow understand the pressure they were under at the time
the question is:
What will we do to better handle the narrative? For me
#user# is leading a bold, fact-filled discourse
#Hashtag# </Document>
<document> #user# #user# mariwan... strange response to me when I tried to say teachers and NHS workers card r were also abused by systems rigged by billions... I'm ready to be attacked, yelled at &amp; threatened on the street for supporting workers. your condescending tone is 👎🏽 not really humanistic </document>
<document> #user# #user# "dehumanizing acts dehumanize the *perpetrator*"
#hashtag# worries about what apartheid policies are doing to young Israeli soldiers (and caring about Palestinians)
great interview by frost 👏🏽👏🏽 </document>
<document> #user# #user# #user# and at the end they ask for our money because they are “independent”.
#Hashtag# </Document>
<document> #user# there is the #hashtag# 💁🏽‍♂️
Work makes it rude because she knows #user# #user# won't embarrass her &amp; ask the awkward question
Murdoch/Rothermere journalist ditto
#Hashtag# </Document>
<document> #user# there are more
#user# was fine publishing those letters... but not amplifying them on his front page.
Needless to say, neither has any politician who has slandered Corbyn

#url# </document>
<document> #user# #user# … maybe after seeing Sue Gray protecting her boss in an excellent way, Starmer will turn gray to check her &amp; get in touch with #hashtag# 🤷🏽‍♂️
#Hashtag# </Document>
<Document> #user# "There is no clear mission in the Prime Minister's mind"
wilt
but... but didn't we all know that in 2019?
Unfortunately, we the people are powerless to control our destiny in the face of the superior power of Murdoch, Rothermere &amp; Barclays.
they always get *their* man
🤦🏽‍♂️ </document>
<document> #user# #user# which means "paid for your opinion"
even mine?
Seriously
Getting paid for "an opinion" doesn't absolve you from the normal rules of society...
you spent too much time with (checks notes)
*People paid for their (sic) opinion* </document>
<document> #user# #user# #user# I was conflicted #user# said #user# "were best placed to win"... and let's face it, they *always* tell the truth (they are *independent* * impartial* they are not 🤷🏽‍♂️ …) </document>
<document> #user# #user# #user# #user# i'm always skeptical when someone uses the term *clearly*...
I think you're right
A rigged survey is often conducted to &amp; dump the opposition.
Check who conducted this survey.
Check sample size.
Check the opening questions - before the question "Who will you vote for?" </document>
<document> #user# terrible incident for this man
his answer &amp; Perspective is really heartwarming
yes - a true human 🙏🏽 </document>
<document> #user# #user# from an original glimpse of Donald Trump perhaps?
next "space force" </document>
<document> #user# #user# prints the Murdoch &amp; Rothermere doesn't *want* you to read.
probably more left of center than any other msm magazine
very worth reading👍🏽 </document>
<Document> #User# Checklist:
murdo ✅
Mandelson ✅
hedge fund✅
Supporters of tax havens✅
predatory utilities ✅
And ….
People who think *not* posting #hashtag# is "good policy" when* they are *deeply insulting* to berate citizens who are elected, supported &amp; Harder donated
like me
🤦🏽‍♂️ </document>
<document> #user# #user# not clear...
but the Pope made a divine intervention, as I am told (by the screenwriter)</document>
<document> #user# #user# I had a "shot" every time Kane touched the ball...
stone sober </document>
<document> #user# #user# #user# #user# the effort to sound out the electorate - which onesis the Murdoch/Rothermere press code for "delighting" - means you *only* use the values ​​&amp; Policies The Sun &amp; Mail editors approve. this is not political leadership... it is a cowardly submission #hashtag# </document>
<Document> #user# "Dignity in the workplace"
Can I be the 94th person to mention Prince Andrew's observance of these...? </document>
<document> #user# a seat once held by Clive of India's grandson as MP that I read...
#Hashtag# </Document>
<document> #user# #user# my wife will be wearing a mask and visor when she teaches live next week.
agree that the "non-mandatory" rule wreaks havoc on teachers' stress levels</document>
<document> #user# #user# only if the "majority of people" are bots
I clicked on 4 of your likes and they were all bots &lt; 10 followers/numbers for a name...
Now who would pay to give such a false impression ❓❓❓ </document>
<document> #user# #user# I think this would be a good time for retired journalists to step up to the plate (after all they did in the Covid war 🤷🏽‍♂️)
1. You have a great education from our best private schools
2. vast unprecedented knowledge (so they claim)
let them do some proper work 🤷🏽‍♂️ </document>
<document> #user# on "bad faith" I would treat with a degree of skepticism anyone who is a vocal supporter of: 1. Boris Johnson 2. Trump 3. Netanyahu who nonetheless has Gate &amp; #hashtag# with forensic precision - regardless of 40 years of flawless anti-racism </document>
<document> #user# #user# not sure I agree Phil
"non stop" and "cess pit" is a bit of an exaggeration, don't you think?
I think women of color in the PLP like #user# #user# in particular cannot agree with your assertion
imo
lets stop talking about jess 🤷🏽‍♂️ </document>
<document> #user# the message is *still* terrible - sound &amp; Contents.
Exactly who do you think will fall for this? </document>
<document> #user# I think #user# will be a little angry Peter
that was her role...
(imo) </document>
<document> #user# #user# we are all judged by those who support us...
and those who try to oppose us

Keep it up Julia 🙋🏽‍♂️🙋‍♀️ </document>
<document> #user# #user# I wonder when banned members will be able to file a class action lawsuit?
or is it that as a private club workers can have all the rules they want members to have - as long as they don't break any laws 🤷🏽‍♂️ </document>
<document> #user# dear social media staff #user#
you fit into your next job #user#
many racists &amp; Mysognists as colleagues </document>
<document> #user# #user# #user# I know you're trolling us...
but it's quite insightful in terms of the narrative you're *trying* to convey.
It is clear that the opposite is the case.
BTW #user# will check the 200k case (they do).
the fact that they printed it shows that it has been validated
🤦🏽‍♂️ </document>
<document> #user# is that you?
no ct increase want 4 months ago ...
outrageous revisionism
I can't believe I voted for you (sorry guys)
#url# </document>
<Document> #user# has it with Ms. &amp; 2 reluctant daughters
we were all tied up
maybe a tear shed...
a bitter satire that lands multiple hits on our failed msm (hence the #user# hitting reaction)</document>
<document> #user# #user# Question:
That includes the folks on the Blair/Campbell team who looked at those hideous campaign posters featuring Michael Howard &amp; oliver letwin?
or get a free (conference) pass 🤷🏽‍♂️ </document>
<document> #user# David
They seem to protect power from being held accountable
this is what msm journalism is in this country </document>
<document> #user# "socialism" .... "nationalism" safe ben? </document>
<document> #user# I'm jogging Michael
or more precisely, “stagger” 2 km – 3 times a week
I have to earn my pleasures by losing calories
so jogging is the necessary pain endured before pleasure ... i have egearned
a bottle of Bordeaux - shared with my wife </document>
<Document> #User# Marc should drive one of those big trucks with video screens &amp; drive around bbc, news int, related press &amp; Westminster…
with facts about the case
in the background for every outside broadcast 😉 </document>
<Document> #user# #user# from the heart of David
I voted for Starmer
but *left* the job in June 2020 when I felt his disrespect towards notable members &amp; indeed citizens with the casual tossing of the #hashtag#
he seems to tolerate racists in "his" party
I hate a racist caste system 🤷🏽‍♂️ </document>
<document> #user# #user# says a self-conscious man standing in front of a three-word tagline #url# </document>
<document> must there be a crowdfunding fund to "support" the decent journalist or official who leaks the official party list?
after all, they will most likely be unemployed as a direct result 🤷🏽‍♂️
#user# #user# #user# #user#
#Hashtag# </Document>
<document> #user# "Keir has always been honest about the mountain we have to climb to rebuild trust", even right after 3 years of industrial backbiting against labor supporters by a malicious right-wing faction at HQ. Now why should we trust them to run the party 🤷🏽‍♂️ post #hashtag# to heal </document>
<document> #user# dan
i'm sure aspects of bbc output are still being considered internationally
*not* so the news...unless you count Russia, North Korea &amp; saudi arabian state broadcaster admirable
that's how far your newsmates have dragged the rest of you
imo</document>
<document> #user# #user#, oddly enough, the Corbyn guidelines of
❇️slightly higher taxes
❇️State-owned public services (such as railroad and water)
❇️better social &amp; nhs care
seems to go down well in Germany, 🤷🏽‍♂️France, Scandinavia, Canada...
Please let me know that you are aware of this </document>
<document> #user# #user# " who thrives on his utter ruthlessness alone."
plus so many of his ex-colleagues in the media share his values ​​and scruples (or lack of) imo </document>
<document> #user# at this rate, I think the black community "establishment" will be billing; "Character building sessions spanning 300 years" </document>
<Document> #user# #user# and #user#44 had relatives who left Ireland for the US...
I bet your views on Britain are influenced by that backstory
(Well, Obama actually mentions it in his book) </document>
<document> #user# Lee says the work doesn't need *any* canvassing help.
#Hashtag# #URL# </document>
<document> once again, #user# is happy to jump on the Murdoch bandwagon - when it comes to smearing Corbyn, "corbyn is divisive," claims #user# sneakily to the same people who gave us "flexible bananas." have! murdoch about brexit ❎ says jo murdoch about corbyn ✅ says jo eyes wide closed #url# </document>
<document> #user# #user# #user# "completely irrelevant"
really?
I think your tweet is very revealing about the status of the work </document>
<document> #user# #user# #user# #user# #user# but then I have a legal background
am able to digest data (i.e. the underlying politics behind #hashtag# ) and then draw pretty clear conclusions
and can also detect the faint whiff of bs
(again imo)</document>
<Document> #User# on this basis any business model that includes:
a telephone
a computer ...
is a “tech platform” </document>
<document> just finished #user# "A Promised Land" what a book✅ I can't imagine a more relevant "seat at the top table" politician book full of forensic details, humor, humanity &amp; Insight ends with Afghanistan, bin laden &amp; a mention of Cameron #hashtag# #url# </document>
<document> #user# come out karl i read #hashtag# …
They all laugh at us together </document>
<document> #user# #user# #user# as the Germans found out... it's possible to have a truly left party in power 👍🏽
I would rather vote for it
thanks but for your more plaintive "rally cry" </document>
<document> #user# #user# That's not quite the endorsement you were hoping for, rob
“Brilliant journalist” nowadays means someone who doesn't shake too many feathers of the right-wing establishment.
In that regard, #user# is *awesome* indeed. </document>
<document> #user# #user# let's get some facts in (perspective).
total and *imports* of lamb 2020:
302 million pounds
not exactly a lot of money - it doesn't cost a lot of psa these days...
and the UK's share of that small number is what...?
not much 🤷🏽‍♂️
#Hashtag# </Document>
<Document> #user# thanks Kier
I voted for you by the way
however, i left work realizing that your respect for poc imo was far less than others...
#Hashtag#
#Hashtag# </Document>
<document> #user# so which of these statements are (in your opinion) *not* “heartfelt;
1. These footballers enjoyed the experience
2. They are sorry for missing the penalty
3. They are not intimidated by the online racists trying to belittle them
🤷🏽‍♂️ </document>
<document> #user# #user# a great political initiative that *wouldn't* have been cleared up by our press billionaires...
we are #hashtag# </document>
<document> #user# chris the #hashtag# issue is not *banter* or an "internal dispute" as you misdiagnose it. i am asian british &amp; was a labor supporter (voted Starmer) I *froze* to the bone reading the leaks... institutional racism in *my* party forced me to leave last year</document>
<document> #user# #user# does he have?
really?
"Your knowledge of current affairs is insufficient..."
(Snatch Dirty Harry) </document>
<document> #user# you misheard laura
the "great sigh of relief" came from johnson &amp; his supporters... </document>
<document> #user# #user# odd comment
if I understand you correctly
They claim "like" *don't care* don't care...
while observing that "it seems" that #user# employees are using a bot farm (directly or indirectly) to "like" his tweets.
try &amp; to be consequent ...? </document>
<document> #user# bet that if #user# or #user# showed up for an interview, he'd be razor sharp </document>
<document> #user# I agree with you
I believe the next union leader will be the one who posts #hashtag# - not Starmer
and demand redress from those who have misappropriated our funds (including my donations) and undermined our democracy </document>
<document> #user# We are watching hosts #user# #user# &amp; They absolutely love Morgan
"Because he had an English accent, we thought he was intelligent..."
about his CNN stint, which was a failure </document>
<document> #user# terribly biased article on As in Corbyn's work. in the week Lord Austin, a major spreader of swabs, revealed his racism imo &amp; #user# loses a case &amp; pays damages. Corbyn's statement, which has been "dramatically exaggerated for political reasons", is based on fact </document>
<document> #user# #user# the advantage of not understanding "polling" &amp; How it can be played is that you can comment on any matter &amp; Find a poll that supports you somewhere.
Corbyn lost - we understand that
but he got *more* votes than Blair, Brown &amp; Miliband in their last elections - agreed🤷🏽‍♂️ </document>
<document> #user# terrible journalism #user# Corbyn's 'vote collapse' totaled 10.3 million votes &amp; (some facts here) *more* than #user# brown &amp; Blair in the last 3 elections. Liberal collapse helped stories in #hashtag# #user# seem to undo uncomfortable truths, why? </document>
<document> #user# #user# starmer read #hashtag# "if" it is in any way critical of corbyn the bbc &amp; #user# would be like a hasty #user# would interview #user# #user# et al. The fact that they aren't tells me everything I need to know
<document> #user# it is clear that you are an inspiration to many zarah
including me (and I'm 63)
🙏🏽 </document>
<document> #user# offends people who supported, donated &amp; cAssaulted for you in 2017 &amp; 2019 when how was not very smart rachel like my wife, daughters &amp; Imo it's racist too because after the horrifying revelations of #hashtag# &amp; You seem to be telling me that this is *not* "only" the reason</document>
<document> #user# good spot👍🏽
...I think some Mail journalists are considering investing in the Didsbury property market...so do you need to lower prices first? </document>
<document> another "classic" #user# shilling article. imo
I struggled to see him actually condemn the genocide of defenseless people (checks notes).
"Look over there... Worse things are happening"
is his perplexed refrain to the global media
#Hashtag# #URL# </document>
<document> #user# #user# #user# #user# you mean like diana?
(ps: nothing in your locker dan - except tired swabs aimed at decent people who just want a fairer place to live - with better life outcomes for the many, *regardless* of their ethnicity or religion)
#url# </document>
<document> #user# Looking at humanity through the prism of people choosing to work with right-wing billionaires like Murdoch... is not good for my soul.
I follow #user#'s advice and "ignore the messages"
it's refreshing</document>
<document> #user# tell them "if" it's that important to "keep in touch" with a 2nd job...
do this without payment 🤷🏽‍♂️ </document>
<document> #user# #user# #user# … it supports
 #Hashtag#
lgbgt rights
Anti-Tory Chumochratie Corruption
I like to point out contractions as smears (in the letters section)
Rip off against academy schools
city ​​excess
Tax evaders/havens
not many Tories would support these stances imo
try to read it🤷🏽‍♂️ </document>
<document> #user# #user# #user# #user# well #user# continues &amp; says there is far more antisemitism on the right than on the left

#url# </document>
<document> was late for #hashtag# &amp; When I see this picture of #user#, #user#...I think she's mischievously referring to #user# before the #hashtag# where he was recorded as being critical of work &amp; said "I had *no idea* a Tory would secretly take me in" #hashtag# #url# </document>
<document> #user# #user# #user# agreed
and with the bbc &amp; #user# plays an important role </document>
<document> #user# #user# better service ✅
less cost ✅
more taxes paid in uk✅ (either via ct or better wages)
more green✅
= better for the many </document>
<document> #user# #user# Well done Simon, consolidating the work of our storied free &amp; curious msm ( ) Maybe #user# has outsourced the work on serco...? that might explain the delay( ) </document>
<document> #user# I passed a small group of elderly people bent over a bag yesterday...
initially thought they were Jehovah's Witnesses
On closer inspection, job applicants receive their leaflets
not a single one under 60
sad it came to this - starmer disenfranchised the young </document>
<document> i would give 3 points to #hashtag# 1. i would have thought the abuse victims wanted justice - &amp; the cpp let them down at the crucial moment 2 who was to blame? I don't know, but Starmer was the boss back then. 3. There are a hell of a lot of bots who *like* the spin at #url# </document>
<document> #user# one wonders how much bigger the bbc budget would be now if the 'other' man had won 2019 🤔 and if #user# had been a bit more balanced when it came to reporting his views 🤔 </document>
<document> #user# agree
but would you also agree that the ringmasters of this circus / panto were our msm 🤷🏽‍♂️ </document>
<document> #user# #user# he must be doing something *very* right if you feel the need to perform an ad hominem attack... </document>
<document> #user# "A principled resistance to the lying of our clock" is what I saw
and everyone else outside of the cozy msm/westminster bubble you inhabit, john</document>
<Document> Random thought: I can't suppress feelings 'if' a 'Gandhi', 'Dr. King' or 'Mandela' were alive and members of #user# would be (or soon will be) expelled from #user#. "far left” If a 'Trump' were a member, they would be welcomed with open arms #hashtag# </document>
<document> #user# 👍🏽 also
My wife and I used #hashtag# to advertise in 4 constituencies
we've had doors slammed in our faces, yelled at &amp; abused
but we did it because we adhere to the principles &amp; Corbyn's Labor Policy
We are in June 2020 because of #hashtag# &amp; #Hashtag# </Document>
<document> #user# #user# #user# can't help but think
If *only* #user# had defended #user# with such zeal against fact-free wild claims - like he does starmer</document>
<document> #user# #user# don't you mean;
“earn enough to support their family”
... and do not use panels </document>
<Document> Windrush victim Sarah O'Connor dies aged 57. "Her MP, Labour's Margaret Hodge, said: 'She had been through hell. She was forced to sell her clothes and car. She showed a really positive, courageous resilience in the face of terrible circumstances" #url# </document>
<document> this is one of 2 letters in the current #user#, the #user# &amp; Provide *facts* as to why the antisemitism smear was exactly that and zero letters criticizing him, btw under msm political editors class most journalists are decent imo #hashtag# #url# </document >
<document> #user# #user# in the late 80's 2 people I worked with previously worked at amstrad.
Sugar had a desk on a raised platform - and he barked orders to the servants
terrible environment they said</document>
<document> #user# no wonder the work fund is empty...
It costs a hell of a lot of money to buy that level of business advice... and graphics </document>
<document> #user# with an excellent Seed Bagel at 'north &amp; ten at Muswell Hill by #user#
they have loads of 🙋🏽‍♂️ #url# </document>
<document> #user# Dear Andrew, You have seen "evidence" that most courts would find convincing. The question is whether you are manly enough (if I may use that term) to admit that the establishment bubble in which you retire is your "true &amp; fair' vision❓ and are you man enough to be contrite now 🤷🏽‍♂️ </document>
<document> #user# #user# this is such a badly written job, I guess it's from guest author 'ratbiter' or as it's better known, the famously objective, measured &amp; forensic Nick Cohen (I could be wrong)</document>
<document> #user# to add - anyone in politics or MSM or on TV who really expresses outright anti-Semitism is out of their job.
on the other hand, being a racist is almost a table stake to get in some msm programs / columns *on*
so obvious
so shameful</document>
<document> #user# Calm during the (political) storm aaron
you that is
... not the establishment &amp; their msm surrogate is "playing politics" to grab the wheel of the car as it falls off the Brexit/Covid cliff</document>
<document> #user# #user# #user# #user# do you mean abuse by this man? *no* worker jailed for abuse of #user# in 2016... a far-right person! please read &amp; then consider that you may have been cynically misled (then ask yourself who did it and why) #url# </document>
<document> #user# #user# #user# karl
Please stop with the cult admiration
'if' Starmer is as good a leader as they say...
You really don't have to tell us every day
really not
(in other news... can I tell you that Bitcoin is a really, really great and solid investment 🤭) </document>
<document> #user# pot &amp; Kettles come to mind when I read these rather childish ad hominem attacks.
You will ultimately be judged in life by those who respect you... and by those who don't
based on this edition
you seem to be on the same page as "the many"
🙏🏽 </document>
<document> #user# brilliant clive 👍🏽 all the more so as you must be so busy dealing with multiple requests to appear on BBC Radio 4, Newsnight and Peston today... Looking forward to the headlines tomorrow in our msm - rightly highlighted this shameful cover-up </document>
<document> "Make high-speed internetavailable anywhere in America – so no parent has to be sitting in a parking lot for their child to access the internet for homework.” #user#
What a great idea President Biden 👍🏽
if only we had a politician with this vision (&amp; a supportive msm)
#Hashtag# </Document>
<document> what a sad, unkind &amp; pretty nasty tweet #user#
We can all agree that Corbyn lost GE19
all who are aware of the facts know *also* as do you*;
✅ He got more votes than the last 3 union leaders
🟩Industrial scale MSM smearing played a role🤷🏽‍♂️
✅Unraveling now in court #url# </document>
<document> #user# I heard that Hancock's friend, who runs a pub, got a contract to supply them...
don't scoff... how hard can that be 🤷🏽‍♂️ </document>
<document> #user# at university in the 70's my friends couldn't understand why i played 'shirley bassey - live at carnegie hall' so often...
while I also like Roxy music, Deep Purple, Pink Floyd...
great documentary about sky art the other night👍🏽 </document>
<document> just heard #user# on #hashtag# &amp; impressed by her life-enhancing reference to "be thankful"
I can really understand that
my Tamil mother drummed that into me 🙏🏽
By a happy coincidence, I saw lyse talking about #hashtag# with #user# at Conduit Club #url# </document> this week
<document> #user# #user# #user# I also promoted #user# 👍🏽 once for 2 hours just me and her. another day my wife &amp; I was abused outside the green tube by a man screaming hysterically; "I hope you both burn in hell." I thought he was going to attack us, her silence is disappointing 😕 </document>
<document> #user# #user# What a strange comment?
Aren't you interested in principles being applied consistently &amp; quite? </document>
<document> #user# ignores the color coding (that was 50 years ago), this would tell the difference between a Tory &amp; Worker "centrist" ...
Once the fox bares his teeth and bites (and shows his true colors)... they can become a Tory Lord Wolf
imo</document>
<document> #user# he was knighted for his service... so probably someone high up was happy with what he did
…. and didn't
imo</document>
<document> #user# I just verified this #user# account &amp; noticed that I am also blocked by him/her
I'm clearly in good company 👌🏽 </document>
<document> #user# everything is relative...
I suppose given some of the boring, uninspired relics he's collected around him - in *relative* terms, he seems *charismatic* 🤦🏽‍♂️ </document>
<document> #user# you are a star 🌟 well fought &amp; argued Dawn (amazing how only *now* it is "deeply offensive" to label a political party "institutionally racist"🤦🏽‍♂️)</document>
<document> #user# #user# yup "this vote" reviving the centuries-old animosity between Spores &amp; gunners...
Lamala was involved in all the drama </document>
<document> #user# #user# #user# I'm not sure your subtle distinction that you have to 'live' in a physical location (Moscow) to be 'belonging/helping' is even relevant.
on this basis one cannot accuse trump of being a putin henchman.
the question is …
why are *you* so "desperate" to defend the untenable </document>
<document> #user# #user# er... let's see🤔
🤔 because he was the leader of the cpp
🤔he earned &gt; as the pm
🤔He was knighted for his efforts

Why are you trying to defend the openly untenable - for such a serious crime 🤷🏽‍♂️
it's not insight - it's *not* to bury my head in the sand</document>
<document> #user# #user# #user# what's up with this curious "tribalism" reference 🤷🏽‍♂️
buy &amp; Read #user# this week it's all there
imo
foreign media barons, foreign governments &amp; Proxies, foreign VC/hedge funds should not be allowed to fund UK political parties/MPs/advisers
do you agree neil❓ </document>
<Document> #user# You forgot...
"Decent people are barnacles on a boat" </document>
<document> #user# Eric is either: 1. a bot 2. based in the US 3. based in Russia 4. 14 years old </document>
<document> #user# I rememberjordan peterson on #hashtag# tries to spin;
“the best &amp; the brightest” end up as members of parliament
tragically, for many, this is not the case</document>
<document> #user# I wonder how #user# would have treated a South African apartheid regime under Viner as editor “if” it *still* existed...
🤦🏽‍♂️ </document>
<document> #user# #user# #user# so I can ignore the begging letters from the labor center... asking for donations?
good to hear </document>
<document> #user# Corbyn is the "Cuba" of British politics, he just *cannot* be considered a success of any kind. despite the tory msm blatant smear against which the courts have ruled, the establishment's 'Spanish Inquisitor' wants him to recant &amp; plead "Yes, the world is flat" </document>
<document> #user# #user# You are a bot I guess... so based in St. Petersburg ❓ </document>
<document> #user# I guessed correctly that you were a "journalist" Emma... when I read your straw man tweet (or torrancing maybe?) I left work because of the nasty racist revelations in #hashtag# &amp; Starmer's (which I voted for) complicity in the funeral of #hashtag# hope you realize🤦🏽‍♂️ </document>
<document> #user# if there is no objection from the leader...
doesn't that make it a *dictatorship*
Just say </document>
<document> #user# #user# #user# not quite up there imo with 200 people in handcuffs &amp; driven from this country after living here for 50 years and losing families
lose all rights
die 10 later
or attacked nearly 100 people after #user# referred to "mailboxes".

#Hashtag#
#Hashtag# </Document>
<document> #user# #user# is the term of choice I believe; *hideous, grotesque cesspool* </document>
<document> #user# 2 favorites to become the next Tory Prime Minister are the product of people moving to this country (you know it from abroad) 🤦🏽‍♂️ </document>
<document> #user# ian You inadvertently explained some of the pressing reasons *why* an independent Scotland makes sense... if I lived in Scotland I would vote for independence from the English two-party establishment run by foreign media barons is controlled, then these topics can be sorted👌🏽 </document>
<document> #user# over the last 3 years ms philips has spent a lot of time defending a community that faces prejudice....i don't recall her posting that kind of 'perspective' imo 'if' anyone had made it I'm sure such a remark would have published another 1000 outraged Guardian articles</document>
<document> #user# the boys on the beach ...
I remember the official spokesman saying;
"Their mothers sent them out to play *knowing* they were going to die"
then chill
Chill now </document>
<document> #user# is this another case of #hashtag# matthew?
simultaneously outraged at (checks notes) *slandered* against Starmer - while enthusiastically engaging in #hashtag# 🤷🏽‍♂️
#Hashtag# </Document>
<document> #user# Journalists are (finally) upset
#user# has three cartoons on the conflict in the current issue.
all three are critical of Israel </document>
<document> #user# happened this week
Milk was "fresh" on Monday.
Clot by Thursday </document>
<document> warn the people who blame Corbyn for our Brexit quagmire - rather than well... the Tories &amp; our fabulous free press is the ultimate #hashtag# !! because they believe Corbyn has the superpower to right any wrong. this is now really cult like madness 🤦🏽‍♂️ #hashtag# </document>
<document> #user# #user# #user# #user# #user# #user# #user# I'd bet 200,000 is an underestimate
The fact that so many *ex* members are still receiving 'Would you please solicit publicity' emails suggests the Labor Party's membership department is grossly disorganized - and clueless as to actual membership numbers has </document>
<document> #user# #user# #user# here is the difference in attitude between us:
I can see well &amp; bad points from biden
I think all in all he is a "force for good". I'm ready to wait &amp; see.
you only see the negative
Yesyou consciously avoid positive things like climate policy, more usaid &amp; healthcare
Why? </document>
<Document> is not only a great story about courage &amp; 'make a difference'
i had the privilege to work with sadia &amp; the charity #user#
sadia hussein: fgm survivor saves girl from knife | female genital mutilation (fgm) | the guardian #url# </document>
<document> #user# #user# you say "moderate" rachel i say "right wing" who would be more comfortable in the tory party. my proof: just look at the posh ex mp lords... by johnson no less or those ex mps who like to work for gambling companies or utilities or pr firms. or take over £1m to 'run' a charity </document>
<document> #user# #user# #user# what a strange remark🤷🏽‍♂️
Wishing someone goodwill is a meaningless activity 'if' the recipient doesn't trust/respect the 'giver'
as the "giver" starmer encouraged a pretty nasty following (imo)
His words to me are mere platitudes... like Johnson's. </document>
<document> #user# no idea...
perhaps because the media gave him his majority of 80 seats
by smearing the decent alternative 🤷🏽‍♂️
and now *some* of the media are realizing the implications &amp; are allowed to speak of their owners 🤷🏽‍♂️ </document>
<document> #user# #user# #user# and... the racists are the ones telling us this about Corbyn...
🤦🏽‍♂️
imo</document>
<document> #user# "Keir Starmer did such a good job of detoxing the working brand," say all the proxies for Murdoch, Rothermere, Barclays...
fixed it for you kerri</document>
<document> #user# #user# I remember always asking Pele; "Who was the best goalkeeper you played against" and "Gordon Banks" was the answer. even then i thought if he were in italy his answer would have been zoff...
We're really delusional about our abilities without "trophies" </document>
<document> just completed #hashtag# by #user# ⭐️⭐️⭐️⭐️⭐️
deeply insightful, thought provoking &amp; To move
as the only asian (with my sister) in my 60s children's/lower schools also very cathartic
for me the best book of the year 2021 👏🏽
my mother in law &amp; Daughter is reading it now🙋🏽‍♂️ #url# </document>
<document> #user# exactly
and the same goes for the bbc of course (unfortunately) too...
(note that satellite photos of troop builds were not shown)
🤷🏽‍♂️ </document>
<document> #user# #user# fair enough tom both my wife &amp; i voted for starmer in the leadership election - i trusted him when he spoke about the 10 pledges, public property &amp; Corbyn is "a friend". We both left in disgust for a few months when #hashtag# wasn't published by Starmer Sad Times </document>
<document> #user# I'm surprised no one has accused #hashtag# voters of being (checks notes) "anti-Semitic" yet...
after all, this is why (sorry) nobody chooses to work in #hashtag# </document>
<document> #user# unbelievable, if these kind of robust interviews had taken place consistently in 2019 we would have a #user#government by now
Journalists like #user# #user# are responsible for the hurricane we have harvested </document>
<document> #user# if the Liverpool manager has made it clear that he prefers another team...
or the coca cola md said "pepsi was better than cola"
or Samsung CEO said he was using an iPhone...
or an MP has made it very, very clear that his values ​​do not align with his party...
it is clear what would happen </document>
<Document> #User# *Bombshell Revelations*
really piers?
I find your exclamation too much (on this one subject) #url# </document>
<document> #user# #user# You were a rare beacon of consistent integrity in our msm jon
👍🏽🙋🏽‍♂️ </document>
<document> #user# I think anyone asking Johnson to "quickly &amp; in full" ... should be asked right after the #hashtag# delay </document>
<document> #user# not sure if I agree with you chris, that kind of story caught on in the case of Corbyn in 2017 but the eventFinally found the right crazy #hashtag# voila! this had an impact on doorsteps in 2019. I bet #hashtag# is used in pubs &amp; Cafes</document>
<document> #user# the man who (lightly) assaulted me on the day of the #hashtag# when I was occupying a polling station with a working rosette on … mentioned “erhc” as his justification/evidence … for his actions were justified
the man who yelled "i hope you're burning in hell" when i was handing out flyers a week earlier also </document>