 >
	<document> mypillow: flash sale last chance! 6-piece towel sets save over 70% reg $109.99 sale $29.99

use promo code: j56

click
#url#
800-549-1620 </document>
		<document> democrat party of michigan just made a huge mistake | american watchdog #url# </document>
		<document> chris vansant talks delta force’s insanely high standards #url# </document>
		<document> biden finally says it: ‘i don’t know if we’ll get this done’ – the first tv #url# </document>
		<document> mypillow: 6-piece towel set special!
reg $109.99 sale $39.99

use promo code: j64

click here
#url#
call
800-760-4532

text stop to opt-out </document>
		<document> ever looking for proof biden is a racist? we've got decades of evidence right here ⋆ flag and cross #url# </document>
		<document> school district defends 'after school satan club' at elementary school ⋆ flag and cross #url# </document>
		<document> 'pastors need to lead the way if life is going to win' #url# </document>
		<document> more packaged salads recalled - check your fridge #url# </document>
		<document> to kick off black history month amid historically low approval numbers, biden planning big move against police: report #url# </document>
		<document> love our beautiful french brothers and sisters holding the line!!! #url# </document>
		<document> shock: poll shows unexpected leader in 2024 election ⋆ and you won't believe who does better than trump in a matchup against biden! ⋆ flag and cross #url# </document>
		<document> #user# my personal favorite (🤮), glad nobody was hurt but maybe it’s a good thing it happened so those who make laws can know what the real world is like! </document>
		<document> china continues to approach modernization without westernization and they're getting away with it #url# </document>
		<document> fitton: obama, biden, and clinton should be questioned on russiagate - youtube #url# </document>
		<document> uri revokes honorary degrees given to michael flynn, rudy giuliani | the college fix #url# </document>
		<document> #user# liarwatha has her minions in the people’s republic of cambridge so brainwashed it’s scary.her campaign workers r a group of rabid freaks!they walked into my backyard 1 day, awakened my 2 great granddaughters &amp; yelled at my granddaughter ask’g if she was me! </document>
		<document> dad who forced pedophile to dig his own grave will not be charged with murder - louder with crowder #url# </document>
		<document> atlas obscura members only trivia night - atlas obscura experiences #url# </document>
		<document> clever: this remodeling contractor is also a divorce lawyer | the babylon bee #url# </document>
		<document> geraldo is all for kamala harris as justice and says black woman to scotus is just ‘affirmative action’ · american wire news #url# </document>
		<document> look at this news article from the daily caller: nine officers open fire on man holding box cutter during 30-minute standoff on highway, investigation underway #url# </document>
		<document> james lindsay, dr. matthew johnson, dr. aaron kheriaty, and devin nunes to appear on unfiltered with dan bongino - dan bongino #url# </document>
		<document> #user# i promised you pix. if you look closely, you can almost see the trees outside my window. but it’s snowing kinda hard!❄️☃️ #url# </document>
		<document> effort to conceal bill clinton's visits to epstein's 'pedo island' during hillary's wh run revealed: report #url# </document>
		<document> massachusetts dog owners: it’s illegal to do this with your dog in winter #hashtag# #url# </document>
		<document> hold the private jet! davos goes virtual for world economic forum meet #url# </document>
		<document> burger king to require all workers to show proof of hepatitis a vaccine | the babylon bee #url# </document>
		<document> marta ceo dies by suicide after stepping in front of train | #url# #url# </document>
		<document> oddball professor demands reinstatement, says cussing at students keeps them awake | the college fix #url# </document>
		<document> ‘i thank god’: nfl star ben roethlisberger keeps first things first as he announces retirement after storied football career – faithwire #url# </document>
		<document> three takes on alma thomas as an artist, civil rights advocate, and lifelong learner | smithsonian voices | smithsonian education smithsonian magazine #url# </document>
		<document> the white house just ensured biden’s demise | american watchdog #url# </document>
		<document> #user# #user# you question a book where words are added and taken away, and change definition…but completely accept the concept of changing the definition of man and woman when it comes to transgenders? and you think matt’s point is laughable?!guess again! </document>
		<document> #user# #user# #user# they’re born housebroken. they also will go to the same nipple on mom at each feeding. they will never switch! it’s amazing! </document>
		<document> there is a limit on the number of posts you can make on any given day! so if you don’t keep track, you could be shut out in the middle of something!

the next parler? what to know about this twitter alternative #url# </document>
		<document> hundreds of pro-life people in arkansas march for life, call for ending abortion - #url# #url# </document>
		<document> biden’s un-american scotus pledge still stands #url# </document>
		<document> newt gingrich makes bold prediction about liz cheney and others #url# </document>
		<document> california mice dine on toxin-filled monarch butterflies without getting poisoned #url# </document>
		<document> football coach fired for post-game prayers gets life-changing news - and the left will hate it #url# </document>
		<document> did biden leak breyer retirement without judge's approval? #url# </document>
		<document> the abortion pill kills babies and hurts women - #url# #url# </document>
		<document> s. 3035, good ai act of 2021 | congressional budget office #url# </document>
		<document> breaking: tennessee deputy shot, armed standoff underway - the police tribune #url# </document>
		<document> texas pro-life advocates fight in court to stop austin from making residents fund abortions - #url# #url# </document>
		<document> exhausted biden returns to basement to rest up for next year's press conference | the babylon bee #url# </document>
		<document> lib preacher says jesus "transgenders himself" #url# </document>
		<document> franks: america is approaching an inflection point, and it could change everything ⋆ flag and cross #url# </document>
		<document> seven sailors injured in south china sea after ‘landing mishap’: navy #url# </document>
		<document> senator hirono’s impeccable supreme court analysis is back #url# </document>
		<document> pro-life advocates in naples, florida want city officials to pass law banning abortions - #url# #url# </document>
		<document> 4,000 north american pastors unite against canada’s new lgbtq conversion therapy law, warn it will ‘criminalize christianity’ – faithwire #url# </document>
		<document> biden admin builds concrete wall around white house without explanation | featured news #url# </document>
		<document> struggling biden turns to tom hanks for national campaign to mark one year in office #url# </document>
		<document> directv removes conservative news network in blow to free speech ⋆ the move is just the latest incident in which conservative bandwidth has been arbitrarily limited, and it certainly won't be the last.  ⋆ flag and cross #url# </document>
		<document> pfizer ceo condemns scotus ruling as a ‘clear violation of our constitutional right to produce experimental drugs and use the full power of government to force the entire population to inject them into their bodies’ | the babylon bee #url# </document>
		<document> former nyc police commissioner talks rampant crime, pinpoints dem who started scourge of the city #url# </document>
		<document> mypillow: flash sale last chance!

save 60% on giza bed sheet sets as low as $39.99

use promo code: j73

click
#url#
call
800-741-7421 </document>
		<document> dhs disperses 273,396 illegal immigrants around u.s. in five months, thousands blow off hearings | judicial watch #url# </document>
		<document> dolphins perform elaborate spin dives to hunt prey #url# </document>
		<document> sinema effectively ends any chance of biden's voting legislation being passed - conservative brief #url# </document>
		<document> army flight surgeon says pilots risk 'sudden cardiac death' from covid vaccine side effect | american military news #url# </document>
		<document> dana white fights with reporter about covid-19 treatments and joe rogan - theblaze #url# </document>
		<document> increasingly frustrated jake tapper turns up the heat on psaki’s election doublespeak · american wire news #url# </document>
		<document> five florida teachers removed for refusing to wear masks #url# </document>
		<document> biden suffers more humiliation amidst imploding presidency | american watchdog #url# </document>
		<document> #user# #user# if one is not intelligent to grasp that it’s satire, and takes it for truth, but knows it to be false, they will classify it as misinformation. trust me i post a lot from the babylon bee and get tons of dms accusing me of spreading misinformation. </document>
		<document> npr: we're standing by our scotus covid story even though everyone said it was false #url# </document>
		<document> the volunteers protecting britain's medieval churches - atlas obscura #url# </document>
		<document> 4 ags sue google for tracking users without permission • children's health defense #url# </document>
		<document> schumer's own words come back to bite him as cotton reads filibuster speech - conservative brief #url# </document>
		<document> first us shipment arrives in ukraine, 100 tons of lethal military aid intended as bulwark against russia ⋆ flag and cross #url# </document>
		<document> they'll never see us coming!!!😂😂😂 #url# </document>
		<document> trump refers to himself as the 47th president while golfing - dan bongino #url# </document>
		<document> cheers! you can win a luxe ice fishing adventure fully stocked with busch light #url# </document>
		<document> u.s. economy slows to 'near standstill' as omicron, supply chain delays, and inflation surge #url# </document>
		<document> meet the women who marched for life and protested the vaccine mandates - #url# #url# </document>
		<document> travel to the uk just got a lot easier, so put london back on your bucket list #url# </document>
		<document> breaking: 2 major heartland us cities unveil plans for sweeping vaccine mandates ⋆ flag and cross #url# </document>
		<document> recreating ancient recipes with vawaa - atlas obscura experiences #url# </document>
		<document> pro-life advocates find silver lining in chief justice roberts' opinion on abortion case #url# </document>
		<document> #user# #user# if u  have 4 children in good health, you know nothing of what this woman is going through, &amp;god willing you never do! how dare you cheapen her pain by pretending to be able to feel it every second of your life in every fiber of your being! that’s just wrong! </document>
		<document> new study points to 4 health factors that may explain long covid | #url# #url# </document>
		<document> national portrait gallery announces 2022 portrait of a nation honorees | smithsonian voices | national portrait gallery smithsonian magazine #url# </document>
		<document> scotus declines to intervene in challenge over texas abortion law #url# </document>
		<document> breaking: 82 arrested and 31 rescued in human trafficking operation #url# </document>
		<document> biden rudely interrupts world powers during meeting #url# </document>
		<document> delusional: pm calls massive anti-mandate, freedom-loving convoy rocking canada a 'fringe minority' · american wire news #url# </document>
		<document> winning the fight for free speech online with dave rubin #url# </document>
		<document> conservative pundit stumps transgender activists on 'dr. phil' with 'what is a woman?' question ⋆ flag and cross #url# </document>
		<document> diy washing machine cleaner with baking soda and vinegar #url# </document>
		<document> ca governor rages as los angeles looks like a third world country #url# </document>
		<document> manchin makes it official: ‘i will not vote to eliminate or weaken the filibuster’ – the first tv #url# </document>
		<document> how killer rice crippled tokyo and the japanese navy - gastro obscura #url# </document>
		<document> peterson resigns professorship: ‘a corrupt enterprise’ - louder with crowder #url# </document>
		<document> pet cats map their owners' location using sound cues #url# </document>
		<document> virginia school divides students into masked and unmasked #url# </document>
		<document> nyc uncensored - chd tv: livestreaming video &amp; audio #url# </document>
		<document> justice stephen breyer to retire from supreme court, paving way for biden appointment #hashtag# #url# </document>
		<document> biden personally confirms each government-provided mask passes the sniff test | the babylon bee #url# </document>
		<document> hitler kicks off 'minor incursion' into poland | the babylon bee #url# </document>
		<document> man facing death penalty tries to appeal – and fails | conservative hub #url# </document>
		<document> facebook strikes a blow against free speech | washington examiner #url# </document>
		<document> pro-life advocates demand investigation after clinic throws 17-week-old aborted baby in trash - #url# #url# </document>
		<document> the curious case of the deep-sea bone worms and the vanishing underwater gator - atlas obscura #url# </document>
		<document> 'ghost ship full of treasure': the financial records for black lives matter are a total shipwreck #url# </document>
		<document> see fantastical maps from 'game of thrones,' 'lord of the rings' and more | smart news | smithsonian magazine #url# </document>
		<document> florida dem mocks new patriotic bill for pro sports: 'who doesn't play the national anthem now?' #url# </document>
		<document> jan. 6 committee asks ivanka trump to sit for interview #hashtag# #url# </document>
		<document> pandemic rebound appears to be losing steam in several major economies #url# </document>
		<document> ‘department of homeland secrecy’: ag asks mayorkas to end migrants' use of arrest warrants as ids at airports · american wire news #url# </document>
		<document> gun control advocates 'confident' on joe biden executive action, legislative push - washington times #url# </document>
		<document> it’s official, trump had better approval ratings than joe biden | public integrity forum #url# </document>
		<document> hear what segregationist george wallace had to say about joe biden #url# </document>
		<document> making and moving chinese shadow puppets - atlas obscura experiences #url# </document>
		<document> joe biden’s ‘hunger games’ border policies are deadly #url# </document>
		<document> #user# #user# hey amy!!! news flash!!! the united states of america is not a democracy!!! we are a constitutional republic! please pass this on to the rest of the democrats!!! thanx! </document>
		<document> a california city overrun with crows turns to lasers and a boombox to scare them away | smart news | smithsonian magazine #url# </document>
		<document> community corner - chd tv: livestreaming video &amp; audio #url# </document>
		<document> is america actually surprised that biden’s free covid test kits are made in china? #url# </document>
		<document> tom brady retires, leaving legacy of unprecedented victory and longevity #hashtag# #url# </document>
		<document> ces 2022: evs and future of automotive tech took center stage #url# </document>
		<document> the 21 best restaurants in new york city #url# </document>
		<document> in a day-long protest, dutch museums transform into gyms, nail salons and barber shops | smart news | smithsonian magazine #url# </document>
		<document> osteen unable to complete wordle as word is 'bible' | the babylon bee #url# </document>
		<document> thomas gallatin: the left's deadly dismissal of natural immunity | the patriot post #url# </document>
		<document> in surprise move, ireland's prime minister announces most covid restrictions will be lifted - lifesite #url# </document>
		<document> supreme court punts on decision regarding biden vaccine mandate - conservative brief #url# </document>
		<document> hidden on page 403 of infrastructure law is a mandate for a government backdoor 'kill switch' for cars ⋆ flag and cross #url# </document>
		<document> pro-life advocates urge boycott of 2022 beijing olympics because china forces women to have abortions - #url# #url# </document>
		<document> exclusive: border patrol agent blows whistle on biden's failed immigration policies | sara a. carter #url# </document>
		<document> pray: actor peter robbins, who voiced charlie brown in iconic christmas, holiday specials, has reportedly committed suicide – faithwire #url# </document>
		<document> diamond &amp; silk chit chat with scott baio 1/25/22 #url# </document>
		<document> u.s. judge blocks biden federal employee covid vaccine mandate #hashtag# #url# </document>
		<document> fx/hulu series ‘y: the last man’ imagines ‘a world without cisgender men’ #url# </document>
		<document> nba owner says he’s doesn’t care if china slaughters uyghurs - todd starnes #url# </document>
		<document> psaki gives advice on dealing with stress from biden #url# </document>
		<document> reporter biden unfairly berated during marathon presser comes back to bite #url# </document>
		<document> virginia ag crushes vaccine mandates at public universities #url# </document>
		<document> diamond &amp; silk chit chat with kari lake 1/26/22 #url# </document>
		<document> world's end – hingham, massachusetts - atlas obscura #url# </document>
		<document> mypillow: supersale 12-hrs left!

save 60% on giza sheet sets as low as $39.99

free gift with purchase!

use code: j67

#url#
800-731-9427 </document>
		<document> tucker: elites believe a deadly lie about the ukraine crisis - and it could get us all killed #url# </document>
		<document> damn everyone to hell: here's an msnbc rant for the ages #url# </document>
		<document> texas teams up with other states to sue to end google's secret spy campaign, says site 'fails' to tell users they're being tracked ⋆ flag and cross #url# </document>
		<document> what's up with the pairing of chili and cinnamon rolls? | arts &amp; culture | smithsonian magazine #url# </document>
		<document> responding to the latest christian leader to renounce his faith #url# </document>
		<document> we stand with our amazing patriotas españoles against these passports and mandates!!! #url# </document>
		<document> after four years of persecution, new york finally drops bogus charges against pro-life advocates - #url# #url# </document>
		<document> ex-senator, presidential candidate deported to haiti from us #hashtag# #url# </document>
		<document> forecasted blizzard prompts parking bans and closures on the north shore #hashtag# #url# </document>
		<document> michael matteo: investing in safe spaces · american wire news #url# </document>
		<document> the one thing that's keeping airlines afloat - #url# #url# </document>
		<document> not even the jedi are good enough for social justice warriors #url# </document>
		<document> florida senator, extorted over stolen nudes, fights back · american wire news #url# </document>
		<document> associated press slammed as 'f**king disgraceful' for omitting key details on tx synagogue hostage crisis #url# </document>
		<document> chd weekly q&amp;a - chd tv: livestreaming video &amp; audio #url# </document>
		<document> legislation considered under suspension of the rules of the house of representatives during the week of january 31, 2022 | congressional budget office #url# </document>
		<document> charlie kirk takes on marxist teacher #url# </document>
		<document> doocy responds in hilarious fashion to biden's sob comment #url# </document>
		<document> if current climate trends continue, the winter olympics will have nowhere to go | smart news | smithsonian magazine #url# </document>
		<document> pro-life advocates in kenya stop radical bill legalizing abortions up to birth | #url# #url# </document>
		<document> biden appellate court nominee had license suspended 3 times – fix this nation .com #url# </document>
		<document> these are the world's most picturesque five-star hotels, according to instagram #url# </document>
		<document> veep thoughts with kamala harris...😂😂😂 #url# </document>
		<document> ep. 1694 public enemy number one - dan bongino #url# </document>
		<document> mi school district forced to deny wild rumor about potty accommodations for students identifying as 'furries' #url# </document>
		<document> covid jabs vs religious liberty: ‘essential, fundamental freedom under attack like never before’ #url# </document>
		<document> schools shouldn’t mandate ‘most dangerous vaccines in human history’ • children's health defense #url# </document>
		<document> new virginia ag fires 30 staff members prior to taking office | the daily caller #url# </document>
		<document> mypillow: save 50% on new myslippers! mocassins &amp; slip-ons!

free gift with your order!

use promo code: j83

click
#url#
call
800-701-8865 </document>
		<document> book: ccp affiliates paid biden family $31 million - that's 580 times the average american salary ⋆ flag and cross #url# </document>
		<document> cuban immigrant enrolled at syracuse works to ‘dismantle the socialist deception’ | the college fix #url# </document>
		<document> the steam engine is set to return to grand canyon railways #url# </document>
		<document> teachers conference exposed for ‘grooming’ kindergarteners into anti-racist ‘social justice warriors’ #url# </document>
		<document> critics portray pro-life advocates as racists. the founder of planned parenthood had a history pro-eugenics comments and targeting black communitiesnn#url# the latest us and political news download the epoch times app now! #url# </document>
		<document> you could own a possibly haunted castle visited by mary, queen of scots | smart news | smithsonian magazine #url# </document>
		<document> penn professor faces termination for comments about asian immigrants | the college fix #url# </document>
		<document> caitlyn jenner says ncaa transgender participation policy a symptom of a woke world gone wild - american conservatives #url# </document>
		<document> bill gates complains that he and fauci 'have been subject to a lot of misinformation' ⋆ flag and cross #url# </document>
		<document> parents whose two children and niece drowned spared jail
 #url# </document>
		<document> dennis prager: why the masked and the unmasked have disdain for each other #url# </document>
		<document> ‘what is a woman?’: matt walsh appears on ‘dr. phil,’ presses ‘non-binary’ individuals on gender #url# </document>
		<document> kid rock releases anti-biden song 'we the people' - louder with crowder #url# </document>
		<document> strange things are happening with phone call audio on the iphone 13 #url# </document>
		<document> photos: kentucky man rescues motorist after suv crashes into creek #url# </document>
		<document> 11,000-truck, 93-mile-long ‘freedom convoy’ protests canada’s vaccine mandate, as government digs in heels • children's health defense #url# </document>
		<document> planned parenthood director admits roe v. wade may be overturned: "we're worried" - #url# #url# </document>
		<document> epic thread destroys 'never-trump' camp for selling trump as worse: 'biden is hurting a lot of people' #url# </document>
		<document> video: cnn goes into silence as guest demolishes biden in 66 seconds - conservative patriots #url# </document>
		<document> the right view with lara trump and dave rubin 1/27/22 #url# </document>
		<document> thousands of college students petition against booster mandates + more • children's health defense #url# </document>
		<document> two sphinxes depicting king tut's grandfather discovered in egypt | smart news | smithsonian magazine #url# </document>
		<document> lgbt activists have been harassing this christian baker for ten years #url# </document>
		<document> polite canadian truck drivers ask evil, tyrannical government to ‘please restore our freedoms if you don't mind, eh’ | the babylon bee #url# </document>
		<document> father murdered during custody exchange at virginia police station - the police tribune #url# </document>
		<document> ronald mcdonald house serves eviction notice on unvaccinated sick children #url# </document>
		<document> sweaters recalled due to violation of the federal lead paint ban #url# </document>
		<document> biden admin droned a us ally and his family and called them isis members: report #url# </document>
	 >
<document> mypillow: Last Chance Lightning Sale! 6 Piece Towel Sets Save Over 70% Reg $109.99 Sale $29.99

use promo code: j56

click
#URL#
800-549-1620 </document>
<document> the michigan democratic party just made a big mistake | american guard dog #url# </document>
<document> chris vansant talks about the incredibly high standards of delta force #url# </document>
<document> finally biden says it: "I don't know if we'll make it" – the first tv #url# </document>
<document> mypillow: Special 6-piece towel set!
reg $109.99 sale $39.99

use promo code: j64

Click here
#URL#
call
800-760-4532

text stop to opt out </document>
<document> Ever looking for evidence that Biden is a racist? we have decades of evidence right here ⋆ flag and cross #url# </document>
<document> school district defends elementary school "after school satan club" ⋆ flag and cross #url# </document>
<document> 'shepherds must lead the way if life is to win' #url# </document>
<document> recall more packed salads - check your fridge #url# </document>
<document>To Kick Off Black History Month Amid Historically Low Approval Numbers, Biden Planning Big Move Against Police: Report #url# </document>
<document> I love our beautiful french brothers and sisters keeping the line!!! #url# </document>
<document> shock: Poll shows unexpected leader in 2024 election ⋆ and you won't believe who outdoes Trump in a match against Biden! ⋆ tag and cross reference #url# </document>
<document> #user# my favorite (🤮), glad no one got hurt but maybe it's good that it happened so whoever makes the laws can know what the real world is like! </document>
<document>China keeps getting closer to modernization without westernization and is getting away with it #url# </document>
<document> fitton: obama, biden and clinton should be questioned on russiagate - youtube #url# </document>
<document> uri revokes honorary degrees awarded to michael flynn, rudy giuliani | college fix #url# </document>
<document> #user# liarwatha has his henchmen in the people's republic of cambridge so brainwashed it's scary. his campaign collaborators are a bunch of rabid monsters! I yelled at my niece asking if it was me! </document>
<document> the dad who forced the pedophile to dig his own grave will not be charged with murder - stronger with crowder #url# </document>
<document> quiz night for atlas obscura members only - atlas obscura experiences #url# </document>
Clever <document>: This Remodeling Contractor Is Also a Divorce Attorney | the bee babylon #url# </document>
<document> geraldo is all for kamala harris as justice and says black woman in scotus is only "affirmative action" american wire news #url# </document>
<document> see this Daily Caller article: Nine officers open fire on man with box cutter during 30-minute motorway standoff, investigation ongoing #url# </document>
<document> james lindsay, dr. Matthew Johnson, Dr. aaron kheriaty and devin nunes will appear on unfiltered with dan bongino - dan bongino #url# </document>
<document> #user# I promised you photos. if you look closely, you can almost see the trees outside my window. but it's snowing pretty hard!❄️☃️ #url# </document>
<document> attempt to cover up bill clinton's visits to epstein's "pawn island" during hillary's wh run revealed: report #url# </document>
<document> massachusetts dog owners: it is illegal to do it with your dog in winter #hashtag# #url# </document>
<document> hold the private jet still! davos goes virtual for world economic forum meet #url# </document>
<document> burger king requires all workers to show proof of hepatitis a vaccine | the bee babylon #url# </document>
<document> marta ceo commits suicide after passing in front of the train | #url# #url# </document>
<document> strange professor calls for reinstatement, says swearing at students keeps them awake | the college fixes the #url# </document>
<document> 'Thank God': NFL star ben roethlisberger puts things first as he announces retirement after legendary football career – Faithwire #url# </document>
<document> three stars Alma Thomas as an artist, civil rights advocate, and lifelong apprentice | Smithsonian voices | smithsonian education smithsonian magazine #url# </document>
<document> The White House Just Secured Biden's Disappearance | american guard dog #url# </document>
<document> #user# #user# you question a book where words are added and taken away, and definitions change... but do you fully accept the concept of changing the definition of man and woman when it comes to transgender? and you think Matt's point of view is ridiculous?! guess again! </document>
<document> #user# #user# #user# were born domesticated. they will also go to the same nipple on mom with each feed. they will never change! is fantastic! </document>
<document> there is a limit to the number of posts you can publish in any given day! so if you don't keep track, you could be left out in the middle of something!

the next one will speak? what to know about this twitter alternative #url# </document>
<document>Hundreds of pro-life people in Arkansas march for life, call for an end to abortion - #url# #url# </document>
<document> Biden's non-US pledge against scot still stands #url# </document>
<document> newt gingrich makes bold predictions about Liz Cheney and others #url# </document>
<document>California rats eat toxin-filled monarch butterflies without getting poisoned #url# </document>
<document>Football coach fired for praying after game gets life-changing news - and the left will hate him #url# </document>
<document> Did Biden Leak Breyer's Withdrawal Without Judge Approval? #url# </document>
<document> the abortion pill kills babies and harms women - #url# #url# </document>
<document> s. 3035, good for the deed of 2021 | congressional budget office #url# </document>
<document> Breaking: Tennessee Deputy Congressman Hit, Armed Standoff In Progress - The Police Box #url# </document>
<document>Texas pro-life advocates fight in court to stop Austin from forcing residents to fund abortions - #url# #url# </document>
<document> Exhausted Biden returns to cellar to rest for next year's press conference | the bee babylon #url# </document>
<document> the lib preacher says Jesus "became transgender" #url# </document>
<document> franks: America is approaching a tipping point and it could change everything ⋆ flag and cross #url# </document>
<document>seven sailors injured in South China Sea after 'landing accident': navy #url# </document>
<document>senator hirono's flawless supreme court analysis is back #url# </document>
<document> pro-life advocates in naples, florida want city officials to pass a law banning abortions - #url# #url# </document>
<document>4,000 US pastors unite against Canada's new LGBTQ conversion therapy law, warn it will 'penalize Christianity' – Faithwire #url# </document>
<document> biden admin builds concrete wall around white house without explanation | featured news #url# </document>
<document> Struggling Biden Targets Tom Hanks for National Campaign for New Year in Office #url# </document>
<document> directv removes conservative news network in free speech strike ⋆ move is just the latest incident in which conservative bandwidth has been arbitrarily capped, and it certainly won't be the last. ⋆ tag and cross reference #url# </document>
<document> Pfizer CEO Condemns Scotus Ruling as a "clear violation of our constitutional right to manufacture experimental drugs and use the full power of government to compel the entire population to inject them into their bodies" | the bee babylon #url# </document>
<document>Former NYC Police Commissioner Talks Rampant Crime, Pinpoints Who Started City Scourge #url# </document>
<document> mypillow: Last Chance Lightning Sale!

Save 60% On Giza Sheet Sets Starting At $39.99

use prom code: j73

click
#URL#
call
800-741-7421 </document>
<document> dhs Displaces 273,396 Illegal Immigrants In US In Five Months Thousands Of Overturned Courts | judicial surveillance #url# </document>
<document> dolphins perform elaborate spinning dives to hunt prey #url# </document>
<document> sinema effectively ends any chance of Biden voting legislation passing - conservative brief #url# </document>
<document> Army flight surgeon says pilots risk 'sudden cardiac death' due to covid vaccine side effect | US military news #url# </document>
<document> dana white argues with reporter over covid-19 treatments and joe rogan - theblaze #url# </document>
<document> increasingly frustrated jake tapper turns up fire on psaki's electoral double-speak american wire news #url# </document>
<document> five Florida teachers removed for refusing to wear masks #url# </document>
<document> Biden Suffers More Humiliations Amid Presidency Implosion | american guard dog #url# </document>
<document> #user# #user# if one is not intelligent to understand that it is satire, and takes it for truth, but knows that it is false, they will classify it as disinformation. trust me i post a lot from the babylon bee and get tons of dms accusing me of spreading misinformation. </document>
<document> npr: Stand by our scotus covid story even though everyone said it was false #url# </document>
<document> the volunteers protecting Britain's medieval churches - atlas obscura #url# </document>
<document> 4 ags sues google for tracking users without authorization • defense of children's health #url# </document>
<document> Schumer's own words come back to bite him as Cotton reads the filibuster speech - short conservative #url# </document>
<document> First US shipment arrives in Ukraine, 100 tons of deadly military aid intended as a bulwark against Russia ⋆ flag and cross #url# </document>
<document> they will never see us coming!!!😂😂😂 #url# </document>
<document> trump calls himself the 47th president while playing golf - dan bongino #url# </document>
<document> cheers! you can win a luxury ice fishing adventure fully stocked with busch light #url# </document>
<document>US Economy Slows to 'Near Stop' Due to Omicrons, Supply Chain Delays and Rising Inflation #url# </document>
<document> meet the women who marched for life and protested vaccine mandates - #url# #url# </document>
<document> traveling to the UK just got a lot easier, so put London back on your bucket list #url# </document>
<document> Breaking: 2 Major US Heartland Cities Unveil Plans to Sweep Vaccine Mandates ⋆ flag and cross #url# </document>
<document> recreate ancient recipes with vawaa - atlas obscura experience #url# </document>
<document>life advocates find silver lining in Chief Justice Roberts opinion on abortion case #url# </document>
<document> #user# #user# if you have 4 healthy children, you know nothing of what this woman is going through, & God willing you never know! how dare you downplay his pain by pretending you can feel it every second of your life in every fiber of your being! it's just wrong! </document>
<document> new study points to 4 health factors that can explain the long covid | #url# #url# </document>
<document> National Portrait Gallery Announces Portrait of a Nation Awarded 2022 | Smithsonian voices | National Portrait Gallery Smithsonian Magazine #url# </document>
<document> scotus refuses to intervene in challenge to Texas abortion law #url# </document>
<document> breaking: 82 arrested and 31 rescued in human trafficking operation #url# </document>
<document> biden abruptly interrupts world powers during meeting #url# </document>
<document> delusional: pm calls massive freedom-loving anti-mandate convoy rocking Canada a 'marginal minority' american wire news #url# </document>
<document> win the fight for free speech online with dave rubin #url# </document>
<document> conservActive Expert Baffles Transgender Activists Over 'Dr. phil' with 'what is a woman?' question ⋆ tag and cross reference #url# </document>
<document> DIY washing machine cleaner with baking soda and vinegar #url# </document>
<document> a governor rages while Los Angeles looks like a third world country #url# </document>
<document> manchin makes official: 'I will not vote to eliminate or weaken the filibuster' – the first tv #url# </document>
<document> how killer rice crippled Tokyo and the Japanese navy - gastro obscura #url# </document>
<document> peterson resigns: "corrupt company" - stronger with crowder #url# </document>
<document> Domestic cats map the location of their owners using #url# </document> sound cues
<document> virginia school splits students into masked and unmasked #url# </document>
<document> nyc uncensored - chd tv: live streaming video &amp; sound #url# </document>
<document>Judge Stephen Breyer to retire from Supreme Court, paving the way for Biden's nomination #hashtag# #url# </document>
<document> biden personally confirms that every mask supplied by the government passes the smell test | the bee babylon #url# </document>
<document> hitler launches 'small incursion' into poland | the bee babylon #url# </document>
<document> man facing death penalty tries to appeal – and fails | conservative hub #url# </document>
<document> facebook strikes blow against free speech | Washington Examiner #url# </document>
<document> Pro-life advocates call for investigation after clinic throws 17-week aborted baby in trash - #url# #url# </document>
<document> the curious case of deep-sea bone worms and the disappearing underwater alligator - atlas obscura #url# </document>
<document> 'ghost ship full of treasure': Financial records for black lives matter are a total wreck #url# </document>
<document> See awesome maps from 'Game of Thrones', 'Lord of the Rings' and more | smart news | smithsonian magazine #url# </document>
<document> florida dem mocks new patriotic bill for professional sports: 'who doesn't play the national anthem now?' #url# </document>
<document> gen. 6 committee asks Ivanka Trump to sit down for an interview #hashtag# #url# </document>
<document> Pandemic recovery appears to be losing steam in several major economies #url# </document>
<document> 'department of homeland secrecy': ag calls on mayricas to end migrants' use of arrest warrants as identification documents at airports american wire news #url# </document>
<document>Gun Control Advocates 'Confident' in Joe Biden's Executive Action, Legislative Push - Washington Times #url# </document>
<document> is official, Trump had better approval ratings than Joe Biden | public integrity forum #url# </document>
<document> hear what segregationist George Wallace had to say about Joe Biden #url# </document>
<document> creating and moving shadow puppets - atlas obscura experiences #url# </document>
<document>Joe Biden's 'Hunger Games' Border Policies Are Deadly #url# </document>
<document> #user# #user# hello amy!!! news FLASH!!! the united states of america is not a democracy!!! we are a constitutional republic! please pass it on to the rest of the Democrats!!! Thank you! </document>
<document> a California city overrun by crows turns into lasers and a boombox to scare them away | smart news | smithsonian magazine #url# </document>
<document> community corner - chd tv: live streaming video &amp; sound #url# </document>
<document> Is America really surprised that Biden's free covid test kits are made in China? #url# </document>
<document> Tom Brady retires, leaving a legacy of unprecedented victory and longevity #hashtag# #url# </document>
<document> ces 2022: electric vehicles and the future of automotive technology in the spotlight #url# </document>
<document>Top 21 Restaurants in New York City #url# </document>
<document> in a day of protest, Dutch museums are transformed into gyms, beauty salons and barbershops | smart news | smithsonian magazine #url# </ddocument>
<document> osteen unable to complete wordle as word is 'bible' | the bee babylon #url# </document>
<document> thomas gallatin: the left's deadly denial of natural immunity | the patriot message #url# </document>
<document> In surprise move, Irish PM announces most covid restrictions will be lifted - lifesite #url# </document>
<document> Supreme Court Focuses on Decision Concerning Biden Vaccine Mandate - Conservative Memoir #url# </document>
<document> hidden on page 403 of the infrastructure act is a mandate for a government backdoor 'kill switch' for cars ⋆ flag and cross #url# </document>
<document> Pro-life advocates call for boycott of Beijing 2022 Olympics as China forces women to have abortions - #url# #url# </document>
Exclusive <Document>: Border Patrol Officer Boos Over Biden's Failed Immigration Policies | Sara A. carter #url# </document>
<document> pray: actor peter robbins, who voiced charlie brown in iconic holiday specials, has committed suicide – Faithwire #url# </document>
<document> diamond &amp; silk talk with scott bay 01/25/22 #url# </document>
<document> US judge blocks covid vaccine mandate for federal employee biden #hashtag# #url# </document>
<document> fx/hulu series 'y: the last man' imagine 'a world without cisgender men' #url# </document>
<document>Nba owner says he doesn't care if China slaughters Uyghurs - todd starnes #url# </document>
<document> psaki gives advice on coping with biden stress #url# </document>
<document> Journalist Biden unjustly reprimanded during the presser marathon bites again #url# </document>
<document> virginia ag cancels vaccine mandates at public universities #url# </document>
<document> diamond &amp; silk chat with kari lake 1/26/22 #url# </document>
<document> end of the world – hingham, massachusetts - atlas obscura #url# </document>
<document> mypillow: super sale 12 hours left!

Save 60% On Giza Sheet Sets Starting At $39.99

free with purchase!

use code: j67

#URL#
800-731-9427 </document>
<document> tucker: Elites believe deadly lie about Ukraine crisis - and it could get us all killed #url# </document>
<document> To hell with all here is an msnbc rant for the ages #url# </document>
<document>texas teams up with other states to sue to end google's covert spying campaign, says site 'failing' to tell users they are being tracked ⋆ flag and cross #url# </document >
<document> what's up with the combination of chili and cinnamon rolls? | arts &amp; culture | smithsonian magazine #url# </document>
<document> in response to the latest Christian leader who renounced his faith #url# </document>
<document> we side with our fantastic patriots españoles against these passports and mandates!!! #url# </document>
<document> After Four Years of Persecution, New York Finally Drops False Charges Against Pro-Life Defenders - #url# #url# </document>
<document> ex-senator, presidential candidate deported to Haiti by us #hashtag# #url# </document>
<document> Expected Blizzard Calls for Parking Bans and Closures on North Shore #hashtag# #url# </document>
<document> michael matteo: investing in safe spaces american wire news #url# </document>
<document> the only thing keeping airlines afloat - #url# #url# </document>
<document> not even the jedi are good enough for social justice warriors #url# </document>
<document> florida senator extorted for stolen nudes, fights back american wire news #url# </document>
<document> associated press criticized as "fucking shameful" for omitting key details on synagogue hostage crisis tx #url# </document>
<document> chd weekly q&amp;a - chd tv: live streaming video &amp; sound #url# </document>
<document> legislation considered in suspension of the rules of the house of representatives in the week of January 31, 2022 | congressional budget office #url# </document>
<document> charlie kirk confronts marxist teach #url# </document>
<document> doocy hilariously responds to Biden's sobbing comment #url# </document>
<document> if current climate trends continue, the Winter Olympics will have nowhere to go | smart news | smithsonian magazine #url# </document>
<document> pro-life advocates in kenya halt sweeping bill legalizing abortion until birth | #url# #url# </document>
<document> Biden's appellate court candidate had license suspended 3 times - correct this country .com #url# </document>
<document> these are the most picturesque five-star hotels in the world, according to instagram #url# </document>
<document> view thoughts with kamala harris...😂😂😂 #url# </document>
<document> ep. 1694 public enemy number one - dan bongino #url# </document>
<document>My school district is forced to debunk wild rumors about uninspired housing for students who identify as "furry" #url# </document>
<document>Covid Strikes vs Religious Freedom: "Essential and Fundamental Freedom Under Attack Like Never Before" #url# </document>
<document> schools should not impose "the most dangerous vaccines in human history" • advocacy for children's health #url# </document>
<document> new virginia ag lays off 30 staff before taking office | the daily caller #url# </document>
<document> mypillow: save 50% on the new myslippers! loafers &amp; slip-ons!

Free gift with your order!

use promo code: j83

click
#URL#
call
800-701-8865 </document>
<document> book: CCP affiliates paid the Biden family $31 million, or 580 times the average American salary ⋆ flag and cross #url# </document>
<document> Cuban immigrant enrolled in Syracuse works to "dismantle the socialist deception" | college fix #url# </document>
<document> Steam locomotive ready to return to Grand Canyon Railroads #url# </document>
<document> teachers' conference denounced for "turning" kindergartens into anti-racist "social justice warriors" #url# </document>
Critics of <document> portray pro-lifers as racist. The founder of planned parenthood had a history of making pro-eugenics comments and targeting black communities#url#the latest US and politics news Download the Epoch Times App Now! #url# </document>
<document> you may own a possibly haunted castle visited by mary, queen of scots | smart news | smithsonian magazine #url# </document>
<document> penn professor faces dismissal for comments on Asian immigrants | college fix #url# </document>
<document> caitlyn jenner says ncaa transgender participation policy is a symptom of a waking world gone mad - american conservatives #url# </document>
<document> Bill Gates complains that he and Fauci "have been subjected to a lot of misinformation" ⋆ flag and cross #url# </document>
<document> the parents whose two sons and granddaughter drowned were spared prison time
 #url# </document>
<document> dennis prager: why the masked and the unmasked despise each other #url# </document>
<document> 'what is a woman?': Matt Walsh appears in 'dr. phil," presses "non-binary" individuals of the type #url# </document>
<document> kid rock releases anti-biden song 'we the people' - louder with crowder #url# </document>
<document> strange things are happening with phone call audio on iphone 13 #url# </document>
<document> photo: kentucky man saves motorist after suv crashes into creek #url# </document>
<document> 11,000 Trucks, 93-mile "Freedom Convoy" Protests Canada's Vaccine Mandate, While Government Calls Back • Child Health Advocacy #url# </document>
<document> director of planned motherhood admits roe v. wade may be flipped: "we are concerned" - #url# #url# </document>
<document> epic thread destroys "never triumphant" camp for selling Trump as worse: "biden is hurting a lot of people" #url# </document>
<document> video: cnn enters silence as host demolishes Biden in 66 seconds - conservative patriots #url# </document>
<document> the right view with Lara Trump and Dave Rubin 01/27/22 #url# </document>
<document> thousands of college students petition against recall warrants + more • children's health advocacy #url# </document>
<document> two sphinxes depicting Tutankhamun's grandfather discovered in egypt | smart news | smithsonian magazine #url# </document>
<document>Lgbt activists harassed this Christian baker for ten years #url# </document>
<document> Polite Canadian Truck Drivers Call on Evil and Tyrannical Government to "Restore Our Freedoms If You Don't Mind, Huh" | the bee babylon #url# </document>
<document> father murdered during custody swap at Virginia police station - the police tribune #url# </document>
<document> ronald mcdonald house serves eviction notice for unvaccinated sick children #url# </document>
<document> sweaters recalled due to violation of federal lead paint ban #url# </document>
<document> biden admin muttered a US ally and his family and called them members of isis: report #url# </document>>
<document> mypillow: Lightning sale last chance! 6 piece towel sets save over 70% instead of $109.99 sale $29.99

Use promo code: j56

click
#url#
800-549-1620 </document>
<Document> The Michigan Democratic Party Just Made a Big Mistake | American Watchdog #url# </document>
<document> Chris Vansant talks about the insanely high standards at Delta Force #url# </document>
<document> biden finally says it: "I don't know if we can pull this off" - the first TV #url# </document>
<document> mypillow: 6-piece towel set Special!
Reg $109.99 Sale $39.99

Use promo code: j64

Click here
#url#
Financial support
800-760-4532

Text stop to sign out </document>
<Document> ever looked for evidence that Biden is a racist? we have decades of evidence here ⋆ highlight and cross #url# </document>
<document> School District Defends 'After-School Satan Club' at Elementary School ⋆ Flag and Cross #url# </document>
<document> 'Pastors must lead if life is to win' #url# </document>
<document> More pre-packaged salads recalled - check your fridge #url# </document>
<document> Kicking off Black History Month amid historically low approval ratings, Biden plans big move against police: report #url# </document>
<document> love our beautiful French brothers and sisters who hold the line!!! #url# </document>
<Document> Shock: Poll Shows Unexpected Leader in 2024 Election ⋆ And You Won't Believe Who Does Better Than Trump In A Matchup Against Biden! ⋆ Mark #url# and cross </document>
<document> #user# my personal favorite (🤮), I'm glad nobody got hurt, but maybe it's a good thing it happened so those who make laws know what the real world is like! </document>
<document> China continues to move towards modernization without Westernization and they are getting through #url# </document>
<document> fitton: obama, biden and clinton should be interviewed on russiagate - youtube #url# </document>
<document> uri revokes michael flynn, rudy giuliani | the college fix #url# </document>
<Document> #user# Liarwatha has her minions in the People's Republic of Cambridge brainwashed to the point of frightening. Your campaign workers are a bunch of rabid freaks! yelled at my granddaughter asking if she was me! </document>
<document> Father who forced pedophile to dig his own grave will not be charged with murder - louder with Crowder #url# </document>
<document> Atlas Obscura members only Trivia Night - Atlas Obscura experiences #url# </document>
<document> Clever: This conversion entrepreneur is also a divorce lawyer | the Babylonian bee #url# </document>
<document> Geraldo is all for Kamala Harris as justice and says black woman to Scotus is only "affirmative action" American Wire News #url# </document>
<document> Check out this news article from the Daily Caller: Nine officers open fire on man holding box cutter during 30-minute freeway pause, investigation ongoing #url# </document>
<Document> James Lindsay, Dr. Matthew Johnson, Dr. aaron kheriaty and devin nunes appear unfiltered with dan bongino - dan bongino #url# </document>
<document> #user# I promised you pix. If you look closely you can almost see the trees outside my window. but it's snowing pretty hard!❄️☃️ #url# </document>
Efforts by <document> to hide Bill Clinton's visits to Epstein's "pedo island" during Hillary's WH run exposed: report #url# </document>
<document> Massachusetts dog owners: It's illegal to do this to your dog in the winter #hashtag# #url# </document>
<document> hold the private jet! davos becomes the virtual world economic forum meet #url# </document>
<Document> Burger King requires all workers to provide proof of hepatitis vaccine | the Babylonian bee #url# </document>
<Document> Marta CEO Suicides After Stepping in Front of Train | #url# #url# </document>
<Document> Nerd professor calls for reinstatement, says swearing at students keeps her awake | the college fix #url# </document>
<document> "Thank God": NFL star Ben Roethlisberger keeps first things first as he announces his retirement after a storied football career - Faithwire #url# </document>
<document> three introduces Alma Thomas as an artist, civil rights activist and lifelong learner | Smithsonian Voices | smithsonian education smithsonian magazine #url# </document>
<Document> The White House Just Ensured Biden's Downfall | American Watchdog #url# </document>
<document> #user# #user# You question a book that adds and omits words and changes the definition...but fully accept the concept of changing the definition of male and female when it comes to transgender people? and you think Matt's argument is ridiculous?! guess again! </document>
<Document> #user# #user# #user# you were born housebroken. They also go to the same mother's nipple each time they feed. You will never switch! it is wonderful! </document>
<Document> There is a limit to the number of posts you can create in a given day! So if you don't keep track, you could get locked out in the middle of something!

the next parler? what you should know about this Twitter alternative #url# </document>
<document> Hundreds of pro-life people in Arkansas demonstrate for their lives, demanding an end to abortion - #url# #url# </document>
<document> Biden's un-American Scotus promise still applies #url# </document>
<document> Newt Gingrich makes bold predictions about Liz Cheney and others #url# </document>
<document> California mice eat toxin-filled monarch butterflies without being poisoned #url# </document>
<document> Soccer coach fired for post-match prayers receives life-changing news - and the left will hate it #url# </document>
<Document> Did Biden Leak Breyer's Retirement Without Judge's Approval? #url# </document>
<document> the abortion pill kills babies and hurts women - #url# #url# </document>
<Document> s. 3035, good AI act of 2021 | Congressional Budget Office #url# </document>
<document> Breaking: Tennessee Deputy shot dead, gun battle ongoing - the police grandstand #url# </document>
<document> Texas pro-life advocates fight in court to stop Austin from getting residents to fund abortions - #url# #url# </document>
<Document> exhausted, Biden returns to basement to rest for next year's press conference | the Babylonian bee #url# </document>
<document> lib prediger says jesus "transgender himself" #url# </document>
<document> franks: America is nearing a turning point and it could change everything ⋆ flag and cross #url# </document>
<document> Seven sailors injured in South China Sea after 'landing accident': Navy #url# </document>
<document> Senator Hirono's impeccable Supreme Court analysis is back #url# </document>
<document> Pro-life advocates in Naples, Fla., want city officials to pass legislation banning abortion - #url# #url# </document>
<document> 4,000 North American pastors unite against Canada's new LGBTQ conversion therapy law, warning it will "criminalize Christianity" - Faithwire #url# </document>
<document> biden admin builds cement wall around white house without explanation | Recommended messages #url# </document>
<document> Struggling Biden reaches out to Tom Hanks for national campaign to celebrate one year in office #url# </document>
<document> directv removes conservative news network in crackdown on free speech ⋆ The move is just the latest instance of conservative bandwidth being arbitrarily capped, and it certainly won't be the last. ⋆ Mark #url# and cross </document>
<Document> Pfizer CEO condemns Scotus ruling as "clear violation of our constitutional right to manufacture experimental drugs and to use the full power of the government to force the entire population to inject them into their bodies" | the Babylonian bee #url# </document>
<document> former NYC police chief speaks out on rampant crime and identifies who started the scourge of the city #url# </document>
<document> mypillow: Lightning sale last chance!

Save 60% On Giza Sheet Sets Starting At $39.99

use pRomo code: j73

click
#url#
Financial support
800-741-7421 </document>
<Document> dhs Distributes 273,396 Illegal Immigrants in US in Five Months Cancels Thousands of Hearings | Prison Guard #url# </document>
<document>dolphins perform intricate spin dives to hunt prey #url# </document>
<document> sinema effectively ends any chance of Biden's Vote Bill being passed - conservative shorthand #url# </document>
<Document> Army flight surgeon says pilots risk 'sudden cardiac death' from side effect of Covid vaccine | American military news #url# </document>
<document> Dana White clashes with reporter over Covid-19 treatments and Joe Rogan - theblaze #url# </document>
<document> Increasingly Frustrated Jake Tapper Fuels Psaki's Election Double Speech · American Wire News #url# </document>
<document> Five Florida teachers removed for refusing to wear masks #url# </document>
<Document> Biden suffers further humiliation amid imploding presidency | American Watchdog #url# </document>
<document> #user# #user# if someone is not intelligent enough to understand it's satire and believe it to be true, but know it's false, they will classify it as misinformation. Trust me, I post a lot from the Babylon Bee and get tons of DMs accusing me of spreading misinformation. </document>
<document> npr: We stand by our Scotus Covid story, even though everyone said it was a wrong #url# </document>
<document> the volunteers protecting Britain's medieval churches - atlas obscura #url# </document>
<document> 4 ags sue Google for tracking users without permission • Children's Health Defense #url# </document>
<document> Schumer's own words come back to bite him as Cotton reads filibuster speech - conservative short #url# </document>
<document> first us shipment arrives in ukraine, 100 tons of lethal military aid to serve as a bulwark against russia ⋆ flag and cross #url# </document>
<document> they will never see us coming!!!😂😂😂 #url# </document>
<document> Trump refers to himself as the 47th President while golfing - ​​dan bongino #url# </document>
<Document> Cheers! You can win a luxurious ice fishing adventure fully stocked with bush light #url# </document>
<Document> US economy slows to near standstill amid Omicron, supply chain delays and inflation surge #url# </document>
<document> Meet the women who marched for their lives and protested vaccination regulations #url# #url# </document>
<document> Traveling to the UK just got a lot easier, so put London back on your wish list #url# </document>
<document> breaking: 2 major US heartland cities unveil plans for comprehensive vaccination requirements ⋆ Flag and Cross #url# </document>
<document> recreates old recipes with vawaa - Atlas Obscura experiences #url# </document>
<document> Pro-life advocates find silver linings in Chief Justice Roberts' opinion on abortion case #url# </document>
<document> #user# #user# When you have 4 children in good health you know nothing about what this woman is going through and God willing you never do! how dare you minimize their pain by pretending to feel it every second of your life in every fiber of your being! This is just wrong! </document>
<Document> New study points to 4 health factors that could long explain Covid | #url# #url# </document>
<document> National Portrait Gallery Announces 2022 Portrait of a Nation Honorees | Smithsonian Voices | National Portrait Gallery Smithsonian Magazine #url# </document>
<document> scotus refuses to intervene in challenge to Texas abortion law #url# </document>
<document> breaking: 82 arrested and 31 rescued in human trafficking operation #url# </document>
<document> biden roughly interrupts world powers during meeting #url# </document>
<document> delusional: pm labels massive anti-Mandatory, freedom-loving convoy rocking Canada 'fringe minority' American Wire News #url# </document>
<document> wins the battle for free speech online with Dave Rubin #url# </document>
<document> conservactive expert stumbles upon transgender activist on 'dr. phil' with 'What is a woman?' Question ⋆ flag and cross #url# </document>
<document> DIY washing machine cleaner with baking soda and vinegar #url# </document>
<document> ca governor rages as los angeles looks like a third world country #url# </document>
<document> manchin makes it official: "i will not vote to eliminate or weaken the filibuster" - the first tv #url# </document>
<document> how killer rice crippled Tokyo and the Japanese Navy - gastro obscura #url# </document>
<document> Peterson gives up professorship: “a corrupt company” – louder with Crowder #url# </document>
<document> Domestic cats use sound signals #url# </document> to map the location of their owners
<document> Virginia School divides students into escaped and unescaped #url# </document>
<document> nyc uncensored - chd tv: live streaming video &amp; audio #url# </document>
<document> Justice Stephen Breyer retires from Supreme Court, paving way for Biden appointment #hashtag# #url# </document>
<Document> Biden personally confirms that every mask provided by the government passes the sniff test | the Babylonian bee #url# </document>
<document> hitler launches “little idea” in poland | the Babylonian bee #url# </document>
<Document> Man Facing Death Penalty Tries to Appeal – and Fails | conservative hub #url# </document>
<document> facebook strikes a blow to free speech | Washington examiner #url# </document>
<document> Pro-life advocates call for an investigation after clinic dumped 17-week-old aborted baby in trash - #url# #url# </document>
<document> the curious case of the deep-sea boneworms and the disappearing underwater alligator - Atlas Obscura #url# </document>
<document> "Ghost ship full of treasure": Black Lives Matter financial records are a total shipwreck #url# </document>
<document> see amazing maps from Game of Thrones, Lord of the Rings and more | smart news | smithsonian magazine #url# </document>
<document> Florida dem scoffs at new patriotic law for pro sports: "Who doesn't play the national anthem now?" #url# </dokument>
<Document> Jan 6 Committee Requests Ivanka Trump for Interview #hashtag# #url# </document>
<document> The recovery from the pandemic appears to be losing momentum in several major economies #url# </document>
<document> "Department of Homeland Secrecy": Ag asks mayors to end migrants' use of arrest warrants as ID cards at airports · American Wire News #url# </document>
<document> Gun control advocates are 'confident' about Joe Biden's executive action, bill - Washington Times #url# </document>
<Document> It's official, Trump had better approval ratings than Joe Biden | public integrity forum #url# </document>
<document> Hear what segregationist George Wallace had to say about Joe Biden #url# </document>
<document> Making and moving Chinese shadow figures - Atlas Obscura experiences #url# </document>
<document> Joe Biden's Hunger Games border policy is deadly #url# </document>
<document> #user# #user# Hi Amy!!! News Flash!!! The United States of America is not a democracy!!! We are a constitutional republic! Please pass this on to the rest of the Democrats!!! Thanks! </document>
<Document> A California town overrun by crows turns to lasers and a boombox to scare them away | smart news | smithsonian magazine #url# </document>
<document> community corner - chd tv: live streaming video &amp; audio #url# </document>
<Document> Is America Actually Surprised Biden's Free Covid Test Kits Are Made in China? #url# </document>
<document> Tom Brady retires, leaving behind a legacy of unparalleled victory and longevity #hashtag# #url# </document>
<document> ces 2022: evs and future of automotive tech was the focus of #url# </document>
<document> the 21 best restaurants in New York City #url# </document>
<document> in a day-long protest, dutch museums turn into gyms, nail salons and hairdressers | smart news | smithsonian magazine #url# </ddocument>
<document> osteen cannot complete wordle because word is 'bible' | the Babylonian bee #url# </document>
<Document> Thomas Gallatin: The Left's Deadly Rejection of Natural Immunity | the Patriot post #url# </document>
<document> Surprising Irish Prime Minister announces most Covid restrictions will be lifted - lifesite #url# </document>
<document> Supreme Court rules on Biden vaccine mandate - conservative shorthand #url# </document>
<Document> Hidden on page 403 of the Infrastructure Act is a mandate for a government backdoor "kill switch" for cars ⋆ flag and cross #url# </document>
<document> Pro-life advocates call for Beijing 2022 Olympics to be boycotted over China forcing women to have abortions - #url# #url# </document>
<Document> Exclusive: Border Patrol Officer Dismisses Biden's Failed Immigration Policy | Sarah A carter #url# </document>
<document> pray: Actor Peter Robbins, who voiced Charlie Brown in the iconic Christmas and Holiday specials, has reportedly committed suicide - Faithwire #url# </document>
<Document> Diamond &amp; Silk Chit Chat with Scott Baio 01/25/22 #url# </document>
<Document> US judge blocks Covid vaccine mandate for Biden federal employees #hashtag# #url# </document>
<document> fx/hulu series "y: the last man" imagines "a world without cisgender men" #url# </document>
<document> nba owner says he doesn't care if China slaughters Uighurs - Todd Starnes #url# </document>
<document> psaki shares advice on dealing with stress from biden #url# </document>
<document> Reporter Biden, unfairly berated during press marathon, comes back to bite #url# </document>
<document> Virginia AG smashes vaccine mandates at public universities #url# </document>
<Document> Diamond &amp; Silk Chit Chat with Kari Lake 01/26/22 #url# </document>
<Document> The End of the World - Hingham, Massachusetts - Atlas Obscura #url# </Document>
<document> mypillow: super sale in 12 hours!

Save 60% On Giza Sheet Sets Starting At $39.99

free gift with purchase!

Use code: j67

#url#
800-731-9427 </document>
<document> tucker: Elites believe a deadly lie about the Ukraine crisis - and it could kill us all #url# </document>
<document> Damn everyone to hell: here is a msnbc rant for the ages #url# </document>
<document> Texas joins other states in lawsuit to end Google's secretive spy campaign, says website "does not" tell users they are being tracked ⋆ tag and cross #url# </document>
<document> what's the deal with the pairing of chili and cinnamon rolls? | Art &amp; culture | smithsonian magazine #url# </document>
<document> responds to the youngest Christian leader to give up his faith #url# </document>
<Document> we stand against these passports and mandates with our amazing patriotas españoles!!! #url# </document>
<document> After four years of persecution, New York finally drops false charges against pro-life advocates - #url# #url# </document>
<document> Ex-Senator, presidential candidate deported from us to Haiti #hashtag# #url# </document>
<document> predicted snowstorm leads to parking bans and closures on North Shore #hashtag# #url# </document>
<Document> Michael Matteo: Investing in Safe Spaces American Wire News #url# </Document>
<document> the only thing keeping airlines afloat - #url# #url# </document>
<document> not even the Jedi are good enough for social justice fighters #url# </document>
<document> Florida Senator Blackmailed Over Stolen Nude Photos Fights Back · American Wire News #url# </document>
The press associated with <document> was criticized as "damned disgraceful" for omitting key details on the tx synagogue #url# </document> hostage crisis
<document> chd weekly questions and answers - chd tv: livestreaming video &amp; audio #url# </document>
<Document> Legislation Considered Week of January 31, 2022 Suspending House Rules of Procedure | Congressional Budget Office #url# </document>
<Document> Charlie Kirk takes on Marxist Tany #url# </document>
<document> doocy hilariously responds to Biden's sobbing comment #url# </document>
<document> If current climate trends continue, the Winter Olympics will go nowhere | smart news | smithsonian magazine #url# </document>
<Document> Pro-life advocates in Kenya block radical law legalizing abortion-until-birth | #url# #url# </document>
<document> Biden's appeals court nominee has had his license suspended three times - fix this nation .com #url# </document>
<document> according to Instagram #url# </document> these are the most picturesque five star hotels in the world
<document> veep thoughts with kamala harris...😂😂😂 #url# </document>
<document> ep. 1694 Public Enemy Number One - dan bongino #url# </document>
<document> mi school district forced to deny wild rumors of potty housing for students identifying as "Furries" #url# </document>
<document> Covid Jabs vs. Religious Freedom: "Essential Freedoms Under Attack Like Never Before" #url# </document>
<document> Schools shouldn't mandate "the most dangerous vaccines in human history" • Children's Health Defense #url# </document>
<Document> New Virginia AG fires 30 employees before taking office | the daily caller #url# </document>
<document> mypillow: save 50% on new myslipper! Moccasins &amp; Slip ons!

free gift with your order!

Use promo code: j83

click
#url#
Financial support
800-701-8865 </document>
<document> Book: ccp affiliates paid the Biden family $31 million - that's 580 times the average American salary ⋆ flag and cross #url# </document>
<Document> Cuban Immigrant Enrolled in Syracuse Works to 'Dismantle the Socialist Deception' | the college fix #url# </document>
<document> The steam locomotive returns to Grand Canyon Railways #url# </document>
<document> Teachers' conference exposed for 'training' kindergarten kids to become anti-racist 'social justice warriors' #url# </document>
<Document> Critics paint pro-life advocates as racists the founder of Planned Parenthood had a history of pro-eugenics comments targeting black communitiesnn#url# the latest US and political news Download The Epoch Times App Now down! #url# </document>
<Document> You Might Own a Possibly Haunted Castle Visited by Mary, Queen of Scots | smart news | smithsonian magazine #url# </document>
<Document> Penn professor faces dismissal for comments on Asian immigrants | the college fix #url# </document>
<document> caitlyn jenner says ncaa transgender participation policy is symptom of woke world gone wild - american conservatives #url# </document>
<document> bill gates complains that he and fauci "have been exposed to a lot of misinformation" ⋆ flag and cross #url# </document>
<Document> Parents whose two children and niece drowned escaped from prison
 #url# </document>
<document> dennis prager: why masked and unmasked people despise each other #url# </document>
<Document> "What is a Woman?": Matt Walsh appears on "Dr. phil", pushes "non-binary" people to gender #url# </document>
<document> Kid Rock releases anti-Biden song "We the People" - louder with Crowder #url# </document>
<document> Strange things are happening with the sound of phone calls on iPhone 13 #url# </document>
<document> Photos: Kentucky man rescues motorist after SUV crashes into creek #url# </document>
<document> 11,000 trucks, 93-mile 'freedom convoy' protest Canada's vaccination mandate as government digs on its heels • Children's Health Defense #url# </document>
<document> Director of Planned Parenthood admits Roe v. Wade could be overthrown: "We're worried" - #url# #url# </document>
<document> epic thread destroys the "Never Trump" camp for selling Trump as worse: "Biden hurts a lot of people" #url# </document>
<document> video: cnn falls silent as Gast destroys Biden in 66 seconds - Conservative Patriots #url# </document>
<document> the right view with lara trump and dave rubin 1/27/22 #url# </document>
<document> thousands from college students petition against booster mandates + more • Children's Health Defense #url# </document>
<Document> Two Sphinxes Representing King Tut's Grandfather Discovered in Egypt | smart news | smithsonian magazine #url# </document>
<document> LGBT activists have been harassing this Christian baker for ten years #url# </document>
<Document> Polite Canadian truck drivers beg evil, tyrannical government, 'please restore our freedoms if you don't mind, eh' | the Babylonian bee #url# </document>
<document> Father Murdered During Custody Change At Virginia Police Station - The Police Stand #url# </document>
<document> Ronald Mcdonald House issues an eviction notice for unvaccinated sick children on #url# </document>
<document> sweater recalled for violating federal lead paint ban #url# </document>
<document> biden admin boomed a US ally and his family, calling them isis members: report #url# </document>