 >
	<document> covid-19 in mexico – covid-19 high – level 3: covid-19 high – travel health notices | travelers’ health... #url# </document>
		<document> seychelles media react to chief justice’s call for openness. 
photo credit: diasporaengager (www.diasporae... #url# </document>
		<document> electronic funeral claims now accepted at gipf. 
photo credit: diasporaengager (www.diasporaenga... #url# </document>
		<document> mansour abbas is leading a sea change for israel’s arabs. 
photo credit: diasporaengager (www.diasporaenga... #url# </document>
		<document> farmers and other agricultural stakeholders in central tanzania come together for sustainable development – i... #url# </document>
		<document> 14 military hospital receives huge donation. 
photo credit: diasporaengager (www.diasporaenga... #url# </document>
		<document> rhapsody of realities friday 28th. 
victory assured fight the good fight of faith, ... #url# </document>
		<document> blog: nature-based solutions for enhancing coordinated action around climate change, land and biodiversity. </document>
		<document> adults meeting fruit and vegetable intake recommendations — united states, 2019. 
photo credit: diasporaen... #url# </document>
		<document> jewish, pro-israel groups urge senate leaders to advance bipartisan iron dome funding bill. 
photo credit: d... #url# </document>
		<document> cummings sympathizes with families of stampede victims in new kru town. 
photo credit: diasporaengager (www.... #url# </document>
		<document> rhapsody of realities saturday 29th. 
🔊 listen to post open your heart to truth fo... #url# </document>
		<document> secretary-general's remarks to the general assembly on his priorities for 2022. 
secretary-general&amp;#hashtag#;s r... #url# </document>
		<document> ix days of poll talks concludes in moqadishu amid breakthrough – radio dalsan fm 91.5 mhz | warar sugan. 
... #url# </document>
		<document> firearm homicides and suicides in major metropolitan areas — united states, 2015–2016 and 2018–2019. 
... #url# </document>
		<document> iraqi cleric’s push to sideline iran-backed factions risks clash. 
photo credit: diasporaengager (www.dias... #url# </document>
		<document> ex-ldea deputy frowns at making drugs offense non-bailable. 
photo credit: diasporaengager (www.diasporaenga... #url# </document>
		<document> saving for her future at age 12 – food for the hungry. 
in the yearbook of life, who would get nominate... #url# </document>
		<document> notes from the field: hiv outbreak during the covid-19 pandemic among persons who inject drugs — kanawha coun... #url# </document>
		<document> live: 2 hours of hot prayers | dominion hours | 7th october, 2021 | christian action faith ministry internation... #url# </document>
		<document> pray-a-thon 2022 – fri jan 28. 
🔊 listen to post every adversity you face is... #url# </document>
		<document> yellow fever in nigeria – alert – level 2, practice enhanced precautions – travel health notices | travel... #url# </document>
		<document> what cair shares in common with synagogue hostage taker. 
photo credit: diasporaengager (www.diasporaenga... #url# </document>
		<document> god is just capable | christian action faith ministry international. 
join archbishop nick’s telegram chan... #url# </document>
		<document> journalists at the beijing winter olympics may test china’s tolerance for critical coverage. 
photo credit... #url# </document>
		<document> after texas, jewish security network launches ‘be aware’ community training program. 
photo credit: dias... #url# </document>
		<document> covid-19 in slovenia – covid-19 very high – level 4: covid-19 very high – travel health notices | travele... #url# </document>
		<document> zambia: upnd youths advised calm down and follow instructions from the party. 
photo credit: diasporaengager... #url# </document>
		<document> 2021 joins top 7 warmest years on record: wmo |. 
although average global temperatures were tempo... #url# </document>
		<document> cdc media briefing — new vital signs report the hiv epidemic remains severe among gay and bisexual men: what ... #url# </document>
		<document> lp threatens to drag nec to court. 
photo credit: diasporaengager (www.diasporaenga... #url# </document>
		<document> saa re-launches flights to durban – caj news africa. 
photo credit: diasporaengager (www.diasporaenga... #url# </document>
		<document> south africa’s plan to “end” covid 19. 
photo credit: diasporaengager (www.diasporaenga... #url# </document>
		<document> rockets fired at us embassy in baghdad hurt iraqi woman, child: military. 
photo credit: diasporaengager (ww... #url# </document>
		<document> covid-19 in oman – covid-19 low – level 1: covid-19 low – travel health notices | travelers’ health. </document>
		<document> it could be the difference between life and death – verdade. 
photo credit: diasporaengager (www.diasporae... #url# </document>
		<document> covid-19 in singapore – covid-19 high – level 3: covid-19 high – travel health notices | travelers’ hea... #url# </document>
		<document> cpj, rights groups call for release of nusrat shahrin raka, sister of bangladeshi journalist kanak sarwar. </document>
		<document> israelis’ loss of trust in state institutions is ‘deeply troubling,’ says president herzog. 
photo cre... #url# </document>
		<document> guinea’s ex-president conde leaves country. 
photo credit: diasporaengager (www.diasporaenga... #url# </document>
		<document> the world’s most and least powerful passports for 2022. 
photo credit: diasporaengager (www.diasporaenga... #url# </document>
		<document> rfp: developing a fit for purpose business case and an investment plan for value4her consultant. 
photo cred... #url# </document>
		<document> from milan to glasgow, young moroccans commit to fighting climate change |. 
behind all these initiatives, a... #url# </document>
		<document> argentine court orders journalist santiago o’donnell to turn over interviews of former president’s brother.... #url# </document>
		<document> us open to talks with russia on exercises, missile deployments: official. 
photo credit: diasporaengager (ww... #url# </document>
		<document> africa’s fourth covid wave flattens out after six-week surge |. 
who said that this marked the shortest su... #url# </document>
		<document> south african women emerging as continental soccer force. nphoto credit: diasporaengager (www.diasporaenga... #url# </document>
		<document> hirshabelle vice president dismisses claims that the special troops deployed in beledweyne will be used to rig ... #url# </document>
		<document> this is war / nathan morris. 
this clip was taken from ev. nathan&amp;#hashtag#;s mes... #url# </document>
		<document> ghana: investors repose confidence in economy; imf remains trusted advisor to government – adu-boahen. 
ph... #url# </document>
		<document> civil rights groups: we must pass voting rights bills “by any means necessary”. 
photo credit: diasporae... #url# </document>
		<document> top ten news items on health, 28th january 2022. 
photo credit: diasporaengager (www.diasporaenga... #url# </document>
		<document> morocco aims to support morocco’s international trade companies. 
photo credit: diasporaengager (www.diasp... #url# </document>
		<document> seychelles’ passport still africa’s no. 1, travel to 152 countries visa-free. 
photo credit: diasporaeng... #url# </document>
		<document> burkina faso junta head speaks ahead of ecowas leaders summit. 
photo credit: diasporaengager (www.diasporae... #url# </document>
		<document> south sudanese refugees secretly returning home: officials. naugust 18, 2019 (lamwo) &amp;#hashtag#; several south s... #url# </document>
		<document> receipt of covid-19 vaccine during pregnancy and preterm or small-for-gestational-age at birth — eight integr... #url# </document>
		<document> mauritania: ancient manuscripts attract tourists to historic desert city. 
photo credit: diasporaengager (ww... #url# </document>
		<document> west africa-based small businesses to receive influx of capital, technical assistance. 
photo credit: diaspo... #url# </document>
		<document> tunisia: french ship rescues two groups of migrants in the mediterranean. 
photo credit: diasporaengager (ww... #url# </document>
		<document> ucla gymnastics facing internal issues regarding alleged racism. 
photo credit: diasporaengager (www.diaspor... #url# </document>
		<document> abbas and fatah declare support and esteem for terrorists, imply continued terror salaries. 
photo credit: d... #url# </document>
		<document> yes, human beings are inherently good. 
photo credit: diasporaengager (www.diasporaenga... #url# </document>
		<document> applications open for ashoka health-focused accelerator. 
photo credit: global diaspora news (www.globald... #url# </document>
		<document> iran sentences french national to 8 years in prison for spying: lawyer. 
photo credit: diasporaengager (www.... #url# </document>
		<document> bangladesh: second fire in a week tears through vast rohingya refugee camp |. 
the blaze was first reported ... #url# </document>
		<document> german court sentences syrian to life in prison for crimes against humanity. 
photo credit: diasporaengager ... #url# </document>
		<document> jubaland and puntland back pm roble’s decision to return seized funds to uae government – radio dalsan fm 9... #url# </document>
		<document> president chakwera named african of the year – caj news africa. 
photo credit: diasporaengager (www.diaspo... #url# </document>
		<document> inflation hits 10-year high in israel as cpi, housing prices edge up. 
photo credit: diasporaengager (www.di... #url# </document>
		<document> as tennis world wonders whether djokovic will play, my reflections on australia. 
photo credit: diasporaenga... #url# </document>
		<document> rep. larry youngoi: speaker chambers is overly protective. 
photo credit: diasporaengager (www.diasporaenga... #url# </document>
		<document> georgia judge approves special grand jury for trump. 
photo credit: diasporaengager (www.diasporaenga... #url# </document>
		<document> covid-19 in costa rica – covid-19 high – level 3: covid-19 high – travel health notices | travelers’ he... #url# </document>
		<document> un rights office warns over violent escalation in yemen and beyond |. 
“we are deeply concerned by the con... #url# </document>
		<document> spiritual discipline | by pastor raphael grant | prophet raphael grant. 
prayer city eagles chapel &amp;#hashtag#; 01... #url# </document>
		<document> the ‘ai-powered midwife’ helping pregnant nigerian women and newborns stay healthy. 
photo credit: diasp... #url# </document>
		<document> hiv and gay and bisexual men | vitalsigns. nphoto credit: diasporaengager (www.diasporaenga... #url# </document>
		<document> if you fail to plan, you plan to fail. avoid financial self-sabotage in 2022. 
photo credit: diasporaengager... #url# </document>
		<document> giants flex their muscles on minnows at afcon – caj news africa. 
photo credit: diasporaengager (www.diasp... #url# </document>
		<document> covid-19 in albania – covid-19 very high – level 4: covid-19 very high – travel health notices | traveler... #url# </document>
		<document> siren issues a voluntary allergy alert on undeclared cashews and almond butter in birthday cake bites. 
phot... #url# </document>
		<document> bachelet: ‘we need to push back against hatred’ |. 
“antisemitic conspiracy theories have attribu... #url# </document>
		<document> labour congress asks ria to lift employees’ suspension. 
photo credit: diasporaengager (www.diasporaenga... #url# </document>
		<document> mtn sa selects customer service provider – caj news africa. 
photo credit: diasporaengager (www.diasporaen... #url# </document>
		<document> “jail break alert” as liberian jails run out of food shortage occur in liberian jails. 
photo credit: di... #url# </document>
		<document> orthodox jews in montreal rap quebec government for covid-19 closure of houses of worship. 
photo credit: di... #url# </document>
		<document> covid-19 incidence and death rates among unvaccinated and fully vaccinated adults with and without booster dose... #url# </document>
		<document> live : sunday 1st service | who is controlling your mind | 26th sept. 2021 | christian action faith ministry in... #url# </document>
		<document> relying on more home covid tests, israel looks to lower costs. 
photo credit: diasporaengager (www.diasporae... #url# </document>
		<document> fact-checking, covid-19 misinformation, and the british medical journal. 
photo credit: diasporaengager (www... #url# </document>
		<document> the sacred and the mundane. 
photo credit: diasporaengager (www.diasporaenga... #url# </document>
		<document> law enforcement officer charged with murder after homeless man shot. 
photo credit: diasporaengager (www.dia... #url# </document>
		<document> how antisemitic 9/11 and covid conspiracy theories are weaponized on social media. 
photo credit: diasporaen... #url# </document>
		<document> wike promises n2million to policemen who identify illegal refineries. nphoto credit: diasporaengager (www.di... #url# </document>
		<document> lauren smith-fields: suspicious death after bumble date. 
photo credit: diasporaengager (www.diasporaenga... #url# </document>
		<document> emma watson is not antisemitic, but questions about her palestinian ‘solidarity’ remain. 
photo credit: ... #url# </document>
		<document> i grew up near colleyville, but the hostage attack affects us all. 
photo credit: diasporaengager (www.diasp... #url# </document>
		<document> covid-19 in dominica – covid-19 very high – level 4: covid-19 very high – travel health notices | travele... #url# </document>
		<document> rep. barbara lee introduces a congressional resolution on the un’s decade for people of african descent. n... #url# </document>
		<document> dead baby raised to life | #hashtag# the signs | nathan morris. 
in this behind the signs, ev. nathan shares a... #url# </document>
		<document> sw state electoral commission releases 13 seats. 
photo credit: diasporaengager (www.diasporaenga... #url# </document>
		<document> covid-19 in hungary – covid-19 very high – level 4: covid-19 very high – travel health notices | traveler... #url# </document>
		<document> nigeria: economists, stock market wait on monetary tools as mpc meets. 
photo credit: diasporaengager (www.d... #url# </document>
		<document> judaism rejects the idea that human nature is good. 
photo credit: diasporaengager (www.diasporaenga... #url# </document>
		<document> in 117th congress, 14% or more are immigrants or children of immigrants. nphoto credit: global diaspora news... #url# </document>
		<document> reparations, racial justice and equality for people of african descent. nphoto credit: diasporaengager (www.... #url# </document>
		<document> covid-19 in the turks and caicos islands – covid-19 very high – level 4: covid-19 very high – travel heal... #url# </document>
		<document> unhcr delivers much-needed aid to sudanese refugees in chad. nthe aid – which includes blankets, jerry can... #url# </document>
		<document> fsa ceo: pandora papers refer to old cases, action already taken by seychelles. 
photo credit: diasporaengag... #url# </document>
		<document> police send 2 murder suspects to court. 
photo credit: diasporaengager (www.diasporaenga... #url# </document>
		<document> kenyan man dies due to excessive exposure to cold in pullman,wa. 
photo credit: diasporaengager (www.diaspor... #url# </document>
		<document> clip: un secretary-general's remarks to the security council on afghanistan. 
un secretary-general&amp;#hashtag#;s r... #url# </document>
		<document> sen. warren demands profit and rent figures from companies following pandora papers revelations. 
photo cred... #url# </document>
		<document> south sudanese refugees struggling to survive in uganda’s cities. nsouth sudanese refugees struggling to s... #url# </document>
		<document> lancement officiel projet biovalor. 
photo credit: global diaspora news (www.globald... #url# </document>
		<document> zambia national women’s lobby calls for support of the only female candidate in kabwata polls. 
photo cred... #url# </document>
		<document> 120 central african and sudanese refugees resettled to france. nphoto credit: global diaspora news (www.glob... #url# </document>
		<document> spacex launches into orbit eight satellites built by israeli high school students. nphoto credit: diasporaen... #url# </document>
		<document> un chief calls for action to put out ‘5-alarm global fire’ |. 
“we face a five-alarm global fire that ... #url# </document>
		<document> supporting efforts in fiji to return children back to school safely. 
photo credit: diasporaengager (www.dia... #url# </document>
		<document> ‘afcfta success dependent on govt investment, ops participation’. 
photo credit: diasporaengager (www.di... #url# </document>
		<document> idf: downed drone contained images of hezbollah operators. 
photo credit: diasporaengager (www.diasporaenga... #url# </document>
		<document> understanding the mystery behind sex before marriage | ungodly soul ties | christian action faith ministry inte... #url# </document>
		<document> seychelles risks “cutting off its nose to spite its face” concerning expatriate worker policy, says tourism... #url# </document>
		<document> divorce: ny state supreme court judge, viscovich, dangles child “hostage” to force wrongful fees payment by... #url# </document>
		<document> a failure to explain iran’s threats to israel. 
photo credit: diasporaengager (www.diasporaenga... #url# </document>
		<document> s.korea says iran to regain un vote after delinquent dues paid with frozen funds. 
photo credit: diasporaeng... #url# </document>
		<document> urgent action needed to protect vietnamese workers trafficked to serbia |. 
eight companies, including vietn... #url# </document>
		<document> russia is wrong to bully ukraine, but it’s not worth a war. 
photo credit: global diaspora news ( www.glob... #url# </document>
		<document> trends in disease severity and health care utilization during the early omicron variant period compared with pr... #url# </document>
		<document> burkina faso army says it has deposed president kabore. 
photo credit: diasporaengager (www.diasporaenga... #url# </document>
		<document> manufacturing output prices 19.5 percent up in december | statistics netherlands (cbs). 
photo credit: diasp... #url# </document>
		<document> humble, calm, soft-spoken, a true servant of seychelles – former vp joseph belmont passes away. 
photo cre... #url# </document>
		<document> lists of african startups to watch in 2022. 
photo credit: global diaspora news (www.globald... #url# </document>
		<document> the zerai model of gendered people-centred approach to governance, ict and social justice. nphoto credit: gl... #url# </document>
		<document> covid-19 in bolivia – covid-19 very high – level 4: covid-19 very high – travel health notices | traveler... #url# </document>
		<document> tyrannical judge william viscovich ignores prenup agreement in divorce case and orders arrest of defendant. </document>
		<document> countdown to impact 2021: kimberly jones | christian action faith ministry international. 
join archbishop n... #url# </document>
		<document> there are signs of hope amid metrorail’s decay. 
photo credit: diasporaengager (www.diasporaenga... #url# </document>
		<document> being in america is a dream come true by bob mwiti. 
photo credit: diasporaengager (www.diasporaenga... #url# </document>
		<document> citing antisemitic incitement, french interior minister orders closure of islamist mosque in cannes. 
photo ... #url# </document>
		<document> seychelles condemns pirate attack on uae-flagged vessel in red sea. 
photo credit: diasporaengager (www.dias... #url# </document>
		<document> oecd to review impact of seychelles’ laws on ibcs in 2022. 
photo credit: diasporaengager (www.diasporaenga... #url# </document>
		<document> turkey logs record 94,783 covid-19 cases. 
photo credit: diasporaengager (www.diasporaenga... #url# </document>
		<document> basic education admits it does not have any plans in place to track learner dropouts . 
photo credit: diasp... #url# </document>
		<document> your loveworld specials season 5 phase 1 with pastor chris. 
🔊 listen to post a time to grow in the knowl... #url# </document>
		<document> un marks first international day for people of african descent. nphoto credit: diasporaengager (www.diaspora... #url# </document>
		<document> national library of israel obtains 90 pages from one of oldest religious jewish texts. 
photo credit: diaspo... #url# </document>
		<document> uae switches to monday to friday work week. 
photo credit: diasporaengager (www.diasporaenga... #url# </document>
		<document> redesigned pes vouchers must benefit farmers. 
photo credit: diasporaengager (www.diasporaenga... #url# </document>
		<document> pakistani journalist hasnain shah shot and killed outside lahore press club. 
photo credit: diasporaengager ... #url# </document>
		<document> arrows of the lord’s deliverance (part 2) / #hashtag# / nathan morris. 
in this episode of desire of all natio... #url# </document>
		<document> dr. cheryl grills appointed to national reparations commission. 
photo credit: diasporaengager (www.diaspora... #url# </document>
		<document> eac applauds uganda, rwanda for reopening gatuna-katuna border. 
photo credit: global diaspora news (www.glo... #url# </document>
		<document> politicians divided south sudanese refugees. sport can re-unite us.. nphoto credit: global diaspora news (ww... #url# </document>
		<document> naarc should call for debt free higher education. 
photo credit: diasporaengager (www.diasporaenga... #url# </document>
		<document> south africa, zambia cement bilateral ties – caj news africa. 
photo credit: diasporaengager (www.diaspora... #url# </document>
		<document> new york times ‘gets’ it wrong. 
photo credit: diasporaengager (www.diasporaenga... #url# </document>
		<document> nigeria: budgit identifies 460 duplicated projects in 2022 budget. 
photo credit: diasporaengager (www.diasp... #url# </document>
		<document> changes in jordan’s work permit regulations for syrian refugees contribute to decent work – ilo, fafo repor... #url# </document>
		<document> video captures killing of black teen by juvenile detention staff. 
photo credit: diasporaengager (www.diaspo... #url# </document>
		<document> israel home to 165,800 holocaust survivors, 90% over age 80. 
photo credit: diasporaengager (www.diasporaenga... #url# </document>
		<document> about the attack in the synagogue in texas…. 
photo credit: diasporaengager (www.diasporaenga... #url# </document>
		<document> in black and white: edgecomb verdict, like rittenhouse’s, illustrates institutionally racist nature of americ... #url# </document>
		<document> taxing extreme wealth could lift 2.3 billion people out of poverty. 
photo credit: diasporaengager (www.dias... #url# </document>
		<document> israel’s government to push anti-smoking bills. 
photo credit: diasporaengager (www.diasporaenga... #url# </document>
		<document> belarusian journalist aliaksandr ivulin sentenced to 2 years in prison for protest coverage. 
photo credit: ... #url# </document>
		<document> ghanaian fintech float raises $17m seed to power cash flow for commerce in africa. 
photo credit: global dia... #url# </document>
		<document> ‘the infections were constant:’ julia gavarrete among dozens of salvadoran journalists targeted with pegasu... #url# </document>
		<document> swift response contains fire at cissie gool house. 
photo credit: diasporaengager (www.diasporaenga... #url# </document>
		<document> rhapsody of realities tuesday 11th. 
know and walk in his light put on the whole arm... #url# </document>
		<document> ‘never again’? really? | jewish &amp; israel news #url# 
photo credit: diasporaengager (www.diaspo... #url# </document>
		<document> energy prices will continue to affect morocco’s trade balance. 
photo credit: diasporaengager (www.diaspor... #url# </document>
		<document> news in brief 28 january 2022 |. 
this is the news in brief from the united natio... #url# </document>
		<document> western cape study shows why omicron wave caused less death. 
photo credit: diasporaengager (www.diasporaenga... #url# </document>
		<document> covid-19 very high – covid-19 in ukraine. 
photo credit: diasporaengager (www.diasporaenga... #url# </document>
		<document> un urged to open inquiry into iran’s 1988 killings and raisi role. 
photo credit: diasporaengager (www.dia... #url# </document>
		<document> pirates loot billions in gulf of guinea – caj news africa. 
photo credit: diasporaengager (www.diasporaenga... #url# </document>
		<document> fsis issues public health alert for ready-to-eat diced chicken products due to misbranding and an undeclared al... #url# </document>
		<document> burkina faso: government officials discuss soldiers demands. 
photo credit: diasporaengager (www.diasporaenga... #url# </document>
		<document> cocaine and psychostimulant-involved overdose deaths disproportionately affect racial and ethnic minority group... #url# </document>
		<document> seychelles police pledge better detainee treatment and facilities. 
photo credit: diasporaengager (www.diasp... #url# </document>
		<document> namibians should make white river their first choice: it could be the difference between life and death. 
ph... #url# </document>
		<document> the power of dreams or night visions | by pastor raphael grant | prophet raphael grant. 
prayer city eagles ... #url# </document>
		<document> a prayer to deal with stubborn situations | christian action faith ministry international. 
join archbishop ... #url# </document>
		<document> covid-19 in sint eustatius – covid-19 high – level 3: covid-19 high – travel health notices | travelers�... #url# </document>
		<document> general assembly creates new permanent forum of people of african descent |. nthe 193-member body unanimousl... #url# </document>
		<document> covid-19 in the canary islands – covid-19 unknown – level unknown: covid-19 unknown – travel health notic... #url# </document>
		<document> somalia dispute resolution commission names committee mandated with election of chairman – radio dalsan fm 91... #url# </document>
		<document> un releases $150 million for underfunded humanitarian crises |. 
for the humanitarian affairs and emergency ... #url# </document>
		<document> ilo has launched a new video download platform. 
photo credit: diasporaengager (www.diasporaenga... #url# </document>
		<document> govt. appeals to marketers to leave redlight. 
photo credit: diasporaengager (www.diasporaenga... #url# </document>
		<document> ghana: gold fields assessing possibility of $500m investment for its damang mine. 
photo credit: diasporaeng... #url# </document>
		<document> israel said to prepare diplomatic campaign to discredit un inquiry. 
photo credit: diasporaengager (www.dias... #url# </document>
		<document> fight for federal voting rights legislation far from over. 
photo credit: diasporaengager (www.diasporaenga... #url# </document>
		<document> at least four children killed during escalation of conflict in myanmar |. 
last saturday, the body of a 13-y... #url# </document>
		<document> manufacturers less positive | statistics netherlands (cbs). 
photo credit: diasporaengager (www.diasporaenga... #url# </document>
		<document> in memory of sidney poitier–paris blues: black romance and jazz. 
photo credit: diasporaengager (www.diasp... #url# </document>
		<document> you searched for value – uscri. 
photo credit: global diaspora news (www.globald... #url# </document>
	 >
<document> mexico covid-19 – high covid-19 – tier 3: high covid-19 – travel health alerts | health of travellers... #url# </document>
<document> Seychelles media react to Chief Justice's request to open up.
photo credit: diasporaengager (www.diasporae... #url# </document>
<document> electronic funeral requests now accepted at the gipf.
photo credit: diasporaengager (www.diasporaenga... #url# </document>
<document> mansour abbas is leading a sea change for the Arabs of Israel.
photo credit: diasporaengager (www.diasporaenga... #url# </document>
<document> farmers and other agricultural stakeholders in central tanzania unite for sustainable development – ​​i... #url# </document>
<document> Military Hospital 14 receives a large donation.
photo credit: diasporaengager (www.diasporaenga... #url# </document>
<document> rhapsody of reality Friday 28.
victory assured fight the good fight of faith, ... #url# </document>
<document> blog: nature-based solutions to improve coordinated action on climate change, land and biodiversity. </document>
<document> adults meeting fruit and vegetable intake recommendations — united states, 2019.
photo credit: diasporaen... #url# </document>
<document> Jewish and pro-Israel groups urge Senate leaders to advance bipartisan Iron Dome funding bill.
photo credit: d... #url# </document>
<document> Cummings sympathizes with the families of the victims of the stampede in the city of New Kru.
photo credit: diasporaengager (www.... #url# </document>
<document> rhapsody of reality Saturday 29.
🔊 listen to the post open your heart to the truth fo... #url# </document>
<document> the Secretary General's remarks to the General Assembly on his priorities for 2022.
general secretary&amp;#hashtag#;s r... #url# </document>
<document> Ix days of electoral talks end in Moqadishu amid a turning point – radio dalsan fm 91.5 mhz | war sugar.
... #url# </document>
<document> gun homicides and suicides in major metropolitan areas - United States, 2015-2016 and 2018-2019.
... #url# </document>
<document> The Iraqi cleric's push to sideline Iranian-backed factions risks confrontation.
photo credit: diasporaengager (www.dias... #url# </document>
<document> the former ID deputy disapproves of the impossibility of paying for drug crimes.
photo credit: diasporaengager (www.diasporaenga... #url# </document>
<document> saving up for her future at age 12 – food for the hungry.
in the yearbook of life, who would be named... #url# </document>
<document> field notes: hiv outbreak during covid-19 pandemic among people who inject drugs — kanawha coun... #url# </document>
Live <document>: 2 hours of warm prayers | domain hours | October 7, 2021 | christian action faith ministry international... #url# </document>
<document> Pray-a-thon 2022 – Fri 28 Jan.
🔊 listen post every adversity you face is... #url# </document>
<document> yellow fever nigeria – alert – level 2, practice increased precautions – travel health advisories | trip... #url# </document>
<document> what Cair has in common with the synagogue taker.
photo credit: diasporaengager (www.diasporaenga... #url# </document>
<document> god is only capable | christian action faith ministry international.
join archbishop nick's telegram channel... #url# </document>
<document> reporters at the Beijing Winter Olympics could test China's tolerance for critical coverage.
photo credit... #url# </document>
<document> after texas, jewish safety net launches "be aware" community training program.
photo credit: dias... #url# </document>
<document> covid-19 in slovenia – very high covid-19 – level 4: very high covid-19 – travel health alerts | travel... #url# </document>
<document> zambia: upnd youth advised to calm down and follow party instructions.
photo credit: diasporaengager... #url# </document>
<document> 2021 joins top 7 warmest years on record: wmo |.
even though the average global temperatures were weather... #url# </document>
<document>cdc media briefing — new vital signs signal hiv epidemic remains severe among gay and bisexual men: what... #url# </document>
<document> lp threatens to take nec to court.
photo credit: diasporaengager (www.diasporaenga... #url# </document>
<document> saa relaunches flights to durban – caj news africa.
photo credit: diasporaengager (www.diasporaenga... #url# </document>
<document> South Africa's plan to "end" covid 19.
photo credit: diasporaengager (www.diasporaenga... #url# </document>
<document> Rockets fired at the US embassy in Baghdad injured a child Iraqi woman: soldier.
photo credit: diasporaengager (ww... #url# </document>
<document> covid-19 in oman – covid-19 low – level 1: covid-19 low – travel health alerts | health of travellers. </document>
<document> could be the difference between life and death – verdade.
photo credit: diasporaengager (www.diasporae... #url# </document>
<document> covid-19 singapore – covid-19 high – level 3: covid-19 high – travel health alerts | travelers heart... #url# </document>
<document> cpj, rights groups demand the release of Nusrat Shahrin Raka, sister of Bangladeshi journalist Kanak Sarwar. </document>
<document> Israel's loss of confidence in state institutions is "deeply troubling," says President Herzog.
photo cre... #url# </document>
<document> former president of guinea conde leaves the country.
photo credit: diasporaengager (www.diasporaenga... #url# </document>
<document> the most and least powerful passports in the world for 2022.
photo credit: diasporaengager (www.diasporaenga... #url# </document>
<document> rfp: Developing a fit-for-purpose business case and investment plan for the value4her consultant.
photo credit... #url# </document>
<document> from milan to glasgow, young moroccans engaged in the fight against climate change |.
behind all these initiatives, a... #url# </document>
<document>Argentine court orders Santiago O'Donnell journalist to deliver interviews to ex-president's brother.... #url# </document>
<document> let's open up to talks with russia on exercises, missile deployments: official.
photo credit: diasporaengager (ww... #url# </document>
<document> Africa's fourth wave of covid flattens after six-week wave |.
who said this flagged the su... #url# </document>
<document> South African women emerging as a force in continental football. photo credit: diasporaengager (www.diasporaenga... #url# </document>
<document>Hirshabelle's VP dismisses claims that Special Troops deployed at Beledweyne will be used to rig ... #url# </document>
<document> this is war / nathan morris.
this clip was taken from ev. nathan&amp;#hashtag#;s mes... #url# </document>
<document> ghana: investors put faith in the economy; IMF remains trusted adviser to government – ​​adu-boahen.
ph... #url# </document>
<document> Civil rights groups: We must pass voting rights laws "by any means necessary."
photo credit: diasporae... #url# </document>
<document> Top Ten Health News, January 28, 2022.
photo credit: diasporaengager (www.diasporaenga... #url# </document>
<document> morocco aims to support the international trading companies of Morocco.
photo credit: diasporaengager (www.diasp... #url# </document>
<document> the Seychelles passport is still the no. 1, travel to 152 countries without a visa.
photo credit: diasporaeng... #url# </document>
<document> The head of the Burkina Faso junta speaks ahead of the Ecowas leaders' summit.
photo credit: diasporaengager (www.diasporae... #url# </document>
<document> South Sudanese refugees secretly returning home: Officials. August 18, 2019 (lamwo) &amp;#hashtag#; several s... #url# </document>
<document> covid-19 vaccine receipt during pregnancy and preterm or small for gestational age at birth — eight integra... #url# </document>
<document> mauritania: Ancient manuscripts draw tourists to historic desert city.
photo credit: diasporaengager (ww... #url# </document>
<document> westsmall businesses based in Africa to receive capital inflow, technical assistance.
photo credit: diaspo... #url# </document>
<document> tunisia: French ship rescues two groups of migrants in the Mediterranean.
photo credit: diasporaengager (ww... #url# </document>
<document> UCLA Gymnastics addresses internal issues related to alleged racism.
photo credit: diasporaengager (www.diaspor... #url# </document>
<document> abbas and fatah declare support and esteem for terrorists, imply continued wages of terror.
photo credit: d... #url# </document>
<document> yes, humans are inherently good.
photo credit: diasporaengager (www.diasporaenga... #url# </document>
<document> Ashoka's health-focused accelerator applications are open.
photo credit: global diaspora news (www.globald... #url# </document>
<document> iran sentences French citizen to 8 years in prison for espionage: lawyer.
photo credit: diasporaengager (www.... #url# </document>
<document> bangladesh: second fire in a week devastates a large rohingya refugee camp |.
the fire was first reported ... #url# </document>
<document> German court sentences Syrian to life imprisonment for crimes against humanity.
photo credit: diasporaengager ... #url# </document>
<document> jubaland and puntland support prosecutor roble's decision to return seized funds to united arab emirates government – ​​radio dalsan fm 9... #url# </document>
<document> president chakwera named african of the year – caj news africa.
photo credit: diasporaengager (www.diaspo... #url# </document>
<document> Inflation hits 10-year high in Israel as CPI, house prices rise.
photo credit: diasporaengager (www.di... #url# </document>
<document> as the tennis world wonders if Djokovic will play, my thoughts on Australia.
photo credit: diasporaenga... #url# </document>
<document> representative. larry youngoi: the speaker chambers are overly protective.
photo credit: diasporaengager (www.diasporaenga... #url# </document>
<document> Georgia judge approves special grand jury for Trump.
photo credit: diasporaengager (www.diasporaenga... #url# </document>
<document> covid-19 costa rica – high covid-19 – tier 3: high covid-19 – travel health alerts | he of travellers... #url# </document>
<document> UN rights office warns of violent escalation in Yemen and beyond |.
“We are deeply concerned about the con... #url# </document>
<document> spiritual discipline | by pastor raphael grant | prophet raphael grant.
prayer city eagles chapel &amp;#hashtag#; 01... #url# </document>
<document> the "AI-powered midwife" helping Nigerian pregnant women and newborns stay healthy.
photo credit: diasp... #url# </document>
<document> hiv and gay and bisexual men | vital signs. photo credit: diasporaengager (www.diasporaenga... #url# </document>
<document> if you don't plan, you plan to fail. avoid financial self-sabotage in 2022.
photo credit: diasporaengager... #url# </document>
<document> giants flex their muscles on minnows at afcon – caj news africa.
photo credit: diasporaengager (www.diasp... #url# </document>
<document> covid-19 in albania – very high covid-19 – level 4: very high covid-19 – travel health alerts | traveller... #url# </document>
<document> siren sounds voluntary allergy alert on undeclared cashew and almond butter in birthday cake bites.
photo... #url# </document>
<document> bachelet: 'we must reject hatred' |.
“Anti-Semitic conspiracy theories have attributed… #url# </document>
<document> the trade union congress asks the ria to lift the suspension of employees.
photo credit: diasporaengager (www.diasporaenga... #url# </document>
<document> mtn sa select customer service provider – caj news africa.
photo credit: diasporaengager (www.diasporaen... #url# </document>
<document> "Prison Break Alert" as Liberian prisons run dry due to food shortages in Liberian prisons.
photo credit: by... #url# </document>
<document> orthodox jews in montreal rap quebec government for covid-19 closure of homes of cult.
photo credit: by... #url# </document>
<document> COVID-19 incidence and mortality rates among unvaccinated and fully vaccinated adults with and without booster dose... #url# </document>
<document> live : Sunday 1st service | who is controlling your mind | 26th week 2021 | christian action faith ministry in... #url# </document>
<document> relying on more home covid tests, israel seeks to cut costs.
photo credit: diasporaengager (www.diasporae... #url# </document>
<document> fact-checking, covid-19 misinformation and the British medical journal.
photo credit: diasporaengager (www... #url# </document>
<document> the sacred and the mundane.
photo credit: diasporaengager (www.diasporaenga... #url# </document>
<document> Law enforcement officer charged with murder after homeless man shoots.
photo credit: diasporaengager (www.dia... #url# </document>
<document> how antisemitic conspiracy theories about 9/11 and covid are being weaponized on social media.
photo credit: diasporaen... #url# </document>
<document> Wike promises n2 million to cops who will identify illegal refineries. photo credit: diasporaengager (www.di... #url# </document>
<document> lauren smith-fields: suspicious death after disaster date.
photo credit: diasporaengager (www.diasporaenga... #url# </document>
<document> emma watson is not anti-Semitic, but doubts remain about her Palestinian "solidarity".
photo credit: ... #url# </document>
<document> I grew up near Colleyville, but the hostage attack affects us all.
photo credit: diasporaengager (www.diasp... #url# </document>
<document> dominica covid-19 – very high covid-19 – level 4: very high covid-19 – travel health advisories | travel... #url# </document>
<document> representative. barbara lee introduces a congress resolution on the united nations decade for people of african descent. n... #url# </document>
<document> dead child resurrected | #hashtag# the signs | Nathan Morris.
in this behind the signs, ev. nathan shares a... #url# </document>
<document> sw state election commission releases 13 seats.
photo credit: diasporaengager (www.diasporaenga... #url# </document>
<document> covid-19 in hungary – very high covid-19 – level 4: very high covid-19 – travel health alerts | traveller... #url# </document>
<document> nigeria: economists, stock market awaits monetary instruments as mpc meets.
photo credit: diasporaengager (www.d... #url# </document>
<document> Judaism rejects the idea that human nature is good.
photo credit: diasporaengager (www.diasporaenga... #url# </document>
<document> in the 117th Congress 14% or more are immigrants or children of immigrants. photo credit: global diaspora news... #url# </document>
<document> reparations, racial justice and equality for people of African descent. photo credit: diasporaengager (www.... #url# </document>
<document> covid-19 in turks and caicos islands – covid-19 very high – level 4: covid-19 very high – travel heal... #url# </document>
<document> unhcr provides needed aid to sudanese refugees in chad. help, including blankets, jerry cans... #url# </document>
<document> fsa ceo: the pandora papers refer to old cases, actions already taken by the seychelles.
photo credit: diasporaengag... #url# </document>
<document> Police send 2 murder suspects to court.
photo credit: diasporaengager (www.diasporaenga... #url# </document>
<document> Kenyan man dies from excessive exposure to cold in Pullman,Wa.
photo credit: diasporaengager (www.diaspor... #url# </document>
<document> clip: Speech by the Secretary-General of the United Nations at the Security Council on Afghanistan.
a general secretary&amp;#hashtag#;s r... #url# </document>
<document> sen. Warren demands figures on profits and rents from companies following the Pandora Papers revelations.
photo credit... #url# </document>
<document> South Sudanese refugees struggling to survive in Uganda's cities. South Sudanese refugees fighting for their... #url# </document>
<document> launchesofficial biovalor project.
photo credit: global diaspora news (www.globald... #url# </document>
<document>Zambia's national women's lobby seeks support from the only female candidate in the polls kabwata.
photo credit... #url# </document>
<document> 120 Central African and Sudanese refugees resettled in France. nphoto credit: global diaspora news (www.glob... #url# </document>
<document> spacex launches eight satellites built by Israeli high school students into orbit. photo credit: diasporaen... #url# </document>
<document> UN chief calls for action to extinguish "5-alarm global fire" |.
“We are facing a five-alarm global fire that... #url# </document>
<document> Support efforts in Fiji to get children back to school safely.
photo credit: diasporaengager (www.dia... #url# </document>
<document> "the success of the afcfta depends on government investment, participation in operations."
photo credit: diasporaengager (www.di... #url# </document>
<document> idf: Downed drone contained images of Hezbollah operators.
photo credit: diasporaengager (www.diasporaenga... #url# </document>
<document> understand the mystery behind sex before marriage | unholy soul ties | christian action faith ministry of internal... #url# </document>
<document> Seychelles at risk of 'cutting off its nose out of spite' over expat workers policy, says tourism... #url# </document>
<document> Divorce: New York state supreme court judge viscovich dangles child 'hostage' to force payment of wrongful taxes from... #url# </document>
<document> a failure to explain Iran's threats to Israel.
photo credit: diasporaengager (www.diasporaenga... #url# </document>
<document> South Korea says Iran will regain one vote after paying dues arrears with frozen funds.
photo credit: diasporaeng... #url# </document>
<document> urgent action needed to protect Vietnamese workers trafficked to serbia |.
eight companies, including Vietnam... #url# </document>
<document> russia is wrong to bully ukraine, but it's not worth a war.
photo credit: global diaspora news ( www.glob... #url# </document>
<document> Trends in disease severity and health care utilization during the early omicron variant period versus the pr... #url# </document>
<document> Burkina Faso's military says it has deposed President Kabore.
photo credit: diasporaengager (www.diasporaenga... #url# </document>
<document> manufacturing producer prices up 19.5% in December | statistics Netherlands (cbs).
photo credit: diasp... #url# </document>
<document> humble, calm, soft-spoken, a true Seychelles servant - former vp joseph belmont dies.
photo cre... #url# </document>
<document> lists of African startups to watch in 2022.
photo credit: global diaspora news (www.globald... #url# </document>
<document> the zerai model of a gender people-centred approach to governance, ICT and social justice. photo credit: gl... #url# </document>
<document> covid-19 in bolivia – very high covid-19 – level 4: very high covid-19 – travel health alerts | traveller... #url# </document>
<document> Tyrannical judge William Viscoovich ignores prenuptial agreement in case of divorce and orders arrest of defendant. </document>
<document> countdown to impact 2021: kimberly jones | christian action faith ministry international.
join archbishop n... #url# </document>
<document> there are signs of hope amid metrorail decay.
photo credit: diasporaengager (www.diasporaenga... #url# </document>
<document> being in america is a dream come true by bob mwiti.
photo credit: diasporaengager (www.diasporaenga... #url# </document>
<document> citing anti-Semitic incitement, the French interior minister orders the closure of the Islamist mosque in cannes.
photo ... #url# </document>
<document> the seychelles condemn the attack by pirates on an emirate-flagged vessel in the red sea.
photo credit: diasporaengager (www.dias... #url# </document>
<document> OECD to review impact of Seychelles laws on IBCs in 2022.
photo credit: diasporaengager (www.diasporaenga... #url# </document>
<document> Turkey records record 94,783 cases of covid-19.
photo credit: diasporaengager (www.diasporaenga... #url# </document>
<document> Basic Education admits it has no plan in place to track student dropouts .
photo credit: diasp... #url# </document>
<document> your world of love season 5 phase 1 specials with pastor chris.
🔊 listen to the post for a moment to grow in knowledge... #url# </document>
<document>a marks the first international day for people of African descent. photo credit: diasporaengager (www.diaspora... #url# </document>
<document> Israel's national library obtains 90 pages from one of the oldest Jewish religious texts.
photo credit: diaspo... #url# </document>
<document> uae switches to working week from Monday to Friday.
photo credit: diasporaengager (www.diasporaenga... #url# </document>
<document> the redesigned pes vouchers must benefit farmers.
photo credit: diasporaengager (www.diasporaenga... #url# </document>
<document> Pakistani journalist Hasnain Shah shot and killed in front of Lahore press club.
photo credit: diasporaengager ... #url# </document>
<document> arrows of the lord's deliverance (part 2) / #hashtag# / nathan morris.
in this episode of longing for all nations... #url# </document>
<document> dr. cheryl grills appointed to the national reparations commission.
photo credit: diasporaengager (www.diaspora... #url# </document>
<document> eac applauds uganda and rwanda for reopening the gatuna-katuna border.
photo credit: global diaspora news (www.glo... #url# </document>
<document> politicians divide South Sudanese refugees. sport can bring us together.. nphoto credit: global diaspora news (ww... #url# </document>
<document> naarc should require a debt-free higher education.
photo credit: diasporaengager (www.diasporaenga... #url# </document>
<document> south africa, zambia cement bilateral ties – caj news africa.
photo credit: diasporaengager (www.diaspora... #url# </document>
<document> the New York Times "gets it wrong".
photo credit: diasporaengager (www.diasporaenga... #url# </document>
<document> nigeria: budgit identifies 460 duplicate projects in budget 2022.
photo credit: diasporaengager (www.diasp... #url# </document>
<document> Changes to Jordanian regulations on work permits for Syrian refugees contribute to decent work – ilo, fafo report... #url# </document>
<document> video captures the killing of a black teenager by juvenile detention staff.
photo credit: diasporaengager (www.diaspo... #url# </document>
<document> Israel is home to 165,800 holocaust survivors, 90% over the age of 80.
photo credit: diasporaengager (www.diasporaenga... #url# </document>
<document> about the texas synagogue bombing….
photo credit: diasporaengager (www.diasporaenga... #url# </document>
<document> in black and white: Edgecomb's verdict, like Rittenhouse's, illustrates the institutionally racist nature of America... #url# </document>
<document> Taxing extreme wealth could lift 2.3 billion people out of poverty.
photo credit: diasporaengager (www.dias... #url# </document>
<document> Israeli government will push anti-smoking laws.
photo credit: diasporaengager (www.diasporaenga... #url# </document>
<document> Belarusian journalist Aliaksandr Ivulin sentenced to 2 years in prison for covering protests.
photo credit: ... #url# </document>
<document> Ghanaian fintech float raises $17 million to fuel cash flow for trade in Africa.
photo attribution: global dia... #url# </document>
<document> 'the infections were constant:' julia gavarrete among dozens of Salvadoran journalists targeted with pegasu... #url# </document>
<document> the quick answer contains a fire at Cissie Gool's house.
photo credit: diasporaengager (www.diasporaenga... #url# </document>
<document> rhapsody of reality Tuesday 11.
know and walk in its light wear the whole arm... #url# </document>
<document> 'never again'? Truly? | jew &amp; israel news #url#
photo credit: diasporaengager (www.diaspo... #url# </docment>
<document> Energy prices will continue to affect Morocco's trade balance.
photo credit: diasporaengager (www.diaspor... #url# </document>
<document> news in brief January 28, 2022 |.
this is the news in brief from the united nations... #url# </document>
<document> Western Cape study shows why omicron wave caused fewer deaths.
photo credit: diasporaengager (www.diasporaenga... #url# </document>
<document> covid-19 very high – covid-19 in ukraine.
photo credit: diasporaengager (www.diasporaenga... #url# </document>
<document> not urged to open investigation into 1988 Iranian killings and Raisi's role.
photo credit: diasporaengager (www.dia... #url# </document>
<document> pirates loot billions in gulf of guinea – caj news africa.
photo credit: diasporaengager (www.diasporaenga... #url# </document>
<document> fsis issues public health alert for ready-to-eat diced chicken products due to misbranding and al... #url# </document>
<document> Burkina Faso: Government officials discuss soldiers' demands.
photo credit: diasporaengager (www.diasporaenga... #url# </document>
<document> overdose deaths from cocaine and psychostimulants disproportionately affect racial and ethnic minorities... #url# </document>
<document> Seychelles Police is committed to improving treatment and facilities for detainees.
photo credit: diasporaengager (www.diasp... #url# </document>
<document> Namibians should make the White River their first choice - it could mean the difference between life and death.
ph... #url# </document>
<document> the power of dreams or night visions | by pastor raphael grant | prophet raphael grant.
prayer city eagles ... #url# </document>
<document> a prayer for dealing with stubborn situations | christian action faith ministry international.
join the archbishop ... #url# </document>
<document> covid-19 in sint eustatius – covid-19 high – level 3: covid-19 high – travel health warnings | travellers... #url# </document>
<document> General Assembly Creates New Permanent Forum of People of African Descent |. nthe body of 193 unanimous members... #url# </document>
<document> covid-19 in the canary islands – covid-19 unknown – level unknown: covid-19 unknown – travel health note... #url# </document>
<document> Somalia Dispute Settlement Commission Appoints Committee Tasked With President Election – radio dalsan fm 91... #url# </document>
<document> unfreezes $150 million for underfunded humanitarian crises |.
for Humanitarian Affairs and Emergency ... #url# </document>
<document> ilo has launched a new video download platform.
photo credit: diasporaengager (www.diasporaenga... #url# </document>
<document> government appeals to marketers to leave the red light.
photo credit: diasporaengager (www.diasporaenga... #url# </document>
<document> ghana: goldfields considering a 500 million dollar investment for its damang mine.
photo credit: diasporaeng... #url# </document>
<document> israel has said it is preparing a diplomatic campaign to discredit an investigation.
photo credit: diasporaengager (www.dias... #url# </document>
<document> The fight for federal voting rights legislation is far from over.
photo credit: diasporaengager (www.diasporaenga... #url# </document>
<document> at least four children killed as conflict escalates in myanmar |.
last Saturday, the body of a 13-year-old... #url# </document>
<document> less positive producers | statistics Netherlands (cbs).
photo credit: diasporaengager (www.diasporaenga... #url# </document>
<document> in memory of sidney poitier–paris blues: black romanticism and jazz.
photo credit: diasporaengager (www.diasp... #url# </document>
<document> you searched for value – exit.
photo credit: global diaspora news (www.globald... #url# </document>>
<Document> Covid-19 in Mexico – Covid-19 High – Stage 3: Covid-19 High – Travel Health Advice | Health of Travelers... #url# </document>
<Document> Seychelles media responds to Chief Justice's call for openness.
Photo credit: diasporaengager (www.diasporae... #url# </document>
<Document> electronic burial claims now accepted at gipf.
Photo credit: diasporaengager (www.diasporaenga... #url# </document>
<Document> Mansour Abbas leads a sea change for Israel's Arabs.
Photo credit: diasporaengager (www.diasporaenga... #url# </document>
<document> Farmers and other agricultural stakeholders in central Tanzania come together for sustainable development – ​​i... #url# </document>
<Document> Military Hospital 14 Receives Huge Donation.
Photo credit: diasporaengager (www.diasporaenga... #url# </document>
<Document> Rhapsody of Realities Friday 28.
sure victory fight the good fight of faith, ... #url# </document>
<Document> blog: Nature-based solutions to improve coordinated action on climate change, land and biodiversity. </document>
<Document> Adults meeting recommendations for fruit and vegetable consumption - US, 2019.
Photo credit: Diasporaen... #url# </document>
<Document> Jewish pro-Israel groups are urging Senate leaders to move forward with bipartisan Iron Dome Funding Bill.
Photo credit: d... #url# </document>
<Document> Cummings sympathizes with the families of the victims of the New Kru Town stampede.
Photo credit: Diasporaengager (www.... #url# </document>
<document> rhapsody of realities saturday 29.
🔊 Listen to the post, open your heart to the truth for ... #url# </document>
<Document> Remarks by the Secretary-General to the General Assembly on his priorities for 2022.
Secretary-General&amp;#hashtag#;s r... #url# </document>
<Document> Six-day election talks in Moqadishu concluded with breakthrough – radio dalsan fm 91.5 mhz | war sugar.
... #url# </document>
<Document> Firearm Homicides and Suicides in Major Metropolitan Areas - United States, 2015-2016 and 2018-2019.
... #url# </document>
<Document> Iraqi cleric's push to marginalize Iran-backed factions risks clash.
Photo credit: diasporaengager (www.dias... #url# </document>
<Document> Ex-ldea MP frowns at not criminalizing drug-related offences.
Photo credit: diasporaengager (www.diasporaenga... #url# </document>
<Document> Saving for the future at the age of 12 – food for the hungry.
in the yearbook of life, who would be nominated... #url# </document>
<document> notes from the field: hiv outbreak in people who inject drugs during the covid-19 pandemic — kanawha county... #url# </document>
<Document> live: 2 hours of hot prayers | Hours of Reign | October 7, 2021 | christian action faith service international... #url# </document>
<Document> Prayer Tone 2022 – Friday January 28th.
🔊 Listen as you post all the adversities you face... #url# </document>
<Document> Yellow Fever in Nigeria - Alert - Level 2, Practice Enhanced Precautions - Travel Health Advice | travel... #url# </document>
<document> what Cair has in common with the synagogue kidnapper.
Photo credit: diasporaengager (www.diasporaenga... #url# </document>
<Document> God is simply capable | Christian Action Faith Ministry International.
join Archbishop Nick's telegram channel ... #url# </document>
<Document> Journalists at Beijing Winter Olympics could test China's tolerance for critical reporting.
Picture credits... #url# </document>
<document> After Texas, the Jewish Safety Network launches the Mindfulness Community Training Program.
Photo credit: dias... #url# </document>
<Document> covid-19 in slovenia – covid-19 very high – level 4: covid-19 very high – travel health advice | travel... #url# </document>
<Document> Zambia: Upnd youth urged to calm down and obey party orders.
Photo credit: Diasporaengager... #url# </document>
<Document> 2021 is among top 7 warmest years on record: WMO |.
although average global temperatures were pace... #url# </document>
<document>cdc media briefing - new vital signs report the hiv epidemic remains heavy among gay and bisexual men: what ... #url# </document>
<document> lp threatens to take nec to court.
Photo credit: diasporaengager (www.diasporaenga... #url# </document>
<document> saa restarts flights to durban – caj news africa.
Photo credit: diasporaengager (www.diasporaenga... #url# </document>
<Document> South Africa's plan to 'end' Covid 19.
Photo credit: diasporaengager (www.diasporaenga... #url# </document>
<Document> Rockets Fired at US Embassy in Baghdad Injure Iraqi Woman, Child: Military.
Photo credit: Diasporaengager (ww... #url# </document>
<Document> covid-19 in oman – covid-19 low – level 1: covid-19 low – travel health advice | health of travelers. </document>
<document> it could be the difference between life and death - verdade.
Photo credit: diasporaengager (www.diasporae... #url# </document>
<Document> Covid-19 in Singapore – Covid-19 High – Level 3: Covid-19 High – Travel Health Advice | Travel Health... #url# </document>
<Document> cpj, Human rights groups call for release of Nusrat Shahrin Raka, sister of Bangladeshi journalist Kanak Sarwar. </document>
<Document> Israelis' loss of confidence in state institutions is "deeply troubling," says President Herzog.
Photocre... #url# </document>
<Document> Ex-President of Guinea Conde leaves the country.
Photo credit: diasporaengager (www.diasporaenga... #url# </document>
<document> the world's top and bottom performing passports for 2022.
Photo credit: diasporaengager (www.diasporaenga... #url# </document>
<Document> rfp: Development of an appropriate business case and an investment plan for the value4her consultant.
Photo credit... #url# </document>
<document> from milan to glasgow, young moroccans are fighting climate change |.
behind all these initiatives is a... #url# </document>
<Document> Argentine court orders journalist Santiago O'Donnell to release interviews with former president's brother... #url# </document>
<document> we are open to talks with russia about exercises, missile deployments: official.
Photo credit: Diasporaengager (ww... #url# </document>
<Document> Africa's fourth Covid wave levels off after six-week surge |.
who said this was the shortest su... #url# </document>
<Document> South African women emerging as continental football force. nphoto credit: diasporaengager (www.diasporaenga... #url# </document>
<document> Hirshabelle Vice President denies claims that Special Forces deployed to Beledweyne are being used to manipulate... #url# </document>
<document> this is war / Nathan Morris.
this clip was created by ev. nathan&amp;#hashtag#;s mes... #url# </document>
<Document> Ghana: Investors trust economy; imf remains trusted advisor to government – ​​adu-boahen.
ph... #url# </document>
<Document> Civil rights groups: We must pass voting rights legislation 'by any means necessary'.
Photo credit: Diasporae... #url# </document>
<Document> Top Ten Health News, Jan 28, 2022.
Photo credit: diasporaengager (www.diasporaenga... #url# </document>
<document> marocco aims to support Morocco's international trading companies.
Photo credit: diasporaengager (www.diasp... #url# </document>
<document> seychelles passport still africa's no. 1, travel visa-free to 152 countries.
Photo credit: Diasporaeng... #url# </document>
<document> Burkina Faso junta chief addresses Ecowas leadership summit.
Photo credit: diasporaengager (www.diasporae... #url# </document>
<Document> South Sudanese Refugees Secretly Returning Home: Officials. August 18, 2019 (lamwo) &amp;#hashtag#; several southern ... #url# </document>
<Document> Receiving the Covid-19 vaccine during pregnancy and preterm or preterm at birth - eight integr... #url# </document>
<Document> Mauritania: Ancient manuscripts lure tourists to the historic desert city.
Photo credit: Diasporaengager (ww... #url# </document>
<document> WestAfrica-based small businesses receive capital inflow, technical support.
Photo credit: diaspo... #url# </document>
<Document> Tunisia: French ship rescues two groups of migrants in the Mediterranean.
Photo credit: Diasporaengager (ww... #url# </document>
<document> Ucla Gymnastics faces internal problems over alleged racism.
Photo credit: diasporaengager (www.diaspor... #url# </document>
<Document> Abbas and Fatah declare support and appreciation for terrorists, imply continued terror salaries.
Photo credit: d... #url# </document>
<Document> Yes, humans are inherently good.
Photo credit: diasporaengager (www.diasporaenga... #url# </document>
<document> Applications open for Ashoka's health-focused accelerator.
Photo credit: Global Diaspora News (www.globald... #url# </document>
<Document> Iran sentences a French man to 8 years in prison for espionage: lawyer.
Photo credit: Diasporaengager (www.... #url# </document>
<Document> Bangladesh: Second fire in a week ravages huge Rohingya refugee camp |.
The fire was reported first... #url# </document>
<Document> German court sentences Syrians to life imprisonment for crimes against humanity.
Photo credit: Diasporaengager ... #url# </document>
<document> jubaland and puntland reciprocate pm roble's decision to return confiscated funds to uae government - radio dalsan fm 9... #url# </document>
<document> President Chakwera named African of the Year – caj news africa.
Picture credits: diasporaengager (www.diaspo... #url# </document>
<Document> Inflation hits 10-year high in Israel as CPI and house prices rise.
Photo credit: Diasporaengager (www.di... #url# </document>
<Document> While the tennis world wonders if Djokovic will play, my reflections on Australia.
Photo credit: Diasporaenga... #url# </document>
<document> rep. Larry Youngoi: Speaker Chambers is overly protective.
Photo credit: diasporaengager (www.diasporaenga... #url# </document>
<Document> Georgia judge approves special grand jury for Trump.
Photo credit: diasporaengager (www.diasporaenga... #url# </document>
<Document> covid-19 in costa rica – covid-19 high – level 3: covid-19 high – travel health advice | Traveler... #url# </document>
<Document> United Nations Office Warns of Violent Escalation in Yemen and Beyond |.
"We are deeply concerned about the cont... #url# </document>
<document> spiritual discipline | by Pastor Raphael Grant | Prophet Raphael Grant.
City of Prayer Eagle Chapel &amp;#hashtag#; 01... #url# </document>
<Document> the “AI-powered midwife” helping pregnant Nigerian women and newborns stay healthy.
Photo credit: diasp... #url# </document>
<Document> HIV and gay and bisexual men | vital functions. nphoto credit: diasporaengager (www.diasporaenga... #url# </document>
<document> If you don't plan, you plan to fail. avoid financial self-sabotage in 2022.
Photo credit: Diasporaengager... #url# </document>
<document> Giants flex their muscles on minnows at afcon – caj news africa.
Photo credit: diasporaengager (www.diasp... #url# </document>
<Document> covid-19 in albania - covid-19 very high - level 4: covid-19 very high - travel health advice | Traveler... #url# </document>
<Document> Sirene issues voluntary allergy alert about undeclared cashews and almond butter in birthday cake bites.
Photo... #url# </document>
<Document> Bachelorette: "We must stand up against hate" |.
“Anti-Semitic conspiracy theories have attributes… #url# </document>
<Document> Union Congress asks RIA to lift suspension of employees.
Photo credit: diasporaengager (www.diasporaenga... #url# </document>
<document> mtn sa selects customer service provider – caj news africa.
Photo credit: diasporaengager (www.diasporaen... #url# </document>
<Document> 'Prison Break Alert' as Liberian Prisons Run Out of Food Shortage Occurs in Liberian Prisons.
Photo credit: di... #url# </document>
<document> orthodox jews in montreal rap quebec government for covid-19 closure of houses of worship.
Photo credit: di... #url# </document>
<document> covid-19 incidence and death rates in unvaccinated and fully vaccinated adults with and without a booster... #url# </document>
<Document> live: Sunday 1st service | who controls your mind | 26 Sept 2021 | christian action faith ministry in... #url# </document>
<Document> Israel relies on more at-home Covid testing, seeks to cut costs
Photo credit: diasporaengager (www.diasporae... #url# </document>
<Document> Fact check, Covid-19 misinformation and the British Medical Journal.
Photo credit: Diasporaengager (www... #url# </document>
<document> the sacred and the secular.
Photo credit: diasporaengager (www.diasporaenga... #url# </document>
<Document> Law enforcement officer charged with murder after homeless man shot dead.
Photo credit: diasporaengager (www.dia... #url# </document>
<Document> how anti-Semitic 9/11 and Covid conspiracy theories are being weaponized on social media.
Photo credit: Diasporaen... #url# </document>
<Document> Wike promises 2 million to police officers who identify illegal refineries. nphoto credit: diasporaengager (www.di... #url# </document>
<Document> Lauren Smith-Fields Suspicious Death After Hummel Date.
Photo credit: diasporaengager (www.diasporaenga... #url# </document>
<Document> Emma Watson is not an anti-Semite, but questions about her Palestinian "solidarity" remain.
Photo credit: ... #url# </document>
<Document> I grew up near Colleyville, but the hostage attack affects us all.
Photo credit: diasporaengager (www.diasp... #url# </document>
<Document> covid-19 in dominica - covid-19 very high - level 4: covid-19 very high - travel health advice | travel... #url# </document>
<document> rep. barbara lee presents a congress resolution on the un decade for people of african descent. n... #url# </document>
<document> dead baby brought to life | #hashtag# the characters | Nathan Morris.
in it behind the characters, ev. Nathan shares a... #url# </document>
<Document> sw State Electoral Commission releases 13 seats.
Photo credit: diasporaengager (www.diasporaenga... #url# </document>
<Document> covid-19 in hungary – covid-19 very high – level 4: covid-19 very high – travel health advice | Traveler... #url# </document>
<Document> Nigeria: Economists, stock market await monetary tools as MPC meets.
Photo credit: Diasporaengager (www.d... #url# </document>
<Document> Judaism rejects the idea that human nature is good.
Photo credit: diasporaengager (www.diasporaenga... #url# </document>
<Document> in the 117th Congress, 14% or more are immigrants or children of immigrants. nphoto credit: global diaspora news... #url# </document>
<Document> Reparations, Racial Justice and Equality for People of African Descent. nphoto credit: diasporaengager (www.... #url# </document>
<Document> Covid-19 in Turks and Caicos - Very High Covid-19 - Level 4: Very High Covid-19 - Travel Cure... #url# </document>
<Document> unhcr provides much-needed aid to Sudanese refugees in Chad. nthe help - this includes blankets, canisters... #url# </document>
<document> fsa ceo: pandora papers refer to old cases, seychelles have already taken action.
Photo credit: Diasporaengag... #url# </document>
<Document> Police send 2 murder suspects to court.
Photo credit: diasporaengager (www.diasporaenga... #url# </document>
<Document> Kenyan dies in Pullman, Wa from exposure to excessive cold.
Photo credit: diasporaengager (www.diaspor... #url# </document>
<Document> Clip: Remarks by the UN Secretary-General to the Security Council on Afghanistan.
un #hashtag#;s r... #url# </document> of the Secretary General
<document> sen. Warren demands earnings and rent figures from companies after the revelations of the Pandora papers.
Photo credit... #url# </document>
<Document> South Sudanese refugees struggle to survive in Uganda's cities. nSouth Sudanese refugees are fighting over ... #url# </document>
<document> lancetofficial project biovalor.
Photo credit: Global Diaspora News (www.globald... #url# </document>
<Document> Zambia's national women's lobby calls for support of only female candidate in Kabwata polls.
Photo credit... #url# </document>
<Document> 120 refugees from Central Africa and Sudan resettled in France. nphoto credit: global diaspora news (www.glob... #url# </document>
<Document> spacex launches eight satellites built by Israeli high school students. nphoto credit: diasporaen... #url# </document>
<Document> UN chief calls for action to put out '5-alarm global fire' |.
“We are facing a global fire with five alerts that... #url# </document>
<document> in support of fiji's efforts to get children safely back to school.
Photo credit: diasporaengager (www.dia... #url# </document>
<Document> "afcfta success dependent on government investment, operational participation".
Photo credit: Diasporaengager (www.di... #url# </document>
<document> idf: Downed drone contained images of Hezbollah operators.
Photo credit: diasporaengager (www.diasporaenga... #url# </document>
<Document> Understanding the Secret Behind Sex Before Marriage | godless soul ties | christian action faith ministry inte... #url# </document>
<document> Seychelles at risk of 'cutting off' its nose on foreign workers policy, says tourism... #url# </document>
<document> Divorce: New York Supreme Court Justice Viscovich dangles a child as a 'hostage' to coerce illegitimate fee payments by... #url# </document>
<document> a failure to explain Iran's threats to Israel.
Photo credit: diasporaengager (www.diasporaenga... #url# </document>
<document> s.korea tells iran it regains vote after delinquent charges are paid with frozen funds.
Photo credit: Diasporaeng... #url# </document>
<document> urgent action needed to protect vietnamese workers trafficked to serbia |.
eight companies, including vietn... #url# </document>
<Document> Russia is wrong to harass Ukraine, but it's not worth a war.
Photo credit: Global Diaspora News (www.glob... #url# </document>
<document>Trends in disease severity and health care utilization during the early Omicron variant period compared to Pr... #url# </document>
<Document> Burkina Faso army says it has deposed President Kabore.
Photo credit: diasporaengager (www.diasporaenga... #url# </document>
<Document> Production prices up 19.5 percent in December | statistics netherlands (cbs).
Photo credit: diasp... #url# </document>
<document> humble, quiet, soft-spoken, a true servant of the seychelles – former vp joseph belmont dies.
Photocre... #url# </document>
<Document> Lists of African startups to watch in 2022.
Photo credit: Global Diaspora News (www.globald... #url# </document>
<Document> the Zerai model of a gendered, people-centred approach to governance, ICT and social justice. nphoto credit: gl... #url# </document>
<Document> Covid-19 in Bolivia – Covid-19 Very High – Level 4: Covid-19 Very High – Travel Health Advice | Traveler... #url# </document>
<Document> Tyrannical Judge William Viscovich ignores prenuptial agreement in divorce case and orders defendant's arrest. </document>
<document> countdown to impact 2021: kimberly jones | Christian Action Faith Ministry International.
join Archbishop n... #url# </document>
<Document> There are signs of hope amid the demise of the Metrorail.
Photo credit: diasporaengager (www.diasporaenga... #url# </document>
<document> Being in America is a dream come true for Bob Mwiti.
Photo credit: diasporaengager (www.diasporaenga... #url# </document>
<Document> Citing anti-Semitic hate speech, the French interior minister orders the closure of an Islamist mosque in Cannes.
Photo ... #url# </document>
<Document> The Seychelles condemns the pirate attack on a ship flying the flag of the United Arab Emirates in the Red Sea.
Photo credit: diasporaengager (www.dias... #url# </document>
<Document> oecd examines the impact of Seychelles laws on ibcs in 2022.
Photo credit: diasporaengager (www.diasporaenga... #url# </document>
<Document> Turkey logs record 94,783 Covid-19 cases.
Photo credit: diasporaengager (www.diasporaenga... #url# </document>
<document> basic education admits there are no plans to track dropouts.
Photo credit: diasp... #url# </document>
<document> your loveworld specials season 5 phase 1 with pastor chris.
🔊 Listen to post a time to expand your knowledge... #url# </document>
<document> marks the first International Day for People of African Descent. nphoto credit: diasporaengager (www.diaspora... #url# </document>
<Document> National Library of Israel obtains 90 pages from one of the oldest Jewish religious texts.
Photo credit: diaspo... #url# </document>
<document> uae changes to the work week from Monday to Friday.
Photo credit: diasporaengager (www.diasporaenga... #url# </document>
<Document> redesigned PES vouchers must benefit farmers.
Photo credit: diasporaengager (www.diasporaenga... #url# </document>
<Document> Pakistani journalist Hasnain Shah was shot dead outside the Lahore Press Club.
Photo credit: Diasporaengager ... #url# </document>
<Document> Arrows of Deliverance of the Lord (Part 2) / #hashtag# / Nathan Morris.
in this episode of the longing of all nations... #url# </document>
<document> dr. Cheryl Grills appointed to National Reparations Commission.
Photo credit: diasporaengager (www.diaspora... #url# </document>
<Document> eac welcomes Uganda and Rwanda for reopening Gatuna-Katuna border.
Photo credit: Global Diaspora News (www.glo... #url# </document>
<Document> Politicians divided South Sudanese refugees. sport can unite us again.. nphoto credit: global diaspora news (ww... #url# </document>
<Document> naarc should demand debt-free higher education.
Photo credit: diasporaengager (www.diasporaenga... #url# </document>
<Document> South Africa, Zambia strengthen bilateral ties – caj news africa.
Photo credit: diasporaengager (www.diaspora... #url# </document>
<Document> The New York Times "gets it wrong".
Photo credit: diasporaengager (www.diasporaenga... #url# </document>
<Document> Nigeria: Budget identifies 460 duplicate projects in Budget 2022.
Photo credit: diasporaengager (www.diasp... #url# </document>
<document> changes in jordan's work permit regime for syrian refugees contribute to decent work – ilo, fafo report... #url# </document>
<Document>'s video shows the murder of a black teenager by juvenile detention center staff.
Picture credits: diasporaengager (www.diaspo... #url# </document>
<Document> Israel, home to 165,800 Holocaust survivors, 90% over 80 years old.
Photo credit: diasporaengager (www.diasporaenga... #url# </document>
<Document> on the Texas synagogue attack….
Photo credit: diasporaengager (www.diasporaenga... #url# </document>
<document> in black and white: Edgecomb ruling, like Rittenhouse's, illustrates the institutionally racist nature of Americans... #url# </document>
<Document> Taxing extreme wealth could lift 2.3 billion people out of poverty.
Photo credit: diasporaengager (www.dias... #url# </document>
<Document> Israel's government to push anti-smoking laws.
Photo credit: diasporaengager (www.diasporaenga... #url# </document>
<Document> Belarusian journalist Aliaksandr Ivulin sentenced to 2 years in prison for reporting on protests.
Photo credit: ... #url# </document>
<document> Ghanaian fintech float raises $17 million in seed capital to boost cash flow for trade in Africa.
Photo credit: global dia... #url# </document>
<Document> "Infections were constant:" Julia Gavarrete among dozens of Salvadoran journalists targeted with Pegasu... #url# </Document>
<Document> Swift Response contains fire at Cissie Gool's home.
Photo credit: diasporaengager (www.diasporaenga... #url# </document>
<Document> Rhapsody of Realities Tuesday 11.
know and walk in its light that carries the whole arm... #url# </document>
<document> "never again"? Really? | Jewish &amp; Israeli News #url#
Picture credits: diasporaengager (www.diaspo... #url# </doccontent>
<Document> Energy prices will continue to affect Morocco's trade balance.
Photo credit: diasporaengager (www.diaspor... #url# </document>
<Document> News in brief January 28, 2022 |.
this is the news in a nutshell from the united natio... #url# </document>
<Document> Western Cape study shows why Omicron waves caused fewer deaths.
Photo credit: diasporaengager (www.diasporaenga... #url# </document>
<Document> Covid-19 very high – Covid-19 in Ukraine.
Photo credit: diasporaengager (www.diasporaenga... #url# </document>
<Document> not asked to open an investigation into the killings and Iran's role in 1988.
Photo credit: diasporaengager (www.dia... #url# </document>
<Document> Pirates plunder billions in Gulf of Guinea – caj news africa.
Photo credit: diasporaengager (www.diasporaenga... #url# </document>
<document> fsis issues a public health alert for ready-to-eat diced chicken products due to mislabeling and an undeclared al... #url# </document>
<Document> Burkina Faso: Government officials discuss soldiers' demands.
Photo credit: diasporaengager (www.diasporaenga... #url# </document>
<document> Deaths from cocaine and psychostimulant overdoses disproportionately affect minority racial and ethnic groups... #url# </document>
<Document> Seychelles Police promise better treatment and facilities for detainees.
Photo credit: diasporaengager (www.diasp... #url# </document>
<Document> Namibians should make White River their first choice: it could be the difference between life and death.
ph... #url# </document>
<Document> The Power of Dreams or Night Visions | by Pastor Raphael Grant | Prophet Raphael Grant.
Prayer City Eagle ... #url# </document>
<document> a prayer for dealing with stubborn situations | Christian Action Faith Ministry International.
Join Archbishop ... #url# </document>
<Document> covid-19 in sint eustatius – covid-19 high – level 3: covid-19 high – travel health advice | Travelers... #url# </document>
<Document> General Assembly Creates New Permanent Forum of People of African Descent |. nthe 193-strong panel unanimously ... #url# </document>
<Document> Covid-19 in the Canary Islands – Covid-19 unknown – Level unknown: Covid-19 unknown – Travel Health Advice… #url# </document>
<document> Somalia Dispute Resolution Commission names committee tasked with electing Chair - Radio Dalsan FM 91... #url# </document>
<Document> UN releases $150 million for underfunded humanitarian crises |.
for humanitarian affairs and emergencies ... #url# </document>
<Document> ilo has launched a new video download platform.
Photo credit: diasporaengager (www.diasporaenga... #url# </document>
<document> government. appeals to marketers to leave red light.
Photo credit: diasporaengager (www.diasporaenga... #url# </document>
<Document> Ghana: Goldfields are exploring the possibility of a $500 million investment in its Damang mine.
Photo credit: Diasporaeng... #url# </document>
<Document> Israel is said to be preparing a diplomatic campaign to discredit an investigation.
Photo credit: diasporaengager (www.dias... #url# </document>
<Document> Battle for Federal Voting Rights Act far from over.
Photo credit: diasporaengager (www.diasporaenga... #url# </document>
<Document> At least four children killed as conflict escalates in Myanmar |.
Last Saturday, the body of a 13 year old... #url# </document>
<Document> manufacturers less positive | statistics netherlands (cbs).
Photo credit: diasporaengager (www.diasporaenga... #url# </document>
<Document> in memory of Sidney Poitier - Parisian Blues: Black Romance and Jazz.
Photo credit: diasporaengager (www.diasp... #url# </document>
<document> You searched for value – uscri.
Photo credit: Global Diaspora News (www.globald... #url# </document>