
	
		<document> WHO THE OG'S? #URL# ></document>
		<document> ATE THE WRONG PUSSY GOTTA CHECK MY TOP LIP FOR RESEDUE FACE ASS #URL# ></document>
		<document> RT #USER#: Listen to Black Up Prod. By Willie Beamin by ameenspade #HASHTAG# on #HASHTAG# #URL# ></document>
		<document> LOL BUT WHAT DO YOU DO THO? BUM ASS GRAPHICS? #URL# ></document>
		<document> SPEAK YOUR TRUTH CHINGALING #URL# ></document>
		<document> I WOKE UP TOO HUNGRY WHO GETTIN ATE TODAY? ></document>
		<document> NIGGAS IS REAL DEAL DOUBLE AGENTS OUT HERE ></document>
		<document> SO TIRED OF FAKES INFILTRATING THE CIRCLE ></document>
		<document> THESE HOES UNHEALTHY AND WASHED UP ></document>
		<document> I ASH MY BLUNT IN A SILVER SPOON CUZ I WASNT BORN WITH ONE ></document>
		<document> #USER# LET ME CONSULT W MY TEAM AND GET BACK TO YOU MA ></document>
		<document> LET SLUMPWAVE DEBUT THIS PICTURE U SPEAK OF WE WILL PAY #URL# ></document>
		<document> RT #USER#: THIS IS REALLY THE BEST TIME OF DAY TO GET SOME HEAD. A TEAL AFTERNOON DELIGHT. ></document>
		<document> @ ME NEXT TIME #URL# ></document>
		<document> IM BOUT TO BUST #URL# ></document>
		<document> EAT EACHOTHER PUSSY ALREADY GEEZ #URL# ></document>
		<document> YOU DID MORE THAN FOUR PIECES THO #URL# ></document>
		<document> RT #USER#: u tried selling me a .7 for 10 fym. #URL# ></document>
		<document> YOUNG DOLPH SHOULD CHANGE HIS NAME TO YOUNG GOAT 🐐 #URL# ></document>
		<document> BUT HE QUIT TRAPPING TO BE A RAPPER SIR #URL# ></document>
		<document> THIS IS ATTRACTIVE TO YALL? #URL# ></document>
		<document> RT #USER#: GONNA BE A FAITHFUL BLACK MAN FOR HALLOWEEN ></document>
		<document> BACKPACK NEVER LOOKED HAPPIER #URL# ></document>
		<document> RT #USER#: SHE JUST WANTS TO HAVE AN ORGASM IN A DIFFERENT AREA CODE ></document>
		<document> IM TRYNA THINK INSIDE YOUR BOX MA #URL# ></document>
		<document> WHEN I DIE PUT A APPLE LOGO ON MY TOMBSTONE... THATS ALL ></document>
		<document> DONT TRUST HOES OR NIGGAS WHO HANG OUT WITH THE VERY HOES YOU NOT SUPPOSED TO BE TRUSTING ></document>
		<document> YOU BE TWEETING ABOUT YOURSELF LIKE YOU WANT ALL OF TWITTER TO GET TO KNOW YOU, GET A BOYFRIEND LIL MAMA #URL# ></document>
		<document> #USER# WE JUST BE TRYNA KEEP NIGGAS FROM BEING LAME SMH ></document>
		<document> YOU REMIND ME OF NICK CANNON FROM THAT MOVIE WHEN HE GOT COOL OUT OF NOWHERE #URL# ></document>
		<document> NIGGA YOU LANE FOR THIS #URL# ></document>
		<document> THATS THE ONE #URL# ></document>
		<document> SHUT YO BITCH ASS UP YOU DONT KNOW SHIT #URL# ></document>
		<document> MY LIFE AN ON GOING SOUNDLOUD RAP MUSIC VIDEO AT THIS POINT ></document>
		<document> IM THE TYPE OF NIGGA YOU GOTTA FUCK WHEN YOU SEE ME CUZ AFTER THAT YOU MIGHT NOT SEE ME FOR MONTHS ></document>
		<document> #USER# OH WOW YOU SHOULD BE A PSYCHOLOGIST ></document>
		<document> ITS HARD FINDING PEOPLE THAT UNDERSTAND WHAT IM GOING THRU ></document>
		<document> #USER# I DONT WANNA GET FINESSED ></document>
		<document> SHOULD I TRUST THE DEVIL? #URL# ></document>
		<document> IM TRYNA PIPE IN THE LONG TERM SO IM PUTTING IN WORK #URL# ></document>
		<document> HOW MUCH AND WHATS UR CASH APP NAME MA #URL# ></document>
		<document> SEND ME THIS PIC ITS FOR RESEARCH ILL PAY YOU #URL# ></document>
		<document> RT #USER#: Ma them ain’t baby hairs yo shit receding ></document>
		<document> A CONDOM CANT PROTECT YOU FROM BASIC BITCH ENERGY ></document>
		<document> I FOUND MYSELF ARGUING ABOUT PETTY SHIT AND LISTENING TO THE RADIO AND EATING FAST FOOD CUZ I WAS FUCKING THESE BASIC HOES ></document>
		<document> IF YOU FUCK BASIC BITCHES YOU TURN INTO A BASIC NIGGA ITS SCIENCE ></document>
		<document> THIS "WOMAN" IS CLEARLY A DEMON #URL# ></document>
		<document> NIGGAS ALWAYS WANNA LINK WHEN THEY FIND OUT THEY GIRLFRIEND FW ME, NIGGA YOU MOVIN BACKWARDS ></document>
		<document> GET BOTH NECKLACES #URL# ></document>
		<document> RT #USER#: Y'all remember these jackets? This is some real Florida shit. #URL# ></document>
		<document> WHEN GIRLS GET PREGNANT THESE DAYS THEY INSTAGRAM PROFILE TURN INTO A PERFORMANCE ART PIECE ></document>
		<document> SHIT BOUT TO COME OFF LIKE A BANDAID LMAO #URL# ></document>
		<document> MY SEXUAL FETISH IS GETTING A WHITE PERSON TO SAY HE HATES WHITE PEOPLE IN FRONT OF A BUNCH OF BLACK PEOPLE ></document>
		<document> STRIPPERS ARE AUTOMATICALLY DRAWN TO ME I MUST BE A TIPPER ></document>
		<document> IDK WHY IM ALWAYS MEETING STRIPPERS OUTSIDE OF THEIR WORK ENVIRONMENT ></document>
		<document> SHE SAID SHE BOUT TO COME BACK LATER IDK IF SHE FINESSED ME BUT SHE FIRE ></document>
		<document> JUST MET A FREAK BITCH IN THE UBER POOL WHEN WE GOT TO HER STOP SHE TOLD THE DRIVER KEEP GOING SHE COMING WE ME, SMOKED HER OUT ></document>
		<document> MILF HUNTER 2017 ></document>
		<document> I LITERALLY DONT KNOW ANY GUYS LIKE THIS LOL WHO TF DO YOU BE FUCKIN WITH #URL# ></document>
		<document> EVEN IF I DONT WANT TO SMOKE I GET AGITATED KNOWING I DONT HAVE WEED ></document>
		<document> BASIC BITCHES MAKE ME NERVOUS ></document>
		<document> PEOPLE TALK ABOUT THEY PROBLEMS LIKE THEY STOPPED MAKING PROBLEMS WHEN THEY MADE URS ></document>
		<document> RT #USER#: RESPECT ALL SEX WORKERS ></document>
		<document> I LOVE STRIPPERS AND WONT TAKE ANY STRIPPER SLANDER ON MY TIMELINE ></document>
		<document> NOBODY WOULD PAY TO SEE UR FAT ASS NAKED EITHER MY GUY #URL# ></document>
		<document> YOU THE TYPE OF NIGGA THAT THINK ITS FUNNY TO MAKE FUN OF SEX WORKERS #URL# ></document>
		<document> THE MEMES JUST WRITE THEY SELF AT THIS POINT #URL# ></document>
		<document> IM POSTED UP OUTSIDE DRINKING BEERS W MY BUDDIES CALL ME HANK HILL ></document>
		<document> I GOTTA SPLIT PERSONALITY SOMETIMES I COUNT THE MONEY FORWARDS SOMETIMES I COUNT THE MOMEY BACKWARDS ></document>
		<document> I GOTTA REMIND MYSELF TO STOP FUCKING W SHORTIES W TOO MANY INSECURITIES ></document>
		<document> I LOVE THE SMELL OF NEW VAGINA ></document>
		<document> RT #USER#: I GOT A NEW THING FOR SHAWTIES WHO LOOK SLEEP DEPRIVED ></document>
		<document> I LOVE THE FEELING OF GETTING A NEW BITCH, SHE SENDING NEW NUDES TO YOUR PHONE ></document>
		<document> SO THE PARTY WAS LIT? #URL# ></document>
		<document> YOU LOOK LIKE A AMAZON WOMAN WHATS ON YOUR AMAZON WISH LIST? #URL# ></document>
		<document> I SEE NO DIFFERENCE #URL# ></document>
		<document> RT #USER#: BOUT TO GO GET THIS NUT UP OUTTA MY SYSTEM ></document>
		<document> RT #USER#: AND THERE YOU GO LADIES &amp; GENTLEMEN. HAPPY FRIDAY; LIVE IT UP #URL# ></document>
		<document> FATHER AND BIG BABY #URL# ></document>
		<document> #USER# #USER# I SEE YALL ></document>
		<document> RT #USER#: BIG BABY SCUMBAG - LIVE ON HAM RADIO #URL# #USER# #USER# ></document>
		<document> MY NEW SHORTY A BIMBO ></document>
		<document> LMAO ACTUALLY YES IT IS MUAHAHAHA #URL# ></document>
		<document> IF YOU AINT COME TO FUCK THEN WHAT U SPENT THE NIGHT FOR? ></document>
		<document> HER: FIRST OF ALL ME: FIRST OF ALL HER: FIRST OF ALL ME: FIRST OF ALL HER: FIRST OF ALL ME: FIRST OF ALL HER: FIRST OF ALL ></document>
		<document> IM TRYNA HAVE THIS VIEW #URL# ></document>
		<document> THESE WOMEN BE DEVILS AND DONT EVEN BE HIDING IT ANYMORE SMH #URL# ></document>
		<document> MY HOMIE BEEN IN THE ROOM WITH THIS SHORTY FOR 3 HOURS STILL AINT MAKE A MOVE YET HE KEEP COMIN OUT THE ROOM TO SEE WHAT WE DOING HE NERVOUS ></document>
		<document> I COULDNT THINK ANYTHING NASTIER THAN THE CAPTION YOU ALREADY PUT, KEEP DOING YOU BOO WE SUPPORT YOU #URL# ></document>
		<document> CHANGE YOUR RAP NAME TO TRICK DADDY #URL# ></document>
		<document> RT #USER#: “BOY THIS SHIT LOUD AF!” FIRST OF ALL THATS SUM MID I STUFFED UNDER MY NUTS WHEN THE POLICE SEARCHED ME ></document>
		<document> RT #USER#: That's how I know the slump accounts are someone inside the circle bc how tf they know I smoke mids ></document>
		<document> WE SELL MID PACKS TO YOUR DEALER, HE COME TO THE TRAP TALKING ABOUT YOU ALL THE TIME I THINK HE LIKE YOU #URL# ></document>
		<document> IM CRIP NOW, BLOODS IS GETTING LAME ></document>
		<document> RT #USER#: RUNTHRUDAPACK ‼️ IM BACK AND THIS STANGER DROPPING SOON 🔥🔥🔥 #URL# ></document>
		<document> FIRST OF ALL... YOU SMOKIN MID #URL# ></document>
		<document> RT #USER#: “HOW YOU GONNA LEAVE ME ON READ?” FIRST OF ALL IM ILLITERATE ></document>
		<document> RT #USER#: BOUT TO DROP MY TAPE CALLED PUSSY EATIN MUZIK SOON. BE ON LOOKOUT ></document>
		<document> RT #USER#: anime ramen always looks so fye. ></document>
		<document> WHERE THE EDGY FREAKS AT? #URL# ></document>
		<document> I ONLY SHOWER FOR MY MAIN BITCH ></document>
		<document> LOL YOU SIMPIN HEAVY MY GUY #URL# ></document>
		<document> IM IN MY ROOT CHAKRA TODAY AND IM TRYNA GET SOME THROAT CHAKRA JUHEARD ></document>
		<document> IMA CUM ON YOUR PINEAL GLAND MA ></document>
		<document> RAPE A BITCH MENTAL SHE FORCED TO THINK ABOUT ME JUHEARD ></document>
		<document> SEND IT TO ME SO I CAN SEE WHAT U TALKIN BOUT #URL# ></document>
		<document> HOW U GONNA TWEET UR EVERY MOVE AND THE MOVES AINT BOUT SHIT ></document>
		<document> PEOPLE BE FAKE BOSSES ></document>
		<document> PEOPLE STILL DONT KNOW HOW TO USE TWITTER SMH ></document>
		<document> WTF DO YOU BE TALKING BOUT #URL# ></document>
		<document> MOST OF LIFE IS A WAITING GAME WHICH SUCKS CUZ U WILL LOOK UP AND LIFE IS OVER ></document>
		<document> IM LOOKING AROUND THE CLUB AT RANDOM WOMEN LIKE "I'D FUCK" ></document>
		<document> IM SIPPIN ON SOMETHING THAT TASTE LIKE WHAT I SMELL LIKE JUHEARD ></document>
		<document> RT #USER#: "Suck my dick with the same energy that yall rap bodak yellow" ></document>
		<document> RT #USER#: FLEX MUSIC! 🔥🏋🏿✨ prod. #USER# dir. #USER# #URL# ⛹🏾 #URL# ></document>
		<document> ITS FUCKING LIT #URL# ></document>
		<document> #USER# I WAS THERE IT WAS LIT ></document>
		<document> RT #USER#: Anybody that dm’s you “yo” has nothing important to say, i promise you lmaooo ></document>
		<document> LOL WHY WOULD YOU WAIT TILL THE LAST MINUTE TO HIRE A DESIGNER AND THEN ACT LIKE THIS ABOUT IT #HASHTAG# #URL# ></document>
		<document> SHE DIED LIT #URL# ></document>
		<document> ITS CALLED A SNITCH #URL# ></document>
		<document> GET THE SLUMPWAVE BELLYBUTTON RING MA #URL# ></document>
		<document> IMA SEND YOU FLOWERS TO CHEER UR DAY UP MA 😘😘 #URL# ></document>
		<document> RT #USER#: SUNNY FRITZ - RETAWDED Dir. #USER# Prod. Lil Ug'Lee Via. #USER# #URL# ></document>
		<document> RT #USER#: SHOUTS TO #USER# FOR ALL THE LOVE AND SUPPORT 😘 #URL# ></document>
		<document> #USER# I FW THIS BRO ></document>
		<document> FUCK THAT, I WANNA HIT FROM THE BACK, BACKWOOD SMOKIN ITS FAT ></document>
		<document> WE BE SMOKING HOW WE WANT TO ></document>
		<document> YOU A UNDERCOVER COP #URL# ></document>
		<document> HOW MUCH FOR FEATURE #URL# ></document>
		<document> #USER# TEXT ME NEXT TIME SWEETHEART STOP WASTING UR TIME WITH THOSE YOUNG FOOLS ></document>
		<document> LOL HOW MANY NIGGAS DID YOU TEXT? DAMN #URL# ></document>
		<document> IM ON MY ITALIAN SHIT TODAY, I JUST ATE PIZZA AND PASTA ON THE MENU LATER ></document>
		<document> HAVING SEX OUTDOORS IS OUR NATURAL STATE ></document>
		<document> HAVING SEX OUTDOORS WOULD FEEL LIKE "THIS FEELS RIGHT IF THIS WASNT WRONG" ></document>
		<document> HAVING SEX OUTDOORS FEELS SO NATURAL ></document>
		<document> LITTLE DID SHE KNOW SHE A GROUPIE ></document>
		<document> RT #USER#: this picture long as shit lmfao #URL# ></document>
		<document> IS STARTING TO GET SKANKY IN HERE ></document>
		<document> HIPSTER BITCHES VS. STRIPPER BITCHES VOL. 1 THE DVD ></document>
		<document> RT #USER#: TOOK HER FENTY SLIDES SO I COULD TAKE OUT HER GARBAGE. I STRETCHED THE FUCK OUT THEM BITCHES. ></document>
		<document> WE OFF THE HEN SO WE COZY ></document>
		<document> IM MAD SWEATY AT THIS AFTER PARTY ></document>
		<document> RT #USER#: WHITE PEOPLE CALLING SHIT RACIST IRKS ME EVEN IF THEYRE RIGHT. ></document>
		<document> EVERYBODY GOT XANNY ARMS THATS WHY #URL# ></document>
		<document> I LIKE HOW I BEEN LIVING LATELY, VERY FREE AND LETTING THINGS COME AND GO UDIGG ></document>
		<document> NIGGAS POSTING TBTS IS THE SADDEST SHIT EVER ></document>
		<document> RT #USER#: Me in 50 years at my grandsons graduation party playin oldies #URL# ></document>
		<document> RT #USER#: Ok yeah Jesus definitely comin' back soon #URL# ></document>
		<document> RT #USER#: When ur bitch calls me “mom” #URL# ></document>
		<document> I CANT WAIT TO HAVE A KID SO HE CAN DO A DROP FOR A TRAP PRODUCER ></document>
		<document> ITS STACK UP SEASON ></document>
		<document> IF THIS WAS 03 I WOULD BE TRAPPIN MID ></document>
		<document> YA MCM DONT KNOW WHY HE SMOKE BACKWOODS ></document>
		<document> ROTI IS LIFE ></document>
		<document> TAKE ME TO SPACE ELON MUSK ></document>
		<document> I DONT WANNA BE ON EARTH RIGHT NOW ></document>
		<document> DAMN NEAR CRASHED MY CAR TRYNA SEND THE 💯EMOJI ></document>
		<document> BIG PLATES OF PASTA WHEREVER I GO ></document>
		<document> UGLY NIGGAS DONT LIKE LIVE PHOTOS #URL# ></document>
		<document> MY ALTER EGO GOTTA ALTER EGO ></document>
		<document> HE LOOK JUST LIKE YOU #URL# ></document>
		<document> RT #USER#: “JUST SMOKING MY BONG WHILE PLAYING DESTINY ON PLAYSTATION &amp; LISTENING TO DAVE MATTHEWS” #URL# ></document>
		<document> #USER# #USER# #USER# #USER# #USER# YOUR ROAD TRIP IS TO ORLANDO? WOW SO ADVENTUROUS ></document>
		<document> IMAGINE DOING A FOR THE PUSSY CHALLENGE AND IT NOT GOING VIRAL 😂😂😂 ></document>
		<document> I FUCK SO GOOD I MAKE MYSELF CUM FAST THAT SHIT BE FEELING GOOD #URL# ></document>
		<document> ALL I EAT IS PASTA AND PUSSY ></document>
		<document> TELL ME SOMETHING I DONT KNOW #URL# ></document>
		<document> RT #USER#: this week fucking sucks ></document>
		<document> RT #USER#: FINNA ADD SOME HOES TO MY ROSTER TODAY ></document>
		<document> BIG PLATES OF PASTA ON THIS SIDE WHAT YALL ON? ></document>
		<document> I CANT TELL THE DIFFERENCE BETWEEN A DUMB FREAK AND A SMART HOE ></document>
		<document> I CANT TELL THE DIFFERENCE ></document>
		<document> THEY DONT EXIST #URL# ></document>
		<document> RT #USER#: THE FREEBAND PHOENIX CAN NEVER DIE , THIS SAUCE IS IMMORTAL 🦅💕✨ #URL# ></document>
		<document> LMAO BROKE ASS #URL# ></document>
		<document> U GENUINELY SEXY MA, LETS CONNECT #URL# ></document>
		<document> IF SHE DUMB BUT A NERD SHE A DWEEB ></document>
		<document> SHE GOT AN OPINION ON ME BUT I DONT HAVE ONE ABOUT HER, I DONT EVEN THINK ABOUT HER ></document>
		<document> THAT WAS ME IN THE HOODIE #URL# ></document>
		<document> #USER# #USER# YALL SO CUTE TOGETHER ></document>
		<document> RT #USER#: TOP OF THE CLASS PUSSY EATER ></document>
		<document> RT #USER#: I'm too high for this right now #URL# ></document>
		<document> #USER# #USER# SHE POKING THAT LIL THANG OUT LOL ></document>
		<document> SHE WAS SO THICK IM INSPIRED ></document>
		<document> CHECK YALLS DM #USER# #USER# WE WANT TO SET UP A PAY PER VIEW FIGHT ></document>
		<document> LOL AT #USER# AND #USER# #URL# ></document>
		<document> #USER# THIS SHIT LIKE A DRAGON BALL Z EPISODE #URL# ></document>
		<document> I JUST POURED MAPLE SYRUP IN MY COGNAC ></document>
		<document> RT #USER#: NIGGAS MAD BOUT SHOUT OUTS? ON TWITTER? COME ON MAN ></document>
		<document> #USER# WHAT SHOULD HE HAVE SAID #USER# ></document>
		<document> #USER# #USER# WHAT YOU MAD FOR? ></document>
		<document> I JUST WANNA TAKE U TO A PRIVATE ISLAND AND TEACH YOU MANDARIN #URL# ></document>
		<document> TROUBLE IN SCUMBAG WORLD ></document>
		<document> #USER# #USER# WHO ARE YOU TO HAVE AN OPINION THO ></document>
		<document> TAMPA NIGGAS WEIRD ></document>
		<document> @ HIM NEXT TIME #URL# ></document>
		<document> IF SHE TAKE ME OU TO EAT I MIGHT EAT HER OUT ></document>
		<document> I MEAN THEY KNOW WHAT GHOSTBUSTERS IS BUT NOT LIKE THAT ></document>
		<document> IM OUT EATING HABACHI W TWO YOUNG HOES WHO DONT KNOW WHAT GHOSTBUSTERS IS ></document>
	
</author><document> WHO IS THE OG? #URL# </document>
<document> EATEN THE WRONG PUSSY NEED TO CHECK MY UPPER LIPS FOR RESEDUE FACE ASS #URL# </document>
<document> RT #USER#: Listen to Willie Beamin's Black Up Prod. by ameenspade #HASHTAG# on #HASHTAG# #URL# </document>
<document> LOL WHAT DO YOU DO? GRAPHICS BUM ASS? #URL# </document>
<document> TELL YOUR TRUTH CHINGALING #URL# </document>
<document> I WOKE UP TOO HUNGRY WHO DID EAT TODAY? >></document>
<document>NIGGAS ARE THE REAL DEAL DOUBLE AGENTS HERE</document>
<document> SO TIRED OF THE FAKES INFILTRATING THE CIRCLE </document>
<document> THESE UNHEALTHY WASHED HOES></document>
<document>I INCINERATE MY BLUNT IN A SILVER SPOON BECAUSE I WASN'T BORN WITH ONE</document>
<document> #USER# LET ME CONSULT WITH MY TEAM AND GET BACK TO YOU BUT >></document>
<document> LET SLUMPWAVE PRESENT THIS IMAGE YOU TALK ABOUT WE WILL PAY #URL# </document>
<document> RT #USER#: THIS REALLY IS THE BEST TIME OF THE DAY TO GET SOME HEAD. AN AFTERNOON TEAL DELIGHT. >></document>
<document> @ME NEXT TIME #URL#></document>
<document> Going to fail #URL# </document>
<document> EAT EVERYONE ELSE'S PUSSY ALREADY FUCK #URL# </document>
<document> YOU MADE MORE THAN FOUR PIECES FOR #URL# </document>
<document> RT #USER#: You tried to sell me a .7 for 10 fym. #URL# </document>
<document> YOUNG DOLPH SHOULD CHANGE HIS NAME TO YOUNG GOAT 🐐 #URL# ></document>
<document> BUT HE STOPPED TRAPPING TO BE A RAPPER SIR #URL# </document>
<document> IS THIS ATTRACTIVE TO EVERYONE? #URL# </document>
<document> RT #USER#: WILL BE A FAITHFUL BLACK MAN FOR HALLOWEEN </document>
<document> YOUR BACKPACK HAS NEVER BEEN HAPPIER #URL# </document>
<document> RT #USER#: JUST WANTS TO HAVE ORGASM IN ANOTHER AREA </document>
<document> I'M TRYING TO THINK IN YOUR BOX BUT #URL# </document>
<document> WHEN I DIE PUT AN APPLE LOGO ON MY STONE... THAT'S ALL </document>
<document> DON'T TRUST SLUTS OR NIGGERS WHO DATE SLUTS YOU SHOULD NOT TRUST >>
<document> YOU ARE TWEETING ABOUT YOURSELF AS IF YOU WANT EVERYONE ON TWITTER TO KNOW ABOUT YOU, FIND A BOY LIL MAMA #URL# </document>
<document> #USER# WE JUST TRY TO STOP NIGGAS FROM BEING WEAK SMH </document>
<document> YOU REMIND ME OF NICK CANNON FROM THAT MOVIE WHEN IT GOT AMAZING OUT OF NOWHERE #URL# </document>
<document> NIGGA YOU RUN FOR THIS #URL# </document>
<document> THIS IS THE ONLY #URL# ></document>
<document> SHUT YOUR ASS OF A BITCH YOU DON'T KNOW SHIT #URL# </document>
<document> MY LIFE A SOUNDLOUD RAP MUSIC VIDEO CONTINUES AT THIS POINT </document>
<document> I'M THE TYPE OF NIGGA YOU NEED TO FUCK WHEN YOU SEE ME BECAUSE THEN YOU MAY NOT SEE ME FOR MONTHS </document>
<document> #USER# OH WOW YOU SHOULD BE A PSYCHOLOGIST </document>
<document>IT'S HARD TO FIND PEOPLE WHO UNDERSTAND WHAT I'M GOING THROUGH</document>
<document> #USER# I DON'T WANT TO BE FINALIZED </document>
<documentent> SHOULD I TRUST THE DEVIL? #URL# </document>
<document> I'M TRYNA PIPE IN THE LONG TERM SO I GET TO WORK #URL# </document>
<document> HOW MUCH AND WHAT IS THE NAME OF THE UR CASH APP BUT #URL# </document>
<document> SEND ME THIS PHOTO IS FOR RESEARCH I WILL PAY YOU #URL# </document>
<document> RT #USER#: But that's not a baby's hair, your shit is receding </document>
<document>A CONDOM CAN'T PROTECT YOU FROM LOW BITCH ENERGY</document>
<document> I FOUND ITSELF KNOWING LITTLE SHIT AND LISTENING TO THE RADIO AND EATING FAST FOOD BECAUSE I FUCKED THESE BASIC SHOES</document>
<document>IF YOU FUCK BASIC BITCHES YOU WILL TURN INTO A NIGGA BASIC IT'S SCIENCE</document>
<document> THIS "WOMAN" IS CLEARLY A DEMON #URL# </document>
<document>NIGGAS ALWAYS WANT TO HOOK UP WHEN THEY FIND OUT MY GIRLFRIEND FW ME, NIGGA YOU ARE BACK </document>
<document> GET BOTH NECKLACE #URL#></document>
<document> RT #USER#: Do you remember these jackets? This is real Florida shit. #URL# </document>
<document> WHEN GIRLS GET PREGNANT THESE DAYS, THE INSTAGRAM PROFILE TURNS INTO A PERFORMANCE WORK OF ART </document>
<document> SHIT IS GOING OUT LIKE A BANDAID LMAO #URL# </document>
<document> MY SEX FETISH MAKES A WHITE PERSON SAY HE HATES WHITES IN FRONT OF A GROUP OF BLACKS</document>
<document> THE STRIPPERS ARE AUTOMATICALLY DRAWN BY ME I HAVE TO BE A TIPPER </document>
<document> I don't know WHY I ALWAYS MEET STRIPPERS OUTSIDE THEIR WORK ENVIRONMENT </document>
<document> HE SAID HE'S GOING TO COME BACK LATER IDON'T KNOW IF HE FIXED ME BUT SHE FIRED </document>
<document>I JUST MET A SLUT IN THE UBER POOL WHEN WE ARRIVED AT HER STOP SHE TOLD THE DRIVER TO KEEP GOING HE'S COMING ME HE SMOKED HER </document>
<document> MILF HUNTER 2017 >></document>
<document> I LITERALLY KNOW ANY GUYS LIKE THIS LOL WHO ARE YOU FUCKING WITH #URL# </document>
<document> EVEN THOUGH I DON'T WANT TO SMOKE, I GET TOUCHED KNOWING I DON'T HAVE WEED </document>
<document> BASIC BITCHES MAKE ME NERVOUS </document>
<document> PEOPLE TALK ABOUT PROBLEMS HOW THEY STOPPED MAKING PROBLEMS WHEN THEY DID URS </document>
<document> RT #USER#: RESPECT ALL SEX WORKERS </document>
<document> I LOVE STRIPPERS AND I WON'T GET ANY STRIPPER Slander ON MY HISTORY </document>
<document> NO ONE WOULD PAY TO SEE YOUR BARE ASS BE MY BOYFRIEND #URL# </document>
<document> ARE YOU THE KIND OF NIGGA WHO THINKS IT'S FUN TO GET SEX WORKERS INTO PLAY #URL# </document>
<document> MEME WRITE THEMSELVES AT THIS POINT #URL# </document>
<document>SET OUT DRINKING BEERS WITH MY FRIENDS THEY CALL ME HANK HILL</document>
<document> I NEED TO SEPARATE PERSONALITY SOMETIMES I COUNT MONEY FORWARD SOMETIMES I COUNT MOMEYS BACK >></document>
<document> I HAVE TO REMIND MYSELF TO STOP FUCKING IN SHORTS WITH TOO MUCH INSECURITIES </document>
<document> I LOVE THE SMELL OF NEW VAGINA >>
<document> RT #USER#: I HAVE A NEW THING FOR SHAWTIES THAT LOOK SLEEP-DEPRIVED >></document>
<document> I LOVE THE FEELING OF GETTING A NEW BITCH, IT SENDS NEW NUDEES TO YOUR PHONE ></document>
<document> SO THE PARTY WAS ON? #URL# </document>
<document> LOOKS LIKE AN AMAZON WOMAN WHAT'S ON YOUR AMAZON WISH LIST? #URL# </document>
<document> I SEE NO DIFFERENCES #URL# </document>
<document> RT #USER#: GOING TO GET THIS CRAZY OUT OF MY SYSTEM </document>
<document> RT #USER#: HERE LADIES &amp; GENTLEMEN. GOOD FRIDAY; LIVE IT #URL# ></document>
<document> FATHER AND BIG BABY #URL# </document>
<document> #USER# #USER# I SEE YOU ALL </document>
<document> RT #USER#: BIG BABY SCUMBAG - LIVE ON HAM RADIO #URL# #USER# #USER# ></document>
<document> MY NEW BOY'S SHORTS >></document>
<document> LMAO REALLY YES IT'S MUAHAHAHA #URL# </document>
<document> IF YOU DIDN'T COME TO FUCK THEN WHAT DID YOU SPEND THE NIGHT FOR? >></document>
<document> SHE: ME FIRST: SHE FIRST: ME FIRST: SHE FIRST: ME FIRST: SHE FIRST: </document>
<document> I'M TRYING TO VIEW THIS #URL# </document>
<document> THESE WOMEN ARE DEVILS AND THEY DON'T HIDE IT ANYMORE SMH #URL# </document>
<document> MY FRIEND HAS BEEN IN THE ROOM WITH THIS SHORTY FOR 3 HOURS YET HE HASN'T MADE A MOVE YET KEEPS LEAVING THE ROOM TO SEE WHAT WE ARE DOING HE'S NERVOUS ></document>
<document> I COULDN'T THINK OF ANYTHING BADGER THAN THE CAPTION YOU HAVE ALREADY PUT, KEEP GETTING YOU BOO WE SUPPORT YOU #URL# </document>
<document> CHANGE YOUR RAP NAME TO TRICK DADDY #URL# </document>
<document> RT #USER#: "BOY THIS SHIT LOUD AF!" FIRST OF ALL THIS IS SUM MID I STUFFED MYSELF UNDER NUTS WHEN THE POLICE SEARCHED ME </document>
<document> RT #USER#: This is how I know Slump Accounts is someone inside the circle because they know I smoke medi</document>
<document> WE SELL MEDIUM PACKS TO YOUR DEALER, HE'S Caught IN THE TRAP OF TALKING ABOUT YOU ALL THE TIME I THINK HE LIKES YOU #URL# ></document>
<document> IM CRIP NOW, THE BLOOD IS GETTING LAME </document>
<document> RT #USER#: RUNTHRUDAPACK ‼️ I'M BACK AND THIS STANGER WILL FALL SOON 🔥🔥🔥 #URL# ></document>
<document> FIRST OF ALL... YOU ARE SMOKING WITH #URL# ></document>
<document> RT #USER#: "HOW TO LEAVE ME READ?" FIRST OF ALL I AM ILLLITERATES </document>
<document> RT #USER#: GOING TO LEAVE MY TAPE CALLED PUSSY EATIN MUZIK SOON. BEWARE </document>
<document> RT #USER#: Anime ramen always looks so good. >></document>
<document> WHERE IS THE EDGY EXPERIENCE? #URL# </document>
<document>I ONLY SHOWER FOR MY MAIN BITCH</document>
<document> LOL YOU SIMPIN HEAVY MY GUY #URL# </document>
<document>TODAY I AM IN MY ROOT CHAKRA AND I'M LOOKING TO GET SOME JUHEARD THROAT CHAKRA</document>
<document> IMA CUM ON YOUR PINEAL GLAND BUT >>
<document>RAPES A MENTAL BITCH HE FORCED TO THINK ABOUT ME JUHEARD</document>
<document> SEND IT TO ME SO I CAN SEE ITWHAT IT'S ABOUT #URL# ></document>
<document> HOW YOU Tweet YOUR EVERY MOVE AND THE MOVES AREN'T SHIT </document>
<document> PEOPLE ARE FALSE LEADERS >>
<document>PEOPLE STILL DON'T KNOW HOW TO USE TWITTER SMH</document>
<document> WTF YOU ARE TALKING ABOUT #URL# </document>
<document>MOST LIFE IS A WAITING GAME THAT SUCKS BECAUSE YOU WILL LOOK UP AND LIFE IS OVER</document>
<document> I'M LOOKING FOR RANDOM WOMEN IN THE CLUB LIKE "I'D FUCK" </document>
<document>I AM SIPING SOMETHING THAT TASTES LIKE WHAT IT SMELLS LIKE JUHEARD </document>
<document> RT #USER#: "Suck my dick as hard as you rap bodak yellow" </document>
<document> RT #USER#: FLEX MUSIC! 🔥🏋🏿✨ prod. #USER# dir. #USER# #URL# ⛹🏾 #URL# ></document>
<document> IS REALLY ON #URL# </document>
<document> #USER# I WAS THERE WAS ON </document>
<document> RT #USER#: Anyone who says "yo" to you has nothing important to say, I promise lmaooo </document>
<document> LOL WHY WAIT UNTIL THE LAST MINUTE TO HIRE A DESIGNER AND THEN BEHAVE LIKE THIS #HASHTAG# #URL# </document>
<document> LIGHTS DIED #URL# </document>
<document> IS CALLED SNITCH #URL# </document>
<document> GET SLUMPWAVE BELLYBUTTON RING BUT #URL# </document>
<document> IMA SENDING YOU FLOWERS TO LIGHTEN YOUR DAY BUT 😘😘 #URL# </document>
<document> RT #USER#: SUNNY FRITZ - RETAWDED Dir. #USER# Prod. Lil Ug'Lee Via. #USER# #URL# ></document>
<document> RT #USER#: SHOUT OUT TO #USER# FOR ALL THE LOVE AND SUPPORT 😘 #URL# </document>
<document> #USER# FW THIS BRO </document>
<document> FUCK IT, I WANT TO HIT FROM THE BACK, BACKWOOD SMOKING ITS FAT </document>
<document>WE SMOKE AS WE WANT></document>
<document> YOU ARE A COP UNDERCOVER #URL# ></document>
<document> AS FOR FEATURE #URL# </document>
<document> #USER# MESSAGE ME NEXT TIME DEAR STOP WASTING YOUR TIME WITH THOSE STUFFED YOUNG PEOPLE</document>
<document> LOL HOW MANY NIGGAS DO YOU MESSAGE? DAMN #URL# </document>
<document> TODAY I'M ON MY ITALIAN SHIT, I JUST EAT PIZZA AND PASTA ON THE MENU AFTER </document>
<document> OUTDOOR SEX IS OUR NATURAL STATE </document>
<document> SEX OUTDOORS WOULD LIKE "IT LOOKS RIGHT IF IT WASN'T WRONG" </document>
<document> OUTDOOR SEX IS SO NATURAL </document>
<document> LITTLE KNEW HE WAS A GROUPIE </document>
<document> RT #USER#: this image is as long as shit lmfao #URL# ></document>
<document> HE'S STARTING TO GET FUCKED HERE </document>
<document> HIPSTER BITCHES VS. STRIPPER BITCHES VOL. 1 THE DVD </document>
<document> RT #USER#: TOOK HIS FENTY SLIDES SO HE CAN TAKE OUT HIS TRASH. I FUCK THOSE BITCHES STRETCHED. >></document>
<document>WE HEN OUT SO WE COZY</document>
<document>I'M MAD SWEATY AT THIS AFTER PARTY</document>
<document> RT #USER#: WHITE PEOPLE SAYING RACIST SHIT FLUSH ME EVEN IF THEY ARE RIGHT. >></document><document> EVERYONE HAS XANNY'S ARMS THAT'S WHY #URL# </document>
<document> I LIKE HOW I AM LIVING LATEST, VERY FREE AND LETTING THINGS COME AND GO UDIGG </document>
<document>NIGGAS WHO PUBLISH TBTS IS THE SADEST SHIT EVER</document>
<document> RT #USER#: Me in 50 at my nephew's graduation party playing oldies #URL# </document>
<document> RT #USER#: Ok yeah, Jesus sure will be back #URL# </document> soon
<document> RT #USER#: When your bitch calls me "mom" #URL# ></document>
<document> I CAN'T WAIT TO HAVE A CHILD SO HE CAN MAKE A DRIP FOR A TRAP MANUFACTURER </document>
<document> YOUR PRESS SEASON </document>
<document>IF THIS WERE 03 I WOULD BE TRAPPIN MID</document>
<document> YA MCM DON'T KNOW WHY SMOKE BACKWOODS </document>
<document> ROTI IS LIFE</document>
<document> TAKE ME TO SPACE ELON MUSK </document>
<document> I DON'T WANT TO BE ON EARTH NOW </document>
<document> HE DAMN CRUSHED MY CAR TRYING TO SEND THE 💯EMOJI></document>
<document> GREAT PASTA PLATES EVERYWHERE I GO </document>
<document> UGLY NIGROS DON'T LIKE LIVE PHOTOS #URL# </document>
<document> MY ALTER EGO I HAVE TO ALTER EGO </document>
<document> LOOKS JUST LIKE YOU #URL# </document>
<document> RT #USER#: “JUST SMOKING MY BONG WHILE PLAYING DESTINY ON PLAYSTATION &amp; LISTENING TO DAVE MATTHEWS” #URL# ></document>
<document> #USER# #USER# #USER# #USER# #USER# IS YOUR TRIP TO ORLANDO? WOW SO ADVENTUROUS </document>
<document> IMAGINE TAKE A PUSSY CHALLENGE AND IT DOESN'T GO VIRAL 😂😂😂 </document>
<document> I FUCK SO GOOD I CUM QUICKLY I FEEL GOOD #URL# </document>
<document> ALL I EAT IS PASTA AND PUSSY >>
<document> TELL ME SOMETHING I DON'T KNOW #URL# </document>
<document> RT #USER#: this week sucks </document>
<document> RT #USER#: FINNA ADD TODAY TO MY ROSTER </document>
<document> GREAT PASTA DISHES WHAT ARE YOU GOING ON THIS PART? >></document>
<document> I CAN'T TELL THE DIFFERENCE BETWEEN A DARK AND A SMART HOE </document>
<document> I CAN'T TELL THE DIFFERENCE >>
<document> THERE ARE NO #URL# </document>
<document> RT #USER#: FREEBAND PHOENIX CAN NEVER DIE, THIS SAUCE IS IMMORTAL 🦅💕✨ #URL# ></document>
<document> LMAO BROUGHT YOUR ASS #URL# </document>
<document> U REALLY SEXY BUT, LET'S LINK #URL# </document>
<document> IF SHE'S GORGEOUS BUT SHE'S A NERD, SHE'S WRONG </document>
<document> SHE HAD AN OPINION ABOUT ME BUT I DON'T HAVE ONE ABOUT HER, I DON'T EVEN THINK ABOUT IT </document>
<document> THAT WAS ME WITH THE HOODIE #URL# </document>
<document> #USER# #USER# YOU ARE SO CUTE TOGETHER </document>
<document> RT #USER#: TOP CLASS THE PUSSY EATERS </document>
<document> RT #USER#: I'm too stoned for this right now #URL# </document>
<document> #USER# #USER# PUSHED THAT LIL THANG OUT LOL </document>
<document> SHE WAS SO FAT IT INSPIRATED ME></document>
<document> CHECK YALLS DM #USER# #USER# WE WANT TO ORGANIZE A PAY PER VIEW FIGHT </document>
<document> LOL AT #USER# AND #USER# #URL# </document>
<document> #USER# THIS SHIT LIKE A DRAGON BALL Z EPISODE #URL# </document>
<document> I JUST POURED MAPLE SYRUP INTO MY COGNAC </document>
<document> RT #USER#: ARE NIGGAS CRAZY ABOUT SCREAMING? ON TWITTER? FORCE MAN </document>
<document> #USER# WHAT WOULD #USER# HAVE SAID </document>
<document> #USER# #USER# WHAT DID YOU DO FOR? >></document>
<document> I JUST WANT TO TAKE YOU TO A PRIVATE ISLAND AND TEACH YOU MANDARIN #URL# </document>
<document> PROBLEMS IN THE SCUMBAG WORLD >>
<document> #USER# #USER# WHO ARE YOU TO HAVE AN OPINION BUT </document>
<document> TAMPA NIGGAS WEIRD >>
<document> @ HIM NEXT TIME #URL# ></document>
<document> IF YOU TAKE ME OUT TO EAT, I MIGHT EAT IT OUT></document>
<document> It means they know what GHOSTBUSTERS is BUT NOT WHAT IT IS </document>
<document> I'M OUT EATING HABACHI WITH TWO YOUNG SLUTS WHO DON'T KNOW WHAT GHOSTBUSTERS IS ></document>

</author><Document> WHO IS THE OG? #URL# ></document>
<document> ATE THE WRONG PUSSY MUST CHECK MY UPPER LIP FOR RESEDUE FACE ASS #URL# ></document>
<Document> RT #USER#: Listen to Black Up Prod. By Willie Beamin from ameenspade #HASHTAG# on #HASHTAG# #URL# ></document>
<document> LOL BUT WHAT DO YOU DO? BUM ASS GRAPHICS? #URL# ></document>
<Document> SPEAK YOUR TRUTH CHINGALING #URL# ></Document>
<document> I WAKE UP TOO HUNGRY. WHO FOOD TODAY? ></document>
<document> NIGGAS IS A REAL DEAL DOUBLE AGENCY OUT HERE ></document>
<document> SO TIRED THAT FAKES INFILTRATE THE CIRCLE ></document>
<document> THESE HOES ARE UNHEALTHY AND WASHED UP ></document>
<document> I ASH MY BLUNT INTO A SILVER SPOON BECAUSE I WAS NOT BORN WITH A ></document>
<document> #USER# LET ME CONSULT MY TEAM AND MAKE ME BACK MA ></document>
<document> LET SLUMPWAVE DEBUT THIS IMAGE AND TALK WE WILL PAY #URL# ></document>
<document> RT #USER#: THIS IS REALLY THE BEST TIME OF THE DAY TO GET SOME HEAD. A TEAL AFTERNOON DELIGHT. ></document>
<document> @ I NEXT TIME #URL# ></document>
<document> IM BOUT TO BUST #URL# ></document>
<document> EAT YOUR OTHER PUSSY ALREADY GEEZ #URL# ></document>
<document> YOU HAVE MADE MORE THAN FOUR PIECES ABOUT #URL# ></document>
<Document> RT #USER#: You tried to sell me a .7 for 10 fym. #URL# ></document>
<Document> YOUNG DOLPH SHOULD CHANGE HIS NAME TO YOUNG GOAT 🐐 #URL# ></document>
<Document> BUT HE CEASED BEING A RAPPER SIR #URL# ></Document>
<Document> IS THIS ATTRACTIVE TO YOU ALL? #URL# ></document>
<document> RT #USER#: WILL BE A LOYAL BLACK MAN FOR HALLOWEEN ></document>
<document> BACKPACK NEVER LOOKED HAPPIER #URL# ></document>
<document> RT #USER#: SHE JUST WANTS TO HAVE AN ORGASM IN ANOTHER AREA ></document>
<document> IM TRYNA THINK INSIDE YOUR BOX MA #URL# ></document>
<document> WHEN I DIE WILL PUT AN APPLE LOGO ON MY TOMBSTONE... THAT'S ALL ></document>
<document> DON'T TRUST HACKS OR NIGGAS WHO HANK THE EXACT HACKS YOU SHOULD NOT TRUST ></document>
<document> YOU TWEET ABOUT YOURSELF AS YOU WANT ALL TWITTER TO GET TO KNOW YOU GET A FRIEND LIL MAMA #URL# ></document>
<document> #USER# WE'RE JUST TRYNA, KEEPING NIGGAS FROM BEING LAME SMH ></document>
<document> YOU REMIND ME OF NICK CANNON FROM THIS MOVIE WHEN HE GOT COOL FROM NOWHERE #URL# ></document>
<document> NIGGA THEY LANE FOR THIS #URL# ></document>
<document> THIS IS THE ONE #URL# ></document>
<document> Shut up YO BITCH ASS YOU DON'T KNOW SHIT #URL# ></document>
<document> MY LIFE AT THIS POINT AN ONGOING SOUNDLOUD RAP MUSIC VIDEO ></document>
<document> I AM THE TYPE OF NIGGA YOU HAVE TO FUCK WHEN YOU SEE ME BECAUSE YOU MAY NOT SEE ME FOR MONTHS ></document>
<document> #USER# OH WOW YOU SHOULD BECOME A PSYCHOLOGIST ></document>
<document> ITS HARD TO FIND PEOPLE WHO UNDERSTAND WHAT I'M GOING BY ></document>
<document> #USER# I DON'T WANT TO BE FINESSED ></document>
<documentent> SHOULD I TRUST THE DEVIL? #URL# ></document>
<document> IN THE TRYNA PIPE LONG TERM SO I PUT A #URL# ></document> WORKS
<Document> HOW MUCH AND WHAT IS UR CASH NAME OF APP MA #URL# ></Document>
<document> SEND ME THESE IMAGES FOR RESEARCH PURPOSES AND PAY FOR THEM #URL# ></document>
<document> RT #USER#: Ma, that's not baby hair, you shit going back ></document>
<document> A CONDOM CANNOT PROTECT YOU FROM BASIC BITCH ENERGY ></document>
<document> I WAS ARGUING ABOUT LITTLE SHIT AND LISTENING TO THE RADIO AND EATING FAST FOOD BECAUSE I FUCK THESE SIMPLE HOES ></document>
<document> IF YOU FUCK BASIC BITCHES YOU TURN INTO A BASIC NIGGA ITS SCIENCE ></document>
<Document> THIS "WOMAN" IS DEFINITELY A DEMON #URL# ></Document>
<document> NIGGAS ALWAYS WANT TO LINK WHEN THEY FIND OUT YOUR GIRLFRIEND FW ME NIGGA THEY MOVE BACKWARDS ></document>
<Document> RECEIVE BOTH NECKLACES #URL# ></Document>
<Document> RT #USER#: Do you remember those jackets? This is real Florida shit. #URL# ></document>
<document> WHEN GIRLS GET PREGNANT TODAY, THEIR INSTAGRAM PROFILE TURNS INTO A PERFORMANCE ART ></document>
<Document> Shit peeling off like a band aid LMAO #URL# ></Document>
<document> MY SEXUAL FETISH MAKES A WHITE PERSON SAY HE HATE WHITE PEOPLE IN FRONT OF A LOAD OF BLACK PEOPLE ></document>
<document> STRIPPERS ARE DRAWN TO ME AUTOMATICALLY I HAVE TO BE A TYPPER ></document>
<document> IDK WHY I ALWAYS MEET STRIPPERS OUTSIDE THEIR WORK ENVIRONMENT ></document>
<document> SHE SAID SHE WILL COME BACK LATER IDK IF SHE FINESSED ME BUT SHE FIRE ></document>
<document> JUST MET Freaky Bitch in the Uber pool when we got to her stop she told the driver keep going she's coming we smoked her out ></document>
<Document> MILF HUNTER 2017 ></Document>
<document> I literally don't KNOW guys like this
<document> EVEN IF I DON'T WANT TO SMOKE, I GET EXCITED KNOWING THAT I DON'T HAVE WEED ></document>
<document> BASIC BITCHES MAKE ME NERVOUS ></document>
<document> PEOPLE TALK ABOUT THEIR PROBLEMS LIKE THEY HAD TO MAKE PROBLEMS WHEN THEY MADE URS </document>
<Document> RT #USER#: RESPECT ALL SEX WORKERS ></Document>
<document> I LOVE STRIPPERS AND WILL NOT RECORD DEFAMING STRIPPERS IN MY TIMELINE ></document>
<document> NOBODY WOULD PAY TO SEE HER FAT ASS NAKED, NOR MY HUSBAND #URL# ></document>
<document> SHE THE TYPE NIGGA WHO THINK ITS FUN SEX WORKERS #URL# ></document>
<document> THE MEMES WRITE ONLY AT THIS POINT #URL# ></document>
<document> I STAND OUTSIDE, DRINKING BEER W MY BUDDY CALL ME HANK HILL ></document>
<document> I NEED TO SPLIT MY PERSONALITY SOMETIMES I COUNT THE MONEY FORWARD SOMETIMES I COUNT THE MOMEY BACKWARDS ></document>
<document> I HAVE TO REMIND MYSELF TO STOP CONCERNING W SHORTIES WITH TOO MANY INSECURITIES ></document>
<document> I LOVE THE SMELL OF NEW VAGINA ></document>
<Document>RT #USER#: I HAVE A NEW THING FOR SHAWTIES WHO LOOK DEEP SLEEPY ></document>
<document> I LOVE THE FEELING OF GETTING A NEW SLUT, SHE SEND NEW NUDE TO YOUR PHONE ></document>
<Document> SO THE PARTY WAS LIT? #URL# ></document>
<document> YOU LOOK LIKE AN AMAZON WOMAN WHAT'S ON YOUR AMAZON WISHLIST? #URL# ></document>
<Document> I SEE NO DIFFERENCE #URL# ></Document>
<document> RT #USER#: BOUT TO GO TO GET THIS GROOVE FROM MY SYSTEM ></document>
<document> RT #USER#: THIS IS IT, LADIES &amp; MEN'S. HAPPY FRIDAY; LIVE IT UP #URL# ></document>
<Document> FATHER AND BIG BABY #URL# ></Document>
<document> #USER# #USER# I SEE YOU ></document>
<Document> RT #USER#: BIG BABY SCUMBAG - LIVE ON HAM RADIO #URL# #USER# #USER# ></document>
<document> MY NEW SHORTY A BIMBO ></document>
<Document> LMAO INACTLY YES IT IS MUAHAHAHA #URL# ></Document>
<document> IF YOU DON'T COME TO FUCK, WHAT ARE YOU SPENT THE NIGHT FOR? ></document>
<document> YOU: FIRST ME: FIRST YOU: FIRST ME: FIRST YOU: FIRST ME: FIRST YOU: FIRST ></document>
<document> IM TRYNA HAVE THIS VIEW #URL# ></document>
<document> THESE WOMEN ARE DEVILS AND DON'T EVEN HIDE IT ANYMORE SMH #URL# ></document>
<document> MY HOMIE HAS BEEN IN THE ROOM WITH THIS SHORTY FOR 3 HOURS, NO MOTION YET BUT HE KEEPS COMING OUT OF THE ROOM TO SEE WHAT WE ARE DOING, HE NERVOUS ></document>
<document> I COULDN'T THINK ANYTHING MORE DANGEROUS THAN THE SUBTITLES YOU HAVE ALREADY SET, KEEP UP YOU BOO WE SUPPORT YOU #URL# ></document>
<document> CHANGE YOUR RAP NAME TO TRICK DADDY #URL# ></document>
<Document> RT #USER#: "BOY THAT SHIT LOUD AF!" THAT'S THE TOTAL I FILLED UNDER MY NUTS FIRST WHEN THE POLICE SEARCHED ME ></document>
<document> RT #USER#: This is how I know the slump accounts are someone inside the circle because they know I smoke mittens ></document>
<document> WE SELL MID PACKS TO YOUR DEALER, HE WILL GET INTO THE TRAP AND TALK ABOUT YOU ALL THE TIME. I THINK HE LIKES YOU #URL# ></document>
<document> IN THE CRIP NOW BLOOD WILL PARALYZING ></document>
<document> RT #USER#: RUNTHRUDAPACK ‼️ I'M BACK AND THIS STANGER IS FALLING SOON 🔥🔥🔥 #URL# ></document>
<document> FIRST... YOU SMOKE MID #URL# ></document>
<Document> RT #USER#: "HOW WILL YOU LET ME READ UP?" FIRST IN ILLITERATE ></document>
<document> RT #USER#: DROPPING MY BAND CALLED PUSSY EATIN MUZIK SOON AGAIN. NOTE ></document>
<Document> RT #USER#: Anime ramen always looks so fye. ></document>
<Document> WHERE ARE THE EDGY FREAKS? #URL# ></document>
<document> I ONLY SHOWER FOR MY PRINCIPAL ></document>
<document> LOL YOU SIMPIN HEAVY MY HUSBAND #URL# ></document>
<document> I AM IN MY ROOT CHAKRA TODAY AND IM TRYNA RECEIVING SOME THROAT CHAKRA JUHEARD ></document>
<Document> IMA CUM ON HER PINEAL MA ></Document>
<document> RAPE A BITCH MENTAL MADE YOU THINK OF ME JUHEARD ></document>
<document> SEND IT TO ME SO I CAN SEEWHAT THEY ARE TALKING ABOUT #URL# ></document>
<document> HOW YOU WILL TWEET EVERY MOVE AND THE MOVE ARE NOT AGAINST SHIT ></document>
<Document> PEOPLE ARE FAKE BOSSES ></Document>
<document> PEOPLE STILL DO NOT KNOW HOW TO USE TWITTER SMH ></document>
<document> WTF ARE YOU TALKING ABOUT #URL# ></document>
<document> MOST PART OF LIFE IS A WAITING GAME THAT SHITS BECAUSE YOU WILL LOOK UP AND LIFE IS OVER ></document>
<document> I LOOK FOR RANDOM WOMEN LIKE "I'D FUCK" IN THE CLUB ></document>
<document> IM SIPPIN' ON SOMETHING THAT TASTES LIKE I SMELL LIKE JUHEARD ></document>
<document> RT #USER#: "Lick my cock with the same energy you rap Bodak Yellow" ></document>
<Document> RT #USER#: FLEX MUSIC! 🔥🏋🏿✨ Prod. #USER# dir. #USER# #URL# ⛹🏾 #URL# ></document>
<document> ITS FUCKING LIT #URL# ></document>
<document> #USER# I WAS THERE IT WAS LIGHTED ></document>
<document> RT #USER#: Anyone you "yo" per dm has nothing important to say, I promise lmaooo ></document>
<document> LOL WHY WOULD YOU WAIT UNTIL THE LAST MINUTE TO HIRE A DESIGNER THEN ACT THIS #HASHTAG# #URL# ></document>
<document> YOU DIED LIT #URL# ></document>
<document> HIS NAME SNITCH #URL# ></document>
<document> GET THE SLUMPWAVE BELLYBUTTON RING MA #URL# ></document>
<document> IMA SEND YOU FLOWERS TO CHEER UR DAY UP MA 😘😘 #URL# ></document>
<Document> RT #USER#: SUNNY FRITZ - RETAWDED Dir. #USER# Prod. Lil Ug'Lee Via. #USER# #URL# ></document>
<Document> RT #USER#: CALLS TO #USER# FOR ALL THE LOVE AND SUPPORT 😘 #URL# ></document>
<Document> #USER# I FW THIS BRO ></Document>
<document> FUCK THAT I WANT TO HIT FROM BEHIND BACKWOOD SMOKIN HIS FAT ></document>
<document> WE SMOKE HOW WE WANT ></document>
<document> YOU AN UNDERCOVER COP #URL# ></document>
<document> HOW MUCH FOR FEATURE #URL# ></document>
<document> #USER# NEXT TIME WRITE ME NICE STOP WASTING YOUR TIME ON THESE YOUNG FOOLS ></document>
<document> LOL HOW MANY NIGGAS DID YOU TEXTS? DAMN #URL# ></document>
<document> I AM ON MY ITALIAN SHIT TODAY, I ONLY ATE PIZZA AND PASTA ON THE LATER MENU ></document>
<document> HAVING SEX OUTDOORS IS OUR NATURAL STATE ></document>
<document> HAVING SEX OUTDOORS WOULD FEEL LIKE "THIS FEEL RIGHT IF IT WOULD NOT BE WRONG" ></document>
<document> HAVING SEX OUTDOORS FEELS SO NATURAL ></document>
<document> LITTLE KNOW THAT SHE IS A GROUPIE ></document>
<Document> RT #USER#: This image is as long as shit lmfao #URL# ></Document>
<document> START GETTING SKANKY HERE ></document>
<Document> HIPSTER BITCHES VS. STRIPPER DOGS VOL. 1 THE DVD ></document>
<Document> RT #USER#: TOOK YOUR FENTY SLIDES SO I COULD BRING OUT YOUR GARBAGE. I STRETCHED THE FUCKING DOGS. ></document>
<document> WE LEAVE THE HEN, WE MAKE IT COMFORTABLE ></document>
<document> I'M MAD SWEATED AT THIS AFTER PARTY ></document>
<document> RT #USER#: WHITE PEOPLE CALLING SHIT RACIAL MAKE ME EVEN IF THEY'RE RIGHT. ></document><document> EVERYONE HAS XANNY ARMS SO #URL# ></document>
<document> I LIKE HOW I HAVE LIVELY, VERY FREE AND LET THINGS COME AND GO UDIGG ></document>
<document> NIGGAS POSTING TBTS IS THE SADDEST SHIT EVER ></document>
<document> RT #USER#: I played oldies at my grandson's graduation in 50 years #URL# ></document>
<document> RT #USER#: Ok yeah, Jesus is definitely coming back soon #URL# ></document>
<Document> RT #USER#: When your bitch calls me "Mom" #URL# ></Document>
<document> I CAN'T WAIT TO HAVE A CHILD SO HE CAN MAKE A DROP FOR A TRAP PRODUCER ></document>
<document> ITS STACK UP SEASON ></document>
<document> IF THIS WAS 03 I WOULD BE TRAPPIN MITTE ></document>
<Document> YA MCM DON'T KNOW WHY HE SMOKE HILLWOODS ></Document>
<Document> ROTI IS LIFE ></Document>
<document> TAKE ME TO SPACE ELON MUSK ></document>
<document> I DON'T WANT TO BE ON EARTH NOW ></document>
<document> DAMN MY CAR HARDLY BUSINESS TRYNA SEND THE 💯EMOJI ></document>
<document> BIG PLATES OF NOODLES WHEREVER I GO ></document>
<document> UGLY NIGGAS DON'T LIKE LIVE PHOTOS #URL# ></document>
<Document> MY ALTER EGO NEEDS TO CHANGE EGO ></document>
<document> HE LOOKS EXACTLY LIKE YOU #URL# ></document>
<Document> RT #USER#: "JUST SMOKE MY BONG WHILE PLAYING DESTINY ON PLAYSTATION &amp; LISTENING TO DAVE MATTHEWS #URL# ></document>
<Document> #USER# #USER# #USER# #USER# #USER# ROAD TRIP TO ORLANDO? WOW SO ADVENTUROUS ></document>
<document> IMAGINE DOING ONE FOR THE PUSSY CHALLENGE AND IT WILL NOT GO VIRAL 😂😂😂 ></document>
<document> I FUCK SO GOOD I COME BACK SO FAST IT FEEL GOOD #URL# ></document>
<document> ALL I EAT IS PASTA AND PUSSY ></document>
<document> TELL ME SOMETHING I DON'T KNOW #URL# ></document>
<document> RT #USER#: This week sucks ></document>
<document> RT #USER#: FINNA ADD SOME HOES TO MY LIST TODAY ></document>
<document> BIG PLATES OF NOODLES ON THIS PAGE WHAT ARE YOU SAYING? ></document>
<document> I CANNOT TELL THE DIFFERENCE BETWEEN A STUPID FREAK AND A SMART HOE ></document>
<document> I CAN'T SEE THE DIFFERENCE ></document>
<Document> YOU DO NOT EXIST #URL# ></Document>
<Document> RT #USER#: THE FREEBAND PHOENIX CAN NEVER DIE , THIS SAUCE IS IMMORTAL 🦅💕✨ #URL# ></document>
<document> LMAO BROKE ASS #URL# ></document>
<document> U REALLY SEXY MA GET CONNECTED #URL# ></document>
<document> IF SHE IS STUPID BUT A NERD, SHE IS A DWEEB ></document>
<document> SHE HAS AN OPINION ABOUT ME BUT I HAVE NONE ABOUT HER, I DON'T EVEN THINK ABOUT HER ></document>
<document> THIS WAS ME IN THE HOODIE #URL# ></document>
<document> #USER# #USER# THEY ARE SO NICE TOGETHER ></document>
<document> RT #USER#: CLASS LEADER ></document>
<document> RT #USER#: I'm too high for this right now #URL# ></document>
<Document> #USER# #USER# SHE THROWS THE LIL THANG LOL ></document>
<document> SHE WAS SO FAT I INSPIRED ></document>
<document> CHECK YALLS DM #USER# #USER# WE WANT TO SET UP A PAY PER VIEW BATTLE ></document>
<document> LOL AT #USER# AND #USER# #URL# ></document>
<document> #USER# THIS SHIT LIKE A DRAGON BALL Z EPISODE #URL# ></document>
<document> I ONLY POURED MAPLE SYRUP IN MY COGNAC ></document>
<document> RT #USER#: NIGGAS ANGRY AT EXCLUSIONS? ON TWITTER? COME MAN ></document>
<document> #USER# WHAT SHOULD HE HAVE SAYED #USER# ></document>
<Document> #USER# #USER# WHAT ARE YOU CRAZY ABOUT? ></document>
<document> I JUST WANT TO TAKE YOU TO A PRIVATE ISLAND AND TEACH YOU MANDARIN #URL# ></document>
<document> PROBLEM IN SCUMBAG WORLD ></document>
<document> #USER# #USER# WHO ARE YOU TO HAVE AN OPINION ></document>
<Document> TAMPA NIGGAS WEIRD ></Document>
<document> @ HIM NEXT TIME #URL# ></document>
<document> IF SHE TAKES ME OUT TO EAT, I COULD EAT HER OUTSIDE ></document>
<document> I mean, they know what Ghostbusters is, but not like that ></document>
<document> I EAT HABACHI WITH TWO BOYS HOES WHO DON'T KNOW WHAT GHOSTBUSTERS IS ></document>

</author>