
	
		<document> #USER# Wait till you get out...it gets worse ></document>
		<document> It really sucks to file taxes and not get nothing back 😭 ></document>
		<document> I be in bed as early as possible ></document>
		<document> RT #USER#: Nine years ago today, a 16-year-old Chief Keef and Lil Reese released “I Don’t Like” 🗣💥 #URL# ></document>
		<document> Y’all crazy I fw coconut water ></document>
		<document> “What you miss about me” alright game over cause I was lying ></document>
		<document> rockstar for life I’m just being honest ></document>
		<document> I wasn’t even paying attention to Bitcoin ></document>
		<document> Falling for something a 3rd time is your own fault 😭 ></document>
		<document> Not the new girl asking me if I have a degree. Babe didn’t you need one to get this job ? ></document>
		<document> #USER# Yes ma’am ></document>
		<document> She need her own room when I buy a house ></document>
		<document> Princess done woke me up 2 hours before my alarm ></document>
		<document> Kisuke was the real villain ></document>
		<document> I grew so much. I’m proud of me 💕 ></document>
		<document> RT #USER#: If i can't be weird with you then wtf ></document>
		<document> I had a bad dream now I’m in the bed w my gun 😭 ></document>
		<document> RT #USER#: Dawg I’m so happy I fell back from everybody . ></document>
		<document> RT #USER#: I hate it here . ></document>
		<document> I can finally leave my work phone in the living room ></document>
		<document> RT #USER#: #USER# I be mad lol #URL# ></document>
		<document> #USER# Man not me lol ></document>
		<document> Taxes took $700 out of my work bonus? ></document>
		<document> “I got a 3 year old, you?” #URL# ></document>
		<document> I need to get ready for this commute ></document>
		<document> #USER# This the one ></document>
		<document> RT #USER#: If a nigga taking care of me i’m fasho taking care of him. it’s really that simple. ></document>
		<document> It was really 35 degrees this morning. Unnecessary ></document>
		<document> #USER# put it back hoe ></document>
		<document> Why is my Instagram not showing likes ></document>
		<document> Nothing but opportunity for vegan/vegetarian alternatives ></document>
		<document> Restaurants still trying to compete w the chicken sandwich is crazy ></document>
		<document> Is a tiny home not a trailer lmao ? ></document>
		<document> They gentrify everything #URL# ></document>
		<document> I need more crypto ></document>
		<document> RT #USER#: I wanna see you do more in this life if we takin it there.... ></document>
		<document> It’s really a joke 🤯 #URL# ></document>
		<document> RT #USER#: You eat ass ? ></document>
		<document> I could eat seafood everyday ></document>
		<document> Some of y’all be really exhausting to follow ></document>
		<document> I wanna get my makeup done and go somewhere nice ></document>
		<document> RT #USER#: #USER# #USER# Nah, she really turnt up for no apparent reason dog ></document>
		<document> Last time my camera went thru tsa it got broken I’m sick ></document>
		<document> #USER# #USER# Bet Thank you 💕 ></document>
		<document> #USER# Just cut them wide and put them on the grill lol ></document>
		<document> Cauliflower steaks for dinner ></document>
		<document> Not me making plans for my birthday already ></document>
		<document> Last year I was doing hurricane relief for my birthday. Never again ></document>
		<document> RT #USER#: Your birthday is indeed a holiday. Take the time off in advance. It’s the same day every year.. no excuses. ></document>
		<document> I know that’s right ></document>
		<document> Rylo forever hitting that pose 😭 ></document>
		<document> I finally won something on snkrs 🤩 ></document>
		<document> How you gone talk to me and my coworker in the same day 😐 ></document>
		<document> I want to go on a real vacation this year ></document>
		<document> Yes. Concert season #URL# ></document>
		<document> I hate how hard I am on myself ></document>
		<document> RT #USER#: New Orleans women are God’s greatest gift to this Earth ></document>
		<document> #USER# Can’t even eat w that hand anymore ></document>
		<document> I be driving this armada like it’s a Honda Civic 😭 ></document>
		<document> Part time barber ></document>
		<document> V.v.s.’s on you girl you can get whatever ></document>
		<document> All I have is water and wine 😭 ></document>
		<document> I took some cute pics can’t wait to post them ></document>
		<document> Y’all funny af ></document>
		<document> I’m tired as hell ></document>
		<document> You danced all night you deserve it ></document>
		<document> RT #USER#: If you believe lifting weights is unnatural block me 😂 ></document>
		<document> I be sleeping too good when I fall asleep w the tv on ></document>
		<document> RT #USER#: happy birthday queen 🥺😍😭 #USER# #URL# ></document>
		<document> And when you talk about me make sure you tell the full story ></document>
		<document> RT #USER#: I'm so picky &amp; random when it comes to dating. I don't have a type. I really go off personality and vibes. ></document>
		<document> I can’t make myself get out this bed 😭 ></document>
		<document> RT #USER#: I miss my grandmothers. ></document>
		<document> Stop asking for stuff you can’t give ></document>
		<document> We don’t backtrack ></document>
		<document> I need a New Orleans bf for when I’m in town ></document>
		<document> Panda the nastiest shit I ever had #URL# ></document>
		<document> Nissan need to rerelease the Xterra ></document>
		<document> I need some cute graphics tees ></document>
		<document> I’m still weak Yaya named that baby that 😭 ></document>
		<document> Joe Budden be pissed lmao ></document>
		<document> RT #USER#: Segregation &gt;&gt; ></document>
		<document> Then it’s still snowing out here lmao ></document>
		<document> Why would I go to work if Walmart not even open baby ? ></document>
		<document> A lot of people don’t realize that northern Louisiana had the same snow as Texas lol. ></document>
		<document> Ima buy some titties next year ></document>
		<document> Ima give up complaining. That’s so hard for me lmao ></document>
		<document> It really be the quiet ones ></document>
		<document> Idk why people feel like rent in Texas is a quarter cause it’s not lol. ></document>
		<document> #USER# It’s in the air lol ></document>
		<document> Literally and I live in the country. #URL# ></document>
		<document> My stress at an all time high ></document>
		<document> $cciv went up $12 today. What a good buy ></document>
		<document> Keep getting all that bad karma cause you not living right ></document>
		<document> Now that I see the severity of this weather I realize how unprepared I am Omg lol. ></document>
		<document> RT #USER#: I TELL YOU WHAT .... we never got to miss school this much when I was in that MF ></document>
		<document> Thank God I took advantage of the running water earlier ></document>
		<document> No water but yay snow again tonight ></document>
		<document> Not having running water sucks but no power? Hell no ></document>
		<document> Praying for all of the homeless people ></document>
		<document> My job got tired of paying us to do nothing so they said drive slow lmao ></document>
		<document> Crazy thing is that it’s supposed to snow in Dallas again tomorrow ></document>
		<document> Why do people be buying followers lmao ></document>
		<document> I’m doing everything but working 😂 ></document>
		<document> I’m so Agg. Keep falling asleep w my phone in my hand ></document>
		<document> On day I’ll have everything I’m looking for ></document>
		<document> RT #USER#: can’t wait til my time come with everything.. ></document>
		<document> I have so many cute outfits 0 places to go :( ></document>
		<document> Getting a new new nigga like getting a job. Easy but hard to find a good one ></document>
		<document> “Camera’s on for the call” ></document>
		<document> She let me pass it. Baby no cappin ></document>
		<document> It wouldn’t be right if I didn’t make gumbo ></document>
		<document> My degree is in sales not digital marketing 🙄I wish people could get that though their head ></document>
		<document> My job really found some work for me to do 😐 ></document>
		<document> I’m really snowed in lmao ></document>
		<document> All my coworkers power out in this weather😭 ></document>
		<document> I slept for 30 minutes longer thank i usually do and now I can’t sleep lmao ></document>
		<document> Everybody closed but my job tomorrow 😭 ></document>
		<document> Y’all so cute 🥺 ></document>
		<document> #USER# Oh you definitely running that justinlaboy ></document>
		<document> Home Depot was open during the hurricane 😬 #URL# ></document>
		<document> My aunt send me gifts for every holiday 🥺♥️ ></document>
		<document> I been feeling breakfast in bed but I’m too lazy to get up 😂 ></document>
		<document> It’s really snowing ></document>
		<document> I was supposed to be on my head at the parades tonight ></document>
		<document> Amiri really don’t make they shoes in women’s size ></document>
		<document> You can actually ask the front desk for a late checkout. It’s free #URL# ></document>
		<document> I really have a beautiful body thank God ></document>
		<document> I promise myself that this will be my last year out here 🤞🏿 ></document>
		<document> Doordash about to get my money again ></document>
		<document> Nothing like waking up at 6am on my off day 🙄 ></document>
		<document> Stock bubble gone pop real soon ></document>
		<document> RT #USER#: I like to be fucked like a sluttttttttt! ></document>
		<document> #USER# Mine were horrible. I was getting it prescribed lol ></document>
		<document> #USER# Hope it work cause I’ll pop a Zyrtec every once in a while 😂 ></document>
		<document> #USER# Nope right from Walmart! Just get raw and unfiltered Louisiana honey ></document>
		<document> #USER# Peppermint and ginger tea helps me and having local raw honey works too ></document>
		<document> Been off my allergy medicine for years ></document>
		<document> I’m so happy I stopped excessively using medicine. ></document>
		<document> I hope you ready to die bout that di*k ! ></document>
		<document> I hate my tone cause when I talk I always sound like I’m annoyed ></document>
		<document> This what’s going on? #URL# ></document>
		<document> RT #USER#: My heart too big ></document>
		<document> If I don’t say “ damn that’s crazy” what else am I gonna say ? ></document>
		<document> Found a Popeyes w breakfast 🥺 ></document>
		<document> I hate being an adult I get 0 sleep ></document>
		<document> RT #USER#: we officially on wax baby. Pulp (DELUXE) vinyl available now, at #URL# we almost sold out 🥺🧡🍊 ></document>
		<document> #USER# You’re absolutely right ></document>
		<document> Like I be going out my way to see the good in people but some of y’all are hollow ></document>
		<document> I’m such a nice person but some are y’all are just bad friends lol ></document>
		<document> #USER# This a reach like a mf ></document>
		<document> My job gives black/POC the worst stores and keeps them in the positions forever despite the progress and work they’ve done. ></document>
		<document> Discrimination in the workplace is really real with corporate jobs ></document>
		<document> People thought my finsta was gone be about ass but it’s really stocks 😂 ></document>
		<document> Artist always do better w the drugs ></document>
		<document> RT #USER#: Happy Colin Kaepernick Appreciation Day! ></document>
		<document> The jokes write themselves #URL# ></document>
		<document> Yay 6am on my off day ></document>
		<document> Baby I’ll marry me #URL# ></document>
		<document> Ima always choose myself ></document>
		<document> RT #USER#: i’m sexy it’ll all b ok in the end ></document>
		<document> Pinking about you #URL# ></document>
		<document> Im sad I woke up ></document>
		<document> They literally call me to see what store I’m at ></document>
		<document> Customers really come to my job just to talk 🙄 ></document>
		<document> Ima have to mute split bills next cause y’all be dragging it ></document>
		<document> #USER# out here manipulating the market by tweeting 😂 ></document>
		<document> Bitcoin. Don’t buy something you can’t even spend lol #URL# ></document>
		<document> I took a break from my diet yesterday but we back on today ></document>
		<document> I got sndl at .24 ></document>
		<document> Way to go Kolbe! ></document>
		<document> Look at eth ></document>
		<document> #USER# Exactly. I could never ></document>
		<document> Waking up early on the day I have to travel is a blessing bc I was not going 😂 ></document>
		<document> Coi Leray is too cute. ></document>
		<document> New Orleans Popeyes &gt; Popeyes anywhere else #URL# ></document>
		<document> I took some cute pics at the botanical garden today. Can’t wait to post ></document>
		<document> Y’all mad at Chloe cause y’all poo. ></document>
		<document> RT #USER#: if you miss me you can call me ></document>
		<document> If you’re in your 20’s and still a mean girl you need help ></document>
		<document> I sold tf out that crypto fu*k y’all 😂 ></document>
		<document> Bet my brother I wasn’t scared to jump from the bunk bed and broke my arm 🥴 #URL# ></document>
		<document> RT #USER#: In retrospect, it was inevitable ></document>
		<document> RT #USER#: RIP CICELY TYSON ></document>
		<document> #USER# Heavenly father, webbie flow 😨 ></document>
		<document> RT #USER#: Same. ></document>
		<document> #USER# None taken I heard they are garbage 😂🚮 ></document>
		<document> #USER# I’m weak 😂 ></document>
		<document> I’ll park my car in the East before I talk to another Libra ></document>
		<document> RT #USER#: Exactly why I cut off 90% of people!! They not on the same Shid as me ></document>
		<document> I wish y’all would’ve did this w Bitcoin or ethereum 🙄 ></document>
		<document> I’m so glad ti getting exposed ></document>
		<document> My back killing me ></document>
		<document> SNDL didn’t have anything to do w this tho lol ></document>
		<document> Drew brees giving me Jason Pitts vibes ></document>
		<document> RT #USER#: If You Own #HASHTAG# Hit That Retweet. Let’s Get It To .50¢ ></document>
		<document> My skin finally clearing up 🥺 ></document>
		<document> Only thing I’m focused on is getting money ></document>
		<document> Damn Valentine’s Day gotta come every year ? ></document>
		<document> #USER# I need a full refund pls. ></document>
	
</author><document> #USER# Wait till you quit... it gets worse </document>
<document> It really sucks to file taxes and get nothing in return 😭 </document>
<document> I'm going to bed as soon as possible</document>
<document> RT #USER#: Nine years ago today, a 16 year old Chief Keef and Lil Reese released "I Don't Like" 🗣💥 #URL# ></document>
<document>You're all crazy that I take coconut water</document>
<document> "What do you miss about me" ok game over because I was lying </document>
<document> lifelong rock star, just being honest </document>
<document> I wasn't even paying attention to Bitcoin </document>
<document> Falling in love with something for the third time is your fault 😭 </document>
<document> Not the new girl asking me if I have a degree. Baby, didn't you need to get this job? >></document>
<document> #USER# Yes ma'am </document>
<document> He needs his room when I buy a house </document>
<document> The princess woke me up 2 hours before the alarm clock </document>
<document> Kisuke was the real bad guy </document>
<document> I've grown so much. I'm proud of me 💕 </document>
<document> RT #USER#: If I can't be weird with you then wtf </document>
<document> I had a bad dream now I'm in bed with my gun 😭 ></document>
<document> RT #USER#: Gosh, I'm so glad I retired from everyone. >></document>
<document> RT #USER#: I hate being here . >></document>
<document> I can finally leave my work phone in the living room</document>
<document> RT #USER#: #USER# I'm angry lol #URL# </document>
<document> #USER# Man don't me lol </document>
<document> Did taxes take $700 off my work bonus? >></document>
<document> "I have a 3 year old, you?" #URL# </document>
<document> I need to get ready for this journey </document>
<document> #USER# This is </document>
<document> RT #USER#: If a nigga takes care of me, I take care of him. it really is that simple. >></document>
<document> This morning it was really 35 degrees. Not necessary </document>
<document> #USER# put it back </document>
<document> Why is my Instagram not showing likes </document>
<document> Nothing but opportunities for vegan/vegetarian alternatives </document>
<document>Restaurants are still trying to compete with the chicken sandwich it's crazy </document>
<document> A small house isn't a trailer lmao? >></document>
<document> Gentrify all #URL# </document>
<document> I need more crypto</document>
<document> RT #USER#: I want to see you do more in this life if we take it there.... </document>
<document> It's really a joke 🤯 #URL# </document>
<document> RT #USER#: Are you eating your ass? >></document>
<document> I could eat fish every day</document>
<document> Some of you are going to be really hard to follow </document>
<document> I want to wear makeup and go somewhere nice </document>
<document> RT #USER#: #USER# #USER# Nah, she really showed up for no apparent reason dog >></document>
<document>Last time my camera went through tsa it broke i'm sick </document>
<document> #USER# #USER# Bet Thanks 💕 </document>
<document> #USER# Just cut them wide and put them on the grill lol </document>
<document>Cauliflower steaks for dinner</document>
<document> I'm not making plans for my birthday yet </document>
<document> Last year I was doing hurricane relief for my birthday. Never Again </document>
<document> RT #USER#: Your birthday really is a holiday. Take some time off beforehand. It's the same day every year... no excuses. >></document>
<document> I know that's true</document>
<document> Rylo always strikes that pose 😭 ></document>
<document> I finally won something on snkrs 🤩</document>
<document> How did you go talk to me and my colleague on the same day 😐 </document>
<document> This year I want to go on a real holiday </document>
<document> Yes. Concert Season #URL# ></document>
<document> I hate how hard I am on myself </document>
<document> RT #USER#: The women of New Orleans are God's greatest gift to this Earth</document>
<document> #USER# I can't even eat with that hand anymore </document>
<document> I drive this fleet like a Honda Civic 😭 ></document>
<document> Part-time barber </document>
<document> V.v.s. it's about you girl, you can get anything </document>
<document> All I have is water and wine 😭 >></document>
<document> I took some nice photos and can't wait to post them </document>
<document> You are all funny </document>
<document> I'm dead tired</document>
<document> You danced all night, you deserve it </document>
<document> RT #USER#: If you think lifting weights is unnatural, block me 😂 </document>
<document> I sleep too well when I fall asleep with the TV on </document>
<document> RT #USER#: happy birthday queen 🥺😍😭 #USER# #URL# </document>
<document> And when you talk about me make sure you tell the whole story</document>
<document> RT #USER#: I'm so picky &amp; casual when it comes to dating. I don't have a type. I really go off personality and vibes. >></document>
<document> I can't get out of this bed 😭 </document>
<document> RT #USER#: I miss my grandmothers. >></document>
<document> Stop asking for things you can't give </document>
<document> We don't go back</document>
<document>I need a boyfriend from New Orleans for when I'm in town</document>
<document> Pandas baddest shit ever #URL# </document>
<document>Nissan needs to relaunch the Xterra</document>
<document> I need some nice graphic tees </document>
<document> I'm still weak. Yaya named that child that 😭 ></document>
<document> Joe Budden being pissed lmao </document>
<document> RT #USER#: Segregation &gt;&gt; >></document>
<document> So it's still snowing out here lmao </document>
<document> Why would I go to work if Walmart didn't even open baby? >></document>
<document> Many people don't realize that northern Louisiana had sai snow like texas lol. >></document>
<document> I'm going to buy some boobs next year >></document>
<document> I'll stop complaining. It's so hard for me lmao </document>
<document> They really are the silent ones </document>
<document> I don't know why people think rent in Texas is a quarter because it's not lol. >></document>
<document> #USER# It's in the air lol </document>
<document> Literally and I live in the countryside. #URL# </document>
<document>My stress at an all-time high</document>
<document> $cciv is up $12 today. What a good buy</document>
<document>You keep getting all that bad karma because you're not living well</document>
<document> Now that I see the severity of this weather I realize how unprepared I am. Omg lol. >></document>
<document> RT #USER#: I'LL TELL YOU WHAT.... we never missed school this much when I was at that MF </document>
<document> Thank God I took advantage of the running water earlier </document>
<document> No water but yay snow again tonight</document>
<document> No running water sucks but no running? Hell no </document>
<document> Pray for all the homeless </document>
<document> My business got tired of paying us to do nothing, so they said drive slowly lmao </document>
<document> The crazy thing is that tomorrow it should snow again in Dallas </document>
<document> Why people buy lmao followers </document>
<document> I'm doing everything but work 😂 >></document>
<document> I'm so adj. Keep falling asleep with phone in hand </document>
<document> One day I'll have everything I'm looking for </document>
<document> RT #USER#: I can't wait for my moment with everything.. </document>
<document> I have so many cute dresses 0 places to go :( </document>
<document> Getting a new nigger is like getting a job. Easy but hard to find a good one </document>
<document> "Camera is on for call" </document>
<document> He let me pass. Baby no cappin </document>
<document> It wouldn't be right if you didn't make gumbo </document>
<document> My degree is in sales, not digital marketing 🙄 I wish people could figure it out in their head </document>
<document>My work has really found me work to do 😐 </document>
<document> I really snowed in lmao </document>
<document> All my colleagues shut down in this weather😭</document>
<document> I slept 30 minutes longer thanks usually and now I can't sleep lmao </document>
<document> All closed except my job tomorrow 😭 >></document>
<document> You are all so cute 🥺 </document>
<document> #USER# Oh, you're definitely running that justinlaboy </document>
<document> Home Depot was open during the hurricane 😬 #URL# </document>
<document> My aunt sends me gifts every holiday 🥺♥️ </document>
<document> I heard breakfast in bed but I'm too lazy to get up 😂 </document>
<document> It really is snowing </document>
<document> I should have been upside down at the tparade tonight </document>
<document> Amiri doesn't actually make her shoes in women's sizes</document>
<document> You can actually ask the reception for a late checkout. It's free #URL# ></document>
<document>I have a really nice body thank God</document>
<document> I promise myself this will be my last year out here 🤞🏿 </document>
<document> Doordash is about to get my money back </document>
<document> There's nothing like waking up at 6am on my day off 🙄 </document>
<document> The equity bubble burst very early </document>
<document> RT #USER#: I like being fucked like a slut! >></document>
<document> #USER# Mine were awful. I was prescribing it lol </document>
<document> #USER# I hope it works because every now and then I take a Zyrtec 😂 </document>
<document> #USER# No, straight from Walmart! Only take raw, unfiltered Louisiana honey</document>
<document> #USER# Peppermint and ginger tea helps me and local raw honey works too </document>
<document> I haven't taken allergy meds in years</document>
<document> I am so happy that I stopped overusing the medicine. >></document>
<document> I hope you're ready to die for that dick! >></document>
<document> I hate my tone because I always sound annoyed when I speak </document>
<document> This what is happening? #URL# </document>
<document> RT #USER#: My heart is too big </document>
<document> If I don't say "damn, that's crazy" what else am I going to say? >></document>
<document> I found a Popeyes with breakfast 🥺 ></document>
<document> I hate being an adult I don't sleep </document>
<document> RT #USER#: we are officially in wax baby. Vinyl Pulp (DELUXE) available now, on #URL# we are almost sold out 🥺🧡🍊 ></document>
<document> #USER# You are absolutely right </document>
<document> Like I'm trying hard to see the good in people, but some of you are empty </document>
<document> I'm such a nice person, but some of you are just bad friends lol </document>
<document> #USER# This is a range like an mf ></document>
<document> My work gives blacks/POCs the worst shops and keeps them in the positions forever despite the progress and work they have done. >></document>
<document>Workplace discrimination really is real with corporate jobs</document>
<document>People thought my finsta was over my ass, but it's actually stock 😂 </document>
<document> Artists always do better on drugs</document>
<document> RT #USER#: Happy Colin Kaepernick Appreciation Day! >></document>
<document> Jokes write themselves #URL# </document>
<document> Long live 6:00 on my day off</document>
<document> Baby, I'm getting married #URL# </document>
<document> I always choose myself</document>
<document> RT #USER#: I'm sexy that everything will be fine in the end </document>
<document> Pinking about you #URL# </document>
<document> I'm sad to wake up</document>
<document> They literally call me to find out what store I'm in </docment>
<document> Clients actually come to my work just to talk 🙄 </document>
<document> Now I need to mute split invoices because you will all be dragging </document>
<document> #USER# out here manipulating the market by tweeting 😂 </document>
<document> Bitcoin. Don't buy something you can't even spend lol #URL# ></document>
<document> Yesterday I took a break from my diet, but today we're back </document>
<document> I got sndl at .24 </document>
<document> Well done Kolbe! >></document>
<document> See eth </document>
<document> #USER# Exactly. I could never </document>
<document> Waking up early on the day I have to travel is a blessing because I wasn't going 😂 </document>
<document> Coi Leray is too cute. >></document>
<document> New Orleans Popeyes > Popeyes elsewhere #URL# ></document>
<document> Today I took some nice photos at the botanical garden. Can't wait to publish </document>
<document> You're all mad at Chloe for pooping. >></document>
<document> RT #USER#: if you miss me you can call me </document>
<document>If you're in your 20s and still a mean girl, you need help</document>
<document> I sold out fucking crypto to you all 😂 </document>
<document> I bet my brother I wasn't afraid to jump off the bunk bed and break my arm 🥴 #URL# </document>
<document> RT #USER#: In hindsight, it was inevitable </document>
<document> RT #USER#: RIP CICELY TYSON </document>
<document> #USER# Heavenly Father, webbie flow 😨 >></document>
<document> RT #USER#: Same. >></document>
<document> #USER# None taken I heard they are trash 😂🚮 </document>
<document> #USER# I'm weak 😂 ></document>
<document>I'll park my car east before speaking to another Libra</document>
<document> RT #USER#: That's why I cut out 90% of people!! They are not on the same Shid as me </document>
<document> I wish you had done this with Bitcoin or Ethereum 🙄 </document>
<document> I'm so glad you were discovered </document>
<document>My back is killing me</document>
<document> SNDL had nothing to do with this tho lol </document>
<document> Drew brees giving me the Jason Pitts vibes </document>
<document> RT #USER#: If you own #HASHTAG# click Retweet. Let's bring it up to .50¢ </document>
<document> My skin is finally clearing up 🥺 ></document>
<document> The only thing I focus on is getting money </document>
<document> Damn, does Valentine have to come every year? >></document>
<document> #USER# I need a full refund please. >></document>

</author><document> #USER# Wait till you come out... it's getting worse ></document>
<document> It really sucks to file taxes and get nothing back 😭 ></document>
<document> I'm going to bed as early as possible ></document>
<Document> RT #USER#: Nine years ago today, a 16-year-old Chief Keef and Lil Reese released "I Don't Like" 🗣💥 #URL# ></document>
<document> You guys are crazy about coconut water ></document>
<document> "What you miss about me" ok game over because I lied ></document>
<document> Rockstar for life I'm just being honest ></document>
<document> I didn't even pay attention to bitcoin ></document>
<document> Falling for something a third time is your own fault 😭 ></document>
<Document> Not the new girl who asks me if I have a degree. Babe, didn't you need one to get that job? ></document>
<document> #USER# Yes, ma'am ></document>
<document> She needs her own room if I buy a house ></document>
<document> Princess done woke me up 2 hours before my alarm clock ></document>
<document> Kisuke was the real villain ></document>
<Document> I've grown so much. I'm proud of myself 💕 ></document>
<document> RT #USER#: If I can't be weird to you then wtf ></document>
<document> I had a bad dream, now I'm lying in bed with my gun 😭 ></document>
<Document> RT #USER#: Dawg, I'm so happy I retired from everyone. ></document>
<Document> RT #USER#: I hate it here. ></document>
<document> Finally I can leave my work phone in the living room ></document>
<Document> RT #USER#: #USER# I'm crazy lol #URL# ></document>
<document> #USER# man not me lol ></document>
<document> Taxes took $700 off my work bonus? ></document>
<document> "I have a 3 year old, you?" #URL# ></document>
<document> I need to get ready for this commute ></document>
<document> #USER# This is the ></document>
<Document> RT #USER#: If a nigga take care of me, I'm Fasho taking care of him. It is really that easy. ></document>
<Document> It was really 35 degrees this morning. Unnecessary ></document>
<document> #USER# put it back hack ></document>
<document> Why doesn't my Instagram show likes ></document>
<document> Nothing but an opportunity for vegan/vegetarian alternatives ></document>
<document> Restaurants still trying to compete with the chicken sandwich are crazy ></document>
<document> Is a Tiny Home not a caravan lmao ? ></document>
<document> You gentrify everything #URL# ></document>
<document> I need more crypto ></document>
<document> RT #USER#: I want you to do more in this life as we tackle it... ></document>
<document> It's really a joke 🤯 #URL# ></document>
<Document> RT #USER#: You eat ass? ></document>
<document> I could eat seafood every day ></document>
<document> Some of you are really tiring to follow ></document>
<document> I want to get my makeup done and go to a nice place ></document>
<document> RT #USER#: #USER# #USER# No, she really showed up for no apparent reason, dog ></document>
<document>The last time my camera broke, it broke. I'm sick ></document>
<document> #USER# #USER# Bet Thank you very much 💕 ></document>
<document> #USER# Just cut it wide and put it on the grill lol ></document>
<document> Cauliflower steaks for dinner ></document>
<document> I'm not already making plans for my birthday ></document>
<Document> I did hurricane relief for my birthday last year. Never again ></document>
<Document> RT #USER#: Your birthday is indeed a holiday. Take a break first. It's the same day every year...no excuses. ></document>
<document> I know this is correct ></document>
<document> Rylo takes this pose forever 😭 ></document>
<document> I finally won something at snkrs 🤩 ></document>
<document> How you spoke to me and my colleague on the same day 😐 ></document>
<document> I really want to take a vacation this year ></document>
<Document> Yes. Concert Season #URL# ></document>
<document> I hate how hard I am on myself ></document>
<document> RT #USER#: New Orleans women are God's greatest gift to this earth ></document>
<document> #USER# Can't even eat with that hand anymore ></document>
<document> I drive this armada like a Honda Civic 😭 ></document>
<document> part-time hairdresser></document>
<document> V.v.s. is on you girl you can get it all ></document>
<document> All I have is water and wine 😭 ></document>
<document> I took some cute pictures and can't wait to post them ></document>
<document> You are all funny af ></document>
<document> I'm tired as hell ></document>
<document> You danced all night, you deserve it ></document>
<document> RT #USER#: If you think weightlifting is unnatural, block me 😂 ></document>
<document> I sleep too well when I fall asleep in front of the TV on ></document>
<Document> RT #USER#: Happy Birthday Queen 🥺😍😭 #USER# #URL# ></document>
<document> And if you're talking about me, make sure you tell the whole story ></document>
<Document> RT #USER#: I'm so picky &amp; random when it comes to dating. I have no type. I really get into personality and vibes. ></document>
<document> I can't bring myself to get out of this bed 😭 ></document>
<Document> RT #USER#: I miss my grandmothers. ></document>
<document> Stop asking for things you can't give ></document>
<document> We're not going back ></document>
<document> I need a friend from New Orleans when I'm in town ></document>
<document> Panda, the meanest shit I've ever had #URL# ></document>
<document> Nissan needs to re-release the Xterra ></document>
<document> I need some cute graphic tees ></document>
<document> I'm still weak Yaya named the baby that 😭 ></document>
<document> Joe Budden is mad, lmao ></document>
<document> RT #USER#: Separation &gt;&gt; ></document>
<document> Then it's still snowing out here lmao ></document>
<document> Why should I go to work when Walmart won't even open Baby? ></document>
<Document> Many people don't know that Northern Louisiana had the same snow than texas lol. ></document>
<document> I'm going to buy some tits next year ></document>
<Document> I'll stop complaining. It's so hard for me, lmao ></document>
<document> It really is the silent ones ></document>
<document> Idk why people feel rent in texas is a quarter cuz its not lol. ></document>
<document> #USER# It's in the air lol ></document>
<Document> Literally and I live in the country. #URL# ></document>
<document> My stress at an all-time high ></document>
<Document> $cciv is up $12 today. What a good purchase ></document>
<document> Keep getting all the bad karma for not living properly ></document>
<Document> Now that I see the severity of this weather I realize how unprepared I am omg lol. ></document>
<document> RT #USER#: I TELL YOU WHAT... we never missed school so much when I was in this MF ></document>
<document> Thank god I used the running water earlier ></document>
<document> No water, but snow again tonight ></document>
<document> Not having running water sucks, but no electricity? Damn no ></document>
<Document> Pray for all homeless ></Document>
<document> My job got tired of paying us for doing nothing so they said drive slow lmao ></document>
<document> The crazy thing is that tomorrow it's supposed to snow again in Dallas ></document>
<document> Why do people buy followers lmao ></document>
<document> I do everything except work 😂 ></document>
<document> I'm so agg. I keep falling asleep with my phone in my hand ></document>
<document> On the day I have everything I'm looking for ></document>
<document> RT #USER#: I can't wait until my time comes with everything.. ></document>
<document> I have so many cute outfits, 0 places to go :( ></document>
<document> Getting a new nigga is like getting a job. Simple but hard to find a good one ></document>
<document> "Camera is rolling for the call" ></document>
<document> She let it happen to me. Baby no cappin ></document>
<document> It wouldn't be right if I didn't make Gumbo ></document>
<document> My degree is sales, not digital marketing 🙄Wish people could get that through their heads ></document>
<document> My job has really found some work for me 😐 ></document>
<document> I'm really snowed in lmao ></document>
<document> All my colleagues work out in this weather😭 ></document>
<document> I slept 30 minutes longer thanks I usually do and now I can't sleep lmao ></document>
<document> Everyone is closed except my job tomorrow 😭 ></document>
<document> You are all so cute 🥺 ></document>
<document> #USER# Oh, you're definitely running that Justinlaboy ></document>
<document> Home Depot was open during the hurricane 😬 #URL# ></document>
<document> My aunt sends me gifts for every holiday 🥺♥️ ></document>
<document> I feel like having breakfast in bed but I'm too lazy to get up 😂 ></document>
<document> It's really snowing ></document>
<document> I should be upside down at the parades tonight ></document>
<document> Amiri really doesn't make shoes in women's sizes ></document>
<Document> You can actually ask for a late check out at the reception. It's free #URL# ></document>
<document> I really have a nice body, thank god ></document>
<document> I promise myself this will be my last year out here 🤞🏿 ></document>
<document> Doordash about to get my money back ></document>
<document> Nothing beats waking up at 6am on my day off 🙄 ></document>
<document> The stock bubble will burst very soon ></document>
<Document> RT #USER#: I like getting fucked like a slut! ></document>
<Document> #USER# Mine were terrible. I got it prescribed lol ></document>
<document> #USER# Hope it works because I will pop a Zyrtec every once in a while 😂 ></document>
<Document> #USER# No directly from Walmart! Just get raw and unfiltered Louisiana honey ></document>
<document> #USER# Peppermint ginger tea helps me and raw local honey works too ></document>
<document> Discontinued my allergy medicine years ago ></document>
<Document> I'm so glad I stopped taking excessive medication. ></document>
<document> I hope you're ready to die from this shit! ></document>
<document> I hate my tone because I always sound annoyed when I speak ></document>
<document> what's going on? #URL# ></document>
<document> RT #USER#: My heart is too big></document>
<Document> If I don't say "Damn, that's crazy", what else can I say? ></document>
<document> Found Popeyes with breakfast 🥺 ></document>
<document> I hate being an adult. I get 0 sleep ></document>
<Document> RT #USER#: We're officially on Wax Baby. Pulp (DELUXE) vinyl now available, at #URL# we are almost sold out 🥺🧡🍊 ></document>
<document> #USER# You are absolutely right ></document>
<document> As if I'm trying to see the good in people, but some of you are hollow ></document>
<document> I'm such a nice person but some of you guys are just bad friends lol ></document>
<document> #USER# This is a range like a mf ></document>
<Document> My job gives Black/POC the worst stores and keeps them in the positions forever despite the progress and work they have done. ></document>
<document> Discrimination in the workplace is really real in corporate jobs ></document>
<document> People thought my finsta was screwed but it really is stocks 😂 ></document>
<document> Artists get better and better with drugs ></document>
<document> RT #USER#: Happy Colin Kaepernick Day! ></document>
<document> The jokes are spelled #URL# ></document>
<document> Yay, 6am on my day off ></document>
<Document> Baby I'm Marrying Me #URL# ></Document>
<document> I always choose myself ></document>
<Document> RT #USER#: I'm sexy, everything will be fine in the end ></Document>
<document> Pinking about you #URL# ></document>
<document> I'm sorry I woke up ></document>
<document> They literally call me to see what store I'm in ></doccontent>
<document> Customers really only come to my job to talk 🙄 ></document>
<document> I need to mute split invoices next because you guys are dragging them all ></document>
<document> #USER# out here is manipulating the market through tweeting 😂 ></document>
<document> Bitcoin. Don't buy anything you can't even spend lol #URL# ></document>
<document> I took a diet break yesterday, but we'll continue today ></document>
<document> I have sndl at .24 ></document>
<Document> Keep it up Kolbe! ></document>
<document> Look at eth ></document>
<Document> #USER# Exactly. I could never ></document>
<document> Waking up early the day I have to travel is a blessing because I didn't go 😂 ></document>
<Document> Coi Leray is too cute. ></document>
<Document> New Orleans Popeyes &gt; Popeyes elsewhere #URL# ></document>
<document> I took some cute pictures in the botanical garden today. I can't wait to post ></document>
<Document> You're all mad at Chloe because you all poop. ></document>
<Document> RT #USER#: If you miss me, you can call me ></Document>
<document> If you're in your 20s and you're still a mean girl, you need help ></document>
<document> I sold this crypto shit y'all 😂 ></document>
<document> I bet my brother I wasn't afraid to jump out of the bunk bed and break my arm 🥴 #URL# ></document>
<document> RT #USER#: In hindsight it was inevitable ></document>
<document> RT #USER#: RIP CICELY TYSON ></document>
<document> #USER# Heavenly Father, Webbie Flow 😨 ></document>
<Document> RT #USER#: Same. ></document>
<document> #USER# None assigned I heard they are garbage 😂🚮 ​​></document>
<Document> #USER# I'm weak 😂 ></Document>
<document> I park my car to the east before talking to another Libra ></document>
<Document> RT #USER#: This is exactly why I cut off 90% of the people!! You are not on the same shid as me ></document>
<document> I wish you would have done this with Bitcoin or Ethereum 🙄 ></document>
<document> I'm so glad to be exposed ></document>
<document> My back is killing me ></document>
<document> SNDL had nothing to do with it, but lol ></document>
<document> Drew Brees gave me Jason Pitt's vibes ></document>
<Document> RT #USER#: If you have #HASHTAG#, click this retweet. Let's bring it down to 0.50 ></document>
<document> My skin is finally getting clearer 🥺 ></document>
<document> I'm just concentrating on getting money ></document>
<Document> Damn Valentine's Day must come every year ? ></document>
<document> #USER# I need a full refund please. ></document>

</author>