
	
		<document> #HASHTAG# get the coke up yer nose son it's good for ye 👃💨💨💨💨 ></document>
		<document> #USER# good enough for the cunts #HASHTAG# 😂 ></document>
		<document> #USER# hahahaha what the fuck 😂🙈 ></document>
		<document> #USER# same pish on Facebook all the time least on twitter ye get a laugh ></document>
		<document> #USER# better than Facebook lad lol ></document>
		<document> #USER# #USER# horrible cunts the lot of them ></document>
		<document> Fair play to the wee man fuck #HASHTAG# 👊 #URL# ></document>
		<document> #USER# me neither stan don't fancy the place looks awful ></document>
		<document> #USER# put that bag of glue down ya fool 🙈🙈😂 ></document>
		<document> #USER# it's a fucking shit hole stan ></document>
		<document> #USER# no fuck them horrible bunch of bastards ></document>
		<document> #USER# he going to pick yer nose with that "blade" lol what a bell end 🙈 ></document>
		<document> #USER# #USER# your getting fucked proper fucked 👍 ></document>
		<document> #USER# settle yer self woman that stuff will send ye mad 😑😂 ></document>
		<document> #USER# that's the sprit on a Sunday fuck resting just wreck the place lol ></document>
		<document> #USER# #USER# private joke paddy 👍 ></document>
		<document> #USER# #USER# a picture paints a thousand words . That is all 👍 #HASHTAG# ></document>
		<document> #USER# will ye be wrecking the hoose later 😂 #URL# ></document>
		<document> #USER# john carver is worse than joe kinner ffs 😆 ></document>
		<document> #USER# triple vodkas on a sunday 😬😬😬 wrecked til Tuesday 😂 ></document>
		<document> The rangers keeper doing an #HASHTAG# in nets lol #HASHTAG# ></document>
		<document> #USER# you may as well get smokey hasson in to manage ffs 🙈 ></document>
		<document> #USER# lol he is clean mental 😂👊👊 ></document>
		<document> #USER# 😂😂😂😂 you naughty boy Stanley lol ></document>
		<document> Is the #HASHTAG# steward busting moves rather than watching what's going on around him 😂 #HASHTAG# #URL# ></document>
		<document> We don't do walking away 😂😂😂😂😂😂 #URL# ></document>
		<document> #USER# #HASHTAG# as Newcastle united manager lol really 😐 ></document>
		<document> #USER# #USER# 😂😂😂😂😂😂 the French landing over to laugh at you cunts lol brilliant ></document>
		<document> #USER# how are you feeling about #HASHTAG# poor #HASHTAG# 😂😂😂😂😂 ></document>
		<document> Da fuck are this lot smoking 😂😂😂😂 #URL# ></document>
		<document> #USER# your reply to this is top drawer 😂😂😂 #USER# #URL# ></document>
		<document> Always one cunt who takes it too far please RT #USER# wee all up for banter but this is awful #URL# ></document>
		<document> #USER# would not surprise me with that horrible mob 😡 ></document>
		<document> #HASHTAG# fans now remember it's the garden your allowed to wreck no animals allowed indoors 😂 #HASHTAG# #URL# ></document>
		<document> Stolen off #USER# 😂😂😂😂 john Lennon knew the Craic #HASHTAG# =we are totally pish #URL# ></document>
		<document> #USER# 😂😂😂😂 am stealing this ></document>
		<document> #HASHTAG# 😂😂😂😂 aye that worked out well #HASHTAG# have blown you cunts out of the water #HASHTAG# 👍👍👍👍 6-1 ></document>
		<document> #USER# let them have it 👊👊👊👊😂 ></document>
		<document> #USER# horrible wanker 😡👊 ></document>
		<document> No bouncy bouncy today ya tax dodging bastards HAHAHAHAHAHA #HASHTAG# always good for a laugh comedy gold 😂😂😂😂 #URL# ></document>
		<document> #USER# #USER# well said mate top broadcasting stan👍 ></document>
		<document> #HASHTAG# is just unbelievable this is just fantastic to watch #HASHTAG# #HASHTAG# ></document>
		<document> #USER# up to no good them boys Stanley lol #URL# ></document>
		<document> #HASHTAG# goal is the definition of the beautiful game what a player we have the pleasure of watching #HASHTAG# #HASHTAG# 👌 ></document>
		<document> #HASHTAG# and 2-0 got it 150/1 #USER# bring home the cash ya dancer 👍 ></document>
		<document> #USER# what the fuck sadly she has accepted it as part of there relationship ></document>
		<document> The gooks are savages lol 😑😑😑😑 rice bakes #URL# ></document>
		<document> #HASHTAG# your a horrible wanker 👊😡 ></document>
		<document> #HASHTAG# is a legend #HASHTAG# yer a fucking cunt I feel sorry on #HASHTAG# fans you lot deserve much better #USER# ></document>
		<document> #USER# #USER# start slimming down fat chops lol ></document>
		<document> #USER# #USER# #USER# well I could get a run over for me birthday lol be rude not too 😂 ></document>
		<document> #USER# sounds a right wanker this fella hopefully she sees sense and tells him to fuck away off ></document>
		<document> #USER# #USER# #USER# long overdue pal ></document>
		<document> #USER# need to get shot of that fella ASAP ></document>
		<document> #USER# #USER# hahaha what a cunt that fella is 😂🙈 ></document>
		<document> #USER# champions league 😂😂😂😂😂😂 ye canny beat Motherwell ffs #HASHTAG# vermin ></document>
		<document> #USER# singing for Yeovil next ya clown ></document>
		<document> #USER# #USER# take that flag down yer making a cunt of yourself 🙈 ></document>
		<document> #USER# settle you down luv get back into the kitchen and stick the fucking tea on 👍 ></document>
		<document> #HASHTAG# do the woman teams go into the kitchen at half time and stick the tea on ></document>
		<document> #USER# #USER# fuck him the wee ginger cunt ></document>
		<document> #USER# #USER# #USER# #USER# #USER# #USER# #USER# watch the vid of yer woman singing penny arcade lol ></document>
		<document> #USER# #USER# #USER# 😜😜😜😜 you wer in the thick of it canning ></document>
		<document> #USER# #USER# #USER# #USER# #USER# #USER# #USER# 😂😂😂😂😂😂 Jesus wept 🙈 ></document>
		<document> #USER# #USER# 😂😂😂😂😂 muppet 🙈 ></document>
		<document> #USER# #USER# 3-0 to the rangers lol how's that going for ye 😂😂😂😂 comedy gold #URL# ></document>
		<document> #USER# #USER# 😂😂😂😂😂😂 I think Motherwell would say different ></document>
		<document> #USER# #USER# looks like willie Frazier da 😂😂😂 ></document>
		<document> #USER# what you make of the score tonight in the Motherwell game lol@ ></document>
		<document> #HASHTAG# lol sevco have been sunk like the titanic ffs 😂 well done #HASHTAG# 👍 ></document>
		<document> Is it true the ref used to be a season ticket holder at ibrox lol this has to be a wind up surely lol #USER# ></document>
		<document> RT #USER#: RT if you are laughing at Rangers! ></document>
		<document> #USER# #USER#😂😂😂😂 fuck them James lol ></document>
		<document> #HASHTAG# #HASHTAG# both scum hahaha fuck them 😂 #URL# ></document>
		<document> #USER# a lifeline lol fuck up ya fanny ></document>
		<document> Now now #HASHTAG# no playing the penny arcades unless you declare it to me ya tax dodging cunts 😂 #USER# #URL# ></document>
		<document> Wonder what that mouth Neil McCann got to say about that score line lol hahaha ya fanny #HASHTAG# ></document>
		<document> #USER# just for you pal 😂😂😂😂😂😂 bring back fat Sally #URL# ></document>
		<document> #USER# it is very true pal check it out on twitter 👍😂 ></document>
		<document> #USER# getting pumped 3-0 by Motherwell 😂 ></document>
		<document> #USER# #USER# 😂😂😂😂😂😂😂 please stop my sides are hurting ></document>
		<document> #USER# we don't do walking away 😂😂😂😂🙈 #USER# ></document>
		<document> #HASHTAG# making everyone smile tonight 3-0 absolute quality 😃😃😃😃 ></document>
		<document> And it's 3-0 hahaha it's goodnight from me and fuck off from ibrox 😂😂😂😂 #USER# this is quality ></document>
		<document> RT #USER#: #USER# #USER# #USER# big McManus too!? ></document>
		<document> Bring back the fat Gardner lol we don't do walking away 😂😂😂😂😂😂 2-0 ya wanks #USER# #USER# are ye watching the comedy circus ></document>
		<document> #USER# 😂😂😂😂😂 come on Motherwell ></document>
		<document> RT #USER#: FIFA 16 career mode: Manager: "I heard you have a problem with your contract, what's wrong" Woman: "Nothing, I'm fine" ></document>
		<document> #USER# do they make the dinner at half time lol ></document>
		<document> #USER# 😂😂😂😂😂 absolute gimps the lot of them ></document>
		<document> Who gives a flying fuck about the woman's World Cup not being sexist but it's just fucking shite #HASHTAG# do me a favour ffs ></document>
		<document> #USER# what a boring bastard of a child she must have been ></document>
		<document> #USER# absolute quality show get on it 👌 ></document>
		<document> #USER# if only hitler had wiped the lot of you bastards out the world would be a better place ></document>
		<document> indiscriminate killings and bombings whenever they feel like it any wonder the world fucking hates #HASHTAG# ></document>
		<document> #USER# dirty bastards 🙈 ></document>
		<document> Fuck #HASHTAG# fuck #HASHTAG# and fuck the rest of them corrupt cunts ruining the beautiful game #HASHTAG# ></document>
		<document> RT #USER#: Paul Gascoigne just entered #HASHTAG# HQ with fishing rod and cooked chicken for Sepp Blatter. ></document>
		<document> Mr t worlds craziest fools is brilliant viewing lol some mad bastards in this world 😂 ></document>
		<document> #HASHTAG# honey rider absolute pish 🙈 ></document>
		<document> #HASHTAG# Nolan break of 89 aye 89 pies you munched in an hour ya slabber 😂 ></document>
		<document> #HASHTAG# Steve Davis funny lol he is a boring bastard ffs 🙈 ></document>
		<document> #HASHTAG# big Steve must be beating the pies into him again lol ></document>
		<document> #HASHTAG# fuck David Cameron and any arsehole that voted for them ></document>
		<document> #USER# 😂😂😂 quality tweet ></document>
		<document> RT #USER#: Snooker loopy nuts are we! Nolan 12 frames of utter balls #HASHTAG# ></document>
		<document> #USER# it's legal salve labour ></document>
		<document> #HASHTAG# that old fella in the audience is bang in hospitals getting it beat up the teeth by the cuts ></document>
		<document> #USER# 😂😂😂😂 you sir have it spot on 👍 ></document>
		<document> #HASHTAG# very little jobs out there zero contract hours any wonder ppl don't want to move off the dole ></document>
		<document> #HASHTAG# live within your means shut up you absolute muppet ></document>
		<document> #USER# lol you'll be blocked by 11.30 😂 ></document>
		<document> #HASHTAG# Roy beggs looks completely stoned 😑😑😑 ></document>
		<document> #HASHTAG# that Gregory Campell needs a slap 👊😡 ></document>
		<document> #USER# the Nolan show is on ye watching it ></document>
		<document> #USER# she is no #HASHTAG# Ora but 👌😜 ></document>
		<document> #USER# big congrats on the baby too 👍👍👍 ></document>
		<document> #USER# lol one soul for sale hahaha ></document>
		<document> #USER# very true not often ye get someone from that background saying that ></document>
		<document> #USER# well I never 😮 #HASHTAG# ></document>
		<document> mario balotelli not leaving Liverpool am not surprised no club would have him the man is a fraud 🙈 ></document>
		<document> #HASHTAG# fucking load of bollocks she spews out while milking everyone for a fortune the oul bastard ></document>
		<document> #USER# #USER# I would sell me soul to have a crack at that lol ></document>
		<document> #USER# #USER# #USER# #USER# #USER# 😂😂😂😂😂 what an embarrassment ></document>
		<document> #USER# hope they do get moved Russia for the next World Cup sounds grim 😕 ></document>
		<document> #HASHTAG# is a ballbag time to get rid of the cunt ></document>
		<document> #USER# go suck on a gas pipe you horrible Jewish cunt ></document>
		<document> Let's all hope that Iran gets the finger out does everyone a massive favour and blows #HASHTAG# clean off the map ></document>
		<document> #HASHTAG# them horrible Jewish fucks at there oul carry on the horrible cunts 👊😡 ></document>
		<document> #USER# yer right I need to get to one night for old times sake lol ></document>
		<document> #USER# aye no bother big guy get a call up to the shop 👍 ></document>
		<document> #USER# fantastic tune reminds me of me mum 👍 ></document>
		<document> Kolo toure gets a new contract 😂😂😂😂😂😂😂😂 this is are year my arse #HASHTAG# #HASHTAG# 🙈🙈🙈 ></document>
		<document> Am sadly retired from the techno but could give it one last hurrah 🙌🙌🙌😷 #URL# ></document>
		<document> #HASHTAG# Texas will blame Muslims for the floods lol ya crazy bunch of cowboys 🙈 ></document>
		<document> Transfer rumours are brilliant any club willing to pay £40mill for #HASHTAG# need to get off the glue 🙈 ></document>
		<document> #USER# ye scrub well for a pair of hallions lol oj ></document>
		<document> Pointless is the most shite show on tv prize money is absolute wank £1200 beat that up yer pipe 🙈 ></document>
		<document> #USER# a fine looking pair 👍 ></document>
		<document> #USER# am retired lad that's your answer there 👍 ></document>
		<document> #USER# your service is awful ></document>
		<document> #HASHTAG# I really hope he does not play in Israel ></document>
		<document> #HASHTAG# I don't agree with your politics but as a human being I wish you a speedy recovery ></document>
		<document> Watching a hells angels doc on YouTube crazy bunch of bastards ></document>
		<document> #USER# #USER# good enough for the cunt ></document>
		<document> #USER# am the same mate it would destroy me big time ></document>
		<document> RT #USER#: If this isn't a solid 6 RTs a don't know what is. Hail hail #URL# ></document>
		<document> #USER# #USER# 😂😂😂😂😂 fucking cunts are dead and buried lol ></document>
		<document> #USER# they should sell this stuff in Ireland for the Craic lol ></document>
		<document> #USER# must be really hard for the man shocking there had been no one jailed for it ></document>
		<document> #USER# sit down and eat another pie ya fat cunt ></document>
		<document> #USER# #USER# #USER# cracking pic get it right up them cunts ></document>
		<document> #USER# even Jesus would not manage them muppets 😂🙈 ></document>
		<document> Wishing mark farren all the best in his treatment in Mexico DCFC legend get well soon 👍 #USER# ></document>
		<document> #USER# shambles of a club there fans are a fickle bunch of bastards ></document>
		<document> #USER# #USER# your cock would explode 😂 ></document>
		<document> #USER# fuck Steven gerrard the other 4 players are miles better than this joker ></document>
		<document> #USER# well said fuck them man united got the star treatment when they arrived local team I played for got put to one side ></document>
		<document> I bet deila smith is half pissed looking for a a bitta aggro with #HASHTAG# fans "wer are ya" #HASHTAG# #HASHTAG# ></document>
		<document> #HASHTAG# gets the boot from #USER# wtf crazy decision 🙈 ></document>
		<document> Sad news on #HASHTAG# great guy on the rte panel may you rest in peace sir 👍 ></document>
		<document> Mans best friend away for a snooze lol #URL# ></document>
		<document> #HASHTAG# is quality hope he stays injury free you'll see a fantastic player next season ></document>
		<document> Just a reminder to all the Liverpool fans 😂😂😂😂😂 #HASHTAG# #HASHTAG# 🙈🙈🙈🙈 #URL# ></document>
		<document> #USER# #USER# he is pish anyway lol ></document>
		<document> #HASHTAG# fuck everyone connected with your bigoted church you bunch of cunts 👊 ></document>
		<document> RT #USER#: Robin Williams on gay marriages. Gays should have the right to be as miserable as the rest of us. #HASHTAG# ></document>
		<document> #HASHTAG# what a load of bollocks 🙈 ></document>
		<document> #HASHTAG# well Jesus had two daddy's and he done well so all you bible thumpers suck on that ></document>
		<document> #HASHTAG# away and fuck the lot of you horrible backward cunts hats off to all who #HASHTAG# #HASHTAG# ></document>
		<document> Cracking fight well done to #HASHTAG# #HASHTAG# ></document>
		<document> Looks like everyone #HASHTAG# great to see equal rights for all 👍 ></document>
		<document> #HASHTAG# shoot George bush in the face the cock sucker ></document>
		<document> #USER# not a chance certainly not good enough for Barcelona ></document>
		<document> #USER# shut up ya clown 🙈🙈 ></document>
		<document> Seen this on a lamppost #HASHTAG# campaign summed up right there 🙈 #HASHTAG# #HASHTAG# #URL# ></document>
		<document> #HASHTAG# campaign is a clear insight into the warped minds of bigots who can't have a proper debate and just resort to talking nonsense 🙈 ></document>
		<document> #HASHTAG# it's that simple 👍👍👍 ></document>
		<document> This is England 90 I can't wait for this 🙌🙌🙌🙌😷😷😷😷 ></document>
		<document> #USER# how would you know you can't read ya fanny 👊 ></document>
		<document> 106.3 firing the tunes out at this time This is just fucking fantastic #HASHTAG# 🙌🙌🙌🙌😷😷😷 ></document>
		<document> #USER# hahahaha am having a tin before bed fuck it 👍👍👍😎🍺 ></document>
		<document> On the road at 10am for the stag doo in #HASHTAG# would it be ok to crack open a tin saying it's Monday 😎🍺🍺 #HASHTAG# ></document>
		<document> #USER# see if that fanny landed to my barbershop he would get turfed out for asking for that cut lol muppet 👊 ></document>
		<document> #USER# obsessed Liverpool fan 🙈 ></document>
		<document> Mon hibs put this #HASHTAG# mob to bed I have faith in ye do it for the wains in easterhouse lol ></document>
		<document> RT #USER#: The Irish in Derry lying on the roads and pavements in solidarity with the besieged people of Gaza last year ></document>
		<document> #USER# #USER# should give him an extra 10 year for wearing that rangers too the fanny ></document>
		<document> What a grim day for betting fuck Aberdeen you sheep shagging cunts 👊 ></document>
		<document> #HASHTAG# beat your coffe up your pipes ya tax dodging wankers ></document>
		<document> that's only the start of it plenty more #HASHTAG# types out there killing him will help recruitment more bombings on the way ></document>
		<document> #HASHTAG# so will George bush get the death penalty for all the killing he ordered in Iraq ></document>
		<document> #HASHTAG# being a naughty boy 👃👃💨💨💨💨💨 ></document>
		<document> #HASHTAG# why not jail him for life without parole make him suffer for the rest of his life ></document>
		<document> #HASHTAG# on Monday four day stag doo yeoooooooo 🍺🍺🍺🍺🍺🍺 ></document>
		<document> Billie piper is fucking mint 👌 #HASHTAG# ></document>
		<document> #USER# #USER# #USER# she wants the magic wand Stanley lol ></document>
		<document> #USER# #USER# #USER# going to get a run up for my birthday end of July for a mad 1 👍 ></document>
		<document> RT #USER#: Who remembers 'Big' slides? Health and Safety would never allow these again. #URL# ></document>
		<document> #USER# #USER# #USER# we need to pay this fine establishment a visit 👍 ></document>
	
</author><document> #HASHTAG# take coke up your nose, son, it's good for you 👃💨💨💨💨></document>
<document> #USER# good enough for #HASHTAG# chips 😂 </document>
<document> #USER# hahahaha what the fuck 😂🙈 </document>
<document> #USER# same piss on facebook all the time at least on twitter you laugh </document>
<document> #USER# better than Facebook guy lol </document>
<document> #USER# #USER# you awful cunts all </document>
<document> Fair play for the little guy fucking #HASHTAG# 👊 #URL# </document>
<document> #USER# Neither Stan nor I don't like that the place is awful </document>
<document> #USER# put down that silly bag of glue 🙈🙈😂 </document>
<document> #USER# is a fucking shit stan </document>
<document> #USER# no fuck that awful bunch of bastards </document>
<document> #USER# will poke your nose with that "blade" lol nice ending 🙈 </document>
<document> #USER# #USER# you're getting fucked properly 👍 </document>
<document> #USER# be satisfied, woman, that stuff will drive you crazy 😑😂 </document>
<document> #USER# this is the spirit of a fucking sunday rest and trash the place lol </document>
<document> #USER# #USER# private joke 👍 ></document>
<document> #USER# #USER# a picture is worth a thousand words . That's it 👍 #HASHTAG# ></document>
<document> #USER# you want to ruin the house later 😂 #URL# </document>
<document> #USER# john carver is worse than joe kinner ffs 😆 </document>
<document> #USER# triple vodka on Sunday 😬😬😬 shipwrecked until Tuesday 😂 </document>
<document> Ranger guardian does a #HASHTAG# in networks lol #HASHTAG# </document>
<document> #USER# you can also bring in Smokey Hasson to manage the ffs 🙈 </document>
<document> #USER# lol is mentally clean 😂👊👊 </document>
<document> #USER# 😂😂😂😂 bad boy Stanley lol </document>
<document> The #HASHTAG# steward makes moves rather than watching what's going on around him 😂 #HASHTAG# #URL# </document>
<document> We're not leaving 😂😂😂😂😂😂 #URL# </document>
<document> #USER# #HASHTAG# as Newcastle United manager lol really 😐 </document>
<document> #USER# #USER# 😂😂😂😂😂😂 the Frenchman has come to laugh at you assholes lol brilliant </document>
<document> #USER# how do you feel about #HASHTAG# poor #HASHTAG# 😂😂😂😂😂 </document>
<document> Damn, these people smoke 😂😂😂😂 #URL# </document>
<document> #USER# your answer is at the top of the drawer 😂😂😂 #USER# #URL# </document>
<document> There's always an asshole who goes too far, please RT #USER# we're all ready for jokes but this is awful #URL# ></document>
<document> #USER# wouldn't surprise me with that awful crowd 😡 </document>
<document> #HASHTAG# fans now remember it's the garden they are allowed to destroy no pets allowed in the house 😂 #HASHTAG# #URL# </document>
<document> Stolen #USER# 😂😂😂😂 john Lennon knew Craic #HASHTAG# =we are totally crazy #URL# ></document>
<document> #USER# 😂😂😂😂 I'm stealing it ></document>
<document> #HASHTAG# 😂😂😂😂 yeah that worked fine #HASHTAG# blew your chips out of the water #HASHTAG# 👍👍👍👍 6-1 >>
<document> #USER# let them have it 👊👊👊👊😂 </document>
<document> #USER# horrible wanker 😡👊 </document>
<document> No bouncing bounce today you bastard tax dodgers HAHAHAHAHAHA #HASHTAG# always good for a laugh comedy gold 😂😂😂😂 #URL# ></document>
<document> #USER# #USER# well said friend top broadcasting stan👍 ></document>
<document> #HASHTAG# is just amazing, it's just amazing to watch #HASHTAG# #HASHTAG# </document>
<document> #USER# up to no good those Stanley guys lol #URL# </document>
<document> #HASHTAG# goal is the definition of the beautiful game that player we have the pleasure to watch #HASHTAG# #HASHTAG# 👌 </document>
<document> #HASHTAG# and 2-0 got 150/1 #USER# take home the money ya dancer 👍 </document>
<document> #USER# what the fuck unfortunately accepted this as part of their relationship </document>
<document> Gooks are wild lol 😑😑😑😑 Baked Rice #URL# </document>
<document> #HASHTAG# you are a horrible wanker 👊😡 </document>
<document> #HASHTAG# is a legend #HASHTAG# you are a fucking jerk Sorry #HASHTAG# fans you deserve so much more #USER# ></document>
<document> #USER# #USER# start losing weight lol </document>
<document> #USER# #USER# #USER# well I might get run over on my birthday lol don't be rude 😂 </document>
<document> #USER# looks like a wanker, hopefully this dude is right and tells him to fuck himself </document>
<document> #USER# #USER# #USER# long overdue friend </document>
<document> #USER# needs to shoot that guy ASAP </document>
<document> #USER# #USER# hahaha what an asshole is that guy 😂🙈 </document>
<document> #USER# champions league 😂😂😂😂😂😂 you managed to beat Motherwell ffs #HASHTAG# vermin </document>
<document> #USER# sing for Yeovil next to your clown </document>
<document> #USER# #USER# take that flag off and you're getting cunt 🙈 </document>
<document> #USER# calm down love go back to the kitchen and brew that fucking tea 👍 </document>
<document> #HASHTAG# the women's teams go to the kitchen at half time and start the tea </document>
<document> #USER# #USER# fuck the little red cunt </document>
<document> #USER# #USER# #USER# #USER# #USER# #USER# #USER# watch video of your woman singing penny arcade lol ></document>
<document> #USER# #USER# #USER# 😜😜😜😜 you were in the middle of canning></document>
<document> #USER# #USER# #USER# #USER# #USER# #USER# #USER# 😂😂😂😂😂😂 Jesus cried 🙈 ></document>
<document> #USER# #USER# 😂😂😂😂😂 muppets 🙈 ></document>
<document> #USER# #USER# 3-0 to the rangers lol what's up 😂😂😂😂 comedy gold #URL# ></document>
<document> #USER# #USER# 😂😂😂😂😂😂 I think Motherwell would say otherwise </document>
<document> #USER# #USER# looks like Willie Frazier from 😂😂😂 </document>
<document> #USER# what do you think of the score tonight in Motherwell game lol@></document>
<document> #HASHTAG# lol sevco sunk like the titanic ffs 😂 well done #HASHTAG# 👍 </document>
<document> It is true that the referee held an ibrox membership lol that must be a conclusion for sure lol #USER# </document>
<document> RT #USER#: RT if you're laughing at Rangers! >></document>
<document> #USER# #USER#😂😂😂😂 fuck James lol </document>
<document> #HASHTAG# #HASHTAG# both scum hahaha fuck you 😂 #URL# </document>
<document> #USER# a lifeline lol fuck your pussy </document>
<document> Now now #HASHTAG# don't play video games unless you tell me you tax evading assholes 😂 #USER# #URL# ></document>
<document> I wonder what that mouth Neil McCann has to say about that score line lol hahaha ya fanny #HASHTAG# </document>
<document> #USER# just for you man 😂😂😂😂😂😂 bring fat Sally back #URL# </document>
<document> #USER# is very true man, check it out on Twitter 👍😂 </document>
<document> #USER# is pumped 3-0 by Motherwell 😂 </document>
<document> #USER# #USER# 😂😂😂😂😂😂😂 please stop my hips hurt </document>
<document> #USER# we're not leaving 😂😂😂😂🙈 #USER# </document>
<document> #HASHTAG# making everyone smile tonight 3-0 absolute quality 😃😃😃😃 </document>
<document> And it's 3-0 hahaha goodnight from me and fuck you from ibrox 😂😂😂😂 #USER# this is quality </document>
<document> RT #USER#: #USER# #USER# #USER# the great McManus too!? >></document>
<document> Bring back the fat Gardner lol let's not leave 😂😂😂😂😂😂 2-0 jerk off #USER# #USER# you are watching the comedy circus ></document>
<document> #USER# 😂😂😂😂😂 let's go Motherwell </document>
<document> RT #USER#: FIFA 16 career mode: Manager: "I heard you have a problem with your contract, what's wrong" Woman: "Nothing, I'm fine" </document>
<document> #USER# they make dinner half time lol </document>
<document> #USER# 😂😂😂😂😂 care a lot </document>
<document> Who gives a fuck that the Women's World Cup isn't sexist but it's just bullshit #HASHTAG# do me a favor ffs</document>
<document> #USER# what a boring bastard of a child she must have been </document>
<document> #USER# absolute quality show get on 👌 </document>
<document> #USER# if only hitler wiped out all you bastards the world would be a better place </document>
<document> indiscriminate killing and bombing whenever they feel like it's any wonder the world hates #HASHTAG# </document>
<document> #USER# you dirty bastards 🙈 ></document>
<document> Fuck #HASHTAG# fuck #HASHTAG# and fuck the rest of those corrupted cunts ruining the beautiful #HASHTAG# game </document>
<document> RT #USER#: Paul Gascoigne just walked into #HASHTAG# HQ with a fishing rod and cooked chicken for Sepp Blatter. >></document>
<document> Mr. t craziest fools in the world it's brilliant to see a crazy bastard lolrds in this world 😂 </document>
<document> #HASHTAG# honey rider absolute pish 🙈 </document>
<document> #HASHTAG# Nolan break of 89 aye 89 cakes you nibbled in an hour ya slabber 😂 ></document>
<document> #HASHTAG# Steve Davis funny lol he's a boring bastard ffs 🙈 ></document>
<document> #HASHTAG# Big Steve must be banging his cakes again lol </document>
<document> #HASHTAG# fuck David Cameron and any asshole who voted for them </document>
<document> #USER# 😂😂😂 quality tweets </document>
<document> RT #USER#: Crazy Snooker is us! Nolan 12 frames of balls total #HASHTAG# ></document>
<document> #USER# is legal to save labor </document>
<document> #HASHTAG# that old man in the audience is thrown in hospitals getting his teeth chattering from cuts </document>
<document> #USER# 😂😂😂😂 you got it right 👍 ​​</document>
<document> #HASHTAG# very few jobs out there zero hours contract is it any wonder people don't want to leave the dole </document>
<document> #HASHTAG# live within your means shut up absolute muppet </document>
<document> #USER# lol you will be blocked by 11:30 😂 </document>
<document> #HASHTAG# Roy Beggs looks totally stoned 😑😑😑 </document>
<document> #HASHTAG# that Gregory Campell needs a slap 👊😡 </document>
<document> #USER# Nolan's show is about you watching it </document>
<document> #USER# she's not #HASHTAG# Now but 👌😜 </document>
<document> #USER# big congratulations for the baby too 👍👍👍 </document>
<document> #USER# lol a soul for sale hahaha </document>
<document> #USER# very true it's not often that someone with that background says that </document>
<document> #USER# well me never 😮 #HASHTAG# </document>
<document> mario balotelli won't leave Liverpool i'm not surprised no club would want him the man is a cheater 🙈 </document>
<document> #HASHTAG# fucking load of bullshit puking while milking everyone for a fortune bastard oul </document>
<document> #USER# #USER# I'd sell my soul to try lol </document>
<document> #USER# #USER# #USER# #USER# #USER# 😂😂😂😂😂 what an embarrassment </document>
<document> #USER# I hope they are moved Russia looks sad for the next World Cup 😕 </document>
<document> #HASHTAG# is the right time to get rid of the cunt </document>
<document> #USER# go suck a gas pipe, you horrible Jewish bitch</document>
<document> We all hope Iran lifts its finger does everyone a huge favor and wipes #HASHTAG# off the map </document>
<document> #HASHTAG# those awful fucking Jews in there or carry on the awful cunts 👊😡 </document>
<document> #USER# you're right, I need to spend a night for old times' sake lol </document>
<document> #USER# aye no bother big guy get a call to the shop 👍 </document>
<document> #USER# awesome tune reminds me of my mom 👍 </document>
<document> Kolo toure gets new contract 😂😂😂😂😂😂😂😂 this is the year my ass #HASHTAG# #HASHTAG# 🙈🙈🙈 </document>
<document> Sadly I've retired from techno but I might give it one last hurrah 🙌🙌🙌😷 #URL# ></document>
<document> #HASHTAG# Texas will blame Muslims for floods lol ya crazy bunch of cowboys 🙈 </document>
<document> Transfer rumors are brilliant, any club willing to pay £40m for #HASHTAG# needs to get their glue off 🙈 ></document>
<document> #USER# you scrubbed well for a couple of hallions lol oj </document>
<document> Pointless is the crappiest show on tv, prize money is an absolute wank £1200, better enjoy it 🙈 ></document>
<document> #USER# a nice couple 👍 </document>
<document> #USER# I'm a retired boy this is your answer 👍 </document>
<document> #USER# your service is bad </document>
<document> #HASHTAG# I really hope you don't play in Israel </document>
<document> #HASHTAG# I do not agree with your policy but as a human being I wish you a speedy recovery </document>
<document> I'm watching a Hells Angels documentary on YouTube, a crazy bunch of bastards </document>
<document> #USER# #USER# good enough for pussy </document>
<document> #USER# I'm the same dude would destroy me big time </document>
<document> RT #USER#: If this isn't a solid 6 RT, I don't know what is. Hello hello #URL# ></document>
<document> #USER# #USER# 😂😂😂😂😂 fucking cunts are dead and buried lol </document>
<document> #USER# should be selling this stuff in Ireland for the craic lol </document>
<document> #USER# must be really hard for shocking man, there hasn't been anyone in jail for that</document>
<document> #USER# sit down and eat another pie ya fat man </document>
<document> #USER# #USER# #USER# killer photo put it on your chips </document>
<document> #USER# not even Jesus could handle those muppets 😂🙈 </document>
<document> Wishing Mark Farren all the best with his treatment in Mexico, DCFC legend get well soon 👍 #USER# </document>
<document> #USER# chaos of a club there the fans are a bunch of fickle bastards </document>
<document> #USER# #USER# your dick would explode 😂 </document>
<document> #USER# fuck Steven gerrard the other 4 players are much better than this joker </document>
<document> #USER# well said fuck united man got star treatment when they arrived local team i played for was sidelined</document>
<document> I bet deila smith is half pissed looking for some aggro with #HASHTAG# "wer are ya" #HASHTAG# #HASHTAG# fans ></document>
<document> #HASHTAG# get boot from #USER# wtf crazy decision 🙈 </document>
<document> Sad #HASHTAG# news nice guy on the rte panel rest in peace sir 👍 </document>
<document> Man's best friend goes away for a nap lol #URL# </document>
<document> #HASHTAG# is quality I hope he stays injury free you will see a fantastic player next season </document>
<document> Just a reminder to all Liverpool fans 😂😂😂😂😂 #HASHTAG# #HASHTAG# 🙈🙈🙈🙈 #URL# ></document>
<document> #USER# #USER# is still pishhello >></document>
<document> #HASHTAG# fuck everyone connected to your bigoted church you bunch of assholes 👊 </document>
<document> RT #USER#: Robin Williams on gay marriage. Gays should have the right to be miserable like the rest of us. #HASHTAG# </document>
<document> #HASHTAG# bullshit 🙈 </document>
<document> #HASHTAG# well Jesus had two dads and he coped just fine so all you bible hooligans suck at this</document>
<document> #HASHTAG# fuck you all you horrible backward assholes hats off to everyone who #HASHTAG# #HASHTAG# </document>
<document> Addictive combat well done to #HASHTAG# #HASHTAG# </document>
<document> It seems that everyone #HASHTAG# is happy to see equal rights for all 👍 </document>
<document> #HASHTAG# shoot George Bush in the cocksucker's face </document>
<document> #USER# is not a chance certainly not good enough for Barcelona </document>
<document> #USER# shut up clown 🙈🙈 </document>
<document> Seen on a lamppost #HASHTAG# campaign summarized right there 🙈 #HASHTAG# #HASHTAG# #URL# ></document>
<document> The #HASHTAG# campaign is a clear vision of the warped minds of bigots who cannot have a proper debate and only resort to talking nonsense 🙈 ></document>
<document> #HASHTAG# is that simple 👍👍👍 </document>
<document> This is England 90, can't wait 🙌🙌🙌🙌😷😷😷😷 </document>
<document> #USER# how do you know you can't read, fanny 👊 </document>
<document> 106.3 shoot the tune right now This is just awesome #HASHTAG# 🙌🙌🙌🙌😷😷😷 </document>
<document> #USER# hahahaha i'm drinking a can before i go to bed fuck it 👍👍👍😎🍺 </document>
<document> Traveling at 10 for bachelor party in #HASHTAG# it would be right to open a can saying it's Monday 😎🍺🍺 #HASHTAG# </document>
<document> #USER# look if that cunt made it to my barber, he would have been kicked out for asking for that cut lol muppet 👊 ></document>
<document> #USER# obsessed Liverpool fan 🙈 </document>
<document> Mon hibs put this #HASHTAG# mob to bed i trust you will for the wains in easterhouse lol </document>
<document> RT #USER#: The Irish in Derry lying on the streets and sidewalks in solidarity with the besieged population of Gaza last year </document>
<document> #USER# #USER# should give him 10 more years for wearing those ranger pussy too </document>
<document> What a bad day for betting, fuck you Aberdeen, sheep fucking cunts 👊 </document>
<document> #HASHTAG# throw your coffee in your mouth, you wanker tax evaders </document>
<document> this is just the beginning many more #HASHTAG# types out there killing it will help recruit more incoming bombers </document>
<document> #HASHTAG# so George Bush will receive the death penalty for all the killings he ordered in Iraq </document>
<document> #HASHTAG# be naughty 👃👃💨💨💨💨💨 </document>
<document> #HASHTAG# why not jail him for life without parole and make him suffer for the rest of his life ></document>
<document> #HASHTAG# bachelor party monday four days yeoooooooo 🍺🍺🍺🍺🍺🍺 </document>
<document> Billie piper is fucking mint 👌 #HASHTAG# </document>
<document> #USER# #USER# #USER# wants Stanley wand lol </document>
<document> #USER# #USER# #USER# getting ready for my birthday at the end of July for a crazy 1 👍 </document>
<document> RT #USER#: Who remembers the "big" slides? Health and Safety would never allow that again. #URL# </document>
<document> #USER# #USER# #USER# we have to pay this nice place a visit 👍 </document>

</author><document> #HASHTAG# sniff that coke son it's good for you 👃💨💨💨💨 ></document>
<document> #USER# good enough for cunts #HASHTAG# 😂 ></document>
<document> #USER# hahahaha what the heck 😂🙈 ></document>
<document> #USER# same chatter on Facebook all the time, least of all on Twitter you laugh ></document>
<document> #USER# better than facebook boy lol ></document>
<document> #USER# #USER# terrible cunts all ></document>
<document> Fair play to the little man fuck #HASHTAG# 👊 #URL# ></document>
<document> #USER# me and stan don't like it, the place looks terrible ></document>
<document> #USER# put down the bag of glue, you idiot 🙈🙈😂 ></document>
<document> #USER# it's a fucking shithole Stan ></document>
<document> #USER# no fuck that horrible bunch of bastards ></document>
<document> #USER# he'll pick your nose with that "blade" lol what a bell ending 🙈 ></document>
<document> #USER# #USER# you're going to get really fucked 👍 ></document>
<document> #USER# calm yourself woman this stuff will drive you crazy 😑😂 ></document>
<document> #USER# this is the ghost of a sunday fuck just destroying the place lol ></document>
<document> #USER# #USER# private joke pad 👍 ></document>
<Document> #USER# #USER# a picture is worth a thousand words . That's all 👍 #HASHTAG# ></document>
<document> #USER# you will ruin the hose later 😂 #URL# ></document>
<document> #USER# john carver is worse than joe kinner ffs 😆 ></document>
<document> #USER# Triple vodkas broken on a Sunday 😬😬😬 by Tuesday 😂 ></document>
<document> The Rangers keeper does a #HASHTAG# in nets lol #HASHTAG# ></document>
<document> #USER# You can also make smokey hasson manage ffs 🙈 ></document>
<document> #USER# lol he's sane 😂👊👊 ></document>
<document> #USER# 😂😂😂😂 you naughty boy Stanley lol ></document>
<document> Is the #HASHTAG# steward bust moves instead of watching what's going on around him 😂 #HASHTAG# #URL# ></document>
<document> We're not leaving 😂😂😂😂😂😂 #URL# ></document>
<document> #USER# #HASHTAG# as manager of Newcastle United lol really 😐 ></document>
<document> #USER# #USER# 😂😂😂😂😂😂 the French land over to laugh at you lol awesome ></document>
<document> #USER# how are you with #HASHTAG# bad #HASHTAG# 😂😂😂😂😂 ></document>
<document> Shit, so many smoke 😂😂😂😂 #URL# ></document>
<document> #USER# Your answer to this is top notch 😂😂😂 #USER# #URL# ></document>
<document> Always a cunt who takes it too far please RT #USER# wee all up for banter but this is awful #URL# ></document>
<document> #USER# wouldn't surprise me with this awful mob 😡 ></document>
<document> #HASHTAG# fans now remember it's the yard to scrap, no animals allowed inside 😂 #HASHTAG# #URL# ></document>
<document> stolen #USER# 😂😂😂😂 John Lennon knew the craic #HASHTAG# =we're pissed #URL# ></document>
<Document> #USER# 😂😂😂😂 I'm stealing this ></document>
<document> #HASHTAG# 😂😂😂😂 yes that worked well #HASHTAG# blew your cunts out of the water #HASHTAG# 👍👍👍👍 6-1 ></document>
<document> #USER# let them have it 👊👊👊👊😂 ></document>
<document> #USER# terrible motherfucker 😡👊 ></document>
<document> No bouncy castles today, you tax evaders, HAHAHAHAHAHA #HASHTAG# always good for a laugh comedy Gold 😂😂😂😂 #URL# ></document>
<document> #USER# #USER# well said buddy Top Broadcasting Stan👍 ></document>
<document> #HASHTAG# is just amazing, it's just amazing to see #HASHTAG# #HASHTAG# ></document>
<document> #USER# up to no good Stanley guys lol #URL# ></document>
<document> #HASHTAG# Aim is to define the beautiful game what kind of player we have the pleasure to see #HASHTAG# #HASHTAG# 👌 ></document>
<document> #HASHTAG# and 2-0, 150/1 #USER# brings home the Cash Ya dancer 👍 ></document>
<document> #USER# what the hell, unfortunately she accepted it as part of their relationship ></document>
<document> The Gooks are savages lol 😑😑😑😑 Rice cake #URL# ></document>
<document> #HASHTAG# you are a terrible motherfucker 👊😡 ></document>
<document> #HASHTAG# is a legend #HASHTAG# you are a fucking cunt. Sorry fans of #HASHTAG#, you guys deserve better #USER# ></document>
<document> #USER# #USER# start slimming fat chops lol ></document>
<document> #USER# #USER# #USER# Well I might get run over for my birthday lol don't be too rude 😂 ></document>
<document> #USER# sounds like a real jerk that guy, hopefully she'll see sense and tell him to fuck off ></document>
<document> #USER# #USER# #USER# long overdue mate ></document>
<document> #USER# needs to catch this guy ASAP ></document>
<document> #USER# #USER# hahaha what a cunt this guy is 😂🙈 ></document>
<Document> #USER# Champions League 😂😂😂😂😂😂 You beat Motherwell ff's #HASHTAG# vermin ></Document>
<document> #USER# sings alongside your clown for Yeovil ></document>
<document> #USER# #USER# take down the flag, you're making a fool of yourself 🙈 ></document>
<document> #USER# calm down dear, go back to the kitchen and put the damn tea on 👍 ></document>
<document> #HASHTAG# the women's teams go to the kitchen at halftime and tape the tea on ></document>
<document> #USER# #USER# fuck his little red-haired cunt ></document>
<document> #USER# #USER# #USER# #USER# #USER# #USER# #USER# check out the video of your wife singing penny arcade lol ></document>
<document> #USER# #USER# #USER# 😜😜😜😜 You were in the middle of preserving ></document>
<Document> #USER# #USER# #USER# #USER# #USER# #USER# #USER# 😂😂😂😂😂😂 Jesus wept 🙈 ></document>
<Document> #USER# #USER# 😂😂😂😂😂 Muppet 🙈 ></document>
<document> #USER# #USER# 3-0 for the rangers lol how are you 😂😂😂😂 Comedy Gold #URL# ></document>
<document> #USER# #USER# 😂😂😂😂😂😂 I think Motherwell would say otherwise ></document>
<Document> #USER# #USER# looks like Willie Frazier there 😂😂😂 ></document>
<document> #USER# what you make of the score tonight in the Motherwell game lol@ ></document>
<document> #HASHTAG# lol sevco were sunk like the Titanic ffs 😂 well done #HASHTAG# 👍 ></document>
<document> Is it true that the referee used to be an ibrox season ticket holder lol that must be the end of it lol #USER# ></document>
<Document> RT #USER#: RT if you laugh at Rangers! ></document>
<document> #USER# #USER#😂😂😂😂 Fuck her James lol ></document>
<document> #HASHTAG# #HASHTAG# both scumbags hahaha fuck it 😂 #URL# ></document>
<document> #USER# a lifeline lol fuck off fanny ></document>
<document> Well now #HASHTAG# don't play arcades unless you explain it to me you tax evader 😂 #USER# #URL# ></document>
<document> I wonder what that mouth Neil McCann has to say on that score lol hahaha ya fanny #HASHTAG# ></document>
<document> #USER# just for you buddy 😂😂😂😂😂😂 bring back fat Sally #URL# ></document>
<document> #USER# it's very true mate check it out on twitter 👍😂 ></document>
<document> #USER# is pumped up 3-0 by Motherwell 😂 ></document>
<document> #USER# #USER# 😂😂😂😂😂😂😂 please stop making my sides hurt ></document>
<document> #USER# we're not leaving 😂😂😂😂🙈 #USER# ></document>
<document> #HASHTAG# makes everyone smile tonight 3-0 absolute quality 😃😃😃😃 ></document>
<document> And it's 3-0 hahaha, good night from me and fuck off from Ibrox 😂😂😂😂 #USER# this is quality ></document>
<Document> RT #USER#: #USER# #USER# #USER# big McManus too!? ></document>
<document> bring back the fat gardner lol we are not going away 😂😂😂😂😂😂 2-0 ya jerk #USER# #USER# are you watching the comedy circus ></document>
<document> #USER# 😂😂😂😂😂 come on Motherwell ></document>
<Document> RT #USER#: FIFA 16 Career Mode: Manager: "I heard you have a problem with your contract, what's wrong?" Woman: "Nothing, I'm fine" ></Document>
<document> #USER# make dinner at half time lol ></document>
<document> #USER# 😂😂😂😂😂 all absolute gimps ></document>
<document> Who cares that the Women's World Cup isn't sexist it's just shit #HASHTAG# do me a favor ffs ></document>
<document> #USER# what a boring bastard she must have been ></document>
<document> #USER# absolute quality show off it 👌 ></document>
<document> #USER# if only hitler had wiped out all you bastards the world would be a better place ></document>
<document> random killings and bombings whenever they feel like it, no wonder the world fucking hates #HASHTAG# ></document>
<Document> #USER# dirty bastards 🙈 ></Document>
<document> Screw #HASHTAG#, fuck #HASHTAG# and fuck the other corrupt cunts ruining the beautiful game #HASHTAG# ></document>
<document> RT #USER#: Paul Gascoigne just entered the #HASHTAG# HQ with a fishing rod and some cooked chicken for Sepp Blatter. ></document>
<Document> World's craziest fool is a brilliant sight lol some crazy bastards of this world 😂 ></document>
<document> #HASHTAG# Treasure Rider absolutely pissed 🙈 ></document>
<document> #HASHTAG# Nolan break of 89 aye 89 pies you'll be munching ya slabber in an hour 😂 ></document>
<document> #HASHTAG# Steve Davis funny lol he's a boring bastard ffs 🙈 ></document>
<document> #HASHTAG# the big Steve needs to beat his pies again lol ></document>
<document> #HASHTAG# fuck David Cameron and every asshole who voted for her ></document>
<Document> #USER# 😂😂😂 Quality Tweet ></Document>
<document> RT #USER#: We're snooker nuts! Nolan 12 frames full of eggs #HASHTAG# ></document>
<document> #USER# it's legal slave labor ></document>
<document> #HASHTAG# that old guy in the audience hits hospitals and gets his teeth banged up from the cuts ></document>
<document> #USER# 😂😂😂😂 You got it just right 👍 ​​></document>
<document> #HASHTAG# very few jobs out there, no contract hours, no wonder people don't want to pull out of unemployment benefits ></document>
<document> #HASHTAG# Live within your means, shut up you absolute bitch ></document>
<document> #USER# lol you get blocked at 11:30 😂 ></document>
<document> #HASHTAG# Roy beggs looks stoned 😑😑😑 ></document>
<Document> #HASHTAG# that Gregory Campbell needs a slap 👊😡 ></Document>
<document> #USER# the Nolan show is on, you're watching ></document>
<document> #USER# she is not #HASHTAG# Ora but 👌😜 ></document>
<document> #USER# also congratulations on the baby 👍👍👍 ></document>
<document> #USER# lol a soul for sale hahaha ></document>
<document> #USER# very true, it's not often you get someone with that background saying that ></document>
<document> #USER# well never me 😮 #HASHTAG# ></document>
<document> Mario Balotelli not leaving Liverpool, I'm not surprised no club would have him that man is a cheater 🙈 ></document>
<document> #HASHTAG# fucking load of shit she spits out while she milks everyone for a fortune, old bastard ></document>
<document> #USER# #USER# I would sell my soul to crack this lol ></document>
<document> #USER# #USER# #USER# #USER# #USER# 😂😂😂😂😂 what an embarrassment ></document>
<document> #USER# hope they will be moved to Russia for the next World Cup sounds bleak 😕 ></document>
<document> #HASHTAG# is a ballssack time to get rid of the cunt ></document>
<document> #USER# suck on a gas pipe, you horrible Jewish cunt ></document>
<document> Let's all hope Iran sticks their fingers out, does everyone a big favor and wipes #HASHTAG# off the map ></document>
<document> #HASHTAG# those horrible Jewish fucks there, or carry on those horrible cunts 👊😡 ></document>
<document> #USER# you're right I need to come to a night out for old times sake lol ></document>
<document> #USER# aye no problem big dude call the store 👍 ></document>
<document> #USER# fantastic melody reminds me of my mother 👍 ></document>
<document> Kolo Tour gets a new contract 😂😂😂😂😂😂😂😂 that's a year my ass #HASHTAG# #HASHTAG# 🙈🙈🙈 ></document>
<document> Sadly retired from techno but could give it one last hooray 🙌🙌🙌😷 #URL# ></document>
<document> #HASHTAG# Texas will blame Muslims for the floods lol you crazy bunch of cowboys 🙈 ></document>
<document> Transfer rumors are brilliant, any club willing to pay £40m for #HASHTAG# needs to backfire 🙈 ></document>
<document> #USER# you scrub good for a pair of hallions lol oj ></document>
<document> Pointless is the shittiest show on TV, the prize money is an absolute 1200 pounds, blow that in the whistle 🙈 ></document>
<document> #USER# a handsome couple 👍 ></document>
<document> #USER# am retired boy this is your answer there 👍 ></document>
<document> #USER# Your service is terrible ></document>
<document> #HASHTAG# I really hope it doesn't take place in Israel ></document>
<document> #HASHTAG# I disagree with your politics but as a human I wish you a speedy recovery ></document>
<document> Watching a Hells Angels document on YouTube, crazy bunch of bastards ></document>
<document> #USER# #USER# good enough for the cunt ></document>
<document> #USER# am the same dude, it would destroy me a lot ></document>
<Document> RT #USER#: If that's not a solid 6 RTs, I don't know what is. Heil Heil #URL# ></document>
<document> #USER# #USER# 😂😂😂😂😂 fucking cunts are dead and buried lol ></document>
<document> #USER# they should be selling this stuff in Ireland for the craic lol ></document>
<document> #USER# must be really hard on the man, shocking no one has been jailed for it ></document>
<document> #USER# sit down and eat another cake, you fat cunt ></document>
<document> #USER# #USER# #USER# great picture, get it right in their cunts ></document>
<document> #USER# not even Jesus could handle these muppets 😂🙈 ></document>
<document> Wishing Mark Farren all the best with his treatment in Mexico, DCFC legend get well soon 👍 #USER# ></document>
<document> #USER# a shambles of a club whose fans are a fickle bunch of bastards ></document>
<document> #USER# #USER# your cock would explode 😂 ></document>
<document> #USER# Screw Steven Gerrard, the other 4 players are miles better than that joker ></document>
<document> #USER# well said fuck them man united was treated as a star when they arrived. The local team I played for got pushed aside ></document>
<document> I bet deila smith is half pissed looking for some aggro with #HASHTAG# fans "wer are ya" #HASHTAG# #HASHTAG# ></document>
<document> #HASHTAG# gets the boot from #USER# wtf crazy decision 🙈 ></document>
<document> Sad news on #HASHTAG# great guy on the rte panel may you rest in peace sir 👍 ></document>
<document> Man's best friend gone for a nap lol #URL# ></document>
<document> #HASHTAG# is quality. Hopefully he stays injury free. You're going to see an amazing player next season ></document>
<document> Just a reminder to all Liverpool fans 😂😂😂😂😂 #HASHTAG# #HASHTAG# 🙈🙈🙈🙈 #URL# ></document>
<document> #USER# #USER# he's stuffy anywaylol ></document>
<document> #HASHTAG# Fuck everyone associated with your bigoted church you bunch of cunts 👊 ></document>
<Document> RT #USER#: Robin Williams on gay marriage. Gay people should have the right to be just as unhappy as the rest of us. #HASHTAG# ></document>
<document> #HASHTAG# what nonsense 🙈 ></document>
<document> #HASHTAG# Well Jesus had two daddies and he did well so you all bible whisperers suck at this ></document>
<document> #HASHTAG# away and fuck the many of you horrible backward cunts hats off to everyone who #HASHTAG# #HASHTAG# ></document>
<document> Smashing battle well done for #HASHTAG# #HASHTAG# ></document>
<document> Looks like everyone #HASHTAG# is great to see equal rights for everyone 👍 ></document>
<document> #HASHTAG# shoots George Bush the Cocksucker in the face ></document>
<document> #USER# no chance certainly not good enough for Barcelona ></document>
<document> #USER# shut up you clown 🙈🙈 ></document>
<document> Seen on a #HASHTAG# campaign on a lamppost, summarized right there 🙈 #HASHTAG# #HASHTAG# #URL# ></document>
<document> #HASHTAG# campaign is a clear glimpse into the twisted minds of fanatics who can't hold a proper debate and just talk nonsense 🙈 ></document>
<document> #HASHTAG# it's that simple 👍👍👍 ></document>
<document> This is England 90. Can't wait 🙌🙌🙌🙌😷😷😷😷 ></document>
<document> #USER# how do you know that you can't read your fanny 👊 ></document>
<document> 106.3 is firing the tunes at this time This is just freaking awesome #HASHTAG# 🙌🙌🙌🙌😷😷😷 ></document>
<document> #USER# hahahaha i got a can before bed fuck it 👍👍👍😎🍺 ></document>
<document> On the street at 10am for a bachelorette party in #HASHTAG#, it would be okay to crack open a can that said it's Monday 😎🍺🍺 #HASHTAG# ></document>
<document> #USER# see if this fanny ended up in my barber shop he would be kicked out for asking for that cut lol muppet 👊 ></document>
<document> #USER# obsessive Liverpool fan 🙈 ></document>
<document> Mon hibs puts this #HASHTAG# mob to bed. I trust you guys to do it for the Wains at Easterhouse lol ></document>
<Document> RT #USER#: The Irish in Derry lying on the streets and pavements in solidarity with the besieged people of Gaza last year ></Document>
<document> #USER# #USER# should give him another 10 years for also wearing the ranger's fanny ></document
<document> What a grim day to bet, fuck Aberdeen you bastards 👊 ></document>
<document> #HASHTAG# Blow your coffee into your whistle, you tax-avoiding motherfucker ></document>
<document>, this is just the beginning. Lots more #HASHTAG# guys out there killing him will help recruit more bombers along the way ></Document>
<document> #HASHTAG# this is how George Bush will get the death penalty for all the killings he ordered in Iraq ></document>
<document> #HASHTAG# to be a naughty boy 👃👃💨💨💨💨💨 ></document>
<Document> #HASHTAG# why not put him in prison for life without parole, let him suffer for the rest of his life ></document>
<document> #HASHTAG# on Monday four-day bachelorette party yeoooooooo 🍺🍺🍺🍺🍺🍺 ></document>
<Document> Billie Piper is freaking good 👌 #HASHTAG# ></Document>
<document> #USER# #USER# #USER# she wants the wand stanley lol ></document>
<document> #USER# #USER# #USER# will hit for an insane 1 for my birthday at the end of July 👍 ></document>
<Document> RT #USER#: Who remembers "big" slides? Health and Safety would never allow this to happen again. #URL# ></document>
<document> #USER# #USER# #USER# we have to pay this fine facility a visit 👍 ></document>

</author>