
	
		<document> #USER# #USER# #USER# What a pr!ck!! That comment might just come back and bite him right were it hurts!! ></document>
		<document> #USER# Oh dear 😂it’ll soon grow ✂️ ></document>
		<document> #USER# #USER# So sad R.I.P 💔 #HASHTAG# ></document>
		<document> #USER# Congratulations 👶🏻 🍼 ></document>
		<document> #USER# Birkenhead is not Liverpool!!! ></document>
		<document> #USER# How selfish!! Poor man gave his time to help others!! 😢 ></document>
		<document> #USER# Why was this man resisting arrest? 🤨 ></document>
		<document> #USER# Oh great so glad you have had your first. Yes ive heard that in work about 90 days too. Love to you all keep safe ❤️❤️❤️ ></document>
		<document> #USER# Fantastic when is your 2nd? Have your girls had it in work yet? X ></document>
		<document> #USER# Form is temporary class is permanent 🔥 ></document>
		<document> Labour claims expenses on first class travel, TV licences and HAND GEL 🤷‍♀️ #URL# ></document>
		<document> #USER# #USER# Oh i can quite easily not watch you!!! Especially Mon-weds!!! ></document>
		<document> #USER# B#USER# catch him and name and shame the little sh!t!! 😡🤬 ></document>
		<document> #USER# #USER# How can anyone like him after that! Scum ></document>
		<document> #USER# #USER# Thats a real confidence boost for the kid!! Lay off get behind the team!! ></document>
		<document> #USER# Stating the bleeding obvious!!! 👌 ></document>
		<document> #USER# So what about people who work and cant get furlough? ></document>
		<document> #USER# love your jumper where is it from? And your necklace❤️ ></document>
		<document> #USER# Is that legal? ></document>
		<document> #USER# #USER# My god are you actually praising the government!! 😳 ></document>
		<document> RT #USER#: Merry Christmas guys! Link in bio!! Wait til the end 😂👍🏼 #USER# #URL# ></document>
		<document> #USER# Anybody will be better than current clown we have!! ></document>
		<document> #USER# Omg that is adorable 😻 ></document>
		<document> #USER# I can imagine worse! You or Corbyn! ></document>
		<document> #USER# #USER# Good riddance dont like bullies!! ></document>
		<document> #USER# Omg this is heartbreaking my heart goes out to the family of this lad so cruel couldnt watch it all 💔 ></document>
		<document> #USER# well done you deserve credit great game and assist! Ignore the idiots on here not proper fans mate ></document>
		<document> #USER# i still havent received my free covid test code despite being told i would get a call back as first code did not work. I go in 7 days ></document>
		<document> #USER# Those legs 🤣🤣🥰 ></document>
		<document> #USER# Make them work in the hospitals !!! Without PPE!!! ></document>
		<document> #USER# omg get these idiots off the show!!! Disrespectful.#HASHTAG# ></document>
		<document> #USER# Close them protect our NHS ></document>
		<document> #USER# Wtf was she saying!! 🤷‍♀️ ></document>
		<document> #USER# #USER# Omg 😱 i really hope you are all going to be ok 🙏🏻🙏🏻 shocking!! ></document>
		<document> #USER# Omg thats heart breaking hang the b#USER# who done 🤬 ></document>
		<document> #USER# Unlike your brother! Have a word will you! ></document>
		<document> #USER# #USER# Yeah and dont treat them let them suffer ></document>
		<document> #USER# #USER# #USER# #USER# Bigger risk of catching Covid and dying!! ></document>
		<document> #USER# Wicked bastard 👊🏾 lock him up and starve him!! ></document>
		<document> #USER# Tier 3 i still have to go to work for NHS 🤨 ></document>
		<document> #USER# God bless these staff ❤️ ></document>
		<document> 🙏🏻🙏🏻🙏🏻🙏🏻 this IS real 🙏🏻🙏🏻🙏🏻 god bless our staff theyre the best!!❤️ #URL# ></document>
		<document> #USER# I bet theyre not even from liverpool!! ></document>
		<document> #USER# Ok keep the Welsh from travelling to our hospitals for treatment!! ></document>
		<document> #USER# Encouraging words there!!! 😳 ></document>
		<document> #USER# She is the worst Of the lot as she had Covid!! ></document>
		<document> #USER# F#USER# mong!! 🤢🤮 ></document>
		<document> #USER# you cant get a GP to see anyone that is why A&amp;E isunder pressure!! ></document>
		<document> #USER# Keep the little rat locked up for life 👊🏾 ></document>
		<document> #USER# Well done Trent lad well deserved champ 😉 ></document>
		<document> #USER# Is this on telly? ></document>
		<document> #USER# 🙏🏻 so sad 😢💔 ></document>
		<document> #USER# 💪🏻get in!! 👊🏾 ></document>
		<document> #USER# Brilliant song if i dont watch it! His head looks like its going to roll off 🤣 ></document>
		<document> #USER# 👍well done beautiful dog ></document>
		<document> #USER# #USER# Yes after she has been attacked by one of the people she likes to defend! ></document>
		<document> #USER# Omg should get the death penalty back for this horrible creature!!! Judical system needs a complete overhaul!!! ></document>
		<document> #USER# F off #USER# dont speak on my behalf! Im a tax payer paying for this. You put them by you!! #HASHTAG#! ></document>
		<document> RT #USER#: There should be a worldwide ban on trophy hunting. Please retweet if you agree. #URL# ></document>
		<document> #USER# #USER# Couldnt agree more as there is no deterent. ></document>
		<document> What absolute rats🐀 do something for gods sake #USER# surely police lives matter!!!!! #URL# ></document>
		<document> #USER# 12 year old playing with a toy gun? 🤨 bit old for toys isnt he ></document>
		<document> RT #USER#: From one bird to another, congrats #USER# ></document>
		<document> #USER# Who actually gives a f what he thinks knobhead 🤣 ></document>
		<document> #USER# Water cannons on the little rats!!! ></document>
		<document> #USER# Disgraceful!!! What next a nice house and benefits??? 😡 ></document>
		<document> RT #USER#: Please wear a mask 🙏🏼 #HASHTAG# #URL# ></document>
		<document> #USER# Omg where have you been 🤣 poor girl is getting trolled badly too. She is one of our own 💪🏻 ></document>
		<document> #USER# 😱this is bad!! ></document>
		<document> #USER# Wtf is this and why are you liking it? ></document>
		<document> #USER# #USER# Omg Dave is like emu 🤣🤣🤣 ></document>
		<document> Great to see our very own legend #USER# back at Anfield. YWNA #HASHTAG# ></document>
		<document> #USER# #USER# RIP sleep tight 🙏🏻 ></document>
		<document> #USER# Well done 👏👏👏👏👏 ></document>
		<document> #USER# Poor man hope they find the shitbag that hit him from behind. Cowardly little rat!! ></document>
		<document> #USER# Oh well i wont bother either now 🤣 ></document>
		<document> #USER# #USER# Omg cant wait! ></document>
		<document> #USER# Its ok to protest though 🧐 ></document>
		<document> #USER# Wow look at him now proper big boy you both must be so proud ❤️ ></document>
		<document> #USER# You must be very proud of her amazing quote 👏👏 ></document>
		<document> I just signed a petition asking #USER# not to cancel student nurses' contracts. Will you add your name here? #URL# ></document>
		<document> #USER# 👍 I agree ></document>
		<document> #USER# Those legs 😍 ></document>
		<document> #USER# Go to bed John!! Enough now! ></document>
		<document> #USER# Plenty of jobs going in Tesco’s John 😂 ></document>
		<document> #USER# Omg!!!! I knew this would end up happening!!! Shocking!! ></document>
		<document> #USER# Disgusting kick them all around Richmond Park evil b#USER# 😡 ></document>
		<document> Disgusting!!! All lives matter!! #URL# ></document>
		<document> #USER# #USER# They are fact! 👍 ></document>
		<document> #USER# #USER# #USER# #USER# #USER# Dont go then!!! ></document>
		<document> #USER# #USER# #USER# #USER# #USER# Well said thats why they have a blank profile. #HASHTAG##HASHTAG# ></document>
		<document> #USER# #USER# Utter bastards set the water cannons on them #HASHTAG# ></document>
		<document> #USER# Well said horrible bastards 👏👏👏 ></document>
		<document> #USER# You’re one big hypocrite!!! ></document>
		<document> Powerful stuff well said BLM 👏👏 #URL# ></document>
		<document> #USER# Ok lets just ignore social distancing and wait for the influx to our beloved NHS. ></document>
		<document> #USER# Omg animals no need!! 😢 ></document>
		<document> #USER# #USER# God bless you true heroes we are all so proud of what you are doing. It doesnt go unnoticed 👏🙏🏻 ></document>
		<document> #USER# Wish u were attached to it! ></document>
		<document> #USER# Awww how cute ></document>
		<document> #USER# Where are they getting played then? ></document>
		<document> #USER# Been like this everytime the sun has been out since lockdown. ></document>
		<document> #USER# Ozark its fab 👍 ></document>
		<document> 🙏🏻 RIP brave man x #URL# ></document>
		<document> #USER# Watch hospital on bbc i player you fool!!! ></document>
		<document> Police arrest anti-lockdown protesters as masses gather in Hyde Park I guess it runs in the family. ⁦#USER#⁩ #URL# ></document>
		<document> #USER# Nurses and doctors are heroes!!!! ></document>
		<document> Catch these cowardly bastards #URL# ></document>
		<document> #USER# Ok what do think should happen? You know all the answers ></document>
		<document> #USER# #USER# Mate if you work in a hospital like I do you would realize how selfish your tweet is! ></document>
		<document> #USER# Ahhhhhh so sad RIP with your beloved Leon 💔 ></document>
		<document> #USER# Someone tell these d!ckheads the NW has the worst covid rates in the country!!! ></document>
		<document> Awful are they that stupid!!! So cruel some people 😡😡 ></document>
		<document> #USER# Happy birthday!!!! ❤️ ></document>
		<document> 😱😱 wtf!!!!!! Coronavirus: Hate crimes against Chinese people soar in UK during COVID-19 crisis #URL# ></document>
		<document> #USER# Is this advice not from NHS England? Or the government who are advised by them 🤷🏻‍♀️ ></document>
		<document> #USER# Seriously!!! Get real life before businesses 🤦‍♀️ ></document>
		<document> #USER# What a stupid response how can you compare you fool!! 🤡 ></document>
		<document> #USER# Pregnancy is not an illness!!!! ></document>
		<document> #USER# #USER# Get well soon 🙏🏻❤️ ></document>
		<document> #USER# Yes and footballers too!! ></document>
		<document> #USER# No he had his chance chose Chelsea over Reds nah! 👎🏼 ></document>
		<document> #USER# I was thinking how stylish she looked. Why would any woman take fashion advice from a man? 🧐 ></document>
		<document> #USER# Oh shut up you are boring now! Why dont you go out and tell them then you like shouting at everyone 🤷🏻‍♀️ ></document>
		<document> #USER# #USER# Thank you for all your hard work we are forever thankful 🙏🏻 ></document>
		<document> #USER# Agree with you 100% he has grown so much. Hard to step into the role of captain after Gerard 👏 ></document>
		<document> Well said Angela!! #URL# ></document>
		<document> #USER# #USER# Man u and because we can 😁 ></document>
		<document> Sell your f...ing island you greedy b#USER##USER#!! #URL# ></document>
		<document> RT #USER#: A gentleman, a soldier, a captain. An example and inspiration to us all. Thank you Captain Tom Moore ❤️ ></document>
		<document> Debt from Merseyside hospitals written off by government. 👏👏👏👏 #URL# ></document>
		<document> #USER# Happy birthday gorgeous Aimee ❤️ #URL# ></document>
		<document> #USER# Who actually gives a f#USER# piers give it a rest! ></document>
		<document> #USER# What do you expect from the scum!! #HASHTAG# ></document>
		<document> RT #USER#: Breaking - Aintree Hospital confirms nurse has died. RIP #HASHTAG# #URL# ></document>
		<document> RT #USER#: Please listen. This is happening all across the UK. If you could see through our eyes, you would not go out and sunbathe. ></document>
		<document> #USER# Congratulations well done!! 👏 ></document>
		<document> #USER# Well said 🤣 ></document>
		<document> #USER# Bastard!!! Throw away the key!!! ></document>
		<document> #USER# Yes think of poor Anne Frank what is was like for them years without anything. So selfish some people. ></document>
		<document> #USER# Dont treat the f#USER# if they get ill!! ></document>
		<document> Ffs take notice this is serious !!! STAY THE F#USER# AT HOME!!! #URL# ></document>
		<document> #USER# Happy Birthday Angela hope you recover soon 🙏🏻 ></document>
		<document> #USER# what are CIS workers entitled to? My husband paye all his working life. January changed to CIS is there anything he can claim? ></document>
		<document> #USER# what if you are CIS how does this work? ></document>
		<document> #USER# Electricute that bar!!! ></document>
		<document> #USER# No doctors and nurses do!!! Dont 13 weeks holidays a year or go off with stress at the drop of a hat!!! Life savers 1st ></document>
		<document> #USER# You dirty twat!!! ></document>
		<document> #USER# Horrible c#USER#!! Karma will get you 👊🏾 ></document>
		<document> Coronavirus: Panic buyers 'should be ashamed', says NHS boss | UK News | Sky News #URL# ></document>
		<document> #USER# Yes keep asking for same things over and over ></document>
		<document> #USER# Well mine is now 6 weeks ></document>
		<document> #USER# Sign your new contract 😁 ></document>
		<document> #USER# Well said #USER# and his private Virgin Healthcare he is no friend of our NHS ></document>
		<document> #USER# how long does delay repay take? ></document>
		<document> #USER# #USER# #USER# #USER# Is he pissed? 😂 ></document>
		<document> #USER# Wow you look like a young madonna ></document>
		<document> #USER# #USER# #USER# Can you not guess by my profile pick? ></document>
		<document> #USER# #USER# Sad f#USER# with no followers! 🤣 ></document>
		<document> #USER# Too late for the McCourt family!! 😞 he should never be released 😡 ></document>
		<document> #USER# So what none of their business where you send your child. Ignore the keyboard warriors. X ></document>
		<document> #USER# Is this not vandalism? Isnt that a crime? ></document>
		<document> #USER# #USER# Well done Sam best time to score a winner 🤜🏼 ></document>
		<document> #USER# This is horrific cowardly horrible b#USER#!!! Hang them!! ></document>
		<document> #USER# So sad RIP 💔 ></document>
		<document> Scrap dangerous 'smart motorways' - Sign the Petition! #URL# via #USER# ></document>
		<document> #USER# #USER# Rather be stuck in a queue than witness someone being killed!! #HASHTAG# ></document>
		<document> #USER# Theyll miss our money 🤣 ></document>
		<document> #USER# Once a t#USER# always a t#USER# ></document>
		<document> #USER# Wtf is this f#USER# freak? Put it down!! ></document>
		<document> #USER# Done good luck 👍 ></document>
		<document> #USER# #USER# Me too 👏👏👏👏 ></document>
		<document> #USER# That your prediction of the score Neville? ></document>
		<document> #USER# No end of!!! ></document>
		<document> RT #USER#: Her mum says she is 'out of her mind' #URL# ></document>
		<document> #USER# What a pure shithouse!!! Hope you get same treatment in jail. Poor man hope he is ok 🙏🏻 ></document>
		<document> #USER# well done you are on 🔥YNWA ></document>
		<document> #USER# #USER# Congratulations well deserved. Good luck xx ></document>
		<document> #USER# well in MOM 👏👏👏👏👏👏👏👏👏👏 ></document>
		<document> #USER# Why would our players want to step down from a world &amp; European champion team to another club 🤷🏻‍♀️ ></document>
		<document> #USER# One utter tw@! Hope he gets kicked the same way!! Shithouse!!! ></document>
		<document> #USER# So tonight Gonna leave that 9-5 up on the shelf! ></document>
		<document> #USER# Utter gobshite kick him a 100 times bastard!!!! 🤬🤬🤬 ></document>
		<document> #USER# #USER# But why write racist words we are not supposed to say into his songs 🤷🏻‍♀️ ></document>
		<document> #USER# Ring Manchester??? 0161??? ></document>
		<document> #USER# 🤷🏻‍♀️god they hate us!!! But its cos we’re sooooooo goooooood 🥰 ></document>
		<document> #USER# Meanwhile united fans sing about LFC 🤣🤣🤣🤣 ></document>
		<document> #USER# More than ive got and i work fulltime!!! ></document>
		<document> #USER# #USER# Yes!! Hes cost labour bigtime!! ></document>
		<document> #USER# Go to pals make a complaint. How dare she speak to a patient like that x ></document>
		<document> RT #USER#: Please help us stop this happening and protect our wildlife ❤️ #URL# ></document>
		<document> #USER# Totally agree 🙏🏻 ></document>
		<document> #USER# No thanks 🤢 ></document>
		<document> #USER# Well played Sam 👍 ></document>
		<document> #USER# #USER# #USER# #USER# Yes can’t ever support labour whilst he’s their leader. ></document>
		<document> RT #USER#: Help us settle a debate in the office! Who is the best Premier League manager? 🤔 RT once you've voted 🔁 ></document>
		<document> #USER# Who gives a f! ></document>
		<document> #USER# Not endorsed by klopp??? ></document>
		<document> Shame on #USER# !!! #URL# ></document>
		<document> #USER# Labour not the problem #USER# is the problem.#HASHTAG# ></document>
	
</author><document> #USER# #USER# #USER# What a pr!ck!! That comment might come back and bite it right if it hurts!! >></document>
<document> #USER# Oh God 😂 it will grow soon ✂️ </document>
<document> #USER# #USER# So sad R.I.P 💔 #HASHTAG# ></document>
<document> #USER# Congratulations 👶🏻 🍼 </document>
<document> #USER# Birkenhead is not Liverpool!!! >></document>
<document> #USER# How selfish!! The poor man gave his time to help others!! 😢 >></document>
<document> #USER# Why did this man resist arrest? 🤨 >></document>
<document> #USER# Oh great, glad you had your first one. Yes, I also felt it at work for about 90 days. Love to all of you stay safe ❤️❤️❤️ </document>
<document> #USER# Great when is your second? Have your girls already done this at work? x </document>
<document> #USER# Module is temporary class is permanent 🔥 </document>
<document> Work Claim Expenses on First Class Travel, TV Licenses and HAND GEL 🤷‍♀️ #URL# ></document>
<document> #USER# #USER# Oh I can easily not look at you!!! Especially mon-weds!!! >></document>
<document> #USER# B#USER# take it and name it and shame the little sh!t!! 😡🤬 >></document>
<document> #USER# #USER# How can anyone like that after that! Scum </document>
<document> #USER# #USER# This is a real confidence booster for the guy!! Quit and get behind the team!! >></document>
<document> #USER# State evident bleeding!!! 👌 >></document>
<document> #USER# And what about people who are working and can't get permission? >></document>
<document> #USER# I love your sweater where is it from? And your necklace ❤️ </document>
<document> #USER# Is it legal? >></document>
<document> #USER# #USER# My God, are you really praising the government!! 😳 >></document>
<document> RT #USER#: Merry Christmas guys! Link in bio!! Wait till the end 😂👍🏼 #USER# #URL# ></document>
<document> #USER# Anyone will be better than the current clown we have!! >></document>
<document> #USER# Omg how cute 😻 >></document>
<document> #USER# I can imagine worse! You or Corbyn! >></document>
<document> #USER# #USER# Good riddance I don't like bullies!! >></document>
<document> #USER# Omg this is heartbreaking, my heart goes out to the family of this guy so cruel I can't watch it all 💔 ></document>
<document> #USER# well done you deserve credit great game and assist! Ignore the idiots here not real fans dude </document>
<document> #USER# I still haven't received my free covid test code despite being told I would get a call because the first code didn't work. I'm going in 7 days </document>
<document> #USER# Those legs 🤣🤣🥰 </document>
<document> #USER# Make them work in hospitals!!! Without PPE!!! >></document>
<document> #USER# omg get these idiots off the show!!! Disrespectful.#HASHTAG# ></document>
<document> #USER# Close them protect our SSN </document>
<document> #USER# Wtf he was saying!! 🤷‍♀️</document>
<document> #USER# #USER# Oh my gosh 😱 I really hope you are all well 🙏🏻🙏🏻 shocking!! ></document>
<document> #USER# Oh God, what a heartbreak, to hell with #USER# who did it 🤬 </document>
<document> #USER# Unlike your brother! Tell me a word! >></document>
<document> #USER# #USER# Yes and don't cure them, let them suffer </document>
<document> #USER# #USER# #USER# #USER# Increased risk of contracting Covid and dying!! >></document>
<document> #USER# Evil bastard 👊🏾 lock him up and starve him!! >></document>
<document> #USER# Tier 3 still have to go to work for NHS 🤨 </document>
<document> #USER# God bless this staff ❤️ </document>
<document> 🙏🏻🙏🏻🙏🏻🙏🏻 this IS true 🙏🏻🙏🏻🙏🏻 God bless our staff, they are the best!!❤️ #URL# ></document>
<document> #USER# I bet I'm not even from Liverpool!! >></document>
<document> #USER# Ok stop the Welsh from going to our hospitals for treatment!! >></document>
<document> #USER# Encouraging words!!! 😳 >></document>
<document> #USER# She is the worst of all since she had Covid!! >></document>
<document> #USER# F#USER# mong!! 🤢🤮 >></document>
<document> #USER# you can't get a GP to see someone that's why A&amp;E is under pressure!! >></document>
<document> #USER# Keep the mouse locked up for life 👊🏾 </document>
<document> #USER# Congrats Trent kid well deserved champion 😉 </document>
<document> #USER# Is he on television? >></document>
<document> #USER# 🙏🏻 so sad 😢💔 </document>
<document> #USER# 💪🏻enter!! 👊🏾></document>
<document> #USER# Great song if I don't watch it! It feels like his head is about to roll off 🤣 </document>
<document> #USER# 👍congratulations beautiful dog</document>
<document> #USER# #USER# Yes after she is attacked by one of the people she likes to defend! >></document>
<document> #USER# Oh God he should get the death penalty back for this horrible creature!!! The justice system needs a complete overhaul!!! >></document>
<document> #USER# F off #USER# don't speak on my behalf! I'm a taxpayer who pays for it. You made them yourself!! #HASHTAG#! >></document>
<document> RT #USER#: There should be a worldwide ban on trophy hunting. Please retweet if you agree. #URL# </document>
<document> #USER# #USER# I couldn't agree more because there is no deterrent. >></document>
<document> What an absolute rat🐀 do something for god sake #USER# definitely police lives matter!!!!! #URL# </document>
<document> #USER# 12 year old playing with a toy gun? 🤨 a little old for toys isn't he </document>
<document> RT #USER#: Bird to bird, congratulations #USER# </document>
<document> #USER# Who really cares what dickhead thinks 🤣 </document>
<document> #USER# Water cannons on the mice!!! >></document>
<document> #USER# Shameful!!! And then a nice house and advantages??? 😡 >></document>
<document> RT #USER#: please wear a mask 🙏🏼 #HASHTAG# #URL# </document>
<document> #USER# Omg where have you been 🤣 even the poor girl gets trolled badly. She is one of us 💪🏻</document>
<document> #USER# 😱this is bad!! >></document>
<document> #USER# Wtf is this and why do you like it? >></document>
<document> #USER# #USER# Omg Dave is like an emu 🤣🤣🤣 </document>
<document> Great to see our #USER# legend back at Anfield. YWNA #HASHTAG# </document>
<document> #USER# #USER# RIP sleep well 🙏🏻 </document>
<document> #USER# Congratulations 👏👏👏👏👏 </document>
<document> #USER# Poor thing I hope they find the scumbag that hit him from behind. Cowardly little mouse!! >></document>
<document> #USER# Oh well, I won't worry now either 🤣 ></document>
<document> #USER# #USER# Oh God I can't wait! >></document>
<document> #USER# It's okay to protest 🧐 ></document>
<document> #USER# Wow look at him now real big boy you both must be so proud ❤️ </document>
<document> #USER# You must be very proud of his awesome quote 👏👏 </document>
<document> I just signed a petition asking #USER# not to cancel student nursing contracts. Will you add your name here? #URL# </document>
<document> #USER# 👍 I accept </document>
<document> #USER# Those legs 😍 >></document>
<document> #USER# Go to bed John!! Thats enough! >></document>
<document> #USER# Lots of work going on at Tesco's John 😂 </document>
<document> #USER# OMG!!!! I knew this was going to happen!!! Shocking!! >></document>
<document> #USER# Disgusting to kick them around Richmond Park b#USER# 😡 </document>
<document> Disgusting!!! All lives matter!! #URL# </document>
<document> #USER# #USER# They are done! 👍 >></document>
<document> #USER# #USER# #USER# #USER# #USER# Then don't go!!! >></document>
<document> #USER# #USER# #USER# #USER# #USER# Well said, that's why they have an empty profile. #HASHTAG##HASHTAG# ></document>
<document> #USER# #USER# Absurd bastards planted water cannons on him #HASHTAG# </document>
<document> #USER# Well said you awful bastards 👏👏👏 </document>
<document> #USER# You are a big hypocrite!!! >></document>
<document> Powerful stuff well said BLM 👏👏 #URL# </document>
<document> #USER# Ok, let's just ignore social distancing and wait for the flow to our beloved NHS. >></document>
<document> #USER# Oh my God there's no need for animals!! 😢 >></document>
<document> #USER# #USER# God bless you true heroes, we are all so proud of what you are doing. It doesn't go unnoticed 👏🙏🏻></document>
<document> #USER# Wish you were attached to it! >></document>
<document> #USER# Awww that's cute </document>
<document> #USER# Where are they played then? >></document>
<document> #USER# It was like this every time the sun came out of the block. >></document>
<document> #USER# Ozark is awesome 👍 ></document>
<document> 🙏🏻 RIP brave man x #URL# </document>
<document> #USER# Watch hospital on bbc i player you are stupid!!! >></document>
<document> Police arrest anti-lockdown protesters as masses gather in Hyde Park Guess it runs in the family. #USER# #URL# ></document>
<document> #USER# Nurses and doctors are heroes!!!! >></document>
<document> Catch these cowardly bastards #URL# </document>
<document>#USER# Ok, what do you think should happen? Know all the answers </document>
<document> #USER# #USER# Dude, if you work in a hospital like me you will realize how selfish your tweet is! >></document>
<document> #USER# Ahhhhhh so sad RIP with your beloved Leon 💔 </document>
<document> #USER# Someone tell these assholes the North West has the worst covid rates in the country!!! >></document>
<document> Terrible they are so stupid!!! So cruel some people 😡😡 </document>
<document> #USER# Happy birthday!!!! ❤️ </document>
<document> 😱😱 wtf!!!!!! Coronavirus: Hate crimes against Chinese people soar in UK amid COVID-19 crisis #URL# </document>
<document> #USER# Isn't this advice coming from NHS England? Or the government that is advised by them 🤷🏻‍♀️</document>
<document> #USER# Seriously!!! Take real life before feats 🤦‍♀️</document>
<document> #USER# What a stupid answer how can you compare stupid!! 🤡 >></document>
<document> #USER# Pregnancy is not a disease!!!! >></document>
<document> #USER# #USER# Get well soon 🙏🏻❤️ </document>
<document> #USER# Yes and footballers too!! >></document>
<document> #USER# No, he had the option to choose Chelsea instead of the Reds nah! 👎🏼></document>
<document> #USER# I was thinking how elegant this is. Why would a woman take fashion advice from a man? 🧐 >></document>
<document> #USER# Oh shut up you're boring now! Why don't you go out and tell them, then you like to yell at everyone 🤷🏻‍♀️</document>
<document> #USER# #USER# Thanks for all your hard work we will be forever grateful 🙏🏻 </document>
<document> #USER# Agree with you 100% it has grown so much. Difficult to get into the role of captain after Gerard 👏 </document>
<document> Well said Angela!! #URL# </document>
<document> #USER# #USER# Friend and because we can 😁 </document>
<document> Sell your fucking island you greedy b#USER##USER#!! #URL# </document>
<document> RT #USER#: A gentleman, a soldier, a captain. An example and a source of inspiration for all of us. Thanks Captain Tom Moore ❤️</document>
<document> Merseyside hospitals debt canceled by government. 👏👏👏👏 #URL# ></document>
<document> #USER# Happy birthday beautiful Aimee ❤️ #URL# </document>
<document> #USER# Who cares#USER# really cares! >></document>
<document> #USER# What do you expect from scum!! #HASHTAG# </document>
<document> RT #USER#: Breaking - Aintree hospital confirms nurse is dead. RIP #HASHTAG# #URL# </document>
<document> RT #USER#: Please listen. This is happening all over the UK. If you could see through our eyes, you wouldn't go out in the sun. >></document>
<document> #USER# Congratulations well done!! 👏 >></document>
<document> #USER# Well said 🤣 ></document>
<document> #USER# Bastard!!! Throw away the key!!! >></document>
<document> #USER# Yes, think of poor Anne Frank as they were for those years with nothing. So selfish some people. >></document>
<document> #USER# Do not handle f#USER#if they get sick!! >></document>
<document> Ffs take note that this is serious!!! STAY THE F#USER# AT HOME!!! #URL# </document>
<document> #USER# Happy birthday Angela, hope you recover soon 🙏🏻 </document>
<document> #USER# What are CIS workers entitled to? My husband pays for his entire working life. January changed to CIS is there anything you can claim? >></document>
<document> #USER# and if you are a CIS how does it work? >></document>
<document> #USER# Electricize that bar!!! >></document>
<document> #USER# No doctors and nurses!!! Not 13 weeks holiday a year or be stressed out in no time!!! Lifesaver before </document>
<document> #USER# You dirty ass!!! >></document>
<document> #USER# Horrible c#USER#!! Karma will get you 👊🏾 </document>
<document> Coronavirus: Panic shoppers 'should be ashamed' says NHS head | UK News | Sky News #URL# </document>
<document> #USER# Yes, keep asking the same questions </document>
<document> #USER# Well, mine is now 6 weeks </document>
<document> #USER# Sign your new contract 😁 ></document>
<document> #USER# Well said #USER# and his private Virgin Healthcare is no friend to our NHS </document>
<document> #USER# how long does the delayed refund take? >></document>
<document> #USER# #USER# #USER# #USER# Are you pissed? 😂 >></document>
<document> #USER# Wow you look like a young lady </document>
<document> #USER# #USER# #USER# Can't guess from my profile choice? >></document>
<document> #USER# #USER# Sad f#USER# without followers! 🤣 >></document>
<document> #USER# Too late for the McCourt family!! 😞 should never be released 😡 </document>
<document> #USER# So it's none of their business where you send your child. Ignore the keyboard warriors. x </document>
<document> #USER# Isn't this vandalism? Isn't that a crime? >></document>
<document> #USER# #USER# Congrats Sam it's the best time to score a winner 🤜🏼 </document>
<document> #USER# This is awful coward awful b#USER#!!! hang them up!! >></document>
<document> #USER# What a sad RIP 💔 >></document>
<document> Demolish dangerous "smart highways" - Sign the petition! #URL# via #USER# ></document>
<document> #USER# #USER# Rather be stuck in a queue than watch someone get killed!! #HASHTAG# </document>
<document> #USER# They will miss our money 🤣 </document>
<document> #USER# Once t#USER# always t#USER# </document>
<document> #USER# Wtf is this f#USER# maniac? Put it down!! >></document>
<document> #USER# Good luck 👍 >></document>
<document> #USER# #USER# Me too 👏👏👏👏 </document>
<document> #USER# What's your prediction of the Neville score? >></document>
<document> #USER# Endless!!! >></document>
<document> RT #USER#: His mom says he's "out of his mind" #URL# ></document>
<document> #USER# What a pure shit!!! I hope you get the same treatment in prison. Poor thing, I hope he's okay 🙏🏻></document>
<document> #USER# well done you are on 🔥YNWA </document>
<document> #USER# #USER# Congrwell deserved compliments. Good luck xx</document>
<document> #USER# good in MOM 👏👏👏👏👏👏👏👏👏👏 </document>
<document> #USER# Why our players would like to leave a world &amp; European champion team in another club 🤷🏻‍♀️ </document>
<document> #USER# An utter tw@! I hope he gets kicked the same way!! Shit house!!! >></document>
<document> #USER# So I'm leaving that 9-5 on the shelf tonight! >></document>
<document> #USER# A real idiot kicked him 100 times bastard!!!! 🤬🤬🤬></document>
<document> #USER# #USER# But why write racist words we shouldn't say in his songs 🤷🏻‍♀️ </document>
<document> #USER# Call Manchester??? 0161??? >></document>
<document> #USER# 🤷🏻‍♀️ god they hate us!!! But it's because we're really delicious 🥰 </document>
<document> #USER# Meanwhile united fans sing about LFC 🤣🤣🤣🤣 </document>
<document> #USER# More than I have and I work full time!!! >></document>
<document> #USER# #USER# Yes!! It costs work great !! >></document>
<document> #USER# Go to friends make a complaint. How dare you talk to a patient like this x </document>
<document> RT #USER#: Please help prevent this from happening and protect our wildlife ❤️ #URL# </document>
<document> #USER# Totally agree 🙏🏻 </document>
<document> #USER# No thanks 🤢 >></document>
<document> #USER# Well done Sam 👍 >></document>
<document> #USER# #USER# #USER# #USER# Yes, he can never sustain the job as long as he's their boss. >></document>
<document> RT #USER#: Help us settle an office debate! Who is the best manager in the Premier League? 🤔 RT after voting 🔁 ></document>
<document> #USER# Who cares! >></document>
<document> #USER# Not approved by klopp??? >></document>
<document> Shame on #USER# !!! #URL# </document>
<document> #USER# Work is not the problem #USER# is the problem.#HASHTAG# </document>

</author>