
	
		<document> RT #USER#: Toxic is not cute! It’s draining, it’s unhappy, it’s ugly, &amp; I don’t want no parts. ></document>
		<document> RT #USER#: Taxes + stimmy + job checks... 🥴 Alexa, play rags to riches! 😂 ></document>
		<document> #USER# So pretty 🥺💕 ></document>
		<document> RT #USER#: i got one more relationship in me before i become the hoe everybody think i am ></document>
		<document> RT #USER#: Facts cuz I’m buying coochie ></document>
		<document> RT #USER#: This Lewis and Clarke ass breakfast ></document>
		<document> #USER# Lamont LMFAO! Shut upppp 😂😂😂 ></document>
		<document> Big fat moose gorilla grip pussy #URL# ></document>
		<document> RT #USER#: I still love you but I used to love you more ></document>
		<document> RT #USER#: #USER# This one puts me in tears sometimes. #URL# ></document>
		<document> RT #USER#: If a n!gga can go a whole a day without talking to me.. im single. ></document>
		<document> Honestly life is too short. I love everybody ></document>
		<document> RT #USER#: STOPPPPP what y’all put in the Queen’s hand??😭 #URL# ></document>
		<document> Slut me out ></document>
		<document> RT #USER#: This hit me hard . #URL# ></document>
		<document> RT #USER#: My momma swore up and down she wasn’t my lil friend, now look at her. My friend. ></document>
		<document> RT #USER#: I miss who I was before my first heartbreak. ></document>
		<document> Pardon my tits and makeup ></document>
		<document> RT #USER#: #USER# Yes go off #URL# ></document>
		<document> It feels good to finally be over somebody 🤝 ></document>
		<document> Sis had to get that off her chest #URL# ></document>
		<document> RT #USER#: she walked into the studio mad as fuck #URL# ></document>
		<document> That bold ginger ale is medicine forreal ></document>
		<document> I did it cus I wanted to ></document>
		<document> RT #USER#: I need my people to free themselves from the shackles of Lenox Mall. It is not that great. ></document>
		<document> I like when someone match my nasty &gt; ></document>
		<document> He did me like no ones ever done it ></document>
		<document> I think I’m in love ></document>
		<document> Not feeling the liquor anymore 🥴 ></document>
		<document> I been having the time of my life the past 5 days forreal lmao ></document>
		<document> RT #USER#: #USER# lmao you said #URL# ></document>
		<document> Dropped this nigga and my life been great ></document>
		<document> RT #USER#: Some men just want to watch the world burn #URL# ></document>
		<document> #USER# Taking full advantage of my mother watching my daughter 😂🥂 ></document>
		<document> RT #USER#: Using my wig money to get brakes for my car #URL# ></document>
		<document> I been drunk for like 3 days straight ></document>
		<document> RT #USER#: Na. MacBooks too expensive for this shit to always be breathing hard. ></document>
		<document> RT #USER#: quavo after eating the dinner saweetie makes #URL# ></document>
		<document> RT #USER#: What he ate #URL# ></document>
		<document> RT #USER#: Twin said “who is that?!?! Nuh uh! Don’t reach for him!” 🥴 ></document>
		<document> RT #USER#: me in the mirror when he busts in 2 mins 😂😂 #URL# ></document>
		<document> RT #USER#: has anyone else not been to the dentist since Covid and also not for the five years before that ></document>
		<document> RT #USER#: #USER# You can look in my coochie but my panties are personal #URL# ></document>
		<document> RT #USER#: i’m either gone be submissive or pay all my own bills.... but i’m not doing both. ></document>
		<document> RT #USER#: Imagine just tryna hit a quick lick and the whole neighborhood pull up on you 😭 ></document>
		<document> RT #USER#: Lay It Down is a classic and Lloyd is THAT nigga for yodeling at the end of the song like he did. ></document>
		<document> RT #USER#: People be ashamed of they hoe stage I had a ball 🥴😂😂😂😂😂 ></document>
		<document> RT #USER#: #USER# #USER# “Drove a horse” 💀💀 ></document>
		<document> I feel attacked bc I only have 3 cousins lmfao #URL# ></document>
		<document> RT #USER#: #USER# SZA is proof that Scorpios just be lying for no reason ></document>
		<document> RT #USER#: Women gotta realize if we really cared about losing em we wouldn’t never lose em ></document>
		<document> RT #USER#: the set up. v. the shot. #URL# ></document>
		<document> My body will only sleep 4 hours a day that’s crazy lmao smh ></document>
		<document> RT #USER#: I'm no longer choosing peace, I choose violence today ></document>
		<document> RT #USER#: I blame Eminem for this. I can’t explain how, but this is his fault ></document>
		<document> Girl I thought you was Jayda #URL# ></document>
		<document> He got a brother? #URL# ></document>
		<document> RT #USER#: The male ego hates when you move on ></document>
		<document> I love crab legs ></document>
		<document> Heavy on that lol #URL# ></document>
		<document> RT #USER#: stimmy + taxes &amp; a work check I’m broke baby I don’t wanna talk 😂😭😭😭😭 ></document>
		<document> Rule number 2 is better #URL# ></document>
		<document> Went to sleep at 1am &amp; popped up at 5am like I got a full nights rest ></document>
		<document> RT #USER#: you trusted them enough to let them suck your actual penis. you niggas are not smart ></document>
		<document> RT #USER#: I really don’t like people that aren’t self aware how can you not know you’re a bad person ??? ></document>
		<document> My sleep schedule is fucked ></document>
		<document> RT #USER#: LMAOO why she talking like a grown woman 😂😂😂😂 ” Thats nastyyyy “ #URL# ></document>
		<document> RT #USER#: I’m at the age of what’s the point of dating if I don’t plan on marrying u ></document>
		<document> RT #USER#: This is definitely grounds for break up ></document>
		<document> RT #USER#: This is not a side hustle, job, quick money scheme or anything like that. This is fucking evil. ></document>
		<document> RT #USER#: Absence &amp; Silence gonna leave yo ass SINGLE 💯 ></document>
		<document> RT #USER#: I’m so glad I don’t follow the crowd &amp; I’m my own person. ></document>
		<document> “I’m broke” is my favorite thing to say nowadays. It’s my stingy year idc ></document>
		<document> RT #USER#: I survived the things that shattered me to the core ></document>
		<document> Niggas with beards get 15 chances and that’s my problem right there ></document>
		<document> I really thought this nigga was the one. My crazy tail self 🥴 ></document>
		<document> RT #USER#: Tryna heal from shit I never talk about. ></document>
		<document> Im so bored I just wanna go home 🥲 ></document>
		<document> After this shift is over I’m on vacation until the 5th 🙌🏾 much neeeeeded ></document>
		<document> RT #USER#: My mama gave birth to a hustler. Ima figure it out one way or another 🎯 ></document>
		<document> God bless these 20 somethings ></document>
		<document> I might take a trip fuck it ></document>
		<document> RT #USER#: okay this was cute afff! she was spot on! #URL# ></document>
		<document> I’m tired of working ></document>
		<document> RT #USER#: This really the nastiest outfit ever. #URL# ></document>
		<document> I can’t 😩 this was so sweet #URL# #URL# ></document>
		<document> 0 flaws 😍 #URL# ></document>
		<document> RT #USER#: a sailing soul kinda saturday #URL# ></document>
		<document> RT #USER#: 2016..... you just had to be there. #URL# ></document>
		<document> RT #USER#: Damn already 🤣🤣 ></document>
		<document> RT #USER#: GIRL CODE WAS THE BLUEPRINT💀 now they don’t show it and girls be weird. ></document>
		<document> Cheetah girls 2 ate ></document>
		<document> RT #USER#: This is triggering 😭 #URL# ></document>
		<document> RT #USER#: Nobody: Joe Biden: ></document>
		<document> I’m just ready to mooove! Geez house hunting not as easy as it seems ></document>
		<document> Shit I used to trip over I’m walking past fr ></document>
		<document> RT #USER#: March will be great❤️ ></document>
		<document> These “y’all just wasn’t there” tweets are unlocking memories I forgot about ></document>
		<document> RT #USER#: No but y’all really wasn’t there. #URL# ></document>
		<document> RT #USER#: U just had 2 be there #URL# ></document>
		<document> Let me take my ass to sleep ></document>
		<document> I was doing that shit 5 years ago 😂🤦🏾‍♀️ #URL# ></document>
		<document> RT #USER#: “Mommy and daddy money” isn’t the grand insult y’all think it is ></document>
		<document> RT #USER#: Atlanta twitter, y’all been to this place before? #URL# ></document>
		<document> RT #USER#: I surely can attest that none of you niggas was there #URL# ></document>
		<document> RT #USER#: BRO ... YOU HAD TO BE THERE😭😭 #URL# ></document>
		<document> Apartment hunting is stressful ></document>
		<document> I hate a uptight ass person. Someone you can’t joke with . It’s like they have a stick up they ass 24/7 ></document>
		<document> RT #USER#: My type of dates, I’m a big ass kid fr if we can’t have fun you ain’t for me😭 #URL# ></document>
		<document> When I say my mom is my rock I mean that. She all I got.. all I ever had ></document>
		<document> I deadass couldn’t do this shit without my mom. I wish she could live forever ></document>
		<document> RT #USER#: so apparently ur love language is based on what u didn’t receive as a child.... ></document>
		<document> What happened to the boss ass bitch girls . Where are they now? 😩 ></document>
		<document> RT #USER#: You just had to be there #URL# ></document>
		<document> That’s crazy the song my mom dedicated to me when I was a baby is the same song I dedicate to my daughter ></document>
		<document> The joy of my world is in Maree 💕 ></document>
		<document> RT #USER#: Bumping pussy feel so good idc idc 😂🤷🏽‍♀️💦😻 ></document>
		<document> RT #USER#: STOP doing so much , just to fit a nigga preference . NOBODY gives a fuck what that nigga like! BE yourself! Read that again ></document>
		<document> Ima have to go to prison fuck that #URL# ></document>
		<document> This exact spot gives me anxiety every time!!!! #URL# ></document>
		<document> I’m glad this person plays iMessage games with me thru my whole shift. I be bored af ></document>
		<document> If I can’t have you is love completely off the table? ></document>
		<document> RT #USER#: Y’ALL REALLY WASN’T THERE #URL# ></document>
		<document> It look good #URL# #URL# ></document>
		<document> Canada Dry is black people medicine #URL# ></document>
		<document> Somebody in the comments said it’s like eating a snickers with the wrapper on 🤣🤣🤣 #URL# ></document>
		<document> When it comes to money I play no games ></document>
		<document> RT #USER#: #USER# The face AND the hand gesture has me undone 😂😂 she's like when you're done, this is still a grilled cheese ></document>
		<document> RT #USER#: Them days tripping over a nigga? BEEN OVER. I am the nigga now 😂😂😂 ></document>
		<document> RT #USER#: Bobby shmurda came home and changed the weather 😭 ALEXA PLAY HOT NIGGA😂 ></document>
		<document> Ok but why have I did this before 😭😭😭 #URL# ></document>
		<document> RT #USER#: I’m paiddd ion need a nigga for nun but dick. 💁🏽‍♀️ ></document>
		<document> Mia khalifa porn is so trash ></document>
		<document> I’m not feeling this adulting shit. I didn’t sign up for this ></document>
		<document> I’m 22 and I’m stressing about life. I need to chill out 😭 ></document>
		<document> RT #USER#: Life after 18 is so horrible. You breathe and you’ve already spent $150 lmaoo ></document>
		<document> Ok but this bird had to get some shit off her chest #URL# ></document>
		<document> RT #USER#: Repost. May save a life #URL# ></document>
		<document> RT #USER#: #USER# How come y’all are always forgetting Zwinky?? 😭 #URL# ></document>
		<document> RT #USER#: #USER# I am so sick of talking stages man. Like just emotionally drained of the ghosting #URL# ></document>
		<document> Happy birthday!!! 🥳🥳🥳 #URL# ></document>
		<document> I know all this hard work is gonna pay off at the end ></document>
		<document> I hate that I work 12 hour shifts and I be sleep the other 12 and have no time like that for my bbg 🥺 ></document>
		<document> I’ll have whatever she had please n thanks 🙃 #URL# ></document>
		<document> RT #USER#: STOP FORCING SHIT... IF THEY NOT GIVING YOU THE SAME EFFORT &amp; ENERGY... FALL BACK... ></document>
		<document> I hate those fake “I miss you’s” when they bored ></document>
		<document> RT #USER#: I remember them toxic relationships. Whole day ruined by 8am sharp 😂 ></document>
		<document> RT #USER#: We really got these albums back to back. I'll never get over it. #URL# ></document>
		<document> RT #USER#: Y’all wasn’t there #URL# ></document>
		<document> RT #USER#: Only in Syracuse is calling someone weird fighting words 😂 cause bitch gtfoh ></document>
		<document> RT #USER#: I know shorty mama jealous as hell ></document>
		<document> RT #USER#: accept the situation &amp; move on. ></document>
		<document> The news I just got 😒 ></document>
		<document> RT #USER#: You had to be there #URL# ></document>
		<document> RT #USER#: Bobby Shmurda - Bobby Bitch #URL# via #USER# ></document>
		<document> RT #USER#: Bobby Shmurda has been released! #URL# ></document>
		<document> That nigga Bobby home. Ayeeeeee they call me Bobby bitch 🕺🏾 ></document>
		<document> I know that life has a funny way so I’m not complaining ></document>
		<document> Honestly threw it in the towel with this nigga it’s whatever ></document>
		<document> Why do I have my car keys in hand and I don’t clock out until another 30 minutes 🤣 ></document>
		<document> I really hate how I’m about to have to act ></document>
		<document> No seriously lol #URL# ></document>
		<document> #USER# Exactly. Children just need both parents period. ></document>
		<document> Little girls need their daddy’s ></document>
		<document> RT #USER#: I don’t care how grown I am... I NEED MY MOM. That woman is my life. ></document>
		<document> Honestly just ready to eat and go to sleep ></document>
		<document> Going to l.a on some dolo shit ></document>
		<document> RT #USER#: I ain’t got no POLY blood in me. Aht-aht! Cause Ima wanna know why tf y’all was kissing longer ></document>
		<document> The amount of money I’d pay to have one more conversation with my grandma. I miss her ></document>
		<document> Stuck between wanting to be single and wanting to be in love ></document>
		<document> I just OD friend zoned this nigga that I even feel bad a lil bit ></document>
		<document> RT #USER#: Yallllll... my husband surprised me with a private dinner on the beach ... 😩😩🥺🥺🥺❤️❤️💔 #URL# ></document>
		<document> RT #USER#: i once helped a nigga shop for a trip and when he landed he posted the girl he took out of town 🥳🥳🥳 ></document>
		<document> RT #USER#: If we can’t steal from Walmart together then wtf could we do .😂😂 ></document>
		<document> RT #USER#: Me as a parent 😂 #URL# ></document>
		<document> Just might be a hoe ></document>
		<document> Love is a losing game ></document>
		<document> Pound town imy ></document>
		<document> Babies live they life on the edge ></document>
		<document> RT #USER#: #USER# “The dark skinned one with the locs🗣” lmao ></document>
		<document> It’s the audacity guys have ></document>
		<document> RT #USER#: why men don’t deserve rights in 30 seconds: #URL# ></document>
		<document> That shit just made me wanna get a new number lmfao ></document>
		<document> Blowing my phone up and I finally answer talking about some “Hi” ></document>
		<document> I don’t like people blowing my phone up unless I fw that person 😅 ></document>
		<document> Ima beat Michael ass for calling me back to back like that. I do not like that shit ></document>
		<document> RT #USER#: My brain has trouble processing 2019 was 2 years ago because 2020 felt like a time skip #URL# ></document>
		<document> RT #USER#: Adulting is when you realize all you want is a home, stable job, and a partner to settle down with. ></document>
		<document> RT #USER#: how do I explain to my landlord that #USER# has my rent money and this is really between them two ></document>
		<document> RT #USER#: I’m crying why the pics so intimate like he the baby daddy ></document>
		<document> RT #USER#: i would fight everybody #URL# ></document>
		<document> I’d never forget how it felt the first day I got my own car ></document>
		<document> That feeling of having your own car&gt;&gt;&gt;&gt;&gt;&gt;&gt; ></document>
		<document> RT #USER#: I did a big boy purchase today and bought my FIRST CAR!!! 😅 #URL# ></document>
		<document> Ok but this is why I have a outstanding bill on my credit #URL# ></document>
		<document> My mouth will never go near a nigga ass I’m sorry ></document>
		<document> March 2020 was very depressing lol. ></document>
		<document> #USER# I’ve had my same EarPods for 2 years lmfao ></document>
		<document> Sure told a whole ass lie #URL# ></document>
		<document> My little sister the same exact way 😭 #URL# ></document>
	
</author><document> RT #USER#: Toxic isn't nice! It's exhausting, it's miserable, it's ugly, &amp; I don't want parties. >></document>
<document> RT #USER#: Tax + stimmy + job check... 🥴 Alexa, get rich! 😂 >></document>
<document> #USER# How nice 🥺💕 </document>
<document> RT #USER#: I have one more relationship inside me before I become the whore everyone thinks I am </document>
<document> RT #USER#: Facts why I'm buying coochie </document>
<document> RT #USER#: This breakfast of Lewis and Clarke </document>
<document> #USER# Lamont LMFAO! Shut up 😂😂😂 >></document>
<document> Big fat gorilla moose grabs pussy #URL# ></document>
<document> RT #USER#: I still love you but I loved you more </document>
<document> RT #USER#: #USER# This sometimes makes me cry. #URL# </document>
<document> RT #USER#: If a black guy can go a whole day without talking to me.. I'm single. >></document>
<document> Honestly, life is too short. I love everyone </document>
<document> RT #USER#: STOPPPPP what have you put into the Queen's hand??😭 #URL# </document>
<document> Let me out</document>
<document> RT #USER#: This really impressed me. #URL# </document>
<document> RT #USER#: My mom swore up and down that she wasn't my little friend, now look at her. My friend. >></document>
<document> RT #USER#: I miss who I was before my first heartbreak. >></document>
<document>Excuse my boobs and makeup</document>
<document> RT #USER#: #USER# Yes disable #URL#></document>
<document> It's good to finally forget someone 🤝 </document>
<document> Sister had to get it off her chest #URL# </document>
<document> RT #USER#: she walked into the studio fucking crazy #URL# </document>
<document>That bold ginger ale is real medicine</document>
<document> I did it because I wanted to </document>
<document> RT #USER#: I need my people to break free from the shackles of the Lenox Mall. Is not it fantastic. >></document>
<document> I like it when someone matches my bad &gt; >></document>
<document> He made me like no one ever did </document>
<document> I think I'm in love</document>
<document> I can't feel the liquor anymore 🥴</document>
<document> I had a great time in the last 5 days forreal lmao </document>
<document> RT #USER#: #USER# lmao you said #URL# </document>
<document>I left this nigga and my life was great</document>
<document> RT #USER#: Some men just want to see the world burn #URL# </document>
<document> #USER# Taking full advantage of my mother watching my daughter 😂🥂 </document>
<document> RT #USER#: Using my wig money to get brakes for my car #URL# </document>
<document> I was drunk for about 3 days straight</document>
<document> RT #USER#: Na. MacBooks too expensive for this crap to always breathe hard. >></document>
<document> RT #USER#: quavo after eating dinner saweetie does #URL# </document>
<document> RT #USER#: What #URL# ate </document><document> RT #USER#: Twin said “who is that?!?! No huh! Don't reach for it! 🥴 >></document>
<document> RT #USER#: me in the mirror when it breaks in 2 minutes 😂😂 #URL# ></document>
<document> RT #USER#: hasn't anyone else been to the dentist since Covid or even in the previous five years </document>
<document> RT #USER#: #USER# You can look in my coochie but my panties are personal #URL# </document>
<document> RT #USER#: I'm either submissive or I pay all my bills... but I'm not doing both. >></document>
<document> RT #USER#: Just imagine trying to take a quick lick and the whole neighborhood stops at you 😭 </document>
<document> RT #USER#: Lay It Down is a classic and Lloyd is THAT nigger to yodel at the end of the song like he did. >></document>
<document> RT #USER#: People be ashamed to stage that I enjoyed 🥴😂😂😂😂😂 </document>
<document> RT #USER#: #USER# #USER# "He rode a horse" 💀💀 ></document>
<document> I feel attacked because I only have 3 cousins ​​lmfao #URL# </document>
<document> RT #USER#: #USER# SZA is proof that Scorpios lie for no reason </document>
<document> RT #USER#: Women need to realize that if we really cared about losing them we would never lose them </document>
<document> RT #USER#: the set up. v. the throw. #URL# </document>
<document> My body will only sleep 4 hours a day which is crazy lmao smh </document>
<document> RT #USER#: I no longer choose peace, I choose violence today </document>
<document> RT #USER#: I blame Eminem for this. I can't explain how, but it's his fault </document>
<document> Girl, I thought you were Jayda #URL# </document>
<document> Does he have a brother? #URL# </document>
<document> RT #USER#: Male ego hates when you move forward </document>
<document> I love crab legs</document>
<document> Heavy on that lol #URL# </document>
<document> RT #USER#: stimmy + taxes &amp; a work check I'm broke honey I don't want to talk 😂😭😭😭😭 </document>
<document> Rule number 2 is better #URL# ></document>
<document> I went to sleep at 1am &amp; i popped up at 5am as if i had rested all night </document>
<document> RT #USER#: You trusted them enough to let you suck your real penis. you niggas are not smart </document>
<document> RT #USER#: I really don't like people who are not self aware how can you not know that you are a bad person??? >></document>
<document>My sleep schedule is fucked</document>
<document> RT #USER#: LMAOO because he talks like a grown woman 😂😂😂😂 ” This is uglyyyy “ #URL# ></document>
<document> RT #USER#: I'm at the age of what's the point of dating if I'm not going to marry you </document>
<document> RT #USER#: This is definitely a bummer </document>
<document> RT #USER#: This is not a side hustle, job, quick money scheme or anything like that. This is fucking evil. >></document>
<document> RT #USER#: Absence &amp; Silence will leave you SINGLE 💯 </document>
<document> RT #USER#: I am like thisglad not to follow the crowd &amp; I am my person. >></document>
<document> "I'm broke" is my favorite thing to say nowadays. It's my miserly year idc </document>
<document> RT #USER#: I survived the things that destroyed me to the core </document>
<document>Bearded Negroes have 15 chances and that's my problem</document>
<document> I really thought this nigga was the one. My crazy tail 🥴</document>
<document> RT #USER#: I'm trying to heal from the shit I never talk about. >></document>
<document> I'm so bored that I just want to go home 🥲</document>
<document> After this shift I'm on vacation until 5 🙌🏾 so much neeeeeed </document>
<document> RT #USER#: My mother gave birth to a cheater. I'll figure it out one way or another 🎯 </document>
<document>God bless these 20-somethings</document>
<document> I might go on a fuck trip </document>
<document> RT #USER#: ok that was nice affff! it was okay! #URL# </document>
<document> I'm tired of work</document>
<document> RT #USER#: This really is the ugliest dress ever. #URL# </document>
<document> I can't 😩 that was so sweet #URL# #URL# </document>
<document> 0 defects 😍 #URL# </document>
<document> RT #USER#: a sailing soul like Saturday #URL# </document>
<document> RT #USER#: 2016..... you just had to be there. #URL# </document>
<document> RT #USER#: Damn already 🤣🤣 </document>
<document> RT #USER#: GIRL CODE WAS THE BLUEPRINT💀 now they don't show it and girls are weird. >></document>
<document>Cheetah girls 2 ate </document>
<document> RT #USER#: This is triggering 😭 #URL# ></document>
<document> RT #USER#: None: Joe Biden: </document>
<document> I'm just ready to mooove! Damn, house hunting isn't as easy as it sounds </document>
<document> Shit I was tripping over, I'm walking past fr </document>
<document> RT #USER#: March is going to be amazing❤️ >></document>
<document> These "you weren't there" tweets are unlocking memories I forgot </document>
<document> RT #USER#: No, but you really weren't there. #URL# </document>
<document> RT #USER#: There were only 2 #URL#></document>
<document>Put my ass to sleep</document>
<document> I was doing that shit 5 years ago 😂🤦🏾‍♀️ #URL# </document>
<document> RT #USER#: "Mum and Dad's money" is not the big insult you think it is </document>
<document> RT #USER#: Atlanta Twitter, have you been to this place before? #URL# </document>
<document> RT #USER#: I can surely attest none of you niggas were there #URL# </document>
<document> RT #USER#: BRO ... you had to be there😭😭 #URL# ></document>
<document>Apartment hunting is stressful</document>
<document> I hate a tense person. Someone you can't mess with. It's like they have a stick up their ass 24/7 </document>
<document> RT #USER#: My kind of dating, I'm a big ass kid fr if we can't have fun you're not for me😭 #URL# ></document>
<document> When I say my mom iit's my rock, I mean it. She is all I have...all I ever had</document>
<document> I idiot couldn't do this shit without my mother. I wish he could live forever </document>
<document> RT #USER#: So apparently your love language is based on what you didn't get as a child.... </document>
<document> What happened to the boss's whores. Where I am now? 😩 >></document>
<document> RT #USER#: You just had to be there #URL# </document>
<document> It's crazy that the song my mother dedicated to me when I was little is the same song I dedicate to my daughter </document>
<document> The joy of my world is in Maree 💕</document>
<document> RT #USER#: Banging pussy feels so good idc idc 😂🤷🏽‍♀️💦😻 </document>
<document> RT #USER#: STOP doing so much, just to satisfy a nigger's preferences. NO ONE give a fuck what that nigga like! Be yourself! Read it again </document>
<document> I need to go to jail to fuck that #URL#></document>
<document> This exact point gives me anxiety every time!!!! #URL# </document>
<document> I'm glad this person plays iMessage with me throughout my shift. I'm bored with <</document>
<document> If I can't have you, is love completely out of the question? >></document>
<document> RT #USER#: THERE WAS NO #URL# ACTUALLY </document>
<document> Looks good #URL# #URL# </document>
<document> Canada Dry is the medicine for black people #URL# </document>
<document> Someone in the comments said it's like eating snickers with a wrapper 🤣🤣🤣 #URL# ></document>
<document> I don't play when it comes to money </document>
<document> RT #USER#: #USER# The face AND the hand gesture destroyed me 😂😂 she is like when you are done this is still a grilled cheese </document>
<document> RT #USER#: Those days tripping over a nigger? FINISHED STATE. I'm the nigger now 😂😂😂 </document>
<document> RT #USER#: Bobby Shmurda came home and changed the weather 😭 ALEXA PLAY HOT NIGGA😂 ></document>
<document> Ok, but why did I already 😭😭😭 #URL# </document>
<document> RT #USER#: I'm paid and I need a black nun but fuck. 💁🏽‍♀️></document>
<document> Mia Khalifa's porn is so trash </document>
<document> I don't feel like this grown up shit. I did not subscribe to this </document>
<document> I'm 22 and stressed about life. I need to relax 😭 </document>
<document> RT #USER#: Life after 18 is so awful. You breathe and you've already spent $150 lmaoo </document>
<document> Ok, but this little bird needed to get some shit off his chest #URL# </document>
<document> RT #USER#: Repost. It can save a life #URL# ></document>
<document> RT #USER#: #USER# Why do you always forget Zwinky?? 😭 #URL# ></document>
<document> RT #USER#: #USER# I'm so sick of talking about stadiums man. Like just emotionally drained by ghosting #URL#></document>
<document> Happy birthday!!! 🥳🥳🥳 #URL# ></document>
<document> I know that all this hard work will pay off in the end </document>
<document> I hate working12 hour shifts and I sleep the other 12 and I don't have time like this for my bbg 🥺 ></document>
<document> I'll take whatever she had please n thank you 🙃 #URL# </document>
<document> RT #USER#: STOP FORCING SHIT... IF THEY DON'T TAKE THE SAME EFFORT &amp; ENERGY... RETURN... </document>
<document> I hate those fake "I miss you" when they get bored </document>
<document> RT #USER#: I remember those toxic relationships. Whole day ruined by 8 o'clock 😂 </document>
<document> RT #USER#: We really had these albums back to back. I will never get over it. #URL# </document>
<document> RT #USER#: You weren't all there #URL#></document>
<document> RT #USER#: Only in Syracuse do you call someone with weird bickering words 😂 cause bitch gtfoh </document>
<document> RT #USER#: I know little mama is jealous as hell </document>
<document> RT #USER#: accept the situation &amp; Go ahead. >></document>
<document> The news I just received 😒 >></document>
<document> RT #USER#: You should have been there #URL# </document>
<document> RT #USER#: Bobby Shmurda - Bobby Bitch #URL# via #USER# </document>
<document> RT #USER#: Bobby Shmurda has been released! #URL# </document>
<document> That nigga Bobby at home. Ayeeeeee they call me Bobby bitch 🕺🏾 ></document>
<document> I know life has a strange way so I'm not complaining </document>
<document>Honestly threw in the towel with this nigga is whatever</document>
<document> Because I have the car keys in my hand and I don't leave for another 30 minutes 🤣 </document>
<document> I really hate how I have to behave </document>
<document> No seriously lol #URL# </document>
<document> #USER# Exactly. Children just need both parents. >></document>
<document> Little girls need their daddy </document>
<document> RT #USER#: I don't care how much I've grown... I NEED MY MOM. That woman is my life. >></document>
<document> Honestly just ready to eat and go to sleep </document>
<document>Going to Los Angeles for some shit</document>
<document> RT #USER#: I have no POLY blood in me. Ha-ha! Because I want to know why you were kissing longer </document>
<document> The amount of money I would pay to have another conversation with my grandmother. I miss </document>
<document>Caught between wanting to be single and wanting to be in love</document>
<document>I just OD a friend zoned this nigga I feel a little sick too</document>
<document> RT #USER#: Yallllll... my husband surprised me with a private dinner on the beach... 😩😩🥺🥺🥺❤️❤️💔 #URL# ></document>
<document> RT #USER#: I once helped a nigga take a trip and when he landed he posted the girl he took out of town 🥳🥳🥳 </document>
<document> RT #USER#: If we can't steal from Walmart together then what the fuck could we do .😂😂 </document>
<document> RT #USER#: Me as parent 😂 #URL# </document>
<document> It might just be a hoe </document>
<document> Love is a losing game</document>
<document> City of Poundimy </document>
<document>Children live their lives on the edge</document>
<document> RT #USER#: #USER# "The dark-skinned one with the locs🗣" lmao></document>
<document> It's the audacity that kids have </document>
<document> RT #USER#: Why men don't deserve rights in 30 seconds: #URL# </document>
<document> That shit just made me want to get a new lmfao issue </document>
<document> I blow up my phone and finally answer by speaking a bit of "Hello" </document>
<document> I don't like people blowing up my phone unless I call that person 😅 ></document>
<document> Ima beat up Michael for calling me back to back like that. I don't like that shit </document>
<document> RT #USER#: My brain is having trouble processing 2019 was 2 years ago because 2020 felt like a time jump #URL# </document>
<document> RT #USER#: Adulthood is when you realize that all you want is a home, a stable job and a partner to settle down with. >></document>
<document> RT #USER#: How do I explain to my landlord that #USER# has my rent money and this is really between the two</document>
<document> RT #USER#: I'm crying because the photos are so intimate like him the baby's dad </document>
<document> RT #USER#: I would all fight #URL# </document>
<document> I'll never forget how I felt the first day I got my car </document>
<document> That feeling of having your own car&gt;&gt;&gt;&gt;&gt;&gt;&gt; >></document>
<document> RT #USER#: Today I made a purchase as a kid and bought my FIRST CAR!!! 😅 #URL# ></document>
<document> Ok, but this is why I have a pending invoice on my credit #URL# </document>
<document>My mouth will never go near a nigga's ass, sorry</document>
<document> March 2020 was very depressing lol. >></document>
<document> #USER# I have had my same EarPods for 2 years lmfao </document>
<document> Surely he told an outrageous lie #URL# </document>
<document> My little sister the exact same way 😭 #URL# </document>

</author>