
	
		<document> RT #USER#: Has Flyin' Ryan taken Mark of the Year? #URL# ></document>
		<document> RT #USER#: The four points a priority as Eagles look to set up their flag defence, says Adam Simpson. #URL# ></document>
		<document> RT #USER#: Cripps from distance! Eagles by 2 goals. #HASHTAG# #URL# ></document>
		<document> RT #USER#: The Eagles rock in a pulsating preliminary final rematch in Perth! #HASHTAG# #URL# ></document>
		<document> RT #USER#: Magic. ✨✨✨ #HASHTAG# #URL# ></document>
		<document> RT #USER#: How can one Community produce so many Rectums? Just how do they do it? Listen to these new Three Stooges! ></document>
		<document> #USER# #USER# #USER# #USER# Very good point ></document>
		<document> RT #USER#: Salvini and Le Pen Form Anti-Mass Migration ‘Freedom Front’ Ahead Of EU Parliament Election #URL# ></document>
		<document> RT #USER#: SIREN: Pollsters Say Democrats Might Fall Short In Retaking the House...Which Could Trigger Another Meltdown ></document>
		<document> RT #USER#: Paid or not, leftists used violence and intimidation to try to overthrow the Senate. And it almost happened. ></document>
		<document> RT #USER#: Which Party Do You Plan To Vote For In The 2018 Midterm Election? Please vote and retweet for bigger sample size ></document>
		<document> RT #USER#: Asylum seeker brutally rapes CHILD who was teaching him German #URL# ></document>
		<document> #USER# #USER# #USER# #USER# #USER# #USER# Leftwing rapists get a free pass..... ></document>
		<document> #USER# #USER# Wheres your D+A test Pocohantas? ></document>
		<document> RT #USER#: Best EVER! Can’t quit laughing! #URL# ></document>
		<document> This is GOLD! #URL# ></document>
		<document> #USER# #USER# Stop all foreign aid. Zero refugees. Look after our own ></document>
		<document> RT #USER#: There are only two genders ></document>
		<document> RT #USER#: Under Labor, you’ll pay too much tax. #URL# ></document>
		<document> #USER# Its a bloke. End of story. ></document>
		<document> #USER# To persue Ford the leftwing liar and those who egged her on. #HASHTAG# ></document>
		<document> #USER# Bring your money to Perth. Mining boom in full swing and housing/unit prices way down. ></document>
		<document> RT #USER#: #USER# I’m a survivor and I #HASHTAG# ></document>
		<document> #USER# Except of course anyone raped by Bill Clinton and any othet Lefty..... Spare me your horseshit. ></document>
		<document> #USER# The guy who supposedly threatened the media to protect Harvey Weinstein? Really????? ></document>
		<document> #USER# #USER# Lock them all up ></document>
		<document> #USER# The Left believe ALL rape victims except those raped by Bill Clinton, Bill Shorten and any other Lefty..... ></document>
		<document> #USER# 2 shithole countries ></document>
		<document> RT #USER#: Turkish police believe Saudi journalist was killed at consulate #URL# ></document>
		<document> RT #USER#: For the first time in modern SCOTUS history, we actually have a 5-4 majority. Our goal for the next two years: 6-3 ></document>
		<document> RT #USER#: Jeez. This poor kid has six more years of this. She/he’s gonna need a laryngeal transplant! #URL# ></document>
		<document> RT #USER#: Never thought I’d see ⁦#USER#⁩ with this headline. ⁦#USER#⁩ #HASHTAG# #HASHTAG# #HASHTAG# ></document>
		<document> #USER# #USER# These 2 strong women are amazing! ></document>
		<document> RT #USER#: Forget about the ‘blue wave!’- #USER# predict there will be a “red tsunami” in the midterms ></document>
		<document> RT #USER#: BREAKING: Brett Kavanaugh is sworn in as 114th Supreme Court justice in private ceremony at court ></document>
		<document> RT #USER#: Native Hawaiians respect their wildlife, our indigenous do not... #URL# ></document>
		<document> RT #USER#: Pence faces Kavanaugh protesters, tells security detail 'lets do it' as he walks down Senate steps #URL# ></document>
		<document> RT #USER#: 1984 is not meant to be an instruction manual. #URL# ></document>
		<document> RT #USER#: Unemployment rate falls to 3.7%...lowest rate since 1969. 🇺🇸 #URL# ></document>
		<document> RT #USER#: Tolerant left update #URL# ></document>
		<document> RT #USER#: Just a surfing croc. Where else but the NT... #URL# #URL# ></document>
		<document> RT #USER#: Guardian. Standard. 💩 #URL# ></document>
		<document> RT #USER#: Female protesters mindlessly repeating what a dude says. Feminism! #URL# ></document>
		<document> RT #USER#: Imagine being stupid enough to think blocking traffic is going to do anything to further your agenda ></document>
		<document> RT #USER#: #USER# They should’ve never messed with the King’s Queen. 👸🏻 #URL# ></document>
		<document> RT #USER#: Looks like the only real evidence of climate change is destroyed coal fired power stations in Australia. ></document>
		<document> RT #USER#: Ah the mare ! Challenged again but champions find a way to win #USER# 28 in a row #HASHTAG# #USER# 👍🐎 ></document>
		<document> RT #USER#: “It was good for the American people to see these people were stood up to...they did not get away with it.” ></document>
		<document> RT #USER#: A terrible day for you is a good day for us. You failed in your effort to destroy the life of an innocent man ></document>
		<document> RT #USER#: Imagine the weapon grade hysteria when Barrett is nominated &amp; confirmed. #URL# ></document>
		<document> #USER# You are an evil nasty piece of human garbage. ></document>
		<document> RT #USER#: Schools Advised to Alert Social Services if Parents Stop Boys from Wearing Skirts #URL# ></document>
		<document> #USER# #USER# #USER# Leave our flag alone..... ></document>
		<document> RT #USER#: “This country is not ruled by mob justice.” -#USER# #URL# ></document>
		<document> RT #USER#: Has it really been a week since this?! 2018 PREMIERS! #URL# ></document>
		<document> RT #USER#: I’m not tired of winning….....Victory! #URL# ></document>
		<document> RT #USER#: Not sick of WINNING yet! Let’s take this victory to November! #HASHTAG# ></document>
		<document> RT #USER#: Another big win for President Trump. #URL# ></document>
		<document> RT #USER#: Katherine Johnson - human computer. Best NACA had. #URL# ></document>
		<document> RT #USER#: Hmmm. Did I miss anything this week? #URL# ></document>
		<document> RT #USER#: Evidence Mounting That Kavanaugh is Victim of a Democrat Hit Job | Todd Starnes #URL# ></document>
		<document> #USER# #USER# #USER# #USER# Wow! What a finish! ></document>
		<document> RT #USER#: If you want a sneak peak of what it will be like under Labor take a look at NZ. They arent happy over there ></document>
		<document> RT #USER#: Grave mistake to presume all women are screeching banshees. #URL# ></document>
		<document> RT #USER#: German teenage girl called 'Nazi' for reading poem about migrant violence - Her house vandalised as well ></document>
		<document> #USER# Snowflake from #HASHTAG# ></document>
		<document> #USER# Well said! 😁 ></document>
		<document> RT #USER#: #USER# It’s too long for 280 characters. So read my book Target Africa, it’s all in there... #URL# ></document>
		<document> RT #USER#: Oh shut up you insufferable nitpicking whiners #URL# ></document>
		<document> #USER# Lock em up ></document>
		<document> #USER# #USER# #USER# #USER# #USER# Its a stunt by billy boy ></document>
		<document> RT #USER#: Interpol president Meng Hongwei vanishes during trip to China, official says #URL# ></document>
		<document> RT #USER#: Mighty Mare Winx leaves it perilously late in the Turnbull #URL# ></document>
		<document> #USER# Thanks Donald Trump #HASHTAG# ></document>
		<document> RT #USER#: The US jobless rate has tumbled to its lowest level since December 1969 #URL# ></document>
		<document> #USER# Leftwing idiots are a dime a dozen..... ></document>
		<document> #USER# Coal is a good idea. #HASHTAG# ></document>
		<document> RT #USER#: Kavanaugh secures votes needed for Senate confirmation #URL# #URL# ></document>
		<document> RT #USER#: Standing by for the #HASHTAG# with #USER# Tune in gang, live on #USER# #HASHTAG# #HASHTAG# ></document>
		<document> #USER# The Left hate him already. ></document>
		<document> #USER# The UN is a disgrace and Australia should exit asap. ></document>
		<document> RT #USER#: Aus-Exit the United Nations. #URL# ></document>
		<document> #USER# Get out safe mate. ></document>
		<document> #USER# Get brenden into British Politics asap. Talks so much sense ></document>
		<document> RT #USER#: Thank you Malawi! 🇺🇸 🇲🇼 #URL# ></document>
		<document> RT #USER#: Idiots all over Twitter are threatening to riot if and when Kavanaugh is confirmed. ></document>
		<document> RT #USER#: Hairstylist seen in video kicking pro-life demonstrator loses job, may face charges #URL# ></document>
		<document> #USER# Shes a muppet ></document>
		<document> RT #USER#: Brendan O’Neill on how #HASHTAG# has devastated the presumption of innocence: #URL# ></document>
		<document> #USER# Brendan is a good man. Speaks logically all the time. ></document>
		<document> RT #USER#: Cry me a river, lefties. #URL# ></document>
		<document> #USER# You sore loser! ></document>
		<document> #USER# Lock up the leftwing filth. ></document>
		<document> RT #USER#: George Papadopoulos speaks to #USER# on #HASHTAG# after he says "there's a lot more to come." ></document>
		<document> RT #USER#: .#USER# receives life membership #HASHTAG# #URL# ></document>
		<document> RT #USER#: BREAKING: US unemployment rate fell in September to 49-year low of 3.7 percent amid steady hiring. ></document>
		<document> RT #USER#: Italian Populist League to Introduce Ban on Halal Slaughter #URL# ></document>
		<document> RT #USER#: OH MY GOD! #URL# ></document>
		<document> RT #USER#: "And as Shep said, boys we're going back-to-back 'cos I want one of those medals too." #USER# #HASHTAG# ></document>
		<document> RT #USER#: Don't Just Walk Away, Run and Run Like Hell....... #URL# ></document>
		<document> RT #USER#: JUST IN: Lawyer for Clinton campaign and DNC gave FBI documents for Russia probe, sources say. #URL# ></document>
		<document> RT #USER#: And I am grateful for Bret Stephens! #URL# ></document>
		<document> RT #USER#: What will the consequences be for Dr. Ford given that it looks increasingly likely she lied under oath? ></document>
		<document> #USER# Shes a typical leftwing liar. ></document>
		<document> RT #USER#: It's time to kick back and watch all the highlights from our thrilling Grand Final! #URL# ></document>
		<document> RT #USER#: Happy Birthday, #USER# !!!! #URL# ></document>
		<document> RT #USER#: SCOMO addresses the club, congratulating the players and officials. #HASHTAG# #URL# ></document>
		<document> RT #USER#: “What you create for the fans, is magic.” Prime Minister Scott Morrison #HASHTAG# #URL# ></document>
		<document> RT #USER#: Had a few visitors today... #USER# #USER# #USER# #HASHTAG# #URL# ></document>
		<document> RT #USER#: ScoMo chatting with Norm. #URL# ></document>
		<document> RT #USER#: MAGNIFICENT. Luke Shuey's Grand Final game was the best in a decade. Read: #URL# ></document>
		<document> #USER# #USER# #USER# You are a gentleman and a legend of the game. ></document>
		<document> RT #USER#: Our Grand Final win is better to the Titanic music... Turn the sound up. #URL# ></document>
		<document> 2018 #HASHTAG# Premiers #USER# Sick it up Victorians hahaha! 🤣 #URL# ></document>
		<document> #USER# #USER# GO Eagles! #USER# #HASHTAG# ></document>
		<document> RT #USER#: Lacking worthy menaces to fight, the left is driven to find a replacement for racism, writes Shelby Steele ></document>
		<document> #USER# #USER# And the Vic Police and media covered it all up. Mental illness my ass..... ></document>
		<document> #USER# Leftwing idiot. Bankrupt ></document>
		<document> #USER# Labor, the party of idiots! ></document>
		<document> #USER# Well said mate. ></document>
		<document> RT #USER#: #HASHTAG#: Scott Morrison lifts Coalition, cements lead over Bill Shorten #URL# ></document>
		<document> RT #USER#: Eagles Supporters: Three votes. #URL# ></document>
		<document> RT #USER#: SING IT! #HASHTAG# #URL# ></document>
		<document> RT #USER#: "Coaches love that!" Liam Ryan in full flight. 🔥🔥 #HASHTAG# #URL# ></document>
		<document> RT #USER#: Some good news for our economy, but so is a fourth album for The Saints. #URL# ></document>
		<document> RT #USER#: Straight to work fueling up for the second half. #HASHTAG# #URL# ></document>
		<document> RT #USER#: How's that for a first half!!!!!! 🦅 69 🔴🔵 6 #HASHTAG# #URL# ></document>
		<document> RT #USER#: Just another day in Perth... #HASHTAG# #URL# ></document>
		<document> RT #USER#: Good thing violent crime is down in Britain...oh wait #URL# #URL# ></document>
		<document> RT #USER#: Please remember. The donning of the hijab is always a "free choice." #URL# ></document>
		<document> RT #USER#: Just 28% of men and 25% of women surveyed by Huffington Post find Ford’s accusations against Kavanaugh “credible” ></document>
		<document> RT #USER#: My god. #HASHTAG# #URL# ></document>
		<document> RT #USER#: My god! I thought this was parody...VICE accuses Chinese Canadians of white supremacy. #URL# ></document>
		<document> RT #USER#: HE SAYS ISLAM OR DEATH 2 choices #URL# ></document>
		<document> #USER# Never ever ever..... Over my dead body ></document>
		<document> RT #USER#: This thing is rad #HASHTAG# #URL# ></document>
		<document> #USER# Good. Lock his ass up ></document>
		<document> #USER# #USER# Yeh but it was ok to have rapist Bill Clinton as Potus because, you know, hes a Democrat.. ... Dickhead. ></document>
		<document> #USER# Because its a Leftwing lie. ></document>
		<document> #USER# You are a tyrannical regime that oppresses women and non muslims. I cant believe you chair the UNHCR you muppets. ></document>
		<document> #USER# And he did ut against Rance and other All Australians. Massive effort for a bloke who had no idea about footy 3yrs ago ></document>
		<document> #USER# #USER# You are mentally unstable. Take your leftwing garbage elsewhere you Muppet. ></document>
		<document> RT #USER#: Caitlyn Jenner is saying Bruce Jenner touched her 20 years ago ></document>
		<document> #USER# #USER# #USER# 99 Prelim all over again. ></document>
		<document> #USER# #USER# Good work Pauline ></document>
		<document> RT #USER#: There's been another drop in Victoria's crime rate, according to latest figures #URL# #URL# ></document>
		<document> #USER# Leftwing spin. ></document>
		<document> #USER# Fk Labor and the Left in general. They want to erase our history and culture ></document>
		<document> #USER# Yeh by refusing to arrest criminals..... ></document>
		<document> RT #USER#: "Stop filming, it’s a rape," they said. #URL# ></document>
		<document> RT #USER#: One change. Preliminary Final #USER# team announcement --&gt; #URL# #URL# ></document>
		<document> #USER# Good. Watch the self loathing Lefties heads explode. ></document>
		<document> #USER# Lock him up now ></document>
		<document> RT #USER#: There are counties in America that have more registered voters than residents. Don’t tell me voter fraud isn’t an issue. ></document>
		<document> #USER# Or he will just keep on winning. ></document>
		<document> Brilliant interview #USER# She is truly a hero #USER# ></document>
		<document> #USER# The filthy lying putrid Left..... ></document>
		<document> RT #USER#: Poland stands with Hungary against EU and will veto any sanctions against the country #URL# ></document>
		<document> RT #USER#: "It’s Official: Google Is a Democratic Party Front" #URL# ></document>
		<document> RT #USER#: #USER# Did these cartoonists incur your condemnation? #URL# ></document>
		<document> #USER# #USER# Fk off you leftwing peanut. ></document>
		<document> #USER# #USER# #USER# Shortens a rolled gold liar. All ALP members should be referred to the high court. All of them..... ></document>
		<document> #USER# Good onya Shep! Wish you were still fit and kicking ass. ></document>
		<document> RT #USER#: Watch and share my latest remarks to the European Parliament for #HASHTAG#. ⬇️ #URL# ></document>
		<document> #USER# #USER# #USER# #USER# Fk off Turnbull you slimy leftwing flog ></document>
		<document> #USER# Always the victim, taught well by The Left..... ></document>
		<document> RT #USER#: in support of cartoonist #USER# , victim of the PC Gestapo . My cartoon in my newspaper tomorrow... ></document>
		<document> #USER# Deport her and her socialist family to Manus. Lefty flogs. ></document>
		<document> #USER# Coached by her hard Left socialist parents who are Uni lecturers. Utter garbage. ></document>
		<document> RT #USER#: Annnddd this is mummy &amp; daddy Imagine my shock #URL# ></document>
		<document> #USER# And the idiot parents. Actually, deport them all to Manus seeing they despise Australia so much. ></document>
		<document> RT #USER#: ‘I’d kick her up the backside’ #URL# ></document>
		<document> RT #USER#: Forget burning books like in Fahrenheit 451, now Amazon just digitally erases them. So much more convenient! ></document>
		<document> RT #USER#: #USER# #USER# God, I hope not. Did you see these earlier .....? Somehow media missed them. ></document>
		<document> RT #USER#: Surely this must be peak 'Trump Derangement Syndrome'? #HASHTAG# #URL# ></document>
		<document> RT #USER#: PC is an infectious, insidious disease that needs to be eradicated. #URL# ></document>
		<document> RT #USER#: S Africa’s fiercest battleground #URL# ></document>
		<document> #USER# #USER# #USER# #USER# Labor, the party of filthy liars..... ></document>
		<document> #USER# #USER# #USER# #USER# Billy Boy who personally knifed 2 sitting PMs ></document>
		<document> #USER# The Left never cared when The Guardian drew this..... Selective Leftwing rage #URL# ></document>
		<document> RT #USER#: RPT: Trump to declassify Ohr, Page documents #URL# ></document>
		<document> #USER# #USER# Well said Karl! ></document>
		<document> #USER# Piss her off asap! ></document>
		<document> #USER# Brainwashed by her leftwing socialist parents who hate Australia. Expel the kid, they can teach her at home. ></document>
		<document> #USER# Where was The Lefts outrage at this cartoon by The Guardian? #URL# ></document>
		<document> #USER# #USER# #USER# The Left never complained when the Guardian did this one... #URL# ></document>
		<document> RT #USER#: #USER# I think her parents need to have the shit slapped out of them! ></document>
		<document> #USER# Dividing my ass! 95+% of Aussies would think its a disgrace. ></document>
		<document> RT #USER#: Scott Morrison indicates he'll change discrimination laws to protect 'religious freedom' #URL# ></document>
		<document> #USER# Is anyone surprised? Islam is not compatible with Western values. Simple. ></document>
		<document> #USER# The Greens are anti Australian filth and the Labor party isnt far behind. ></document>
		<document> RT #USER#: Conservative MPs meet over plot to oust Prime Minister Theresa May #URL# ></document>
		<document> RT #USER#: Agree completely. Parents grandstanding. She is only 9. Wrong on multiple levels. #URL# ></document>
		<document> RT #USER#: Breaking: US Attorney General Jeff Sessions to open investigation into social media giants. ></document>
		<document> RT #USER#: Easy. They just killed off anyone who couldn't read. #URL# ></document>
		<document> #USER# #USER# #USER# Host of QandA ></document>
		<document> #USER# From Superannuation? Cant be from members fees? ></document>
		<document> #USER# #USER# Was this racist by The Guardian? Silence from The Left..... #URL# ></document>
		<document> RT #USER#: Exhibit 1: Guardian cartoonist draws Condoleezza Rice #URL# ></document>
		<document> RT #USER#: Can we get #HASHTAG# trending? #URL# ></document>
	
</author><document> RT #USER#: Did Flyin' Ryan win vote of the year? #URL# </document>
<document> RT #USER#: Four points are a priority as the Eagles look to set up their flag defense, says Adam Simpson. #URL# </document>
<document> RT #USER#: Cripps from afar! Eagles of 2 goals. #HASHTAG# #URL# </document>
<document> RT #USER#: Eagles smash in thrilling preliminary final rematch in Perth! #HASHTAG# #URL# </document>
<document> RT #USER#: Magic. ✨✨✨ #HASHTAG# #URL# ></document>
<document> RT #USER#: How can a Community produce so many Rectums? Just how do they do it? Listen to these new Three Stooges! >></document>
<document> #USER# #USER# #USER# #USER# Great observation </document>
<document> RT #USER#: Salvini and Le Pen form "Freedom Front" against mass migration ahead of European Parliament elections #URL# ></document>
<document> RT #USER#: SIREN: Pollsters say Democrats may fail to win back House... which could trigger another meltdown</document>
<document> RT #USER#: Paid or not, the left has used violence and intimidation to try to overthrow the Senate. And it almost happened. >></document>
<document> RT #USER#: Which party do you plan to vote for in the 2018 midterm elections? Please vote and retweet for a bigger sample </document>
<document> RT #USER#: Asylum seeker brutally rapes CHILD who was teaching him German #URL# </document>
<document> #USER# #USER# #USER# #USER# #USER# #USER# Leftist rapists get a free pass..... ></document>
<document> #USER# #USER# Where is your Pocohantas D+A test? >></document>
<document> RT #USER#: The best EVER! I can not stop laughing! #URL# </document>
<document> This is GOLD! #URL# </document>
<document> #USER# #USER# Stop all foreign aid. No refugees. Take care of our </document>
<document> RT #USER#: There are only two genres </document>
<document> RT #USER#: With work, you will pay too much tax. #URL# </document>
<document> #USER# It's a guy. End of the story. >></document>
<document> #USER# To go after Ford the leftist liar and those who instigated her. #HASHTAG# </document>
<document> #USER# Take your money to Perth. Mining boom in full swing and house/unit prices down. >></document>
<document> RT #USER#: #USER# I am a survivor and #HASHTAG# </document>
<document> #USER# Except of course anyone raped by Bill Clinton and any other Leftys..... Spare me your bullshit. >></document>
<document> #USER# The man who allegedly threatened the media to protect Harvey Weinstein? Truly????? >></document>
<document> #USER# #USER# Block them all </document>
<document> #USER# The Left believes ALL rape victims except those raped by Bill Clinton, Bill Shorten and any other Lefty..... ></document>
<document> #USER# 2 shitty countries </document>
<document> RT #USER#: Turkish police believe Saudi journalist killed at consulate #URL# </document>
<document> RT #USER#: For the first time in modern SCOTUS history, we actually have a 5-4 majority. Our goal for the next two years: 6-3 </document>
<document> RT #USER#: Wow. This poor boy has another six years of this. He's going to need a larynx transplant! #URL# </document>
<document> RT #USER#: I never thought I'd see #USER# with this title. #USER# #HASHTAG# #HASHTAG# #HASHTAG# ></document>
<document> #USER# #USER# These 2 strong women are amazing! >></document>
<document> RT #USER#: Forget the blue wave!'- #USER# predicts mid-term "red tsunami"</document>
<document> RT #USER#: BREAKING: Brett Kavanaugh sworn in as a 114th Supreme Court justice in private courtroom ceremony </document>
<document> RT #USER#: Native Hawaiians respect their wildlife, our natives don't... #URL# ></document>
<document> RT #USER#: Pence confronts Kavanaugh protesters, tells security team 'let's do it' as he walks down Senate steps #URL#></document>
<document> RT #USER#: 1984 is not meant to be an instruction manual. #URL# </document>
<document> RT #USER#: Unemployment rate drops to 3.7%...lowest rate since 1969. 🇺🇸 #URL# ></document>
<document> RT #USER#: Tolerant left update #URL# </document>
<document> RT #USER#: Just a crocodile sailing. Where else but the NT... #URL# #URL# ></document>
<document> RT #USER#: Guardian. Standard. 💩 #URL# ></document>
<document> RT #USER#: Female protesters mindlessly repeating what a guy says. Feminism! #URL# </document>
<document> RT #USER#: Imagine being stupid enough to think that the traffic blocker will do anything to advance your agenda </document>
<document> RT #USER#: #USER# They should never have messed with the king's queen. 👸🏻 #URL# </document>
<document> RT #USER#: It seems the only real evidence of climate change is the destroyed coal-fired power plants in Australia. >></document>
<document> RT #USER#: Ah the mare! Challenged again but champions find a way to win #USER# 28 in a row #HASHTAG# #USER# 👍🐎 ></document>
<document> RT #USER#: "It was good for the American people to see that these people stood up to...they didn't get away with it." >></document>
<document> RT #USER#: A bad day for you is a good day for us. You have failed in your attempt to destroy the life of an innocent man</document>
<document> RT #USER#: Imagine the gunshot hysteria as Barrett is named &amp; confirmed. #URL# </document>
<document> #USER# You are an evil piece of human garbage. >></document>
<document> RT #USER#: Schools advised to alert social services if parents prevent kids from wearing skirts #URL# </document>
<document> #USER# #USER# #USER# Forget our flag..... ></document>
<document> RT #USER#: "This country is not governed by mafia justice." -#USER# #URL# </document>
<document> RT #USER#: Has it really been a week since this?! PREVIEWS 2018! #URL# </document>
<document> RT #USER#: I'm not tired of winning….....Victory! #URL# </document>
<document> RT #USER#: Still not tired of WINNING! We bring this victory to NovembeR! #HASHTAG# </document>
<document> RT #USER#: Another big victory for President Trump. #URL# </document>
<document> RT #USER#: Katherine Johnson - human computer. Best NACA had. #URL# </document>
<document> RT #USER#: Hmmm. Did I miss something this week? #URL# </document>
<document> RT #USER#: Evidence Mounts Kavanaugh Victim of Democratic Coup | Todd Starnes #URL# ></document>
<document> #USER# #USER# #USER# #USER# Wow! What an end! >></document>
<document> RT #USER#: If you want a preview of what it will be like under Labour, check out New Zealand. They are not happy there </document>
<document> RT #USER#: Serious mistake to assume that all women are screaming banshees. #URL# </document>
<document> RT #USER#: German teenager called a 'Nazi' for reading a poem about migrant violence - Her home was also vandalized </document>
<document> #USER# Snowflake from #HASHTAG# </document>
<document> #USER# Well said! 😁 >></document>
<document> RT #USER#: #USER# Is too long for 280 characters. Then read my book Target Africa, it's all in there... #URL# ></document>
<document> RT #USER#: Oh shut up you insufferable crybabies crybabies #URL# </document>
<document> #USER# Block them </document>
<document> #USER# #USER# #USER# #USER# #USER# It's a Billy Boy stunt </document>
<document> RT #USER#: Interpol President Meng Hongwei goes missing on trip to China, official says #URL# </document>
<document> RT #USER#: Mighty Mare Winx leaves him dangerously late in Turnbull #URL# </document>
<document> #USER# Thank you Donald Trump #HASHTAG# </document>
<document> RT #USER#: US unemployment rate falls to lowest level since December 1969 #URL# </document>
<document> #USER# Leftist idiots are worth a dozen..... </document>
<document> #USER# Coal is a good idea. #HASHTAG# </document>
<document> RT #USER#: Kavanaugh gets votes needed for Senate confirmation #URL# #URL# </document>
<document> RT #USER#: Waiting for #HASHTAG# with #USER# Tune in, live on #USER# #HASHTAG# #HASHTAG# </document>
<document> #USER# The left already hates him. >></document>
<document> #USER# The UN is a disgrace and Australia should get out as soon as possible. >></document>
<document> RT #USER#: Aus-Exit from the United Nations. #URL# </document>
<document> #USER# Log out friend. >></document>
<document> #USER# Bring Brenden into British politics as soon as possible. It makes a lot of sense </document>
<document> RT #USER#: Thanks Malawi! 🇺🇸 🇲🇼 #URL# ></document>
<document> RT #USER#: Twitter idiots threaten to riot if and when Kavanaugh is confirmed. >></document>
<document> RT #USER#: Hairdresser seen in video kicking pro-life protester loses job, could be charged #URL#></document>
<document> #USER# She is a muppet </document>
<document> RT #USER#: Brendan O'Neill on how #HASHTAG# shattered the presumption of innocence: #URL#></document>
<document> #USER# Brendan is a good man. Speak logicallyall time. >></document>
<document> RT #USER#: Cry me a river, lefties. #URL# </document>
<document> #USER# Sore loser! >></document>
<document> #USER# Lock up the left scum. >></document>
<document> RT #USER#: George Papadopoulos talks to #USER# about #HASHTAG# after saying "there is still a lot to do". >></document>
<document> RT #USER#: .#USER# receives lifetime subscription #HASHTAG# #URL# </document>
<document> RT #USER#: BREAKING: The US unemployment rate fell to a 49-year low of 3.7% in September on a steady hiring basis. >></document>
<document> RT #USER#: the Italian Populist League will introduce the ban on halal slaughter #URL# </document>
<document> RT #USER#: OH MY GOD! #URL# </document>
<document> RT #USER#: "And like Shep said, guys we're going one after another because I want one of those medals too." #USER# #HASHTAG# </document>
<document> RT #USER#: Don't walk away, run and run like crazy....... #URL# </document>
<document> RT #USER#: JUST IN: Attorney for Clinton and DNC campaign provided FBI documents for Russia investigation, sources say. #URL# </document>
<document> RT #USER#: And I'm grateful for Bret Stephens! #URL# </document>
<document> RT #USER#: What will be the consequences for Dr. Ford as it seems increasingly likely that she lied under oath? >></document>
<document> #USER# She's a typical leftist liar. >></document>
<document> RT #USER#: Time to relax and watch all the highlights from our thrilling finale! #URL# </document>
<document> RT #USER#: Happy birthday, #USER# !!!! #URL# </document>
<document> RT #USER#: SCOMO addresses the club, congratulating players and managers. #HASHTAG# #URL# </document>
<document> RT #USER#: "What you create for the fans is magical." Prime Minister Scott Morrison #HASHTAG# #URL# ></document>
<document> RT #USER#: I had some visitors today... #USER# #USER# #USER# #HASHTAG# #URL# </document>
<document> RT #USER#: ScoMo chatting with Norm. #URL# </document>
<document> RT #USER#: GREAT. Luke Shuey's Grand Final game was his best in a decade. Read: #URL# ></document>
<document> #USER# #USER# #USER# You are a gentleman and a gaming legend. >></document>
<document> RT #USER#: Our victory at the Grand Finale is better than the music of the Titanic... Turn up the volume. #URL# </document>
<document> 2018 #HASHTAG# Premiers #USER# Sick Victorians hahaha! 🤣 #URL# </document>
<document> #USER# #USER# GO Eagles! #USER# #HASHTAG# </document>
<document> RT #USER#: With no worthy threats to fight, the left is driven to find a substitute for racism, writes Shelby Steele </document>
<document> #USER# #USER# And the Vic Police and the media covered it all. Mental illness my ass..... </document>
<document> #USER# Leftist idiot. Bankruptcy </document>
<document> #USER# Labour, the party of idiots! >></document>
<document> #USER# Well said mate. >></document>
<document> RT #USER#: #HASHTAG#: Scott Morrison lifts Coalition, consolidates lead over Bill Shorten #URL# ></document>
<document> RT #USER#: Eagles fans: three votes. #URL# </document>
<document> RT #USER#: SING IT! #HASHTAG# #URL# </document>
<document> RT #USER#: "Trainers love it!" Liam Ryan in full flight. 🔥🔥 #HASHTAG# #URL# ></document>
<document> RT #USER#: Some good news for our economy, but so is The Saints' fourth album. #URL# </document>
<document> RT #USER#: Immediately to work to refuel for the second half. #HASHTAG# #URL# </document>
<document> RT #USER#: How about a first half!!!!!! 🦅 69 🔴🔵 6 #HASHTAG# #URL# </document>
<document> RT #USER#: Just another day in Perth... #HASHTAG# #URL# </document>
<document> RT #USER#: Good thing violent crime is down in Britain... oh wait #URL# #URL# </document>
<document> RT #USER#: Please remember. Wearing the hijab is always a "free choice". #URL# </document>
<document> RT #USER#: Only 28% of men and 25% of women polled by the Huffington Post find Ford's allegations against Kavanaugh "credible" </document>
<document> RT #USER#: My god. #HASHTAG# #URL# </document>
<document> RT #USER#: My god! I thought it was a parody...VICE accuses Chinese Canadians of white supremacy. #URL# </document>
<document> RT #USER#: SAYS ISLAM OR DEATH 2 choices #URL# </document>
<document> #USER# Never ever..... On my dead body </document>
<document> RT #USER#: This thing is awesome #HASHTAG# #URL# </document>
<document> #USER# Good. Shut his ass </document>
<document> #USER# #USER# Yeah, but it was okay to have rapist Bill Clinton as Potus because, you know, he's a Democrat... ...Dickhead. >></document>
<document> #USER# Because it's a leftist lie. >></document>
<document> #USER# You are a tyrannical regime that oppresses women and non-Muslims. I can't believe you're presiding over UNHCR, muppets. >></document>
<document> #USER# And utd against Rance and other All Australians. A huge effort for a guy who had no idea about football 3 years ago </document>
<document> #USER# #USER# You are mentally unstable. Take your leftist trash elsewhere, Muppet. >></document>
<document> RT #USER#: Caitlyn Jenner is saying that Bruce Jenner touched her 20 years ago </document>
<document> #USER# #USER# #USER# 99 Preliminary all over. >></document>
<document> #USER# #USER# Good job Pauline </document>
<document> RT #USER#: There has been another drop in crime rate in Victoria, according to the latest data #URL# #URL# </document>
<document> #USER# Left rotation. >></document>
<document> #USER# Fk Work and Left in general. They want to erase our history and culture </document>
<document> #USER# Yes, refusing to arrest criminals..... </document>
<document> RT #USER#: "Stop filming, it's rape," they said. #URL# </document>
<document> RT #USER#: A change. Preliminary Final Announcement from the #USER# team --&gt; #URL# #URL# </document>
<document> #USER# Good. Watch the disgusting heads of lefties explode. >></document>
<document> #USER# Lock him up now </document>
<document> RT #USER#: There are counties in America that have more registered voters than residents. Don't tell me electoral fraud isn't a problem. >></document>
<document> #USER# Or keep winning. >></document>
<document> Brilliant interview #USER# She truly is a #USER# hero </document>
<document> #USER# The dirty and putrid lying Left..... ></document>
<document> RT #USER#: Poland sides with Hungary against EU and will veto any sanctions against the country #URL# </document>
<document> RT #USER#: "It's official: Google is a Democratic party front" #URL# ></document>
<document> RT #USER#: #USER# Did these cartoonists incur your conviction? #URL# </document>
<document> #USER# #USER# Fuck you left peanut. >></document>
<document> #USER# #USER# #USER# Shortens a rolled gold liar. All ALP members should be referred to the high court. All of them..... </document>
<document> #USER# Well done Onya Shep! I wish you were still fit and kicking ass. >></document>
<document> RT #USER#: Watch and share my latest remarks to the European Parliament for #HASHTAG#. ⬇️ #URL# </document>
<document> #USER# #USER# #USER# #USER# Fk off Turnbull slimy left-wing flogger </document>
<document> #USER# Always the victim, taught well by the Left..... </document>
<document> RT #USER#: in support of cartoonist #USER# , victim of the Gestapo PC . My cartoon in my newspaper tomorrow... </document>
<document> #USER# Deport her and her socialist family to Manus. Left-handed floggings. >></document>
<document> #USER# Trained by her far left socialist parents who are university professors. Total garbage. >></document>
<document> RT #USER#: Annnddd this is mom &amp; dad Imagine my shock #URL# </document>
<document> #USER# And the idiot parents. In fact, deport them all to Manus since they despise Australia so much. >></document>
<document> RT #USER#: "I would kick your ass" #URL# ></document>
<document> RT #USER#: Forget burned books like in Fahrenheit 451, now Amazon digitally erases them. Much cheaper! >></document>
<document> RT #USER#: #USER# #USER# God, I hope not. Have you seen them before.....? Somehow the media missed them. >></document>
<document> RT #USER#: Surely this must be the pinnacle of "Trump Derangement Syndrome"? #HASHTAG# #URL# </document>
<document> RT #USER#: PC is an insidious infectious disease that needs to be eradicated. #URL# </document>
<document> RT #USER#: Southern Africa's fiercest battlefield #URL# </document>
<document> #USER# #USER# #USER# #USER# Labour, the party of dirty liars..... ></document>
<document> #USER# #USER# #USER# #USER# Billy Boy who personally stabbed 2 sitting PMs</document>
<document> #USER# The left never cared when The Guardian drew this..... Selective rage of the left #URL# ></document>
<document> RT #USER#: RPT: Trump declassifies Ohr, document page #URL# </document>
<document> #USER# #USER# Well said Karl! >></document>
<documentt> #USER# Piss her off ASAP! >></document>
<document> #USER# He was brainwashed by his leftist socialist parents who hate Australia. Expel the child, they can teach her at home. >></document>
<document> #USER# Where was the leftist outrage over this Guardian cartoon? #URL# </document>
<document> #USER# #USER# #USER# The left never complained when the Guardian did this... #URL# ></document>
<document> RT #USER#: #USER# I think his parents need to be slapped! >></document>
<document> #USER# Sharing my ass! Over 95% of Australians would think it's a shame. >></document>
<document> RT #USER#: Scott Morrison Indicates He Will Change Discrimination Laws To Protect 'Religious Freedom' #URL# </document>
<document> #USER# Is anyone surprised? Islam is not compatible with Western values. Simple. >></document>
<document> #USER# The Greens are rubbish against Australia and the Labor Party is not far behind. >></document>
<document> RT #USER#: Conservative MPs meet on plot to oust Prime Minister Theresa May #URL# </document>
<document> RT #USER#: Completely agree. Outstanding parents. He's only 9 years old. Wrong on several levels. #URL# </document>
<document> RT #USER#: Breaking: US Attorney General Jeff Sessions to open probe into social media giants. >></document>
<document> RT #USER#: Easy. They just killed anyone who couldn't read. #URL# </document>
<document> #USER# #USER# #USER# QandA host </document>
<document> #USER# From Superannuation? Can't it come from member dues? >></document>
<document> #USER# #USER# Was he racist by The Guardian? Silence from the left..... #URL# </document>
<document> RT #USER#: Attachment 1: Guardian cartoonist draws Condoleezza Rice #URL# </document>
<document> RT #USER#: Can we get trending #HASHTAG#? #URL# </document>

</author>