
	
		<document> #USER# The benefits we give all the immigrants ></document>
		<document> #USER# Of course along with all his passwords . ></document>
		<document> #USER# Cancer sufferers?? ></document>
		<document> #USER# Missed out “IN” ></document>
		<document> #USER# #USER# No thank you now get of my timeline you utter morons ></document>
		<document> #USER# Actually I feel the poster was rude and arrogant. ></document>
		<document> #USER# She eats fish so not vegetarian, and to be fair she could do with a few salads. ></document>
		<document> #USER# You can go on a portal and book your own ></document>
		<document> #USER# As she walks off with her nose hanging out. ></document>
		<document> #USER# #USER# She's got a degree in psychology as well. ></document>
		<document> #USER# She was a hard woman .. Meghan wouldn't have within sniffing distance ></document>
		<document> #USER# Do they follow them right through to slaughter have the chosen a slaughterhouse that kills with captive bolt?? ></document>
		<document> #USER# #USER# Has been I think a never was is more accurate. ></document>
		<document> Meghan and Harry's Oprah interview draws out commonwealth critics , do we fund any of them if so ,when can we stop?? #URL# ></document>
		<document> #USER# #USER# Looks like a Siamese ></document>
		<document> #USER# Can we ask for a refund? ></document>
		<document> #USER# #USER# #USER# No it’s not he said it in 1943 ></document>
		<document> #USER# #USER# Oh I was nearly right cobberdogs based on labradoodle ></document>
		<document> #USER# Are you some sort of crackhead? ></document>
		<document> #USER# #USER# #USER# #USER# Of course you do pet ></document>
		<document> #USER# #USER# And you know how exactly ? ></document>
		<document> #USER# Couple of hours.. ></document>
		<document> #USER# #USER# But of course she knew nothing about Harry ></document>
		<document> #USER# #USER# If thirty three tested positive , what the hell are their residency numbers?? ></document>
		<document> #USER# #USER# She’s got form for copying other people attire. ></document>
		<document> #USER# #USER# Pathetic little weasel. ></document>
		<document> #USER# #USER# She’s not bleeding BLACK latte at most 😆 ></document>
		<document> #USER# Actually makes me feel sick 🤢 ></document>
		<document> #USER# #USER# Except they are adamant theres no such thing as black on white racism 😡 ></document>
		<document> #USER# Wasn’t a wedding and not legal lol ></document>
		<document> #USER# #USER# #USER# God they’d run a mile if you tried, thank god for social distancing. ></document>
		<document> #USER# #USER# The haven’t seen my sister for twenty years was a lie ></document>
		<document> #USER# #USER# #USER# That’s no better to be fair, just waiting for GBnews ></document>
		<document> #USER# #USER# #USER# #USER# Why don't you come up with something A)true B) interesting #HASHTAG# ></document>
		<document> #USER# #USER# Hillary Clinton's always happy when she's shit stirring, until it involves her and then nowhere to be seen. ></document>
		<document> #USER# #USER# I don’t think it’s unconscious at all. ></document>
		<document> #USER# Get the kid taken away NOW ></document>
		<document> #USER# Stupid they may be, suicidal no ></document>
		<document> #USER# Yeah also a minor celebrity cos he was in one of the reality programmes celebrity strictly, or on ice either way pretty crap. ></document>
		<document> #USER# #USER# #USER# What husband would want to upset his future wife? ></document>
		<document> #USER# Up early😀have a good day! ></document>
		<document> #USER# Because the non binary and the self identifiers will have to climb off their unicorns!! ></document>
		<document> #USER# #USER# #USER# But apparently it WAS family ></document>
		<document> #USER# You have a gorgeous family. ></document>
		<document> #USER# Oh my she is stunning !! ></document>
		<document> oh dear Ons is going to make a few heads spin #HASHTAG# #HASHTAG#. #HASHTAG# #URL# ></document>
		<document> #USER# #USER# Every has been has one defining acting moment, this was hers. ></document>
		<document> #USER# #USER# He didn't have to tell her, and all this crap about a title that's a complete lie. ></document>
		<document> #USER# So should you, after all you're not showing any signs of impartiality. ></document>
		<document> #USER# Why delete a very reasonable bit of humour because the wets on the left have had a humour bypass. ></document>
		<document> #USER# No there's loads! ></document>
		<document> #USER# He doesn't fit in with her celebrity view of life , to old ,to fat ,to white. ></document>
		<document> #USER# I didn't watch it saw a few clips on here, and reading the tweets. ></document>
		<document> #USER# If your son was a total disrespectful knob would you talk to him? ></document>
		<document> #USER# #USER# #USER# His daughter obviously inherited the trait then. ></document>
		<document> #USER# #USER# #USER# How do you know she didn't?? ></document>
		<document> #USER# #USER# Your mum is a very astute lady. ></document>
		<document> #USER# Absolutely no way, no how! ></document>
		<document> #USER# #USER# #USER# Shhhhh don't tell anyone. ></document>
		<document> #USER# Hasnt he already?? ></document>
		<document> #USER# Our lady in blue, the others no lady ></document>
		<document> #USER# #USER# Neither was Rachel ></document>
		<document> #USER# #USER# Truth viewed through a kaleidoscope of half truths and outright lies. ></document>
		<document> #USER# #USER# More to the point why are they allowed to?? ></document>
		<document> #USER# #USER# Congratulations, hope all goes well. ></document>
		<document> #USER# #USER# #USER# #USER# Wouldn’t have immunity after a week. ></document>
		<document> #USER# #USER# Happy birthday hope you had a good day. ></document>
		<document> #USER# #USER# He’s not entitled to the title Prince until the crown has passed to Charles. ></document>
		<document> #USER# And you are totally ignorant of the change that happened one hundred years ago?? What the hell are you?? #HASHTAG# ></document>
		<document> #USER# Me .. the clips I’ve seen have already made me angry ></document>
		<document> #USER# #USER# They discussed leaving just SIX months in 😡😡😡😡 ></document>
		<document> #USER# Like attracts like , can we send them all to live with megs and Haz? ></document>
		<document> #USER# #USER# I make of it it’s none of your business. ></document>
		<document> #USER# #USER# She makes a good living from it😡 ></document>
		<document> #USER# #USER# Neither are you pet ></document>
		<document> #USER# #URL# as I said book smarts doesn’t equate to street smart or anywhere near a decent human being. ></document>
		<document> #USER# Abolish yourselves #HASHTAG# ></document>
		<document> #USER# #USER# Even if she’s more white than black or even coffee colour.. #URL# ></document>
		<document> #USER# Yes I do ,and the Americans are lapping it up ></document>
		<document> #USER# Lovely pics as usual have a great day!! ></document>
		<document> #URL# And why not?? Why protect foreign criminals?? ></document>
		<document> #USER# Oh do shut up ></document>
		<document> #USER# And ?? Did he really think he was going to be wet nursed by the family?? ></document>
		<document> #USER# #USER# Morning not watching it but bemused by some of her offerings ></document>
		<document> #USER# #USER# Wow twat tweet of the week!! #HASHTAG# ></document>
		<document> #USER# Or Our and are ></document>
		<document> #USER# We don’t miss YOU 😂😂😂😂 ></document>
		<document> #USER# They won’t it’s Swiss democracy in action ></document>
		<document> #USER# #USER# #USER# Did she interview Weinstein ?? ></document>
		<document> Well done Switzerland the people have spoken majority vote for BURKHA And Facial covering ban !! #HASHTAG# ></document>
		<document> #USER# #USER# Oprah had met her once! ></document>
		<document> #USER# James earl jones ></document>
		<document> #USER# Don't they live abroad? ></document>
		<document> #USER# Results yet?? #HASHTAG# ></document>
		<document> #USER# #USER# TURN THEM BACK!!! ></document>
		<document> #USER# Its is still illegal.nope they got a fine. ></document>
		<document> #USER# #USER# She's not black is she? #URL# ></document>
		<document> #USER# #USER# Fine for those who want to pay it. ></document>
		<document> #USER# Congrats mines in September same length. ></document>
		<document> #USER# Not in one go !! ></document>
		<document> #USER# #USER# And nothing wrong with that!! ></document>
		<document> To see children C &amp; D how is that far on the kids this decision was made by second partner it’s a crock. #HASHTAG# #HASHTAG# #HASHTAG# ></document>
		<document> #USER# #USER# There you go then all sorted😂😂 ></document>
		<document> #USER# #USER# #USER# No not unless you genuinely have four legs a tail and a damn great horn stuck onby our head. ></document>
		<document> #USER# Doubt if the soy could punch its way out of a paper bag ></document>
		<document> #USER# Owww what a little honey ❤️❤️ ></document>
		<document> #USER# Can't trust you with London.. ></document>
		<document> #USER# #USER# #USER# Talk to your local health trust ,they set charges not the government . ></document>
		<document> #USER# #USER# Are you going to borrow the labour money tree?? ></document>
		<document> #USER# #USER# Plus if they had to isolate or heaven forbid got covid FULL pay until return to work. ></document>
		<document> #USER# Isn’t pink a colour?? Maybe we can all be people of colour ></document>
		<document> #USER# I'm vegetarian which doesn't help! ></document>
		<document> #USER# Me too, which hasn’t done my sugar levels any good!! ></document>
		<document> #USER# Don't say that you'll send him into a meltdown poor bloke. He had issues with weight which didn't do him any favours. ></document>
		<document> #USER# #USER# Not including the six months of fully paid sick pay followed by months on half pay and full pay for isolation.. ></document>
		<document> #USER# The one thing that stick out miles is WHERE ARE HER FAMILY.... ></document>
		<document> #USER# #USER# But what " did" he know and why aren't other names being dragged out?? ></document>
		<document> #USER# #USER# Yes ,slimy but anything else I'm not so sure . ></document>
		<document> #USER# A book you can read and reread ❤️ ></document>
		<document> #USER# Wasn’t the furore over an 18year old?? ></document>
		<document> #USER# Oh I loved that book!!! ></document>
		<document> #USER# Typical from the shithole that used to be Bristol ></document>
		<document> #USER# No wonder hindsight answered the presentation... You're as gormless as you look. ></document>
		<document> #USER# #USER# I can't remember, too busy trying to stay upright and not fall on my arse. ></document>
		<document> #USER# Dog poo. Runny at that. ></document>
		<document> #USER# Finally someone sheds light on it!! ></document>
		<document> #USER# Oh boo boo hurty words GROW UP ></document>
		<document> #USER# How much did the map weigh?? A 2kg package tracked and signed is £6.85 ></document>
		<document> #USER# Filed under fiction Subcategory did not happen ></document>
		<document> #USER# Doubt if her ego would fit in piers head no matter how large it was. ></document>
		<document> #USER# #USER# Her mother made it to over a hundred and I was never a fan of hers. ></document>
		<document> #USER# Someone has to work and pay for them... Seems like that short straw has been given to ordinary working tax payers!! ></document>
		<document> #USER# And you know her personally do you?? ></document>
		<document> #USER# #USER# Yes indeed she will be sorely missed . ></document>
		<document> #USER# #USER# I don’t imagine he’ll think differently. ></document>
		<document> #USER# Oh my god he still looks and sounds like a bloke ></document>
		<document> #USER# Sorry your Maj it has to be santa ></document>
		<document> #USER# No gravy on ham it has to be parsley sauce . ></document>
		<document> #USER# I didn’t even feel it I was so busy chatting I didn’t even notice , they use very fine needles . ></document>
		<document> #USER# She’s already said she won’t be queen ></document>
		<document> #USER# #USER# Home office said they were negative , are you positive they were covid + ></document>
		<document> #USER# And another exactly the same from a jockey .. animals just another price of meat 😡😡😡😡 ></document>
		<document> RT #USER#: Please retweet to help Alfie find a home #HASHTAG# 🏴󠁧󠁢󠁳󠁣󠁴󠁿🏴󠁧󠁢󠁳󠁣󠁴󠁿🏴󠁧󠁢󠁳󠁣󠁴󠁿 ></document>
		<document> RT #USER#: A blast from the past. 🤷🏻‍♂️ #URL# ></document>
		<document> #USER# #USER# Then you’re obviously one of the more sane remainers ></document>
		<document> #USER# Well it’s British ,makes more sense than having a piece of blue tat with yellow bits stamped on it . ></document>
		<document> #USER# #USER# No more foreign aid until we can afford to be the lifeblood of the world. ></document>
		<document> RT #USER#: See the difference ? #URL# ></document>
		<document> #USER# It’s a disgrace you said nothing wrong!! ></document>
		<document> #USER# Get well and happy birthday in one tweet 😆 ></document>
		<document> #USER# #USER# About time something was done about this it’s disgusting !!#HASHTAG# #HASHTAG# ></document>
		<document> #USER# #USER# #USER# Or the channel? ></document>
		<document> #USER# #USER# Load of cobblers!!! ></document>
		<document> #USER# Told you they were turning into bedwetters!!! ></document>
		<document> #USER# And probably a book filled with leftie wet dreams get Off my timeline!! ></document>
		<document> #USER# #USER# Maybe it's her stash of loo roll?? ></document>
		<document> #USER# #USER# #USER# Oh dear there's going to be a lot of leftie head spinning #URL# ></document>
		<document> #USER# #USER# Get off my timeline #HASHTAG# ></document>
		<document> #USER# #USER# #USER# It was taped around the same time he went into hospital, plenty of time to hold the viewing back. ></document>
		<document> #USER# #USER# #USER# Neither is she except when it suits her I've seen darker Spanish and Portuguese than her. ></document>
		<document> #USER# #USER# #USER# Oh rubbish his brother had the same experience B did he turn into a sniveling whiner ?no he didn't. ></document>
		<document> #USER# With word violence why not switch off social media? ></document>
		<document> #USER# The only ones supporting him now are the star struck vacuous idiots ></document>
		<document> #USER# You’re not making a huge success of it are you. ></document>
		<document> #USER# Don’t run before you can walk ,a fall on your face won’t do anyone any favours ></document>
		<document> #USER# Reflecting the hot seat! ></document>
		<document> #USER# Oh DO be quiet😂😂are you such a whiny pathetic little mealy mouthed moaner in real life ,or is this your Twitter persona??? ></document>
		<document> #USER# #USER# A beautiful family and proof that integration can be a beautiful thing.. ></document>
		<document> #USER# #USER# #USER# Research bleach and cancer treatments then research UV light before revealing your stupidity ></document>
		<document> #USER# I’m part of a weekly testing programme and you won’t allow me home testing kits😡 why !! ></document>
		<document> #USER# #USER# Does he even realise?? ></document>
		<document> #USER# Not funny even as parody. ></document>
		<document> #USER# All of it!! ></document>
		<document> #USER# My boss had high temperature and flu type symptoms for about three days. ></document>
		<document> #USER# Has he got real hair?? ></document>
		<document> #USER# #USER# Same as me ,headaches for three days then fine. ></document>
		<document> #USER# Thank God you're a parody, but don't get me started On the crackpot fannies who DO actually sympathize with her. ></document>
		<document> #USER# #USER# Reading jail unoccupied?? ></document>
		<document> #USER# Out of your pocket then?? ></document>
		<document> #USER# Yes they are !! ></document>
		<document> #USER# Men are XX women are XY until chromosomes can be changed, women are women and men are men. ></document>
		<document> #USER# YEEEEEEEESSSSSS now wait for the backlash!! ></document>
		<document> RT #USER#: I will name and shame all these people and have reported #URL# ></document>
		<document> #USER# Actually quite offensive ></document>
		<document> #USER# #USER# Some people may get antibodies but no one knows how long they last in any given individual ></document>
		<document> #USER# No vaccine is 100% ></document>
		<document> #USER# Watch out watch out there’s a Humphrey about!! ></document>
		<document> #USER# #USER# Earliest reaction date 2001????? ></document>
		<document> #USER# Because they’re as thick as ></document>
		<document> #USER# You do talk bollocks ></document>
		<document> #USER# #USER# #USER# Why are you cancelling vaccinations in April?? ></document>
		<document> #USER# Nothing like a desperate has been ! Still grasping at the straws Kev?? ></document>
		<document> #USER# Congratulations, hope you do well! ></document>
		<document> #USER# Two thirds reduction in dying , catching or passing it on isn’t nothing! ></document>
		<document> #USER# #USER# Chins ??I thought they were his bollocks. ></document>
		<document> #USER# One horse ,one donkey ,guess which one you are #URL# ></document>
		<document> #USER# Trump was sane?? ></document>
		<document> #USER# Couldn’t find anyone more stuck up their own arse?? ></document>
		<document> #USER# #USER# She owned a Yorkie !! ></document>
		<document> #USER# #USER# Happy birthday young man 🎂🍰🍧🍦🍭🧁🍬🥮 ></document>
	
</author><document> #USER# The advantages we give to all immigrants </document>
<document> #USER# Obviously along with all his passwords. >></document>
<document> #USER# Cancer patients?? >></document>
<document> #USER# You lost "IN" </document>
<document> #USER# #USER# No thanks, now go to my history, idiots </document>
<document> #USER# I actually thought the poster was rude and arrogant. >></document>
<document> #USER# She eats fish, so she's not a vegetarian, and to be fair she could do with a few salads. >></document>
<document> #USER# You can go to a portal and book yours </document>
<document> #USER# As he walks off with his nose sticking out. >></document>
<document> #USER# #USER# She too has a degree in psychology. >></document>
<document> #USER# She was a tough woman... Meghan would never have seen her within earshot</document>
<document> #USER# They follow them to the slaughterhouse have they chosen a slaughterhouse that kills with a captive bolt?? >></document>
<document> #USER# #USER# Was I think a never was more accurate. >></document>
<document> Meghan and Harry's Oprah interview attracts critics of the commonwealth, do we fund any if so, when can we stop?? #URL# </document>
<document> #USER# #USER# Looks like a Siamese </document>
<document> #USER# Can we ask for a refund? >></document>
<document> #USER# #USER# #USER# No, he didn't say that in 1943 </document>
<document> #USER# #USER# Oh I was almost right labradoodle based cobberdogs </document>
<document> #USER# Are you some kind of crackhead? >></document>
<document> #USER# #USER# #USER# #USER# Sure you do pet </document>
<document> #USER# #USER# And do you know exactly how ? >></document>
<document> #USER# A couple of hours.. </document>
<document> #USER# #USER# But he obviously didn't know anything about Harry </document>
<document> #USER# #USER# If thirty three test positive, what the hell are their residence numbers?? >></document>
<document> #USER# #USER# Shaped to copy other people's clothing. >></document>
<document> #USER# #USER# Pathetic little weasel. >></document>
<document> #USER# #USER# Not bleeding at all BLACK latte 😆 </document>
<document> #USER# It actually makes me feel bad 🤢 ></document>
<document> #USER# #USER# Except they are adamant, there is no such thing as black and white racism 😡 </document>
<document> #USER# It wasn't a wedding and it wasn't legal lol </document>
<document> #USER# #USER# #USER# God they'd run a mile if I tried, thank god for social distancing. >></document>
<document> #USER# #USER# Not seeing my sister in twenty years was a lie </document>
<document> #USER# #USER# #USER# It's not better to be honest, I'm just waiting for GBnews </document>
<document> #USER# #USER# #USER# #USER# Why can't you think of something A)true B) interesting #HASHTAG# </document>
<document> #USER# #USER# Hillary Clinton is always happy when she makes a mess, uUntil he engages her and then he's nowhere to be seen. >></document>
<document> #USER# #USER# I don't think he's unconscious at all. >></document>
<document> #USER# Take the child away NOW </document>
<document> #USER# They can be stupid, not suicidal </document>
<document> #USER# Yep, even a minor celebrity because he was strictly on one of the celebrity reality shows, or on ice either way pretty crappy. >></document>
<document> #USER# #USER# #USER# Which husband would want to upset his future wife? >></document>
<document> #USER# Wake up early😀have a nice day! >></document>
<document> #USER# Because non-binaries and self-identifiers will have to get off their unicorns!! >></document>
<document> #USER# #USER# #USER# But apparently it was family </document>
<document> #USER# You have a wonderful family. >></document>
<document> #USER# Oh my God, it's gorgeous!! >></document>
<document> oh dear Ons will turn some heads #HASHTAG# #HASHTAG#. #HASHTAG# #URL# </document>
<document> #USER# #USER# Every person has had a defining moment in acting, this was theirs. >></document>
<document> #USER# #USER# I didn't have to tell them, and all this bullshit about a title is a total lie. >></document>
<document> #USER# You should too, after all you're not showing any signs of impartiality. >></document>
<document> #USER# Why drop some very sensible humor because the wets on the left have had humor bypassed. >></document>
<document> #USER# No, there are a lot of them! >></document>
<document> #USER# Doesn't fit his old, fat, white, celebrity view of life. >></document>
<document> #USER# I haven't watched it, I've seen some clips here and read the tweets. >></document>
<document> #USER# If your child was a totally disrespectful idiot, would you talk to him? >></document>
<document> #USER# #USER# #USER# Your daughter obviously inherited the trait. >></document>
<document> #USER# #USER# #USER# How do you know he didn't?? >></document>
<document> #USER# #USER# Your mom is a very clever lady. >></document>
<document> #USER# Absolutely not, no how! >></document>
<document> #USER# #USER# #USER# Shhhhh don't tell anyone. >></document>
<document> #USER# Hasn't already done this?? >></document>
<document> #USER# Our lady in blue, the others no ladies </document>
<document> #USER# #USER# Not even Rachel </document>
<document> #USER# #USER# The truth seen through a kaleidoscope of half-truths and outright lies. >></document>
<document> #USER# #USER# More precisely why are they allowed to do this?? >></document>
<document> #USER# #USER# Congratulations, hope all is well. >></document>
<document> #USER# #USER# #USER# #USER# He wouldn't have immunity after a week. >></document>
<document> #USER# #USER# Happy Birthday I hope you had a good day. >></document>
<document> #USER# #USER# Not entitled to the title of Prince until the crown has passed to Charles. >></document>
<document> #USER# And you totally ignore the filechange happened 100 years ago? What the hell are you?? #HASHTAG# </document>
<document> #USER# I .. the clips I've seen have already pissed me off </document>
<document> #USER# #USER# They discussed leaving only SIX months 😡😡😡😡 </document>
<document> #USER# Likes attract likes , can we send them all to live with megs and haz? >></document>
<document> #USER# #USER# I take it that's none of your business. >></document>
<document> #USER# #USER# Makes a living😡 </document>
<document> #USER# #USER# You're not a pet either </document>
<document> #USER# #URL# As I said, book smarts don't equate to being street smart or anywhere near a decent human being. >></document>
<document> #USER# Abolish #HASHTAG# </document>
<document> #USER# #USER# Even if it's more white than black or even coffee colored.. #URL# </document>
<document> #USER# Yes, and the Americans are buying it </document>
<document> #USER# Beautiful photos as usual have a nice day!! >></document>
<document> #URL# And why not?? Why protect foreign criminals?? >></document>
<document> #USER# Oh, shut up </document>
<document> #USER# AND ?? Did he really think he would be breastfed by the family?? >></document>
<document> #USER# #USER# Morning without looking at him but confused by some of his offers </document>
<document> #USER# #USER# Wow twat tweet of the week!! #HASHTAG# </document>
<document> #USER# O Ours and are </document>
<document> #USER# We don't miss you 😂😂😂😂 </document>
<document> #USER# They won't is Swiss democracy in action</document>
<document> #USER# #USER# #USER# Did you interview Weinstein?? >></document>
<document> Congratulations Switzerland, the people voted by majority for the BURKHA and the ban on face coverings!! #HASHTAG# </document>
<document> #USER# #USER# Oprah met her once! >></document>
<document> #USER# James Earl Jones </document>
<document> #USER# Don't live abroad? >></document>
<document> #USER# Results yet?? #HASHTAG# </document>
<document> #USER# #USER# TURN THEM BACK!!! >></document>
<document> #USER# It is still illegal. No, they got a fine. >></document>
<document> #USER# #USER# She's not black, is she? #URL# </document>
<document> #USER# #USER# Fine for those who want to pay it. >></document>
<document> #USER# Congratulations September mine of the same length. >></document>
<document> #USER# Not at once!! >></document>
<document> #USER# #USER# And that's okay!! >></document>
<document> To see the C &amp; Q how far away from the children this decision was made by the second partner is a piece of cake. #HASHTAG# #HASHTAG# #HASHTAG# ></document>
<document> #USER# #USER# That's it then everything is fine😂😂 </document>
<document> #USER# #USER# #USER# Not unless you actually have four legs, a tail, and a goddamn horn stuck on top of our heads. >></document>
<document> #USER# I doubt soy can punch out of a paper bag </document><document> #USER# Owww what a little treasure ❤️❤️ </document>
<document> #USER# I can't trust you with London.. </document>
<document> #USER# #USER# #USER# Talk to your local health authority, they set the bills, not the government. >></document>
<document> #USER# #USER# Are you going to borrow the work money tree?? >></document>
<document> #USER# #USER# Also if they were to self isolate or heaven forbid they would get FULL covid pay until they return to work. >></document>
<document> #USER# Isn't pink a color?? Maybe we can all be people of color </document>
<document> #USER# I'm a vegetarian, which doesn't help! >></document>
<document> #USER# Me too, which didn't help my sugar levels!! >></document>
<document> #USER# Don't say you'll freak him out, poor boy. He had weight issues that didn't do him any favors. >></document>
<document> #USER# #USER# Excluding six months of full paid sick pay followed by months of half pay and full pay for isolation.. </document>
<document> #USER# The one thing that stands out by miles is WHERE IS HIS FAMILY.... </document>
<document> #USER# #USER# But what did he "know" and why aren't more names brought up?? >></document>
<document> #USER# #USER# Yeah, slimy but whatever I'm not so sure about. >></document>
<document> #USER# A book you can read and re-read ❤️ </document>
<document> #USER# Wasn't the rage for an 18 year old?? >></document>
<document> #USER# Oh, I loved that book!!! >></document>
<document> #USER# Typical of the shit hole that used to be Bristol </document>
<document> #USER# No wonder hindsight answered the presentation... You are as bloodless as you look. >></document>
<document> #USER# #USER# Can't remember, too busy trying to stand up and not fall on my ass. >></document>
<document> #USER# Dog poop. Runny. >></document>
<document> #USER# Finally someone sheds some light!! >></document>
<document> #USER# Oh boo boo offensive words GROW </document>
<document> #USER# How much did the map weigh?? A 2kg parcel tracked and signed for costs £6.85</document>
<document> #USER# Filed under fiction Subcategory did not happen </document>
<document> #USER# I doubt his ego would fit in Piers' head, no matter how big it was. >></document>
<document> #USER# #USER# His mother is over 100 and I've never been a fan of hers. >></document>
<document> #USER# Someone has to work and pay for them... It seems that straw was given to ordinary working tax payers!! >></document>
<document> #USER# And you know her personally, right?? >></document>
<document> #USER# #USER# Yes, we will really miss him . >></document>
<document> #USER# #USER# I don't imagine you'll think otherwise. >></document>
<document> #USER# Oh my god he still looks like a boy </document>
<document> #USER# I'm sorry, Maj, it must be Santa Claus </document>
<document> #USER# No gravy on the ham it must be parsley sauce. >></document><document> #USER# I didn't even hear it I was so busy chatting I didn't even notice, they use very fine needles. >></document>
<document> #USER# She already said she won't be queen </document>
<document> #USER# #USER# Home office said they were negative are you sure they were covid + </document>
<document> #USER# And another one exactly the same from a jockey .. animals just another price of meat 😡😡😡😡 </document>
<document> RT #USER#: Retweet to help Alfie find a home #HASHTAG#
<document> RT #USER#: A blast from the past. 🤷🏻‍♂️ #URL# ></document>
<document> #USER# #USER# Then you are obviously one of the saner survivors</document>
<document> #USER# Well it's English, it makes more sense than having a piece of blue tattoo with yellow parts printed on it. >></document>
<document> #USER# #USER# No more foreign aid until we can afford to be the lifeblood of the world. >></document>
<document> RT #USER#: See the difference? #URL# </document>
<document> #USER# It's a pity you didn't say anything wrong!! >></document>
<document> #USER# Get well and happy birthday in a tweet 😆 ></document>
<document> #USER# #USER# About time something was done, this is disgusting!!#HASHTAG# #HASHTAG# </document>
<document> #USER# #USER# #USER# Or the channel? >></document>
<document> #USER# #USER# Load of cobblers!!! >></document>
<document> #USER# I told you they were getting wet!!! >></document>
<document> #USER# And probably a book full of leftist wet dreams go off my timeline!! >></document>
<document> #USER# #USER# Maybe it's his toilet paper supply?? >></document>
<document> #USER# #USER# #USER# Oh God, there's going to be a lot of lefties turning their heads #URL# </document>
<document> #USER# #USER# Exit My History #HASHTAG# </document>
<document> #USER# #USER# #USER# It was recorded around the same time he went to the hospital, plenty of time to hold the vision. >></document>
<document> #USER# #USER# #USER# Not even her, except when it suits her, I've seen Spanish and Portuguese more obscure than her. >></document>
<document> #USER# #USER# #USER# Oh man did your brother have the same experience B did he turn into a crybaby crybaby? no he didn't. >></document>
<document> #USER# With the word violence why not turn off social media? >></document>
<document> #USER# The only ones who support it now are the star-struck vacuous idiots </document>
<document> #USER# You're not having a huge success, are you? >></document>
<document> #USER# Don't run before you can walk, a fall on your face won't do anyone any favors </document>
<document> #USER# Reflecting the hot spot! >></document>
<document> #USER# Oh DO shut up😂😂 are you a whining pathetic mealy mouth crybaby in real life, or is that your twitter persona??? >></document>
<document> #USER# #USER# A beautiful family and proof that integration can be a good thing.. </document>
<document> #USER# #USER# #USER# Research bleach and cancer treatments, then research UV light before revealing your stupidity </document>
<document> #USER# I'm on a weekly testing program and you won't let me test kits at home😡 why!! >></document>
<document> #USER# #USER# Do you realize this?? >></document>
<document> #USER# Not funny even as a parody. >></document>
<document> #USER# Everything!! >></document>
<document> #USER# My boss had a high fever and flu-like symptoms for about three days. >></document>
<document> #USER# Does he have real hair?? >></document>
<document> #USER# #USER# Like me, headache for three days then fine. >></document>
<document> #USER# Thank God you're a parody, but don't get me started on the crazy fannies who actually sympathize with her. >></document>
<document> #USER# #USER# Reading Jail Unoccupied?? >></document>
<document> #USER# Out of your pocket then?? >></document>
<document> #USER# Yes I am!! >></document>
<document> #USER# Men are XX and women are XY as long as the chromosomes cannot be changed, women are women and men are men. >></document>
<document> #USER# YEEEEEEESSSSSS now wait for the backlash!! >></document>
<document> RT #USER#: I will name and shame all these people and I have reported #URL# </document>
<document> #USER# Really quite offensive </document>
<document> #USER# #USER# Some people may have antibodies but nobody knows how long they last in a given individual </document>
<document> #USER# No vaccine is 100% </document>
<document> #USER# Warning, there's a Humphrey out there!! >></document>
<document> #USER# #USER# Date of first reaction 2001????? >></document>
<document> #USER# Because they are as thick as </document>
<document> #USER# You talk shit </document>
<document> #USER# #USER# #USER# Why do you cancel vaccinations in April?? >></document>
<document> #USER# There was no such thing as a desperado! Still holding on to straws Kev?? >></document>
<document> #USER# Congratulations, I hope you do well! >></document>
<document> #USER# Two thirds reduction of death, capture or transmission is nothing! >></document>
<document> #USER# #USER# You lie ??I thought it was his bullshit. >></document>
<document> #USER# A horse, a donkey, guess who you are #URL# </document>
<document> #USER# Was Trump sane?? >></document>
<document> #USER# Can't you find anyone more conceited?? >></document>
<document> #USER# #USER# He owned a Yorkie!! >></document>
<document> #USER# #USER# Happy birthday young man 🎂🍰🍧🍦🍭🧁🍬🥮 >>

</author>