
	
		<document> RT #USER#: Mark Hatfield was a Republican so the White House will ignore these attacks. Their outrage is partisan. ></document>
		<document> RT #USER#: Exclusive footage from the southern border from #USER#. ></document>
		<document> RT #USER#: Those darn *checks notes* Trump voters! Am I doing this right, libs?🔻 #URL# ></document>
		<document> RT #USER#: Biden-Voting County Sees 5 Charged for Election Fraud. #URL# ></document>
		<document> RT #USER#: The great #USER# has a new article up on The National Pulse. Make sure you check out the stats: ></document>
		<document> RT #USER#: S/o to Tucker's chryon writers #URL# ></document>
		<document> RT #USER#: You Vote: What should happen to fully vaccinated teachers who refuse to teach in person? | Just The News ></document>
		<document> RT #USER#: Report: Joe Biden Cuts Deportations for Illegal Aliens by 53 Percent in a Month #URL# ></document>
		<document> RT #USER#: #USER# #USER# Trump was “Right”... ></document>
		<document> RT #USER#: Three-Time Deported Illegal Alien Accused of Stabbing Attack in Florida #URL# ></document>
		<document> RT #USER#: Ok, it happened during working hours. Can we call it “domestic terrorism” now, Mr. Garland? #URL# ></document>
		<document> RT #USER#: No wonder the Military Industrial Complex is mad at Tucker Carlson. #URL# ></document>
		<document> RT #USER#: I just wasted 20 minutes of my life listening to sleepy Joe. ></document>
		<document> RT #USER#: BREAK — WAPO: Biden Regime Confirming Trump Wuhan Lab Claims. #URL# ></document>
		<document> RT #USER#: To be precise, there are now 2,060,000 "nay-sayers and dooms-dayers" as Gavin Newsom calls us. ></document>
		<document> RT #USER#: We want normal! Stop playing politics, #USER#. #URL# ></document>
		<document> RT #USER#: NEW: Brian Stelter's CNN show 'Reliable Sources' has lost nearly 1 million viewers since Pres. Trump left office ></document>
		<document> RT #USER#: President Trump should start doing speeches each time Biden is on. Paging #USER#. ></document>
		<document> RT #USER#: There is another crisis and it is on the border But Joe probably doesn’t even know where the border is ></document>
		<document> RT #USER#: Joe Biden and whoever wrote this crap.... are damn liars. ></document>
		<document> RT #USER#: Unfortunately we already know. #URL# ></document>
		<document> RT #USER#: Biden is allowing an INVASION of the United States. Impeach him immediately. ></document>
		<document> RT #USER#: WATCH: #USER# gives explosive interview to #HASHTAG# #URL# ></document>
		<document> RT #USER#: The crisis on the Southern border is unacceptable. #USER# is unfit for office. It’s time to #HASHTAG#. ></document>
		<document> RT #USER#: This is the video I just mentioned on the House floor. ></document>
		<document> RT #USER#: It’s not a “Winter Border Wave” it’s a “BIDEN BORDER CRISIS” #URL# ></document>
		<document> RT #USER#: President Trump: 75 million voters and I continue to support you!! #HASHTAG# #HASHTAG# ></document>
		<document> RT #USER#: Thread on how GOP politicians betray GOP voters, starring #USER#. ></document>
		<document> RT #USER#: It’s just a metal box ></document>
		<document> RT #USER#: BREAK: Biden-Voting County Sees 5 Charged for Election Fraud. #URL# ></document>
		<document> RT #USER#: And they’re not going away or changing their minds, no matter how many fake polls and fake fact-checks are published. ></document>
		<document> RT #USER#: Mexico President Bashes Biden's Open Border Policy for 'Encouraging Illegal Immigration' And Enriching Cartels ></document>
		<document> RT #USER#: There it is. 2 million signatures! ></document>
		<document> RT #USER#: CBP agents and officers also: ▪️ Secured Super Bowl LV: #URL# ▪️ Arrested 14 train jumpers: ></document>
		<document> RT #USER#: It's past the time to be honest with the American people about the crisis on our border. #URL# ></document>
		<document> RT #USER#: There is currently no end in sight for the crisis on our SWB. The men and women of the USBP deserve better. ></document>
		<document> Imagine a District Attorney who thinks "tough-on-crime" types are the problem. 🙄🙄🙄 #HASHTAG# #URL# ></document>
		<document> RT #USER#: Ric Grenell Tops Recall Rally Straw Poll - #URL# #URL# ></document>
		<document> #USER# Me too. He's irreplaceable! ></document>
		<document> RT #USER#: God I miss him 🙏🇺🇸👍🏻 #URL# ></document>
		<document> RT #USER#: Texas Governor Greg Abbott is sending 500 troops to the US-Mexico border: #URL# ></document>
		<document> RT #USER#: Excuse me, what? ></document>
		<document> RT #USER#: .⁦#USER#⁩ Tops Recall Rally Straw Poll - California Globe #HASHTAG# #URL# ></document>
		<document> RT #USER#: This was inevitable once they defined elementary immigration-control measures as "inhumane". ></document>
		<document> RT #USER#: Top DHS officials want to stop applying Title 42 authority to family units at the southern border. #URL# ></document>
		<document> RT #USER#: Wisconsin state Senator wants Green Bay mayor to resign over handling of November election | Just The News ></document>
		<document> RT #USER#: LIVE tonight from the southern border. Watch #HASHTAG# on Fox News at 9PM ET #URL# ></document>
		<document> RT #USER#: ‘Dreamer,’ farmworker bills to test Senate waters on immigration #URL# via #USER# #USER# ></document>
		<document> RT #USER#: I give it 2 more days before YouTube removes the like buttons and live numbers from the WH page. Full North Korea. ></document>
		<document> RT #USER#: No one likes you #USER#. #URL# ></document>
		<document> RT #USER#: Biden Is Illegally Keeping Migrant Kids in Detention for 38% Longer Than Last Week. #URL# ></document>
		<document> RT #USER#: How long before they ban Trump press releases? 🤣 #URL# ></document>
		<document> RT #USER#: If you think you’re tired or feel sad — stop for a moment and say a prayer for President Trump ></document>
		<document> RT #USER#: Ronald Reagan had a saying about this... let me find it... #URL# ></document>
		<document> RT #USER#: Has AOC booked her ticket to the border yet? #USER# #URL# ></document>
		<document> RT #USER#: Mich. judge reinstates voting fraud case following forensic probe of Dominion voting machines - #URL# ></document>
		<document> RT #USER#: He pressed the red button.... ⚠️#HASHTAG#🤯 #URL# ></document>
		<document> RT #USER#: President Trump: 75 million voters and I continue to support you!! #HASHTAG# #HASHTAG# ></document>
		<document> We? Typical. #HASHTAG# #URL# ></document>
		<document> Looks like Liz is missing Trump now, bless her heart. #URL# ></document>
		<document> Yep... things will improve dramatically, after the recall. #HASHTAG# #URL# ></document>
		<document> #USER# #USER# Now that's a truth bomb! ></document>
		<document> #USER# Check this out! 👇 #URL# ></document>
		<document> RT #USER#: #USER# Oh he really is! ></document>
		<document> RT #USER#: Watch: ‘That’s him!’ wife warned as domestic violence suspect fired at NYC cops in caught-on-camera gun battle: ></document>
		<document> #USER# Mr. Minority really needs to be shown the door. He's so weak. ></document>
		<document> RT #USER#: #USER# Ain't that the ever loving truth! ></document>
		<document> RT #USER#: Some of us have been debunking the false account of January 6. This is a solid rundown by ⁦#USER#⁩ ></document>
		<document> RT #USER#: Episode 27: America’s Migrant Crisis Will Dwarf Europe’s (ft. Todd Bensman) #URL# ></document>
		<document> RT #USER#: Construction has begun on Biden’s border wall. #URL# ></document>
		<document> RT #USER#: Bringing COVID-19 to America. #HASHTAG# #URL# ></document>
		<document> RT #USER#: Trump blasts Biden's handling of border crisis: 'Our country is being destroyed' - Fox News #URL# ></document>
		<document> RT #USER#: Children held in Biden admin's migrant facilities 'akin to jails' have tripled in 2 weeks, reports say: ></document>
		<document> RT #USER#: Trump Rails Against Biden’s Border Crisis In Tuesday Statement #URL# ></document>
		<document> RT #USER#: Killed Evil Terrorist Bites Staff #URL# ></document>
		<document> RT #USER#: Poor guy just wants to go home and he doesn’t recognize anyone. ></document>
		<document> RT #USER#: #HASHTAG# inaugural podcast is up! Join me for an in-depth discussion on Election Integrity. ></document>
		<document> RT #USER#: Europe’s Migrant Crisis, Still Yielding Terror, Foretells the Effects of Biden’s Border-Crossing Boom. ></document>
		<document> RT #USER#: The border is approaching full-blown crisis, and the Biden Admin’s response is ... nothing ></document>
		<document> RT #USER#: Fight Open Borders by Turning Off Fox News and Facebook - #USER# #URL# ></document>
		<document> RT #USER#: My interview with Steve Bannon on the War Room this morning. #URL# ></document>
		<document> The RNC feeds the Swamp with MAGA dollars. Screw the RNC. #USER# #URL# ></document>
		<document> RT #USER#: With 1.95 million signatures in hand, the Recall campaign believes an election is now assured. ></document>
		<document> RT #USER#: El Paso set to receive hundreds of newly arrived migrants from Rio Grande Valley #URL# ></document>
		<document> RT #USER#: President Trump just basically cut off funding for the GOP establishment. ></document>
		<document> RT #USER#: The funny thing is after all that we've seen voters will still fall for the "we need conservative judges" blackmail line ></document>
		<document> RT #USER#: DHS issues an urgent *warning* it is being "overwhelmed."🔻 #URL# ></document>
		<document> RT #USER#: WATCH: #USER#: Biden Team Manipulated Evidence for Political Gain in Khashoggi Murder #URL# ></document>
		<document> RT #USER#: BREAKING: Georgia Senate votes to repeal no-excuse absentee voting #URL# ></document>
		<document> RT #USER#: BREAKING: Georgia Senate passes sweeping mail-in ballot reform bill #URL# ></document>
		<document> RT #USER#: Border Official: 2021 Illegal Immigration On Track To Surpass Past Three Years Combined #URL# ></document>
		<document> RT #USER#: NYC First Lady asks citizens to 'physically intervene' in violent crime after city defunded police: ></document>
		<document> RT #USER#: Greyhound CEO demands DHS provide COVID-19 negative test results for illegal migrants #URL# ></document>
		<document> RT #USER#: The Biden Administration is Playing a Dangerous Game Accommodating Border Surge; Puts Families in TX, AZ Hotels ></document>
		<document> RT #USER#: The National Guard should be at the border, not at the Capitol. ></document>
		<document> RT #USER#: If you can't pass your agenda without having to hide it in a COVID-19 bill maybe your agenda is awful. ></document>
		<document> RT #USER#: IN CASE YOU MISSED IT: Trump sends RNC, GOP groups cease-and-desist, demands they stop using his name ></document>
		<document> RT #USER#: California Recall Campaign: We Have the Signatures to Recall Gavin Newsom #URL# via #USER# ></document>
		<document> RT #USER#: Trump takes aim at Alaska GOP’s Murkowski: ‘A disloyal and very bad Senator’ | Just The News #URL# ></document>
		<document> #USER# We need to treat all politicians like fish. Throw them out when they start to stink! (we're long overdue on Newsom) ></document>
		<document> RT #USER#: 1 in 3 BLM/AntiFa Rioters Are Having Their Cases Dismissed by Biden’s Dept of Justice. #URL# ></document>
		<document> RT #USER#: 37 Things to Know About H.R. 1, ‘For the People Act‘ #URL# via #USER# ></document>
		<document> RT #USER#: Catch and release in overdrive. #URL# ></document>
		<document> RT #USER#: Migrant Youth Pipeline to U.S. Surges Nearly 600 Percent Since Trump #URL# Just coincidence, I'm sure. ></document>
		<document> RT #USER#: Thank God everyone survived the insurrection today ></document>
		<document> RT #USER#: Joe Biden’s been President for 43 days. It’s only going to get worse. ></document>
		<document> RT #USER#: YouTube Has Removed Trump's CPAC Speech. So Here It Is, In Full... #URL# ></document>
		<document> RT #USER#: TRUMP.🚨 The former president takes no prisoners in blistering *new* statement.🔻 #URL# ></document>
		<document> RT #USER#: INBOX: Trump statement ripping Karl Rove, Liz Cheney and more: #URL# ></document>
		<document> RT #USER#: In other words, it's Tuesday in Southern California. ></document>
		<document> RT #USER#: Code for “Republicans are making it harder to cheat” during elections ></document>
		<document> #USER# I don't think he can go anywhere without one of his handlers. Not until they get the Joebot working. 🤖 ></document>
		<document> RT #USER#: #USER# Does Kamala escort Joe everywhere? She sure shuffled him off quickly when the questions started. ></document>
		<document> RT #USER#: #USER# Nap time😖 #HASHTAG# ></document>
		<document> RT #USER#: Trump is 'feeling really good.' #USER# on Donald Trump's mindset after his boisterous CPAC speech. ></document>
		<document> #USER# DHS has forgotten why they were created in the first place. It's backward day everyday now. 😖 ></document>
		<document> Of course. 🙄 #HASHTAG# #URL# ></document>
		<document> RT #USER#: ‘Pandemic of people’: Border catch-and-release risks spread of COVID-19 #URL# ></document>
		<document> RT #USER#: Recall George Gascon Begins #URL# ></document>
		<document> RT #USER#: This message will invite a surge of illegal immigration—in fact, it already has. ></document>
		<document> RT #USER#: State propaganda. This is Putin-level lying to the American public.🔻 #URL# ></document>
		<document> RT #USER#: I think it’s safe to say if he won’t say that he wants it that he likely doesn’t deserve it. #URL# ></document>
		<document> RT #USER#: So he’s a loser then California Republican Challenging Gavin Newsom Won't Say if He Wants Trump's Endorsement ></document>
		<document> RT #USER#: Californians are over it. WATCH: L.A. Log Cabin Republicans demand to #HASHTAG# 👇 #URL# ></document>
		<document> RT #USER#: Trump Populist Economic Nationalism Squares Off Against Elite Economic Globalism at CPAC. Read it and reap. ></document>
		<document> RT #USER#: Justice of the peace and three others arrested on 150 counts of voter fraud in Texas #URL# ></document>
		<document> RT #USER#: Donald Trump ‘will be on the ballot in 2024’: Peter Navarro #URL# ></document>
		<document> RT #USER#: Trump’s State of the Union Address was INCREDIBLE. #HASHTAG# 🇺🇸 (No one even remembers Biden exists. Including Biden.) ></document>
		<document> RT #USER#: Ain’t nothin “former” about THIS. 🔥🔥🔥 #URL# ></document>
		<document> RT #USER#: Watch Incredible Moment As Crowd Chants 'We Love You' To President Trump #URL# ></document>
		<document> RT #USER#: Biden can’t even stay awake as long as Trump spoke today. ></document>
		<document> RT #USER#: Nearly 400,000 watching #USER# live for Trump’s return speech #URL# ></document>
		<document> RT #USER#: Trump says: "This election was rigged." Crowd chants: "YOU WON! YOU WON! YOU WON!" #URL# ></document>
		<document> RT #USER#: Trump calls for election reform, saying the "abuses" of 2020 can never be allowed to happen again. ></document>
		<document> RT #USER#: WATCH: President Trump ANNIHILATES Biden for lying about his COVID vaccine plan #URL# ></document>
		<document> RT #USER#: The best thing I’ve heard since the November 2020 election President Trump just stated he might run again for president ></document>
		<document> RT #USER#: Trump looks and sounds great. And he's making Biden look even worse (if possible) by comparison. ></document>
		<document> RT #USER#: You mean, like every presidential administration since 1789? #URL# ></document>
		<document> RT #USER#: "In the end, we will win." -- Donald J. Trump #URL# ></document>
		<document> RT #USER#: America First and Forever! #URL# ></document>
		<document> RT #USER#: BREAKING: President Trump arrives to CPAC #URL# ></document>
		<document> RT #USER#: RSBN is front and center at #USER# anxiously awaiting President Trump’s arrival❗️ #URL# ></document>
		<document> RT #USER#: Watch LIVE: President Trump to Speak on Final Day of #HASHTAG# #URL# ></document>
		<document> RT #USER#: “If you saw what was happening at the border, you would change your minds” #USER# #USER# #URL# ></document>
		<document> RT #USER#: Has #USER# answered for this? Have reporters demanded an explanation? ></document>
		<document> RT #USER#: California to spend 28 million on arriving asylum seekers..... as they step over the homeless in their streets. ></document>
		<document> RT #USER#: You don’t want to miss 45 at #USER# tomorrow——tune in! #HASHTAG# #URL# ></document>
		<document> RT #USER#: These 4 years will test us. Keep grinding. Be a pipehitter! ></document>
		<document> RT #USER#: Watch LIVE: CPAC 2021 Day Three #URL# ></document>
		<document> RT #USER#: Got that #USER#? #URL# ></document>
		<document> RT #USER#: Like a new tax. On millions who can afford it the least. ></document>
		<document> RT #USER#: Whose husband, wife, relative, or lover is getting rich off this project? Follow the money — ></document>
		<document> RT #USER#: Trump Endorses Former Aide Max Miller Against GOP Rep. Who Voted for Impeachment #URL# ></document>
		<document> RT #USER#: They're never going home either. #URL# ></document>
		<document> RT #USER#: President Trump: 75 million voters and I continue to support you!! #HASHTAG# #HASHTAG# ></document>
		<document> RT #USER#: 😳😳😳😳😳😳😳😳😳 Kids in cages versus kids in migrant facilities... have you spotted the difference? #URL# ></document>
		<document> RT #USER#: A great point by #USER# director Amanda Milius. I couldn’t put it better myself. ></document>
		<document> RT #USER#: She’s showing the Right how to fight in real-time. ></document>
		<document> RT #USER#: She’s got game. #URL# ></document>
		<document> RT #USER#: Some Americans are more equal than others.🔻 #URL# ></document>
		<document> RT #USER#: Watch LIVE: CPAC Resumes on Day 2 in Orlando #URL# ></document>
		<document> RT #USER#: President Trump was right about everything. ></document>
		<document> RT #USER#: So that was a lie ></document>
		<document> RT #USER#: This is the guy who just bombed Syria ></document>
		<document> RT #USER#: Wait til #USER# finds out he made this speech ></document>
		<document> #USER# Thank you 😎👍 ></document>
		<document> RT #USER#: Before Trump - After Trump Before Pelosi - After Pelosi #URL# ></document>
		<document> RT #USER#: 40% of California inmates have been vaccinated?! #USER# ></document>
		<document> RT #USER#: Will they leave when they lose their asylum cases? ></document>
		<document> RT #USER#: Will you be asking him or... ></document>
		<document> RT #USER#: If you’re saying in Feb you expect 13K UACs in May, then the border crisis is already here. ></document>
		<document> RT #USER#: 😂😂😂😂 [deep breath] 😂😂😂😂😂 ></document>
		<document> RT #USER#: I'm not even a social conservative and I am finding this all to be batsh*t crazy. Chromosomes are not bigoted.🔻 ></document>
		<document> RT #USER#: Massive numbers here ></document>
		<document> RT #USER#: If #HASHTAG# isn't able to explain to the nation what happened in #HASHTAG# the least he can do is send his dogs out to tell us! ></document>
		<document> RT #USER#: I fondly recall our great peacetime president, Donald Trump, as Biden drops bombs on Syria. ></document>
		<document> #USER# #USER# Swamp Gas might be more toxic than bullshit. ></document>
		<document> RT #USER#: The inmates are running the asylum. #URL# ></document>
		<document> RT #USER#: What do you miss most? ></document>
		<document> RT #USER#: Watch LIVE: RSBN Crew LIVE from Day one at CPAC #URL# ></document>
		<document> RT #USER#: THAT WAS FAST: CBS Describes Migrant Facilities as ‘Shelters with Beds, Decorated Rooms, Cafeterias!’ ></document>
		<document> RT #USER#: . #USER# is straight up incompetent. #URL# ></document>
		<document> RT #USER#: President Trump: 75 million voters and I continue to support you!! #HASHTAG# #HASHTAG# ></document>
		<document> RT #USER#: Democrats’ immigration plan, minimum wage hike will hurt poorest Americans most, critics say | Just The News ></document>
		<document> RT #USER#: The U.S. will begin processing residents of Mexico's Matamoros camp into the U.S. this week, DHS announces ></document>
		<document> RT #USER#: This is so epic One of the greatest diplomatic owns of the century #URL# ></document>
		<document> RT #USER#: This is totally happening shortly... #URL# ></document>
		<document> RT #USER#: We are in a post truth world where political figures make shit up in order to gain power thats it its not complicated ></document>
		<document> RT #USER#: The U.S. under a #USER# administration is literally taking it (fill in the blank) from China. ></document>
		<document> RT #USER#: Biden Challenged Conservatives to Name What They'd Cut from His COVID Bill. We Found $420 Billion's Worth. ></document>
		<document> RT #USER#: Lethal cartels control border – they make billions on drugs, trafficking while migrants suffer - Click Link ></document>
		<document> RT #USER#: Federal judge in Houston Judge indefinitely blocks Biden’s 100-day deportation pause | Just The News ></document>
		<document> RT #USER#: My take on the media’s sudden silence about kids in cages… What happened guys? #URL# ></document>
		<document> RT #USER#: Texas Judge Blocks Biden’s Deportation Moratorium #URL# ></document>
		<document> RT #USER#: 👍 Stephen Miller set to brief House conservatives - POLITICO #URL# ></document>
		<document> Our tax dollars going out to illegal aliens. Again. #HASHTAG# #URL# ></document>
		<document> RT #USER#: Obama’s cages are back to being acceptable. Where are the real journalists? #URL# ></document>
		<document> RT #USER#: "Shit, the press is starting to ask about the kid cages at the border. Toss them another grandpa pic." ></document>
		<document> RT #USER#: Recall Gavin Newsom: Kevin Kiley's Glendale, CA Book Signing Welcomes an Energized Crowd #URL# ></document>
		<document> RT #USER#: Former President Donald Trump plans to keep on winning. #URL# ></document>
	
</author><document> RT #USER#: Mark Hatfield was a Republican, so the White House will ignore these attacks. Their indignation is biased. >></document>
<document> RT #USER#: Exclusive footage from the southern edge of #USER#. >></document>
<document> RT #USER#: Those damn *check notes* to Trump voters! Am I doing this right, libs?🔻 #URL# </document>
<document> RT #USER#: Biden-Voting County Sees 5 Defendants in Voter Fraud. #URL# </document>
<document> RT #USER#: The great #USER# has published a new article in The National Pulse. Be sure to check the stats: </document>
<document> RT #USER#: S/o to the chryon writers of Tucker #URL# </document>
<document> RT #USER#: Grades: What should happen to fully vaccinated teachers who refuse to teach in person? | Only the news </document>
<document> RT #USER#: Report: Joe Biden cuts deportations for illegal aliens by 53% in one month #URL# </document>
<document> RT #USER#: #USER# #USER# Trump was "right"... ></document>
<document> RT #USER#: Illegal alien deported three times charged with stabbing attack in Florida #URL# </document>
<document> RT #USER#: Ok, it happened during business hours. Can we call it "domestic terrorism" now, Mr. Garland? #URL# </document>
<document> RT #USER#: No wonder the Military Industrial Complex has it in for Tucker Carlson. #URL# </document>
<document> RT #USER#: I just wasted 20 minutes of my life listening to sleepy Joe. >></document>
<document> RT #USER#: BREAK — WAPO: Biden Regime Confirms Trump Wuhan Lab Claims. #URL# ></document>
<document> RT #USER#: To be precise, there are now 2,060,000 "deciders and opponents" as Gavin Newsom calls us. >></document>
<document> RT #USER#: We want normality! Stop playing politics, #USER#. #URL# </document>
<document> RT #USER#: NEW: Brian Stelter's CNN Show 'Reliable Sources' Lost Nearly 1 Million Viewers Since Pres. Trump Left Office</document>
<document> RT #USER#: President Trump should start making speeches whenever Biden is on the air. Pager #USER#. >></document>
<document> RT #USER#: There's another crisis and it's at the border But Joe probably doesn't even know where the border is </document>
<document> RT #USER#: Joe Biden and whoever wrote this bullshit... they're bloody liars. >></document>
<document> RT #USER#: Unfortunately we already know. #URL# </document>
<document> RT #USER#: Biden is allowing an INVASION into the US. Impeach him immediately. >></document>
<document> RT #USER#: WATCH: #USER# gives explosive interview to #HASHTAG# #URL# </document>
<document> RT #USER#: The crisis on the southern border is unacceptable. #USER# is not office friendly. It's #HASHTAG# time. >></document>
<document> RT #USER#: This is the video I just talked about in the Chamber. >></document>
<document> RT #USER#: It's not a "Winter Border Wave", it's a "BIDEN BORDER CRISIS" #URL# </document>
<document> RT #USER#: President Trump: 75 million voters and I still support you!! #HASHTAG# #HASHTAG# </document>
<document> RT #USER#: Discussion on how GOP politicians betray GOP voters, starring #USER#. >></document>
<document> RT #USER#: It's just a metal box </document>
<document> RT #USER#: BREAK: Biden-Voting County Sees 5 Defendants in Voter Fraud. #URL# </document>
<document> RT #USER#: And they won't leave or change their minds no matter how many fake surveys and fake fact checks are published. >></document>
<document> RT #USER#: Mexico's president rejects Biden's open borders policy to "encourage illegal immigration" and enrich cartels </document>
<document> RT #USER#: Here it is. 2 million signatures! >></document>
<document> RT #USER#: CBP Agents and Officials Also: ▪️ Super Bowl LV Secured: #URL# ▪️ 14 Train Jumpers Arrested: </document>
<document> RT #USER#: The time has passed to be honest with the American people about the crisis on our border. #URL# </document>
<document> RT #USER#: At the moment we don't see the end of our SWB crisis. The men and women of the USBP deserve better. >></document>
<document> Imagine a district attorney who thinks the "tough on crime" types are the problem. 🙄🙄🙄 #HASHTAG# #URL# ></document>
<document> RT #USER#: Ric Grenell Wins Rally Straw Recall Poll - #URL# #URL# </document>
<document> #USER# Me too. It is irreplaceable! >></document>
<document> RT #USER#: God I miss him 🙏🇺🇸👍🏻 #URL# </document>
<document> RT #USER#: Texas Governor Greg Abbott is sending 500 troops to US-Mexico border: #URL# </document>
<document> RT #USER#: Excuse me, what? >></document>
<document> RT #USER#: .#USER# Top Recall Rally Straw Poll - California Globe #HASHTAG# #URL# </document>
<document> RT #USER#: This was inevitable when they called the basic immigration control measures "inhumane". >></document>
<document> RT #USER#: Top DHS officials want to stop applying the authority of Title 42 to southern border households. #URL# </document>
<document> RT #USER#: Wisconsin State Senator Wants Green Bay Mayor To Resign For Handling November Election | Only the news </document>
<document> RT #USER#: LIVE tonight from the southern border. Watch #HASHTAG# on Fox News at 9pm ET #URL# </document>
<document> RT #USER#: "Dreamer", Farmer Bills to Test Senate Waters on Immigration #URL# via #USER# #USER# ></document>
<document> RT #USER#: I give 2 more days before YouTube removes the like buttons and live numbers from the WH page. North Korea complete. >></document>
<document> RT #USER#: Nobody likes you #USER#. #URL# </document>
<document> RT #USER#: Biden is illegally holding migrant children in detention 38% more than last week. #URL# </document>
<document> RT #USER#: How long before they ban Trump press releases? 🤣 #URL# </document>
<document> RT #USER#: If you think you are tired or feeling sad, stop for a moment and say a prayer for President Trump </document>
<document> RT #USER#: Ronald Reagan had a saying about this... leave itlet me find... #URL# ></document>
<document> RT #USER#: Has AOC already booked your border ticket? #USER# #URL# ></document>
<document> RT #USER#: Michigan judge reinstates voter fraud case following forensic investigation into Dominion voting machines - #URL# </document>
<document> RT #USER#: Pressed the red button.... ⚠️#HASHTAG#🤯 #URL# </document>
<document> RT #USER#: President Trump: 75 million voters and I still support you!! #HASHTAG# #HASHTAG# ></document>
<document> Us? Typical. #HASHTAG# #URL# </document>
<document> Liz seems to miss Trump now, bless her heart. #URL# </document>
<document> Yes... things will improve dramatically after the recall. #HASHTAG# #URL# </document>
<document> #USER# #USER# This is a truth bomb! >></document>
<document> #USER# Check it out! 👇 #URL# </document>
<document> RT #USER#: #USER# Oh really! >></document>
<document> RT #USER#: Look: "It's him!" Warns wife as domestic violence suspect fires at New York cops in gunfight caught on camera: </document>
<document> #USER# Mr. Minority really needs to be shown the door. It's so weak. >></document>
<document> RT #USER#: #USER# Isn't that the always loving truth! >></document>
<document> RT #USER#: Some of us exposed the January 6 fake account. This is a solid rundown of #USER# ></document>
<document> RT #USER#: Episode 27: America's migration crisis will make Europe pale (with Todd Bensman) #URL# ></document>
<document> RT #USER#: Construction of Biden's border wall has begun. #URL# </document>
<document> RT #USER#: Bringing COVID-19 to America. #HASHTAG# #URL# </document>
<document> RT #USER#: Trump criticizes Biden's handling of border crisis: 'Our country is being destroyed' - Fox News #URL# </document>
<document>RT #USER#: Children held in Biden admin's 'prison-like' migrant facilities tripled in 2 weeks, reports say: </document>
<document> RT #USER#: Trump rails against Biden's border crisis in Tuesday statement #URL# </document>
<document> RT #USER#: Killed evil terrorist bites staff #URL# </document>
<document> RT #USER#: The poor guy just wants to go home and doesn't recognize anyone. >></document>
<document> RT #USER#: #HASHTAG# the inaugural podcast is live! Join me for an in-depth discussion of election integrity. >></document>
<document> RT #USER#: Europe's migrant crisis, still producing terror, predicts effects of Biden's cross-border boom. >></document>
<document> RT #USER#: The border is approaching a full-blown crisis, and Administrator Biden's response is ... nothing </document>
<document> RT #USER#: Fight open borders by disabling Fox News and Facebook - #USER# #URL# </document>
<document> RT #USER#: My interview with Steve Bannon in the War Room this morning. #URL# </document>
<document> The NCR feeds the swamp with MAGA dollars. To hell with the NCR. #USER# #URL# ></document>
<document> RT #USER#: With 1.95 million signatures in hand, the Recall campaignbelieves that elections are now assured. >></document>
<document> RT #USER#: El Paso prepares to welcome hundreds of newly arrived migrants from the Rio Grande Valley #URL# ></document>
<document> RT #USER#: President Trump has substantially cut funding for the GOP establishment. >></document>
<document> RT #USER#: The funny thing is that after everything we've seen voters will still fall into the "we need conservative judges" blackmail line</document>
<document> RT #USER#: DHS issues urgent *warning* of being "overwhelmed".🔻 #URL#></document>
<document> RT #USER#: WATCH: #USER#: Biden's team manipulated evidence for political profit in Khashoggi murder #URL#></document>
<document> RT #USER#: BREAKING: Georgia Senate Votes to Repeal No-Excuse Voting #URL# </document>
<document> RT #USER#: BREAKING: Georgia Senate Passes Postal Voting Reform Bill #URL# </document>
<document> RT #USER#: Border Officer: 2021 Illegal Immigration On Track To Pass Last Three Years Combined #URL# </document>
<document> RT #USER#: New York First Lady Asks Citizens To "Physically Intervene" In Violent Crimes After City Police Withdraw Funds: </document>
<document> RT #USER#: Greyhound CEO Asks DHS to Provide Negative COVID-19 Test Results for Illegal Migrants #URL# </document>
<document> RT #USER#: Biden administration is playing a dangerous game to accommodate increased borders; Puts families in TX, AZ hotels </document>
<document> RT #USER#: The National Guard should be at the border, not the Capitol. >></document>
<document> RT #USER#: If you can't pass your agenda without having to hide it in a COVID-19 bill, perhaps your agenda is bad. >></document>
<document>RT #USER#: IN CASE YOU MISSED: Trump sends RNC, GOP groups cease and desist, demands they stop using his name</document>
<document> RT #USER#: California Recall Campaign: We have signatures to recall Gavin Newsom #URL# via #USER# </document>
<document> RT #USER#: Trump Targets Alaska GOP's Murkowski: 'A Disloyal and Very Mean Senator' | #URL# ></document> news only
<document> #USER# We must treat all politicians like fish. Throw them away when they start to stink! (long overdue on Newsom) </document>
<document> RT #USER#: 1 in 3 BLM/AntiFa rioters are having their cases dismissed by Biden's Justice Department. #URL# </document>
<document> RT #USER#: 37 things to know about HR 1, "For the People Act" #URL# via #USER# </document>
<document> RT #USER#: Catch and release in overdrive. #URL# </document>
<document> RT #USER#: Flow of Young Migrants to US Increases Nearly 600% Since Trump #URL# Just a coincidence, I'm sure. >></document>
<document> RT #USER#: Thank God everyone survived the insurrection today </document>
<document> RT #USER#: Joe Biden has been president for 43 days. It will only get worse. >></document>
<document> RT #USER#: YouTube removed Trump's CPAC speech. So here it is, in full... #URL# </document>
<documentent> RT #USER#: TRUMP.🚨 Former president takes no prisoners in *new* statement.🔻 #URL# </document>
<document> RT #USER#: INBOX: Trump statement tearing up Karl Rove, Liz Cheney and others: #URL# </document>
<document> RT #USER#: In other words, it's Tuesday in Southern California. >></document>
<document> RT #USER#: Code for "Republicans are making it harder to cheat" during the election </document>
<document> #USER# I don't think he can go anywhere without one of his assistants. Not until they get the Joebot working. 🤖 >></document>
<document> RT #USER#: #USER# Does Kamala accompany Joe everywhere? She sure pushed him away quickly when the questions started. >></document>
<document> RT #USER#: #USER# Nap time😖 #HASHTAG# </document>
<document> RT #USER#: Trump "feels really good". #USER# on Donald Trump's mindset after his boisterous speech at the CPAC. >></document>
<document> #USER# DHS forgot why they were created in the first place. Now it's day backwards every day. 😖 >></document>
<document> Sure. 🙄 #HASHTAG# #URL# ></document>
<document> RT #USER#: "Pandemic of people": risk of catch and release at the border spread by COVID-19 #URL# </document>
<document> RT #USER#: Recall George Gascon starts #URL#></document>
<document> RT #USER#: This message will invite a wave of illegal immigration, in fact, it already has. >></document>
<document> RT #USER#: State Propaganda. This is a Putin-level lie to the American public.🔻 #URL# </document>
<document> RT #USER#: I think it's fair to say that if he won't say he wants it he probably doesn't deserve it. #URL# </document>
<document> RT #USER#: So he's a loser then California Republican challenging Gavin Newsom won't say if he wants Trump's endorsement </document>
<document> RT #USER#: Californians are over it. WATCH: L.A. Republicans Log Cabins ask for #HASHTAG# 👇 #URL# ></document>
<document> RT #USER#: Trump's populist economic nationalism squares off against elite economic globalism at CPAC. Read it and collect. >></document>
<document> RT #USER#: justice of the peace and three others arrested on 150 counts of electoral fraud in Texas #URL# </document>
<document> RT #USER#: Donald Trump "will be on the ballot in 2024": Peter Navarro #URL# </document>
<document> RT #USER#: Trump's State of the Union address was AMAZING. #HASHTAG# 🇺🇸 (No one even remembers Biden existed. Including Biden.) </document>
<document> RT #USER#: There is nothing "old" about THIS. 🔥🔥🔥 #URL# ></document>
<document> RT #USER#: Watch incredible moment as crowd chants "We love you" to President Trump #URL# </document>
<document> RT #USER#: Biden can't even stay awake until Trump spoke today. >></document>
<document> RT #USER#: Nearly 400,000 Viewers Watched #USER# Live For Trump's Comeback Speech #URL#></document>
<document> RT #USER#: Trump says: "This election was rigged". The crowd chants, "YOU WIN! YOU WIN! YOU WIN!" #URL# </document>
<document> RT #USER#: Trump asks for electrtion, stating that the "abuses" of 2020 can never happen again. >></document>
<document> RT #USER#: WATCH: President Trump ANNIHILATES Biden for lying about his COVID vaccine plan #URL# ></document>
<document> RT #USER#: Best thing I've heard since the November 2020 election, President Trump just said he may run for president again </document>
<document> RT #USER#: Trump looks and sounds great. And it's making Biden look even worse (if that's possible) by comparison. >></document>
<document> RT #USER#: You mean, like every presidential administration since 1789? #URL# </document>
<document> RT #USER#: "Eventually, we will win." --Donald J. Trump #URL# ></document>
<document> RT #USER#: America first and forever! #URL# </document>
<document> RT #USER#: BREAKING: President Trump Arrives at CPAC #URL# </document>
<document> RT #USER#: RSBN is at the center of #USER# eagerly awaiting the arrival of President Trump❗️ #URL# ></document>
<document> RT #USER#: Watch LIVE: President Trump to Speak on the Final Day of #HASHTAG# #URL# </document>
<document> RT #USER#: "If you saw what was happening at the border, you would change your mind" #USER# #USER# #URL# </document>
<document> RT #USER#: Did #USER# respond to this? Did the journalists ask for explanations? >></document>
<document> RT #USER#: California to spend $28 million on incoming asylum seekers… while trampling homeless people on their streets. >></document>
<document> RT #USER#: Don't miss tomorrow's 45 at #USER#——tune in! #HASHTAG# #URL# </document>
<document> RT #USER#: These 4 years will test us. Keep grinding. Become a pipe player! >></document>
<document> RT #USER#: Watch LIVE: CPAC 2021 Day Three #URL# </document>
<document> RT #USER#: Do you understand #USER#? #URL# </document>
<document> RT #USER#: As a new tax. Out of millions who can least afford it. >></document>
<document> RT #USER#: Which husband, wife, relative or lover is getting rich thanks to this project? Follow the money — </document>
<document> RT #USER#: Trump backs former aide Max Miller against GOP representative who voted to impeach #URL#></document>
<document> RT #USER#: They too will never go home. #URL# </document>
<document> RT #USER#: President Trump: 75 million voters and I still support you!! #HASHTAG# #HASHTAG# ></document>
<document> RT #USER#: 😳😳😳😳😳😳😳😳😳 Children in cages versus children in migrant facilities... have you noticed the difference? #URL# </document>
<document> RT #USER#: A great point from #USER# director Amanda Milius. I couldn't say it better myself. >></document>
<document> RT #USER#: Showing the right how to fight in real time. >></document>
<document> RT #USER#: Has the game. #URL# </document>
<document> RT #USER#: Some Americans are more equal than others.🔻 #URL# </document>
<document> RT #USER#: Watch LIVE: CPAC Resumes Day Two in Orlando #URL# </document>
<document> RT #USER#: President Trump was right about everythinghing. >></document>
<document> RT #USER#: So it was a lie </document>
<document> RT #USER#: This is the guy who just bombed Syria </document>
<document> RT #USER#: Wait for #USER# to find out he made this speech </document>
<document> #USER# Thanks 😎👍 >></document>
<document> RT #USER#: Before Trump - After Trump Before Pelosi - After Pelosi #URL# </document>
<document> RT #USER#: 40% of California Inmates Vaccinated?! #USER# </document>
<document> RT #USER#: Will they leave when they lose their asylum cases? >></document>
<document> RT #USER#: Will you ask them or... </document>
<document> RT #USER#: If you're saying February you expect 13,000 UAC in May, then the border crisis is already here. >></document>
<document> RT #USER#: 😂😂😂😂 [deep breath] 😂😂😂😂😂 </document>
<document> RT #USER#: I'm not even a social conservative and I find this crazy. Chromosomes are not bigots.🔻 </document>
<document> RT #USER#: Huge numbers here </document>
<document> RT #USER#: If #HASHTAG# can't explain to the nation what happened in #HASHTAG#, the least he can do is send his dogs to tell us! >></document>
<document> RT #USER#: I fondly remember our great peacetime president, Donald Trump, as Biden drops bombs on Syria. >></document>
<document> #USER# #USER# Swamp gas may be more toxic than bullshit. >></document>
<document> RT #USER#: Inmates run the asylum. #URL# </document>
<document> RT #USER#: What do you miss the most? >></document>
<document> RT #USER#: Watch LIVE: RSBN Crew LIVE from day one at CPAC #URL# </document>
<document> RT #USER#: IT WAS FAST: CBS describes migrant facilities as "shelters with beds, decorated rooms, cafeterias!" </document>
<document> RT #USER#: . #USER# is downright incompetent. #URL# </document>
<document> RT #USER#: President Trump: 75 million voters and I still support you!! #HASHTAG# #HASHTAG# ></document>
<document> RT #USER#: Democrats Immigration Plan, Raising Minimum Wage Will Hurt Poorer Americans Most, Critics Say | Only the news </document>
<document> RT #USER#: US to begin moving residents of Mexico's Matamoros camp to US this week, DHS announces </document>
<document> RT #USER#: It's so epic One of the greatest diplomatic possessions of the century #URL# </document>
<document> RT #USER#: This will happen soon... #URL# </document>
<document> RT #USER#: We are in a post-truth world where political figures invent bullshit to gain power, it's not complicated </document>
<document> RT #USER#: The US under a #USER# administration is literally taking it (fill in the blank) from China. >></document>
<document> RT #USER#: Biden challenged conservatives to name what they would cut from his COVID bill. We found a value of $420 billion. >></document>
<document> RT #USER#: Lethal cartels control borders – making billions on drugs, trafficking while migrants sufferfer - Click Link ></document>
<document> RT #USER#: federal judge in Houston Judge blocks indefinite 100-day pause for Biden's expulsion | Only the news </document>
<document> RT #USER#: My take on the sudden media silence about caged children... What happened guys? #URL# </document>
<document> RT #USER#: Texas judge blocks moratorium on Biden's deportation #URL# </document>
<document> RT #USER#: 👍 Stephen Miller ready to inform House Conservatives - POLITICO #URL# </document>
<document> Our tax dollars go to illegal aliens. Still. #HASHTAG# #URL# </document>
<document> RT #USER#: Obama's cages are acceptable again. Where are the real reporters? #URL# </document>
<document> RT #USER#: "Shit, the press is starting to ask about the baby cages at the border. Throw them another picture of grandpa." >></document>
<document> RT #USER#: Recall Gavin Newsom: Kevin Kiley's Glendale, CA Book Signing Welcomes Electrified Crowd #URL#></document>
<document> RT #USER#: Former President Donald Trump intends to keep winning. #URL# </document>

</author>