   
	<document> #user# bro.. its the struggle of waking up properly to do work 😭 </document>
		<document> yooo his compensation is gonna be madddd 😂😂😂 #url# </document>
		<document> not being a morning person and working from home is actually a deadly combination. </document>
		<document> rt #user#: anti-maskers in california physically assault and cough on an uber driver #url# </document>
		<document> rt #user#: “you will know i disagreed with him on meghan’s interview” susanna the entire show: #url# </document>
		<document> rt #user#: do you wanna go job centre with him because you’re moving mad </document>
		<document> where do i buy a large rug at the best price? why are they so expensive kmt </document>
		<document> me: diet starts today new email notification (1): #url# </document>
		<document> rt #user#: piers morgan whenever he talks about going on a date with meghan markle #url# </document>
		<document> rt #user#: btw where are the racists getting the ‘attacking the queen’ narrative from? #url# </document>
		<document> btw where are the racists getting the ‘attacking the queen’ narrative from? #url# </document>
		<document> #user# cant believe we were called childish during our era of twitter beefs kmt </document>
		<document> never during my decade on this app did i ever think it would evolve into twitter beef.. regarding the royal family. </document>
		<document> rt #user#: we were the best team itw and signed this #url# </document>
		<document> rt #user#: congrats meghan &amp; harry. my friend will make the perfect modern bride. ps do i get an invite #user#? </document>
		<document> forever breaking records #user# mentality champions </document>
		<document> champions league we gooooo </document>
		<document> rt #user#: 🔴 salah &amp; jota start 🔴 but mane and trent alexander-arnold drop to the bench #hashtag# #hashtag# #url# </document>
		<document> imagine thinking im gonna waste my life watching the game today lmao </document>
		<document> rt #user#: that’s enough internet for one day #url# </document>
		<document> netflix gone up to £13.99 kmt i need to choose my netflix tenants wisely </document>
		<document> #user# you can turn this off in your privacy settings </document>
		<document> that was the most miserable 90 mins lmao </document>
		<document> cant believe we’re purposely sabotaging the league so we can win the champions league lmao top mentality </document>
		<document> #user# get back to the kitchen. a szn doesnt start in january </document>
		<document> man i missed jota so much. idec if he doesnt score </document>
		<document> pls #user# dont do that again </document>
		<document> ruining my weekend before its started </document>
		<document> #user# will definitely do so! </document>
		<document> #user# can u deliver to wales pls </document>
		<document> #user# looooool not even a bold? wow </document>
		<document> #user# bro id love a blackberry looool </document>
		<document> #user# oh shame :/ </document>
		<document> #user# ship me ur old one </document>
		<document> #user# #user# that’ll be another £65 </document>
		<document> #user# #user# apple.. £65 each lol </document>
		<document> nothing beats jungle run and that ruby monkey that gives you the best prizes #url# </document>
		<document> noone: asian guys with non-brown eyes: #url# </document>
		<document> other teams playing and rival fans tweeting about liverpool? huge club </document>
		<document> this just tapped into an forgotten memory!!! loved collecting this shit #url# </document>
		<document> me midway through episode 8 remembering that wanda’s character is called scarlett... witch #url# </document>
		<document> rt #user#: im going to revisit this v soon. if i can help just one person secure something, id be gassed. </document>
		<document> #user# thats a shame. ofc i will </document>
		<document> #user# im really glad to hear. if you need help just dm </document>
		<document> all cold pasties from #user# should be sold at a discount 🔈 </document>
		<document> #user# lmfao bro it happens but get it done and over with man.. every minute delayed is a potential new candidate whos applying </document>
		<document> #user# lmfaoooooooooo still one of the saddest rejections ive ever heard </document>
		<document> rt #user#: my biggest enemy i swear, it’s the reason i shop so easily on amazon </document>
		<document> im going to revisit this v soon. if i can help just one person secure something, id be gassed. #url# </document>
		<document> ps: sign up as a student for prime at just £3.99 pm. worth every penny. </document>
		<document> i will literally pay the premium simply for the satisfaction of having something delivered to me same day </document>
		<document> #user# lmao do it </document>
		<document> rt #user#: #user# this is the absolute correct mindset, no need to panic, it's like a boxing day sale! </document>
		<document> why do deposits on #user# take so fricking long man </document>
		<document> rt #user#: tough day for tech. #url# </document>
		<document> cant believe this guy is still around #url# </document>
		<document> rt #user#: this is my favorite tweet from kanye’s rants #url# </document>
		<document> #user# #user# word for word pls </document>
		<document> #user# lol yeah exactly pls dont call me bitter without reason, these two are frauds </document>
		<document> also hilarious coz this idiot usually responds to ‘hate’ in her comments but she straight blocked me for what? speaking the truth </document>
		<document> did i say anything wrong? got blocked #url# </document>
		<document> rt #user#: the only generational talents in football. debate yer nan #url# </document>
		<document> over 500% gain in one day? lmao #url# </document>
		<document> #user# you can sign up multiple accounts and redeem several times x </document>
		<document> rt #user#: #user# in before someone says the ‘air surrounding the fillet is haram therefore it’s not permissible’ </document>
		<document> rt #user#: *cashes all stocks and crypto* i'll have 5 of these pls. </document>
		<document> psa for all my mozlems 🔈 #url# </document>
		<document> rt #user#: breaking: var goes against a diving englishmen </document>
		<document> 45 mins + 2 mins does equal 47 mins tbf quick maths #url# </document>
		<document> the 7 whole minutes of credits with no post cred scene is so unnecessary and rude kmt #url# </document>
		<document> rt #user#: #user# after playing in it, nothing can hurt me! </document>
		<document> its a good thing i dont even watch soccer </document>
		<document> #user# #user# bro its insane </document>
		<document> i also believe our gen need to really utilise this extra time into a hobby/interest/side hustle because this excess time is invaluable </document>
		<document> rt #user#: #user# do they look like the same meal cos im livid #url# </document>
		<document> #user# #user# they must not like you bro coz lds cookie dough bangs #url# </document>
		<document> #user# hey need help, sent you a dm </document>
		<document> #user# #user# wtf happening with doge. its back at the top 😂 </document>
		<document> rt #user#: maguire’s just decided to be in his own line and play them all onside.. #url# </document>
		<document> #user# bro keep watching it’ll all make sense and stop googling it </document>
		<document> #user# #user# bro come back here at the end of episode 5 </document>
		<document> #user# #user# younus have you watched it? </document>
		<document> bro i fucking hope you’re watching it #user# </document>
		<document> bro its everything we’ve been waiting for. its finally happening. </document>
		<document> can i just say, the twist at the end of #hashtag# episode 5 was maaaaaaaaaaaad. </document>
		<document> #user# loool im being legit.. thats the plan </document>
		<document> #user# lmao throwing it around? you’re not even getting it mate i’m taking it home but marking it as delivered </document>
		<document> gme and amc dropped 42% and 20% today, respectively. so glad i sold yday lmao </document>
		<document> anyway who cares, everyone on twitter is apparently on £100k+ </document>
		<document> #user# says in the article </document>
		<document> americans are fucking wild. how you killing both your neighbours and then shooting yourself.. over a snow dispute </document>
		<document> wtaf 😐 please watch at your own risk #url# </document>
		<document> #user# you’re welcome broski </document>
		<document> .. and it was a video meeting. </document>
		<document> after rescheduling 3 times, my manager booked a meeting with me this morning to ask me.. if she can book a meeting with me next week fgs </document>
		<document> i really miss you #user# </document>
		<document> #user# need help with my recent order?! </document>
		<document> #user# finally a fomo that paid off, aswell as $sndl. never doing meme stocks ever again 😂 </document>
		<document> arsenal are actually such a banter club lmaooo </document>
		<document> luiz is such a dumbass </document>
		<document> this actually makes me sad #url# </document>
		<document> this guy was on roids man #url# </document>
		<document> #user# how much of an l did you take </document>
		<document> rt #user#: also, fuck the hedge funds. </document>
		<document> rt #user#: var looking at bruno fernandes’ tackle on granit xhaka #url# </document>
		<document> #user# #user# thank you for backtracking and finally agreeing with me ❤️ </document>
		<document> #user# #user# lmao man called a referral link.. network marketing 😂 </document>
		<document> #user# bro stop chatting like t212 is that much better with those error too many users blah blah messages </document>
		<document> #user# man said ‘only’. i did £100 purely for the craze lmao </document>
		<document> #user# how much did you put in lmao? </document>
		<document> #user# bro im going sleep i cant deal with this shit </document>
		<document> worlds gone mad #url# </document>
		<document> #user# youre following the right people lmao </document>
		<document> #user# youre just an all around hater since yday tbh so you dont bother me </document>
		<document> ngl i actually dont even care about the minor losses ive made.. this shit is so entertaining #url# </document>
		<document> rt #user#: klopp ending our winless run with henderson and nat phillips at centreback #url# </document>
		<document> $lfc doing great today amh </document>
		<document> bro refresh your link #url# </document>
		<document> we’re still defo losing this </document>
		<document> why am i personifying #hashtag# and #hashtag# like theyre my mates lmao </document>
		<document> loool the irony #url# </document>
		<document> rt #user#: in moments of uncertainty, when courage and strength are required, you find out who the true corporatist scumbags are. </document>
		<document> rt #user#: rich people: why don't the poor just invest their money poor people: ok. rich people: ... rich people: wait stop </document>
		<document> once this madness ends im gonna go back to the long term gain strategy because im not built to micro manage my stocks every other minute </document>
		<document> this should be illegal #url# </document>
		<document> #user# hoping to buy in later </document>
		<document> taking a firm hold on #hashtag# #hashtag# #hashtag# but cancelled my buy orders for #hashtag# and #hashtag#. this is crazy. </document>
		<document> worst delivery company in the world #hashtag# #url# </document>
		<document> rt #user#: the reddit user who started all this mess is now worth almost $50 million and he still isn't selling lol </document>
		<document> why tf do those little moon tiktok hype things cost £4.50 for a pack?! </document>
		<document> rt #user#: thoughts on rio ferdinand? march 2020. january 2021 1600 deaths 100,162 deaths </document>
		<document> #user# go to sleep banana </document>
		<document> rt #user#: /r/wallstreetbets pens an open letter to the sec: #url# </document>
		<document> #user# its okay just relax and sign up using my trading212 referral link #url# </document>
		<document> a certain individual on my timeline with a name rhyming with banana sebum is very triggered </document>
		<document> united fans are acc the funniest #url# </document>
		<document> rt #user#: is that the #user# table there? 👀 #url# </document>
		<document> #user# even at our shittest you drew and marginally won lmaoo </document>
		<document> how did we lose to these pricks lmao #url# </document>
		<document> this is disgusting 😂 almost 1500% gain in a month #url# </document>
		<document> #user# alh 🤲🏽 lets pray it explodes </document>
		<document> #user# just did now </document>
		<document> if they had a $fomo ticker i would be all over it because that’s literally been my weakness this last week </document>
		<document> #user# just say bismillah </document>
		<document> #user# ill dm you some accounts i follow </document>
		<document> #user# i think im gonna open t212 account </document>
		<document> #user# i agree! any murders after the dentist screwup is on their head imo. they were so useless. </document>
		<document> now do 7% of 35,427 #url# </document>
		<document> i wish lychees came boneless </document>
		<document> rt #user#: poll to find out which one is the best snack in the world. pick your fav.. </document>
		<document> highkey don’t even wanna watch the game today. why intentionally ruin my own day? </document>
		<document> poll to find out which one is the best snack in the world. pick your fav.. </document>
		<document> choc dips vs dairylea dunkers.. #url# </document>
		<document> okay heres the apple music version of my playlist, youre welcome #url# </document>
		<document> #user# true story tho </document>
		<document> bridgerton was a decent watch until it became a porno </document>
		<document> this picture is cursed #url# </document>
		<document> cant wait for the apology vid with tears lmao #url# </document>
		<document> #user# nah dont bother yet, wait for them all to be released </document>
		<document> #user# #user# bro 50% is never 50%. usually its a cap of £15 and by the end you only end up getting £7 off </document>
		<document> youngn lipz is the already artist of the year. every track and feature of his is a banger. </document>
		<document> #user# finally in the green!!! </document>
		<document> #user# 👀👀👀 lowkey they were until i chased out and cc’ed like 4 recruitment managers lmao </document>
		<document> do something 👉🏾 $cciv </document>
		<document> most people i follow are defo on the spectrum and they are by far my favorite people on tiktok lmao </document>
		<document> tiktok is such a magical place of weirdos man </document>
		<document> #user# yeah. if you’re fault coz remember you, farhana begum from alum rock, cursed manè? </document>
		<document> why did you need to put up a christmas tree man #user# </document>
		<document> please pay for our sky subscription #user# because i cant believe i pay to watch this shit </document>
		<document> #user# proper annoying man.. they take like a good 40% 😫 </document>
		<document> work bonuses should really be a direct deposit kmt. hmrc and student finance really get gassed and screw you over. </document>
		<document> #user# yeah absolutely no remorse </document>
		<document> #user# bottom right of that screenshot.. sort by newest </document>
		<document> lmao people are going wild on the cafe’s google reviews.. #url# #url# </document>
		<document> #user# #user# absolutely crazy bro, hence why i invested as soon as the stock split just so i can join the wave </document>
		<document> #user# #user# bro i placed an order like 30 times.. final one got accepted </document>
		<document> #user# so when can i buy? </document>
		<document> bling empire got me feeling so broke </document>
		<document> thiago so silky </document>
		<document> kuh tee shoes #url# </document>
		<document> #user# massive if but a £100 l is minor.. worth the risk imo. rumors seem to be leaning towards being true </document>
		<document> #user# will add to my watchlist broski, appreciate it </document>
		<document> rt #user#: this is how m huncho’s boy was recording the snap in the studio 🤣 #url# </document>
		<document> mad mad, whoever recorded this is finished #url# </document>
		<document> rt #user#: not all heroes wear capes </document>
		<document> clubcard prices at #user# are revolutionary. feel like im getting a discount everytime i shop. </document>
		<document> the best snack in the world. psa: these are £2 for a 6 pack in tesco with clubcard #url# </document>
		<document> ok but am i getting superpowers or not #url# </document>
		<document> #user# listen you are not ready for the last two episodes man i was dying </document>
		<document> propppper trash reality tv but last few eps had me yelling cringing screaming loool #url# </document>
		<document> rt #user#: i’m still laughing at starbucks’ description on freetrade. pumpkin spiced lattes you know looooooooooool </document>
		<document> #user# ma thats a large sum to wack on one stock. i can see it progressively increasing over time. </document>
		<document> bro you may just have asthma #url# </document>
		<document> psa: mint choc chaii from #user# does not taste anything like mint </document>
		<document> small nikkah twitter using all their annual leave just for one holiday kmt #url# </document>
		<document> #user# #user# do i want to feel guilty* </document>
		<document> #user# #user# legend, will follow.. thanks broski </document>
		<document> #user# #user# ill update the thread with any thoughts of mine so feel free to follow </document>
		<document> to all 19 people who ‘liked’ this playlist.. ive started a new one for 2021 #url# #url# </document>
		<document> #user# nope, still unable to contact anyone to cancel </document>
	 <document> #user# bro.. it's a struggle to wake up properly to work 😭 </document>
<document> yooo his compensation will be madddd 😂😂😂 #url# </document>
<document> Not being a morning person and working from home is actually a deadly combination. </document>
<document> rt #user#: Anti-maskers in California physically attack and cough on an Uber driver #url# </document>
<document> rt #user#: "You will know I disagreed with him in Meghan's interview" susanna the entire show: #url# </document>
<document> rt #user#: do you want to go to the job center with him because you're crazy </document>
<document> where is the best place to buy a large carpet? why are they so expensive kmt </document>
<document> me: diet starts today new email notification (1): #url# </document>
<document> rt #user#: Piers Morgan whenever he talks about going on a date with Meghan Markle #url# </document>
<document> rt #user#: By the way, where do the racists get the Attack on the Queen narrative from? #url# </document>
<Document> By the way, where do the racists get the "Attack on the Queen" narrative from? #url# </document>
<document> #user# can't believe we were called childish during our twitter beef kmt era </document>
<document> In my ten years with this app, I never thought it would become Twitter beef.. in terms of the royal family. </document>
<document> rt #user#: we were the best team itw and signed this #url# </document>
<document> rt #user#: Happy birthday Meghan &amp; Harry. my boyfriend will make the perfect modern bride. ps do i get an invitation #user#? </document>
<document> forever breaking records #user# mentality champions </document>
<document> Champions League, we gooooo </document>
<Document> rt #user#: 🔴 salah &amp; jota start 🔴 but mane and trent alexander-arnold fall on the bench #hashtag# #hashtag# #url# </document>
<document> Imagine wasting my life watching the game today, lmao </document>
<document> rt #user#: that's enough internet for one day #url# </document>
<document> Netflix has jumped to £13.99. I have to choose my Netflix tenants wisely</document>
<document> #user# You can disable this in your privacy settings </document>
<document> that was the most miserable 90 minutes lmao </document>
<document>cannot believe that we are deliberately sabotaging the league so we can win the champions league lmao top mentality</document>
<document> #user# go back to the kitchen. a szn does not start in january </document>
<Document> Man I missed Jota so much. idec if he doesn't score </document>
<document> Please #user# don't do this again </document>
<document> ruined my weekend before it even started</document>
<document> #user# will definitely do this! </document>
<document> #user# can you please deliver to Wales </document>
<document> #user# looooool not even a fat? wow </document>
<document> #user# bro id love a blackberry looool </document>
<document> #user# oh too bad :/ </document>
<document> #user# send me your old </document>
<document> #user# #user# that's another £65 </document>
<document> #user# #user# apple.. £65 each lol </document>
<document> Nothing beats Jungle Run and the Ruby Monkey giving you the best prizes #url# </document>
<document> noone: Asians with non-brown eyes: #url# </document>
<Document> playing other teams and rival fans tweeting about Liverpool? big club </document>
<document> that just tapped into a forgotten memory!!! loved collecting this shit #url# </document>
<document> I remember in the middle of episode 8 that Wanda's character's name is Scarlett... witch #url# </document>
<document> rt #user#: I will visit this v again soon. If I can help just one person secure something, I'll be gassed. </document>
<document> #user# that's a shame. ofc I will </document>
<document> #user# I'm really glad to hear that. If you need help, just send a DM </document>
<document> All of #user#'s cold pies should be sold in a nightclubnt 🔈 </document>
<document> #user# lmfao bro it happens but done and done man. Every minute late is a potential new candidate applying </document>
<document> #user# lmfaoooooooooo still one of the saddest rejections I've ever heard </document>
<document> rt #user#: My worst enemy, I swear this is why I shop on Amazon so easily </document>
<document> I'll go over this v again soon. If I can help just one person secure something, I'll be gassed. #url# </document>
<document> PS: Sign up for Prime as a student for just £3.99pm. worth every penny. </document>
<document> I literally pay the premium for the satisfaction of having something delivered to me the same day </document>
<document> #user# lmao do it </document>
<document> rt #user#: #user# that's absolutely the right way of thinking, don't panic, it's like Boxing Day! </document>
<document> why deposits to #user# take so damn long man </document>
<Document> rt #user#: Hard day for the tech. #url# </document>
<document> can't believe this guy is still near #url# </document>
<document> rt #user#: this is my favorite tweet from Kanye's Rants #url# </document>
<document> #user# #user# word for word please </document>
<document> #user# lol yes exactly please don't call me bitter for no reason these two are scammers </document>
<document> also hilarious because this idiot usually responds to "hate" in her comments, but she blocked me right out of the box for what? tell the truth </document>
<document> did I say something wrong? was blocked #url# </document>
<document> rt #user#: the only generational talent in football. debate your nan #url# </document>
<document> over 500% profit in one day? lmao #url# </document>
<document> #user# You can register multiple accounts and redeem multiple times x </document>
<document> rt #user#: #user# in before someone says "the air surrounding the fillet is haram, so it's not allowed" </document>
<document> rt #user#: *collects all stocks and crypto* i will have 5 of these pls. </document>
<document> psa for all my mozlems 🔈 #url# </document>
<document> rt #user#: breaking: var goes against a diving Englishman </document>
<document> 45 minutes + 2 minutes equals 47 minutes tbf quick math #url# </document>
<document> the 7 full minutes of credits with no post cred scene is so unnecessary and rude kmt #url# </document>
<document> rt #user#: #user# after playing in it nothing can hurt me anymore! </document>
<document> Glad I don't even watch football </document>
<document> #user# #user# bro it's crazy </document>
<document> I also believe that our generation really needs to use that extra time for a hobby/interest/side hustle because that extra time is priceless</document>
<document> rt #user#: #user# they look like the same meal because they are angry #url# </document>
<document> #user# #user# they mustn't like you bro because lds cookie dough is popping #url# </document>
<document> #user# hey need help, sent you a dm </document>
<document> #user# #user# wtf happens with doge. it's back up 😂 </document>
<document> rt #user#: maguire just decided to be on his own line and play them all onside.. #url# </document>
<document> #user# bro keep watching it will all make sense and stop googling </document>
<document> #user# #user# brother, come back here at the end of episode 5 </document>
<document> #user# #user# younus have you checked it out? </document>
<document> Brother I hope you check it out #user# </document>
<document> bro, it's everything we've been waiting for. it's finally happening. </document>
<document> all I can say is the twist at the end of #hashtag# episode 5 was maaaaaaaaaaaad. </document>
<document> #user# loool i'm legit.. that's the plan </document>
<document> #user# lmao throwing it around? You don't even get it mate, I'll take it home but mark it delivered </document>
<document> gme and amc are down 42% and 20% respectively todayeffective. I'm so glad I sold yday lmao </document>
<document> anyway, who cares, everyone on twitter seems to have over £100k </document>
<document> #user# says in the article </document>
<Document> Americans are bloody wild. how to kill your two neighbors and then shoot yourself... over a snow fight </document>
<document> wtaf 😐 please view at your own risk #url# </document>
<document> #user# You're welcome Broski </document>
<document> .. and it was a video meeting. </document>
<document> after three postponements, my manager made an appointment with me this morning to ask if he could make an appointment with me next week fgs </document>
<document> i really miss you #user# </document>
<document> #user# need help with my last order?! </document>
<document> #user# finally a fomo that was worth it, as well as $sndl. Never create meme stocks again 😂 </document>
<document>arsenal are actually such a joke club lmaooo </document>
<document>luiz is such a fool</document>
<document> this makes me really sad #url# </document>
<document> this guy was on roids man #url# </document>
<document> #user# how much l did you take </document>
<document> rt #user#: Screw the hedge funds. </document>
<document> rt #user#: var looks at bruno fernandes tackle on granit xhaka #url# </document>
<document> #user# #user# Thank you for backtracking and finally agreeing with me ❤️ </document>
<document> #user# #user# lmao man called a referral link.. Network Marketing 😂 </document>
<document> #user# bro stop chatting like t212 is much better with these errors too many users blah blah messages </document>
<document> #user# Man said "only". I spent £100 just for the madness lmao </document>
<document> #user# how much did you put into lmao? </document>
<document> #user# bro I'm going to sleep I can't handle this shit </document>
<document> Worlds have gone insane #url# </document>
<document> #user# You are following the right people lmao </document>
<document> #user# you're just a total hater since yday tbh so don't bother me </document>
<document> ngl I don't really even care about the small losses I made.. this shit is so entertaining #url# </document>
<document> rt #user#: Klopp ends our winless run with Henderson and Nat Phillips at centre-back #url# </document>
<document> $lfc is great today amh </document>
<document> bro update your link #url# </document>
<document> we're still losing this </document> anyway
<document> why do I personify #hashtag# and #hashtag# like they are my buddies lmao </document>
<document> loool the irony #url# </document>
<document> rt #user#: In moments of uncertainty, when courage and strength are called for, one finds out who the real corporatist scumbags are. </document>
<document> rt #user#: rich people: why don't the poor just invest their money poor people: ok. rich people: ... rich people: hold on </document>
<document> Once this madness is over, I'll go back to the long-term winning strategy because I'm not cut out to manage my stocks every other minute </document>
<document> this should be illegal #url# </document>
<document> #user# hopes to buy in later </document>
<document> has a firm grip on #hashtag# #hashtag# #hashtag# but canceled my buy orders for #hashtag# and #hashtag#. that's crazy. </document>
<document> worst delivery company in the world #hashtag# #url# </document>
<document> rt #user#: The Reddit user who caused this whole mess is now worth almost $50 million and he's still not selling lol </document>
<document> why are these little moon tiktok hype things £4.50 for a pack?! </document>
<Document> rt #user#: Thoughts on Rio Ferdinand? March 2020. January 2021 1600 deaths 100,162 deaths </document>
<document> #user# go to sleep banana </document>
<document> rt #user#: /r/wallstreetbets writes an open letter to sec: #url# </document>
<document> #user# it's okay, just relax aAnd sign up with my Trading212 referral link #url# </document>
<document> a certain person on my timeline with a name that rhymes with banana tallow is very agitated </document>
<document> United fans are the funniest #url# </document>
<document> rt #user#: is that the table #user# there? 👀 #url# </document>
<document> #user# even in our shittest you played a draw and narrowly won lmaoo </document>
<document> how did we lose to these idiots lmao #url# </document>
<document> this is disgusting 😂 almost 1500% profit in one month #url# </document>
<document> #user# alh 🤲🏽 let's pray it explodes </document>
<document> #user# just did it </document>
<document> If they had a $fomo ticker I'd be all for it because that was literally my weakness last week </document>
<document> #user# just say bismillah </document>
<document> #user# I am sending you some accounts that I follow </document>
<document> #user# I think I'll open a t212 account </document>
<document> #user# I agree! All the murders after the screwed up dentist are on their heads. they were so useless. </document>
<document> is now 7% of 35,427 #url# </document>
<document> I wish lychees were boneless </document>
<document> rt #user#: Poll to find out which is the best snack in the world. Choose your favourite.. </document>
<document> highkey doesn't want to see the game today. Why intentionally ruin my own day? </document>
<document> poll to find out which is the best snack in the world. Choose your favourite.. </document>
<document> Choc Dips vs. Milklea Dunkers.. #url# </document>
<document> Okay, here is the Apple Music version of my playlist, welcome #url# </document>
<document> #user# true story </document>
<document> Bridgerton was a decent watch until it became a porn </document>
<document> this image is cursed #url# </document>
<document> can't wait for the apology video with tears lmao #url# </document>
<document> #user# nope, don't bother just yet, wait for them all to be released</document>
<document> #user# #user# bro 50% is never 50%. usually it's capped at £15 and you end up only getting £7 off </document>
<document> youngn lipz is already artist of the year. Every track and every feature of it is a banger. </document>
<document> #user# finally in the green!!! </document>
<document> #user# 👀👀👀 They were reluctant until I bailed out and CCed like 4 recruiting managers lmao </document>
<document> do something 👉🏾 $cciv </document>
<document> Most of the people I follow are definitely on the spectrum and they are by far my favorite people on Tiktok Lmao </document>
<document> tiktok is such a magical place for weirdos </document>
<document> #user# yes. If it's your fault, remember you, Farhana Begum from alum Rock, damn man? </document>
<document> why did you have to set up a Christmas tree man #user# </document>
<document> please pay for our sky subscription #user# because I can't believe I'm paying to watch this shit </document>
<document> #user# real annoying man.. they take a good 40% 😫 </document>
<document> Work bonuses really should be a direct deposit kmt. hmrc and student finance are really getting gassed and screwing you. </document>
<document> #user# yes, absolutely no regrets </document>
<document> #user# at the bottom right of this screenshot. Sort by newest </document>
<document> lmao people are blown away by the google reviews of the cafe.. #url# #url# </document>
<document> #user# #user# absolutely insane bro so I invested immediately after the stock split just so I could join the wave </document>
<document> #user# #user# Brother, I've placed an order about 30 times. The last one was accepted </document>
<document> #user# so when can I buy? </document>
<document> Bling Empire made me feel so broke</document>
<document> Thiago so silky </document>
<document> cow tea shoes #url# </document>
<document> #user# massive but if £100l is small...worth the risk imo. Rumors seem to be inclinedbe true</document>
<document> Adding #user# to my watchlist, broski, thanks </document>
<document> rt #user#: this is how m huncho's boy recorded the snap in the studio 🤣 #url# </document>
<document> mad mad whoever took this is done #url# </document>
<document> rt #user#: not all heroes wear capes </document>
<document> Club card prices at #user# are revolutionary. I feel like I get a discount every time I shop. </document>
<document> the best snack in the world. psa: That's £2 for a 6 pack in Tesco with club card #url# </document>
<document> ok but do i get superpowers or not #url# </document>
<document> #user# listen, you're not ready for the last two episodes man I was dying </document>
<document> Propppper trash reality tv but the last few episodes made me scream wince scream loool #url# </document>
<document> rt #user#: I'm still laughing at Starbucks' description of Freetrade. Pumpkin Spiced Lattes, you know Looooooooool </document>
<document> #user# ma that's a big sum for a share. I can see it increasing progressively over time. </document>
<document> Brother maybe you have asthma #url# </document>
<document> psa: mint choc chaii by #user# doesn't taste like mint at all </document>
<document> small nikkah twitter uses her entire annual vacation for just one vacation kmt #url# </document>
<document> #user# #user# I want to feel guilty* </document>
<document> #user# #user# legend, will follow.. thanks broski </document>
<document> #user# #user# I'll update the thread with my thoughts, so don't hesitate to follow </document>
<document> to all 19 people who "liked" this playlist. I started a new #url# #url# </document> for 2021
<document> #user# No, I still can't contact anyone to cancel </document>