 
	<document> ooh, an op-ed ol' vyle won't be retweeting!

#hashtag# #url# </document>
		<document> #user# either that or he enjoys micromanaging everything to do with "looking hard" on security.

#hashtag# </document>
		<document> #user# #user# oh wow. so now that its established to be as good as placebo at best in medical applications, why wouldn't you target insecure women?n#hashtag##hashtag##hashtag# </document>
		<document> #user# #user# revolutionary almost, but i guess we could give it a crack #hashtag# </document>
		<document> #user# you're ridiculous sometimes! 🤣

you know they can cause plagues, right*? 
*says the silly australian bitch who teared up after accidentally running down a feral rabbit last week... 🤔 </document>
		<document> #user# oh, of course it is! 🙄

damn tweetn'delete 😉

#user# </document>
		<document> #user# #user# yeah, she (my mother) was mortified when she discovered the racism &amp; fringe beliefs. they use the term "holistic education" a great deal in the brochures etc </document>
		<document> #user# wow! people care about our national anthem, eh? </document>
		<document> #user# #user# idk if that's of any real help to you or appears to be merely semantics, though.

it's the "hot tip" from the dsm (as my course tells me) anyway </document>
		<document> #user# i'd assume that they're accidentally including the russian upper middle class &amp; oligarchs from force of habit </document>
		<document> well, this is news to me: "mr morrison's ability to connect with people is considered one of his greatest political strengths."
news to most present too
#url# </document>
		<document> #user# i'm at a bit of a loss trying to imagine the type of person who actually deliberately watches that shit. </document>
		<document> #user# yep. it's to flag anyone who's ever used weed (+some who haven't) as far as i can see. </document>
		<document> #user# #user# it's an alarmingly transparent &amp; mendacious stance from the pov of outsiders (imo).

one can only hope that this country's current pm won't blindly follow suit, even as a mere apologist. 🤞 </document>
		<document> #user# that is so dirge-like! i'm sorry. i'm just really sorry... </document>
		<document> #user# #user# i can't imagine how frustrating having that going on over the border must be for you.

the lack of empathy for others astonishes me </document>
		<document> #user# thought most did. </document>
		<document> #user# #user# #user# yep. of course the milieu of incredibly depressing job &amp; job security shortages is unlikely to be helping here. </document>
		<document> #user# #user# what manner of "man"? i do not know what matter of anything he is. </document>
		<document> #user# #user# #user# yes, i know. illness as we age (or at any time) is part of the human condition, no matter what some conspiracy befuddled loons think of "ebil big phara" without looking outside their own yards to see how other countries regulate it 🙄 </document>
		<document> #user# #user# #user# #user# #user# #user# #user# #user# #user# would this be before or after he's finished dealing with the insurance claim for flood damage to the "biblical ark museum"? </document>
		<document> #user# sit down, preferably outside in the fresh air, pop your head down as near to your knees as possible &amp; inhale + exhale deeply and slowly*. if you're hyperventilating, breathe into a paper bag until it stops.
*keeping your eyes closed </document>
		<document> #user# he probably won't change, but dementia did make my grandmother less 'predictable' than ever before - shall we say.

it would also explain why he surrounds himself with family while at work now, though. </document>
		<document> #user# #user# #user# not even posie parker?

i'm genuinely shocked... </document>
		<document> perhaps he prayed &amp; cried for the 13 women privately while busily trying to make himself "look like an ordinary aussie bloke"?🤔n#hashtag# #url# </document>
		<document> no, i don't believe it is "too soon" in this case: #url# </document>
		<document> #user# not a problem. this guy's not a psychiatrist but he's a professional counselor &amp; has a deadpan, snarky soh which kinda creeps up on you (i think anyway) </document>
		<document> #user# #user# #user# good. i hope something positive comes of this for the woman and children concerned. </document>
		<document> #user# so, was "mayhem" the legal pleasantry of the time? because i have never heard of it as a crime before!

obviously, she might have been mentally ill, but the photo really doesn't give that impression 😂 </document>
		<document> #user# #user# #user# yes. you really have to feel for anyone born into such a situation too, i think.
the thing is that the vast majority of them are good people, too. it just becomes all-consuming. </document>
		<document> #user# i wouldn't count on it, sadly. </document>
		<document> #user# if only certain sugar shilling, self-proclaimed "vegan activists/diet gurus" were to endure such an experience😂nsugary soft drinks linked to obesity, you say? whoever knew...nn#hashtag# #hashtag# </document>
		<document> #user# this idiot has misplaced their phone somehow. would you care to enlighten me as long as it doesn't break twitter's tos &amp;/or scar ppl for life? </document>
		<document> #user# ikr! i was looking for this to tweet last night but it wasn't yet available online (granted 7.30 was just over but still). 😂 </document>
		<document> #user# i bet! i need new pillow/s myself, i think </document>
		<document> #user# oh, as long as the parents' ideology is catered for, that's alright then!^ it's difficult for careful vegan mothers to nourish a fetus, let alone raw vegans... n^#hashtag# </document>
		<document> #user# i know... if ever there were 2 foods i'd not want to have anything to do with each other, they did choose them. </document>
		<document> pauline there may well have a point for once!
has greta been able to catch up on her port arthur conspiracy theory or engineered the attempted bribery of an nra official? no.
#hashtag# #url# </document>
		<document> oh, well. history clearly shows that we can trust priests to "listen to their conscience" on matters of concealing or reporting crimes to police - no matter how grave... n#hashtag# #hashtag# #url# </document>
		<document> #user# that's a solid life goal and, no, i'm not being sarcastic  for once </document>
		<document> #user# i agree. we already have adequate legislation in place. people with "odd diets" make for a handy scapegoat, don't they? i'd rather see actual extremists being "cracked down" upon. </document>
		<document> #user# #user# #user# #user# #user# #user# #user# #user# oh, wow! my mistake then... 🤒

you have quite the sensitive troll there, haven't you?! </document>
		<document> #user# #user# #user# must be a little bit better than that merro! </document>
		<document> #user# not outside an ed unit, no. </document>
		<document> #user# well, you still fighting a good fight, hey?
is it my imagination or do i detect
a soupcon of gil scott-heron 
&amp; a scintilla of regret?

#hashtag# i know soz </document>
		<document> #user# #user# ikr? strange how many of these i've seen over the past few days... </document>
		<document> #user# yes. makes perfect sense. dead &amp; emigrated jews stole their property and imprisoned them for "being bourgeois/sudden traitors" for fighting against the nazis during wwii...n#hashtag# </document>
		<document> #user# #user# #user# #user# #user# #user# #user# #user# #user# #user# it takes a very cunningly disturbed individual to insist upon joining a *women's relaxation group* under those circumstances. 

i'm so sorry anyone should have to go through anything like that. </document>
		<document> #user# you mean in the sense of "basic white girl", don't you? because my pallid ass would challenge the other insinuation! </document>
		<document> #user# #user# i dunno... </document>
		<document> #user# #user# indeed! paradoxically less tacky than continuing with the pretence, i think </document>
		<document> #user# i really, really hope not... </document>
		<document> #user# #user# #user# daniel andrews is the victorian premier. </document>
		<document> that's the truth! #url# </document>
		<document> #user# #user# #user# as mentioned above - most australian states recognize that arresting children aged 10 is generally inappropriate if not actually harmful. professionals want to increase the age of culpability to 14 in most places but political will is hard to foster. it's not their kids 🤷‍♀️ </document>
		<document> #user# for pursuing it all the way to the supreme court? probably... </document>
		<document> #user# poor puddy-tat. they hate that, "bigly"... </document>
		<document> #user# #user# i suspect that she hates most people, full stop. </document>
		<document> #user# #user# i hear the number is closer to 200 </document>
		<document> #user# i thought it was shocking enough that one australian state only decriminalised homosexuality in 1997. they're still paying reparations to those charged and imprisoned recently. </document>
		<document> just as well i'm already feeling conflicted about going to see it then, isn't it?!

#hashtag# #url# </document>
		<document> #user# like mrs mangle (i'm told)? </document>
		<document> #user# ohh - the "big 4"!

had to happen eventually... </document>
		<document> #user# sometimes one* ends up in grubby arguments by accident, though
*i mean, i have </document>
		<document> #user# i doubt that'll be happening anytime soon but i am familiar with the feeling that being in "isolation" will result in a considerable dip in personal fitness... </document>
		<document> #user# the dsm should really get onto removing that from the list of unreasonable phobias, imho </document>
		<document> #user# it doesn't! his opinion on the issue is approximately as relevant as bettina arndt's is on pell or whomever else she values above violated children.

both make my skin crawl. </document>
		<document> #user# *plus they wanted to keep the poor suffering cat alive in the vetinary hospital for weeks 😭 </document>
		<document> #user# #user# p.s. now you all have some idea of how the antipodean christmas feels 🙄😉 </document>
		<document> #user# #user# #user# #user# yeah, there was plenty of weed around back in the 1950s. wish these ppl had a hip uncle to ask </document>
		<document> #user# #user# #user# #user# maybe they've been distracted by evacuating from the incredible inferno but intend to get back to it later, idk
i recall trying to warn people of the possible sequelae should the lnp be reelected under morrison &amp; used this as a potential example though. </document>
		<document> #user# #user# omg! is it wrong to have found that snippet hilarious?!

#hashtag# </document>
		<document> #user# 🤭well now, you wouldn't want to spoil the narrative gleaned from a text some 4 or so k years old, would you? </document>
		<document> #user# #user# indeed! he truly is the suppository of something... </document>
		<document> #user# #user# yes. 25 years after the fact, too. </document>
		<document> #user# 😂ah, yes! one of keating's best observations, iirc </document>
		<document> #user# ahh - my mistake. they're equally tedious, also. </document>
		<document> #user# #user# can be even longer if the person's lost weight. cannabinoids are 1 of very few substances stored in human fat cells. if someone has to suddenly adjust to a starkly lower budget (i.e. loses their job) weight loss can be a knock-on effect </document>
		<document> #user# yes, i know... </document>
		<document> #user# they would all be right, too.
so, capitalism is the fault of it's youngest participants? it's they who demand a lift to school in mum's 4wd &amp; a/c to live through the extreme climate they didn't create?

the excesses of modernity are great and dreadful according to him! </document>
		<document> #user# me either 🙄 </document>
		<document> #user# that she was even allowed out of the hospital/back to uni for an exam within a week is absurd even if it was a straightforward laporascopic procedure! it could easily have opened either a hospital or the college up to a lawsuit. i think your prof is full of 💩 tbh </document>
		<document> #user# yep. also, even though the current govt won't admit that climate science plays a huge hand in the situation, the least they could've done was tackle the situation proportionately rather than showboat around on an endless pr tour. </document>
		<document> #user# i mean, you may enjoy her "singing" voice. i really did not, though. </document>
		<document> #user# yeah, i know. i'm fairly sure that it wasn't produced far beyond the 1960s here (the fda banned it entirely in 1983). while i was checking on that i discovered that it also caused all kinds of bladder &amp; urethral cancers. ugh... </document>
		<document> #user# antivaxxers make my brain hurt. idk how you deal with this on a regular basis, but kudos.

#hashtag# </document>
		<document> #user# doesn't suck so much with the lemon and salt, iirc

mind you i've never been obliterated on it, so... </document>
		<document> #user# we can start throwing climate change denialist politicians on it? idknn#hashtag# </document>
		<document> #user# yes, i think that this is part of their science denial &amp; a shady pr move designed to wait out peak fury.
hope it still backfires tbh
#hashtag#
#hashtag# </document>
		<document> #user# #user# #user# to paraphrase a friend of mine: there are many more measures of personal liberty within a society than being legally able to carry an assault weapon. </document>
		<document> #user# #user# hell no. </document>
		<document> #user# #user# #user# yeah, i know! 😂

"i come from a family of nation builders, you know! of course, we outsourced the actual building to the proletariat but, still! everyone else in the mayo electorate is a 'fake' mayo resident. how dare they not vote for my special girl, a leader by birth!"! 🙄🤭 </document>
		<document> #user# you should've regretted that thought before the end of that sentence, imho! </document>
		<document> #user# fair points... </document>
		<document> #user# the "real truth" about chemtrails, silly! </document>
		<document> #user# #user# #user# #user# i knew he'd always been a god-botherer, not that he had ever sustained an intracranial bleed that had occurred some weeks before any treatment was sought... </document>
		<document> #user# middle ages (14th c iirc)  - the catholic church wanted to save a few bux by forbidding priests to marry, so they made the obviously erroneous claim that mandatory celibacy would render the clergy "closer to god" by sublimating their "baser urges"nworked out so welln#hashtag# </document>
		<document> #user# #user# #user# hmm. has she been ramping it up ever since the gizmodo podcast*, do you think?

*i know that several "unflattering" articles about her were published around the same time, fwiw. </document>
		<document> #user# i'd say yes, definitely unless the t&amp;c reveal that it doesn't allow you any privacy or some shit!

sorry i'm so tired &amp; scatter-brained atm </document>
		<document> #user# i used to be vegan!nni decided i love myself too much for that 😉n#hashtag# </document>
		<document> #user# #user# i saw a series about leaders who shouldn't have been doing their jobs, basically. jfk had uncontrolled addison's disease which gives one a huge sex drive, for example </document>
		<document> #user# #user# well, it pains me to say that you're almost certainly right there... </document>
		<document> #user# #user# i agree. disgusting </document>
		<document> #user# has he got one now?

i'm asking seriously, fwiw. i understand he's no fan of perceived or actual critique. </document>
		<document> #user# #user# evidently i must be too! last night i saw a tweet from a self-described christian who seriously called for "the deaths of all atheists/secularists". i mean, i could still be the monster is that equation, idk? </document>
		<document> #user# erosion of the three tiers of govt and leaping into foolish policy-making on "security"? pretty sure the second ship's already sailed. </document>
		<document> #user# #user# i do love it when people feign concern for those who don't share their belief system, don't you?🙄 </document>
		<document> #user# #user# yes, i've lived on a farm myself. i'm not completely squeamish - but there's a difference between animals meeting their end en masse &amp; singularly, i have to admit. </document>
		<document> #user# fave part: the spurious &amp; unverified claims that muslims are entitled to "extra" welfare #hashtag# </document>
		<document> #user# yeah the website looks nasty.nnalmost as if it's run by ultra-conservative religious people or something.nn#hashtag# </document>
		<document> damned #hashtag# 😅 #url# </document>
		<document> #user# the closer to the pointy end of the competition, the more difficult the choice is (obviously) but damn! </document>
		<document> #user# your mind soon produces interior experiences to annoy you don't worry! </document>
		<document> #user# #user# *had considered going with a 2 but that would include the guy's recent post-lunch naps in parliament </document>
		<document> #user# *by simply making the fact known, is what i meant to say </document>
		<document> #user# i've met nursing students who were so competent i assumed that they were rns </document>
		<document> #user# honey joy. every time.
now i wish i had some to hand!
#hashtag# </document>
		<document> #user# there's not even something online? 🙁 </document>
		<document> #user# #user# #user# could be one near the haddon. who knows? </document>
		<document> #user# oh, i do if i'm watching or reading about something awful that happened to someone else kinda randomly. probs not the same? 🤷‍♀️ </document>
		<document> #user# #user# yeah, i'm all too aware of the push towards the exploitation of workers in all parts of the world &amp; feel that it's not just shitty &amp; greedy but shortsighted from a macroeconomic pov. </document>
		<document> #user# no! maybe i'm not in your precise demographic there, though, lol

#hashtag#
#hashtag# </document>
		<document> #user# #user# yes.

but she claims to "know" that a deity loves her regardless, so idk if i trust her judgement there, do you? </document>
		<document> #user# 😂 only if it's for such "farmers" as barnabye joyce and angus taylor </document>
		<document> #user# well, last time i checked, crushing someone's larynx with one's knee was considered 1st or 2nd degree murder, to be fair 🤷‍♀️ </document>
		<document> #user# years ago, an ex-housemate of mine (with an enormous sense of entitlement) once parked in our private parking bay after having moved.
would you believe the person who regularly parked their car there &amp; was a shift-worker flattened 2 of his tyres? 😏😂
literal💥flew! </document>
		<document> #user# well, do *try* not to die, though!

.

it'd make a lotta people sad &amp; probably be a bit of an inconvenience 🤭
oh, i'm sorry about the last bit i only just took my adhd meds </document>
		<document> #user# #user# christ on a bike! again?! prolific. </document>
		<document> #user# #user# public toilets? what kind of socialist hellhole is that electorate turning in to?!

#hashtag# </document>
		<document> #user# #user# well, i've taken that on board and it is sweet! sorry xd </document>
		<document> #user# hmm. that must be an ethical grey area, if not straight up illegal in nz, i'd have imagined... </document>
		<document> #user# i'll bet you are the "master of time"! 🤪

my mum tends to stay up all night &amp; sleep through the day too, but she is a psych rn who's worked way too much night shift over the past few years. i'll be damned if i start calling her the mistress of time lol </document>
		<document> #user# #user# #user# #user# #user# yeah! so did i... </document>
		<document> #user# #user# #user# #user# i would add that there's plenty of evidence as to alcohol's ill effects on the human body. who drinks more than most? ppl working executive level &amp; higher, generally. they can afford it &amp; plenty of professions expect it. </document>
		<document> #user# #user# p.s. it's not so much about being "smarter" when you're dealing with nicotine. it's so, so addictive. it's unreal to me that tobacco &amp; alcohol companies still have such clout, really... </document>
		<document> #user# it's unconscionable to most, surely?

#hashtag# </document>
		<document> #user# a "threat to national security"? seriously? wtf has this country come to?! </document>
		<document> #user# oh! no?! say it's not the case, please! so they're really only distributed from fernwood women's gyms after all? i mean, i'd heard the rumours but didn't want to believe them. noh, the oppression...🤦‍♀️ #hashtag# #hashtag# #hashtag# </document>
		<document> #user# i found it pretty amusing, tbh! i can do without being accused of misandry, though, so... 😂 </document>
		<document> #user# just let it be, perhaps? it's getting late where you are andey! [assuming of course, that our planet's time zones are accurate &amp; not some dastardly plot invented by nasa. </document>
		<document> #user# #user# #user# #user# #user# #user# #user# yeah, any scheme like that is repellently paternalistic in the 1st instance.
it's also likely a way to funnel yet more $ to the 2%. it's sure not been started out of concern for welfare recipients
#hashtag# </document>
		<document> #user# it's a valid question wrt handbrake usage, i feel! </document>
		<document> #user# if "girl defined" merely ring a bell for you - i say more power to you, darling! spare your mental and psychological health... </document>
		<document> #user# choc brownie ice cream? damn i hope it's nicer than ice cream with cookies in it! </document>
		<document> #user# do you mean "bad queensland" by any chance? 

i understand that! it's currently 9°c at my place...
#hashtag# </document>
		<document> #user# #user# yeah, i have heard of that but i'm fairly sure that it's not predicated on accidental aluminum "consumption" as it were. don't quote me though. it's not as if i've spent my life researching alzheimer's. </document>
		<document> #user# #user# #user# #user# #user# #user# #user# #user# #user# #user# #user# #user# i get the distinct feeling that the way we currently consume things full stop in "1st world nations" is not going to allow ppl to keep living in the manner to which we're accustomed for too much longer, tbh </document>
		<document> #user# yes, that was the case for me too, at least until i moved to the country when my mother remarried.
ironically i know someone with 12 &amp; 10 y/o sons who have been "stranger dangered" so comprehensively at school they refuse to go to the park unattended 🙄 </document>
		<document> #user# #user# #user# definitely a new term for gouging... disgraceful. </document>
		<document> #user# yes. i went to a shopping centre for the first time in over 3 weeks &amp; it struck me as redolent of my dad's stories about living behind the iron curtain.

it's a very sad time for most of us, i suspect. </document>
		<document> #user# maybe they're just too "caring" to manifest themselves near where you grew up?! idk? 🤔😂 </document>
		<document> #user# #user# nope. just my opinion, mind you. </document>
		<document> #user# yeah, i think a lot depends on the particular ward/hospital and the person's state of mind, although locked wards are a great deal worse on average than more relaxed wards, so there's that. i've actually seen a few that are quite tranquil and not oppressive feeling tbh </document>
		<document> oh well, i suppose at least this way the customers won't overwhelm the herd immunity in any specific community this time 🤷‍♀️
#hashtag#
#hashtag#
#url# </document>
		<document> #user# i keep reading that... #url# </document>
		<document> #user# exactly. that (i'm reasonably sure) is why the one i heard about failed within the first year. people want their home or business cleaned properly &amp; without potential for a lawsuit, generally speaking. if someone wants to hire a sex worker to pretend to clean for more $, so what? </document>
		<document> #user# #user# why would the police ever do such a thing?! because some of them, would you believe, are unsuited to their jobs due to either already being or becoming drunk on the power they have over others? </document>
		<document> #user# #user# smirking in the face of the suffering caused by over 9m ha of australia going up in flames? </document>
		<document> #user# oh, there was an agenda and he stuck to it with a monotony i've never witnessed elsewhere. </document>
		<document> wow! those cops must be eagle-eyed geniuses 🤔😂nn#hashtag# #url# </document>
		<document> #user# shit! that's alright then. 14 year olds totes can't be groomed or anything.

#hashtag# </document>
		<document> #user# #user# nothing if not aspirational... </document>
		<document> #user# bingo, you beast 😂🤪 </document>
		<document> #user# well, thank you! </document>
		<document> #user# i *do* keep hearing about this from people i consider nominally sane, so i suspect that there's truth to it.
certainly he/his wife were still running a consortium of childcare businesses last i heard &amp; that's definitely a coi whatever the amount concerned </document>
		<document> #user# i have to admit that i feel the same way. occasionally i have a craving for a bit of tomato sauce (🇦🇺 style is different to ketchup) but not frequently enough to bother keeping any in the house </document>
		<document> #user# wow - i'm thoroughly shook by that news! aren't you? 🙄extreme stress combined with malnutrition will do that to a person, let alone the fact that ppl w/ chronic illnesses now languish on newstart indefinitely, i hear. </document>
		<document> #user# #user# you think that's hard to pick up from around the average primary school classroom? 😳 </document>
		<document> oh, ffs "whinging teachers"? #url# </document>
		<document> #user# #user# oh, i think i know why he included the "waxed balls" part but as i refuse to pay for murdoch/newscorpse i've not seen most of the op ed </document>
		<document> #user# #user# ah! that's not so bad, see. i had imagined you'd be asking for someone to rehabilitate it &amp; love it or something... </document>
		<document> #user# don't doubt it. disgraceful. </document>
		<document> #user# #user# this is legit good advice, tbh. if you like your neurons, anyway 👍 </document>
		<document> #user# i'd ask if you were feeling okay  - but it's obvious that you don't right now... 🤔😪

i'm unbelievably insightful, i know 😉 </document>
		<document> #user# #user# *from disparate epidemiological sources </document>
		<document> #user# yeah, i've had a pretty bad day thus far! hoping it cannot possibly get any worse tbh </document>
		<document> #user# #user# ikr! unfortunately i can't really think of a relative i'd like back from the dead... 🤔 </document>
		<document> #user# #user# omg, seriously? zuma was the south african prez for years. i agree that you should be happy not to have heard of the other 2, obviously! </document>
		<document> #user# #user# well, i know an ex-politician who tabled similar legislation in australia (which was watered down a bit) but personally, i think that educating ppl about undue influence is the best start </document>
		<document> #user# #user# #user# #user# #user# #user# #user# #user# #user# #user# #user# #user# #user# yeah. my mum's family all went to the same anglican schools though. my grandpa didn't "trust god-botherers". actually quit being a 

mason bc he didn't want to have to go to church </document>
		<document> #user# #user# #user# not "the burning issue of the era"? seriously?

this inane parroting of science denial so as to remain ideologically aligned with a foolish &amp; self-serving "leadership" was already acutely embarrassing to many in this country.

that turn of phrase is disgustingly callous. </document>
		<document> sometimes i wonder if there isn't a gas leak of some kind at the sky studios, then i consider the crank magnetism at work in the building
#hashtag#
#hashtag# #url# </document>
		<document> #user# true. </document>
		<document> #user# when i was in hs i used to work at a sleazy "quickemart" style supermarket &amp; there was a horrible entitled old drunk who would rock up (in his merc) just out of reach of the cctv outside.

1 night he technically "assaulted" me but i couldn't be bothered reporting it. boss, otoh.. </document>
		<document> #user# have some tissues nearby </document>
		<document> #user# aahh...

yep. can't do anything about that, sorry! </document>
		<document> #user# #user# it's insane how quickly the lush hotel in the picture burnt down... </document>
		<document> #user# hmm at least fewer would be alive afterwards to feel rightfully ashamed of their own behavior i guess... </document>
		<document> #user# #user# #user# #user# oh, that's disgraceful. they know it goes on &amp; are complicit by 🙈🙉🙊 </document>
		<document> #user# i'd say it beats the heck out of your recent sojourn to the flinders ranges in such unseasonably hot weather... </document>
		<document> #user# noam chomsky is a notable exception, yeah?!? </document>
		<document> #user# #user# … something conclusive.

you could even do a 3-parter and include his cult (of freedom lovers!). that's a pretty juicy tale, unfortunately for those involved. </document>
		<document> #user# well, to quote my mother "they are rodents, you know!"! </document>
		<document> #user# #user# #user# could be! i suspect that he may have been hiding either his light (more likely that of his collaborators) under a bushel somewhere though </document>
		<document> #user# i have to say (&amp; no offence to you obviously!) i'm already sick of hearing about this #hashtag#

i'm gonna assume it doesn't apply to women and carry on as per usual, i think. </document>
		<document> most of the rfs shouldn't be allocated any form of salary for fighting fires full-time for weeks/months on end according to our pm either #url# </document>
		<document> #user# ¹mainly on the fringes of "western buddhism" aka sketchy lamaist "gurus" etc, to be fair. </document>
		<document> #user# indeed! </document>
		<document> #user# #user# the details of that crime were horrific.

denial of the truth like this isn't going to do trans people any favours imo </document>
		<document> #user# could be, could be... 🙄 </document>
	  <Document> ooh, a comment from old Vyle won't retweet!

#Hashtag# #URL# </document>
<document> #user# either that, or he enjoys micromanaging everything that has to do with looking after security.

#Hashtag# </Document>
<document> #user# #user# oh wow. Now that it's proven to be as good as placebo at best in medical applications, why not target insecure women?n#hashtag##hashtag##hashtag# </document>
<document> #user# #user# almost revolutionary, but I guess we could give it a crisp #hashtag# </document>
<document> #user# you are ridiculous sometimes! 🤣

You know they can cause plagues, right*?
*says the stupid Australian bitch who burst into tears after accidentally running over a wild rabbit last week... 🤔 </document>
<document> #user# oh, of course it is! 🙄

damn tweetn'delete 😉

#User# </Document>
<Document> #user# #user# Yes, she (my mother) was embarrassed when she spoke about racism &amp; marginal faith. You use the term "holistic education" very often in the brochures etc. </document>
<document> #user# wow! People care about our national anthem, right? </document>
<document> #user# #user# idk if that really helps you or just seems like semantics.

anyway it is the "hot tip" from the dsm (as my course tells me) </document>
<document> #user# I would assume they accidentally mean Russian upper middle class &amp; Oligarchs out of habit </document>
<document> Well, this is new to me: "Mr. Morrison's ability to connect with people is considered one of his greatest political strengths."
News also for most of those present
#url# </document>
<document> #user# I'm a little stumped trying to imagine what kind of person is actually watching this shit on purpose. </document>
<document> #user# yes. It's meant to tag everyone who has ever used weed (some who haven't) as far as I can tell. </document>
<document> #user# #user# it's an alarmingly transparent &amp; mendacious attitude from the perspective of outsiders (imo).

one can only hope that the current pm of this country does not blindly follow suit as an apologist. 🤞 </document>
<document> #user# this is so sad! I'm sorry. I'm really sorry... </document>
<document> #user# #user# I can't imagine how frustrating it must be for you when this goes over the limit.

the lack of empathy for others amazes me </document>
<document> #user# thought most did. </document>
<document> #user# #user# #user# yes. of course the milieu of incredibly depressing job &amp; Job security bottlenecks are unlikely to help here. </document>
<document> #user# #user# what kind of "man"? I don't know what kind of thing he is. </document>
<Document> #user# #user# #user# Yes, I know. Sickness, as we age (or at any time), is part of the human condition, no matter what some conspiracy-bewildered loons think of "ebil big phara" without looking beyond their own backyard to see how other countries regulate it 🙄 </document>
<Document> #user# #user# #user# #user# #user# #user# #user# #user# #user# Would this be before or after making the insurance claim for flood damage to the "Bibl Archenmuseum"? </document>
<document> #user# sit down, preferably outside in the fresh air, lower your head as close as possible to your knees &amp; inhale deeply and slowly + exhale*. If you're hyperventilating, breathe into a paper bag until it stops.
*Keep eyes closed </document>
<document> #user# It probably won't change, but dementia has made my grandmother less "predictable" than ever - shall we say.

but it would also explain why he now surrounds himself with his family at work. </document>
<document> #user# #user# #user# not even Parker?

I'm really shocked... </document>
<document> maybe he prayed &amp; privately cried for the 13 women while eagerly trying to "look like a regular Aussie guy"?🤔n#hashtag# #url# </document>
<document> no, I don't think it's "too much".on" in this case: #url# </document>
<document> #user# no problem. This guy is not a psychiatrist but he is a professional counselor &amp; has a dead, snappy soh that's kinda sneaking up on it (I think anyway)</document>
<document> #user# #user# #user# good. I hope that this will turn into something positive for the woman and children affected. </document>
<document> #user# So, was "chaos" the legal joke of the time? because I've never heard of it as a crime!

obviously she might have been mentally ill but the photo really doesn't give that impression 😂 </document>
<document> #user# #user# #user# yes. I think you really have to empathize when you're born into a situation like that.
The vast majority of them are good people too. it just becomes all consuming. </document>
<document> #user# I wouldn't rely on that, unfortunately. </document>
<document> #user# if only certain sugar shillings, self-proclaimed "vegan activists/nutrition gurus" would have such an experience😂nsugary soda related to obesity you say? who knows...nn#hashtag# #hashtag# </document>
<document> #user# that idiot somehow misplaced his phone. Would you mind enlightening me as long as it doesn't break twitter tos and/or scar people for life? </document>
<document> #user# ikr! I looked for it last night to tweet but it wasn't available online yet (granted it was just past 7.30 but still). 😂 </document>
<document> #user# I bet! I need new pillows myself I think</document>
<document> #user# oh, as long as the parents' ideology is taken into account, that's fine!^ It's difficult for careful vegan mothers to feed a fetus, let alone raw vegans... n^#hashtag# < /document >
<document> #user# I know... if there were ever 2 foods I didn't want to have anything to do with each other, they chose them. </document>
<document> pauline, you can be right!
Could Greta catch up on her Port Arthur conspiracy theory or stage an NRA official's attempted bribery? no.
#Hashtag# #URL# </document>
<document> well. History clearly shows that we can trust priests to "listen to their conscience" when it comes to covering up crimes or reporting them to the police - no matter how serious... n#hashtag# #hashtag# #url# </ document>
<document> #user# this is a permanent goal in life and, no, for once I'm not being sarcastic </document>
<document> #user# I agree. We already have adequate legislation. People on "weird diets" are a handy scapegoat, aren't they? I would rather see real extremists being "fought down". </document>
<document> #user# #user# #user# #user# #user# #user# #user# #user# oh wow! my mistake then... 🤒

You have a pretty sensitive troll there, don't you?! </document>
<document> #user# #user# #user# must be a little better than that Merro! </document>
<document> #user# not outside of an ED unit, no. </document>
<document> #user# Well, you still fight well, huh?
Am I imagining it or am I recognizing it?
a Soupcon by Gil Scott-Heron
&Amp; a spark of regret?

#hashtag# i know soz </document>
<document> #user# #user# ikr? strange how many of these I've seen in the last few days... </document>
<document> #user# yes. Makes perfect sense. dead &amp; emigrated jews stole their property and imprisoned them for being "bourgeois/sudden traitors" for fighting the nazis during wwii...n#hashtag# </document>
<Document> #user# #user# #user# #user# #user# #user# #user# #user# #user# #user# It takes a very smart upset person to insist on joining a *relaxation group for Women* to join under these circumstances.

I'm so sorry someone has to go through something like this. </document>
<document> #user# you mean in the sense of "basic white girl", don't you? because my pale ass would challenge the other assumption! </document>
<document> #user# #user# I don't know... </document>
<document> #user# #user# indeed! paradoxically less sticky thann continued with the pretense I think </document>
<document> #user# I really hope not... </document>
<Document> #user# #user# #user# Daniel Andrews is the Victorian Prime Minister. </document>
<document> this is the truth! #url# </document>
<document> #user# #user# #user# As mentioned above – most Australian states recognize that detaining children as young as 10 is generally inappropriate, if not harmful. Professionals want to raise the age of criminal responsibility to 14 in most countries, but the political will is difficult to generate. they are not their children 🤷‍♀️ </document>
<document> #user# for taking it to the Supreme Court? probably... </document>
<document> #user# poor Puddy act. they hate the "very"... </document>
<document> #user# #user# I suspect she hates most people, period. </document>
<document> #user# #user# I hear the number is closer to 200 </document>
<document> #user# I found it shocking enough that an Australian state didn't decriminalize homosexuality until 1997. They are still paying reparations to those recently charged and imprisoned. </document>
<document> just as well, I'm already torn as to whether I should look at it, right?!

#Hashtag# #URL# </document>
<document> #user# like mrs mangle (so I was told)? </document>
<document> #user# ohh - the "big 4"!

had to happen sometime... </document>
<document> #user# sometimes you* accidentally end up in sloppy arguments though
*I mean I have </document>
<document> #user# I doubt that will happen any time soon, but I know the feeling that "isolation" will lead to a significant drop in personal fitness... </document>
<document> #user# the dsm should really take action to remove this from the list of unreasonable phobias IMO </document>
<document> #user# does not! his opinion on the subject is about as relevant as bettina arndt's to pell or whoever she is about molested children.

both make my skin tingle. </document>
<document> #user# *plus they wanted to keep the poor suffering cat alive at the vet clinic for weeks 😭 </document>
<document> #user# #user# p.s. now you all have an idea of ​​what antipodean Christmas feels like 🙄😉 </document>
<document> #user# #user# #user# #user# Yes, there was a lot of weed in the 1950s. I wish these people had a hip uncle to ask </document>
<document> #user# #user# #user# #user# Maybe they were distracted by the evacuation from the incredible inferno but intend to come back to it later, idk
I remember trying to warn people about the possible consequences should the lnp run under Morrison &amp; however, used this as a possible example. </document>
<document> #user# #user# oh my god! is it wrong to find this snippet hilarious?!

#Hashtag# </Document>
<document> #user# 🤭Well, you wouldn't want to spoil the narrative, which comes from a text about 4000 years old, would you? </document>
<document> #user# #user# indeed! it really is the suppository of something... </document>
<document> #user# #user# yes. Even 25 years later. </document>
<document> #user# 😂ah, yes! one of Keating's best observations, iirc </document>
<document> #user# ahh - my mistake. they're equally boring, too. </document>
<document> #user# #user# can be even longer if the person picked up. Cannabinoids are one of the few substances that are stored in human fat cells. When someone suddenly adjusts to a significantly reduced budget (i.e. loses their job), weight loss can be a knock-on effect </document>
<document> #user# Yes, I know... </document>
<document> #user# they would all be right too.
So is capitalism to blame for its youngest participants? They demand a ride to school in Mom's 4WD &amp; a/c to survive the extreme climate they didn't create?

In his opinion, the excesses of modernity are great and terrible! </document>
<document> #user# me either 🙄 </document>
<document> #user# that she was even allowed outHospital/back to uni for exam within a week is absurd even if it was a simple laparoscopic procedure! it could easily have opened up either a hospital or the college to a lawsuit. I think your prof is full of 💩 tbh </document>
<document> #user# yes. While the current government won't admit that climate science plays a big role in the situation, they could at least have addressed the situation appropriately instead of blasting off on an endless PR spree. </document>
<document> #user# I mean you can enjoy her "singing" voice. But I really didn't. </document>
<Document> #user# Yes, I know. I'm pretty sure it wasn't produced here well past the 1960's (the FDA banned it entirely in 1983). while checking this i discovered that it also has all kinds of blisters &amp; urethral cancer. uh... </document>
<document> #user# Opponents of vaccination hurt my brain. idk how you deal with it regularly but kudos.

#Hashtag# </Document>
<document> #user# doesn't bother so much with lemon and salt, iirc

Mind you, I was never obliterated on it, so... </document>
<document> #user# can we start throwing climate change denial politicians at it? idknn#hashtag# </document>
<document> #user# Yes, I think this is part of your science denial &amp; A dodgy PR move designed to wait out the climax of anger.
hope it still backfires tbh
#Hashtag#
#Hashtag# </Document>
<document> #user# #user# #user# To paraphrase a friend of mine, there are many more measures of personal liberty within a society than the legal ability to carry an offensive weapon. </document>
<document> #user# #user# Hell no. </document>
<Document> #user# #user# #user# Yes, I know! 😂

“I come from a family of nation builders, you know! Of course we outsourced the actual building to the proletariat, but still! Everyone else in the Mayo electorate is a 'fake' Mayo resident. How dare you not vote for my special? Girl, a leader by birth!"! 🙄🤭 </doc>
<document> #user# you should have regretted that thought before the end of this sentence, imho! </document>
<document> #user# Measurement points... </document>
<document> #user# the "true truth" about chemtrails, fool! </document>
<document> #user# #user# #user# #user# I knew he had always been a God Disruptor, not that he had ever suffered an intracranial hemorrhage that had occurred a few weeks prior to treatment...< /Document>
<document> #user# Medieval (14th c.) - the Catholic Church wanted to save a few boys by forbidding priests to marry, so they made the obviously erroneous claim that celibacy would "closer the clergy" through sublimation God" do their "lower urges" worked so welln#hashtag# </document>
<document> #user# #user# #user# hmm. has she ramped it up since the gizmodo podcast* you think?

*I know several "unflattering" articles were published about her around the same time, fwiw. </document>
<document> #user# I'd say yes, definitely, unless the terms of service show that they don't allow you privacy or any shit!

Sorry I'm so tired &amp; scattered atm </document>
<document> #user# I used to be vegan!nni decided I love myself too much for it 😉n#hashtag# </document>
<document> #user# #user# I watched a series about executives who basically shouldn't have been doing their jobs. For example, jfk had uncontrolled Addison's disease, which gives you an enormous sex drive, </document>
<document> #user# #user# Well, it pains me to say that you're almost certainly right... </document>
<Document> #user# #user# I agree. disgusting</document>
<document> #user# does he have one now?

I'm seriously asking fwiw. I understand that he is not a fan of supposed or actual criticism. </document>
<document> #user# #user# obviously I have to be too! Last night I saw a tweet from a self-proclaimed Christian earnestly calling for "the death of all atheists/secularists." I mean I could still be the monstert equation, idk? </document>
<document> #user# Erosion of the three tiers of government and leap into foolish security policymaking? I'm pretty sure the second ship has already left. </document>
<document> #user# #user# I love it when people feign concern about those who don't share their belief system, don't I?🙄 </document>
<document> #user# #user# Yes, I lived on a farm myself. I'm not exactly squeamish - but there is a difference between animals dying en masse &amp; unique I have to admit. </document>
<document> #user# Favorite part: the wrong &amp; unverified claims that Muslims are entitled to "additional" welfare #hashtag# </document>
<document> #user# Yes, the website looks nasty
<document> damn #hashtag# 😅 #url# </document>
<document> #user# The closer you get to the sharp end of the competition, the harder the choice (obviously), but damn it! </document>
<document> #user# Your mind will soon produce indoor experiences that annoy you, don't worry! </document>
<document> #user# #user# *was considering going with a 2, but that would include the guy's last naps after lunch in Parliament</document>
<document> #user# *by simply stating the fact, I meant to say </document>
<document> #user# I have met nursing students who were so competent I assumed they were rns </document>
<Document> #user# Treasure joy. every time.
Now I wish I had some on hand!
#Hashtag# </Document>
<document> #user# there isn't even anything online? 🙁 </document>
<Document> #user# #user# #user# could be someone close to Haddon. Who knows? </document>
<document> #user# oh, I do that when I see or read something horrible that happened to someone else randomly. try not the same? 🤷‍♀️ </document>
<document> #user# #user# Yes, I am all too aware of the push for labor exploitation in all parts of the world &amp; feel it's not just crappy &amp; greedy but short-sighted from a macro perspective. </document>
<document> #user# no! maybe i'm not in your exact demographic though lol

#Hashtag#
#Hashtag# </Document>
<document> #user# #user# yes.

but she claims to "know" that a deity loves her anyway, so idk if I trust her judgment there right? </document>
<document> #user# 😂 only if it's for such "farmers" as barnabye joyce and angus taylor </document>
<document> #user# Well, last time I checked, crushing someone's larynx with your knee was considered first or second degree murder, to be fair 🤷‍♀️ </document>
<document> #user# Years ago, a former roommate of mine (with an enormous sense of entitlement) parked in our private parking bay after moving.
would you believe the person who regularly parked their car there &amp; Has a shift worker had 2 of his tires flattened? 😏😂
literally💥 flown! </document>
<document> #user# well, but *try* not to die!

.

it would make a lot of people sad &amp; probably a bit awkward 🤭
oh sorry about that last bit, just got off my adhd meds </document>
<document> #user# #user# christ on the bike! once again?! productive. </document>
<document> #user# #user# public toilets? What kind of socialist hellhole is this electorate turning into?!

#Hashtag# </Document>
<document> #user# #user# well I took that to heart and it's cute! sorry xd </document>
<document> #user# hmm. this must be an ethical gray area, if not illegal in nz i would have imagined... </document>
<document> #user# I bet you are the "Master of Time"! 🤪

My mom tends to stay up all night &amp; sleep through the day too, but she's a psychologist who's been working far too many night shifts in recent years. I'll be damned if I start calling her the mistress of time lol </document>
<document> #user# #user# #user# #user# #user# yeah! me too... </document>
<document> #user# #user# #user# #user# I would add that there are manyEvidence of the negative effects of alcohol on the human body. Who drinks more than most? People work at management level &amp; generally higher. they can afford &amp; Many professions expect it. </document>
<document> #user# #user# p.s. It's not so much about being "smarter" when it comes to nicotine. it's so addicting. it is unreal to me that tobacco &amp; Alcohol companies still have such an impact, really... </document>
<document> #user# Surely that's unscrupulous for most people?

#Hashtag# </Document>
<document> #user# a “national security threat”? seriously? wtf did this country come?! </document>
<document> #user# oh! NO?! Say it's not the case, please! so they are really only distributed by fernwood women's studios? I mean, I heard the rumors but didn't want to believe them. no, the oppression...🤦‍♀️ #hashtag# #hashtag# #hashtag# </document>
<document> #user# I found it quite amusing tbh! but I can do without the accusation of misandry, so... 😂 </document>
<document> #user# maybe just leave it like that? where you are, andey, it's getting late! [provided of course that our planet's time zones are correct &amp; not some insidious conspiracy invented by NASA. </document>
<Document> #user# #user# #user# #user# #user# #user# #user# Yes, any scheme like this is repulsively paternalistic in the first place.
It's also probably a way to channel even more $ towards the 2%. it certainly wasn't started out of concern for welfare recipients
#Hashtag# </Document>
<document> #user# It's a valid question about using the handbrake I think! </document>
<document> #user# if "girl defines" just ring a bell for you - I'm telling you more power darling! take care of your mental and emotional health... </document>
<Document> #user# Chocolate Brownie Ice Cream? Damn, I hope it's nicer than ice cream with cookies! </document>
<document> #user# do you happen to mean "bad queensland"?

I understand that! it's 9°c for me right now...
#Hashtag# </Document>
<document> #user# #user# Yes, I've heard of it, but I'm pretty sure it's not due to accidental "consumption" of aluminum. but don't quote me. It's not like I've spent my life researching Alzheimer's. </document>
<document> #user# #user# #user# #user# #user# #user# #user# #user# #user# #user# #user# #user# i have a clear feeling of how we are currently consuming Der point in the "1st world nations" won't allow people to live the way we're used to for too much longer tbh </document>
<document> #user# yes, that was the case for me too, at least until I moved to the country when my mother remarried.
ironically I know someone who is 12 &amp; 10-year-old sons who were so extensively "threatening by strangers" at school that they refuse to go to the park unsupervised 🙄 </document>
<document> #user# #user# #user# definitely a new term for gouging... shameful. </document>
<document> #user# yes. Visited a mall &amp; it reminded me of my father's stories about life behind the Iron Curtain.

It's a very sad time for most of us, I suppose. </document>
<document> #user# maybe they're just too "caring" to manifest near where you grew up?! idk? 🤔😂 </document>
<document> #user# #user# no. just my opinion, mind you. </document>
<document> #user# Yes, I think it depends a lot on the specific ward/hospital and the state of mind of the person, although closed wards are on average much worse than more relaxed wards, so there is. I've actually seen a few who are fairly calm and not feeling oppressive, tbh </document>
<document> well I suppose at least this time the customers won't overwhelm the herd immunity in a certain community 🤷‍♀️
#Hashtag#
#Hashtag#
#url# </document>
<document> #user# I'll keep reading this... #url# </document>
<document> #user# exactly. that's (I'm pretty sure) the reason I heard about itfailed within the first year. People want their home or business to be properly cleaned &amp; with no potential for a lawsuit, generally. if someone wants to hire a sex worker pretending to clean for more $, so what? </document>
<document> #user# #user# why would the police ever do such a thing?! because some of them would you think are unfit for their jobs because they are either already drunk or getting drunk with the power they have over others? </document>
<document> #user# #user# Smirk at the suffering caused by more than 9 million hectares of Australia going up in flames? </document>
<document> #user# oh, there was an agenda and he stuck to it with a monotony I've never experienced anywhere else. </document>
<document> wow! These cops must be geniuses with eagle eyes 🤔😂nn#hashtag# #url# </document>
<document> #user# Shit! that's ok then. Tote bags for 14 year olds can't be maintained or anything.

#Hashtag# </Document>
<document> #user# #user# nothing if not ambitious... </document>
<document> #user# Bingo you beast 😂🤪 </document>
<document> #user# good, thanks! </document>
<document> #user# I *hear* this all the time from people I consider sane, so I guess there's something to it.
surely he/his wife was still leading a consortium of childcare companies when I last heard &amp; this is definitely a coi no matter the amount </document>
<document> #user# I have to admit that I feel the same way. every now and then i'm hungry for some tomato sauce (🇦🇺 style is different than ketchup), but not often enough to bother to have some around the house </document>
<document> #user# Wow - I was deeply shocked by this news! you are not? 🙄Extreme stress combined with malnutrition will do that to a person, not to mention the fact that people with chronic illnesses are now pining for new beginnings indefinitely, I hear. </document>
<document> #user# #user# You think that's hard to understand in the average elementary school classroom? 😳 </document>
<document> oh, ffs "whining teachers"? #url# </document>
<document> #user# #user# oh I think I know why he included the "waxed balls" part but since I refuse to pay for Murdoch/Newscorpse I didn't see most of the comments </document>
<document> #user# #user# Ah! that's not so bad, you see. I had imagined that you would ask for someone to rehabilitate &amp; love it either way... </document>
<document> #user# don't doubt it. shameful. </document>
<document> #user# #user# that's really good advice tbh. if you still like your neurons 👍 </document>
<document> #user# I'd ask if you're okay - but it's obvious you're not right now... 🤔😪

I'm incredibly insightful, I know 😉 </document>
<document> #user# #user# *from different epidemiological sources </document>
<document> #user# Yes, I've had a pretty bad day so far! I hope it can't possibly get any worse, tbh </document>
<document> #user# #user# ikr! unfortunately I can't really think of a relative I would like to have back from the dead... 🤔 </document>
<document> #user# #user# omg seriously? Zuma was the South African Prez for years. I agree that of course you should be glad you haven't heard from the other 2! </document>
<document> #user# #user# Well, I know an ex-politician who introduced similar legislation in Australia (which has been watered down a bit), but personally I think educating the public about undue influence is the best place to start </document>
<document> #user# #user# #user# #user# #user# #user# #user# #user# #user# #user# #user# #user# #user# yes. However, my mother's family all went to the same Anglican schools. My grandfather didn't trust "God disturbers". actually cease to be one

Maurer because he didn't want to go to church </document>
<document> #user# #user# #user# not "the burning issue of the era"? seriously?

this silly parroting of science denial to ideologically associate with a foolish &amp; selfish “leadership” was already acutely embarrassing for many in this country.

the tUrn of the phrase is disgustingly callous. </document>
<document> Sometimes I wonder if there is some kind of gas leak in the sky studios, then I look at the crank magnetism at work in the building
#Hashtag#
#Hashtag# #URL# </document>
<document> #user# true. </document>
<document> #user# when i was in hs i worked in a seedy "quickemart" style supermarket &amp; There was a horrible possessed old drunk rocking up (in his mercenary) just out of range of CCTV outside.

1 night he technically "attacked" me but I didn't feel like reporting it. Boss, otoh.. </document>
<document> #user# has tissues nearby </document>
<document> #user# aahh...

Yes. can't help it, sorry! </document>
<document> #user# #user# it's insane how quickly the lavish hotel in the picture burned down... </document>
<document> #user# hmm, at least fewer people would live after that to be rightfully ashamed of their own behavior I think... </document>
<document> #user# #user# #user# #user# oh that's a shame. they know it's going on &amp; are complicit in 🙈🙉🙊 </document>
<document> #user# I'd say beats your recent visit to the Flinders Ranges in unseasonably hot weather... </document>
<document> #user# noam chomsky is a notable exception, yes?!? </document>
<document> #user# #user# … something conclusive.

You could even do a three-parter and include his cult (the freedom lovers!). That's a pretty juicy story, unfortunately for those involved. </document>
<document> #user# Well, to quote my mother, "They're rodents, you know!"! </document>
<document> #user# #user# #user# could be! However, I suspect that he hid his light (rather that of his staff) somewhere under a bushel </document>
<document> #user# I have to say (&amp; don't offend you of course!) I'm already sick of hearing about that #hashtag#

I'll assume it doesn't apply to women and carry on as usual I guess. </document>
<document> Most RFS should not be paid weeks/months full-time firefighting salary according to our pm either #url# </document>
<document> #user# ¹mainly on the fringes of "Western Buddhism" aka sketchy Lamaist "gurus" etc to be fair. </document>
<document> #user# indeed! </document>
<Document> #user# #user# the details of this crime were appalling.

Denying the truth like this is not going to do trans people any favors imo</document>
<document> #user# could be, could be... 🙄 </document>