 
	<document> #user# might as well adopt laws from muslim countries. cover your hair, wear a frickin tent, don’t leave the house unaccompanied by a man, etc. get a grip! </document>
		<document> well that's a load of crap. i'm sure he's really popular among the refugees. #hashtag# #user# #user# </document>
		<document> #user# omg! that’s fantastic news! i was worried about her. the one i had might have had internal injuries. that might have been the reason it didn’t make it. it was rescued from a cat. so glad to hear artemis is doing good!! </document>
		<document> #user# #user# #user# #user# #user# #user# i notice you totally ignore these questions about your math: #url# </document>
		<document> #user# #user# #user# #user# exactly. the gop is just the party of “no”. that’s not bipartisanship. also listen to the people! we’re finally going in the right direction for what’s best for americans and the planet. why would we want to change course? </document>
		<document> #user# ... and that the mrna gets destroyed by enzymes once it does its job. but was hoping there was more we could do to combat that fear of the unknown. </document>
		<document> #user# #user# #user# #user# #user# exactly! they even bash college educated people. first it was “liberal elites”. now they’re communists. the message: education=bad  they need to keep their constituency dumb. </document>
		<document> cdc releases new mask guidelines for fully-vaccinated individuals #url# </document>
		<document> because only atheists would murder apostates to hold a caliphate? #hashtag# #user# #user# #user# </document>
		<document> #user# #user# #user# they pass on the antibodies to the baby. it’s not experimental at this point. it benefits the mother and child. </document>
		<document> #user# #user# i always wondered what some religions had against fantasy. now it makes more sense. </document>
		<document> the dead grass in the old abandoned vegetable garden is coming in handy for his nest. he still hasn’t shown interest in it. hoping this will entice him. #url# </document>
		<document> #user# #user# #user# #user# #user# they sure enhance the culture, tho. </document>
		<document> #user# i’m in the same state and 2 hours away. she wants someone to “come in” and help her with the site. i sense trust issues. i suggested zoom calls where we share the screen and i offered references and reviews. we’ll see. </document>
		<document> #user# #user# oh i see... 1:30 pt #url# </document>
		<document> #user# #user# loved that film! "never let them see you coming." </document>
		<document> #user# did you not listen to him? there’s nothing wrong with learning and understanding opposing views. that’s the point. that’s not soft or woke. + have you seen his record? </document>
		<document> moderate muslims? oh the horror! #hashtag# #user# </document>
		<document> easy to think about food a lot when you're counting calories. #url# </document>
		<document> #user# #user# #user# #user# #user# #user# #user# obama stopped funding to private prisons and trump reversed that course. now building more to house undocumented immigrants since families fleeing violence are such a threat. #hashtag# </document>
		<document> #user# i tried to retrieve data once when it glitched for half a day and it was impossible. it usually works fine, tho. occasionally sleep data is lost if i sleep on it just right. </document>
		<document> a religious test for refugees. gee, we didn't so that in wwii. wonder why. #hashtag# #user# #user# #user# #user# </document>
		<document> #user# right?! not every day where you get killed in your dreams. </document>
		<document> #hashtag# “#user#: #user# #user# #user# ahem... your climate change terrorist co-conspirators... #url#” </document>
		<document> such a terrorist! #hashtag# #user#  #url# </document>
		<document> i’ll check in periodically while exploring the city. gotta hit the voodoo shops today. #url# </document>
		<document> #user# it hasn’t been bad at all except we’re under a tornado watch. i slept like a baby. #url# </document>
		<document> omg! this is hilarious!! kissing hank’s ass.
this is how religion sounds to those of us who don’t subscribe. #url# </document>
		<document> the question of whether mrna vaccines alter your dna is addressed at 3:00. short answer: no! but this explains why not. 
#url# </document>
		<document> the site of the infamous lalaurie house which was burned down so this is not it. psyche. #hashtag# #hashtag# #url# </document>
		<document> biden to putin: nice pipelines ya got there. shame if something happened to them. (essentially) </document>
		<document> skeksis deux (mourning dove) seems smarter than skeksis 1 (ground dove). she seems to get that the cats can’t get to her. #url# </document>
		<document> trump supporter tells me i’m brainwashed. right. all news sites, congress and judges are in on a conspiracy. #hashtag# #url# </document>
		<document> #user# needs to get out of the fkn way!! enough of your stubborn pride. you’re endangering children! #url# </document>
		<document> i’m on the naughty list because i’m so excited for the time to get it off my life and then i can take a shower lol #url# </document>
		<document> #user# omg! how utterly insensitive and cruel. i’m sorry. </document>
		<document> a friend’s three year old grandson had to be hospitalized with covid because his fever was causing seizures. </document>
		<document> #user# this needs to have thinner straps over the shoulders and/or racer back, but still thin. i live in florida. we wear tank tops and tops that aren’t wide enough at the shoulder to cover this. </document>
		<document> 226 out of 2.35 billion isn’t even enough to assume any causation at all!! </document>
		<document> #user# thanks! </document>
		<document> arrogant, hateful megalomaniac. just what we need as commander of chief of the world's most powerful military. #hashtag#  #user# </document>
		<document> #user# good one! </document>
		<document> #user# #user# he sounds like a child. </document>
		<document> #user# eeeuw. worms are my phobia </document>
		<document> #user# #user# we can’t let the gop bury this tho. they already trying to rewrite history saying he was a great ag. </document>
		<document> #user# yeah, i think so. i think new orleans has been on my mind a lot, and the aftermath of a hurricane, the dangers and crime that come along with desperation. then after i had that dream i learned of someone shot while getting gas in nola. </document>
		<document> #user# #user# #user# #user# great... now we've left the realm of science and are full into religious nonsense. bleh. next. </document>
		<document> #user# it’s from a bollywood film, i think. bajirao mastani, maybe? </document>
		<document> #user# #user# #user# #user# sinema and manchin aren’t playing with the team, so they don’t have a majority. </document>
		<document> #user# funny, it does look like that, but it's actually the reflection on his beak. </document>
		<document> or that black people matter? shocking! #hashtag# #user# #user# </document>
		<document> i keep seeing people claim democrats are morally bankrupt while republicans keep spreading lies that endanger lives #url# </document>
		<document> #user# thank you! artwork by #user#. i love it! </document>
		<document> when people believe absurdities because it conflicts with their religious scripture: #url# </document>
		<document> #user# #user# #user# #user# true women’s rights warriors in every way. huge respect! </document>
		<document> #user# #user# #user# #user# ya. it was a joint venture of pfizer/biontech. it’s the same vaccine. </document>
		<document> #user# #user# but 4 people lost in benghazi was a scandal. 79? mission accomplished? </document>
		<document> #user# #user# bad empathy? i guess if it harms innocent people it’s bad. </document>
		<document> giving instructions over the phone is always a bad idea for both client and contractor. things get lost, forgotten and there’s no paper trail. it’s also disrespectful to someone’s time. </document>
		<document> #user# isn't that what pets are for? i kiss my fur baby's head a lot... along with pets. </document>
		<document> i like al franken, but no, we don't need gillibrand primaried. let's not devour eachother. </document>
		<document> #user# #user# any first date at a panera is bound to bomb. </document>
		<document> #user# religious drivel... yeah, that will save us from covid. cheezus! get a grip! back to reality! </document>
		<document> re accusations that machines switched from trump to biden: “it’s a counting machine, and they save everything that was counted. so you just reconcile the two. there had been no discrepancy reported anywhere, and i’m still not aware of any discrepancy.” #url# </document>
		<document> and of course the rehabber they referred me to is not answering the phone. </document>
		<document> #user# omg... can i get the last 10 minutes back after diving down that rabbit hole? </document>
		<document> #user# #user# #user# #user# #user# i think you’re right. right up there with “fake news.” i just find it amusing that someone who can’t form a complete sentence is making a statement about intelligence in the attempt to do so. </document>
		<document> #user# then they took another wealth management logo and branding that had been gold and black, changed it to some gaud awful typeface within primary red and yellow. oh hell no! </document>
		<document> #user# thanks! will do. ❤️ </document>
		<document> #user# #user# #user# #user# right... it's not like we rely on prayer to heal the sick. oh wait, only after we bring them to the doctor. 🙄 </document>
		<document> so black people are just too stupid. no racism there. #hashtag# #user#  #url# </document>
		<document> #user# ok… i wasn’t sure if low potassium could affect heart rate and i read it can. so idk. so far so good. a plantain could get me about there. goodnight! #url# </document>
		<document> #user# #user# #user# #user# #user# you weren’t minding your own business while calling climate crisis a hoax, or telling a young girl she bores you. why are you here? take your own advice and mind your own business. </document>
		<document> just when you think you can't love this guy even more. #url# </document>
		<document> when a typo in a client's project includes "sex" instead of "size." wups. freudian slip on my part? #url# </document>
		<document> #user# i'm having trouble finding much about homing instincts in mourning doves, but they are in the same genus as rock doves who do have that instinct. is that what you had? </document>
		<document> #user# except their choice is perpetuating a pandemic and straining the healthcare system which affects a lot of people, even people who need life saving measures not related to covid. </document>
		<document> #user# #user# they had the opportunity. tons of places to get it. if they refused to get vaccinated it’s on them. </document>
		<document> #user# #user# he’s exactly what dems want? is that why he goes against what the rest of the dems are pushing for? that makes no sense. no, he’s from a conservative state. that’s why. </document>
		<document> so my friend’s friend, the antivax dumbass who got covid, had a stroke. now he regrets not getting the vaccine. sorry to sound judgemental but holy fuck! get vaxed! #hashtag# #hashtag# #url# </document>
		<document> this is what got him fired? #url# </document>
		<document> and once someone is muslim they can be killed if they try to leave islam? sign me up! #hashtag# #user# #user# </document>
		<document> #user# #user# yeah, that's pretty much this guy. you can't reason someone out of a position they didn't reason themselves into. not worth the fight. just pay me. i don't care. </document>
		<document> #user# #user# that’s a good question. florida legislature passed a law and #hashtag# signed it that prohibits businesses from requiring proof of vaccination. but does that apply to cruise ships? will they sue next? or move? </document>
		<document> #user# #user# #user# you know you can spread it to others even if you’re asymptomatic, right? and the next person may not be as luck as you. meanwhile hospitals are running o it of icu beds. this affects everyone who may need one. even your neighbor battling cancer. but what do you care, right? </document>
		<document> #user# oh yeah, this is hillary's and democrats' fault. #hashtag# #url# </document>
		<document> #user# fb is bad about stuff like that. they lead people down those rabbit holes. </document>
		<document> #user# #user# except it puts a strain on the hospital system, you’re giving the virus safe haven to propagate, and you then are a risk of spreading it to others. </document>
		<document> #user# #user# yeah, cuz of vaccines </document>
		<document> #user# #user# there are more efforts underway too. some we don’t hear much of. like in florida three ballot initiative petitions going around to expand voter rights. we need about 800k each by eoy to get on the ballot next year. it bypasses legislature. </document>
		<document> #user# they don't? have you checked with the health dept in your area? or hospitals? </document>
		<document> .#user#, our democratic majority senate leader. #url# </document>
		<document> #user# #user# #user# #user# #user# #user# #user# #user# #user# #user# #user# #user# #user# #user# #user# #user# #user# #user# #user# #user# #user# #user# #user# #user# #user# #user# #user# #user# #user# #user# sometimes it helps to step away from it and reset the brain. find some inspiration somewhere, maybe. have a drink or 5. </document>
		<document> #user# #user# #user# i’m a freelance graphic designer at $50/hr and that’s cheap. did the corporate thing. did the ad agency thing. now their my clients and i am free. and i love it. i’ll never go work for a salary again. not worth it. </document>
		<document> #user# #user# oh, and he's running for us house of representatives. he's currently in the florida state house. </document>
		<document> #user# i do too, and i lost with it before too, but have you ever watched the nutrient intake aside from the calories? i swear most people must be potassium deficient. </document>
		<document> found a replacement for my delft blue mug that was cracked and the glued-on handle finally fell off. exact same maker! off ebay, of course. #url# </document>
		<document> #user# #user# have you seen the latest cdc docs? a vaccinated person can transmit #hashtag# as easy as an unvaccinated person. thing is the latter is way more likely to get sick. like 25:1. </document>
		<document> this a fb post so this may not come thru. but this is for you. yeah, you in the back. good morning #url# </document>
		<document> #user# oh, you're just kissing ass to score political points. spare me. </document>
		<document> #user# call for his resignation. where is the line drawn? unwanted touching but not death threats? this is not acceptable!! </document>
		<document> she likes to perch here anyway so when the tree grows she’ll have more perching real estate. #url# </document>
		<document> #user# #user# the gop thrives on fear, especially fear of the unknown. those fears need to be addressed and squashed with facts. </document>
		<document> wow! i have one friend who voted for trump and won’t discuss any social issue with me cuz it’s “politics”. we just found something we both agree on. we both love zelensky. 😜 </document>
		<document> #user# i thought conservatives were supposed to be pro-life. #hashtag# i’m so sorry you had to endure that! you deserve better! hug!! #url# </document>
		<document> woke up early am hearing something fall and crash, like the sound of something ceramic shattering. damn cats. i got up and looked around the entire house looking for it. i couldn’t find anything! did i dream it? </document>
		<document> .#user# it’s come to my understanding that #user# sponsors the #user# show. he called our top general a stupid pig. are you ok with this? </document>
		<document> #user# you of all people has every right to be negative and angry. but you always seem to have a sense of humor regardless. 🤣 </document>
		<document> #user# that’s the age where daddy becomes the favorite. lap it up. enjoy! </document>
		<document> dr. joseph ladapo of “america’s frontline doctors” (the hcq/sex w demons cause ovarian cysts group) is now florida’s surgeon general | science-based medicine #url# </document>
		<document> #user# #user# yup and in some states that also means you lose your right to vote. </document>
		<document> #user# #user# #user# what? you mean exhaling when you're infected could actually infect others? you don't say. #url# </document>
		<document> #user# #user# #user# it was more than that. he as defending us all against the president’s desire to commit atrocities through the military. </document>
		<document> the non-law-abiding citizens celebrated as well. you have blood on your hands once again. #url# </document>
		<document> #user# thanks. i was just listening to that but i can’t listen right now. room full of people. </document>
		<document> #user# #user# right! goosebumps. that kid will forever feel that connection with the ocean and his dad at the same time. </document>
		<document> #user# but why did they have to use a pic of burning man? good points tho </document>
		<document> #user# #user# #user# #user# #user# #user# #user# #user# #user# #user# #user# oh yeah, i can see she draws from scientific sources 🤦‍♀️ #hashtag# </document>
		<document> #user# crazy. otherwise normal good people. </document>
		<document> #user# … and you have to fire them, would they be subject to eviction laws? or where is that line? </document>
		<document> #user# idk… dogs tend to be nice to creatures that feed them. </document>
		<document> #user# #user# i think she was being sarcastic. i missed that at first. hard to tell sometimes. </document>
		<document> #user# i’m about to go to dragon boat practice and i’m hoping i can get that intense bar up! lol </document>
		<document> #user# …i mailed in 14 pages of an application to legally keep wild doves. </document>
		<document> such sweet pious christians, not hateful, they just want this for me #hashtag#  #url# </document>
		<document> #user# #user# it’s the old adage of “your right to swing your arms stops at the end of my nose.” they don’t have the right to put my child’s health at risk. and they cite so much debunked propaganda. they think masks make you sick or don’t work. ugh </document>
		<document> #user# #user# #user# mccarthy, #user# is the speaker of the house. she happens to be a democrat. stop being so damn partisan. you continue to be divisive and sound like you’re trying to cover up the crime. </document>
		<document> #user# oh yeah... she climbed in there on her own. thing is she also likes to be on my hands while i work, and that’s a problem. 😜 </document>
		<document> squirrel says what? #url# </document>
		<document> this is so wrong. if you're vaccinated you have about 94% less chance of getting infected so you're not giving the virus an environment in which to reproduce and subsequently mutate. it gets fought off by your immune system. not giving it a petre dish to thrive. #url# </document>
		<document> wait, that's schumer? #url# </document>
		<document> when it's the end of the day right before going on vacation, and the vendor says they're sending their estimate "right now". #url# </document>
		<document> what a way to support dallas cops. i'm sure they would love that! #hashtag# #url# </document>
		<document> wait. overthrow the duly elected potus? you mean what republicans tried to do with biden, right? #url# </document>
		<document> cuddle on mommy time #url# </document>
		<document> #user# #user# another thing is these victims are also eligible for fema assistance. no need to live out of a car. </document>
		<document> 20+ year client "dimensions are 30" wide by 72" long"... for an 8 ft long table. width means left to right, people!!! </document>
		<document> ok, i got one design up on cafepress so far. drum roll please... #url# buttons, magnets and shirts! i can add more products if anyone wants anything different. i'll add more designs in subsections of this shop. 1 so far. #hashtag# </document>
		<document> #user# #user# #user# #user# #user# #user# #user# ya think? all scientists around the world are all in on the conspiracy. but not the religious folks who don’t do the science. they’re woke. 😂 #hashtag# </document>
		<document> #user# #user# #user# all i heard them talk about was the political score… who supported it and who didn’t. not what was in it. </document>
		<document> #user# of all the pain and suffering of the last year, only this is bringing me to tears. </document>
		<document> #user# oh ffs </document>
		<document> #user# those don’t have to be mutually exclusive ya know </document>
		<document> #user# yes i did this morning. also posted on several local groups. no luck yet. </document>
		<document> "we believe he wasn't born that way" well, as long as you believe, it must be true. #hashtag# #hashtag# #hashtag# #user# </document>
		<document> #user# #user# #user# #user# yeah, the devil’s in the details. kenneth griffin, ceo of citadel is a top donor for desantis, not that citadel is the 2nd largest stake holder in regeneron. but they do hold $15.9 m in regeneron stock. but they also hold stock in pfizer and moderna. #url# </document>
		<document> #user# oh you’re too kind. no worries. i got plenty of material. thank you, tho. </document>
		<document> #user# #user# #user# #user# #user# #user# #user# sounds like vermont. that’s the highest vaccinated state in the us. </document>
		<document> i'm gonna need a drink after this day. </document>
		<document> #user# wow! wow! wow! what an absolutely beautiful moment between father and son. right into the tube too!! ❤️❤️❤️ that boy will love the ocean forever!! </document>
		<document> #user# #user# wait, you mean there are other countries out there? </document>
		<document> #user# that doesn't look real. </document>
		<document> #user# so they’re going for the hitler youth approach already. </document>
		<document> #user# #user# #user# tons of video evidence and that numbskull actually denies it happened. bizarro! </document>
		<document> #user# #user# #user# but covid is what? from god? have you seen or read any of the stories coming out of india? cremations of human remains are so extensive that it forms clouds over cities. and you think vaccines are evil? </document>
		<document> #user# #user# #user# i agree, ignoring the problem doesn’t make it go away. msm isn’t addressing the problem. just keeping score. </document>
		<document> and the saved 200k yazidis! some terrorist group. :-/ #hashtag# #user# </document>
		<document> #user# #user# #user# problem is she has 2.8 m followers. she has an audience so ignoring her doesn’t make the problem go away. </document>
		<document> #user# #user# #user# #user# #user# so the uf would lose those professors? they would have to quit? </document>
		<document> and all the attackers ended up dead or captured. bright ones. such military prowess. #hashtag# #user# #user# #user# </document>
		<document> #user# from what i read about mourning doves, the males bring her the twigs and she rearranges them. remember there are entire separate orders of birds. their behaviors vary tremendously. </document>
		<document> #user# #user# #user# #user# #user# it’s just the classic dutch upright bike, step-through, with skirt guard and chain guard and a rack on the back. it literally translates to granny bike. the design hasn’t changed much in 100 years. traditionally single gear and foot brake. #url# </document>
		<document> #user# #user# my son lives in gainesville and he's part of the lgtbq community. i just sent him a text. if he's game, road trip. </document>
		<document> by his definition of socialism i guess we should eliminate the military too. #hashtag# #user# #user# #user# </document>
		<document> #user# #user# funny how the same elected officials who want to know about this voted against an independent investigation of jan6. </document>
		<document> #user# #user# #user# #user# umm strawman much? no one is suggesting this. </document>
		<document> #user# i use the amazon halo. other fitness trackers do it too, but this one is under $100. and before you ask, the data is completely stored on your phone. you can’t download it off a cloud or site. so no privacy issues. </document>
		<document> #user# they didn’t denounce it. the read it out and pointed out flaws and hypocrisy. that’s just truth. </document>
		<document> over 90% of adventhealth’s hospitalized covid-19 patients are unvaccinated, said dr. victor herrera, chief medical officer of adventhealth orlando. #url# </document>
		<document> #user# q. in fl, if you hire someone to stay at a b&amp;b while guests are there, to maintain grounds and assist guests, if it reaches a point where they’re there all the time, would they be tenants? if they don’t work out &amp; u have to fire them, are they subject to eviction laws? </document>
		<document> #user# oh! good idea! </document>
		<document> #user# yeah, the testing shortage is why i’ve been putting off looking for one but i have a lead and a weekend coming up. i’d like to know if i should continue isolating or if this is just a cold. </document>
		<document> #user# #user# #user# sounds to me like they just want women out of politics. if you have kids you wouldn’t have time for it. but if you don’t you can’t be trusted. there’s some deep twisted misogyny here. </document>
		<document> #user# oh crap! that suck big ones! i'm so sorry! </document>
		<document> #user# no self-described “pro-life” governor should be willing to endanger the lives of children to avoid mild inconveniences (e.g., wearing a mask). </document>
		<document> #user# #user# #user# oh wait! can we drop the idea in qanon feeds that this is already happening? that’ll make ‘em never go outside again. they’ll believe anything. </document>
		<document> gawd, the poor girl sounds like she’s been locked away and kept in chains. when you’ve had no freedom you get excited about the littlest things. she found a window. #url# </document>
		<document> #user# they’re going to wait out the night and see how she is in the morning. if she’s still bad then they have a plan with a doc. </document>
		<document> #user# 1: montessori &amp; time for my kid
2: my house </document>
		<document> #user# #user# i don’t understand how good people can remain catholic. </document>
		<document> #user# #user# #user# #user# #user# #user# #user# #user# #user# #user# #user# #user# #user# #user# #user# #user# #user# #user# #user# #user# #user# #user# #user# #user# #user# oh right. anything bad is eve’s fault. we women are so powerful, the first of us brought on all evil, even genetic diseases. no misogynistic bias there. #hashtag# </document>
		<document> #user# #user# #user# sherry seems to think that democrats colluded with russia to help trump win. that makes sense. #hashtag# </document>
		<document> #user# maybe these could help. they can order them online #url# </document>
		<document> #user# #user# #user# most people aren’t truckers. if more people drove electric or hybrid vehicles, there would be less demand for gas and it would be cheaper for truckers. but oil companies would hate that. </document>
		<document> #user# been here. good to see you too. i guess we both have a lot more people we follow now so we get lost in the chatter. </document>
		<document> welcome to a theocracy (iran). criticizing the government in any way can be framed as a crime, “enmity against god”. #url# </document>
		<document> #user# not even a theory. not even a valid hypothesis since it’s not testable nor falsifiable. </document>
		<document> #user# about 1 in 20. i’m not that lucky. </document>
		<document> #user# i just want to hear the decision. the argument is clear already. we all saw it. we all know how he died. bring on the conviction #url# </document>
		<document> #user# #user# #user# what i’m reading is that congress approved the aid and trump froze it. #url# </document>
		<document> that’s actually a perfect role for the twilight vampire. #url# </document>
		<document> #user# #user# #user# #user# great... yeah criticize democrats during this crucial election year. thanks fornyour support. #hashtag# </document>
		<document> #user# #user# #user# #user# #user# #user# #user# #user# #user# #user# #user# #user# #user# #user# #user# #user# #user# sooo.... not a myth </document>
		<document> #user# #user# #user# #user# #user# #user# #user# also not everyone uses disposable masks. mine are washable. </document>
		<document> from #user#: if you evacuated before hurricane ida, we request that you do not return until further notice. there are power outages, debris, hazards &amp; damages. #hashtag# #hashtag# </document>
		<document> #user# i was very sleep deprived and stressed. i think that made me vulnerable to shingles. and i didn't realize what it was till a couple of weeks into it. the pain arrived before the rash. finally got on antivirals and it went away, but i was clueless. </document>
		<document> #user# they seem to forget that there are real people behind most twitter accounts. </document>
		<document> #user# #user# when they show interest in dinosaurs is a good time. they would be fascinated to know dinosaurs still live with us. </document>
		<document> #user# gorgeous!! </document>
		<document> #user# #user# oh and 20 min of rest in between. not immediately hot/cold/hot </document>
	  <document> #user# might as well adopt laws from Muslim countries. Cover your hair, wear a damn tent, don't leave the house without a man, etc. Pull yourself together! </document>
<Document> Well, that's a lot of crap. I'm sure he's very popular with the refugees. #hashtag# #user# #user# </document>
<document> #user# oh my god! this is fantastic news! I worried about her. the one I had might have had internal injuries. that might have been the reason it didn't make it. It was saved from a cat. So glad to hear Artemis is doing well!! </document>
<document> #user# #user# #user# #user# #user# #user# I see that you are completely ignoring these questions about your math: #url# </document>
<document> #user# #user# #user# #user# exactly. the gop is only the party of “no”. that is not impartiality. listen to the people! We are finally moving in the right direction to achieve what is best for Americans and the planet. Why would we want to change course? </document>
<document> #user# ... and that the mrna is destroyed by enzymes once it has completed its task. but I was hoping that we could do more to combat this fear of the unknown. </document>
<document> #user# #user# #user# #user# #user# exactly! They even beat college educated people. first it was “liberal elites”. now they are communists. the message: education = bad you have to keep your electorate dumb. </document>
<document> cdc publishes new mask guidelines for fully vaccinated people #url# </document>
<document> because only atheists would murder apostates to keep a caliphate? #hashtag# #user# #user# #user# </document>
<document> #user# #user# #user# they pass the antibodies on to the baby. it is not experimental at this point. it benefits both mother and child. </document>
<document> #user# #user# I've always wondered what some religions have against fantasy. now it makes more sense. </document>
<Document> the dead grass in the old abandoned vegetable garden serves as a nest. he still hasn't shown any interest in it. hoping that will lure him. #url# </document>
<document> #user# #user# #user# #user# #user# they definitely improve the culture. </document>
<document> #user# I'm in the same state and 2 hours away. She wants someone to "come in" and help her with the website. I sense trust issues. I've suggested Zoom calls where we share the screen and I've offered testimonials and reviews. we will see. </document>
<document> #user# #user# oh I see... 1:30 pt #url# </document>
<document> #user# #user# loved this movie! "Don't ever let them see you coming." </document>
<document> #user# didn't you listen to him? There is nothing wrong with learning and understanding opposing views. that is the point. that's not soft or woke up. + have you seen his file? </document>
<document> moderate Muslims? oh the horror! #hashtag# #user# </document>
<document> easy to overthink food when counting calories. #url# </document>
<Document> #user# #user# #user# #user# #user# #user# #user# Obama stopped funding private prisons and Trump reversed course. More is now being built to accommodate undocumented immigrants, given such a threat to families fleeing violence. #Hashtag# </Document>
<document> #user# I once tried to retrieve data when it suffered for half a day and it was impossible. it usually works fine, tho. Occasionally sleep data is lost if I sleep on it just right. </document>
<document> a religion test for refugees. Man, we didn't do that in WWII. ask why. #hashtag# #user# #user# #user# #user# </document>
<document> #user# right?! not every day that you get killed in your dreams. </document>
<document> #hashtag# "#user#: #user# #user# #user# erm... Your fellow climate terrorist conspirators... #url#" </document>
<document> such a terrorist! #Hashtag# #User# #URL# </Document>
<Document> I stop by regularly while exploring the city. I have to go to the voodoo stores today. #url# </document>
<document> #user# it wasn't bad at all except for usstand under a tornado watch. I slept like a baby. #url# </document>
<document> omg! This is hilarious!! Kiss Hank's ass.
that's what religion sounds like to those of us who don't subscribe to it. #url# </document>
<document> the question of whether mrna vaccines alter their dna will be addressed at 3:00 p.m. short answer: no! but that explains why not.
#url# </document>
<Document> the location of the infamous Lalaurie house that was burned down, so that's not it. Psyche. #hashtag# #hashtag# #url# </document>
<document> biden to putin: nice pipelines you have there. sorry if something happened to them. (essentially) </document>
<document> skeksis deux (mourning dove) seems to be smarter than skeksis 1 (ground dove). She seems to understand that the cats can't get to her. #url# </document>
<Document> Trump supporter tells me I've been brainwashed. To the right. All news sites, congresses and judges are involved in a conspiracy. #Hashtag# #URL# </document>
<document> #user# must avoid fkn!! enough of your stubborn pride. You endanger children! #url# </document>
<document> i'm on the naughty list because i'm so excited for the time to kick it out of my life and then i can take a shower lol #url# </document>
<document> #user# oh my god! How completely insensitive and cruel. I'm sorry. </document>
<Document> A friend's three-year-old grandson had to be hospitalized with Covid because his fever was causing seizures. </document>
<document> #user# This needs to have thinner straps across the shoulders and/or a racerback, but still thin. i live in florida We wear tank tops and tops that aren't wide enough in the shoulders to hide this. </document>
<document> 226 out of 2.35 billion is not even enough to even assume causality!! </document>
<document> #user# thanks! </document>
<document> arrogant, hateful megalomaniac. just what we need as the supreme commander of the world's most powerful military. #hashtag# #user# </document>
<document> #user# Good! </document>
<document> #user# #user# he sounds like a kid. </document>
<document> #user# eeeuw. Worms are my phobia</document>
<document> #user# #user# we can't let the gop bury this. They're already trying to rewrite history and say he's a great Ag. </document>
<document> #user# Yes, I think so. i think new orleans has kept me busy, and the aftermath of a hurricane, the dangers and crime that come with despair. then after i had this dream i found out about someone who was shot while filling up in nola. </document>
<document> #user# #user# #user# #user# awesome... now we're out of the realm of science and into religious nonsense. bleh. next. </document>
<document> #user# it's from a Bollywood movie I think. Bajirao Mastani, maybe? </document>
<document> #user# #user# #user# #user# sinema and manchin don't play with the team, so they don't have majority. </document>
<document> #user# funny it looks like it but it's actually the reflection on his beak. </document>
<document> or that black people matter? shocking! #hashtag# #user# #user# </document>
<document> I keep seeing people claim that Democrats are morally bankrupt while Republicans continue to spread lies that endanger lives #url# </document>
<Document> #user# Thank you very much! Graphic by #user#. I love it! </document>
<document> when people believe absurdities because it contradicts their religious scripture: #url# </document>
<Document> #user# #user# #user# #user# true fighters for women's rights in every respect. big respect! </document>
<document> #user# #user# #user# #user# yes. It was a Pfizer/Biontech joint venture. It's the same vaccine. </document>
<document> #user# #user# but 4 people lost in Benghazi was a scandal. 79? Mission accomplished? </document>
<document> #user# #user# bad empathy? I think if it hurts innocent people then it's bad. </document>
<document> Giving instructions over the phone is always a bad idea for both the client and the contractor. Things get lost, forgotten and there is no paperPath. it is also disrespectful of one's time. </document>
<document> #user# isn't that what pets are for? I often kiss my fur baby's head...along with pets. </document>
<document> I like al franconia, but no, we don't need gillibrand primarily. let's not devour each other. </document>
<document> #user# #user# every first date in a Panera is definitely a bomb. </document>
<document> #user# religious babble... yes, this will save us from Covid. bye! hold on tight back to reality! </document>
<Document> against allegations that machines switched from Trump to Biden: “It's a counting machine, and they store everything that's been counted. so you just reconcile the two. No discrepancy was reported anywhere and I'm still not aware of any discrepancy." #url# </doc>
<document> and of course the rehabber they referred me to isn't answering the phone. </document>
<document> #user# omg...can I get the last 10 minutes back after jumping down that rabbit hole? </document>
<document> #user# #user# #user# #user# #user# I think you're right. at the top with “Fake News”. I just find it amusing that someone who can't form a complete sentence would make a statement about intelligence in an attempt to do so. </document>
<document> #user#, then they took another wealth management logo and branding that had been gold and black and changed it to a ghastly, horrible primary red and yellow font. oh damn no! </document>
<document> #user# thanks! Will do. ❤️ </document>
<document> #user# #user# #user# #user# right...it's not like we're relying on prayer to heal the sick. oh wait, only after we take her to the doctor. 🙄 </document>
<document> so black people are just too stupid. no racism there. #Hashtag# #User# #URL# </Document>
<document> #user# ok...I wasn't sure if low potassium could affect heart rate and I've read that it may. so idk. So far, so good. a plantain could take me there. Good night! #url# </document>
<document> #user# #user# #user# #user# #user# You haven't minded your own business while calling the climate crisis a hoax or telling a young girl you're bored. Why are you here? Take your own advice and mind your own business. </document>
<document> just when you think you can't love this guy any more. #url# </document>
<document> when a typo in a client's project contains "gender" instead of "height". Whoops. Freudian slip on my part? #url# </document>
<document> #user# I'm having trouble finding much about the homecoming instinct in mourning doves, but they are in the same genus as rock doves which have this instinct. did you have that </document>
<document> #user#, except her election is continuing a pandemic and straining the healthcare system, affecting many people, even people in need of non-Covid-related lifesaving measures. </document>
<document> #user# #user# you had the opportunity. Tons of places to get it. If they refuse to be vaccinated, it is at their expense. </document>
<document> #user# #user# he's exactly what dems want? So is he against what the rest of the Dems are demanding? that makes no sense. no, he comes from a conservative state. for this reason. </document>
<document> so my friend's friend the antivax jerk who became covid had a stroke. Now he regrets not getting the vaccine. Sorry to sound judgmental, but holy shit! let yourself be fooled! #hashtag# #hashtag# #url# </document>
<document> that got him fired? #url# </document>
<Document> and once someone is Muslim can they be killed if they try to leave Islam? sign me up! #hashtag# #user# #user# </document>
<document> #user# #user# Yeah, that's pretty much that guy. You cannot talk anyone out of a position they have not established themselves in. not worth the fight. just pay me I do not care. </document>
<document> #user# #user# that's a good question. The Florida legislature has passed legislation and signed #hashtag# banning businesses from requiring proof of vaccination. but does this apply to cruise ships? will thewill you sue next? or move? </document>
<document> #user# #user# #user# You know you can pass it on to others even if you're asymptomatic, right? and the next person might not be as lucky as you. Hospitals are now running out of intensive care beds. This affects anyone who may need one. even your neighbor is fighting cancer. but what do you care, right? </document>
<document> #user# oh yeah, that's the fault of Hillary and the Democrats. #Hashtag# #URL# </document>
<document> #user# fb is bad at stuff like that. They're leading people down these rabbit holes. </document>
<document> #user# #user# other than putting a strain on the hospital system, you give the virus a safe haven to spread, and you then run the risk of spreading it to others. </document>
<document> #user# #user# yes, because of vaccines </document>
<document> #user# #user# other efforts are also underway. some we don't hear much about. as in florida, three ballot initiative petitions are going around to expand voting rights. We need about 800,000 per eoy each to vote next year. it bypasses the legislature. </document>
<document> #user# don't you? Have you checked with the health department in your area? or hospitals? </document>
<Document> .#user#, our Democratic-majority Senate Chairman. #url# </document>
<Document> #user# #user# #user# #user# #user# #user# #user# #user# #user# #user# #user# #user# #user# #user# #user# #user # #user# #user# #user# #user# #user# #user# #user# #user# #user# #user# #user# #user# #user# #user# Sometimes it helps to take a step back reset it and the brain. Maybe you can find inspiration somewhere. have a drink or 5. </document>
<document> #user# #user# #user# I'm a freelance graphic designer for $50/hr. and that's cheap. did the corporate thing. did the thing with the advertising agency. Now they are my customers and I am free. and i love it. I will never work for a salary again. it's not worth it. </document>
<Document> #user# #user# oh, and he's running for us in the House of Representatives. he is currently in the florida state house. </document>
<document> #user# I do, too, and I've lost at it before, but have you looked at nutrient intake other than calories? I swear most people must be potassium deficient. </document>
<document> found a replacement for my cracked Delft blue mug and the glued handle ended up falling off. exactly the same manufacturer! of course on ebay. #url# </document>
<document> #user# #user# have you seen the latest cdc docs? a vaccinated person can transmit #hashtag# just as easily as an unvaccinated person. Thing is, the latter is much more likely to get sick. like 25:1. </document>
<document> This is a FB post so this may not get through. but this is for you yes you behind Good morning #url# </document>
<document> #user# oh you only do assholes to get political points. spare me. </document>
<Document> #user# demands his resignation. where is the line drawn unwanted touches but no death threats? this is not acceptable!! </document>
<document> she likes to sit here anyway, so she'll have more space to sit as the tree grows. #url# </document>
<document> #user# #user# the gop thrives on fear, especially fear of the unknown. these fears need to be addressed and crushed with facts. </document>
<document> wow! I have a friend who voted for Trump and will not discuss social issues with me because it is "politics." We just found something we both agree on. we both love zelensky. 😜 </document>
<document> #user# I thought conservatives were supposed to be anti-life. #hashtag# I'm so sorry you had to endure that! They deserve better! Hug!! #url# </document>
<Document> woke up early to hear something falling and cracking, like the sound of shattering pottery. damn cats. I got up and searched the whole house for it. I couldn't find anything! did i dream it </document>
<document> .#user# I heard that #user# is sponsoring #user#'s show. He called our top general a stupid pig. are you all right?with this? </document>
<document> #user# you of all people have every right to be negative and angry. but you always seem to have a sense of humor. 🤣 </document>
<document> #user# at this age, dad becomes a darling. lick it up. enjoy! </document>
<document> dr. Joseph Ladapo of America's Frontline Doctors (the group hcq/sex w demons cause ovarian cysts) is now Florida's surgeon general Science-Based Medicine #url# </document>
<document> #user# #user# Yup and in some states it also means you lose your right to vote. </document>
<document> #user# #user# #user# what? You mean exhaling when you're infected might actually infect others? don't you say #url# </document>
<Document> #user# #user# #user# it was more than that. He defends us all against the President's desire to commit atrocities at the hands of the military. </document>
<Document> also celebrated the non-law-abiding citizens. You've got blood on your hands again. #url# </document>
<document> #user# thanks. I just listened to this, but I can't listen now. room full of people. </document>
<document> #user# #user# correct! Goose flesh. This child will forever feel this connection with the ocean and his father at the same time. </document>
<document> #user# but why did they have to use an image of the burning man? good points </document>
<document> #user# #user# #user# #user# #user# #user# #user# #user# #user# #user# #user# oh yes, I can see that she is scientifically based 🤦 ‍♀️ #hashtag# </document>
<document> #user# crazy. otherwise normal good people. </document>
<document> #user# ... and you have to fire them, would they be subject to eviction laws? or where is the line? </document>
<document> #user# idk… Dogs tend to be nice to creatures that feed them. </document>
<document> #user# #user# I think she was being sarcastic. I missed that at first. sometimes hard to say. </document>
<document> #user# I'm about to go to dragon boat training and I'm hoping to raise this intense bar! lol </document>
<document> #user# ...I have submitted a 14-page application for the legal keeping of wild pigeons. </document>
<document> so sweet devout christians not hateful they just want this for me #hashtag# #url# </document>
<document> #user# #user# It's the old saying, "Your right to swing your arms stops at the tip of my nose." You have no right to endanger my child's health. and they cite so much debunked propaganda. They think masks make you sick or don't work. uh </document>
<Document> #user# #user# #user# Mccarthy, #user# is the speaker of the house. She happens to be a Democrat. Stop being so damn partial. You continue to be divisive and sound like you're trying to cover up the crime. </document>
<document> #user# oh yes... she climbed in there alone. Thing is, she also likes to be on my hands while I'm working, and that's a problem. 😜 </document>
<Document> Squirrel says what? #url# </document>
<document> this is so wrong. When you're vaccinated, you're 94% less likely to get infected, so you're not providing an environment for the virus to multiply and then mutate. it is fought by your immune system. not giving him a petre bowl to thrive. #url# </document>
<Document> Wait, that's Schumer? #url# </document>
<document> when the day is ending just before the holiday and the seller says they are sending their estimate "right now". #url# </document>
<Document> What a way to support Dallas Cops. I'm sure they would love this! #Hashtag# #URL# </document>
<document> waiting. overthrow the rightly elected Potus? You mean what Republicans tried with Biden, right? #url# </document>
<document> Cuddle at mommy time #url# </document>
<document> #user# #user# Another thing is that these victims are also eligible for Fema support. You don't have to live off a car. </document>
<Document> 20+ year customer "Dimensions are 30" wide by 72" long"... for an 8 foot long table. Width means left to right folks!!! </document>
<document> ok, i have uploaded one design to cafepress so far. Drum roll please... #url# buttons, magnets and shirts! I can add more products if someone wants something different. I will be adding more designs in subsections of this shop. 1 so far. #Hashtag# </Document>
<document> #user# #user# #user# #user# #user# #user# #user# do you think? All scientists around the world are privy to the conspiracy. but not the religious people who don't do science. you woke up 😂 #hashtag# </document>
<document> #user# #user# #user# all I heard them talk about was the political score… who supported them and who didn't. not what was inside. </document>
<document> #user# from all the pain and suffering of the last year just brings me to tears. </document>
<document> #user# oh ffs </document>
<document> #user# doesn't have to be mutually exclusive you know </document>
<document> #user# Yes, I did this morning. also posted in several local groups. no luck yet. </document>
<document> "we believe he was not born that way" Well, as long as you believe, it must be true. #hashtag# #hashtag# #hashtag# #user# </document>
<Document> #user# #user# #user# #user# Yes, the devil is in the details. Kenneth Griffin, CEO of Citadel, is a top donor to Desantis, not that Citadel is Regeneron's second largest shareholder. but they hold $15.9 million worth of Regeneron stock. but they also hold pfizer and moderna. #url# </document>
<document> #user# oh you're too nice. no worries. I have enough material. Yes thank you. </document>
<document> #user# #user# #user# #user# #user# #user# #user# sounds like Vermont. This is the highest vaccinated state in the US. </document>
<Document> I'll need a drink after this day. </document>
<document> #user# wow! Wow! Wow! What a beautiful moment between father and son. also directly into the tube!! ❤️❤️❤️ this boy will love the sea forever!! </document>
<document> #user# #user# wait, you mean there are other countries out there? </document>
<document> #user# that doesn't look real. </document>
<document> #user#, so they are already following the Hitler Youth approach. </document>
<document> #user# #user# #user# Tons of video evidence and this fool actually denies it happened. bizarre! </document>
<document> #user# #user# #user# but covid is what? From God? Have you seen or read any of the stories from India? Cremations of human remains are so extensive that clouds form over cities. and you think vaccines are evil? </document>
<document> #user# #user# #user# I agree, ignoring the issue won't make it go away. msm does not address the issue. only count. </document>
<Document> and the rescued 200,000 Yazidis! any terrorist group. :-/ #hashtag# #user# </document>
<document> #user# #user# #user# problem is that she has 2.8 million followers. She has an audience, so ignoring her doesn't solve the problem. </document>
<document> #user# #user# #user# #user# #user# so would the uf lose these professors? would you have to quit? </document>
<Document> and all attackers killed or captured. bright. such military skills. #hashtag# #user# #user# #user# </document>
<document> #user# From what I've read about mourning doves, the males bring her the branches and she rearranges them. Remember that there are entire separate orders of birds. Their behavior is very different. </document>
<document> #user# #user# #user# #user# #user# it's just the classic Dutch low step-in exercise bike with skirt guard and chain guard and a luggage rack on the back. it literally means grandma's bike. The design has hardly changed in 100 years. traditional single gear and foot brake. #url# </document>
<Document> #user# #user# My son lives in Gainsville and is part of the lgtbq community. I just texted him. if he plays along, road trip. </document>
<Document> According to his definition of socialism, we should probably eliminate itmilitary too. #hashtag# #user# #user# #user# </document>
<document> #user# #user# funny how the same elected officials who want to know about this voted against an independent investigation into jan6. </document>
<Document> #user# #user# #user# #user# uhm straw man a lot? nobody suggests this. </document>
<document> #user# I use the amazon halo. other fitness trackers do, too, but this one costs less than $100. and before you ask, the data is stored entirely on your phone. You cannot download it from a cloud or website. so no privacy issues. </document>
<document> #user# they didn't denounce it. they read it aloud, pointing out errors and hypocrisy. that's just true. </document>
<Document> Over 90% of adventhealth's hospitalized Covid-19 patients are unvaccinated, said Dr. Victor Herrera, Chief Medical Officer of AdventHealth Orlando. #url# </document>
<document> #user# q. In FL, if you hire someone to stay at a B&B while guests are there to tend the grounds and help the guests when it gets to a point where they're there all the time, would they be renters? if they don't work &amp; You have to fire them, are they subject to eviction laws? </document>
<document> #user# oh! good idea! </document>
<document> #user# Yes, the lack of testing is why I've put off finding one, but I've got a lead and a weekend ahead. I would like to know if I should continue to isolate or if this is just a cold. </document>
<document> #user# #user# #user# sounds to me like they just want women out of politics. If you have kids, you wouldn't have time for that. but if you don't, you can't be trusted. there is a deep twisted misogyny here. </document>
<Document> #user# Oh crap! that sucks big! I'm sorry! </document>
<document> #user# No self-proclaimed “pro-life” governor should be willing to put the lives of children at risk to avoid a minor inconvenience (e.g. wearing a mask). </document>
<document> #user# #user# #user# oh wait! Can we drop the idea in Qanon feeds that this is already happening? this will make her never go outside again. You will believe anything. </document>
<Document> God, the poor girl sounds like she's been locked up and held in chains. when you don't have freedom, you're happy about the smallest things. She found a window. #url# </document>
<document> #user# they will wait the night and see how she is in the morning. If she's still unwell, they have a plan with a doctor. </document>
<Document> #user# 1: Montessori &amp; time for my child
2: my house </document>
<document> #user# #user# I don't understand how good people can remain Catholic. </document>
<Document> #user# #user# #user# #user# #user# #user# #user# #user# #user# #user# #user# #user# #user# #user# #user# #user # #user# #user# #user# #user# #user# #user# #user# #user# #user# oh right. everything bad is Eva's fault. We women are so powerful, the first of us brought everything evil, even genetic diseases. no misogynistic bias. #Hashtag# </Document>
<document> #user# #user# #user# Sherry seems to think Democrats worked with Russia to help Trump win. That makes sense. #Hashtag# </Document>
<document> #user# maybe these could help. you can order them online #url# </document>
<document> #user# #user# #user# most people aren't truckers. If more people drove electric or hybrid vehicles, there would be less need for gasoline and it would be cheaper for truck drivers. but oil companies would hate that. </document>
<document> #user# was here. Just as nice to see you. I think we both have a lot more people to follow now so we're getting lost in the chatter. </document>
<Document> Welcome to a Theocracy (Iran). Criticizing the government in any way can be termed a crime, "enmity against God." #url# </document>
<document> #user# not even a theory. not even a valid hypothesis since it is neither testable nor falsifiable. </document>
<document> #user# about 1 out of 20. I'm not that lucky. </document>
<document> #user# I just wantar the decision. the argument is already clear. we've all seen it. we all know how he died. Bring the conviction to #url# </document>
<document> #user# #user# #user# What I read is that Congress approved the aid and Trump froze it. #url# </document>
<Document>, that's actually a perfect role for the twilight vampire. #url# </document>
<document> #user# #user# #user# #user# great... yes, criticize the Democrats in this crucial election year. Thank you for your support. #Hashtag# </Document>
<Document> #user# #user# #user# #user# #user# #user# #user# #user# #user# #user# #user# #user# #user# #user# #user# #user # #user# sooo.... no myth </document>
<document> #user# #user# #user# #user# #user# #user# #user# not everyone uses disposable masks either. mine are washable. </document>
<document> by #user#: If you were evacuated before Hurricane Ida, we ask that you do not return until further notice. there are power outages, debris, dangers &amp; damage. #hashtag# #hashtag# </document>
<document> #user# I was very sleep deprived and stressed. I think that made me prone to shingles. and I didn't know what it was until a few weeks into it. the pain came before the rash. eventually got antivirals and it went away but I had no idea. </document>
<document> #user# You seem to forget that most Twitter accounts are actually people. </document>
<document> #user# #user# if you're showing an interest in dinosaurs, it's a good time. You would be fascinated to know that dinosaurs still live with us. </document>
<document> #user# beautiful!! </document>
<document> #user# #user# oh and 20 min rest in between. not immediately hot/cold/hot </document>