 
	<document> self proclaimed billionaire/#hashtag# used charity $$ to buy himself signed tebow helmet #url# #user# #user# #user# </document>
		<document> sees no issue with #user# pedophile rapist trump's dick in child's mouth.==&gt;#user# #user# #user# #url# </document>
		<document> briber/con man #user# #user# personally lobbied congress to give real estate developers bigger tax breaks #user# #url# </document>
		<document> not really. i think wife number 3 is faster.#user# #user# #user# #user# #user# #url# </document>
		<document> "traditional christian family values" is just a #user# slogan/motto.  #user# #user# #user# #user# #user# #url# </document>
		<document> why did #user# gwb make taxpayers foot bill for illegals? #user# #user# #url# </document>
		<document> what abt classified? another free #user# fucking pass? #user# #user# #url# </document>
		<document> what's the source for your meme? the voices in your head? #user# #user# #user# #user# #user# #url# </document>
		<document> #hashtag#. 

clinton laughed at system not victim. 

try again.#user# #user# #user# #user# #url# </document>
		<document> you can't answer a simple fucking question and you want to talk policy? #user# #user# #url# </document>
		<document> what abt sucking? you another #user# pedophile rape apologist? #user# #user# #user# #url# </document>
		<document> what part is fucking weak? 

#user# interactive database shows trump lawsuits surpass 4,000 #url# #user# #user# </document>
		<document> hey #hashtag# who signed the civil rights bill?  name please!  #user# #user# #user# #url# </document>
		<document> wait! you believed #hashtag# when he said he was a billionaire with no proof? #user# #user# #user# #url# </document>
		<document> free pass when soros invested with trump? #user# #user# #user# </document>
		<document> tell #user# #hashtag# pedophile rape apologist to untag me since he blocked me.#user# ====&gt;#user#&lt;==== #user# #user# #user# </document>
		<document> since you are verifying memes, verify this one.#user# #user# #url# </document>
		<document> #hashtag#? free #user# pass who cut security funding? #user# #user# #user# #url# </document>
		<document> clinton's personal tax returns found here: #url# #user# #user# #url# </document>
		<document> loser, how? 
nbc/wsj:clinton+14
nola:clinton+10
rasmus:c+7
quin:c+6
prri:c+6
reut:c+7
fdup:c+9
upi:c+6
#user# #user# #user# </document>
		<document> lol! another #user# cupcake blocked me. couldn't provide proof that clinton lied to congress.==&gt;#user#&lt;== #user# #user# #url# </document>
		<document> corruptly rigged primary? 

no, the dnc didn’t rig the primary in favor of hillary #url# #user# #user# #user# </document>
		<document> true.#user# warned #user# not 2cut security funding. did anyways &amp; blame her4 #hashtag#.#user# #user# #user# #url# </document>
		<document> communist/marxist/socialist/muslim dictator fail. should be 0.0%. #url# #user# #user# #hashtag# </document>
		<document> really? #user# #user# #user# #user# #user# #url# </document>
		<document> bill clinton fixed #user# fuck up ghwb's fiscal fuck up.#user# #url# </document>
		<document> #user# should pay back the taxpayers for no #hashtag#.#user# #user# #user# #url# </document>
		<document> guess who else doesn't need a job as president.#user# #user# #user# #url# </document>
		<document> speaking of social security, recall when this #user# con stole trillions from taxpayers? .#user# #url# </document>
		<document> how many unpaid fucking wars did pbo start? #user# #user# #user# #user# #user# #user# #url# </document>
		<document> but he has gay friends. #hashtag# #user# #user# #user# </document>
		<document> really? where the hell is the yellow cake? does powell get a free #user# pass on his email? #user# #user# #url# </document>
		<document> so free pass for #user# pedophile rapist trump? #user# #user# #user# #user# #user# #url# </document>
		<document> what abt kkk? 

#user# says democratic party created the ku klux klan #url# #user# #user# #user# </document>
		<document> clinton lied?  

fbi comey: #user# did not lie. 
#url# #user# #user# #user# </document>
		<document> military &amp; tax dodger &amp; multiple failure trump is going to fix america, how, peaches? #user# #user# #user# #url# </document>
		<document> you for violence against women? 

is #user# for that too or just treating women like shit? #user# #user# #url# </document>
		<document> why the deflection? 

want the link to pedophile #user# #user#'s rape lawsuit &amp; date? .#user# #user# #user# #url# </document>
		<document> unfucking believable! 

#hashtag# pundits not happy w/clinton's email response....how many fucking time does she have to address this?  #hashtag# #url# </document>
		<document> lol! check out how many of the 539 polls have dt winning? #url# #user# #user# #user# #user# #user# </document>
		<document> adjust your tin foil hat &amp; now take your meds.#user# #user# #user# #url# </document>
		<document> try putting factual citations on your memes instead of your emotions/feelings.#user# #user# #user# #user# #user# #url# </document>
		<document> btw, why didn't #user# fuck up gwb leave a surplus like bill clinton? #user# #user# #url# </document>
		<document> election fraud? what? #user# #user# #url# </document>
		<document> why doesn't pedophile rape get you mad? sympathizer? #user# #user# #user# #url# </document>
		<document> .#user# graphic: ex. of a child terrorist (#hashtag#) most likely killed w/us taxpayer $ #url# #user# #hashtag# </document>
		<document> not illegal for foreign govs to donate to npos. #url# #user# #user# </document>
		<document> gee, wonder if this is helping #user# "gain" voters.#user# #user# #url# </document>
		<document> you support pussy grabber &amp; pedophile #user# trump? #user# #user# #user# #hashtag# #url# </document>
		<document> trump another draftdodger. sanders=trump.draft dodger=draft dodger.established draft dodgers as usual.#user# #url# </document>
		<document> so free #user# pedophile rape pass for trump? #user# #user# #url# </document>
		<document> .#user# i bet pbo's muslim overlords are helping him out. #hashtag# #user# #user# #user# #user# #user# </document>
		<document> what? do you recall the president's name that signed the bill? #user# #user# #user# #url# </document>
		<document> bcuz #hashtag# #user# white men know what's best 4 vaginas.#user# #user# #user# #user# #hashtag# #url# </document>
		<document> unreal! the guy was trolling me abt trump's pedophile rape for hours. they never recoil in horror, only deflect. #hashtag# #user# </document>
		<document> #hashtag# when more people die under #user# presidents but outrage under dems.#user# #user# #user# #url# </document>
		<document> #hashtag# doesn't want to name who signed the civil right bill. .#user# &lt;== #user# #user# #url# </document>
		<document> #hashtag# bragged abt it during the primaries, didn't faze them then. but clinton is the corrupt one.#user# #user# #url# </document>
		<document> speaking of corrupt....why won't #hashtag# release his taxes? what is he hiding? #user# #user# #user# #url# </document>
		<document> true. coal jobs have been falling since ww2.#url# #user# #user# </document>
		<document> and your basing this on what? your feelings, emotions? #user# #user# #user# #url# </document>
		<document> true. they lower the bar for #user# and raise it for dems.#user# #user# #user# #user# #url# </document>
		<document> mark your calendar, cupcake. 

and it has nothing to do with #user# #user#'s pedophile rape lawsuit.#user# #hashtag# #hashtag# #url# </document>
		<document> why the deflection abt pedophile rape? share same .#user# values? #user# #user# #url# </document>
		<document> easy google tutorial: 
1. enter quote, press enter. 
2. clutch pearls. 

#user# #user# #user# #url# </document>
		<document> really? #user# #user# #user# #user# #user# #user# #url# </document>
		<document> based on what? your feelings? free pass to #user#? #user# #user# #url# </document>
		<document> true. the meme points out the time frame.#user# #user# #user# #user# #url# </document>
		<document> conspiracies created by media &amp; #user#. #url# #user# </document>
		<document> hey #hashtag#, what part don't you get? obama is not running for president.#user# #user# #user# #url# </document>
		<document> why didn't #user# fuck up gwb pay 4 his 2 wars b4 he left office? #user# #user# #user# #user# #user# #user# </document>
		<document> #user# appears2haveread aleaked clinton email doctored by russian media #url# #user# #user# #user# </document>
		<document> w-h-o-a! w-h-o-a! w-h-o-a! #user# gwb had an ethics lawyer? #user# #user# #url# </document>
		<document> what abt lining pockets? trump’s campaign rent skyrocketed after rnc #url# #user# #user# #user# #user# </document>
		<document> so fuck the americans who died so the #user# dick draftdodger can get rich? #user# #user# #user# #url# </document>
		<document> she said al qaeda like group in her email. #url# #user# #user# #user# </document>
		<document> a first for the donald: #hashtag# says he regrets hurtful comments he's made in heat of debate.#user# #url# </document>
		<document> the #user# private server inside the wh was illegal, scooter.#user#  #user# #user# #user# #url# </document>
		<document> really #user#? new attitude towards media? and how is the media's attitude to #user#?  #url# </document>
		<document> what_what? this soros? the soros that spent xmas w/dt? 

trump pals around w/soros #url# #user# #user# #user# </document>
		<document> obama lied no one died. 
#user# fucking lies ppl died. 
#user# #user# #user# #url# </document>
		<document> hey #hashtag#. 
#user# = war mongers 
ghwb = 1 war 
gwb = 2 wars 

try again.
#user# #user# #user# #url# </document>
		<document> facts must be fucking hard for you, huh? #url# #user# #user# #user# #user# </document>
		<document> so you came first pussy grabber supporter? #user# #url# </document>
		<document> why did #user# fund raise off of 4 dead americans, cupcake? #user# #user# #user# #url# </document>
		<document> true. clinton cleared while #user# committed a crime w/illegal server in wh.#user# #user# #user# #user# #user# #url# </document>
		<document> what? what abt monica? #user# #user# #user# #url# </document>
		<document> btw, that's #hashtag#. try again. 

about the state dept.’s ‘missing’ $6 billion #url# #user# </document>
		<document> wtf do i want a foreign born communist for president of usa? #user# #user# #user# #user# </document>
		<document> based on 935 #user# fucking lies abt iraq.#user# #user# #user# #user# #user# #user# #url# </document>
		<document> that must be why clinton fdn gets an a rating. #url# #user# #user# #user# #user# #url# </document>
		<document> lol! even rcp show clinton winning.#user# #user# #user# #url# </document>
		<document> another free #user# pass? 
#hashtag# used his charity’s $ 2 pay for $20,000 painting of himself #url# #user# #user# </document>
		<document> fact-checking the funny or die video about trump-brand products made overseas #url# #user# #user# </document>
		<document> oops! never mind! #user# back at negative stories abt clinton. #url# </document>
		<document> why the deflection? want the link to trump's pedophile rape lawsuit? #user# #user# #user# #user# #url# </document>
		<document> untag.these pussies blocked me 2 days ago.#user#=&gt; #user# #user# #user# #user# #user# #user# #user# </document>
		<document> what? #user# #user# #url# </document>
		<document> what part was funny to you? 

trump university trial set for november 28 #url# #user# #user# #user# #url# </document>
		<document> .#user# what jewish racists? #user# #hashtag# #url# </document>
		<document> why was stein sitting with putin in russia and dissing usa? #user# #url# </document>
		<document> #user# #user# #hashtag# lies.#user# #hashtag# #url# </document>
		<document> free #user# pass? #user# #user# #user# #user# #user# #url# </document>
		<document> pussy grabber/pedophile rape supporter talking abt downing a christian. like what trump did2his victims? #user# #user# #user# #url# </document>
		<document> why? clinton is winning! 

press conferences are for damage control. see #hashtag#.#user# #user# #user# #url# </document>
		<document> here you go #hashtag#! clinton's role in a 40yo rape case meme mostly inaccurate. #url# #user# #user# #user# </document>
		<document> pbo lied, no one died. 
#user# lied, ppl died. 

#user# #user# #user# #user# #url# </document>
		<document> wtf happened to, #user#: "we'll be greeted as liberators?" #hashtag# #hashtag# </document>
		<document> what? #user# #user# #url# </document>
		<document> .#user# #user# but...but they're #hashtag#. #hashtag# #user# #user# #user# </document>
		<document> true. case gets dismissed &amp; refiled. 

doe v. trump et al #url# #user# #user# #user# #user# </document>
		<document> another free pass to the draft dodger trump? #url# #user# #user# #user# #user# </document>
		<document> 270 days? really? has #user# actually been dodging the press? #url# #user# #user# </document>
		<document> hey #hashtag#, #user# = war mongers/draft dodgers/profiteers. 
gwhb = 1 war 
gwb = 2 wars 
.#user# #url# </document>
		<document> yeah, tons.#user# #user# #user# #user# #url# </document>
		<document> i didn't know "ideas and principles" only applied to conservatives.  #url# #user# .#user# #hashtag# </document>
		<document> another email story #user#? where are your #user# #user# tax return or foundation stories? #url# </document>
		<document> and your source is what? #user# #user# #user# #user# #user# #url# </document>
		<document> lol! #hashtag# used charity money to buy himself signed tebow helmet #url# #user# #hashtag# </document>
		<document> nope. calling the drug dealers super predators. #url# #user# #user# #user# #user# </document>
		<document> yeah, like ignore facts. why is stein pro russia &amp; anti america?  #user# #user# #url# </document>
		<document> what? free pass to his "donations" to tx #user# &amp; nj #user#? #user# #user# #url# </document>
		<document> #user# but .#user# lies abt wmds/iraqwar/#hashtag# deaths/missionaccomplished/warwillpay4itself/etc isa whole lot worse! #hashtag# #user# </document>
		<document> you going to ignore 1000s of deaths caused by 935 #user# lies abt iraq? #user# #user# #user# #user# #url# </document>
		<document> what abt saudi arabia bankrolling #hashtag#? free pass? #user# #user# #url# </document>
		<document> another source. btw, follow fmr us amb to russia, #user#. #url# #user# #user# #user# </document>
		<document> oops! 

hannity misleads about stand-down order #url# #user# #user# #user# #user# </document>
		<document> and you know this, how? #user# #user# #user# #url# </document>
		<document> enjoy trad'l christian #user# family values from fuck up gwb.#user# #hashtag# #url# </document>
		<document> me too #hashtag#! love when #user# low info voters send link that #hashtag# their narrative.#user# #user# #url# </document>
		<document> so free #user# passes 4 #hashtag#'s? 
1. mob ties 
2. tax/military dodge 
3. pay2play 
4. pedophile rape 
#user# #user# #user# #url# </document>
		<document> what #user# pussy grabber &amp; pedophile rape trump supporter? what abt snakes? #user# #user# #user# #url# </document>
		<document> oops! trump's claim that conspiracy theory originated inside hc's 2008 pres campaign. #url# #user# #user# </document>
		<document> still deflecting pedophile rape sympathizer? why? #user# #user# #user# #url# </document>
		<document> what shade were they? #user# #url# </document>
		<document> wonder if #user# smiled (more) he wouldn't be so creepy! #url# #hashtag# </document>
		<document> .#user# our #hashtag# is paid with social money. let's disband it. #hashtag# #user# #user# #user# #user# </document>
		<document> got any facts 2 back up your claims or are u just farting them out &amp; they come out of your mouth? .#user# #url# </document>
		<document> tweet the truth abt this so-called gaffe. #url# #user# </document>
		<document> true. pussy grabber #user# trump = pervert.#user# #user# #url# </document>
		<document> #hashtag#. try again.#user# #user# #url# </document>
		<document> #hashtag# uses his fdn money for signed helmets &amp; luxury vacays. but hc is crooked! #user# #user# #user# #user# </document>
		<document> you obviously don't know the diff between facts &amp; being mad.#user# #user# #user# #url# </document>
		<document> sad! where are reports of muslim countries helping/taking refugees? need charts of who is/isn't helping. #url# #user# </document>
		<document> you're thinking of #user# fuck ups who plunge countries into chaos. 

gwhb = 1 war 
gwb= 2 wars 
 
#user# #url# </document>
		<document> have you seen the polls? #hashtag#  #url# #user# #user# #user# </document>
		<document> free #user# pass for mr. law and order pussy grabber who admitted violating the rights of women? .#user# #user# #user# #url# </document>
		<document> #hashtag# in sep 2015: did hillary clinton start the obama birther movement? #url# #user# #user# #user# </document>
		<document> meme is fake. obl was way taller than clinton. images show they are both abt same height. #url# #user# </document>
		<document> what pedophile rape apologist? 

amended complaint filed 9/30/2016 #url# #user# #user# #user# #user# </document>
		<document> for what? #user# #user# #user# #user# #hashtag# #url# </document>
		<document> the 1st sentence is a fucking lie. 

did #user# start the obama birther movement? #url# #user# </document>
		<document> what abt being stuck? #user# #user# #user# #user# #url# </document>
		<document> how many lawsuits does clinton have compared to crooked #hashtag#? 4000+ like the crooked pussy grabber? #user# #user# #url# </document>
		<document> see what happens when the automotive industry is run by all black people? #hashtag# #user# #user# #user# </document>
		<document> #hashtag# 

trump inaccurately suggests clinton got paid to approve russia uranium deal #url# #user# #user# </document>
		<document> and flynn sitting next to #user# trump during 1st security briefing.#user# #user# #user# #user# #user# #url# </document>
		<document> for what? #user# #user# #user# #url# </document>
		<document> free pass when #user# had private server inside wh, illegally? #user# #user# #user# #url# </document>
		<document> the legacy of no wars, low gas prices, low unemployment....#user# #user# #url# </document>
		<document> daily caller is your source? #user# #user# #user# #url# </document>
		<document> enjoy! 

#user# comrade #user#: historically, economy does better under democrats. 

#url#  #user# </document>
		<document> feel free to audit clinton foundation reports #url# #user# #user# #user# </document>
		<document> then foreign owned #user# has the audacity to wonder why and blame dems/pbo.#user# #user# #url# </document>
		<document> what? 

bin laden’s brother lived in #hashtag# tower, gave millions to the donald #url# #user# </document>
		<document> why? clinton fdn gets an a ratings from charity watchdog.#user# #user# #user# #user# #user# #url# </document>
		<document> btw, your clinton body bag meme is #hashtag#. try again. #url# #user# #user# #user# </document>
		<document> traditional #user# christian family values: birds of a feather.....#url# #user# #user# #hashtag# #hashtag# </document>
		<document> be careful, #user# says mexicans are rapists.#hashtag# #user# #user# #user# #user# #user# #user# </document>
		<document> so free pass for pussy grabber &amp; pedophile rape trump, #hashtag#? #user# #url# </document>
		<document> while #user# #user# admits sexual assaults on women in #hashtag#, #user# makes excuses for dt's dick inside a child's mouth. #url# </document>
		<document> what the fuck was trump advisor flynn doing sitting next to putin in russia? #user# #user# #url# </document>
		<document> you need a psych for supporting a pedophile rapist.#user# #url# </document>
		<document> reminder: because of #user# fuck up gwb, #hashtag# was needed and started under his failed leadership. #url# #user# </document>
		<document> 2/2: oops! jr. proves daddy lied! #user# #user# #url# </document>
		<document> hey #hashtag#, clinton warned #user# not to cut security funding. did anyways.#user# #user# #user# #user# #url# </document>
		<document> clinton belongs in jail? what law did she break in haiti? #user# #user# #user# </document>
		<document> where the fuck are the jobs! jobs! jobs! the #user# ran on? #user# #user# #user# #user# #url# </document>
		<document> oh? you saw the receipt? where's the source for your meme? #user# #user# #user# #user# #url# </document>
		<document> really? 

amended complaint filed 9/30/2016 #url# #user# #user# #user# </document>
		<document> you talking about rules or law? big difference.#user# #url# </document>
		<document> you want to talk abt bill's interns? let's talk abt this, too.#user# #user# #url# </document>
		<document> another free pass? #hashtag# bought $120,000 lux trip w/trump fdn money #url# #user# #user# #user# #user# </document>
		<document> i don't know. wish the media would report, though.#user# #url# </document>
		<document> really? #user# #user# #user# #user# #url# </document>
		<document> pussy grabber #user# #user# admitted to sexual assault.#user#  #user# #url# </document>
		<document> #hashtag# 
q: did bc pass up a chance2kill obl?
a: probably not 
#url# #user# #user# #user# #user# #user# </document>
		<document> i asked #user# a question. won't answer, yet wants me to answer his/her question. #hashtag# #user# </document>
		<document> .#user# yeah, who cares abt price, #hashtag# dead and their families. we got more #hashtag# 2 fill them boots. #hashtag# #user# </document>
		<document> i know, right. low info voters love tweeting this meme.#user# #user# #user# #user# #user# #user# </document>
		<document> what? 

#user# powell told #user# how to bypass state security measures #url# #user# #user# </document>
		<document> another clinton health story #user#? where are your trump tax returns stories? #url#  #user# </document>
		<document> how about candidates putting press in pens/barring? normal? #user# #user# #user# #user# #url# </document>
		<document> oh noes! cupcake blocked me! =&gt;why? oh why? #user#&lt;=#user# #user# #user# #user# #user# #url# </document>
		<document> .#user# notice how us based/owned media hires foreigners? must be those jobs americans refuse to take. #user# #hashtag# </document>
		<document> what? #user# #user# #url# </document>
		<document> #user# said she'll release her paid speeches when #hashtag# releases his.#user# #user# #user# </document>
		<document> #user# #user# which is soooooo much worse than #user# gwb lie about wmd/#hashtag# war with 1000's of #hashtag# dead/maimed. #hashtag# </document>
		<document> #user# but "traditional #hashtag# family values" people don't say things like that. #hashtag# #hashtag#s #hashtag# #hashtag# #user# </document>
		<document> enjoy! interactive database shows #hashtag#'s lawsuits surpass 4,000 #url# #user# #user# #user# </document>
	  <document> self-proclaimed billionaire/#hashtag# used charity $$ to buy himself a signed Tebow helmet #url# #user# #user# #user# </document>
<document> sees no problem with #user# pedophile rapist Trump's cock in child's mouth.==&gt;#user# #user# #user# #url# </document>
<document> Briber/Scammer #user# #user# personally lobbied Congress to give real estate developers greater tax breaks #user# #url# </document>
<document> not really. I think woman number 3 is faster.#user# #user# #user# #user# #user# #url# </document>
<document> "traditional Christian family values" is just a slogan/motto of #user#. #user# #user# #user# #user# #user# #url# </document>
<document> why did #user# gwb bill taxpayers for illegals? #User# #User# #URL# </Document>
<document> what is classified? Another free #user# shit pass? #User# #User# #URL# </Document>
<Document> What is the source of your meme? the voices in your head? #user# #user# #user# #user# #user# #url# </document>
<document> #hashtag#.

Clinton laughed at the system, not the victim.

try again.#user# #user# #user# #user# #url# </document>
<Document> Can't answer a damn simple question and want to talk politics? #User# #User# #URL# </Document>
<document> what about vacuuming? Are you another #user# pedophile rapist? #user# #user# #user# #url# </document>
<document> which part is fucking weak?

#user# interactive database shows Trump lawsuits surpass 4,000 #url# #user# #user# </document>
<Document> hey #hashtag# who signed the Civil Rights Act? Name please! #user# #user# #user# #url# </document>
<document> wait! You believed #hashtag# when he said he was a billionaire with no proof? #user# #user# #user# #url# </document>
<document> free pass if soros invests with trump? #user# #user# #user# </document>
<document> tell #user# #hashtag# the pedophile rape apologist to untag me since he blocked me.#user# ====&gt;#user#&lt;==== # user# #user# #user# </document>
<document> Since you verify memes, verify this one. #user# #user# #url# </document>
<document> #hashtag#? free #user# pass Who cut security funds? #user# #user# #user# #url# </document>
<Document> Clinton's personal tax returns can be found here: #url# #user# #user# #url# </document>
<document> loser, huh?
nbc/wsj:clinton+14
nola:clinton+10
rasmus:c+7
chin:c+6
prri:c+6
reut:c+7
fdup:c+9
upi:c+6
#user# #user# #user# </document>
<document> lol! another #user# Cupcake blocked me. could not provide evidence that Clinton lied to Congress.==&gt;#user#&lt;== #user# #user# #url# </document>
<document> primarily manipulated?

no, the dnc did not tamper with the primary in favor of hillary #url# #user# #user# #user# </document>
<document> true.#user# warned #user# about cutting security funding. did anyway &amp; blame her4 #hashtag#.#user# #user# #user# #url# </document>
<document> communist/marxist/socialist/muslim dictator fail. should be 0.0%. #url# #user# #user# #hashtag# </document>
<document> really? #user# #user# #user# #user# #user# #url# </document>
<document> bill clinton fixed #user# fuck up ghwb's fiscal crap.#user# #url# </document>
<document> #user# should not pay back a #hashtag# to taxpayers. #user# #user# #user# #url# </document>
<document>guess who else doesn't need a job as president.#user# #user# #user# #url# </document>
<Document> Speaking of Social Security, remember when that #usernumber stole trillions from taxpayers? .#user# #url# </document>
<document> how many unpaid fucking wars has pbo started? #user# #user# #user# #user# #user# #user# #url# </document>
<document>, but he has gay friends. #hashtag# #user# #user# #user# </document>
<document> really? Where the hell is the yellow cake? Will Powell get a free #user# pass for his email? #User# #User# #URL# </Document>
<document> so free pass for #user# pedophile rapist Trump? #user# #user# #user# #user# #user# #url# </document>
<document> what about kkk?

#user# says the Democratic Party created the Ku Klux Klan #url# #user# #user# #user# </document>
<Document> Clinton lied?

fbi comey: #user# wasn't lying.
#url# #user# #user# #user# </document>
<Document> Military &amp; Tax Evaders &amp; Multiple failures Trump will fix America, eh, peaches? #user# #user# #user# #url# </document>
<document> you for violence against women?

is #user# for it too or just treats women like shit? #User# #User# #URL# </Document>
<document> why the distraction?

wants link to pedophile rape lawsuit #user# #user# &amp; Date? .#user# #user# #user# #url# </document>
<document> damn believable!

#hashtag# Pundits are unhappy with Clinton's email response....how much fucking time does she have to address this? #Hashtag# #URL# </document>
<document> lol! Look at how many of the 539 polls dt won? #url# #user# #user# #user# #user# #user# </document>
<document> line up your tin hat &amp; Now take your meds.#user# #user# #user# #url# </document>
<document> Try to label your memes with factual quotes instead of your emotions/feelings.#user# #user# #user# #user# #user# #url# </document>
<document> By the way, why didn't #user# screw up gwb and leave a surplus like Bill Clinton? #User# #User# #URL# </Document>
<Document> Electoral Fraud? What? #User# #User# #URL# </Document>
<document> why doesn't pedophile rape make you angry? Sympathizer? #user# #user# #user# #url# </document>
<Document> .#user# Graphic: Example of a child terrorist (#hashtag#) who was most likely killed with the taxpayer $ #url# #user# #hashtag# </document>
<document> is not illegal for foreign governments to donate to npos. #url# #user# #user# </document>
<document> Jeez, I wonder if that helps #user# "win" voters.#user# #user# #url# </document>
<Document> You support Pussygrabber &amp; Pedophile #user# Trump? #user# #user# #user# #hashtag# #url# </document>
<Document> boasts another draft evader. sanders=trump.draft dodger=Draft Dodger.Established Draft Dodgers as usual.#user# #url# </document>
<Document> so free #user# Pedophile rape pass for Trump? #User# #User# #URL# </Document>
<document> .#user# I bet pbo's Muslim overlords are helping him out. #hashtag# #user# #user# #user# #user# #user# </document>
<document> what? Do you remember the name of the President who signed the law? #user# #user# #user# #url# </document>
<document> bcuz #hashtag# #user# white men know what the top 4 vaginas are #user# #user# #user# #user# #hashtag# #url# </document>
<document> unreal! The guy teased me for hours about Trump's pedophile rape. They never flinch in horror, just distract. #hashtag# #user# </document>
<document> #hashtag# if more people die under #user# presidents but outrage under dems.#user# #user# #user# #url# </document>
<document> #hashtag# doesn't want to name who signed the Civil Rights Act. .#user# &lt;== #user# #user# #url# </document>
<document> #hashtag# bragged about it during the primaries, didn't upset her then. but clinton is the corrupt one.#user# #user# #url# </document>
<Document> speaks of corrupt....why doesn't #hashtag# release its taxes? what is he hiding? #user# #user# #user# #url# </document>
<document> true. Coal jobs have declined since WW2.#url# #user# #user# </document>
<document> and what are you basing that on? Your feelings, emotions? #user# #user# #user# #url# </document>
<document> true. They lower the bar for #user# and raise it for dems.#user# #user# #user# #user# #url# </document>
<Document> Mark your calendar, muffin.

and it has nothing to do with #user# #user#'s pedophile rape lawsuit.#user# #hashtag# #hashtag# #url# </document>
<Document> Why the pedophile rape distraction? share the same .#user# values? #User# #User# #URL# </Document>
<document> simple google tutorial:
1. Type quote, press enter.
2. Clutch Beads.

#user# #user# #user# #url# </document>
<document> really? #user# #user# #user# #user# #user# #user# #url# </document>
<document> based on what? your feelings? Free ticket for #user#? #user# #user# #URL# </Document>
<document> true. the meme indicates the timeframe.#user# #user# #user# #user# #url# </document>
<Document> Conspiracies promoted by media &amp; #User#. #url# #user# </document>
<document> hey #hashtag#, which part don't you understand? Obama is not running for President.#user# #user# #user# #url# </document>
<document> why didn't #user# screw up gwb 4 paid for his 2 wars b4 he left office? #user# #user# #user# #user# #user# #user# </document>
<document> #user# seems2read leaked Clinton emails manipulated by Russian media #url# #user# #user# #user# </document>
<document> w-h-o-a! w-h-o-a! w-h-o-a! #user# gwb had an ethics lawyer? #User# #User# #URL# </Document>
<document> what lining bags? Trump's campaign rent has skyrocketed after rnc #url# #user# #user# #user# #user# </document>
So <document> fuck the Americans who died so the #user# Dick Draftdodger can get rich? #user# #user# #user# #url# </document>
<Document> She said in her email an al-Qaeda-like group. #url# #user# #user# #user# </document>
<document> a first for Donald: #hashtag# says he regrets hurtful comments he made in the heat of the debate.#user# #url# </document>
<document> the #user# private server inside the wh was illegal, scooter.#user# #user# #user# #user# #url# </document>
<document> really #user#? new behavior towards the media? and what is the attitude of the media to #user#? #url# </document>
<document> what_what? this Soros? The Soros who spent Christmas w/dt?

Trump friends around w/soros #url# #user# #user# #user# </document>
<Document> Obama lied, nobody died.
#user# damn lies, people died.
#user# #user# #user# #url# </document>
<document> Hey #hashtag#.
#user# = warmonger
ghwb = 1 war
gwb = 2 wars

try it again.
#user# #user# #user# #url# </document>
<Document> Facts must be hard for you, huh? #url# #user# #user# #user# #user# </document>
<document> so you were the first pussygrabber supporter? #user# #url# </document>
<document> why did #user# collect donations from 4 dead americans cupcake? #user# #user# #user# #url# </document>
<document> true. Clinton deleted while #user# committed a crime with an illegal server where #user# #user# #user# #user# #user# #url# </document>
<document> what? what about monica #user# #user# #user# #url# </document>
<document> by the way, that's #hashtag#. try it again.

on the State Department's "missing" $6 billion #url# #user# </document>
<document> wtf do i want a foreign born communist for president of the us? #user# #user# #user# #user# </document>
<Document> based on 935 #user# damning lies about Iraq.#user# #user# #user# #user# #user# #user# #url# </document>
<document> this must be why Clinton FDN gets an A rating. #url# #user# #user# #user# #user# #url# </document>
<document> lol! even rcp show clinton winning.#user# #user# #user# #url# </document>
<document> another free #user# pass?
#hashtag# used his charity's $2 salary on a $20,000 painting of himself #url# #user# #user# </document>
<document> Facts review of funny or dying video about Trump brand products made abroad #url# #user# #user# </document>
<document> Oops! never mind #user# back to negative stories about Clinton. #url# </document>
<document> why the distraction? Want the link to Trump's pedophile rape lawsuit? #user# #user# #user# #user# #url# </document>
<document> untag.These pussies blocked me 2 days ago.#user#=&gt; #user# #user# #user# #user# #user# #user# #user# </document>
<document> what? #User# #User# #URL# </Document>
<Document> Which part did you find funny?

Trump University trial set for November 28 #url# #user# #user# #user# #url# </document>
<Document> .#user# which Jewish racists? #user# #hashtag# #url# </document>
<document> why did stein sit with putin in russia and dissete usa? #user# #url# </document>
<document> #user# #user# #hashtag# lies.#user# #hashtag# #url# </document>
<document> free #user# pass? #user# #user# #user# #user# #user# #url# </document>
<Document> Pussy Grabber/Pedophile rape supporter speaking of punching a Christian. Like what Trump did to his victims? #user# #user# #user# #url# </document>
<document> why? Clinton wins!

Press conferences serve to limit the damage. see #hashtag#.#user# #user# #user# #url# </document>
<document> please #hashtag#! Clinton's role in a 40-year rape case memes mostly inaccurate. #url# #user# #user# #user# </document>
<document> pbo lied, nobody died.
#user# lied, people died.

#user# #user# #user# #user# #url# </document>
<document> wtf happened, #user#: "We are welcomed as liberators?" #hashtag# #hashtag# </document>
<document> what? #User# #User# #URL# </Document>
<document> .#user# #user# but ... but they are #hashtag#. #hashtag# #user# #user# #user# </document>
<document> true. case is dismissed &amp; refilled.

doe v trump et al #url# #user# #user# #user# #user# </document>
<Document> Another Free Pass for Draft Dodger Trump? #url# #user# #user# #user# #user# </document>
<document> 270 days? really? did #user# actually avoid the press? #url# #user# #user# </document>
<Document> hey #hashtag#, #user# = warmongers/conscientious objectors/profiteers.
ghhb = 1 war
gwb = 2 wars
.#user# #url# </document>
<document> yes, tons.#user# #user# #user# #user# #url# </document>
<document> I didn't know that "ideas and principles" only applied to conservatives. #url# #user# .#user# #hashtag# </document>
<document> another email story #user#? where are your #user# #user# tax returns or start-up stories? #url# </document>
<document> and your source is what? #user# #user# #user# #user# #user# #url# </document>
<document> lol! #hashtag# used donation funds to buy a signed Tebow helmet #url# #user# #hashtag# </document>
<document> no. They call drug dealers super predators. #url# #user# #user# #user# #user# </document>
<document> yes, like ignoring facts. why is stone pro russia &amp; Anti America? #User# #User# #URL# </Document>
<document> what? Free pass for his "donations" to tx #user# &amp; nj #user#? #User# #User# #URL# </Document>
<document> #user# but .#user# is above wmds/iraqwar/#hashtag# deaths/missionaccomplished/warwillpay4itself/etc is much worse! #hashtag# #user# </document>
<Document> Do you want to ignore 1000 deaths caused by 935 #user# lies in Iraq? #user# #user# #user# #user# #url# </document>
<Document> What about Saudi Arabia's bankrolling #hashtag#? free ticket? #User# #User# #URL# </Document>
<document> another source. btw, follow fmr us amb to russia, #user#. #url# #user# #user# #user# </document>
<document> Oops!

hannity misleads about the stand down order #url# #user# #user# #user# #user# </document>
<document> and you know that, how? #user# #user# #user# #url# </document>
<document> enjoy traditional Christian #user# family values ​​by fuck up gwb.#user# #hashtag# #url# </document>
<document> Me too #hashtag#! I love it when #user# low-info voters send this #hashtag# link to their story #user# #user# #url# </document>
<document> so free that #user# passes 4 #hashtag#s?
1. Mob Ties
2. Tax/Military Evasion
3. pay2play
4. pedophile rape
#user# #user# #user# #url# </document>
<document> was #user# pussy grabber &amp; Pedophile Rape Trump Supporters? what snakes? #user# #user# #user# #url# </document>
<document> Oops! Trump's claim that the conspiracy theory originated in the 2008 press campaign. #url# #user# #user# </document>
<document> still distracting pedophile rape sympathizer? Why? #user# #user# #user# #url# </document>
<document> what color were they? #user# #url# </document>
<document> wonder if #user# smiled (more) he wouldn't be so creepy! #url# #hashtag# </document>
<document> .#user# our #hashtag# is paid with social money. let's solve it. #hashtag# #user# #user# #user# #user# </document>
<document> has any facts to support your claims, or are you just farting them &amp; do they come out of your mouth? .#user# #url# </document>
<document> tweet the truth cathis so-called faux pas. #url# #user# </document>
<document> true. Pussygrabber #user# trump = pervert.#user# #user# #url# </document>
<document> #hashtag#. try again.#user# #user# #url# </document>
<document> #hashtag# uses his fdn money for signed helmets &amp; luxury vacation. but hc is crooked! #user# #user# #user# #user# </document>
<Document> You obviously know the difference between facts &amp; be crazy.#user# #user# #user# #url# </document>
<document> sad! Where are reports of Muslim countries helping/hosting refugees? need diagrams of who helps/not help. #url# #user# </document>
<document> you think of #user# bastards wreaking havoc on countries.

ghhb = 1 war
gwb= 2 wars
 
#user# #url# </document>
<document> have you seen the polls? #Hashtag# #URL# #user# #user# #user# </document>
<document> free #user# pass for mr. Law and order pussy grabber who admitted to violating women's rights? .#user# #user# #user# #url# </document>
<document> #hashtag# in September 2015: Did Hillary Clinton start the Obama Birth Movement? #url# #user# #user# #user# </document>
The meme <document> is fake. obl was much larger than clinton. Pictures show they are both about the same height. #url# #user# </document>
<document> which pedophile rape apologist?

amended complaint filed on 09/30/2016 #url# #user# #user# #user# #user# </document>
<document> for what? #user# #user# #user# #user# #hashtag# #url# </document>
<document> the first sentence is a damn lie.

did #user# start the obama birth movement? #url# #user# </document>
<document> What's the point of being stuck? #user# #user# #user# #user# #url# </document>
<document> how many lawsuits does Clinton have compared to the crooked #hashtag#? 4000+ like the crooked pussy grabber? #User# #User# #URL# </Document>
<Document> Do you see what will happen if the auto industry is run exclusively by black people? #hashtag# #user# #user# #user# </document>
<document> #hashtag#

Trump falsely suggests that Clinton was paid to approve Russia's uranium deal #url# #user# #user# </document>
<document> and flynn sit next to #user# trump during the 1st safety briefing.#user# #user# #user# #user# #user# #url# </document>
<document> for what? #user# #user# #user# #url# </document>
<document> free pass if #user# illegally had a private server in wh? #user# #user# #user# #url# </document>
<document> the legacy of no wars, low gas prices, low unemployment....#user# #user# #url# </document>
<document> daily caller is your source? #user# #user# #user# #url# </document>
<document> have fun!

#user# Comrade #user#: Historically, the economy has been better off under Democrats.

#url# #user# </document>
<document> Feel free to check the Clinton Foundation reports #url# #user# #user# #user# </document>
<document> then foreign-owned #user# has the audacity to wonder why and blame dems/pbo.#user# #user# #url# </document>
<document> what?

Bin Laden's brother lived in the #hashtag# Tower and gave the Donald #url# #user# </document> millions
<document> why? clinton fdn receives an A rating from Charity Watchdog.#user# #user# #user# #user# #user# #url# </document>
<document> by the way, your clinton body bag meme is #hashtag#. try it again. #url# #user# #user# #user# </document>
<document> traditional #user# Christian family values: Birds of a Feather.....#url# #user# #user# #hashtag# #hashtag# </document>
<document> be careful, #user# says mexicans are rapists.#hashtag# #user# #user# #user# #user# #user# #user# </document>
<document> so free ride for pussygrabber &amp; Pedophile Rape Trump, #hashtag#? #user# #url# </document>
<document> while #user# #user# admits sexual assault on women in #hashtag#, #user# apologizes for putting dt's cock in a child's mouth. #url# </document>
<document> what the heck was Trump adviser Flynn doing in Russia alongside Putin? #User# #User# #URL# </Document>
<document> You need a psychiatrist to support a pedophile rapist.#user# #url# </document>
<document> reminder: becauseThe use of #user# fuck up gwb, #hashtag# was required and started under his leadership failed. #url# #user# </document>
<Document> 2/2: Oops! jr. proves dad lied! #User# #User# #URL# </Document>
<Document> Hey #hashtag#, Clinton has warned #user# not to cut security funding. did it anyway.#user# #user# #user# #user# #url# </document>
<Document> Clinton Belongs in Jail? What law did she break in Haiti? #user# #user# #user# </document>
<document> where the hell are the jobs! jobs! jobs! the #user# continued? #user# #user# #user# #user# #url# </document>
<document> Oh? Did you see the receipt? Where is the source of your meme? #user# #user# #user# #user# #url# </document>
<document> really?

amended complaint filed on 09/30/2016 #url# #user# #user# #user# </document>
<document> are you talking about rules or laws? big difference.#user# #url# </document>
<document> do you want to talk to bill's interns? let's talk about that too.#user# #user# #url# </document>
<Document> another free ticket? #hashtag# bought 120,000 lux trip with trump fdn money #url# #user# #user# #user# #user# </document>
<document> I don't know. I wish the media would cover it though.#user# #url# </document>
<document> really? #user# #user# #user# #user# #url# </document>
<document> Pussy Grabber #user# #user# admitted to sexual assault.#user# #user# #url# </document>
<document> #hashtag#
q: did bc renounce chance2kill obl?
a: probably not
#url# #user# #user# #user# #user# #user# </document>
<document> I asked #user# a question. does not answer, but would like me to answer his/her question. #hashtag# #user# </document>
<document> .#user# yeah, who cares about the price, #hashtag# Dead people and their families. we have more #hashtag# 2 fill them boots. #hashtag# #user# </document>
<document> I know, right. Low info voters love to tweet this meme. #user# #user# #user# #user# #user# #user# </document>
<document> what?

#user# powell explained to #user# how to bypass government security measures #url# #user# #user# </document>
<document> Another Clinton health story #user#? where are your trump tax returns stories? #url# #user# </document>
<document> how about candidates putting/locking press in pens? normal? #user# #user# #user# #user# #url# </document>
<document> oh no! Cupcake blocked me! =&gt;why? Oh why? #user#&lt;=#user# #user# #user# #user# #user# #url# </document>
<document> .#user# Have you noticed how US based/owned media are hiring foreigners? must be the jobs Americans refuse. #user# #hashtag# </document>
<document> what? #User# #User# #URL# </Document>
<document> #user# said she will publish her paid speeches when #hashtag# publishes his. #user# #user# #user# </document>
<document> #user# #user# which is sooooo much worse than #user# gwb lie about wmd/#hashtag# war with thousands of #hashtag# dead/maimed. #Hashtag# </Document>
<document> #user# but "traditional #hashtag# family values" people don't say things like that. #hashtag# #hashtag#s #hashtag# #hashtag# #user# </document>
<document> have fun! interactive database shows #hashtag# complaints exceed 4,000 #url# #user# #user# #user# </document>