 
	<document> #user# oh. em. gee!!! </document>
		<document> #user# was prepared to use the pen in his pocket to defend against the terrorists, had they breached the room congress were barricaded in. people have looked at me like i'm crazy when i say a pen can be used as an effective weapon. i feel vindicated. :d </document>
		<document> #user# #user# guess he lied about getting career politicians out of there. shocking. #hashtag# </document>
		<document> $500? that's all? nah, gotta make it higher so it hurts them in the wallet. #url# </document>
		<document> nuke. the. filibuster. fuck mcconnell. #url# </document>
		<document> #user# pfizer first round i didn't feel any side effects. getting second round on wednesday, so we'll see. </document>
		<document> #user# i'm not jewish, but can i get in on said space laser for her? </document>
		<document> #user# i was so disappointed with those! </document>
		<document> o. m. g.!!! the teeny, tiny ears!!!! #url# </document>
		<document> #user# #user# pres biden has already declared a nat'l emergency in tx, has generators &amp; clean water on the way, &amp; is already sending fema in. fed disaster aid will be separate from the covid relief bill. doing it this way, rather than putting it in the bill, gets help to tx now, not in weeks. </document>
		<document> i propose a total &amp; complete shutdown of white guys just until we figure out what's going on. (obviously not the good ones). #hashtag# #url# </document>
		<document> #user# must be the small business pandemic relief money the catholic church got. #hashtag# also, we need to start taxing tf out of big churches. </document>
		<document> #user# #user# do basketball player fingers even *have* any ligaments left in them after years of playing? :d </document>
		<document> #user# #user# #user# #user# i have been kicking people out of the atr before they even step foot in it if they aren't masked. thankfully, the atr i work out of is not on the main campus! </document>
		<document> #user# it does, however, make it easier to identify early on who is caustic &amp; who isn't, which is a handy skill to have. </document>
		<document> "when vanderveer found out, she did not seem mad. instead, williams says, their coach was “heartbroken.”  it was difficult to face—and since it sent the players back into quarantine, an even longer one this time, they had plenty of time to think about it." 2/x </document>
		<document> similar to what i just said to my mom in a conversation about this mess. #url# </document>
		<document> #user# #user# who will pay it? we can start by rescinding the tax break trump gave rich folks, start taxing rich folks at a more equitable rate, &amp; start taxing churches &amp; any other rich "non-profits" that benefitted off ppp loans for small businesses that were hurting due to trump's pandemic. </document>
		<document> the look on this innocent baby's face for being accused of such a crime! :d #url# </document>
		<document> there's a lot of things going wrong in the world right now, but this is not one of them. #url# </document>
		<document> #user# #user# are they mad about your choice of mops? or was there a movie/series live tweet they did not like? </document>
		<document> #user# #user# #user# in texas...that's a good bet. </document>
		<document> #user# #user# #user# #user# #user# but i've been told pt clinics aren't in it for the $, but, rather, to help the athletes. #hashtag# </document>
		<document> #user# if she was a white man it wouldn't be. people suggested michael jordan sit out games so other teams had a chance to win. </document>
		<document> #user# yep. pretty recently, but still taken off. </document>
		<document> #user# wasn't he just calling for unity last week? </document>
		<document> #user# #user# it's been awhile since i've had a most splendid day, &amp; to top it off with a concert on the day her new record is released was just perfect. </document>
		<document> this is a load of crap, &amp; something needs to be done to fix it. #url# </document>
		<document> #user# oof....hopefully this helps to right the ship! </document>
		<document> very important #hashtag# update. part bags 6-11, &amp; onto instruction book number two. my fingers may have no skin left by piece number 6000. :d #url# </document>
		<document> #user# tweeting about student loan debt. </document>
		<document> #user# funny thing is, it was a friend/co-worker who asked if i'd ever thought about at -- well, no, because i had no idea it existed. she told me to call the head at at a local jc to see if i could late add his at intro class. </document>
		<document> monkeypox. wtf?! yeah, anyone who comes at me for continuing to mask can straight sod off. #url# </document>
		<document> #user# tv show, &amp; you can watch all four seasons on netflix now. :d </document>
		<document> look who's home from the hospital, w/a new nose, radiator, ac core, &amp; transmission lines! #url# </document>
		<document> great use of our tax $ and military resources. #hashtag# #url# </document>
		<document> #user# ah, there ya go! all out assault on the allergies, ftw! good luck! </document>
		<document> #user# so fast they wouldn't even know i'd been there. </document>
		<document> #user# it totally showed that you were actually loving that moment, rather than just trying to get into the heads of the swedes. it was fun to watch. congratulations on the gold! </document>
		<document> #user# but...but...but...i'm sure anti-vaxxers, who are also anti-maskers, will be totally, 100% honest about being vaccinated when they aren't wearing masks. #hashtag# </document>
		<document> make that a permanent position for him! #url# </document>
		<document> william just did the "i'm not a racist" bit, so now we know it was him who was asking about skin color. #url# </document>
		<document> #user# #user# said the same thing last night -- how it could've been an "okay, it'll be a safe target because i won't be there" sort of thing, that hadn't occurred to me, but now i can't stop thinking about it. </document>
		<document> how tf did i get on a call/text list for the fecking gop? and for that traitor dan crenshaw?! i doubt they'll be responding to what i replied with. </document>
		<document> #user# the moment cheetolini stole 2016. actually, before that, because i saw the parallels to 1930s germany. </document>
		<document> #user# #user# uppity?! holy crap, do you even know the history of why this is so bad for a white person to call a black person uppity? because, damn, this is bad. and wtf does his making $800/yr as mayor have to do with any of it? </document>
		<document> #user# nah, all good. i read it as an excited "i know, so awesome!!!" :d </document>
		<document> #user# a topic that really, really needs to be addressed in healthcare. good on you! </document>
		<document> #user# #user# um...kicking them out gives control back to mcconnell, because it would give republicans a 50-48 majority. </document>
		<document> #user# nope. </document>
		<document> #user# #user# #user# the age old at story! if one of us figures out how to mitigate this, we may win a nobel peace prize! :d </document>
		<document> #user# #user# yep, looks like a terrorist group to me. #hashtag# </document>
		<document> removing military personnel just as he's escalating the war in afghanistan. brilliant. #hashtag# #url# </document>
		<document> #user# #user# #user# #user# #user# #user# #user# oh, nneka wants to participate, &amp; nothing else came up. she's now awaiting fiba approval to play for nigeria, rather than waiting around to maybe be called up by the us if someone gets injured btwn now &amp; the start of olympic competition. </document>
		<document> #user# #user# #user# #user# when you join a police department out of the police academy, you still have to go through in-the-field training. you're in a probationary period during that time, &amp; are evaluated by the field training officers before you are left to go solo. basically, on the job training. </document>
		<document> #user# no, he's just ted cruz. </document>
		<document> oh, so trump got taliban prisoners released, even though they killed us soldiers? and they were released yesterday? and he bragged about how well we're getting on with the taliban? the day before 9/11?  yeah, he loves our military &amp; country. #hashtag# </document>
		<document> #user# #user# well, i think most of it is going to slosh out when she tried to lift that container when it's full. </document>
		<document> to this day, i keep expecting the colleges &amp; universities to call &amp; demand back the degrees that were conferred on me. we won't get into how stunned i am to have been in my profession for nearly 30 years now. #url# </document>
		<document> #user# #user# #user# #user# #user# #user# me, when 20+ track &amp; field kids walk into the atr at the same time, all needing some form of treatment. #hashtag# #url# </document>
		<document> #user# 57 here. i have toast or cereal for dinner quite often. </document>
		<document> #user# but, remember, women's sports don't count. #hashtag# double-edged sword for we stanford wbb fans who are sick of hearing it every...single...year since 1998, </document>
		<document> #user# #user# i actually wasn't really aware of n95s *without* valves, so i'll amend to say if ats are wearing n95s, don't use the ones with the valves. they do nothing to protect others from covid. </document>
		<document> #user# this is definitely happening because of the vax. :d </document>
		<document> #user# #user# please tell me  you demonstrated, on him, how it was done! :d </document>
		<document> for so many! 1997 team, the sisters ogwumike, &amp; so on, &amp; so forth. #url# </document>
		<document> in all the years i've taken photos at concerts, this is the first time i've ever had something professionally mounted &amp; framed. #user# at stanford's frost amphitheater, a week before i started a new job. gift to myself when i got my 1st paycheck. #hashtag# #url# </document>
		<document> #user# #user# costco sometimes sells "moving kits," which is a bunch of different sized boxes, packing materials, &amp; boxes specifically for dishes/glasses/wardrobe. u-haul sells boxes &amp; packing materials, too. </document>
		<document> so...no spectators because of a covid resurgence in japan, but they're going to let unvaccinated athletes come there? good god, it is beyond idiotic to continue with the tokyo olympics at this point. #url# </document>
		<document> #user# exactly what i was thinking. #hashtag# </document>
		<document> #user# huh...camera phones cause police brutality is certainly a...take. stupid people are stupid. </document>
		<document> #user# was it as hot out at stanford today as it was yesterday? i think it was close to 90 deg there yesterday. i nearly melted out at frost amphitheater. how's that for irony? :d </document>
		<document> i want to know how she had any energy left to let out those yells like she did when she knew she was going to medal! #url# </document>
		<document> and that associate head coach to her left? kate paye. who was a freshman player for tara the last time stanford won it all. :d #url# </document>
		<document> #user# #user# #user# #user# why are you trying to take credit for something you voted no on? </document>
		<document> #user# "everyone who declares war on the united kingdom loses..."

the united states would like a word. </document>
		<document> #user# ya know, andras, a tweet like this actually gave me a sparkle of hope. what a weird sensation. :d happy holidays to you &amp; yours. </document>
		<document> #user# #user# yeah, no call on that bloody nose. i thought the saying was "no blood, no foul," not "eh, blood." :d </document>
		<document> #user# hell yes! </document>
		<document> #user# i liked when they busted the netherlands for it a little while ago. </document>
		<document> #user# "sorry, injured athlete, but i can't evaluate your injury because i have to keep wiping down the bench." um yeah, no. </document>
		<document> #user# #user# yep, that last part. that's how schwarzenegger got in. he didn't even get 50% of that recall vote, but he had the highest % of votes on a very split ballot. </document>
		<document> #user# #user# #user# and i see you conveniently ignored the part about how it would have a better chance in a standalone bill. </document>
		<document> #user# #user# they claim to support the military but they don't know the pin that signifies military family? shocking. #hashtag# </document>
		<document> #user# that's one of my places i want to visit. gotta see those northern lights! :d </document>
		<document> #user# #user# #url# she's been livestreaming performances all pandemic. today's concert livestream will be available to watch until april 11. cost was $25, &amp; the $ goes to paying her band &amp; crew while they aren't touring during the pandemic. she puts on a fabulous show. :d </document>
		<document> #user# well, you have a conscience, so, by default, you couldn't be them. </document>
		<document> #user# #user# #user# well, i know the wrestling &amp; men's rowing teams were out there cleaning it up. point is, it was chalk, &amp; at least some of the involved athletes were out there cleaning it up. </document>
		<document> ya know, when i saw this video earlier, i thought "that looks like woman, from the gait, &amp; just the body in general." i would not be one bit surprised if this is a woman. #url# </document>
		<document> #user# today was also my first day back after nearly 2-weeks off. i got to deal with covid mess all day, with some conflicting information thrown in the mix just for fun. </document>
		<document> #user# #user# you know i bleed cardinal red, but aliyah just breaking into tears like that was gut wrenching to see. she's a special player. </document>
		<document> snow 

dammit

snow </document>
		<document> #user# #user# #user# that's what i said happened to dunn in that game v sweden -- she just got left stranded on an island by her center backs. </document>
		<document> #user# #user# #user# #user# so the trick is to convince them that ats can provide that same care on non-sports movies. </document>
		<document> i think this may explain my affinity for tigers. #url# </document>
		<document> watching an on-demand ce presentation on concussions, &amp; the presenter is talking so fast, it's giving me a headache. #hashtag#! </document>
		<document> #user# #user# #user# your keynote basically externally validated my entire career. have been certified since 1997, &amp; have practiced at pretty much the way you discussed. i'm guessing my background in psychology may have something to do with it, but i also interned for an at who had similar methods. </document>
		<document> #user# gymnastics is probably my least favorite sport to cover, because it gives me mini-heart attacks seeing theirs heads so close to the beam, or falling from the high bar, or a badly missed vault. always on the edge of my seat when i cover it. </document>
		<document> #user# #user# i've seen one of those up close &amp; personal with a couple of rugby players, although with one, the foot was completely facing the opposite direction as it was supposed to be. </document>
		<document> #user# #user# #user# i'm in a union. we're still adopting the new cdc guidelines, as idiotic as they are. oh, and i'm a healthcare professional. </document>
		<document> #user# #user# #user# #user# #user# #user# #user# #user# #user# #user# truth. </document>
		<document> #user# #user# that entire cd is fabulous! sadly, i will not be going to mt for her shows. i was talked out of it by my bff, who reminded me about the delta+ variant, &amp; how mt is one of those anti-mask states. </document>
		<document> i'll always be with you...

brandi carlile. :d #url# </document>
		<document> #user# that was my same thought. </document>
		<document> #user# #user# finally, you, sir, are a perfect example of what og was posting about. just had to center yourself, rather than saying nothing and just considering what she had to say. </document>
		<document> #user# #user# nah, we get to see highlights from south carolina v texas instead. stanford getting no respect is nothing new. </document>
		<document> congratulations to all the new atcs! welcome to the best profession ever!!! #hashtag# </document>
		<document> #user# innocent. that looks like it just up and spontaneously exploded on its own. :d </document>
		<document> #user# aw shucks. :d </document>
		<document> #user# #user# i just dozed off in the middle of my second one. lol </document>
		<document> #user# what a difference a little love, nurturing, &amp; the correct food can make! they are precious! </document>
		<document> #user# wtf?! yet another reason to keep the feet firmly planted on land! don't get me wrong, i love the ocean, but i do not go in the ocean. #hashtag# #hashtag# </document>
		<document> i've been telling y'all. pay attention to who around you isn't wearing a mask...and steer tf clear of them! #url# </document>
		<document> #user# when i'd travel a lot with teams, gone anywhere from 1-3 weeks, i missed my cats horribly. those little fur brats had me wrapped around their paws. </document>
		<document> the problem is the assumption that the far left is on "our side." they have more in common with trumpists/gop than they do with me/(actual) dems. #url# </document>
		<document> #user# #user# #user# 1. we can integrate immigrants? how about let immigrants integrate if they want, but let's not force that. that is historically a horrific thing the us has done. </document>
		<document> #user# "to my surprise, my head injury was more concerning than my shoulder/arm injury." yep, head injury w/vomiting is way more concerning than a shoulder/arm injury. glad she made it to the next checkpoint, where there were ppl who could help, &amp; glad she's on the mend! </document>
		<document> #user#'s answer re: ebp had me yelling "yes! thank you!" at my computer! #hashtag# #hashtag# #user# </document>
		<document> #user# hope everything turned out okay. </document>
		<document> #user# #user# exactly. :d </document>
		<document> just one of the many reasons i love this show, because #hashtag# &amp; everyone involved with #hashtag# knows that, &amp; was invested in getting it right. also, if you haven't seem cam's edits, go check them out. #url# </document>
		<document> #user# #user# i'm di now. this will be the first time i get more than 2 days off. high schools, clinic/outreach, etc, i only ever got xmas day and ny day off. xmas eve &amp; nye were 1/2 days. granted, i work w/sports that are not in season, but still... </document>
		<document> #user# no, no he can't. please learn about how our government works, particularly since you're a part of it. </document>
		<document> #user# i have it on dvd, but i haven't been able to watch it since i saw it in the theater, even though it was so well done, &amp; hillary swank just nailed the role. </document>
		<document> sure...but let's be real here, i don't put up with crap, &amp; that tends to make me single. :d #url# </document>
		<document> #user# #user# *whispers* brachial plexus nerve bundle :d </document>
		<document> #user# people have gotta stop putting this stuff out into the universe, yo! </document>
		<document> #user# #user# use a cat filter, &amp; you can charge more. </document>
		<document> #user# that's what i mostly started doing this past year. also, i turned off rts of some of the people i follow, because all the stuff they rt is stuff i'm hoping to mostly avoid &amp; get dragged into. </document>
		<document> #user# i knew it straight away when i saw this pic. </document>
		<document> #user# safe travels. </document>
		<document> #user# because you're an athletic trainer. :d </document>
		<document> #user# congratulations! </document>
		<document> #user# #user# we'll have one again in 10-days. that position has been vacant since 1/20/2016 at 12noon. </document>
		<document> white folks equate privilege with money/possessions. can't even count how many times i've told other white folks that's not what white privilege is referring to at its most basic. #url# </document>
		<document> wait...kiana gets butt checked to the ground, &amp; the foul is on her? #hashtag# #hashtag# </document>
		<document> #user# #user# he has the greatest military mind you know? knows more than the generals &amp; such. #hashtag# </document>
		<document> #user# my eyes nearly roll out of my head when i see anyone going off about trying to primary wv's manchin with a leftist. have these people never been to wv? or even so much as met someone from wv? </document>
		<document> #user# c'mon now, you don't expect them to do something different, do you? it is the women's ncaa tourney, after all. #hashtag# </document>
		<document> no. we already pay gas taxes &amp; registration fees that are supposed to pay for infrastructure things. this penalizes people who can't live close to where they work, &amp; who do not have access to other transportation. #url# </document>
		<document> after 3 hrs of redialing, i finally got through to the #user#. i was on hold maybe 15 minutes before i was able to talk to an actual person. i have now been on hold for at least 1.5 hrs, waiting to be connected to someone to manually enter my extension info. 1/x </document>
		<document> #user# um...please re-read what i replied. i was agreeing with her. that's what "this! so much this!" means. i was in no way suggesting she wasn't vaccinated. </document>
		<document> #user# huh...who knew that a program that was created to rate women would turn out to be so scummy? #hashtag# </document>
		<document> omfg...now can the #hashtag# stay on sides from here on out? pretty please? #hashtag# #hashtag# </document>
		<document> #user# #user# also, the sparks have the sisters ogwumike, who know how to compete against brittney griner. </document>
		<document> #user# congratulations on the early finish! i'm usually scrambling the last few hours. lol #hashtag# </document>
		<document> #user# pretty sure some may have been. </document>
		<document> have to say, it's a really nice feeling to wake up, &amp; not have my first thought be "well, wtf did that asshole do today, &amp; are we at war with someone new yet?" i could totally be fine living like this the rest of my life. </document>
		<document> #user# yes. paper towel stops the grease before it hits the jar. </document>
		<document> #user# hey, dc residents, mike here says you don't deserve representation. i guess that means y'all don't have to pay taxes now. not like we went to war or anything with some country over that taxation without representation thing. </document>
		<document> i really wish they hold off on these federal charges until biden's sworn in. #url# </document>
		<document> #user# bill barr is full of shit. trump has been fomenting insurrection long before yesterday. </document>
		<document> stopped listening to people telling me what i should do, &amp; started living my own damn truth. #url# </document>
		<document> #user# #user# omg typo...another hour &amp; (now) 7 minutes. </document>
		<document> oh, so trump got taliban prisoners released, even though they killed us soldiers? yeah, he loves our military. #hashtag# </document>
		<document> "nneka hasn't been critical of usa basketball, but said that when she didn't make the u.s. team, she didn't want to wait on the possibility of perhaps being called on as an alternate...she's been in that position before &amp; said she doesn't see herself as a "second choice." </document>
		<document> #user# i was thinking allergy attack -- sneeze all over it. :d </document>
		<document> #user# damn. </document>
		<document> #user# #user# bucky is living his best life! yay bucky! </document>
		<document> "just a lil strawberry...rub some dirt on it..."

omg...i love this kid!!! #url# </document>
		<document> #user# #user# #user# #user# #user# yeah, i've been a sports medicine professional 25+ years, with the bulk of that covering rugby. it's mind boggling what concusses some athletes, but not others. </document>
		<document> if you've never seen this show, your opportunity to rectify that is here! #url# </document>
		<document> #user# i know how that trying to type/think pre-fully caffeinated is! </document>
		<document> well, we really don't need to wonder. #url# </document>
		<document> yep. way too many times to count, including some of my family. #url# </document>
		<document> yep, cheetolini is really helping our military &amp; their families. #hashtag#  #url# </document>
		<document> #user# y'all did yourselves proud, coach. aari's last shot could've just as easily gone is. i thought it was going to. that it was so close w/her being guarded by 3 players, &amp; her being off balance...well, everyone knows it could've gone either way. y'all put everyone on notice. </document>
		<document> #user# someone told me "they just just pull trump out now!" sure, then dems are the ones overthrowing our government, so no, that won't work. now, if he attempts to seize power come jan 20, then he can be pulled out. </document>
		<document> and, no, i'm not saying that's all undocumented people do. they contribute in many different ways, &amp; they pay taxes here, too. </document>
		<document> #user# yeah, no, i don't do "local" group bs. if i won't socialize with them irl, i won't socialize with them on fb, &amp; i stay to myself here. </document>
		<document> #user# #user# #user# #user# #user# #user# yes, i know how hospitals work, thanks. never said i resented anyone, but there's got to be a better solution. </document>
		<document> #user# oh, now that is a gooooood stretch! </document>
		<document> #user# president biden is using executive orders to reverse the hideous eos that trump signed. so it was okay for trump to govern that way, but not for pres biden to? gtfoh with that, &amp; do fuck all the way off. </document>
		<document> raise the pay, implement protections from covid, stop treating employees like crap, offer paid sick leave, don't undercut hours. simple enough fixes, but business owners just want to blame something/someone else. #url# </document>
		<document> #user# i absolutely love where i work now. even with covid hell these past 3-weeks, i wouldn't trade it for anywhere else. 

and good job on the basketball coach! #hashtag#! :d </document>
		<document> it's not being alarmist if it's clearly spelled out, &amp; you just point out what's up. #url# </document>
		<document> #user# #user# when i fly r/t, i routinely check-in to my flights the day before, &amp; unless i check baggage, i skip the whole check-in line. could've been the case, or the no-fly list was updated after they checked in. </document>
		<document> #user# aaaannnnd my brain just went into "huh, what are the factors that would go into a study like that?" then proceeded to think of a few factors. #hashtag# </document>
		<document> #user# anyone but white folks are lazy, remember? #hashtag# </document>
		<document> there was a bomb threat at another bay area high school a couple hours ago, too. wth? #url# </document>
		<document> #user# kind of like how we used to do. </document>
		<document> #user# #user# #user# no, ford *literally* never won a national election. he wasn't even elected as nixon's vp. he was appointed vp, via the 25th amendment, after spiro t. agnew resigned as vp. </document>
		<document> #user# #user# it's truly mind boggling to me, but then again, i never hated myself for being queer. </document>
		<document> #user# ah, i new that conservative pos was still in there. </document>
		<document> wtf, georgia?! #url# </document>
		<document> #user# #user# "is the person who is supposed to be doing that job having a difficult time with it?" *adjusts halo* </document>
		<document> #user# #user# #user# no, they're not. fractured sternum is much more serious, &amp; can take up to 8-weeks before healed enough for her to play. her game fitness will also be affected in terms of cardio. with a knee injury, nneka should be able to keep her cardio close to game fitness. </document>
		<document> #user# i hope you told whoever told you that to piss off &amp; mind their own business, that you will grieve in your own way &amp; time. there is no timeline for grieving. none. </document>
		<document> #user# i am so happy i can avoid people, both because not working right now due to covid shutting down my job, &amp; because i don't live near people. </document>
		<document> #user# #user# i'd move there or ireland in a heartbeat. pretty sure i could find work in rugby either place. </document>
		<document> #user# american history month? if he doesn't like black history month, i really don't think he'll like american history month. </document>
		<document> #user# #user# #user# #user# nah, the country definitely does not need the normalization of freaking nazis like gaetz. </document>
		<document> i found a bottle of garlic powder that i'm pretty sure had become petrified. i was going to dump the contents, then clean &amp; reuse the bottle, but it was so solid, i couldn't break it up at all. </document>
		<document> #user# #user# #user# #user# #user# #user# #user# #user# #user# #user# it will come as no surprise that i was the "troublemaker" at that clinic. :d </document>
		<document> #user# there *is* nothing quite like a well executed dump tackle. :d </document>
		<document> #user# #user# my first thought was "and this teacher is still alive?" second was "not fired?" </document>
		<document> #user# #user# #user# #user# #user# #user# #user# #user# it's not at all debatable if nneka should've made the roster for tokyo, unless she's not responding well to rehab for the injury, &amp; her athletic trainer would've been able to update usa basketball on her progress. </document>
		<document> #user# #user# yeah, but the women got socks &amp; an umbrella. #hashtag# </document>
		<document> #user# #user# #user# yeeaaahhhh...don't get me started on ca's antiquated power system. </document>
		<document> #user# #user# #user# i'm in ca, so i tend to agree, but it has to be a consideration. </document>
	  <document> #user# oh. em Cool!!! </document>
<Document> #user# was willing to use the pen in his pocket to defend himself against the terrorists if they breached the congressional room in which they barricaded themselves. People have looked at me like I'm crazy for saying that a pen can be used as an effective weapon. I feel validated. :d </document>
<document> #user# #user# guess he lied when he got career politicians out of there. shocking. #Hashtag# </Document>
<document> $500? that's all? no, I have to make it higher so it hurts their wallets. #url# </document>
<document> atomic bomb. the. filibuster. Fuck McConnell. #url# </document>
<document> #user# pfizer i didn't feel any side effects in the first round. The second round starts on Wednesday, let's see. </document>
<Document> #user# I'm not Jewish, but can I board said space laser for you? </document>
<document> #user# I was so disappointed in them! </document>
<document> ok!!! those tiny ears!!!! #url# </document>
<document> #user# #user# pres biden has already declared a national emergency in tx, has generators &amp; clean water on the way &amp; is already sending Fema. Disaster relief will be separate from the Covid relief bill. If you do it this way instead of adding it to the bill, you'll get help now, not weeks from now. </document>
<document> I propose a total &amp; Full shutdown of the whites until we figure out what's going on. (obviously not the good guys). #Hashtag# #URL# </document>
<Document> #user# must be the Pandemic Small Business Aid Fund received by the Catholic Church. #hashtag# Also we need to start taxing tf from big churches. </document>
<document> #user# #user# Do basketball players *have* any ties left after years of playing? :d </document>
<document> #user# #user# #user# #user# i've kicked people out of atr before they even set foot in if they're not masked. Thank goodness the atr I work in is not on the main campus! </document>
However, <document> #user# makes it easier to identify early who is caustic &amp; who doesn't, which is a practical skill. </document>
<document> "When vanderveer heard about it, she didn't seem upset. instead, according to williams, their coach was "heartbroken." It was hard to face - and since it sent players into quarantine again, an even longer one this time, they had plenty of time to think about it. 2/x </document>
<document> similar to what I just said to my mother in a conversation about this mess. #url# </document>
<document> #user# #user# who pays it? We can start repealing the tax breaks Trump gave rich people, start taxing rich people at a fairer rate, &amp; Start Taxing Churches &amp; all other wealthy "nonprofits" that have benefited from PPP loans to small businesses that have suffered due to Trump's pandemic. </document>
<Document> the look on the face of this innocent baby accused of such a crime! :d #url# </document>
<document> There are many things going wrong in the world right now, but this is not one of them. #url# </document>
<document> #user# #user# are you mad at your choice of mops? or was there a live tweet about a movie/series that you didn't like? </document>
<Document> #user# #user# #user# in Texas...that's a good bet. </document>
<document> #user# #user# #user# #user# #user# but I've been told that PT clinics aren't in it for the $ but to help the athletes. #Hashtag# </Document>
<document> #user# if she were a white male, she wouldn't be. People suggested Michael Jordan sit out games to give other teams a chance to win. </document>
<document> #user# yes. fairly recently but still waning. </document>
<document> #user# didn't he just call for unity last week? </document>
<document> #user# #user# it's been a while since I've had a great day, &amp; To top it all off with a concert on the day their new record was released was just perfect. </document>
<document> that's a lot of crap, &amp; someng needs to be done to fix it. #url# </document>
<document> #user# uff...hope this helps to fix the ship! </document>
<document> very important #hashtag# update. part bags 6-11, &amp; on instruction book number two. My fingers may have run out of skin from piece number 6000. :d #url# </document>
<document> #user# tweets about student loan debt. </document>
<document> #user# weirdly it was a friend/colleague who asked me if I had ever thought about it - well no, because I had no idea it existed. She told me to call the leader at a local JC to see if I could add his later in the introductory class. </document>
<document> monkeypox. What?! Yes, anyone who comes to me because they continue to mask themselves can flee immediately. #url# </document>
<document> #user# tv show, &amp; You can now watch all four seasons on Netflix. :d </document>
<document> see who comes home from hospital with new nose, cooler, AC core and &amp; transmission lines! #url# </document>
<document> great use of our fiscal and military resources. #Hashtag# #URL# </document>
<document> #user# Ah, here we go! Full attack on the allergies, ftw! much luck! </document>
<document> #user# so fast they don't even know I was there. </document>
<document> #user# it totally showed that you really love this moment instead of just trying to get into swedes heads. it was fun to watch. congratulations on the gold! </document>
<document> #user# but...but...but...I'm sure anti-vaccinationists who are also anti-maskers will be 100% honest about not wearing masks when getting vaccinated. #Hashtag# </Document>
<document> make this a permanent position for him! #url# </document>
<Document> William just did the "I'm not racist" part, so now we know it was him who asked about the color of his skin. #url# </document>
<document> #user# #user# said the same thing last night - how it could have been an "okay, it'll be a safe destination because I won't be there," it didn't occur to me, but now I can don't stop thinking about it. </document>
<document> how did I get a call/text list for the damn gop? and for that traitor dan crenshaw?! I doubt they will reply to my answer. </document>
<document> #user# the moment cheetolini stole in 2016. actually before that, because i saw the parallels to germany in the 1930s. </document>
<Document> #user# #user# Cheeky?! Holy shit, do you even know the story of why it's so bad for a white man to call a black man haughty? because, damn, that's bad. and what does his $800/year earnings as mayor have to do with it? </document>
<Document> #user# Nah, all good. I read it as an excited "I know, so great!!!" :d </document>
<document> #user# an issue that really, really needs to be addressed in healthcare. good on you! </document>
<document> #user# #user# um... kicking them out gives McConnell control back because it would give Republicans a 50-48 majority. </document>
<document> #user# no. </document>
<Document> #user# #user# #user# the ancient at history! If any of us figure out how to mitigate this, we might win a Nobel Peace Prize! :d </document>
<document> #user# #user# Yep, looks like a terrorist group to me. #Hashtag# </Document>
<Document> removes military personnel just as he is escalating the war in Afghanistan. brilliant. #Hashtag# #URL# </document>
<document> #user# #user# #user# #user# #user# #user# #user# oh, nneka wants to join, &amp; nothing else came. She is now awaiting approval from Fiba to play for Nigeria instead of waiting maybe to be called up by the US if someone gets injured now &amp; Start of the Olympic competition. </document>
<document> #user# #user# #user# #user# If you join a police department outside of the police academy, you still need to do some practical training. You are on a probationary period during this time, &amp; are evaluated by the Field Training Officers before you leaveSolo. basically on-the-job training. </document>
<document> #user# no, he's just ted cruz. </document>
<Document> oh, so Trump released Taliban prisoners even though they killed us soldiers? and they were released yesterday? and he bragged about how well we got along with the taliban? the day before 9/11? Yes, he loves our military &amp; Country. #Hashtag# </Document>
<document> #user# #user# Well I think most of it will spill out as she tried to lift that container when it's full. </document>
<Document> To this day, I expect the Colleges &amp; Call Universities &amp; reclaim the degrees awarded to me. we won't go into how stunned i am that i've been in my job for almost 30 years. #url# </document>
<document> #user# #user# #user# #user# #user# #user# me if 20+ track &amp; field children go to atr at the same time, all need some kind of treatment. #Hashtag# #URL# </document>
<Document> #user# 57 here. I eat toast or cereal for dinner quite often. </document>
<document> #user#, but remember, women's sport doesn't count. #hashtag# double-edged sword for us Stanford WBB fans who are tired of hearing it every...single...year since 1998, </document>
<document> #user# #user# i wasn't really aware of the n95s *without* valves so i'll add and say if ats carry n95s don't use the ones with the valves. They do nothing to protect others from Covid. </document>
<document> #user# this is definitely happening because of the Vax. :d </document>
<document> #user# #user# please tell me you used him to demonstrate how it was done! :d </document>
<document> for so many! 1997 team, the Ogwumike sisters, &amp; so on, &amp; so on. #url# </document>
<Document> In all my years of taking concert photos, this is the first time I've mounted and mounted anything professionally. framed. #user# at Stanford's Frost Amphitheater a week before I started a new job. Gift to myself when I got my 1st paycheck. #Hashtag# #URL# </document>
<document> #user# #user# costco sometimes sells "moving kits" which are a variety of sized boxes, packing materials &amp; Boxes specially designed for crockery/glasses/wardrobe. u-haul sells boxes &amp; packaging material too. </document>
<document> so...no spectators due to a covid resurgence in japan but they will let unvaccinated athletes come there? Good god, it is beyond idiotic to continue with the Tokyo Olympics at this point. #url# </document>
<document> #user# exactly what I thought. #Hashtag# </Document>
<document> #user# huh ... camera phones because the police are brutal is certainly a ... recording. stupid people are stupid. </document>
<document> #user# was it as hot today at Stanford as it was yesterday? I think it was almost 90 degrees there yesterday. I almost melted in the Frost Amphitheater. How's that for irony? :d </document>
<document> I want to know where else did she get the energy to let out those screams like she did when she knew she was going to win a medal! #url# </document>
<document> and the assistant head coach on her left? kate paye Who was a freshman player for Tara the last time Stanford won it all. :d #url# </document>
<document> #user# #user# #user# #user# Why are you trying to acknowledge something you voted no for? </document>
<document> #user# "anyone who declares war on Britain loses..."

The United States would like a word. </document>
<document> #user# you know, andras, a tweet like that actually gave me a glimmer of hope. what a strange feeling. :d Happy holidays to you &amp; your. </document>
<document> #user# #user# Yeah, don't call that damn nose. I figured the saying was "no blood no foul" not "eh, blood". :d </document>
<document> #user# Damn yes! </document>
<document> #user# I liked it when they blasted the Netherlands for it a while ago. </document>
<document> #user# "Sorry injured athlete, but I cannot assess your injuryry because I have to keep wiping the bank." uh yeah, no. </document>
<document> #user# #user# yes, the last part. That's how Schwarzenegger got in. He didn't even get 50% of that recall vote, but he had the highest percentage of votes in a very split vote. </document>
<document> #user# #user# #user# and I see you conveniently ignored the part about how it would have a better chance in a standalone account. </document>
<document> #user# #user# you claim to support the military but you don't know the pin that means a military family? shocking. #Hashtag# </Document>
<document> #user# this is one of my places I want to visit. I need to see those Northern Lights! :d </document>
<document> #user# #user# #url# she has been livestreaming performances throughout the pandemic. The live stream of tonight's concert can be viewed until April 11th. The cost was $25, &amp; the $ goes towards paying their band &amp; crew while not touring during the pandemic. she puts on a fabulous show. :d </document>
<document> #user# Well, you have a conscience, so you couldn't be her by default. </document>
<document> #user# #user# #user# well I know wrestling &amp; Men's rowing teams were out there cleaning it up. point is it was chalk, &amp; At least some of the athletes involved were out there to clean it up. </document>
<Document> You know, when I saw that video earlier, I thought "this looks like a woman, gait wise and just the body in general." I wouldn't be a bit surprised if that were a woman. #url# </document>
<document> #user# Today was also my first day after a break of almost 2 weeks. Had to grapple with Covid chaos all day with some conflicting information thrown into the mix just for fun. </document>
<document> #user# #user# you know I'm bleeding cardinal red, but Aliyah just bursting into tears was heartbreaking to watch. She is a special player. </document>
<document> snow

hell again

Snow </document>
<document> #user# #user# #user# that's what I said happened to Dunn in that game against Sweden – she just got stranded on an island by her centre-backs. </document>
<document> #user# #user# #user# #user# So the trick is to convince them that ats can provide the same level of care for non-sports films. </document>
<document> I think that might explain my affinity for tigers. #url# </document>
<document> watches an on-demand CE presentation on concussion, &amp; The moderator speaks so fast that it gives me a headache. #Hashtag#! </document>
<document> #user# #user# #user# Your keynote basically externally validated my entire career. are certified since 1997, &amp; practiced pretty much exactly as you discussed. I suspect my background in psychology has something to do with it, but I also did an internship with someone who had similar methods. </document>
<document> #user# Gymnastics is probably my least favorite sport because I get mini heart attacks when I see their heads so close to the beam or when I have to fall off the bar or miss a jump. always on the edge of my seat when i tuck it in. </document>
<document> #user# #user# I saw one like this up close &amp; Personally with a couple of rugby players, although one had his foot pointing completely the opposite way it should be. </document>
<document> #user# #user# #user# I am in a union. we're still adopting the new cdc guidelines, idiotic as they are. Oh, and I'm a healthcare professional. </document>
<document> #user# #user# #user# #user# #user# #user# #user# #user# #user# #user# truth. </document>
<document> #user# #user# this whole CD is fabulous! unfortunately i will not be going to mt for their shows. i was talked out of it by my bff, who reminded me of the delta+ variant, &amp; how mt is one of these anti-mask states. </document>
<Document> I will always be with you...

brandi carl :d #url# </document>
<document> #user# that was my thought too. </document>
<document> #user# #user# after all, sir, you are a pA perfect example of what og posted about. just needed to focus instead of not saying anything and just thinking about what she had to say. </document>
<document> #user# #user# Nah, we're seeing South Carolina vs. Texas highlights instead. Stanford's lack of respect is nothing new. </document>
<document> Congratulations to all new ATCs! Welcome to the best job ever!!! #Hashtag# </Document>
<document> #user# innocent. this looks like it just opened up and spontaneously exploded on its own. :d </document>
<document> #user# Oh shit. :d </document>
<document> #user# #user# I just nodded off in the middle of my second. lol </document>
<document> #user# what a difference a little love, care &amp; can make the right food! they are precious! </document>
<document> #user# wtf?! one more reason to keep your feet firmly on land! Don't get me wrong, I love the sea, but I don't go in the sea. #hashtag# #hashtag# </document>
<Document> I told you all. Be aware of who isn't wearing a mask around you... and stay away from them! #url# </document>
<document> #user# when I was out with teams a lot, anywhere from 1 to 3 weeks, I missed my cats terribly. those little furry girls had me wrapped around their paws. </document>
<document> the problem is the assumption that the extreme left is on "our side". they have more in common with trumpists/gop than with me/(actually) dems. #url# </document>
<Document> #user# #user# #user# 1. can we integrate migrants? How about integrating immigrants if they want, but let's not force that. This is historically a terrible thing that the US has done. </document>
<document> #user# "To my surprise, my head injury was more worrisome than my shoulder/arm injury." yes, a head injury with vomiting is much more worrisome than a shoulder/arm injury. glad she made it to the next checkpoint where there were people who could help &amp; glad she is on the mend! </document>
<document> #user#'s reply to: ebp made me say "yes! thank you!” shout. on my computer! #hashtag# #hashtag# #user# </document>
<document> #user# hope everything went well. </document>
<document> #user# #user# exactly. :d </document>
<document> just one of the many reasons I love this series because #hashtag# &amp; everyone involved with #hashtag# knows this, &amp; was invested to get it right. If you haven't seen the camera edits, check them out. #url# </document>
<Document> #user# #user# I am you now. This will be the first time I get more than 2 days off. Gymnasium, clinic/public relations, etc., I only ever had Christmas and every day off. Christmas Eve &amp; well were 1/2 days. Admittedly, I work with out-of-season sports, but still... </document>
<document> #user# no, no he can't. Please find out how our government works, especially since you are a part of it. </document>
<document> #user# I have it on DVD but I haven't been able to watch it since I saw it in the cinema even though it was so well done &amp; Hillary Swank nailed the role perfectly. </document>
<document> sure...but let's face it, I don't condone crap, &amp; that makes me more single. :d #url# </document>
<document> #user# #user# *whispers* Nerve bundles of the brachial plexus :d </document>
<document> #user# People need to stop sending this stuff out into the universe, yo! </document>
<document> #user# #user# use a cat filter, &amp; You can ask for more. </document>
<document> #user# is what I mainly started with last year. also i have disabled rts from some people i follow because all the stuff they rt is stuff i hope i mostly avoid &amp; be pulled in. </document>
<document> #user# i knew it as soon as i saw this picture. </document>
<Document> #user# safely on the move. </document>
<document> #user# because you are a sports coach. :d </document>
<document> #user# Congratulations! </document>
<document> #user# #user# we will have another one in 10 days.This position has been available since January 20th, 2016, 12:00 p.m. </document>
<Document> Whites equate privilege with money/possessions. I can't even count the number of times I've told other white people that that's not what white privilege is all about. #url# </document>
<document> wait... kiana gets checked on the floor &amp; the foul is on her? #hashtag# #hashtag# </document>
<document> #user# #user# he has the greatest military mind you know? knows more than the generals &amp; such. #Hashtag# </Document>
<document> #user# my eyes almost pop out of my head when I see someone go off and try to hit the manchin of Primary WV with a left. have these people never been to wv? or even met someone from wv? </document>
<document> #user# Come on, you don't expect them to do anything differently, do you? it's the women's ncaa tournament after all. #Hashtag# </Document>
<Document> No. We already pay gas taxes &amp; Registration fees to be paid for infrastructure matters. this penalizes people who cannot live close to their place of work, &amp; who do not have access to other means of transport. #url# </document>
<document> after 3 hours of redialling, I finally got through with #user#. I was on hold for maybe 15 minutes before I was able to speak to an actual person. I've been on hold for at least 1.5 hours now, waiting to be connected to someone to manually enter my extension information. 1/x </document>
<document> #user# um... please re-read what I answered. I agreed with her. that's what "that! so much that!" means. I did not in any way indicate that she was not vaccinated. </document>
<document> #user# huh... who would have thought that a program created to rate women would turn out to be so lousy? #Hashtag# </Document>
<document> omfg...can the #hashtag# stay on pages from now on? pretty please? #hashtag# #hashtag# </document>
<document> #user# #user# also the sparks have the ogwumike sisters who know how to compete against brittney griner. </document>
<document> #user# Congratulations on the early finish! I'm usually crawling for the last few hours. lol #hashtag# </document>
<document> #user# pretty sure some might have been. </document>
<document> must say it's a really nice feeling to wake up, &amp; My first thought shouldn't be, "Well what did that asshole do today & are we already at war with someone new?" I could live the rest of my life like this. </document>
<document> #user# yes. Paper towel will stop the grease before it hits the glass. </document>
<document> #user# hey dc residents, mike here says you don't deserve representation. I think that means you all don't have to pay taxes now. not that we went to war with any country over this unrepresentative taxation or anything. </document>
<document> I really wish they would wait until Biden is sworn in with these federal charges. #url# </document>
<document> #user# bill barr sucks. Trump fomented the uprising long before yesterday. </document>
<document> has stopped listening to people telling me what to do &amp; started living my own fucking truth. #url# </document>
<document> #user# #user# oh my typo... another hour &amp; (now) 7 minutes. </document>
<Document> oh, so Trump released Taliban prisoners even though they killed us soldiers? Yes, he loves our military. #Hashtag# </Document>
<document> "nneka hasn't criticized US basketball, but said that when she didn't make the US team, she didn't want to wait for the opportunity to maybe be called up as a substitute...she was in that position and said she doesn't see herself as a "second choice" </document>
<document> #user# I thought I was having an allergy attack - sneeze at it. :d </document>
<document> #user# damn. </document>
<document> #user# #user# Bucky is living his best life! yes bucki! </document>
<document> "just a little strawberry... rub some dirt on it..."

omg...i love this kid!!! #URL# </Document>
<document> #user# #user# #user# #user# #user# Yes, I have been a sports medicine doctor for over 25 years, the majority of which has covered rugby. It's amazing what shakes some athletes and not others. </document>
<Document> If you've never seen this show, here's your chance to correct it! #url# </document>
<document> #user# I know what it's like trying to type/think before you're fully caffeinated! </document>
<Document> Well, we really shouldn't be surprised. #url# </document>
<document> yes. far too many to count, including some of my family members. #url# </document>
<Document> Yes, Cheetolini is really helping our military &amp; your families. #Hashtag# #URL# </document>
<document> #user# you were all proud, coach. Aari's last shot might as well have been gone. I thought it works. that it was so close to being guarded by 3 players, &amp; she was off balance...well, everyone knows it could have gone either way. You make everyone aware of this. </document>
<document> #user# someone told me "they just pull trumps now!" Sure, then the Dems are the ones to overthrow our government, so no, that's not going to work. If he tries to seize power now on January 20th, he can be deposed. </document>
<Document> and no, I'm not saying that's all undocumented people do. they contribute in many different ways, &amp; You pay taxes here too. </document>
<document> #user# Yes, no, I don't do "local" group BS. if i don't communicate with you irl i won't communicate with you on fb, &amp; i stay here for myself </document>
<Document> #user# #user# #user# #user# #user# #user# Yes, I know how hospitals work, thanks. I never said I blame anyone, but there has to be a better way. </document>
<document> #user# oh, that's a veeeery long way! </document>
<Document> #user# President Biden is using executive orders to reverse the heinous EOS signed by Trump. so was it okay for trump to govern like that, but not for pres biden? gtfoh with that &amp; fuck all the way </document>
<Document> Increase salary, implement protective measures against Covid, stop treating employees like crap, offer paid sick leave, don't work shorter hours. simple solutions, but business owners just want to blame something/someone else. #url# </document>
<document> #user# I absolutely love where I work now. Even with the Covid hell going on for the past 3 weeks I wouldn't trade it anywhere else.

and good job at the basketball coach! #Hashtag#! :d </document>
<document> it is not alarming if clearly worded, &amp; They're just pointing out what's going on. #url# </document>
<document> #user# #user# When I fly re/t, I routinely check in for my flights the day before, &amp; If I don't check in baggage, I skip the entire check-in queue. could have been the case, or the no fly list was updated after check in. </document>
<document> #user# aaaannnnd my brain just thought, "Huh, what are the factors that would go into such a study?" Then I proceeded to think of a few factors. #Hashtag# </Document>
<document> #user# Everyone but white people is lazy, remember? #Hashtag# </Document>
<Document> A few hours ago there was also a bomb threat at another high school in Bay Area. with? #url# </document>
<document> #user# similar to what we did earlier. </document>
<Document> #user# #user# #user# No, Ford *literally* never won a national election. he wasn't even elected nixon's vp. He was promoted to VP via the 25th Amendment after Spiro t. agnew resigned as vp. </document>
<document> #user# #user# it's really amazing to me, but then again, I've never hated myself for being queer. </document>
<document> #user# ah, I know the conservative attitude was still there. </document>
<Document> wtf, Georgia?! #url# </document>
<document> #user# #user# "is the person assigned to do this work having trouble with this?" *Customize Halo* </document>
<document> #user# #user# #user# no, they are not. broken sternum is much more serious, &amp; can take up to 8 weeks to heal enough to play. Your gaming fitness will also be affected when it comes to cardio. With a knee injury, nneka should be able to keep her cardio close to game fitness. </document>
<document> #user# I hope you told whoever told you this to fuck off &amp; mind their own business, that you will grieve in your own way &amp; Time. There is no timetable for mourning. none. </document>
<document> #user# I'm so happy that I can avoid people both because I'm not working now, because I've closed my job, &amp; because I don't live near people. </document>
<document> #user# #user# I would move there or Ireland in a heartbeat. I'm pretty sure I could find work in rugby either way. </document>
<Document> #user# Month of American History? If he doesn't like Black History Month, I really don't think he will like American History Month. </document>
<document> #user# #user# #user# #user# nope, the country definitely doesn't need the normalization of freaking nazis like gaetz. </document>
<Document> I found a bottle of garlic powder that I'm pretty sure is fossilized. I wanted to empty the contents, then clean &amp; Reuse the bottle but it was so solid I couldn't break it at all. </document>
<document> #user# #user# #user# #user# #user# #user# #user# #user# #user# #user# It will not surprise you that I was the "troublemaker" at this clinic. :d </document>
<document> #user# there *is* nothing better than a well-executed dump tackle. :d </document>
<document> #user# #user# my first thought was "And this teacher is still alive?" second was "not fired?" </document>
<document> #user# #user# #user# #user# #user# #user# #user# #user# there is no question at all that nneka should have made the squad for Tokyo unless she not responding well to rehab for injury, &amp; Her athletic coach could have updated US Basketball on her progress. </document>
<document> #user# #user# Yes, but the women have socks &amp; an umbrella. #Hashtag# </Document>
<Document> #user# #user# #user# yeeaaahhhh...don't get me started on ca's antiquated power system. </document>
<document> #user# #user# #user# I'm in ca so I tend to agree but it has to be a consideration. </document>