 
	<document> millionaire #user# tells the little people to sit down and shut up - from inside his gated mansion. #url# </document>
		<document> perhaps i should have screenshot his tweet but i assumed that telling a jew to fuck off for being a jew and referring to them ‘always banging on about the holocaust’ is enough to warrant it being anti semitic </document>
		<document> #user# yeah everyone (and i mean everyone) needs to calm the fuck down. </document>
		<document> sorry, that i'm angry! it's the only right that i have, is to talk, to speak out like this way! stop israeli crimes in #hashtag# right now! #hashtag# #url# </document>
		<document> #user# #user# #user# #user# sorry mate 
this was the same issue i had with my metamask wallet, but it was resolved immediately after i wrote to their instant support team using the form below.
i think you should write to them too ..goodluck.
#url# </document>
		<document> #user# send every russian billionaire &amp; their families back 2 russia now. 

once they are there they’ll hate it so much they will find a way to get to putin &amp; stop this🛑

these oligarchs will get rid of putin once properly motivated.

they &amp; the dumas can bribe/threaten putins guards. </document>
		<document> #user# #user# and draymond is the anchor of the warriors whole defensive system with his ability to switch and guard every position. that’s what i meant by making ben the anchor of our defense. </document>
		<document> light yellow diamond earrings 3.4ct radiant cut lab grown dangle earrings in 14k gold double stone engagement earring unique christmas gift #url# via #user# </document>
		<document> wow the colours in this are amazing so clean .. would look beautiful on any wall meta or physical #url# </document>
		<document> a simple search explains what was originally a cold war artifact!  i only know one person and régime that has used polonium and novichok.  👉 #user# #user# #user# </document>
		<document> #user# i want joseline to donate a nice wig to a few of the ladies . specifically chanel , lollipop , wet wet , and amber .. which amber hair is cute in the confessionals so 😭😭😭 </document>
		<document> the pentagon sees no indication that #hashtag# is preparing to send forces to #hashtag# in addition to those already involved in the war, according to the u.s. defense department #url# </document>
		<document> #user# #user# #user# we already have communism. 5 million working for govt. 80 % tax and nothing to show for it. </document>
		<document> js im wearing the same outfit in my pfp to kzoo </document>
		<document> #user# #user# #user# alaeddin was born then they go back to giving screen time to this pathetic character. only waiting for tursun fakih then i’m not watching this crap! 🤢 #url# </document>
		<document> apparently ur reach gets fucked over by the algorithm if you have more retweets than original posts,,,,,, uh oh i'll calm on the rting for a while i think ;;; i have some big stuff planned i kind of don't want to flop </document>
		<document> in employment today, a group led by helen the accessible is looking to hire a guard for a quest. sources say the quest involves delivering a message to queen celine the busy. </document>
		<document> #hashtag#
#user#

rs 2 billion allocated to transform pm house into a university.
effective diplomacy saved pakistan from paying $1.2bn penalty in karkey case </document>
		<document> #user# #user# #user# #user# #user# they are highly prevalent in ukraine considering they have control of the national guard who have been terrorizing people in odessa, lpr and dpr for 8 years. 
usaid and ned funded these groups in ukraine. john mccain, lindsey graham and others met w svoboda to plan an “offensive” </document>
		<document> #user# restart dormant nuclear power station? or speed up the process of fusion power diffusion whilst educating humanity to reduce power usage and rely more on clean energy. please commission some experts to do a full analysis and find out the best solution. look forward to the result. </document>
		<document> trying to comfort the little one, oh my god this is awful. “i don’t know how parents do it.. i want to die right now. i rather not be alive than see this small precious baby cry and be in pain. it’s literally making my chest hurt.” trying to calm himself and the baby boy. </document>
		<document> #user# you still have a long way to go so just calm down bro think of how to increase your bank account so u won’t end up blaming yourself tomorrow abi them never tell you say celebrity life hard abi </document>
		<document> #user# thanks!! our lawyer is dealing with mike white construction’s insurance company. we spend $400 per hour, their insurance company is like us trying to sink the titanic with an icicle. but we have to expose them to warn others. </document>
		<document> #user# #user# 🤯 these clowns and their pursuit of a good vs evil, right vs wrong, sane vs insane, reality vs make-believe, dems vs repugnantcans(gqp), us civil war against the trump cultists &amp; their backwoods inbreeder whackadoos isn't that far out of the realm of possibilities🤪🤷🏼‍♂️ </document>
		<document> i've been building this app without clean code practices in mind to release fast, will bite me in the ass in 6 months. </document>
		<document> why did this patient just tell me she wishes her husband was dead? like ma’am what do you want me to say to that. ion get paid enough for this 😭 </document>
		<document> #user# buddy, this is what you should keep an eye out this year🤩#user# a very promising platform that soon to release will blast off in the world of #hashtag# a digital artistry where all art lovers can show their passion on #hashtag# to the space🚀🔥 

#hashtag# #hashtag#community #url# </document>
		<document> #user# #user# people would have to mow through manchin and his billionaire friends first. </document>
		<document> #user# seriously ron was so set up to be the sokka of the group with the chess thing then jkr’s all “nah i’ll just make him an idiot, then let them give his few remaining good lines to hermione in the movies so he looks even more useless” </document>
		<document> #user# #user# #user# #user# trump gave russia 3 us bases in syria with out consulting with the pentagon! </document>
		<document> #user# when you've got that in your closet,  taking up space and the rule is "if you haven't worn it in a year you have to throw it out "... </document>
		<document> new lips, who dis?!! 💋 katie enhanced this beautiful patient’s natural shape by restoring volume and correcting her lip ratios. not only did she benefit from added volume to plump the lips but you can see how much more hydrated her new lips look. #hashtag# #hashtag# #url# </document>
		<document> #user# #user# i think bro was just talkin about the deal not who was gettin it </document>
		<document> lovely content🔥
promote it on our ig 5million+ networks
direct message us❤️
#url# #url# </document>
		<document> urgent! now is not the time to give up on making sure kids have the food they need. no child should go to bed hungry. act now - your member of congress must make this a priority. #url# </document>
		<document> #user# #user# the school (it was a private religious school) i went to was not as bad as it could have been. at the very least they were not racist or antisemitic, we actually spent a lot of class time over multiple years talking about the evils of slavery and the holocaust </document>
		<document> #user# #user# #user# ...and all this after the protests started. i ask again: do you have proof that us rallied people of ukraine to the barricades? if not, that is what is called a spontaneous revolution.

you think the west would had said after that, "no, we dont support your cause"? </document>
		<document> alluri cult mass celebrations loading all over ap/tg/ka 🤗🔥

#hashtag# 
#user# #hashtag# #url# </document>
		<document> #user# yay inflation and supply chain bullshittery! i’m praying my little 05 scion outlives this market. </document>
		<document> #user# mr gary.. the man is right....why not allow the chinsese to come establish a territory in ireland </document>
		<document> quick appreciate post for all my fellow guys roaming pit road. what we do is incredibly difficult, and sometimes we take a beating for stuff we can't control. some days you just gotta tighten the gloves, put in your mouth guard, and be ready to go down swinging. #hashtag# #url# </document>
		<document> #user# #user# #user# from bsu,, kasingenge,, drop me calm down from rema going out to my brother frank niwaabine, juston from rukungiri and all my friends at bsu,,, ##hashtag# with fanta## </document>
		<document> my bosses dad just been taken to hospital with a suspected blood clot.

if only she'd of listened to me done some research and could of passed on the information. </document>
		<document> #user# #user# #user# honest question; should kbfc do a guard of honour for jfc? </document>
		<document> #user# yeah, people who want to give our citizens healthcare and clean air. that’s the real problem. </document>
		<document> #user# dead ass that shit caught me off guard 😭 </document>
		<document> #user# a trainee again for 5 or 6 years lol for, as you call, it a lapse in judgement/mistake.... wtf planet are you on. he should get a severe talking to/warning from the boss.. be forced to hand in his phone upon start of every shift.. and maybe not get his christmas bonus.. enough. </document>
		<document> here, right in between my lips, there are words trying to flee to express the pain i hold in my heart, the pain that feels like a hundred needles prickling together. can you please just part my lips, place your mouth on mine and pull ‘em words out, for that might help me breathe. </document>
		<document> #user# #user# #user# #user#app sorry mate 
trustwallet have upgraded to web3.0❗ 
this was the same issue i had with my wallet until i wrote to their instant support team and it was rectified . i think you should write to them too .this is the link ..good luck
 #url# </document>
		<document> #user# non oomf you made me almost uncontrollably laugh in the middle of art class </document>
		<document> #user# you should be able to just take a photo of your insurance card and upload it into your my health connection app. if you need further assistance, please call 1-855-395-9031 (m-f 8 am-5 pm) for technical assistance. they should be able to help you. </document>
		<document> monday hells kitchen 🔥  invites you to a party! #hashtag#
#url# #url# </document>
		<document> hope i live long enough to see the negligent killing of a vulnerable road user with your vehicle while sober actually become somewhat against the law. #url# </document>
		<document> nawaiwaqt sunday classified ads 6 march 2022 for drivers 2022 job advertisement pakistan #url# </document>
		<document> “higher than giraffe pussy” 😭😭😭 shrooms will have you there for sure #url# </document>
		<document> draawwwwwwing/ commissions --- !donate to charity for "aid for ukraine" #url# </document>
		<document> i am totally cool with a political war. #user#, they waged war on america already. we must fight back. don't back down. drop that bomb on trump and his cult. #url# </document>
		<document> nebraskans for peace, along with other organizations, rallied community members sunday to gather for a global day of action to stop the war in ukraine. photos and more here: #url# #url# </document>
		<document> #user# #user# i think overall it’s for freedom. i seen what happened in iraq. that was nuts. saddam couldn’t control his people from protesting in the streets so he threatened to release the prisons. when he did, men had to defend their families from roaming hoards of criminals. </document>
		<document> #user# #user# exactly... being early pays off... obviously, you were super early on ftm, but the hype fades at a point... na to carry our bags go the next new chain🤣 </document>
		<document> this owlet brand seems to be everywhere; online and offline. i actually hope they succeed. </document>
		<document> check out this listing i just added to my #hashtag# closet: lot 3 white, red and black gently used callaway golf ⛳️ balls golfing 🏌️. #url# #hashtag# #user# </document>
		<document> #user# #user# this will be far more complex to do it than to write it. for a great variety of reasons coming mainly from fluxes fluidity. fluidity has a lot of weak points and oil will be a significant actor in the next movie we gonna witness. paradoxally, better for oil not to screw too early #url# </document>
		<document> #user# they are definitely more time and energy consuming!! it is really an art to a) calm/reassure an angry or upset person and b) get to a point of understanding. in ed i used to be dispatched to ‘karen birnie specials’ (people kicking off for whatever reason). it was a massive </document>
		<document> listen bro these are only coincidence not kismat ka khel or love 😂 </document>
		<document> purpose discovery is a gradual process. i know you just listen to a teaching or seminar about it and it seems like you are wasting your life, calm down!!! it's gradual, step by step until it becomes sudden. </document>
		<document> 1/ pastor confession:

sometimes…actually, very often, i wish my small, close-knit confessional reformed church had more enthusiastic volunteers, more vibrant programs, and more ‘numbers’ success in general.

i wish we could maintain our reformed distinctive but look like… </document>
		<document> #user# #user# #user# yay!!! lets go!!! #user# you got this!!🙌🏽🥳🍀 lets see that w!🙌🏽🥳🍀 lucky cat to you and everyone else!!!🙌🏽🥳🍀🍀🍀🍀🍀🍀🍀🍀🍀🍀🍀🍀🍀🍀🍀🍀🍀🍀🍀 #url# </document>
		<document> #user# we don't have a president. we have a vegetable who's a beard for soros, obama, susan rice, etc.  this country will collapse. #url# </document>
		<document> the fact is, we need markers in life, whether we subscribe to a religion or not. and the major holidays, such as christmas, serve to remind us of the turning world. </document>
		<document> check out this listing i just added to my #hashtag# closet: nwt farm rio swinging palm maxi skirt xl multi. #url# #hashtag# #user# </document>
		<document> personally i were a pastor i would not self sabotage like this #url# </document>
		<document> #user# at what point will #user# fire do nothing merrick garland and instal a real doj prosecutor?  americans are mad as hell &amp; we are about to give up on the premise of "nobody is above the law" </document>
		<document> #user# #user# its so weird and the way ppl hc people as certain lgbtq+ identities because they fit into stereotypes or purposely make them fit into those stereotypes is so bad for the community. plus you are centering a cishet white man at the center of the community. wtf. </document>
		<document> this is ridiculous. we don't need #user# doing the job that #user# #user#  are perfectly capable of doing. #hashtag#
billionaire-backed group enlists trump-supporting citizens to hunt for voter fraud using discredited techniques #url# </document>
		<document> some debut for marr on lbc. forgot to acknowledge mair at the handover, propagated a ww2 myth about keep calm and carry-on, set up a false equivalence about supporting ukraine or siding with oligarchs and then introduced camilla tominey. fuck the fuck off! #user# </document>
		<document> fight the bad thieves who go for either wares or souls or both and dream that they win so that we can have a tomorrow. remember anybody born after 1979 was brought up on the proceeds of corruption, either voluntarily or involuntarily.... enough said my younger bro. goodnight </document>
		<document> #user# agree totally that this is a serious pain in the ass. i feel like the core problem is the anachronistic us school schedule. a 10-week summer break is totally out of sync with the needs of working families. year-round schedules with 4 breaks of 2-4 weeks each works well elsewhere. </document>
		<document> #user# #user# nah i got home from encore on pure willpower and a prayer i can barely make it to the gas station around the corner lol </document>
		<document> #user# got bullied in high school to the point where i have to get out and move to another one and then i discovered clean and mean. if you know you know 😫 </document>
		<document> it is so bittersweet that we share our very own mr. mcdougall has accepted an honorable offer to return to his roots with the us coast guard. his last day will be next monday, march 14th — please take the next week to share your well wishes and thanks with mr. mcdougall 🐊💙💚 #url# </document>
		<document> cant wait to get my night guard 🤩 hopefully it helps my jaw pain :(((( </document>
		<document> #user# #url#
"dance in the mirror " 
surrealism
the beauty of the dance has broken the mirror and the eyes were surprised by the beautiful dance. </document>
		<document> i stand in solidarity with ukrainian civil society organizations who have come together to create the kyiv declaration, calling on the international community to respond to six urgent appeals. #hashtag# #hashtag# find out more: #url# </document>
		<document> here's a beautiful picture of jerusalem to brighten your day! 🇵🇸❤️ #url# </document>
		<document> can i get my pizza made by the hottest fucking milf in the papa johns kitchen </document>
		<document> happening now: #user# announces a plan to redevelop the abandoned fisher body 21 plant into hundreds of new units of mixed income housing and with significant retail offerings. 

watch live: #url# </document>
		<document> #user# i had someone ask me in the summer how i "deal with my thighs rubbing together? - because it's disgusting." they need to punch themselves a few more times to think about what they're saying. </document>
		<document> content writers are the invisible heroes who use 26 simple letters to convey your business’s core values, brand pillars, and culture.

read more 👉 #url#

#hashtag# #hashtag# #hashtag# #hashtag# #hashtag# #hashtag#s #hashtag# #url# </document>
		<document> if you’re not laughing, you’re not living 
#hashtag#
elon musk: woke messiah episode 39 #url# via #user# </document>
		<document> idk for some reason i see coi leray with another female but she’s mad cute though </document>
		<document> i voted for #hashtag# as the best meme face, how about you? find out which will win in the #hashtag#, coming on theaters soon! 🧐 </document>
		<document> paying for therapy is really stressful and im going because of what capitalism has done to me and everyone around me it's so fucking ironic to exist like this </document>
		<document> #user# goodnight my sweet nikolett have a calm night and sweet dreams 🌹❤️🌹❤️🌹 </document>
		<document> 🥰🆘❤️🐈‍⬛❤️🆘📢#hashtag# #hashtag# #hashtag# #hashtag# #hashtag# #hashtag# #hashtag# #hashtag# #hashtag# #hashtag# adopt.foster.donate.share for felines needing loving homes. now more than ever they need us &amp; we need them-unconditional loyalty &amp; love 24/7-365!🥰 #url# </document>
		<document> my notifications are always active for all #user# social networks, i hope i'm the lucky one 🙋😱 #url# #url# </document>
		<document> #user# #user# you can’t blame him for committing assault and criminal damage after being convicted for other crimes? wtf </document>
		<document> #user# buy special nfts "it's my time to be a hero" and i will donate the money to an ngo that helps in providing supplies for ukraine!

i will update here when a buy has been made and where my donation was sent.
support me to support them!

#hashtag# 
#hashtag# 

#url# </document>
		<document> like canada, israel hadn't had a confirmed case of polio in decades. now it does. we mustn't lower our guard on childhood #hashtag#. #url# </document>
		<document> // making c my puppy call us sunni and alex </document>
		<document> how do people commit to being so indie and hipster. i’m just tryna wear some shorts and workout pants everywhere not a full on wool outfit </document>
		<document> #user# #user# i don't care about morality, i want cheap shit </document>
		<document> [💰- 𝐋𝐈𝐅𝐓𝐘 &amp; 𝐒𝐇𝐈𝐅𝐓𝐘] knock knock knock, you're lucky they got attached, they don't do this for anyone, y'know ! #url# </document>
		<document> unpopular opinion: it was a very good album. no need to apologise. #url# </document>
		<document> #user# #user# #user# #user# #user# #user# #user# #user# #user# #user# stop playing with our minds as ugandans by romancing dictator #user# by pet #hashtag# of kandiho.ugandans don't want #hashtag# to fight for us but to defund the illegit gov't which lost elections to #user# stop the hypocrisy #hashtag# #user# #user# #url# </document>
		<document> #user# #user# karen tried to straight clown 🤡 fatima &amp; called fatima out her name

still fatima could have cold clocked her &amp; did the same but she was reminded she was at work &amp; remained calm

karen had no business coming to her workplace. 

professionalism &amp; character went out the window. </document>
		<document> i was like “they’re gonna graduate and try to defend this opinion like that and embarrass me by association” so i started playing devil’s advocate in class to whip them into shape and accidentally changed my own mind lol </document>
		<document> #user# 👹✨👿on one planet in the zman universe. there was a giant who sold his soul to the demons in exchange for gaining demon powers.
#url# </document>
		<document> ragin!!! someone has hit my car and driven off no note nothing!!! like seriously wtf </document>
		<document> #user# it was a lovely saturday afternoon, and my sisters and i went to the annual spring fair in our hometown in royal woods. there were colorful rides, fun games, oversized plush toys to win and the smell of corn dogs filled the air. </document>
		<document> #user# #user# #user# it’s strange that people are so concerned about one who gave them hope just in 3years but remained too calm while some were destroying this country and that too for more than 3decades!! </document>
		<document> #user# #user# dont be sorry???? wtf ur my friends stfu </document>
		<document> #user# probably the most luckiest lad in football a player of his ability would be lucky to get into a championship team that's how mediocre a player he is #url# </document>
		<document> nobody could ever calm the storm in my head..... :(( </document>
		<document> bruh i’ve been like 13 days clean n she’s out here saying she’s gonna send me back to marseille with my grandparents girl i will literally off myself i hate french ppl </document>
		<document> commercial free radio for a modern world. the mad music asylum #url#
#hashtag# #hashtag# #url# </document>
		<document> vicarage weather feed 🕒 13h | ☁ cloudy wind: calm gust: 0.0 km/h temperature: 21.3 °c humidity: 46 % pressure: 997.0 hpa rain: 0.0 mm #url# #hashtag# </document>
		<document> #user# omg! check this nft giveaways mate #user# the real goat </document>
		<document> #user# #user# it seems that russia severely underestimated their opponent. </document>
		<document> the 22 years old palestinian abdul rahman jamal qasem who was murdered in cold blood by zion!$t american backed j€w!$h occup#user# soldiers in the old city of occupied jerusalem about an hour ago, occupied palestine, 6 march 2022. #hashtag# #url# </document>
		<document> the bobcats knew their season was on the line though and continued to claw back. a pair of triples from graduate guard jo’nah johnson helped texas state go on an 11-2 run in the second quarter to cut the lead to just three. 
#url# </document>
		<document> stop covid hanging around ✋ washing your hands is an important way to reduce the risk of catching covid-19 or passing it on to others. wash your hands with soap and water for 20 seconds or use hand sanitiser. clean your hands frequently and avoid touching your face. #url# </document>
		<document> billionaire mogul with russia ties emerges as major donor to hochul, numerous pols #url# </document>
		<document> #user# that's unfair cause there are like sooooooo many </document>
		<document> let our blazing scarlet eyes bear
witness… </document>
		<document> i’m really good on all that makes me feel shitty . so in that time being i will remove myself . i no longer gaf about none else. </document>
		<document> this is unbelievable. this man is accused of assaulting his ex partner and #user# #user# drops a plug for his next album in the court report. who on earth thought that was a good idea? #url# </document>
		<document> #user# you will be very sick when you see planet of fire 🔥 coming to you and burning you then you will go to hell and you will believe that the words of allah holly great quran is the words of allah and it’s all true </document>
		<document> cock inspection-

send your best muses cock and ill heart it if i like it to be in my pussy mouth or ass alright guys #url# </document>
		<document> the pentagon bio-weapons
by dilyana gaytandzhieva -april 29, 2018
#url# </document>
		<document> #user# doug, all of a sudden u've got ur guard down. let truth prevail. ukrainian cowards are using civilians as body shields. zelensky must be stopped before more innocent blood is lost. </document>
		<document> #user# develop denied patents that are actually clean energy if your cared about your imagined future with real environmental 'solution'. batteries do not last forever. expensive. are not recyclable and dependent on electricity. when/if the grid goes down... what will you plug into? </document>
		<document> imo mordern white nationalist who hates putin for his judeo thinking and actions need these kinds of battalion. #user# #user# #user# #user# #user# </document>
		<document> #user# mad hatter: bats don't like the lewis carrol book </document>
		<document> #user# the one where auntie mabel got locked in her kitchen pantry or something and then a fire started and pippin had to save her - the anxiety, but pippin saves the day! </document>
		<document> #user# you can't even buy electric cars at a dealer if you want one, you have to order them and wait a year or buy a used one, likely with problems... </document>
		<document> man hp have my boy #user# in the dam kitchen! 😂🤣🤣🤣 if you know anybody bout him a kitchen one place you don’t leave him </document>
		<document> due to the recent wave of terror attacks, israel’s border police will increase its force in jerusalem and surrounding areas. police source: "the sequence of attacks is worrying, we are preparing for an escalation ahead of ramadan next month”. </document>
		<document> #user# #user# i’d just like to know how an actor playing the role of ukrainian president ends up actually being the ukrainian president.  and then, i’d like to know how he became a billionaire.  is that normal? was president regan a billionaire after 4-5 years in politics? </document>
		<document> #user# #user# ☝️this right here is an example of what makes the $tggi fam special. real people doing real dd, no pumping, realistic expectations. it’s been amazing to watch this unfold over the last year, i hope we’re all rewarded soon. thanks brother! </document>
		<document> who would love to fuck my mom? send me your dick in dms and tell me how you'd fuck her 😈🥵 
#hashtag# #hashtag# #hashtag# #hashtag# #hashtag# #hashtag# #hashtag# #hashtag# #hashtag# #hashtag# #hashtag# #hashtag# #hashtag# #hashtag# #hashtag# #hashtag# #hashtag# #hashtag# #hashtag# #hashtag# </document>
		<document> blocking, muting, etc more freely was the best new year's resolution i've ever made.

(shifting from a perspective of "i'm mad at/judging/punishing this person" to "i'm managing the content i can/want to engage with regularly" freed me from feeling guilty about it, too.) </document>
		<document> #user# there are no words for you right now. i’m just glad i got to meet you and share a moment of heartfelt conversation. tycen brought so many people together from diverse backgrounds and beliefs. his life brought meaning to many and will be honored by the father and the son for it. </document>
		<document> anyone who knows big brother's house, i promise i just want to talk about tulz 😡that's all #hashtag# </document>
		<document> #user# #user# #user# for whatever reason, the whole entire, civil world, is bowing down to tyrant pooty poot and letting him reign down terror, wherever he wants and on whoever wants. sad day to be a part of such cowardice. #url# </document>
		<document> how calm i’ve been lately is scary 😧 i use to let everything trigger me .. now it takes a lot to get me outta character because i simply don’t like how evil i can get </document>
		<document> #خوددار_قوم_باضمیر_لیڈر pakistan is an independent and sovereign state. for the first time, a ruler has made the world believe this fact. #user# #user# #url# </document>
		<document> #user# #user# #user# that's on top of the humanitarian disaster in ukraine. it's immoral to sacrifice ukrainians for our potential safety. in fact, that immorality boomerangs with the refugee crisis destabilizing the region. this will almost guarantee a holocaust in the end. </document>
		<document> #user# i noticed that when that i saw clips of revolution. hangman's the man! #url# </document>
		<document> i know budget is limited.
i know there is not enough work days.
i know deadlines are tight.
i know there is not enough personnel.
i know you think your data collection tool is rock solid.

whatever your reasons may be, do not take testing your data collec…#url# </document>
		<document> check out hysteric glamour men's orange varsity jacket one size patch chain stitch #hashtag# #url# via #user# </document>
		<document> look at this weirdom spanish civil guard tricornio #url# </document>
		<document> #user# #user# #user# #user# #user# #user# #user# #user# #user# #user# somewhat irrelevant point then. do all road users break the law? yes. does that mean lorry drivers are not responsible for doing all they can to avoid placing vulnerable road users at risk? #url# </document>
		<document> #user# “all americans should renounce this garbage and reject the putin wing of the gop now," says #user#. #url# </document>
		<document> i want the pentagon album so bad yall </document>
		<document> what a pathetic piece of crap test wicket prepared by the pindi groundsman. you can't call a team of australia's calibre and create this kind of a wicket. defensive and spineless thinking by #user# if this was planned by them. utter garbage !!! #hashtag# </document>
		<document> #user# photographers should follow photographers 
we are all collecting fragment of world and beauty together </document>
		<document> #user# are you a globalist or are you a nationalist?

the liberal/conservative divide doesn't really work at explaining things the way it did. </document>
		<document> most in #hashtag# have seen decreased #hashtag# due to #hashtag# when their leader say #hashtag# is so high because of morality issues in #hashtag#️ they will be booted out of their power in their own country which is why #hashtag# won't work $xle $eem #url# </document>
		<document> i just received a gift from boo! via throne gifts: oracle wicca. thank you! #url# #hashtag# #hashtag# #url# </document>
		<document> check out this listing i just added to my #hashtag# closet: nwt farm rio nanaju floral wrap dress xs black multi. #url# #hashtag# #user# </document>
		<document> queen receives flak for having royal guards wear hats made of bear fur - the news international #url# </document>
		<document> #user# #user# #user# #user# seems like a very good project 😎 hopefully this project will shine in future 😎best wishes
#user# 
#user# 
#user#
#user#
#user# 
#user# 
#user# 
#user# 
#user# 
#hashtag# #hashtag# #hashtag# #hashtag# 
#hashtag# #hashtag# #hashtag# </document>
		<document> #user# it’s so annoying girl especially when you’re already frustrated trying to do everything to calm them down 🥲🥲 </document>
		<document> veriaweather 🕒 20h | 🌙 mostly clear wind: calm temperature: 7.7 °c humidity: 80 % pressure: 1010.0 hpa rain: 0.3 mm #url# #hashtag# </document>
		<document> 3. maybe bc my natal chart is dominated by water signs, i love being near the water and visiting aquarium would be a lovely date 4. let's go to a thrift shop and dress each other up! </document>
		<document> coming from someone who is usually very fortunate and lucky, it’s a heavy reality check when something isn’t going to go your way </document>
		<document> #user# #user# #user# #user# you are labelling the whole group of young generation as extremist because they cut the cord and distanced themselves from the regime? as i told you most of them have lost their immediate family members to free #hashtag#. they feel betrayed and lied to. i share that pain. </document>
		<document> wtf?!! the system is fucked up!! they let the molester out on bail but not the man that’s protecting his family? help me make sense of that?!!

#hashtag# #hashtag# #url# </document>
		<document> …and if i wasn’t in fb jail i would’ve commented like bro cut it out🤌🏾😭 </document>
		<document> join the allied universal team! see our latest security officer job openings, including "security guard - part time", via the link in our bio. #hashtag# #hashtag# </document>
		<document> copyright on movie clips is a real pain. </document>
		<document> #user# they are that class of weirdo person who for all their professed love of the planet in fact have nothing but pure hate and disdain for the actual humans trying to live (and many cases just survive) on this planet! love the planet, hate its inhabitants is their credo. </document>
		<document> #user# i say hell yeah, brother like i’m the hulk himself. </document>
		<document> #user# #user# #user# bro calm down. every tweet and video of yours is a reply/insult to ap. atleast farid stopped at 50, do you want to make 50000 videos? no other apologist is as desparate as you are. </document>
		<document> #user# stupid woman. an empathy free vessel, if you will. </document>
		<document> “what do you want to be?” enough bro, i just want to be enough </document>
		<document> nah that shit really catch you off guard the first time you ever do that 🤣 15 dollars a shot?!? #url# </document>
		<document> #hashtag# will be a one stop shop for everything meme token related! it is going to revolutionize the space and it will be the only website you’ll need to track all of your investments in the meme space! we are getting closer and closer to the release every day! 
#hashtag# #hashtag# #url# </document>
		<document> #user# i hope you get better , i've been through this i know how shitty it gets </document>
		<document> #user# them: ah time for a relaxing spa speakers: time to come to grips with your morality </document>
		<document> ‘they are frozen’: poland praised for generous welcome to 1m ukrainians | poland | the guardian - #url# </document>
		<document> #user# i question your ethics, loyalty or intentions enabling fraudsters against me for over a year. i need a logical explanation as to why a wise man as you will do something like that despite my unconditional love and loyalty. are you under blackmail or a life threatening event? </document>
		<document> #user# saquon to miami for a 4th and hunter long </document>
		<document> #user# cut greek freak. start embiid and bench durant. easy one </document>
		<document> tulz has the clearest game plan in the history of big brother #hashtag# </document>
		<document> forgive first, heal and move on
stop using people as rebound, it’s pure wickedness.. </document>
		<document> #user# bro #user# utility is legit. they’re trying to pay back the purchase price to holders on top of other utilities! </document>
		<document> #user# #user# #user# i'm sure you don't care but what a terrible decision. cohn is a hack. sad to see you stoop to his level and give his brand of "journalism" any credit at all. </document>
		<document> i had a fascinating convo with online creator #user# about how he approaches brand partnerships while maintaining the genuine community vibe that helped propel him to the top of twitch over the past two years. give it a read: #url# </document>
		<document> if she refrained from saying anything ignorant she would say nothing at all… c’mon georgia, please do better #url# </document>
		<document> #user# #user# #user# is he a "bunker boy" right now, hunkered down in some sort of anti-bunker-buster mineshaft, with his praetorian guard on red alert for domestic trouble? </document>
		<document> #user# #user# #user# #user# did you know that tekno has so many charity organizations he runs in various countries that he doesn’t really talk about or even post. philanthropy is not by whose giving is heard the most. 
david tries a lot but you guys got to do better pls. </document>
		<document> civil code, article 32. any public officer or employee xxx who directly or indirectly obstructs, defeats, violates or in any manner impedes or impairs any of the following rights and liberties of another person shall be liable to the latter for damages:

(5) freedom of suffrage; </document>
		<document> #user# did tae told you that? if you are so mad about this go and complain to jk then </document>
		<document> hard to believe that our ethno-nationalist grifters turn out to be hopelessly incompetent at every turn, other than pocket-lining. #url# </document>
		<document> exactly

true big brother game #url# </document>
		<document> i’m a lucky girl in many ways but today i am grateful that it takes roughly two business days to tone my stomach when i need to </document>
		<document> 📢 press release: no embargo - coj minority opposition block media statement - the minority opposition block views on the city of johannesburg revoking of staff contracts 📢

#hashtag# #hashtag# #hashtag# #hashtag# #hashtag# #hashtag#south #hashtag# #hashtag# </document>
		<document> please try if you can to donate to health and welfare agencies on the ground. i know things are difficult for us all, but more so for innocents. any donation helps. #user# #user# #user# #user# #user# #user# #url# </document>
	  <Document> Millionaire #user# tells the little people to sit down and shut up - from his gated mansion. #url# </document>
<document> Maybe I should take a screenshot of his tweet, but I figured it's enough to tell a Jew to fuck off because he's a Jew and refer to him as "always on the Holocaust starts talking” to justify being anti-Semitic </document>
<document> #user# yeah everyone (and I mean everyone) needs to calm down the fuck. </document>
<document> Sorry I'm mad! It's the only right I have to talk, to speak like that! Stop Israeli crimes in #hashtag# now! #Hashtag# #URL# </document>
<document> #user# #user# #user# #user# Sorry buddy
This was the same issue I was having with my Metamask wallet but it was resolved immediately after I wrote to the instant support team using the form below.
I think you should write to them too. Much luck.
#url# </document>
<document> #user# send every Russian billionaire &amp; Their families are now supporting 2 Russia.

Once there they will hate it so much they will find a way to go to Putin &amp; stop it🛑

These oligarchs will get rid of Putin once properly motivated.

she &amp; The Dumas can bribe/threaten Putin's guards. </document>
<document> #user# #user# and draymond is the anchor of the warrior's entire defense system with its ability to move and guard at any position. That's what I meant by making Ben the anchor of our defense. </document>
<document> Pale Yellow Diamond Earrings 3.4ct Brilliant Cut Lab Grown 14k Gold Drop Earrings Double Stone Engagement Earring Unique Christmas Gift #url# via #user# </document>
<document> wow the colors in it are amazing so clean... would look gorgeous on any wall meta or physical #url# </document>
<Document> A simple search explains what was originally a Cold War artifact! I know of only one person and regimen that has used polonium and novichok. 👉 #user# #user# #user# </document>
<document> #user# i would like joseline to donate a nice wig to some of the ladies. specially chanel , lollipop , wet wet and amber .. which amber hair is so cute in the confessionals 😭😭😭 </document>
<Document> The Pentagon sees no indication that #hashtag# is preparing to deploy troops to #hashtag# in addition to those already involved in the war, according to the US. Department of Defense #url# </document>
<document> #user# #user# #user# we already have communism. 5 million work for the government. 80% tax and nothing to show. </document>
<document> js i wear the same outfit in my pfp to kzoo </document>
<document> #user# #user# #user# alaeddin was born then they go back to give this pathetic character screen time. I'm just waiting for Tursun Fakih, then I won't watch this crap! 🤢 #url# </document>
<document> Apparently your reach will be broken by the algorithm if you have more retweets than original posts,,,,,, uh oh I'll calm down for a while I guess ;;; I have some big stuff planned, I kind of don't want to flop </document>
<document> is on duty today, a group led by helen the accessible is looking for a guard for a task. Sources say the search is to deliver a message to Queen Celine the Busy. </document>
<document> #hashtag#
#User#

Rs 2 billion has been allocated to convert PM House into a university.
Effective diplomacy saved Pakistan from paying a $1.2 billion fine in the Karkey case </document>
<document> #user# #user# #user# #user# #user# they are widespread in ukraine considering they control the national guard terrorizing people in odessa, lpr and dpr for 8 years.
Usaid and Ned funded these groups in Ukraine. john mccain, lindsey graham and others met with w svoboda to plan an 'offensive' </document>
<document> #user# restart dormant nuclear power plant? or accelerate the process of fusion power diffusion while educating humanity to reduce power consumption and rely more on clean energy. Please hire some experts to do a full analysis and find the best solution. I'm looking forward to the result. </document>
<document> tries to comfort the little one, oh my god this is horrible. "I don't know how parents do it. I want to die right now. I'd rather not be alive than see this precious little baby cry and be in pain. it literally hurts my chest.” tries to calm herself and the little boy. </document>
<document> #user# You still have a long way to go, so calm down, think about how to increase your bank account so that tomorrow you don't blame yourself if they never tell you that you have a difficult life as a celebrity. </document>
<document> #user# thanks!! Our attorney is dealing with Mike White Construction's insurance company. We're spending $400 an hour, their insurance company is like we're trying to sink the Titanic with an icicle. but we must expose them to warn others. </document>
<document> #user# #user# 🤯 These clowns and their pursuit of good versus evil, right versus wrong, sane versus insanity, reality versus make-believe, dems versus repugnantcans (gqp), us civil war versus the Trump cultists &amp ; their backwoods inbred whackadoos isn't that far out of the realm of possibility🤪🤷🏼‍♂️ </document>
<document> I developed this app with no clean code practices in mind to release quickly, will be biting my ass in 6 months. </document>
<Document> Why did this patient just tell me that she wishes her husband were dead? how madam, what shall I say to that? I get paid enough for this 😭 </document>
<document> #user# dude, that's something to keep an eye on this year🤩#user# a very promising platform that will soon enter the world of #hashtag#, a digital artistry that all art lovers can show their passion on # hashtag# to the room🚀🔥

#hashtag# #hashtag#community #url# </document>
<document> #user# #user# people would first have to mow their way through manchin and his billionaire friends. </document>
<document> #user# seriously, Ron was set up to be the Sokka of the group with the chess thing, then jkr is all "nope, I'll just make a fool of him, then she'll leave his few remaining good lines to Hermione Movies to make him look even more useless </document>
<document> #user# #user# #user# #user# Trump gave Russia 3 US bases in Syria without consulting the Pentagon! </document>
<document> #user# if you have this in your closet, taking up space and the rule is "if you haven't worn it in a year, you must throw it away"... </document>
<document> new lips, who got that?!! 💋 Katie enhanced this beautiful patient's natural shape by restoring volume and correcting her lip proportions. Not only did she benefit from extra volume to plump up the lips, but you can see how much more hydrated her new lips look. #hashtag# #hashtag# #url# </document>
<document> #user# #user# I think brother was just talking about the deal not who got it </document>
<document> nice content🔥
Promote it on our ig 5million+ networks
Direct message to us ❤️
#url# #url# </document>
<document> urgent! Now is not the time to make sure kids get the food they need. No child should go to bed hungry. Act now - your congressman needs to make this a priority. #url# </document>
<document> #user# #user# the school (it was a private religious school) I went to wasn't as bad as it could have been. at least they weren't racist or anti-Semitic, we actually spent a lot of class time over several years talking about the evils of slavery and the Holocaust </document>
<document> #user# #user# #user# ...and all after the protests started. I ask again: do you have evidence that we drove people from Ukraine to the barricades? if not, it is called a spontaneous revolution.

Do you think the West would have said afterwards: "No, we do not support your cause"? </document>
<Document> Alluri cult mass celebrations load in ap/tg/ka 🤗🔥 everywhere

#Hashtag#
#user# #hashtag# #url# </document>
<document> #user# yay inflation and bullshit in the supply chain! I pray my lighttle 05 Scion survives this market. </document>
<document> #user# mr gary.. the man is right.... why not allow the chinese to establish a territory in ireland </document>
<document> Quick thank you post for all my pit lane companions. What we do is incredibly difficult, and sometimes we get beaten for things we can't control. Some days all you have to do is put on the gloves, put on your mouthguard and be ready to go swinging down. #Hashtag# #URL# </document>
<document> #user# #user# #user# from bsu,, kasingenge,, let me calm down from rema and go to my brother frank niwaabine, juston from rukungiri and all my friends from bsu,,, ##hashtag# with fanta ## </document>
<Document> My boss's father was just taken to the hospital with a suspected blood clot.

if only she had listened, that I had done some research and passed on the information. </document>
<document> #user# #user# #user# honest question; should kbfc do honor guard for jfc? </document>
<document> #user# Yes, people who want to provide healthcare and clean air to our citizens. That is the actual problem. </document>
<document> #user# dead ass, this shit surprised me 😭 </document>
<document> #user# again a trainee for 5 or 6 years lol because what you call it, it's a misjudgment/mistake.... wtf planet you're there. he should get a stern speech/warning from the boss... be forced to turn in his phone at the start of each shift... and maybe not get his Christmas bonus... enough. </document>
<document> Here, right between my lips, there are words trying to escape, to express the pain I carry in my heart, the pain that feels like a hundred needles are stuck together. can you please just open my lips and put your mouth on mine and pull the words out because that might help me breathe. </document>
<document> #user# #user# #user# #user#app Sorry buddy
trustwallet has been updated to web3.0❗
This was the same issue I was having with my wallet until I wrote to their instant support team and it was fixed. I think you should write to them too. This is the link. Much luck
 #url# </document>
<document> #user# non ooomf, you made me laugh almost uncontrollably in the middle of art class </document>
<document> #user# You should be able to just take a picture of your insurance card and upload it to your my health connection app. If you require further assistance, please call 1-855-395-9031 (m-f 8:00am-5:00pm) for technical assistance. they should be able to help you. </document>
<document>monday hells kitchen 🔥 invites you to a party! #Hashtag#
#url# #url# </document>
<Document> I hope I live long enough to see how negligently killing a vulnerable motorist with your vehicle while sober is actually somewhat against the law. #url# </document>
<document> nawaiwaqt Sunday Classifieds March 6, 2022 for Driver 2022 Job Ad Pakistan #url# </document>
<document> "higher than giraffe pussy" 😭😭😭 magic mushrooms will surely have you there #url# </document>
<document> draawwwwwwing/ provisions --- !donate to charity for "aid for ukraine" #url# </document>
<document> I'm totally cool with a political war. #user#, they have already waged war against America. we have to fight back. don't back down. Drop this bombshell on Trump and his cult. #url# </document>
<document> Nebraskans for Peace, along with other organizations, gathered Sunday for a global day of action to end the war in Ukraine. Photos and more here: #url# #url# </document>
<document> #user# #user# I think overall it's for freedom. I saw what happened in Iraq. that was crazy. Saddam couldn't stop his people from protesting in the streets, so he threatened to release the prisons. When he did, men had to defend their families from roaming hordes of criminals. </document>
<document> #user# #user# exactly... being early pays off... obviously you were super early on ftm, but the hype will eventually dissipate... well, the next new chain is for carrying bags🤣 </Document >
<document> this owlThe brand seems to be everywhere; online and offline. I really hope they succeed. </document>
<Document> Check out this listing I just added to my #hashtag# closet: Lot 3 White, Red & Black Gently Used Callaway Golf Balls ⛳️ playing golf 🏌️. #url# #hashtag# #user# </document>
<document> #user# #user# this will be much more complex than writing it. for a variety of reasons, mostly due to the fluidity of the fluxes. Fluidity has many flaws and oil will play an important role in the next film that we will witness. paradoxically better for oil not to screw #url# </document> too early
<document> #user# they are definitely more time and energy consuming!! There really is an art to a) calming/calming down an angry or upset person and b) getting to a point of understanding. in ed, i used to be sent to "karen birnie specials" (people getting on for some reason). it was a huge </document>
<document> listen bro this is just coincidence not kismat ka khel or love 😂 </document>
<document> Purpose discovery is a step-by-step process. I know you are listening to a lecture or seminar about this and it seems like you are wasting your life, calm down!!! it is gradual, step by step, until it becomes sudden. </document>
<Document> 1/ Pastor's Confession:

Sometimes...actually, I very often wish that my small, close-knit, Reformed Confessional Church had more enthusiastic volunteers, more vibrant programs, and more "numbers" success in general.

I wish we could keep our reformed distinctiveness but look like... </document>
<document> #user# #user# #user# yay!!! let's go!!! #user# you got that!!🙌🏽🥳🍀 let's see w!🙌🏽🥳🍀 lucky cat for you and everyone else!!! 🍀 #url# </document>
<document> #user# we don't have a president. We have a vegetable that is a beard for Soros, Obama, Susan Rice, etc. This country will collapse. #url# </document>
<document> The fact is that we need markers in life, whether we belong to a religion or not. and the big holidays like christmas serve to remind us of the spinning world. </document>
<document> check out this list i just added to my #hashtag# wardrobe: nwt farm rio swinging palm maxi skirt xl multi. #url# #hashtag# #user# </document>
<document> Personally, if I were a pastor, I wouldn't sabotage myself like that #url# </document>
<document> #user# at what point will #user# fire do nothing, deploy merrick garland and a real doj prosecutor? Americans are crazy as hell &amp; we are about to abandon the premise that "no one is above the law".
<document> #user# #user# it's so weird and the way people have certain LGBTQ+ identities because they fit into stereotypes or intentionally let them fit into those stereotypes is so bad for the community. Also, center a cishet white at the center of the community. wtf. </document>
<document> this is ridiculous. #user# doesn't have to do the work that #user# #user# can do perfectly. #Hashtag#
A billionaire-backed group is enlisting pro-Trump citizens to scan for voter fraud using discredited techniques #url# </document>
<document> any debut for marr on lbc. forgot to acknowledge mair at handover, propagated a ww2 myth about keep calm and carry on, set up a false equivalence about supporting ukraine or party for oligarchs, then introduced camilla tominey. Bloody hell! #User# </Document>
<Document> fights the evil thieves who want either goods or souls or both and dream of winning so we can have a tomorrow. Remember that everyone born after 1979 has grown up with the proceeds of corruption, either willingly or involuntarily...enough said, my younger brother. Good night </document>
<document> #user# totally agree this is a serious pain in the ass. I feel the core problem is the anachronistic US school curriculum. A 10-week summer break is totally incompatible with the needs of working families. Year-round plans with 4 breaks of 2-4 weeks each work well elsewhere. </document><document> #user# #user# no, I came home from the encore on sheer willpower and a prayer, I can barely make it to the gas station around the corner lol </document>
<document> #user# was bullied in high school to the point I had to get out and switch to another, and then I discovered clean and mean. when you know that you know 😫 </document>
<document> it's so bittersweet that we share our own mr. mcdougall has accepted an honorable offer to return to his roots with the us coast guard. His last day will be next Monday March 14th - please take the next week to meet Mr. mcdougall 🐊💙💚 #url# </document>
<document> can't wait to get my night guard 🤩 hopefully it will help my jaw pain :(((( </document>
<document> #user# #url#
"Dance in the Mirror"
surrealism
The beauty of the dance broke the mirror, and the eyes were amazed by the beautiful dance. </document>
<document> i stand in solidarity with ukrainian civil society organizations who have come together to draft the kyiv declaration calling on the international community to respond to six urgent appeals. #hashtag# #hashtag# learn more: #url# </document>
<Document> Here is a beautiful image of Jerusalem to brighten your day! 🇵🇸❤️ #url# </document>
<document> Can I have my pizza made by the hottest fucking milf in Papa John's kitchen </document>
<document> is happening now: #user# announces a plan to transform the abandoned Fisher Body 21 factory into hundreds of new mixed-income housing units with significant retail offerings.

Watch live: #url# </document>
<document> #user# I was asked by someone over the summer how I "deal with thigh rubbing? - because it's gross." You have to hit yourself a few more times to think about what they're saying. </document>
<document> Content Writers are the invisible heroes who use 26 simple letters to convey your company's core values, brand pillars and culture.

read more 👉 #url#

#hashtag# #hashtag# #hashtag# #hashtag# #hashtag# #hashtag#s #hashtag# #url# </document>
<Document> If you don't laugh, you don't live
#Hashtag#
Elon Musk: Woke the Messiah Episode 39 #url# via #user# </document>
<document> idk for some reason i see coi leray with another woman but she is insanely cute anyway </document>
<document> I voted #hashtag# for best meme face, did you? Find out who will win in #hashtag# and hitting theaters soon! 🧐 </document>
<document> Paying for therapy is really stressful and I'm leaving because of what capitalism has done to me and everyone around me, it's so damn ironic to exist like this</document>
<document> #user# good night my sweet nikolett wish you a peaceful night and sweet dreams 🌹❤️🌹❤️🌹 </document>
<Document> 🥰🆘❤️🐈‍⬛❤️🆘📢#hashtag# #hashtag# #hashtag# #hashtag# #hashtag# #hashtag# #hashtag# #hashtag# #hashtag# #hashtag# adopt.foster.donate.share for Cats need a loving home. now they need us more than ever &amp; we need them – unconditional loyalty &amp; Love 24/7-365!🥰 #url# </document>
<document> My notifications are always active for all #user# social networks, I hope I'm the lucky one 🙋😱 #url# #url# </document>
<document> #user# #user# You can't charge him with assault and property damage after being convicted of other crimes? wtf </document>
<document> #user# buy special nfts "it's my time to be a hero" and i will donate the money to an NGO that helps supply ukraine!

I will update here when a purchase has been made and where my donation has been sent.
Support me to support them!

#Hashtag#
#Hashtag#

#url# </document>
<Document> Israel, like Canada, has not had a confirmed case of polio in decades. now it's working. we must not lower our vigilance towards childhood #hashtag#. #url# </document>
<document> // c make my pup call us sunni and alex </document>
<document> how do people commit to being so indie and hipster. I just try to wear shorts and sweatpants everywhere, not full on woolOutfits</document>
<document> #user# #user# I don't care about morals, I want cheap shit </document>
<document> [💰- 𝐋𝐈𝐅𝐓𝐘 &amp; 𝐒𝐇𝐈𝐅𝐓𝐘] knock knock knock you're lucky they hooked up they don't do this for nobody you know! #url# </document>
<Document> unpopular opinion: It was a very good album. no need to apologize. #url# </document>
<document> #user# #user# #user# #user# #user# #user# #user# #user# #user# #user# stop playing with our minds as Ugandans by making the dictator #user# via pet romanticize #hashtag # Kandiho. Ugandans don't want #hashtag# to fight for us but to disappoint the illegal government that lost elections to stop #user# hypocrisy #hashtag# #user# #user# #url # </document>
<document> #user# #user# karen tried to just clown 🤡 fatima &amp; Fatima called her name

still Fatima could have clocked her cold &amp; did the same but she was reminded that she was at work &amp; stayed calm

Karen had no business being at work.

professionalism &amp; Character went out the window. </document>
<document> I thought, "They're going to graduate and try to defend this opinion like that and embarrass me with associations," so I started playing Devil's Advocate in class to brush them up, and accidentally changed my own mind lol </document>
<document> #user# 👹✨👿on a planet in the zman universe. There was a giant who sold his soul to demons to gain demon powers.
#url# </document>
<Document> Ragin!!! Someone hit my car and drove away, no notice nothing!!! how seriously wtf </document>
<document> #user# It was a beautiful Saturday afternoon, and my sisters and I went to our hometown's annual Spring Market in Royal Woods. There were colorful rides, fun games, oversized stuffed animals to be won and the smell of corn dogs filled the air. </document>
<document> #user# #user# #user# it's strange that people care so much about someone who only gave them hope 3 years from now but has stayed too calm while some have this country and that too for have destroyed more than 3 decades!! </document>
<document> #user# #user# not sorry???? wtf ur my friends stfu </document>
<document> #user# probably the happiest boy in football, a player of his ability would be lucky enough to get on a championship team so mediocre a player he is #url# </document>
<document> No one could ever calm the storm in my head..... :(( </document>
<document> bruh, i've been clean for 13 days and she's out here saying she's going to send me back to marseille with my grandparents' girl
<document> commercial free radio for a modern world. the crazy music asylum #url#
#hashtag# #hashtag# #url# </document>
<Document>Pfarrhof weather feed 🕒 13h | ☁ cloudy wind: calm gust: 0.0 km/h temperature: 21.3 °c humidity: 46 % pressure: 997.0 hpa rain: 0.0 mm #url# #hashtag# </document>
<document> #user# oh my god! Check these nft giveaways mate #user# the real goat </document>
<document> #user# #user# apparently russia underestimated its opponent. </document>
<document> 22-year-old palestinian abdul rahman jamal qasem who was murdered in cold blood by zion!$t americans assisted j€w!$h occup#user# soldiers in the old city of occupied jerusalem about an hour ago occupied palestine , 6 March 2022. #hashtag# #url# </document>
<Document> However, the Lynxes knew their season was on the line and kept hauling back. A pair of triples from graduate guard Jo'nah Johnson helped Texas State on an 11-2 run in the second quarter to cut the lead to just three.
#url# </document>
<Document> Stop hanging out with Covid ✋ Washing hands is an important way to reduce the risk of contracting Covid-19 or passing it on to others. Wash your hands with soap and water for 20 seconds or use hand sanitizer. Clean your hands frequently and avoid touching your face. #url# </document>
<document> Billionaire mogul with Russia ties emerges as main donor of hochul, numerous pols #url# </document>
<document> #user# that's unfair because there are sooooooo many </document>
<Document>, let our flaming scarlet eyes wear
Witness… </document>
<Document> I'm really good at everything that sucks at me. so in that time i will remove myself. I no longer care for anyone else. </document>
<document> this is incredible. This man is accused of assaulting his ex-partner and #user# #user# drops a plug for his next album in court report. Who on earth thought that was a good idea? #url# </document>
<document> #user# you will be very sick when you see the fire planet 🔥 come to you and burn you then you will go to hell believing that the words of Allah Holly Great Quran are the words of Allah and that's all true</document>
<document> tap inspection-

send your best muses cock and sick heart if i like to be in my pussy mouth or ass ok guys #url# </document>
<document> the Pentagon bioweapons
by Dilyana Gaytandzhieva - April 29, 2018
#url# </document>
<document> #user# doug, suddenly you're careless. let the truth prevail. Ukrainian cowards use civilians as body armor. zelensky must be stopped before more innocent blood is lost. </document>
<document> #user# develops denied patents that are actually clean energy when you take care of your imaginary future with real environmental 'solutions'. Batteries don't last forever. expensive. are non-recyclable and electricity dependent. if/if the grid goes out... what will you connect to? </document>
<Document> Imo modern white nationalist who hates Putin because of his Jewish thoughts and actions needs this kind of battalion. #user# #user# #user# #user# #user# </document>
<document> #user# mad hatter: bats don't like the lewis carrol book </document>
<document> #user# that where Aunt Mabel got locked in her kitchen pantry or something and then a fire broke out and Pippin had to save her - the fear, but Pippin saves the day! </document>
<document> #user# You can't even buy electric cars from a dealer if you want one, you have to order them and wait a year or buy a used one, probably with problems... </document>
<document> man hp have my guy #user# in the dam kitchen! 😂🤣🤣🤣 If you know someone about him, a kitchen in a place where you do not leave him </document>
<Document> Due to the recent spate of terrorist attacks, the Israel Border Police will be increasing their forces in and around Jerusalem. Police Source: "The sequence of attacks is worrying, we are preparing for an escalation ahead of Ramadan next month." </document>
<document> #user# #user# I would just like to know how an actor playing the role of the President of Ukraine is actually the President of Ukraine. And then I would like to know how he became a billionaire. is that normal? After 4-5 years in politics, was President Regan a billionaire? </document>
<document> #user# #user# ☝️this is an example of what makes the $tggi family so special. real people doing real DD, no pumping, realistic expectations. It has been amazing to watch this over the last year, I hope we all get rewarded soon. Thank you brother! </document>
<document> who would like to fuck my mother? send me your cock via dms and tell me how you would fuck her 😈🥵
#hashtag# #hashtag# #hashtag# #hashtag# #hashtag# #hashtag# #hashtag# #hashtag# #hashtag# #hashtag# #hashtag# #hashtag# #hashtag# #hashtag# #hashtag# #hashtag# #hashtag # #Hashtag# #Hashtag# #Hashtag# </document>
<Document> Blocking, muting, etc. more freely was the best New Year's resolution I've ever made.

(Switching from the perspective of "I'm mad at/judging/punishing this person" to "I manage the content I can/want to engage with regularly" also relieved me of guilt.) </document>
<document> #user# there are no words for you at the moment. I'm just glad I got to meet you and share a moment of heartfelt conversation. tycen brought together so many people from different backgrounds and beliefs. his life brought meaningg to many and is honored for it by father and son. </document>
<document> Anyone who knows big brother's house, I promise I just want to talk about Tulz 😡that's all #hashtag# </document>
<document> #user# #user# #user# For whatever reason, the entire civilian world bows to the tyrant Pooty Poot, letting him reign in terror wherever he chooses and over whomever. sad day to be part of such cowardice. #url# </document>
<document> how calm i've been lately is scary 😧 i always let everything trigger me.. now it takes a lot to get me out of character because i just don't like how angry i can get </document >
<Document> #خوددار_قوم_باضمیر_لیڈر Pakistan is an independent and sovereign country. For the first time a ruler has made the world believe in this fact. #User# #User# #URL# </Document>
<Document> #user# #user# #user# this is on top of the humanitarian catastrophe in Ukraine. It is immoral to sacrifice Ukrainians for our potential security. indeed that immorality is boomerang with the refugee crisis destabilizing the region. that will almost guarantee a holocaust in the end. </document>
<document> #user# I noticed that when I saw the revolution clips. Executioner is the man! #url# </document>
<document> I know the budget is limited.
I know there aren't enough workdays.
I know the deadlines are tight.
I know there aren't enough staff.
I know you think your data collection tool is rock solid.

Whatever your reasons, don't test your data collection…#url# </document>
<document> Check out the Hysteric Glamor men's one size orange varsity jacket
<document> Check out this crazy Spanish Civil Guard tricornio #url# </document>
<document> #user# #user# #user# #user# #user# #user# #user# #user# #user# #user# somewhat irrelevant point then. Are all road users breaking the law? Yes. does this mean that truck drivers are not responsible for doing everything possible to avoid endangering vulnerable road users? #url# </document>
<document> #user# "all americans should ditch this garbage and reject the putin wing of the gop now," says #user#. #url# </document>
<document> I want the Pentagon album so bad y'all </document>
<document> what a pathetic piece of crap test wicket prepared by the Pindi groundsman. You can't call a team of Australia's caliber and create that kind of wicket. defensive and spineless thinking by #user# when it was planned by them. absolute rubbish!!! #Hashtag# </Document>
<document> #user# photographers should follow photographers
we all collect fragments of world and beauty together </document>
<document> #user# are you a globalist or are you a nationalist?

The liberal-conservative divide doesn't really work to explain things the way it did. </document>
<document> Most in #hashtag# have seen a decreased #hashtag# due to #hashtag# when their leader says #hashtag# is so high in #hashtag# due to morality issues that they are out of their in their own country Might boot which is why #hashtag# doesn't work $xle $eem #url# </document>
<Document> I just received a gift from Boo! via Throne Gifts: Oracle Wicca. Thank you very much! #url# #hashtag# #hashtag# #url# </document>
<document> look at this listing I just added to my #hashtag# closet: nwt farm rio nanaju floral wrap dress xs black multi. #url# #hashtag# #user# </document>
<document> Queen receives flak for royal guards wearing bearskin hats - the news international #url# </document>
<document> #user# #user# #user# #user# seems like a very good project 😎 hopefully this project will shine in the future 😎 best wishes
#User#
#User#
#User#
#User#
#User#
#User#
#User#
#User#
#User#
#hashtag# #hashtag# #hashtag# #hashtag#
#hashtag# #hashtag# #hashtag# </document>
<document> #user# it's so annoying girl especially when you're already frustrated and trying to do whatever you can to calm her down 🥲🥲 </document>
<Document> Veria weather 🕒 20h | 🌙 mostly clearwind: calm temperature: 7.7 °c humidity: 80 % pressure: 1010.0 hpa rain: 0.3 mm #url# #hashtag# </document>
<Document> 3. Maybe because my natal chart is dominated by water signs, I love being near the water and a visit to the aquarium would be a nice date. 4. Let's go to a thrift store and dress each other up! </document>
<document>Coming from someone who is usually very happy and fortunate, it's a harsh reality check when things aren't going to go your way</document>
<Document> #user# #user# #user# #user# You call the whole group of the young generation extremist because they cut the umbilical cord and distanced themselves from the regime? As I told you before, most of them have lost their immediate family members to free #hashtag#. they feel cheated and lied to. I share this pain. </document>
<document> wtf?!! the system is screwed!! They bail the molester but not the man protecting his family? help me understand this?!!

#hashtag# #hashtag# #url# </document>
<document> ... and if I hadn't been in Facebook jail I would have commented like Bro Cut it out🤌🏾😭 </document>
<Document> joins the Allied Universal Team! Check out our latest security officer vacancies including "Security Officer - Part Time" via the link in our bio. #hashtag# #hashtag# </document>
<Document> Copyright on film clips is a real problem. </document>
<document> #user# they are that class of weirdos who, for all their professed love for the planet, actually have nothing but pure hatred and contempt for the actual humans trying to live (and in many cases simply survive) on this planet )! Love the planet, hate its inhabitants is their creed. </document>
<document> #user# I say hell yeah bro like I'm the Hulk myself. </document>
<document> #user# #user# #user# bro calm down. Every tweet and video from you is a reply/insult to ap. Farid stopped at least when he was 50, do you want to make 50000 videos? No other apologist is as desperate as you. </document>
<document> #user# stupid woman. an empathy-free ship, if you will. </document>
<Document> "What do you want to be?" Enough bro, I just want to be enough </document>
<document> no, this shit really surprises you when you first do it 🤣 $15 a shot?!? #url# </document>
<document> #hashtag# will be a one stop shop for everything related to meme tokens! It will revolutionize the space and it will be the only website you need to track all your meme investments! we're getting closer and closer to the release every day!
#hashtag# #hashtag# #url# </document>
<document> #user# I hope you're better, I've been through this, I know how crappy it gets </document>
<document> #user# them: ah time for a relaxing spa narrator: time to address your morals </document>
<Document> 'They are frozen': Poland praised for generously hosting 1 million Ukrainians | Poland | the Guardian - #url# </document>
<document> #user# I have been questioning your ethics, loyalty or intentions that allow scammers to take action against me for over a year. I need a logical explanation why a wise man like you would do something like this despite my unconditional love and loyalty. Are you under extortion or a life-threatening event? </document>
<document> #user# saquon to Miami for a fourth and hunter long </document>
<Document> #user# cut Greek freak. Start Embiid and Bank Durant. simply </document>
<document> tulz has the clearest game plan in the history of its big brother #hashtag# </document>
Forgive <document> first, heal and move on
stop using humans as a rebound, this is pure malice.. </document>
<document> #user# bro #user# utility is legitimate. They try to pay the owners back the purchase price on top of other utilities! </document>
<document> #user# #user# #user# I'm sure you don't care, but what a terrible decision. Cohn is a hacker. sad to see you stoop to his level and even give his brand of "journalism" credit. </document>
<document> I had a fascinating conversation with Online-Creator #user# on how he approaches brand partnerships while maintaining the genuine community vibe that has helped him rise to the top of Twitch over the past two years. Try it out: #url# </document>
<document> If she kept herself from saying anything ignorant, she wouldn't say anything at all...come on Georgia, please do better #url# </document>
<Document> #user# #user# #user# is he just a "bunker boy" hiding in some sort of anti-bunker buster mineshaft while his Praetorian Guard is on alert for domestic troubles? </document>
<document> #user# #user# #user# #user# Did you know that Tekno has so many charities that he runs in different countries that he doesn't really talk about them or even post them. Philanthropy does not depend on whose giving is heard the most.
David tries a lot, but you have to do better, please. </document>
<Document> Civil Code, Article 32. Any official or employee xxx who directly or indirectly hinders, frustrates, violates or in any way hinders or impairs any of the following rights and freedoms of another person shall be liable to him for damages:

(5) freedom of choice; </document>
<document> #user# did you tell yourself that? If you are so angry about this go and complain to jk then </document>
<Document> Hard to believe that our ethno-nationalist scammers are proving hopelessly incompetent at every turn, pocket lining aside. #url# </document>
<document> exactly

True Big Brother game #url# </document>
<document> I'm a lucky girl in many ways, but today I'm thankful that it takes me about two business days to flatten my stomach when I need to </document>
<Document> 📢 Press release: no embargo - coj minority opposition bloc media statement - the minority opposition bloc views on the City of Johannesburg's cancellation of staff contracts 📢

#hashtag# #hashtag# #hashtag# #hashtag# #hashtag# #hashtag#south #hashtag# #hashtag# </document>
<document> please try to donate to local health and charities where possible. I know it's difficult for all of us, but even more so for the innocent. every donation helps. #user# #user# #user# #user# #user# #user# #url# </document>