
  
    <document> Courteney Cox Recreates Classic Friends Scene in Real Life Could this be any cuter? Sometimes life imitates fiction… #URL# ></document>
    <document> The Jonas Brothers Have Secret Concert Days After Releasing New Song The Jonas Brothers are just burnin' up with ex… #URL# ></document>
    <document> Ariana Grande Sends Heartfelt Message to Her Fans: You Saved My Life Ariana Grande is sending some love to her loya… #URL# ></document>
    <document> 7 of the Biggest Bombshells From Jordyn Woods' Red Table Talk Interview Jordyn Woods has opened up about the cheati… #URL# ></document>
    <document> Fyre Festival's Andy King Spills New Details on That Infamous Oral Sex Scenario Did anyone expect Andy King to be t… #URL# ></document>
    <document> Watch Travis Scott Take an Adorable Phone Call From Kylie Jenner on Carpool Karaoke Kylie Jenner makes a small came… #URL# ></document>
    <document> See What Tyler Henry Really Thinks About His Khloe Kardashian, Tristan Thompson &amp; Jordyn Woods Prediction Did Tyler… #URL# ></document>
    <document> Kim Kardashian Says She Had ''One of the Best Days of Her life'' With Long Island Medium's Theresa Caputo Kim Karda… #URL# ></document>
    <document> Something That Happened: The History of Bradley Cooper and Jennifer Esposito's Shockingly Short Marriage "Ha" That'… #URL# ></document>
    <document> Pete Davidson Kicks Out Show Heckler Over Mac Miller Mention When a fan crosses the line, Pete Davidson doesn't pla… #URL# ></document>
    <document> What's Going on With The Real Housewives of Beverly Hills and a Dog Named Lucy? As her new tagline indicated, it se… #URL# ></document>
    <document> Zayn Malik Confuses Fans With Gigi Hadid Love Tweet What's going on between Zayn Malik and Gigi Hadid? The on-again… #URL# ></document>
    <document> DJ Khaled to Host 2019 Nickelodeon Kids' Choice Awards: See the Complete List of Nominations The 2019 Nickelodeon K… #URL# ></document>
    <document> Amanda Bynes Checks Into Mental Health Facility After Relapse Amanda Bynes is getting help. The 32-year-old actress… #URL# ></document>
    <document> Captain Marvel, Madea, Dumbo &amp; More: Which March Blockbuster Are You Going to See in Theaters First? February has c… #URL# ></document>
    <document> The Bachelor's Whitney Bischoff And Husband Ricky Angel Expecting First Child Together Former Bachelor star Whitney… #URL# ></document>
    <document> George H.W. Bush's Service Dog Sully Begins New Role at Military Hospital 3 Months After President's Death George H… #URL# ></document>
    <document> Wynonna Earp Fans Rally to Save Show With Billboard in Times Square Fans of the hit Syfy series Wynonna Earp have b… #URL# ></document>
    <document> Kate Middleton Shows Her Sporty Side During Belfast Visit With Prince William Kate Middleton and Prince William kic… #URL# ></document>
    <document> Cardi B Channels Her Inner Cowgirl in Sexy Pink Outfit Yeehaw! Cardi B took a fashion turn to the Southwest over th… #URL# ></document>
    <document> Christina Perri Reveals She "Almost" Relapsed in Candid Message About Her "Hardest" Year Yet Christina Perri has be… #URL# ></document>
    <document> Katherine Helmond Dead: Who's the Boss? and Soap Star Was 89 Katherine Helmond, who starred on the sitcoms Soap and… #URL# ></document>
    <document> How Priyanka Chopra Became One of India's Leading Female "Trailblazers" Aside from Miss World 2000, movie and TV st… #URL# ></document>
    <document> Here Are the Frontrunners to Be the Next Bachelorette: Inside the Decision-Making Process "A decision has not been… #URL# ></document>
    <document> This Beauty Supplement Is the Reason People Can't Stop Complimenting Our Skin Around here we're always on the hunt… #URL# ></document>
    <document> Teresa Giudice Tackles Affair Allusions, Joe Giudice Deportation on The Real Housewives of New Jersey Reunion Teres… #URL# ></document>
    <document> Johnny Depp Files $50 Million Lawsuit Against Amber Heard Johnny Depp is taking Amber Heard to court over her alleg… #URL# ></document>
    <document> Ariana Grande Sends Heartfelt Message to Her Fans: You Saved My Life Ariana Grande is sending some love to her loya… #URL# ></document>
    <document> Medium Tyler Henry Responds to John Oliver's Recent Criticism of Hollywood Psychics Tyler Henry isn't fazed by skep… #URL# ></document>
    <document> Inside Jenni "JWoww" Farley's Impossibly Tough Year Last year on Feb. 27, Jenni "JWoww" Farley awoke to an Instagra… #URL# ></document>
    <document> Watch the First Minute of Pretty Little Liars: The Perfectionists Get ready to have a cello cover of "Bad Romance"… #URL# ></document>
    <document> Will Gendry Take the Throne? Game of Thrones Star Joe Dempsie on Those Fan Theories... Move over Jon Snow and Daene… #URL# ></document>
    <document> 90 Day Fiancé Star Larissa Dos Santos Lima Reveals Her Boyfriend's Identity 90 Day Fiancé star Larissa Dos Santos L… #URL# ></document>
    <document> Jonas Brothers Reunite for First Song 5 Years After Split: Watch Them Perform "Sucker" The rumors are true: The Jon… #URL# ></document>
    <document> Pink Shares Sweet Photo with Kids at First Show of New Tour Pink spent time with her two cutest fans before taking… #URL# ></document>
    <document> Bachelor Nation's Jade Roper and Tanner Tolbert Reveal Her Past Miscarriage Bachelor in Paradise's Jade Roper Tolbe… #URL# ></document>
    <document> Why the Jonas Brothers Needed to Break Up to Come Back Stronger--and Closer--Than Ever We're a sucker for a reunion… #URL# ></document>
    <document> Ben Affleck and Lindsay Shookus Step Out for a Stroll in NYC Ben Affleck and Lindsay Shookus were recently spotted… #URL# ></document>
    <document> Kristin Cavallari Tested Jay Cutler's Knowledge of Her Company &amp; It Went Just as Hilarious as You'd Think Jay Culte… #URL# ></document>
    <document> The 100 Star Bob Morley Addresses "Fat Shame" on Social Media, Opens Up About Depression The 100's Bob Morley has a… #URL# ></document>
    <document> Meghan Markle's Half-Sister Samantha Markle Slams Her in New Documentary Meghan Markle "doesn't have a heart" and i… #URL# ></document>
    <document> Ariana Grande Denies She's Exploiting the LGBTQ Community By Performing at Manchester Pride Ariana Grande is addres… #URL# ></document>
    <document> 5 Things to Know About Playboy's 2019 Playmate of the Year Jordan Emanuel Playboy is revealing the lucky girl who w… #URL# ></document>
    <document> How Maddie Poppe and Caleb Lee Hutchinson Are Hitting All the Right Notes After American Idol Nearly one year later… #URL# ></document>
    <document> Game of Thrones Final Season Posters Revealed: Who Takes the Throne? The final season of Game of Thrones is upon us… #URL# ></document>
    <document> Imagine Dragons' Dan Reynolds Reveals How Hateful Criticism Contributed to His Depression Dan Reynolds isn't biting… #URL# ></document>
    <document> Taylor Kinney Likes a Shady Comment About Lady Gaga on Instagram For some Hollywood shade, look no further than Tay… #URL# ></document>
    <document> Michael J. Fox Opens Up About Health Scares Amid Parkinson's Disease Battle It has been more than 20 years since Mi… #URL# ></document>
    <document> Haley Struggles to Master Baby Basics in Modern Family Directed By Julie Bowen Modern Family's Julie Bowen has a ne… #URL# ></document>
    <document> Real Housewives of Atlanta's Peter Thomas Arrested for Alleged Check Fraud Former Real Housewives of Atlanta star P… #URL# ></document>
    <document> Bekah Martinez Shares Photo of "Beautiful Little Girl" One Month After Giving Birth Bekah Martinez is giving everyo… #URL# ></document>
    <document> Grey's Anatomy Cast Tells All: Who's the Funniest? Who Cries the Easiest? Who Gets the Crankiest? The cast of Grey'… #URL# ></document>
    <document> Miley Cyrus and Liam Hemsworth Cuddle Up on the Red Carpet The look of love! Newlyweds Liam Hemsworth and Miley Cyr… #URL# ></document>
    <document> Sophie Turner and Jessica Chastain Harness Their Superpowers Dark Phoenix Trailer Sophie Turner is looking for answ… #URL# ></document>
    <document> Zachary Quinto and Miles McMillan Break Up After Almost 6 Years Together Zachary Quinto and Miles McMillan are no m… #URL# ></document>
    <document> Khloe Kardashian Says Tristan Thompson to Blame for Breakup, Not Jordyn Woods Khloe Kardashian has had a change of… #URL# ></document>
    <document> Noah Centineo Was Finally on Good Trouble and Oh Boy Oh how we have missed you, Jesus. Noah Centineo made his Good… #URL# ></document>
    <document> What the Kardashians Really Think of Jordyn Woods' Red Table Talk Interview Now that Jordyn Woods has spoken, what… #URL# ></document>
    <document> Ed Sheeran Reportedly Marries Cherry Seaborn in a Secret Winter Wedding Ceremony Love is in the air for Ed Sheeran… #URL# ></document>
    <document> Good Girls Stars Tease Season 2's "Sexy Twists" and Surprising Revelations Who doesn't love "sexy twists"? That's w… #URL# ></document>
    <document> John Mayer Reveals the Intimate Thing He Must Do Every Day John Mayer is getting personal with Ellen DeGeneres. The… #URL# ></document>
    <document> Khloe Kardashian Accuses Jordyn Woods of Lying About Tristan Thompson Cheating Scandal Khloe Kardashian is not buyi… #URL# ></document>
    <document> Danielle Staub Postpones Wedding to Oliver Maier Days After Announcing Engagement Danielle Staub's upcoming nuptial… #URL# ></document>
    <document> Jordyn Woods' New World: How Her Entire Life Changed in an Instant Two weeks ago Jordyn Woods was a name familiar t… #URL# ></document>
    <document> Brie Larson Meeting a Mini Captain Marvel Will Make Your Day Mini Me, is that you? Brie Larson chatted with a young… #URL# ></document>
    <document> Taylor Swift Reveals the Songs That Helped Her Heal After "Bad Breakups" Never underestimate the power of music. It… #URL# ></document>
    <document> Watch Miley Cyrus Infiltrate the RuPaul's Drag Race Work Room Miley Cyrus is living the life on RuPaul's Drag Race.… #URL# ></document>
    <document> Imagine Dragons' Dan Reynolds Reveals How Hateful Criticism Contributed to His Depression Dan Reynolds isn't biting… #URL# ></document>
    <document> Jordyn Woods Breaks Silence on Tristan Thompson Cheating Scandal Jordyn Woods is breaking her silence amid cheating… #URL# ></document>
    <document> The Botched Doctors Have Heartbreaking News for One Famous Patient Paul Nassif and Terry Dubrow made back-to-back s… #URL# ></document>
    <document> Brie Larson Is Our Fashion Hero! See Her Best Looks Before Becoming Captain Marvel Not all heroes wear capes on the… #URL# ></document>
    <document> Jonas Brothers Reunite for First Song 5 Years After Split: Watch Them Perform "Sucker" The rumors are true: The Jon… #URL# ></document>
    <document> Who Won The Masked Singer? Well now we know what happens when someone wins The Masked Singer! Tonight's two-hour fi… #URL# ></document>
    <document> Johnny Depp Claims Amber Heart Cheated on Him With Elon Musk Johnny Depp is accusing ex-wife Amber Heard of "spendi… #URL# ></document>
    <document> Jennifer Esposito Sounds Off on the Bradley Cooper "Ha" Comments Jennifer Esposito is clarifying what she meant whe… #URL# ></document>
    <document> Is Jude Law Engaged? Girlfriend Phillipa Coan Sparks Rumors With Diamond Ring Will Jude Law be off the market soon?… #URL# ></document>
    <document> What Jordyn Woods Told Khloe Kardashian and Kylie Jenner After Cheating Scandal Jordyn Woods is opening up about he… #URL# ></document>
    <document> Taylor Swift Reveals the Songs That Helped Her Heal After "Bad Breakups" Never underestimate the power of music. It… #URL# ></document>
    <document> First Comes Love, Then Comes Marriage? Inside the Future of Jennifer Lopez and Alex Rodriguez's Red-Hot Romance Jen… #URL# ></document>
    <document> Taylor Swift Will Be Honored at the 2019 iHeartRadio Music Awards Taylor Swift continues to cement her reputation a… #URL# ></document>
    <document> Pink Shares Sweet Photo with Kids at First Show of New Tour Pink spent time with her two cutest fans before taking… #URL# ></document>
    <document> You'll Never Guess Kate Middleton and Prince William's Nickname for Princess Charlotte Princess Charlotte's nicknam… #URL# ></document>
    <document> Riverdale's Luke Perry Hospitalized After Stroke Luke Perry was hospitalized in Los Angeles on Wednesday after suff… #URL# ></document>
    <document> Ariana Grande and Ex-Boyfriend Big Sean Reunite 4 Years After Split Thank u, next? Not so fast! Ariana Grande raise… #URL# ></document>
    <document> How Selma Blair's Multiple Sclerosis Diagnosis Helped Her Find "Humility and Joy" In October, Selma Blair announced… #URL# ></document>
    <document> Married at First Sight's Danielle and Bobby Welcome Baby Girl And baby makes three! Married at First Sight stars Da… #URL# ></document>
    <document> 90 Day Fiancé's Colt Johnson Has a Divorce Party at Strip Club After Larissa Split 90 Day Fiancé's Colt Johnson is… #URL# ></document>
    <document> Travis Scott Deletes Instagram Account After Denying He Cheated on Kylie Jenner Travis Scott has deleted his Instag… #URL# ></document>
    <document> Do It for the 'Gram! The LADYGANG Gals Prove You Can Take Envy-Inducing Social Media Snaps Anywhere The LADYGANG ga… #URL# ></document>
    <document> Why Fans Think Taylor Swift and Katy Perry Are Collaborating Are Taylor Swift and Katy Perry teaming up for a new s… #URL# ></document>
    <document> It's Pauly D Like You've Never Seen Him Before: Performing Ballet Game of Clones, the latest crazy concept reality… #URL# ></document>
    <document> Hailey Baldwin Sends Her ''Lover'' Justin Bieber a Sweet Message on His 25th Birthday Hailey Baldwin has a special… #URL# ></document>
    <document> You Won't Believe How Much Money Property Brothers' Drew and Jonathan Scott Made Last Year Drew Scott and Jonathan… #URL# ></document>
    <document> You Have to See Nicki Minaj's $450,000 Rolls-Royce Nicki Minaj is the proud owner of a new Rolls-Royce, worth an es… #URL# ></document>
    <document> How Maddie Poppe and Caleb Lee Hutchinson Are Hitting All the Right Notes After American Idol Nearly one year later… #URL# ></document>
    <document> What Do the Kids of the Grey's Anatomy Cast Think of Their Parents' Success? What's it like to have a parent on one… #URL# ></document>
    <document> Inside Nikki Bella's Romantic Date Night With Dancing With the Stars' Artem Chignvintsev Things are going strong be… #URL# ></document>
    <document> How Justin Bieber Celebrated His 25th Birthday It seems like a big group of people came down with a bad case of Bie… #URL# ></document>
    <document> Matthew McConaughey's 3 Stylish Kids Make a Rare Red Carpet Appearance Alright, alright, alright--it's the McConaug… #URL# ></document>
    <document> Royal Bartender! Kate Middleton Pours a Pint of Beer in Ireland Anyone up for a royal pint? Duchess of Cambridge Ka… #URL# ></document>
  
</author>
<document> Courteney Cox recreates the classic Friends scene in real life Could this be any cuter? Sometimes life mimics fiction... #URL# ></document>
    <document> The Jonas Brothers have secret concert dates after releasing a new song The Jonas Brothers are on fire right now with Ex… #URL# ></document>
    <document> Ariana Grande sends a heartfelt message to her fans: You saved my life Ariana Grande sends some love to her Loya... #URL# ></document>
    <document> 7 Biggest Bombshells From Jordyn Wood's Red Table Talk Interview Jordyn Woods has been open about the scammer... #URL# ></document>
    <document> Fyre Festival's Andy King Reveals New Details About This Infamous Oral Sex Scenario Did anyone expect Andy King to... #URL# ></document>
    <document> Watch Travis Scott take an adorable call from Kylie Jenner on Carpool Karaoke. Kylie Jenner does a little cam… #URL# ></document>
    <Document> See What Tyler Henry Really Knows About His Khloe Kardashian, Tristan Thompson &amp; Jordyn Woods Prediction Did Tyler… #URL# ></document>
    <document> Kim Kardashian says she had "one of the best days of her life" with Long Island Medium's Theresa Caputo Kim Karda... #URL# ></document>
    <document> Something That Happened: The Story of Bradley Cooper and Jennifer Esposito's Terrifyingly Short Marriage "Ha" That'… #URL# ></document>
    <document> Pete Davidson kicks out show wreckers for mentioning Mac Miller When a fan crosses the line, Pete Davidson doesn't play... #URL# ></document>
    <Document> What's up with the real housewives of Beverly Hills and a dog named Lucy? As their new tagline suggested, it was... #URL# ></document>
    <document> Zayn Malik Confuses Fans With Gigi Hadid Love Tweet What's going on between Zayn Malik and Gigi Hadid? Again and again… #URL# ></document>
    <document> DJ Khaled to host the 2019 Nickelodeon Kids' Choice Awards: See the full list of nominations. The 2019 Nickelodeon K… #URL# ></document>
    <Document> Amanda Bynes arrives at a psychiatric facility after relapsing Amanda Bynes gets help. The 32-year-old actress… #URL# ></document>
    <Document> Captain Marvel, Madea, Dumbo &amp; More: Which March blockbuster will you see in theaters first? February has c… #URL# ></document>
    <document> The Bachelor's Whitney Bischoff and husband Ricky Angel are expecting their first child together The former Bachelor star Whitney... #URL# ></document>
    <Document> George H.W. Bush's service dog, Sully, is taking on a new role at the military hospital three months after the death of President George H… #URL# ></document>
    <document> Wynonna Earp fans rally to save show with Billboard in Times Square Fans of hit Syfy series Wynonna Earp have b… #URL# ></document>
    <document> Kate Middleton shows her athletic side during a visit to Belfast with Prince William Kate Middleton and Prince William kic… #URL# ></document>
    <Document> Cardi B channels her inner cowgirl in a sexy pink outfit Yeehaw! Cardi B took a fashion turn towards Southwest about th… #URL# ></document>
    <document> Christina Perri reveals she "almost" relapsed in a candid message about her "toughest" year Christina Perri has ever been... #URL# ></document>
    <Document> Katherine Helmond Dead: Who's the Boss? and Soap Star was 89 Katherine Helmond, who starred in the sitcoms Soap and... #URL# ></document>
    <Document> How Priyanka Chopra Became One of India's Leading Female "Innovators" Aside from Miss World 2000, film and TV shows... #URL# ></Document>
    <document> Here Are the Frontrunners to Be the Next Bachelorette: Inside the Decision-Making Process "A decision hasn't been made yet... #URL# ></document>
    <document> This beauty supplement is why people can't stop complimenting our skin Around here we're always on the hunt... #URL# ></document>
    <Document> Teresa Giudice addresses affair innuendos, Joe Giudice deportation on The Real Housewives of New Jersey Reunion Teres… #URL# ></document>
    <document> Johnny Depp files $50 million lawsuit against Amber Heard Johnny Depp is taking Amber Heard to court over her allegation... #URL# ></document>
    <document> Ariana Grande sends a heartfelt message to her fans: You saved my life Ariana Grande sends some love to her Loya... #URL# ></document>
    <document> Medium Tyler Henry Responds to John Oliver's Recent Criticism of Hollywood Psychics Tyler Henry is not swayed by Skep... #URL# ></document>
    <document> Inside Jenni “JWoww” Farley's Incredibly Rough Year Last year on February 27th, Jenni “JWoww” Farley woke up to an Instagram… #URL# ></document>
    <document> Watch the first minute of Pretty Little Liars: The Perfectionists Get ready for a cello cover of "Bad Romance"... #URL# ></document>
    <Document> Will Gendry take the throne? Game of Thrones star Joe Dempsie on these fan theories... Move over Jon Snow and Daene... #URL# ></document>
    <document> 90 Day Fiancé star Larissa Dos Santos Lima reveals the identity of her boyfriend 90 Day Fiancé star Larissa Dos Santos L... #URL# ></document>
    <document> Jonas Brothers reunite 5 years after splitting for their first song: Watch them perform "Sucker" The rumors are true: The Jon... #URL# ></document>
    <document> Pink shares cute photo with kids at first show of new tour Pink spent time with her two cutest fans before doing... #URL# ></document>
    <document> Bachelor Nation's Jade Roper and Tanner Tolbert reveal their previous miscarriage Jade Roper Tolbe from Bachelor in Paradise... #URL# ></document>
    <document> Why the Jonas Brothers had to part ways to return stronger - and closer - than ever We're a sucker for a reunion... #URL# ></document>
    <document> Ben Affleck and Lindsay Shookus take a walk in NYC Ben Affleck and Lindsay Shookus were spotted recently... #URL# ></document>
    <Document> Kristin Cavallari tested Jay Cutler's knowledge of her company &amp; It was as hilarious as you would think Jay Culte... #URL# ></document>
    <Document> 100 Star Bob Morley Addresses 'Fat Shame' on Social Media and Opens Up About Depressionion The 100's Bob Morley has a … #URL# ></document>
    <document> Meghan Markle's half-sister Samantha Markle slams her in new documentary Meghan Markle 'has no heart' and I... #URL# ></document>
    <Document> Ariana Grande denies she is exploiting the LGBTQ community by appearing at Manchester Pride Ariana Grande's address… #URL# ></Document>
    <document> 5 Things to Know About Playboy's 2019 Playmate of the Year Jordan Emanuel Playboy reveals the lucky girl who... #URL# ></document>
    <document> How Maddie Poppe and Caleb Lee Hutchinson hit the right notes after American Idol Almost a year later... #URL# ></document>
    <document> Game of Thrones final season poster revealed: who will take the throne? The final season of Game of Thrones is upon us... #URL# ></document>
    <document> Imagine Dragons' Dan Reynolds reveals how hateful criticism contributed to his depression Dan Reynolds doesn't bite... #URL# ></document>
    <document> Taylor Kinney Likes a Shady Comment About Lady Gaga on Instagram For some Hollywood shady, look no further than Tay... #URL# ></document>
    <document> Michael J. Fox talks about health scares in the fight against Parkinson's disease It's been more than 20 years since Mi… #URL# ></document>
    <document> Haley Struggles to Master Baby Basics in Modern Family Directed by Julie Bowen Modern Family's Julie Bowen has a new… #URL# ></document>
    <Document> Real Housewives of Atlanta's Peter Thomas Arrested for Alleged Check Fraud Former Real Housewives of Atlanta P… #URL# ></document> star
    <document> Bekah Martinez shares photo of 'beautiful little girl' a month after giving birth Bekah Martinez gives everyone... #URL# ></document>
    <document> Grey's Anatomy Cast Says It All: Who's the Funniest? Who Cries Easiest? Who gets the craziest? The cast of Grey'… #URL# ></document>
    <document> Miley Cyrus and Liam Hemsworth Cuddling on the Red Carpet The Look of Love! Newlyweds Liam Hemsworth and Miley Cyr... #URL# ></document>
    <document> Sophie Turner and Jessica Chastain use their superpowers Dark Phoenix Trailer Sophie Turner searches for answers… #URL# ></document>
    <document> Zachary Quinto and Miles McMillan split up after almost 6 years together Zachary Quinto and Miles McMillan are not m… #URL# ></document>
    <document> Khloe Kardashian says Tristan Thompson is responsible for breakup, not Jordyn Woods Khloe Kardashian had change of... #URL# ></document>
    <Document> Noah Centineo was finally on Good Trouble and Oh Boy Oh how we missed you Jesus. Noah Centineo did his good… #URL# ></document>
    <document> What the Kardashians Really Think of Jordyn Wood's Red Table Talk Interview Now that Jordyn Woods has spoken, what... #URL# ></document>
    <document> Ed Sheeran Reportedly Weds Cherry Seaborn in Secret Winter Wedding Ceremony Love is in the air for Ed Sheeran... #URL# ></document>
    <document> Good Girl Stars Tease Season 2's "Sexy Twists" and "Surprising Revela"gen Who doesn't love "sexy twists"? That's w… #URL# ></document>
    <Document> John Mayer Reveals The Intimate Thing He Must Do Every Day John Mayer gets personal with Ellen DeGeneres. The… #URL# ></document>
    <Document> Khloe Kardashian has accused Jordyn Woods of lying about the Tristan Thompson cheating scandal
    <document> Danielle Staub postpones wedding to Oliver Maier Days after announcing the engagement Danielle Staub's upcoming wedding… #URL# ></document>
    <document> Jordyn Woods' New World: How Her Entire Life Changed in an Instant Two weeks ago, Jordyn Woods was a familiar name... #URL# ></document>
    <document> Brie Larson Meeting a mini-Captain Marvel will make your day a mini-me, is it you? Brie Larson was chatting with a young... #URL# ></document>
    <document> Taylor Swift reveals the songs that helped her heal from 'bad breakups' Never underestimate the power of music. It… #URL# ></document>
    <document> Watch Miley Cyrus infiltrate the workroom of RuPaul's Drag Race Miley Cyrus lives life on RuPaul's Drag Race.… #URL# ></document>
    <document> Imagine Dragons' Dan Reynolds reveals how hateful criticism contributed to his depression Dan Reynolds doesn't bite... #URL# ></document>
    <document> Jordyn Woods breaks silence on Tristan Thompson cheating scandal Jordyn Woods breaks her silence amid cheating… #URL# ></document>
    <document> The botched doctors have heartbreaking news for a famous patient Paul Nassif and Terry Dubrow sat back-to-back... #URL# ></document>
    <document> Brie Larson is our fashion hero! See Her Best Looks Before Becoming Captain Marvel Not all heroes wear capes on the… #URL# ></document>
    <document> Jonas Brothers reunite 5 years after splitting for their first song: Watch them perform "Sucker" The rumors are true: The Jon... #URL# ></document>
    <Document> Who won The Masked Singer? Well now we know what happens when someone wins The Masked Singer! The two-hour fi… #URL# ></document>
    <document> Johnny Depp claims Amber Heart cheated on him with Elon Musk Johnny Depp has accused his ex-wife Amber Heard of "spending... #URL# ></document>
    <document> Jennifer Esposito tunes in to Bradley Cooper's "Ha" comments Jennifer Esposito explains what she meant when... #URL# ></document>
    <Document> Is Jude Law Engaged? Girlfriend Phillipa Coan sparks rumors with diamond ring Jude Law going off the market soon?… #URL# ></document>
    <document> What Jordyn Woods told Khloe Kardashian and Kylie Jenner after the cheating scandal Jordyn Woods talks about him... #URL# ></document>
    <document> Taylor Swift reveals the songs that helped her heal from 'bad breakups' Never underestimate the power of music. It… #URL# ></document>
    <Document> Love comes first, then marriage? Inside the Future of Jennifer Lopez and Alex Rodriguez' Red-Hot Romance Jen… #URL# ></document>
    <Document> Taylor Swift honored at iHeartRa 2019dio Music Awards Taylor Swift continues to cement her reputation as... #URL# ></document>
    <document> Pink shares cute photo with kids at first show of new tour Pink spent time with her two cutest fans before doing... #URL# ></document>
    <document> You'll never guess Kate Middleton and Prince William's nickname for Princess Charlotte Nickname of Princess Charlotte... #URL# ></document>
    <Document> Riverdale's Luke Perry Hospitalized After Stroke Luke Perry was hospitalized in Los Angeles Wednesday after suffering a stroke... #URL# ></document>
    <document> Ariana Grande and Ex-Boyfriend Big Sean Reunite 4 Years After Split Thanks, Next? Not so fast! Ariana Grande raises... #URL# ></document>
    <document> How Selma Blair's Multiple Sclerosis Diagnosis Helped Her Find "Humility and Joy" In October, Selma Blair announced... #URL# ></document>
    <document> Married at first sight Danielle and Bobby Welcome Baby Girl And baby makes three! Married At First Sight Star Da… #URL# ></document>
    <Document> 90 Day Fiance Colt Johnson Has Divorce Party at Strip Club After Split From Larissa 90 Day Fiance Colt Johnson is... #URL# ></Document>
    <document> Travis Scott Deletes Instagram Account After Denying Cheating on Kylie Jenner Travis Scott deleted his Instagram account… #URL# ></document>
    <Document> Do it for the 'Gram! The LADYGANG girls prove that you can take envious social media snapshots anywhere The LADYGANG ga… #URL# ></document>
    <document> Why fans think Taylor Swift and Katy Perry are collaborating Taylor Swift and Katy Perry are teaming up for a new song... #URL# ></document>
    <document> It's Pauly D like you've never seen him before: Ballet Game of Clones, the latest insane concept reality… #URL# ></document>
    <document> Hailey Baldwin sends her "lover" Justin Bieber a sweet message on his 25th birthday Hailey Baldwin has a special... #URL# ></document>
    <Document> You Won't Believe How Much Money Real Estate Brothers Drew and Jonathan Scott Made Last Year Drew Scott and Jonathan... #URL# ></document>
    <document> Nicki Minaj's $450,000 Rolls-Royce is a must-see Nicki Minaj is the proud owner of a new Rolls-Royce that's worth checking out... #URL# ></document>
    <document> How Maddie Poppe and Caleb Lee Hutchinson hit the right notes after American Idol Almost a year later... #URL# ></document>
    <document> What do the Grey's Anatomy kids think of their parents' success? What is it like to have a parent on a... #URL# ></document>
    <document> Inside Nikki Bella's romantic date night with Artem Chignvintsev from "Dancing With the Stars" Things are going well, be… #URL# ></document>
    <document> How Justin Bieber Celebrated His 25th Birthday It seems like a large group of people caught a bad case of Bie... #URL# ></document>
    <document> Matthew McConaughey's 3 stylish kids make a rare red carpet appearance Okay, ok, ok - it's the McConaug... #URL# ></document>
    <Document> Royal Bartender! Kate Middleton Pours a pint of beer in Ireland Fancy a pint royal? Duchess of Cambridge Ca… #URL# ></document>
  
</author>