
  
    <document> Blasket Ghosts - Short Art-Doc (2017) #URL# ></document>
    <document> Glenn Greenwald: Chelsea Manning’s Refusal to Testify Against WikiLeaks Will Help Save Press Freedom #URL# ></document>
    <document> Friday January 24,  2020  morning mid Missouri ></document>
    <document> These Kids Won a Court Case Forcing Colombia to Protect the Amazon #URL# ></document>
    <document> Research shows burning sage kills 94% of airborne bacteria #URL# ></document>
    <document> Experts warn of falling iguanas during cold snap #URL# ></document>
    <document> The Criminalization of Science Whistleblowers An Interview with Judy Mikovits, Phd #URL# ></document>
    <document> Madacascar Is Planting 60 Million Trees in Ambitious Drive Inspired by Its President #URL# ></document>
    <document> Don’t find this in history books #URL# ></document>
    <document> Peruvian indigenous group wins suit to block oil exploration in Amazonian region #URL# ></document>
    <document> 10 Most Beautiful Cockatoo Species on Planet Earth #URL# ></document>
    <document> Oakland, California: With guns drawn, police evict homeless mothers from house #URL# ></document>
    <document> The Last of the Blasket People.wmv #URL# ></document>
    <document> Meet Picasso: The Most Famous Wild Mustang In America #URL# ></document>
    <document> School Lunches from Around the World Make American Students Want to Study Abroad #URL# ></document>
    <document> Filipinos Create Cup From Pineapple Leaves As Alternative To Plastic #URL# ></document>
    <document> Guinea fowl prevent Lyme disease by eating up to 4000 ticks per day #URL# ></document>
    <document> "Unprecedented!" Ethiopia, Kenya and Somalia are suffering biggest locust swarm in 70 years: India, Iran, Pakistan,… #URL# ></document>
    <document> Japanese Photographer Captures A Shy-At-First Baby Meerkat And Its Family In 23 Pics #URL# ></document>
    <document> 'Heartbreaking' Scene on Boston Streets as Police Destroy Wheelchairs Belonging to Homeless Residents #URL# ></document>
    <document> From the Reverend Chuck Baldwin   Chew on this #URL# ></document>
    <document> Ancient Egyptians Believed Cats Had 'Divine Energy' #URL# ></document>
    <document> Download &amp; save  review later   Cat Goyda Claudio Marty #URL# ></document>
    <document> You can choose to use any terminology in any language to use  as a reference but the child coming out of a human wo… #URL# ></document>
    <document> A Single Dragonfly Can Eat Hundreds of Mosquitos a Day #URL# ></document>
    <document> Poland Unveils Glow-In-The-Dark Bicycle Path That Is Charged By The Sun #URL# ></document>
    <document> Kentucky Lawmaker Wants To Give Police the Power to Detain People Who Don't Answer Their Questions #URL# ></document>
    <document> after Obama-Biden-Hillary  policies destroyed Libya with bipartisan congressional support #URL# ></document>
    <document> CORONAVIRUS is a Patented Virus #URL# ></document>
    <document> We truly deserve to understand all the history not just the glossy version #URL# ></document>
    <document> Five star hotel in Abu Dhabi recycles their food leftovers to feed stray dogs - Good Times #URL# ></document>
    <document> The Chiefs' star quarterback spends his free time building houses for veterans #URL# ></document>
    <document> Eight species at risk of extinction in Arizona due to Trump's border wall construction #URL# ></document>
    <document> Washington DOT tweets photos of possible Sasquatch sighting at Sherman Pass #URL# ></document>
    <document> 'Mythical' mouse-deer thought to be extinct caught on camera trap #URL# ></document>
    <document> Crystal Geyser Pleads Guilty to Dumping Arsenic into California's Ecosystem for 15 Years #URL# ></document>
    <document> Supreme Court allows Flint residents to sue city and state over water contamination #URL# ></document>
    <document> Scientists Have Created an Artificial Retina Implant That Could Restore Vision to Millions #URL# ></document>
    <document> 4,200-Year-Old Egyptian Temple Discovered to Have Remarkably Well Preserved Artwork #URL# ></document>
    <document> She Creates Coats That Turn Into Sleeping Bags - and Hires Homeless to Make Them #URL# ></document>
    <document> The Forgotten Victims of the Holocaust: Gypsies #URL# ></document>
    <document> The names change but  The games stays  The same #URL# ></document>
    <document> Trump orders Apache Attack Helicopters for border patrol and ICE - NPC Daily #URL# ></document>
    <document> Teen with '60-year-old' face gets transformation: 'How I long to look like a high school student' #URL# ></document>
    <document> What Communists Did To My Family In The Soviet Gulags #URL# ></document>
    <document> Indian man dies after getting attacked by his rooster on their way to a cockfight #URL# ></document>
    <document> Ridiculous rules  Herbal and regular tea ☕️ with honey, warm or cold lemon 🍋 water and lemonade  Maybe even a prote… #URL# ></document>
    <document> Obama And Clinton Brought Slavery To Libya – OpEd #URL# ></document>
    <document> Large Quantities of Weapons and Drugs Left behind by NATO Terrorists in Southern Syria #URL# ></document>
    <document> Damn I’m moving to Ireland #URL# ></document>
    <document> Little Girl Who Couldn’t Speak Tells Therapy Donkey ‘I Love You’ #URL# ></document>
    <document> EPA Makes Rollback Of Clean Water Rules Official, Repealing 2015 Protections #URL# ></document>
    <document> A Rainbow of Light Diffracts Through Hummingbird Wings in Photographs by Christian Spencer #URL# ></document>
    <document> This should be an impeachable act #URL# ></document>
    <document> I posted a new video to Facebook #URL# ></document>
    <document> U.S. drinking water widely contaminated with 'forever chemicals': environment watchdog #URL# ></document>
    <document> Celtic woman found buried inside a TREE 'wearing fancy clothes and jewellery' after 2,200 years ></document>
    <document> By design  Wake up   Cat Goyda #URL# ></document>
    <document> Mud falls as rain in Melbourne as dust storm and clouds collide #URL# ></document>
    <document> The Field Museum is free all February for Illinoisans — and two other museums are free for more than half the month #URL# ></document>
    <document> Coronal aurora over Fairbanks, Alaska (January 22, 2012) #URL# ></document>
    <document> Donald Trump Dealt With Members of Organized Crime #URL# ></document>
    <document> Florida Man Fills Car with Frozen Iguanas, They Warm Up, Come Back to Life, Cause Accident #URL# ></document>
    <document> The real truth about terrorism which most of my fellow Americans cannot bear to hear or acknowledge: (A glaring uns… #URL# ></document>
    <document> Peter Robbins: “Government approved socialism for the 1%ers. Rugged individualism for the rest of us.” #URL# ></document>
    <document> Rat Poison Killing Rare Northern Spotted Owls While the EPA, State Governments Do Nothing #URL# ></document>
    <document> Science Confirms It: Yes Your Dog Should Sleep in Your Bed #URL# ></document>
    <document> This refugee family fled Congo. In Houston they grow organic vegetables. #URL# ></document>
    <document> The ultimate reality to the source of terrorism which unfortunately most Americans cannot bear to here or acknowled… #URL# ></document>
    <document> Listen to the Stuff They Don't Want You To Know Episode - The Grand Canyon's Lost Civilization? on iHeartRadio ></document>
    <document> He’s owned by the Banksters #URL# ></document>
    <document> A radio signal is coming from a nearby galaxy, scientists announce #URL# ></document>
    <document> In a courtroom, the jury stays seated.  In this kangaroo court, they walk out.  They should be disqualified . #URL# ></document>
    <document> Pentagon racks up $35 trillion in accounting changes in a year #URL# ></document>
    <document> How Donald Trump and Roy Cohn’s Ruthless Symbiosis Changed America #URL# ></document>
    <document> Deadly Storm Gloria batters Spain and France killing 9 with winds of up to 90 mph (144kmh) and waves up to 13.5 met… #URL# ></document>
    <document> Firings Of Disabled Federal Workers Have Increased 24% Under Trump #URL# ></document>
    <document> The arbitrary detention of Julian Assange set a dangerous precedent for journalists #URL# ></document>
    <document> A Latino Veteran Wins $190K Settlement After Being Detained By ICE While Carrying His US Passport #URL# ></document>
    <document> Copper Vessels Naturally Self-Sterilize Your Water To Destroy Harmful Pathogens #URL# ></document>
    <document> EX-CIA Lawyer: The Soleimani Hit Was a Homicide Under U.S. Criminal Law #URL# ></document>
    <document> Tulsi Gabbard on suing Hillary Clinton: Russian asset 'smear' was meant to intimidate and silence me #URL# ></document>
    <document> Two weeks and 40C heat later, hail still hasn't melted on this outback property #URL# ></document>
    <document> 'Barbaric': Adani's giant coal mine granted unlimited water licence for 60 years #URL# ></document>
    <document> Brain Implant Victims - MCRAIS #URL# ></document>
    <document> "Crisis in the world's fisheries" with "Chinese mega trawlers stripping the ocean floor". #URL# ></document>
    <document> Free Weed: Sicily Is No Longer Charging Patients for Medical Cannabis #URL# ></document>
    <document> The principle of ‘service above self’ guides my life ></document>
    <document> Report: Six Banks Reaped $18 Billion Last Year from Trump Tax Cuts #URL# ></document>
    <document> Medicinal smoke reduces airborne bacteria. - PubMed - NCBI #URL# ></document>
    <document> Sad - so where is the swamp clearing?? Too busy dirtying out water? Is god still his wingman ?   “Donald Trump has… #URL# ></document>
    <document> Perfectly Timed Photo Frames a Solar Eclipse Around a Man Leading a Camel in the Desert #URL# ></document>
    <document> He learned from and worked with mobsters He’s not clearing the swamp  Never intended too #URL# ></document>
    <document> Woman In Search Of Coffee Steals Walmart Scooter, Drives To Waffle House #URL# ></document>
    <document> Fun  Interesting  Happy images and emotions ></document>
    <document> Scientists discovered four new species of sharks that walk #URL# ></document>
    <document> Trump Advisors Plan to Privatize Native Lands to Tap Into Oil Rich Reservations #URL# ></document>
    <document> Judge Andrew Napolitano: Trump's Senate impeachment trial -- What does it take to remove a president? #URL# ></document>
    <document> Six companies are about to merge into the biggest farm-business oligopoly in history #URL# ></document>
    <document> Iraqis march in 'millions' to call for expulsion of US troops #URL# ></document>
  
</author>
<Document> Blasket Ghosts – Short Art-Doc (2017) #URL# ></document>
    <document> Glenn Greenwald: Chelsea Manning's refusal to testify against WikiLeaks will help save press freedom #URL# ></document>
    <document> Friday, January 24, 2020 morning in mid Missouri ></document>
    <document> These children won a court case that forced Colombia to protect the Amazon #URL# ></document>
    <document> Research shows that burning sage kills 94% of airborne bacteria #URL# ></document>
    <document> Experts warn of falling iguanas during cold snap #URL# ></document>
    <Document> The Criminalization of Scientific Whistleblowers An Interview with Judy Mikovits, Phd #URL# ></Document>
    <document> Madacascar is ambitiously planting 60 million trees inspired by its President #URL# ></document>
    <document> Don't find this in the history books #URL# ></document>
    <Document> An indigenous group from Peru wins lawsuit to block oil exploration in Amazon #URL# ></document>
    <document> Top 10 Most Beautiful Cockatoo Species on Planet Earth #URL# ></document>
    <Document> Oakland, California: Police, guns drawn, evict homeless mothers from home #URL# ></document>
    <Document> The Last of the Blasket People.wmv #URL# ></Document>
    <document> Meet Picasso: America's Most Famous Wild Mustang #URL# ></document>
    <document> School lunches from around the world spark American students' desire to study abroad #URL# ></document>
    <document> Filipinos make cups from pineapple leaves as an alternative to plastic #URL# ></document>
    <document> Guinea fowl prevent Lyme disease by eating up to 4000 ticks a day #URL# ></document>
    <Document> "Unprecedented!" Ethiopia, Kenya and Somalia are suffering from the largest swarm of locusts in 70 years: India, Iran, Pakistan, … #URL# ></document>
    <document> Japanese photographer captures an initially shy baby meerkat and his family in 23 images #URL# ></document>
    <document> "Heartbreaking" scene on the streets of Boston as police destroy wheelchairs belonging to homeless people #URL# ></document>
    <document> By Reverend Chuck Baldwin Chew at this #URL# ></document>
    <document> The ancient Egyptians believed cats had "divine energy" #URL# ></document>
    <Document> Download &amp; Save review later Cat Goyda Claudio Marty #URL# ></document>
    <document> You can use any terminology in any language for reference, but the child that comes from a human wo… #URL# ></document>
    <document> A single dragonfly can eat hundreds of mosquitoes every day #URL# ></document>
    <document> Poland unveils glow-in-the-dark bike lane charged by the sun #URL# ></document>
    <Document> The Kentucky legislature wants to give police the power to arrest people who don't answer their questions #URL# ></Document>
    <Document> after Obama-Biden-Hillary policy destroyed Libya with bipartisan congressional support #URL# ></document>
    <Document> CORONAVIRUS is a patented virus #URL# ></Document>
    < Document> We really deserve to understand the whole story, not just the glossy version #URL# ></document>
    <document> Five-star hotel in Abu Dhabi recycles its leftovers to feed stray dogs - Good Times #URL# ></document>
    <document> The Chiefs star quarterback spends his free time building homes for veterans #URL# ></document>
    <document> Eight species are threatened with extinction in Arizona due to Trump's border wall construction #URL# ></document>
    <Document> Washington DOT tweets photos of possible Sasquatch sighting at Sherman Pass #URL# ></document>
    <document> "Mythical" mouse deer believed to be extinct caught in camera trap #URL# ></document>
    <document> Crystal Geyser pleads guilty to 15 years of dumping arsenic into California ecosystem #URL# ></document>
    <Document> Supreme Court Allows Flint Residents to Sue City and State Over Water Pollution #URL# ></document>
    <document> Scientists have developed an artificial retinal implant that could restore sight to millions of people #URL# ></document>
    <document> 4,200-year-old Egyptian temple with remarkably well-preserved artwork discovered #URL# ></document>
    <document> She creates coats that turn into sleeping bags - and hires homeless people to make them #URL# ></document>
    <Document> The Forgotten Victims of the Holocaust: Gypsies #URL# ></Document>
    <document> The names will change but the games will remain the same #URL# ></document>
    <Document> Trump orders Apache attack helicopters for border patrol and ICE - NPC Daily #URL# ></Document>
    <document> Teenager with '60 year old' face undergoes transformation: 'How I long to look like a high school kid' #URL# ></document>
    <Document> What Communists Did to My Family in the Soviet Gulags #URL# ></Document>
    <document> Indian dies after being attacked by his rooster on his way to a cockfight #URL# ></document>
    <document> Ridiculous rules Herbal and regular tea ☕️ with honey, warm or cold lemon 🍋 water and lemonade Maybe even a prote… #URL# ></document>
    <Document> Obama and Clinton brought slavery to Libya - OpEd #URL# ></Document>
    <Document> Large amounts of weapons and drugs left by NATO terrorists in southern Syria #URL# ></Document>
    <document> Damn I'm moving to Ireland #URL# ></document>
    <Document> Little girl who couldn't speak tells therapy donkey "I love you" #URL# ></Document>
    <Document> EPA makes official repeal of clean water regulations and rescinds 2015 safeguards #URL# ></document>
    <document> A rainbow of light bends through hummingbird wings in photographs by Christian Spencer #URL# ></document>
    <document> This should be an actionable action #URL# ></document>
    <document> I posted a new video on Facebook #URL# ></document>
    <Document> US Drinking Water Largely Contaminated With Chemicals Forever: Environmental Watchdog #URL# ></Document>
    <Document> A Celtic woman was found buried in a TREE after 2,200 years, "dressed in fancy clothes and jewellery".</document>
    <document> Wanted: Wake up Cat Goyda #URL# ></document>
    <document> Mud falls as rain in Melbourne as dust storm and clouds collide #URL# ></document>
    <document> The Field Museum is free for Illinois residents throughout February — and two other museums are free for more than half of the month #URL# ></document>
    <Document> Coronal Aurora over Fairbanks, Alaska (January 22, 2012) #URL# ></Document>
    <Document> Donald Trump dealt with members of organized crime #URL# ></Document>
    <document> Florida man fills car with frozen iguanas, they warm up, come back to life, cause accident #URL# ></document>
    <document> The real truth about terrorism that most of my fellow Americans can't stomach or acknowledge: (A glaring us… #URL# ></document>
    <Document> Peter Robbins: “The government approved socialism for the 1%. Robust individualism for the rest of us.” #URL# ></document>
    <document> Rat poison kills rare Northern Spotted Owls while EPA and state governments do nothing #URL# ></document>
    <document> Science proves it: yes, your dog should sleep in your bed #URL# ></document>
    <Document> This refugee family fled Congo. In Houston, they grow organic vegetables. #URL# ></document>
    <document> The ultimate reality of the source of terrorism that most Americans here sadly don't condone or acknowledge... #URL# ></document>
    <document> Listen to the Things You Don't Want to Know Episode - The Lost Civilization of the Grand Canyon? on iHeartRadio ></document>
    <document> It belongs to the Banksters #URL# ></document>
    <document> A radio signal arrives from a nearby galaxy, scientists announce #URL# ></document>
    <Document> In a courtroom, the jury remains seated. In this kangaroo dish, they go out. They should be disqualified. #URL# ></document>
    <document> Pentagon raises $35 trillion in accounting changes in one year #URL# ></document>
    <Document> How the ruthless symbiosis of Donald Trump and Roy Cohn changed America #URL# ></Document>
    <document> Deadly Storm Gloria hits Spain and France, killing 9 with winds up to 90 mph (144 km/h) and waves up to 13.5 meters… #URL# ></document>
    <Document> Firings of Disabled Federal Employees Up 24% Under Trump #URL# ></Document>
    <document> The arbitrary arrest of Julian Assange sets a dangerous precedent for journalists #URL# ></document>
    <document> A Latino veteran wins a $190,000 settlement after being arrested by ICE while carrying his US passport #URL# ></document>
    <document> Copper vessels naturally self-sterilize your water to destroy harmful pathogens #URL# ></document>
    <Document> EX-CIA Attorney: Soleimani Hit Was Murder Under US Criminal Law #URL# ></Document>
    <document> Tulsi Gabbard on Hillary Clinton lawsuit: 'Defamation' of Russian assets should intimidate and silence me #URL# ></document>
    <document> Two weeks and 40C heat later, the hail still hasn't melted on this outback property #URL# ></document>
    <document> "Barbaric": Adani's massive coal mine gets unlimited water license for 60 years #URL# ></document>
    <Document> Brain Implant Victims - MCRAIS #URL# ></Document>
    <Document> "Crisis in world fisheries" with "Chinese mega-trawlers stripping seabed". #URL# ></document>
    <document> Free Weed: Sicily no longer charges patients for medicinal cannabis #URL# ></document>
    <document> The principle of "service above self" guides my life ></document>
    <Document> Report: Six banks raised $18 billion from Trump's tax cuts last year #URL# ></Document>
    <Document> Medicinal smoke reduces bacteria in the air. - PubMed - NCBI #URL# ></document>
    <Document> Sorry - so where is the swamp obligation?? Too busy polluting water? Is god still his wingman? “Donald Trump has … #URL# ></document>
    <document> Perfectly timed photo frame of a solar eclipse surrounding a man leading a camel in the desert #URL# ></document>
    <document> He learned from and worked with gangsters
    <document> Woman looking for coffee steals scooter from Walmart and drives to Waffle House #URL# ></document>
    <document> Fun Interesting Happy Pictures and Emotions ></document>
    <document> Scientists Discovered Four New Shark Species Walking #URL# ></document>
    <Document> Trump advisers plan to privatize homelands to tap into oil-rich reserves #URL# ></Document>
    <Document> Judge Andrew Napolitano: Trump's impeachment trial in the Senate - What does it take to impeach a president? #URL# ></document>
    <document> Six companies are about to merge to form the largest agricultural oligopoly in history #URL# ></document>
    <Document> Iraqis Demonstrate in "Millions" to Demand Expulsion of US Troops #URL# ></Document>
  
</author>