
  
    <document> Courtney B. Vance is joining us via satellite; Cynthia Erivo is again with us, again via satellite from Japan. They… #URL# ></document>
    <document> RT #USER#: All TV shows set in Portland, no matter how solid, strengthen my desire never to move to Portland. ></document>
    <document> Kim Kardashian West and Paris Hilton on TV projects that show their serious sides: TV press tour #URL# ></document>
    <document> Paris Hilton is now here for a panel devoted to #HASHTAG# documentary about her, called #HASHTAG#. Promises to re… #URL# ></document>
    <document> Oscars 2020 red carpet coverage: When, what channels, how to watch online #URL# ></document>
    <document> ‘The Bachelor’ 2020: How to watch Episode 7, Season 24, online without cable #URL# ></document>
    <document> TV show about kids trying to remake Oregon-filmed movie, ‘The Goonies,’ gets a pilot order  #URL# ></document>
    <document> Get a first look at Portland’s returning ‘Top Chef’ hopeful in Season 17 preview  #URL# ></document>
    <document> Oscars 2020; Oscars red carpet coverage; ‘Homeland’; ‘For Life’: TV This Week #URL# ></document>
    <document> 'I welcome the criticism,' says Reese Witherspoon, especially 'constructive criticism,' adds Jennifer Aniston, re:… #URL# ></document>
    <document> #USER# Wow. I don't drive super often in that area, and now I'm glad. That's a lot of red light-running! ></document>
    <document> Billy Crudup says he hopes they don't get his character's backstory in S 2; the character's interesting because we… #URL# ></document>
    <document> Kumail Nanjiani back in the olden days: #URL# ></document>
    <document> Portland’s KGW wants to shake up local TV news with ‘The Story With Dan Haggerty’ #URL# ></document>
    <document> Reese Witherspoon says it's important to watch all 10 eps of #HASHTAG#, adds, 'We have a lot more to explore.' #HASHTAG# #HASHTAG# ></document>
    <document> Portland-based ‘Simpsons’ veteran blasts Mike Pompeo for using a ‘Simpsons’ image to mock Nancy Pelosi #URL# ></document>
    <document> Oscars 2020 show: A few surprises can’t save a mostly predictable, overlong snooze (review) #URL# ></document>
    <document> RT #USER#: You do kind of wonder how ABC News feels about this. #URL# ></document>
    <document> David Blaine is doing a magic trick to promote his upcoming #HASHTAG# show, joined by a TCA member &amp; guest assistant Paris Hilton. #HASHTAG# ></document>
    <document> Jennifer Aniston calls director Mimi Leder, 'our fearless leader.'  Adds that Leder has her own inside-TV perspecti… #URL# ></document>
    <document> Danny Pudi says he enjoyed playing a character who is 'universally hated' in 'Mythic Quest: Raven's Banquet.' #HASHTAG# #HASHTAG# ></document>
    <document> ‘The Bachelor’ 2020: How to watch Episode 5, Season 24 online without cable #URL# ></document>
    <document> Kim Kardashian West is here to talk about her new #HASHTAG# documentary, #HASHTAG# which premieres April 5. #HASHTAG# ></document>
    <document> My assistant is helping me watch #HASHTAG# screeners. Not sure what she thinks, but I’m interested. #URL# ></document>
    <document> Super Bowl 54; ‘The Masked Singer’; Oregonians on ‘Lego Masters’; ‘’The Sinner’; ‘Briarpatch’: TV This Week #URL# ></document>
    <document> Oregon’s ‘Bearded Builders’ team on competing in TV’s ‘Lego Masters’: ‘The challenges were so intense’ #URL# ></document>
    <document> RT #USER#: Hank Azaria will no longer voice Apu on The Simpsons #URL# #URL# ></document>
    <document> Skipping the 2020 Super Bowl? Here’s what to watch instead #URL# ></document>
    <document> 'I think Boise has it right, I'd rather welcome a bunch of refugees than Californians,' Kumail Nanjiana says (sort… #URL# ></document>
    <document> In ’Shrill’ Season 2, the characters deepen, but the Portland-filmed comedy remains kind-hearted (review) #URL# ></document>
    <document> Why are the #HASHTAG# having artists onstage singing without introductions? We have relative oldies like Eminem mixin… #URL# ></document>
    <document> When are 2020 ‘Puppy Bowl’ and ‘Kitten Bowl’ on?: Date, time, TV channels, how to stream #URL# ></document>
    <document> How to watch Trump’s State of the Union 2020: Time, TV channels, how to stream online #URL# ></document>
    <document> RT #USER#: If you're looking to explore the film legacy of Kirk Douglas: Paths of Glory. The Bad and the Beautiful. Spartacus. Ace… ></document>
    <document> Kumail Nanjiani &amp; Emily V. Gordon, writers &amp; exec producers, are joining us via satellite from London; they look ki… #URL# ></document>
    <document> Though its originals are new, #HASHTAG#+ is extending votes of confidence with plenty of renewals. #HASHTAG#, f… #URL# ></document>
    <document> Now Elton John gets the no-intro treatment as he sings his nominated song. It's as if the #HASHTAG# are saying, take… #URL# ></document>
    <document> It's the last day (finally) of #HASHTAG# but the room isn't empty but instead at a dull roar because Apple TV+ is pres… #URL# ></document>
    <document> RT #USER#: #USER# "I'm wearing all white so I hope there's no blood involved," she jokes before Blaine sews his lips togethe… ></document>
    <document> ‘Little People, Big World’ 2020: Oregon’s Roloff family returns, with the farm’s future at stake #URL# ></document>
    <document> Red carpet looks aren't important when it comes to creative achievement, but just as a small suggestion: Al Pacino, get a haircut, please. ></document>
    <document> USA Network’s 'Briarpatch' brings high style to a down-and-dirty story (Review) #URL# ></document>
    <document> Suzan-Lori Parks is an executive producer &amp; showrunner; she's here, with Anthony Hemingway, director &amp; executive pr… #URL# ></document>
    <document> RT #USER#: #USER# McElhenney says they'll keep doing #HASHTAG# as long as people watch it, says they are "live action cartoon c… ></document>
    <document> Saturday at #HASHTAG# has so far included Doris Kearns Goodwin talking about new miniseries, #HASHTAG#, about the 1s… #URL# ></document>
    <document> Shaian Jordan, who plays young Aretha, is with Courtney B. Vance, via satellite from the set. #HASHTAG# #HASHTAG# #HASHTAG# ></document>
    <document> Kumail Nanjiani says that growing up in Pakistan, his idea of U.S. came from pop culture images, heavy on L.A. &amp; N.… #URL# ></document>
    <document> RT #USER#: On Facebook you'd think JLo's Super Bowl performance was the opening of the seventh seal. On Twitter you'd think it obliter… ></document>
    <document> RT #USER#: Mayor #USER# is hosting a series of community conversations about homelessness. The next one is tonight in Northeast… ></document>
    <document> #HASHTAG# 2020: How to watch this week’s bonus, Episode 6, Season 24, online without cable #URL# ></document>
    <document> Sean Hannity’s Super Bowl interview with Donald Trump draws protests: ‘A campaign commercial, not an interview’ #URL# ></document>
    <document> RT #USER#: Contents of Abraham Lincoln’s pockets at moment of assassination, 1865, Ford’s Theatre—not shown to public for 111 years:… ></document>
    <document> Oregon’s ‘Gold Rush’ veteran returns for Season 2 of ‘Dave Turin’s Lost Mine’ on Discovery #URL# ></document>
    <document> Jennifer Aniston says the beauty of streaming services is they don't get ratings, but #HASHTAG# is happy with… #URL# ></document>
    <document> Asked about show's take on #HASHTAG#, Jennifer Aniston says the show's of course about that, but also power dynamics,… #URL# ></document>
    <document> 2020 #HASHTAG# Awards red carpet: How to watch the coverage online without cable #URL# ></document>
    <document> RT #USER#: Okay you convinced me I’ll join the Australian military #URL# ></document>
    <document> ‘Project Runway’ 2020: How to watch Episode 7, Season 18 online without cable  #URL# ></document>
    <document> RT #USER#: Does the cast know anyone like Crudup's character and if so, could they name them? Witherspoon cracks up and says, "I w… ></document>
    <document> Coming Feb. 7: 'Mythic Quest: Raven's Banquet,' a comedy about video game developers, co-created by Rob McElhenney,… #URL# ></document>
    <document> Coming March 6 to #HASHTAG# is a reimagined reboot of #HASHTAG#. #HASHTAG# ></document>
    <document> Final #HASHTAG# panel of the day is for 'Genius: Aretha,' first in the franchise to focus on a woman. Cyn… #URL# ></document>
    <document> RT #USER#: William Murphy reacts to the death of Kobe Bryant: “Who isn't a fan of Kobe Bryant?... What better night to raise up music in… ></document>
    <document> Adult dogs and cats have their day in ‘Puppy Bowl Presents: The Dog Bowl,’ and ‘Cat Bowl II' #URL# ></document>
    <document> ‘The Bachelor’ 2020: How to watch Episode 3, Season 24 online without cable #URL# ></document>
    <document> Another exciting evening at home. #HASHTAG# #URL# ></document>
    <document> Conservative radio host Rush Limbaugh announces he has advanced lung cancer #URL# ></document>
    <document> Jennifer Aniston adds that they've heard good things from people in the TV business about #HASHTAG# &amp; that it… #URL# ></document>
    <document> More Portland TV news changes, as KOIN debuts new morning show on KRCW-TV #URL# ></document>
    <document> Will Netflix invade the weirdly early 2020 Oscars?  #URL# ></document>
    <document> Paris Hilton says there are many misconceptions about her. 'I've been judged on a character I created at the beginn… #URL# ></document>
    <document> Bad news, ‘Outlander’ fans: After ‘Power’ finale, Comcast is dropping Starz from cable packages #URL# ></document>
    <document> ‘The Conners’ live, election-themed shows for East and West Coast viewers: How to watch online and on TV #URL# ></document>
    <document> RT #USER#: Thanks to #USER# for making the time for a Q&amp;A. #URL# ></document>
    <document> RT #USER#: Fellow journos, abroad and especially here in the US: if you have a story we should be looking at, drop me a line at ronan… ></document>
    <document> RT #USER#: BREAKING: Sheriff says records show nine people were killed when helicopter crashed in California. Sources tell #USER# that Kobe Bryan… ></document>
    <document> Renewal news: #HASHTAG# orders Season 2 for 'Avenue 5,' comedy set in the future starring Hugh Laurie, from Armando Iannucci ('Veep'). ></document>
    <document> RT #USER#: Oregon’s governor, a member of Congress and two district attorneys pushed Wednesday for investigations of wrongdoing by poli… ></document>
    <document> ‘The Bachelor’ 2020: How to watch Episode 4, Season 24 online without cable #URL# ></document>
    <document> Tickets go on sale at 5 pm tonight: ‘The Masked Singer - The Live Tour’ brings the bonkers show to Portland #URL# ></document>
    <document> ‘Star Trek: Picard’; ‘9-1-1: Lone Star’; ‘Awkwafina is Nora from Queens’; ‘Curb Your Enthusiasm’: TV This Week #URL# ></document>
    <document> #USER# No host is one thing, but no information is another. Very weird! ></document>
    <document> How to watch ‘Puppy Bowl’ and ‘Kitten Bowl’ 2020 online without cable #URL# ></document>
    <document> My assistant in her usual spot as she helps me catch up with TV. #URL# ></document>
    <document> RT #USER#: A Clouded leopard close up.. #URL# ></document>
    <document> RT #USER#: And yet there’s only one Les Schwab -- only one company on that scale anywhere in the region -- and any change at the tire c… ></document>
    <document> David Blaine's trick involved him sewing his mouth shut and then  producing a playing card, as a TCA member and Par… #URL# ></document>
    <document> ‘Star Trek: Picard’: Patrick Stewart soars in a series that appeals to more than superfans #URL# ></document>
    <document> RT #USER#: Mercy Corps guilty of ‘missteps’ in dismissing request to revisit sex abuse complaint against co-founder, investigation find… ></document>
    <document> Hulu’s ‘High Fidelity’: Zoë Kravitz stars in a reboot with a charming new spin #URL# ></document>
    <document> When are the 2020 Oscars? Date, time, TV channel, how to watch online #URL# ></document>
    <document> RT #USER#: If you're watching The Big Game™ this weekend, why not try some Food™? Whether crunchy or creamy, meaty or wheaty, noth… ></document>
    <document> Portland-filmed Disney Plus ‘Timmy Failure’ movie is a smart, quirky family treat (review) #URL# ></document>
    <document> What TV show is on after Super Bowl 2020? #URL# ></document>
    <document> More teevee news: 'The Good Fight' Season 4 will premiere April 9 on #HASHTAG# ></document>
    <document> Press Releases That Make Me Reluctant To Watch Dept.: "MARK CUBAN, DR. PHIL, RYAN SEACREST, PIERS MORGAN AND LISA V… #URL# ></document>
    <document> ‘The Bachelor’ 2020: How to watch this week’s bonus, Episode 6, Season 24, online without cable #URL# ></document>
    <document> ‘Outlander’; ‘Last Week Tonight With John Oliver’; ‘El Camino: A Breaking Bad Movie’: TV This Week #URL# ></document>
    <document> #HASHTAG# cast &amp; EPS are heading to the #HASHTAG# awards soon, but Jennifer Aniston, Reese Witherspoon, Billy Crud… #URL# ></document>
    <document> Lake Oswego math teacher to compete on ‘Jeopardy!’ Friday #URL# ></document>
  
</author>
<Document> Courtney B. Vance joins us via satellite; Cynthia Erivo is with us again, again via satellite from Japan. You… #URL# ></document>
    <Document> RT #USER#: Any TV show set in Portland, no matter how solid, reinforces my desire never to move to Portland. ></Document>
    <document> Kim Kardashian West and Paris Hilton on TV projects showing their serious side: TV Press Tour #URL# ></document>
    <document> Paris Hilton is here now for a panel entitled #HASHTAG# about her dedicated to the #HASHTAG# documentary. Promises to be back... #URL# ></document>
    <document> Oscars 2020 red carpet coverage: when, which channels, how to watch online #URL# ></document>
    <Document> The Bachelor 2020: How to Watch Episode 7 Season 24 Online Wireless #URL# ></Document>
    <document> TV show about kids trying to remake Oregon-set movie 'The Goonies' gets pilot #URL# ></document>
    <document> Get a first look at Portland's returning "Top Chef" hope in the Season 17 Preview #URL# ></document>
    <Document> Oscars 2020; Oscars red carpet coverage; 'Homeland'; "For Life": TV This Week #URL# ></document>
    <document> "I welcome the criticism," says Reese Witherspoon, especially "constructive criticism," adds Jennifer Aniston, re:… #URL# ></document>
    <Document> #USER# Wow. I don't drive in the area that often and I'm happy now. That's a lot of red light racing! ></Document>
    <Document> Billy Crudup says he hopes they don't get his character's backstory in S2; the character is interesting because we… #URL# ></document>
    <Document> Kumail Nanjiani in ancient times: #URL# ></Document>
    <document> KGW from Portland wants to shake up the local TV news with "The Story With Dan Haggerty" #URL# ></document>
    <Document> Reese Witherspoon says it's important to watch all 10 episodes of #HASHTAG#, adding: "We still have a lot more to discover." #HASHTAG# #HASHTAG# ></document>
    <document> Portland-based Simpsons veteran slams Mike Pompeo for using Simpsons image to mock Nancy Pelosi #URL# ></document>
    <document> Oscars 2020 show: A few surprises can't save a mostly predictable, too-long nap (review) #URL# ></document>
    <Document> RT #USER#: You're kind of wondering how ABC News feels about this. #URL# ></document>
    <Document> David Blaine pulls a magic trick to promote his upcoming #HASHTAG# show alongside a TCA member &amp; Guest Assistant Paris Hilton. #HASHTAG# ></document>
    <Document> Jennifer Aniston calls director Mimi Leder "our fearless leader". Adds that Leder has her own insider TV perspective... #URL# ></document>
    <Document> Danny Pudi says he enjoyed playing a character who is "universally hated" in Mythic Quest: Raven's Banquet. #HASHTAG# #HASHTAG# ></document>
    <Document> The Bachelor 2020: How to Watch Episode 5 Season 24 Online Wireless #URL# ></Document>
    <document> Kim Kardashian West is here to talk about her new #HASHTAG# documentary #HASHTAG#, which premieres in April5. #HASHTAG# ></document>
    <document> My assistant helps me to view #HASHTAG# screeners. I'm not sure what she's thinking, but I'm interested. #URL# ></document>
    <Document> Super Bowl 54; "The Masked Singer"; Oregonians at Lego Masters; ''The sinner'; 'Briarpatch': TV This Week #URL# ></document>
    <document> Oregon's Bearded Builders team on attending Lego Masters on TV: "The challenges were so intense" #URL# ></document>
    <document> RT #USER#: Hank Azaria will no longer voice Apu on The Simpsons #URL# #URL# ></document>
    <Document> Skipping Super Bowl 2020? Instead, look at this: #URL# ></document>
    <document> "I think Boise is right, I'd rather welcome a bunch of refugees than Californians," says Kumail Nanjiana (sort... #URL# ></document>
    <document> Season 2 of "Shrill" deepens the characters, but the Portland-shot comedy remains kind-hearted (Review) #URL# ></document>
    <document> Why do #HASHTAG# let artists sing on stage without an introduction? We have relative oldies like Eminem Mixin… #URL# ></document>
    <document> When is Puppy Bowl and Kitten Bowl in 2020?: date, time, TV channels, how to stream #URL# ></document>
    <document> How to Watch Trump's State of the Union 2020: Time, TV Channels, Online Streaming #URL# ></document>
    <document> RT #USER#: If you want to explore the film legacy of Kirk Douglas: Paths of Glory. The bad and the beautiful. Spartacus. Ass... ></document>
    <Document> Kumail Nanjiani &amp; Emily V. Gordon, Writer &amp; executive producers, join us via satellite from London; they look ki… #URL# ></document>
    <Document> Although its originals are new, #HASHTAG#+ extends confidence votes with many innovations. #HASHTAG#, f… #URL# ></document>
    <Document> Now Elton John gets the no-intro treatment while singing his nominated song. It's like the #HASHTAG# is saying, take... #URL# ></document>
    <document> It's (finally) the last day of #HASHTAG#, but the space isn't empty, it's in a dull roar because Apple TV+ pres… #URL# ></document>
    <Document> RT #USER#: #USER# "I'm wearing all white, so I hope there's no blood involved," she jokes before Blaine sews his lips together... ></document>
    <document> Little People, Big World 2020: The Oregon Roloff family returns and the farm's future is at stake #URL# ></document>
    <document> Red carpet looks aren't important when it comes to creative output, but just as a small suggestion: Al Pacino, please cut your hair. ></Document>
    <document> USA Network's Briarpatch puts style on a seedy story (review) #URL# ></document>
    <Document> Suzan-Lori Parks is Executive Producer &amp; showrunner; She's Here, with Anthony Hemingway, Director &amp; Executive PR… #URL# ></document>
    <document> RT #USER#: #USER# McElhenney says they'll keep doing #HASHTAG# as long as people see it, says they're "live-action cartoon c... ></document>
    <document> Saturday#HASHTAG# has featured Doris Kearns Goodwin so far, speaking about the new miniseries #HASHTAG#, about the ones... #URL# ></document>
    <Document> Shaian Jordan, who plays young Aretha, is on set with Courtney B. Vance via satellite. #HASHTAG# #HASHTAG# #HASHTAG# ></document>
    <Document> Kumail Nanjiani says his idea of ​​America growing up in Pakistan came from pop culture images heavily L.A. &amp; N... #URL# ></document>
    <Document> RT #USER#: On Facebook, one might think that JLo's appearance at the Super Bowl was the opening of the seventh seal. On Twitter you might think it obliter... ></document>
    <Document> RT #USER#: Mayor #USER# is hosting a series of community talks about homelessness. The next one is tonight in the Northeast... ></document>
    <document> #HASHTAG# 2020: How to Watch This Week's Bonus Episode 6 Season 24 Online Wireless #URL# ></document>
    <Document> Sean Hannity's Super Bowl interview with Donald Trump sparks protests: "A campaign ad, not an interview" #URL# ></document>
    <Document> RT #USER#: Contents of Abraham Lincoln's pocket at moment of assassination, 1865, Ford's Theater - not shown publicly for 111 years:... ></document>
    <document> Oregon's Gold Rush veteran returns for Season 2 of Dave Turin's Lost Mine on Discovery #URL# ></document>
    <document> Jennifer Aniston says the beauty of streaming services is that they don't get reviews, but #HASHTAG# is happy with... #URL# ></document>
    <document> When asked about the show's take on #HASHTAG#, Jennifer Aniston says the show is about that, of course, but also about power dynamics,... #URL# ></document>
    <document> 2020 #HASHTAG# Awards Red Carpet: How to Watch Coverage Online Wireless #URL# ></document>
    <document> RT #USER#: Okay, you've convinced me to join the Australian military #URL# ></document>
    <document> Project Runway 2020: How to watch Episode 7 Season 18 online without cable #URL# ></document>
    <Document> RT #USER#: Do the cast members know anyone like Crudup's character and if so, could they name him? Witherspoon breaks down and says, "I w... ></document>
    <Document> Coming February 7th: Mythic Quest: Raven's Banquet, a comedy about video game developers co-created by Rob McElhenney, … #URL# ></document>
    <Document> On March 6th, #HASHTAG# will be released with a reinterpreted reboot of #HASHTAG#. #HASHTAG# ></document>
    <document> The final #HASHTAG# panel of the day is for Genius: Aretha, the first in the franchise to focus on a woman. Cyn… #URL# ></document>
    <Document> RT #USER#: William Murphy Responds to Kobe Bryant's Death: 'Who isn't a fan of Kobe Bryant? ... What better night to make music... ></Document>
    <document> Adult dogs and cats have their day in Puppy Bowl Presents: The Dog Bowl and Cat Bowl II #URL# ></document>
    <Document> The Bachelor 2020: How to Watch Episode 3 Season 24 Online Wireless #URL# ></Document>
    <document> Another exciting evening at home. #HASHTAG# #URL# ></document>
    <document> conservActive radio host Rush Limbaugh announces he has advanced lung cancer #URL# ></document>
    <Document> Jennifer Aniston adds that she has heard good things about #HASHTAG# &amp; that it… #URL# ></document>
    <document> More Portland TV news is changing as KOIN debuts its new morning show on KRCW-TV #URL# ></document>
    <document> Will Netflix conquer the oddly early Oscars of 2020? #URL# ></document>
    <Document> Paris Hilton says there are many misconceptions about her. "I was judged on a character I created in the beginning... #URL# ></document>
    <document> Bad news Outlander fans: After the "Power" finale, Comcast is removing Starz from cable packages #URL# ></document>
    <document> The Conners Live Election-Themed Shows for East and West Coast Viewers: Watch Online and TV #URL# ></document>
    <document> RT #USER#: Thanks to #USER# for taking the time for a Q&A. #URL# ></document>
    <document> RT #USER#: Colleagues abroad and especially here in the US: if you have a story you want us to look at, drop me a message at ronan... ></document>
    <Document> RT #USER#: BREAKING: Sheriff says records show nine people were killed when helicopter crashed in California. Sources say #USER# that Kobe Bryan... ></document>
    <document> Extension News: #HASHTAG# orders season 2 of "Avenue 5", a future comedy starring Hugh Laurie, from Armando Iannucci ("Veep"). ></Document>
    <Document> RT #USER#: Oregon's governor, a member of Congress and two prosecutors on Wednesday pushed investigations into police misconduct... ></Document>
    <Document> The Bachelor 2020: How to Watch Episode 4 Season 24 Online Wireless #URL# ></Document>
    <document> Tickets go on sale tonight at 5pm: The Masked Singer - The Live Tour brings the zany show to Portland #URL# ></document>
    <Document> "Star Trek: Picard"; "9-1-1: Lonely Star"; "Awkwafina is Nora from Queens"; "Catch Your Excitement": TV This Week #URL# ></document>
    <document> #USER# No host is one thing, but no information is another. Very strange! ></Document>
    <document> How to Watch Puppy Bowl and Kitten Bowl 2020 Online Wireless #URL# ></document>
    <document> My assistant at her usual place while she helps me watch TV. #URL# ></document>
    <Document> RT #USER#: A Smoke Jaguar up close.. #URL# ></document>
    <document> RT #USER#: And yet there is only one Les Schwab - only one company of this magnitude in the entire region - and any change to tire inspection... ></document>
    <document> David Blaine's trick was to sew his mouth shut and then as a TCA member and Par… #URL# ></document> he made a playing card
    <document> Star Trek: Picard: Patrick Stewart rises in a series that appeals to more than just superfans #URL# ></document>
    <Document> RT #USER#: Mercy Corps is guilty of "missteps" in denying request for reconsideration of sex abuse complaint against co-founder, inquiry finds... ></Document>
    <i.eocument> Hulu's "High Fidelity": Zoë Kravitz stars in a reboot with a charming new spin on #URL# ></document>
    <Document> When are the Oscars 2020? Date, time, TV channel, online playback #URL# ></document>
    <document> RT #USER#: If you're watching The Big Game™ this weekend, why not try some Food™? Whether crispy or creamy, meaty or wheaty, nothing... ></document>
    <document> Set in Portland, Disney Plus Movie Timmy Failure is a Smart, Whimsical Family Enjoyment (review) #URL# ></document>
    <Document> What TV Show Is On After Super Bowl 2020? #URL# ></document>
    <document> More teevee news: Season 4 of The Good Fight premieres on April 9th ​​under #HASHTAG# ></document>
    <Document> Press releases I'm reluctant to view: "MARK CUBAN, DR. PHIL, RYAN SEACREST, PIERS MORGAN AND LISA V... #URL# ></document>
    <document> The Bachelor 2020: How to Watch This Week's Bonus Episode 6 Season 24 Online Wireless #URL# ></document>
    <document> "stranger"; "Last Week Tonight With John Oliver"; "El Camino: A Breaking Bad Movie": TV This Week #URL# ></document>
    <document> #HASHTAG# cast &amp; EPS is heading to the #HASHTAG# Awards soon, but Jennifer Aniston, Reese Witherspoon, Billy Crud... #URL# ></document>
    <document> Lake Oswego math teacher competes in Friday's Jeopardy! #URL# ></document>
  
</author>