
  
    <document> today's stats : 3 new followers, 11 new unfollowers, 2232 non-followers. found via #URL# ></document>
    <document> Celebrate a Sweet Christmas With Awesome Party Supplies #URL# ></document>
    <document> today's stats : 4 new followers, 17 new unfollowers, 2215 non-followers. found via #URL# ></document>
    <document> Trick or treat in review - #URL# ></document>
    <document> Victorian Christmas costume closet open to the public - #URL# ></document>
    <document> Chris Hemsworth's Kids Actually Love Thor, According To This Photo - #URL# ></document>
    <document> Hela Hot Toy Figure from Thor: Ragnarok Revealed - #URL# ></document>
    <document> Trending Ugly Sweater Ideas For Gifting This Christmas #URL# ></document>
    <document> Five best dress for your Toddler on Thanksgiving #URL# ></document>
    <document> Best Christmas Costumes, Decorations And Gifts Ideas #URL# ></document>
    <document> Awesome Costumes To Buy For Your Toddler On Black Friday #URL# ></document>
    <document> today's stats : 12 new followers, 17 new unfollowers, 2215 non-followers. found via #URL# ></document>
    <document> These Trending Gothic Costumes Will Rock Your Halloween Party #URL# ></document>
    <document> Angel Devil Theme Party dresses #URL# ></document>
    <document> Halloween's Best Costumes And Ideas: What are some Funny, Naughty and Ugly Christmas Sw... #URL# ></document>
    <document> today's stats : 8 new followers, 12 new unfollowers, 2216 non-followers. found via #URL# ></document>
    <document> Top 20 Best-Selling PS4 Games On PSN For October 2017 - #URL# ></document>
    <document> today's stats : 6 new followers, 14 new unfollowers, 2225 non-followers. found via #URL# ></document>
    <document> today's stats : 6 new followers, 11 new unfollowers, 2235 non-followers. found via #URL# ></document>
    <document> Sia takes on paparazzi by posting her own naked photo - #URL# ></document>
    <document> RT #USER#: Top Selling Female Costumes For 2019 #URL# ></document>
    <document> These Trending Gothic Costumes Will Rock Your Halloween Party #URL# ></document>
    <document> today's stats : 5 new followers, 16 new unfollowers, 2232 non-followers. found via #URL# ></document>
    <document> Carrie Underwood Dazzles in a Dramatic Blue Dress at the 2017 CMA Awards - #URL# ></document>
    <document> today's stats : 31 new followers, 11 new unfollowers, 2227 non-followers. found via #URL# ></document>
    <document> Plush Toys That You Can Gift Your Kids This Christmas #URL# ></document>
    <document> Plush Toys That You Can Gift Your Kids This Christmas #URL# ></document>
    <document> Halloween at UK has changed throughout the years - #URL# ></document>
    <document> These Gifts Could Make Your Child's Thanksgiving Special #URL# ></document>
    <document> Awesome Costumes To Buy For Your Toddler On Black Friday #URL# ></document>
    <document> RT #USER#: Best Maleficent Costumes and Accessories #URL# ></document>
    <document> Meet the Ugandan Student Filmmaker Who Gave 'Arthur' a Viral Teen Drama Twist - #URL# ></document>
    <document> 15 Actors Who Are Completely Unrecognizable In Their Superhero Roles - #URL# ></document>
    <document> Christmas Santa Suits For Kids &amp; Toddlers #URL# ></document>
    <document> Five Best Super Hero Costume for your Child #URL# ></document>
    <document> The Iron Spider's Connection To Miles Morales, Revealed - #URL# ></document>
    <document> Girls action figures inspire new Henson toon - #URL# ></document>
    <document> Jim Henson Co. developing IAmElemental action figure line as animated series - #URL# ></document>
    <document> Movies influence costume trends - #URL# ></document>
    <document> today's stats : 5 new followers, 15 new unfollowers, 2227 non-followers. found via #URL# ></document>
    <document> Birthday Selfie Celebration party supply Ideas #URL# ></document>
    <document> Riverdale's Costume Designer on Those Doctors' Uniforms, Dark Betty, and Jughead's Beanie - #URL# ></document>
    <document> Sideshow Collectibles Unveils Hela Figure From Thor: Ragnarok - #URL# ></document>
    <document> Unlike Batman, Justice League's Cyborg basically wore pajamas during filming - #URL# ></document>
    <document> Bauso: A not-so-scary Halloween in Auburn - #URL# ></document>
    <document> Angel Devil Theme Party dresses #URL# ></document>
    <document> The 15 Most Iconic Marvel Superhero Symbols, Ranked - #URL# ></document>
    <document> Trick-Or-Treating At The Simsbury Library - #URL# ></document>
    <document> City College's Entrepreneur Club is all business - #URL# ></document>
    <document> 8 Popular Sci-Fi Theme Costumes To Get In Action #URL# ></document>
    <document> These Gifts Could Make Your Child's Thanksgiving Special #URL# ></document>
    <document> Man dressed as Santa Claus arrested after shooting at Halloween party - #URL# ></document>
    <document> today's stats : 1 new follower, 14 new unfollowers, 2232 non-followers. found via #URL# ></document>
    <document> Trending Toys That You Could Gift This Christmas #URL# ></document>
    <document> Pre-School Palooza delivers pre-Halloween treats - #URL# ></document>
    <document> 'Kill the damn duck!': Ex-DNC head Brazile describes clash over trolling Trump with Donald Duck . - #URL# ></document>
    <document> today's stats : 2 new followers, 12 new unfollowers, 2229 non-followers. found via #URL# ></document>
    <document> Halloween invades EV for fundraiser - #URL# ></document>
    <document> Elf Costume Ideas for Christmas Party #URL# ></document>
    <document> Top Selling Female Costumes For 2019 #URL# ></document>
    <document> Chamber of Commerce celebrates fun for adults and kids - #URL# ></document>
    <document> Boaz man charged with burglary, theft - #URL# ></document>
    <document> today's stats : 7 new followers, 19 new unfollowers, 2227 non-followers. found via #URL# ></document>
    <document> today's stats : 6 new followers, 20 new unfollowers, 2238 non-followers. found via #URL# ></document>
    <document> The Met Counts on Vatican for Costume Institute's Spring Exhibition Pieces - #URL# ></document>
    <document> The Costume Institute Takes On Catholicism - #URL# ></document>
    <document> today's stats : 2 new followers, 13 new unfollowers, 2234 non-followers. found via #URL# ></document>
    <document> today's stats : 7 new followers, 12 new unfollowers, 2225 non-followers. found via #URL# ></document>
    <document> 8 Popular Sci-Fi Theme Costumes To Get In Action #URL# ></document>
    <document> Family remembers man killed in officer-involved shooting - #URL# ></document>
    <document> 'Be vigilant': More reports of Halloween candy tampering emerge in Nova Scotia - #URL# ></document>
    <document> Man wearing Halloween mask faces multiple charges after allegedly walking near school with knife  - #URL# ></document>
    <document> Five Best Super Hero Costume for your Child #URL# ></document>
    <document> Best Maleficent Costumes and Accessories #URL# ></document>
    <document> today's stats : 4 new followers, 8 new unfollowers, 2234 non-followers. found via #URL# ></document>
    <document> Top 10 Best Purple Christmas Decorations 2017 - #URL# ></document>
    <document> Trending Ugly Sweater Ideas For Gifting This Christmas #URL# ></document>
    <document> RT #USER#: Birthday Selfie Celebration party supply Ideas #URL# ></document>
    <document> iPhone X's Face ID will still work after you become a zombie - #URL# ></document>
    <document> What are some Funny, Naughty and Ugly Christmas Sweater Ideas #URL# ></document>
    <document> today's stats : 5 new followers, 18 new unfollowers, 2227 non-followers. found via #URL# ></document>
    <document> today's stats : 5 new followers, 35 new unfollowers, 2223 non-followers. found via #URL# ></document>
    <document> Celebrate a Sweet Christmas With Awesome Party Supplies #URL# ></document>
    <document> Rotten Tomatoes Reveals The 50 Best Superhero Films Of All-Time - #URL# ></document>
    <document> today's stats : 2 new followers, 9 new unfollowers, 2230 non-followers. found via #URL# ></document>
    <document> The Culture of Cosplay - #URL# ></document>
    <document> La Milpa hosts Day of the Dead celebration - #URL# ></document>
    <document> Five best dress for your Toddler on Thanksgiving #URL# ></document>
    <document> Memorial School holds annual Halloween parade - #URL# ></document>
    <document> today's stats : 2 new followers, 11 new unfollowers, 2225 non-followers. found via #URL# ></document>
    <document> Area girls are crowned Queen, Miss Congeniality at annual Hiawatha Halloween Frolic - #URL# ></document>
    <document> Sexy Costumes in Costumes &amp; Accessories at #URL# Party Supplies - #URL# ></document>
    <document> today's stats : 8 new followers, 19 new unfollowers, 2241 non-followers. found via #URL# ></document>
    <document> Best Christmas Costumes, Decorations And Gifts Ideas #URL# ></document>
    <document> That Pinterest Party Isn't For Your Kid: It's For The Other Moms - #URL# ></document>
    <document> Montclair Family's Dragon Halloween Costume: How Was It Made? - #URL# ></document>
    <document> Trending Toys That You Could Gift This Christmas #URL# ></document>
    <document> What are some Funny, Naughty and Ugly Christmas Sweater Ideas #URL# ></document>
    <document> today's stats : 10 new followers, 12 new unfollowers, 2233 non-followers. found via #URL# ></document>
    <document> LOVERRO: On the field and off, Cousins continues his rise - #URL# ></document>
  
</author>
<Document> today's stats: 3 new followers, 11 new unfollowers, 2232 unfollowers. found via #URL# ></document>
    <document> Celebrate a sweet Christmas with great party favors #URL# ></document>
    <Document> today's stats: 4 new followers, 17 new unfollowers, 2215 unfollowers. found via #URL# ></document>
    <document> Trick or treating in the review - #URL# ></document>
    <document> Victorian Christmas costume closet open to the public - #URL# ></document>
    <document> According to this photo, Chris Hemsworth's kids actually love Thor - #URL# ></document>
    <Document> Hot toy character Hela from Thor: Ragnarok revealed - #URL# ></Document>
    <document> Trendy ugly sweater ideas for Christmas gifts #URL# ></document>
    <document> Five best dresses for your toddler on Thanksgiving #URL# ></document>
    <document> The best ideas for Christmas costumes, decorations and gifts #URL# ></document>
    <document> Awesome costumes to buy for your toddler on Black Friday #URL# ></document>
    <Document> today's stats: 12 new followers, 17 new unfollowers, 2215 unfollowers. found via #URL# ></document>
    <document> These trendy gothic costumes will rock your Halloween party #URL# ></document>
    <document> Angel Devil Theme Party Dresses #URL# ></document>
    <document> Best Halloween Costumes and Ideas: What are some funny, sassy, ​​and ugly Christmas sw... #URL# ></document>
    <Document> today's stats: 8 new followers, 12 new unfollowers, 2216 unfollowers. found via #URL# ></document>
    <document> Top 20 best-selling PS4 games on PSN in October 2017 - #URL# ></document>
    <Document> today's stats: 6 new followers, 14 new unfollowers, 2225 unfollowers. found via #URL# ></document>
    <Document> today's stats: 6 new followers, 11 new unfollowers, 2235 unfollowers. found via #URL# ></document>
    <document> Sia takes on the paparazzi by posting her own nude photo - #URL# ></document>
    <document> RT #USER#: Best Selling Female Costumes for 2019 #URL# ></document>
    <document> These trendy gothic costumes will rock your Halloween party #URL# ></document>
    <Document> today's stats: 5 new followers, 16 new unfollowers, 2232 unfollowers. found via #URL# ></document>
    <document> Carrie Underwood dazzles in a dramatic blue gown at the 2017 CMA Awards - #URL# ></document>
    <Document> today's stats: 31 new followers, 11 new unfollowers, 2227 unfollowers. found via #URL# ></document>
    <document> Plush toys to give your kids for Christmas #URL# ></document>
    <document> Plush toys to give your kids for Christmas #URL# ></document>
    <document> Halloween in the UK has changed over the years - #URL# ></document>
    <document> These gifts could make your child's Thanksgiving special #URL# ></document>
    <document> Awesome costumes to buy for your toddler on Black Friday #URL# ></document>
    <Document> RT #USER#: Best Maleficent Costumes and Accessories #URL# ></document>
    <document> Meet the Ugandan filmmaker who gave 'Arthur' a viral teen drama twist - #URL# ></document>
    <Document> 15 Actors Who Are Completely Unrecognizable In Their Superhero Roles - #URL# ></Document>
    <document> Santa suits for kids &amp; Toddlers #URL# ></document>
    <document> Five Best Superhero Costumes for Your Kid #URL# ></document>
    <Document> The Iron Spider's connection to Miles Morales, revealed - #URL# ></Document>
    <document> Girl action figures inspire new Henson toon - #URL# ></document>
    <Document> Jim Henson Co. Developing IAmElemental Action Figure Line Animated Series - #URL# ></Document>
    <document> Movies influence costume trends - #URL# ></document>
    <Document> today's stats: 5 new followers, 15 new unfollowers, 2227 unfollowers. found via #URL# ></document>
    <document> Birthday Selfie Celebration Party Ideas #URL# ></document>
    <document> Riverdale's costume designers on these doctor uniforms, Dark Betty and Jughead's beanie - #URL# ></document>
    <document> Sideshow Collectibles reveals Hela figure from Thor: Ragnarok - #URL# ></document>
    <document> Unlike Batman, Cyborg from the Justice League always wore pajamas during filming - #URL# ></document>
    <Document> Bauso: A Not So Scary Halloween in Auburn - #URL# ></Document>
    <document> Angel Devil Theme Party Dresses #URL# ></document>
    <document> The 15 Most Legendary Marvel Superhero Icons, Ranked - #URL# ></document>
    <Document> Trick or treat at Simsbury Library - #URL# ></document>
    <document> City College's Entrepreneur Club is purely for business - #URL# ></document>
    <document> 8 popular sci-fi costumes to jump into action #URL# ></document>
    <document> These gifts could make your child's Thanksgiving special #URL# ></document>
    <Document> Man dressed as Santa arrested after shooting at Halloween party - #URL# ></Document>
    <Document> today's stats: 1 new follower, 14 new unfollowers, 2232 unfollowers. found via #URL# ></document>
    <document> Trendy toys to give away this Christmas #URL# ></document>
    <document> Pre-School Palooza Delivers Pre-Halloween Treats - #URL# ></document>
    <Document> 'Kill the damn duck!': Ex-DNC chief Brazile details clash with Donald Duck to fool Trump. - #URL# ></document>
    <Document> today's stats: 2 new followers, 12 new unfollowers, 2229 unfollowers. found via #URL# ></document>
    <document> Halloween takes over EV for fundraisers - #URL# ></document>
    <document> Elf costume ideas for Christmas party #URL# ></document>
    <document> Best Selling Female Costumes of 2019 #URL# ></document>
    <document> Chamber of Commerce celebrates fun for adults and children - #URL# ></document>
    <Document> Boaz man charged with burglary, theft - #URL# ></Document>
    <Document> today's stats: 7 new followers, 19 new unfollowers, 2227 unfollowers. found via #URL# ></document>
    <document> todayStatistics: 6 new followers, 20 new unfollowers, 2238 unfollowers. found via #URL# ></document>
    <document> The Met Banks on the Vatican for the Spring Costume Institute Exhibition - #URL# ></document>
    <Document> The Costume Institute takes on Catholicism - #URL# ></Document>
    <Document> today's stats: 2 new followers, 13 new unfollowers, 2234 unfollowers. found via #URL# ></document>
    <Document> today's stats: 7 new followers, 12 new unfollowers, 2225 unfollowers. found via #URL# ></document>
    <document> 8 popular sci-fi costumes to jump into action #URL# ></document>
    <document> Family remembers man killed in shooting - #URL# ></document>
    <document> "Be vigilant": More reports of Halloween candy tampering surface in Nova Scotia - #URL# ></document>
    <Document> Man in Halloween mask faces multiple charges after allegedly walking near school with knife - #URL# ></Document>
    <document> Five Best Superhero Costumes for Your Kid #URL# ></document>
    <document> Best Maleficent Costumes and Accessories #URL# ></document>
    <Document> today's stats: 4 new followers, 8 new unfollowers, 2234 unfollowers. found via #URL# ></document>
    <document> Top 10 Best Purple Christmas Decorations 2017 - #URL# ></document>
    <document> Trendy ugly sweater ideas for Christmas gifts #URL# ></document>
    <Document> RT #USER#: Birthday Selfie Celebration Party Delivery Ideas #URL# ></document>
    <document> iPhone X's Face ID works even after you've become a zombie - #URL# ></document>
    <document> What are some funny, sassy and ugly Christmas sweater ideas #URL# ></document>
    <Document> today's stats: 5 new followers, 18 new unfollowers, 2227 unfollowers. found via #URL# ></document>
    <Document> today's stats: 5 new followers, 35 new unfollowers, 2223 unfollowers. found via #URL# ></document>
    <document> Celebrate a sweet Christmas with great party favors #URL# ></document>
    <document> Rotten Tomatoes reveals the top 50 superhero movies of all time - #URL# ></document>
    <Document> today's stats: 2 new followers, 9 new unfollowers, 2230 unfollowers. found via #URL# ></document>
    <Document> The Culture of Cosplay - #URL# ></Document>
    <document> La Milpa is hosting the Day of the Dead celebration - #URL# ></document>
    <document> Five best dresses for your toddler on Thanksgiving #URL# ></document>
    <document> The Memorial School hosts an annual Halloween parade - #URL# ></document>
    <Document> today's stats: 2 new followers, 11 new unfollowers, 2225 unfollowers. found via #URL# ></document>
    <document> Local girls are crowned Queen Miss Congeniality at the annual Hiawatha Halloween Frolic - #URL# ></document>
    <Document> Sexy Costumes in Costumes &amp; Accessories at #URL# party supplies - #URL# ></document>
    <Document> today's stats: 8 new followers, 19 new unfollowers, 2241 unfollowers. found via #URL# ></document>
    <Document> Best Christmas CCostumes, decoration and gift ideas #URL# ></document>
    <document> This Pinterest party isn't for your kid: it's for the other moms - #URL# ></document>
    <document> The Montclair Family Dragon Halloween Costume: How Was It Made? - #URL# ></document>
    <document> Trendy toys to give away this Christmas #URL# ></document>
    <document> What are some funny, sassy and ugly Christmas sweater ideas #URL# ></document>
    <Document> today's stats: 10 new followers, 12 new unfollowers, 2233 unfollowers. found via #URL# ></document>
    <document> LOVERRO: Cousins ​​​​continues his rise on and off the field - #URL# ></document>
  
</author>