
  
    <document> Flat Lay Your Collection: The Makeup Trend Blowing Up on Reddit: Reddit is obsessed with the Flat Lay Your Co... #URL# ></document>
    <document> See Photos of Lauren Conrad's Minimalist, Chic California Home: The designer and former TV star's Hollywood h... #URL# ></document>
    <document> Katy Perry and Orlando Bloom's Halloween Squad Is Group Costume Goals: Katy Perry and Orlando Bloom went as D... #URL# ></document>
    <document> Beyoncé and Blue Ivy Are Throwback Goals in Salt-N-Pepa Halloween Costumes: Beyoncé and the whole Carter-Know... #URL# ></document>
    <document> Hair and Makeup Ideas Fall 2016 - Best Beauty Trends for Fall: The frizz-inducing, makeup-melting humidity of... #URL# ></document>
    <document> Men Dropped Out of Male Birth Control Study Because of Mood Swings: A promising study published Friday was cl... #URL# ></document>
    <document> Lucy Hale's Blonde Hair: The Real Story, According to Her Colorist: Everyone is loving Lucy Hale's blonde hai... #URL# ></document>
    <document> Men Dropped Out of Male Birth Control Study Because of Mood Swings: A promising study published Friday was cl... #URL# ></document>
    <document> Jada-Renee Bland Is the Rising Model You Should Know: Jada-Renee Bland, an up-and-coming model from the Bronx... #URL# ></document>
    <document> MR by Man Repeller Is Finally Here and It's Amazing: MR by Man Repeller is the new footwear line from writer ... #URL# ></document>
    <document> Are You the Mean Girl at Work? These 9 Signs Point to Yes: When we think of a mean girl, we can't help but pi... #URL# ></document>
    <document> The Victoria's Secret Holiday Collection Launches With a Luxe Short Film: To celebrate the launch of this yea... #URL# ></document>
    <document> 20 Stylish Holiday Fashion Buys That Just Landed at Target: Check out the coolest pieces from the Target's 20... #URL# ></document>
    <document> The 12 Best-Selling Beauty Products at Sephora This October: This month, Sephora shoppers added a little spar... #URL# ></document>
    <document> Is Skin-Care the New Designer Collaboration?: Three celebrities are coming out with skin-launches this month—... #URL# ></document>
    <document> *Dancing With the Stars* Results 2016 Week 8: See Val Chmerkovskiy and Laurie Hernandez's Magical Dance: Ryan... #URL# ></document>
    <document> Heidi Klum Clones Make An Appearance This Halloween: Heidi Klum clones take over for the supermodel's annual ... #URL# ></document>
    <document> This Woman Lost Her Job After a Breast Cancer Diagnosis. Why She's Not Staying Silent Now.: Jacquelyne Froebe... #URL# ></document>
    <document> Fuller House Gets Second Season Trailer With Wilder and Wackier Antics: Watch Netflix's charming two-minute t... #URL# ></document>
    <document> Hilary Duff Tweets Apology for Halloween Costume: "It Was Not Properly Thought Through": Hilary Duff apologiz... #URL# ></document>
    <document> The Class-Action Lawsuit Against Wen Hair Care Is Officially Moving Forward: The class-action lawsuit against... #URL# ></document>
    <document> Members of the BDSM Community Are Basically Consent Experts: A new survey shows that members of the BDSM comm... #URL# ></document>
    <document> Actual Progress: Medication Abortions Are (Almost) as Widely Used as Surgery: While abortion is on the declin... #URL# ></document>
    <document> Mourning the Death of Vine With Khadi Don, the Realest Girl on the Internet: Khadi Don talks all about her ca... #URL# ></document>
    <document> Vetements and Marques’Almeida's Holiday Collection Lands at Nordstrom: Nordstrom launched an all-white holida... #URL# ></document>
    <document> Adele Opens Up About Her Battle With Depression: "I Have a Very Dark Side": Adele opens up in the new issue o... #URL# ></document>
    <document> Jenna Dewan Tatum Just Pulled Off Pinterest's Most Popular Halloween Costume: Jenna Dewan Tatum recreated the... #URL# ></document>
    <document> 21 Hilarious Cat GIFs in Honor of Cat Day: Cat GIFs are our favorite five-second distraction, so what better ... #URL# ></document>
    <document> Ryan Murphy Says a *Murder House* and *Coven* Crossover Season of *American Horror Story* Is Happening: Ryan ... #URL# ></document>
    <document> Moleskine Releases Harry Potter Notebooks for the Hogwarts Student in All of Us: Moleskin is selling two 'Har... #URL# ></document>
    <document> It Turns Out Breakups Actually Happen in 5 Stages: According to a new study, there are 5 stages of a breakup ... #URL# ></document>
    <document> Tim Gunn Challenges Fashions Designers to "Make It Work" for All Women: Tim Gunn appeared on PBS NewsHour Fri... #URL# ></document>
    <document> How to Keep Intimacy Alive During a Long Distance Relationship: Glamour sex advice column on long distance re... #URL# ></document>
    <document> Lisa Frank Hair Is the Latest Hair-Color Trend to Take Instagram: We talked to Caitlin Ford, a hair stylist i... #URL# ></document>
    <document> I Tried At-Home Microneedling—and It Totally Changed My Skin: At-Home Microneedling isn't nearly as expensive... #URL# ></document>
    <document> Channel Cher Horowitz in Fall's Chicest Mini Skirt Sets: Cher Horowitz Would Approve of Fall's Fun Mini Skirt... #URL# ></document>
    <document> Sienna Miller and Lily James Star in Burberry's Holiday Film: Burberry released a short film on the life of T... #URL# ></document>
    <document> Can You Have Sex Before You Go to The Ob-Gyn?: Having sex before an ob-gyn visit can interfere with test resu... #URL# ></document>
    <document> What You Need to Know About Auvi-Q, the New EpiPen Alternative: A once-recalled epinephrine device will be ba... #URL# ></document>
    <document> How to Wear Off-the-Shoulder Tops During the Cold Months: Don't give your favorite off-the-shoulder tops the ... #URL# ></document>
    <document> The Best Celebrity Halloween Costumes of 2016: These are some of the best celebrity halloween costumes of 201... #URL# ></document>
    <document> Victoria's Secret Releases Unretouched Photos of Jasmine Tookes: New photos released by Victoria's Secret fea... #URL# ></document>
    <document> Gwen Stefani: “I Feel Like I Got Woken up This Year”: With a chart-topping album, a major solo tour, and new ... #URL# ></document>
    <document> The Holiday Glossier Black Tie Set Has A Huge Surprise: The Glossier Black Tie Set launched today, and it inc... #URL# ></document>
    <document> Jennifer Lopez Endorsed Hillary Clinton for President: Jennifer Lopez got loud in front of 7,500 attendees du... #URL# ></document>
    <document> Why You Should Let Your Kids Eat All the Halloween Candy They Want: Halloween was a thrilling time for a mega... #URL# ></document>
    <document> Jamie-Lynn Sigler Opens Up About Living with MS, Her Sex Life and Marriage, and What's Next: Jamie-Lynn Sigle... #URL# ></document>
    <document> These Lifelike Portraits of Disney Villains Will Haunt Your Dreams: Artist Jirka Väätäinen's lifelike portrai... #URL# ></document>
    <document> The Urban Decay Vice Lipstick Stockpile Vault Is Insanely Massive: The new Urban Decay Vice Lipstick Stockpil... #URL# ></document>
    <document> Watch Ariana Grande Stumble Through a Haunted House: Singer Ariana Grande walked through a haunted house for ... #URL# ></document>
    <document> Jenna Dewan Tatum Dressed as a Unicorn for Halloween and Looked Absolutely Magical: Jenna Dewan Tatum dressed... #URL# ></document>
    <document> Shows on Netflix Worth Breaking Plans For: Want to cancel your plans tonight to watch Netflix? No worries: Ju... #URL# ></document>
    <document> Lena Dunham Opens Up About Which 'Girls' Storyline She’d Do Differently: Just as Lena Dunham's beloved 'Girls... #URL# ></document>
    <document> Here's How Much the Average American Spent on Halloween This Year: It's truly scary how much the average Amer... #URL# ></document>
    <document> Uber and Lyft Frequently Discriminate Against Black and Women Passengers, Study Finds: Uber is facing backlas... #URL# ></document>
    <document> Wen Hair Care Products Lawsuit Moves Forward (UPDATE): Wen hair care just received a blow in its class-action... #URL# ></document>
    <document> Glamglow Tinted Lip Balms Are Almost Here: The skin-care brand is launching tinted lip balms in six sheer sha... #URL# ></document>
    <document> Victoria's Secret Fashion Show Performers Announced: The Victoria's Secret Fashion Show performers have been ... #URL# ></document>
    <document> M.A.C. Strobe Cream Is Getting Even Better With Shiny New Shades: You already love M.A.C. Strobe Cream in its... #URL# ></document>
    <document> Emma Watson's Doppelgänger Will Make You Think Your Eyes Are Playing Tricks: Instagram user Megan Flockhart i... #URL# ></document>
    <document> Chrissy Teigen's Photos of Baby Luna's Potential Halloween Costumes Will Light Up Your Life: Chrissy Teigen p... #URL# ></document>
    <document> Beyoncé Gave a Really Powerful Speech That Explains Exactly Why You Should Vote: In a clip that's now gone vi... #URL# ></document>
    <document> Men Dropped Out of Male Birth Control Study Because of Mood Swings: A promising study published Friday was cl... #URL# ></document>
    <document> *Dancing With the Stars* Results 2016 Week 8: See Val Chmerkovskiy and Laurie Hernandez's Magical Dance: Ryan... #URL# ></document>
    <document> New Victoria's Secret Images Feature Model Jasmine Tookes With Visible Stretch Marks: A certain area of new i... #URL# ></document>
    <document> The Best Highlighters That'll Give You Next-Level Cheekbones: The 12 best highlighters, illuminators, and lum... #URL# ></document>
    <document> A *Snow White* Live-Action Movie Is Coming, and We Have Some Casting Suggestions: Disney is developing a live... #URL# ></document>
    <document> Hillary Clinton Must Be Exhausted By Men’s Sexual Misbehavior Causing Problems for Her: The political world i... #URL# ></document>
    <document> Here's Why Everyone Thinks Prince Harry Is Dating Suits Actress Meghan Markle: Prince Harry is rumored to be ... #URL# ></document>
    <document> Taylor Swift Secretly Wrote Little Big Town's "Better Man": Little Big Town credited Taylor Swift with writin... #URL# ></document>
    <document> This Woman Tells Us What It's Like to Be "Mini-Orgasmic": We spoke to a woman who is only capable of achievin... #URL# ></document>
    <document> People Are Loving This Secret Deodorant Ad for Its Accurate Depiction of What It's Like to Be Genderqueer: Th... #URL# ></document>
    <document> The Official Hillary Clinton Beauty Evolution (VIDEO): Watch the Hillary Clinton beauty evolution over time i... #URL# ></document>
    <document> Khloe Kardashian's Storm Halloween Costume Is So Good, You Won't Even Recognize Her: Khloe Kardashian slayed ... #URL# ></document>
    <document> Christine Lagarde, Head of the IMF and 2016 Women of Year Honoree, Has Faced Sexism Her Whole Career: Christi... #URL# ></document>
    <document> This Limited-Edition Tarte Toolbox Brush Set &amp; Magnetic Palette Will Be Your New Travel Bestie: The Limited-E... #URL# ></document>
    <document> These Are the Best New Beauty Products of November 2016: These are the best new beauty products in November 2... #URL# ></document>
    <document> Kim Kardashian West Has Officially Returned to Social Media After Paris Robbery: After a weeks-long social me... #URL# ></document>
    <document> Miss Piggy Debuts a New Holiday Collection for Kate Spade: Check out some of the diva-worthy items from Kate ... #URL# ></document>
    <document> This *Pretty Little Liars* Photo All but Confirms Aria and Ezra Get Married in Season 7B: Deep breaths, Prett... #URL# ></document>
    <document> Superfood Skin-Care Is Having a Moment: A crop of new superfood skin-care products now come packed with leafy... #URL# ></document>
    <document> Lady Gaga's Isolated Vocals From Her 'SNL' Performance Definitively Prove She Has a Killer Voice: Lady Gaga's... #URL# ></document>
    <document> My.Flow Invented a Bluetooth Tampon: The "smart tampon" can tell you when your tampon is full. #URL# ></document>
    <document> My Dirty Little Secret: For Once, Actually I'm Happy: You can’t admit your life is awesome without getting pl... #URL# ></document>
    <document> ColourPop x Hello Kitty: See all 23 Pieces From the Upcoming Collection: We told you about the ColourPop x He... #URL# ></document>
    <document> This 5-Year-Old Came to Slay Halloween With Her Beyoncé Costumes: Five-year-old Kylie Rae Brooks is becoming ... #URL# ></document>
    <document> Join the Teal Pumpkin Project on Halloween: Painted pumpkins let trick-or-treaters with food allergies know s... #URL# ></document>
    <document> Most Relaxing Song Recorded Reduces Anxiety: Read about the song that experts are saying is the most relaxing... #URL# ></document>
    <document> Kylie Jenner's Hair Is Even More Blond Now: Kylie Jenner dyed her hair a lighter shade of platinum blond, and... #URL# ></document>
    <document> Apple's Peach Emoji No Longer Looks Like a Butt: Apple's new iOS update includes an altered peach emoji, whic... #URL# ></document>
    <document> The Best Liquid Lipsticks In The Game Right Now: We rounded up our favorite liquid lipsticks that pack the be... #URL# ></document>
    <document> Video: Sally Hershberger's Half-Up Top Knot Tutorial: We went to Sally Hershberger's new salon and had the ha... #URL# ></document>
    <document> Get Your Vintage Denim Fix With Aritzia's New Jeans Collection: Shopping for the perfect pair of jeans is abo... #URL# ></document>
    <document> The Big Bang Theory Season 10 Episode 6 Recap: "The Fetal Kick Catalyst": On The Big Bang Theory: The Fetal K... #URL# ></document>
    <document> I Only Listened to Country Music for a Week and Learned That Life Is a Highway: I spent a week listening to o... #URL# ></document>
    <document> Best Celebrity Halloween Costumes 2016: From Kylie Jenner as a spooky skeleton to Katy Perry as Hillary Clint... #URL# ></document>
    <document> Instagram Introduces a New Shop Now Feature: Instagram will launch a new shop now feature in partnership with... #URL# ></document>
    <document> The Prettiest Hair and Makeup Cakes on Instagram: From Chanel- to M.A.C.-inspired, these creations are some o... #URL# ></document>
    <document> The Nails Inc. Lottie Tomlinson Makeup Collaboration Lets You Match Your Nails to Your Lips: The latest The N... #URL# ></document>
    <document> This Barber Gives Discount Haircuts to Kids Who Read While He Works: This barber gives discount haircuts to k... #URL# ></document>
  
</author>
<document> Flat Lay Your Collection: The Makeup Trend on Reddit: Reddit is obsessed with Flat Lay Your Co... #URL# ></document>
    <document> See photos of Lauren Conrad's minimalist chic California Home: the Hollywood h... #URL# ></document> of the designer and former TV star
    <document> Katy Perry and Orlando Bloom's Halloween Squad Is Group Costume Goals: Katy Perry and Orlando Bloom went as D... #URL# ></document>
    <document> Beyoncé and Blue Ivy are throwback goals in Salt-N-Pepa Halloween costumes: Beyoncé and all the Carter know-how... #URL# ></document>
    <document> Fall 2016 Hair and Makeup Ideas - The Best Beauty Trends for Fall: The frizz-inducing, makeup-melting moisture of... #URL# ></document>
    <document> Men dropped out of male birth control study because of mood swings: A promising study published Friday has been published... #URL# ></document>
    <document> Lucy Hale's blond hair: The true story according to her colorist: Everyone loves Lucy Hale's blond hair... #URL# ></document>
    <document> Men dropped out of male birth control study because of mood swings: A promising study published Friday has been published... #URL# ></document>
    <document> Jada-Renee Bland is the aspiring model you should know: Jada-Renee Bland, an aspiring model from the Bronx... #URL# ></document>
    <document> MR by Man Repeller is finally here and it's amazing: MR by Man Repeller is the writer's new line of shoes... #URL# ></document>
    <Document> Are you the mean girl at work? These 9 Signs Point to Yes: When we think of a mean girl, we can't help but pi... #URL# ></document>
    <document> The Victoria's Secret Holiday Collection kicks off with a luxurious short film: To celebrate the launch of this year... #URL# ></document>
    <document> 20 Stylish Vacation Wear Shops That Just Landed at Target: Check out the coolest pieces from Target's 20... #URL# ></document>
    <document> Top 12 Best Selling Beauty Products at Sephora This October: This month, Sephora buyers added a little savings... #URL# ></document>
    <document> Is skin care the new designer collaboration?: Three celebrities are coming up with skin launches this month -... #URL# ></document>
    <document> *Dancing With the Stars* 2016 results week 8: See Val Chmerkovskiy and Laurie Hernandez's Magical Dance: Ryan... #URL# ></document>
    <document> Heidi Klum clones perform this Halloween: Heidi Klum clones take on the role of the annual supermodel... #URL# ></document>
    <Document> This woman lost her job after being diagnosed with breast cancer. Why she won't shut up now.: Jacquelyne Froebe... #URL# ></document>
    <document> Fuller House gets second season trailer with wilder and crazier antics: Watch the charming two-minute trailer from Netflix... #URL# ></document>
    <document> Hilary Duff tweets apology for Halloween costume: "It wasn't thought through properly": Hilary Duff apologizes... #URL# ></document>
    <Document> The class action lawsuit against Wen HairCare Officially Goes Ahead: The Class Action Lawsuit Against... #URL# ></document>
    <Document> Members of the BDSM community are, at their core, consent experts: A new survey shows that members of the BDSM community... #URL# ></document>
    <document> Current Progress: Medical abortion is (almost) as common as surgery: While abortion is in decline... #URL# ></document>
    <document> Mourning the death of Vine With Khadi Don, the truest girl on the internet: Khadi Don talks all about her Ca... #URL# ></document>
    <Document> Vetements and Marques'Almeida's holiday collection lands at Nordstrom: Nordstrom launched an all-white holiday collection... #URL# ></dokument>
    <document> Adele opens up on her battle with depression: 'I have a very dark side': Adele tells the new issue of... #URL# ></document>
    <document> Jenna Dewan Tatum just pulled off Pinterest's most popular Halloween costume: Jenna Dewan Tatum recreated the... #URL# ></document>
    <document> 21 Funny Cat GIFs in Honor of Cat Day: Cat GIFs are our favorite 5 second distraction, so what better way... #URL# ></document>
    <document> Ryan Murphy says *Murder House* and *Coven* crossover season of *American Horror Story* is happening: Ryan ... #URL# ></document>
    <document> Moleskine releases Harry Potter notebooks for the Hogwarts student in all of us: Moleskin is selling two 'Har... #URL# ></document>
    <document> It turns out there are actually 5 stages to a breakup: According to a new study, there are 5 stages to a breakup... #URL# ></document>
    <document> Tim Gunn Urges Fashion Designers "To Make It Work For All Women": Tim Gunn appeared on Friday's PBS NewsHour ... #URL# ></document>
    <document> How to Keep Intimacy Alive During a Long Distance Relationship: Glamor Sex Advice Column on Long Distance Relationships... #URL# ></document>
    <document> Lisa Frank Hair is the latest hair color trend on Instagram: We spoke to Caitlin Ford, a hair stylist in … #URL# ></document>
    <document> I tried microneedling at home - and it totally changed my skin: microneedling at home is not nearly as expensive... #URL# ></document>
    <document> Channel Cher Horowitz in Fall's Chicnest Mini Skirt Sets: Cher Horowitz would approve of fall's fun mini skirt... #URL# ></document>
    <Document> Sienna Miller and Lily James Star in Burberry's Vacation Movie: Burberry released a short film about the life of T... #URL# ></document>
    <document> Can you have sex before you go to the gynecologist?: Sex before a visit to the gynecologist can affect the test result... #URL# ></document>
    <Document> What you need to know about Auvi-Q, the new EpiPen alternative: An epinephrine device once recalled will be available again... #URL# ></Document>
    <document> How to wear off-the-shoulder tops during the cold months: Don't give your favorite off-the-shoulder tops the... #URL# ></document>
    <document> Best Celebrity Halloween Costumes 2016 These are some of the best celebrity Halloween costumess of 201... #URL# ></document>
    <document> Victoria's Secret releases unretouched photos of Jasmine Tookes: New photos released by Victoria's Secret ... #URL# ></document>
    <document> Gwen Stefani: "I Feel Like I Woke Up This Year": With a chart-topping album, a major solo tour and new... #URL# ></document>
    <document> The Holiday Glossier Black Tie Set has a big surprise: Launching today, the Glossier Black Tie Set includes... #URL# ></document>
    <document> Jennifer Lopez supports Hillary Clinton as President: Jennifer Lopez raised her voice in front of 7,500 participants because... #URL# ></document>
    <document> Why you should let your kids eat as much Halloween candy as they want: Halloween was an exciting time for a Mega... #URL# ></document>
    <document> Jamie-Lynn Sigler talks about living with MS, her sex life and marriage, and what's next: Jamie-Lynn Sigle... #URL# ></document>
    <document> These lifelike portraits of Disney villains will haunt your dreams: Artist Jirka Väätäinen's lifelike portrait... #URL# ></document>
    <document> The Urban Decay Vice Lipstick Stockpile Vault is insanely huge: The new Urban Decay Vice Lipstick Stockpile Vault... #URL# ></document>
    <document> Watch Ariana Grande stumble through a haunted house: Singer Ariana Grande walked through a haunted house for... #URL# ></document>
    <document> Jenna Dewan Tatum dressed up as a unicorn for Halloween and looked absolutely magical: Jenna Dewan Tatum dressed up... #URL# ></document>
    <document> Shows on Netflix worth breaking plans for: Want to cancel your plans to watch Netflix tonight? Don't worry: Ju... #URL# ></document>
    <document> Lena Dunham opens up on what "Girls" storyline she would do differently: Just like Lena Dunham's beloved "Girls... #URL# ></document>
    <document> Here's how much the average American spent on Halloween this year: It's really frightening how much the average American spent... #URL# ></document>
    <document> Uber and Lyft frequently discriminate against black and female passengers, study finds: Uber faces setbacks... #URL# ></document>
    <document> Wen Hair Care Products Lawsuit Goes Forward (UPDATE): Wen Hair Care has just taken a hit in its class action lawsuit... #URL# ></document>
    <document> Glamglow Tinted Lip Balms is almost here: the skincare brand launches tinted lip balms in six sheer shades... #URL# ></document>
    <document> Victoria's Secret Fashion Show Cast Members Announced: The Victoria's Secret Fashion Show cast members were... #URL# ></document>
    <Document> M.A.C. Strobe Cream gets even better with shiny new shades: you already love M.A.C. Strobe Cream in its ... #URL# ></document>
    <document> Emma Watson's doppelganger makes you think your eyes are playing tricks: Instagram user Megan Flockhart i... #URL# ></document>
    <document> Chrissy Teigen's photos of Baby Luna's potential Halloween costumes will brighten your life: Chrissy Teigen p... #URL# ></document>
    <Document> Beyoncé gave aReally powerful speech explaining exactly why you should vote: In a clip that's now gone... #URL# ></document>
    <document> Men dropped out of male birth control study because of mood swings: A promising study published Friday has been published... #URL# ></document>
    <document> *Dancing With the Stars* 2016 results week 8: See Val Chmerkovskiy and Laurie Hernandez's Magical Dance: Ryan... #URL# ></document>
    <document> New Victoria's Secret images show model Jasmine Tookes with visible stretch marks: A specific area of ​​new i... #URL# ></document>
    <document> The best next generation highlighters for cheekbones: The 12 best highlighters, illuminators and lum... #URL# ></document>
    <document> A *Snow White* live action movie is coming up and we have some casting suggestions: Disney is developing a live movie... #URL# ></document>
    <Document> Hillary Clinton must be exhausted because of her problems with male sexual misconduct: The political world in... #URL# ></Document>
    <document> Here's why everyone thinks Prince Harry is dating actress Meghan Markle: Prince Harry is rumored to be... #URL# ></document>
    <document> Taylor Swift Secretly Wrote Little Big Town's Better Man: Little Big Town credited Taylor Swift with writing... #URL# ></document>
    <document> This woman tells us what it's like to be "mini-orgasm": We spoke to a woman who is only capable of achieving something... #URL# ></document>
    <document> People love this secret deodorant ad for its accurate portrayal of what it means to be gendered: Th... #URL# ></document>
    <document> The Official Hillary Clinton Beauty Evolution (VIDEO): Watch Hillary Clinton's beauty evolution over time in ... #URL# ></document>
    <document> Khloe Kardashian's Storm Halloween costume is so good you won't even recognize her: slaying Khloe Kardashian... #URL# ></document>
    <Document> Christine Lagarde, Executive Director of the IMF and 2016 Woman of the Year awardee, has faced sexism throughout her career: Christi... #URL# ></Document>
    <Document> This limited edition Tarte Toolbox brush set &amp; The magnetic palette will become your new beast of travel: The Limited-E... #URL# ></document>
    <document> These are the best new beauty products of November 2016: These are the best new beauty products of November 2nd... #URL# ></document>
    <document> Kim Kardashian West has officially returned to social media after the Paris robbery: After weeks of social me... #URL# ></document>
    <document> Miss Piggy introduces a new Christmas collection for Kate Spade: Check out some of Kate's diva-worthy items... #URL# ></document>
    <document> This *Pretty Little Liars* photo almost confirms that Aria and Ezra are getting married in Season 7B: Take a deep breath, Prett... #URL# ></document>
    <document> Superfood skincare is having a moment: A range of new superfood skincare products are now packed with leaves... #URL# ></document>
    <Document> Lady Gaga's isolated vocals from her 'SNL' performance definitely Prove She Has a Killer Voice: Lady Gaga's... #URL# ></document>
    <Document> My.Flow invented a Bluetooth tampon: The "intelligent tampon" can tell you when your tampon is full. #URL# ></document>
    <document> My Dirty Little Secret: For once I'm actually happy: You can't admit your life is great without getting pl... #URL# ></document>
    <document> ColourPop x Hello Kitty: Check out all 23 pieces of the upcoming collection: We told you about ColourPop x He... #URL# ></document>
    <document> This 5-year-old came to kill Halloween with her Beyoncé costumes: Five-year-old Kylie Rae Brooks will be... #URL# ></document>
    <document> Join the Teal Pumpkin Project this Halloween: Painted pumpkins let people know trick-or-treating with food allergies... #URL# ></document>
    <document> The Most Relaxing Song Recorded Reduces Anxiety: Read about the song experts say is the most relaxing... #URL# ></document>
    <document> Kylie Jenner's hair just got blonder: Kylie Jenner dyed her hair a lighter platinum blonde and... #URL# ></document>
    <document> Apple's peach emoji no longer looks like a butt: Apple's new iOS update includes a modified peach emoji that is... #URL# ></document>
    <document> The best liquid lipsticks in the game right now: We've rounded up our favorite liquid lipsticks, which are the best... #URL# ></document>
    <document> Video: Sally Hershberger's Half Up Top Knot Tutorial: We went to Sally Hershberger's new salon and had the ha... #URL# ></document>
    <document> Get your vintage denim fix with the new denim collection from Aritzia: shopping for the perfect pair of jeans is over... #URL# ></document>
    <document> The Big Bang Theory Season 10 Episode 6 Summary: The Fetal Kick Catalyst: About The Big Bang Theory: The Fetal K… #URL# ></document>
    <document> I listened to country music for a week and learned that life is a highway: I spent a week listening to o... #URL# ></document>
    <document> Best Celebrity Halloween Costumes of 2016: From Kylie Jenner as a creepy skeleton to Katy Perry as Hillary Clint... #URL# ></document>
    <document> Instagram launches new Shop Now feature: Instagram will launch a new Shop Now feature in partnership with … #URL# ></document>
    <document> The Most Beautiful Hair and Makeup Cakes on Instagram: From Chanel- to M.A.C.-inspired, these creations are some... #URL# ></document>
    <document> The Nails Inc. Lottie Tomlinson Makeup Collaboration Lets You Match Your Nails To Your Lips: The Latest The N... #URL# ></document>
    <document> This barber gives haircuts to children who read while he works: This barber gives haircuts to... #URL# ></document>
  
</author>