
  
    <document> Borno governor visits Niger Republic, plans repatriation of 120,000 refugees #URL# #URL# ></document>
    <document> Jessica Kakkad still Supports Mofe Duncan No Matter What #URL# #URL# ></document>
    <document> Police declare curfew as violence erupts in Bayelsa #URL# #URL# ></document>
    <document> Churchill sues Tonto Dikeh, demands N500 million #URL# #URL# ></document>
    <document> NPFL Round-Up: Plateau United return to top spot #URL# #URL# ></document>
    <document> Coronavirus: 1,716 medical workers infected, six dead in China #URL# #URL# ></document>
    <document> NiMet predicts Monday’s weather across Nigeria #URL# #URL# ></document>
    <document> Congratulations! Anita Joseph ties the knot with her beau, MC Fish 💍 #URL# #URL# ></document>
    <document> How Climate Change contributes to insecurity in Nigeria, other African countries #URL# #URL# ></document>
    <document> Four matches to watch this weekend #URL# #URL# ></document>
    <document> Buratai orders evacuation of stranded passengers on Maiduguri-Damboa road #URL# #URL# ></document>
    <document> Obasanjo calls for conservation of wildlife #URL# #URL# ></document>
    <document> Alexx Ekubo is Addressing the Elephant in the Room – “Internet Fraud” ></document>
    <document> Ganduje signs agreement for building 132KVA Kano transmission line #URL# #URL# ></document>
    <document> Burna Boy criticised for declaring self best artiste after Fela #URL# #URL# ></document>
    <document> How Oluwo ‘assaulted’ me over land dispute – Osun monarch #URL# #URL# ></document>
    <document> You Should Watch this CNN Analysis on Trump’s Visa Ban on Nigeria #URL# #URL# ></document>
    <document> Happy Valentine’s Day to You &amp; Yours from TBoss &amp; her Princess #URL# #URL# ></document>
    <document> Treat yourself to a Special Discount from Herbal Pro’s ‘EZ Slim’ this Season #URL# #URL# ></document>
    <document> Catch Up on All the Fun Stories on BellaNaija Weddings This Week #URL# #URL# ></document>
    <document> Nigerian woman ‘holds election to pick groom’ #URL# #URL# ></document>
    <document> Your Sexy New Boo – Korede Bello is on Accelerate TV’s The Cover #URL# #URL# ></document>
    <document> In FOI request, SERAP seeks details of Abacha loot #URL# #URL# ></document>
    <document> Man plunges into Third Mainland lagoon in suspected suicide bid #URL# #URL# ></document>
    <document> Nigerian Air Force did not kill 250 insurgents – Official #URL# #URL# ></document>
    <document> Nnamdi Asomugha is Sharing his Growing Passion for Acting with “CBS this Morning” ></document>
    <document> Nollywood Turned Up for the Wedding of Ngozi Ezeonu’s Daughter #URL# #URL# ></document>
    <document> Here’s a Chance to win BIG this Valentine Season in the #HASHTAG# Promo #URL# #URL# ></document>
    <document> All Shades of Beautiful! See Dorcas &amp; Robert’s Pre-wedding Shoot #URL# #URL# ></document>
    <document> Alleged Pension Fraud: EFCC re-arraigns Maina’s son #URL# #URL# ></document>
    <document> EPL: Saka shines again as Arsenal romp to big win over Newcastle #URL# #URL# ></document>
    <document> Princess, Mother, Actor! Dolapo Oni is All of These in this Special issue of TW Magazine #URL# #URL# ></document>
    <document> Gov. Oyetola presents N1.2bn bonds to retirees #URL# #URL# ></document>
    <document> Okada Ban: Accidents reducing in Lagos – Deputy Governor #URL# #URL# ></document>
    <document> Nude Video: Deezell sues ex-lover Maryam Booth, demands N10 million #URL# #URL# ></document>
    <document> Arrest Oshiomhole over Bayelsa violence, PDP tells Police IG #URL# #URL# ></document>
    <document> JUST IN: UEFA bans Manchester City from Champions League for two seasons #URL# #URL# ></document>
    <document> Three dead, eight injured in Anambra road accident #URL# #URL# ></document>
    <document> Boko Haram attacks Yobe community, targets Damaturu, destroys phone masts #URL# #URL# ></document>
    <document> Bimbo Ademoye &amp; Beverly Osu are the Perfect Combo on this Episode on Ndani TV’s “TGIF Show” #URL# #URL# ></document>
    <document> NSE moves 132.62 million shares worth N1.28bn in bearish trading #URL# #URL# ></document>
    <document> Major health stories published last week #URL# #URL# ></document>
    <document> INTERVIEW: My career as Nollywood production designer — Pat Nebo #URL# #URL# ></document>
    <document> Egypt confirms first case of Coronavirus #URL# #URL# ></document>
    <document> APC writes INEC, demands fresh governorship election in Bayelsa #URL# #URL# ></document>
    <document> The Wait is Over! We present to you the Campus Winners of the Tecno Spark 4 Talent Hunt 2020 #URL# #URL# ></document>
    <document> In new video, Boko Haram leader Shekau threatens minister, journalists #URL# #URL# ></document>
    <document> RiRi Okoye: I Can’t Get Enough of Desserts #URL# #URL# ></document>
    <document> Oluwo of Iwo allegedly assaults another monarch #URL# #URL# ></document>
    <document> EPL: Son double sinks Villa to send Tottenham Hotspur fifth #URL# #URL# ></document>
    <document> Check out How Kobe Bryant was Honoured at the NBA All-Star Game #URL# #URL# ></document>
    <document> Bayelsa Governorship: Sylva apologises to Buhari, says APC remains strong #URL# #URL# ></document>
    <document> New Video: Mercy Chinwo – Obinasom #URL# #URL# ></document>
    <document> FG approves N7 bn to support creative industry #URL# #URL# ></document>
    <document> Database, an avenue for Foreign Direct Investment — DG NITDA #URL# #URL# ></document>
    <document> New Music + Video: CKay feat. Joeboy &amp; Kuami Eugene – Love Nwantiti (Remix) #URL# #URL# ></document>
    <document> Cheers to Chimamanda Ngozi Adichie as she Bags Another Win 🎓 #URL# #URL# ></document>
    <document> Seven dead in Dangote truck accident on Lagos-Abeokuta expressway #URL# #URL# ></document>
    <document> Fire destroys eight shops in Apongbon market, Lagos – LASEMA #URL# #URL# ></document>
    <document> Three siblings burnt to death in Anambra fire #URL# #URL# ></document>
    <document> How Neglected Nigerian oil producing community got tap water first time in decades #URL# #URL# ></document>
    <document> Douye Diri sworn in as Bayelsa governor #URL# #URL# ></document>
    <document> Police arrest suspected Aiye Confraternity kingpin, eight others #URL# #URL# ></document>
    <document> New Music + Video: Charly Boy feat. Falz – God of Men (Fake Pastors) #URL# #URL# ></document>
    <document> Presidency says protest over insecurity planned to embarrass Buhari #URL# #URL# ></document>
    <document> Chelsea v Man. United: Five duels that could determine Monday’s result #URL# #URL# ></document>
    <document> Ink Eze Got the Perfect Valentine’s Gift- She’s Engaged💍 #URL# #URL# ></document>
    <document> New Video: Yung L feat. Sarkodie &amp; Tay Iwar – Ready #URL# #URL# ></document>
    <document> Soldiers repel another Boko Haram attack on Maiduguri #URL# #URL# ></document>
    <document> New Video: Pepenazi feat. Oluwadamilola – Right Man #URL# #URL# ></document>
    <document> Nigeria film corporation introduces masters degree in film culture #URL# #URL# ></document>
    <document> Coronavirus has Arrived Africa as Egypt records First Confirmed Case #URL# #URL# ></document>
    <document> Mercy Aigbe has some Pretty Interesting Advice for Single Ladies &amp; Married Women ></document>
    <document> Have a Front Seat View of the Creation &amp; Launch of “The Rihanna Book” ></document>
    <document> In inaugural speech, Bayelsa’s Gov Diri preaches love #URL# #URL# ></document>
    <document> Betty Irabor has a Message for Everyone as Genevieve Magazine turns 17 #URL# #URL# ></document>
    <document> New Music: Lil Frosh feat. Mayorkun – Kole Re Body #URL# #URL# ></document>
    <document> Mane shoots Liverpool closer to EPL title #URL# #URL# ></document>
    <document> Pepenazi Liked it… And he Put a Ring on It 💍 #URL# #URL# ></document>
    <document> What House of Reps discussed last week #URL# ></document>
    <document> Nigerian university bans students’ press club #URL# #URL# ></document>
    <document> Lamentation as Edo communities battle worsening gully erosions #URL# #URL# ></document>
    <document> 2021 AFCON Qualifiers: Super Eagles to battle Leone Stars in Asaba #URL# #URL# ></document>
    <document> Bayelsa Governorship: APC berates INEC for declaring Diri winner #URL# #URL# ></document>
    <document> EXCLUSIVE: TETFund suspends conference attendance sponsorship for Nigerian lecturers over corrupt practices… #URL# ></document>
    <document> Despite owing pensioners, Osun govt splashes over N260 million on cars for lawmakers #URL# #URL# ></document>
    <document> Maleek Berry jumps on PartyNextDoor &amp; Drake’s “Loyal” ></document>
    <document> Bryan Okwara &amp; his Partner, Marie Miller are Expecting a Baby 🎉 #URL# #URL# ></document>
    <document> There’s More to Know about Zori Makama, the Amazing Face Behind the ‘Zori Makama’ Fashion Brand ></document>
    <document> Jonathan congratulates Diri, urges him to unite Bayelsa people #URL# #URL# ></document>
    <document> VIDEO: How Neglected Nigerian oil producing community got tap water first time in decades #URL# #URL# ></document>
    <document> FG to re-evaluate Ogoniland clean-up project #URL# #URL# ></document>
    <document> Uncertainty over Ondo LG polls as PDP withdraws participation #URL# #URL# ></document>
    <document> Buhari speaks on killing of 30 people by bandits in Katsina #URL# #URL# ></document>
    <document> Nigerian embassy fails citizens repatriated from Thailand, leaves them in prison despite pardon… #URL# ></document>
    <document> Bryan Okwara &amp; Marie Miller are now Parents to a Baby Boy! #URL# #URL# ></document>
    <document> Everyone came looking like a BOSS for the Premiere of Inkblot’s “Who’s The Boss” #URL# #URL# ></document>
    <document> INTERVIEW: Our agenda for Nigeria in energy, transport, agric sectors – U.S. Ambassador #URL# #URL# ></document>
    <document> Our Favorite Celebrities &amp; Couples are Dishing out some Romance with these Adorable Valentine’s Snaps ❤️… #URL# ></document>
    <document> Let’s Introduce to You – Mrs Nina A ❤️ #URL# #URL# ></document>
  
</author>
<document> Governor of Borno visits Republic of Niger, plans repatriation of 120,000 refugees #URL# #URL# </document>
    <document> Jessica Kakkad continues to support Mofe Duncan no matter what #URL# #URL# </document>
    <document>Police declare curfew as violence erupts in Bayelsa #URL# #URL# </document>
    <document> Churchill sues Tonto Dikeh, seeks N500 million #URL# #URL# </document>
    <document> NPFL Recap: Plateau United back to top spot #URL# #URL# </document>
    <document> Coronavirus: 1,716 health workers infected, six dead in China #URL# #URL# </document>
    <document> NiMet forecasts Monday weather across Nigeria #URL# #URL# </document>
    <document> Congratulations! Anita Joseph is getting married to her boyfriend, MC Fish 💍 #URL# #URL# </document>
    <document> How climate change contributes to insecurity in Nigeria and other African countries #URL# #URL# </document>
    <document> Four games to watch this weekend #URL# #URL# </document>
    <document> Buratai orders evacuation of passengers stranded on Maiduguri-Damboa road #URL# #URL# </document>
    <document> Obasanjo calls for wildlife conservation #URL# #URL# </document>
    <document> Alexx Ekubo addresses the elephant in the room – "Internet Fraud" ></document>
    <document> Ganduje Signs Agreement for Construction of 132 KVA Kano Transmission Line #URL# #URL# </document>
    <document> Burna Boy criticized for having declared himself the best artist after Fela #URL# #URL# </document>
    <document>How Oluwo "Attached" Me Over Land Dispute – Monarch Osun #URL# #URL# </document>
    <document> You should watch this CNN analysis of Trump's visa ban in Nigeria #URL# #URL# </document>
    <document> Happy Valentine's Day to you &amp; Yours from TBoss &amp; his princess #URL# #URL# ></document>
    <document> Treat yourself to a special discount on Herbal Pro's "EZ Slim" this season #URL# #URL# </document>
    <document> Retrieve all of BellaNaija's funny wedding stories this week #URL# #URL# </document>
    <document>Nigerian Woman 'Holds Groom Pick Election' #URL# #URL# </document>
    <document> Your Sexy New Boo – Korede Bello is on The Cover of Accelerate TV #URL# #URL# </document>
    <document> In the FOI request, SERAP looks for the loot details of Abacha #URL# #URL# ></document>
    <document> A man falls into the lagoon of the Third Continent with a suspected suicide attempt #URL# #URL# </document>
    <document>Nigerian Air Force did not kill 250 insurgents – Officer #URL# #URL# </document>
    <document>Nnamdi Asomugha shares her growing passion for acting with 'CBS this Morning'></document>
    <document> Nollywood shows up at Ngozi Ezeonu's daughter's wedding #URL# #URL# </document>
    <document> Here's a chance to win BIG this Valentine's Day season in the #HASHTAG# #URL# #URL# promotion </document>
    <document> All shades of beauty! See Dorcas &amp; Robert's pre-wedding shoot #URL# #URL# ></document>
    <document> Alleged Pension Fraud: EFCC Appears in Trial AgainMaina's Son #URL# #URL# ></document>
    <document> EPL: Saka shines again as Arsenal win big against Newcastle #URL# #URL# </document>
    <document> Princess, mother, actor! Dolapo Oni is all of this in this special issue of TW Magazine #URL# #URL# ></document>
    <document> Governor Oyetola Issues N1.2bn Notes to Retirees #URL# #URL# </document>
    <document>Okada Ban: Reducing Accidents in Lagos - Deputy Governor #URL# #URL# </document>
    <document> Nude Video: Deezell Sues Ex Lover Maryam Booth, Seeking N10 Million #URL# #URL# </document>
    <document>Arrest Oshiomhole for Bayelsa rape, PDP tells police IG #URL# #URL# </document>
    <document> JUST IN: UEFA bans Manchester City from Champions League for two seasons #URL# #URL# </document>
    <document> Three dead and eight injured in Anambra road accident #URL# #URL# </document>
    <document> Boko Haram Attacks Yobe Community, Targets Damaturu, Destroys Phone Masts #URL# #URL# </document>
    <document> Bimbo Ademoye &amp; Beverly Osu is the perfect match in this episode of Ndani TV's "TGIF Show" #URL# #URL# </document>
    <document> NSE moves 132.62 million shares worth N1.28 billion in bearish trading #URL# #URL# </document>
    <document> Top Health Stories Published Last Week #URL# #URL# </document>
    <document> INTERVIEW: My Career as a Nollywood Production Designer — Pat Nebo #URL# #URL# </document>
    <document> Egypt confirms first case of Coronavirus #URL# #URL# </document>
    <document> APC writes INEC, calls for new governor elections in Bayelsa #URL# #URL# </document>
    <document> The wait is over! We present the Campus Winners of the Tecno Spark 4 Talent Hunt 2020 #URL# #URL# </document>
    <document> Boko Haram leader Shekau threatens minister and journalists in new video #URL# #URL# </document>
    <document> RiRi Okoye: Can't get enough of sweets #URL# #URL# </document>
    <document> Oluwo of Iwo allegedly attacks another monarch #URL# #URL# </document>
    <document> EPL: Son double Villa to send Tottenham Hotspur fifth #URL# #URL# </document>
    <document> Learn how Kobe Bryant was honored at the NBA All-Star Game #URL# #URL# </document>
    <document> Bayelsa Governorate: Sylva apologizes to Buhari, says APC remains strong #URL# #URL# </document>
    <document> New Video: Mercy Chinwo – Obinasom #URL# #URL# </document>
    <document> FG approves N7bn to support creative industry #URL# #URL# </document>
    <document> Database, an avenue for foreign direct investment — DG NITDA #URL# #URL# </document>
    <document> New music + video: CKay feat. Joeboy &amp; Kuami Eugene – Love Nwantiti (Remix) #URL# #URL# ></document>
    <document> Cheers to Chimamanda Ngozi Adichie as he scores another win 🎓 #URL# #URL# </document>
    <document> Seven dead in crash with Dangote truck on Lagos-Abeokuta highway #URL# #URL# </document>
    <document> Fire destroys eight shops in Apongbon market, Lagos – LASEMA #URL# #URL# ></document>
    <document> Three brothers burned alive in Anambra fire #URL# #URL# </document>
    <document>How Nigeria's neglected oil community got tap water for the first time in decades #URL# #URL# </document>
    <document> Douye Diri sworn in as governor of Bayelsa #URL# #URL# </document>
    <document> Police arrest alleged Aiye Brotherhood boss, eight others #URL# #URL# </document>
    <document> New Music + Video: Charly Boy feat. Falz – God of men (false shepherds) #URL# #URL# ></document>
    <document>Presidency says insecurity protest planned to embarrass Buhari #URL# #URL# </document>
    <document> Chelsea v Man. United: Five duels that could determine Monday's outcome #URL# #URL# </document>
    <document> Ink Eze received the perfect Valentine's Day gift: she's engaged💍 #URL# #URL# </document>
    <document> New video: Yung L feat. Sarkodie &amp; Tay Iwar – Hello #URL# #URL# ></document>
    <document> Soldiers repel another Boko Haram attack in Maiduguri #URL# #URL# </document>
    <document> New video: Pepenazi feat. Oluwadamilola – The Right Man #URL# #URL# ></document>
    <document> Nigeria Film Corporation Presents Masters Degree in Film Culture #URL# #URL# </document>
    <document> Coronavirus has arrived in Africa as Egypt registers first confirmed case #URL# #URL# </document>
    <document> Mercy Aigbe has some pretty cool advice for single women &amp; Married women </document>
    <document> Having a front seat view of the creation & amp; Launch of "The Rihanna Book" </document>
    <document> Bayelsa Governor Diri Preaches Love In Inaugural Speech #URL# #URL# </document>
    <document> Betty Irabor has a message for everyone as Genevieve Magazine turns 17 #URL# #URL# </document>
    <document> New Music: Lil Frosh feat. Mayrkun – Kole Re's Body #URL# #URL# ></document>
    <document> Mane takes Liverpool closer to EPL title #URL# #URL# </document>
    <document> Pepenazi liked it... And he put a ring on it 💍 #URL# #URL# </document>
    <document> What House of Reps discussed last week #URL# </document>
    <document> Nigerian university bans student press club #URL# #URL# </document>
    <document> Lament as Edo communities battle worsening ravine erosion #URL# #URL# </document>
    <document> AFCON 2021 Qualifiers: Super Eagles to face Leone Stars in Asaba #URL# #URL# </document>
    <document> Bayelsa Governorate: APC rebukes INEC for declaring Diri winner #URL# #URL# </document>
    <document> EXCLUSIVE: TETFund Suspends Sponsorship of Conference Attendance for Nigerian Educators Due to Corrupt Practices... #URL# </document>
    <document> Despite indebted to pensioners, Osun government spends over N260 million on cars for lawmakers #URL# #URL# </document>
    <document> Maleek Berry jumps to PartyNextDoor &amp; "Loyal" by Drake </document>
    <document> Bryan Okwara &amp; his partner, Marie Miller is expecting a child 🎉 #URL# #URL# </document>
    <document> There is more to know about Zori Makabut, the extraordinary face behind the fashion brand "Zori Makama" </document>
    <document> Jonathan congratulates Diri, urges him to unite the people of Bayelsa #URL# #URL# </document>
    <document> VIDEO: How Nigeria's neglected oil community got tap water for the first time in decades #URL# #URL# </document>
    <document> FG reevaluates Ogoniland cleanup project #URL# #URL# </document>
    <document> LG Ondo polls uncertain as PDP withdraws participation #URL# #URL# </document>
    <document> Buhari talks about killing 30 by gunmen in Katsina #URL# #URL# </document>
    <document> The Nigerian embassy rejects citizens repatriated from Thailand, leaves them in prison despite the pardon… #URL# </document>
    <document> Bryan Okwara &amp; Marie Miller is now parents of a child! #URL# #URL# </document>
    <document> Everyone came looking like a BOSS for the premiere of Inkblot's "Who's The Boss" #URL# #URL# ></document>
    <document> INTERVIEW: Our Agenda for Nigeria in Energy, Transport and Agriculture - US Ambassador #URL# #URL# </document>
    <document> Our favorite celebrities &amp; Couples show off some romance with these adorable Valentine's Day snaps ❤️... #URL# ></document>
    <document> Introducing – Mrs. Nina A ❤️ #URL# #URL# </document>
  
</author><document> Borno governor visits Republic of Niger and plans to repatriate 120,000 refugees #URL# #URL# ></document>
    <document> Jessica Kakkad still supports Mofe Duncan no matter what #URL# #URL# ></document>
    <document> Police impose curfew as violence erupts in Bayelsa #URL# #URL# ></document>
    <Document> Churchill is suing Tonto Dikeh for N500 million #URL# #URL# ></Document>
    <document> NPFL Round-Up: Plateau United returns to the top #URL# #URL# ></document>
    <Document> Coronavirus: 1,716 medical workers infected, six dead in China #URL# #URL# ></document>
    <document> NiMet forecasts the weather for Monday across Nigeria #URL# #URL# ></document>
    <document> Congratulations! Anita Joseph marries her boyfriend MC Fish 💍 #URL# #URL# ></document>
    <document> How climate change contributes to insecurity in Nigeria and other African countries #URL# #URL# ></document>
    <document> Four games to watch this weekend #URL# #URL# ></document>
    <Document> Buratai orders evacuation of stranded passengers on Maiduguri-Damboa road #URL# #URL# ></Document>
    <document> Obasanjo calls for wildlife protection #URL# #URL# ></document>
    <Document> Alexx Ekubo addresses the elephant in the room - "Internet Fraud" ></Document>
    <Document> Ganduje Signs Agreement to Build 132 kVA Kano Transmission Line #URL# #URL# ></Document>
    <document> Burna Boy is criticized for declaring himself the best artist after Fela #URL# #URL# ></document>
    <Document> How Oluwo "attacked" me over land disputes - Osun Monarch #URL# #URL# ></Document>
    <document> You should check out this CNN analysis on Trump's Nigeria visa ban #URL# #URL# ></document>
    <document> Happy Valentine's Day &amp; Best regards from TBoss &amp; her princess #URL# #URL# ></document>
    <document> Treat yourself to a special discount this season from Herbal Pros "EZ Slim" #URL# #URL# ></document>
    <document> Check out all the fun stories about BellaNaija weddings this week #URL# #URL# ></document>
    <Document> Nigerian woman 'holds election to select bridegroom' #URL# #URL# ></document>
    <document> Your Sexy New Boo – Korede Bello is on Accelerate TV's The Cover #URL# #URL# ></document>
    <document> In a FOI request, SERAP searches for details of the Abacha prey #URL# #URL# ></document>
    <document> Man falls into Third Mainland lagoon in suspected suicide attempt #URL# #URL# ></document>
    <Document> Nigerian Air Force Failed to Kill 250 Insurgents - Official #URL# #URL# ></Document>
    <document> Nnamdi Asomugha shares his growing passion for acting on CBS this Morning ></document>
    <document> Nollywood appeared for the wedding of Ngozi Ezeonu's daughter #URL# #URL# ></document>
    <document> Here's your chance to win BIG in the #HASHTAG# promo #URL# #URL# ></document> this Valentine's season
    <document> All shades of beauty! See Dorcas &amp; Robert's pre-wedding shoot #URL# #URL# ></document>
    <Document> Alleged Pension Fraud: EFCC Pursue Re-IndictmentMaina's son #URL# #URL# ></document>
    <document> EPL: Saka shines again as Arsenal triumph to a big win over Newcastle #URL# #URL# ></document>
    <Document> Princess, mother, actor! Dolapo Oni is all of this in this special issue of TW Magazine #URL# #URL# ></document>
    <document> Gov. Oyetola presents N1.2 billion bonds to retirees #URL# #URL# ></document>
    <Document> Okada Ban: Less Accidents in Lagos – Deputy Governor #URL# #URL# ></Document>
    <Document> Nude video: Deezell sues ex-lover Maryam Booth, demanding N10 million #URL# #URL# ></document>
    <Document> Arrest Oshiomhole for Bayelsa Violence, PDP Tells Police IG #URL# #URL# ></Document>
    <document> JUST IN: UEFA bans Manchester City from Champions League for two seasons #URL# #URL# ></document>
    <document> Three dead, eight injured in traffic accident in Anambra #URL# #URL# ></document>
    <Document> Boko Haram attacks Yobe community, targeting Damaturu, destroying telephone poles #URL# #URL# ></document>
    <Document> Bimbo Ademoye &amp; Beverly Osu are the perfect combo in this episode of Ndani TV's "TGIF Show" #URL# #URL# ></document>
    <Document> NSE moves 132.62 million shares worth N1.28B in bearish trading #URL# #URL# ></document>
    <document> Major health stories released last week #URL# #URL# ></document>
    <document> INTERVIEW: My career as a Nollywood production designer - Pat Nebo #URL# #URL# ></document>
    <Document> Egypt confirms first case of coronavirus #URL# #URL# ></document>
    <Document> APC writes INEC, calls for new governor elections in Bayelsa #URL# #URL# ></Document>
    <Document> The wait is over! We present you the campus winners of the Tecno Spark 4 Talent Hunt 2020 #URL# #URL# ></document>
    <Document> In a new video, Boko Haram leader Shekau threatens ministers and journalists #URL# #URL# ></document>
    <Document> RiRi Okoye: I can't get enough of desserts #URL# #URL# ></Document>
    <Document> Oluwo of Iwo allegedly attacks another monarch #URL# #URL# ></document>
    <document> EPL: Son sinks Villa twice to send Tottenham Hotspur fifth #URL# #URL# ></document>
    <document> Watch Kobe Bryant honored at the NBA All-Star Game #URL# #URL# ></document>
    <document> Bayelsa Governorship: Sylva apologizes to Buhari, says APC stay strong #URL# #URL# ></document>
    <Document> New Video: Mercy Chinwo - Obinasom #URL# #URL# ></Document>
    <document> FG approves N7bn to support creative industries #URL# #URL# ></document>
    <Document> Database, A Pathway for Foreign Direct Investment - DG NITDA #URL# #URL# ></Document>
    <Document> New Music + Video: CKay feat. Joeboy &amp; Kuami Eugene - Love Nwantiti (Remix) #URL# #URL# ></document>
    <document> Cheers to Chimamanda Ngozi Adichie as she bag another win 🎓 #URL# #URL# ></document>
    <Document> Seven dead in Dangote truck crash on Lagos-Abeokuta expressway #URL# #URL# ></Document>
    <Document> Fire Destroys Eight Shops in Apongbon Market, Lagos - LASEMA #URL# #URL# ></document>
    <document> Three siblings burned in fire in Anambra #URL# #URL# ></document>
    <document> How Nigeria's neglected oil-producing community received tap water for the first time in decades #URL# #URL# ></document>
    <Document> Douye Diri sworn in as governor of Bayelsa #URL# #URL# ></Document>
    <Document> Police arrest the alleged leader of the Aiye Confraternity and eight others #URL# #URL# ></document>
    <Document> New Music + Video: Charly Boy feat. Fold – God of Men (Fake Pastors) #URL# #URL# ></document>
    <document> Presidency says protest over insecurity to embarrass Buhari #URL# #URL# ></document>
    <Document> Chelsea vs Man. United: Five duels that could determine Monday's result #URL# #URL# ></document>
    <document> Ink Eze has the perfect Valentine's Day gift – she's engaged💍 #URL# #URL# ></document>
    <Document> New video: Yung L feat. Sarcodia &amp; Tay Iwar - Done #URL# #URL# ></document>
    <document> Soldiers repel another Boko Haram attack on Maiduguri #URL# #URL# ></document>
    <Document> New video: Pepenazi feat. Oluwadamilola – Right Man #URL# #URL# ></document>
    <document> Nigeria Film Corporation Launches Master Degree in Film Culture #URL# #URL# ></document>
    <document> Coronavirus has arrived in Africa as Egypt records first confirmed case #URL# #URL# ></document>
    <document> Mercy Aigbe has some pretty interesting advice for single ladies &amp; Married women ></document>
    <document> Take a front view of Creation &amp; Release of “The Rihanna Book” ></document>
    <document> In his inaugural speech, Bayelsa's governor Diri preaches love #URL# #URL# ></document>
    <document> Betty Irabor has a message for everyone as Genevieve Magazine turns 17 #URL# #URL# ></document>
    <Document> New Music: Lil Frosh feat. Mayorkun—Kole Re Body #URL# #URL# ></document>
    <document> Mane pushes Liverpool closer to EPL title #URL# #URL# ></document>
    <document> Pepenazi liked it... and he has a ring on it 💍 #URL# #URL# ></document>
    <document> What House of Reps discussed last week #URL# ></document>
    <Document> Nigerian University Bans Student Press Club #URL# #URL# ></Document>
    <document> Lament as Edo communities battle increasing gully erosion #URL# #URL# ></document>
    <document> 2021 AFCON Qualifiers: Super Eagles battle Leone Stars in Asaba #URL# #URL# ></document>
    <document> Bayelsa Governorate: APC berates INEC for declaring Diri the winner #URL# #URL# ></document>
    <Document> EXCLUSIVE: TETFund Suspends Conference Attendance Sponsorship for Nigerian Lecturers Due to Corrupt Practices… #URL# ></Document>
    <Document> Despite owed pensioners, Osun government injects over N260 million into cars for lawmakers #URL# #URL# ></document>
    <Document> Maleek Berry Jumps on PartyNextDoor &amp; Drake's "Loyal" ></document>
    <Document> Bryan Okwara &amp; his partner Marie Miller is expecting a baby 🎉 #URL# #URL# ></document>
    <Document> There is more to know about Zori Makama, the amazing face behind fashion brand “Zori Makama” ></document>
    <document> Jonathan congratulates Diri and urges him to unite the people of Bayelsa #URL# #URL# ></document>
    <document> VIDEO: How Nigeria's neglected oil-producing community received tap water for the first time in decades #URL# #URL# ></document>
    <Document> FG on Reassessment of Ogoniland Cleanup Project #URL# #URL# ></Document>
    <document> Uncertainty about Ondo LG polls as PDP withdraws participation #URL# #URL# ></document>
    <Document> Buhari speaks about the killing of 30 people by bandits in Katsina #URL# #URL# ></Document>
    <Document> Nigerian embassy abandons citizens repatriated from Thailand, leaving them in jail despite pardon… #URL# ></document>
    <Document> Bryan Okwara &amp; Marie Miller is now the parent of a baby boy! #URL# #URL# ></document>
    <document> Everyone came like a BOSS to the premiere of Inkblot's Who's the Boss #URL# #URL# ></document>
    <Document> INTERVIEW: Our Agenda for Nigeria in the Energy, Transport and Agriculture Sectors - US Ambassador #URL# #URL# ></Document>
    <Document> Our Favorite Stars &amp; Couples spread some romance with these adorable Valentine's snaps ❤️… #URL# ></document>
    <Document> Introducing Mrs. Nina A ❤️ #URL# #URL# ></Document>
  
</author><document> Borno governor visits Republic of Niger and plans repatriation of 120,000 refugees #URL# #URL# ></document>
    <document> Jessica Kakkad, Whatever #URL# #URL# ></document>
    <document> Police declare curfew as violence erupts in Bayelsa #URL# #URL# ></document>
    <document> Churchill sues Tonto Dikeh, demanding N500 million #URL# #URL# ></document>
    <document> NPFL Recap: Plateau United are back on top #URL# #URL# ></document>
    <document> Coronavirus: 1,716 healthcare workers infected in China, six dead #URL# #URL# ></document>
    <document> NiMet forecasts Monday's weather across Nigeria #URL# #URL# ></document>
    <document> Congratulations! Anita Joseph marries her boyfriend MC Fish 💍 #URL# #URL# ></document>
    <document> How Climate Change is contributing to insecurity in Nigeria and other African countries #URL# #URL# ></document>
    <document> Four matches to watch this weekend #URL# #URL# ></document>
    <document> Buratai orders evacuation of passengers stranded on Maiduguri-Damboa road #URL# #URL# ></document>
    <document> Obasanjo calls for wildlife protection #URL# #URL# ></document>
    <document> Alexx Ekubo Addresses the Elephant in the Room – “Internet Fraud” ></document>
    <document> Ganduje signs agreement to build 132KVA Kano transmission line #URL# #URL# ></document>
    <document> Burna Boy criticized for declaring himself the best artist after Fela #URL# #URL# ></document>
    <document> How Oluwo 'attacked' me because of the land dispute – ruler of Osun #URL# #URL# ></document>
    <document> Must Watch This CNN Analysis On Trump's Visa Ban To Nigeria #URL# #URL# ></document>
    <document> Happy Valentine's Day &amp; TBoss &amp; Princess #URL# #URL# ></document>
    <document> Indulge Yourself With A Special Discount This Season From Herbal Pro's "EZ Slim" #URL# #URL# ></document>
    <document> Catch All the Fun Stories From BellaNaija Weddings This Week #URL# #URL# ></document>
    <document> Nigerian woman "chosen to choose groom" #URL# #URL# ></document>
    <document> Your Sexy New Boo - On The Cover of Bello Accelerate TV in Korea #URL# #URL# ></document>
    <document> In the FOI request, SERAP searches for details of the Abacha loot #URL# #URL# ></document>
    <document> Man dives into Third Mainland lagoon on suspicion of suicide #URL# #URL# ></document>
    <document> Nigerian Air Force did not kill 250 rebels – Official #URL# #URL# ></document>
    <document> Nnamdi Asomugha Shares Her Increasing Passion for Acting With “CBS this Morning” ></document>
    <document> Nollywood Revealed at Ngozi Ezeonu's Daughter's Wedding #URL# #URL# ></document>
    <document> Here's your chance to win BIG this Valentine's Season on #HASHTAG# Promotion #URL# #URL# ></document>
    <document> All Shades of Beauty! Dorcas &amp; Robert's Pre-Wedding Shot #URL# #URL# ></document>
    <document> Pension Fraud Alleged: EFCC goes to court againMaina's son #URL# #URL# ></document>
    <document> EPL: Saka shines again as Arsenal race to big win over Newcastle #URL# #URL# ></document>
    <document> Princess, Mother, Actress! Dolapo Oni It's All In This Special Issue of TW Magazine #URL# #URL# ></document>
    <document> Governor Oyetola issues N1.2 billion bonds to retirees #URL# #URL# ></document>
    <document> Okada Ban: Decreasing accidents in Lagos – Deputy Governor #URL# #URL# ></document>
    <document> Nude Video: Deezell sues ex-girlfriend Maryam Booth, demanding N10 million #URL# #URL# ></document>
    <document> Arrest Oshiomhole for Bayelsa violence, reported to PDP Police IG #URL# #URL# ></document>
    <document> IMMEDIATELY: UEFA bans Manchester City from Champions League for two seasons #URL# #URL# ></document>
    <document> Three people were killed and eight injured in a traffic accident in Anambra #URL# #URL# ></document>
    <document> Boko Haram attacks Yobe community, targets Damaturu, destroys telephone poles #URL# #URL# ></document>
    <document> Bimbo Ademoye &amp; Beverly Osu Is The Perfect Combination In This Episode Of Ndani TV's "TGIF Show" #URL# #URL# ></document>
    <document> NSE moves 132.62 million shares at N 1.28 billion on bearish trend #URL# #URL# ></document>
    <document> Top health stories published last week #URL# #URL# ></document>
    <document> INTERVIEW: My career as a Nollywood production designer — Pat Nebo #URL# #URL# ></document>
    <document> Egypt confirms first case of Coronavirus #URL# #URL# ></document>
    <document> APC writes to INEC, requests new governorship election in Bayelsa #URL# #URL# ></document>
    <document> Waiting Over! Introducing Tecno Spark 4 Talent Hunt 2020 Campus Winners #URL# #URL# ></document>
    <document> Boko Haram leader Shekau threatens minister and journalists in new video #URL# #URL# ></document>
    <document> RiRi Okoye: Can't Get Enough of Sweets #URL# #URL# ></document>
    <document> Oluwo of Iwo allegedly attacked another ruler #URL# #URL# ></document>
    <document> EPL: Son doubles down on Villa to send fifth #URL# #URL# to Tottenham Hotspur ></document>
    <document> Check Out How Kobe Bryant Was Honored in the NBA All-Star Game #URL# #URL# ></document>
    <document> Bayelsa Governor's Office: Sylva apologizes to Buhari, saying APC remains strong #URL# #URL# ></document>
    <document> New Video: Mercy Chinwo – Obinasom #URL# #URL# ></document>
    <document> FG approves N7 billion to support the creative industry #URL# #URL# ></document>
    <document> Database as a way for Foreign Direct Investment — DG NITDA #URL# #URL# ></document>
    <document> New Music + Video: CKay feat. Joe Boy &amp; Kuami Eugene – Love Nwantiti (Remix) #URL# #URL# ></document>
    <document> Cheers to Chimamanda Ngozi Adichie for Another Win 🎓 #URL# #URL# ></document>
    <document> Seven dead in Dangote truck crash on Lagos-Abeokuta highway #URL# #URL# ></document>
    <document> Fire destroyed eight shops in Apongbon market, Lagos – LASEMA #URL# #URL# ></ document>
    <document> Three brothers burned to death in the Anambra fire #URL# #URL# ></document>
    <document> How Neglected Nigerian oil-producing community gets tap water for the first time in decades #URL# #URL# ></document>
    <document> Douye Diri sworn in as Bayelsa governor #URL# #URL# ></document>
    <document> Police arrest suspected leader of Aiye Community and eight others #URL# #URL# ></document>
    <document> New Music + Video: Charly Boy feat. Falz – God of Men (Fake Priests) #URL# #URL# ></document>
    <document> Presidency announces distrust protest planned to embarrass Buhari #URL# #URL# ></document>
    <document> Chelsea v Man. United: Five duels that could determine Monday's outcome #URL# #URL# ></document>
    <document> Ink Eze Receives The Perfect Valentine's Gift - Engaged💍 #URL# #URL# ></document>
    <document> New Video: Yung L feat. Sarkodie &amp; Tay Iwar – Ready #URL# #URL# ></document>
    <document> Soldiers repelled another Boko Haram attack on Maiduguri #URL# #URL# ></document>
    <document> New Video: Pepenazi feat. Oluwadamilola – Right Man #URL# #URL# ></document>
    <document> Nigerian film company offers master's degree in film culture #URL# #URL# ></document>
    <document> Coronavirus Arrives in Africa as Egypt Records First Confirmed Case #URL# #URL# ></document>
    <document> Mercy Aigbe Has Some Interesting Advice for Single Women &amp; Married Women ></ document>
    <document> Get Front Seat View of Creation &amp; “Book of Rihanna” launch ></document>
    <document> In his keynote address, Bayelsa's Governor Alive preaches love #URL# #URL# ></document>
    <document> Genevieve Magazine Turns 17 Betty Irabor Has A Message To Everyone #URL# #URL# ></document>
    <document> New Music: Lil Frosh feat. Majorkun – Kole Re Body #URL# #URL# ></document>
    <document> Mane brings Liverpool closer to EPL title #URL# #URL# ></document>
    <document> Pepenazi Likes It... And Wears A Ring 💍 #URL# #URL# ></document>
    <document> What the House of Representatives discussed last week #URL# ></document>
    <document> Nigerian university bans students' press club #URL# #URL# ></document>
    <document> Edo communities lament as they battle worsening pit erosion #URL# #URL# ></document>
    <document> 2021 AFCON Qualifiers: Super Eagles to fight Leone Stars in Asaba #URL# #URL# ></document>
    <document> Bayelsa Governor's Office: APC scolds INEC for declaring #URL# #URL# to win Diri ></document>
    <document> EXCLUSIVE: TETFund suspends conference attendance sponsorship for Nigerian lecturers due to corrupt practices… #URL# ></document>
    <document> Despite debt retirees, Osun government spent more than N260 million on cars for lawmakers #URL# #URL# ></document>
    <document> Maleek Berry, PartyNextDoor &amp; Drake's "Loyal" ></ document>
    <document> Bryan Okwara &amp; Partner Marie Miller Expecting a Baby 🎉 #URL# #URL# ></document>
    <document> There's More to Know About Zori Makama, The Amazing Face Behind "Zori Makama" Fashion Brand ></ document>
    <document> Jonathan congratulates Diri and encourages him to unite the people of Bayelsa #URL# #URL# ></document>
    <document> VIDEO: How the neglected Nigerian oil-producing community got tap water for the first time in decades #URL# #URL# ></document>
    <document> FG will reevaluate Ogoniland cleanup project #URL# #URL# ></document>
    <document> Uncertainty regarding Ondo LG surveys as PDP withdraws participation #URL# #URL# ></document>
    <document> Buhari talks about the murder of 30 people by bandits in Katsina #URL# #URL# ></document>
    <document> Nigerian embassy keeps citizens repatriated from Thailand in jail despite amnesty… #URL# ></document>
    <document> Bryan Okwara &amp; Marie Miller Now Owns a Baby Boy! #URL# #URL# ></ document>
    <document> Everyone came to the "Who's The Boss" Premiere of Inkblot #URL# #URL# ></document>
    <document> INTERVIEW: Our Nigerian agenda in the energy, transportation, agriculture sectors – US Ambassador #URL# #URL# ></document>
    <document> Our Favorite Celebrities &amp; Couples Reveal Some Romance With These Cute Valentine's Day Photos ❤️… #URL# ></document>
    <document> Let's Introduce Miss Nina A to You ❤️ #URL# #URL# ></document>
  
</author><document> Governor of Borno Visits Republic of Niger, Plans Repatriation of 120,000 Refugees #URL# #URL# ></document>
    <document>Jessica Kakkad continues to support her Mofe Duncan #URL##URL#></document>
    <document> Violence erupts in Bayelsa, police impose curfew #URL# #URL# ></document>
    <document> Churchill sues Tonto Dike, demands N500 million #URL# #URL# ></document>
    <document> NPFL Round-Up: Plateau United Return to Top #URL# #URL# ></document>
    <document> Coronavirus: 1,716 healthcare workers infected, 6 dead in China #URL# #URL# ></document>
    <document> NiMet Forecasts Weather Across Nigeria For Monday #URL# #URL# ></document>
    <document> Congratulations! Anita Joseph ties the knot with her girlfriend, MC Fish 💍 #URL# #URL# ></document>
    <document> How climate change is contributing to insecurity in Nigeria and other African countries #URL# #URL# ></document>
    <document> 4 games to watch this weekend #URL# #URL# ></document>
    <document> Bulatai orders evacuation of passengers stranded on Maiduguri-Damboa road #URL# #URL# ></document>
    <document> Obasanjo Calls for Wildlife Conservation #URL# #URL# ></document>
    <document> Alexx Ekubo talks to an elephant in his room – "internet fraud" ></document>
    <document> Ganduje Signs Contract to Build 132KVA Kano Transmission Line #URL# #URL# ></document>
    <document> Burna Boy criticized for declaring himself best artist after blow job #URL# #URL# ></document>
    <document> How Oluwo "Attacked" Me in a Land Dispute – Osun Monarch #URL# #URL# ></document>
    <document> See CNN's analysis of Trump's visa ban for Nigeria #URL# #URL# ></document>
    <document> Happy Valentine's Day to You &amp; Yours from TBoss &amp; Her Princess #URL# #URL# ></document>
    <document> Enjoy Special Discounts on EZ Slim from Herbal Pro This Season #URL# #URL# ></document>
    <document> Catch up on all the fun stories about BellaNaija's wedding this week #URL# #URL# ></document>
    <document> Nigerian Women 'Hold Elections for Bridegroom' #URL# #URL# ></document>
    <document> Your Sexy New Boo – Korede Bello on The Cover of Accelerate TV #URL# #URL# ></document>
    <document> In FOI request, SERAP asks for Avacha booty details #URL# #URL# ></document>
    <document> Man Suspected Suicide Jumps Into Third World Lagoon #URL# #URL# ></document>
    <document> Nigerian Air Force Did Not Kill 250 Militants – Official #URL# #URL# ></document>
    <document> Nnamdi Asomugha shares her passion for acting on 'CBS this Morning' ></document>
    <document> Nollywood attended Ngozi Ezeonu's daughter's wedding #URL# #URL# ></document>
    <document> #HASHTAG# promo #URL# #URL# ></document>
    See <Documentation> All Shades of Beautiful! Dorcas &amp; Robert's pre-wedding shoot #URL# #URL# ></document>
    <Document> Alleged Pension Fraud: EFCC ReindictedSon of Mina #URL# #URL# ></document>
    <document> EPL: Saka shine again as Arsenal beat Newcastle in a big way #URL# #URL# ></document>
    <Document> Princess, Mother, Actor! Drapo Oni is all of this in this special issue of TW Magazine #URL# #URL# ></document>
    <document> Oyetola Governor Offers Retirees N1.2 Billion Bonds #URL# #URL# ></document>
    <document> Okada Ban: Declining Accidents in Lagos – Lieutenant Governor #URL# #URL# ></document>
    <document> Nude video: Deezell sues ex-girlfriend Maryam Booth, demands N10 million #URL# #URL# ></document>
    <document> Oshiomhole arrested in Bayelsa violence, PDP tells police IG #URL# #URL# ></document>
    <document> JUST IN: UEFA Bans Manchester City From Champions League For Two Seasons #URL# #URL# ></document>
    <document> Anambra road crash kills 3, injures 8 #URL# #URL# ></document>
    <document> Boko Haram Attacks Yobe Communities, Targets Damatul, Destroys Phone Towers #URL# #URL# ></document>
    <Document> Yariman Ademoe & Yariman! Beverly Osu is the perfect combo in this episode of Ndani TV's 'TGIF Show' #URL# #URL# ></document>
    <document> NSE Moves 132.62 Million Shares Worth N1.28bn In Bear Trading #URL# #URL# ></document>
    <document> Featured health articles published last week #URL# #URL# ></document>
    <document> Interview: My Career as a Nollywood Production Designer — Pat Nebo #URL# #URL# ></document>
    <document> Egypt confirms first case of coronavirus #URL# #URL# ></document>
    <document> APC writes INEC, calls for new gubernatorial elections in Bayelsa #URL# #URL# ></document>
    <document> The Wait is Over! Introducing the Campus Winners of Tecno Spark 4 Talent Hunt 2020 #URL# #URL# ></document>
    <document> In new video, Boko Haram leader Shekau threatens ministers, journalists #URL# #URL# ></document>
    <document> RiRi Okoye: Not enough desserts #URL# #URL# ></document>
    <document> Oluwo of Iwo allegedly attacked another lord #URL# #URL# ></document>
    <document> EPL: Son sinks Villa twice, sends Tottenham Hotspur to 5th #URL# #URL# ></document>
    <document> See how Kobe Bryant was honored at the NBA All-Star Game #URL# #URL# ></document>
    <document> Bayelsa Governorship: Sylva apologizes to Buhari, says APC remains strong #URL# #URL# ></document>
    <document> New Video: Mercy Chinwo – Obinasom #URL# #URL# ></document>
    <document> FG approves N7 billion to support creative industries #URL# #URL# ></document>
    <document> Database, a vehicle for foreign direct investment — DG NITDA #URL# #URL# ></document>
    <Documentation> New Music + Video: CKay feat. Joeboy &amp; Kuami Eugene – Love Nwantiti (Remix) #URL# #URL# ></document>
    <document> Cheers to Chimamanda Ngozi Adichie, another winner 🎓 #URL# #URL# ></document>
    <document> Seven dead in Dangote truck crash on Lagos-Abeokuta highway #URL# #URL# ></document>
    <Document> Fire Destroys 8 Shops at Aponbon Market in Lagos – LASEMA #URL# #URL# ></Document>
    <document>His three brothers burned to death in Anambra fire #URL##URL#></document>
    <document> How a neglected Nigerian oil-producing community got tap water for the first time in decades #URL# #URL# ></document>
    <document> Douye Diri Becomes Governor of Bayelsa #URL# #URL# ></document>
    <document> Police Arrest Aiye Confraternity Lead, 8 Other Suspects #URL# #URL# ></document>
    <Documentation> New Music + Video: Charly Boy feat. Falz – Human God (False Pastor) #URL# #URL# ></document>
    <document> President says protest against unrest planned to embarrass Buhari #URL# #URL# ></document>
    <Documentation> Chelsea v Mann. United: 5 duels that will decide Monday's outcome #URL# #URL# ></document>
    <document> Ink Eze got the perfect Valentine's gift - she got engaged 💍 #URL# #URL# ></document>
    <Documentation> New Video: Yung L feat. Sarkody &amp; Tay Iwar – Lady #URL# #URL# ></document>
    <document> Soldiers repel another Boko Haram attack on Maiduguri #URL# #URL# ></document>
    <Documentation> New Video: Pepenazi feat. Oluwada Milola – Right Arm #URL# #URL# ></document>
    <document> Nigerian Film Company Introduces Master's Degree in Film Culture #URL# #URL# ></document>
    <document>Coronavirus arrives in Africa as Egypt records first confirmed case #URL# #URL# ></document>
    <document> Mercy Aigbe has some pretty interesting advice for single women and women. married woman ></document>
    <Document> I look at the work and the work from the front seat. Rihanna Book Launches ></document>
    <document> Bayelsa governor preaches love in inaugural address #URL# #URL# ></document>
    <document> Genevieve Magazine's 17th Anniversary Message from Betty Irabor #URL# #URL# ></document>
    <Document> New Song: Lil Frosh feat. Mayorkun – Correribod #URL# #URL# ></document>
    <document> Mane moves Liverpool closer to EPL title #URL# #URL# ></document>
    <document> Pepenaji likes it...and wears a ring💍 #URL# #URL# ></document>
    <document> What was discussed in the House last week #URL# ></document>
    <document> Nigerian University Bans Student Press Clubs #URL# #URL# ></document>
    <document> Lamentation of the Edo Community Combatting Growing Gully Erosion #URL# #URL# ></document>
    <document> 2021 AFCON Qualifiers: Super Eagles Take on Leone Stars at Asaba #URL# #URL# ></document>
    <document> Governor Bayelsa: APC Blames INEC for Declaring Diri Winner #URL# #URL# ></document>
    <document> EXCLUSIVE: TETFund Suspends Conference Attendance Sponsorship Due to Corruption of Nigerian Lecturer… #URL# ></document>
    <document> Despite having pensioners, Osun government spends Np 260 million on cars for lawmakers #URL# #URL# ></document>
    <document>Marek Berry hops on PartyNextDoor &amp; Drake's "Faithful"></document>
    <Document> Brian Okwala &amp; his partner Marie Miller is pregnant 🎉 #URL# #URL# ></document>
    <document> There's more you should know about Zori MakaMa, the amazing face behind fashion brand Zori Makama ></document>
    <document> Jonathan congratulates Dilli and urges the people of Bayelsa to unite #URL# #URL# ></document>
    <document> Video: How Neglected Nigerian Oil Producing Communities Got Tap Water for the First Time in Decades #URL# #URL# ></document>
    <document> Reevaluating the Ogoniland Cleanup Project FG #URL# #URL# ></document>
    <document> Uncertainty over Ondo LG poll as PDP withdraws participation #URL# #URL# ></document>
    <document> Buhari talks about 30 murders by bandits in Katsina #URL# #URL# ></document>
    <document> Nigerian embassy fails citizens deported from Thailand, keeps them in jail despite amnesty… #URL# ></document>
    <documentation> Brian Okwala &amp; Marie Miller are now parents to a boy! #URL# #URL# ></documentation>
    <document> Everyone Looked Like BOSS at Inkblot's "Who's The Boss" Premiere #URL# #URL# ></document>
    <document> Interview: Nigeria's Agenda in Energy, Transport and Agriculture Sectors – US Ambassador #URL# #URL# ></document>
    <documentation> Our favorite celebrities & couples are romancing in these adorable Valentine snaps ❤️… #URL# ></document>
    <document> Let me introduce you – Mrs Nina A ❤️ #URL# #URL# ></document>
  
</author>