
  
    <document> RT natasharothwell: What a magical night! I’m one lucky duck to be apart of such a special, sweet film! Please go s… #URL# ></document>
    <document> RT TheCloneWars: In one week, start streaming the final season of StarWars: #HASHTAG#, only on #HASHTAG#.… #URL# ></document>
    <document> A dark crime casts a shadow over an entire community in this investigation of two young women who never made it to… #URL# ></document>
    <document> RT TheAcademy: #HASHTAG# Moment: Brad Pitt wins Best Supporting Actor for OnceInHollywood #URL# - SonyPicturesUK ></document>
    <document> RT mythic_quest: TwitterTV Dearest TwitterTV,  This just in: Update! Me, you, a bowl of popcorn or two There’s no o… #URL# ></document>
    <document> RT alisonwillmore: 🚨🚨🚨 THE FAREWELL is now streaming on Amazon Prime 🚨🚨🚨#URL# #URL# - PrimeVideo ></document>
    <document> RT brwc: Final Girls Berlin was fun!  #URL# #URL# - FilmDebate ></document>
    <document> AmazonStudios Yup this makes sense for you. - PrimeVideo ></document>
    <document> Become a #HASHTAG# with MyFavMurder, a true-crime comedy podcast hosted by GHardstark and KarenKilgariff, availabl… #URL# ></document>
    <document> Let’s wrap up this #HASHTAG# with The Grand Romantic Gesture.   Seth declaring his love for Summer in #HASHTAG#, Leona… #URL# ></document>
    <document> RT IndieFilmHustle: Want to learn to direct a movie &amp; actually make money with it? Check out The Make Your Movie Bo… #URL# ></document>
    <document> RT mythic_quest: Zakvlogz Dear Zakvlogz,  Hello from myself! Here’s a love note from me to you, Just a friendly rem… #URL# ></document>
    <document> Love is in the air… it must be Valentine’s Day 💝   We’re celebrating with love on the big screen - which love story… #URL# ></document>
    <document> Visible: Out On Television dives into LGBTQ+ representation on screen. iamwandasykes, wcruz73, and RyanWhiteIV talk… #URL# ></document>
    <document> See the evolution of LGBTQ+ representation on TV, both past and present. The #HASHTAG# docu-series arrives Fe… #URL# ></document>
    <document> #HASHTAG# checks all the boxes: heart, humor, and a little drama. ☑️☑️☑️ Stream the Original Series… #URL# ></document>
    <document> RT IndieFilmHustle: #HASHTAG# Breakdown: On the Corner of Ego and Desire #HASHTAG# #URL#… #URL# ></document>
    <document> RT mythic_quest: Roses are red Sonic is blue  C.W. Longbottom has a #HASHTAG# surprise for you... - AppleTV ></document>
    <document> RT IndieFilmHustle: How to Shoot a Micro-Budget Feature Film Like - #HASHTAG# #URL#… #URL# ></document>
    <document> A wholesome sundae for your Sunday. #HASHTAG# #URL# - disneyplus ></document>
    <document> getyourcomicon So emotionally tumultuous for us, but so rewarding in the end! - WarnerBrosUK ></document>
    <document> RT mythic_quest: spdustin My dear spdustin,  Will you be my Valentine? You can slack me your GIF, And I will slack… #URL# ></document>
    <document> Pretty much every episode gives us the feels. 💙 Spend a little time with the Cañero-Reeds and stream… #URL# ></document>
    <document> RT brwc: Emma. – The BRWC Review  #URL# #URL# - FilmDebate ></document>
    <document> RT Stargirl: One. Month. Stream #HASHTAG# on #HASHTAG# Mar. 13. #URL# - disneyplus ></document>
    <document> RT DisneyMusic: The acoustic video for 𝒾 𝓉𝒽𝒾𝓃𝓀 𝒾 𝓀𝒾𝓃𝒹𝒶 𝓎𝑜𝓊 𝓀𝓃𝑜𝓌, performed by Olivia_Rodrigo x joshuatbassett, from… #URL# ></document>
    <document> zoeclaireduh Very astute! How could I have forgotten Anna? 🤦‍♂️ - WarnerBrosUK ></document>
    <document> RT rejectedjokes: 10 out of 10 would recommend meeting your comedic heroes Part 1. #URL# - ParamountUK ></document>
    <document> RT TheAcademy: #HASHTAG# Moment: Jacqueline Durran wins Best Costume Design for LittleWomen. #URL# - SonyPicturesUK ></document>
    <document> Roses are red, Sonic is blue, earth needs a hero, a hedgehog will do! ⚡ #HASHTAG#, in cinemas February 14.… #URL# ></document>
    <document> See the award winning film everyone is talking about. #HASHTAG# – available now on 4K Ultra HD &amp; Blu-ray.… #URL# ></document>
    <document> Mind over mayhem. #HASHTAG# is NOW SHOWING - see all the action only in cinemas!  #URL#… #URL# ></document>
    <document> WAKANDA. FOREVER. Happy anniversary to MarvelStudios’ #HASHTAG#, coming to #HASHTAG# March 4. #URL# - disneyplus ></document>
    <document> Tiffany Haddish and Rose Byrne are ready to show the world who's boss 💅 See them in the brand-new comedy #HASHTAG#… #URL# ></document>
    <document> Follow-up QQ: What is your ~dream~ date? - disneyplus ></document>
    <document> We’ve found our soulmate and their name is Friday. Kick off your #HASHTAG# with Disney’s Fairy Tale Weddings,… #URL# ></document>
    <document> This beagle is ready for lift off. 🚀  Watch #HASHTAG# on the Apple TV app with an Apple TV+ subscription.… #URL# ></document>
    <document> Catch us third-wheeling every single one of these couples. Stream the love this #HASHTAG# on #HASHTAG#!… #URL# ></document>
    <document> Don't know who needs to hear this, but repeat this to yourself in the mirror every morning from now on. #URL# - PrimeVideo ></document>
    <document> RT empiremagazine: This is the way. Empire’s #HASHTAG# issue tells the full story of Star Wars' new dawn – hu… #URL# ></document>
    <document> ‘How To Be Single’ reminds us that you can soul-search any time. Oh, and that you should cherish every moment your… #URL# ></document>
    <document> Growing up is its own group project. Stream the first five episodes of #HASHTAG# now on #HASHTAG#!… #URL# ></document>
    <document> The Farewell is now available on Prime Video. Lulu Wang Hive (thumbelulu) … our time is now. #URL# - PrimeVideo ></document>
    <document> This Presidential Portrait belongs: A. On our wall B. In a museum C. All of the above  #HASHTAG# is… #URL# ></document>
    <document> L A D I E S 🙌💜 Happy #HASHTAG# from some of our favorite heroes, cheetah sisters, and bad gal pals.… #URL# ></document>
    <document> They built an empire like nobody’s business.   The Apple Original film #HASHTAG# starring SamuelLJackson and Antho… #URL# ></document>
    <document> RT glaad: Our President and CEO sarahkateellis appears in #HASHTAG#, which premieres February 14, only on App… #URL# ></document>
    <document> RT Vuelio: Tuck in to our #HASHTAG# Blogger Spotlight with Battle Royale With Cheese’s alrightbabes and find out what m… #URL# ></document>
    <document> How many rings can you find? Use the new Snapchat Lens at Tower Bridge and the Natural History Museum to play.… #URL# ></document>
    <document> Super fast. Super fun. Ben Schwartz is Sonic The Hedgehog. #HASHTAG#, in cinemas February 14. #URL# - ParamountUK ></document>
    <document> NO. CHILL. 🚨❄🏒 #HASHTAG# is BACK as Gordon Bombay! Check out this photo from production on The Mighty Ducks, a… #URL# ></document>
    <document> RT IndieFilmHustle: WATCH: Stanley Kubrick’s Boxes Documentary #URL# #HASHTAG# #HASHTAG#… #URL# ></document>
    <document> Every truth has a consequence. TruthBeTold follows podcaster Poppy Parnell as she reopens the murder case that made… #URL# ></document>
    <document> Vibrant. Moving. Heartwarming.   Every episode of #HASHTAG# is available now on Apple TV+.… #URL# ></document>
    <document> Channel Amy March and be your own #HASHTAG# 🙌 #HASHTAG# #URL# - SonyPicturesUK ></document>
    <document> The award-winning series Outlander has been recognized for its dedication to accurately depicting costumes from the… #URL# ></document>
    <document> RT mythic_quest: AWasteOfAtoms Dear AWasteOfAtoms,  I’m going on vacation Yes, I must go away I know you need me he… #URL# ></document>
    <document> From the iconic director, Clint Eastwood comes the breath-taking story of #HASHTAG#, in cinemas now.… #URL# ></document>
    <document> We were going to turn all of our tweets into puns, but then thought it might be a little… greedy. #HASHTAG#… #URL# ></document>
    <document> RT brwc: The Misogynists: Review  #URL# #URL# - FilmDebate ></document>
    <document> Date movie? Harley’s got you sorted 💖 #HASHTAG# in cinemas now #URL# #URL# - WarnerBrosUK ></document>
    <document> An all-new episode premieres tomorrow! - disneyplus ></document>
    <document> RT sleepi_art: After watching the #HASHTAG#, I can officially confirm that this is truly the greatest video game… #URL# ></document>
    <document> Calling all aspiring DJs (but really, everyone)! 🎶🥁Click the link to create and share your own remix inspired by… #URL# ></document>
    <document> Stream hundreds of episodes of A&amp;E crime series and specials – all commercial free. Crime Central is now available… #URL# ></document>
    <document> Congratulations to #HASHTAG#’s Jacqueline Durran on TheAcademy Award for Best Costume Design. #HASHTAG#… #URL# ></document>
    <document> RT IndieFilmHustle: Darren Aronofsky's Micro-Budget Short Film: Fortune Cookie #URL#… #URL# ></document>
    <document> RT IndieFilmHustle: I guess Indie Film Hustle made enough noise that Variety picked up the story. I hope it helps a… #URL# ></document>
    <document> Congratulations to #HASHTAG# for two TheAcademy awards, including Brad Pitt for Best Supporting Act… #URL# ></document>
    <document> Ready for a good time this #HASHTAG#? 💖 Grab your flock and see #HASHTAG# in cinemas today! Tickets:… #URL# ></document>
    <document> etnow joshuatbassett Olivia_Rodrigo We think we kinda... you know... ARE OBSESSED. - disneyplus ></document>
    <document> RT RedHourBen: I hope everyone checks out #HASHTAG#. kumailn and emilyvgordon and team have created some beaut… #URL# ></document>
    <document> Your familia will love our familia. 💙 Stream the first five episodes of #HASHTAG# for some good vibe… #URL# ></document>
    <document> Stream MarvelStudios’ #HASHTAG#: Endgame, The Cheetah Girls, and #HASHTAG# on #HASHTAG#! - disneyplus ></document>
    <document> RT IndieFilmHustle: How a Scriptment Can Jump Start Your Indie Film? #HASHTAG# #URL#… #URL# ></document>
    <document> Ok but which Princess Diaries movie is superior? 🤔👑 - disneyplus ></document>
    <document> #HASHTAG# is the definition of our current obsession. Stream four episodes now! #URL# - disneyplus ></document>
    <document> getyourcomicon An OUTSTANDING example, and what a rootable pair! - WarnerBrosUK ></document>
    <document> “They call themselves the Bad Batch.” The final season of StarWars: #HASHTAG# begins Feb. 21, only on… #URL# ></document>
    <document> getyourcomicon I believe the correct ship name is "Chanonica" (I say with zero authority). Joey and Rachel was VERY… #URL# ></document>
    <document> RT mythic_quest: 40ozandsober Dear 40ozandsober,  I fell in love with the way you fall asleep: at your desk, and to… #URL# ></document>
    <document> zoeclaireduh And very personal - sometimes 'big romantic gesture' can be 'big' in the emotionally moving sense. - WarnerBrosUK ></document>
    <document> Could anything be more beguiling than RebelWilson and LiamHemsworth in Isn’t It Romantic?  Watch the hilarious romc… #URL# ></document>
    <document> RT mythic_quest: If only every company had a Nebula Award-Winning writer.  Tell us the subject line of the last ema… #URL# ></document>
    <document> True crime fans, these selected podcasts, books, and shows are for you. - AppleTV ></document>
    <document> RT brwc: The Peanut Butter Falcon: The BRWC Review  #URL# #URL# - FilmDebate ></document>
    <document> Sonic The Hedgehog is in cinemas now! Book your tickets ⚡ #HASHTAG# #URL# - ParamountUK ></document>
    <document> Don't miss Sonic at the top of his game! #HASHTAG# speeds into cinemas tomorrow. #URL# - ParamountUK ></document>
    <document> RT brwc: Joker Takes Number 1: Official Film Chart  #URL#  x #URL# - FilmDebate ></document>
    <document> Can we just take a MOMENT to appreciate and stan?! 🥰❤️😍 Ok maybe more than a moment… #HASHTAG# #HASHTAG#… #URL# ></document>
    <document> “Maybe. A. Hyena?” 🤔  Watch Margot Robbie and the cast of #HASHTAG# play the 3 Answers Game. Don’t miss it in ci… #URL# ></document>
    <document> What does a water horse look like underwater? 🤔 Art Director of Characters, Bill Schwab, takes us through the chall… #URL# ></document>
    <document> RT BuzzFeed: "I'm not one to look back, but this has made me do so.. all the wonderful people I've met along the wa… #URL# ></document>
    <document> RT mattreevesLA: #HASHTAG# #HASHTAG# #URL# - WarnerBrosUK ></document>
    <document> And that's a wrap! Thanks for chatting in this week's #HASHTAG# - until next time 👋 - WarnerBrosUK ></document>
    <document> BIG NEWS: We've partnered with Wonderland Restaurants Ltd. to bring a DC themed restaurant to London. From spring y… #URL# ></document>
    <document> RT rejectedjokes: Our movie is coming out in less than 24 hours!!!!! #URL# - ParamountUK ></document>
    <document> RT FredaTalkingPix: Check out my super Sonic chat on zavvi with rejectedjokes, the voice of the blue hedgehog in So… #URL# ></document>
    <document> RT wcruz73: Who’s ready for the premiere, this Friday, our Valentine to everyone who used TV as an agent of change… #URL# ></document>
    <document> RT brwc: Addicted To You: Mike Cochnar Interview  #URL#  x #URL# - FilmDebate ></document>
  
</author>
<document> RT natasharothwell: What a magical night! I'm a lucky duck to be a part of such a special and sweet movie! Please go to s… #URL# ></document>
    <document> RT TheCloneWars: In one week, the latest season of StarWars starts streaming: #HASHTAG#, only on #HASHTAG#.… #URL# ></document>
    <document> A dark crime casts a shadow over an entire community in this investigation of two young women who have never been able to... #URL# ></document>
    <document> RT TheAcademy: #HASHTAG# Moment: Brad Pitt wins Best Supporting Actor for OnceInHollywood #URL# - SonyPicturesUK </document>
    <document> RT mythic_quest: TwitterTV Dearest TwitterTV, this just arrived: update! Me, you, a bowl of popcorn or two It's not there or... #URL# ></document>
    <document> RT alisonwillmore: 🚨🚨🚨 THE FAREWELL is now streaming on Amazon Prime 🚨🚨🚨#URL# #URL# - PrimeVideo </document>
    <document> RT brwc: Final Girls Berlin was fun! #URL# #URL# - Cinema debate </document>
    <document> AmazonStudios Yes, this makes sense to you. - Prime Video </document>
    <document> Become a #HASHTAG# with MyFavMurder, a crime comedy podcast hosted by GHardstark and KarenKilgariff, available… #URL# ></document>
    <document> We conclude this #HASHTAG# with The Great Romantic Gesture. Seth declares his love for summer in #HASHTAG#, Leona… #URL# ></document>
    <document> RT IndieFilmHustle: Do you want to learn how to direct a film &amp; actually make money with it? Check out Create Your Own Movie Bo... #URL# ></document>
    <document> RT mythic_quest: Zakvlogz Dear Zakvlogz, hello from me! Here's a love message from me to you, just a friendly reminder... #URL# ></document>
    <document> Love is in the air... it must be Valentine's Day 💝 We're celebrating with love on the big screen - what a love story... #URL# ></document>
    <document> Visible: Out On Television dives into LGBTQ+ representation on screen. iamwandasykes, wcruz73 and RyanWhiteIV talk... #URL# ></document>
    <document> See the evolution of LGBTQ+ representation on TV, both past and present. Here comes the docu-series #HASHTAG# Fe… #URL# ></document>
    <document> #HASHTAG# checks all the boxes: heart, humor and a little drama. ☑️☑️☑️ Stream the original series... #URL# </document>
    <document> RT IndieFilmHustle: #HASHTAG# Breakdown: At the corner between ego and desire #HASHTAG# #URL#… #URL# </document>
    <document> RT mythic_quest: Roses are red Sonic is blue C.W. Longbottom has a #HASHTAG# surprise for you... - AppleTV </document>
    <document> RT IndieFilmHustle: How to make a low budget feature film like - #HASHTAG# #URL#… #URL# ></document>
    <document> A healthy ice cream for your Sunday. #HASHTAG# #URL# - disneyplus></document>
    <document> getyourcomicon So emotionally tumultuous for us, but so rewarding in the end! -WarnerBrosUK</document>
    <document> RT mythic_quest: spdustin My dear spdustin, will you be my Valentine? You can lighten your GIF for me, and I will lighten... #URL# ></document>
    <document> More or lesseach episode gives us the sensations. 💙 Spend some time with the Cañero-Reeds and stream... #URL# ></document>
    <document> RT brwc: Emma. – The BRWC Review #URL# #URL# - FilmDebate></document>
    <document> RT Stargirl: One. Month. Stream #HASHTAG# on #HASHTAG# March 13th. #URL# - disneyplus></document>
    <document> RT DisneyMusic: The acoustic video of 𝒾 𝓉𝒽𝒾𝓃𝓀 𝒾 𝓀𝒾𝓃𝒹𝒶 𝓎𝑜𝓊 𝓀𝓃𝑜𝓌, performed by Olivia_Rodrigo x joshuatbassett, from… #URL# ></document>
    <document> zoeclaireduh Very clever! How could I forget Anna? 🤦‍♂️ - WarnerBrosUK </document>
    <document> Jokes rejected by RT: 10 out of 10 would recommend meeting your comic heroes Part 1. #URL# - ParamountUK </document>
    <document> RT TheAcademy: #HASHTAG# Moment: Jacqueline Durran wins Best Costumes for LittleWomen. #URL# - SonyPicturesIT </document>
    <document> Roses are red, Sonic is blue, the earth needs a hero, a hedgehog will do! ⚡ #HASHTAG#, in theaters February 14… #URL# </document>
    <document> Watch the award-winning film that everyone is talking about. #HASHTAG# – available now on 4K Ultra HD &amp; Blu-ray.… #URL# ></document>
    <document> Mind over chaos. #HASHTAG# NOW SHOWING - see all the action in theaters only! #URL#… #URL# ></document>
    <document> WAKANDA. FOREVER. Happy Anniversary to Marvel Studios' #HASHTAG#, coming to #HASHTAG# on March 4th. #URL# - disneyplus></document>
    <document> Tiffany Haddish and Rose Byrne are ready to show the world who's boss 💅 Watch them in all-new comedy #HASHTAG#… #URL# ></document>
    <document> Follow-up QQ: What is your ~dream date~ appointment? - disney plus </document>
    <document> We have found our soulmate and her name is Friday. Kick off your #HASHTAG# with Disney's Fairytale Weddings,… #URL# ></document>
    <document> This beagle is ready for take off. 🚀 Watch #HASHTAG# on the Apple TV app with an Apple TV+ subscription.… #URL# ></document>
    <document> Take each of these pairs as a third wheel. Send the love with this #HASHTAG# on #HASHTAG#!... #URL# ></document>
    <document> I don't know who needs to hear this, but from now on repeat it to yourself in the mirror every morning. #URL# - PrimeVideo </document>
    <document> RT empiremagazine: This is the way. The #HASHTAG# issue of Empire tells the full story of the new dawn of Star Wars – huh... #URL# ></document>
    <document> "How To Be Single" reminds us that you can soul search at any time. Oh, and that you should appreciate every moment of your... #URL# ></document>
    <document> Growing up is your own group project. Stream the first five episodes of #HASHTAG# now on #HASHTAG#!... #URL# </document>
    <document> The Farewell is now available on Prime Video. Lulu Wang Hive (thumbelulu) … our moment is now. #URL# - PrimeVideo </document>
    <document> This presidential portrait belongs to: A. On our wall B. In a museum C. All of the above #HASHTAG# is… #URL# ></document>
    <document> L A D I E S 🙌💜 Happy #HASHTAG# from some of our favorite heroes cheetah sisters,and bad friends.… #URL# ></document>
    <document> They built an empire like nobody's business. The Apple Original Movie #HASHTAG# starring Samuel LJackson and Antho… #URL# ></document>
    <document> RT glaad: Our President and CEO sarahkateellis appears in #HASHTAG#, which will premiere on February 14th, on the App only... #URL# ></document>
    <document> RT Vuelio: Follow our #HASHTAG# Blogger Spotlight with Battle Royale With Cheese's alrightbabes and find out what m... #URL# ></document>
    <document> How many rings can you find? Use the new Snapchat Lens at Tower Bridge and the Natural History Museum to play.… #URL# ></document>
    <document> Super fast. Super fun. Ben Schwartz is Sonic the Hedgehog. #HASHTAG#, in theaters February 14. #URL# - Paramount UK </document>
    <document> NO. COLD. 🚨❄🏒 #HASHTAG# is BACK as Gordon Bombay! Check out this production photo of The Mighty Ducks, a... #URL# ></document>
    <document> RT IndieFilmHustle: WATCH: Stanley Kubrick's Box Documentary #URL# #HASHTAG# #HASHTAG#… #URL# ></document>
    <document> Every truth has a consequence. TruthBeTold follows podcaster Poppy Parnell as she reopens the murder case that made... #URL# ></document>
    <document> Vibrant. In movement. Moving. All episodes of #HASHTAG# are now available on Apple TV+.… #URL# ></document>
    <document> Channel Amy March and become your #HASHTAG# 🙌 #HASHTAG# #URL# - SonyPicturesIT </document>
    <document> The award-winning Outlander series was recognized for its dedication to accurately portraying the mores of the... #URL# ></document>
    <document> RT mythic_quest: AWasteOfAtoms Dear AWasteOfAtoms, I'm going on vacation Yes, I have to go away I know you need me him… #URL# ></document>
    <document> From iconic director Clint Eastwood comes the breathtaking story of #HASHTAG#, now in theaters.… #URL# ></document>
    <document> We were about to turn all of our tweets into puns, but then we thought he might be a bit... greedy. #HASHTAG#… #URL# ></document>
    <document> RT brwc: The misogynists: review #URL# #URL# - FilmDebate </document>
    <document> Movie date? Harley fixed you 💖 #HASHTAG# in cinemas now #URL# #URL# - WarnerBrosUK </document>
    <document> A brand new episode debuts tomorrow! - disney plus </document>
    <document> RT sleepi_art: After seeing the #HASHTAG#, I can officially confirm that this is indeed the best game... #URL# </document>
    <document> Calling all aspiring DJs (really, everyone)! 🎶🥁Click the link to create and share your own remix inspired by… #URL# ></document>
    <document> Stream hundreds of episodes of A&amp;E crime dramas and specials, all commercial-free. Crime Central is now available... #URL# </document>
    <document> Congratulations to #HASHTAG#'s Jacqueline Durran for the Academy Award for Best Costume Design. #HASHTAG#… #URL# ></document>
    <document> RT IndieFilmHustle: Darren Aronofsky's Micro-Budget Short Film: Fortune Cookie #URL#… #URL# ></docuchin>
    <document> RT IndieFilmHustle: I guess Indie Film Hustle made enough noise that Variety picked up the story. Hope it helps... #URL# </document>
    <document> Congratulations to #HASHTAG# on two TheAcademy awards, including Brad Pitt for Best Supporting Actor... #URL# ></document>
    <document> Ready to enjoy this #HASHTAG#? 💖 Grab your flock and watch #HASHTAG# in theaters today! Ticket:… #URL# </document>
    <document> etnow joshuatbassett Olivia_Rodrigo We think we… you know… WE ARE OBSESSED. - disney plus </document>
    <document> RT RedHourBen: I hope everyone checks #HASHTAG#. kumailn and emilyvgordon and team have created some beauties... #URL# ></document>
    <document> Your family will love our family. 💙 Stream the first five episodes of #HASHTAG# for a good vibe... #URL# </document>
    <document> Stream #HASHTAG# by MarvelStudios: Endgame, The Cheetah Girls and #HASHTAG# on #HASHTAG#! - disney plus </document>
    <document> RT IndieFilmHustle: How a script can kickstart your indie film? #HASHTAG# #URL#… #URL# ></document>
    <document> Ok, but which Princess Diaries movie is better? 🤔👑 - disneyplus ></document>
    <document> #HASHTAG# is the definition of our current obsession. Stream four episodes now! #URL# - disneyplus></document>
    <document> getyourcomicon A GREAT example, and what a rootable pair! -WarnerBrosUK</document>
    <document> "They call themselves Bad Batch." The latest season of StarWars: #HASHTAG# begins February 21, only at... #URL# ></document>
    <document> getyourcomicon I believe the ship's correct name is "Chanonica" (I say this without authority). Joey and Rachel were VERY... #URL# ></document>
    <document> RT mythic_quest: 40ozandsober Dear 40ozandsober, I fell in love with the way you fall asleep: at your desk and at... #URL# ></document>
    <document> zoeclaireduh And very personal - sometimes 'grand romantic gesture' can be 'grand' in the emotionally moving sense. -WarnerBrosUK</document>
    <document> Could there be anything more seductive than RebelWilson and LiamHemsworth in Is't It Romantic? Check out the hilarious rom… #URL#></document>
    <document> RT mythic_quest: If only every company had a Nebula award-winning writer. Tell us about the subject of the latest ema... #URL# ></document>
    <document> True crime fans, these hand-picked podcasts, books, and shows are for you. - Apple TV </document>
    <document> RT brwc: The Peanut Butter Falcon: The BRWC Review #URL# #URL# - FilmDebate </document>
    <document> Sonic The Hedgehog is now in theaters! Book your tickets ⚡ #HASHTAG# #URL# - ParamountUK </document>
    <document> Don't miss Sonic at the top! #HASHTAG# hits theaters tomorrow. #URL# - ParamountUK </document>
    <document> RT brwc: Joker Takes Number 1: Official Movie Ranking #URL# x #URL# - FilmDebate </document>
    <document> Can we just take a MOMENT to appreciate and appreciate?! 🥰❤️😍 Ok maybe more than a moment… #HASHTAG# #HASHTAG#… #URL# ></document>
    <document> “Maybe. A. Hyena? 🤔 Watch Margot Robbie and the cast of #HASHTAG# play the 3 answer game. Don't miss out on that… #URL# ></document>
    <document> What does a water horse look like underwater? 🤔 Character Art Director Bill Schwab walks us through the challenge... #URL# </document>
    <document> RT BuzzFeed: "I'm not one to look back, but this made me do this.. all the wonderful people I've met along the way... #URL# ></document>
    <document> RT mattreevesLA: #HASHTAG# #HASHTAG# #URL# - WarnerBrosUK </document>
    <document> And that's it! Thanks for chatting in this week's #HASHTAG# - until next time 👋 - WarnerBrosUK </document>
    <document> GREAT NEWS: We have partnered with Wonderland Restaurants Ltd. to bring a DC themed restaurant to London. From spring y… #URL# </document>
    <document> RT rejected jokes: Our movie will be out in less than 24 hours!!!!! #URL# - ParamountUK </document>
    <document> RT FredaTalkingPix: Check out my Super Sonic zavvi chat with rejected lines, blue hedgehog voice in So... #URL# ></document>
    <document> RT wcruz73: Who's ready for the premiere, this Friday, our Valentine's Day for everyone who has used TV as an agent of change... #URL# ></document>
    <document> RT brwc: Addicted To You: Interview with Mike Cochnar #URL# x #URL# - FilmDebate </document>
  
</author><Document> RT Natasharothwell: What a magical night! I'm a lucky duck to be a part of such a special, sweet movie! Please go to … #URL# ></document>
    <Document> RT TheCloneWars: Start streaming the final season of StarWars in a week: #HASHTAG#, only on #HASHTAG#.… #URL# ></document>
    <Document> A dark crime casts a shadow over an entire community in this investigation of two young women who never made it to... #URL# ></document>
    <document> RT TheAcademy: #HASHTAG# Hang in there: Brad Pitt wins best supporting actor for OnceInHollywood #URL# - SonyPicturesUK ></document>
    <document> RT mythic_quest: TwitterTV Dearest TwitterTV, this just arrived: update! Me, you, a bowl of popcorn or two There's no o... #URL# ></document>
    <document> RT alisonwillmore: 🚨🚨🚨 THE FAREWELL is now streaming on Amazon Prime 🚨🚨🚨#URL# #URL# - PrimeVideo ></document>
    <document> RT brwc: Final Girls Berlin was fun! #URL# #URL# - FilmDebate ></document>
    <document> AmazonStudios Yes, that makes sense to you. - PrimeVideo ></document>
    <Document> Become a #HASHTAG# with MyFavMurder, a true crime comedy podcast hosted by GHardstark and KarenKilgariff, available… #URL# ></document>
    <document> Let's wrap up this #HASHTAG# with The Grand Romantic Gesture. Seth declares his love for Summer in #HASHTAG#, Leona… #URL# ></document>
    <Document> RT IndieFilmHustle: Want to learn how to make a film &amp; actually make money with it? Check out the Make Your Movie book… #URL# ></document>
    <document> RT mythic_quest: Zakvlogz Dear Zakvlogz, Hello from me! Here is a declaration of love from me to you, Just a friendly note... #URL# ></document>
    <document> Love is in the air... it must be Valentine's Day 💝 Celebrating with love on the big screen - what a love story... #URL# ></document>
    <Document> Visible: Out On Television dives into the LGBTQ+ representation on screen. iamwandasykes, wcruz73 and RyanWhiteIV speak... #URL# ></document>
    <Document> Look at the evolution of LGBTQ+ representation on television, both past and present. The #HASHTAG# documentary series will be released Fe… #URL# ></document>
    <document> #HASHTAG# ticks all the boxes: heart, humor and a little drama. ☑️☑️☑️ Stream the Original Series… #URL# ></document>
    <Document> RT IndieFilmHustle: #HASHTAG# Breakdown: At the Corner of Ego and Desire #HASHTAG# #URL#… #URL# ></document>
    <document> RT mythic_quest: Roses are Red Sonic is Blue C.W. Longbottom has a #HASHTAG# surprise for you... - AppleTV ></document>
    <Document> RT IndieFilmHustle: How to Make a Microbudget Feature Film - #HASHTAG# #URL#… #URL# ></document>
    <document> A healthy sundae for your Sunday. #HASHTAG# #URL# - disneyplus ></document>
    <document> getyourcomicon So emotionally turbulent for us, but so rewarding in the end! - Warner Bros UK ></document>
    <document> RT mythic_quest: spdustin My dear spdustin, will you be my valentine? You can give me your GIF and I will give... #URL# ></document>
    <document> Pretty muchevery episode makes us feel. 💙 Spend some time with the Cañero-Reeds and stream… #URL# ></document>
    <Document> RT brwc: Emma. – The BRWC review #URL# #URL# - FilmDebate ></document>
    <Document> RT Stargirl: One. Month. Stream #HASHTAG# on #HASHTAG# on March 13th. #URL# - disneyplus ></document>
    <Document> RT DisneyMusic: The Acoustic Video for 𝒾 𝓉𝒽𝒾𝓃𝓀 𝒾 𝓀𝒾𝓃𝒹𝒶 𝓎𝑜𝓊 𝓀𝓃𝑜𝓌, performed by Olivia_Rodrigo x joshuatbassett, by… #URL# .></
    <document> zoeclaireduh Very smart! How could I forget Anna? 🤦‍♂️ - WarnerBrosUK ></document>
    <Document> RT turned down jokes: 10 out of 10 would recommend Meeting Your Comedy Heroes, Part 1. #URL# - ParamountUK ></document>
    <Document> RT TheAcademy: #HASHTAG# Wait a minute: Jacqueline Durran wins Best Costume Design for LittleWomen. #URL# - SonyPicturesDE ></document>
    <Document> Roses are red, Sonic is blue, the earth needs a hero, a hedgehog is enough! ⚡ #HASHTAG#, in cinemas February 14th.… #URL# ></document>
    <Document> Watch the award-winning film everyone is talking about. #HASHTAG# - now available on 4K Ultra HD &amp; Blu-ray.… #URL# ></document>
    <document> Take care of chaos. #HASHTAG# IS SHOWING NOW - see all the action only in cinemas! #URL#… #URL# ></document>
    <document> WAKANDA. FOREVER. Happy Anniversary to MarvelStudios' #HASHTAG#, coming to #HASHTAG# on March 4th. #URL# - disneyplus ></document>
    <document> Tiffany Haddish and Rose Byrne are ready to show the world who's boss 💅 See them in brand new comedy #HASHTAG#… #URL# ></document>
    <document> Follow-up QQ: What is your ~dream date~? - disney plus ></document>
    <Document> We have found our soul mate and his name is Friday. Start your #HASHTAG# with Disney's fairytale weddings,… #URL# ></document>
    <document> This beagle is ready for take off. 🚀 Watch #HASHTAG# on the Apple TV app with an Apple TV+ subscription.… #URL# ></document>
    <document> Catch us third wheel each and every one of these couples. Stream the love of this #HASHTAG# on #HASHTAG#!… #URL# ></document>
    <Document> I don't know who needs to hear this, but repeat this in front of the mirror every morning from now on. #URL# - PrimeVideo ></document>
    <Document> RT empiremagazine: This is the way. The #HASHTAG# issue of Empire tells the full story of the new dawn of Star Wars – huh… #URL# ></document>
    <document> How To Be Single reminds us that you can always search for your soul. Oh, and that you should cherish every moment of your… #URL# ></document>
    <Document> Growing up is a separate group project. Stream the first five episodes of #HASHTAG# now on #HASHTAG#!… #URL# ></document>
    <Document> Farewell is now available on Prime Video. Lulu Wang Hive (thumbelulu)...our time is now. #URL# - PrimeVideo ></document>
    <Document> This presidential portrait belongs: A. On our wall B. In a museum C. All of the above #HASHTAG# are... #URL# ></document>
    <document> L A D I E S 🙌💜 Happy #HASHTAG# from some of our favorite heroes, cheetah sisters,and bad girlfriends.… #URL# ></document>
    <document> They've built an empire that's nobody's business. The Apple Original Movie #HASHTAG# starring SamuelLJackson and Antho… #URL# ></document>
    <document> RT glaad: Our President and CEO Sarahkateellis appears in #HASHTAG# premiering February 14th, on app only… #URL# ></document>
    <document> RT Vuelio: Check out our #HASHTAG# Blogger Spotlight featuring Battle Royale With Cheese's alrightbabes and find out what m… #URL# ></document>
    <Document> How many rings can you find? Use the new Snapchat lens at Tower Bridge and the Natural History Museum to play.… #URL# ></document>
    <Document> Super fast. great fun Ben Schwartz is Sonic the Hedgehog. #HASHTAG#, in cinemas February 14. #URL# - ParamountUK ></document>
    <document> NO. COOL. 🚨❄🏒 #HASHTAG# is BACK as Gordon Bombay! Check out this photo from the production of The Mighty Ducks, a... #URL# ></document>
    <Document> RT IndieFilmHustle: WATCH: Stanley Kubrick’s Boxes Documentary #URL# #HASHTAG# #HASHTAG#… #URL# ></document>
    <document> Every truth has a consequence. TruthBeTold joins podcaster Poppy Parnell as she reopens the murder investigation that resulted in... #URL# ></document>
    <Document> Animated. Moving. Heartwarming. Every episode of #HASHTAG# is now available on Apple TV+.… #URL# ></document>
    <document> Channel Amy March and be your own #HASHTAG# 🙌 #HASHTAG# #URL# - SonyPicturesUK ></document>
    <document> The award-winning Outlander series was recognized for its commitment to accurately portraying costumes from the… #URL# ></document>
    <document> RT mythic_quest: AWasteOfAtoms Dear AWasteOfAtoms, I'm going on vacation. Yes, I have to go. I know you need me, he... #URL# ></document>
    <document> From legendary director Clint Eastwood comes the breathtaking story of #HASHTAG#, in theaters now.… #URL# ></document>
    <document> We wanted to turn all of our tweets into puns, but then thought it might be a little... greedy. #HASHTAG#… #URL# ></document>
    <Document> RT brwc: The Misogynists: Review #URL# #URL# - FilmDebate ></document>
    <Document> Date Movie? Harley got you sorted 💖 #HASHTAG# now in cinemas #URL# #URL# - WarnerBrosUK ></document>
    <document> A brand new episode starts tomorrow! - disney plus ></document>
    <document> RT sleepi_art: After looking at the #HASHTAG#, I can officially confirm that this really is the best video game... #URL# ></document>
    <document> Calling all aspiring DJs (but really everyone)! 🎶🥁Click the link to create and share your own remix inspired by... #URL# ></document>
    <document> Stream hundreds of episodes of A&amp;E crime series and specials - all ad-free. Crime Central is now available… #URL# ></document>
    <document> Congratulations to Jacqueline Durran of #HASHTAG# for winning TheAcademy Award for Best Costume Design. #HASHTAG#… #URL# ></document>
    <Document> RT IndieFilmHustle: Darren Aronofsky's Micro-Budget Short Film: Fortune Cookie #URL#… #URL# ></document>
    <Document> RT IndieFilmHustle: I think Indie Film Hustle made enough noise that Variety picked up the story. I hope it helps a… #URL# ></document>
    <document> Congratulations to #HASHTAG# for two TheAcademy awards including Brad Pitt for Best Supporting Actor... #URL# ></document>
    <document> Ready for a good time this #HASHTAG#? 💖 Grab your flock and watch #HASHTAG# in cinemas today! Tickets:… #URL# ></document>
    <document> etnow joshuatbassett Olivia_Rodrigo We think that somehow we... you know... ARE POSSESSED. - disney plus ></document>
    <Document> RT RedHourBen: I hope everyone is checking out #HASHTAG#. kumailn and emilyvgordon and their team have created some nice... #URL# ></document>
    <Document> Your family will love our family. 💙 Stream the first five episodes of #HASHTAG# for good vibes… #URL# ></document>
    <Document> Stream #HASHTAG#: Endgame, The Cheetah Girls and #HASHTAG# from MarvelStudios on #HASHTAG#! - disney plus ></document>
    <document> RT IndieFilmHustle: How can a script jumpstart your indie film? #HASHTAG# #URL#… #URL# ></document>
    <document> Ok, but which Princess Diaries movie is better? 🤔👑 - disney plus ></document>
    <Document> #HASHTAG# is the definition of our current obsession. Stream four episodes now! #URL# - disneyplus ></document>
    <document> getyourcomicon An EXCELLENT example and what a rootable pair! - Warner Bros UK ></document>
    <Document> "They call themselves the Bad Batch." The final season of StarWars: #HASHTAG# begins February 21, only on... #URL# ></document>
    <document> getyourcomicon I believe the correct ship name is "Chanonica" (I say without authority). Joey and Rachel were VERY... #URL# ></document>
    <document> RT mythic_quest: 40ozandsober Dear 40ozandsober, I fell in love with the way you fall asleep: at your desk and on… #URL# ></document>
    <document> zoeclaireduh And very personal - sometimes "big romantic gesture" can be "big" in an emotionally moving sense. - Warner Bros UK ></document>
    <document> Could there be anything more alluring than RebelWilson and LiamHemsworth in Isn't It Romantic? Check out the hilarious romc… #URL# ></document>
    <document> RT mythic_quest: If only every company had a Nebula Award-winning author. Tell us the subject line of the last email… #URL# ></document>
    <Document> True crime buffs, these handpicked podcasts, books, and shows are for you. - Apple TV ></document>
    <Document> RT brwc: The Peanut Butter Falcon: The BRWC Review #URL# #URL# - FilmDebate ></document>
    <Document> Sonic The Hedgehog is in theaters now! Book your tickets ⚡ #HASHTAG# #URL# - ParamountUK ></document>
    <Document> Don't miss Sonic at the top of his game! #HASHTAG# is racing into cinemas tomorrow. #URL# - ParamountUK ></document>
    <Document> RT brwc: Joker #1: Official Film Charts #URL# x #URL# - FilmDebate ></document>
    <document> Can we take a MOMENT to appreciate and stand by?! 🥰❤️😍 Okay, maybe for more than a moment… #HASHTAG# #HASHTAG#… #URL# ></document>
    <Document> "Maybe. A. Hyena?” 🤔 Watch Margot Robbie and the cast of #HASHTAG# play the 3-answer game. Don't miss it in ci… #URL# ></document>
    <document> What does a water horse look like underwater? 🤔 Art Director of Characters, Bill Schwab, guides us through the challenge... #URL# ></document>
    <document> RT BuzzFeed: "I'm not one to look back, but this has made me want to thank all the wonderful people I've met along the way... #URL# ></document>
    <Document> RT mattreevesLA: #HASHTAG# #HASHTAG# #URL# - WarnerBrosUK ></document>
    <document> And that's a wrap! Thanks for chatting in this week's #HASHTAG# - until next time 👋 - WarnerBrosUK ></document>
    <Document> BIG NEWS: We have teamed up with Wonderland Restaurants Ltd. teamed up to bring a DC themed restaurant to London. From spring… #URL# ></document>
    <Document> RT rejected jokes: Our film is coming out in less than 24 hours!!!!! #URL# - ParamountUK ></document>
    <Document> RT FredaTalkingPix: Check out my super sonic chat on Zavvi with jokes rejected, the voice of the blue hedgehog in So… #URL# ></Document>
    <document> RT wcruz73: Who's ready for the premiere, this Friday, our valentines to all who have used television as a vehicle for change... #URL# ></document>
    <Document> RT brwc: Addicted to You: Interview with Mike Cochnar #URL# x #URL# - FilmDebate ></Document>
  
</author><document> RT natasharothwell: What a magical night! I'm a lucky duck to be a part of such a special, sweet movie! Please go to… #URL# ></document>
    <document> RT TheCloneWars: Start streaming the final season of StarWars in a week: #HASHTAG# on #HASHTAG# only.… #URL# ></document>
    <document> The shadow of a dark crime casts a shadow over the entire community in this investigation of two young women who never made it... #URL# ></document>
    <document> RT TheAcademy: #HASHTAG# An: Brad Pitt Wins Best Supporting Actor for OnceInHollywood #URL# - SonyPicturesUK ></document>
    <document> RT mythic_quest: TwitterTV Dear TwitterTV, On Air: Update! Me, you, a bowl or two of popcorn Nothing… #URL# ></document>
    <document> RT alisonwillmore: 🚨🚨🚨 THE FAREWELL is now available on Amazon Prime 🚨🚨🚨#URL# #URL# - PrimeVideo ></document>
    <document> RT brwc: Final Girls Berlin was fun! #URL# #URL# - MovieTalk ></document>
    <document> AmazonStudios Yes, that makes sense to you. - PrimeVideo ></ document>
    <document> Be #HASHTAG# with MyFavMurder, a true crime comedy podcast by GHardstark and KarenKilgariff, available… #URL# ></document>
    <document> Let's wrap this #HASHTAG# with Big Romantic Gesture. Seth declares his love for Summer with #HASHTAG#, Leona… #URL# ></document>
    <document> RT IndieFilmHustle: Learning to direct a movie &amp; actually make money with it? Check out Make Your Movie Bo… #URL# ></document>
    <document> RT mythic_quest: Zakvlogz Dear Zakvlogz, Hello from myself! Here's a love note from me to you, Just a friendly memory… #URL# ></document>
    <document> Love is in the air… It must be Valentine's Day 💝 We're celebrating love on the big screen - what a love story… #URL# ></document>
    <document> Visible: Out On Television dives into LGBTQ+ representation on screen. Speech by iamwandasykes, wcruz73 and RyanWhiteIV… #URL# ></document>
    <document> See the evolution of LGBTQ+ representation on TV, both past and present. #HASHTAG# document series on Fe… #URL# ></document>
    <document> #HASHTAG# ticks all the boxes: heart, humor and some drama. ☑️☑️☑️ Publish Original Series… #URL# ></ document>
    <document> RT IndieFilmHustle: #HASHTAG# Breakdown: At the Corner of Ego and Desire #HASHTAG# #URL#… #URL# ></document>
    <document> RT mythic_quest: Roses are red Sonic is blue C.W. Longbottom has a #HASHTAG# surprise for you... - AppleTV ></document>
    <document> RT IndieFilmHustle: How to Shoot a Micro-Budget Feature Film - #HASHTAG# #URL#… #URL# ></document>
    <document> A healthy ice cream for your Sunday. #HASHTAG# #URL# - disneyplus ></document>
    <document> getyourcomicon It's very emotionally turbulent for us but very rewarding in the end! - WarnerBrosUK ></ document>
    <document> RT mythic_quest: spdustin Dear spdustin, will you be my girlfriend? You can loosen up your GIF for me and I'll... #URL# ></document>
    <document> Almostevery episode gives us that feeling. 💙 Spend some time with Cañero-Reeds and broadcast… #URL# ></document>
    <document> RT brwc: Emma. – BRWC Review #URL# #URL# - MovieDiscussion ></document>
    <document> RT Stargirl: One. Moon. Broadcast #HASHTAG# on #HASHTAG# on March 13. #URL# - disneyplus ></document>
    <document> RT DisneyMusic: Acoustic video for 𝒾 𝓉𝒽𝒾𝓃𝓀 𝒾 𝓀𝒾𝓃𝒹𝒶 𝓎𝑜𝓊 𝓀𝓃𝑜𝓌, performed by Olivia_Rodrigo x joshuatbassett,… #URL# ></document>
    <document> zoeclaireduh Very clever! How could I forget Anna? 🤦‍♂️ - WarnerBrosUK ></ document>
    <document> RT rejected jokes: 10 out of 10 recommend meeting your comedy heroes Part 1. #URL# - ParamountUK ></document>
    <document> RT TheAcademy: #HASHTAG# An: Jacqueline Durran wins Best Costume Design for LittleWomen. #URL# - SonyPicturesUK ></document>
    <document> Roses are red, Sonic is blue, the world needs a hero, and so will a hedgehog! ⚡ #HASHTAG# hits theaters on February 14.… #URL# ></document>
    <document> Watch the award-winning movie everyone's talking about. #HASHTAG# – currently 4K Ultra HD &amp; Blu-ray.… #URL# ></document>
    <document> Ignore the commotion. #HASHTAG# SHOOTING NOW - see all the action in theaters only! #URL#… #URL# ></document>
    <document> WAKANDA. FOREVER. Happy anniversary to MarvelStudios #HASHTAG#, which will air on #HASHTAG# on March 4th. #URL# - disneyplus ></document>
    <document> Tiffany Haddish and Rose Byrne are ready to show the world who's boss 💅 See them in the brand new comedy #HASHTAG#… #URL# ></document>
    <document> Follow-up SQ: What is your ~dream~ date? - disneyplus ></ document>
    <document> We found our soul mate and her name is Friday. Start your #HASHTAG# with Disney's Fairy Tale Weddings,… #URL# ></document>
    <document> This retriever is ready to take off. 🚀 Watch #HASHTAG# in the Apple TV app with an Apple TV+ subscription.… #URL# ></ document>
    <document> Catch us pulling the third wheel in each of these pairs. Spread this #HASHTAG# love on #HASHTAG#!… #URL# ></document>
    <document> I don't know who should hear this, but repeat it to yourself in the mirror every morning from now on. #URL# - PrimeVideo ></ document>
    <document> RT Empiremagazine: That's the way. The #HASHTAG# issue of Empire tells the whole story of the new dawn of Star Wars - hu… #URL# ></document>
    <document> "How to Be Single" reminds us that you can search your soul anytime. Oh, and you should cherish every moment... #URL# ></document>
    <document> Growing up is its own group project. Publish the first five episodes of #HASHTAG# on #HASHTAG# now!… #URL# ></document>
    <document> Goodbye is now available on Prime Video. Lulu Wang Hive (thumbelulu) … now is our time. #URL# - PrimeVideo ></ document>
    <document> This Presidential Portrait is owned by: A. On our wall B. To a museum C. All of the above #HASHTAG#… #URL# ></document>
    <document> L A D I E S 🙌💜 Happy from some of our favorite heroes #HASHTAG#, cheetah sisters,and bad girlfriends… #URL# ></document>
    <document> They built an empire that is nobody's business. Apple Original movie starring SamuelLJackson and Antho #HASHTAG#… #URL# ></document>
    <document> Welcomed RT: Our President and CEO sarahkateellis is featured in the App only at #HASHTAG#, which will premiere on February 14... #URL# ></document>
    <document> RT Vuelio: Battle Royale With Cheese's alrightbabes #HASHTAG# Enter our Blogger Spotlight and find out what it is… #URL# ></document>
    <document> How many ringtones can you find? Use the new Snapchat Lens at Tower Bridge and the Natural History Museum to play.… #URL# ></document>
    <document> Super fast. It's so fun. Ben Schwartz plays Sonic The Hedgehog. #HASHTAG# hits theaters on February 14. #URL# - ParamountUK ></document>
    <document> NO. BE CALM. 🚨❄🏒 #HASHTAG# IS BACK as Gordon Bombay! Check out this photo from the production of The Mighty Ducks, a… #URL# ></document>
    <document> RT IndieFilmHustle: WATCH: Stanley Kubrick's Boxes Documentary #URL# #HASHTAG# #HASHTAG#… #URL# ></document>
    <document> Every truth has a consequence. As TruthBeTold reopens a murder case following podcast host Poppy Parnell... #URL# ></document>
    <document> Live. Energetic. Heartwarming. Every episode of #HASHTAG# is now on Apple TV+.… #URL# ></document>
    <document> Channel Amy March and make your own #HASHTAG# 🙌 #HASHTAG# #URL# - SonyPicturesUK ></document>
    <document> The award-winning Outlander series has been recognized for its dedication to accurately portraying costumes… #URL# ></document>
    <document> RT mythic_quest: AWasteOfAtoms Dear AWasteOfAtoms, I'm going on vacation Yes, I have to go I know you need me o… #URL# ></document>
    <document> The breathtaking story of #HASHTAG# from iconic director Clint Eastwood is now in theaters.… #URL# ></document>
    <document> We were going to turn all our tweets into wordplay, but then we thought it might be a little... greedy. #HASHTAG#… #URL# ></document>
    <document> RT brwc: Misogynists: Review #URL# #URL# - FilmDebate ></document>
    <document> Movie history? Harley got it all done 💖 #HASHTAG# now in theaters #URL# #URL# - WarnerBrosUK ></document>
    <document> A brand new episode starts tomorrow! - disneyplus ></ document>
    <document> RT sleepi_art: After watching #HASHTAG#, I can officially confirm that this is truly the greatest video game... #URL# ></document>
    <document> Shout out to all aspiring DJs (but really, everyone)! 🎶🥁Click the link to create and share your own remix inspired by… #URL# ></document>
    <document> Stream hundreds of A&E thrillers and specials - all ad-free. Crime Central is now available… #URL# ></document>
    <document> Congratulations to #HASHTAG#'s Jacqueline Durran for the Academy Award for Best Costume Design. #HASHTAG#… #URL# ></document>
    <document> RT IndieFilmHustle: Darren Aronofsky's Micro Budget Short Film: Fortune Cookie #URL#… #URL# ></document>
    <document> RT IndieFilmHustle: I think Indie Film Hustle made enough noise and Variety got the story. Hope it helps... #URL# ></document>
    <document> Congratulations to #HASHTAG# on two TheAcademy awards, including Brad Pitt for Best Supporting Actor… #URL# ></document>
    <document> Are you ready to have a good time with this #HASHTAG#? 💖 Grab your flock and see #HASHTAG# in theaters today! Tickets:… #URL# ></document>
    <document> etnow joshuatbassett Olivia_Rodrigo We think we're a little... you know... we're obsessed. - disneyplus ></ document>
    <document> RT RedHourBen: I hope everyone checks out #HASHTAG#. kumailn and emilyvgordon and their team created some goodies… #URL# ></document>
    <document> Your family will love our family. 💙 Post the first five episodes of #HASHTAG# for good weather… #URL# ></document>
    <document> Stream MarvelStudios' #HASHTAG#: Endgame, The Cheetah Girls and #HASHTAG# on #HASHTAG#! - disneyplus ></ document>
    <document> RT IndieFilmHustle: How a Script Can Quickstart Your Independent Movie #HASHTAG# #URL#… #URL# ></document>
    <document> But which Princess Diaries movie is superior? 🤔👑 - disneyplus ></ document>
    <document> #HASHTAG# is the definition of our current obsession. Stream four episodes now! #URL# - disneyplus ></ document>
    <document> getyourcomicon A FABULOUS example and what a groundbreaking couple! - WarnerBrosUK ></ document>
    <document> "They call themselves the Bad Party." The final season of StarWars: #HASHTAG# starts February 21st, just… #URL# ></document>
    <document> getyourcomicon I believe the correct ship name is "Chanonica" (I say with zero authority). Joey and Rachel are VERY... #URL# ></document>
    <document> RT mythic_quest: 40ozandsober Dear 40ozandsober, I fell in love with the way you fall asleep: on your desk and… #URL# ></document>
    <document> zoeclaireduh And very personal - sometimes 'grand romantic gesture' can be 'grand' in the emotionally moving sense. - WarnerBrosUK ></ document>
    Could there be anything more deceiving than RebelWilson and LiamHemsworth in <document> Isn't It Romantic? Watch the funny romantic movie… #URL# ></document>
    <document> RT mythic_quest: I wish every company had a Nebula Award-winning author. Tell us the subject line of the last ema… #URL# ></document>
    <document> True crime fans, these curated podcasts, books and shows are for you. - AppleTV ></ document>
    <document> RT brwc: Peanut Butter Falcon: BRWC Review #URL# #URL# - FilmDiscussion ></document>
    <document> Sonic The Hedgehog is now in theaters! Book your tickets ⚡ #HASHTAG# #URL# - ParamountUK ></document>
    <document> Don't miss Sonic at the top of the game! #HASHTAG# in theaters tomorrow. #URL# - ParamountUK ></document>
    <document> RT brwc: Joker Gets Number 1: Official Movie List #URL# x #URL# - FilmDebate ></document>
    <document> Can we take a moment to admire and admire?! 🥰❤️😍 Okay maybe more than a moment… #HASHTAG# #HASHTAG#… #URL# ></ document>
    <document> “Maybe. A. Hyena?” 🤔 Watch Margot Robbie and the cast of #HASHTAG# play 3 Answer Games. ci… don't miss it in #URL# ></document>
    <document> How does a water horse look underwater? 🤔 Bill Schwab, Artistic Director of Characters, is putting us through a tough time… #URL# ></document>
    <document> RT BuzzFeed: "I'm not one to look back but this is what made me... all the amazing people I've met along the way… #URL# ></document>
    <document> RT mattreevesLA: #HASHTAG# #HASHTAG# #URL# - WarnerBrosUK ></document>
    <document> And that's a summary! Thanks for chatting on this week's #HASHTAG# - until next time 👋 - WarnerBrosUK ></document>
    <document> BIG NEWS: Wonderland Restaurants Ltd to bring a DC-themed restaurant to London We partnered with. From spring… #URL# ></document>
    <document> Jokes rejected by RT: Our movie is releasing in less than 24 hours!!!!! #URL# - ParamountUK ></document>
    <document> RT FredaTalkingPix: Check out my super Sonic chat on zavvi with rejected jokes, with the voice of the blue hedgehog in So… #URL# ></document>
    <document> RT wcruz73: To all who use TV as a change agent, who's ready for this Friday, our Valentine's Day premiere... #URL# ></document>
    <document> RT brwc: Addicted to You: Mike Cochnar Interview #URL# x #URL# - FilmDebate ></document>
  
</author><document> RT natasharothwell: What a magical evening! I am a lucky duck to be a part of such a special and wonderful film! Here you go… #URL# ></document>
    <document> RT The CloneWars: StarWars final season starts streaming in less than a week: #HASHTAG#, #HASHTAG# ONLY.… #URL# ></document>
    <document> Dark crimes cast a shadow over an entire community as the investigations of two elusive young women... #URL# ></document>
    <Document> RT to TheAcademy: #HASHTAG# Moments: Brad Pitt wins Best Supporting Actor for 'OnceInHollywood' #URL# - SonyPicturesUK ></document>
    <document> RT mythic_quest to: TwitterTV Dear TwitterTV, I'm home: Update! Me, you, don't have a popcorn or two... #URL# ></document>
    <document> RT alisonwillmore: 🚨🚨🚨 THE FAREWELL now streaming on Amazon Prime 🚨🚨🚨#URL# #URL# - PrimeVideo ></document>
    <document> RT brwc: Final Girls Berlin It was fun! #URL# #URL# - FilmDebate ></document>
    <document> AmazonStudios Yep, this makes sense. - Prime Video ></document>
    <document> Be #HASHTAG# with MyFavMurder. This is a crime comedy podcast hosted by Ghardstark and KarenKilgariff and is available… #URL# ></document>
    <document> Let's end this #HASHTAG# with The Grand Romantic Gesture. Seth #HASHTAG#, Leona declaring her love for summer… #URL# ></document>
    <Documentation> RT IndieFilmHustle: Want To Learn To Direct Film &amp; Actually Make Money With It? See Make Your Movie Bo… #URL# ></document>
    <document> RT myth_quest: Zakvlogz Dear Zakvlogz, Hello from me! This is my love note to you.
    <document> Love is in the air... It's Valentine's Day 💝 Celebrating with love on the big screen - this love story... #URL# ></document>
    <document> Visible: Out On Television dives into on-screen LGBTQ+ representation. iamwandasykes, wcruz73 and RyanWhiteIV talk… #URL# ></document>
    <Documentation> See the past and current evolution of LGBTQ+ representation on television. #HASHTAG# document series arrives at Fe… #URL# ></document>
    <document> #HASHTAG# ticks all the boxes: heart, humor, a little drama. ☑️☑️☑️ Stream Original Series… #URL# ></document>
    <document> RT IndieFilmHustle: #HASHTAG# Breakdown: In a Corner of Ego and Desire #HASHTAG# #URL#… #URL# ></document>
    <document> RT myth_quest: Roses are red Sonic is blue C.W. Longbottom has a #HASHTAG# surprise... - AppleTV ></document>
    <document> RT IndieFilmHustle: How To Shoot A Small Budget Feature Film - #HASHTAG# #URL#… #URL# ></document>
    <document> The perfect sundae for your Sunday. #HASHTAG# #URL# - Disney Plus ></document>
    <document> getyourcomicon So emotionally tumultuous for us, but so rewarding in the end! - Warner Bros. UK ></document>
    <document> RT myth_quest: spdustin Dear spdustin, will you be my valentine? >
    <document> quiteEvery episode makes us feel. 💙 Spend some time streaming with Cañero-Reeds… #URL# ></document>
    <Documentation> RT brwc: Emma. – BRWC Review #URL# #URL# - FilmDebate ></document>
    <Documentation> RT Stargirl: One. Month. March 13 Stream #HASHTAG# on #HASHTAG# #URL# - Disney Plus ></document>
    <document> RT DisneyMusic: Acoustic video by 𝒾 𝓉𝒽𝒾𝓃𝓀 𝒾 𝓀𝒾𝓃𝒹𝒶 𝓎𝑜𝓊 𝓀𝓃𝑜𝓌, Olivia_Rodrigo x joshuatbassett… #URL# ></document>
    <document> zoeclaireduh very smart! How did you forget Anna? 🤦‍♂️ - Warner Bros. UK ></document>
    <document> RT Rejected Joke: 10 out of 10 Recommend You Meet Your Comedy Hero Part 1. #URL# - ParamountUK ></document>
    <documentation> RT TheAcademy: #HASHTAG# Moments: Jacqueline Durran wins Best Costume Design for LittleWomen. #URL# - SonyPicturesUK ></document>
    <Documentation> Roses are red, Sonic is blue, Earth needs heroes, hedgehogs are enough! ⚡ #HASHTAG# IN THE CINEMAS FEBRUARY 14… #URL# ></document>
    <Documentation> Check out the award-winning films that are trending. #HASHTAG# – Now available in 4K Ultra HD &amp; Blu-ray.… #URL# ></document>
    <document> Watch out for mayhem. #HASHTAG# NOW AVAILABLE - SEE ALL THE ACTION IN THE CINEMA ONLY! #URL#… #URL# ></document>
    <Documentation> Wakanda. eternally. Coming to #HASHTAG# on March 4th in celebration of MarvelStudios #HASHTAG# anniversary. #URL# - disneyplus ></document>
    <document> Tiffany Haddish and Rose Byrne are ready to show the world who's boss 💅 See them in brand new comedy #HASHTAG#… #URL# ></document>
    <document> Follow-up QQ: What is your ~dream~ date? - Disney Plus ></document>
    <Documentation> We found our soulmate. Its name is Friday. Start your #HASHTAG# with a Disney fairy tale wedding… #URL# ></document>
    <Documentation> This beagle is ready to take off. 🚀 Watch #HASHTAG# in the Apple TV app with your Apple TV+ subscription. … #URL# ></document>
    <document> Put one of these couples on a tricycle. Stream this #HASHTAG# on #HASHTAG#!… #URL# ></document>
    <document> I don't know who to ask, but please repeat this every morning in front of the mirror. #URL# - Prime Video ></document>
    <document> RT empiremagazine: This is the way. Empire's #HASHTAG# issue tells the full story of a new dawn for Star Wars – is… #URL# ></document>
    <Documentation> "How To Be Single" is a reminder that you can always search your soul. Oh, cherish every moment of you... #URL# ></document>
    <document> Growth is its own group project. Stream the first 5 episodes of #HASHTAG# now on #HASHTAG#!… #URL# ></document>
    <Documentation> The Farewell is now available on Prime Video. Lulu Wang Hive (thumbelulu) … our time is now. #URL# - Prime Video ></document>
    <document> This presidential portrait belongs to: A. Our wall B. Museum C. All #HASHTAG# above... #URL# ></document>
    <Documentation> L A D I E S 🙌💜 Happy from our favorite heroes Cheetah sisters #hashtag #And bad gal pals… #URL# ></document>
    <Documentation> They have built an empire that is second to none. Apple Original Movie Starring Samuel Jackson and Antho #HASHTAG#… #URL# ></document>
    <document> RT glaad: Our President and CEO, sarahkateellis, is on #HASHTAG#. It premiered on February 14th and is only available in the app… #URL# ></document>
    <document> RT Vuelio: Join the #HASHTAG# blogger spotlight and see what Battle Royale With Cheese's alrightbabes… #URL# ></document>
    <Documentation> How many rings can you find? Play with the new Snapchat lens on Tower Bridge and the Natural History Museum. … #URL# ></document>
    <Documentation> Super fast. Super fun. Ben Schwartz is Sonic the Hedgehog. #HASHTAG#, February 14th in cinemas. #URL# - ParamountUK ></document>
    <Documentation> NO. Chill. 🚨❄🏒 #HASHTAG# is back as Gordon Bombay! Check out this photo from The Mighty Ducks production. #URL# ></document>
    <document> RT IndieFilmHustle: WATCH: Stanley Kubrick's Boxes Documentary #URL# #HASHTAG# #HASHTAG#… #URL# ></document>
    <document> Every truth has consequences. TruthBeTold follows podcaster Poppy Parnell as she reopens her murder case… #URL# ></document>
    <Document> Vivid. it's moving Heartwarming. All episodes of #HASHTAG# are available on Apple TV+. … #URL# ></document>
    <document> Tune in to Amy March and be your own #HASHTAG# 🙌 #HASHTAG# #URL# - SonyPicturesUK ></document>
    <document> The award-winning series Outlander has been recognized for its dedication to accurately portraying costumes… #URL# ></document>
    <document> RT mythic_quest: AWasteOfAtoms Dear AWasteOfAtoms, I'm going on vacation Yes I have to.
    <document> #HASHTAG#'s breathtaking story from iconic director Clint Eastwood hits theaters now.… #URL# ></document>
    <document> We were going to pun on every tweet, but thought that might be a little... too greedy. #HASHTAG#… #URL# ></document>
    <document> RT brwc: The Misogynists: Review #URL# #URL# - FilmDebate ></document>
    <documentation> A date movie? Harley's got you sorted 💖 #HASHTAG# in the Cinemas now #URL# #URL# - WarnerBrosUK ></document>
    <Document> Tomorrow, a completely new episode will be released for the first time! - Disney Plus ></document>
    <document> After seeing RT sleepi_art: #HASHTAG#, I can officially confirm that this is indeed the best video game ever… #URL# ></document>
    <document> Calling all aspiring DJs (everyone, really)! 🎶🥁 Click the link to create and share your own remix inspired by … #URL# ></document> please
    <Documentation> Stream hundreds of episodes of A&E crime series and specials - all commercial-free. Crime Central is now available… #URL# ></document>
    <Documentation> Congratulations to #HASHTAG#'s Jacqueline Durand on winning the Academy Award for Best Costume Design. #HASHTAG#… #URL# ></document>
    <document> RT IndieFilmHustle: Darren Aronofsky's Small Budget Short Film: Fortune Cookies #URL#… #URL# ></docuMento>
    <document> RT IndieFilmHustle: I think the Indie Film Hustle has made enough noise for Variety to pick it up. Hope this helps... #URL# ></document>
    <document> Congratulations to #HASHTAG# for winning two TheAcademy Awards
    <Documentation> Ready to have some fun with this #HASHTAG#? 💖 Grab the crowd and watch #HASHTAG# in theaters today! Tickets:… #URL# ></document>
    <document> etnow joshuatbassett Olivia_Rodrigo I think we're a little... look... obsessed. - Disney Plus ></document>
    <document> RT RedHourBen: I hope everyone checks out #HASHTAG#. kumailn and emilyvgordon and team have created some beautiful pieces… #URL# ></document>
    <Documentation> Your Familiars will love our Familiars. 💙 Set the mood by streaming the first 5 episodes of #HASHTAG#… #URL# ></document>
    <document> MarvelStudios #HASHTAG#: Endgame, The Cheetah Girls, and #HASHTAG# Stream on #HASHTAG#! - Disney Plus ></document>
    <document> RT IndieFilmHustle: How to quickly start an indie film with a script? #HASHTAG# #URL#… #URL# ></document>
    <document> OK, but which Princess Diaries movie is better? 🤔👑 - Disney Plus ></document>
    <document> #HASHTAG# is our current obsession definition. Stream 4 episodes now! #URL# - Disney Plus ></document>
    <document> getyourcomicon A standout example and a routable pair! - Warner Bros. UK ></document>
    <Documentation> "They call themselves Bad Batch." The final season of StarWars: #HASHTAG# begins February 21st. #URL# ></document>
    <document> getyourcomicon I think the correct ship name is "Chanonica" (I'm sorry). Joey and Rachel are very… #URL# ></document>
    <document> RT mythic_quest: 40ozandsober Dear 40ozandsober, I fell in love with the way you fell asleep: at your desk and... #URL# ></document>
    <document> zoeclaireduh On a very personal note, a 'big romantic gesture' can be 'big' in the emotionally moving sense. - Warner Bros. UK ></document>
    <document> Is there anything more charming than Rebel Wilson and Liam Hemsworth in Isn't It Romantic? Check out the funny romance… #URL# ></document>
    <document> RT myth_quest: If every company had a Nebula award winning writer. Please tell me the subject of the last ema… #URL# ></document>
    <document> True crime fans, these handpicked podcasts, books and shows are for you. -Apple TV></document>
    <document> RT brwc: The Peanut Butter Falcon: The BRWC Review #URL# #URL# - FilmDebate ></document>
    <Documentation> Sonic the Hedgehog is now showing! BOOK YOUR TICKET ⚡ #HASHTAG# #URL# - ParamountUK ></document>
    <Documentation> Don't miss Sonic at the top of the game! Tomorrow, #HASHTAG# will rush to the cinema. #URL# - ParamountUK ></document>
    <document> RT brwc: Joker Takes Number 1: Official Film Charts #URL# x #URL# - FilmDebate ></document>
    <document> Wait a minute, could you thank me and stun me?!L# ></documentation>
    <Document> “Maybe. Oh Hyena?” 🤔 Watch Margot Robbie and the cast of #HASHTAG# play 3 Answers her game. Don't miss it on ci... #URL# ></document>
    <Documentation> What does a water horse look like underwater? 🤔 Character Art Director Bill Schwab solves this conundrum… #URL# ></document>
    <document> RT BuzzFeed: "I'm not one to look back, but this made me look back.. All the amazing people I've met in the world... #URL# ></document>
    <document> RT mattreevesLA: #HASHTAG# #HASHTAG# #URL# - WarnerBrosUK ></document>
    <document> That's it! Thanks for chatting with us on #HASHTAG# this week - until next time 👋 - WarnerBrosUK ></document>
    <Documentation> Big news: We have partnered with Wonderland Restaurants Ltd. to open a DC-themed restaurant in London. From Spring... #URL# ></document>
    <Document> RT Rejection Joke: Our Movie Coming In 24 Hours!!!!! #URL# - ParamountUK ></document>
    <document> RT FredaTalkingPix: Check out my super sonic chat on zavvi.
    <document> RT wcruz73: Who's ready for the premiere, this Friday, our valentine to everyone who used television as an agent of change. #URL# ></document>
    <document> RT brwc: Addicted To You: Mike Cochnar Interview #URL# x #URL# - FilmDebate ></document>
  
</author>