
  
    <document> #HASHTAG#'s David Berry responds to question of spin-off for fan-favourite Lord John:  #URL# #URL# ></document>
    <document> Star Trek: Picard's Michelle Hurd reveals what surprised her most about Patrick Stewart  #URL# #URL# ></document>
    <document> Mary Berry branded 'savage' by viewers for #HASHTAG# reaction to tuna salad  #URL# #URL# ></document>
    <document> Lewis Burton pays emotional tribute to Caroline Flack:  #URL# #URL# ></document>
    <document> We did some digging and tried to work out who *could* appear in the next series of #HASHTAG#:… #URL# ></document>
    <document> BBC releases first look at Rylan as new #HASHTAG# host  #URL# #URL# ></document>
    <document> Noughts + Crosses first-look trailer offers glimpse at Callum, Sephy and Stormzy's character… #URL# ></document>
    <document> The 100 prequel casts Riverdale and Carnival Row stars:  #URL#  #HASHTAG# #URL# ></document>
    <document> Robbie Williams and Ayda Field announced the birth of their fourth child on #HASHTAG#  #URL# #URL# ></document>
    <document> Sex and the City actress Lynn Cohen dies aged 86  #URL# #URL# ></document>
    <document> The Pale Horse had an important Easter egg hiding in plain sight:  #URL# #URL# ></document>
    <document> Dancing on Ice reveals latest couple to skate out of competition  #URL# #URL# ></document>
    <document> #HASHTAG# fans tear up as Luke Trotman makes fairy tale-themed proposal to Siannise Fudge.… #URL# ></document>
    <document> Netflix's controversial series #HASHTAG#'s future confirmed  #URL# #URL# ></document>
    <document> #HASHTAG# will feature Marvel's first onscreen LGBTQ kiss:  #HASHTAG# #URL# #URL# ></document>
    <document> Love Island receives more than 300 Ofcom complaints following Paige and Finn drama:  #URL#… #URL# ></document>
    <document> The Masked Singer's Jason Manford reveals drastic measures to keep his involvement secret  #URL#… #URL# ></document>
    <document> #HASHTAG#' Mark Hamill joins Game of Thrones stars in Netflix's Masters of the Universe reboot… #URL# ></document>
    <document> #HASHTAG# set pics suggest a major DC villain  #URL# #URL# ></document>
    <document> Game of Thrones' Maisie Williams responds to those claims about the show's 'alternate ending'.… #URL# ></document>
    <document> Why #HASHTAG#'s Jodie Whittaker almost wasn’t the first female Doctor:  #URL# #URL# ></document>
    <document> #HASHTAG#'s mushroom planet and other Easter eggs, explained:  #URL# #URL# ></document>
    <document> #HASHTAG# reveals first look at 35th anniversary death in new trailer  #URL# #URL# ></document>
    <document> How #HASHTAG# bucks a major comic-book movie trend in a way #HASHTAG# never could:  #URL# #URL# ></document>
    <document> #HASHTAG# is an entertaining video game adaptation that's strictly for kids, our review:… #URL# ></document>
    <document> #HASHTAG# receives more than 300 Ofcom complaints following the Paige and Finn drama.   #URL# #URL# ></document>
    <document> As if there was any doubt... Hopper is back! (Minus some hair) #HASHTAG# #URL# ></document>
    <document> Lucifer season 6 surprise renewal rumoured to be considered by Netflix:  #URL#  #HASHTAG# |… #URL# ></document>
    <document> The first look at Margot Robbie's Harley Quinn in #HASHTAG# is here:   #URL#… #URL# ></document>
    <document> Brooklyn Nine-Nine star Melissa Fumero gives birth to second child  #URL# #URL# ></document>
    <document> #HASHTAG#'s Joel Dommett reveals which finalist has "thrown everyone"  #URL#… #URL# ></document>
    <document> #HASHTAG#'s Lauren Lyle reveals one scene she's glad they didn't film for the series:  #URL# #URL# ></document>
    <document> #HASHTAG#'s Dani Dyer reveals what was "really rubbish" about Jack Fincham split  #URL# #URL# ></document>
    <document> How #HASHTAG# sets up a sequel:   #URL# #URL# ></document>
    <document> Grey's Anatomy fans angry after latest episode sets up explanation for Alex Karev's exit  #URL#… #URL# ></document>
    <document> Love Island's Laura Whitmore condemns 'keyboard trolls' after Caroline Flack death  #URL# #URL# ></document>
    <document> #HASHTAG# star Caitriona Balfe reveals season 5 storyline not in the books  #URL# #URL# ></document>
    <document> Another lawsuit (this time around #HASHTAG#) is giving Netflix a BIG headache:  #URL# #URL# ></document>
    <document> The Masked Singer's biggest strength is also its greatest weakness  #URL#  #HASHTAG# #URL# ></document>
    <document> Love Island presenter Caroline Flack dies, aged 40  #URL# #URL# ></document>
    <document> #HASHTAG# reveals UK version's first-ever winner  #URL#  #HASHTAG# #URL# ></document>
    <document> Here's who's through to #HASHTAG# Battles this year  #URL# #URL# ></document>
    <document> The Suicide Squad set photo teases a major DC Villain... can you guess who?   #URL# |… #URL# ></document>
    <document> When parents make their kids dress like them #HASHTAG# #URL# ></document>
    <document> This Morning's Alison Hammond pays tribute to "beautiful" mother after she passes away:  #URL# #URL# ></document>
    <document> #HASHTAG# confirms returning characters for 100th episode  #URL# #URL# ></document>
    <document> #HASHTAG# star Sophie Piper reveals whether she has fallen in love with Connor Durman.   #URL# #URL# ></document>
    <document> #HASHTAG# winner Nicola Roberts has mini Girls Aloud reunion to watch her unmasking:  #URL# #URL# ></document>
    <document> What Rick and Morty can learn from the ending of BoJack Horseman:  #URL#  #HASHTAG# |… #URL# ></document>
    <document> Doctor Who teases the rise of the Cybermen in trailer for two-part finale  #URL# #URL# ></document>
    <document> #HASHTAG# shows how to handle true crime - but still made a big mistake:  #URL# #URL# ></document>
    <document> #HASHTAG# is going to finally start shooting very soon.  #URL# #URL# ></document>
    <document> Original #HASHTAG# star reveals whether he would return for reboot:  #URL# #URL# ></document>
    <document> Mace Windu’s purple lightsaber mystery in #HASHTAG# is finally solved  #URL# #URL# ></document>
    <document> Marvel star has his say on when Ant-Man 3 may begin filming:  #URL#  #HASHTAG# ></document>
    <document> Jurassic World 3 to bring back original Jurassic World stars:  #URL#  #HASHTAG# #URL# ></document>
    <document> #HASHTAG# fans split on major twist over #HASHTAG# villain Kai  #URL# #URL# ></document>
    <document> #HASHTAG#'s latest dumped Islander reacts to the most shocking exit of the series.  #URL# #URL# ></document>
    <document> All the new movies available to watch on Netflix right now:  #URL# #URL# ></document>
    <document> #HASHTAG# star Jamie Lomas reveals more about Warren Fox's huge new story.   #URL# #URL# ></document>
    <document> Are there any clues we can gather from Billie Eilish's 'No Time to Die' about Daniel Craig's final #HASHTAG# outin… #URL# ></document>
    <document> #HASHTAG# has just dumped one of the most popular Islanders of this series!  #URL# #URL# ></document>
    <document> Dancing on Ice pro skater Hamish Gaman drops out of tonight's show  #URL# #URL# ></document>
    <document> Alan Carr reveals why he turns down #HASHTAG# Come Dancing "every year"  #URL# #URL# ></document>
    <document> Dancing on Ice's Lisa George has awkward prop mishap during routine:  #URL# #URL# ></document>
    <document> Jameela Jamil is defended by her boyfriend after suffering "disgusting" online abuse:  #URL# #URL# ></document>
    <document> The first episode of #HASHTAG# played into a damaging  trope which the show needs to rectify in season 2 🌈… #URL# ></document>
    <document> First look at Margot Robbie's Harley Quinn in #HASHTAG#:  #URL#  #HASHTAG# |… #URL# ></document>
    <document> #HASHTAG# confirms identities of final three celebrities  #URL#  #HASHTAG# #URL# ></document>
    <document> 9 possible matches for The Undertaker at WrestleMania 36   #URL# #URL# ></document>
    <document> To All The Boys 2 ending explained, and where the first movie's mid-credit scene fits in:  #URL#… #URL# ></document>
    <document> How to watch Parasite director Bong Joon-ho's other amazing movies  #URL#  #HASHTAG# #HASHTAG# #URL# ></document>
    <document> Mighty Ducks show on Disney+ will bring back classic character:  #URL#  #HASHTAG# ></document>
    <document> The Pale Horse viewers left confused by ending  #URL#  #HASHTAG# #URL# ></document>
    <document> Sonic the Hedgehog has biggest ever opening weekend for a video game adaptation  #URL#… #URL# ></document>
    <document> Why #HASHTAG#'s Tosin Cole might be leaving the show for good:  #URL# #URL# ></document>
    <document> Parks and Recreation cast reunite for show's 'Galentine's Day'  #URL#  #HASHTAG# |… #URL# ></document>
    <document> Game of Thrones' Kristofer Hivju reveals what he thinks Jon Snow and Tormund are up to now  #URL# #URL# ></document>
    <document> #HASHTAG# unveils first trailer and release date for series 2:  #URL# #URL# ></document>
    <document> Marvel's Tom Holland explains why #HASHTAG# is different to other video game movies:  #URL# #URL# ></document>
    <document> The #HASHTAG# poll: Is Queen Bee Girls Aloud singer Nicola Roberts?  #URL# #URL# ></document>
    <document> Tonight's Love Island cancelled after Caroline Flack's tragic death  #URL# #URL# ></document>
    <document> #HASHTAG# cast reveal fans will be left "questioning a lot" about physics after watching new movie… #URL# ></document>
    <document> #HASHTAG#'s Charity Dingle shows off a new look!  #URL# #URL# ></document>
    <document> #HASHTAG# and #HASHTAG# star Rick Cosnett comes out as gay. 🌈  #URL# #URL# ></document>
    <document> First look at #HASHTAG# season 3 reveals a surprising new look for Jodie Comer  #URL# #URL# ></document>
    <document> Love Island and its stars lead tributes to Caroline Flack following her death  #URL# #URL# ></document>
    <document> Coleen Rooney responds after Rebekah Vardy's emotional #HASHTAG# interview:  #URL# #URL# ></document>
    <document> Thor 4's Taika Waititi teases Jane storyline potential:  #URL#  #HASHTAG# ></document>
    <document> Orlando Bloom spells his son's name wrong in a new tattoo.  #URL# #URL# ></document>
    <document> Caroline Flack will make a posthumous appearance in Steve Coogan's film #HASHTAG#:  #URL# #URL# ></document>
    <document> #HASHTAG#'s Tom Baker reprising mysterious role from 50th anniversary special:  #URL# #URL# ></document>
    <document> BBC licence fee could be scrapped by the government and replaced by subscriptions:  #URL# #URL# ></document>
    <document> #HASHTAG# nearly cast To All the Boys star as Rose Tico  #URL#  #HASHTAG# #URL# ></document>
    <document> Did you spot these hidden Toy Story 4 Easter eggs?  #URL# #URL# ></document>
    <document> 🚨 We have our first look at #HASHTAG#   #URL# ></document>
    <document> Netflix's #HASHTAG# unveils first look at season 3 in new trailer  #URL# #URL# ></document>
    <document> Stranger Things season 4 trailer reveals Hopper's fate... he lives!  #URL#  #HASHTAG# |… #URL# ></document>
    <document> Love Island: Unseen Bits taken off air following Caroline Flack's death  #URL# #URL# ></document>
    <document> #HASHTAG#'s Ovie Soko says viewers should "blame the show" for so many recouplings rather than Islanders:… #URL# ></document>
  
</author>
<document> #HASHTAG#'s David Berry answers question about beloved Lord John spin-off: #URL# #URL# </document>
    <document> Star Trek: Picard's Michelle Hurd Reveals What Surprised Her Most About Patrick Stewart #URL# #URL# </document>
    <document> Mary Berry labeled "wild" by viewers for #HASHTAG# reaction to tuna salad #URL# #URL# ></document>
    <document> Lewis Burton pays moving tribute to Caroline Flack: #URL# #URL# </document>
    <document> We did some digging and tried to figure out who *might* appear in the next set of #HASHTAG#:... #URL# ></document>
    <document> BBC releases first look at Rylan as new host of #HASHTAG# #URL# #URL# </document>
    <document> The first trailer for Noughts + Crosses offers a look at the character of Callum, Sephy and Stormzy... #URL# ></document>
    <document> The 100 actors of the prequel Riverdale and Carnival Row: #URL# #HASHTAG# #URL# </document>
    <document> Robbie Williams and Ayda Field announced the birth of their fourth child on #HASHTAG# #URL# #URL# </document>
    <document> Sex and the City actress Lynn Cohen dies at age 86 #URL# #URL# </document>
    <document> The Pale Horse had an important Easter egg hidden in plain sight: #URL# #URL# </document>
    <document> Dancing on Ice reveals the last couple to skate out of competition #URL# #URL# </document>
    <document> #HASHTAG# fans cry when Luke Trotman makes a fairy tale proposition to Siannise Fudge.… #URL# ></document>
    <document> Future of controversial Netflix series confirmed #HASHTAG# #URL# #URL# </document>
    <document> #HASHTAG# will contain Marvel's first LGBTQ kiss on screen: #HASHTAG# #URL# #URL# </document>
    <document> Love Island receives over 300 complaints from Ofcom following Paige and Finn drama: #URL#… #URL# </document>
    <document>The Masked Singer's Jason Manford reveals drastic measures to keep his involvement a secret #URL#… #URL# </document>
    <document> #HASHTAG#' Mark Hamill joins Game of Thrones stars in Netflix's Masters of the Universe reboot... #URL# </document>
    <document> #HASHTAG# set images hint at big DC villain #URL# #URL# </document>
    <document>Game of Thrones' Maisie Williams responds to these claims about the show's 'alternative ending'.… #URL# ></document>
    <document> Why #HASHTAG#'s Jodie Whittaker Almost Wasn't the First Female Doctor: #URL# #URL# </document>
    <document> #HASHTAG#'s mushroom planet and other Easter eggs, explained: #URL# #URL# </document>
    <document> #HASHTAG# Reveals First Look at Death's 35th Anniversary in New Trailer #URL# #URL# </document>
    <document> How #HASHTAG# Bucks a Major Comic Book Film Trend in a Way #HASHTAG# Never Could: #URL# #URL# </document>
    <document> #HASHTAG# is a fun adaptation of a video game strictly for children, our review:… #URL# </document>
    <document> #HASHTAG# receives over 300 Ofcom complaints following Paige and Finn drama. #URL# #URL# </document>
    <document> As if there was any doubt... Hopper is back! (minus some hair) #HASHTAG# #URL# ></document>
    <document> Surprise Lucifer season 6 renewal rumored to be under consideration by Netflix: #URL# #HASHTAG# |… #URL# ></document>
    <document> First look at Margot Robbie's Harley Quinn in #HASHTAG# is here: #URL#… #URL# </document>
    <document> Brooklyn Nine-Nine star Melissa Fumero gives birth to second child #URL# #URL# </document>
    <document> #HASHTAG#'s Joel Dommett reveals which finalist "rolled them all" #URL#… #URL# ></document>
    <document> #HASHTAG#'s Lauren Lyle reveals a scene she's glad they didn't film for the series: #URL# #URL# </document>
    <document> #HASHTAG#'s Dani Dyer reveals what was "really rubbish" about Jack Fincham's split #URL# #URL# ></document>
    <document> How #HASHTAG# sets a sequel: #URL# #URL# </document>
    <document> Grey's Anatomy fans angry after latest episode provides explanation for Alex Karev's exit #URL#… #URL# ></document>
    <document>Love Island's Laura Whitmore condemns 'keyboard trolls' after Caroline Flack's death #URL# #URL# </document>
    <document> #HASHTAG# Star Caitriona Balfe Reveals Season 5 Plot Not in the Books #URL# #URL# </document>
    <document> Another lawsuit (this time around #HASHTAG#) is giving Netflix a BIG headache: #URL# #URL# </document>
    <document> The Masked Singer's greatest strength is also his greatest weakness #URL# #HASHTAG# #URL# </document>
    <document> Love Island presenter Caroline Flack dies, aged 40 #URL# #URL# </document>
    <document> #HASHTAG# Reveals First Ever UK Version Winner #URL# #HASHTAG# #URL# </document>
    <document> Here's Who Took Through The #HASHTAG# Battles This Year #URL# #URL# </document>
    <document> Suicide Squad set photo teases a major DC villain… guess who? #URL# |… #URL# ></document>
    <document> When parents make their children dress like them #HASHTAG# #URL# </document>
    <document> This Morning's Alison Hammond pays tribute to her "beautiful" mother after her death: #URL# #URL# </document>
    <document> #HASHTAG# confirm returning characters for 100th episode #URL# #URL# </document>
    <document> #HASHTAG# star Sophie Piper reveals if she's in love with Connor Durman. #URL# #URL# </document>
    <document> #HASHTAG# winner Nicola Roberts has a Girls Aloud mini reunion to watch her unmask: #URL# #URL# </document>
    <document> What Rick and Morty can learn from the BoJack Horseman ending: #URL# #HASHTAG# |… #URL# </document>
    <document> Doctor Who teases rise of Cybermen in trailer for two-part finale #URL# #URL# </document>
    <document> #HASHTAG# shows how to handle true crime, but still made a big mistake: #URL# #URL# </document>
    <document> #HASHTAG# will finally start rolling very soon. #URL# #URL# </document>
    <document> Original #HASHTAG# star reveals if he would retireurn for restart: #URL# #URL# ></document>
    <document> Mace Windu's purple lightsaber mystery in #HASHTAG# finally solved #URL# #URL# </document>
    <document> Marvel star has his say on when Ant-Man 3 could begin filming: #URL# #HASHTAG# </document>
    <document> Jurassic World 3 brings the original stars of Jurassic World back to life: #URL# #HASHTAG# #URL# </document>
    <document> #HASHTAG# fans split over major twist for #HASHTAG# villain Kai #URL# #URL# </document>
    <document> The last abandoned islander of #HASHTAG# reacts to the most shocking release in the series. #URL# #URL# </document>
    <document> All new movies available to watch on Netflix right now: #URL# #URL# </document>
    <document> #HASHTAG# star Jamie Lomas reveals more about Warren Fox's big new story. #URL# #URL# </document>
    <document> There are clues we can glean from Billie Eilish's "No Time to Die" about the final release of Daniel Craig's #HASHTAG#... #URL# ></document>
    <document> #HASHTAG# has just downloaded one of the most popular islanders in this series! #URL# #URL# </document>
    <document> Dancing on Ice Pro Skater Hamish Gaman Pulls Out of Tonight's Show #URL# #URL# </document>
    <document> Alan Carr reveals why he rejects #HASHTAG# Come Dancing "every year" #URL# #URL# </document>
    <document> Dancing on Ice's Lisa George has an embarrassing mishap during routine: #URL# #URL# </document>
    <document> Jameela Jamil defended by her boyfriend after experiencing "disgusting" online abuse: #URL# #URL# </document>
    <document> The first episode of #HASHTAG# played into a harmful trope that the show needs to fix in season 2 🌈… #URL# </document>
    <document> First look at Margot Robbie's Harley Quinn in #HASHTAG#: #URL# #HASHTAG# |… #URL# ></document>
    <document> #HASHTAG# confirms the identity of the last three celebrities #URL# #HASHTAG# #URL# </document>
    <document> 9 Possible Matches for The Undertaker at WrestleMania 36 #URL# #URL# </document>
    <document> Explanation of the ending of To All The Boys 2 and where the mid-credits scene from the first film fits: #URL#… #URL# ></document>
    <document> How to Watch Parasite Director Bong Joon-ho's Other Great Movies #URL# #HASHTAG# #HASHTAG# #URL# </document>
    <document> The Mighty Ducks show on Disney+ will bring a classic character back to life: #URL# #HASHTAG# </document>
    <document> Viewers of The Pale Horse got confused by ending with #URL# #HASHTAG# #URL# </document>
    <document> Sonic the Hedgehog has biggest opening weekend ever for a video game adaptation #URL#… #URL# ></document>
    <document> Why #HASHTAG#'s Tosin Cole may be leaving the show for good: #URL# #URL# </document>
    <document> Parks and Recreation Cast Reunites for Show's "Galentine's Day" #URL# #HASHTAG# |… #URL# ></document>
    <document> Game of Thrones' Kristofer Hivju reveals what they think Jon Snow and Tormund are up to #URL# #URL# </document>
    <document> #HASHTAG# unveils the first trailerand release date for series 2: #URL# #URL# ></document>
    <document> Marvel's Tom Holland explains why #HASHTAG# is different from other video game films: #URL# #URL# </document>
    <document> The #HASHTAG# poll: Is Nicola Roberts the lead singer of the Queen Bee Girls Aloud? #URL# #URL# </document>
    <document>Tonight's Love Island canceled after tragic death of Caroline Flack #URL# #URL# </document>
    <document> #HASHTAG# Cast Reveal Fans Will Be "Questioned" About Physics After Watching New Movie... #URL# ></document>
    <document> #HASHTAG#'s Charity Dingle has a new look! #URL# #URL# </document>
    <document> #HASHTAG# and #HASHTAG# star Rick Cosnett comes out as gay. 🌈 #URL# #URL# ></document>
    <document>First Look at #HASHTAG# Season 3 Reveals Striking New Look for Jodie Comer #URL# #URL# </document>
    <document> Love Island and its stars pay tribute to Caroline Flack after her death #URL# #URL# </document>
    <document> Coleen Rooney responds after Rebekah Vardy's emotional #HASHTAG# interview: #URL# #URL# </document>
    <document> Thor 4's Taika Waititi Teases Jane's Plot Potential: #URL# #HASHTAG# </document>
    <document> Orlando Bloom misspells his son's name in a new tattoo. #URL# #URL# </document>
    <document> Caroline Flack will make posthumous appearance in Steve Coogan's film #HASHTAG#: #URL# #URL# </document>
    <document> #HASHTAG#'s Tom Baker reprises mysterious role from 50th anniversary special: #URL# #URL# </document>
    <document> BBC license fee could be abolished by government and replaced by subscriptions: #URL# #URL# </document>
    <document> #HASHTAG# almost cast To All the Boys star as Rose Tico #URL# #HASHTAG# #URL# </document>
    <document> Spotted these hidden Toy Story 4 Easter Eggs? #URL# #URL# </document>
    <document> 🚨 Let's take a first look at #HASHTAG# #URL# </document>
    <document> Netflix's #HASHTAG# reveals first look at Season 3 in new trailer #URL# #URL# </document>
    <document> Stranger Things Season 4 Trailer Reveals Hopper's Fate... He's Alive! #URL# #HASHTAG# |… #URL# ></document>
    <document> Love Island: Unseen Bits Aired After Caroline Flack's Death #URL# #URL# </document>
    <document> Ovie Soko of #HASHTAG# says viewers should "blame the show" for so many reunions rather than the islanders:… #URL# ></document>
  
</author><document> When asked about a spin-off for fan-favorite Lord John, David Berry of #HASHTAG# responds: #URL# #URL# ></document>
    <document> Star Trek: Picard's Michelle Hurd reveals what surprised her most about Patrick Stewart #URL# #URL# ></document>
    <document> Mary Berry was branded "wild" by viewers for the #HASHTAG# reaction to tuna salad #URL# #URL# ></document>
    <document> Lewis Burton pays emotional tribute to Caroline Flack: #URL# #URL# ></document>
    <document> We did a little research trying to figure out who *might* appear in the next series of #HASHTAG#:… #URL# ></document>
    <Document> BBC releases first look at Rylan as new #HASHTAG# host #URL# #URL# ></Document>
    <document> Noughts + Crosse's first look trailer offers a look at the characters of Callum, Sephy and Stormzy... #URL# ></document>
    <document> The 100th prequel casts Riverdale and Carnival Row stars: #URL# #HASHTAG# #URL# ></document>
    <document> Robbie Williams and Ayda Field announced the birth of their fourth child under #HASHTAG# #URL# #URL# ></document>
    <document> Sex and the City actress Lynn Cohen dies aged 86 #URL# #URL# ></document>
    <document> The Pale Horse had an important Easter egg that was hidden in plain sight: #URL# #URL# ></document>
    <document> Dancing on Ice reveals the latest couple to go out of competition #URL# #URL# ></document>
    <document> #HASHTAG# fans erupt as Luke Trotman proposes to Siannise Fudge in a fairytale.… #URL# ></document>
    <document> The future of Netflix's controversial series #HASHTAG# confirmed #URL# #URL# ></document>
    <document> #HASHTAG# shows Marvel's first on-screen LGBTQ kiss: #HASHTAG# #URL# #URL# ></document>
    <Document> Love Island receives over 300 Ofcom complaints after Paige and Finn drama: #URL#… #URL# ></Document>
    <document> The Masked Singer's Jason Manford reveals drastic measures to keep his involvement secret #URL#… #URL# ></document>
    <document> #HASHTAG#' Mark Hamill joins the stars of Game of Thrones in the Netflix Masters of the Universe reboot... #URL# ></document>
    <document> #HASHTAG# Set images hint at a major DC villain #URL# #URL# ></document>
    <document> Game of Thrones' Maisie Williams responds to these claims about the series' "alternate ending". … #URL# ></document>
    <document> Why Jodie Whittaker from #HASHTAG# was almost not the first doctor: #URL# #URL# ></document>
    <document> #HASHTAG#'s mushroom planet and other easter eggs explained: #URL# #URL# ></document>
    <document> #HASHTAG# reveals a first look at the 35th anniversary of Death in a new trailer #URL# #URL# ></document>
    <document> How #HASHTAG# is breaking a major comic book movie trend in a way #HASHTAG# never could: #URL# #URL# ></document>
    <document> #HASHTAG# is a fun video game adaptation intended solely for kids, our review:… #URL# ></document>
    <Document> #HASHTAG# receives 300+ Ofcom complaints following Paige and Finn drama. #URL# #URL# ></dodocument>
    <Document> As if there were any doubt... Hopper is back! (minus some hair) #HASHTAG# #URL# ></document>
    <document> Lucifer season 6 surprise extension reportedly being considered by Netflix: #URL# #HASHTAG# |… #URL# ></document>
    <document> The first look at Margot Robbie's Harley Quinn in #HASHTAG# is here: #URL#… #URL# ></document>
    <document> Brooklyn Nine-Nine star Melissa Fumero gives birth to second child #URL# #URL# ></document>
    <document> Joel Dommett of #HASHTAG# reveals which finalist "thrown all" #URL#… #URL# ></document>
    <document> Lauren Lyle of #HASHTAG# reveals a scene she's glad wasn't filmed for the series: #URL# #URL# ></document>
    <document> #HASHTAG#'s Dani Dyer reveals what was 'really nonsense' about Jack Fincham's split #URL# #URL# ></document>
    <Document> How #HASHTAG# builds a continuation: #URL# #URL# ></Document>
    <document> Grey's Anatomy fans are upset after the final episode offered an explanation for Alex Karev's exit #URL#… #URL# ></document>
    <document> Love Island's Laura Whitmore condemns 'keyboard trolls' after Caroline Flack's death #URL# #URL# ></document>
    <document> #HASHTAG# star Caitriona Balfe reveals the off-book season 5 storyline #URL# #URL# ></document>
    <document> Another lawsuit (this time around #HASHTAG#) is giving Netflix a BIG headache: #URL# #URL# ></document>
    <document> The Masked Singer's greatest strength is also his greatest weakness #URL# #HASHTAG# #URL# ></document>
    <document> Love Island presenter Caroline Flack dies aged 40 #URL# #URL# ></document>
    <document> #HASHTAG# reveals the first-ever winner of the UK version #URL# #HASHTAG# #URL# ></document>
    <document> Here's who's coming to the #HASHTAG# Battles this year #URL# #URL# ></document>
    <document> The Suicide Squad set photo teases a major DC villain... can you guess who? #URL# |… #URL# ></document>
    <document> When parents get their kids to dress like them #HASHTAG# #URL# ></document>
    <document> This Morning's Alison Hammond pays tribute to 'beautiful' mum after death: #URL# #URL# ></document>
    <document> #HASHTAG# confirms the return of characters for the 100th sequence #URL# #URL# ></document>
    <Document> #HASHTAG# star Sophie Piper reveals if she's in love with Connor Durman. #URL# #URL# ></document>
    <document> #HASHTAG# winner Nicola Roberts has a mini girls aloud reunion to watch her unmask: #URL# #URL# ></document>
    <Document> What Rick and Morty can learn from the ending of BoJack Horseman: #URL# #HASHTAG# |… #URL# ></Document>
    <document> Doctor Who teases the rise of the Cybermen in the trailer for the two-part finale #URL# #URL# ></document>
    <document> #HASHTAG# shows how to deal with real crime - but still made a big mistake: #URL# #URL# ></document>
    <Document> #HASHTAG# will finally start filming very soon. #URL# #URL# ></document>
    <Document> Original #HASHTAG# star reveals if he would step downUrn for restart: #URL# #URL# ></document>
    <document> Mace Windu's purple lightsaber mystery in #HASHTAG# is finally solved #URL# #URL# ></document>
    <document> Marvel star reveals when Ant-Man 3 filming could begin: #URL# #HASHTAG# ></document>
    <document> Jurassic World 3 brings back the original Jurassic World stars: #URL# #HASHTAG# #URL# ></document>
    <document> #HASHTAG# fans are split over a major twist surrounding #HASHTAG# villain Kai #URL# #URL# ></document>
    <document> #HASHTAG#'s newest abandoned islander responds to the series' most shocking departure. #URL# #URL# ></document>
    <document> All new movies available now on Netflix: #URL# #URL# ></document>
    <Document> #HASHTAG# star Jamie Lomas opens up about Warren Fox's big new story. #URL# #URL# ></document>
    <document> Are there any clues we can glean from Billie Eilish's "No Time to Die" about Daniel Craig's recent #HASHTAG# exit in... #URL# ></document>?
    <document> #HASHTAG# just dropped one of the most popular islanders in this series! #URL# #URL# ></document>
    <document> Dancing on Ice pro skater Hamish Gaman is out of tonight's show #URL# #URL# ></document>
    <document> Alan Carr reveals why he rejects #HASHTAG# Come Dancing "every year" #URL# #URL# ></document>
    <document> Dancing on Ice's Lisa George has an awkward prop mishap during the routine: #URL# #URL# ></document>
    <Document> Jameela Jamil is defended by boyfriend after suffering 'disgusting' online abuse: #URL# #URL# ></Document>
    <document> The first episode of #HASHTAG# played a damaging role that the show will have to correct in Season 2 🌈… #URL# ></document>
    <document> First, check out Margot Robbie's Harley Quinn in #HASHTAG#: #URL# #HASHTAG# |… #URL# ></document>
    <Document> #HASHTAG# confirms the identity of the last three celebrities #URL# #HASHTAG# #URL# ></document>
    <Document> 9 possible matches for The Undertaker at WrestleMania 36 #URL# #URL# ></Document>
    <document> Explained the ending of To All The Boys 2 and where the first film's mid-credit scene fits in: #URL#… #URL# ></document>
    <document> How to watch Parasite director Bong Joon-ho's other amazing movies #URL# #HASHTAG# #HASHTAG# #URL# ></document>
    <document> Mighty Ducks Show on Disney+ brings back the classic character: #URL# #HASHTAG# ></document>
    <document> Pale Horse viewers were confused when they ended with #URL# #HASHTAG# #URL# ></document>
    <document> Sonic the Hedgehog is having the biggest opening weekend ever for a video game adaptation #URL#… #URL# ></document>
    <document> Why Tosin Cole from #HASHTAG# might leave the show forever: #URL# #URL# ></document>
    <document> The cast of Parks and Recreation reunites for the show's "Galentine's Day" #URL# #HASHTAG# |… #URL# ></document>
    <document> Game of Thrones' Kristofer Hivju reveals what he thinks Jon Snow and Tormund are right now #URL# #URL# ></document>
    <document> #HASHTAG# unveils first trailerand publication date for series 2: #URL# #URL# ></document>
    <document> Marvel's Tom Holland explains why #HASHTAG# is different from other video game films: #URL# #URL# ></document>
    <Document> The #HASHTAG# Poll: Is Queen Bee Girls Aloud Singer Nicola Roberts? #URL# #URL# ></document>
    <document> Tonight's Love Island canceled following the tragic death of Caroline Flack #URL# #URL# ></document>
    <document> #HASHTAG# Cast reveal fans will have "lots of questions" about physics after watching the new film... #URL# ></document>
    <Document> #HASHTAG#'s Charity Dingle Reveals a New Look! #URL# #URL# ></document>
    <Document> #HASHTAG# and #HASHTAG# star Rick Cosnett comes out as gay. 🌈 #URL# #URL# ></document>
    <document> First look at #HASHTAG# Season 3 reveals a surprising new look for Jodie Comer #URL# #URL# ></document>
    <document> Love Island and its stars honor Caroline Flack after her death #URL# #URL# ></document>
    <Document> Coleen Rooney responds after Rebekah Vardy's emotional #HASHTAG# interview: #URL# #URL# ></document>
    <Document> Thor 4's Taika Waititi teases Jane's storyline potential: #URL# #HASHTAG# ></document>
    <Document> Orlando Bloom misspells his son's name in new tattoo. #URL# #URL# ></document>
    <Document> Caroline Flack will appear posthumously in Steve Coogan's film #HASHTAG#: #URL# #URL# ></document>
    <document> #HASHTAG#'s Tom Baker reprises the mysterious scroll from the 50th Anniversary Special: #URL# #URL# ></document>
    <Document> The BBC license fee could be abolished by the government and replaced by subscriptions: #URL# #URL# ></Document>
    <document> #HASHTAG# almost cast To All the Boys as Rose Tico #URL# #HASHTAG# #URL# ></document>
    <Document> Have you spotted these hidden Easter Eggs from Toy Story 4? #URL# #URL# ></document>
    <document> 🚨 We take a first look at #HASHTAG# #URL# ></document>
    <document> Netflix's #HASHTAG# reveals a first look at Season 3 in a new trailer #URL# #URL# ></document>
    <Document> Stranger Things Season 4 Trailer Reveals Hopper's Fate...He's Alive! #URL# #HASHTAG# |… #URL# ></document>
    <document> Love Island: Unseen Bits shut down after Caroline Flack's death #URL# #URL# ></document>
    Ovie Soko of <document> #HASHTAG# says viewers should "blame the show" and not the islanders for so many reunions:... #URL# ></document>
  
</author><document> #HASHTAG#'s David Berry answers a question about the spin-off of fan favorite Lord John: #URL# #URL# ></document>
    <document> Star Trek: Picard's Michelle Hurd explains what surprised her most about Patrick Stewart #URL# #URL# ></document>
    <document> Mary Berry flagged as "wild" by viewers for #HASHTAG# reaction to tuna salad #URL# #URL# ></document>
    <document> Lewis Burton pays emotional homage to Caroline Flack: #URL# #URL# ></document>
    <document> We did some research and tried to figure out who might *appear* in the next #HASHTAG# series:… #URL# ></document>
    <document> BBC releases first look at Rylan as new #HASHTAG# server #URL# #URL# ></document>
    <document> Noughts + Crosses first look trailer offers a look at the character of Callum, Sephy and Stormzy… #URL# ></document>
    <document> 100 prequels use Riverdale and Carnival Row stars: #URL# #HASHTAG# #URL# ></document>
    <document> Robbie Williams and Ayda Field announced the birth of their fourth child with #HASHTAG# #URL# #URL# ></document>.
    <document> Sex and the City actress Lynn Cohen dies at 86 #URL# #URL# ></document>
    <document> The White Horse had an important Easter egg hiding in front of him: #URL# #URL# ></document>
    <document> Dancing on Ice reveals the final couple to slip out of the competition #URL# #URL# ></document>
    <document> Fans shed #HASHTAG# tears as Luke Trotman proposes a fairytale-themed marriage to Siannise Fudge.… #URL# ></document>
    <document> Netflix's controversial drama #HASHTAG# confirmed for future #URL# #URL# ></document>
    <document> #HASHTAG# will show Marvel's first on-screen LGBTQ kiss: #HASHTAG# #URL# #URL# ></document>
    <document> Love Island received over 300 Ofcom complaints following the Paige and Finn drama: #URL#… #URL# ></document>
    <document> Jason Manford of The Masked Singer explains drastic measures to keep his participation secret #URL#… #URL# ></document>
    <document> #HASHTAG#' Mark Hamill joins Game of Thrones stars in Netflix's Masters of the Universe reboot… #URL# ></document>
    <document> #HASHTAG# set images show a big DC villain #URL# #URL# ></document>
    <document> Game of Thrones' Maisie Williams responds to allegations about the show's 'alternate ending'.… #URL# ></document>
    <document> Why Jodie Whittaker of #HASHTAG# wasn't nearly the first female Doctor: #URL# #URL# ></document>
    <document> Description of #HASHTAG#'s mushroom planet and other Easter eggs: #URL# #URL# ></document>
    <document> #HASHTAG# reveals first look at 35th anniversary of death in new trailer #URL# #URL# ></document>
    <document> How #HASHTAG# beats a major comic book movie trend in a way #HASHTAG# never could: #URL# #URL# ></document>
    <document> #HASHTAG# is definitely a fun video game adaptation made for kids, our review:… #URL# ></document>
    <document> #HASHTAG# received more than 300 Ofcom complaints after the drama Paige and Finn. #URL# #URL# ></docement >
    <document> As if there were any doubts... Hopper is back! (Slightly hair removed) #HASHTAG# #URL# ></document>
    <document> Lucifer season 6 surprise renewal is said to be considered by Netflix: #URL# #HASHTAG# |… #URL# ></document>
    <document> Here's a first look at Margot Robbie's Harley Quinn in #HASHTAG#: #URL#… #URL# ></document>
    <document> Brooklyn Nine-Nine star Melissa Fumero gives birth to her second child #URL# #URL# ></document>
    <document> #HASHTAG#'s Joel Dommett explains which finalist "outsold everyone else" #URL#… #URL# ></document>
    <document> #HASHTAG#'s Lauren Lyle reveals a scene she was glad they didn't shoot for the show: #URL# #URL# ></document>
    <document> #HASHTAG#'s Dani Dyer explains the "really bullshit" about Jack Fincham's #URL# #URL# split ></document>
    How <document> #HASHTAG# creates a continuation sequence: #URL# #URL# ></document>
    <document> Grey's Anatomy fans outraged after the final episode announcing Alex Karev's debut #URL#… #URL# ></document>
    <document> Love Island's Laura Whitmore condemns 'keyboard trolls' after Caroline Flack's death #URL# #URL# ></document>
    <document> #HASHTAG# star Caitriona Balfe explains the story of season 5 that is not in the #URL# #URL# books ></document>
    <document> Another case (this time around #HASHTAG#) is giving Netflix a BIG headache: #URL# #URL# ></document>
    <document> The Masked Singer's greatest strength is also its greatest weakness #URL# #HASHTAG# #URL# ></document>
    <document> Love Island host Caroline Flack dies at 40 #URL# #URL# ></document>
    <document> #HASHTAG# reveals first winner of UK release #URL# #HASHTAG# #URL# ></document>
    <document> Here are those who participated in #HASHTAG# Battles this year #URL# #URL# ></document>
    <document> Suicide Squad set photo depicts a big DC Villain... can you guess who it is? #URL# |… #URL# ></document>
    <document> When parents dress their children as themselves #HASHTAG# #URL# ></document>
    <document> Alison Hammond of This Morning pays homage to the "beautiful" mother who passed away: #URL# #URL# ></document>
    <document> #HASHTAG# confirms returning characters for episode 100 #URL# #URL# ></document>
    <document> #HASHTAG# star Sophie Piper reveals if she has a crush on Connor Durman. #URL# #URL# ></ document>
    <document> #HASHTAG# winner Nicola Roberts has a mini reunion at Girls Aloud to watch her unmask: #URL# #URL# ></document>
    <document> What Rick and Morty can learn from the end of BoJack Horseman: #URL# #HASHTAG# |… #URL# ></document>
    <document> Doctor Who teases rise of Cybermen in two-part finale trailer #URL# #URL# ></document>
    <document> #HASHTAG# shows how to handle real crime - but still a big mistake was made: #URL# #URL# ></document>
    <document> #HASHTAG# will finally start filming very soon. #URL# #URL# ></ document>
    <document> Original #HASHTAG# star reveals whether he will retirereboot urn: #URL# #URL# ></document>
    <document> Mace Windu's purple lightsaber mystery in #HASHTAG# finally solved #URL# #URL# ></document>
    <document> Marvel star has a say in when Ant-Man 3 can begin filming: #URL# #HASHTAG# ></document>
    <document> Jurassic World 3 will bring back the original Jurassic World stars: #URL# #HASHTAG# #URL# ></document>
    <document> #HASHTAG# fans are split over a big change to #HASHTAG# villain Kai #URL# #URL# ></document>
    <document> #HASHTAG#'s latest abandoned Islander reacts to the series' most shocking debut. #URL# #URL# ></ document>
    <document> All new movies available to watch on Netflix right now: #URL# #URL# ></document>
    <document> #HASHTAG# star Jamie Lomas reveals more about Warren Fox's massive new story. #URL# #URL# ></ document>
    <document> Do we have any clues about Daniel Craig's latest #HASHTAG# release from Billie Eilish's "No Time To Die"... #URL# ></document>
    <document> #HASHTAG# has just left one of the most popular Islanders in this series! #URL# #URL# ></ document>
    <document> Dancing on Ice professional skater Hamish Gaman leaves tonight's show #URL# #URL# ></document>
    <document> Alan Carr explains why he turns #HASHTAG# Come Dancing "every year" #URL# #URL# ></document>
    <document> Dancing on Ice's Lisa George had a weird prop crash during routine: #URL# #URL# ></document>
    <document> Jameela Jamil defended by boyfriend after suffering 'atrocious' online harassment: #URL# #URL# ></document>
    <document> The first episode of #HASHTAG# has become a damaging trope that the show needs to fix in season 2 🌈… #URL# ></document>
    <document> First look at Margot Robbie's Harley Quinn in #HASHTAG#: #URL# #HASHTAG# |… #URL# ></document>
    <document> #HASHTAG# authenticates last three celebrities #URL# #HASHTAG# #URL# ></document>
    <document> 9 possible matches for The Undertaker at WrestleMania 36 #URL# #URL# ></document>
    <document> The ending of To All The Boys 2 and where the mid-credits scene of the first movie fits in: #URL#… #URL# ></document>
    <document> How to watch other great movies from Parasite director Bong Joon-ho #URL# #HASHTAG# #HASHTAG# #URL# ></document>
    <document> Mighty Ducks show on Disney+ will bring back the classic character: #URL# #HASHTAG# ></document>
    <document> The Pale Horse viewers were stunned by the ending with #URL# #HASHTAG# #URL# ></document>.
    <document> Sonic the Hedgehog has the biggest opening weekend ever for a video game adaptation #URL#… #URL# ></document>
    <document> Why Tosin Cole from #HASHTAG# might be leaving the series for good: #URL# #URL# ></document>
    <document> The Parks and Recreation team reunites for 'Galentine's Day' #URL# #HASHTAG# |… #URL# ></document>
    <document> Game of Thrones' Kristofer Hivju explains what he thinks Jon Snow and Tormund are doing so far #URL# #URL# ></document>
    <document> #HASHTAG# released the first trailerand release date for series 2: #URL# #URL# ></document>
    <document> Marvel's Tom Holland explains why #HASHTAG# is different from other video game movies: #URL# #URL# ></document>
    <document> #HASHTAG# poll: Queen Bee Girls Aloud singer Nicola Roberts? #URL# #URL# ></ document>
    <document> Tonight's Love Island canceled after the tragic death of Caroline Flack #URL# #URL# ></document>
    <document> #HASHTAG# cast reveals fans will "ask a lot of questions" about physics after watching the new movie… #URL# ></document>
    <document> #HASHTAG#'s Charity Dingle makes a new look! #URL# #URL# ></ document>
    <document> #HASHTAG# and #HASHTAG# star Rick Cosnett has revealed that he is gay. 🌈 #URL# #URL# ></ document>
    <document> #HASHTAG# Season 3 first look reveals a surprising new look for Jodie Comer #URL# #URL# ></document>
    <document> Love Island and its stars pay homage to Caroline Flack after her death #URL# #URL# ></document>
    <document> Coleen Rooney responds after Rebekah Vardy's emotional #HASHTAG# interview: #URL# #URL# ></document>
    <document> Thor 4's Taika Waititi teases potential in Jane's story: #URL# #HASHTAG# ></document>
    <document> Orlando Bloom misspells son's name on a new tattoo. #URL# #URL# ></ document>
    <document> Caroline Flack will appear posthumously in Steve Coogan's #HASHTAG#: #URL# #URL# ></document>
    <document> #HASHTAG#'s Tom Baker revives the mysterious role in the 50th anniversary special: #URL# #URL# ></document>
    <document> BBC license fee can be removed by government and replaced with subscriptions: #URL# #URL# ></document>
    <document> #HASHTAG# almost starring To All the Boys star Rose Tico #URL# #HASHTAG# #URL# ></document>
    <document> Have you seen these hidden Toy Story 4 Easter eggs? #URL# #URL# ></ document>
    We've had our first look at <document> 🚨 #HASHTAG# #URL# ></document> .
    <document> Netflix's #HASHTAG# channel offers a first look at season 3 with new trailer #URL# #URL# ></document>
    <document> Stranger Things season 4 trailer reveals Hopper's fate... he's alive! #URL# #HASHTAG# |… #URL# ></document>
    <document> Love Island: Unseen Bits was taken down after Caroline Flack's death #URL# #URL# ></document>
    <document> #HASHTAG#'s Ovie Soko says viewers should "blame the show", not the Islanders, for so many reunions:… #URL# ></document>
  
</author><document> #HASHTAG#'s David Berry answers questions about the fan-favorite Lord John spin-off: #URL# #URL# ></document>
    <document> Star Trek: Picard's Michelle Hurd Reveals What Surprised Her Most About Patrick Stewart #URL# #URL# ></document>
    <document> Viewers brand Mary Berry as "Savage" in #HASHTAG# reaction to tuna salad #URL# #URL# ></document>
    <document> Lewis Burton pays emotional tribute to Caroline Flack: #URL# #URL# ></document>
    <document> #HASHTAG#:… #URL# ></document>
    <document> The BBC publishes Rylan for the first time as a new #HASHTAG# host #URL# #URL# ></document>.
    <document> Noughts + Crosses first look trailer gives a glimpse into the characters of Callum, Sephy and Stormzy... #URL# ></document>
    <document> 100 Prequel Cast Stars of Riverdale and Carnival Row: #URL# #HASHTAG# #URL# ></document>
    <document> Robbie Williams and Ida Field announce birth of fourth child via #HASHTAG# #URL# #URL# ></document>
    <document> Sex and the City actress Lynn Cohen dies at 86 #URL# #URL# ></document>
    <document> Pale Horse had an important easter egg: #URL# #URL# ></document>
    <document> Dancing On Ice Reveals Latest Couples Dropping Out Of Competition #URL# #URL# ></document>
    <document> #HASHTAG# fans cry when Luke Trotman makes a fairytale-themed proposal to Cyanis Fudge.… #URL# ></document>
    <documentation> Future of Netflix's controversial series #HASHTAG# confirmed #URL# #URL# ></documentation>
    <document> #HASHTAG# features Marvel's first on-screen LGBTQ kiss: #HASHTAG# #URL# #URL# ></document>
    <Document> Love Island receives over 300 Ofcom complaints after Paige and Finn drama: #URL#… #URL# ></Document>
    <document> The Masked Singer's Jason Mumford reveals drastic measures to keep his involvement secret #URL#… #URL# ></document>
    <document> #HASHTAG#' Mark Hamill joins Game of Thrones stars in Netflix's Masters of the Universe reboot... #URL# ></document>
    <document> #HASHTAG# Photos on set allude to major DC villains #URL# #URL# ></document>
    <Documentation> Game of Thrones' Maisie Williams responds to these allegations about the show's 'alternate ending'.… #URL# ></Documentation>
    <document> Why Jodie Whittaker of #HASHTAG# wasn't the first female doctor: #URL# #URL# ></document>
    <document> Description of Mushroom Planet and other Easter Eggs in #HASHTAG#: #URL# #URL# ></document>
    <document> #HASHTAG# premieres 35th anniversary death in new trailer #URL# #URL# ></document>
    <document> How #HASHTAG# defies major comic book movie trends in a way #HASHTAG# never did: #URL# #URL# ></document>
    <document> #HASHTAG# is a fun video game totally for kids. Review:… #URL# ></document>
    <Document> #HASHTAG# has over 300 Ofcom complaints following the Paige and Finn drama. #URL# #URL# ></doCument>
    <documentation> As suspected... Hopper is back! (pulling his hair) #HASHTAG# #URL# ></document>
    <Documentation> Lucifer Season 6 surprise update rumored to be under consideration by Netflix: #URL# #HASHTAG# |… #URL# ></Documentation>
    <document> Margot Robbie's Harley Quinn Unveiled on #HASHTAG#: #URL#… #URL# ></document>
    <document> Brooklyn Nine-Nine Star Melissa Fumero Gives Birth To Second Child #URL# #URL# ></document>
    <document> #HASHTAG#'s Joel Dommett reveals which finalists "threw everyone" #URL#… #URL# ></document>
    <document> #HASHTAG#'s Lauren Lyle reveals one scene she was glad she didn't shoot for the series: #URL# #URL# ></document>
    <document> #HASHTAG#'s Dani Dyer Reveals What Was "Really Garbage" About Jack Fincham's Split #URL# #URL# ></document>
    <document> How #HASHTAG# sets the sequel: #URL# #URL# ></document>
    <document> Grey's Anatomy fans are upset after latest episode sets up explanation for Alex Karev's exit #URL#… #URL# ></document>
    <document> Love Island's Laura Whitmore slams 'keyboard trolls' after Caroline Flack's death #URL# #URL# ></document>
    <document> #HASHTAG# Star Caitriona Balfe Reveals Untold Season 5 Stories #URL# #URL# ></document>
    <document> Another lawsuit, this time about #HASHTAG#, is giving Netflix a big headache: #URL# #URL# ></document>
    <document> The masked diva's greatest strength is also her greatest weakness #URL# #HASHTAG# #URL# ></document>
    <document> Love Island Host Caroline Flack Dies at 40 #URL# #URL# ></document>
    <document> #HASHTAG# reveals first-ever UK winner #URL# #HASHTAG# #URL# ></document>
    <document> Here are the results of this year's #HASHTAG# battle #URL# #URL# ></document>
    <Documentation> Suicide Squad set photos tease a major DC villain... Guess who? #URL# |… #URL# ></document>
    <document> When parents dress their children #HASHTAG# #URL# ></document>
    <document> Allison Hammond this morning pays tribute to her late "beautiful" mother: #URL# #URL# ></document>
    <document> Make sure #HASHTAG# returns 100 characters #URL# #URL# ></document>
    <Documentation> #HASHTAG# star Sophie Piper reveals if she had a crush on Conor Durman. #URL# #URL# ></Document>
    <document> #HASHTAG# winner Nicola Roberts did a Girls Aloud mini reunion to watch her unmask: #URL# #URL# ></document>
    <document> What Rick and Morty Can Learn from BoJack Horseman's Ending: #URL# #HASHTAG# |… #URL# ></document>
    <document> Doctor Who Teases Rise Of The Cybermen In Two-Part Finale Trailer #URL# #URL# ></document>
    <document> #HASHTAG# shows how to deal with true crime, but still makes a big mistake: #URL# #URL# ></document>
    <document> #HASHTAG# Filming will start soon. #URL# #URL# ></Document>
    <Document> Reveals if former #HASHTAG# star is retiringRestart Urn: #URL# #URL# ></document>
    <document> #HASHTAG# Mace Windu's Purple Lightsaber Mystery Finally Solved #URL# #URL# ></document>
    <document> Marvel star gives his opinion on when Ant-Man 3 will start filming: #URL# #HASHTAG# ></document>
    <document> Jurassic World 3 Brings Back the Original Jurassic World Star: #URL# #HASHTAG# #URL# ></document>
    <document> #HASHTAG# Fans split on #HASHTAG# villain Kai's big twist #URL# #URL# ></document>
    <Documentation> #HASHTAG#'s latest dumped Eyelander reacts to the series' most shocking end. #URL# #URL# ></Document>
    <document> All new movies currently available on Netflix: #URL# #URL# ></document>
    <Documentation> #HASHTAG# star Jamie Lomas reveals more about Warren Fox's huge new story. #URL# #URL# ></Document>
    <documentation> Any clues about Daniel Craig's final #HASHTAG# out-in from Billie Eilish's "No Time To Die"? #URL# ></documentation>
    <Documentation> #HASHTAG# has dumped one of the most popular Islanders in the series! #URL# #URL# ></Documentation>
    <document> Dancing On Ice Professional Skater Hamish Gaman Absent Tonight's Show #URL# #URL# ></document>
    <document> Alan Carr Reveals Why He Declined #HASHTAG# Attending Dance "Yearly" #URL# #URL# ></document>
    <document> Dancing on Ice's Lisa George had an awkward prop accident during her routine: #URL# #URL# ></document>
    <document> Jameela Jamil defended by boyfriend after 'disgusting' online abuse: #URL# #URL# ></document>
    <Documentation> The first episode of #HASHTAG# played a pernicious trope that the show needs to fix in Season 2 🌈… #URL# ></Documentation>
    <document> Margot Robbie's Harley Quinn Unveiled in #HASHTAG#: #URL# #HASHTAG# |… #URL# ></document>
    <document> #HASHTAG# confirms the identities of the last three celebrities #URL# #HASHTAG# #URL# ></document>
    <document> Nine Possible Matches of The Undertaker at WrestleMania 36 #URL# #URL# ></document>
    <document> To All The Boys 2 ending description and location of the mid-credits scene of the first film: #URL#… #URL# ></document>
    <document> How to watch other great movies directed by Bong Joon Ho #URL# #HASHTAG# #HASHTAG# #URL# ></document>
    <document> Disney+'s Mighty Ducks Show Brings Back Classic Characters: #URL# #HASHTAG# ></document>
    <document> Ending with #URL# #HASHTAG# #URL# left Pale Horse viewers confused ></document>
    <document> Sonic the Hedgehog had its biggest opening weekend ever for a video game adaptation #URL#… #URL# ></document>
    <document> Why #HASHTAG#'s Tosin Cole may leave the show forever: #URL# #URL# ></document>
    <document> Parks and Recreation Cast Reunite for Show's "Galentine's Day" #URL# #HASHTAG# |… #URL# ></document>
    <document> Game of Thrones' Christopher Hivju reveals current thoughts on Jon Snow and Tormund #URL# #URL# ></document>
    <Documentation> #HASHTAG# Releases First TrailerSeries 2 release date: #URL# #URL# ></document>
    <document> Marvel's Tom Holland explains why #HASHTAG# is different than other video game movies: #URL# #URL# ></document>
    <Document> #HASHTAG# Poll: Is Nicola Roberts the singer of Queen Bee Girls Aloud? #URL# #URL# ></Document>
    <document> Tonight's Love Island Canceled After Caroline Flack's Tragic Death #URL# #URL# ></document>
    <document> #HASHTAG# Cast Announcement Fans will have ``many questions'' about physics after seeing new movie... #URL# ></document>
    <document> #HASHTAG#'s Charity Dingle shows off her new look! #URL# #URL# ></document>
    <Documentation> #HASHTAG# and #HASHTAG# star Rick Cosnett has come out as gay. 🌈 #URL# #URL# ></document>
    <document> #HASHTAG# Season 3 first look reveals Jodie Comer's stunning new look #URL# #URL# ></document>
    <document> Love Island and its stars pay tribute to Caroline Flack following her death #URL# #URL# ></document>
    <document> After an emotional #HASHTAG# interview with Rebekah Vardy, Coleen Rooney responds: #URL# #URL# ></document>
    <document> Thor 4's Taika Waititi teases possible Jane storylines: #URL# #HASHTAG# ></document>
    <documentation> Orlando Bloom misspelled son's name on new tattoo. #URL# #URL# ></documentation>
    <document> Caroline Flack Posthumously Appears in Steve Coogan Film #HASHTAG#: #URL# #URL# ></document>
    <document> #HASHTAG#'s Tom Baker Reprises Mysterious Role in 50th Anniversary Special: #URL# #URL# ></document>
    <document> BBC subscription fees may be phased out by government and replaced by subscriptions: #URL# #URL# ></document>
    <document> #HASHTAG# To All the Boys star almost cast as Rose Tico #URL# #HASHTAG# #URL# ></document>
    <Document> Did you find these hidden Toy Story 4 Easter Eggs? #URL# #URL# ></Document>
    First time seeing <document> 🚨 #HASHTAG# #URL# ></document>
    <document> Netflix's #HASHTAG# Premieres Season 3 With New Trailer #URL# #URL# ></document>
    <Documentation> Stranger Things Season 4 Trailer Reveals Hopper's Fate…He's Alive! #URL# #HASHTAG# |… #URL# ></document>
    <document> Love Island: Unseen Bits Aired After Caroline Flack's Death #URL# #URL# ></document>
    <document> Ovie Soko of #HASHTAG# says viewers should "blame the show" for so many reunions, not Islanders:… #URL# ></document>
  
</author>