
  
    <document> Slamdance Film Festival Winners Led By 'Murmur' And 'Residue' #URL# ></document>
    <document> Michael Bloomberg May Qualify For Debate Under New DNC Rules #URL# ></document>
    <document> This made me so emotional. Thanks #USER# for always educating and sharing!!! #URL# ></document>
    <document> Grammy Ratings' Early Results Steady With 2018 Low; Kobe Bryant Tribute &amp; Big Billie Eilish Wins Rule Show #URL# ></document>
    <document> Sony Pictures Classics Picks Up Dror Moreh's 'The Human Factor' #URL# ></document>
    <document> Elaine Welteroth Memoir 'More Than Enough' Is Being Developed For TV #HASHTAG#. #HASHTAG# #URL# ></document>
    <document> Eddie Murphy’s SNL Return Delivers Ratings Win #URL# ></document>
    <document> Amazon Stock Surges, Market Cap Tops $1 Trillion #URL# ></document>
    <document> The GOAT. RIP. Prayers to his family.  #URL# ></document>
    <document> Jennifer Lopez and Eddie Murphy Grace Vanity Fair Cover ></document>
    <document> Eddie Murphy reveals why he wasn't fired in big 1980s SNL shakeup ></document>
    <document> Adam Sandler Re-Ups With Netflix For Four More Movies #URL# ></document>
    <document> UK Union Bectu Calls For Meeting With BAFTA Chief Amanda Berry To Discuss Diversity Proposal #URL# ></document>
    <document> Eddie Murphy Honored With The Lifetime Achievement Award #URL# ></document>
    <document> I wish politicians would create equal opportunities for POC (pay disparity, racial profiling, discrimination...) in… #URL# ></document>
    <document> Paradigm's Sam Gores Denies Agency In Talks To Be Acquired By CAA, As Agency Shutters Unscripted TV #URL# ></document>
    <document> 'Top Gear' Showrunners Reveal How They Avoid Awkward Overlaps With Amazon's 'The Grand Tour' #URL# ></document>
    <document> Netflix leads all nominees for NAACP Image Awards - Los Angeles Times #URL# ></document>
    <document> Zero Gravity Bolsters Team With Hire Of Talent Manager Iona Maclean #URL# ></document>
    <document> 'Resident Alien': Linda Hamilton, Mandell Maughan To Recur On Syfy Series Based On Dark Horse Comics #URL# ></document>
    <document> Impeachment TV: Will The Senate Go Dark For Final Deliberations? #URL# ></document>
    <document> Eddie Murphy, Renee Zellweger, and Jennifer Lopez grace 26th annual 'Vanity Fair' Hollywood Issue - Connect FM ></document>
    <document> 'The Lovebirds' Trailer: Issa Rae And Kumail Nanjiani's Murder Mystery Rom-Com #URL# #HASHTAG# ></document>
    <document> My daughter is in her Sophomore year     #USER# and wishes to follow the path you continue to trailblaze!! No matter… #URL# ></document>
    <document> Big Sundance Deal: Justin Simien's 'Bad Hair' Near $8 Million + Worldwide Pact With Hulu; Theatrical Rollout Planned #URL# ></document>
    <document> Sony Investor Third Point Renews Calls For Entertainment To "Stand Alone" #URL# ></document>
    <document> Eddie Murphy Says Eating Dog Food Saved His SNL Job ></document>
    <document> 'The Good Place' Ends On Good Ratings Note; 'Evil' Finale Steady #URL# ></document>
    <document> 'Peppa Pig': Amelie Bea Smith To Voice Animated Kids' Character, Takes Over From Harley Bird #URL# ></document>
    <document> Christian Rivers To Direct 'Into Thin Air', On Disappearance Of Malaysia Airlines Flight 370 #URL# ></document>
    <document> Hollywood Walk Of Fame Upgrades Floated By City Include More Trees, Dining, Better Lighting #URL# ></document>
    <document> What?!! Again proving how much this family doesn’t know about history...the world. Also how ensconced they are in W… #URL# ></document>
    <document> Eddie Murphy's 1988 Oscars Statement Relevant to 2020 #HASHTAG# Nominations #URL# ></document>
    <document> 'Severance': Jen Tullock &amp; Zach Cherry To Star In Apple Drama Series #URL# ></document>
    <document> Margot Robbie To Co-Star Opposite Christian Bale In David O. Russell New Regency Film #URL# ></document>
    <document> Watch Eddie Murphy Tell the Story About How Literal Dog Food Saved His SNL Career ></document>
    <document> Bernie Sanders Projected To Win New Hampshire Primary #URL# ></document>
    <document> Here’s Why J. Lo, Adam Sandler, And Eddie Murphy Were Snubbed At The Oscars: Report ></document>
    <document> Eddie &amp; Nicole Murphy's Granddaughter Evie Melts Hearts in Her Pink Outfit in Photo with Dad Miles Mitchell #URL# ></document>
    <document> Charter Earnings Beat: Video Subs Dip But Revenue Rises #URL# ></document>
    <document> Eddie Murphy Says There Was Just One 'Saturday Night Live' Sketch That Saved His Job #URL# ></document>
    <document> 'SEAL Team': Rachel Boston &amp; Tim Chiou To Recur On CBS Drama Series #URL# ></document>
    <document> I’m not a director but this is one of my all time fav scenes...and films. I’ve seen everything film he’s been in bu… #URL# ></document>
    <document> Beloved Actor And Comedian Eddie Murphy Covers W Mag - Essence #URL# ></document>
    <document> Apparently he found his “black” book. All puns intended... #URL# ></document>
    <document> ‘Bad Boys for Life’ Excelled at the Box Office. ‘Dolittle’ Didn’t. - The New York Times #HASHTAG# #URL# ></document>
    <document> Eddie Murphy Got Bad Comedy Advice From Rodney Dangerfield #URL# ></document>
    <document> Joel Coen's 'Macbeth' With Denzel Washington &amp; Frances McDormand Readies For Shoot, 'Buster Scruggs' Actor Joins #URL# ></document>
    <document> HBO Documentary Films Sets Mid-7-Figure Deal On 'Siempre, Luis', Sundance Pic On Lin-Manuel Miranda's Dad #URL# ></document>
    <document> 'Knives Out' Tops $300M Worldwide As Moviegoers Keep Flinging Dollars At Rian Johnson Whodunit ⁦⁦ #URL# ></document>
    <document> 'Beat Shazam' Renewed For Season 4 By Fox ⁦#USER#⁩  #URL# ></document>
    <document> Oscar voters pass over big names including Eddie Murphy, JLo - Reuters #URL# ></document>
    <document> "Who knew?" Eddie Murphy shares the worst advice he's ever received ></document>
    <document> Endemol Shine’s Factual Chief Kim Shillinglaw Exits – Deadline #URL# ></document>
    <document> 'The Game' Reboot Not Going Forward At the CW #URL# ></document>
    <document> Alan Ball's 'Uncle Frank' Acquired By Amazon In $12 Million Worldwide Deal - Sundance #URL# ></document>
    <document> Quibi Developing Couple Dramedy 'Heartbeats' From 'Everything Sucks' Creators #URL# ></document>
    <document> George Cheeks Named CEO Of CBS Entertainment As Joe Ianniello Exits #URL# ></document>
    <document> Eddie Murphy Was Stealing Hubcaps &amp; Close To Getting Fired His 1st Year With "SNL" #URL# ></document>
    <document> Paget Brewster Joins 'Blood &amp; Treasure'; 'Briarpatch' Casts Sarah Minnich #URL# ></document>
    <document> Harvey Weinstein Trial: Second Formal Accuser Describes Alleged Sexual Assaults - Update #URL# ></document>
    <document> Oprah Says Her Exit From Russell Simmons Doc Is 'Not A Victory For Him' #URL# #HASHTAG# ></document>
    <document> Justin Simien Bad Hair $8 Million+ Deal With Hulu — Sundance – Deadline #URL# ></document>
    <document> Apple Series 'Foundation' Set To Be Ireland's Largest Ever Production, Employing 500+ People #URL# ></document>
    <document> #USER# Me too. This gave me all the good feels...beautiful and kind...like their parents.  #HASHTAG# ></document>
    <document> Bevery Hills Cop Deleted Scene Sees Eddie Murphy Chasing Leads ></document>
    <document> [WATCH] Eddie Murphy Claims 'SNL' Dog Food Skit Was Reason For Success #URL# ></document>
    <document> IMO the main reason that people are so willing to accept and turn a blind eye to everything that comes from 45, et… #URL# ></document>
    <document> Eddie Murphy recalls first, only audition for 'SNL': 'Nobody laughed' #URL# ></document>
    <document> Box office: Will Smith and 'Bad Boys for Life' are back on top - Los Angeles Times #URL# ></document>
    <document> Eddie Murphy reveals his first and only audition was for 'SNL' #URL# ></document>
    <document> RT #USER#: Finally met #USER# at the #USER# nominee luncheon... so proud of him.. please vote for his short #HASHTAG#… ></document>
    <document> Eddie Murphy Accepts Lifetime Achievement Award at Critics' Choice ></document>
    <document> 'Palm Springs' Near $15 Million Deal With Neon &amp; Hulu - Sundance #URL# ></document>
    <document> James Corden Addresses The 'Carpool Karaoke' Scandal That's Rocking The Internet #URL# ></document>
    <document> 'The Assistant' Makes Timely Debut; 'The Traitor', 'Beanpole' Premiere Stateside, 'Ne Zha' Gets Lunar New Year Re-R… #URL# ></document>
    <document> Boris Johnson To Set In Motion Plan That BBC Says Will Blow A $260M Hole In Its Content Budget #URL# ></document>
    <document> 'The View' Co-Host Meghan McCain Confirms Abby Huntsman Feud, Denies Other Show Problems #URL# ></document>
    <document> Why Eddie Murphy Took a Break from Hollywood ></document>
    <document> 'Zola' Twitter Saga Comes To Life In Wild Flick #URL# #HASHTAG# ></document>
    <document> Byron Allen's Entertainment Studios Acquires 11 Local TV Stations For $305 Million #URL# ></document>
    <document> Joyce Sevilla Dies: Nightlife And Entertainment Publicist For Major Brands Was 47 #URL# ></document>
    <document> Eddie Murphy Recalls The One ‘SNL’ Sketch That Saved His Job When Everyone Got Fired ></document>
    <document> 'Loki': Owen Wilson Joins Marvel Series On Disney+ #URL# ></document>
    <document> 'The Conners' Plays Safe With Politics, Pushes The Vote In Live New Hampshire Primary-Themed Episode #URL# ></document>
    <document> The Best International Feature Race: 'Parasite', 'Pain And Glory' &amp; Some Surprises #URL# ></document>
    <document> ‘Severance’: Jen Tullock &amp; Zach Cherry To Star In Apple Drama Series – Deadline #URL# ></document>
    <document> “Nobody Laughed”: Eddie Murphy on His Harrowing First (and Only) Audition ></document>
    <document> H&amp;M, 'Black Panther' costume designer team up on a clothing line - Los Angeles Times #URL# ></document>
    <document> Comcast Buys Dublin-Based Blueface To Bolster Fast Growing Cable Biz Unit #URL# ></document>
    <document> 'Bad Boys For Life' Making Touchdown Over Super Bowl Weekend With $17M+; 'Gretel &amp; Hansel' &amp; 'Rhythm Section' Fumbl… #URL# ></document>
    <document> 'The Crown': Netflix Royal Drama To End With Season Five As Imelda Staunton Confirmed As Final Queen Elizabeth II #URL# ></document>
    <document> Fox Channels Pulled From Roku In Carriage Flap Before Super Bowl LIV - Update #URL# ></document>
    <document> Oscar-Nominated 'In The Absence' Takes Haunting Look At Sewol Ferry Disaster #URL# ></document>
    <document> Artios Awards: 'Once Upon A Time In Hollywood' &amp; 'Jojo Rabbit' Among Casting Society's Film Winners - Full List #URL# ></document>
    <document> Sundance: Abramorama Acquires PJ Harvey Doc ‘A Dog Called Money’ &amp; More – Deadline #URL# ></document>
    <document> New Hollywood Podcast: 'Disclosure: Trans Lives On Screen' Director, Subjects Talk Candidly About Trans Representat… #URL# ></document>
    <document> 'The Good Place' Walks Through Door To Un-Eternity In Series Finale [SPOILERS] #URL# ></document>
    <document> 'The Late Show With Stephen Colbert' Asks: Can I Get A Witness? #URL# ></document>
    <document> ‘Palm Springs’ Near $15 Million Deal With Neon &amp; Hulu At Sundance – Deadline #URL# ></document>
  
</author>
<document> Winners of the Slamdance Film Festival led by "Murmur" and "Residue" #URL# </document>
    <document> Michael Bloomberg may qualify for debate under new DNC rules #URL# </document>
    <document> This made me so excited. Thank you #USER# for always educating and sharing!!! #URL# </document>
    <document> Initial Grammy Ratings Results Stable From 2018 Lows; Tribute to Kobe Bryant &amp; Big Billie Eilish wins Rule Show #URL# ></document>
    <document> Sony Pictures Classics resumes Dror Moreh's "The Human Factor" #URL# ></document>
    <document> Elaine Welteroth's memoir 'More Than Enough' is in development for TV #HASHTAG#. #HASHTAG# #URL# </document>
    <document> Eddie Murphy's SNL Return Gets Winning Votes #URL# </document>
    <document> Amazon Stock Soars, Market Cap Exceeds $1 Trillion #URL# </document>
    <document> The GOAT. RIP. Prayers to his family. #URL# </document>
    <document> Cover of Jennifer Lopez and Eddie Murphy Grace Vanity Fair </document>
    <document>Eddie Murphy Reveals Why He Wasn't Fired During 1980s SNL's Big Change</document>
    <document> Adam Sandler returns to Netflix for four more #URL# </document> films
    <document> UK trade union Bectu requests meeting with BAFTA head Amanda Berry to discuss diversity proposal #URL# </document>
    <document> Eddie Murphy honored with #URL# Lifetime Achievement Award </document>
    <document> I would like politicians to create equal opportunities for POC (pay inequality, racial profiling, discrimination...) in... #URL# ></document>
    <document> Paradigm's Sam Gores denies agency in talks to be acquired by CAA, as agency shuts down unscripted TV #URL#></document>
    <document> 'Top Gear' showrunners reveal how they avoid awkward overlaps with Amazon's 'The Grand Tour' #URL# </document>
    <document>Netflix Leads All NAACP Image Awards Nominees - Los Angeles Times #URL# </document>
    <document> Zero Gravity Strengthens Team with Hiring of Talent Manager Iona Maclean #URL# </document>
    <document> 'Resident Alien': Linda Hamilton and Mandell Maughan to Star in Syfy Series Based on Dark Horse Comics #URL# </document>
    <document> Impeachment TV: Will the Senate overshadow the final deliberations? #URL# </document>
    <document>Eddie Murphy, Renee Zellweger and Jennifer Lopez Celebrate 'Vanity Fair's 26th Annual Hollywood Issue - Connect FM</document>
    <document> 'The Lovebirds' Trailer: Issa Rae & Kumail Nanjiani Murder Romantic Comedy #URL# #HASHTAG# </document>
    <document> My daughter is a #USER# sophomore and wants to follow the path you continue to trace!! It doesn't matter... #URL# </document>
    <document> Big deal at Sundance: Justin Simien's "Bad Hair" close to $8 million + worldwide pact with Hulu; Theatrical launch planned #URL# </document>
    <document> Sony Investor Third Point renews request for "Stand Alone" entertainment #URL# </document>
    <document>Eddie Murphy Says Eating Dog Food Saved His SNL Job</document><document> 'The Good Place' ends with good grades Note; Constant "evil" ending #URL#></document>
    <document> 'Peppa Pig': Amelie Bea Smith will voice the animated character for children, taking over from Harley Bird #URL# </document>
    <document> Christian Rivers to direct 'Into Thin Air', about the disappearance of Malaysia Airlines Flight 370 #URL# </document>
    <document>Proposed Hollywood Walk Of Fame Updates By Cities Include More Trees, Restaurants And Better Lighting #URL# </document>
    <document> What?!! Proving once again how this family doesn't know history... the world. Also how much are placed in W… #URL# ></document>
    <document> Eddie Murphy's 1988 Oscar Statement Regarding 2020 Nominations #HASHTAG# #URL# </document>
    <document> 'Severance': Jen Tullock &amp; Zach Cherry stars in Apple drama series #URL# ></document>
    <document> Margot Robbie to co-star opposite Christian Bale in David O. Russell's new Regency film #URL# </document>
    <document>Watch Eddie Murphy tell the story of how literal dog food saved his SNL career</document>
    <document> Bernie Sanders predicted winning New Hampshire primary #URL# </document>
    <document>Here's Why J. Lo, Adam Sandler & Eddie Murphy Were Snubbed At The Oscars: Report</document>
    <document> Eddie &amp; Nicole Murphy's niece Evie melts hearts in her pink dress pictured with dad Miles Mitchell #URL# </document>
    <document> Better charter earnings: Video captions down but revenues up #URL# </document>
    <document> Eddie Murphy Says There Was Only One "Saturday Night Live" Sketch That Saved His Job #URL# ></document>
    <document> 'SEAL Team': Rachel Boston &amp; Tim Chiou to star in CBS drama series #URL#></document>
    <document> I'm not a director but this is one of my favorite scenes... and movies of all time. I've seen every movie he's been in but... #URL# ></document>
    <document>Beloved actor and comedian Eddie Murphy covers W Mag - Essence #URL# ></document>
    <document> Apparently he found his book "black". All puns are expected... #URL# </document>
    <document> 'Bad Boys for Life' excelled at the box office. "Dolittle" no. - The New York Times #HASHTAG# #URL# ></document>
    <document>Eddie Murphy got bad comedy advice from Rodney Dangerfield #URL# </document>
    <document> 'Macbeth' by Joel Coen with Denzel Washington &amp; Frances McDormand prepares for filming, 'Buster Scruggs' actor joins #URL# </document>
    <document> HBO Documentary Films Sets 7-Figure Deal For 'Siempre, Luis' Sundance Pic About Lin-Manuel Miranda's Father #URL# </document>
    <document> 'Knives Out' Crosses $300 Million Worldwide As Viewers Continue To Throw Dollars At Rian Johnson Whodunit #URL# </document>
    <document> 'Beat Shazam' renewed for season 4 by Fox #USER# #URL# </document>
    <document>Oscar voters ignore big names including Eddie Murphy, JLo - Reuters #URL# </document>
    <document> "Who knew?" Eddie Murphy shares the worst advice he's ever received>></document>
    <document> Endemol Shine Real Boss Kim Shillinglaw Resigns - Deadline #URL# </document>
    <document> Restarting 'The Game' fails at CW #URL# </document>
    <document> Alan Ball's "Uncle Frank" Acquired by Amazon in $12 Million Worldwide Deal - Sundance #URL# </document>
    <document> Quibi is developing the couple drama "Heartbeats" from the creators of "Everything Sucks" #URL# </document>
    <document>George Cheeks Appointed CEO of CBS Entertainment After Joe Ianniello Exit #URL# </document>
    <document> Eddie Murphy was stealing hubcaps &amp; Close to being fired his freshman year with "SNL" #URL# ></document>
    <document> Paget Brewster joins 'Blood &amp; Treasure'; 'Briarpatch' launches Sarah Minnich #URL#></document>
    <document>Harvey Weinstein Trial: Second Formal Prosecutor Describes Sexual Assault Allegations - Update #URL# </document>
    <document> Oprah Says Her Exit Russell Simmons Doc Is "Not A Win For Him" ​​#URL# #HASHTAG# </document>
    <document> Justin Simien Bad Hair Over $8 Million Deal With Hulu — Sundance – Expires #URL# </document>
    <document> Apple Series 'Foundation' To Be Largest Irish Production Ever, Employing Over 500 People #URL# </document>
    <document> #USER# Me too. This gave me all the good feelings… nice and kind… like their parents. #HASHTAG# </document>
    <document>Beverly Hills Cop deleted scene has Eddie Murphy hunting for clues</document>
    <document> [WATCH] Eddie Murphy says 'SNL' dog food skit was the reason for success #URL# </document>
    <document> IMO the main reason people are so willing to accept and turn a blind eye to anything that comes from 45, et… #URL# </document>
    <document> Eddie Murphy Recalls First, Only Audition For 'SNL': 'Nobody Laughed' #URL# ></document>
    <document> Box office: Will Smith and 'Bad Boys for Life' return to the top - Los Angeles Times #URL# </document>
    <document> Eddie Murphy reveals his first and only audition was for 'SNL' #URL# </document>
    <document> RT #USER#: Finally met #USER# at the #USER# Candidates Lunch... so proud of him.. please vote for his short #HASHTAG#... </document>
    <document>Eddie Murphy receives Critics Choice Lifetime Achievement Award</document>
    <document> 'Palm Springs' close to $15 million deal with Neon &amp; Hulu - Sundance #URL# </document>
    <document>James Corden addresses the "Carpool Karaoke" scandal rocking the Internet #URL# </document>
    <document> 'The Assistant' makes timely debut; 'The Traitor', 'Beanpole' US Premiere, 'Ne Zha' Gets Lunar New Year Re-R... #URL# ></document>
    <document>Boris Johnson to initiate plan that BBC says will blow $260m hole in its content budget #URL# </document>
    <document> 'The View' co-host Meghan McCain confirms feud with Abby Huntsman, denies other show issues #URL# ></document>
    <document>Why Eddie Murphy took a break from Hollywood</document>
    <document> The 'Zola' T Twitter saga arrivesor Life In Wild Flick #URL# #HASHTAG# ></document>
    <document>Byron Allen's Entertainment Studios Acquires 11 Local TV Stations for $305 Million #URL# </document>
    <document> Joyce Sevilla has died: Nightlife and entertainment publicist for big brands was 47 #URL# </document>
    <document>Eddie Murphy recalls the one 'SNL' sketch that saved his job when everyone got fired</document>
    <document> 'Loki': Owen Wilson Joins Marvel Series on Disney+ #URL# </document>
    <document> 'The Conners' Plays It Safe With Politics, Pushing Vote in New Hampshire Primary-Themed Live Episode #URL# </document>
    <document> Best International Feature Film Competition: 'Parasite', 'Pain And Glory' &amp; Some #URL# ></document> surprises
    <document> 'Separation': Jen Tullock &amp; Zach Cherry stars in drama series Apple – Deadline #URL# ></document>
    <document> "Nobody Laughed": Eddie Murphy at his heartbreaking first (and only) audition </document>
    <document> H&amp;M, 'Black Panther' Costume Designer Collaborate on Clothing Line - Los Angeles Times #URL# </document>
    <document>Comcast buys Dublin-based Blueface to shore up fast-growing Cable Biz unit #URL# </document>
    <document> 'Bad Boys For Life' Makes Touchdown During Super Bowl Weekend With Over $17 Million; 'Gretel &amp; Hansel' &amp; 'Rhythm Section' Fumbl… #URL# ></document>
    <document> 'The Crown': Netflix royal drama to conclude with season 5, with Imelda Staunton confirmed as latest Queen Elizabeth II #URL# </document>
    <document>Fox Channels Pulled From Roku In Tailgate Before Super Bowl LIV - Update #URL# </document>
    <document> Oscar-nominated 'In The Absence' takes a haunting look at the Sewol ferry disaster #URL# </document>
    <document> Artios Awards: 'Once Upon a Time in Hollywood' &amp; "Jojo Rabbit" Among Casting Society Winning Films - Full List #URL# ></document>
    <document> Sundance: Abramorama Acquires PJ Harvey Doc 'A Dog Called Money' &amp; Other – Expires #URL# ></document>
    <document> New Hollywood Podcast: "Disclosure: Trans Lives On Screen" Director, Subjects Speak Candidly About Trans Representat... #URL# ></document>
    <document> 'The Good Place' walks through the door to not eternity in series finale [SPOILER] #URL# </document>
    <document> 'The Late Show With Stephen Colbert' asks: Can I get a witness? #URL# </document>
    <document> 'Palm Springs' Closes To $15 Million Deal With Neon &amp; Hulu at Sundance – Deadline #URL# ></document>
  
</author><document> Slamdance Film Festival winners led by "Murmur" and "Residue" #URL# ></document>
    <Document> Michael Bloomberg may qualify for a debate under the new DNC rules #URL# ></Document>
    <Document> That made me so emotional. Thank you #USER# for always teaching and sharing!!! #URL# ></document>
    <Document> Initial Grammy ratings results remain stable at 2018 lows; Kobe Bryant Tribute &amp; Big Billie Eilish Wins Rule Show #URL# ></document>
    <document> Sony Pictures Classics revisits Dror Moreh's The Human Factor at #URL# ></document>
    <document> Elaine Welteroth memoir 'More Than Enough' in development for TV #HASHTAG#. #HASHTAG# #URL# ></document>
    <document> Eddie Murphy's SNL Return Returns Ratings Win #URL# ></document>
    <document> Amazon shares soar, market cap surpasses $1 trillion #URL# ></document>
    <Document> The GOAT. REST IN PEACE. prayers to his family. #URL# ></document>
    <Document> Jennifer Lopez and Eddie Murphy Grace Vanity Fair Cover ></Document>
    <document> Eddie Murphy reveals why he wasn't fired in the big SNL reorganization in the 1980s ></document>
    <document> Adam Sandler is partnering with Netflix for four more movies #URL# ></document>
    <Document> UK union Bectu calls for meeting with BAFTA leader Amanda Berry to discuss diversity proposal #URL# ></document>
    <document> Eddie Murphy honored with Lifetime Achievement Award #URL# ></document>
    <Document> I wish politicians would equalize opportunities for POC (wage gap, racial profiling, discrimination...) in... #URL# ></document>
    <document> Paradigm's Sam Gores denies agency in CAA acquisition talks as agency shuts down Unscripted TV #URL# ></document>
    <document> Top Gear showrunners reveal how they avoid awkward overlaps with Amazon's The Grand Tour #URL# ></document>
    <document> Netflix Lists All NAACP Image Awards Nominees - Los Angeles Times #URL# ></document>
    <document> Zero Gravity strengthens its team with the hiring of Talent Manager Iona Maclean #URL# ></document>
    <document> Resident Alien: Linda Hamilton and Mandell Maughan Reprise Syfy Series Based on Dark Horse Comics #URL# ></document>
    <Document> Impeachment TV: Will Senate go dark for final deliberations? #URL# ></document>
    <document> Eddie Murphy, Renee Zellweger and Jennifer Lopez grace the 26th Annual Vanity Fair Hollywood Issue - Connect FM ></document>
    <Document> The Lovebirds Trailer: Issa Rae and Kumail Nanjiani's Crime Rom-Com #URL# #HASHTAG# ></Document>
    <Document> My daughter is in her second year #USER# and wants to follow the path you continue to push!! Anyway… #URL# ></document>
    <Document> Big Sundance Deal: Justin Simien's "Bad Hair" Nearly $8M + Global Deal With Hulu; Theatrical release planned #URL# ></document>
    <document> Sony Investor Third Point Renews Calls for Entertainment to Stand Alone #URL# ></document>
    <document> Eddie Murphy Says Eating Dog Food Saved His SNL Job ></document><Document> "The Good Place" ends with grade "Good Reviews"; 'Evil' Finale Steady #URL# ></document>
    <document> Peppa Pig: Amelie Bea Smith will voice Harley Bird #URL# ></document> for an animated child character
    <document> Christian Rivers initiates "Into Thin Air" on the disappearance of Malaysia Airlines Flight 370 #URL# ></document>
    <document> Hollywood Walk of Fame upgrades distributed by city: more trees, restaurants, better lighting #URL# ></document>
    <Document> What?!! Another testament to how much this family doesn't know about history...the world. Also how hidden they are in W… #URL# ></document>
    <Document> Eddie Murphy's 1988 Oscars Statement Regarding 2020 #HASHTAG# Nominations #URL# ></Document>
    <Document> 'Severance Pay': Jen Tullock &amp; Zach Cherry stars in the Apple drama series #URL# ></document>
    <document> Margot Robbie appears opposite Christian Bale in David O. Russell's New Regency film #URL# ></document>
    <document> Watch Eddie Murphy Tell How Literal Dog Food Saved His SNL Career ></document>
    <document> Bernie Sanders likely to win New Hampshire elementary school #URL# ></document>
    <document> Here's why J.Lo, Adam Sandler and Eddie Murphy were snubbed at the Oscars: Report ></document>
    <Document> Eddie &amp; Nicole Murphy's granddaughter Evie melts hearts in her pink outfit in a photo with dad Miles Mitchell #URL# ></document>
    <document> Chart revenue hits back: Video subscribers down but revenue up #URL# ></document>
    <document> Eddie Murphy says there was only one Saturday Night Live sketch that saved his job #URL# ></document>
    <Document> 'SEAL Team': Rachel Boston &amp; Tim Chiou repeats himself on the CBS drama series #URL# ></document>
    <Document> I'm not a director, but this is one of my absolute favorite scenes... and movies. I saw everything he filmed on... #URL# ></document>
    <document> Popular actor and comedian Eddie Murphy covers W Mag - Essence #URL# ></document>
    <Document> Apparently he found his "black" book. All puns intended... #URL# ></document>
    <Document> Bad Boys for Life shines at the box office. 'Dolittle' didn't. - The New York Times #HASHTAG# #URL# ></document>
    <document> Eddie Murphy received bad comedy advice from Rodney Dangerfield #URL# ></document>
    <Document> Joel Coen's "Macbeth" starring Denzel Washington &amp; Frances McDormand prepares for filming, 'Buster Scruggs' actor joins #URL# ></document>
    <document> HBO Documentary Films lands mid-seven figure deal on 'Siempre, Luis', Sundance image of Lin-Manuel Miranda's father #URL# ></document>
    <document> Knives Out surpasses $300 million worldwide as moviegoers keep throwing dollars at Rian Johnson Whodunit #URL# ></document>
    <document> Beat Shazam renewed for Season 4 by Fox #USER# #URL# ></document>
    <document> Oscar voters skip big names like Eddie Murphy, JLo - Reuters #URL# ></document>
    <document> "Who knew?" Eddie Murphy shares the worst advice he's ever received></document>
    <Document> Kim Shillinglaw, Factual Chief of Endemol Shine, to leave the company – Deadline #URL# ></document>
    <document> The Game restart does not continue at CW #URL# ></document>
    <document> Alan Ball's "Uncle Frank" Acquired by Amazon in $12 Million Global Deal - Sundance #URL# ></document>
    <document> Quibi is developing couples dramedy Heartbeats from the creators of Everything Sucks #URL# ></document>
    <document> George Cheeks Appointed CEO of CBS Entertainment as Joe Ianniello Quits #URL# ></document>
    <Document> Eddie Murphy stole hubcaps &amp; Close to being fired in his first year with "SNL" #URL# ></document>
    <Document> Paget Brewster joins 'Blood &amp; Treasure'; "Briarpatch" casts Sarah Minnich #URL# ></document>
    <Document> Harvey Weinstein Trial: Second Formal Prosecutor Describes Alleged Sexual Assault Update #URL# ></Document>
    <document> Oprah says her exit from Russell Simmons Doc is 'not a win for him' #URL# #HASHTAG# ></document>
    <Document> Justin Simien $8M Bad Hair Deal With Hulu - Sundance - Deadline #URL# ></document>
    <document> Apple's Foundation series is set to become Ireland's largest production ever, employing more than 500 people #URL# ></document>
    <Document> #USER# Me too. That gave me all the good feelings...nice and kind...like her parents. #HASHTAG# ></document>
    <document> Deleted scene from Bevery Hills cop with Eddie Murphy following tracks ></document>
    <document> [WATCH] Eddie Murphy claims 'SNL' dog food sketch was the reason for #URL# ></document>'s success
    <document> I think the main reason why people are so willing to accept and turn a blind eye to what comes after 45 and… #URL# ></document>
    <Document> Eddie Murphy Recalls First, Just Auditions for 'SNL': 'Nobody Laughed' #URL# ></document>
    <document> Box office: Will Smith and 'Bad Boys for Life' back on top - Los Angeles Times #URL# ></document>
    <document> Eddie Murphy reveals his first and only audition for "SNL" was #URL# ></document>
    <Document> RT #USER#: Finally met #USER# at the #USER# nominated luncheon... so proud of him... please upvote his short #HASHTAG#... ></document>
    <document> Eddie Murphy Receives Lifetime Achievement Award at Critics' Choice ></document>
    <Document> 'Palm Springs' Nearly $15 Million Deal With Neon &amp; Hulu - Sundance #URL# ></document>
    <document> James Corden talks about the "Carpool Karaoke" scandal that rocked the internet #URL# ></document>
    <document> The Assistant makes its debut in time; "The Traitor", "Beanpole" premieres in the US, "Ne Zha" will be re-released for the Lunar New Year... #URL# ></document>
    <document> Boris Johnson launches plan that will drain his content budget by $260 million, according to the BBC #URL# ></document>
    <document> The View co-host Meghan McCain confirms Abby-Huntsman feud, denies other show issues #URL# ></document>
    <document> Why Eddie Murphy took a break from Hollywood ></document>
    <Document> "Zola" Twitter Saga Coming To Life in Wild Flick #URL# #HASHTAG# ></document>
    <Document> Byron Allen's Entertainment Studios acquires 11 local TV stations for $305 million #URL# ></Document>
    <document> Joyce Sevilla dies: nightlife and entertainment publicist for big brands was 47 #URL# ></document>
    <document> Eddie Murphy recalls the one "SNL" sketch that saved his job when everyone was fired ></document>
    <document> "Loki": Owen Wilson joins the Marvel series on Disney+ #URL# ></document>
    <document> 'The Conners' plays it safe with politics and pushes the vote in a live episode on New Hampshire's elementary school #URL# ></document>
    <Document> Best International Feature Race: "Parasite", "Pain And Glory" &amp; Some surprises #URL# ></document>
    <Document> "Severance": Jen Tullock &amp; Zach Cherry to Star in the Apple Drama Series - Deadline #URL# ></document>
    <document> "No one laughed": Eddie Murphy on his harrowing first (and only) audition ></document>
    <document> H&M, 'Black Panther' costume designers team up for clothing line - Los Angeles Times #URL# ></document>
    <document> Comcast buys Dublin-based Blueface to strengthen fast-growing Cable Biz unit #URL# ></document>
    <document> 'Bad Boys For Life' Lands Over $17M Over Super Bowl Weekend; 'Gretel &amp; Hansel' &amp; 'Rhythm Section' Fumbl… #URL# ></document>
    <document> The Crown: Netflix royal drama ends season five as Imelda Staunton confirmed as final Queen Elizabeth II #URL# ></document>
    <document> Fox Channels pulled from Roku into carriage flap ahead of Super Bowl LIV - update #URL# ></document>
    <document> The Oscar-nominated "In The Absence" takes a haunting look at the Sewol Ferry disaster #URL# ></document>
    <Document> Artios Awards: "Once Upon a Time in Hollywood" &amp; "Jojo Rabbit" Among Casting Society Film Winners - Full Listing #URL# ></document>
    <Document> Sundance: Abramorama Acquires PJ Harvey Doc "A Dog Called Money" &amp; More – Deadline #URL# ></document>
    <Document> New Hollywood Podcast: "Disclosure: Trans Lives On Screen" Director, Topics Speak Openly About Trans Representatives... #URL# ></document>
    <Document> "The Good Place" goes through the Door to Un-Eternity in the series finale [SPOILER] #URL# ></Document>
    <Document> The Late Show With Stephen Colbert asks: Can I get a witness? #URL# ></document>
    <Document> 'Palm Springs' Nearly $15 Million Deal With Neon &amp; Hulu At Sundance - Deadline #URL# ></document>
  
</author><document> 'Murmur' and 'Residue' Winners of Slamdance Film Festival #URL# ></document>
    <document> Michael Bloomberg May Be Eligible for Discussion Under New DNC Rules #URL# ></document>
    <document> This made me very emotional. Thanks for always educating and sharing #USER#!!! #URL# ></ document>
    <document> Early Results of Grammy Ratings Fixed With Miscarriage in 2018; Homage to Kobe Bryant &amp; Big Billie Eilish Wins Rule Show #URL# ></document>
    <document> Sony Pictures Classics Gets Dror Moreh's 'Human Factor' #URL# ></document>
    <document> Elaine Welteroth's 'More Than Enough' Memoirs in Development for TV #HASHTAG#. #HASHTAG# #URL# ></document>
    <document> Eddie Murphy's SNL Return Brings Ratings #URL# ></document>
    <document> Amazon Stock Fluctuates, Market Cap Exceeds $1 Trillion #URL# ></document>
    <document> GOAT. REST IN PEACE. Prayers to his family. #URL# ></ document>
    <document> Jennifer Lopez and Eddie Murphy Grace Vanity Fair Cover ></document>
    <document> Eddie Murphy explains why he wasn't fired during the big SNL change of the 1980s ></document>
    <document> Adam Sandler Reboots With Netflix For Four Movies #URL# ></document>
    <document> UK Union Bectu Calls for Meeting with BAFTA Chief Amanda Berry to Discuss Diversity Proposal #URL# ></document>
    <document> Eddie Murphy Honored with Lifetime Achievement Award #URL# ></document>
    <document> I wish politicians would create equal opportunities for POC (pay inequality, racial profiling, discrimination...)… #URL# ></document>
    <document> Paradigm's Sam Gores Rejects Agency In Talks To Be Acquired By CAA As Agency Shuts Down No-Script TV #URL# ></document>
    <document> 'Top Gear' Showrunners Explain How They Avoided Weird Conflicts with Amazon's 'The Grand Tour' #URL# ></document>
    <document> Netflix tops all NAACP Image Awards nominees - Los Angeles Times #URL# ></document>
    <document> Zero Gravity Supports Team With Hiring Talent Manager Iona Maclean #URL# ></document>
    <document> 'Resident Alien': Linda Hamilton and Mandell Maughan to Play Again in Syfy Series Based on Dark Horse Comics #URL# ></document>
    <document> Impeachment TV: Will Senate Be Blackened For Final Negotiations? #URL# ></ document>
    <document> Eddie Murphy, Renee Zellweger and Jennifer Lopez celebrate the 26th annual 'Vanity Fair' Hollywood Issue - Connect FM ></document>
    <document> "The Lovebirds" Trailer: Issa Rae and Kumail Nanjiani's Murder Mystery Rom-Com #URL# #HASHTAG# ></document>
    <document> My daughter is #USER# in second grade and she wants to follow the path you keep breaking up!! It doesn't matter… #URL# ></document>
    <document> Major Sundance Deal: Justin Simien's Nearly $8M "Bad Hair" + Hulu Worldwide Deal; Theater Presentation Scheduled #URL# ></document>
    <document> Sony Investor Third Point Calls Entertainment "Independent" #URL# ></document>
    <document> Eddie Murphy Says Eating Dog Food Saved SNL Business ></document><document> 'The Good Place' Ends with Good Rating; 'Bad' Final Fixed #URL# ></document>
    <document> 'Peppa Pig': Amelie Bea Smith to Voice Animated Child Character, Harley Bird Takes Over from #URL# ></document>
    <document> Christian Rivers to Steer "Airborne" on Malaysia Airlines Flight 370 #URL# Disappearance ></document>
    <document> Hollywood Walk Of Fame Upgrades Driven By City Includes More Trees, Food, Better Lighting #URL# ></document>
    <document> What?!! This proves once again how ignorant this family is about history... the world. Also, how well are they embedded in W… #URL# ></document>?
    <document> Eddie Murphy's 1988 Oscar Statement on the 2020 #HASHTAG# Nominations #URL# ></document>
    <document> 'Seniority': Jen Tullock &amp; Zach Cherry to Star in Apple Drama Series #URL# ></document>
    <document> Margot Robbie to Star Against Christian Bale in David O. Russell's New Regency Movie #URL# ></document>
    <document> Watch Eddie Murphy Tell the Story of How Literal Dog Food Saved His SNL Career ></document>
    <document> Bernie Sanders Predicted to Win New Hampshire Primary #URL# ></document>
    <document> Here's Why J. Lo, Adam Sandler, and Eddie Murphy were Downplayed at the Oscars: Report ></document>
    <document> Eddie &amp; Nicole Murphy's Granddaughter Evie Melts Hearts In Pink Dress With Her Dad Miles Mitchell #URL# ></document>
    <document> Charter Earnings Rise: Video Subscriptions Decrease but Revenue Rise #URL# ></document>
    <document> Eddie Murphy Says Only One 'Saturday Night Live' Sketch Saved His Job #URL# ></document>
    <document> 'SEAL Team': Rachel Boston &amp; Tim Chiou to Remake CBS Drama Series #URL# ></document>
    <document> I'm not a director, but this is one of my all-time favorite scenes and movies. I've watched every movie he's in... #URL# ></document>
    <document> Dear Actor and Comedian Eddie Murphy, Covers W Mag - Essence #URL# ></document>
    <document> Looks like he found the "black" book. All word games... #URL# ></document>
    <document> "Bad Boys for Life" Done At Box Office. 'Dolittle' Didn't. - The New York Times #HASHTAG# #URL# ></document>
    <document> Eddie Murphy Gets Bad Comedy Advice From Rodney Dangerfield #URL# ></document>
    <document> Joel Coen's Denzel Washington &amp; Frances McDormand Preparing for Shooting, 'Buster Scruggs' Actor Joins #URL# ></document>
    <document> HBO Documentary Films Sign Mid-7 Figure Deal For Lin-Manuel Miranda's Father On 'Siempre, Luis' And Sundance Pic #URL# ></document>
    <document> 'Knives Go Out' Over $300M Worldwide As Moviegoers Continue Spending Dollars On Rian Johnson Whodunit #URL# </document> ></document>
    <document> Fox #USER# #URL# ></document> Refreshed for Season 4 of "Beat Shazam"
    <document> Oscar voters ignore big names like Eddie Murphy, JLo - Reuters #URL# ></document>
    <document> "Who knew?" Eddie Murphy shares the worst advice he ever received></ document>
    <document> Endemol Shine's Factual Chief Kim Shillinglaw is Debuting – Deadline #URL# ></document>
    <document> "Game" Restarts in CW #URL# ></document>
    <document> Alan Ball's 'Uncle Frank' Acquired by Amazon in $12M Worldwide Deal - Sundance #URL# ></document>
    <document> Quibi Produces Double Drama "Heartbeats" From The Producers Of "Everything Sucks" #URL# ></document>
    <document> Joe Ianniello Leaves #URL# George Cheeks Becomes CEO of CBS Entertainment ></document>
    <document> Eddie Murphy Wheel Covers &amp; "SNL" Is Close To Getting Fired In Its First Year With #URL# ></document>
    <document> Paget Brewster 'Blood &amp; Treasure'; 'Briarpatch' Publishes Sarah Minnich #URL# ></document>
    <document> Harvey Weinstein Case: Second Official Accusation Reports Alleged Sexual Assaults - #URL# Update ></document>
    <document> Oprah Says Leaving Russell Simmons Doc Was "Not A Victory For Her" #URL# #HASHTAG# ></document>
    <document> Justin Simien Bad Hair $8 Million+ Deal With Hulu — Sundance – Deadline #URL# ></ document>
    <document> Apple Series 'Foundation' Will Be Ireland's Largest Production Ever, Employing 500+ #URL# ></document>
    <document> #USER# Me too. It gave me all the good vibes... nice and kind... like their parents. #HAHTAG# ></ document>
    <document> Bevery Hills Police See Eddie Murphy Chasing Leads in Deleted Scene ></document>
    <document> [WATCH] Eddie Murphy Claims 'SNL' Dog Food Sketch Was Successful #URL# ></document>
    <document> IMO the main reason people are so willing to accept and ignore everything from 45, etc. #URL# ></document>
    <document> Eddie Murphy remembers first and only audition for 'SNL': 'Nobody laughed' #URL# ></document>
    <document> Box Office: Will Smith and "Bad Boys for Life" hit the top again - Los Angeles Times #URL# ></document>
    <document> Eddie Murphy reveals his first and only audition is for 'SNL' #URL# ></document>
    <document> RT #USER#: Finally the #USER# candidate met #USER# at lunch... I'm proud of him.. please vote for the short #HASHTAG#… ></document>
    <document> Eddie Murphy Accepts Critics' Choice Lifetime Achievement Award ></document>
    <document> 'Palm Springs' Neon &amp; Hulu - Sundance #URL# ></ document>
    <document> James Corden Exposes Internet-Shaking 'Carpool Karaoke' Scandal #URL# ></document>
    <document> 'The Assistant' Debuts On Time; "The Traitor", "Beanpole" To Premiere In The US, "Ne Zha" To Be Remastered In Lunar New Year… #URL# ></document>
    <document> Boris Johnson to Launch Plan That BBC Says Will Cut $260M Hole in Content Budget #URL# ></document>
    <document> 'The View' co-host Meghan McCain Confirms Abby Huntsman Case, Denies Other Issues of the Series #URL# ></document>
    <document> Why Eddie Murphy Takes A Break From Hollywood ></document>
    <document> 'Zola' Twitter Legend Coming To Life In Wild Flick #URL# #HASHTAG# ></document>
    <document> Byron Allen's Entertainment Studios Acquire 11 Local TV Stations for $305M #URL# ></document>
    <document> Joyce Sevilla Dies: Big Brands Nightlife and Entertainment Advertiser Becomes 47 #URL# ></document>
    <document> Eddie Murphy Remembers The Only "SNL" Drawing That Saved Their Job When Everyone Was Fired ></document>
    <document> 'Loki': Owen Wilson Joins Marvel Series on Disney+ #URL# ></document>
    <document> 'The Conners' Plays Safe in Politics, Vibrant New Hampshire Primary Themed Episode Challenges Voting in #URL# ></document>
    <document> Best International Film Competition: 'Parasite', 'Pain And Glory' &amp; Some Surprises #URL# ></document>
    <document> "Seniority": Jen Tullock &amp; Zach Cherry to Star in Apple Drama Series – Deadline #URL# ></document>
    <document> "Nobody Laughs": Eddie Murphy's Sad First (and Only) Audition ></document>
    <document> H&M, 'Black Panther' costume designer teamed up for a clothing line - Los Angeles Times #URL# ></document>
    <document> Comcast Acquires Dublin-based Blueface to Support Fast Growing Cable Biz Unit #URL# ></document>
    <document> 'Bad Boys For Life' Scores Super Bowl Weekend For More Than $17M; Gretel &amp; Hansel' &amp; 'Rhythm Section' Fumbl… #URL# ></document>
    <document> "The Crown": Netflix Royal Drama Ends With Season Five, Imelda Staunton Queen II. Confirmed Elizabeth Is Last #URL# ></document>
    <document> Fox Channels Retrieved from Roku on Carriage Cover Before Super Bowl LIV - #URL# Update ></document>
    <document> Oscar Nominee 'In Absence' Sewol Takes A Memorable Look At The Ferry Disaster #URL# ></document>
    <document> Artios Awards: 'Once Upon a Time in Hollywood' &amp; 'Jojo Rabbit' Among Casting Society's Film Winners - Full List #URL# ></document>
    <document> Sundance: Abramorama, PJ Harvey Doc "A Dog Called Money" &amp; More – Deadline #URL# ></document>
    <document> New Hollywood Podcast: 'Disclosure: Trance Lives on Screen' Director Talks Candidly About Trans Representative Subjects… #URL# ></document>
    <document> "The Good Place" Enters Through the Gate to Infinity in the Series Finale [SPOILER] #URL# ></document>
    <document> 'Late Show with Stephen Colbert' Asks: Can I Find a Witness? #URL# ></ document>
    <document> "Palm Springs" Neon &amp; Hulu at Sundance – Deadline #URL# ></ document>
  
</author><document> Winners of Slamdance Film Festival led by 'Murmur' and 'Residue' #URL# ></document>
    <document>Michael Bloomberg may participate in debate under his new DNC rules #URL#></document>
    <document> This impressed me a lot. Thank you for always educating and sharing #USER#!!! #URL# ></document>
    <document> Early Grammy Ratings results are stable at 2018 lows. Kobe Bryant Tribute &amp; Kobe Bryant Big Billie Eilish Wins Rules Show #URL# ></document>
    <document> Sony Pictures Classics Picks Up Dror Moreh's "The Human Factor" #URL# ></document>
    <Documentation> Elaine Welteroth's memoir "More Than Enough" is made for TV #HASHTAG#. #HASHTAG# #URL# ></document>
    <document> Eddie Murphy's SNL Return Gains Ratings #URL# ></document>
    <document> Amazon Stock Soars, Hits $1 Trillion Market Capitalization #URL# ></document>
    <Documentation> Goat. RIP. Prayers to his family. #URL# ></document>
    <document> Jennifer Lopez and Eddie Murphy Grace Vanity Fair cover ></document>
    <document> Eddie Murphy reveals why he wasn't fired in 1980s SNL mayhem ></document>
    <document> Adam Sandler re-signs with Netflix for 4 more movies #URL# ></document>
    <document> UK Union Bectu requests a meeting with BAFTA Chief Amanda Berry to discuss diversity proposals #URL# ></document>
    <document> Eddie Murphy Wins Lifetime Achievement Award #URL# ></document>
    <document> I hope politicians create a level playing field for POC (pay inequality, racial profiling, discrimination...)… #URL# ></document>
    <document> Paradigm's Sam Gores denies agency in negotiations for acquisition by CAA as agency shuts down unscripted TV #URL# ></document>
    <document> 'Top Gear' showrunner reveals how to avoid annoying duplication with Amazon's 'The Grand Tour' #URL# ></document>
    <document> Netflix Leads All Nominees for NAACP Image Awards - Los Angeles Times #URL# ></document>
    <document> Zero Gravity Hires Talent Manager Iona McLean to Strengthen Team #URL# ></document>
    <document> “Resident Aliens”: Linda Hamilton and Mandel Morgan Return in Syfy Series Based on Dark Horse Comics #URL# ></document>
    <Document> Impeachment TV: Will the Senate go dark for its final hearing? #URL# ></Document>
    <Documentation> Eddie Murphy, Renee Zellweger, Jennifer Lopez to grace 26th Annual Vanity Fair Hollywood Issue - Connect FM ></Documentation>
    <document> The Lovebirds Trailer: Issa Rae and Kumail Nanjiani's Murder Mystery Rom-Com #URL# #HASHTAG# ></document>
    <documentation> My daughter is a 2nd grade #USER# and wants to follow in the footsteps of you!! I don't care… #URL# ></document>
    <Documentation> Big Sundance deal: Justin Simien's "Bad Hair" nearly $8 million + global deal with Hulu. Scheduled for theater release #URL# ></document>
    <document> Sony Investor Third Point Calls for 'Stand Alone' Entertainment #URL# ></document>
    <document> Eddie Murphy says eating dog food saved his SNL job ></document><Documentation> 'The Good Place' ends on a positive note. "Evil" Finale Steady #URL# ></document>
    <document> “Peppa Pig”: Amelie Bee Smith Voices Animated Kids Character, Takes Over from Harley Byrd #URL# ></document>
    <document> Christian Rivers directs 'Into Thin Air' following missing Malaysia Airlines Flight 370 #URL# ></document>
    <document> Hollywood Walk of Fame City Upgrades Include More Trees, Dining and Better Lighting #URL# ></document>
    <Documentation> Wow!! Proves again how little this family knows about history, about the world. Also how calm they are with W... #URL# ></document>
    <document> Eddie Murphy's 1988 Oscar Statement #HASHTAG# Nominations #URL# ></document>
    <document> 'Severance': Jen Tulloch &amp; Zach Cherry to Star in Apple Drama Series #URL# ></document>
    <document> Margot Robbie Joins Christian Bale in David O. Russell's New Regency Film #URL# ></document>
    <document> See Eddie Murphy on how literal dog food saved his career on SNL ></document>
    <document> Bernie Sanders Likely to Win New Hampshire Primary #URL# ></document>
    <document> Why J. Lo, Adam Sandler, and Eddie Murphy Were Smug at the Oscars: A Report ></document>
    <document> Eddie &amp; Nicole Murphy's granddaughter Evie melts hearts in her pink outfit in photo with dad Miles Mitchell #URL# ></document>
    <document> Charter Revenue Beats: Video Subscriptions Drop, Revenue Increases #URL# ></document>
    <document> Eddie Murphy says only one 'Saturday Night Live' sketch saved his job #URL# ></document>
    <Documentation> "SEAL Team": Rachel Boston & Tim Chiou Return to CBS Drama Series #URL# ></document>
    <Documentation> I'm not a director, but this is one of my favorite scenes...and a movie. I've seen all the movies he's been in... #URL# ></document>
    <document> Beloved Actor and Comedian Eddie Murphy Covers W Mag - Essence #URL# ></document>
    <document> Apparently he found his "black" book. All puns intended... #URL# ></document>
    <Documentation> "Bad Boys for Life" is doing well at the box office. "Doolittle" did not. - New York Times #HASHTAG# #URL# ></document>
    <document> Eddie Murphy got bad comedy advice from Rodney Dangerfield #URL# ></document>
    <Document> Joel Coen's 'Macbeth' With Denzel Washington &amp; Frances McDormand Ready To Shoot, 'Buster Scruggs' Actor Joins #URL# ></document>
    <document> HBO documentary film sets mid-seven-digit deal for 'Siempre, Luis,' Lin-Manuel Miranda's dad in Sundance photo #URL# ></document>
    <document> Rian Johnson Whodunit #URL# ></document>
    <document> “Beat Shazam” Season 4 Update by Fox #USER# #URL# ></document>
    <document> Oscar voters overtake celebrities like Eddie Murphy, JLo - Reuters #URL# ></document>
    <Documentation> 'Who knew?' Eddie Murphy shares the worst advice he's ever received></documentation>
    <document> Endemol Shine Factual Chief Kim Shillinglaw Leaves - Deadline #URL# ></document>
    <document> Restarting "The Game" stuck on CW #URL# ></document>
    <document> Alan Ball's 'Uncle Frank' Acquired by Amazon in $12 Million Global Deal - Sundance #URL# ></document>
    <document> Quibi #URL# ></document> Couple drama "Heartbeats" in development from creator of "Everything Sucks"
    <document> George Cheeks Named CEO of CBS Entertainment as Joe Ianniello Leaves #URL# ></document>
    <Documentation> Eddie Murphy was stealing hubcaps and hubcaps. 1st Year Layoffs At SNL Approaching #URL# ></document>
    <document> Paget Brewster Joins 'Blood &amp; Treasures'; 'Brierpatch' Cast Sarah Minnig #URL# ></document>
    <document> Harvey Weinstein Trial: Second Official Accused Explains Alleged Sexual Assault - Update #URL# ></document>
    <document> Oprah says leaving Russell Simmons Doc 'not a win for him' #URL# #HASHTAG# ></document>
    <document> Justin Simien Bad Hair $8M+ Hulu Deal — Sundance – Deadline #URL# ></document>
    <document> Apple Series 'Foundation' Employs Over 500 People, Set To Be Ireland's Largest Production Ever #URL# ></document>
    <documentation> #USER# Me too. This gave me all the good feelings...beautiful and kind...just like their parents. #HASHTAG# ></document>
    <document>Eddie Murphy can be seen chasing a lead in a scene where the Beverly Hills cop has been deleted></document>
    <document> [WATCH] Eddie Murphy Claims 'SNL' Dog Food Skit Was the Reason for His Success #URL# ></document>
    <document> IMO is the main reason people are willing to accept and turn a blind eye to everything that comes from 45 etc... #URL# ></document>
    <document> Eddie Murphy first recalls 'SNL' only audition: 'No one laughed' #URL# ></document>
    <document> Box Office Results: Will Smith and 'Bad Boys for Life' Return to Top - Los Angeles Times #URL# ></document>
    <document> Eddie Murphy reveals his first and only audition was for 'SNL' #URL# ></document>
    <document> RT #USER#: Finally met #USER# at the #USER# Candidates Luncheon...so proud of him.. vote for his short #HASHTAG#... ></document >
    <document> Eddie Murphy Wins Critics' Choice Lifetime Achievement Award ></document>
    <Document> 'Palm Springs' Signs Nearly $15 Million Deal With Neon Hulu - Sundance #URL# ></document>
    <document> James Corden Addresses 'Carpool Karaoke' Scandal That Shook Internet #URL# ></document>
    <document> "The Assistant" debuts in a timely manner. 'The Traitor', 'Beanpole' to premiere in US, 'Ne Zha' to rerun on Lunar New Year… #URL# ></document>
    <document> Boris Johnson launches campaign plan BBC says will cut $260 million hole in content budget #URL# ></document>
    <document> 'The View' Co-Host Meghan McCain Confirms Abby Huntsman Feud, Denies Other Show Issues #URL# ></document>
    <document> Why Eddie Murphy Left Hollywood ></document>
    <Documentation> “Zola” Twitter Saga is here To Life In Wild Flick #URL# #HASHTAG# ></document>
    <document>Byron Allen's Entertainment Studio Acquires 11 Local TV Stations For Her $305 Million #URL#></document>
    <document> Joyce Sevilla dies: Nightlife and entertainment spokesperson for leading brand was 47 #URL# ></document>
    <Document> Eddie Murphy Recalls One 'SNL' Sketch That Saved His Job When Everyone Was Fired ></Document>
    <document> Loki: Owen Wilson Joins Marvel Series on Disney+ #URL# ></document>
    <document> “The Conners” Addresses Politics Safely, Live New Hampshire Primary Election-Themed Episode #URL# ></document>
    <Document> Best International Feature Race: "Parasite", "Pain and Glory" & Surprise #URL# ></document>
    <document> “Severance”: Jen Tulloch &amp; Zach Cherry to Star in Apple Drama Series – Deadline #URL# ></document>
    <document> "Nobody Laughed": Eddie Murphy's Disastrous First (and Only) Audition ></document>
    <document> H&M 'Black Panther' Costume Designers Partner on Apparel Line - Los Angeles Times #URL# ></document>
    <document> Comcast Acquires Dublin-Based Blueface to Strengthen Fast-Growing Cable Business Unit #URL# ></document>
    <document> 'Bad Boys For Life' touchdown over $17 million over Super Bowl weekend. "Gretel &amp; Hansel &amp; 'Rhythm Section' fumble... #URL# ></document>
    <document> “The Crown”: Imelda Stanton Confirmed as Last Queen Elizabeth II in Netflix Royal Drama to End in Season 5 #URL# ></document>
    <document> Removing Fox Channel from Roku with Carriage Flap Before Super Bowl LIV - Update #URL# ></document>
    <document> Oscar-nominated 'In The Absence' makes Sewol tragedy unforgettable #URL# ></document>
    <Document> Artios Awards: 'Once Upon a Time in Hollywood' &amp; 'Jojo Rabbit' Casting Society's Film Awards Winners - Full List #URL# ></document>
    <document> Sundance: Abramorama Acquires PJ Harvey Doc's 'A Dog Called Money'. Details – Deadline #URL# ></document>
    <Document> New Hollywood Podcast: "Disclosure: Trans Lives On Screen" Director, Subject Talks Candidly About Trans Representatives… #URL# ></Document>
    <Document>Walking through the Gates of Eternity in the "Good Place" Series Finale [Spoiler] #URL# ></Document>
    <Document> "The Late Show with Stephen Colbert" asks: Can I get a witness? #URL# ></Document>
    <Documentation> 'Palm Springs' has signed a nearly $15 million deal with Neon &amp; Hulu At Sundance – Deadline #URL# ></document>
  
</author>