 
      <document> read &gt;&gt; the best of new zealand: a photo essay #url# </document>
    <document> read &gt;&gt; things to do in san miguel de allende: travel guide and 3 day itinerary #url# </document>
    <document> read &gt;&gt; 10 things to do in florida (besides hanging out with mickey) #url# </document>
    <document> read &gt;&gt; 15+ best things to do in oaxaca, mexico #url# </document>
    <document> read &gt;&gt; adventuring at home: 27 travelers prove it’s possible #url# </document>
    <document> read &gt;&gt; travel more in 2017:  last minute accommodation options + ideas #url# </document>
    <document> read &gt;&gt; 5 places i’ve never been (and why i want to go) #url# </document>
    <document> read &gt;&gt; cafe du monde – a sugary treat in the french quarter #url# </document>
    <document> read &gt;&gt; london (for a hot second) #url# </document>
    <document> read &gt;&gt; reaching new heights in napa: hot air ballooning over the valley #url# </document>
    <document> read &gt;&gt; scuba diving for the first time: my experience in santorini #url# </document>
    <document> read &gt;&gt; 15+ best things to do in athens, greece #url# </document>
    <document> read &gt;&gt; experiencing yosemite national park in one day flat #url# </document>
    <document> read &gt;&gt; discovering banana ketchup in st. lucia: the secret taste of the caribbean #url# </document>
    <document> read &gt;&gt; honduras: best things to see and do #url# </document>
    <document> read &gt;&gt; city views from a seattle seaplane [photos] #url# </document>
    <document> read &gt;&gt; where to stay in dublin, ireland: best places to stay #url# </document>
    <document> read &gt;&gt; ten things to do in sri lanka, on the cheap! #url# </document>
    <document> read &gt;&gt; 3 days in taipei: the perfect taipei itinerary #url# </document>
    <document> read &gt;&gt; the 25 best long weekend trips from san francisco #url# </document>
    <document> read &gt;&gt; best things to do in hoi an in 3 days: a hoi an itinerary guide #url# </document>
    <document> read &gt;&gt; the new york botanical gardens: up close and personal #url# </document>
    <document> read &gt;&gt; nine (super-awesome) things to do in nashville, tn #url# </document>
    <document> read &gt;&gt; 365 days later… and i’ve been married a whole year! #url# </document>
    <document> read &gt;&gt; 15+ things to do in havana, cuba #url# </document>
    <document> read &gt;&gt; where to stay in santorini: top luxury, boutique, and budget hotels #url# </document>
    <document> read &gt;&gt; airplane entertainment: how to keep yourself sane on long flights #url# </document>
    <document> read &gt;&gt; first views of the negev: a photo essay #url# </document>
    <document> read &gt;&gt; 3 days in mexico city: the perfect mexico city itinerary #url# </document>
    <document> read &gt;&gt; a two week vietnam itinerary: a complete first-timer’s guide #url# </document>
    <document> read &gt;&gt; 10 things to do in malaysia: se asia’s most overlooked country #url# </document>
    <document> read &gt;&gt; 22 ways to cut costs on your (once-in-a-lifetime) trip to tahiti #url# </document>
    <document> read &gt;&gt; blogging from a-z april challenge: one week ‘til go time #url# </document>
    <document> read &gt;&gt; masada: the hike down on the never ending snake path #url# </document>
    <document> read &gt;&gt; top summer festivals in europe // music, dancing, and food #url# </document>
    <document> read &gt;&gt; 15 best things to do in seville, spain #url# </document>
    <document> read &gt;&gt; the ultimate california coast road trip itinerary #url# </document>
    <document> read &gt;&gt; how i made $70k+ blogging in 2018 while holding a full time job #url# </document>
    <document> read &gt;&gt; y is for yolo and all those crazy stupid things i want to do #url# </document>
    <document> read &gt;&gt; 23 reasons why you should love san pedro, belize #url# </document>
    <document> read &gt;&gt; an epic canadian rockies itinerary: from calgary to jasper and beyond #url# </document>
    <document> read &gt;&gt; 2 days in bangkok, thailand: a (super) comprehensive bangkok itinerary #url# </document>
    <document> read &gt;&gt; the 15 best things to do in ljubljana slovenia #url# </document>
    <document> read &gt;&gt; 18 summer essentials for any warm-weather trip #url# </document>
    <document> read &gt;&gt; 15+ best things to do in miami #url# </document>
    <document> read &gt;&gt; 15+ best things to do in prague, czech republic #url# </document>
    <document> read &gt;&gt; feelin’ a little artsy in the mission #url# </document>
    <document> read &gt;&gt; get free travel by managing points and miles with awardwallet #url# </document>
    <document> read &gt;&gt; where to go in march 2020: travel destination inspiration #url# </document>
    <document> read &gt;&gt; 3 days in barcelona: a barcelona itinerary for the first time visitor #url# </document>
    <document> read &gt;&gt; utah national parks road trip: a spectacular one week in utah itinerary #url# </document>
    <document> read &gt;&gt; day trips from reykjavik: iceland day trips you can’t miss #url# </document>
    <document> read &gt;&gt; 35+ winter weekend getaways in the usa [snowy and warm included!] #url# </document>
    <document> read &gt;&gt; 10 days in bali: the perfect 10 day bali itinerary for your first visit #url# </document>
    <document> read &gt;&gt; 48 hours in atlanta, ga #url# </document>
    <document> read &gt;&gt; best day trips from naples, italy #url# </document>
    <document> read &gt;&gt; majestic monument valley: a tour through the navajo tribal park #url# </document>
    <document> read &gt;&gt; x is for x-treme hikes: the toughest, roughest, muddiest in the world #url# </document>
    <document> read &gt;&gt; things to do in chicago: what to see, do, eat, + enjoy #url# </document>
    <document> read &gt;&gt; visiting the san blas islands in panama: an idyllic island escape #url# </document>
    <document> read &gt;&gt; part-time traveler talk with aaron cruz #url# </document>
    <document> read &gt;&gt; things to do in crater lake national park: a perfect two day stay #url# </document>
    <document> read &gt;&gt; an interview with a flight attendant #url# </document>
    <document> read &gt;&gt; 48 hours in naples, italy #url# </document>
    <document> read &gt;&gt; galapagos islands: best things to see and do #url# </document>
    <document> read &gt;&gt; parasailing in punta cana: a birds eye view #url# </document>
    <document> read &gt;&gt; the hotels of las vegas #url# </document>
    <document> read &gt;&gt; 125+ things to do in san francisco:  the ultimate san francisco bucket list #url# </document>
    <document> read &gt;&gt; 15 best things to do in cape town #url# </document>
    <document> read &gt;&gt; 10 things to do in budapest, hungary #url# </document>
    <document> read &gt;&gt; san francisco to seattle road trip: a trip to the pacific northwest + more #url# </document>
    <document> read &gt;&gt; 35+ places to visit in tokyo // tokyo bucket list inspiration #url# </document>
    <document> read &gt;&gt; 7 gorgeous greek beaches you can’t miss #url# </document>
    <document> read &gt;&gt; how (and why) you should splurge on first class airfare (again, again, and again) #url# </document>
    <document> read &gt;&gt; the view from the window seat #url# </document>
    <document> read &gt;&gt; 48 hours in curacao // what to see, do, and eat! #url# </document>
    <document> read &gt;&gt; stay connected while traveling with vision global wifi #url# </document>
    <document> read &gt;&gt; israel is incredible: a journey through instagram #url# </document>
    <document> read &gt;&gt; top 4 ways to enjoy your las vegas experience in style! #url# </document>
    <document> read &gt;&gt; how to spend a long weekend in the poconos, pa #url# </document>
    <document> read &gt;&gt; a taste of barbados: the best of the best #url# </document>
    <document> read &gt;&gt; 15+ best things to do in paris #url# </document>
    <document> read &gt;&gt; b is for beaches: my favorite of the caribbean #url# </document>
    <document> read &gt;&gt; butts, balloons, and beer: the señor frogs experience #url# </document>
    <document> read &gt;&gt; 17 things to do in toronto in winter: full guide to the city #url# </document>
    <document> read &gt;&gt; k is for kauai and other possible travel plans for 2013 #url# </document>
    <document> read &gt;&gt; part-time traveler talk with megan hettwer #url# </document>
    <document> read &gt;&gt; r is for rum cake: the key to a happy crowd #url# </document>
    <document> read &gt;&gt; how to have the best road trip ever #url# </document>
    <document> read &gt;&gt; o is for old san juan [puerto rico]: a colorful photo essay #url# </document>
    <document> read &gt;&gt; why i want to move to carmel by the sea, california #url# </document>
    <document> read &gt;&gt; best day trips from amsterdam: where to go to get outta the city #url# </document>
    <document> read &gt;&gt; cruising: yay or nay? the positives and the negatives #url# </document>
    <document> read &gt;&gt; seven of seattle’s top tourist attractions #url# </document>
    <document> read &gt;&gt; big changes on the blog! #url# </document>
    <document> read &gt;&gt; best day trips from sofia, bulgaria #url# </document>
    <document> read &gt;&gt; for the wine lovers: hotel vintage seattle #url# </document>
    <document> read &gt;&gt; and the oscar goes to… #url# </document>
    <document> read &gt;&gt; monterey and the 17 mile drive #url# </document>
    <document> read &gt;&gt; highlights from our cross country road trip (nyc to sf) #url# </document>
    
read <document> &gt;&gt; the best of new zealand: a photo essay #url# </document>
    read <document> &gt;&gt; things to do in san miguel de allende: guide and 3-day itinerary #url# </document>
    read <document> &gt;&gt; 10 things to do in Florida (besides hanging out with Mickey) #url# </document>
    read <document> &gt;&gt; 15+ Best Things to Do in Oaxaca, Mexico #url# </document>
    read <document> &gt;&gt; Adventures at Home: 27 Travelers Prove It's Possible #url# </document>
    read <document> &gt;&gt; Travel more in 2017: last minute accommodation options + ideas #url# </document>
    read <document> &gt;&gt; 5 places I've never been (and why I want to go) #url# </document>
    read <document> &gt;&gt; cafe du monde – a sweet treat in the french quarter #url# </document>
    read <document> &gt;&gt; London (for a hot second) #url# </document>
    read <document> &gt;&gt; reaching new heights in napa: hot air balloon ride over the valley #url# </document>
    read <document> &gt;&gt; diving for the first time: my experience on santorini #url# </document>
    read <document> &gt;&gt; 15+ best things to do in Athens, Greece #url# </document>
    read <document> &gt;&gt; Experience Yosemite National Park in a Day Condo #url# </document>
    read <document> &gt;&gt; discover banana ketchup in st. lucia: the secret taste of the caribbean #url# </document>
    read <document> &gt;&gt; honduras: the best things to see and do #url# </document>
    read <document> &gt;&gt; cityscapes from a seattle seaplane [photos] #url# </document>
    read <document> &gt;&gt; Where to stay in Dublin, Ireland: best places to stay #url# </document>
    read <document> &gt;&gt; ten things to do cheaply in sri lanka! #url# </document>
    read <document> &gt;&gt; 3 days in Taipei: the perfect Taipei itinerary #url# </document>
    read <document> &gt;&gt; top 25 long weekend getaways from san francisco #url# </document>
    read <document> &gt;&gt; the best things to do in hoi an in 3 days: a hoi an travel guide #url# </document>
    read <document> &gt;&gt; the botanical gardens of new york: up close and personal #url# </document>
    read <document> &gt;&gt; Nine (super awesome) things to do in Nashville, tn #url# </document>
    read <document> &gt;&gt; 365 days later... and I'm married a full year! #url# </document>
    read <document> &gt;&gt; 15+ things to do in Havana, Cuba #url# </document>
    read <document> &gt;&gt; Where to stay in Santorini: top luxury, boutique and budget hotels #url# </document>
    read <document> &gt;&gt; Airplane entertainment: How to stay healthy on long flights #url# </document>
    read <document> &gt;&gt; first views of the negev: a photo essay #url# </document>
    read <document> &gt;&gt; 3 days in Mexico City: the perfect Mexico City itinerary #url# </document>
    read <document> &gt;&gt; A two-week itinerary of Vietnam: a complete beginner's guide #url# </document>
    read <document> &gt;&gt; 10 things to do in Malaysia: Asia's Most Overlooked Country #url# </document>
    read <document> &gt;&gt; 22 ways to cut the cost of your (one off) trip to Tahiti #url# </document>
    read <document> &gt;&gt; Blogging a-z April Challenge: one week until the end #url# </document>
    read <document> &gt;&gt; masada: the hike on the endless snake path #url# </document>
    read <document> &gt;&gt; Top Summer Festivals in Europe // Music, Dance and Food #url# </document>
    read <document> &gt;&gt; Top 15 Things to Do in Seville, Spain #url# </document>
    read <document> &gt;&gt; the ultimate california coastal itinerary #url# </document>
    read <document> &gt;&gt; how I made more than $70,000 blogging in 2018 while working a full time job #url# </document>
    read <document> &gt;&gt; y is for yolo and all these crazy stupid things i want to do #url# </document>
    read <document> &gt;&gt; 23 Reasons Why You Should Love San Pedro, Belize #url# </document>
    read <document> &gt;&gt; an epic itinerary through the canadian rockies: from calgary to jasper and beyond #url# </document>
    read <document> &gt;&gt; 2 days in Bangkok, Thailand: a (super) comprehensive itinerary through Bangkok #url# </document>
    read <document> &gt;&gt; top 15 things to do in ljubljana slovenia #url# </document>
    read <document> &gt;&gt; 18 summer essentials for any warm-weather trip #url# </document>
    read <document> &gt;&gt; 15+ of the best things to do in Miami #url# </document>
    read <document> &gt;&gt; 15+ best things to do in Prague, Czech Republic #url# </document>
    read <document> &gt;&gt; Feel a little artistic in the #url# </document> mission
    read <document> &gt;&gt; Get free rides by managing points and miles with awardwallet #url# </document>
    read <document> &gt;&gt; Where to go in March 2020: Destination inspiration #url# </document>
    read <document> &gt;&gt; 3 days in barcelona: a barcelona itinerary for the first time visitor #url# </document>
    read <document> &gt;&gt; utah national park road trip: a spectacular week-long itinerary in utah #url# </document>
    read <document> &gt;&gt; Day trips from Reykjavik: Iceland day trips not to be missed #url# </document>
    read <document> &gt;&gt; Over 35 winter weekend getaways in the US [snowy and warm included!] #url# </document>
    read <document> &gt;&gt; 10 days in Bali: the perfect 10 days Bali itinerary for your first visit #url# </document>
    read <document> &gt;&gt; 48 hours in Atlanta, ga #url# </document>
    read <document> &gt;&gt; best day trips from naples, italy #url# </document>
    read <document> &gt;&gt; Majestic Monument Valley: A Tour of Navajo Tribal Park #url# </document>
    read <document> &gt;&gt; x stands for X-treme hikes: the toughest, roughest and muddyest in the world #url# </document>
    read <document> &gt;&gt; things to do in chicago: see, do, eat, + enjoy #url# </document>
    read <document> &gt;&gt; visiting the san blas islands in panama: an idyllic island getaway #url# </document>
    read <document> &gt;&gt; part-time traveler chat with aaron cruz #url# </document>
    read <document> &gt;&gt; activities in crater lake national park: a perfect two day stay #url# </document>
    read <document> &gt;&gt; an interview with a flight attendant #url# </document>
    read <document> &gt;&gt; 48 hours in Naples, Italy #url# </document>
    read <document> &gt;&gt; Galapagos Islands: Top things to see and do #url# </document>
    read <document> &gt;&gt; parasailing in punta cana: from a bird's eye view #url# </document>
    read <document> &gt;&gt; Las Vegas hotels #url# </document>
    read <document> &gt;&gt; 125+ things to do in San Francisco: The Ultimate San Francisco Bucket List #url# </document>
    read <document> &gt;&gt; The 15 best things to do in Cape Town #url# </document>
    read <document> &gt;&gt; 10 Sights in Budapest, Hungary #url# </document>
    read <document> &gt;&gt; road trip from san francisco to seattle: a trip to the pacific northwest + more #url# </document>
    read <document> &gt;&gt; 35+ places to visit in Tokyo // tokyo bucket list inspiration #url# </document>
    read <document> &gt;&gt; 7 Beautiful Greek Beaches You Can't Miss #url# </document>
    read <document> &gt;&gt; how (and why) you should afford a first class flight (over and over again) #url# </document>
    read <document> &gt;&gt; the view from the window seat #url# </document>
    read <document> &gt;&gt; 48 hours in Curaçao // what to see, do and eat! #url# </document>
    read <document> &gt;&gt; Stay connected while traveling with Vision Global Wifi #url# </document>
    read <document> &gt;&gt; Israel is incredible: a journey through Instagram #url# </document>
    read <document> &gt;&gt; The 4 Best Ways to Enjoy Your Las Vegas Experience in Style! #url# </document>
    read <document> &gt;&gt; how to spend a long weekend in the poconos pa #url# </document>
    <i.eDocument > Read > > a taste of Barbados: the best of the best #url# </document>
    read <document> &gt;&gt; 15+ best things to do in Paris #url# </document>
    read <document> &gt;&gt; b is for beaches: my caribbean favorite #url# </document>
    read <document> &gt;&gt; tipping, balloons and beer: experience señor frogs #url# </document>
    read <document> &gt;&gt; 17 things to do in Toronto in winter: complete travel guide to the city #url# </document>
    read <document> &gt;&gt; k is for Kauai and other possible travel plans for 2013 #url# </document>
    read <document> &gt;&gt; part-time travelers interview with megan hettwer #url# </document>
    read <document> &gt;&gt; r stands for rum cake: the key to a happy crowd #url# </document>
    read <document> &gt;&gt; how to have the best road trip ever #url# </document>
    read <document> &gt;&gt; o stands for old san juan [puerto rico]: a colorful photo essay #url# </document>
    read <document> &gt;&gt; why i want to move to carmel by the sea, california #url# </document>
    read <document> &gt;&gt; best day trips from amsterdam: where to go to get out of the city #url# </document>
    read <document> &gt;&gt; Cruising: yes or no? the positive and the negative #url# </document>
    read <document> &gt;&gt; Seven of Seattle's Top Tourist Attractions #url# </document>
    read <document> &gt;&gt; Big changes on the blog! #url# </document>
    read <document> &gt;&gt; best day trips from sofia, bulgaria #url# </document>
    read <document> &gt;&gt; for wine lovers: hotel vintage seattle #url# </document>
    read <document> &gt;&gt; and the Oscar goes to… #url# </document>
    read <document> &gt;&gt; Monterey and the 17 Mile Drive #url# </document>
    read <document> &gt;&gt; Highlights of our cross country road trip (nyc to sf) #url# </document>