 
      <document> ‘sonic the hedgehog’: film review #url# #url# </document>
    <document> ‘family members’: film review #url# #url# </document>
    <document> ‘the australian dream’: film review #url# #url# </document>
    <document> ‘zoey’s extraordinary playlist’: tv review #url# #url# </document>
    <document> ‘happy happy joy joy: the ren &amp; stimpy story’: film review #url# #url# </document>
    <document> ‘love is blind’ on netflix: tv review #url# #url# </document>
    <document> ‘corpus christi’: film review #url# #url# </document>
    <document> tom stoppard’s ‘leopoldstat’: theater review #url# #url# </document>
    <document> ‘dream horse’: film review #url# #url# </document>
    <document> ‘a bump along the way’: film review #url# #url# </document>
    <document> abc’s ‘for life’: tv review #url# #url# </document>
    <document> louis tomlinson’s ‘walls’: album review #url# #url# </document>
    <document> fx’s ‘a christmas carol’: tv review #url# #url# </document>
    <document> ‘the cloud in her room’: film review #url# #url# </document>
    <document> eminem’s ‘music to be murdered by’: album review #url# #url# </document>
    <document> nada surf’s ‘never not together’: album review #url# #url# </document>
    <document> ‘bad boys for life’: film review #url# #url# </document>
    <document> ‘we are freestyle love supreme’: film review #url# #url# </document>
    <document> ‘mob town’: film review #url# #url# </document>
    <document> ‘john henry’: film review #url# #url# </document>
    <document> concert review: on holiday from queen, adam lambert is still a killer #url# #url# </document>
    <document> ‘the hottest august’: film review #url# #url# </document>
    <document> ‘run sweetheart run’: film review #url# #url# </document>
    <document> golden globes review: a tame, mildly political outing for ricky gervais #url# #url# </document>
    <document> ‘the last full measure’: film review #url# #url# </document>
    <document> zoë kravitz in ‘high fidelity’: tv review #url# #url# </document>
    <document> ‘suppressed: the fight to vote’: film review #url# #url# </document>
    <document> ava duvernay’s ‘cherish the day’: tv review #url# #url# </document>
    <document> ‘9-1-1: lone star’: tv review #url# #url# </document>
    <document> ‘uncle vanya’: theater review #url# #url# </document>
    <document> album review: ‘birds of prey’ soundtrack #url# #url# </document>
    <document> ‘only cloud knows’: film review #url# #url# </document>
    <document> concert review: my chemical romance make a triumphant return to los angeles      #url# #url# </document>
    <document> ‘created equal: clarence thomas in his own words’: film review #url# #url# </document>
    <document> ‘duncanville’ starring amy poehler: tv review #url# #url# </document>
    <document> ‘lincoln rhyme: hunt for the bone collector’: tv review #url# #url# </document>
    <document> ‘the sonata’: film review #url# #url# </document>
    <document> ‘beast beast’: film review #url# #url# </document>
    <document> daniel radcliffe and alan cumming in ‘endgame’: theater review #url# #url# </document>
    <document> ‘to all the boys: p.s. i still love you’: film review #url# #url# </document>
    <document> ‘messiah’ on netflix: tv review #url# #url# </document>
    <document> ‘star wars: the rise of skywalker’: film review #url# #url# </document>
    <document> ‘birds of prey’: film review #url# #url# </document>
    <document> ‘into the deep’: film review #url# #url# </document>
    <document> the best music boxed sets of 2019 #url# #url# </document>
    <document> ‘outmatched’ with jason biggs and maggie lawson: tv review #url# #url# </document>
    <document> ‘the last shift’: film review #url# #url# </document>
    <document> ‘weathering with you’: film review #url# #url# </document>
    <document> ‘an almost ordinary summer’: film review #url# #url# </document>
    <document> green day’s ‘father of all…’: album review #url# #url# </document>
    <document> ‘the wave’: film review #url# #url# </document>
    <document> ‘taylor swift: miss americana’: film review #url# #url# </document>
    <document> review: jennifer lopez doesn’t need an oscar, she just won the super bowl #url# #url# </document>
    <document> gwyneth paltrow’s ‘the goop lab’: tv review #url# #url# </document>
    <document> ‘lingua franca’: film review #url# #url# </document>
    <document> ‘his house’: film review #url# #url# </document>
    <document> ‘the grudge’: film review #url# #url# </document>
    <document> ‘lucky grandma’: film review #url# #url# </document>
    <document> ‘the woman who loves giraffes’: film review #url# #url# </document>
    <document> ‘the truffle hunters’: film review #url# #url# </document>
    <document> ‘mythic quest: raven’s banquet’ on apple tv plus: tv review #url# #url# </document>
    <document> ‘you go to my head’: film review #url# #url# </document>
    <document> ‘soundtrack’ on netflix: tv review #url# #url# </document>
    <document> ‘sing street’: theater review #url# #url# </document>
    <document> ‘2020 oscar-nominated short films: documentary’: film review #url# #url# </document>
    <document> edie falco in ‘tommy’: tv review #url# #url# </document>
    <document> ‘boys state’: film review #url# #url# </document>
    <document> ‘the visit’: theater review #url# #url# </document>
    <document> ‘my name is lucy barton’: theater review #url# #url# </document>
    <document> ‘the social dilemma’: film review #url# #url# </document>
    <document> ‘the go-go’s’: film review #url# #url# </document>
    <document> ‘chinese portrait’: film review #url# #url# </document>
    <document> ‘the new pope’: tv review #url# #url# </document>
    <document> the best country albums of 2019 … and of the decade #url# #url# </document>
    <document> billie eilish’s james bond theme: nobody’s done it better in years (column) #url# #url# </document>
    <document> ‘three christs’: film review #url# #url# </document>
    <document> ‘the witcher’ on netflix: tv review #url# #url# </document>
    <document> ‘the thin place’: theater review #url# #url# </document>
    <document> hbo’s ‘avenue 5’ starring hugh laurie: tv review #url# #url# </document>
    <document> ‘better call saul,’ season 5: tv review #url# #url# </document>
    <document> sting in ‘the last ship’ at the ahmanson: theater review #url# #url# </document>
    <document> ‘the rhythm section’: film review #url# #url# </document>
    <document> ‘everything’s going to be okay’ from josh thomas: tv review #url# #url# </document>
    <document> ‘a fall from grace’: film review #url# #url# </document>
    <document> film review: ‘the informer’ #url# #url# </document>
    <document> ‘standing up, falling down’: film review #url# #url# </document>
    <document> ‘star trek: picard’: tv review #url# #url# </document>
    <document> ‘i carry you with me’: film review #url# #url# </document>
    <document> ‘ip man 4: the finale”: film review #url# #url# </document>
    <document> ‘house of cardin’: film review #url# #url# </document>
    <document> ‘the father’: film review #url# #url# </document>
    <document> ‘the dissident’: film review #url# #url# </document>
    <document> ‘the perfection’: film review #url# #url# </document>
    <document> ‘the ocean at the end of the lane’: theater review #url# #url# </document>
    <document> ‘a soldier’s play’: theater review #url# #url# </document>
    <document> ‘hillary’: clinton docu-series on hulu tv review #url# #url# </document>
    <document> ‘identifying features’: film review #url# #url# </document>
    <document> ‘miss juneteenth’: film review #url# #url# </document>
    <document> ‘truth and justice’: film review #url# #url# </document>
    <document> freeform’s ‘party of five’: tv review #url# #url# </document>
    
<document> Sonic the Hedgehog: Movie Review #url# #url# </document>
    <document> 'family members': movie review #url# #url# </document>
    <document> 'the australian dream': film review #url# #url# </document>
    <document> "Zoey's Extraordinary Playlist": TV Review #url# #url# </document>
    <Document> 'happy happy joy joy: the ren &amp; stimuly story’: film review #url# #url# </document>
    <document> “love is blind” on netflix: tv review #url# #url# </document>
    <document> 'corpus christi': film review #url# #url# </document>
    <Document> Tom Stoppard's "Leopoldstat": Theater Review #url# #url# </Document>
    <document> “Dream Horse”: film review #url# #url# </document>
    <document> "a bump in the road": movie review #url# #url# </document>
    <document> abc's "for life": tv review #url# #url# </document>
    <document> louis tomlinson's 'walls': album review #url# #url# </document>
    <document> fx's "a christmas carol": tv review #url# #url# </document>
    <document> 'the cloud in her room': film review #url# #url# </document>
    <document> Eminem's "Music to be Murde by": Album Review #url# #url# </document>
    <document> nada surf's 'never not together': album review #url# #url# </document>
    <document> "bad boys for life": film review #url# #url# </document>
    <document> “we are freestyle love supreme”: film review #url# #url# </document>
    <document> 'Mob Town': Movie Review #url# #url# </document>
    <document> 'john henry': movie review #url# #url# </document>
    <document> Concert recap: On Queen's vacation, Adam Lambert is still a killer #url# #url# </document>
    <document> 'the hottest august': film review #url# #url# </document>
    <document> 'Run Sweetheart Run': Movie Review #url# #url# </document>
    <document> Golden Globes review: a tame, slightly political excursion for Ricky Gervais #url# #url# </document>
    <document> 'the last full bar': film review #url# #url# </document>
    <document> zoë kravitz in “high fidelity”: tv review #url# #url# </document>
    <document> 'suppressed: the fight to vote': film review #url# #url# </document>
    <document> ava duvernay's "Cherish the day": tv review #url# #url# </document>
    <document> "9-1-1: lone star": TV review #url# #url# </document>
    <document> 'Uncle Vanya': theater review #url# #url# </document>
    <document> Album Review: Birds of Prey Soundtrack #url# #url# </document>
    <document> 'only cloud knows': film review #url# #url# </document>
    <document> Concert Recap: My Chemical Romance triumphantly returns to Los Angeles #url# #url# </document>
    <document> "equally created: Clarence Thomas in his own words": film review #url# #url# </document>
    <document> 'duncanville' with amy poehler: tv review #url# #url# </document>
    <document> Lincoln Rhyme: Hunt for the Bone Collector: TV Review #url# #url# </document>
    <document> 'the sonata': film review #url# #url# </document>
    <Document> 'Beast Beast': Movie Review #url# #url# </document>
    <document> Daniel Radcliffe and Alan Cumming in Endgame: Theater Review #url# #url# </document>
    <document> ‘to all the boys: p.s. I still love you': movie review #url# #url# </document>
    <document> 'messiah' on netflix: tv review #url# #url# </document>
    <Document> Star Wars: The Rise of Skywalker: Movie Review #url# #url# </Document>
    <document> 'birds of prey': film review #url# #url# </document>
    <document> 'in depth': film review #url# #url# </document>
    <document> the best jukeboxes of 2019 #url# #url# </document>
    <document> "outmatched" with Jason Biggs and Maggie Lawson: tv review #url# #url# </document>
    <document> 'the last shift': film review #url# #url# </document>
    <document> "Weathering with you": film review #url# #url# </document>
    <document> "an almost ordinary summer": film review #url# #url# </document>
    <document> Green Day's "Father of All Things": Album Review #url# #url# </dodocument>
    <document> 'the wave': film review #url# #url# </document>
    <Document> Taylor Swift: Miss Americana: Movie Review #url# #url# </Document>
    <document> Review: Jennifer Lopez doesn't need an Oscar, she just won the Super Bowl #url# #url# </document>
    <document> Gwyneth Paltrow's "the goop lab": tv review #url# #url# </document>
    <document> 'lingua franca': film review #url# #url# </document>
    <document> 'his house': film review #url# #url# </document>
    <document> 'the grudge': film review #url# #url# </document>
    <document> 'happy grandma': film review #url# #url# </document>
    <document> "The Woman Who Loves Giraffes": Film Review #url# #url# </document>
    <Document> 'The Truffle Hunters': Movie Review #url# #url# </Document>
    <document> 'mythic quest: raven's banquet' on apple tv plus: tv review #url# #url# </document>
    <document> "you go to my head": movie review #url# #url# </document>
    <document> 'soundtrack' on netflix: tv review #url# #url# </document>
    <document> "sing street": theater review #url# #url# </document>
    <document> “2020 Oscar Nominated Short Films: Documentary”: Film Review #url# #url# </document>
    <document> edie falco in 'tommy': tv review #url# #url# </document>
    <document> 'boys state': film review #url# #url# </document>
    <document> 'the visit': theater review #url# #url# </document>
    <document> "My name is Lucy Barton": theater review #url# #url# </document>
    <document> 'the social dilemma': film review #url# #url# </document>
    <document> 'the go-go's': film review #url# #url# </document>
    <document> 'Chinese portrait': film review #url# #url# </document>
    <document> 'the new pope': tv review #url# #url# </document>
    <document> the best country albums of 2019... and the decade #url# #url# </document>
    <document> James Bond theme by Billie Eilish: Nobody has done it better in years (column) #url# #url# </document>
    <document> 'three christians': film review #url# #url# </document>
    <document> "the witcher" on netflix: tv review #url# #url# </document>
    <document> "The Thin Place": Theater Review #url# #url# </document>
    <document> hbo's avenue 5 starring hugh laurie: tv review #url# #url# </document>
    <document> 'Better call saul' Season 5: TV review #url# #url# </document>
    <document> Sting in 'the last ship' at the ahmanson: theater review #url# #url# </document>
    <document> 'the rhythm section': film review #url# #url# </document>
    <document> "Everything will be fine" by Josh Thomas: tv review #url# #url# </document>
    <document> "a fall from grace": film review #url# #url# </document>
    <document> Film review: 'the informer' #url# #url# </document>
    <document> 'stand up, fall': film review #url# #url# </document>
    <document> 'star trek: picard': tv review #url# #url# </document>
    <document> 'I'll carry you with me': film criticism #url# #url# </document>
    <document> "ip man 4: the finale": movie review #url# #url# </document>
    <document> House of Cardin: Movie Review #url# #url# </document>
    <document> 'the father': film review #url# #url# </document>
    <document> 'the dissident': film review #url# #url# </document>
    <document> 'the perfection': film review #url# #url# </document>
    <document> "the ocean at the end of the lane": theater criticism #url# #url# </document>
    <document> 'a soldier's play': theater review #url# #url# </document>
    <document> 'hillary': Clinton docu-series on Hulu TV Review #url# #url# </document>
    <Document> “Identifying Features”: Movie Review #url# #url# </Document>
    <document> "miss juneteenth": movie review #url# #url# </document>
    <Document> "Truth and Justice": Movie Review #url# #url# </Document>
    <document> Freeforms "Party of Five": TV Review #url# #url# </document>