 
      <document> a crochet journal: a journal for crochet projects➼buy now➼ #url# #url# </document>
    <document> homasy 2 in 1 stick vacuum &amp; handheld vacuum, lightweight corded vacuum cleaner bagless with hepa filtration,12kpa… #url# </document>
    <document> detects afib or normal hear… #url# </document>
    <document> betsey johnson women's rose gold heart safety pin earrings➼buy now➼ #url# #url# </document>
    <document> cafepress got fufu? bib cute cloth baby bib, toddler bib➼buy now➼ #url# #url# </document>
    <document> betsey johnson"cubic zirconia critter" cubic zirconia and butterfly long drop earrings➼buy now➼… #url# </document>
    <document> junda car phone holder 360-degree rotation cell phone holder suitable for 4 to 7 inch smartphones,rotating dashboar… #url# </document>
    <document> kenneth cole new york "shiny earrings" small silver circle drop earrings➼buy now➼ #url# #url# </document>
    <document> anne klein gold tone button clip-on earrings➼buy now➼ #url# #url# </document>
    <document> betsey johnson women's crystal rhodium crystal stud medium earrings crystal stud earrings➼buy now➼… #url# </document>
    <document> callez 3.5mm cell phone headset dual, corded truck driver headsets with microphone noise canceling for iphone samsu… #url# </document>
    <document> bluewind bike seat, most comfortable bicycle seat memory foam waterproof bicycle saddle - dual shock absorbing with… #url# </document>
    <document> kate spade new york kate spade earrings (black/diamond)➼buy now➼ #url# #url# </document>
    <document> cuisinart toa-60 convection toaster air fryer, one size, silver➼buy now➼ #url# #url# </document>
    <document> apple iphone 6 plus, gsm unlocked, 16gb - space gray (renewed)➼buy now➼ #url# #url# </document>
    <document> pandora signature hoop silver earrings 290558cz➼buy now➼ #url# #url# </document>
    <document> giauma car phone mount air vent cell phone holder cradle with anti-scratch clip universal compatible with iphone sa… #url# </document>
    <document> starry night over the rhone by vincent van gogh - laminated fine art poster - wall art painting print - 18" x 24"➼b… #url# </document>
    <document> lucky brand turquoise hoop earrings, silver, one size➼buy now➼ #url# #url# </document>
    <document> pandora dazzling droplets stud earrings, sterling silver, clear cubic zirconia, one size➼buy now➼… #url# </document>
    <document> yoobure 10 silent quartz decorative wall clock non-ticking classic digital clock battery operated round easy to rea… #url# </document>
    <document> kate spade new york women's small square studs earrings cream one size➼buy now➼ #url# #url# </document>
    <document> quikrete high gloss sealer gal - 2pack➼buy now➼ #url# #url# </document>
    <document> betsey johnson mystic baroque queens blue and gold moon and star drop earrings➼buy now➼ #url# #url# </document>
    <document> nine west silver-tone crystal drop earrings➼buy now➼ #url# #url# </document>
    <document> nokia 6 - 32 gb - dual sim unlocked smartphone (at&amp;t/t-mobile/metropcs/cricket/mint) - update to android 9.0 pie -… #url# </document>
    <document> islandseplant stand rack shelf flower pots holder display rack utility shelf rack (red)➼buy now➼… #url# </document>
    <document> lasko 4930 oscillating high velocity tower fan with remote control - features built-in timer and louvered air flow… #url# </document>
    <document> volferda cell phone signal booster for at&amp;t verizon t-mobile 2g 3g 4g, u.s.cellular 2g 4g dual band 2 band 5 mobile… #url# </document>
    <document> camkix camera shutter remote control with bluetooth wireless technology - create amazing photos and videos hands-fr… #url# </document>
    <document> jteman 5-in-1 bluetooth spearker 3d hd mobile phone screen magnifier amplifier movie video cell phone enlarger scre… #url# </document>
    <document> ab traps pro-quality live animal humane trap catch and release rats mouse mice rodents and similar sized pests - sa… #url# </document>
    <document> 1more wireless over-ear headphones bluetooth comfortable earphones with bass control, durable headband, noise cance… #url# </document>
    <document> a little bit of everything journal - a journal for everyday: stay organized, get creative, plan your day, write it… #url# </document>
    <document> nine west "metal motion" tri-tone shaky drop earrings➼buy now➼ #url# #url# </document>
    <document> mobile phone strong compatibility touch screen stylus ballpoint metal handwriting pen suitable for mobilephone➼buy… #url# </document>
    <document> panasonic nb-g110p toaster oven flashxpress with double infrared heating and removable 9-inch inner baking tray, si… #url# </document>
    <document> raddzo women's plus size cotton capri cropped leggings lace trim soft tights pants, black, xxl➼buy now➼… #url# </document>
    <document> robert lee morris "spun metal" two-tone wire wrapped hoop earrings➼buy now➼ #url# #url# </document>
    <document> bissell cleanview rewind pet deluxe upright vacuum cleaner, 24899, green➼buy now➼ #url# #url# </document>
    <document> submersible clean water sump pump 0.5hp, 1560gph, 28'head, thermoplastic to avoid corrosion, thermal protector, cop… #url# </document>
    <document> photography photo portrait studio 600w day light umbrella continuous lighting kit by limostudio, lms103➼buy now➼… #url# </document>
    <document> cell phone holder for car vent, happiere 4 in 1 function phone ring holder finger kickstand, 360° rotation and 90°f… #url# </document>
    <document> hicarer 40 pieces 11.5mm glass cabochons earrings and 40 pieces earring wire hooks 12mm round post cup tray earring… #url# </document>
    <document> guardair long john 75lj018aa safety air blow gun osha compliant alloy nozzle with 18-inch aluminum extension➼buy no… #url# </document>
    <document> anmytek iron color wall light fixture swing arm wall lamp industrial retro rustic loft antique wall lamp edison vin… #url# </document>
    <document> arama cell phone headset w/lightweight secure-fit headband, pro noise canceling mic and in-line controls 3.5mm head… #url# </document>
    <document> lucky brand two tone double layer earrings➼buy now➼ #url# #url# </document>
    <document> neewer 43-inch / 110cm 5-in-1 collapsible multi-disc light reflector with bag - translucent, silver, gold, white an… #url# </document>
    <document> weboost drive 4g-x (470510) cell phone signal booster, cell signal booster for car &amp; truck - verizon, at&amp;t, t-mobil… #url# </document>
    <document> hamilton beach 31508 6 slice capacity toaster oven➼buy now➼ #url# #url# </document>
    <document> jewels of rome: match gems to restore the city➼buy now➼ #url# #url# </document>
    <document> the rise and fall of nokia mobile➼buy now➼ #url# #url# </document>
    <document> pandora regal hearts silver stud earrings 297693➼buy now➼ #url# #url# </document>
    <document> haba monza - a car racing beginner's board game encourages thinking skills - ages 5 and up (made in germany)➼buy no… #url# </document>
    <document> betsey johnson cubic zirconia pave heart and skull duo set of stud earrings➼buy now➼ #url# #url# </document>
    <document> eurolux percolator coffee maker pot - 12 cups </document>
    <document> kijaro  dual lock portable camping and sports chair➼buy now➼ #url# #url# </document>
    <document> miahart 150 set earring cards, earring display cards with self-sealing bags for stud earrings dangle earring holder… #url# </document>
    <document> bewishome jewelry box for women 35 compartments jewelry organizer - 6 necklace hooks, 2 layers - jewelry boxes disp… #url# </document>
    <document> kenneth cole new york "woven item" topaz woven faceted bead drop earrings➼buy now➼ #url# #url# </document>
    <document> 4 triggers mobile game controller with cooling fan for pubg/fotnite [6 finger operation] yobwin l1r1 l2r2 gaming gr… #url# </document>
    <document> kenmore 99059 compact mini refrigerator, 4.5 cu. ft. in black➼buy now➼ #url# #url# </document>
    <document> lapgear mydesk lap desk - cool gray - fits up to 15.6 inch laptops - style no. 44435➼buy now➼… #url# </document>
    <document> betsey johnson "cubic zirconia critter" cubic zirconia and butterfly double mismatch drop earring➼buy now➼… #url# </document>
    <document> orcbee  _fashionable and simple opening 26 letters with diamond ring ladies jewelry (r)➼buy now➼… #url# </document>
    <document> betsey johnson "skeletons after dark" pave cat stud earring➼buy now➼ #url# #url# </document>
    <document> lucky brand silver-tone and faux turquoise hoop earrings➼buy now➼ #url# #url# </document>
    <document> pandora timeless elegance stud earrings, pandora rose, clear cubic zirconia, one size➼buy now➼… #url# </document>
    <document> elle gets a mobile phone: cyber safety can be fun [internet safety for kids] (diary of elle) (volume 1)➼buy now➼… #url# </document>
    <document> shift racing barbolt flexfit hat - electric blue 15744-029-s/m➼buy now➼ #url# #url# </document>
    <document> kate spade new york small stud earrings - glitter opal➼buy now➼ #url# #url# </document>
    <document> cell phone signal booster for car, truck, vehicle use, multiple band repeater kit for all carriers verizon at&amp;t 2g… #url# </document>
    <document> wifi display dongle, 2.4g+5g mobilephone computer 4k hd wireless projector, tv hdmi display receiver, screen mirror… #url# </document>
    <document> wedding ring set two rings his hers couples matching rings women's 2pc white gold filled square cz wedding engageme… #url# </document>
    <document> classics pe single stone drop earrings, rose gold➼buy now➼ #url# #url# </document>
    <document> dewalt dw4764 10-inch by .060-inch premium xp4 tile blade wet➼buy now➼ #url# #url# </document>
    <document> blu vivo xi+ - 6.2" full hd+ smartphone gsm unlocked and verizon compatible, 128gb+6gb ram, ai dual cameras -silver… #url# </document>
    <document> sooyee clear 3 vertical drawer earring display stand organizer(holds 108 pairs), jewelry hanger storage box➼buy now… #url# </document>
    <document> complete english grammar rules: examples, exceptions, exercises, and everything you need to master proper grammar (… #url# </document>
    <document> aputure al-m9 amaran led mini light on camera video light, black➼buy now➼ #url# #url# </document>
    <document> range kleen cw6009 stainless steel pot rack bookshelf, 12 by 36 by 10-inch➼buy now➼ #url# #url# </document>
    <document> oukitel c12 android 8.1 unlocked cell phones, 6.18" 18:9 full-screen display 3300mah battery global 3g android smar… #url# </document>
    <document> pandora hearts of pandora hoop earrings, sterling silver, clear cubic zirconia, one size➼buy now➼… #url# </document>
    <document> qiaya selfie light ring lights led circle light cell phone laptop camera photography video lighting clip on recharg… #url# </document>
    <document> stylemaster twill and birch bryce chenille scalloped valance with cording, 55 by 17-inch, sea breeze➼buy now➼… #url# </document>
    <document> two earring back replacements |14k solid white gold </document>
    <document> skypatio electic parasol patio heater, folding electric outdoor umbrella space heater,3 infrared heating lamps for… #url# </document>
    <document> foufit 85437 poop emoji plush dog toy with squeaker➼buy now➼ #url# #url# </document>
    <document> 4 pack rectangular plastic trays, heavyweight disposable serving party platters, 9" x 13", assorted colors➼buy now➼… #url# </document>
    <document> most expensive mobile phones in the world➼buy now➼ #url# #url# </document>
    <document> betsey johnson"dark shadows" pave skull long drop earrings➼buy now➼ #url# #url# </document>
    <document> ldc magnetic phone car mount cell phone holder 360 magnetic phone holder car phone mount cell phone car mount phone… #url# </document>
    <document> betsey johnson women's creepshow spider non-matching drop earrings pink/antique gold drop earrings➼buy now➼… #url# </document>
    <document> 6 pack- emf protection cell phone anti radiation protector sticker, negative ions emf blocker for mobile phones,lap… #url# </document>
    <document> brew coffee on fire, grill or st… #url# </document>
    <document> haolide wireless mobile game controllers gamepad for 4-6inch android ios phone➼buy now➼ #url# #url# </document>
    <document> orfeld cordless vacuum cleaner, 2 in 1 stick vacuum with digital motor, 17 kpa powerful suction &amp; led brush for hom… #url# </document>
    <document> pori jewelers sterling silver cushion cut halo solitaire engagement ring- 2.45 cttw cz (white, 7)➼buy now➼… #url# </document>
    <document> garden radiance grp3500ss dancing flames stainless steel pyramid patio heater➼buy now➼ #url# #url# </document>
    
<document> a Crochet Journal: a journal for crochet projects➼Buy Now➼ #url# #url# </document>
    <document> homasy 2 in 1 vacuum cleaner &amp; Handheld vacuum, lightweight corded bagless vacuum with hepa filtration, 12 kpa… #url# </document>
    <document> recognizes AFIB or normal hearing… #url# </document>
    <document> Betsey Johnson Women's Rose Gold Heart Safety Pin Earrings➼Buy Now➼ #url# #url# </document>
    <document> cafepress has fufu? Bib Cute Cloth Baby Bibs, Toddler Bibs➼Buy Now➼ #url# #url# </document>
    <document> Betsey Johnson "cubic zirconia critter" long earrings with zirconia and butterfly➼buy➼… #url# </document>
    <document> Junda car phone holder 360 degree rotating mobile phone holder suitable for 4 to 7 inch smartphones, rotating dashboard... #url# </document>
    <document> kenneth cole new york "shiny earrings" small silver circle earrings ➼ buy now ➼ #url# #url# </document>
    <document> anne klein gold-colored clip earrings with buttons➼Buy it now➼ #url# #url# </document>
    <document> Betsey Johnson Women's Crystal Rhodium Crystal Stud Earrings Medium Earrings Crystal Stud Earrings➼Buy Now➼… #url# </document>
    <document> Callez 3.5mm Cell Phone Headset Dual Wired Truck Driver Headsets with Mic Noise Canceling for iPhone Samsung #url# </document>
    <document> Bluewind Bike Seat, Most Comfortable Bike Seat Memory Foam Waterproof Bike Saddle - Double Shock Absorption with… #url# </document>
    <document> kate spade new york kate spade earrings (black/diamond)➼shop now➼ #url# #url# </document>
    <document> cuisinart toa-60 convection toaster air fryer, one size, silver➼buy now➼ #url# #url# </document>
    <document> apple iphone 6 plus, gsm unlocked, 16 gb - space gray (refurbished)➼buy now➼ #url# #url# </document>
    <document> Pandora Signature Hoop Earrings Silver Earrings 290558cz➼Buy Now➼ #url# #url# </document>
    <document> giauma car phone holder air vents mobile phone holder with scratch-resistant clip universally compatible with iphone sa… #url# </document>
    <document> Starry Night Over the Rhône by Vincent van Gogh - Art Laminated Poster - Wall Art Painting Print - 18" x 24"➼b… #url# </document>
    <document> lucky brand turquoise hoop earrings, silver, one size ➼ buy now ➼ #url# #url# </document>
    <document> Pandora Dazzling Droplets Stud Earrings, Sterling Silver, Clear Cubic Zirconia, One Size➼Shop Now➼… #url# </document>
    <document> yoobure 10 Silent Quartz Decorative Wall Clock Non Ticking Classic Digital Clock Battery Operated Round Easy to Read… #url# </document>
    <document> kate spade new york women's small square stud earrings cream one size➼shop➼ #url# #url# </document>
    <document>quikrete high gloss sealer gal - 2pack➼buy now➼ #url# #url# </document>
    <document> Betsey Johnson Mystic Baroque Queens Blue and Gold Moon and Star Drop Earrings➼Buy Now➼ #url# #url# </document>
    <document> nine west silver tone crystal earrings ➼ buy now ➼ #url# #url# </document>
    <document> Nokia 6 - 32GB - unlocked dual SIM smartphone (at&amp;t/t-mobile/metropcs/cricket/mint) - update to Android 9.0 pie -… #url# </document>
    <document> island plant stand shelf flower pots holder display stand utility shelf shelf (red)➼buy now➼… #url# </document>
    <document> lasko 4930 High Speed ​​Oscillating Tower Fan with Remote Control - features a built in timer and louvered airflow... #url# </document>
    <document> Volferda Cell Phone Signal Booster for AT&T Verizon T-Mobile 2G 3G 4G, US Cellular 2G 4G Dual Band 2 Band 5 Mobile… #url# </document>
    <document> camkix camera shutter remote control with bluetooth wireless technology - create amazing photos and videos hands-free... #url# </document>
    <document> jteman 5 in 1 Bluetooth Speaker 3D HD Mobile Phone Screen Magnifier Amplifier Movie Video Mobile Phone Magnifier… #url# </document>
    <Document> Professional quality live animal humane traps for catching and releasing rats, mice, rodents and similar sized vermin- sa… #url# </document>
    <document> 1more wireless over-ear headphones Comfortable Bluetooth earphones with bass control, durable headband, noise canceling... #url# </document>
    <document> a little bit of everything journal - a diary for everyday life: stay organized, get creative, plan the day, write... #url# </document>
    <document> nine west "metal motion" wobbly three-tone earrings➼buy now➼ #url# #url# </document>
    <document> mobile phone strong compatibility touch screen pen ballpoint metal handwriting pen suitable for mobile phone➼buy… #url# </document>
    <document> panasonic nb-g110p toaster oven flashxpress with double infrared heating and removable 9-inch baking tray inside, si… #url# </document>
    <document> raddzo Womens Cotton Plus Size Leggings Lace Trim Capri Leggings Soft Tights Black XXL➼Buy Now➼… #url# </document>
    <document> robert lee morris spun metal two tone wire wrapped hoop earrings➼buy now➼ #url# #url# </document>
    <document> bissell cleanview rewind pet deluxe hand vacuum cleaner, 24899, green ➼ buy now ➼ #url# #url# </document>
    <document> Submersible Submersible Clean Water Pump 0.5HP 1560gph 28ft Head Thermoplastic to Prevent Corrosion Thermal Protection Cop… #url# </document>
    <document> photography photo portrait studio 600w daylight umbrella continuous lighting kit by limostudio, lms103➼buy now➼… #url# </document>
    <document> Mobile phone holder for car air vent, happier 4 in 1 function mobile phone ring holder finger stand, 360° rotatable and 90° f... #url# </document>
    <document> hicarer 40pcs 11.5mm Glass Cabochons Earrings and 40pcs Earring Wire Hooks 12mm Round Post Cup Earrings… #url# </document>
    <document> guardair long john 75lj018aa safety blow gun osha compliant alloy nozzle with 18" aluminum extension➼buy no… #url# </document>
    <document> anmytek iron colored wall sconce swing arm sconce industrial retro rustic loft antique sconce edison vin… #url# </document>
    <document> Arama mobile headset with lightweight, secure-fitting headband, professional noise-cancelling microphone and in-line controls 3.5mm head… #url# </document>
    <document> Lucky Brand Two Tone Double Layer Earrings➼buy now➼ #url# #url# </document>
    <document> Neewer 43"/110cm Foldable 5-in-1 Multi-Disc Light Reflector with Bag - Translucent, Silver, Gold, White and... #url# </document>
    <document> weboost drive 4g-x (470510) Cell Phone Signal Booster, Cell Phone Signal Booster for Car &amp; truck – verizon, at&amp;t, t-mobile… #url# </document>
    <document> Hamilton Beach 31508 6 Slice Capacity Toaster➼Buy Now➼ #url# #url# </document>
    <document> Gems of Rome: Match gems to restore the city➼buy now➼ #url# #url# </document>
    <document> The Rise and Fall of Nokia Mobile➼Buy Now➼ #url# #url# </document>
    <document> Pandora Royal Hearts Silver Stud Earrings 297693➼Buy Now➼ #url# #url# </document>
    <document> haba monza - A beginner's board game for car racing promotes the ability to think - from 5 years (made in germany)➼buy no… #url# </document>
    <document> Betsey Johnson pair of ear studs with zirconia pavé heart and skull➼Buy now➼ #url# #url# </document>
    <document> Eurolux Percolator coffee maker jug ​​- 12 cups </document>
    <document> kijaro portable double locking camping and sports chair➼Buy now➼ #url# #url# </document>
    <document> miahart 150 set earring cards, earring display cards with self-seal pouches for ear stud holders... #url# </document>
    <document> bewishome Women's Jewelery Box 35 Compartments Jewelery Organizer - 6 Chain Hooks, 2 Tier - Jewelery Box… #url# </document>
    <document> Kenneth Cole New York "Woven Item" Topaz Woven Faceted Pearl Earrings➼Buy Now➼ #url# #url# </document>
    <document> 4 triggers mobile game controller with fan for Pubg/Fotnite [6 finger touch] yobwin l1r1 l2r2 Gaming Gr… #url# </document>
    <Document> Kenmore 99059 Compact Mini Fridge 4.5 cu.ft. in black➼Buy Now➼ #url# #url# </document>
    <document> lapgear mydesk lap table - cool gray - fits laptops up to 15.6 inches - style no. 44435➼Buy Now➼… #url# </document>
    <document> Betsey Johnson cubic zirconia critter drop earring with cubic zirconia and double mismatch butterfly➼buy now➼… #url# </document>
    <document> orcbee _fashionable and simple opening 26 letters with diamond ring women's jewelry (r)➼buy now➼… #url# </document>
    <document> Betsey Johnson Skeletons After Dark Pavé Cat Stud Earrings➼Buy Now➼ #url# #url# </document>
    <document> silver and turquoise hoop earrings by lucky brand➼Buy now➼ #url# #url# </document>
    <document> Pandora Timeless Elegance Stud Earrings, Pandora Rose, Clear Cubic Zirconia, One Size➼Shop Now➼… #url# </document>
    <document> Elle Gets a Cell Phone: Cyber ​​Security Can Be Fun [Internet Security for Kids] (Elle's Diary) (Volume 1)➼Buy Now➼… #url# </document>
    <document> shift racing barbolt flexfit cap - electric blue 15744-029-s/m➼buy now➼ #url# #url# </document>
    <document> kate spade new york small stud earrings - glitter opal➼buy now➼ #url# #url# </document>
    <document> Cell Phone Signal Booster for Car Truck Vehicle Use Multi Band Repeater Kit for All Carriers Verizon AT&amp;T 2G… #url# </document>
    <document> WiFi Display Dongle, 2.4g + 5g Mobile Phone, Computer, 4k HD Wireless Projector, TV, HDMI Display Receiver, Screen Mirror... #url# </document>
    <document> Wedding ring set two rings his her pairs matching rings ladies 2 pcs. White gold filled square cz wedding engagement… #url# </document>
    <document> classics pe single stone drop earrings, rose gold➼buy now➼ #url# #url# </document>
    <document> dewalt dw4764 10" x .060" premium xp4 tile blade wet➼Buy Now➼ #url# #url# </document>
    <document> blu vivo xi+ - 6.2" Full HD+ GSM Unlocked Verizon Compatible Smartphone, 128GB + 6GB RAM, AI Dual Cameras - Silver… #url# </document>
    <document> sooyee Clear Earring Stand with 3 Vertical Drawers (Holds 108 Pairs) Jewelry Pendant Storage Box➼Buy it now... #url# </document>
    <document> complete English grammar rules: examples, exceptions, exercises and everything you need to master the right grammar (… #url# </document>
    <document> aputure al-m9 amaran led mini light on camera video light, black➼buy now➼ #url# #url# </document>
    <document> range kleen cw6009 stainless steel pot rack bookcase, 12 x 36 x 10 inches➼buy now➼ #url# #url# </document>
    <document> oukitel c12 android 8.1 unlocked phones, 6.18" 18:9 full screen display 3300mah battery global 3g android smart… #url# </document>
    <document> Pandora Hearts of Pandora Hoop Earrings, Sterling Silver, Clear Cubic Zirconia, One Size➼Shop Now➼… #url# </document>
    <document> qiaya selfie light ring lights led circle light handy laptop camera photography video lighting clip on recharg… #url# </document>
    <document> Stylemaster Twill and Birch Chenille Scalloped Edge with Cord 140x43cm Sea Breeze➼buy now➼… #url# </document>
    <document> two earring replacement parts | 14k solid white gold </document>
    <document> skypatio Electric Parasol Patio Heater Folding Electric Outdoor Space Heater with Parasol 3 Infrared Heat Lamps for… #url# </document>
    <document> foufit 85437 Poop Emoji Plush Dog Toy with Squeaker➼buy now➼ #url# #url# </document>
    <document> 4 Pack Rectangular Plastic Trays Heavy Duty Disposable Party Serving Platters 9" x 13" Assorted Colors➼Buy Now➼… #url# </document>
    <document> most expensive cell phones in the world➼Buy now➼ #url# #url# </document>
    <document> betsey johnson"dark shadows" long teardrop pavé skull earrings➼buy now➼ #url# #url# </document>
    <document> ldc magnetic phone holder for car phone holder 360 magnetic phone holder for car phone holder mobile phone holder for car phone... #url# </document>
    <document> betsey johnson womens creepshow spider mismatched teardrop earrings pink/antique gold drop Earrings➼Buy Now➼… #url# </document>
    <document> 6 Pack - EMF Protection Stickers for Cell Phone, Anti Radiation Protection Stickers, EMF Blocker Negative Ions for Cell Phone, Laptop... #url# </document>
    <document> Brewing, grilling or st… #url# </document> coffee on fire
    <document> Haolide Wireless Mobile Game Controller Gamepad for 4-6 inch Android iOS Phone➼Buy Now➼ #url# #url# </document>
    <Document> Orfeld cordless vacuum cleaner, 2 in 1 stick vacuum cleaner with digital motor, 17 kPa strong suction power &amp; LED brush for Ho… #url# </document>
    <document> Pori Jewelers Halo Cushion Cut Sterling Silver Solitaire Engagement Ring - 2.45 cttw cz (white, 7)➼buy now➼… #url# </document>
    <document> garden radiance grp3500ss dancing flames pyramid patio heater made of stainless steel➼Buy now➼ #url# #url# </document>