 
      <document> rt #user#: following up from last week #user# - where do you stand?  you campaigned against #user# last election. are… </document>
    <document> pelosi &amp; schiff will be remembered for their reckless actions – running an unfair trial that is based in political… #url# </document>
    <document> at the state of the union, president trump sent a clear message to terrorists around the world! #url# </document>
    <document> rt #user#: honored for the recognition. i appreciate and fully support the hard work of so many moving the tech diversification in w… </document>
    <document> rt #user#: bootedgeedge (buttigieg) is doing pretty well tonight. giving crazy bernie a run for his money. very interesting! </document>
    <document> but the senate is voting today! call #user# at 202-224-3954 today and tell him to vote not guilty #hashtag# (3/3) </document>
    <document> rt #user#: happy birthday to west virginia’s own #user#! 97 years young! ✈️ 🥳 </document>
    <document> rt #user#: for generations, democrats have promised progress and reform on issues like criminal justice, education, and minority unemp… </document>
    <document> rt #user#: when msnbc does a man-on-the-street interview and they accidentally discover a real man-on-the-street. #url#… </document>
    <document> rt #user#: president #user# on the russia, russia, russia hoax:  "it was all bullshit." #url# </document>
    <document> sen. joe manchin shouted, “guilty” as the senate clerk asked how he would vote regarding the removal of president t… #url# </document>
    <document> rt #user#: wow  #user# compared running again donald trump to prosecuting nazis.  trump derangement syndrome is stong during… </document>
    <document> rt #user#: happy valentine’s day to my best friend and husband — little jimmy justice! #url# </document>
    <document> rt #user#: .#user# west virginia is blessed to have a strong conservative like you representing us in the us senate. thank you f… </document>
    <document> rt #user#: west virginia is long overdue for infrastructure improvement, especially for our roads. this morning, we discussed the… </document>
    <document> rt #user#: tough guys for trump! #url# </document>
    <document> rt #user#: rt to agree with president trump → sanctuary cities are a violation of the rule of law. these policies must come to an end. </document>
    <document> rt #user#: can’t say i mind the fact that the great people of west virginia are furious at their puppet democrat senator, joe man… </document>
    <document> rt #user#: warren: ‘nobody can describe what winning looks like’  false! this is what winning looks like:   ✅7 million new jobs ✅u… </document>
    <document> rt #user#: in nh primary tonight, #user# is very likely to beat the vote percentages of the last 3 incumbent presidents who wo… </document>
    <document> rt #user#: ....always continue. every republican senator except romney, many highly religious people, all very smart, voted again… </document>
    <document> rt #user#: not going to lie, i had no idea what to expect.  the man walked in shook all our hands, took selfies, and whatever we aske… </document>
    <document> rt #user#: ilhan omar, named anti-semite of the year, is hitting the campaign trail with crazy bernie.  sanders is proud to have her… </document>
    <document> rt #user#: today is an historic day. the u.s. senate voted to acquit #user# of both articles of impeachment. my full statement: ht… </document>
    <document> leading democrat presidential candidate pete buttigieg wants to decriminalize all drug possession including heroin,… #url# </document>
    <document> rt #user#: “three years ago, we launched the great american comeback. tonight, i stand before you to share the incredible results.” -#user#… </document>
    <document> are you a pro-life democrat? you’re no longer welcome in the democrat party. join the republican party today:… #url# </document>
    <document> rt #user#: “the vaunted 'moderate lane' lacks one thing: moderates. senator amy klobuchar of minnesota, former mayor pete buttigieg of south… </document>
    <document> rt #user#: i am hearing the truth. it is good to hear good news.  i support president trump. #hashtag# #hashtag# </document>
    <document> rt #user#: i enjoyed attending the #user# winter meeting this weekend. i’m convinced the wv republican party is the most staunch suppo… </document>
    <document> 🇺🇸🇺🇸🇺🇸”at the state of the union, president trump declared that the days of our economic surrender ended on his ina… #url# </document>
    <document> rt #user#: big data from new hampshire:  ✅ 52,559 tickets  ✅ 24,732 voters identified (41% from nh)  ✅ 17% didn’t vote in 2016  ✅ 25.4%… </document>
    <document> rt #user#: yes, #user# has the beast on the track at the #hashtag# 🇺🇸🏁 #url# </document>
    <document> at the state of the union, president trump talked about job creation.🇺🇸🇺🇸🇺🇸#hashtag# #url# </document>
    <document> rt #user#: still your president. #url# </document>
    <document> rt #user#: great speech tonight! proud to stand with president donald j. trump! #hashtag# #hashtag# #hashtag# 🇺🇸🇺🇸🇺🇸 #url#… </document>
    <document> rt #user#: acquitted for life. #url# </document>
    <document> rt #user#: impeachment has ripped this country apart. it’s time to join together and tackle issues like prescription drug pricing and i… </document>
    <document> rt #user#: had failed presidential candidate #user# devoted the same energy and anger to defeating a faltering barack obama… </document>
    <document> even chris matthews can agree....socialism doesn’t work! #url# </document>
    <document> rt #user#: thank you for the visit and inspirational talk today, mr. president!  we won’t let you down in november! 🇺🇸  #hashtag#… </document>
    <document> rt #user#: the constitution protects the right to life for all americans.   today, i fought for that right in #user#.  it i… </document>
    <document> rt #user#: i’m proud of the great things my friend president #user# has accomplished and talked about tonight. since day o… </document>
    <document> rt #user#: “we must always remember that our job is to put america first.”—#user# #hashtag# </document>
    <document> rt #user#: trump has officially arrived in daytona #url# </document>
    <document> rt #user#: democrat sen. joe manchin claims he "understood the [ukraine call] transcript very well"  immediately proceeds to misquote th… </document>
    <document> rt #user#: “every human life is a sacred gift from god” - #user#   thank you, president trump for defending the right to life of th… </document>
    <document> at the state of the union, president trump spoke about the progress his administration is making to keep our countr… #url# </document>
    <document> rt #user#: president #user# has ushered in an era of robust economic prosperity and military strength during his presiden… </document>
    <document> both president zelensky and president trump have said there was no pressure on the call. zelensky did not know aid… #url# </document>
    <document> rt #user#: "we are advancing with unbridled optimism and lifting our citizens of every race, color, religion and creed very, very high.… </document>
    <document> share: it is time to acquit president donald trump! the vote is today! please call senator joe manchin right now an… #url# </document>
    <document> rt #user#: thank you, new hampshire!  #hashtag# #url# </document>
    <document> rt #user#: president #user# has taken action to reform our criminal justice system.  the first step act allows those sentenced unde… </document>
    <document> rt #user#: i’m ready to put this trial behind us. i’m optimistic we can find the solutions that move our country forward. #url#… </document>
    <document> rt #user#: since #user# declared a crisis on our southern border, illegal immigration has decreased significantly, but there is st… </document>
    <document> rt #user#: this is a great day for america! after 3 years of endless investigations &amp; a partisan impeachment, yesterday the president… </document>
    <document> 🇺🇸🇺🇸🇺🇸president trump didn’t mince any words at the state of the union regarding socialism.🇺🇸🇺🇸🇺🇸 #url# </document>
    <document> rt #user#: it feels like we’ve been married a hundred years, but i’ve loved every one with you, cathy! happy valentine’s day ❤️ https:… </document>
    <document> rt #user#: "i don’t like people who use their faith as justification for doing what they know is wrong, nor do i like people who say ‘i… </document>
    <document> president trump opened the state of the union with this description of our country. president trump is making ameri… #url# </document>
    <document> rt #user#: this week in wv, i signed a pair of bills into law designed to remove barriers and to improve the lives of many west virgin… </document>
    <document> rt #user#: great to be in morgantown today to speak at the #user# winter meeting! enjoyed seeing so many friends and talking with th… </document>
    <document> rt #user#: i was very surprised &amp; disappointed that senator joe manchin of west virginia voted against me on the democrat’s total… </document>
    <document> rt #user#: honored to speak at the 29th west virginia science bowl! good luck to all those competing! #url# </document>
    <document> months into this impeachment sham, the facts remain the same: the july 25th call transcript – released to the publi… #url# </document>
    <document> rt #user#: under the leadership of #user#, america is stronger and safer than ever! 🇺🇸  #hashtag# </document>
    <document> rt #user#: they are really mad at senator joe munchkin in west virginia. he couldn’t understand the transcripts. romney could, bu… </document>
    <document> rt #user#: we had several students from st. marys high school serving as pages at the capitol today. it was great meeting them! https://… </document>
    <document> president trump has been acquitted!!!🥳🎉 #hashtag# #url# </document>
    <document> rt #user#: joe biden, who opposed the raid on osama bin laden, says he would not have ordered the strike on terrorist leader soleiman… </document>
    <document> rt #user#: looking forward to seeing #user# in a few hours at the white house and congratulating him on his acquittal.  was… </document>
    <document> rt #user#: if you’re in west virginia and are disgusted by the behavior of #user#, navigate to this link and change your regist… </document>
    <document> release: #user# statewide candidates stand with #user# in support of president #user# - #user#… #url# </document>
    <document> rt #user#: great to have students from east fairmont high school and buffalo ffa visit today. we discussed the importance of leadership… </document>
    <document> president trump’s defense team clearly laid out their case for president trump’s acquittal. call #user# at… #url# </document>
    <document> rt #user#: i’m seeing governor cuomo today at the white house. he must understand that national security far exceeds politics. ne… </document>
    <document> rt #user#: last night, bernie admitted to the dem’s strategy nra members have known all along.   start with banning commonly-owned rifles use… </document>
    <document> rt #user#: start your engines 🇺🇸🏁  #url# </document>
    <document> rt #user#: i will proudly sign this bill into law when it comes to my desk because every human life - born and unborn - is precious… </document>
    <document> a reminder #user# the only president who has given aid to ukraine – not once, but three times. the obama… #url# </document>
    <document> rt #user#: it’s a new day, and #user# is still president of the united states. let’s keep moving this country forward. 🇺🇸 htt… </document>
    <document> rt #user#: the president of the united states gives the command for the 2020 #hashtag#. #url# </document>
    <document> rt #user#: not a single democrat will openly denounce socialism or a socialist candidate.   this is the true democratic party.  #… </document>
    <document> rt #user#: elizabeth warren, sometimes referred to as pocahontas, is having a really bad night. i think she is sending signals th… </document>
    <document> today’s strong jobs report showed 225,000 jobs were added in january, surging past expectations. this includes 44,0… #url# </document>
    <document> rt #user#: is this a logo made for valentines day or what???😂 #url# </document>
    <document> vice president pence yesterday at his speech at the citadel in sc! 🇺🇸🇺🇸 #url# </document>
    <document> rt #user#: don’t worry, he was acquitted, and he’s going to be re-elected. #hashtag# 🇺🇸 #user# #url# </document>
    <document> rt #user#: talk about an entrance ...  #hashtag#   #url# </document>
    <document> at the state of the union, president trump reaffirmed the republican party’s commitment to religious liberty which… #url# </document>
    <document> rt #user#: off to north carolina! #url# </document>
    <document> rt #user#: i had sincerely hoped that #user# would ignore the political pressure of his liberal washington friends and r… </document>
    <document> rt #user#: breaking: live shot of president #user# after the senate totally exonerated him from the democrats’ sham impeac… </document>
    <document> rt #user#: thank you to all of our veterans and service men and women around the world for defending our freedom. we will forever… </document>
    <document> rt #user#: speaker pelosi just ripped up:  one of our last surviving tuskegee airmen.  the survival of a child born at 21 weeks.  the… </document>
    <document> rt #user#: the fake news media is looking hard for the big democrat story, but there is nothing too fabulous. wouldn’t a big stor… </document>
    <document> there are no moderates in the democrat field. all candidates have endorsed a radical big government socialist agend… #url# </document>
    <document> rt #user#: crowd chants “four more years!” at the opportunity now summit  #hashtag# #url# </document>
    <document> rt #user#: in west virginia, wages have increased 5 percent annually since trump’s election. </document>
    
<document> rt #user#: Continued from last week #user# - where do you stand? You fought against #user# in the last election. are… </document>
    <document> pelosi &amp; schiff will be remembered for their reckless actions - conducting an unfair trial based on political… #url# </document>
    <document> On the State of the Union, President Trump sent a clear message to terrorists around the world! #url# </document>
    <document> rt #user#: honored for the recognition. I fully appreciate and support the hard work of so many driving technology diversification... </document>
    <document> rt #user#: bootedgeedge (buttigieg) is doing pretty well tonight. giving crazy Bernie a run for his money. very interesting! </document>
    <Document>, but the Senate votes today! Call #user# today at 202-224-3954 and tell him to vote not guilty #hashtag# (3/3) </document>
    <document> rt #user#: Happy birthday to West Virginia's very own #user#! 97 years young! ✈️ 🥳 </document>
    <document> rt #user#: For generations, Democrats have promised advances and reforms on issues like criminal justice, education and minority unemployment... </document>
    <document> rt #user#: when msnbc is doing a man-on-the-street interview and they accidentally spot a real man on the street. #url#… </document>
    <Document> rt #user#: President #user# on the Russia-Russia-Russia scam: "It was all bullshit." #url# </document>
    <document> sen. joe manchin yelled "guilty" when the senate secretary asked how he would vote to impeach president t... #url# </document>
    <document> rt #user#: Wow #user# compared Donald Trump's re-election to Nazi persecution. Trump derangement syndrome is strong during... </document>
    <document> rt #user#: Happy Valentine's Day to my best friend and husband - Little Jimmy Justice! #url# </document>
    <document> rt #user#: .#user# West Virginia is blessed to have a strong conservative like you representing us in the US Senate. thanks f... </document>
    <document> rt #user#: West Virginia's infrastructure, especially our roads, is long overdue. This morning we talked about... </document>
    <document> rt #user#: tough guys for Trump! #url# </document>
    <document> rt #user#: rt agrees with President Trump → Sanctuary Cities violate the rule of law. This policy must end. </document>
    <document> rt #user#: I can't say I'm bothered by the fact that the big people of West Virginia are angry at their puppet Democrat Senator Joe Man... </document>
    <document> rt #user#: warren: "no one can describe what winning looks like" wrong! this is what winning looks like: ✅7 million new jobs ✅u... </document>
    <document> rt #user#: In today's primary, #user# is very likely to beat the voting percentages of the last 3 incumbent presidents who... </document>
    <Document> rt #user#: ....always continue. every republican senator except romney, many highly religious people, all very smart, re-elected... </document>
    <document> rt #user#: I won't lie, I had no idea what to expect. The man walked in, shook hands with us, took selfies and whatever we ask... </document>
    <document> rt #user#: ilhan omar, voted anti-Semite of the year, goes on a campaign tour with the crazy bernie. Sanders is proud to have her... </document>
    <document> rt #user#: today is a historic day. the US Senate voted to acquit #user# of both impeachment trials. my full statement: ht… </document>
    <document> Leading Democratic presidential candidate Pete Buttigieg wants to decriminalize all drug possession, including heroin, … #url# </document>
    <document> rt #user#: “Three years ago we started the great American comeback. Tonight I stand before you to share the incredible results.” -#User#… </Document>
    <Document> Are you a pro-life Democrat? You are no longer welcome in the Democratic Party. Join the Republican Party today:… #url# </document>
    <document> rt #user#: "the vaunted 'moderate lane' is missing one thing: moderate. Senator Amy Klobuchar of Minnesota, former Mayor Pete Buttigieg of South... </document>
    <document> rt #user#: I hear the truth. it's good to hear good news. I support President Trump. #hashtag# #hashtag# </document>
    <document> rt #user#: I enjoyed attending #user#'s winter gathering this weekend. i am convinced that the republican party wv is the most loyal support... </document>
    <document> 🇺🇸🇺🇸🇺🇸”at the State of the Union, President Trump declared that the days of our economic surrender ended on his ina… #url# </document>
    <document> rt #user#: Big data from New Hampshire: ✅ 52,559 tickets ✅ 24,732 voters identified (41% of nh) ✅ 17% did not vote in 2016 ✅ 25.4%… </document>
    <document> rt #user#: yes, #user# has the beast on the trail under the #hashtag# 🇺🇸🏁 #url# </document>
    <document> at the State of the Union, President Trump spoke about creating jobs.🇺🇸🇺🇸🇺🇸#hashtag# #url# </document>
    <document> rt #user#: still your president. #url# </document>
    <document> rt #user#: great speech tonight! proud to be president donald j. Trump card! #hashtag# #hashtag# #hashtag# 🇺🇸🇺🇸🇺🇸 #url#… </document>
    <document> rt #user#: acquitted for life. #url# </document>
    <Document> rt #user#: Impeachment has torn this country apart. It's time to band together and tackle issues like prescription drug pricing and i… </document>
    <document> rt #user#: Failing presidential nominee #user# expended the same energy and fury to defeat a faltering Barack Obama... </document>
    <document> even chris matthews can agree...socialism doesn't work! #url# </document>
    <document> rt #user#: Thank you for the visit and the inspiring conversation today, Mr. President! We won't let you down in November! 🇺🇸 #hashtag#… </document>
    <Document> rt #user#: The Constitution protects the right to life for all Americans. today I fought for this right in #user#. it is... </document>
    <document> rt #user#: I'm proud of the great things my friend President #user# accomplished and spoke about tonight. since day o… </document>
    <document> rt #user#: "We must always remember that our job is to put America first." - #user# #hashtag# </document>
    <document> rt #user#: Trump has officially arrived in Daytona #url# </document>
    <document> rt #user#: democrat sen. Joe Manchin claims he "understood the transcript [of the call in Ukraine] very well," and immediately goes on to misquote the ... </document>
    <document> rt #user#: "Every human life is a sacred gift from God" - #user# Thank you, President Trump, for defending the right to life of... </document>
    <document> at the State of the Union, President Trump spoke about the progress his administration is making to hold our country... #url# </document>
    <document> rt #user#: President #user# ushered in an era of robust economic prosperity and military strength during his presidency... </document>
    <Document> Both President Zelensky and President Trump have said there was no pressure on the call. zelensky didn't know how to help… #url# </document>
    <document> rt #user#: "We move forward with unbridled optimism and hold our citizens of all races, colors, religions and creeds very, very highly... </document>
    <Document> Share: It's time to acquit President Donald Trump! the vote is today! Please call Senator Joe Manchin immediately at … #url# </document>
    <document> rt #user#: Thanks, New Hampshire! #Hashtag# #URL# </document>
    <Document> rt #user#: President #user# has taken action to reform our criminal justice system. The first step allows the convicted to be unjust </document>
    <document> rt #user#: I'm ready to move on from this exam. I'm optimistic that we can find the solutions that will move our country forward. #url#… </document>
    <document> rt #user#: Since #user# declared a crisis on our southern border, illegal immigration has dropped significantly, but there is st... </document>
    <document> rt #user#: this isA great day for America! after 3 years of endless investigations &amp; a partisan impeachment, yesterday the President... </document>
    <document> 🇺🇸🇺🇸🇺🇸President Trump has been outspoken when it comes to the Union's state of affairs on socialism.🇺🇸🇺🇸🇺🇸 #url# </document>
    <document> rt #user#: It feels like we've been married for a hundred years, but I've loved everyone with you, Cathy! Happy Valentine's Day ❤️ https:… </document>
    <document> rt #user#: "I don't like people who use their beliefs as justification for doing something they know is wrong, nor do I like people who say, "I... </document >
    <document> President Trump opened the State of the Union with this description of our country. President Trump is making America… #url# </document>
    <document> rt #user#: this week in wv I signed two bills aimed at removing barriers and improving the lives of many virgins in the West... </document>
    <document> rt #user#: It's great to be in Morgantown today to speak at the #user# winter meeting! I enjoyed seeing and talking to so many friends... </document>
    <document> rt #user#: I was very surprised &amp; Disappointed that Senator Joe Manchin of West Virginia voted against me on the Democrat total...</document>
    <document> rt #user#: It's an honor to speak at the 29th West Virginia Science Bowl! good luck to all applicants! #url# </document>
    <document> Months after this impeachment slip, the facts remain the same: the transcript of the July 25 call - released for publication... #url# </document>
    <document> rt #user#: Under the leadership of #user#, America is stronger and safer than ever! 🇺🇸 #hashtag# </document>
    <Document> rt #user#: You're really mad at Senator Joe Munchkin in West Virginia. he could not understand the transcripts. romney might, bu… </document>
    <document> rt #user#: We had several students from st. Mary's High School, who now serve as bellboys in the Capitol. it was great to meet her! https://… </document>
    <document> President Trump was acquitted!!!🥳🎉 #hashtag# #url# </document>
    <document> rt #user#: Joe Biden, who opposed the attack on Osama bin Laden, says he did not order the attack on terrorist leader Soleiman... </document>
    <document> rt #user#: I look forward to seeing #user# in the White House in a few hours and congratulating him on his acquittal. was… </document>
    <document> rt #user#: If you are in West Virginia and are disgusted by #user#'s behavior, navigate to this link and change your registry... </document>
    <document> release: #user# Nationwide candidates stand with #user# in support of the President #user# - #user#… #url# </document>
    <document> rt #user#: It's great to have students from East Fairmont High School and Buffalo FFA visiting today. we talked about the importance of leadership... </document>
    <Document> President Trump's Defense Team made clear their arguments for President Trump's acquittal. Call #user# at ... #url# </document>
    <document> rt #user#: I'm meeting Governor Cuomo at the White House today. He must understand that national security goes well beyond politics. no... </document>
    <document> rt #user#: Last night Bernie admitted that the Dem nra members' strategy was known all along. Start banning the use of community-owned guns... </document>
    <document> rt #user#: start your engines 🇺🇸🏁 #url# </document>
    <document> rt #user#: I will proudly sign this law when it gets to my desk, because every human life - born and unborn - is precious... </document>
    <Document> as a reminder #user# the only president who has provided assistance to Ukraine - not just once, but three times. the Obama… #url# </document>
    <document> rt #user#: It's a new day and #user# is still President of the United States. Let's keep moving this country forward. 🇺🇸 htt… </document>
    <document> rt #user#: the president of the united states commands the #hashtag# 2020. #url# </document>
    <document> rt #user#: Not a single Democrat will publicly denounce socialism or asocialist candidate. this is the true democratic party. #… </document>
    <document> rt #user#: Elizabeth Warren, sometimes referred to as Pocahontas, is having a really bad night. I think she's sending signals because... </document>
    <Document> Today's strong jobs report showed 225k jobs were added in January, beating expectations. this includes 44.0… #url# </document>
    <document> rt #user#: is this a valentines day logo or what???😂 #url# </document>
    <Document> Vice President Pence speaking at the Citadel in sc yesterday! 🇺🇸🇺🇸 #url# </document>
    <Document> rt #user#: Don't worry, he was acquitted and will be re-elected. #hashtag# 🇺🇸 #user# #url# </document>
    <document> rt #user#: talking about an inbox... #hashtag# #url# </document>
    <document> at the union booth, president trump reaffirmed the republican party's commitment to religious freedom, which … #url# </document>
    <Document> rt #user#: Off to North Carolina! #url# </document>
    <document> rt #user#: I was sincerely hoping that #user# would ignore political pressure from his liberal Washington friends and r… </document>
    <document> rt #user#: Breaking: Live footage of President #user# after the Senate fully exonerated him of the Democrats' sham impeachment... </document>
    <Document> rt #user#: Thank you to all of our veterans and soldiers and soldiers around the world for defending our freedom. we will forever... </document>
    <Document> rt #user#: Speaker Pelosi just torn up: one of our last surviving Tuskegee airmen. the survival of a child born at 21 weeks. the… </document>
    <document> rt #user#: The fake news media searches hard for the great democratic story, but there's nothing too fabulous. wouldn't be a big memory... </document>
    <Document> There are no moderates in the democratic field. All candidates have supported a radical socialist government agenda... #url# </document>
    <Document> rt #user#: Crowd chants "Four more years!" on the occasion now Summit #hashtag# #url# </document>
    <document> rt #user#: Wages in West Virginia have risen 5 percent annually since Trump's election. </document>