 
      <document> 2020 film independent spirit awards winners announced: op honors were handed out today at the 35th film independent… #url# </document>
    <document> cast &amp; crew reaches agreeement to buy media services: cast &amp; crew, which provides payroll and human resources, acco… #url# </document>
    <document> academy museum of motion pictures to open on dec. 14th : during tonight’s (2/9) 92nd academy awards® ceremony, tom… #url# </document>
    <document> rep report for february 14, 2020: chicago-based production company strange loop studios has signed yvette lubinsky… #url# </document>
    <document> producer francesca pistorio of contagious builds a bridge to milan: since january 2019, italian-born francesca pist… #url# </document>
    <document> coloma-blaszyk, frank, wagner, martinez launch the a team: a creative (co)lab: award-winning creatives nikki coloma… #url# </document>
    <document> now available... this week's shoot &gt;e.dition, for the latest entertainment and commercial production industry news… #url# </document>
    <document> historian doris kearns goodwin turns tv producer with docuseries "washington": george washington is the leading man… #url# </document>
    <document> ucla study: diversity progresses for actors, stagnates for jobs behind the scenes: film roles were more plentiful f… #url# </document>
    <document> "the farewell" wins best feature at film independent spirit awards: at a film independent spirit awards that often… #url# </document>
    <document> miguel arteta: miguel arteta is a puerto rican director known for his feature films alexander and the terrible, hor… #url# </document>
    <document> prosecutor: harvey weinstein viewed victims as "complete disposables": harvey weinstein believed he was so powerful… #url# </document>
    <document> universal will release controversial "hunt" film in march: universal pictures said tuesday that it will release the… #url# </document>
    <document> fox news tops nielsens during week of trump's acquittal: the week president donald trump was acquitted in his impea… #url# </document>
    <document> milestone oscars for "parasite" break through language, cultural barriers: before bong joon ho's "parasite" made hi… #url# </document>
    <document> stink films expands representation of director matilda finn to now include u.s. market: stink films has expanded it… #url# </document>
    <document> clyde brothers: directors. writers. producers. actual brothers. they work on all their projects as a duo, creating… #url# </document>
    <document> sophia banks: sophia is a fierce filmmaker and director. a sci-fi lover and inventor of new filmmaking techniques,… #url# </document>
    <document> friday, for the latest entertainment and commercial production industry news of th… #url# </document>
    <document> ves takes exception to oscars joke attributing "cats" failure to vfx: it was inevitable that somebody on oscars nig… #url# </document>
    <document> entertainment industry professionals mentoring alliance to host launch event: the entertainment industry profession… #url# </document>
    <document> grammy-nominated director savanah leaf signs with park pictures: bicoastal production company park pictures has sig… #url# </document>
    <document> defense rests as harvey weinstein declines to testify: the defense rested its case tuesday in harvey weinstein's ra… #url# </document>
    <document> oscars viewership plunges to record low: abc's telecast of the academy awards hit an all-time low in the ratings, w… #url# </document>
    <document> german filmmaker vilsmaier, known for "stalingrad," dies at 81: joseph vilsmaier, a german filmmaker whose striking… #url# </document>
    <document> sense of history felt at ace session featuring oscar-nominated editors: there was a clear sense of history at the a… #url# </document>
    <document> director chris stanford joins rocket film for spots: rocket film has signed director chris stanford for u.s. commer… #url# </document>
    <document> review: writer-director stella meghie's "the photograph": this valentine's day, there's certain to be the usual flo… #url# </document>
    <document> mcgarrybowen promotes shuttleworth, ross to key strategic roles: jennifer zimmerman, global chief strategy officer… #url# </document>
    <document> director adrian elliot’s boundary-bending comedy "this isn’t me" to screen at sxsw: this isn’t me, an audacious new… #url# </document>
    <document> vida - season 2 trailer #url# </document>
    <document> rodeo show signs director aaron kodz for commercials: production company rodeo show has added director aaron kodz t… #url# </document>
    <document> renault - love the city #url# </document>
    <document> monday, for the latest entertainment and commercial production industry news of th… #url# </document>
    <document> american university of cairo - be the future #url# </document>
    <document> visual effects society new york to host 6th annual awards celebration: today, the new york section of the visual ef… #url# </document>
    <document> curatorial committee for 2020 aicp show announced: matt miller, president and ceo of aicp, and ali brown, president… #url# </document>
    <document> editshare academy 2020: an introduction from our ceo, conrad clemson on the launch of the editshare academy 2020.… #url# </document>
    <document> actor-comedian orson bean, 91, hit and killed by car in la: orson bean, the witty actor and comedian, was hit and k… #url# </document>
    <document> terence neale directs "option 2" for bmw, goodby silverstein &amp; partners: goodby silverstein &amp; partners (gs&amp;p) turne… #url# </document>
    <document> 72andsunny, instrument, cpb, redscout, hecho studios team to form constellation: five mdc partners shops--72andsunn… #url# </document>
    <document> aicp show sets lineup of global ambassadors and committees: matt miller, president and ceo of aicp, and ali brown,… #url# </document>
    <document> ktnv, las vegas, teams with stephen arnold music to promote “good morning las vegas”: las vegas television station… #url# </document>
    <document> bafta-winning director john crowley signs with rsa films: rsa films has added award-winning theatre and film direct… #url# </document>
    <document> actor jussie smollett faces 6 new charges in chicago: actor jussie smollett was indicted tuesday for a second time… #url# </document>
    <document> aja ships hdr image analyzer 12g with 8k support: aja video systems is now shipping hdr image analyzer 12g, the pow… #url# </document>
    <document> weinstein lawyer claims prosecutors have created "alternate universe": harvey weinstein's lawyer told jurors thursd… #url# </document>
    <document> review: nat faxon and jim rash's "downhill": the foreign-language film remake has never been the most esteemed sort… #url# </document>
    <document> washington square films signs director jakob ström for u.s. representation: director jakob ström has joined ny-base… #url# </document>
    <document> durable goods adds director sam ciaramitaro to its roster: durable goods has signed director and producer sam ciara… #url# </document>
    <document> erica hoholick named chief client officer at 22squared: erica hoholick has joined 22squared in the new role of chie… #url# </document>
    <document> franco garuti: italio-argentine director &amp; producer, passionate about visual arts, team leadership and creative thi… #url# </document>
    <document> jorell o'dell: known for his groundbreaking work in developing the technology behind the antigravitycam, jorel is a… #url# </document>
    <document> tara maloney joins framestore as head of production in ny: oscar-winning creative studio framestore has appointed t… #url# </document>
    <document> "birds of prey" flies below expectations but still wins weekend box office: "birds of prey," the dc comics' harley… #url# </document>
    <document> "sonic" gets off to fast box office start; "parasite" enjoys oscars boost: the redesigned "sonic the hedgehog" show… #url# </document>
    <document> syfy wire rebrand: block &amp; tackle: "syfy wire takes fandom seriously… but themselves, not so much. as the premier p… #url# </document>
    <document> entertainment industry professionals mentoring alliance (eipma) to host open house for educators, students and youn… #url# </document>
    <document> full board of france's cesar film awards steps down: the entire leadership of the cesar awards, france's version of… #url# </document>
    <document> street talk for february 14, 2020: london-based production house spindle has added to its roster the coyle-larner b… #url# </document>
    <document> "joker," "the mandalorian" win top film, tv campaign honors at icg publicists awards: joker (warner bros.) and the… #url# </document>
    <document> comics, fandom and fan-made aesthetics power block &amp; tackle's syfy wire rebrand: global multiplatform media brand s… #url# </document>
    <document> darius rucker's "wagon wheel" underscores changing face of country music: country singer darius rucker couldn't qui… #url# </document>
    <document> mcgarrybowen promotes lucia grillo to u.s. chief operating officer: lucia grillo has been promoted to u.s. chief op… #url# </document>
    <document> "joker" and "the mandalorian" publicity campaigns win top honors at the 57th annual icg publicists awards: the inte… #url# </document>
    <document> edie falco talks "tommy," cbs series in which she portrays l.a. police chief: in her role in the news cbs drama "to… #url# </document>
    <document> wednesday, for the latest entertainment and commercial production industry news of… #url# </document>
    <document> icg and adg (ia locals 600, 800) collaborate with hpa tech retreat panel in rancho mirage: for the third straight y… #url# </document>
    <document> thursday, for the latest entertainment and commercial production industry news of… #url# </document>
    <document> vfx pioneer digital domain officially opens its latest studio in montréal: today, digital domain, the academy award… #url# </document>
    <document> ktnv: good morning las vegas: set to an upbeat, original anthem produced by stephen arnold music, the campaign pays… #url# </document>
    <document> "1917," "patrick melrose," "honeyland" among nominees for imago cinematography awards: imago, the international fed… #url# </document>
    <document> vagabond production services expands to panama: led by the vision of founder/managing director lorenzo benedick, pa… #url# </document>
    <document> pam &amp; gela - juicy couture #url# </document>
    <document> jako giacomini: he goes by #user#. andrea is an award-winning filmmaker &amp; storyteller based in los angeles, ca. h… #url# </document>
    <document> "parasite" director bong joon ho greeted by applause in south korea: director bong joon ho smiled and waved at a wa… #url# </document>
    <document> maxon customers recognized in 2020 award season: maxon, the leading technology developer of professional 3d modelin… #url# </document>
    <document> logan &amp; sons signs directorial duo atanasio + martinez for spots, branded content: logan &amp; sons, the live-action di… #url# </document>
    <document> jamm celebrates five epic years with 2020 showreel: from collaborating with sony tri-star on their new intro to cre… #url# </document>
    <document> the best work you may never see: partizan, friends electric, adam&amp;eveddb go on "jetpack" adventure for great wester… #url# </document>
    <document> "parasite" feasts on oscars with 4 wins, including best picture and director: subtitle this: “parasite” is the firs… #url# </document>
    <document> good company signs director maxime quoilin for spots, branded content, music videos: bicoastal creative studio good… #url# </document>
    <document> ld entertainment, roadside attractions acquire north american rights to julie taymor's "the glorias": ld entertainm… #url# </document>
    <document> deutsch la names kelsey karson svp, group strategy director on taco bell: deutsch la has hired kelsey karson as svp… #url# </document>
    <document> now available... brand new__s for february 12, 2020, for the latest entertainment and commercial production publici… #url# </document>
    <document> facebook to allow paid "branded content" political messages that aren't ads: facebook decided friday to allow a typ… #url# </document>
    <document> lewis rothenberg steps down from iatse local 600 presidency: the international cinematographer’s guild, iatse local… #url# </document>
    <document> benetton fires famed photographer over insensitive remarks: photographer oliviero toscani made a career out of prov… #url# </document>
    <document> christian siriano - girls skate #url# </document>
    <document> sohonet levels up remote post collaboration for studios with introduction of clearview pivot: sohonet, the global e… #url# </document>
    <document> shoulderhill entertainment expands production capabilities with acquisition of one letter films: award-winning dire… #url# </document>
    <document> tuesday, for the latest entertainment and commercial production industry news of t… #url# </document>
    <document> 2020 aicp show sets curatorial committee: matt miller, president and ceo of aicp, and ali brown, president and exec… #url# </document>
    <document> greg robbins: a nyc based director, editor, writer, and producer specializing in luxury brands and automotive video… #url# </document>
    <document> top spot of the week: bbdo ny, director benjamin mege "give time" to american red cross, american cancer society: o… #url# </document>
    <document> defense witness denies trapping weinstein accuser: in the strongest defense testimony yet, a mexican model and actr… #url# </document>
    <document> mediamonks hires creative directors for la, ny &amp; europe, acd in london: mediamonks has expanded its worldwide creat… #url# </document>
    <document> droga5, smuggler director jaron albertin "breathe" for harley davidson: droga5 ny’s first piece of work for harley… #url# </document>
    <document> series creator winsberg cites dad's illness as inspiring "zoey's extraordinary playlist": the zestfully titled, son… #url# </document>
    <document> bbdo ny, director peter thwaites, the mill take a "fun ride" for american family insurance: peter thwaites of the c… #url# </document>
    
<document> 2020 Film Independent Spirit Awards Winners Announced: Op Honors were presented today at the 35th Film Independent… #url# </document>
    Convert <document> &amp; Crew Reaches Agreement to Purchase Media Services: Cast &amp; Crew providing payroll and human resources, Acco… #url# </document>
    <document> Academy Museum of Motion Pictures opens on 12.12. 14th: During today's (9.2.) 92nd Academy Awards® ceremony, Tom… #url# </document>
    <document> Report from a representative for February 14, 2020: Chicago-based production company Strange Loop Studios has signed Yvette Lubinsky... #url# </document>
    <document> producer francesca pistorio from contagious is building a bridge to milan: since january 2019, italy-born francesca pist… #url# </document>
    <document> coloma-blaszyk, frank, wagner, martinez found the a team: a creative (co)lab: award-winning creative nikki coloma… #url# </document>
    <document> available now... this week's shoot &gt;e.dition, for the latest news from the entertainment and commercial production industries... #url# </document>
    <document> Historian Doris Kearns Goodwin becomes TV producer with Washington docuseries starring George Washington... #url# </document>
    <document>ucla study: Diversity advances in actors, stagnates in behind-the-scenes jobs: film roles became more plentiful for… #url# </document>
    <document> “the farewell” wins Best Feature Film at Film Independent Spirit Awards: at a Film Independent Spirit Award, which often… #url# </document>
    <document> miguel arteta: miguel arteta is a puerto rican director known for his feature films alexander and the terrible, hor… #url# </document>
    <Document> Prosecutor: Harvey Weinstein Considered Victims “Completely Disposable”: Harvey Weinstein believed himself to be so powerful… #url# </Document>
    <document> Universal to Release Controversial 'Hunt' Movie in March: Universal Pictures announced Tuesday that it will release the ... #url# </document>
    <document> fox news tops nielsens during trump acquittal week: the week that president donald trump was acquitted of his impea… #url# </document>
    <document> Milestone Oscars for "Parasite" Breaking language barriers, cultural barriers: before Bong Joon Ho's "Parasite", Hi… #url# </document>
    <document> Stink Films expands director Matilda Finn's representation to the USA. market: stink films has expanded it... #url# </document>
    <Document> Clyde Brothers: Directors. Writer. producers. real brothers. They work as a duo on all their projects and create... #url# </document>
    <Document> Sophia Banks: Sophia is a passionate filmmaker and director. a sci-fi enthusiast and inventor of new film techniques, … #url# </document>
    <document> Friday, for the latest entertainment and commercial production industry news from th… #url# </document>
    <document> ves takes offense at Oscars joke by blaming VFX for failing "Cats": It was inevitable that someone at Oscars nig... #url# </document>
    <document> Mentoring Alliance of Entertainment Industry Professionals to Host Launch Event: The Entertainment Industry Profession… #url# </document>
    <document> Grammy-nominated director Savanah Leaf signs park pictures: bicoastal production company park Pictures has a sign… #url# </document>
    <document>-Defense Rested as Harvey Weinstein Refuses to Testify: The defense rested their case Tuesday in Harvey Weinstein's room… #url# </document>
    <document> oscar viewing figures plummet to record lows: the abc broadcast of the oscars hit an all-time low in ratings, w… #url# </document>
    <document> german filmmaker vilsmaier, known for stalingrad, dies aged 81: joseph vilsmaier, a german filmmaker whose striking… #url# </document>
    <document> Historical awareness at an ace session with Oscar-nominated editors: There was a clear historical awareness at the a… #url# </document>
    <document> director chris stanford joins rocket movie for spots: rocket movie has director chris stanford for the u.s.commer… #url# </document>
    <document> Review: Writer/Director Stella Meghie's "The Photograph": Sure to have the usual Flo... #url# </document> this Valentine's Day
    <document> Mcgarrybowen Promotes Shuttleworth, Ross to Key Strategic Roles: Jennifer Zimmerman, Global Chief Strategy Officer… #url# </document>
    <document> Director Adrian Elliot's border comedy This is't me will be screened at sxsw: this is't me, an audacious new… #url# </document>
    <document> vida - Season 2 Trailer #url# </document>
    <document> Rodeo Show Hires Director Aaron Kodz for Commercials: Production company Rodeo Show has added director Aaron Kodz... #url# </document>
    <document> Renault - love the city #url# </document>
    <document> Monday, for the latest entertainment and commercial production industry news from... #url# </document>
    <document> American University of Cairo - be the future #url# </document>
    <document> Visual Effects Society New York Hosts 6th Annual Awards: Today, the New York Section of Visual Effects presents... #url# </document>
    <document> curatorial committee for aicp show 2020 announced: matt miller, president and ceo of aicp, and ali brown, president… #url# </document>
    <document> editshare academy 2020: an introduction from our CEO, Conrad Clemson, on the launch of editshare academy 2020.… #url# </document>
    <document> actor-comedian orson bean, 91, hit by car and killed in la: orson bean, the funny actor-comedian, was hit and killed... #url# </document>
    <Document> Terence Neale Leads "Option 2" for BMW, Goodbye Silverstein &amp; Partners: Goodbye Silverstein &amp; Partner (gs&amp;p) turne… #url# </document>
    <document> Team from 72andsunny, instrument, cpb, redscout, hecho studios to form a constellation: five mdc partner shops – 72andsunn… #url# </document>
    <document> aicp show introduces roster of global ambassadors and committees: Matt Miller, President and CEO of aicp, and Ali Brown, ... #url# </document>
    <document> ktnv, las vegas, team with stephen arnold music to promote good morning las vegas: las vegas tv station… #url# </document>
    <document> bafta-winning director john crowley signs with rsa films: rsa films has added award-winning theater and film director... #url# </document>
    <document> Actor Jussie Smollett faces six new indictments in Chicago: Actor Jussie Smollett was indicted for a second time Tuesday... #url# </document>
    <document> aja ships hdr image analyzer 12g with 8k support: aja video systems now ships hdr image analyzer 12g which pow… #url# </document>
    <document> Weinstein's Attorney Claims Prosecutors Created an "Alternate Universe": Harvey Weinstein's attorney told the jury Thursday... #url# </document>
    <document> review: nat faxon and jim rash's downhill: the foreign language film remake has never been the most respected kind... #url# </document>
    <document> washington square films signs director jakob ström for u.s. description: director jakob ström has joined ny-base… #url# </document>
    <document> Durable Goods adds director Sam Ciaramitaro to its list: Durable Goods has signed director and producer Sam Ciara... #url# </document>
    <document> erica hoholick appointed Chief Client Officer at 22squared: erica hoholick has joined 22squared in the new role of chie… #url# </document>
    <Document> Franco Garuti: Italian-Argentinian director &amp; Producer with a passion for visual arts, team leadership and creative thi… #url# </document>
    <document> jorell o'dell: known for his pioneering work in developing the technology behind the antigravity camera, jorel is a... #url# </document>
    <document> tara maloney joins framestore as executive producer in ny: oscar-winning creative studio framestore has appointed t… #url# </document>
    <document> Birds of Prey falls short of expectations but still wins at the box office this weekend: Birds of Prey, the DC Comics Harley... #url# </document>
    <document> "sonic" hits the box office fast; Parasite Enjoys Oscar Boost: The Sonic the Hedgehog Show Remastered… #url# </document>
    <Document> Syfy Wire Rebranding: Block &amp; Tackle: “Syfy Wire takes the fandom seriously… but not so much themselves
    <document> Mentoring Alliance (eipma) for entertainment industry professionals hosts open house for educators, students and youth… #url# </document>
    <document> Full Board of France's César Film Awards resigns: The entire board of the César Awards, France's version of ... #url# </document>
    <document> street talk for 14 february 2020: london-based production house spindel has added coyle-larner b… #url# </document> to its list
    <document> "Joker", "The Mandalorian" win Top Movie, TV Campaign Awards at the ICG Publicist Awards: Joker (Warner Bros.) and the... #url# </document>
    <Document> Comics, fandom, and fan-made aesthetics Power Block &amp; Syfy Wire rebranding of Tackle: Global multiplatform media brand s… #url# </document>
    <document> Darius Rucker's "Wagenrad" underscores the changing face of country music: Country singer Darius Rucker couldn't stop... #url# </document>
    <Document> Mcgarrybowen Promotes Lucia Grillo to US Chief Operating Officer: Lucia Grillo has been promoted to US Chief Operating Officer. #url# </document>
    <document> The advertising campaigns "Joker" and "The Mandalorian" receive top honors at the 57th annual icg Publicist Awards: the inte… #url# </document>
    <Document> Edie Falco talks about "Tommy," a CBS series in which she is the L.A. Police Commissioner: in her role on the CBS news drama "to... #url# </document>
    <document> Wednesday, for the latest entertainment and commercial production industry news from... #url# </document>
    <document> icg and adg (locals 600, 800, among others) are collaborating with the HPA Tech Retreat Panel at Rancho Mirage for the third year in a row... #url# </document>
    <document> Thursday, for the latest entertainment and commercial production industry news from... #url# </document>
    <document> vfx Pioneer Digital Domain officially opens its newest studio in Montreal: today, Digital Domain, the Academy Award… #url# </document>
    <document> ktnv: good morning las vegas: accompanied by an upbeat, original anthem, produced by stephen arnold music, the campaign pays off... #url# </document>
    <document> "1917", "patrick melrose", "honeyland" among the nominees for the Imago Cinematography Award: Imago, the International Fed… #url# </document>
    <document> vagabond production services expands to panama: led by the vision of founder/ceo lorenzo benedick, pa… #url# </document>
    <document> pam &amp; gela - juicy couture #url# </document>
    <document> jako giacomini: he calls himself #user#. Andrea is an award-winning filmmaker &amp; Storyteller based in Los Angeles, ca. h… #url# </document>
    <document> "Parasite" director Bong Joon Ho greeted with applause in South Korea: Director Bong Joon Ho smiled and waved a wa… #url# </document>
    <document> maxon customers honored in the 2020 award season: maxon, the leading technology developer for professional 3D modelling... #url# </document>
    <document> logan &amp; Sons Engages Directing Duo Atanasio + Martinez for Commercials, Branded Content: Logan &amp; Sons, the live-action di… #url# </document>
    <document> Jamm celebrates five epic years with the 2020 showreel: from collaborating with Sony Tri-Star on their new intro to Cre… #url# </document>
    <document> the best work you may never see: partizan, friends electric, adam&amp;eveddb go on "jetpack" adventures for Great Wester... #url# </document>
    <document> "Parasite" is happy about Oscars with 4 wins, including best film and best director: Subtitles: "Parasite" is the first ... #url# </document>
    <document> good company hires director Maxime Quoilin for commercials, branded content, music videos: bicoastal creative studio good… #url# </document>
    <document> ld entertainment, roadside attractions acquire north american rights to julie taymor's "the glorias": ld entertainmentm… #url#</document>
    <document> german la names Kelsey Karson SVP, Group Strategy Director at Taco Bell: german la has hired Kelsey Karson as SVP... #url# </document>
    <document> available now... brand new__s for February 12, 2020 for the latest releases in entertainment and commercial production... #url# </document>
    <document> Facebook allows paid "branded content" political messages that are not advertising: Facebook decided on Friday to allow a type... #url# </document>
    <document> Lewis Rothenberg resigns as President of the Iatse Local 600: The International Cinematographers Guild, Iatse Local… #url# </document>
    <document> Benetton fires famous photographer for insensitive comments: Photographer oliviero toscani made a career out of … #url# </document>
    <document> Christian Siriano - girls skating #url# </document>
    <document> sohonet improves remote post collaboration for studios with the launch of Clearview Pivot: sohonet, the global e… #url# </document>
    <document> Shoulderhill Entertainment Expands Production Capabilities by Acquiring One Letter Films: Award-winning Dire… #url# </document>
    <document> Tuesday for the latest in entertainment and commercial production industry news from... #url# </document>
    <document> 2020 aicp show appoints curatorial committee: Matt Miller, aicp President and CEO, and Ali Brown, President and Executive… #url# </document>
    <document> Greg Robbins: a New York-based director, editor, writer and producer specializing in luxury brands and automotive videos… #url# </document>
    <document> Top spot of the week: bbdo ny, Director Benjamin Mege "Give time" to American Red Cross, American Cancer Society: o… #url# </document>
    <document> Defense witness denies trapping Weinstein prosecutors: in the defense's strongest testimony yet, a Mexican model and actor... #url# </document>
    <document> Mediamonks hires creative directors for la, ny &amp; europe, acd in london: mediamonks has expanded its global crea… #url# </document>
    <document> droga5, smuggler director Jaron Albertin "breathes" for Harley Davidson: droga5 ny's first work for Harley... #url# </document>
    <document> series creator Winsberg cites his father's illness as an inspirational "Zoey's Extraordinary Playlist": the peppy titled son... #url# </document>
    <document> bbdo ny, director peter thwaites, the mill takes a "fun ride" for american family insurance: peter thwaites of the c... #url# </document>