 
      <document> 're jpm quant investing diagram with stockrank ..' by philh  #url#  #hashtag# </document>
    <document> 'graham thanks for promising to circle back to ..' by zipmanpeter  #url#  #hashtag# </document>
    <document> 'good interesting and entertaining commments n ..' by weycome45  #url# </document>
    <document> 'dear graham according to their website http o ..' by rwalford  #url#  #hashtag# </document>
    <document> 'i need to protect myself if the market sudden ..' by nick ray  #url# </document>
    <document> 'congratulations to paul and many personal tha ..' by jollybiologist  #url# </document>
    <document> 'great writeup thanks damien i note you got th ..' by ratioinvestor  #url#  #hashtag# #hashtag# #hashtag# </document>
    <document> 'thanks for the reply looks like a large trade ..' by clarea  #url#  #hashtag# </document>
    <document> 'hats off to paulypilot he really is brilliant ..' by asagi  #url# </document>
    <document> 'i can perfectly understand the desire to extr ..' by trident  #url#  #hashtag# </document>
    <document> 'personally i have had only a little over six ..' by gromley  #url#  #hashtag# </document>
    <document> 'hedging normally has a cost attached to it li ..' by jjis  #url# </document>
    <document> record -'rec spread 5 wow ..' by bobo  #url# lon:rec  #hashtag# </document>
    <document> 'thanks ratioinvestor we asked the presenters ..' by damian cannon  #url#  #hashtag# #hashtag# #hashtag# </document>
    <document> 'many congratulations paul on a highly deserve ..' by wildshot  #url# </document>
    <document> 'in a world where so many people and organisat ..' by jonthetourist  #url# </document>
    <document> 'it can be scary embarking on investing and tr ..' by moolahcoast  #url# </document>
    <document> 'you could also consider infrastructure funds ..' by pka  #url# </document>
    <document> 'rob arnott who s a factor based manager has d ..' by timarr  #url#  #hashtag# </document>
    <document> 'hello joe4560 next time you ask a question i ..' by warranstar  #url#  #hashtag# </document>
    <document> 'this is an amateur opinion would love to see ..' by studyinghard  #url#  #hashtag# </document>
    <document> 'property and gold to my mind are not really a ..' by mmarkkj777  #url# </document>
    <document> 'i have some doubt about the labels in that jp ..' by nick ray  #url#  #hashtag# </document>
    <document> 'well done and thoroughly deserved paul hurry ..' by shelboy  #url# </document>
    <document> 'i too look forward to graham s wise words on ..' by gostevie  #url#  #hashtag# </document>
    <document> revolution bars -'paul fwiw my only operational thought from no ..' by zipmanpeter  #url# lon:rbg </document>
    <document> 'ed is bang on the money but forgot to say tha ..' by grumpy5  #url# </document>
    <document> 'agree with all the other posts hopefully grah ..' by clarea  #url# </document>
    <document> 'i don t agree property is a good hedge certai ..' by herbie47  #url# </document>
    <document> stockopedia stockslam - june 2018 by damian cannon  #url# #hashtag# #hashtag# #hashtag# </document>
    <document> 'my feelings quality can t be arbitraged away ..' by nick ray  #url#  #hashtag# </document>
    <document> 'congratulations paul the scvr has taught me a ..' by james1n  #url# </document>
    <document> 'a truly genuine guy has finally been rewarded ..' by coniston  #url# </document>
    <document> ten entertainment -'thanks both appreciate the comments i can t s ..' by firtashia  #url# lon:teg </document>
    <document> 'thanks for the research jamie not a paper i v ..' by howard marx  #url#  #hashtag# </document>
    <document> 'low stockrank surely you mean high stockrank ..' by weycome45  #url# </document>
    <document> 'lucas qvm hasn t worked in the us due to the ..' by howard marx  #url#  #hashtag# </document>
    <document> 'what i find interesting is that over the past ..' by pka  #url#  #hashtag# </document>
    <document> 'hi howard what they are indicating you have i ..' by jjis  #url#  #hashtag# </document>
    <document> record -'i have held b p marsh partners lon bpm since ..' by rwalford  #url# lon:rec  #hashtag# </document>
    <document> 'hi a very interesting thread i think my hedge ..' by howard adams  #url# </document>
    <document> 'thank you paul i will i ve been investing for ..' by richard goodwin  #url# </document>
    <document> 'great article presentation ed the last 5 year ..' by howard marx  #url#  #hashtag# </document>
    <document> record -'hi reacher i will be covering b p marsh partn ..' by graham n  #url# lon:rec  #hashtag# </document>
    <document> 'i can answer my own question after the diluti ..' by graham n  #url#  #hashtag# </document>
    <document> 'hedges seem somewhat pointless to me as you a ..' by radioactiveman  #url# </document>
    <document> 'big congrats one of the reasons this small ti ..' by edinburgh investor  #url# </document>
    <document> 'you beat me to it sorry ..' by rwalford  #url#  #hashtag# </document>
    <document> increasing my long-only equity portfolio in size but need a hedge in event of market crash : any idea by weycome45  #url# </document>
    <document> 'that s a great tribute ed and i echo all that ..' by crazycoops  #url# </document>
    <document> 'you asked for a hedge he pointed you at a str ..' by nick ray  #url# </document>
    <document> 'another issue is of course jpm are referring ..' by merlotman  #url#  #hashtag# </document>
    <document> 'norcros lon nxr interview with nick kelsall c ..' by seadoc  #url#  #hashtag# </document>
    <document> record -'good call ei i will be covering gym lon gym t ..' by graham n  #url# lon:rec  #hashtag# </document>
    <document> proactis holdings -'thanks for posting this tomps3 i bought proac ..' by mmarkkj777  #url# lon:phd  #hashtag# </document>
    <document> 'congratulations to paul not only is he one of ..' by brballs  #url# </document>
    <document> 'why not buy one of the short tracker etfs ..' by davistovest  #url# </document>
    <document> 'great stuff which i will have to take some ti ..' by ratioinvestor  #url#  #hashtag# </document>
    <document> revolution bars -'paul fwiw my only operational thought from a ..' by zipmanpeter  #url# lon:rbg </document>
    <document> 'congarulations paul and graham you both have ..' by nursemaid  #url# </document>
    <document> 'i don t think there is a perfect hedge only m ..' by iwright7  #url# </document>
    <document> 'let me add my congratulations to paul richly ..' by gromley  #url# </document>
    <document> 'hi mark as it happens i just did the exercise ..' by warranstar  #url#  #hashtag# </document>
    <document> ten entertainment -'i posted a link on another thread a few days ..' by gus 1065  #url# lon:teg </document>
    <document> 'it is not proven although i have enough surro ..' by gromley  #url# </document>
    <document> 'test comment ..' by alex naamani  #url# </document>
    <document> tern -'i d like to make a correction to a statement ..' by mmarkkj777  #url# lon:tern  #hashtag# </document>
    <document> 'i can t figure out where we are supposed to b ..' by warranstar  #url#  #hashtag# </document>
    <document> 'thanks damian and stockopedia for organising ..' by tripuram  #url# lon:mks  #hashtag# #hashtag# </document>
    <document> 'well done paul great endeavour and richly des ..' by wimbledonsprinter  #url# </document>
    <document> 'great post damian thanks for sharing for thos ..' by nursemaid  #url#  #hashtag# #hashtag# #hashtag# </document>
    <document> 'i am so delighted to hear that paul has won f ..' by boros10  #url# </document>
    <document> 'i know that a few months is not a lot of back ..' by mmarkkj777  #url#  #hashtag# </document>
    <document> 'it s rare to find someone who gives so much b ..' by graham ford  #url# </document>
    <document> 'thx damian they re all interesting i apprecia ..' by rhomboid1  #url#  #hashtag# #hashtag# #hashtag# </document>
    <document> proactis holdings -'good to hear mark they were also at mello hev ..' by tomps3  #url# lon:phd  #hashtag# </document>
    <document> 'i agree with davistovest use stop losses on a ..' by mmarkkj777  #url# </document>
    <document> 'well said ed thoroughly deserved award the fi ..' by rmundy  #url# </document>
    <document> 're b p marsh partners lon bpm hi just wonderi ..' by graham n  #url#  #hashtag# </document>
    <document> 'well done paul and enjoy the break i m remind ..' by johneustace  #url# </document>
    <document> 'i am very glad to see paul get the recognitio ..' by andyi  #url# </document>
    <document> 'gold miners are also a relative hedge or you ..' by donald pond  #url# </document>
    <document> 'well done paul you ve deserved this award for ..' by rhomboid1  #url# </document>
    <document> tern -'there seems to be nothing intrinsically worse ..' by davistovest  #url# lon:tern  #hashtag# </document>
    <document> greenhouse naps: indivior tanks, stoploss rules, and june review. by jmuggleton  #url# #hashtag# </document>
    <document> proactis holdings -proactis (phd) investor presentation 11.6.18 by tomps3  #url# lon:phd #hashtag# </document>
    <document> 'it s brilliant that paul has received the rec ..' by ken mitchell  #url# </document>
    <document> 'wouldn t gold still be the most reliable hedg ..' by studyinghard  #url# </document>
    <document> 'how do you define a sharp market turn how do ..' by jonesj  #url# </document>
    <document> 'damian i thought it was a great event both fo ..' by edward croft  #url#  #hashtag# #hashtag# #hashtag# </document>
    <document> tern -'hi jaknife i m with you on this approach for ..' by mmarkkj777  #url# lon:tern  #hashtag# </document>
    <document> 'paul i ve been following you on stockopedia f ..' by phoenixnight  #url# </document>
    <document> 'hmmm i think i will try and attend a future o ..' by mmarkkj777  #url#  #hashtag# #hashtag# #hashtag# </document>
    <document> 'paul scott is an under rated genius i am amaz ..' by darwenlad  #url# </document>
    <document> 're nxr i notice stockopedia is penciling in a ..' by kenobi  #url#  #hashtag# </document>
    <document> 'very interesting but its not always obvious w ..' by cjenkins8  #url#  #hashtag# </document>
    <document> 'ed it would be interesting to see similar ana ..' by lucas  #url#  #hashtag# </document>
    <document> 'congratulations paul richly deserved i suspec ..' by monty9  #url# </document>
    <document> 'hi ed this is a really good clear overview of ..' by nick ray  #url#  #hashtag# </document>
    <document> 'well done paul fully deserved you wear your h ..' by davistovest  #url# </document>
    
<document> 're JPM Quant Investing Chart with stockrank ..' by philh #url# #hashtag# </document>
    <document> 'Graham, thanks for promising to return to..' by zipmanpeter #url# #hashtag# </document>
    <document> 'good interesting and entertaining comments n..' by weycome45 #url# </document>
    <document> 'dear Graham according to their website http o ..' by rwalford #url# #hashtag# </document>
    <document> "I need to protect myself if the market suddenly..." by Nick Ray #url# </document>
    <document> 'Happy birthday to Paul and many personal tha..' by jollybiologist #url# </document>
    <document> 'Great description, thanks Damien, I notice you have..' by ratioinvestor #url# #hashtag# #hashtag# #hashtag# </document>
    <document> 'Thanks for the reply looks like a great deal...' by clarea #url# #hashtag# </document>
    <document> "Hats to Paulypilot, he's really brilliant..." by asagi #url# </document>
    <document> 'I can totally understand the desire for extr..' by Trident #url# #hashtag# </document>
    <document> 'personally I only had a little over six..' by gromley #url# #hashtag# </document>
    <document> 'Hedging usually comes at a cost li ..' from jjis #url# </document>
    <document> record -'rec spread 5 wow ..' by bobo #url# lon:rec #hashtag# </document>
    <document> 'Thanks ratioinvestor, we asked the moderators...' by Damian Cannon #url# #hashtag# #hashtag# #hashtag# </document>
    <document> 'Congratulations Paul on a well-deserved ..' by wildshot #url# </document>
    <document> 'in a world where so many people and organizations ..' by jonthetourist #url# </document>
    <document> "It can be scary to invest and trans..." by moolahcoast #url# </document>
    <document> 'You might also consider infrastructure funds...' by pka #url# </document>
    <document> 'rob arnott who is a factor based manager has d..' by timarr #url# #hashtag# </document>
    <document> 'Hello joe4560, next time you ask a question..' by warranstar #url# #hashtag# </document>
    <document> 'this is an amateur opinion I'd like to see..' by studyhard #url# #hashtag# </document>
    <document> 'Property and gold are not really a ..' by mmarkkj777 #url# </document>
    <document> 'I have some doubts about the labels in this jp..' by Nick Ray #url# #hashtag# </document>
    <document> 'well done and totally deserved, paul hurry..' by shelboy #url# </document>
    <document> 'i too look forward to graham's wise words to ..' by gostevie #url# #hashtag# </document>
    <document> Revolution Bars - "Paul fwiw, my only operational thought of no." by zipmanpeter #url# lon:rbg </document>
    <document> 'ed is badass on the money but forgot to say so...' by grumpy5 #url# </document>
    <document> 'agree with all other posts, hopefully grah..' by clarea #url# </document>
    <document> "I disagree that property is a good hedge, Certainly..." by herbie47 #url# </document>
    <Document> Stockopedia Stockslam - June 2018 by Damian Cannon #url# #hashtag# #hashtag# #hashtag# </document>
    <document> 'I can't arbitrate away the quality of my feelings ..' by Nick Ray #url# #hashtag# </document>
    <document> 'Congratulations Paul the Scvr taught me a...' by james1n #url# </document>
    <document> "Finally a real guy got rewarded..." by coniston #url# </document>
    <document> ten entertainment - "Thanks, both appreciate the comments
    <document> 'thanks for the research jamie not a paper i v ..' by howard marx #url# #hashtag# </document>
    <document> 'low stockrank you mean high stockrank ..' by weycome45 #url# </document>
    <document> 'lucas qvm didn't work in the US due to ..' by howard marx #url# #hashtag# </document>
    <document> 'What I find interesting is the past...' by pka #url# #hashtag# </document>
    <document> 'Hi Howard, what do you state you have i..' from jji's #url# #hashtag# </document>
    <document> record -'I have hold bp marsh partners lon bpm since ..' by rwalford #url# lon:rec #hashtag# </document>
    <document> 'Hello, a very interesting thread, I think my hedge...' by Howard Adams #url# </document>
    <document> "Thanks Paul, I will invest for..." by Richard Goodwin #url# </document>
    <document> "Great article presentation over the last 5 years..." by Howard Marx #url# #hashtag# </document>
    <document> record -'hireacher i will be cover bp marsh partn ..' by graham n #url# lon:rec #hashtag# </document>
    <document> 'I can answer my own question about the diluti..' by Graham n #url# #hashtag# </document>
    <document> 'Hedges seem a bit pointless to me like you a..' by radioactiveman #url# </document>
    <document> "Congratulations, one of the reasons for this little ti.." by Edinburgh Investor #url# </document>
    <document> 'You beat me to it, sorry...' by rwalford #url# #hashtag# </document>
    <document> Adding to my long-only equity portfolio, but I need a hedge in case of a market crash: any idea from weycome45 #url# </document>
    <document> 'this is a great tribute and I repeat it all...' by crazycoops #url# </document>
    <document> 'You asked for a hedge, he pointed you towards a road..' by Nick Ray #url# </document>
    <document> 'Of course, another problem is that jpm refers to ..' by merlotman #url# #hashtag# </document>
    <document> 'norcros lon nxr interview with nick kelsall c ..' by seadoc #url# #hashtag# </document>
    <document> record -'good call ei i will cover gym lon gym t ..' by graham n #url# lon:rec #hashtag# </document>
    <document> proactis holdings - "Thanks for publishing this tomps3, I bought proac..." from mmarkkj777 #url# lon:phd #hashtag# </document>
    <document> 'Congratulations to Paul, he's not just one of...' by brballs #url# </document>
    <document> "Why not buy one of the short tracker ETFs..." by davistovest #url# </document>
    <document> 'great stuff I'll have to put up with a little longer..' by ratioinvestor #url# #hashtag# </document>
    <document> Revolution Bars - "Paul fwiw, my only operational thought of a..." by zipmanpeter #url# lon:rbg </document>
    <document> "Congratulations Paul and Graham, you both have..." from Nanny #url# </document>
    <document> "I don't think there is a perfect hedge, just m.." by iwright7 #url# </document>
    <document> 'Let me add my congratulations to Paul Richly...' by gromley #url# </document>
    <document> 'Hi Mark, I happened to just do the exercise...' by warranstar #url# #hashtag# </document>
    <document> ten entertainment - "I posted a link in another thread a few days ago..." by gus 1065 #url# lon:teg </document>
    <document> 'it's not proven, although I have enough surro..' by gromley #url# </document>
    <document> 'test comment ..' by alex naamani #url# </document>
    <document> tern -'I want to correct a statement...' by mmarkkj777 #url# lon:tern #hashtag# </document>
    <document> 'I can't figure out where we b...' by warranstar #url# #hashtag# </document>
    <document> 'thanks damian and stockopedia for organizing..' by tripuram #url# lon:mks #hashtag# #hashtag# </document>
    <document> 'well done Paul, great job and rich of..' by wimbledonsprinter #url# </document>
    <document> 'Great post Damian, thanks for sharing for this..' by Nursemaid #url# #hashtag# #hashtag# #hashtag# </document>
    <document> "I'm so happy to hear that paul f won." by boros10 #url# </document>
    <document> 'I know a few months isn't much back...' by mmarkkj777 #url# #hashtag# </document>
    <document> 'it's rare to find someone who gives so much b..' by graham ford #url# </document>
    <document> 'Thanks Damian, you're all interesting, I appreciate it...' by rhomboid1 #url# #hashtag# #hashtag##Hashtag# </Document>
    <document> proactis holdings - "good to hear you were with mello hev too..." by tomps3 #url# lon:phd #hashtag# </document>
    <document> 'I agree to Davistovest using stop-loss on a ..' by mmarkkj777 #url# </document>
    <document> 'Well said, ed absolutely deserved the award...' by rmundy #url# </document>
    <document> 're bp marsh partners lon bpm hi just wonderi ..' by graham n #url# #hashtag# </document>
    <document> "Well done Paul and enjoy the break, I remember that..." by Johneustace #url# </document>
    <document> 'I am very happy that paul receives the recognition..' by andyi #url# </document>
    <document> "Gold miners are also a relative hedge or you..." by Donald Pond #url# </document>
    <document> "Well done Paul, you deserve this award for..." by rhomboid1 #url# </document>
    <document> tern - "there seems to be nothing worse..." from davistovest #url# lon:tern #hashtag# </document>
    <Document> Napping in the Greenhouse: Individual Tanks, Stoploss Rules and June Recap. from jmuggleton #url# #hashtag# </document>
    <Document> proactis holdings – proactis (phd) investor presentation 11.6.18 by tomps3 #url# lon:phd #hashtag# </document>
    <document> "It's great that Paul got the recording..." by Ken Mitchell #url# </document>
    <document> 'wouldn't gold still be the most reliable hedge..' by studyhard #url# </document>
    <document> 'how do you define a sharp market reversal like...' by jonesj #url# </document>
    <document> "Damian, I thought it was a great event for both of you.." by Edward Croft #url# #hashtag# #hashtag# #hashtag# </document>
    <document> tern -'hi jaknife, I'm on this approach for...' by mmarkkj777 #url# lon:tern #hashtag# </document>
    <document> 'paul i follow you on stockopedia f..' by phoenixnight #url# </document>
    <document> 'hmmm I think I'll try to attend a future o..' by mmarkkj777 #url# #hashtag# #hashtag# #hashtag# </document>
    <document> "Paul Scott is an underrated genius, I'm amazed..." by darwenlad #url# </document>
    <document> 're nxr imme that stockopedia writes a pencil in a ..' by kenobi #url# #hashtag# </document>
    <document> 'very interesting but not always obvious w..' by cjenkins8 #url# #hashtag# </document>
    <document> 'ed it would be interesting to see similar ana..' by lucas #url# #hashtag# </document>
    <document> 'Congratulations, Paul deserves it well I guess..' from monty9 #url# </document>
    <document> "Hello, this is a really good clear overview of..." by Nick Ray #url# #hashtag# </document>
    <document> 'Well done Paul, you totally deserve to wear your H..' by davistovest #url# </document>