
	
		<document> #USER# Turn Zimbabwe into a nuclear power by getting investors to invest in Zimbabwe's energy sector #URL# ></document>
		<document> Electronic Surveillance and Jamming of enemy electronics #URL# ></document>
		<document> Let's invest in clean coal technology or nuclear energy #URL# ></document>
		<document> A.R.V. - THE FLUX LINER. #URL# ></document>
		<document> Strike Iran with the decisive blow #USER# #URL# ></document>
		<document> Carbon capture and storage #USER# #URL# ></document>
		<document> RT #USER#: Israeli delegation arrives in E. Guinea to treat wounded after deadly explosions #URL# ></document>
		<document> We are Navy Seals, we operate in three areas of operations the sea, air, and land #URL# ></document>
		<document> This is my squad #URL# ></document>
		<document> Wanna see my squad #URL# ></document>
		<document> Make Wales Latina country we should open up immigration from Latin American countries to Wales #URL# ></document>
		<document> Guns pointed towards Russia, Iran, North Korea and China #URL# ></document>
		<document> #URL# Let's create a Southern African Federation consisting of Southern African nations #USER# ></document>
		<document> RT #USER#: GCHQ warns businesses to urgently update their Microsoft email servers after suspected China hack #URL# ></document>
		<document> RT #USER#: The Queen jokes 'it's important to come back' from Outer Space as she marks science week during zoom call ></document>
		<document> Building up American naval power by constructing Submersible Carriers #URL# ></document>
		<document> #URL# How stealth technology works? #URL# ></document>
		<document> Building up American naval power should involve constructing super aircraft carriers #USER# #URL# ></document>
		<document> We must indeed strengthen American naval power in the indo pacific region and area of operations #URL# ></document>
		<document> #URL# Millions are going to die at the coming of the Lord who will survive the great day of the Lord ></document>
		<document> House of Lords ></document>
		<document> #URL# Come and Join the space force ></document>
		<document> I created my own British East India Company that will rule the United Kingdom and the United States for a 1000 years #URL# ></document>
		<document> I do not want to stay local I want to go global I believe in globalisation for Wales and the whole United Kingdom #URL# ></document>
		<document> We need to roll out 5G technology in Wales it's the future economy #USER# #USER# #USER# #URL# ></document>
		<document> watch the Pope watch Rome the seat of the Antichrist #URL# ></document>
		<document> The Pope is the Antichrist #URL# ></document>
		<document> We must stand with persecuted Syrian and Iraqi Christians #URL# ></document>
		<document> RT #USER#: We love to see it 😎 Countries deserve clean abundant energy ⚡️ #HASHTAG# #URL# ></document>
		<document> #URL# Ain't no bullet holes in the side of my SUV once a marine always a marine Semper Fi #USER# ></document>
		<document> #URL# #USER# hello Mr. Gates I am a Climate Innovator looking for funding for my projects ></document>
		<document> #URL# We are them terror squad boys #USER# he is the fakest you have ever seen. ></document>
		<document> #URL# God's war on terror let God fight the battle for us against Islam and Islamic terrorism ></document>
		<document> All Eyes on what is going in Egypt especially to the Coptic Christians of Egypt #USER# #URL# ></document>
		<document> Let's all embrace the New World Order to save the Earth #URL# ></document>
		<document> We are on lockdown remember I can't come over and say hi would have loved to #URL# ></document>
		<document> Advanced nuclear reactors #URL# ></document>
		<document> Weapons of the future from science fiction to reality #URL# ></document>
		<document> The Autonomy Economy needs a robust 5G network deployed rapidly and swiftly #URL# ></document>
		<document> Weapons of the future from science fiction #URL# ></document>
		<document> #URL# 5G is crucial to robotics and computer science field we need to roll out 5G as fast as possible around the world ></document>
		<document> MHD Simulation and Thermal Design of an MPD Thruster #URL# ></document>
		<document> #URL# Time to abolish the racist monarchy there do not speak for Britain their values are not British values #USER# ></document>
		<document> Hypersonic Engine using MHD Energy Bypass with a Conventional Turbojet #USER# #USER# #USER# #URL# ></document>
		<document> #URL# Artificial telepathy is next big thing and we ought to be working on it #USER# #USER# ></document>
		<document> RT #USER#: "This is my commandment: that you love one another as I have loved you.” —John 15:12, ESV ></document>
		<document> No exiting lock down until we have vaccinated the whole Welsh population #URL# ></document>
		<document> #URL# Nuclear Pulse Propulsion a game changer #URL# ></document>
		<document> #URL# Rockets powered by nuclear fusion can send humans to Mars and beyond ></document>
		<document> Variable Specific Impulse Rocket Engine for quicker trip to Mars #USER# #URL# ></document>
		<document> Fusion Propulsion to colonize Mars and other planets in the Cosmos #USER# #URL# ></document>
		<document> Dear Britain vote Labour on Thursday 6th May 2021 vote our values #URL# ></document>
		<document> No he does not stop your propaganda #URL# ></document>
		<document> That is crazy crazy the world is being turned up side down by the radical left #URL# ></document>
		<document> Russia's new MHD weapon the motor design of a Pluto Missile #URL# ></document>
		<document> Billionaires lets save the world, lets make the world a better place #URL# ></document>
		<document> Prison Planet the planet is a prison the elites are turning into a prison now we talk about curfew for men ></document>
		<document> Yay President Biden I told you gun control was coming Yay yay the NRA enough is enough of gun violence #URL# ></document>
		<document> #URL# #USER# is an Idiot ></document>
		<document> #USER# and Monsanto are doing a great service to the world's poor we need Monsanto in Zimbabwe #USER# #URL# ></document>
		<document> RT #USER#: Capitalism gives the power to the people. ></document>
		<document> I am an American soldier #URL# ></document>
		<document> RT #USER#: "Draw near to God, and He will draw near to you." James 4:8 #HASHTAG# #HASHTAG# #URL# ></document>
		<document> #URL# Weapons of the future #URL# ></document>
		<document> Burn down the Amazon Rainforest and all of Africa #URL# ></document>
		<document> Burn down the Amazon rainforest and all of Africa #USER# #USER# #URL# ></document>
		<document> I am an American Navy Seal by sea, air or land I guard and defend freedom and bring the fight to the enemy #URL# ></document>
		<document> #USER# We need to attack Iran with Nuclear Weapons enough is enough of this menace regime in Tehran #URL# ></document>
		<document> RT #USER#: Even the boogie man has nightmares 😱 ... That would be us. #HASHTAG# #URL# ></document>
		<document> I am a Navy Seal I went from loser to Navy Seal #URL# ></document>
		<document> More wildfires more cities will burn if we do not act to combat climate change #URL# ></document>
		<document> I admire Margaret Sanger and her vision #USER# #URL# ></document>
		<document> Wales could reopen its economy before England #USER# #USER# #USER# #URL# ></document>
		<document> It's time to create a one world government under the reign of Christ #URL# ></document>
		<document> #URL# Henry Kissinger is a useless eater that needs to be culled and killed for using up all our resources #USER# ></document>
		<document> #URL# When will Britain work up and realize its time to abolish the monarchy there do not work to serve our best interests ></document>
		<document> I admire this woman so much and her vision of a better world without the feeble minded #URL# ></document>
		<document> Every young African should be sterilised to prevent them from reproducing #USER# #URL# ></document>
		<document> Nuclear Fusion is our best energy source to tackle climate change #URL# ></document>
		<document> I admire Margaret Sanger and her vision #URL# ></document>
		<document> Race Science that Africans are genetically inferior to Europeans is a fact and it's true #URL# ></document>
		<document> #URL# We must stand up for persecuted Christians in the Middle East #USER# #USER# ></document>
		<document> Charge the Bush Administration with treason Engineers for 9/11 truth is a non profit #URL# ></document>
		<document> Good attack Chinese Americans China must pay for the virus there unleashed onto the world #URL# ></document>
		<document> #URL# Nuclear Fusion powered fighter jet could this be true? #USER# #USER#Airplanes ></document>
		<document> Spotted bang you are dead #URL# ></document>
		<document> Future US Air Force Stealth bombers #URL# ></document>
		<document> Homosexuality is a sin and I am glad Milo has come out of that lifestyle #URL# ></document>
		<document> #URL# The race for advanced nuclear liquid metal cooled nuclear reactors #URL# ></document>
		<document> I cannot stand a coward #URL# ></document>
		<document> When will Prince Charles become King I am eager to solve world overpopulation when he does #USER# #URL# ></document>
		<document> When Prince Charles is King of England we are going to solve overpopulation in Africa, Asia and Latin America #URL# ></document>
		<document> Flying on plasma. Plasma propulsion will change the Aerospace industry ></document>
		<document> The U2 Spy plane #URL# ></document>
		<document> Electromagnetic pulse gun can disable enemy electronics quickly and decisively #URL# ></document>
		<document> Still my girl the many wives of King David I like blondes #URL# ></document>
		<document> Jury Service on the 4th of May 2021 I have never been a Juror before for some reason I cannot wait to be juror ></document>
		<document> #USER# We need to lead in the development of psychotronic weapons #URL# ></document>
		<document> We must rebuild the Russian empire #URL# ></document>
		<document> World 6th Generation Hypersonic Stealth Fighter Concept #URL# ></document>
		<document> #URL# Worth every dime, the F-35 is a terrific plane that is worth every buck. #URL# ></document>
		<document> Worth $115 Million Dollars, the F-35 is a fantastic plane that is worth every dime #URL# ></document>
		<document> TR3B Astra an aircraft that flies on nuclear energy #URL# ></document>
		<document> Inside the TR3B Aircraft the cockpit #URL# ></document>
		<document> To win the war on drugs needs a Glass Steagall legislation #URL# ></document>
		<document> RT #USER#: Who deserves a pay rise more, Dominic Cummings or NHS nurses? #HASHTAG# ></document>
		<document> #USER# Mr Prime Minister make space based solar power a national security priority for the United Kingdom #URL# ></document>
		<document> #URL# Replace #USER# with a European Union Army #USER# #USER# ></document>
		<document> #USER# Give our NHS nurses a pay rise and a union Mr Prime Minister #URL# ></document>
		<document> This has gone on long enough it's time to reopen our economies enough is enough #URL# ></document>
		<document> RT #USER#: And from Southern University alum Avery Johnson, about the importance of HBCUs in his life and to the 🇺🇸. ></document>
		<document> Homosexuality is a choice and it's a sin that leads men to hell #URL# ></document>
		<document> #URL# The Roman Catholic Church is an evil force in the world and there must be stopped ></document>
		<document> #URL# Is Solar Warden real and if it is is it operational? #URL# ></document>
		<document> Netanyahu deserves a Nobel peace prize for sure #URL# ></document>
		<document> Strike Iran now #USER# #USER# #USER# #USER# #URL# ></document>
		<document> Antimatter Rockets how to get to explore the solar system with antimatter rockets #URL# ></document>
		<document> #URL# Antihydrogen propulsion for NASA's very deep space missions #URL# ></document>
		<document> #URL# We them terror squad boys don't mess with us #USER# what's the hell is wrong with this idiot ></document>
		<document> #URL# We need all schools in Wales to reopen so we can get our young back in the classroom #USER# #USER# ></document>
		<document> RT #USER#: How to set clear work boundaries — and stick to them: #URL# ></document>
		<document> #USER# Invest your capital in South Wales in the United Kingdom to create jobs #URL# ></document>
		<document> #URL# The time has come to create a European Army, Navy and Air Force that can defend Europe's defence interests ></document>
		<document> I will be a God #URL# ></document>
		<document> Transhumanism can we live forever #URL# ></document>
		<document> God has tested me deeply and I have been proven faithful #URL# ></document>
		<document> #URL# The British are stinky parasites ></document>
		<document> #URL# Who is afraid of nuclear waste? making Carbon free electricity using nuclear waste #URL# ></document>
		<document> After Christ's 1000 year reign there will be setting up of a one world with one government under the reign of Christ #URL# ></document>
		<document> Are we prepared for the next pandemic? Rotavirus more deadly than covid-19 #URL# ></document>
		<document> Tony Blair is the leader of our labour party not #USER# or Jeremy Corbyn #URL# ></document>
		<document> Brexit must be stopped, referendums can be ignored the UK must not be allowed to leave the European Union #URL# ></document>
		<document> #URL# Let America fall to the ground so that we can rebuild back better and stronger by utilizing larouche's four laws ></document>
		<document> This is the end of America, 27 trillion dollars in debt America is officially done for #URL# ></document>
		<document> RT #USER#: Evening patrols down Swansea Marina. No issues to report #HASHTAG# #HASHTAG# ^6580 #URL# ></document>
		<document> #URL# I want to be billionaire so freaking bad I will be a billionaire #USER# ></document>
		<document> Now it's my turn to drastically reduce world population levels enter in rotavirus #URL# ></document>
		<document> Wildfires as a result of climate change #URL# ></document>
		<document> What comes after Covid? 100% mortality rate in young children and young adults #USER# #URL# ></document>
		<document> Ooooh What will I ever do without Piers Morgan #URL# ></document>
		<document> I had enough of dogs I am now afraid of them there can be used to set them on people #URL# ></document>
		<document> Democrats have both houses of Congress so what are waiting for #USER# #URL# ></document>
		<document> #URL# I am a Christian zionist ></document>
		<document> Pure Nazi scum I hate nazis #URL# ></document>
		<document> It's just a machine dude chill out #URL# ></document>
		<document> #URL# Liberate New York ></document>
		<document> #URL# Liberate New York from the mad governor who just won't go away like a zit ></document>
		<document> I thought we dealt with this already not this again #URL# ></document>
		<document> You are supposed to be my fuckin' mentor get up dre and fight #URL# #URL# ></document>
		<document> #URL# Get up Dre I need you #USER# ></document>
		<document> Iran will not be getting a nuclear weapon any time soon you can take that to the bank #URL# ></document>
		<document> Nuclear Thermal-Electric Rocket #URL# #URL# ></document>
		<document> RT #USER#: We’re going to #HASHTAG#. Pass it on. ></document>
		<document> RT #USER#: Why do Republicans not want blacks to vote? 🤔 ></document>
		<document> #URL# I hate Nazis ></document>
		<document> This is China fascist in every way possible #URL# ></document>
		<document> #URL# Wildfires in Central Africa yet nobody even knows #URL# ></document>
		<document> RT #USER#: JUST IN: Kerry calls for "decade of action" on climate change #URL# #URL# ></document>
		<document> Thank you first minister #URL# ></document>
		<document> #URL# Satan's bank of international settlements ></document>
		<document> #URL# Obama is an idiot ></document>
		<document> Satan is losing power on the planet #URL# ></document>
		<document> #URL# The aircraft that Israel must have in it's arsenal fighting from the space domain and winning against our foes ></document>
		<document> God bless Israel and it's capital Jerusalem #URL# ></document>
		<document> #URL# Iran is goliath we must treat them as such as the enemy of Western civilisation ></document>
		<document> #URL# Mine people all of Israel will be saved by the grace of God ></document>
		<document> Not happy until Tehran is lying in rubble you don't tell us what to do you are the enemy of mine people #URL# ></document>
		<document> #USER# You should have killed me when you had the chance now I will end you #URL# ></document>
		<document> It's time to quit social media I now know what it is and how it manipulates one's own reality ></document>
		<document> #URL# The European Union must become a federal republic #USER# ></document>
		<document> #USER# Go away it's my party now #URL# ></document>
		<document> Go away it's not your party anymore it's mine go away #URL# ></document>
		<document> Nigel Farage is the reason why we are all in this mess I cannot stand that guy #URL# ></document>
		<document> The time to strike Iran has come #URL# ></document>
		<document> You win the people of Wales lose again Wales is officially on lockdown everything is shut it's like a ghost town #URL# ></document>
		<document> #URL# I stopped world war three where is my Nobel peace prize #USER# #USER# #URL# ></document>
		<document> #URL# military applications of nanotechnology #URL# ></document>
		<document> why is the American media so obsessed with the royal family how about actually reporting the news #URL# ></document>
		<document> Military applications of nanotechnology #URL# ></document>
		<document> The great world war for the Middle East #URL# ></document>
		<document> RT #USER#: Buckingham Palace releases statement in response to Meghan and Harry interview #URL# ></document>
		<document> #URL# America is a nation of the future from the future the freest nation in all the world and it must remain that way ></document>
		<document> #URL# Flying cars are coming to a city near you #URL# ></document>
		<document> RT #USER#: Our American media is obsessed with the royals. I thought we were over the royals in 1776. ></document>
		<document> Nanotechnology is changing aeronautics which could lead to more efficient air vehicles of the future #URL# ></document>
		<document> Just a theory #URL# ></document>
		<document> #URL# Nanothermites research it come to your own conclusion or theory ></document>
		<document> #URL# Spill the beans royal servants spill the beans ></document>
		<document> Harry said he was trapped as a royal what did he mean? #URL# ></document>
		<document> We should aim to generate our electricity from 100% nuclear energy #USER# #USER# #URL# ></document>
		<document> I do not have mates mate joke's on you or on me wow am I a loser with no friends #URL# ></document>
		<document> For God and the British Empire #URL# ></document>
		<document> The Queen is the head of the commonwealth #USER# she should be the head of state of Zimbabwe #URL# ></document>
		<document> The man who should be Prime Minister of the United Kingdom #URL# ></document>
		<document> #URL# #USER# AI is the future of warfighting we must invest boldly in it check this out ></document>
		<document> I hate German shepherds lets kill all German shepherds there scare me with their bark and sharp teeth #URL# ></document>
		<document> We are going to become cyborgs #URL# #URL# ></document>
		<document> The future I am trying to build, the jobs of the future will be seriously high tech and high skilled jobs #URL# ></document>
		<document> I hope you are raising the baby up as an Anglo Saxon with pride #URL# ></document>
		<document> #URL# The lies of transhumanism no we cannot live forever #USER# #USER# #USER# #USER#Break ></document>
	
</author><document> #USER# Turn Zimbabwe into a nuclear power by getting investors to invest in Zimbabwe's energy sector #URL# ></document>
<document> Electronic Surveillance and Jamming of enemy electronics #URL# ></document>
<document> Let's invest in clean coal technology or nuclear power #URL# ></document>
<document> - FLOW LINER. #URL# ></ document>
<document> Strike Iran with decisive blow #USER# #URL# ></document>
<document> Carbon capture and storage #USER# #URL# ></document>
<document> RT #USER#: Israeli delegation arrives in E. Guinea to treat injured after fatal explosions #URL# ></document>
<document> We are Navy Seals, operating in three areas of operation: sea, air and land #URL# ></document>
<document> This is my team #URL# ></document>
<document> Do you want to see my team #URL# ></document>
<document> Let's make Wales a Latin country We must turn on immigration from Latin American countries to Wales #URL# ></document>
<document> Guns pointed at Russia, Iran, North Korea and China #URL# ></document>
<document> #URL# Let's create a South African Federation of South African countries #USER# ></document>
<document> RT #USER#: GCHQ warns businesses suspected of #URL# hijacking in China to urgently update their Microsoft email servers ></document>
<document> RT #USER#: Queen jokes 'it's important to come back' from Outer Space as she celebrates science week during zoom call ></document>
<document> Building US naval power by building Underwater Carriers #URL# ></document>
<document> #URL# How does privacy technology work? #URL# ></ document>
<document> Building US naval power should include building super carriers #USER# #URL# ></document>
<document> We really need to strengthen American naval power in the Indo-pacific region and the operational area #URL# ></document>
<document> #URL# At the coming of the Lord, millions will die who will survive the Lord's great day ></document>
<document> House of Lords ></ document>
<document> #URL# Come and join the space forces ></document>
<document> I started my own British East India Company to rule Britain and the United States for 1000 years #URL# ></document>
<document> I don't want to stay local I want to go global I believe in globalization for Wales and the whole UK #URL# ></document>
<document> We need to make 5G technology available in Wales, this is the economy of the future #USER# #USER# #USER# #URL# ></document>
<document> Watch the Pope watch the Antichrist's headquarters in Rome #URL# ></document>
<document> Pope is Antichrist #URL# ></document>
<document> We must stand by the persecuted Syrian and Iraqi Christians #URL# ></document>
<document> RT #USER#: We love to see it 😎 Countries deserve clean, abundant energy ⚡️ #HASHTAG# #URL# ></document>
<document> #URL# There are no bullet holes in the side of my SUV.document>
<document> #URL# #USER# hello Mr. Gates, I am a Climate Innovator seeking funding for my projects ></document>
<document> #URL# We are their terror team children #USER# he is the most dishonest you've ever seen. ></ document>
<document> #URL# Let God's war against terrorism let God fight for us against Islam and Islamic terrorism ></document>
<document> All Eyes on what's going on in Egypt, especially Coptic Christians in Egypt #USER# #URL# ></document>
<document> Let's embrace the New World Order together to save the world #URL# ></document>
<document> Remember we're under lockdown, I can't come and say hello to #URL# ></document>
<document> Advanced nuclear reactors #URL# ></document>
<document> Weapons of the future from science fiction to reality #URL# ></document>
<document> Autonomy Economy needs a robust 5G network that is fast and quickly deployed #URL# ></document>
<document> Weapons of the future from science fiction #URL# ></document>
<document> #URL# 5G is crucial for robotics and computer science, we need to expand 5G worldwide as fast as possible ></document>
<document> MHD Simulation and Thermal Design of an MPD Thruster #URL# ></document>
<document> #URL# It's time to overthrow the racist monarchy there Doesn't speak for England values ​​are not British values ​​#USER# ></document>
<document> Hypersonic Engine Using MHD Energy Bypass with Conventional Turbojet #USER# #USER# #USER# #URL# ></document>
<document> #URL# Artificial telepathy is the next big breakthrough and we need to work on it #USER# #USER# ></document>
<document> RT #USER#: "This is my command: love one another as I love you." —John 15:12, ESV ></ document>
<document> No lockdown until we vaccinate the entire Welsh population #URL# ></document>
<document> #URL# Nuclear Pulse Propulsion is a game-changer #URL# ></document>
<document> #URL# Nuclear fusion-powered rockets can send humans to Mars and beyond ></document>
<document> Variable Specific Pulse Rocket Engine for faster journey to Mars #USER# #URL# ></document>
<document> Fusion Propulsion to colonize Mars and other planets in the Cosmos #USER# #URL# ></document>
<document> Vote dear British Labor Party on Thursday, May 6, 2021 Vote our #URL# values ​​></document>
<document> No it doesn't stop your propaganda #URL# ></document>
<document> It's insane that the world is turned upside down by the radical left #URL# ></document>
<document> Russia's new MHD weapon, the engine design of a Pluto Missile #URL# ></document>
<document> Billionaires, let's save the world, make the world a better place #URL# ></document>
<document> Prison Planet planet, a prison turned into a prison by the elite, now we're talking about a curfew for men ></document>
<document> Long live President Biden I told you gun control would come Long live the NRA gun violence is enough #URL# ></document>
<document> #URL# #USER# is astupid ></ document>
<document> #USER# and Monsanto do a great service to the world's poor We need Monsanto in Zimbabwe #USER# #URL# ></document>
<document> RT #USER#: Capitalism gives power to the people. ></ document>
<document> I am an American soldier #URL# ></document>
<document> RT #USER#: "Draw close to God and He will draw near to you." James 4:8 #HASHTAG# #HASHTAG# #URL# ></document>
<document> #URL# Weapons of the Future #URL# ></document>
<document> Destroy the Amazon Rainforest and all of Africa #URL# ></document>
<document> Destroy the Amazon rainforest and all of Africa #USER# #USER# #URL# ></document>
<document> I am a US Navy Seal I protect and defend freedom at sea, in the air or on land and take the war to the enemy #URL# ></document>
<document> #USER# We need to attack Iran with Nuclear Weapons, enough of this threat regime in Tehran #URL# ></document>
<document> RT #USER#: Even the boogie guy has nightmares 😱 ... It would be us. #HASHTAG# #URL# ></document>
<document> I'm a Navy Seal Losing Navy Seal I switched to #URL# ></document>
<document> More forest fires, more cities will burn if we don't act to tackle climate change #URL# ></document>
<document> I admire Margaret Sanger and her vision #USER# #URL# ></document>
<document> Welsh can reopen economy before England #USER# #USER# #USER# #URL# ></document>
<document> It's time to establish a single world government under the reign of Christ #URL# ></document>
<document> #URL# Henry Kissinger is a useless eater that needs to be culled and killed for consuming all our resources #USER# ></document>
<document> #URL# When the UK will work and realize it's time to abolish the monarchy there, it will not serve our interests ></document>
<document> I admire this woman and her vision of a better world without the idiot #URL# ></document>
<document> #USER# #URL# </document> every young African should be sterilized to prevent their reproduction ></document>
<document> Nuclear Fusion is our best source of energy to fight climate change #URL# ></document>
<document> I admire Margaret Sanger and her vision #URL# ></document>
<document> Race Science that Africans are genetically inferior to Europeans is a fact and it's true #URL# ></document>
<document> #URL# We must stand up for Christians persecuted in the Middle East #USER# #USER# ></document>
<document> Bush Administration accusing Engineers of treason for 9/11 is a real nonprofit #URL# ></ document>
<document> Good attack Chinese Americans China must pay for the virus released there #URL# ></document>
<document> #URL# Nuclear Fusion-powered fighter jet, could that be true? #USER# #USER#Planes ></ document>
<document> Spotted bang you're dead #URL# ></document>
<document> Future US Air Force Stealth bombers #URL# ></document>
<document> Homosexuality is a sin and I'm glad Milo is out of this lifestyle #URL# ></document>
<document> #URL# Race for advanced nuclear liquid metal cooled nuclear reactor #URL# ></document>
<document> I can't stand being a coward #URL# ></document>
<document> When Prince Charles becomes King #USER# #URL# ></document> I'm looking forward to solving the overpopulation of the world.
<document> When Prince Charles becomes King of England, we will solve overpopulation in Africa, Asia and Latin America #URL# ></document>
<document> Flying on plasma. Plasma propulsion will change the Aerospace industry ></ document>
<document> U2 Spy plane #URL# ></document>
<document> Electromagnetic pulse gun can quickly and decisively disable enemy electronics #URL# ></document>
<document> Still my daughter, many wives of King David, I like blondes #URL# ></document>
<document> Jury Mass May 4, 2021 I've never been a Jury Member before for some reason I can't wait to be a jury ></document>
<document> #USER# We need to lead the development of psychotronic weapons #URL# ></document>
<document> We must rebuild the Russian empire #URL# ></document>
<document> World's 6th Generation Hypersonic Ghost Hunter Concept #URL# ></document>
<document> #URL# Worth every penny, the F-35 is a great plane worth every penny. #URL# ></ document>
<document> The $115 Million F-35 is a great plane worth every penny #URL# ></document>
<document> TR3B Astra is a nuclear powered aircraft #URL# ></document>
<document> Cockpit Inside TR3B Aircraft #URL# ></document>
<document> Winning the war on drugs requires a Glass Steagall law #URL# ></document>
<document> RT #USER#: Who deserves a pay raise more, Dominic Cummings or NHS nurses? #HAHTAG# ></ document>
<document> #USER# Dear Prime Minister, making space-based solar a national security priority for the UK #URL# ></document>
<document> Instead of #URL# #USER# a European Union Army #USER# #USER# ></document>
<document> #USER# Give our NHS nurses a pay raise and union Mr Prime Minister #URL# ></document>
<document> It's gone long enough, it's time to reopen our economies #URL# ></document>
<document> RT #USER#: And from Southern University graduate Avery Johnson about the importance of HBCUs in his life and for 🇺🇸. ></ document>
<document> Homosexuality is a choice and a sin that takes men to hell #URL# ></document>
<document> #URL# The Roman Catholic Church is an evil force on earth and must be stopped ></document>
<document> #URL# Is Solar Warden real, and if so, is it working? #URL# ></ document>
<document> Netanyahu definitely deserves a Nobel peace prize #URL# ></document>
<document> Shoot Iran now #USER# #USER# #USER# #USER# #URL# ></document>
<document> Antimatter Rockets How to explore the solar system with antimatter rockets #URL# ></document>
<document> #URL# NASA's antihydrogen drive for very deep space missions #URL# ></document>
<document> #URL# We terror squad kids don't mess with us #USER# what's wrong with this idiot ></document>
<document> #URL# We need all schools in Wales to reopen so we can get our young people back into the classroom #USER# #USER# ></document>
<document> RT #USER#: How to set and stick to clear working limits: #URL# ></document>
<document> #USER# Invest your capital in South Wales, UK to create jobs #URL# ></document>
<document> #URL# It's time to build a European Army, Navy and Air Force that can defend Europe's defense interests ></document>
<document> I will be god #URL# ></document>
<document> Can we live transhumanism forever #URL# ></document>
<document> God tested me and I remained faithful #URL# ></document>
<document> #URL# Brits are stinky parasites ></document>
<document> #URL# Who is afraid of nuclear waste? Carbon-free electricity generation using nuclear waste #URL# ></document>
<document> After 1000 years of Christ's reign, a single world with a single government will be established under Christ's rule #URL# ></document>
<document> Are we ready for the next epidemic? Rotavirus more deadly than covid-19 #URL# ></document>
<document> Tony Blair, leader of our Labor party, not #USER# or Jeremy Corbyn #URL# ></document>
<document> Brexit should be stopped, referendums can be ignored Britain should not be allowed to leave the European Union #URL# ></document>
<document> #URL# Let it fall to the ground so we can rebuild America better and stronger using Larouche's four laws ></document>
<document> America's end has come, America's $27 trillion debt is officially over for #URL# ></document>
<document> RT #USER#: Evening patrols at Swansea Marina. No issues to report #HASHTAG# #HASHTAG# ^6580 #URL# ></document>
<document> #URL# I want to be a billionaire so badly that I will be a billionaire #USER# ></document>
<document> Now it's my turn to drastically reduce world population levels by entering rotavirus #URL# ></document>
<document> Forest fires as a result of climate change #URL# ></document>
<document> What comes after Covid? 100% mortality rate in young children and young adults #USER# #URL# ></document>
<document> Ooooh Piers Morgan What do I do without #URL# ></document>
<document> I'm sick of dogs now I'm afraid of them can be used to set them to humans #URL# ></document>
<document> Democrats have both houses of Congress, so what do they expect for #USER# #URL# ></document>?
<document> #URL# I am a Christian zionist ></document>
<document> Pure Nazi scum I hate Nazis #URL# ></document>
<document> It's just a machine dude calm down #URL# ></document>
<document> #URL# Liberate New York ></document>
<document> #URL# Save New York from the crazy governor that doesn't disappear like a pimple ></document>
<document> I thought we already took care of this, not again #URL#></ document>
<document> I need you to be my mentor, stand up and fight #URL# #URL# ></document>
<document> #URL# Get Up Dre I need you #USER# ></document>
<document> Iran will not have nuclear weapons anytime soon you can take it to #URL# bank ></document>
<document> Nuclear Thermal-Electric Rocket #URL# #URL# ></document>
<document> RT #USER#: We're going to #HASHTAG#. Go ahead. ></ document>
<document> RT #USER#: Why don't Republicans want blacks to vote? 🤔 ></ document>
<document> #URL# I hate Nazis ></document>
<document> This is Chinese fascist in every way possible #URL# ></document>
<document> #URL# Forest Fires in Central Africa Nobody Knows #URL# Yet ></document>
<document> RT #USER#: JUST IN: Kerry calls for "decade of action" on climate change #URL# #URL# ></document>
<document> Thank you first minister #URL# ></document>
<document> #URL# Devil's international settlement bank ></document>
<document> #URL# Obama is an idiot ></document>
<document> Satan is losing power on the planet #URL# ></document>
<document> #URL# The plane that should be in Israel's arsenal fights in space and wins against our enemies ></document>
<document> God bless Israel and its capital Jerusalem #URL# ></document>
<document> #URL# Iran is a giant, we should treat them like enemies of Western civilization ></document>
<document> #URL# By God's grace my people, all of Israel, will be saved ></document>
<document> I'm not happy until Tehran is in ruins don't tell us what to do you are the enemy of my people #URL# ></document>
<document> #USER# You should have killed me when you had the chance, now I'm going to #URL# finish you off ></document>
<document> It's time to quit social media Now I know what it is and how one manipulates one's own reality ></document>
<document> #URL# The European Union should become a federal republic #USER# ></document>
<document> #USER# Go from here, now my batch #URL# ></document>
<document> Get the fuck out it's not your party anymore get the fuck out #URL# ></document>
<document> Nigel Farage the reason we're all in this mess I can't stand this guy with #URL# ></document>
<document> It's time to hit Iran #URL# ></document>
<document> You win, the Welsh people lose again Wales is officially in isolation, everything is closed, like a ghost town #URL# ></document>
<document> #URL# I stopped the third world war, where is my Nobel peace prize #USER# #USER# #URL# ></document>
<document> #URL# military applications of nanotechnology #URL# ></document>
<document> Why is the American media so obsessed with the royal family, how about really reporting #URL# ></document>?
<document> Military applications of nanotechnology #URL# ></document>
<document> The great world war for the Middle East #URL# ></document>
<document> RT #USER#: Buckingham Palace released a statement in response to Meghan and Harry interview#URL# ></ document>
<document> #URL# America is a future nation and the freest nation in the entire world and should stay that way ></document>
<document> #URL# Flying cars are coming to a city near you #URL# ></document>
<document> RT #USER#: Our American media is obsessed with the royal family. In 1776, I thought we were leaving the royal family behind. ></ document>
<document> Nanotechnology is changing aviation that could lead to more efficient aircraft of the future #URL# ></document>
<document> Just a theory #URL# ></document>
<document> #URL# Searches for nanothermites, arrives at own conclusion or theory ></document>
<document> #URL# Pour the beans royal servants pour the beans ></document>
<document> Harry said he was trapped as a royal, what did he mean? #URL# ></ document>
<document> We should aim to produce our electricity from 100% nuclear energy #USER# #USER# #URL# ></document>
<document> I don't have friends dude it's a joke on you or me wow am I a friendless loser #URL# ></document>
<document> For God and the British Empire #URL# ></document>
<document> Queen is head of state #USER# should be head of state of Zimbabwe #URL# ></document>
<document> The man who should be UK Prime Minister #URL# ></document>
<document> #URL# #USER# AI is the future of war, we must invest boldly in it, check this out ></document>
<document> I hate german shepherds let's kill all german shepherds out there and they scare me with their bark and sharp teeth #URL# ></document>
<document> We will be cyborgs #URL# #URL# ></document>
<document> The future I'm trying to build, the jobs of the future will be seriously hi-tech and highly skilled #URL# ></document>
<document> I hope you're raising the baby proudly as an Anglo Saxon #URL# ></document>
<document> #URL# The lies of transhumanism no we can't live forever #USER# #USER# #USER# #USER#Break ></document>

</author>