
	
		<document> RT #USER#: Again, dismiss! And make all GOP senators vote on it! I’ve been saying this for many weeks! #URL# ></document>
		<document> RT #USER#: The only thing that’s gotten worse since Trump became President is the Democrats. Am I right? ></document>
		<document> RT #USER#: Exclusive: Iranian National Arrested Near Mar-a-Lago with Machete, Knives Came to U.S. as Refugee ></document>
		<document> #USER# Democrats are bringing Muslims and AntiSemites Into Congress Vote Republican. !! ></document>
		<document> RT #USER#: For wages to rise, immigration must fall. #URL# ></document>
		<document> #USER# Democrats are bringing Muslims and AntiSemites Into Congress Vote Republican. !! ></document>
		<document> #USER# All these must be defeated in 2020 ></document>
		<document> RT #USER#: Tehran Pelosi handing out impeachment pens as souvenirs, how classy. ></document>
		<document> #USER# #USER# Democrats are bringing Muslims and AntiSemites Into Congress Vote Republican. !! ></document>
		<document> #USER# Democrats are bringing Muslims and AntiSemites Into Congress Vote Republican. !! ></document>
		<document> #USER# Democrats are bringing Muslims and AntiSemites Into Congress Vote Republican. !! ></document>
		<document> RT #USER#: This is so painful. #URL# ></document>
		<document> RT #USER#: Judge Rules Trump Administration Is 'Within Its Authority' to Separate Families at Mexico Border ></document>
		<document> RT #USER#: The radical left is impeaching #USER# because they have no real agenda for the American people. ></document>
		<document> RT #USER#: “You really represent resilience and strength on a level we will never know.” -#USER# #URL# ></document>
		<document> RT #USER#: Folks, Trump has broken this woman into a million crazy little political pieces 🤣 #URL# ></document>
		<document> RT #USER#: #USER# Thank you, President Trump. I’m voting for you because I want 2 more Supreme Court Justices. ></document>
		<document> RT #USER#: God Bless #USER# for talking to the Swamp like this. ></document>
		<document> RT #USER#: This is how we win, folks. You show up by the thousands and say "HELL NO!" God Bless these patriots! ></document>
		<document> RT #USER#: “If I were a democrat, I would have already been on TIME Magazine &amp; I’d have a hair care commercial.” 😂 ></document>
		<document> RT #USER#: Rep. Liz Cheney: 'Pelosi Is an Embarrassment &amp; Unfit for Office' #URL# ></document>
		<document> RT #USER#: CNN’s formerly favorite guest arrested #URL# ></document>
		<document> RT #USER#: Steyer: Democrats are going to destroy the economy in 15 minutes if they get in control. TRUE. #HASHTAG# ></document>
		<document> #USER# Democrats Support Radical Muslims ></document>
		<document> RT #USER#: WATCH it happen: #URL# ></document>
		<document> #USER# Bernie = Sick ></document>
		<document> #USER# #USER# We ALL LOVE PRESIDENT TRUMP ></document>
		<document> #USER# FAKE NEWS FINANCED DEMOCRATS ></document>
		<document> RT #USER#: ‘Absolutely Correct’: Obama’s National Security Adviser Praises Trump For Killing Soleimani #URL# ></document>
		<document> RT #USER#: With another migrant caravan on the move, now is not the time to let up on border enforcement. ></document>
		<document> #USER# Muslims and Hispanics are taking over America With The Encouragement Of The Democrats ></document>
		<document> #USER# Muslims and Hispanics are taking over America With The Encouragement Of The Democrats ></document>
		<document> #USER# #USER# Muslims and Hispanics are taking over America With The Encouragement Of The Democrats ></document>
		<document> #USER# Muslims and Hispanics are taking over America With The Encouragement Of The Democrats ></document>
		<document> #USER# Muslims and Hispanics are taking over America With The Encouragement Of The Democrats ></document>
		<document> RT #USER#: Look who might get picked up, our ole buddy, Shep! #URL# ></document>
		<document> #USER# Good. He and good ridden ></document>
		<document> #USER# Muslims and Hispanics are taking over America With The Encouragement Of The Democrats ></document>
		<document> RT #USER#: New York sanctuary policy forced release of suspect in shocking murder #URL# via #USER# ></document>
		<document> RT #USER#: Democrats should accept the results of the 2016 election. Retweet if you agree. ></document>
		<document> #USER# Romney = Moron ></document>
		<document> #USER# Democrats Are Encouraging The Islamization Of America ></document>
		<document> RT #USER#: .#USER#: "It's time for an Executive Order" or we won't have a country! #URL# ></document>
		<document> RT #USER#: ‘Walls Work’: DHS Celebrates 100 Miles Of New Border Wall #URL# via #USER# #USER# ></document>
		<document> #USER# Democrats Are Encouraging The Islamization of America ></document>
		<document> RT #USER#: What a group - Vince Vaughn, First Lady Melania Trump, President Trump, and Rep. Scalise! #URL# ></document>
		<document> RT #USER#: Live from #HASHTAG# #URL# ></document>
		<document> RT #USER#: Live from #HASHTAG# #USER# and #USER# #URL# ></document>
		<document> RT #USER#: OMG OMG. They lied to us all. This looks like Election Interference...... This is "SICK" #URL# ></document>
		<document> RT #USER#: Donald Trump is announced as cheers erupt in the Superdome at the CFP National Championship Game #URL# ></document>
		<document> RT #USER#: MSNBC would be home sweet home for Shep. #URL# ></document>
		<document> RT #USER#: Do it Mr. President #USER# . So Proud!!!! #HASHTAG# #URL# ></document>
		<document> RT #USER#: WAY louder than any applause Obama ever received! #URL# ></document>
		<document> RT #USER#: RT if you agree— the United States will NEVER be a socialist country! #URL# ></document>
		<document> #USER# Democrats are bringing Muslims and AntiSemites Into Congress Vote Republican. !! ></document>
		<document> #USER# Not enough plastic surgery ></document>
		<document> #USER# Bernie Sanders Is Like The Jews Who Worked For Hitler ></document>
		<document> #USER# Muslims and Hispanics are taking over the USA with the help of Democrats. Vote Republican !!! ></document>
		<document> #USER# Muslims and Hispanics are taking over the USA with the help of Democrats. Vote Republican !!! ></document>
		<document> #USER# Muslims and Hispanics are taking over the USA with the help of Democrats. Vote Republican !!! ></document>
		<document> #USER# Muslims and Hispanics are taking over the USA with the help of Democrats. Vote Republican !!! ></document>
		<document> #USER# Muslims and Hispanics are taking over the USA with the help of Democrats. Vote Republican !!! ></document>
		<document> RT #USER#: .#USER#: "It's time for an Executive Order" or we won't have a country! #URL# ></document>
		<document> #USER# Muslims and Hispanics are taking over the USA with the help of Democrats. Vote Republican !!! ></document>
		<document> #USER# Muslims and Hispanics are taking over the USA with the help of Democrats. Vote Republican !!! ></document>
		<document> RT #USER#: I’ll be honest ... I have no earthly idea what the hell Nancy Pelosi is talking about - ever. Not kidding. You? ></document>
		<document> RT #USER#: CBO: Immigration Has ‘Negative Effect on Wages’ #URL# via #USER# #USER# ></document>
		<document> #USER# Hope that Megyns a-s is worth it ></document>
		<document> #USER# #USER# Muslims and Hispanics are taking over the USA with the help of Democrats. Vote Republican !!! ></document>
		<document> #USER# Muslims and Hispanics are taking over the USA with the help of Democrats. Vote Republican !!! ></document>
		<document> #USER# Muslims and Hispanics are taking over the USA with the help of Democrats. Vote Republican !!! ></document>
		<document> #USER# Pelosi = Agent of Russia ></document>
		<document> RT #USER#: Pelosi dismisses protests in Iran against regime, "different reasons why people are in the street" ></document>
		<document> RT #USER#: Maggie Haberman, another morally challenged New York Times employee #URL# ></document>
		<document> #USER# Pelosi works for Russia and is trying to destabilize the country ></document>
		<document> RT #USER#: AMAZING! Iranian protesters in Tehran REFUSE to trample Israel &amp; US flags. We are not their enemy. ❤️ #HASHTAG# ></document>
		<document> RT #USER#: The Brave and beautiful students from Beheshti University BOO those who step on The American and Israeli flags ></document>
		<document> RT #USER#: Iran just running with the Democrat talking points. ></document>
		<document> RT #USER#: Iran tear gassing student protesters in Tehran ></document>
		<document> RT #USER#: Even the Iranian people know they have a criminal they need to get rid of #URL# ></document>
		<document> RT #USER#: QUICK! Name ANY Democrat who supported the Iranian protestors today! ANY... I'll wait. ></document>
		<document> RT #USER#: Read: UT Austin Professor Under Fire for Defending Sex with Underage Boys SMH #URL# ></document>
		<document> RT #USER#: Twitter continues to censor this tweet and erase the retweets. Once again, twitter shills for Jihadis. ></document>
		<document> RT #USER#: New York Democrats Move to Register Illegal Aliens, Non-Citizens to Vote #URL# via #USER# ></document>
		<document> #USER# This is disgusting ></document>
		<document> RT #USER#: Twitter allows this but suppresses conservative tweets. ></document>
		<document> #USER# #USER# Wipe That Islamic Grin Off Omar’s Face ></document>
		<document> RT #USER#: It’s all Trump’s fault. ></document>
		<document> #USER# Omar hates America She Is Agent For Iran ></document>
		<document> #USER# #USER# This is real ></document>
		<document> RT #USER#: Push to Allow Driver’s Licenses for Illegal Aliens in Virginia #URL# via #USER# ></document>
		<document> #USER# Only one is Donald Trump ></document>
		<document> RT #USER#: " The Chief Justice has the power to dismiss the impeachment case." - #USER# #URL# ></document>
		<document> RT #USER#: Come on in, guys! #URL# ></document>
		<document> RT #USER#: Andrew Cuomo and Albany Democrats really need to repeal their new bail reform law. This is nuts! #URL# ></document>
		<document> RT #USER#: They’re wrong again #URL# ></document>
		<document> #USER# AOC likes to do busijess on her back ></document>
		<document> #USER# Ban ALL Muslims ></document>
		<document> RT #USER#: Pres. Trump defended his order to kill Iranian Gen. Qassem Soleimani at his first campaign rally of 2020. ></document>
		<document> #USER# All Jews Must Vote Republican It Is The Only Way To End AntiSemitism In America !! ></document>
		<document> RT #USER#: Just a mom, dad, &amp; their son supporting #USER# on the slopes in Pennsylvania. #HASHTAG# ></document>
		<document> #USER# Pelosi thinks she is a Vulcan with the Spock hand signals !! Very crazy beeeaaatch !!! ></document>
		<document> RT #USER#: Pelosi: Obama 'Did Not Need Authorization' to Use Force in Libya #URL# ></document>
		<document> #USER# Omar must be removed ></document>
		<document> RT #USER#: Ilhan Omar Opposes Sanctions on Iran but Wants to Sanction Israel #URL# ></document>
		<document> RT #USER#: FLASHBACK: In 2011, Pelosi Says Obama “Did Not Need Authorization” To Us... #URL# via #USER# ></document>
		<document> RT #USER#: TRENDING: Everyone wants these two to get what's coming ==&gt; Are you on that train? #URL# ></document>
		<document> #USER# I bet Pelosi sucks a lot more than her upper lip ></document>
		<document> RT #USER#: Cheney Says Pelosi Is ‘Unfit For Office’... RT IF YOU AGREE... #URL# ></document>
		<document> RT #USER#: I KNOW, I KNOW... THEY'RE MORONS... THE SAD PART IS... THEY CAN VOTE.... #HASHTAG# #HASHTAG# 🙌🇺🇸 #URL# ></document>
		<document> RT #USER#: President #USER# is going to win Ohio in 2020 &amp; it’s not even going to be close! #HASHTAG# ></document>
		<document> #USER# She is a radical Muslim Islamist ></document>
		<document> #USER# #USER# #USER# Pencil Neck Phony ></document>
		<document> #USER# Yes yes yes yes ></document>
		<document> #USER# Muslims Hispanics and AntiSemites Are Taking Control Of America Woth The Help Of The Democrats ></document>
		<document> #USER# #USER# #USER# These mayors must be primaried ></document>
		<document> #USER# #USER# #USER# Matt made a big mistake ></document>
		<document> #USER# Pelosi sucks more than her upper lip !! ></document>
		<document> RT #USER#: Trump takes victory lap as court rules border wall building can proceed - #URL# via #USER# ></document>
		<document> #USER# #USER# Matt = Do Not Cross President Trump Again !! ></document>
		<document> #USER# Democrats must be stopped ></document>
		<document> RT #USER#: .#USER# hates this picture and she hates when people Retweet it Let’s piss her off. RT #URL# ></document>
		<document> RT #USER#: This is beyond ridiculous and i hope the media decides to do their job for once and call it out for the lie that it is. ></document>
		<document> RT #USER#: There’s no denying it. Our economy under #USER# is on fire! #URL# ></document>
		<document> #USER# Nancy Pelosi Must Be Removed ></document>
		<document> RT #USER#: The Iranians attack our embassy and Tehran Nancy seeks to limit the president’s ability to defend Americans. ></document>
		<document> #USER# Democrats Are Liars This Is True !!! ></document>
		<document> #USER# Ilhan Omar is and embarrassment to humanity ></document>
		<document> RT #USER#: When you're Nancy Pelosi and you lose the support of Dianne Feinstein on impeachment...it’s not a good look. ></document>
		<document> #USER# Stop the Immigration of Loosers ></document>
		<document> RT #USER#: Judicial Watch Finds 2.5 Million ‘Extra’ Registrants on Voting Rolls – 5 States Could Face Federal Lawsuit. ></document>
		<document> #USER# Omar preaches death to America and Israel ></document>
		<document> #USER# This Smug face Omar Islamist Must Go ></document>
		<document> RT #USER#: Ilhan Omar Voted "Anti-Semite of the Year".. RAISE YOUR HAND IF YOU AGREE....🙋🏻‍♂️ #URL# ></document>
		<document> RT #USER#: Why do people watch this show? #URL# ></document>
		<document> #USER# Omar is A Radical Islamist ></document>
		<document> RT #USER#: Can’t wait to look back and tell my grandchildren about how I survived the 1/2 day war with Iran. ></document>
		<document> RT #USER#: Illegal aliens rescued after getting stuck on Trump’s wall #URL# via #USER# ></document>
		<document> #USER# Omar Is A Radical Islamist ></document>
		<document> RT #USER#: Ilhan Omar laughs and jokes around as her colleague discusses U.S. casualties in Iraq #URL# ></document>
		<document> RT #USER#: Boom ..,Here’s all you need to know about Shifty Schiff ..gets confronted while buying coffee—-Treason Adam ??? ></document>
		<document> RT #USER#: Iran will suffer ‘crushing blow’ if it attacks Israel, Netanyahu warns #URL# ></document>
		<document> RT #USER#: CNN broadcasts Iranian video although it admits it can’t verify it #URL# ></document>
		<document> #USER# Sick beat Chicago ></document>
		<document> RT #USER#: CNN loses again... CNN Caves, Agrees To Settle Lawsuit with Nick Sandmann.. #URL# ></document>
		<document> #USER# #USER# #USER# Disgusting Now these Radical AntiSemites Are In Congress ></document>
		<document> #USER# No American Tourist Is Safe In Spain ></document>
		<document> RT #USER#: This is a MASSIVE miscalculation by the Iranian regime. We will bring HOLY HELL, if need be... #HASHTAG# | ></document>
		<document> RT #USER#: CNN blew it, again #URL# ></document>
		<document> RT #USER#: This is what I like to hear ></document>
		<document> RT #USER#: Speaker Pelosi is an embarrassment and unfit for office. ></document>
		<document> RT #USER#: imagine an economy so great that adults have the time to do this. ></document>
		<document> RT #USER#: Has Nike made Soleimani shoes yet? ></document>
		<document> RT #USER#: We are under military attack by another nation and Nancy Pelosi attacks #USER#. ></document>
		<document> #USER# #USER# It must be done Before it goes under Muslim control ></document>
		<document> #USER# Carnival Cruises Must Drop George Lopez For Disgusting Call To Kill The President ></document>
		<document> #USER# Carnival Cruises Must Drop George Lopez For Disgusting Call To Kill The President ></document>
		<document> #USER# Carnival Cruises Must Drop George Lopez For Disgusting Call To Kill The President ></document>
		<document> #USER# Carnival Cruises Must Drop George Lopez For Disgusting Call To Kill The President ></document>
		<document> #USER# Carnival Cruises Must Drop George Lopez For Disgusting Call To Kill The President ></document>
		<document> #USER# Carnival Cruises Must Drop George Lopez For Disgusting Call To Kill The President ></document>
		<document> #USER# Carnival Cruises Must Drop George Lopez For Disgusting Call To Kill The President ></document>
		<document> #USER# Carnival Cruises Must Drop George Lopez For Disgusting Call To Kill The President ></document>
		<document> #USER# Carnival Cruises Must Drop George Lopez For Disgusting Call To Kill The President ></document>
		<document> #USER# Carnival Cruises Must Drop George Lopez For Disgusting Call To Kill The President ></document>
		<document> #USER# Carnival Cruises Must Drop George Lopez For Disgusting Call To Kill The President ></document>
		<document> #USER# Carnival Cruises Must Drop George Lopez For Disgusting Call To Kill The President ></document>
		<document> #USER# Carnival Cruises Must Drop George Lopez For Disgusting Call To Kill The President ></document>
		<document> #USER# Carnival Cruises Must Drop George Lopez For Disgusting Call To Kill The President ></document>
		<document> #USER# #USER# Carnival Cruises Must Drop George Lopez ></document>
		<document> RT #USER#: BREAKING: Ukrainian passenger plane carrying 180 people crashes in Iran ></document>
		<document> RT #USER#: They started it...Donald Trump is going to end it! #HASHTAG# | #URL# #URL# ></document>
		<document> RT #USER#: Pray for our soldiers overseas, and their families at home 🇺🇸 ></document>
		<document> RT #USER#: Our enemies are rooting for the Democrat Party #URL# ></document>
		<document> RT #USER#: #USER# Stay strong sir! We’re with you! 🇺🇸🇺🇸🇺🇸🇺🇸🇺🇸🇺🇸🇺🇸🇺🇸🇺🇸🇺🇸🇺🇸🇺🇸 ></document>
		<document> #USER# Nuke them to hell ></document>
		<document> #USER# This must stop ></document>
		<document> RT #USER#: We won’t let #USER# run the Senate. #URL# ></document>
		<document> RT #USER#: McConnell on trial rules: “What’s good for President Clinton is good for President Trump” #URL# ></document>
		<document> RT #USER#: Obama sent Iran billions, Trump sent them JUSTICE. Who’s all on Trump’s side? 🙋🏽‍♂️ ></document>
		<document> RT #USER#: They don't do this if they think they can win at trial. They know they messed up. #HASHTAG# #URL# ></document>
		<document> RT #USER#: Poll: Do you support Trump on Iran issue? Vote and retweet for a big sample ></document>
		<document> RT #USER#: Joe Biden is a walking, talking foreign policy disaster. #URL# ></document>
		<document> RT #USER#: The Trump Doctrine This isn't difficult to understand: Trump wants to keep America safe Do you agree? Get LevinTV: ></document>
		<document> #USER# #USER# Democrats Are Intolerant Racist Scum ></document>
		<document> RT #USER#: “Democrats are going in the wrong direction…I feel more comfortable as a Republican.” -#USER# #URL# ></document>
		<document> #USER# Go back to Mexico ></document>
		<document> RT #USER#: Raise your hand if you think this man should be arrested by the Secret Service. #URL# ></document>
		<document> RT #USER#: “The only ones mourning the loss of Soleimani are our Democrat leadership and Democrat Presidential candidates.” ></document>
		<document> RT #USER#: HAPPENING NOW: Harvey Weinstein accusers speak ahead of trial in New York City. #URL# ></document>
		<document> #USER# #USER# Antifa Obliterates Free Speech In America Democrats Are Hipocrits ></document>
		<document> RT #USER#: An Iranian woman sends a message to the radical left in America &gt;&gt; #HASHTAG# #URL# ></document>
		<document> RT #USER#: And what a mess it was. #URL# ></document>
		<document> #USER# #USER# #USER# Send Them All Back To Mexico ></document>
		<document> RT #USER#: Asylum seekers in Arizona sent across border back to Mexico #URL# via #USER# #USER# ></document>
		<document> #USER# Schumer you’ve made a mess in your shorts ></document>
		<document> #USER# #USER# #USER# With A Long Shaft Behind It ></document>
		<document> #USER# #USER# Vote Republican To Save Christianity and Judaism ></document>
		<document> #USER# #USER# Muslims Hispanics and AntiSemites Are Overrunning America With Help Of The Democrats VOTE REPUBLICAN !!! ></document>
		<document> #USER# Muslims Hispanics and AntiSemites Are Overrunning America With Help Of The Democrats VOTE REPUBLICAN !!! ></document>
	
</author><document> RT #USER#: Dismiss again! And get all GOP senators to vote! I've been saying this for weeks! #URL# ></ document>
<document> RT #USER#: The only thing that's gotten worse since Trump became President is the Democrats. Am I right? ></ document>
<document> RT #USER#: Exclusive: Iranian National Arrested with Machete Near Mar-a-Lago, Knives Arrived in USA as Refugee ></document>
<document> #USER# Democrats bring Muslims and Anti-Semites to the Republican Congressional Vote. !! ></ document>
<document> RT #USER#: Immigration must fall for wages to rise. #URL# ></ document>
<document> #USER# Democrats bring Muslims and Anti-Semites to the Republican Congressional Vote. !! ></ document>
<document> #USER# These should all be beat in 2020 ></document>
<document> RT #USER#: How classy to have Tehran Pelosi handing out impeachment items as a souvenir. ></ document>
<document> #USER# #USER# Democrats bring Muslims and Anti-Semites to Congressional Vote Republican. !! ></ document>
<document> #USER# Democrats bring Muslims and Anti-Semites to the Republican Congressional Vote. !! ></ document>
<document> #USER# Democrats bring Muslims and Anti-Semites to the Republican Congressional Vote. !! ></ document>
<document> RT #USER#: This is so painful. #URL# ></ document>
<document> RT #USER#: Judge Rules Trump Administration Is "Within Its Authority" To Separate Families At The Mexican Border ></document>
<document> RT #USER#: The radical left is dismissing #USER# because they have no real agenda for the American people. ></ document>
<document> RT #USER#: "You truly represent endurance and strength on a level we will never know." -#USER# #URL# ></ document>
<document> RT #USER#: Guys, Trump tore this woman into a million crazy political pieces 🤣 #URL# ></document>
<document> RT #USER#: #USER# Thank you, President Trump. I'm voting for you because I want 2 more Supreme Court Justices. ></ document>
<document> RT #USER#: God bless #USER# for talking to the swamp like that. ></ document>
<document> RT #USER#: That's how we win, folks. Thousands of people come and say "NO!" you teach. God bless these patriots! ></ document>
<document> RT #USER#: "If I was a democrat, I would already have a TIME Magazine &amp; hair care ad." 😂 ></ document>
<document> RT #USER#: Representative Liz Cheney: "Pelosi Is A Shame & Not Suitable For Office' #URL# ></document>
<document> RT #USER#: CNN's former favorite guest arrested #URL# ></document>
<document> RT #USER#: Steyer: If the Democrats take control, they will destroy the economy in 15 minutes. TRUE. #HAHTAG# ></ document>
<document> #USER# Democrats Support Radical Muslims ></document>
<document> RT #USER#: FOLLOW: #URL# ></document>
<document> #USER# Bernie = Patient ></document>
<document> #USER# #USER# WE ALL LOVE PRESIDENT TRUMP ></document>
<document> #USER# FAKE NEWS FINANCING THE DEMOCRATS ></document>
<document> RT #USER#: 'A'Absolutely True': Obama's National Security Advisor Praises Trump for Killing Soleimani #URL# ></document>
<document> RT #USER#: With another caravan of migrants on the move, now is not the time to abandon border control. ></ document>
<document> #USER# Muslims and Hispanics are taking over America, encouraged by Democrats ></document>
<document> #USER# Muslims and Hispanics are taking over America, encouraged by Democrats ></document>
<document> #USER# #USER# Muslims and Hispanics are taking over America, encouraged by Democrats ></document>
<document> #USER# Muslims and Hispanics are taking over America, encouraged by Democrats ></document>
<document> #USER# Muslims and Hispanics are taking over America, encouraged by Democrats ></document>
<document> RT #USER#: Look who can get it, our old friend Shep! #URL# ></ document>
<document> #USER# Good. O and well ridden ></document>
<document> #USER# Muslims and Hispanics are taking over America, encouraged by Democrats ></document>
<document> RT #USER#: New York bunker policy forced to release shocking murder #URL# suspect via #USER# ></document>
<document> RT #USER#: Democrats must accept the results of the 2016 election. Retweet if you agree. ></ document>
<document> #USER# Romney = Moron ></document>
<document> #USER# Democrats Promote the Islamization of America ></document>
<document> RT #USER#: .#USER#: We won't have a country if we don't have "Admin Order time"! #URL# ></ document>
<document> RT #USER#: "Walls Work": DHS Celebrates New 100 Mile Boundary Wall #URL# via #USER# #USER# ></document>
<document> #USER# Democrats Promote the Islamization of America ></document>
<document> RT #USER#: What a group - Vince Vaughn, First Lady Melania Trump, President Trump and Representative Scalise! #URL# ></ document>
<document> Live stream from RT #USER#: #HASHTAG# #URL# ></document>
<document> Live stream via RT #USER#: #HASHTAG# #USER# and #USER# #URL# ></document>
<document> RT #USER#: Oh my god. They lied to all of us. This looks like Election Intervention...... It's "SICK" #URL# ></document>
<document> RT #USER#: Donald Trump is announced as cheers erupt at the CFP National Championship Game #URL# ></document> Superdome
<document> RT #USER#: MSNBC, home becomes home sweet home for Shep. #URL# ></ document>
<document> RT #USER#: Do it Mr. President #USER# . So proud!!!! #HASHTAG# #URL# ></document>
<document> RT #USER#: MUCH louder than any applause Obama has ever received! #URL# ></ document>
<document> RT #USER#: RT, if you agree—the United States will NEVER be a socialist country! #URL# ></ document>
<document> #USER# Democrats bring Muslims and Anti-Semites to the Republican Congressional Vote. !! ></ document>
<document> #USER# Not enough plastic surgery ></document>
<document> #USER# Bernie Sanders Like The Jews Who Worked For Hitler ></docpromise >
<document> #USER# Muslims and Hispanics are taking over the USA with the help of Democrats. Vote for Republicans!!! ></ document>
<document> #USER# Muslims and Hispanics are taking over the USA with the help of Democrats. Vote for Republicans!!! ></ document>
<document> #USER# Muslims and Hispanics are taking over the USA with the help of Democrats. Vote for Republicans!!! ></ document>
<document> #USER# Muslims and Hispanics are taking over the USA with the help of Democrats. Vote for Republicans!!! ></ document>
<document> #USER# Muslims and Hispanics are taking over the USA with the help of Democrats. Vote for Republicans!!! ></ document>
<document> RT #USER#: .#USER#: We won't have a country if we don't have "Admin Order time"! #URL# ></ document>
<document> #USER# Muslims and Hispanics are taking over the USA with the help of Democrats. Vote for Republicans!!! ></ document>
<document> #USER# Muslims and Hispanics are taking over the USA with the help of Democrats. Vote for Republicans!!! ></ document>
<document> RT #USER#: I'll be honest... I have no idea what Nancy Pelosi is talking about - never. I am not kidding. You? ></ document>
<document> RT #USER#: CBO: "Negative Impact on Wages" of Migration #USER# #USER# ></document> via #URL#
<document> #USER# Hope Megyns a-s worth it ></document>
<document> #USER# #USER# Muslims and Hispanics are taking over the USA with the help of Democrats. Vote for Republicans!!! ></ document>
<document> #USER# Muslims and Hispanics are taking over the USA with the help of Democrats. Vote for Republicans!!! ></ document>
<document> #USER# Muslims and Hispanics are taking over the USA with the help of Democrats. Vote for Republicans!!! ></ document>
<document> #USER# Pelosi = Representative of Russia ></document>
<document> RT #USER#: Pelosi denies protests against the regime in Iran saying "different reasons why people are on the street" ></document>
<document> RT #USER#: Maggie Haberman, another morally challenged New York Times employee #URL# ></document>
<document> #USER# Pelosi works for Russia and tries to destabilize the country ></document>
<document> RT #USER#: AWESOME! Iranian protesters in Tehran Israel &amp; USA flags. We are not their enemies. ❤️ #HASHTAG# ></document>
<document> RT #USER#: Brave and beautiful students of Beheshti University stepping on American and Israeli flags BOO ></document>
<document> RT #USER#: Iran is grappling with the Democrats' talking points. ></ document>
<document> RT #USER#: Iran fires tear gas at student protesters in Tehran ></document>
<document> RT #USER#: Even Iranian people know they have a criminal they need to get rid of #URL# ></document>
<document> RT #USER#: FAST! Name ANY Democrat who supports Iranian protesters today! ANYTHING... I'll wait. ></ document>
<document> RT #USER#: Read: UT Austin Professor Under Fire for Advocating Sex With Underage Men SMH #URL# ></document>
<document> RT #USER#: Twitter moreIt is used to censor this tweet and delete retweets. Once again, Twitter blankets for the jihadists. ></ document>
<document> RT #USER#: New York Democrats Move to Register Illegal Aliens, Non-Citizens to Vote #URL# Via #USER# ></document>
<document> #USER# This is disgusting ></document>
<document> RT #USER#: Twitter allows it but suppresses conservative tweets. ></ document>
<document> #USER# #USER# Erase That Islamic Smile on Omar's Face ></document>
<document> RT #USER#: It's all Trump's fault. ></ document>
<document> #USER# Omar hates America Iran's agent ></document>
<document> #USER# #USER# This is real ></document>
<document> Press RT #USER#: #USER# ></document> to Allow Driver's Licenses of Illegal Aliens in Virginia #URL#
<document> #USER# Only one Donald Trump ></document>
<document> RT #USER#: "The Attorney General has the power to reject impeachment." - #USER# #URL# ></ document>
<document> RT #USER#: Come in guys! #URL# ></ document>
<document> RT #USER#: Andrew Cuomo and the Albany Democrats really need to repeal the new bail reform law. This is madness! #URL# ></ document>
<document> RT #USER#: They're wrong again #URL# ></document>
<document> #USER# AOC likes to do things on its back ></document>
<document> #USER# Ban ALL Muslims ></document>
<document> RT #USER#: Pres. Trump defended the order to kill Iranian General Qassem Soleimani at the first rally of 2020.</document>
<document> #USER# All Jews Must Vote Republican This Is The Only Way To End Anti-Semitism In America!! ></ document>
<document> RT #USER#: Only a mother, father and &amp; his sons support #USER# on the slopes in Pennsylvania. #HAHTAG# ></ document>
<document> #USER# Pelosi thinks she's a Vulcan with Spock hand signals!! So crazy beeeaaa!!! ></ document>
<document> RT #USER#: Pelosi: Obama "Didn't Need Authorization" to Use Force in Libya #URL# ></document>
<document> #USER# Omar should be removed ></document>
<document> RT #USER#: Ilhan Omar Opposes Sanctions on Iran But Wants Sanctions on Israel #URL# ></document>
<document> RT #USER#: BACK: In 2011, Pelosi Told Us Obama "Doesn't Need Authorization"... via #USER# #URL# ></document>
<document> RT #USER#: TRENDS: Everyone wants these two to get the next one ==&gt; Are you on that trend? #URL# ></ document>
<document> #USER# I bet Pelosi sucked way more than her upper lip ></document>
<document> RT #USER#: Cheney Says Pelosi Is "Unsuitable for Office"... RT IF YOU DO NOT AGREE... #URL# ></document>
<document> RT #USER#: I KNOW, I KNOW... MORONS... THE SAD PART... THEY CAN VOTE... #HASHTAG# #HASHTAG# 🙌🇺🇸 #URL# > </document>
<document> RT #USER#: President #USER# will win Ohio in 2020 &amp; It won't even be close! #HAHTAG# ></ document>
<document> #USER# A radical Muslim Islamist ></document>
<document> #USER# #USER# #USER# Pen Neck Fake ></document>
<document> #USER# Yes yes yes yes ></document>
<document> #USER# Muslims Take Control of America with Hispanics and Anti-Semitic Help from Democrats ></document>
<document> #USER# #USER# #USER# These mayors should be pre-selected ></document>
<document> #USER# #USER# #USER# Matt made a big mistake ></document>
<document> #USER# Pelosi sucks more than her upper lip!! ></ document>
<document> RT #USER#: Trump takes victory lap as court rules border wall construction can continue - #URL# ></document> via #USER#
<document> #USER# #USER# Matt = Never Against President Trump!! ></ document>
<document> #USER# Democrats must be stopped ></document>
<document> RT #USER#: .#USER# hates this picture and hates when people Retweet it Let's piss it off. RT #URL# ></ document>
<document> RT #USER#: This is beyond bullshit and I hope the media decides to do their job for once and say it's a lie. ></ document>
<document> RT #USER#: There's no denying that. Our economy under #USER# is on fire! #URL# ></ document>
<document> #USER# Nancy Pelosi Must Be Removed ></document>
<document> RT #USER#: The Iranians attacked our embassy and Tehran Nancy is trying to limit the president's ability to defend the Americans. ></ document>
<document> #USER# Democrats Are Liars It's True!!! ></ document>
<document> #USER# Ilhan Omar and it is a disgrace to humanity ></document>
<document> RT #USER#: When you're Nancy Pelosi and you lose Dianne Feinstein's support for impeachment... that's not a good image. ></ document>
<document> #USER# Stop Loser Migration ></document>
<document> RT #USER#: Forensic Tracking Finds 2.5 Million 'Extra' Records on Voting Rolls - 5 States Might Face Federal Litigation. ></ document>
<document> #USER# Omar preaches death to America and Israel ></document>
<document> #USER# This smug face Omar Islamist Must Go</document>
<document> RT #USER#: İlhan Omar Selected "Anti-Semite of the Year".. RAIS YOUR HAND IF YOU DO NOT AGREE....🙋🏻‍♂️ #URL# ></document>
<document> RT #USER#: Why are people watching this show? #URL# ></ document>
<document> #USER# Omar is a Radical Islamist ></document>
<document> RT #USER#: I can't wait to go back and tell my grandchildren how I survived a 1/2 day war with Iran. ></ document>
Via <document> RT #USER#: #USER# ></document> illegal aliens stuck on Trump's wall #URL# are rescued
<document> #USER# Omar is a Radical Islamist ></document>
<document> RT #USER#: Ilhan Omar laughs and jokes while colleague discusses US losses in Iraq #URL# ></document>
<document> RT #USER#: Boom ..,Here's everything you need to know about Shifty Schiff ..counting for coffee—-Treason Man ??? ></ document>
<document> RT #USER#: Netanyahu warned #URL# ></document>
<document> RT #USER#: CNN publishes Iranian video despite admitting it cannot verify #URL# ></document>
<document> #USER# Sick beat Chicago ></document>
<document> RT #USER#: CNN loses again... CNN Caves Agrees to Settlement Case With Nick Sandmann.. #URL# ></document>
<document> #USER# #USER# #USER# These Radical Anti-Semitists Are Now In Congress Disgusting ></document>
<document> #USER# No American Tourist Is Safe In Spain ></document>
<document> RT #USER#: This is a BIG miscalculation by the Iranian regime. We'll bring HOLY HELL if needed... #HASHTAG# | ></ document>
<document> RT #USER#: CNN is bankrupt again #URL# ></document>
<document> RT #USER#: I like to hear this ></document>
<document> RT #USER#: Speaker Pelosi is an embarrassment and unfit for the job. ></ document>
<document> RT #USER#: imagine an economy big enough for adults to have time to do this. ></ document>
<document> RT #USER#: Did Nike Soleimani make the shoes? ></ document>
<document> RT #USER#: We are under military attack from another country and Nancy Pelosi is attacking #USER#. ></ document>
<document> #USER# #USER# Must be done before Muslim control ></document>
<document> #USER# Carnival Cruises Must Release George Lopez for Disgusting President Kill Call ></document>
<document> #USER# Carnival Cruises Must Release George Lopez for Disgusting President Kill Call ></document>
<document> #USER# Carnival Cruises Must Release George Lopez for Disgusting President Kill Call ></document>
<document> #USER# Carnival Cruises Must Release George Lopez for Disgusting President Kill Call ></document>
<document> #USER# Carnival Cruises Must Release George Lopez for Disgusting President Kill Call ></document>
<document> #USER# Carnival Cruises Must Release George Lopez for Disgusting President Kill Call ></document>
<document> #USER# Carnival Cruises Must Release George Lopez for Disgusting President Kill Call ></document>
<document> #USER# Carnival Cruises Must Release George Lopez for Disgusting President Kill Call ></document>
<document> #USER# Carnival Cruises Must Release George Lopez for Disgusting President Kill Call ></document>
<document> #USER# Carnival Cruises Must Release George Lopez for Disgusting President Kill Call ></document>
<document> #USER# Carnival Cruises Must Release George Lopez for Disgusting President Kill Call ></document>
<document> #USER# Carnival Cruises Must Release George Lopez for Disgusting President Kill Call ></document>
<document> #USER# Carnival Cruises Must Release George Lopez for Disgusting President Kill Call ></document>
<document> #USER# Carnival Cruises Must Release George Lopez for Disgusting President Kill Call ></document>
<document> #USER# #USER# Carnival Cruises Should Release George Lopez ></document>
<document> RT #USER#: LAST MINUTE: Ukrainian passenger plane carrying 180 people crashed in Iran ></ document>
<document> RT #USER#: They started...Donald Trump will finish it! #HASHTAG# | #URL# #URL# ></ document>
<document> RT #USER#: Pray for our overseas soldiers andheir families at home 🇺🇸 ></document>
<document> RT #USER#: Our enemies support the Democratic Party #URL# ></document>
<document> RT #USER#: #USER# Stay strong sir! We are with you! 🇺🇸🇺🇸🇺🇸🇺🇸🇺🇸🇺🇸🇺🇸🇺🇸🇺🇸🇺🇸🇺🇸🇺🇸🇺🇸 ></document>
<document> #USER# Make them hell ></document>
<document> #USER# This should stop ></document>
<document> RT #USER#: We will not let #USER# run the Senate. #URL# ></ document>
<document> RT #USER#: McConnell on trial rules: "What's good for President Clinton is good for President Trump" #URL# ></document>
<document> RT #USER#: Obama sent billions to Iran, Trump sent them JUSTICE. Who is on Trump's side? 🙋🏽‍♂️ ></ document>
<document> RT #USER#: If they think they can win in the try, they won't. They know they're mixing it up. #HASHTAG# #URL# ></document>
<document> RT #USER#: Poll: Do you support Trump on Iran? Upvote and retweet for a great example ></document>
<document> RT #USER#: Joe Biden is a walking, talking foreign policy disaster. #URL# ></ document>
<document> RT #USER#: The Trump Doctrine It's not hard to understand: Trump wants to keep America safe, do you agree? Get LevinTV: ></ document>
<document> #USER# #USER# Democrats Are Intolerant Racist Scumbags ></document>
<document> RT #USER#: "Democrats are going in the wrong direction... I feel more comfortable as a Republican." -#USER# #URL# ></ document>
<document> #USER# back to Mexico ></document>
<document> RT #USER#: Raise your hand if you think this man should be arrested by the Secret Service. #URL# ></ document>
<document> RT #USER#: "The only ones mourning the loss of Soleimani are our Democratic leadership and the Democratic presidential candidates." ></ document>
<document> RT #USER#: IT HAPPENS NOW: Harvey Weinstein accusers speak ahead of trial in New York City. #URL# ></ document>
<document> #USER# #USER# Antifa Destroys Freedom of Expression in America Democrats Are Hypocrites ></document>
<document> RT #USER#: An Iranian woman sends a message to the radical left in America &gt;&gt; #HASHTAG# #URL# ></document>
<document> RT #USER#: And what a mess it was. #URL# ></ document>
<document> #USER# #USER# #USER# Send All Back to Mexico ></document>
<document> RT #USER#: Asylum seekers in Arizona were sent across the border to Mexico #URL# via #USER# #USER# ></document>.
<document> #USER# You messed up your Schumer shorts ></document>
<document> #USER# #USER# #USER# Has A Long Shaft Behind ></document>
<document> #USER# #USER# Vote Republicans to Save Christianity and Judaism ></document>
<document> #USER# #USER# Muslims Hispanics and Anti-Semites Are Carrying America With The Help of Democrats VOTE THE REPUBLIC !!! ></ document>
<document> #USER# Muslims Hispanics and Anti-Semites Move America with Democrats Help THE REPUBLIC VOTE !!! ></ document>

</author>