
	
		<document> RT #USER#: Attack on the titans if Bollywood had repurchased Mappa #URL# ></document>
		<document> RT #USER#: Giorno meets the gang #URL# ></document>
		<document> RT #USER#: Long Live Pop Smoke 💫 #URL# ></document>
		<document> RT #USER#: BREAKING: #USER# signs new #USER# contract #HASHTAG# #URL# ></document>
		<document> RT #USER#: One more for extra credit? #URL# ></document>
		<document> RT #USER#: “Lockdown won’t be that long” The Lockdown: #URL# ></document>
		<document> RT #USER#: How it's started How it's ended #URL# ></document>
		<document> RT #USER#: Hello I am brand new to Twitter, what are you guys up to ></document>
		<document> RT #USER#: when my game keeps on hopping from 80 to 500ms #URL# ></document>
		<document> #USER# sur extreme download ></document>
		<document> RT #USER#: An update from Romain himself. Pleased to see you’re in good spirits! We hope you make a speedy recovery 🙏 ></document>
		<document> RT #USER#: Guardians of the sea and sky 🌤️ #URL# ></document>
		<document> RT #USER#: MM/DD/YYYY. That’s so chaotic. What is that? ></document>
		<document> RT #USER#: The emotions spill out, as #USER# conquers the world for the seventh time ❤️👑 #HASHTAG# 🇹🇷 #HASHTAG# #URL# ></document>
		<document> RT #USER#: Lol somebody put this up on the PS5 subreddit... and this is accurate. #URL# ></document>
		<document> RT #USER#: Kanye didn't win because America hasn't gathered enough XP to unlock him yet ></document>
		<document> RT #USER#: American Nightmare : Final season. ></document>
		<document> RT #USER#: 🎁GIVEAWAY🎁 ⚠️GAGNE TON IPHONE 12⚠️ ➡️ RT + FOLLOW #USER# ➡️ TAG UN POTE TAS le 31/10/20 #URL# ></document>
		<document> RT #USER#: Respect to Mercedes Benz🙏 #URL# ></document>
		<document> RT #USER#: flow incroyable / unbelievable flow / inanılmaz flov ></document>
		<document> RT #USER#: Records are there to be broken. Well done, Lewis! #USER# #HASHTAG# #HASHTAG# 🇩🇪 #URL# ></document>
		<document> RT #USER#: A very special gift to celebrate a landmark victory 🎁 #HASHTAG# 🇩🇪 #HASHTAG# #URL# ></document>
		<document> RT #USER#: ANTHONY DAVIS AT THE BUZZER!!!!!!!!!! 🔥 #URL# ></document>
		<document> RT #USER#: Ca va streamer fort freeze, on va militer mgl ></document>
		<document> RT #USER#: #USER# #USER# Congrats you legend. 👏 ></document>
		<document> RT #USER#: Monza, home race for us.🇮🇹 Lets have a good one!!!🎯#USER# #URL# ></document>
		<document> RT #USER#: NEWS: Williams Racing opens new chapter as family step aside. #HASHTAG# 💙 ></document>
		<document> RT #USER#: black hair. bob. #URL# ></document>
		<document> RT #USER#: This is what leadership looks like. #URL# ></document>
		<document> RT #USER#: Cut it #URL# ></document>
		<document> RT #USER#: We miss you, mate. 💙 #URL# ></document>
		<document> RT #USER#: Team BDS is the first ever french speaking team to win a #HASHTAG#!!! #HASHTAG# #URL# ></document>
		<document> RT #USER#: she went from “hiiiiiii🥺” to “hey”...I’ve lost her ></document>
		<document> RT #USER#: how NBAyoungboy fans clean tables #URL# ></document>
		<document> RT #USER#: Get ready, the legacy continues. #HASHTAG# #HASHTAG# #URL# ></document>
		<document> RT #USER#: white people when the retail worker tells them they have to wear a mask ></document>
		<document> RT #USER#: Doing this without any reason. #URL# ></document>
		<document> RT #USER#: Forever remembered ❤️ #URL# ></document>
		<document> i put you in an Uuuuuubeeeer ></document>
		<document> RT #USER#: FU*KKKK YEAHHHHH!! 🍾 P3 and my first every Podium!! 🍾 😁😁😁😁😁😁😁😁😁 #URL# ></document>
		<document> RT #USER#: if not me then who? #URL# ></document>
		<document> RT #USER#: #USER# 😂😂 tacos 4 life ></document>
		<document> RT #USER#: Old people's phone starter pack. #URL# ></document>
		<document> your name enfin dispo sur Netflix 🥰 ></document>
		<document> RT #USER#: “Go talk to your hoes” Me: #URL# ></document>
		<document> RT #USER#: The user : Bruno bucciarati The stand : #URL# ></document>
		<document> RT #USER#: he think I’m cute he wanna have #URL# ></document>
		<document> RT #USER#: She only subscribed one month though... 😒 ></document>
		<document> RT #USER#: Chief keef wrote Love Sosa at the age of 16 ></document>
		<document> RT #USER#: Lmfao this hit close to home #URL# ></document>
		<document> RT #USER#: Star Platinum ⭐️ #URL# ></document>
		<document> RT #USER#: I can’t believe I have to say this, but please don’t drink bleach. ></document>
		<document> RT #USER#: “Here’s your ord-“ #URL# ></document>
		<document> RT #USER#: Here’s your or- #URL# ></document>
		<document> RT #USER#: I haven’t had sex in 14 days ></document>
		<document> RT #USER#: “It’s just anime, why are you getting so emotional?” The anime: #URL# ></document>
		<document> RT #USER#: Day 8 of quarantine #URL# ></document>
		<document> RT #USER#: Bad wo 😷💔 #URL# ></document>
		<document> RT #USER#: Hey guys we have a gift for you. ></document>
		<document> #USER# demande a seven six ></document>
		<document> RT #USER#: BRUH #URL# ></document>
		<document> RT #USER#: Lol She studied for 13,000 hours only to fail the test and need to study and retake it again #URL# ></document>
		<document> RT #USER#: Lean On 😉 #URL# ></document>
		<document> RT #USER#: you like what you see? #URL# ></document>
		<document> cc #USER# #USER# (fuck #USER#) #URL# ></document>
		<document> #USER# #USER# #USER# #USER# on tente hein 🤷🏽‍♂️ #HASHTAG# ></document>
		<document> RT #USER#: My favorite part of Kobe’s last game #HASHTAG# #URL# ></document>
		<document> RT #USER#: Nooooooooooo God please No! ></document>
		<document> RT #USER#: Someone said Trippie Redd looks like Greta Thunberg cosplaying Lil Wayne and now I can’t unsee it ></document>
		<document> RT #USER#: French people trying to pronounce "through" #URL# ></document>
		<document> RT #USER#: Farewell, shieldmaiden ⚔️ #URL# ></document>
		<document> RT #USER#: Yes, Salma Hayek is 53 years old. #HASHTAG# #URL# ></document>
		<document> RT #USER#: Sees boobs Sees boobs 1st time 5,789th time #URL# ></document>
		<document> RT #USER#: Yall ain’t for jorja and them wigs all 2020 CapelliAmore full lace blonde wig 😍❤️ #URL# ></document>
		<document> 24 comme Kobe #URL# ></document>
		<document> RT #USER#: Goodbye, friend. That's lame. We're talking to an imaginary person. Just like we always have. #HASHTAG# ></document>
		<document> This is the Way. ></document>
		<document> RT #USER#: We see you, #USER#! 👋 #HASHTAG# 🇦🇪 #HASHTAG# #URL# ></document>
		<document> fuck illuminati lies say i'm lucified, baptised in the gutter motherfucka you decide ></document>
		<document> RT #USER#: Gonna tell my kid this was Fianso #URL# ></document>
		<document> RT #USER#: Telling my kids this was Stephen Hawking #URL# ></document>
		<document> A$AP on the remix, you ain't even know it ></document>
		<document> RT #USER#: Reese good 💙 ></document>
		<document> two texts no reply that's when i knew ></document>
		<document> RT #USER#: Josh Hart, this looks familiar. 😂 #HASHTAG# #URL# ></document>
		<document> RT #USER#: 12. Travis Scott falling with autotune #URL# ></document>
		<document> RT #USER#: IM SCREAMING!!!!! 😂 #URL# ></document>
		<document> where is Denzel 😅😅 #URL# ></document>
		<document> Grove Street, home. #URL# ></document>
		<document> RT #USER#: Magic system my favorites #URL# ></document>
		<document> RT #USER#: When Naruto asked Boruto what's like to have parents and do you hate your dad 😭😭😭 #URL# ></document>
		<document> RT #USER#: Yo #USER# is my verse about the devil still on Jesus ?? ></document>
		<document> RT #USER#: this is greta thunbergs arch nemesis #URL# ></document>
		<document> you sit on 24' i sip on 24' ></document>
		<document> RT #USER#: 👀well Damn boy, how you see that you got the STARZ app in there ? 😟#HASHTAG# #HASHTAG# #URL# ></document>
		<document> double rotor agressif ></document>
		<document> RT #USER#: #USER# Call of Duty ></document>
		<document> RT #USER#: so my cousin sent me this and...🥴 #URL# ></document>
		<document> no new friends ></document>
		<document> RT #USER#: Wait that’s my dad WTF.... #URL# ></document>
		<document> RT #USER#: My nigga XXXCRUSTACION #URL# ></document>
		<document> #USER# oh Tommy Egan ></document>
		<document> RT #USER#: Ghost will stop at nothing to take Tommy out. Watch the #HASHTAG# NOW on the #USER# App. #HASHTAG# #HASHTAG# ></document>
		<document> RT #USER#: Do you realize after years of surviving on his own, it only took Will Smith 24 hours to die after a woman showed up ></document>
		<document> RT #USER#: Today was indeed the day... 🏆 ></document>
		<document> RT #USER#: Today’s the day ></document>
		<document> are you reaaaadyyy, ready or not ???? here i coooome ></document>
		<document> High all the time i smoke that good shiiiiit ></document>
		<document> it's just another day in Compton ></document>
		<document> RT #USER#: LIQUIDE IS OUT COGNO 🧝🏽‍♀️ #URL# ></document>
		<document> RT #USER#: This shit is sick Lmfaoo 🤣🤣 #URL# ></document>
		<document> RT #USER#: Violets are blue, Roses are red, #URL# ></document>
		<document> you can play a role in my life but not the deal ></document>
		<document> diddy - angels ></document>
		<document> RT #USER#: Great catching up bro ⚽🔥🤟🏾 #USER# #URL# ></document>
		<document> RT #USER#: Always nice to see you Bro 🏆🏆👌🏻💪🏻 #URL# ></document>
		<document> RT #USER#: ABSOLUTELY NO ONE: SANSA: BRAN’S DICK DOESNT WORK #HASHTAG# #HASHTAG# #URL# ></document>
		<document> RT #USER#: NEW YORK CITYYYYY ></document>
		<document> RT #USER#: GTA remains the best game. No arguments... #URL# ></document>
		<document> RT #USER#: Nobody: Niggas that watch anime: #URL# ></document>
		<document> RT #USER#: Sansa dangling Bran above winterfell to lure the Night King in #URL# ></document>
		<document> RT #USER#: Sasuke on the ceiling pulling up to the Five Kage Summit #URL# ></document>
		<document> RT #USER#: YUGIOH PLAYERS PLZ WATCH THIS 😂 #URL# ></document>
		<document> RT #USER#: FP2 - final classification 🧮 The top 3⃣ drivers all did 3⃣3⃣ laps 🧐 #HASHTAG# 🇦🇺 #HASHTAG# #URL# ></document>
		<document> pray for paris ></document>
		<document> nah nah naaaaah wasn't meee ></document>
		<document> 70e jump force?!!!!! 🤣🤣🤣🤣🤣 ></document>
		<document> RT #USER#: W10, meet #USER# ❤️ The Champ is back where he belongs 👏👏👏 #HASHTAG# #URL# ></document>
		<document> avec l'ost man of the world 😭😭😭😭 #URL# ></document>
		<document> RT #USER#: SAD! by XXXTENTACION in #USER# #URL# ></document>
		<document> RT #USER#: Hamza X SCH 🔥 #URL# ></document>
		<document> RT #USER#: #HASHTAG# says he taught #HASHTAG# everything he knows 👀&gt;&gt; what do you guys think? #URL# ></document>
		<document> RT #USER#: Fin du thread ></document>
		<document> RT #USER#: Follow that train ! Get me close CJ I’m about to pop these fools ! Roll up on them CJ so I can get a shot ! ></document>
		<document> #USER# i saw a butterfly in hell today, will i die or go to jell today???? ></document>
		<document> RT #USER#: On This Date: 8 years ago today, #USER# and #USER# made one of the greatest photos in NBA history 😤 ></document>
		<document> RT #USER#: “SKINS” out now. #URL# ></document>
		<document> RT #USER#: Dam I forgot to drop my album my bad y’all ></document>
		<document> Ocon spotted 👀 ></document>
		<document> arms around you ></document>
		<document> RT #USER#: First day at the new office: #USER# leaves the #USER# garage 🔴 #HASHTAG# #URL# ></document>
		<document> RT #USER#: They battled fiercely all season on track... ⚔️ But off the circuit, there's ultimate respect between Lewis and Seb 🤝 ></document>
		<document> RT #USER#: Wins #HASHTAG# ✅ Impromptu audition for Magic Mike 3 ✅ #HASHTAG# #USER# #URL# ></document>
		<document> asap on the remix uoenooooo ></document>
		<document> RT #USER#: He's back! 😆 How's that book coming on, #USER#? 📖 #HASHTAG# 🇦🇪 #HASHTAG# #URL# ></document>
		<document> RT #USER#: When ya homie and his girl in the front seat arguing and you hear: “THATS WHY YA NIGGA IN THE BACK IN MY DMS” ></document>
		<document> RT #USER#: if men and women are equal explain this #URL# ></document>
		<document> RT #USER#: There was contact on the track, and a bit off it too 😡 #HASHTAG# 🇧🇷 #HASHTAG# #URL# ></document>
		<document> RT #USER#: Explains a lot #URL# ></document>
		<document> RT #USER#: Kimi Raikkonen: "Did you win the championship?" Lewis Hamilton: "No..." Classic Kimi! Sky Go: ></document>
		<document> RT #USER#: sorry guys this must be fake. I cannot remember #URL# ></document>
		<document> RT #USER#: Y’all wild for this one lmao #URL# ></document>
		<document> RT #USER#: Prue, Paige and Piper: Cole is evil Phoebe: #URL# ></document>
		<document> RT #USER#: BET wouldn’t have done this if he was alive #URL# ></document>
		<document> RT #USER#: What Kakashi really wanted to say #URL# ></document>
		<document> RT #USER#: The Conjuring 3 : The Origin of KobaLaD (Trailer) #URL# ></document>
		<document> what about me ></document>
		<document> THA CARTER V ></document>
		<document> RT #USER#: announcement at 5pm 🤙🏾 ></document>
		<document> RT #USER#: ???????????????????????????????????????????????????????????????? I just did this #URL# ></document>
		<document> lil peep x xxxtentacion - falling down ></document>
		<document> RT #USER#: Dawg fuck who eever made this lmfaooo #URL# ></document>
		<document> RT #USER#: When that Naruto music comes on #URL# ></document>
		<document> RT #USER#: Drake and Meek Mill back on stage together #URL# ></document>
		<document> we just wanna party we don't wanna hurt nobody ></document>
		<document> RT #USER#: Salma Hayek took my soul in the 90’s and ion want it back #URL# ></document>
		<document> Genny spotted a Monza 👀👀 ></document>
		<document> RT #USER#: My Heart 😭❤️ #URL# ></document>
		<document> RT #USER#: One of the saddest moments in Naruto #URL# ></document>
		<document> RT #USER#: me and my lil pumpkin #URL# ></document>
		<document> RT #USER#: this am #USER# #USER# ♡ #URL# ></document>
		<document> #USER# where is gommora ></document>
		<document> RT #USER#: Uchiha Brothers 💔 #URL# ></document>
		<document> RT #USER#: When you left the village and tried to kill her twice but she still loves you #URL# ></document>
		<document> she sucking and we fucking like she need me ></document>
		<document> RT #USER#: Flics &amp; Stups (4x Duurder Remix) disponible partout 🔥🔥 ➡️ #URL# 🕺🏾🙅🏾‍♂️👮🏻‍♂️ ></document>
		<document> gun fire inside my head ></document>
		<document> RT #USER#: He hates me. 😭 #URL# ></document>
		<document> RT #USER#: XXXTENTACION FT LIL PUMP RT IF U WANT DIS 🦅 #URL# ></document>
		<document> HAMMER TIME 🙏🏽🙏🏽 ></document>
		<document> rich gang- lifestyle ></document>
		<document> middle finger up fuck the system ></document>
		<document> archi fort 💪🏽 #URL# ></document>
		<document> it s hammer time ></document>
		<document> RT #USER#: 2 girls, 1 cup #URL# ></document>
		<document> David guetta il a pas clutch ></document>
		<document> road to 76 #HASHTAG# ></document>
		<document> i don't wanna go alone ></document>
		<document> my heart can t take this damage ></document>
		<document> RT #USER#: my girl watches naruto &gt;&gt;&gt; ></document>
		<document> RT #USER#: Who wants to subscribe to the Diego Maradona channel because I do. #URL# ></document>
		<document> RT #USER#: 1V1 Bouncer No Scope FTW #URL# ></document>
		<document> RT #USER#: message from cleo #URL# ></document>
		<document> RT #USER#: A pimp named Thanos is missing his infinity hoes #URL# ></document>
		<document> RT #USER#: Just hold on, we're going home? 🇦🇷 #URL# ></document>
		<document> i hope you hear me ></document>
		<document> RT #USER#: Charity event is still happening this Sunday in Florida. this was Jahseh's final wish. More details soon ></document>
		<document> RT #USER#: nobody ever gives a fuck till youre dead. ></document>
		<document> RT #USER#: These niggas are quick to hit women but will argue with another man for hours on IG Live #URL# ></document>
		<document> damso - silence ></document>
	
</author><document> RT #USER#: Bollywood would attack titans if they bought Mappa #URL# back ></document>
<document> RT #USER#: Giorno meets #URL# gang ></document>
<document> RT #USER#: Long Live Pop Smoke 💫 #URL# ></document>
<document> RT #USER#: LAST MINUTE: #USER# signed new #USER# contract #HASHTAG# #URL# ></document>
<document> RT #USER#: Another one for extra credit? #URL# ></ document>
<document> RT #USER#: "Lock won't take that long" Lock: #URL# ></document>
<document> RT #USER#: How it started How it ended #URL# ></document>
<document> RT #USER#: Hi, I'm brand new to Twitter, what are you guys up to ></document>
<document> RT #USER#: when my game keeps jumping from 80 to 500ms #URL# ></document>
<document> #USER# excessive download ></document>
<document> RT #USER#: An update from Romain himself. Glad to see you're in good spirits! We wish you a speedy recovery 🙏 ></document>
<document> RT #USER#: Guardians of the sea and sky 🌤️ #URL# ></document>
<document> RT #USER#: MM/DD/YYYY. This is so chaotic. What's this? ></ document>
<document> RT #USER#: Emotions overflow as #USER# conquers the world for the seventh time ❤️👑 #HASHTAG# 🇹🇷 #HASHTAG# #URL# ></document>
<document> RT #USER#: Hah, someone put this in the PS5 subdirectory... and it's true. #URL# ></ document>
<document> RT #USER#: Kanye didn't win because America hasn't yet collected enough XP to unlock him ></document>
<document> RT #USER#: American Nightmare: The final season. ></ document>
<document> RT #USER#: 🎁 DRAW 🎁 ⚠️GAGNE TON IPHONE 12⚠️ ➡️ RT + FOLLOW #USER# ➡️ 31/10/20 #URL# </document>
<document> RT #USER#: Respect for Mercedes Benz🙏 #URL# ></document>
<document> RT #USER#: amazing flow / amazing flow / amazing flov ></document>
<document> RT #USER#: Records are there to be broken. Well done Lewis! #USER# #HASHTAG# #HASHTAG# 🇩🇪 #URL# ></document>
<document> RT #USER#: A very special gift to celebrate an important victory 🎁 #HASHTAG# 🇩🇪 #HASHTAG# #URL# ></document>
<document> RT #USER#: ANTHONY DAVIS ON THE RING!!!!!!!!! 🔥 #URL# ></ document>
<document> RT #USER#: Streamer fort frozen, on va military mgl ></document>
<document> RT #USER#: #USER# #USER# Congratulations you are a legend. 👏 ></ document>
<document> RT #USER#: Monza, home race is for us.🇮🇹 Good luck!!!🎯#USER# #URL# ></document>
<document> RT #USER#: NEWS: Williams Racing turns a new leaf with the family stepping aside. #HAHTAG# 💙 ></ document>
<document> RT #USER#: black hair. bob. #URL# ></ document>
<document> RT #USER#: This is what leadership looks like. #URL# ></ document>
<document> RT #USER#: Cut out #URL# ></document>
<document> RT #USER#: We missed you man. 💙 #URL# ></ document>
<document> RT #USER#: Team BDS is the first French speaking team to win #HASHTAG#!!! #HASHTAG# #URL# ></document>
<document> RT #USER#: changed from "hiiiiiii🥺" to "hey"... I lost ></document>
<documentent> RT #USER#: How NBAyoungboy fans clear the tables #URL# ></document>
<document> RT #USER#: Get ready, legacy continues. #HASHTAG# #HASHTAG# #URL# ></document>
<document> RT #USER#: whites ></document> when a retail employee tells them to wear masks
<document> RT #USER#: Doing this for no reason. #URL# ></ document>
<document> RT #USER#: Always remembered ❤️ #URL# ></document>
<document> I put you in a Uuuuuubeeeer ></document>
<document> RT #USER#: FU*KKKK YES!! 🍾 P3 and my first on every Podium!! 🍾 😁😁😁😁😁😁😁😁😁 #URL# ></ document>
<document> RT #USER#: if not me, who? #URL# ></ document>
<document> RT #USER#: #USER# 😂😂 tacos 4 life ></ document>
<document> RT #USER#: The seniors phone starter pack. #URL# ></ document>
<document> your name is streaming on Netflix 🥰 ></document>
<document> RT #USER#: "Go talk to your whores" Me: #URL# ></document>
<document> RT #USER#: User : Bruno bucciarati Booth : #URL# ></document>
<document> RT #USER#: thinks I'm cute wants to have #URL# ></document>
<document> RT #USER#: But only subscribed for a month... 😒 ></document>
<document> RT #USER#: Chief keef wrote Love Sosa at 16 ></document>
<document> RT #USER#: Type this hit #URL# near home ></document>
<document> RT #USER#: Star Platinum ⭐️ #URL# ></document>
<document> RT #USER#: I can't believe I have to say this, but please don't drink bleach. ></ document>
<document> RT #USER#: "Here is your order-" #URL# ></document>
<document> RT #USER#: Here or- #URL# ></document>
<document> RT #USER#: I haven't had sex in 14 days ></document>
<document> RT #USER#: "This is just an anime, why are you getting so emotional?" Anime: #URL# ></document>
<document> RT #USER#: 8th Day of Quarantine #URL# ></document>
<document> RT #USER#: Bad wo 😷💔 #URL# ></document>
<document> RT #USER#: Hello friends, we have a gift for you. ></ document>
<document> #USER# requested seven six ></document>
<document> RT #USER#: BRUH #URL# ></document>
<document> RT #USER#: Hah, it ran 13,000 hours, but failed the test and should work and get it again #URL# ></document>
<document> RT #USER#: Plain 😉 #URL# ></document>
<document> RT #USER#: Did you like what you saw? #URL# ></ document>
<document> cc #USER# #USER# (fuck it #USER#) #URL# ></document>
<document> #USER# #USER# #USER# on #USER# 🤷🏽‍♂️ #HASHTAG# ></document>
<document> RT #USER#: My favorite part of Kobe's last game #HASHTAG# #URL# ></document>
<document> RT #KULLANICI#: Hııırıııııııııııııııııııııııııııııııııııııııııııııııııııııııııııııııııııııııııııııııııııııııııııııııııııııııııııııııııııııııııııııııııııııı ></belge>
<document> RT #USER#: Someone said Trippie Redd looks like Greta Thunberg who made a Lil Wayne costume and now I can't see her ></document>
<document> RT #USER#: French trying to pronounce #URL# "through" ></document>
<document> RT #USER#: Farewell, shieldmaiden ⚔️ #URL# ></document>
<document> RT #USER#: Yes, Salma Hayek is 53 years old. #HASHTAG# #URL# ></document>
<document> RT #USER#:Sees breasts Sees breasts for the first time 5.789. times #URL# ></document>
<document> RT #USER#: Yall ain't for jorja and the 2020 CapelliAmore full lace blonde wig 😍❤️ #URL# ></document>
<document> 24 Kobe #URL# ></document>
<document> RT #USER#: Bye bye man. This is lame. We are talking to an imaginary person. As we always do. #HAHTAG# ></ document>
<document> This is the Path. ></ document>
<document> RT #USER#: See you #USER#! 👋 #HASHTAG# 🇦🇪 #HASHTAG# #URL# ></document>
<document> illuminati's damn lies say I'm enlightened, baptized in the sewer, motherfucker you decide ></document>
<document> RT #USER#: I will tell my child that this is Fianso #URL# ></document>
<document> RT #USER#: I tell my kids this is Stephen Hawking #URL# ></document>
<document> A$AP in the remix, you don't even know it ></document>
<document> RT #USER#: Reese is good 💙 ></document>
<document> two posts no reply then I understood ></document>
<document> RT #USER#: Josh Hart, this sounds familiar. 😂 #HASHTAG# #URL# ></document>
<document> RT #USER#: 12. Travis Scott drops with auto-setting #URL# ></document>
<document> RT #USER#: I'M yelling !!!!! 😂 #URL# ></ document>
<document> Where is Denzel 😅😅 #URL# ></document>
<document> Grove Street, house. #URL# ></ document>
<document> RT #USER#: My magic system favorites #URL# ></document>
<document> RT #USER#: When Naruto asks Boruto what it's like to have parents and if he hates your dad 😭😭😭 #URL# ></document>
<document> RT #USER#: Hey #USER#, is my verse about the devil still on Jesus?? ></ document>
<document> RT #USER#: this is greta thunberg's nemesis #URL# ></document>
<document> You're sitting at 24, sipping at 24 ></document>
<document> RT #USER#: 👀Well boy, how do you know the STARZ app is there? 😟#HASHTAG# #HASHTAG# #URL# ></document>
<document> double-rotor aggressive if ></document>
<document> RT #USER#: #USER# Call of Duty ></document>
<document> RT #USER#: my cousin sent me this and...🥴 #URL# ></document>
<document> no new friends ></document>
<document> RT #USER#: Wait a minute this is my dad WTF... #URL# ></document>
<document> RT #USER#: My nigga XXXCRUSTACION #URL# ></document>
<document> #USER# oh Tommy Egan ></document>
<document> RT #USER#: Ghost will stop at nothing to take down Tommy. Watch #HASHTAG# NOW in the #USER# App. #HASHTAG# #HASHTAG# ></document>
<document> RT #USER#: Have you noticed that after years of surviving alone, Will Smith only took 24 hours to die after a woman appeared ></document>
<document> RT #USER#: Today was really that day... 🏆 ></document>
<document> RT #USER#: That day is today ></document>
<document> are you really ready or not???? here i love it ></document>
<document> I always drink that good shiiiiit ></document>
<document> Another ordinary day in Compton ></document>
<document> RT #USER#: LIQUID COGNO OUT 🧝🏽‍♀️ #URL# ></document>
<document> RT #USER#: This shit is sick Lmfaoo 🤣🤣 #URL# ></ document>
<document> RT #USER#: Violets blue, Roses red, #URL# ></document>
<document> you can play a role in my life, but you cannot play in the agreement ></document>
<document> diddy - angels ></document>
<document> RT #USER#: Great catch bro ⚽🔥🤟🏾 #USER# #URL# ></document>
<document> RT #USER#: It's always nice to see you bro 🏆🏆👌🏻💪🏻 #URL# ></document>
<document> RT #USER#: ABSOLUTELY NO ONE: SANSA: BRAN'S PEE IS NOT WORKING #HASHTAG# #HASHTAG# #URL# ></document>
<document> RT #USER#: NEW YORK CITYYYYY ></document>
<document> RT #USER#: GTA remains the best game. No arguments... #URL# ></document>
<document> RT #USER#: Nobody: Niggas watching anime: #URL# ></document>
<document> RT #USER#: Sansa rocks Bran over winterfell to lure the Night King in #URL# ></document>
<document> RT #USER#: Sasuke pulls on the ceiling towards Five Kage Peak #URL# ></document>
<document> RT #USER#: YUGIOH PLAYERS PLEASE WATCH THIS 😂 #URL# ></document>
<document> RT #USER#: FP2 - final ranking 🧮 All top 3⃣ drivers did 3⃣3⃣ laps 🧐 #HASHTAG# 🇦🇺 #HASHTAG# #URL# ></document>
<document> pray for paris ></document>
<document> nah nah naaaaah it wasn't me ></document>
<document> 70e jump force?!!!!! 🤣🤣🤣🤣 ></ document>
<document> RT #USER#: W10, meet #USER# ❤️ Champion is back where he belongs 👏👏👏 #HASHTAG# #URL# ></document>
<document> avec l'ost man of the world 😭😭😭😭 #URL# ></document>
<document> RT #USER#: Sad! by XXXTENTACION in #USER# #URL# ></document>
<document> RT #USER#: Hamza X SCH 🔥 #URL# ></document>
<document> RT #USER#: #HASHTAG# says he taught #HASHTAG# everything he knows 👀&gt;&gt; what are you thinking? #URL# ></ document>
<document> RT #USER#: End topic ></document>
<document> RT #USER#: Follow that train! Bring me closer CJ I'm about to blow up these idiots! Catch 'em, CJ, and I'll take a shot! ></ document>
<document> #USER# I saw a butterfly in hell today, will I die today or go to jelly???? ></ document>
<document> RT #USER#: On This Date: 8 years ago today, #USER# and #USER# made one of the greatest photos in NBA history 😤 ></document>
<document> RT #USER#: "SKINS" is now live. #URL# ></ document>
<document> RT #USER#: Damn I forgot to release my album, sorry ></document>
<document> Ocon seen 👀 ></document>
<document> arms around you ></document>
<document> RT #USER#: First day in new office: #USER# leaves #USER# garage 🔴 #HASHTAG# #URL# ></document>
<document> RT #USER#: On the track, they struggled all season... ⚔️ But off the track, there's a lot of respect between Lewis and Seb 🤝 ></document>
<document> RT #USER#: #HASHTAG# ✅ Won impromptu audition for Magic Mike 3 ✅ #HASHTAG# #USER# #URL# ></document>
<document> remix as soon as possible uoenooooo ></document>
<document> RT #USER#: It's back! 😆 How's the book going, #USER#? 📖 #HASHTAG# 🇦🇪 #HASHTAG# #URL# ></document>
<document> RT #USER#: You sitting in the front seat while your best friend and her boyfriend are arguingr: “THAT WAS THAT'S WHY MY NIGER IS IN DMS FROM BACK” ></document>
<document> RT #USER#: if men and women are equal, describe this #URL# ></document>
<document> RT #USER#: There was contact on the way and a little outside 😡 #HASHTAG# 🇧🇷 #HASHTAG# #URL# ></document>
<document> RT #USER#: Explains many things #URL# ></document>
<document> RT #USER#: Kimi Raikkonen: "Did you win the championship?" Lewis Hamilton: "No..." Classic Kimi! Sky Go: ></ document>
<document> RT #USER#: sorry guys this must be fake. I can't remember #URL# ></document>
<document> RT #USER#: You're all crazy for this single #URL# ></document>
<document> RT #USER#: Prue, Paige and Piper: Cole is bad Phoebe: #URL# ></document>
<document> RT #USER#: BET wouldn't do this if he were alive #URL# ></document>
<document> RT #USER#: What Kakashi really meant to say #URL# ></document>
<document> RT #USER#: The Conjuring 3 : The Origin of KobaLaD (Trailer) #URL# ></document>
<document> what about me ></document>
<document> THA CARTER V ></document>
<document> RT #USER#: announcement at 17:00 🤙🏾 ></document>
<document> RT #USER#: ??????????????????????????????????????? ???????????????????????? I just made this #URL# ></document>
<document> lil peep x xxxtentacion - fall ></document>
<document> RT #USER#: Damn whoever made this lmfaooo #URL# ></document>
<document> RT #USER#: When Naruto music comes in #URL# ></document>
<document> RT #USER#: Drake and Meek Mill on stage together again #URL# ></document>
<document> we just want to party we don't want to hurt anyone ></document>
<document> RT #USER#: Salma Hayek took my soul in the 90s and I want it back #URL# ></document>
<document> Genny saw a Monza 👀👀 ></document>
<document> RT #USER#: My heart 😭❤️ #URL# ></document>
<document> RT #USER#: One of the saddest moments in Naruto #URL# ></document>
<document> RT #USER#: me and my little pumpkin #URL# ></document>
<document> RT #USER#: Me #USER# #USER# ♡ #URL# ></ document>
<document> where is #USER# gommora ></document>
<document> RT #USER#: Uchiha Brothers 💔 #URL# ></document>
<document> RT #USER#: When you left the village and tried to kill him twice but he still loves you #URL# ></document>
<document> sucks and fucks like she needs me ></document>
<document> RT #USER#: Flics &amp; Stups (4x Duurder Remix) disponible partout 🔥🔥 ➡️ #URL# 🕺🏾🙅🏾‍♂️👮🏻‍♂️ ></document>
<document> gunshot in my head ></document>
<document> RT #USER#: She hates me. 😭 #URL# ></ document>
<document> RT #USER#: XXXTENTACION FT LIL PUMP RT IF U WANT 🦅 #URL# ></document>
<document> HAMMER TIME 🙏🏽🙏🏽 ></document>
<document> rich gang- lifestyle ></document>
<document> fuck the middle finger up system ></document>
<document> archi fort 💪🏽 #URL# ></document>
<document> hammer time ></document>
<document> RT #USER#: 2 girls, 1 cup #URL# ></document>
<document> David guetta is a rust clutch ></document>
<document>path to 76 #HASHTAG# ></document>
<document> I don't want to go alone ></document>
<document> my heart can't handle this damage ></document>
<document> RT #USER#: my daughter is watching naruto &gt;&gt;&gt; ></ document>
<document> RT #USER#: Who wants to subscribe to Diego Maradona's channel because I am a subscriber? #URL# ></ document>
<document> RT #USER#: 1V1 Bouncer No Scope FTW #URL# ></document>
<document> RT #USER#: message from cleo #URL# ></document>
<document> RT #USER#: kidnapping endless whores from a pimp named Thanos #URL# ></document>
<document> RT #USER#: Wait, are we going home? 🇦🇷 #URL# ></document>
<document> hope you hear me ></document>
<document> RT #USER#: The charity event continues this Sunday in Florida. this was Jahseh's last wish. More details coming soon ></document>
<document> RT #USER#: nobody cares until you die. ></ document>
<document> RT #USER#: These niggas hit women right away but argue for hours with another man on IG Live #URL# ></document>
<document> damso - silence ></document>

</author>