
	
		<document> RT #USER#: When i go on trips i need airport outfits, day outfits, night outfits, sleeping outfits. Idk why im like this 😭 ></document>
		<document> RT #USER#: I pray I don’t mishandle what I prayed for... ></document>
		<document> RT #USER#: I be on websites accepting cookies not even knowing what that is😭☠️☠️ ></document>
		<document> RT #USER#: I love when the host ends the meeting before I can click leave. Yes! Lead by example! ></document>
		<document> RT #USER#: Touch ID is way more effective and efficient than Face ID ></document>
		<document> RT #USER#: Going to the nail salon alone is therapeutic. My favorite ‘me’ time. ></document>
		<document> RT #USER#: parents be like "I know my child" LMFAOOOOOOOOOOOOOOOOOOOOOOOOOOOOOOOOOOOOOOOOOO ></document>
		<document> RT #USER#: I’m so high at Home Depot and i have to ask where the hose at and i know ima laugh when i do ></document>
		<document> RT #USER#: l just drove for 30 mins in GTA to cIear my mind. ></document>
		<document> RT #USER#: i just need like $70,000,000,000. ></document>
		<document> #USER# #USER# Love you 😘 ></document>
		<document> RT #USER#: Prayers work. Don’t let anyone tell you that it doesn’t. ></document>
		<document> RT #USER#: Y’all know what sucks? Being so short the sun visor in your car can’t even fulfill its purpose! ></document>
		<document> RT #USER#: I’m worth everything. ></document>
		<document> RT #USER#: I see why grandmas used to cook dinner at 3pm &amp; sit down the rest of the day. ></document>
		<document> RT #USER#: All I do is work , go home , blink a few times than it’s back to work 🥴 ></document>
		<document> Going on a wine tasting trip with my family at the end of this month 💕 ></document>
		<document> RT #USER#: I’m still on my first pair of AirPods. y’all are irresponsible 😭😭😭 ></document>
		<document> RT #USER#: leaving ur house &amp; returning safely is such an underrated blessing. ></document>
		<document> RT #USER#: all kamala and joe do is walk ></document>
		<document> RT #USER#: FAKE LAUGHING WITH CUSTOMERS IS A REAL SKILL ></document>
		<document> RT #USER#: I can’t wait to have it all together but God, I thank You for where I am now. ></document>
		<document> RT #USER#: you wouldn’t b able to tell if I was broke or up 200k lol ima carry it the same either way it go. ></document>
		<document> RT #USER#: Bruh I’m crying 🤣🤣🤣 #URL# ></document>
		<document> RT #USER#: When I say “I was sleep“ please know that’s the truth ! 😂 be KNOCKED df out. ></document>
		<document> RT #USER#: Apparently “the vibes are off” isn’t a good excuse to leave work 😞 ></document>
		<document> RT #USER#: I’m not rewarding no fish for swimming don’t let that go over ya head ></document>
		<document> RT #USER#: i hate random sad days. Having a heavy heart and an anxious mind is the worst ></document>
		<document> Think about you everyday 🥺 ></document>
		<document> I miss my baby so much. ></document>
		<document> RT #USER#: DON’T never play w my man name around me i’ll get into w anybody bout him on bro 🤣 ></document>
		<document> RT #USER#: I’m never in shit if you see me in something a bitch started with me 😂😂😂😂😂 ></document>
		<document> RT #USER#: Damn, Harry need a stimmy too? ></document>
		<document> RT #USER#: Alcohol tastes a lil better when your life is lil fucked up 😂 ></document>
		<document> RT #USER#: If it’s meant for me, I will have it. If not, I’m ready to receive something even better ></document>
		<document> RT #USER#: Somebody : breathes Me: gtf from by me if you gon make allat noise ></document>
		<document> RT #USER#: Sometimes you gotta check on yourself #URL# ></document>
		<document> RT #USER#: $200 entry into a club would have me on the phone with the health inspector to shut that bih down by Monday ></document>
		<document> RT #USER#: Thanking God for allowing us to see another day 🙌🏾 ></document>
		<document> RT #USER#: We spoil our nigga too over here. ❤️ ></document>
		<document> RT #USER#: What if pussy did a "womp womp" sound after trash dick or head? That shit would be hilarious. ></document>
		<document> RT #USER#: my appetite so weird i be starving then take 3 bites and be full ></document>
		<document> RT #USER#: Want to thank God for allowing me to see another day... ></document>
		<document> I'm glad i don't got a bad ass hangover. ></document>
		<document> Tryna decide if i want 7spice today. ></document>
		<document> RT #USER#: I wish my AirPods could connect to my tv ></document>
		<document> RT #USER#: Driving drunk is not cute. It’s stupid and selfish ></document>
		<document> RT #USER#: I never cared if a ex upgraded or downgraded long as they got tf away from me 😂😂😂😂 ></document>
		<document> RT #USER#: Why black people hear a noise &amp; stare in space til we hear something else😂😂 ></document>
		<document> RT #USER#: If you saw what God was sending you, you wouldn’t mind waiting. Get ready.. ></document>
		<document> RT #USER#: men be like “your cute😍” my cute what? ></document>
		<document> RT #USER#: Drinks with my bestie ></document>
		<document> I wanna take a girls trip somewhere this year. ></document>
		<document> RT #USER#: Rip Lyric 🖤💔 ></document>
		<document> RT #USER#: once summer hit either i’m making money or making memories. i’m not wasting no days i’m going to have a lit ass summer !! ></document>
		<document> RT #USER#: Good things are coming Good things are coming Good things are coming Good things are coming ></document>
		<document> RT #USER#: My mom beat cancer 💙💙 that’s it that’s the tweet !! ></document>
		<document> I need to gts early so we can be on the road early ></document>
		<document> RT #USER#: my boyfriend has such a pretty gf ></document>
		<document> RT #USER#: I don’t know if I’m bipolar or if I just change my mind a lot... ></document>
		<document> RT #USER#: I wanna go on a date date. Like dress up and go out...then go home and be nasty 🥴 ></document>
		<document> RT #USER#: youtube wants u to pay for their services so bad 😭 it's not gonna happen bitch play that 15 second ad ></document>
		<document> RT #USER#: unemployed ppl have the most fun dawg ></document>
		<document> RT #USER#: Want to thank God for allowing me to see another day... ></document>
		<document> RT #USER#: New CAR, new CRIB. new LIFE. 🥳 gotta speak it into existence 🙏🏾 ></document>
		<document> Can't wait til these stamps hit ></document>
		<document> RT #USER#: once i clean the house and light a candle, DONT TOUCH NOTHING ELSE IN THE HOUSE 🤣 ></document>
		<document> RT #USER#: Want to thank God for allowing me to see another day... ></document>
		<document> RT #USER#: Even in BAD times...God is still GOOD! ></document>
		<document> RT #USER#: i will become a better me in every aspect this year. ></document>
		<document> RT #USER#: Imagine being late to work tryna wake your horse up out their sleep. Please giddyup bitch we late 😭 ></document>
		<document> RT #USER#: “i have generational wealth &amp; im still not happy” okay then send me ur entire bank balance rn ></document>
		<document> RT #USER#: im a very independent girl but I luuvvv to be babied ></document>
		<document> RT #USER#: idk what it is but being questioned unnecessarily boils my blood😭😭 ></document>
		<document> RT #USER#: having your own place so peaceful 😩😩😩😩😩😩😩😩😩😩😩😩😩😩😩 ></document>
		<document> RT #USER#: being friends with my friends doesn’t automatically make you my friend. ></document>
		<document> RT #USER#: "no man wants a woman who.." we don't care lol ></document>
		<document> RT #USER#: Most shit doesn’t deserve your time or attention. ></document>
		<document> RT #USER#: Checking Account : $8,644.68 Savings Account : $111,881.00 Claim It 🙏🏽 ></document>
		<document> RT #USER#: Our God is an awesome God🤞🏾 ></document>
		<document> RT #USER#: I need a car bro damn 😒 ></document>
		<document> RT #USER#: Thanking God for allowing us to see another day 🙌🏾 ></document>
		<document> RT #USER#: Want to thank God for allowing me to see another day... ></document>
		<document> RT #USER#: America... where your credit score says you can’t afford to pay a $700 mortgage so you pay $1200 rent ></document>
		<document> RT #USER#: IDC HOW SAD OR HEART BROKEN I AM, I AIN'T POSTING MYSELF CRYING.😂😂😂😂😂😂😂😂😂😂😂😂😂😂😂😂😂😂😂😂😂😂😂 ></document>
		<document> RT #USER#: Sure Thing by Miguel is such a vibe ></document>
		<document> RT #USER#: I touched wayyyy more money at my young age and STILL happy about my $1500 so ??? Nigga it’s free money ></document>
		<document> RT #USER#: DON’T INVITE ME TO YOUR CRIB IF MY CHARGER GONNA BE FALLING OUTTA YA OUTLETS 🙄😭 ></document>
		<document> RT #USER#: Texas just said fuck it. ></document>
		<document> RT #USER#: i can be sobbing in front of you with a broken heart and i’ll still crack a joke ></document>
		<document> RT #USER#: That friend thats Overly Aggressive in front of girls😂😂😂😭😭 #URL# ></document>
		<document> RT #USER#: I went through my darkest times by myself, so sorry if I act like I don’t need nobody ></document>
		<document> RT #USER#: Y’all lucky ion listen to the voices in my head ></document>
		<document> RT #USER#: Do not continue in 2021 without God. ></document>
		<document> RT #USER#: reassurance is the best feeling ever ></document>
		<document> RT #USER#: I fear the death of my parents more than my own ></document>
		<document> RT #USER#: Colorism is so weird ... how you hate me because I’m darker than you ??? ></document>
		<document> RT #USER#: Zelle is the superior money sending app. ></document>
		<document> RT #USER#: So Texas just bout to raw dog covid like that? ></document>
		<document> RT #USER#: Masks not mandatory in Texas? Ima still wear mine tho y’all be easy 😗 ></document>
		<document> RT #USER#: I’m not arguing with people that choose an 800 credit score over 20M lmaooo r u crazy ></document>
		<document> RT #USER#: Case closed, you heard him.👨🏽‍⚖️ #URL# ></document>
		<document> RT #USER#: Damn a year ago this was our last normal week 🥺 ></document>
		<document> RT #USER#: Men will take one good picture and use it for the rest of their lives 🤦🏾‍♀️ ></document>
		<document> RT #USER#: One thing about God.. he gon make a way !!!! ></document>
		<document> RT #USER#: You just don’t get 30 allegations and none of them are true. It just doesn’t happen. ></document>
		<document> I think ima call in today ></document>
		<document> RT #USER#: sis , you are about to touch so much money in march . claim it . manifest it . speak it into existence . ></document>
		<document> I'm fighting my sleep ></document>
		<document> RT #USER#: 4 G’s : God , Goals , Growing , &amp; Grinding . ></document>
		<document> RT #USER#: March please be good to me and my family 💓 ></document>
		<document> RT #USER#: You will touch sooo much money in March! 🤩 claiming it now.. ></document>
		<document> RT #USER#: Cooking is only fun when 1. Nobody tells you to do it &amp; 2. When nobody is in the kitchen with you ></document>
		<document> RT #USER#: STOP. PUTTING. YOUR. PURSES. ON. THE. GOD. DAMNED. FLOOR. ></document>
		<document> RT #USER#: A DICK THAT TOUCHED MY FRIEND CAN NEVER TOUCH ME ❗️❗️ YALL weird asffffff ></document>
		<document> RT #USER#: If you really want to be attractive, pray and heal. ></document>
		<document> I miss you more 🥺 #URL# ></document>
		<document> RT #USER#: this killin me #URL# ></document>
		<document> I need to get up and do my hair ></document>
		<document> RT #USER#: Praise will confuse the enemy 🤍 ></document>
		<document> I got a hangover ></document>
		<document> RT #USER#: Thanking God for allowing us to see another day 🙌🏾 ></document>
		<document> RT #USER#: you in ya 20s. Live ya life ! ></document>
		<document> RT #USER#: Thank you for your payment. Me: #URL# ></document>
		<document> RT #USER#: My boy still in 2014 this fit is crazy 😭😭😭😭😭 #URL# ></document>
		<document> RT #USER#: I will really pack 8 outfits for a 3 day trip, I don’t care 😭 ></document>
		<document> RT #USER#: I miss when Walmart was open 24 hours 😫 ></document>
		<document> RT #USER#: Parents be like "I know my child" LMFAOOOOOOOOOOOOOOOOOOOOOOOOOOOOOOOOOOOOOOOOOO ></document>
		<document> RT #USER#: Ain’t that much protection in the world ></document>
		<document> RT #USER#: DoorDash Lady: “can you meet me at the gate?” You Work For AtdagateDash? ></document>
		<document> RT #USER#: If your friend ask you "what you wearing tonight" and you assume she's trying to outdo you.. you're the problem/hater 😭 ></document>
		<document> RT #USER#: And if I smoke this blunt girl I’m gon forget you or whatever Chief Keef said #URL# ></document>
		<document> RT #USER#: Want to thank God for allowing me to see another day... ></document>
		<document> RT #USER#: Let Go &amp; Let God 🙌🏽 ></document>
		<document> RT #USER#: as an adult you’ll really spend $2k on bills in a span of 10 minutes lmao whole day already ruined😂😂😂😂😂😂😂😂 ></document>
		<document> RT #USER#: what if Bobby don't even wanna rap no more lmaoooo ></document>
		<document> RT #USER#: lowercase teeth and uppercase gums scare me ></document>
		<document> RT #USER#: Ever cried yourself to sleep begging God to heal everything your going thru💔😩 ></document>
		<document> RT #USER#: Everybody shiesty now huh? I tell you what.... stay away from me😂 ></document>
		<document> RT #USER#: I BEEN touched racks I just spent it wrong . My fault 🤦🏽‍♂️ ></document>
		<document> RT #USER#: Y’all remember Spinrilla 😂 once you log out all your music was gone 😂 niggas was sick ></document>
		<document> RT #USER#: Y’all wasn’t here. 💅🏾 #URL# ></document>
		<document> RT #USER#: and it was against my will. ></document>
		<document> RT #USER#: “Your bill is available for viewing” Who said I wanted to view it? #URL# ></document>
		<document> RT #USER#: Repeat after me: multiple incomes will be my reality. 👏🏾👏🏾 ></document>
		<document> RT #USER#: In my 25 years of living I’ve never seen no shit like this EVER 💀🤣 #URL# ></document>
		<document> RT #USER#: Our God is an awesome God🤞🏾 ></document>
		<document> RT #USER#: You just had to be there #URL# ></document>
		<document> RT #USER#: Nobody : Me : Fuck it. Imma just buy it . I'll make the money back. ></document>
		<document> RT #USER#: Cash app her $600 today . She probably sad . ></document>
		<document> #USER# Get a wig. ></document>
		<document> RT #USER#: Daylight savings is basically 2 weeks away... hallelujah. Everything’s better when the sun is out longer. ></document>
		<document> RT #USER#: Thanking God for allowing us to see another day 🙌🏾 ></document>
		<document> RT #USER#: Want to thank God for allowing me to see another day... ></document>
		<document> RT #USER#: Lord Can I Just Be A House Wife Already ? ></document>
		<document> RT #USER#: I'd be sitting there like nothing happened. ></document>
		<document> RT #USER#: One thing he done did right, was pay sis her WORTH ></document>
		<document> RT #USER#: Stop canceling trips cause your friends can’t go.. Leave they ass at home ✈️ ></document>
		<document> RT #USER#: Dudes be running too, AHT AHT! Put that DICK back in😌😂😂 ></document>
		<document> RT #USER#: Our God is an awesome God🤞🏾 ></document>
		<document> RT #USER#: POLICE ALWAYS SAY “DON’T TEXT AND DRIVE” FIRST OF ALL YALL BE ON A WHOLE LAPTOP 🙄😭 ></document>
		<document> RT #USER#: Want to thank God for allowing me to see another day... ></document>
		<document> RT #USER#: I just want a Job Monday through Friday 7AM-7:05AM $2500 a minute, nothing too crazy. ></document>
		<document> RT #USER#: Jobs really be drug testing for weed while the execs be having coke parties. ></document>
		<document> RT #USER#: Congratulations to those who moved on without getting an apology. ></document>
		<document> RT #USER#: Sisterhood is important. I wish that on every woman, to find a real friend, a real sister. ></document>
		<document> RT #USER#: He got out the car like he getting ready to cop blunts &amp; a brisk. ></document>
		<document> RT #USER#: “Let’s go eat” is my love language ></document>
		<document> RT #USER#: Father takes his son to the playground #URL# ></document>
		<document> RT #USER#: I Will DIE Behind My Child, &amp; YOU Will DIE Behind My Child🗣‼️‼️‼️🤷🏾‍♂️ ></document>
		<document> RT #USER#: What F U C K I N G Vehicle warranty B I T C H Stop calling my phone 😭😭😭😩 ></document>
		<document> RT #USER#: I ain’t never heard nobody call a Hawaiian roll nasty😂😂 ></document>
		<document> RT #USER#: I cry in private and bounce back in public like I never took a L. ></document>
		<document> RT #USER#: My parents were so strict I used to practice how to ask for permission.. ></document>
		<document> RT #USER#: march is gonna be a great month. i’m excited. ></document>
		<document> RT #USER#: We went from Dallaska to Diami in 72 hours. ></document>
		<document> RT #USER#: Rule #HASHTAG# never make God #HASHTAG# ></document>
		<document> RT #USER#: Me opening my eyes to see I have two minutes left before my alarm clock goes off #URL# ></document>
		<document> RT #USER#: ig needa “leave close friends” option ></document>
		<document> RT #USER#: My body confuses tf out of me. One week I’m eating non stop, the next week I have absolutely no appetite and rather starve ></document>
		<document> RT #USER#: Check this out... #URL# ></document>
		<document> RT #USER#: BLACK PEOPLES lunch break don’t start until their food is in their HAND🤣🤷🏾‍♀️ ></document>
		<document> RT #USER#: I know shorty mama jealous as hell ></document>
		<document> RT #USER#: my brother died 9 years ago... that’s him as a baby &amp; look at my daughter🥺😫❤️ #URL# ></document>
		<document> RT #USER#: He wanted to match his daddy 🥰 #URL# ></document>
		<document> RT #USER#: What do you mean accused when you have the pics right there lmao ></document>
		<document> RT #USER#: Thank you God for all that you’ve done, &amp; are continuing to do. 💗 ></document>
		<document> RT #USER#: I hope she unthaw and beat y’all ass ></document>
		<document> RT #USER#: Squidward was so bougie like he didn’t work the same job and live on the same street as Spongebob💀 ></document>
		<document> RT #USER#: By 2022, money gone be working for me. Not the other way around. ></document>
		<document> RT #USER#: Trust your gut , you ain’t crazy ></document>
		<document> RT #USER#: i will restart the whole song if i breathe too loud over my favorite part, idgaf ></document>
		<document> RT #USER#: deleting unnecessary contacts .. i 100% recommend 😭 ></document>
		<document> RT #USER#: im from houston where people so weird they wont even tell you where they got there food from ></document>
		<document> RT #USER#: Me as a Lawyer: Your honor, quick question... am I winning? ></document>
		<document> Yeah my phone going on dnd cause who tf calls somebody at 5am? Bitch i was sleep ></document>
		<document> RT #USER#: Not the baby on the yacht🤦🏾‍♀️ this bitch done lost her mind #URL# ></document>
		<document> RT #USER#: I’m so glad God never says, “this is the last time I’m gonna look out for you.” I am divinely covered and protected. ></document>
		<document> RT #USER#: That 2nd wave of sleep after waking up too early the first time &gt;&gt;&gt;&gt;&gt; ></document>
		<document> RT #USER#: I hate cars with no Tint get me outta this water bottle 😡😡 ></document>
	
</author><document> RT #USER#: I need airport suit, day suit, night suit, sleep suit when I travel. I don't know why I'm like this 😭 ></document>
<document> RT #USER#: I pray I don't misuse what I'm praying for... ></document>
<document> RT #USER#: I've been on websites that accept cookies without even knowing what it is😭☠️☠️ ></document>
<document> RT #USER#: I love that the host ends the meeting before I can click leave. Yes! Be an example! ></ document>
<document> RT #USER#: Touch ID is much more effective and efficient than Face ID ></document>
<document> RT #USER#: Going to the nail salon alone is therapeutic. My favorite 'me' time. ></ document>
<document> RT #USER#: parents say "I know my child"
<document> RT #USER#: I'm high at Home Depot and I have to ask where the hose is and I know I'm going to laugh when I do ></document>
<document> RT #USER#: I drove 30 minutes in the GTA to clear my mind. ></ document>
<document> RT #USER#: I just need $70,000,000,000. ></ document>
<document> #USER# #USER# I Love You 😘 ></document>
<document> RT #USER#: Prayers work. Don't let anyone tell you you're not. ></ document>
<document> RT #USER#: You know what sucks? The sun visor on your car is so short it can't even fulfill its purpose! ></ document>
<document> RT #USER#: I'm worth everything. ></ document>
<document> RT #USER#: Why did grandmas cook dinner at 3pm &amp; sit for the rest of the day. ></ document>
<document> RT #USER#: All I do is work, go home, blink a few times to get back to work 🥴 ></document>
<document> Going on a wine tasting trip with my family at the end of this month 💕 ></document>
<document> RT #USER#: I'm still using my first AirPods. you are all irresponsible 😭😭😭 ></ document>
<document> RT #USER#: don't leave home &amp; Returning safely is a blessing greatly underestimated. ></ document>
<document> RT #USER#: All Kamala and Joe do is walk ></document>
<document> RT #USER#: FAKE SMILE WITH CUSTOMERS IS A REAL SKILL ></document>
<document> RT #USER#: I can't wait to put it all together, but God, I thank You for where I am now. ></ document>
<document> RT #USER#: You can't tell if I'm broke or over 200,000, lol I carry it the same way either way. ></ document>
<document> RT #USER#: I'm crying 🤣🤣🤣 #URL# ></document>
<document> RT #USER#: When I said "I was sleeping", please know that it's true! 😂 be knocked out. ></ document>
<document> RT #USER#: Looks like "no vibration" is not a good excuse to quit 😞 ></document>
<document> RT #USER#: I don't reward any fish for swimming, don't worry about it ></document>
<document> RT #USER#: I hate random sad days. Having a heavy heart and an anxious mind is the worst </document>
<document> I think about you every day 🥺 ></document>
<document> I miss my baby so much. ></ document>
<document> RT #USER#: NEVER PLAY WITH MOMi'm going to get into anyone about him in my circle bro 🤣 ></ document>
<document> RT #USER#: I'll never go to shit if you see me in something a prostitute started with me 😂😂😂😂😂 ></document>
<document> RT #USER#: Damn, does Harry need a stimmy too? ></ document>
<document> RT #USER#: Alcohol tastes a little better when your life is a bit of a mess 😂 ></document>
<document> RT #USER#: If it's for me, I'll take it. If not, I'm ready to get something even better ></document>
<document> RT #USER#: Someone : breathes Me: gtf me if you make a sound ></document>
<document> RT #USER#: Sometimes you have to check yourself #URL# ></document>
<document> RT #USER#: $200 admission to a club gets me on the phone with the health inspector, keeping that bih off by Monday ></document>
<document> RT #USER#: Thank God for making us see another day 🙌🏾 ></document>
<document> RT #USER#: Here we spoil our nigga too. ❤️ ></ document>
<document> RT #USER#: What if a cunt makes a "womp womp" sound after the trash dick or head? This shit would be hilarious. ></ document>
<document> RT #USER#: My appetite is so weird that I'm starving, then I take 3 bites and I'm full ></document>
<document> RT #USER#: I want to thank God for letting me see another day... ></document>
<document> I'm glad I don't have a hangover. ></ document>
<document> I'm trying to decide if I want 7spice today. ></ document>
<document> RT #USER#: I wish my AirPods could connect to my TV ></document>
<document> RT #USER#: It's not nice to drive drunk. stupid and selfish ></document>
<document> RT #USER#: I didn't care if someone old upgraded or downgraded as long as they got tf from me 😂😂😂😂 ></document>
<document> RT #USER#: Why are blacks a sound &amp; stare into space until you hear something else😂😂 ></document>
<document> RT #USER#: If you saw what God has sent you, you wouldn't hesitate to wait. Get ready.. ></ document>
<document> RT #USER#: guys like "you're cute😍" what's my sweetie? ></ document>
<document> RT #USER#: Drinks with my best friend ></document>
<document> I want to take a girls' trip somewhere this year. ></ document>
<document> RT #USER#: Rip Lyric 🖤💔 ></document>
<document> RT #USER#: when summer hits I'm either making money or collecting memories. I won't waste any of my days, have an ass burning summer!! ></ document>
<document> RT #USER#: Good things are coming Good things are coming Good things are coming Good things are coming ></document>
<document> RT #USER#: My mom beat cancer 💙💙 tweet that's it!! ></ document>
<document> I need to go early so we can hit the road early ></document>
<document> RT #USER#: my boyfriend has a very beautiful girlfriend ></document>
<document> RT #USER#: I don't know if I'm bipolar or changing my mind too much... ></document>
<document> RT #USER#: I want to go on a date. It's like getting dressed and going out... then going home and misbehaving 🥴 ></document>
<document> RT #USER#: youtube wants you to paythe services are so bad 😭 play that 15 second ad you won't be a bitch ></ document>
<document> RT #USER#: the unemployed are the ones having the most fun ></document>
<document> RT #USER#: I want to thank God for letting me see another day... ></document>
<document> RT #USER#: New CAR, new CRIB. new life. 🥳 I must state its existence 🙏🏾 ></document>
<document> I can't wait for these stamps to press ></document>
<document> RT #USER#: after cleaning the house and lighting a candle, DO NOT TOUCH ANYTHING OTHER AT HOME 🤣 ></document>
<document> RT #USER#: I want to thank God for letting me see another day... ></document>
<document> RT #USER#: Even in the BAD times...God is still GOOD! ></ document>
<document> RT #USER#: This year I will be a better me in every way. ></ document>
<document> RT #USER#: Imagine being late for work and trying to wake your horse from sleep. Please we're late turn the bitch's head 😭 ></document>
<document> RT #USER#: "I have generations of wealth & I'm still not happy” ok then send me your entire bank balance ></document>
<document> RT #USER#: I'm a very independent girl but I love having babies ></document>
<document> RT #USER#: I don't know what it is but being questioned unnecessarily makes my blood boil😭😭 ></document>
<document> RT #USER#: it's so peaceful to have your own place
<document> RT #USER#: being friends with my friends does not automatically make you my friend. ></ document>
<document> RT #USER#: "No man wants a woman.." we don't care hahaha ></document>
<document> RT #USER#: Most bullshit doesn't deserve your time or attention. ></ document>
<document> RT #USER#: Checking Account: $8,644.68 Savings Account: Request $111,881.00 🙏🏽 ></document>
<document> RT #USER#: Our God is a great God🤞🏾 ></document>
<document> RT #USER#: I need a car bro damn it 😒 ></document>
<document> RT #USER#: Thank God for making us see another day 🙌🏾 ></document>
<document> RT #USER#: I want to thank God for letting me see another day... ></document>
<document> RT #USER#: America... where your credit score says you can't afford a $700 mortgage and therefore pay $1,200 in rent ></document>
<document> RT #USER#: IDC HOW MUCH I WAS RED OR BROKEN, I DIDN'T POST WHILE CRYING MYSELF. 😂😂😂😂😂😂😂😂😂😂😂 >< /document>
<document> RT #USER#: Sure Thing by Miguel is a great feeling ></document>
<document> RT #USER#: I touched a lot more money when I was younger and I'm STILL happy for my $1500 so??? Nigga it's free money ></ document>
<document> RT #USER#: DON'T INVITE ME TO YOUR CRAD IF MY CHARGER FAILS FROM THE OUTLETS 🙄😭 ></document>
<document> RT #USER#: Texas said fuck off. ></ document>
<document> RT #USER#: I can cry in front of you with a broken heart and still joke ></document>
<document> RT #USER#: Friend who is Extremely Aggressive around girls😂😂😂😭😭 #URL# ></document>
<document> RT #USER#: I've been through my darkest times alone, so I'm sorry if I pretended.I don't need anyone ></document>
<document> RT #USER#: You are lucky to listen to the voices in my head ></document>
<document> RT #USER#: Don't go ahead without God in 2021. ></ document>
<document> RT #USER#: assurance is the best feeling ever ></document>
<document> RT #USER#: I'm more afraid of my family's death than my own document ></document>
<document> RT #USER#: The colorism is so weird... how do you hate me for being darker than you??? ></ document>
<document> RT #USER#: Zelle is the ultimate money sending application. ></ document>
<document> RT #USER#: So this is how Texas raw dog awaits covid? ></ document>
<document> RT #USER#: Are masks not mandatory in Texas? I'm still wearing mine but you guys relax 😗 ></document>
<document> RT #USER#: I'm not arguing with people who prefer 800 credit points to 20 million.
<document> RT #USER#: Case closed, you heard it.👨🏽‍⚖️ #URL# ></document>
<document> RT #USER#: Damn, a year ago this was our last regular week 🥺 ></document>
<document> RT #USER#: Men will take a good photo and use it for the rest of their lives 🤦🏾‍♀️ ></document>
<document> RT #USER#: There is something about God.. He will make a way!!!! ></ document>
<document> RT #USER#: You just don't get 30 claims and none of them are true. It just doesn't happen. ></ document>
<document> I'm thinking of calling it today ></document>
<document> RT #USER#: sister, you are about to touch a lot of money in March. claim . manifest. talk about your presence. ></ document>
<document> I'm struggling with my sleep ></document>
<document> RT #USER#: 4 Gs : God , Goals , Growing , &amp; Grinding ></ document>
<document> RT #USER#: March please be nice to me and my family 💓 ></document>
<document> RT #USER#: You'll touch a lot of money in March! 🤩 now owns it.. ></ document>
<document> RT #USER#: Cooking is fun when it's only 1. No one told you this &amp; 2. When no one is with you in the kitchen ></ document>
<document> RT #USER#: STOP. TO PUT. YOUR. BAGS. OPEN. THE. GOD. DAMNED. GROUND. ></ document>
<document> RT #USER#: THE WAY MY FRIEND TOUCHED ME CAN NEVER TOUCH ME ❗️❗️ GOD very weird asffffff ></document>
<document> RT #USER#: If you really want to be attractive, pray and get well. ></ document>
<document> I miss you more 🥺 #URL# ></document>
<document> RT #USER#: this is killing me #URL# ></document>
<document> I need to get up and do my hair ></document>
<document> RT #USER#: Praise confuses the enemy 🤍 ></document>
<document> I've had a hangover ></document>
<document> RT #USER#: Thank God for making us see another day 🙌🏾 ></document>
<document> RT #USER#: You're in your 20s. live your life! ></ document>
<document> RT #USER#: Thank you for your payment. Me: #URL# ></ document>
<document> RT #USER#: Son still in 2014 this fit is crazy 😭😭😭😭😭 #URL# ></document>
<document> RT #USER#: I'm really going to collect 8 outfits for a 3-day trip, I don't care 😭 ></document>
<document> RT #USER#: I missed itWhen Walmart is open 24 hours 😫 ></ document>
<document> RT #USER#: Parents say "I know my child".
<document> RT #USER#: Isn't there this much protection in the world ></document>
<document> RT #USER#: DoorDash Lady: "can you meet me at the door?" Are you working for AtdagateDash? ></ document>
<document> RT #USER#: If your friend asks you "what are you wearing tonight" and you think he's trying to beat you up.. you're the problem/hater 😭 ></document>
<document> RT #USER#: And if I drink this blunt girl I'll forget you or Chief Keef said #URL# #URL# ></document>
<document> RT #USER#: I want to thank God for letting me see another day... ></document>
<document> RT #USER#: Let Go &amp; Allah 🙌🏽 ></document>
<document> RT #USER#: As an adult you will actually spend $2,000 on bills in 10 minutes, the whole day is already ruined😂😂😂😂😂😂😂😂 ></document>
<document> RT #USER#: What if Bobby doesn't want to rap anymore looooooo ></document>
<document> RT #USER#: small teeth and big gums scare me ></document>
<document> RT #USER#: Have you cried until you fall asleep, begging God to heal everything you've been through💔😩 ></document>
<document> RT #USER#: Everyone embarrassed? What can I tell you... stay away from me😂 ></ document>
<document> RT #USER#: I touched the shelves, I just spent it wrong. My fault 🤦🏽‍♂️ ></ document>
<document> RT #USER#: You all remember Spinrilla 😂 when you logged out all your music was gone 😂 niggas were sick ></document>
<document> RT #USER#: You were not here. 💅🏾 #URL# ></ document>
<document> RT #USER#: and it was against my will. ></ document>
<document> RT #USER#: "Your invoice is viewable" Who said I want to see this? #URL# ></ document>
<document> RT #USER#: Repeat after me: multiple incomes will be my reality. 👏🏾👏🏾 ></ document>
<document> RT #USER#: I've NEVER seen shit like this in my 25 years 💀🤣 #URL# ></document>
<document> RT #USER#: Our God is a great God🤞🏾 ></document>
<document> RT #USER#: You just had to be there #URL# ></document>
<document> RT #USER#: Nobody : Me : Fuck you. I will just buy. I will give the money back. ></ document>
<document> RT #USER#: The cash app is $600 today. He's probably sad. ></ document>
<document> #USER# Get a wig. ></ document>
<document> RT #USER#: It's basically 2 weeks until daylight savings... thank goodness. Everything is better when the sun is out longer. ></ document>
<document> RT #USER#: Thank God for making us see another day 🙌🏾 ></document>
<document> RT #USER#: I want to thank God for letting me see another day... ></document>
<document> RT #USER#: God, Can I Be A Housewife Already? ></ document>
<document> RT #USER#: I'd be sitting there as if nothing had happened. ></ document>
<document> RT #USER#: One of the things he did right was to VALUE his sister ></document>
<document> RT #USER#: Stop canceling trips because your friends can't go..hey donkey at home ✈️ ></document>
<document> RT #USER#: Friends are running too, AHT AHT! Put back that RAW 😌😂😂 ></ document>
<document> RT #USER#: Our God is a great God🤞🏾 ></document>
<document> RT #USER#: POLICE ALWAYS SAYS "DON'T DRIVE BY WRITE MESSAGE", FIRST OF ALL USE ON A WHOLE LAPTOP 🙄😭 ></document>
<document> RT #USER#: I want to thank God for letting me see another day... ></document>
<document> RT #USER#: I just want a $2500-a-minute Job Monday to Friday 7am-7:05am, nothing crazy. ></ document>
<document> RT #USER#: Things really do drug testing for weed when executives throw cocaine parties. ></ document>
<document> RT #USER#: Congratulations to those who moved on without apology. ></ document>
<document> RT #USER#: Fraternity is important. I wish every woman to find a true friend, a true sister. ></ document>
<document> RT #USER#: Police got out of the car as if preparing to blind &amp; brisk ></ document>
<document> RT #USER#: "Let's eat" is my love language ></document>
<document> RT #USER#: Dad takes his son to the playground #URL# ></document>
<document> RT #USER#: I WILL DIE Behind My Child &amp; You Will Die Behind My Child🗣‼️‼️‼️🤷🏾‍♂️ ></ document>
<document> RT #USER#: Ne F U C K I N G Vehicle warranty B I T C H Stop calling my phone 😭😭😭😩 ></document>
<document> RT #USER#: I've never heard anyone call a Hawaiian roll disgusting😂😂 ></document>
<document> RT #USER#: I'm secretly crying and coming back like I've never gotten an L in public. ></document>
<document> RT #USER#: My parents were so strict I would practice how to ask permission.. ></document>
<document> RT #USER#: March will be a great month. I am excited. ></ document>
<document> RT #USER#: We drove from Dallaska to Diami in 72 hours. ></ document>
<document> RT #USER#: #HASHTAG# rule never makes God #HASHTAG# ></document>
<document> RT #USER#: I open my eyes to see two minutes before my alarm clock rings #URL# ></document>
<document> RT #USER#: need "leave close friends" option ></document>
<document> RT #USER#: My body is confusing me with tf. One week I eat non-stop, the next week I have absolutely no appetite and I'm hungry ></document>
<document> RT #USER#: Look at... #URL# ></document>
<document> RT #USER#: BLACK PEOPLE's lunch break doesn't start until they HANDS their food 🤣🤷🏾‍♀️ ></document>
<document> RT #USER#: I know my little mom is very jealous ></document>
<document> RT #USER#: my brother died 9 years ago... this is when he was a baby &amp; look girl🥺😫❤️ #URL# ></document>
<document> RT #USER#: He wanted to match his father 🥰 #URL# ></document>
<document> RT #USER#: What do you mean by being accused while the pictures are there? ></document>
<document> RT #USER#: Thanks for all you do, &amp; they keep doing it. 💗 ></ document>
<document> RT #USER#: I hope it solves it and beats your ass ></document>
<document> RT #USER#: Squidward was so much fun as if he didn't work and live on the same street as Spongebob💀 ></document>
<document> RT #USER#: Money started working for me in 2022. It's not the other way around. ></ document>
<document> RT #USER#: Trust your intuition, you're not crazy ></document>
<document> RT #USER#: If I breathe too loudly on my favorite part, idgaf, I will restart the whole song ></document>
<document> RT #USER#: delete unnecessary contacts .. 100% recommend 😭 ></document>
<document> RT #USER#: I'm from houston, people are so weird that they don't even say where they get the food ></document>
<document> RT #USER#: Me as a Lawyer: Your Honor, quick question... Am I winning? ></ document>
<document> Yes, my phone is ringing because who calls someone at 5 am? bitch i was sleeping ></document>
<document> RT #USER#: Not the baby on the yacht🤦🏾‍♀️ this bitch is out of her mind #URL# ></document>
<document> RT #USER#: I'm so glad God never said "this is the last time I'll look at you". I am divinely protected and protected. ></ document>
<document> RT #USER#: Second wave of sleep after waking up too early the first time &gt;&gt;&gt;&gt;&gt; ></ document>
<document> RT #USER#: I hate cars without Tint, get me out of this water bottle 😡😡 ></document>

</author>