
	
		<document> RT #USER#: Nigga Tory pulled up to the scene with his ceiling missing 🤦🏾‍♂️😂 #URL# ></document>
		<document> RT #USER#: 5’7 is a gay ass height. ></document>
		<document> RT #USER#: I pray that you’ll be able to discern the difference between friends and opportunists. ></document>
		<document> RT #USER#: you're not a witch, you're mentally ill and have candles ></document>
		<document> RT #USER#: I'm so glad I cut off every dumb bitch that ever came into my life ></document>
		<document> RT #USER#: y’all niggas paying for streams and think we don’t notice. the booty don’t match the thighs! ></document>
		<document> The same ones commenting “Yes Bitch😍” on the ugly friend’s photo be gassing you up. Think about that 😳 ></document>
		<document> RT #USER#: Wheeewww that shit was wet this morn ❤️ ></document>
		<document> I got 600 reasons why it should be with me 😏 #URL# ></document>
		<document> Who got the link to this? #URL# ></document>
		<document> RT #USER#: i feel like crying all day idk ></document>
		<document> I just bout had my fill of whitey on the moon #URL# ></document>
		<document> RT #USER#: Ya try so hard to sound so woke and ya be BIG STUPID ></document>
		<document> RT #USER#: Dee really squabbled down two magical jiggaboos while everybody grown was running round afraid of the white people ></document>
		<document> #USER# The projection here is so strong 😂 ></document>
		<document> #USER# #USER# Save your money, these people are con artists. ></document>
		<document> #USER# This is what happens when you listen to Gary The Crackhead ></document>
		<document> Found the perfect meme for you whores #URL# ></document>
		<document> RT #USER#: Raw, velvety malachite #URL# ></document>
		<document> Bitches 4 trump got the driest coochies in the game ></document>
		<document> RT #USER#: “Where’d you get those facts from?” “Some anon account on Twi... you’re missing the point” ></document>
		<document> RT #USER#: miss me with that bullshit #URL# ></document>
		<document> RT #USER#: Sometimes wats around u can stop u from seeing the bigger U ></document>
		<document> RT #USER#: That one black person you can play as in a 1998-2005 snowboarding game. #URL# ></document>
		<document> #USER# #USER# Q has nothing to do with any of that 🤡 resurrecting month+ old threads obviously you’re a dumb old man ></document>
		<document> Black women 😍😍😍 ></document>
		<document> RT #USER#: if ya lost me #URL# ></document>
		<document> RT #USER#: How forex traders be #URL# ></document>
		<document> RT #USER#: stop expecting mature actions from young minded people. ></document>
		<document> RT #USER#: I want the parents chastised, directors electrocuted, children put in therapy and anyone else involved arrested. ></document>
		<document> RT #USER#: There's a reason nobody ever wrote a song titled "Fuck the fire department" ></document>
		<document> RT #USER#: according to my calendar it is time for me to think about my favorite twist ending of all time #URL# ></document>
		<document> #USER# Aye you cute but nah ></document>
		<document> RT #USER#: me to the trump train: ></document>
		<document> #USER# Nigga hit the crack pipe before tweetin this ></document>
		<document> I like my bitch a lil dumb but baby you pushing it ></document>
		<document> RT #USER#: Never seen anything like it? #URL# ></document>
		<document> The jokes write themselves #URL# ></document>
		<document> RT #USER#: Here are the tapes. #HASHTAG# #URL# ></document>
		<document> RT #USER#: how do y’all just be believing everything? ></document>
		<document> RT #USER#: R.I.P. Mac Miller I miss you mane ></document>
		<document> #USER# #USER# Do u think anyone cares? Honestly ></document>
		<document> RT #USER#: People will say "we're not meant to drink cow milk!!!" and then....... do coke!!!! ></document>
		<document> RT #USER#: RT for good luck #URL# ></document>
		<document> and God said “Let these bitches get scammed” 🙏🏼💯 ></document>
		<document> RT #USER#: 9 movies while fighting cancer.. 🐐 real superhero shit no cap ></document>
		<document> #USER# #USER# It really must suck hating your own reflection. Better luck next life loser ></document>
		<document> #USER# #USER# Found the boot licker ></document>
		<document> #USER# Shut the fuck up nerd ></document>
		<document> Terry Crews behavior should not surprise anyone mans is a straight coon in half his movies ></document>
		<document> RT #USER#: 180,000 deaths and counting. #URL# ></document>
		<document> RT #USER#: America is a plantation ></document>
		<document> RT #USER#: Great first night at the Republican National Convention #URL# ></document>
		<document> I be feeling bad for ya and then I remember karma is just taking it’s course ></document>
		<document> RT #USER#: short man syndrome is real. They be so rude to women. Lol ></document>
		<document> RT #USER#: the way people are so comfortable living in their own delusion.. sickening ></document>
		<document> Stay strong nigga, keep fighting #URL# ></document>
		<document> These niggas be talking like HOES. What’s wrong wit ‘em? 🤭 ></document>
		<document> RT #USER#: the sexual tension between the moon and the ocean ></document>
		<document> RT #USER#: Bitches be loud and their ass be flat, pissing me off twice ></document>
		<document> Championship rounds 🛎 🔨 ></document>
		<document> In the octagon wit these edibles rn ></document>
		<document> RT #USER#: #USER# Mean while carti like “.....” #URL# ></document>
		<document> Trash like to fuck for $40 in the club 🤢 fuckin up the game bitch YA GETS NO LOVE ></document>
		<document> These new bitches wild brah in my day the cum-on-face pics stayed between involved parties, not the whole damn timeline 😵 ></document>
		<document> RT #USER#: Y’all be like “I’m nothing like you niggas 👹👺” bro...Thank God ></document>
		<document> RT #USER#: People be on their phone 24/7 and think it’s a sign from the universe they see 11:11 ></document>
		<document> Following people only for the front row seat of their deteriorating mental &gt; ></document>
		<document> my crush is a bird brained coke head...but she’s so hot...fml ></document>
		<document> RT #USER#: I hate my crush ></document>
		<document> RT #USER#: Yo no amo no Thotties! Trust me ></document>
		<document> RT #USER#: llama and camel eyes up close #URL# ></document>
		<document> RT #USER#: The song is called wet ass pussy fuck they supposed to rap about prison reform?? ></document>
		<document> I love BLACKPINK! Jennie and Lisa r my favorite :) ></document>
		<document> RT #USER#: He deserved that #URL# ></document>
		<document> RT #USER#: physically im here but mentally im #URL# ></document>
		<document> Baby I pray’d 4 u but clearly that#USER# ain’t work ></document>
		<document> When she slurp the nut outta you like she skipped lunch &gt;&gt;&gt; ></document>
		<document> RT #USER#: My children deserve two stable parents who have done their healing work, before bringing them into this world. ></document>
		<document> RT #USER#: The House of Cum ></document>
		<document> RT #USER#: u cant save em all. ></document>
		<document> #USER# cult for the low IQ, he makes them feel special though 😜 ></document>
		<document> #USER# Is your mom dead? ></document>
		<document> RT #USER#: Wayfair conspiracy theorists are overwhelming the National Human Trafficking Hotline #URL# ></document>
		<document> When U kinda feel bad for how stupid someone is but they also kinda deserve it so u just let it rock ></document>
		<document> RT #USER#: call me John cause I’ve Cena enough ></document>
		<document> #USER# Qanon’s cult for idiots ></document>
		<document> RT #USER#: The Republican Party is dead. It’s the Trump Party of fascism and white supremacy now. ></document>
		<document> RT #USER#: You’re not a revolutionary if you’re not an ally to women. ></document>
		<document> They could zoom out and still miss the bigger picture ></document>
		<document> RT #USER#: I can’t relate to no fuckin snake.... ></document>
		<document> RT #USER#: found my new fav tiktok #URL# ></document>
		<document> #USER# my frontal lobe had a growth spurt ></document>
		<document> Ye is a victim but you birds just gonna laugh it off like he’s a nut ></document>
		<document> RT #USER#: It’s 2020, if you can’t tell some Zaza from some Platinum it’s just natural selection at this point 😂 ></document>
		<document> #USER# how about body guard but with a role reversal a white women guarding a black man from the harsh government and assassination ></document>
		<document> So much natural selection happening at once ></document>
		<document> #USER# It’s been a LARP since day 1. It’s not too late to deprogram yourself ></document>
		<document> RT #USER#: Disneyworld opening today: #URL# ></document>
		<document> RT #USER#: “The truth is out there” what they really mean: #URL# ></document>
		<document> #USER# #USER# #USER# #USER# It’s “You’re”. I wouldn’t expect a 70 iq Qtard to know that, though ></document>
		<document> #USER# #USER# #USER# #USER# #USER# #USER# You think I watch cable news? 😂 Q is a larp and you’re a victim ></document>
		<document> RT #USER#: It's your destiny... ></document>
		<document> RT #USER#: If Will wants to get back at Jada, I’m here. ></document>
		<document> RT #USER#: “Im this old....” #URL# ></document>
		<document> RT #USER#: Fuck Covid tests, drug test these UFC refs ASAP ></document>
		<document> If a man hasn’t put his bare tongue straight into your asshole I promise u not as fine as u think u r ></document>
		<document> learn from scammers 2 become the scammer 🦋 ></document>
		<document> Baby tug on my meat like the sheets when it’s cold... ></document>
		<document> So many disposable puppets ></document>
		<document> #USER# I like to use menstrual blud ></document>
		<document> #USER# gon watch it himself and screenshot but wont put me on...selfish ></document>
		<document> #USER# Drop the link chief ></document>
		<document> RT #USER#: This is why I only play with friends 😂 #URL# ></document>
		<document> Humanity peaked long ago we are experiencing the decline in real time ></document>
		<document> Idc no mo 💅🏾💆🏾‍♀️ ></document>
		<document> #USER# Nice baby mits ></document>
		<document> #USER# This was 6 years ago pally I’m packing heat now lol ></document>
		<document> It’s PYT for me #URL# #URL# ></document>
		<document> Y’all still preaching from the same book that was used to justify slavery? #URL# ></document>
		<document> U Can Smell The Dick On These Niggas Bref 🤢 ></document>
		<document> #USER# bro I be telling her to chill fr I ain’t gonna be able to have kids cause she done sucked all the nut up out my balls smh ></document>
		<document> Y’all be like “I’m nothing like you niggas 👹👺” bro...Thank God ></document>
		<document> niggas who hate gays are the biggest faggots ></document>
		<document> RT #USER#: I DID THAT SHIT. #URL# ></document>
		<document> Im like neji with the reggie. You done miss me with that kaka #URL# ></document>
		<document> Last thing shawty seen #URL# ></document>
		<document> cocaine is expensive #URL# ></document>
		<document> RT #USER#: Rock music at Nigerian weddings needs to be normalised!! 😫😂 Love this! 😫 #URL# ></document>
		<document> U cannot reach me on my samsung, I’m busy fucking the world and giving the universe my damn tongue ></document>
		<document> i’ma keep it short sweet and honest wit y’all. I need my dick sucked ></document>
		<document> sociopaths, narcissists, and your enablers can all collectively gobble these nuts 💯 ></document>
		<document> ever notice the people who love to gossip and lie stay huddled up like a rat pack? ></document>
		<document> RT #USER#: meditation is temporary drip is forever #URL# ></document>
		<document> RT #USER#: From the creators of elf on a shelf We present to you: #URL# ></document>
		<document> RT #USER#: So y'all heard of Elf on a Shelf? Get ready for #URL# ></document>
		<document> u got nerve coming on here with pastey skin talking bout some “white people this white people that” lol that’s U! ></document>
		<document> RT #USER#: sorry to interrupt, important news: #URL# ></document>
		<document> only a coward could put their hands on a woman like this. he don’t love you babe #URL# ></document>
		<document> miss when baby would rub on my gooch nibble my ear and read Goodnight Moon😞👉🏼👈🏼 ></document>
		<document> pull up on the block wit my cock like a rock #HASHTAG#🤮🤢🐍 ></document>
		<document> Damn pls check ur pussy for towel paper before i eat it 😩😩😩i swear every good damn time ></document>
		<document> RT #USER#: Mom: "is the cat with u?" Me n the cat: #URL# ></document>
		<document> RT #USER#: #USER# He broke that boys back... and im not mad about it #URL# ></document>
		<document> RT #USER#: Why is my son sleeping on the floor like this? LMFAO #URL# ></document>
		<document> RT #USER#: Girls what's stopping y'all from looking like this? #URL# ></document>
		<document> RT #USER#: Manifesting a trip to New Orleans with the love of my life #URL# ></document>
		<document> RT #USER#: Yes I'm an artist. Yes I don't make any art. We exist ></document>
		<document> RT #USER#: This y they like skinny niggas 😌 #URL# ></document>
		<document> Pan pizza can be eaten buy anyone but a home made handtossed thats for the true family. &lt;&lt;&lt;And🥵😩 if shes a brooklyn style ></document>
		<document> RT #USER#: I DID IT I FUCKING DID IT 😭😭😭😭😭😭😭😭😭😭😭😭😭😭😭 I CAME OUT AS BISEXUAL TO MY MOM #URL# ></document>
		<document> Where the pot at im feeling sexual🥴🤪🥵 ></document>
		<document> RT #USER#: if I see one more tweet about insecure, imma send anonymous on yall no cap ></document>
		<document> RT #USER#: #USER# #USER# Only the elite will understand #URL# ></document>
		<document> Where is the BLACK #HASHTAG# #HASHTAG# ></document>
		<document> RT #USER#: GTA V in the PS5 era #URL# ></document>
		<document> RT #USER#: #USER# My body count was 86 at 18. 🤷🏽‍♀️ ></document>
		<document> niggas be clones. not even good ones. the ugly one the scientist is ashamed of ></document>
		<document> if u got a pussy that be grippin and fartin bang my line ☎️ ></document>
		<document> RT #USER#: #USER# nothin happy pride month ></document>
		<document> RT #USER#: "Femboy hooters is just a gay bar. You gay nigga" #URL# ></document>
		<document> RT #USER#: Being homophobic is kinda gay cuz you letting a gay nigga control yo emotions like he yo boyfriend ></document>
		<document> RT #USER#: how you niggas look shielding eminem from slander #URL# ></document>
		<document> neeed asian gf with anime pussy 😩 *squish squish* uuwuuu ></document>
		<document> These boys capping like they working at lids ></document>
		<document> I accept that im a glitch in this simulation. ></document>
		<document> me I never get tired red bull gave me wings 🕊 ></document>
		<document> Boy dont you get tired of riding take that dick out yo ass. ></document>
		<document> RT #USER#: gm here’s a cat doing pottery #URL# ></document>
		<document> Never thought ill be saying this but Dont search for doja cat on pornhub. ></document>
		<document> Tweeted from nokia ></document>
		<document> RT #USER#: streets needed this 💯💯 #URL# ></document>
		<document> RT #USER#: philosophy majors be like i got a thought due tomorrow ></document>
		<document> Keep it vanilla 👌less stress in the long run. ></document>
		<document> RT #USER#: y’all Facebook was JOKES last night I couldn’t believe my eyes. #URL# ></document>
		<document> Have you ever made a girl hyperventilate 🥵 ></document>
		<document> RT #USER#: thinking about the power of this queen’s p*ssy this morning #URL# ></document>
		<document> RT #USER#: Him: “You trynna go round two” ? Me: ></document>
		<document> RT #USER#: Came bacc my penthouse empty as my heart guess that’s how shit pose to be ></document>
		<document> RT #USER#: I’m good mane I just be ventin a lil bit. Watch how I’m bout to come tho 🖤🦍. ></document>
		<document> RT #USER#: Imma strong ass young nigga when I think about it. Any other nigga in my shoes would’ve been folded 💯🙏🏽 ></document>
		<document> #USER# Watch the live action u would feel better💀🤙 ></document>
		<document> RT #USER#: His lace is LAID okay?! #URL# ></document>
		<document> RT #USER#: #USER# Women in the comment section right now #URL# ></document>
		<document> RT #USER#: The low “stupid ass” took me out! 😭 #URL# ></document>
		<document> RT #USER#: Drake posted his son I might post my bitch ></document>
		<document> RT #USER#: Ummm so I found this earlier today... #URL# ></document>
		<document> RT #USER#: ok i’m gay again ></document>
		<document> RT #USER#: like if you wanted me to pack my stuff and walk home you shoulda just said that ></document>
		<document> Sis that means cuddle me im lil spoon now #URL# ></document>
		<document> RT #USER#: what life feels like right now #URL# ></document>
		<document> RT #USER#: #USER# He tooted that thang up #URL# ></document>
		<document> RT #USER#: When the top wants there ass ate too 😩😭 #URL# ></document>
		<document> RT #USER#: they told this deaf girl she eat asss in the comments 😂 look what df she did 💀 #URL# ></document>
		<document> RT #USER#: Before you dm me just know this is how I’m built #URL# ></document>
		<document> RT #USER#: I been crying at this for like 7 minutes #URL# ></document>
		<document> RT #USER#: Lmao Mad o #URL# ></document>
		<document> Damn they selling the cure for Corona already🤯#HASHTAG# ></document>
		<document> How can you tell the difference between pepsiand coke but cant tell the difference between terrel and jamal🤦🏾‍♂️🤷🏾‍♂️ ></document>
		<document> Do ppl still get down on one knee ></document>
	
</author><document> RT #USER#: Nigga Tory arrives at the scene with the ceiling missing 🤦🏾‍♂️😂 #URL# ></document>
<document> RT #USER#: 5'7 gay ass. ></ document>
<document> RT #USER#: I pray you can understand the difference between friends and opportunists. ></ document>
<document> RT #USER#: you are not a witch, you are mentally ill and you have candles ></document>
<document> RT #USER#: I'm so happy to cut every stupid bitch that comes into my life ></document>
<document> RT #USER#: You niggas pay for broadcasts and you think we don't notice. booty does not fit hips! ></ document>
<document> Those who say "Yes Bitch😍" to the ugly friend's photo are getting angry. Think about it 😳 ></ document>
<document> RT #USER#: Wheeewww this shit was wet this morning ❤️ ></document>
<document> I have 600 reasons to be with you 😏 #URL# ></document>
<document> Who found the link to this? #URL# ></ document>
<document> RT #USER#: I feel like crying all day I don't know ></document>
<document> I was full of white on the moon #URL# ></document>
<document> RT #USER#: If you try so hard to look so alert, you'll be BIG STUPID ></document>
<document> RT #USER#: Dee really pitted two magical jiggabos against each other as adults run around scared of white people ></document>
<document> #USER# The prediction here is very strong 😂 ></document>
<document> #USER# #USER# Don't waste your money, these people are scammers. ></ document>
<document> #USER# This is what happens when you listen to Gary The Crackhead ></document>
<document> I found the perfect meme for you whores #URL# ></document>
<document> RT #USER#: Raw, velvety malachite #URL# ></document>
<document> Bitches 4 trump has the driest puke in the game ></document>
<document> RT #USER#: "Where did you get these facts?" "An anonymous account on Twi... You're missing the point" ></document>
<document> RT #USER#: miss me with #URL# crap ></document>
<document> RT #USER#: Sometimes your surroundings can prevent you from seeing the larger U ></document>
<document> RT #USER#: The only black person you can play with like in the 1998-2005 snowboard game. #URL# ></ document>
<document> #USER# #USER# Q has nothing to do with these 🤡 monthly + reviving old threads obviously you're a stupid old man ></document>
<document> Black women 😍😍😍 ></document>
<document> RT #USER#: if you lose me #URL# ></document>
<document> RT #USER#: How Forex traders become #URL# ></document>
<document> RT #USER#: stop expecting mature actions from young minded people. ></ document>
<document> RT #USER#: I want parents punished, principals electrocuted, children treated, and everyone else involved arrested. ></ document>
<document> RT #USER#: There's a reason no one wrote a song called "Fuck the Fireman" ></document>
<document> RT #USER#: it's time to think about my favorite twist ending according to my calendarl time #URL# ></document>
<document> #USER# Yes you're cute but no ></document>
<document> RT #USER#: take me to the trump train: ></document>
<document> #USER# Nigga went crazy before tweeting in this ></document>
<document> I love my bitch a bit silly but baby you push her ></document>
<document> RT #USER#: Never seen anything like this? #URL# ></ document>
<document> Jokes write themselves #URL# ></document>
<document> RT #USER#: Here are the tapes. #HASHTAG# #URL# ></document>
<document> RT #USER#: How do you believe everything? ></ document>
<document> RT #USER#: R.I.P. Mac Miller miss you mane ></document>
<document> #USER# #USER# Do you think anyone cares? To be honest ></ document>
<document> RT #USER#: People "We shouldn't drink cow's milk!!!" they will say. and then....... make a coke!!!! ></ document>
<document> RT #USER#: RT #URL# ></document> for good luck
<document> and God said "Let these bitches get scammed" 🙏🏼💯 ></document>
<document> RT #USER#: 9 movies fighting cancer.. 🐐 real superhero no shit ></document>
<document> #USER# #USER# It must really suck to hate your own reflection. Good luck to the next survivor ></document>
<document> #USER# #USER# found Boot Licker ></document>
<document> #USER# Shut up cow ></document>
<document> Terry Crews' behavior should come as no surprise to anyone, with half of his films being a heterosexual raccoon ></document>
<document> RT #USER#: 180,000 deaths and increasing. #URL# ></ document>
<document> RT #USER#: America is a farm ></document>
<document> RT #USER#: A great first night at the Republican National Convention #URL# ></document>
<document> I feel sorry for you and then I remember the karma was alright ></document>
<document> RT #USER#: short man syndrome is real. They are very rude to women. </document>
<document> RT #USER#: people living so comfortable in their own illusions.. disgusting ></document>
<document> Stay strong nigga, keep fighting #URL# ></document>
<document> These niggas talkin' like HOES What's wrong with them? 🤭 ></ document>
<document> RT #USER#: sexual tension between the moon and the ocean ></document>
<document> RT #USER#: Bitches loud and their asses straight, pissing me off twice ></document>
<document> Championship rounds 🛎 🔨 ></document>
<document> In octagon with these edibles ></document>
<document> RT #USER#: #USER# "....." #URL# ></document>
<document> Trash like making love at the club for $40
<document> These new bitches, in my time, facial pics got stuck between interested parties, not the whole damn timeline 😵 ></document>
<document> RT #USER#: You'll say "I'm not like your niggas 👹👺" bro... Thank God ></document>
<document> RT #USER#: People are on their phones 24/7 and they think what they see is a sign from the universe 11:11 ></document>
<document> is following Peojust for the front row seat ple their worsening mental &gt; ></ document>
<document> my love is a bird-brained cocaine head...but so sexy...fml ></document>
<document> RT #USER#: I hate the person I'm in love with ></document>
<document> RT #USER#: No, no, no Thotties! trust me ></ document>
<document> RT #USER#: llama and camel eyes close up #URL# ></document>
<document> RT #USER#: The name of the song is wet ass pussy they were supposed to rap about fucking prison reform? ></ document>
<document> I love BLACKPINK! Jennie and Lisa are my favorite :) ></document>
<document> RT #USER#: He deserved #URL# ></document>
<document> RT #USER#: physically here but mentally at #URL# ></document>
<document> Baby, I'm praying but #USER# obviously doesn't work ></document>
<document> When you slurp a hazelnut out of your mouth as if you skipped lunch &gt;&gt;&gt; ></ document>
<document> RT #USER#: My children deserve two stable parents who did the healing work before they were brought into this world. ></ document>
<document> RT #USER#: The House of Cum ></document>
<document> RT #USER#: you cannot save them all. ></ document>
<document> #USER# is a cult for low IQs, yet it makes them feel special 😜 ></document>
<document> #USER# Is your mother dead? ></ document>
<document> RT #USER#: Wayfair conspiracy theorists crush National Human Trafficking Hotline #URL# ></document>
<document> If you feel bad about how stupid someone is but they deserve it, so shake it off ></document>
<document> RT #USER#: Call me John because I have enough Cena ></document>
<document> #USER# The cult of Qanon for idiots ></document>
<document> RT #USER#: The Republican Party is dead. Now the Trump Party of fascism and white supremacy. ></ document>
<document> RT #USER#: If you are not an ally of women, you are not a revolutionary. ></ document>
<document> They can zoom out and still miss the big picture ></document>
<document> RT #USER#: I can't relate to any damn snakes.... ></document>
<document> RT #USER#: found my new favorite tiktok #URL# ></document>
<document> #USER# had a rapid growth in my frontal lobe ></document>
<document> You're a victim, but you birds will laugh at her like crazy ></document>
<document> RT #USER#: Year 2020, if you can't tell some Zazas from Platinums, at this point it's just natural selection 😂 ></document>
<document> #USER#, how about the bodyguard where the role of a white woman protecting a black man from harsh government and assassination is reversed ></document>
<document> Too much natural selection happening at once ></document>
<document> #USER# has been a LARP since day 1. It's not too late to remove yourself from the program ></document>
<document> RT #USER#: Disneyworld opens today: #URL# ></document>
<document> RT #USER#: "The truth is out there" is what they really mean: #URL# ></document>
<document> #USER# #USER# #USER# #USER# "You". I wouldn't expect the 70 iq Qtard to know this though ></document>
<document> #USER# #USER# #USER# #USER# #USER# #USER# You think I'm watching cable news? 😂 Q is a larp and you are a victim ></ document>
<document> RT #USER#: This is your destiny... ></document>
<document> RT #USER#: If Will wants to get back to Jada, I'm here. ></ document>
<document> RT #USER#: "I'm this old..." #URL# ></document>
<document> RT #USER#: Fuck the covid tests, drug test these UFC refs ASAP ></document>
<document> Unless a guy sticks his bare tongue straight up your ass, I promise you you're not as good as you think ></document>
<document> learn from scammers 2 be scammers 🦋 ></document>
<document> Baby pulls my flesh like a sheet in the cold... ></document>
<document> Lots of disposable puppets ></document>
<document> #USER# I like to use menstrual bleeding ></document>
<document> #USER# will watch itself and take a screenshot but won't... selfishly put me in the ></document>
<document> #USER# Release the connection chief ></document>
<document> RT #USER#: So I just play with my friends 😂 #URL# ></document>
<document> Humanity peaked a long time ago, we are in decline in real time ></document>
<document> No mo 💅🏾💆🏾‍♀️ ></document>
<document> #USER# Nice baby mits ></document>
<document> #USER# That was 6 years ago pally I'm collecting heat now lol ></document>
<document> PYT for me #URL# #URL# ></document>
<document> Are you still preaching from the book used to justify slavery? #URL# ></ document>
<document> You Can Smell Your Dick In This Niggas Bref 🤢 ></document>
<document> #USER# bro I tell him to calm down because I can't have kids because he sucked all my testicles smh ></document>
<document> Y'all gonna say "I'm not like your niggas 👹👺" bro...thank God ></document>
<document> niggas who hate gays are the biggest fags ></document>
<document> RT #USER#: I MADE THIS BUG. #URL# ></ document>
<document> I'm like Neji with Reggie. You really missed me with that poop #URL# ></document>
<document> Last thing Shawty saw #URL# ></document>
<document> cocaine is expensive #URL# ></document>
<document> RT #USER#: Rock music needs to be normalized at Nigerian weddings!! 😫😂 I love this! 😫 #URL# ></ document>
<document> You can't reach me on my Samsung, I'm busy fuckin' the world and giving the universe my damn tongue ></document>
<document> I'll keep it short, sweet and honest with all of you. I need my dick sucked ></document>
<document> sociopaths, narcissists, and your facilitators can all wipe these nuts out 💯 ></document>
<document> Have you ever noticed that people who like to gossip and lie stick together like a flock of mice? ></ document>
<document> RT #USER#: meditation is temporary drop is permanent #URL# ></document>
<document> RT #USER#: From the creators of the elf on the shelf We present to you: #URL# ></document>
<document> RT #USER#: Have you heard of Elf on a Shelf? Prepare for #URL# ></document>
<document> you have the couragewe're talking about some "white people these white people" with pale skin, huh, that's U! ></ document>
<document> RT #USER#: sorry to interrupt, important news: #URL# ></document>
<document> Only a coward can reach out to such a woman. she doesn't love you baby #URL# ></document>
<document> i miss the time when my baby rubbed my hair, nibbled on my ear and read Goodnight Moon😞👉🏼👈🏼 ></document>
Pull up on the boulder block with my <document> tool #HASHTAG#🤮🤢🐍 ></document>
<document> Damn, before you eat, please check if you have a towel in your cunt.
<document> RT #USER#: Mom: "Is the cat with you?" I cat: #URL# ></document>
<document> RT #USER#: #USER# He broke kids' backs... and I'm not mad about it #URL# ></document>
<document> RT #USER#: Why is my son sleeping on the floor like this? LMFAO #URL# ></ document>
<document> RT #USER#: Girls, what's keeping you from looking like this? #URL# ></ document>
<document> RT #USER#: I am expressing a trip to New Orleans with the love of my life #URL# ></document>
<document> RT #USER#: Yes, I am an artist. Yes, I don't make art. We exist ></ document>
<document> RT #USER#: They love these y skinny niggas 😌 #URL# ></document>
<document> Pan pizza can be eaten by anyone except a homemade handmade pizza for the real family. &lt;&lt;&lt;And🥵😩 if it's a brooklyn style ></document>
<document> RT #USER#: I DID IT I DID IT I DID IT 😭😭😭😭😭😭😭😭😭😭😭😭😭😭😭 I SAW MY MOM WITHOUT A BICYCLE #URL# ></document>
<document> I feel sexual🥴🤪🥵 ></document>
<document> RT #USER#: if I see another tweet about insecure, I will send you all anonymous ></document>
<document> RT #USER#: #USER# #USER# Only the elite will understand #URL# ></document>
Where is <document> BLACK #HASHTAG# #HASHTAG# ></document>?
<document> RT #USER#: GTA V in the PS5 era #URL# ></document>
<document> RT #USER#: #USER# Body count was 86 at age 18. 🤷🏽‍♀️ ></document>
<document> niggas can be clones. Not even the good ones. the ugly ></document> that the scientist is ashamed of
<document> if you pinch a pussy and fart and blow my line ☎️ ></document>
<document> RT #USER#: #USER# nothing is a happy month of pride ></document>
<document> RT #USER#: "Femboy hooters is just a gay bar. You gay nigga" #URL# ></document>
<document> RT #USER#: Being homophobic is a bit gay because you let a gay black man control his emotions like your boyfriend ></document>
<document> RT #USER#: how you niggas protect eminem from defamation #URL# ></document>
<document> i need asian girlfriend with anime cat 😩 *squish squish* uuwuuu ></document>
<document> These kids are pretending to work on their eyelids ></document>
<document> I admit that I have a glitch in this simulation. ></ document>
<document> i never get tired red bull gave me wings 🕊 ></document>
<document> Son, don't get tired of riding, get that dick out your ass. ></ document>
<document> RT #USER#: gm is making a cat herepottery #URL# ></ document>
<document> I never thought I'd say this but don't search for a doja cat on pornhub. ></ document>
<document> Tweeted from nokia ></document>
<document> RT #USER#: the streets needed this 💯💯 #URL# ></document>
<document> RT #USER#: philosophy majors it feels like I have an idea to submit tomorrow ></document>
<document> Keep it normal 👌 less stressful in the long run. ></ document>
<document> RT #USER#: You were all JOKING on Facebook last night, I couldn't believe my eyes. #URL# ></ document>
<document> Have you ever hyperventilated a girl 🥵 ></document>
<document> RT #USER#: I'm thinking about the power of this queen's pussy this morning #URL# ></document>
<document> RT #USER#: O: "Trying to go to the second round"? Me: ></ document>
<document> RT #USER#: I came to my loft empty, I think my heart is making such a shitty pose ></document>
<document> RT #USER#: I'm fine, just showing off. Watch how I come 🖤🦍. ></ document>
<document> RT #USER#: When I think about it, I become a strong-ass young nigga. If there was another nigga in my place he would have folded 💯🙏🏽 ></document>
<document> #USER# Watch the live action, you will feel better💀🤙 ></document>
<document> RT #USER#: The laces LEAK, okay?! #URL# ></ document>
<document> RT #USER#: #USER# Women are currently in the comments section #URL# ></document>
<document> RT #USER#: The bastard "stupid ass" took me away! 😭 #URL# ></ document>
<document> RT #USER#: Drake posted his son, I can post my bitch ></document>
<document> RT #USER#: Ummm, I found this earlier today... #URL# ></document>
<document> RT #USER#: ok, I'm gay again ></document>
<document> RT #USER#: if you want me to pack my stuff and walk home, just say it ></document>
<document> Sister this means hug me with the little spoon now #URL# ></document>
<document> RT #USER#: how does life feel right now #URL# ></document>
<document> RT #USER#: #USER# Wrote this message as #URL# ></document>
<document> RT #USER#: He ate ass when he wanted it most 😩😭 #URL# ></document>
<document> RT #USER#: they said in the comments that you ate this deaf girl ass 😂 look what she did 💀 #URL# ></document>
<document> RT #USER#: Before you DM me, know that I'm built like this #URL# ></document>
<document> RT #USER#: I've been crying about this for about 7 minutes #URL# ></document>
<document> RT #USER#: #URL# ></document>
<document> They're already selling the cure for the damn Corona🤯#HASHTAG# ></document>
<document> how can you tell the difference between pepsi and coke but can't tell the difference between terrel and jamal🤦🏾‍♂️🤷🏾‍♂️ ></document>
<document> Do people still get down on their knees ></document>

</author>