
	
		<document> My home is my castle. #HASHTAG# #URL# ></document>
		<document> What can I say. People are not equal.🧐 #URL# #URL# ></document>
		<document> I very much enjoy our little chat group on Telegram btw. Go to #URL# and hit the Discussion button. ></document>
		<document> #USER# They should give it another try. ></document>
		<document> Woke, white men literally only want one thing, and it's absolutely disg....... glorious.😆 #URL# ></document>
		<document> What if Whites would find out about their plans? #URL# ></document>
		<document> #USER# I would like to know more about this painting myself. ></document>
		<document> I see you as the mother of my children. What do you think? #HASHTAG# #URL# ></document>
		<document> #USER# That was quick. What can I say: White men always find solutions. ></document>
		<document> "Thank heavens that I am White!" 😀 #URL# ></document>
		<document> Dating in the countryside. 😉 #URL# ></document>
		<document> Whilst cleaning up my docs I found this comment from a former member. Will go to sleep with a smile on my face. 🙂 #URL# ></document>
		<document> White snow in Whiteland. #HASHTAG# #URL# ></document>
		<document> When you are White, there is no upgrade. Don't mix. #HASHTAG# #HASHTAG# #URL# ></document>
		<document> Life is dangerous. But there are risks that can be easily avoided.🧐 #HASHTAG# #URL# ></document>
		<document> What a Woman. Approved. #URL# ></document>
		<document> How to stay discrete on a defamed dating site:👇 #URL# ></document>
		<document> Also, if you want to know who rules over you, check out Grammarly. #URL# ></document>
		<document> #USER# #USER# Schwarzenegger is a total embarrassment to the white race. He could have been great, he chose to be a traitor. ></document>
		<document> #USER# I would like to be able to offer you more choices in your area. Alas, white women with trad potential are a rare species. ></document>
		<document> #USER# Correct :) I hail these parents. What an achievement. #URL# ></document>
		<document> A #HASHTAG# taking a stroll. How many children do you count? #URL# ></document>
		<document> #USER# Yes, seems to be. Thanks! ></document>
		<document> Odin and Brunhild (1915, but who is the painter?) #HASHTAG# #HASHTAG# #URL# ></document>
		<document> These are paintings, not photographs. #HASHTAG# #HASHTAG# #URL# ></document>
		<document> Who built the castles? Who wrote the symphonies? Who invented the prototype of almost everything we use on a daily basis? 🤔 ></document>
		<document> Pay with BTC, get 20% off until further notice. #URL# #URL# ></document>
		<document> We are the only ones we have got. Let's collect the pieces, forgive and rebuild. #URL# ></document>
		<document> #USER# Interesting. Got a point. #URL# ></document>
		<document> What do you think of #URL# ? ></document>
		<document> What do you think of #URL# ? ></document>
		<document> And this is just the beginning. Let's be constructive. 🛠️🏘️🌳👨‍👩‍👦‍👦👨‍👩‍👧‍👦👶🍼 #URL# ></document>
		<document> Kudos. Well deserved! 🥇 #URL# ></document>
		<document> Loomis, Andrew (b,1892)- Couple Hugging, 1943 #URL# ></document>
		<document> We also need our roots to live. #HASHTAG# #URL# ></document>
		<document> Entering full Christmas relaxation mode by listening to Oh Tannenbaum / Oh Christmas Tree in French chanson version: #URL# ></document>
		<document> And the lyrics: #URL# ></document>
		<document> My favourite German Christmas song, Stille Nacht, beautifully interpreted. #URL# ></document>
		<document> To follow up with the thread click here #URL# ></document>
		<document> Look at these beautiful faces. #URL# ></document>
		<document> Christmas is in the Air! 🎄 Freudenberg, North Rhine-Westphalia Greetings from Germany 🍻 #URL# ></document>
		<document> What a great idea for guerrilla marketing 😍 #URL# ></document>
		<document> A walk on a rainy day can be very romantic. Just depends on the setting.😍 #HASHTAG# #URL# ></document>
		<document> A Russian photographer capturing beautiful family moments. #HASHTAG#. #URL# #URL# ></document>
		<document> Albert Anker - Girl braiding her hair (1887) #HASHTAG# #URL# ></document>
		<document> Major bugs fixed. Let us know if you see more bugs for us to kill. 🐛🐞🐜☠️ ></document>
		<document> Hope you are enjoying your weekend, because we are working like crazy to fix the bugs. 🧐🪲🐛🐞 ></document>
		<document> Actually the bug concerns message replies, but still annoying if to have to create a new thread each time you want to say something. 😑 ></document>
		<document> Plus understand that you are part of a distinct group, the White group. #URL# ></document>
		<document> Attention, please. White boys are coming. 💪 #URL# ></document>
		<document> Waiting for my Folk Book like a child for Christmas /Yule presents. 🎁🎄🤗 #URL# ></document>
		<document> We are doing maintenance work. The site might be buggy. Patience please 🙏 ></document>
		<document> This is why White Dads are heroes. #URL# ></document>
		<document> #USER# Yep. Trying to provide an online environment to help people meet online AND offline, In Real Life. ></document>
		<document> #USER# Maybe. I am lost in race, truely. ></document>
		<document> #USER# Her hair is non-white. ></document>
		<document> #USER# She looks like a light brown woman to me. But her son looks very white. Maybe she used egg donation as well. Nice upgrade. ></document>
		<document> #USER# They could be if the mother is white too or using double donation (egg and sperm) of white donors. ></document>
		<document> And here comes more proof that they were 🎶whihiiite🎶. #URL# ></document>
		<document> I will soon hold it in my hands: The historical Folk Book! A symbol of White awakening and in-group cooperation. 😍 #URL# ></document>
		<document> How to keep a relationship young and healthy: 😂 #URL# #URL# ></document>
		<document> Farewell, my Love. And don't forget to free us from the traitors. #URL# ></document>
		<document> COVID is actually great to filter out the douchebags, faggots, cowards, and walking braindeads. #HASHTAG# #URL# ></document>
		<document> How to keep harmful chemicals away from your body. #HASHTAG# #URL# ></document>
		<document> What a great idea. A mother's catwalk with the categories 2-4, 5-6, 7-11 children. WOW! #URL# #URL# ></document>
		<document> I see it coming. #URL# ></document>
		<document> #HASHTAG# Great stream by #USER# about how to distinguish a dignified from an undignified woman. 😄 🧐👠💄🥿👗 #URL# ></document>
		<document> He looks like Grandpa! #HASHTAG# #URL# ></document>
		<document> RT #USER#: #USER# Twitter is the past, Telegram is the future: #URL# ></document>
		<document> #USER# Twitter is the past, Telegram is the future: #URL# ></document>
		<document> More thoughts that crossed my mind during the last years to be found here: #URL# #URL# ></document>
		<document> Herbert Arnould Olivier (1861 – 1952) #HASHTAG# #URL# ></document>
		<document> I predict that phenotype-wise Whites to soon gain a survival advantage over non-phenotype-wise Whites. #URL# ></document>
		<document> Imagine walking the streets and seeing white people only... #URL# ></document>
		<document> #USER# stay strong. Whites need you! #URL# ></document>
		<document> So proud to be part of this wonderful project. 😊🤗 #URL# ></document>
		<document> The whitest among us are already dying out. We should tell them that their genes are rare and precious. #URL# ></document>
		<document> Today, I feel obliged to post a pumpkin. #HASHTAG# #HASHTAG# #URL# ></document>
		<document> I like men who verbalize what they expect from a woman❣️ #URL# ></document>
		<document> Now to be watched on Bitchute #URL# ></document>
		<document> #USER# I am sorry for your loss. You did well; the Boers are the Best. Please let me introduce you to my SA friend #USER# . ></document>
		<document> Boys need Daddies to become Men. #HASHTAG# #URL# ></document>
		<document> Let's commit the perfect crime, I'll steal your heart, and you steal mine. 💕😁 #HASHTAG# #URL# ></document>
		<document> Ramesses II was White! #URL# ></document>
		<document> #USER# True, and it deserves a whole post for itself. Will think about something. ></document>
		<document> They were White! #URL# ></document>
		<document> #HASHTAG# is a #HASHTAG#, and the #HASHTAG# always leads. #HASHTAG# #HASHTAG# #URL# ></document>
		<document> #USER# #USER# Let's agree to disagree. ></document>
		<document> #USER# Let's agree to disagree. I am not here to convince someone who has made up his mind. ></document>
		<document> Could it be that our history classes have missed to teach us something of importance? #URL# ></document>
		<document> #USER# #USER# Lol, Lavin seems to be a professional anti-white hater. ></document>
		<document> #USER# #USER# #USER# Of course, it's obvious, isn't it. #URL# ></document>
		<document> #USER# You are right. ></document>
		<document> Looks like Chinese are intrigued by white beauty and my Twitter posts. 😄 #URL# #URL# ></document>
		<document> #USER# They attack Europids wordwide no matter their nationality. ></document>
		<document> The white way of #HASHTAG#. #HASHTAG# #URL# ></document>
		<document> #USER# Twitter made sure that hardly anybody would see this post. That's what shadow-banning is for. ></document>
		<document> #USER# Priorities 2015-10-13 and all following years #URL# ></document>
		<document> In a nutshell. #URL# ></document>
		<document> Ophelia painted 1863 by Arthur Hughes. #HASHTAG# #URL# ></document>
		<document> The little things that tell the world that you are a graceful woman. #HASHTAG# #URL# ></document>
		<document> The past is our future. Back to the roots! #URL# ></document>
		<document> #USER# Check out Metapedia #URL# ></document>
		<document> #USER# I play piano, and the time stops. ></document>
		<document> RT #USER#: No matter how bad things get, you've still been blessed by being white 🤍 ></document>
		<document> Consoling a little heart. #HASHTAG# #HASHTAG# #URL# ></document>
		<document> There is this certain sense of humour that can only be produced by #HASHTAG#. 😄 #URL# ></document>
		<document> It's almost as if whatever motivated #HASHTAG# touch will turn into #HASHTAG#. #URL# ></document>
		<document> RT #USER#: White culture, white romance #URL# ></document>
		<document> Wondering if I should move to Telegram. Would you follow? ></document>
		<document> #HASHTAG# should always learn useful #HASHTAG# and carry appropriate #HASHTAG# with poise and #HASHTAG#. #HASHTAG# #URL# ></document>
		<document> Painting of a white family celebration. Not sure, but looks like a #HASHTAG#. #HASHTAG# #URL# ></document>
		<document> White people love animals and animals love white people. 🐕🐈😄 #URL# ></document>
		<document> #USER# Quite open to me. ></document>
		<document> What a beautiful thought. #URL# ></document>
		<document> Race is Everything - and not only for dogs and horses ! #URL# #URL# ></document>
		<document> #USER# Thank you for your encouragement. 🙂 ></document>
		<document> #USER# A term to be kept in mind 👍 ></document>
		<document> #USER# I could imagine that the language changes according to the visitor's location /IP address. ></document>
		<document> #USER# Sigh, true, there is no place to hide anymore from race-mixing propaganda. ></document>
		<document> #USER# Correct. The (((feminist movement))) pushed in Japan as well. And they thought they would be safe on their island. ></document>
		<document> First page of the Japanese dating site #URL# Find the error... #URL# ></document>
		<document> Reminder: We cannot vote ourselves out of #HASHTAG#. #HASHTAG# Let's get organized: #URL# #URL# ></document>
		<document> This is how Whites live when they are free. #URL# ></document>
		<document> Well said. And the same is true for women. #URL# ></document>
		<document> A little specification needs to be added: This is who we Whites are. #URL# ></document>
		<document> Come home. We are here for you, waiting. #URL# ></document>
		<document> All autochthone Western countries belong to Europids. Retreat to a tiny ethnostate is for wimps. #URL# ></document>
		<document> Let's find out more about who we white people are: The descendants of Aryans. #HASHTAG# #URL# ></document>
		<document> They fight against the natural order. They will fail because nature eventually always wins. #URL# ></document>
		<document> The concept of survival of the fittest does not need laws, just the will to live. #HASHTAG# #HASHTAG# #URL# ></document>
		<document> #USER# That was my first thought as well. EST🤥 ></document>
		<document> Make sure to take pictures early with your little ones. They grow so fast :) #HASHTAG# #HASHTAG# #URL# ></document>
		<document> They were all White! #URL# ></document>
		<document> A vintage photo telling us how little girls used to be prepared for womanhood. #HASHTAG# #URL# ></document>
		<document> We have implemented a serious update. There could be glitches. If you see bugs 🪲🪲🪲 crawling around, let me know. ></document>
		<document> Lol, a #HASHTAG# zooming. And for the record: There are #HASHTAG#. #URL# ></document>
		<document> Our children are our future. #HASHTAG# #URL# ></document>
		<document> That's why phenotype is more important than passports to get approved and verified on WhiteDate. #URL# ></document>
		<document> How to mock an anti-white education system. Sorry Mom. #HASHTAG# #URL# ></document>
		<document> Ah, now I understand why I am always thinking 'solutions'; I am not afraid. #URL# ></document>
		<document> 'White' explained in a GIF. #URL# ></document>
		<document> #USER# I am on gab :) ></document>
		<document> That's the winning attitude 👍 #HASHTAG# ⚪️ #URL# ></document>
		<document> I am proud to announce the publication of an interview on the #HASHTAG# online platform National Vanguard: #URL# ></document>
		<document> Says the anti-white who supports #HASHTAG#. #URL# ></document>
		<document> #USER# The banner? Go ahead and publish it wherever you want. It can only help spread the word. ></document>
		<document> We have a banner now on #URL# 🤗🥳🐰 #URL# ></document>
		<document> Interesting article. Connecting some more dots. #URL# ></document>
		<document> Beautiful photo of a young couple. European. Dignified. #HASHTAG# #URL# ></document>
		<document> #HASHTAG# is the creation of #HASHTAG# beyond the necessary. #HASHTAG# #HASHTAG# #URL# ></document>
		<document> Almost missed a comment to my comment from July. 🤩 Can go to sleep now with a smile. #URL# #URL# ></document>
		<document> Greetings from Germany 😘 #URL# ></document>
		<document> The EU is NOT Europe. This is #HASHTAG#. #URL# ></document>
		<document> Views or looks... 🤔Anyway, you know what I mean. ></document>
		<document> RT #USER#: Male height is correlated with protein quality and protein quantity. Eat meat. Be big &amp; beautiful. ></document>
		<document> Do not despair. #URL# #URL# ></document>
		<document> #USER# Didn't know that 'collectivist' was a slur word when used by a collectivist. ></document>
		<document> #USER# There is nothing deutsch anymore about (((Deutsche))) Bank. ></document>
		<document> Also worth mentioning: 99,9 % of inventions have been made by #HASHTAG#, our men, and we are proud of them. 🤗 #URL# ></document>
		<document> There are two genders, and girls are girls. #HASHTAG# #HASHTAG# #URL# ></document>
		<document> Lovely music you post. 🎶 What are the artist's names, where can we purchase their work to support them? #URL# ></document>
		<document> The words I am using most. Strangely, 'White Men' are not to be found despite my regular use of the term. #URL# ></document>
		<document> #USER# #USER# #USER# Is there a jungle nearby? ></document>
		<document> Race is everything. #URL# ></document>
		<document> #USER# 5'10 here. 👩‍🦰 Greetings from Germany :) ></document>
		<document> (((They))): Abandon your Whiteness! Me: I am White, and I #HASHTAG# it! #URL# ></document>
		<document> Excellence is #HASHTAG# in the #HASHTAG# world. #URL# ></document>
		<document> I am sure of it because you have the vision. #URL# ></document>
		<document> Wedding photo 1930. #HASHTAG# #HASHTAG# #URL# ></document>
		<document> Another woke woman found on Twitter. 🤗 Followed. #URL# ></document>
		<document> RT #USER#: Here the tradition is still alive, including dialect. Swabian colony in Southern Brazil. #URL# ></document>
		<document> RT #USER#: Never forget our heroes. They fought to protect us. They died for us, so we can live. Make them proud. #URL# ></document>
		<document> These high IQ Koreans are so annoying. Always doing research on forbidden historical events. 🤓 #URL# ></document>
		<document> RT #USER#: The beautiful thatched roof cottages of the English countryside. Tradition matters. #URL# ></document>
		<document> And by infiltrating their institutions by pretending that you are one of them. #URL# ></document>
		<document> Search bug is fixed. Thx to the member who alerted us. #URL# ></document>
		<document> There seems to be a glitch in the Search after update. Will work on it asap. #HASHTAG# #HASHTAG# ></document>
		<document> RT #USER#: Gather Ye Rosebuds While Ye May, 1909 #HASHTAG# #HASHTAG# #URL# ></document>
		<document> Before modernity, some sweet dresses, long hair and a hat was all a woman needed for #HASHTAG#. #HASHTAG# #URL# ></document>
		<document> "The Lovers 1870" Pal Szinyei Merse #URL# ></document>
		<document> RT #USER#: Armed black men stopping White men in traffic. How's this not domestic terrorism? #URL# ></document>
		<document> Western women before, 'Western' 'women' now. What happened? #URL# ></document>
		<document> #USER# #USER# And dark skin. ></document>
		<document> Poll for Ladies only: How do you prefer a man to contact you to set up the first date? #HASHTAG# #HASHTAG# #HASHTAG# ></document>
		<document> Courtesy and gallantry never go out of #HASHTAG#. #HASHTAG# #HASHTAG# #URL# ></document>
		<document> Eating eggs almost every day. 😋 #HASHTAG# #HASHTAG#! #URL# ></document>
		<document> The family of six. Continue your lineage. #HASHTAG# #HASHTAG# #URL# ></document>
		<document> This is what #HASHTAG# looks like. #HASHTAG# #HASHTAG# #URL# ></document>
		<document> Correction AmRen had 135.000 subscribers on YouTube! ></document>
		<document> Dr. Klinghardt, one drop of truth in an ocean of lies. Listen. #URL# ></document>
		<document> Blacks waking up.😁 Well, at least this comedian. Anyway, a journey of a 1000 miles starts with one step.👍 #URL# ></document>
		<document> RT #USER#: Celebrate Nathan, brothers and sisters! Thank you for your service to White Wellbeing! #URL# ></document>
		<document> Made by #HASHTAG# Inventors, explorers, creators. Envied, defamed, hated. #HASHTAG# #URL# ></document>
		<document> White boys, boys, boys! #URL# ></document>
		<document> Not painful at all here. 🥰 But getting up at night for several months is a challenge. 🥱 #HASHTAG# #URL# ></document>
		<document> No surprise. In any ZOG country, she would not even get fired after tweeting 'It's OK to KILL Whites!' #URL# ></document>
		<document> #USER# Looks very interesting. Will read more tomorrow. Thx. ></document>
		<document> Persisting racial out-group-preference, however, is a pathology and requires medical attention. #URL# ></document>
		<document> RT #USER#: There is no greater warrior than a mother protecting her children #URL# ></document>
	
</author><document> My home is my castle. #HASHTAG# #URL# ></document>
<document> What can I say? People are not equal.🧐 #URL# #URL# ></document>
<document> I am enjoying our little chat group on Telegram btw. Go to #URL# and hit the Discuss button. ></ document>
<document> #USER# They should try again. ></ document>
<document> I woke up, white men literally want one thing and that's absolutely disgusting...... glorious.😆 #URL# ></document>
<document> What if the Whites find out about their plans? #URL# ></ document>
<document> #USER# I want to know more about this image myself. ></ document>
<document> I see you as the mother of my children. What are you thinking? #HASHTAG# #URL# ></document>
<document> #USER# It was fast. What can I say: White men always find a solution. ></ document>
<document> "Thank God I'm White!" 😀 #URL# ></ document>
<document> Flirting in the countryside. 😉 #URL# ></ document>
<document> I found this comment from a former member while cleaning up my docs. I will sleep with a smile on my face. 🙂 #URL# ></ document>
<document> White snow in Whiteland. #HASHTAG# #URL# ></document>
<document> There is no upgrade when you are white. Do not mix. #HASHTAG# #HASHTAG# #URL# ></document>
<document> Life is dangerous. But there are risks that can be easily avoided.🧐 #HASHTAG# #URL# ></document>
<document> What Woman. Approved. #URL# ></ document>
<document> How to stay private on a scribbled dating site:👇 #URL# ></document>
<document> Also, if you want to know who is leading you, check Grammarly. #URL# ></ document>
<document> #USER# #USER# Schwarzenegger is a disgrace to the white race. He could have been great, he chose to be a traitor. ></ document>
<document> #USER# I want to be able to offer you more options in your area. Unfortunately, white women with trading potential are a rare breed. ></ document>
<document> #USER# Correct :) I greet these parents. What a success. #URL# ></ document>
<document> A #HASHTAG# that navigates. How many children do you count? #URL# ></ document>
<document> #USER# Yes it seems. Thanks! ></ document>
<document> Odin and Brunhild (1915, but who is the painter?) #HASHTAG# #HASHTAG# #URL# ></document>
<document> These are pictures, not photographs. #HASHTAG# #HASHTAG# #URL# ></document>
<document> Who built the castles? Who wrote the symphonies? Who invented the prototype for almost everything we use on a daily basis? 🤔 ></ document>
<document> Pay with BTC, get 20% off until further notice. #URL# #URL# ></ document>
<document> We are the only ones we have. Let's pick up the pieces, forgive and rebuild. #URL# ></ document>
<document> #USER# Interesting. Get points. #URL# ></ document>
<document> What do you think of #URL#? ></ document>
<document> What do you think of #URL#? ></ document>
<document> And that's just the beginning. Let's be constructive. 🛠️🏘️🌳👨‍👩‍👦‍👦👨‍👩‍👧‍👦👶🍼 #URL# ></document>
<documentnt> Congratulations. Deserved! 🥇 #URL# ></ document>
<document> Loomis, Andrew (b. 1892)- The Couple's Hug, 1943 #URL# ></ document>
<document> We also need our roots to live. #HASHTAG# #URL# ></document>
<document> Entering full Christmas relaxation mode by listening to Oh Tannenbaum / Oh Christmas Tree in French chanson version: #URL# ></document>
<document> And lyrics: #URL# ></document>
<document> My favorite German Christmas song, Stille Nacht, beautifully rendered. #URL# ></ document>
<document> Click here to follow the topic #URL# ></document>
<document> Look at these pretty faces. #URL# ></ document>
<document> Christmas is in the Air! 🎄 Greetings from Freudenberg, North Rhine-Westphalia Germany 🍻 #URL# ></document>
<document> Great idea for guerrilla marketing 😍 #URL# ></document>
<document> A walk on a rainy day can be very romantic. It just depends on the settings.😍 #HASHTAG# #URL# ></document>
<document> A Russian photographer capturing beautiful family moments. #HASHTAG#. #URL# #URL# ></ document>
<document> Albert Anker - Girl braiding her hair (1887) #HASHTAG# #URL# ></document>
<document> Major bugs fixed. Let us know if you see any more bugs for us to kill. 🐛🐞🐜☠️ ></ document>
<document> We hope you're enjoying the weekend because we're working hard to fix bugs. 🧐🪲🐛🐞 ></ document>
<document> Actually the error is related to message replies, but it's still annoying if you have to create a new thread every time you want to say something. 😑 ></ document>
<document> Also, understand that you are part of a separate group, the White group. #URL# ></ document>
<document> Attention, please. The white boys are coming. 💪 #URL# ></ document>
<document> Waiting for my Folk Book like a child for Christmas /Yule gifts. 🎁🎄🤗 #URL# ></ document>
<document> We are doing maintenance work. The site may be faulty. Patience please 🙏 ></document>
<document> That's why White Fathers are heroes. #URL# ></ document>
<document> #USER# Yes. Trying to provide an online environment that helps people meet online AND offline in real life. ></ document>
<document> #USER# Maybe. I'm lost in the race, really. ></ document>
<document> #USER# His hair is not white. ></ document>
<document> #USER# Looks like a fawn woman to me. But his son looks very white. Maybe he used egg donation as well. Nice upgrade. ></ document>
<document> #USER# If the mother is also white, or they may be using a double donation (egg and sperm) from white donors. ></ document>
<document> And here is more proof that they are 🎶whiiiite🎶. #URL# ></ document>
<document> I'll be holding it shortly: The Historical Folk Book! White is a symbol of awakening and in-group cooperation. 😍 #URL# ></ document>
<document> How to keep a relationship young and healthy: 😂 #URL# #URL# ></document>
<document> Goodbye, my love. And do not forget to save us from the traitors. #URL# ></ document>
<document> COVID is really great at filtering out scum,fags, cowards and walking brain dead. #HASHTAG# #URL# ></document>
<document> How can you keep harmful chemicals out of your body? #HASHTAG# #URL# ></document>
<document> What a great idea. A mother's podium in categories 2-4, 5-6, 7-11. WOW! #URL# #URL# ></ document>
<document> I see your future. #URL# ></ document>
<document> Great feed by #HASHTAG# #USER# on how to distinguish an honorable woman from a dishonorable woman. 😄 🧐👠💄🥿👗 #URL# ></ document>
<document> He looks like my grandfather! #HASHTAG# #URL# ></document>
<document> RT #USER#: #USER# Twitter is a thing of the past, Telegram is coming: #URL# ></document>
<document> #USER# Twitter is a thing of the past, Telegram is coming: #URL# ></document>
<document> Here are some other thoughts that have crossed my mind in recent years: #URL# #URL# ></document>
<document> Herbert Arnould Olivier (1861 – 1952) #HASHTAG# #URL# ></document>
<document> In terms of phenotype, I predict that Whites will soon gain a survival advantage over Whites who are not phenotypically smart. #URL# ></ document>
<document> Imagine walking the streets and seeing only white people... #URL# ></document>
<document> #USER# stay strong. The whites need you! #URL# ></ document>
<document> I am proud to be a part of this great project. 😊🤗 #URL# ></ document>
<document> The whitest among us are already dying. We have to tell them that their genes are rare and valuable. #URL# ></ document>
<document> I feel compelled to throw a pumpkin skin today. #HASHTAG# #HASHTAG# #URL# ></document>
<document> I like men who verbally express what they expect from a woman❣️ #URL# ></document>
<document> Now tracked in Bitchute #URL# ></document>
<document> #USER# Sorry for your loss. You did well; Boers are the best. Please allow me to introduce you to my SA friend #USER#. ></ document>
<document> Men need their Father to be a Man. #HASHTAG# #URL# ></document>
<document> Let's commit the perfect crime, I'll steal your heart and you'll steal mine. 💕😁 #HASHTAG# #URL# ></document>
<document> II. Ramesses Was White! #URL# ></ document>
<document> #USER# True and deserves a post on its own. He will think of something. ></ document>
<document> They Were White! #URL# ></ document>
<document> #HASHTAG# is a #HASHTAG# and #HASHTAG# always leads. #HASHTAG# #HASHTAG# #URL# ></document>
<document> #USER# #USER# Let's agree not to accept. ></ document>
<document> #USER# Let's agree not to accept. I'm not here to convince someone who's made up their mind. ></ document>
<document> Could our history lessons have missed teaching us something important? #URL# ></ document>
<document> #USER# #USER# Hah, Lavin looks like a professional white enemy. ></ document>
<document> #USER# #USER# #USER# Of course, isn't it obvious? #URL# ></ document>
<document> #USER# You are right. ></ document>
<document> Looks like my white beauty and Twitter posts are attracting Chinese attention. 😄 #URL# #URL# ></ document>
<document> #USER# They attack Europids worldwide regardless of nationality. ></ document>
<document> The white path of #HASHTAG#. #HASHTAG# #URL# ></document>
<document> #USER# Twitter made sure that almost no one saw this post. That's what the shadow ban is for. ></ document>
<document> #USER# Priorities 2015-10-13 and all subsequent years #URL# ></document>
<document> In a nutshell. #URL# ></ document>
<document> Ophelia was painted by Arthur Hughes in 1863. #HASHTAG# #URL# ></document>
<document> It's the little things that tell the world you're an elegant woman. #HASHTAG# #URL# ></document>
<document> The past is our future. Back to the roots! #URL# ></ document>
<document> #USER# Browse Metapedia #URL# ></document>
<document> #USER# I'm playing the piano and time stops. ></ document>
<document> RT #USER#: No matter how bad things get, you're still lucky to be white 🤍 ></document>
<document> Comforting a small heart. #HASHTAG# #HASHTAG# #URL# ></document>
<document> Has a certain sense of humor that can only be produced by #HASHTAG#. 😄 #URL# ></ document>
<document> Whatever motivates the #HASHTAG# touch will turn into #HASHTAG#. #URL# ></ document>
<document> RT #USER#: White culture, white love #URL# ></document>
<document> I'm wondering if I should switch to Telegram. would you follow ></ document>
<document> #HASHTAG# should always learn useful #HASHTAG# and carry a balanced and appropriate #HASHTAG# with #HASHTAG#. #HASHTAG# #URL# ></document>
<document> Picture of a white family celebration. I'm not sure but it looks like #HASHTAG#. #HASHTAG# #URL# ></document>
<document> Whites love animals, and animals love whites. 🐕🐈😄 #URL# ></ document>
<document> #USER# Pretty clear to me. ></ document>
<document> What a great idea. #URL# ></ document>
<document> Racing is Everything - and not just for dogs and horses! #URL# #URL# ></ document>
<document> #USER# Thank you for your encouragement. 🙂 ></ document>
<document> #USER# A term to keep in mind 👍 ></document>
<document> #USER# I can imagine that the language changes based on the visitor's location /IP address. ></ document>
<document> #USER# Ah, that's right, there's nowhere to hide from racial mixing propaganda anymore. ></ document>
<document> #USER# True. (((feminist movement))) It was also suppressed in Japan. And they thought they would be safe on their island. ></ document>
<document> First page of Japanese dating site #URL# Find the error... #URL# ></document>
<document> Reminder: We can't vote ourselves out of #HAHTAG#. #HASHTAG# Let's get organized: #URL# #URL# ></document>
<document> This is how whites live when they are free. #URL# ></ document>
<document> Well said. And the same goes for women. #URL# ></ document>
<document> A small specification needs to be added: That's what we Whites are. #URL# ></ document>
<document> Come home. We are here for you, waiting for you. #URL# ></ document>
<document> All automaticchthon Western countries belong to Europids. A little ethnostat retreat is for wimps. #URL# ></ document>
<document> Let's learn more about who we whites are: descendants of the Aryans. #HASHTAG# #URL# ></document>
<document> They fight against the natural order. They will fail because in the end nature always wins. #URL# ></ document>
<document> The concept of survival of the fittest needs no laws, only the will to live. #HASHTAG# #HASHTAG# #URL# ></document>
<document> #USER# That was my first thought too. EST🤥 ></ document>
<document> Be sure to take pictures with your little ones early. They are growing so fast :) #HASHTAG# #HASHTAG# #URL# ></document>
<document> It Was All White! #URL# ></ document>
<document> An old photograph of how little girls prepare for womanhood. #HASHTAG# #URL# ></document>
<document> We made a serious update. There may be glitches. Let me know if you see bugs 🪲🪲🪲 crawling around. ></ document>
<document> Hah, a #HASHTAG# zoom. And for the record: #HASHTAG# is there. #URL# ></ document>
<document> Our children are our future. #HASHTAG# #URL# ></document>
<document> This is why phenotype is more important than passports to be validated and verified on WhiteDate. #URL# ></ document>
<document> How to make fun of an anti-white education system? Sorry mom. #HASHTAG# #URL# ></document>
<document> Ah, now I understand why I always think of 'solutions'; I'm not afraid. #URL# ></ document>
<document> Description of 'White' in a GIF. #URL# ></ document>
<document> #USER# I'm speaking :) ></document>
<document> This is the winning attitude 👍 #HASHTAG# ⚪️ #URL# ></document>
<document> I am proud to announce the release of an interview on the #HASHTAG# online platform National Vanguard: #URL# ></document>.
<document> says anti-white who supports #HASHTAG#. #URL# ></ document>
<document> #USER# Banner? Go ahead and post wherever you want. It can only help spread the word. ></ document>
<document> We now have a banner in #URL# 🤗🥳🐰 #URL# ></document>
<document> Interesting article. Connecting more dots. #URL# ></ document>
<document> Beautiful photo of a young couple. European. Honorable. #HASHTAG# #URL# ></document>
<document> #HASHTAG# is generating too many #HASHTAG#. #HASHTAG# #HASHTAG# #URL# ></document>
<document> I almost missed a comment on my comment back in July. 🤩 Now he can sleep with a smile. #URL# #URL# ></ document>
<document> Greetings from Germany 😘 #URL# ></document>
<document> The EU is NOT Europe. This is #HAHTAG#. #URL# ></ document>
<document> Views or looks... 🤔 Anyway, you know what I mean. ></ document>
<document> RT #USER#: It is related to male height, protein quality and protein amount. Eating meat. Go big &amp; Beautiful. ></ document>
<document> Do not despair. #URL# #URL# ></ document>
<document> #USER# I didn't know 'collectivist' was a derogatory word when used by a collectivist.></ document>
<document> #USER# (((Deutsche))) There is nothing German about Bank anymore. ></ document>
<document> Also worth mentioning: 99.9% of inventions were made by #HASHTAG# and we're proud of them. 🤗 #URL# ></ document>
<document> There are two genders and girls are girls. #HASHTAG# #HASHTAG# #URL# ></document>
<document> Beautiful music you've posted. 🎶What are the names of the artists, where can we buy their works to support them? #URL# ></ document>
<document> The words I use the most. Strangely enough, 'White Men' cannot be found, although I use the term regularly. #URL# ></ document>
<document> #USER# #USER# #USER# Is there a forest nearby? ></ document>
<document> Race is everything. #URL# ></ document>
<document> #USER# 5'10 here. 👩‍🦰 Greetings from Germany :) ></ document>
<document> ((((They)))): Drop your white! Me: I'm White and doing #HAHTAG#! #URL# ></ document>
<document> Excellence in the world of #HASHTAG# is #HASHTAG#. #URL# ></ document>
<document> I'm sure of this because you have vision. #URL# ></ document>
<document> Wedding photo 1930. #HASHTAG# #HASHTAG# #URL# ></document>
<document> Another vigilante woman found on Twitter. 🤗 Followed. #URL# ></ document>
<document> RT #USER#: Tradition still lives here, including dialect. Swabian colony in southern Brazil. #URL# ></ document>
<document> RT #USER#: Never forget our heroes. They fought to protect us. They died for us, let us live. Make them proud. #URL# ></ document>
<document> These high-IQ Koreans are so annoying. Always do research on forbidden historical events. 🤓 #URL# ></ document>
<document> RT #USER#: Beautiful thatched cottages in the English countryside. Tradition is important. #URL# ></ document>
<document> And by infiltrating their institution pretending to be one of them. #URL# ></ document>
<document> Search bug fixed. Thanks to the member who alerted us. #URL# ></ document>
<document> There seems to be a glitch in Search after the update. It will be worked on as soon as possible. #HASHTAG# #HASHTAG# ></document>
<document> RT #USER#: Gather Buds of Roses in May, 1909 #HASHTAG# #HASHTAG# #URL# ></document>
<document> Before modernity, all a woman needed for #HASHTAG# was a few sweet dresses, long hair and a hat. #HASHTAG# #URL# ></document>
<document> "Lovers 1870" Pal Szinyei Merse #URL# ></document>
<document> RT #USER#: Black men with guns stop White men in traffic. How is this not domestic terrorism? #URL# ></ document>
<document> Previously Western women, now 'Western' 'women'. What happened? #URL# ></ document>
<document> #USER# #USER# And dark skinned. ></ document>
<document> Female Only Survey: How would you prefer a man to contact you to set up a first date? #HASHTAG# #HASHTAG# #HASHTAG# ></document>
<document> Kindness and valor never go beyond #HASHTAG#. #HASHTAG# #HASHTAG# #URL# ></document>
<document> Eating eggs almost every day. 😋 #HASHTAG# #HASHTAG#! #URL# ></ document>
<documentument> Family of six. Continue your lineage. #HASHTAG# #HASHTAG# #URL# ></document>
<document> #HASHTAG# looks like this. #HASHTAG# #HASHTAG# #URL# ></document>
<document> Correction AmRen had 135,000 subscribers on YouTube! ></ document>
<document> Klinghardt, a drop of truth in an ocean of lies. To listen. #URL# ></ document>
<document> Blacks are waking up.😁 At least this comedian. Anyway, a 1000-mile journey starts with one step.👍 #URL# ></document>
<document> RT #USER#: Congratulations to Nathan, brothers! Thank you for your service to Beyaz Welfare! #URL# ></ document>
<document> #HASHTAG# Made by inventors, explorers, creators. The envied, the slandered, the hated. #HASHTAG# #URL# ></document>
<document> White boys, boys, boys! #URL# ></ document>
<document> It's not painful at all here. 🥰 But getting up at night for a few months is a challenge. 🥱 #HASHTAG# #URL# ></document>
<document> Not surprising. In any ZOG country, he wouldn't even be fired after tweeting 'OK TO KILL THE Whites'. #URL# ></ document>
<document> #USER# Looks very interesting. Will read more tomorrow. Thanks. ></ document>
<document> However, the persistence of racial out-group preference is a pathology and requires medical attention. #URL# ></ document>
<document> RT #USER#: There is no greater warrior than a mother protecting her children #URL# ></document>

</author>