
	
		<document> "Hey Jamal (snickering uncontrollable) You want some (PFFF) LEMONADE!" What an IDIOT! #URL# ></document>
		<document> RT #USER#: Cotton coming out with a banger #URL# ></document>
		<document> This is meant to be sarcasm but it's a good point considering how underwhelming the pandemic has been #URL# ></document>
		<document> Nick really just compared homosexuality to people shooting themselves in the head😂😭 ></document>
		<document> PROTECT AMERICA FIRST! LET'S GO!!!!!!!! #URL# ></document>
		<document> All these fears about safety but a total refusal to address the problem is NONWHITE IMMIGRANTS #URL# ></document>
		<document> People will notice. It just takes time. ></document>
		<document> #USER# I thought people were doing it to prevent getting reported, not for fun ></document>
		<document> Why does anyone give woman writers attention Like Somehow this is supposed to be about a sunset (???) #URL# ></document>
		<document> This tweet is so jewish it hurts #URL# ></document>
		<document> What a nightmare #URL# ></document>
		<document> I hate English class so much. Anti straight man anti White ass class. Can't even get good grades in it ></document>
		<document> Me tuning in to #URL# at 8:30 knowing the show will start an hour late again #URL# ></document>
		<document> #USER# They used to teach race realism in their schools! ></document>
		<document> This just proves that the Js are anti-American #URL# ></document>
		<document> #USER# IDK what happened but all of a sudden he's much happier reading superchats ></document>
		<document> What, get a life reply guy #URL# ></document>
		<document> RT #USER#: Nick Fuentes - The Great Reset #USER# #URL# ></document>
		<document> #USER# It's survival for me too. If other races multiply faster and mine misses out on reproduction due to homosexuality, we die out. ></document>
		<document> #USER# Well, there's ebonics... ></document>
		<document> Worse to people who deserve it, like you #URL# ></document>
		<document> Then why are you quoting Christ if you don't appreciate Christianity, degenerate #URL# ></document>
		<document> #USER# You had the opportunity to change it after you got purged ></document>
		<document> #USER# Coomers posting their Ls online ></document>
		<document> #USER# Don't ask their grandfathers about the 1930s ></document>
		<document> Pretty nice right now that Nick has such a good attitude for superchats when there are so many so late ></document>
		<document> Gotta love the chat spamming Judeo-Christian as Nick talks about S. King ></document>
		<document> #USER# He said groypers stormed the capitol and called us "sick antisemites". The account that had the clip got purged. ></document>
		<document> #USER# Could end mudsharking ></document>
		<document> #USER# Communists on reddit started it. They're trying to dilute his message with nonsense. ></document>
		<document> #USER# I got this background #URL# ></document>
		<document> #USER# IT'S OKAY TO BE W- ></document>
		<document> #USER# It's a conference "against cancel culture" that canceled that crowd. There's nothing wrong with giving the event a hard time. ></document>
		<document> I didn't realize the purge would come so soon! #URL# ></document>
		<document> You rock #USER#! ></document>
		<document> #HASHTAG# Goodness, we're extremists! AWESOME! ></document>
		<document> I'll never forget the time someone wore a shirt to school that said, "I'M JEWISH. WANNA CHECK?" 😂 He was not actually Jewish ></document>
		<document> #USER# Yeah, over an hour late and in his car, no superchats ></document>
		<document> You guys want a whitepill? #URL# ></document>
		<document> #USER# This edit is still super cool ></document>
		<document> RT #USER#: New comic by Hedgewik (his account is locked atm) #URL# ></document>
		<document> #USER# I'm gonna become a waiter to pick up a based Karen that way👉🏻👈🏻😳 ></document>
		<document> God I hope so #URL# ></document>
		<document> A man only wants one thing #URL# ></document>
		<document> #USER# You only have half of LA-1 colored in ></document>
		<document> I just found this AWESOME picture of #USER# #URL# ></document>
		<document> #USER# My favorite example is to look up "yt people" in the Twitter search ></document>
		<document> #USER# AMERICANISM NOT GLOBALISM ></document>
		<document> …and now they're using the pandemic as an excuse for even more demographic displacement #URL# ></document>
		<document> Reddit is peak #USER# #URL# ></document>
		<document> Is Lugenprasse an acceptable term in our circles or is it too unoptical ></document>
		<document> #USER# Assuming Biden doesn't make them legal😬 ></document>
		<document> #HASHTAG# Whomever sent in this superchat sure is getting his money's worth! ></document>
		<document> Redditors mad at IQ. What's new, #USER#? #URL# ></document>
		<document> Why would they even write this? Does anyone care at all? #URL# ></document>
		<document> #USER# Your wish was granted ></document>
		<document> #USER# "I Love the USA" hits different these days ></document>
		<document> Better electric shock than eternal flames🤷🏻‍♂️ #URL# ></document>
		<document> #USER# Spam in his comments ></document>
		<document> What's happening to stoneToss today is EXACTLY why Nick Fuentes mass blocks. #URL# ></document>
		<document> We do not want America... ...To keep cutting out the stream! #HASHTAG# ></document>
		<document> #USER# I'm so glad you're back to EST post ></document>
		<document> Nick is personally mentioned in the highest court and that isn't even the main story tonight #HASHTAG# ></document>
		<document> RT #USER#: Hello, based department? #URL# ></document>
		<document> Best superchat attitude in a long time tonight #HASHTAG# ></document>
		<document> I don't want to hear this! I don't want to hear this! #HASHTAG# ></document>
		<document> #USER# #USER# Did you absorb him, wth ></document>
		<document> #HASHTAG# Nick is 100% right about making good use of this time. I've been reading much more of the Bible. ></document>
		<document> o7 button going crazy rn #URL# ></document>
		<document> #USER# You have to meet #USER# ></document>
		<document> #USER# The same way I got you to #URL# ></document>
		<document> I let him know! #URL# #URL# ></document>
		<document> RT #USER#: Haven't watched the Super Bowl in years...but this year, it's personal! #URL# ></document>
		<document> #USER# That's gotta hit close to home for you ></document>
		<document> I've been hearing way too much "It's a bad translation!" lately. Like, no. #URL# ></document>
		<document> "Yeah, it's a mess" (further messes it up) #HASHTAG# ></document>
		<document> Viewers aren't liking this because it's unoptical ></document>
		<document> Who would've thought Africa needed MORE black? #URL# ></document>
		<document> No okayyyyy at all tonight! #HASHTAG# #URL# ></document>
		<document> Fundraising for legal purposes? #HASHTAG# ></document>
		<document> This is just as effective as the Dlive chat #HASHTAG# #URL# ></document>
		<document> If it's not based it's cringe ></document>
		<document> "Is me banging a dog the same as a black person?" NO, BUT BOTH WOULD BE DEGENERATE #HASHTAG# ></document>
		<document> Nick said, "okayyyyy" like, 20 minutes ago #HASHTAG# ></document>
		<document> Exactly how long did 8:00 start times last in 2021? #HASHTAG# ></document>
		<document> The more I see homosexuality the more I want to force every single one of them into violent and invasive conversion therapy ></document>
		<document> #USER# You better not start copying Across the Sea ></document>
		<document> #USER# I think "This means I'm one step closer to being able to say the you-know-what-word" ></document>
		<document> Going through yearbooks and in hindsight I'm realizing one of my first grade teachers was a gigachad #URL# ></document>
		<document> I HAVE MY OWN PLATFORM NOW SO I CAN SAY IT #HASHTAG# ></document>
		<document> I THINK THE EASIEST WAY FOR MEXICANS TO NOT GET SHOT IN WALMART...IS FOR THEM TO NOT BE HERE! #HASHTAG# ></document>
		<document> OOOOOOOO You know it's like ></document>
		<document> The new AF lobby music is better ></document>
		<document> #HASHTAG# Missing out AGAIN! #URL# ></document>
		<document> Why are no girls at my school like this? Why must they all be degenerates!? #URL# ></document>
		<document> #USER# I'm just hoping my french teacher was right about the extreme right ></document>
		<document> #USER# Don't have a smartphone ></document>
		<document> I haven't watched America First all week because I keep getting error! ></document>
		<document> Remember in this championship game that the Chiefs' #HASHTAG# retweeted negative garbage about Jaden McNeil last summer. ></document>
		<document> Mainstream conservatives were right about the job losses and such with the new administration. Now let's hope they're right about the racism ></document>
		<document> #USER# Early life check ></document>
		<document> #USER# But which one is realistic ></document>
		<document> #USER# "That is DISGUSTING!" ></document>
		<document> #USER# This dude's about to go spout conspiracy theories on #URL# ></document>
		<document> #USER# Stuck at AF cube and error message #URL# ></document>
		<document> 1 Peter 2:17 ></document>
		<document> An early sign for me to move farther right was when I could only name cons and not pros of diversity in social studies ></document>
		<document> It's hilarious thinking about how I'm doing this for school as Nick shouts ></document>
		<document> An illustration for my notes today #URL# ></document>
		<document> I have to watch the inauguration for social studies class and you know I'm watching the America First stream ></document>
		<document> HE SAID IT AGAIN! #HASHTAG# ></document>
		<document> Didn't he have Jaden and Scott on a few months ago? #HASHTAG# ></document>
		<document> .#USER# Is americafirst live equipped to stream the inauguration? ></document>
		<document> #USER# It came on for me ></document>
		<document> #USER# But think of the birthrates! ></document>
		<document> When I get called down to dinner at 5:00 #URL# ></document>
		<document> #USER# Thinly veiled hatred. They hate mayonnaise. ></document>
		<document> Was going to attach a picture but…why would I do that ></document>
		<document> Ate ribs for dinner and my lips are wrecked, good thing I have 4 chapstick flavors ></document>
		<document> Going through my old yearbooks, it's insane how much of a degenerate I almost became before finding here. ></document>
		<document> Pretty glad there's no live chat on A F dot live. My small computer couldn't take it! ></document>
		<document> Classmate answers making me want to fedpost ></document>
		<document> What I turned in as a picture that represents the events at the Capitol #URL# ></document>
		<document> #USER# That's what I put ></document>
		<document> Should I be optical or honest? #URL# ></document>
		<document> #USER# I've told people to read FBI crime stats though ></document>
		<document> #USER# I'm seeing the lobby but the music jumps from time to time ></document>
		<document> The sooner our wayward brothers realize this, the better.✊🏻 #URL# ></document>
		<document> This but unironically #URL# ></document>
		<document> #USER# He doesn't even need a firearm to do that ></document>
		<document> I see a lot of people talking big about how much they want to fight K. Rittenhouse. I'm sure he would beat those fatsoes senseless ></document>
		<document> I did some trolling on a non-political account of mine #URL# ></document>
		<document> I miss the Pence that wanted to [REDACTED] the gays ></document>
		<document> It better be #URL# ></document>
		<document> Follower count dropping, looks like I won't even be hitting 200 here. At least I got to triple digits ></document>
		<document> It's gone now... #URL# ></document>
		<document> Rewatching last night's America First. How this man talks this consistently well for so long is mind-blowing. ></document>
		<document> #USER# No One Else but unironically ></document>
		<document> This is unironically making me really sad ></document>
		<document> #USER# No family yet but I would be surprised if they don't start one ></document>
		<document> #USER# The only Mormon guy I know married a Mexican woman😬 ></document>
		<document> Official reports are going to say that those who died at the capitol yesterday died of COVID ></document>
		<document> #USER# #USER# You're wrong, BLM rioters' charges were all dropped and they got billions from corporations ></document>
		<document> RT #USER#: “ACAB—except when they kill people I disagree with” ></document>
		<document> #USER# The American People WILL come first once again! ></document>
		<document> Bro, we're gonna get in so much trouble #URL# ></document>
		<document> No charges dropped for our guys that they catch, calling it now ></document>
		<document> This aged well. Outside of our circles they're PANICKING #URL# ></document>
		<document> #USER# #USER# is the future ></document>
		<document> New background for virtual school #URL# ></document>
		<document> My device crashed like hell while tweeting that too, might be telling me something ></document>
		<document> If this is true then where's my White gf??? #URL# ></document>
		<document> #USER# Now looking back I'm realizing they're all sex addicts based on what they expect people to get into ></document>
		<document> #USER# West Florida doesn't include the Isle of Orleans, so you don't get anything south of Lake Pontchartrain ></document>
		<document> #USER# America First Compound ></document>
		<document> #USER# Is this what you were looking for? #URL# ></document>
		<document> #USER# I got you ></document>
		<document> #USER# You know an English class sucks when it's English class ></document>
		<document> #USER# This is the right take ></document>
		<document> It's been pretty dry here lately. Just 3 days until the real excitement though! ></document>
		<document> #USER# He supports Trump, of course it's for the Platinum Plan and such but it's better than most alternatives ></document>
		<document> #USER# No clue. It was leftists that made that graphic though, so I wouldn't expect honesty. ></document>
		<document> #USER# We'll punish them from now on! ></document>
		<document> This but unironically #URL# ></document>
		<document> #USER# Last year in social studies I saw a PragerU video that unironically argued that the 3/5 compromise was anti-racist ></document>
		<document> #USER# #USER# One with objective standards ></document>
		<document> #USER# Why is Hawaii F-tier, and why isn't Louisiana consistent with other blue seal flags ></document>
		<document> I made a new video for (((replies))): This nose knows #URL# ></document>
		<document> "They would complain if Obama did that. Why is no one complaining about Trump golfing?" Asks the journalist, complaining about Trump golfing ></document>
		<document> It took me 10 minutes to find this because of all the non-Whites' terrible new edits clogging the search results #URL# ></document>
		<document> #USER# The next Bobby Jindal! ></document>
		<document> StoneToss Nick Fuentes! #URL# ></document>
		<document> I love it when Alex Jones says "Nick Fwintez" ></document>
		<document> #USER# No dude, no one's gonna fight on Christmas, it's an unspoken rule ></document>
		<document> How have I never heard about this until now? #URL# ></document>
		<document> #USER# Yes. One of my best friends at school is one ></document>
		<document> I'm gonna use this image with text about how I hate some group of people and get tens of thousands of likes #URL# ></document>
		<document> #USER# The water isn't as shallow so it's not as easy ></document>
		<document> #USER# First stream I watched I actually showed up about 15 minutes early...then waited an hour of Free Men Talking ></document>
		<document> Very long and passionate rant here in the middle of superchats. N. Fuentes ending 2020 America First with a bang! ></document>
		<document> Definitely having one of the latter moments with these hateful african-appropriated "memes" #URL# ></document>
		<document> Wow, Nick's streaming now! I went on to see a replay and he's live, 11 in the morning! ></document>
		<document> Man, leftists really think Madison Cawthorn is a nazi. Just proof that you can be optical and still be threatening ></document>
		<document> Hope he's in rehab for being an unfunny anti-White merchant #URL# ></document>
		<document> That cringebag nurse privated account. At least we won't have to see that face anymore! ></document>
		<document> Obviously nothing happened but they're still acting like it's real #URL# ></document>
		<document> Don't check this if you're prone to fedposting. Talks of non-Whites taking over Europe and enslaving us #URL# ></document>
		<document> #USER# Well, there are other America Firsters who would do a good job. But no one else. ></document>
		<document> #USER# Bleeding over to satellite TV, what I'm watching now ></document>
		<document> 3 commercials with broken branch couples in quick succession. Not cool, advertisers! ></document>
		<document> #USER# ngl you're glowing with that comment ></document>
		<document> #USER# That's just how China's shaped, tibet included, but at an angle ></document>
		<document> Bruh #USER# 💀 You really knew when his story took place ></document>
		<document> #USER# He had the look #URL# ></document>
		<document> #USER# Canada's weak for giving all that to the indians ></document>
		<document> It's not even longer than normal, and I saw something about 4 hours. ></document>
		<document> I'm watching last night's America First since you guys thought it was so powerful. I don't get it. It seems pretty average to me. ></document>
		<document> #USER# Don't have girls on sc or enough people who would see it in time ></document>
		<document> Anyone know someone who goes or went by NH Groyper? Just found an old screenshot. ></document>
		<document> I inverted my blackpill graphic. Whitepills now! #URL# ></document>
	
</author><document> "Hey Jamal (chuckling uncontrollably) Want some (PFFF) LEMONADE!" What an idiot! #URL# </document>
<document> RT #USER#: Cotton exits with a #URL# </document> banger
<document> This is supposed to be sarcasm, but it's a good point considering how disappointing the pandemic has been #URL# </document>
<document> Nick just compared homosexuality to people shooting themselves in the head😂😭</document>
<document> PROTECT AMERICA FIRST! LET'S GO!!!!!!!! #URL# </document>
<document> All these security fears, but a total refusal to address the issue is NON-WHITE IMMIGRANTS #URL# </document>
<document> People will notice. It just takes time. >></document>
<document> #USER# I thought people did this to avoid getting sued, not for fun </document>
<document> Why would anyone pay attention to female writers as somehow this should be about a sunset (???) #URL# ></document>
<document> This tweet is so Jewish it hurts #URL# </document>
<document> What a nightmare #URL# </document>
<document> I hate English lessons so much. Anti straight man vs. white ass class. I can't even get good grades </document>
<document> I tune in to #URL# at 8:30am knowing the show will start again an hour late #URL# </document>
<document> #USER# They taught racial realism in their schools! >></document>
<document> This just proves that the Js are anti-American #URL# </document>
<document> #USER# IDK what happened but suddenly he's much happier reading super chats </document>
<document> What, get a lifetime answer guy #URL# ></document>
<document> RT #USER#: Nick Fuentes - The Big Reset #USER# #URL# </document>
<document> #USER# It's survival for me too. If other races multiply faster and mine loses reproduction due to homosexuality, we will go extinct. >></document>
<document> #USER# Well, there's ebonics... </document>
<document> Worse for people who deserve it, like you #URL# </document>
<document> Then why do you mention Christ if you don't appreciate Christianity, degenerate #URL# </document>
<document> #USER# You had the opportunity to change this after deleting </document>
<document> #USER# Coomers publishing their Ls online </document>
<document> #USER# Don't ask their 1930s grandparents </document>
<document> Quite nice right now that Nick has such a good attitude about super chats when there are so many so late </document>
<document>Got to Love Chat Spamming Judeo-Christian While Nick Talks About S. King</document>
<document> #USER# He said the groypers stormed the Capitol and called us "sick anti-Semites". The account that had the clip was deleted. >></document>
<document> #USER# Could end mudshark </document>
<document> #USER# The communists on reddit started it. They are trying to dilute his message with nonsense. >></document>
<document> #USER# I have this background #URL# ></document>
<document> #USER# IT'S OK TO BE C- </document>
<document> #USER# It's an "against cancel culture" conference that canceled that crowd. There's nothing wrong with giving the event a run for its money. >></document>
<document> I didn't realize the purge was coming so soon! #URL# </document>
<document> You are awesome #USER#! >></document>
<document> #HASHTAG# Damn, we are extremists! EXCEPTIONAL! >></document>
<document> I'll never forget the time someone at school wore a T-shirt that said, "I'M A JEW. DO YOU WANT TO CHECK?" 😂 He wasn't actually Jewish </document>
<document> #USER# Yes, more than an hour late and in the car, no super chat </document>
<document> Do you guys want a white pill? #URL# </document>
<document> #USER# This change is still awesome </document>
<document> RT #USER#: New comic by Hedgewik (his account is blocked at the ATM) #URL# </document>
<document> #USER# I will become a waiter to fetch a Karen based like that👉🏻👈🏻😳></document>
<document> God I hope so #URL# </document>
<document> A man only wants one thing #URL# </document>
<document> #USER# You only have half of A-1 colored </document>
<document> I just found this AMAZING photo of #USER# #URL# </document>
<document> #USER# My favorite example is searching for "yt people" in Twitter search ></document>
<document> #USER# AMERICANISM NON-GLOBALISM </document>
<document> …and now they're using the pandemic as an excuse for an even greater demographic shift #URL# </document>
<document> Reddit is peak #USER# #URL# ></document>
<document> Lugenprasse is an acceptable term in our circles or is too obscure </document>
<document> #USER# Assuming Biden doesn't make them legal😬 </document>
<document> #HASHTAG# Whoever sent this super chat is sure to get their money! >></document>
<document> IQ mad redditors. What's new, #USER#? #URL# </document>
<document> Why would they write this? Does anyone care? #URL# </document>
<document> #USER# Your wish has been granted </document>
<document> #USER# "I Love the USA" hits differently these days </document>
<document> Better electric shocks than eternal flames🤷🏻‍♂️ #URL# </document>
<document> #USER# Spam in your comments </document>
<document> What's happening at stoneToss today is EXACTLY why Nick Fuentes blocks en masse. #URL# </document>
<document> We don't want America... ...to keep interrupting the flow! #HASHTAG# </document>
<document> #USER# I'm so glad you returned to the EST post </document>
<document> Nick gets personally mentioned by the highest court and that's not even the main story tonight #HASHTAG# </document>
<document> RT #USER#: Hello, basic department? #URL# </document>
<document> Best Super Chat attitude in a long time tonight #HASHTAG# </document>
<document> I don't want to hear this! I don't want to hear this! #HASHTAG# </document>
<document> #USER# #USER# You absorbed it, with </document>
<document> #HASHTAG# Nick is 100% right when he puts this time to good use. I readmuch more than the Bible. >></document>
The <document> button o7 goes crazy rn #URL# </document>
<document> #USER# You must encounter #USER# ></document>
<document> #USER# The same way I got you to #URL# </document>
<document> I let them know! #URL# #URL# </document>
<document> RT #USER#: I haven't watched the Super Bowl in years... but this year is personal! #URL# </document>
<document> #USER# This will hit you close </document>
<document> I've heard too much "That's a bad translation!" lately. Like, no. #URL# </document>
<document> "Yeah, it's messed up" (messes up even more) #HASHTAG# </document>
<document> Viewers don't like it because it's not optical </document>
<document> Who would have thought that Africa needed MORE blacks? #URL# </document>
<document> Nothing okayyyyy tonight! #HASHTAG# #URL# </document>
<document> Fundraising for legal purposes? #HASHTAG# </document>
<document> This is just as effective as Dlive chat #HASHTAG# #URL# </document>
<document> If it's not based you cringe </document>
<document> "Am I beating myself up with a dog like a black person?" NO, BUT BOTH WOULD BE DEGENERATED #HASHTAG# ></document>
<document> Nick said "okayyyyy" like, 20 minutes ago #HASHTAG# </document>
<document> How long exactly was the 8am start time in 2021? #HASHTAG# </document>
<document> The more I see homosexuality, the more I want to force each of them into violent and invasive conversion therapy </document>
<document> #USER# You better not start copying Across the Sea </document>
<document> #USER# I think "That means I'm one step closer to being able to say the word you know" </document>
<document> Flipping through yearbooks and in hindsight I realize that one of my first grade teachers was a gigachad #URL# </document>
<document> NOW I HAVE MY PLATFORM SO I CAN SAY IT #HASHTAG# </document>
<document> I THINK THE EASIEST WAY FOR MEXICANS TO NOT GET KILLED AT WALMART...IS FOR THEM NOT TO BE HERE! #HASHTAG# </document>
<document> OOOOOOOO You know what it's like </document>
<document>The new AF lobby music is better</document>
<document> #HASHTAG# Getting lost AGAIN! #URL# </document>
<document> Why are no girls in my school like this? Why must they all be degenerates!? #URL# </document>
<document> #USER# I just hope my French teacher was right about the far right </document>
<document> #USER# You don't have a smartphone </document>
<document> I haven't watched America First all week because I keep getting errors! >></document>
<document> Remember in this championship game that the Chiefs #HASHTAG# retweeted negative trash about Jaden McNeil last summer. >></document>
<document> The mainstream conservatives were right about the loss of jobs and the like under the new administration. Now let's hope they are right about racism </document>
<document> #USER# Initial Control </document>
<document> #USER# But which one is realistic ></document>
<document> #USER# "This is DISGUSTING!" >></document>
<document> #USER# This guy is about to spew conspiracy theories about #URL# </document>
<document> #USER# Stuck at AF cube and error message #URL# </document>
<document> 1 Peter 2:17</document>
<document> An early signal for me to move further to the right was when I could only name the cons and not the pros of diversity in social studies </document>
<document> It's funny to think about how I'm doing it for school while Nick is screaming </document>
<document> An illustration for my notes today #URL# </document>
<document>I have to watch the opening of the social studies class and you know I'm watching the stream of America First </document>
<document> HE SAID IT AGAIN! #HASHTAG# </document>
<document> Didn't you have Jaden and Scott a few months ago? #HASHTAG# </document>
<document> .#USER# is americafirst live equipped to stream the grand opening? >></document>
<document> #USER# I came up with </document>
<document> #USER# But think about births! >></document>
<document> When I'm called to dinner at 5:00 #URL# </document>
<document> #USER# Thinly veiled hate. They hate mayonnaise. >></document>
<document> Was going to attach a photo but…why should I do that </document>
<document> I had ribs for dinner and my lips are spoiled, thank goodness I have 4 flavors of lip balm </document>
<document> Looking through my old yearbooks, it's crazy how nearly degenerate I became before I found it here. >></document>
<document> Pretty happy that there is no live chat on AF dot live. My little computer couldn't handle it! >></document>
<document> Classmate responds making me want fedpost </document>
<document> The one I submitted as an image representing the events at the Capitol #URL# </document>
<document> #USER# This is what I put </document>
<document> Should I be optical or honest? #URL# </document>
<document> #USER# I told people to read the FBI crime statistics</document>
<document> #USER# I see the lobby but the music skips from time to time </document>
<document> The sooner our rebel brothers realize this, the better.✊🏻 #URL# </document>
<document> This but ironically not #URL# </document>
<document> #USER# Doesn't even need a firearm to do that </document>
<document> I see a lot of people talking big about how much they want to fight against K. Rittenhouse. I'm sure it would knock those fat guys unconscious </document>
<document> I trolled my non-political account #URL# </document>
<document>I miss the Pence who wanted [REDACTED] gays </document>
<document> Better be #URL# </document>
<document> Follower count is down, looks like I won't even reach 200 here. At least I got to three figures </document>
<document> Now gone... #URL# </document>
<document> Rewatching last night's America First. The way this man consistently speaks well for so long is mind blowing. ></document>
<document> #USER# No one else but without irony </document>
<document> This unironically makes me really sad </document>
<document> #USER# No family yet, but I'd be surprised if they didn't start one </document>
<document> #USER# The only Mormon I know married a Mexican woman😬 </document>
<document>Official reports will say that those who died on the Capitol yesterday died of COVID</document>
<document> #USER# #USER# You're wrong, the BLM rioters' charges were all dropped and they received billions from the corporations </document>
<document> RT #USER#: "ACAB, except when killing people I disagree with" </document>
<document> #USER# The American people will once again come first! >></document>
<document> Bro, we're going to get in big trouble #URL# </document>
<document>No charge for our catching guys, call him now</document>
<document> This has aged well. Outside of our circles they are in PANIC #URL#></document>
<document> #USER# #USER# is the future </document>
<document> New background for virtual school #URL# </document>
<document> My device crashed like crazy while tweeting that too, could that tell me something </document>
<document> If this is true then where is my white girlfriend??? #URL# </document>
<document> #USER# Now, looking back, I realize they are all addicted to sex based on what they expect people to do </document>
<document> #USER# West Florida does not include Orleans Island, so you won't find anything south of Lake Pontchartrain </document>
<document> #USER# America First Compound </document>
<document> #USER# Is this what you were looking for? #URL# </document>
<document> #USER# Got you </document>
<document> #USER# You know an English lesson sucks when it's an English lesson </document>
<document> #USER# This is the right way </document>
<document> It's been pretty dry here lately. There are only 3 days left for the real thrill though! >></document>
<document> #USER# Supports Trump, of course it's for the Platinum plan and such, but it's better than most of the alternatives </document>
<document> #USER# No clues. However, it was leftist men who made that graphic, so I wouldn't expect honesty. >></document>
<document> #USER# From now on we will punish them! >></document>
<document> This but ironically not #URL# </document>
<document> #USER# Last year in social studies I saw a video of PragerU who argued without irony that the 3/5 compromise was anti-racist </document>
<document> #USER# #USER# One with objective standards </document>
<document> #USER# Why Hawaii is Level F and why Louisiana is inconsistent with other blue seal flags </document>
<document> I made a new video for (((answers))): This nose knows #URL# </document>
<document> "They'd complain if Obama did that. Why isn't anyone complaining that Trump plays golf?" asks the reporter, complaining that Trump plays golf </document>
<document> It took me 10 minutes to find thit's because of all the awful new non-white edits clogging up the search results #URL# </document>
<document> #USER# Next Bobby Jindal! >></document>
<document> StoneToss Nick Fuentes! #URL# </document>
<document> I like it when Alex Jones says "Nick Fwintez" </document>
<document> #USER# No man, nobody will fight at Christmas, it's an unspoken rule </document>
<document> How come I've never heard of it until now? #URL# </document>
<document> #USER# Yes. One of my best friends at school is a </document>
<document> I will use this image with text about how I hate a bunch of people and get tens of thousands of likes #URL# </document>
<document> #USER# The water isn't that shallow so it's not that easy </document>
<document> #USER# The first stream I saw I showed up about 15 minutes early... then I waited an hour for Free Men Talking </document>
<document> Very long and passionate outburst here in the middle of superchat. N. Fuentes closes out 2020 America First with a bang! >></document>
<document> Definitely one of these last moments with these obnoxious African-appropriated "memes" #URL# </document>
<document> Wow, Nick is streaming now! I went to see a replay and it's live, 11am! >></document>
<document> Dude, leftists really think Madison Cawthorn is a Nazi. Just proof that you can be optical and still be threatening </document>
<document> I hope he's in rehab for being a weird anti-white trader #URL# </document>
<document> That loser nurse's private account. At least we won't have to see that face again! >></document>
<document> Of course nothing happened but they still act as if it's real #URL# </document>
<document> Do not check this if you are prone to fedposting. It's about non-whites taking over Europe and enslaving us #URL# </document>
<document> #USER# Well, there are other America Firsters who would do a good job. But no one else. >></document>
<document> #USER# Switching to satellite TV, what I'm watching now </document>
<document> 3 spots with pairs of broken branches in rapid succession. Not good, advertisers! >></document>
<document> #USER# ngl you are delighted with that comment </document>
<document> #USER# This is exactly how China is shaped, including Tibet, but with an angle </document>
<document> Bruh #USER# 💀 Did you really know when his story happened </document>
<document> #USER# Looked like #URL# ></document>
<document> #USER# Canada is weak for giving all this to the Indians </document>
<document> It's not even longer than normal, and I've seen something around 4 hours. >></document>
<document> I'm watching last night's America First because you guys thought it was so powerful. I do not understand. Seems pretty average to me. >></document>
<document> #USER# There aren't any girls on sc or enough people who would see it in time </document>
<document> Does anyone know anyone by the name of NH Groyper? I just found an old screenshot.>></document>
<document> I reversed my blackpill graphics. Whitepill now! #URL# </document>

</author><Document> "Hey Jamal (giggling uncontrollably) You want some (PFFF) LEMONADE!" What an idiot! #URL# ></document>
<document> RT #USER#: Cotton comes out with a bang #URL# ></document>
<document> This is meant to be sarcasm, but it's a good point considering how overwhelming the pandemic has been #URL# ></document>
<document> Nick really only compared homosexuality to people shooting themselves in the head😂😭 ></document>
<Document> PROTECT AMERICA FIRST! LET'S GO!!!!!!!! #URL# ></document>
<document> All those security fears but a total refusal to address the issue is NONWHITE IMMIGRANTS #URL# ></document>
<Document> People will notice. It just takes time. ></document>
<document> #USER# I thought people would do this to avoid being reported, not for fun ></document>
<document> Why would anyone draw the attention of female writers like somehow this is supposed to be about a sunset (???) #URL# ></document>
<document> This tweet is so Jewish it hurts #URL# ></document>
<document> What a nightmare #URL# ></document>
<Document> I hate English class so much. Anti straight man anti white ass class. Can't even get good grades in ></document>
<document> I turn on #URL# at 8:30 am and I know that the show will start again an hour late #URL# ></document>
<document> #USER# They used to teach racial realism in their schools! ></document>
<document> This just proves that the js are anti-american #URL# ></document>
<document> #USER# IDK what happened but suddenly he is much happier reading super chats ></document>
<document> What, you get a lifetime response type #URL# ></document>
<Document> RT #USER#: Nick Fuentes – The Great Reset #USER# #URL# ></document>
<document> #USER# It's also about survival for me. If other races reproduce faster and mine fails to reproduce due to homosexuality, we will become extinct. ></document>
<document> #USER# Well, there are Ebonics... ></document>
<document> Worse for people who deserve it like you #URL# ></document>
<document> Then why quote Christ if you don't appreciate Christianity, degenerate #URL# ></document>
<document> #USER# You had the opportunity to change it after being deleted ></document>
<document> #USER# Coomers post their ls online ></document>
<document> #USER# Don't ask your grandfathers about the 1930s ></document>
<document> Pretty nice at the moment that Nick has such a good attitude towards superchats when there are so many so late ></document>
<document> Gotta love the chat spamming Judeo-Christian while Nick is talking about S. King ></document>
<Document> #USER# He said groypers stormed the Capitol and called us "sick anti-Semites". The account with the clip has been deleted. ></document>
<document> #USER# Might end mud sharks ></document>
<document> #USER# communists on reddit started this. They try to water down his message with nonsense. ></document>
<document> #USER# I have this background #URL# ></document>
<document> #USER# IT IS OK TO BE W- ></document>
<Document> #USER# It's a "against cancellation culture" conference that canceled this crowd. There's nothing wrong with giving the event a hard time. ></document>
<document> I didn't think the purge would come so soon! #URL# ></document>
<Document> You rock #USER#! ></document>
<Document> #HASHTAG# My goodness, we are extremists! IMPRESSIVELY! ></document>
<Document> I'll never forget the time someone at school wore a t-shirt that said "I AM JEWISH. WANT TO VERIFY?" 😂 He wasn't actually a Jew ></document>
<document> #USER# Yes, over an hour late and in his car, no super chats ></document>
<document> Do you want a whitepill? #URL# ></document>
<document> #USER# This edit is still super cool ></document>
<Document> RT #USER#: New comic by Hedgewik (his account is atm suspended) #URL# ></document>
<document> #USER# I become a waiter to pick up a Karen based this way👉🏻👈🏻😳 ></document>
<document> God I hope so #URL# ></document>
<document> A man only wants one thing #URL# ></document>
<document> #USER# You only colored half of LA-1 in ></document>
<document> I just found this AWESOME picture from #USER# #URL# ></document>
<document> #USER# My favorite example is searching for "yt people" in Twitter search ></document>
<document> #USER# AMERICANNISM NOT GLOBALISM ></document>
<document> … and now they're using the pandemic as an excuse for even more demographic shifts #URL# ></document>
<document> Reddit is top #USER# #URL# ></document>
<document> Is lying in our circles an acceptable term or too unoptical ></document>
<document> #USER# Assuming Biden doesn't make them legal😬 ></document>
<document> #HASHTAG# Whoever submits this super chat will surely get their money's worth! ></document>
<Document> Editors are mad at IQ. What's new, #USER#? #URL# ></document>
<Document> Why would you even write that? Does anyone even care? #URL# ></document>
<document> #USER# Your wish has been granted ></document>
<document> #USER# "I Love the USA" is different these days ></document>
<Document> Better electrocution than eternal flames🤷🏻‍♂️ #URL# ></Document>
<document> #USER# spam in his comments ></document>
<document> What is happening to stoneToss today is EXACTLY why Nick Fuentes Mass Blocks. #URL# ></document>
<Document> We don't want America... ...to cut off the electricity! #HASHTAG# ></document>
<document> #USER# I'm so glad you're back at the EST post ></document>
<Document> Nick will be mentioned in person before the Supreme Court, and that's not even the main story tonight #HASHTAG# ></Document>
<Document> RT #USER#: Hello based department? #URL# ></document>
<document> Best Superchat shot in a long time tonight #HASHTAG# ></document>
<Document> I don't want to hear that! I don't want to hear that! #HASHTAG# ></document>
<document> #USER# #USER# Did you record it with ></document>
<document> #HASHTAG# Nick is 100% right about using this time wisely. I have readmuch more of the Bible. ></document>
<Document> o7 button moves rn #URL# ></Document>
<document> #USER# You must hit #USER# ></document>
<document> #USER# Likewise, I brought you to #URL# ></document>
<Document> I told him! #URL# #URL# ></document>
<Document> RT #USER#: I haven't seen the Super Bowl in years... but this year is personal! #URL# ></document>
<document> #USER# This must be near you ></document>
<document> I've heard far too many times "It's a bad translation!" lately. No. #URL# ></document>
<document> "Yeah, it's a chaos" #HASHTAG# ></document>
<document> viewers don't like this because it's not visual ></document>
<Document> Who knew Africa needed MORE Black? #URL# ></document>
<document> No okayyyyy at all tonight! #HASHTAG# #URL# ></document>
<Document> Fundraising for legal purposes? #HASHTAG# ></document>
<document> This is just as effective as Dlive chat #HASHTAG# #URL# ></document>
<document> If it's not based, it's cringe ></document>
<document> "Do I hit a dog the same way I hit a black man?" NO, BUT BOTH WOULD BE DEGENERATING #HASHTAG# ></document>
<document> Nick said "okayyyyy" like 20 minutes ago #HASHTAG# ></document>
<Document> Exactly how long did 8:00 start times last in 2021? #HASHTAG# ></document>
<document> The more I see homosexuality, the more I want to force each and every one of them into violent and invasive conversion therapy ></document>
<document> #USER# Better not start copying Across the Sea ></document>
<document> #USER# I'm thinking, "That means I'm one step closer to the you-know-what word" ></document>
<document> Looking back through the yearbooks, I realize that one of my first grade teachers was a Gigachad #URL# ></document>
<document> I HAVE MY OWN PLATFORM NOW SO I CAN SAY IT #HASHTAG# ></document>
<document> I THINK THE EASIEST WAY FOR MEXICANS NOT TO GET SHOT IN WALMART IS NOT TO BE HERE! #HASHTAG# ></document>
<document> OOOOOOOO You know it's like ></document>
<document> The new AF lobby music is better ></document>
<Document> MISSED #HASHTAG# AGAIN! #URL# ></document>
<Document> Why aren't girls in my school like this? Why do they all have to be degenerate!? #URL# ></document>
<document> #USER# I just hope my French teacher was right about the extreme right ></document>
<document> #USER# You don't have a smartphone ></document>
<document> I haven't watched America First all week because I keep getting error messages! ></document>
<Document> In this championship game, remember that the Chiefs #HASHTAG# retweeted negative trash about Jaden McNeil last summer. ></document>
<Document> The mainstream Conservatives were right about the new government's job cuts and the like. Now let's hope you're right about the racism ></document>
<document> #USER# Early life check ></document>
<document> #USER# But which one is realistic ></document>
<Document> #USER# "This is disgusting!" ></document>
<document> #USER# This guy is about to spread conspiracy theories on #URL# ></document>
<document> #USER# stuck at AF-Cube and error message #URL# ></document>
<document> 1 Peter 2:17 ></document>
<document> An early sign for me to move further to the right was when I could only identify disadvantages but no advantages of diversity in social studies ></document>
<document> It's hilarious to think about how I do this for school while Nick is yelling ></document>
<document> An illustration for my notes today #URL# ></document>
<document> I have to watch the Introduction to Social Studies class and you know I'm watching the America First stream ></document>
<Document> HE SAID IT AGAIN! #HASHTAG# ></document>
<Document> Wasn't he wearing Jaden and Scott a few months ago? #HASHTAG# ></document>
<document> .#USER# Is americafirst live equipped to stream the inauguration? ></document>
<document> #USER# It came to me ></document>
<document> #USER# But think about birth rates! ></document>
<document> When I am called to dinner at 5:00 am #URL# ></document>
<Document> #USER# Lightly veiled hate. You hate mayonnaise. ></document>
<document> Wanted to attach an image but...why would I do that ></document>
<document> I ate ribs for dinner and my lips are busted, good thing I have 4 flavors of lip sticks ></document>
<Document> Flipping through my old yearbooks, it's insane how degenerate I almost became before I found it here. ></document>
<document> Pretty glad there is no live chat on A F dot live. My little computer couldn't take it! ></document>
<document> classmate replies, which makes me post ></document>
<document> What I submitted as an image depicting the events in the Capitol #URL# ></document>
<document> #USER# This is what I entered ></document>
<Document> Should I be visual or honest? #URL# ></document>
<document> #USER# I've been telling people to read the FBI's crime statistics ></document>
<document> #USER# I see the lobby but the music jumps from time to time ></document>
<Document> The sooner our wayward brethren realize this, the better.✊🏻 #URL# ></Document>
<document> This is unironically #URL# ></document>
<document> #USER# He doesn't even need a gun for that ></document>
<Document> I see a lot of people making big fuss about how badly they want to fight K. Rittenhouse. I'm sure he'd beat those fat sods senseless ></document>
<document> I did some trolling on a non-political account of mine #URL# ></document>
<document> I miss the pence that wanted the gay [REDACTED] ></document>
<document> It should better be #URL# ></document>
<Document> The number of followers is going down, it looks like I won't even reach 200 here. At least I got three digits ></document>
<document> It's gone now... #URL# ></document>
<document> I'm rewatching America First from last night. How this man talks so consistently well for so long is mind blowing. ></document>
<document> #USER# Nobody else, but unironically ></document>
<document> This makes me really sad, unironically ></document>
<document> #USER# Not a family yet, but I'd be surprised if they didn't start a ></document>
<document> #USER# The only Mormon I know married a Mexican😬 ></document>
<Document> Official reports state that those who died in the Capitol yesterday died of COVID ></Document>
<document> #USER# #USER# They're wrong, the charges against the BLM rioters have all been dropped and they've gotten billions from businesses ></document>
<document> RT #USER#: "ACAB - except when they kill people I disagree with" ></document>
<document> #USER# Once again, the American people WILL come first! ></document>
<document> Brother, we're going to be in so much trouble #URL# ></document>
<document> No charges fall for our boys who catch them call it ></document> now
<document> That has aged well. Outside of our circles, they get into PANICKEL #URL# ></document>
<document> #USER# #USER# is the future ></document>
<Document> New background for the virtual school #URL# ></Document>
<document> My device also totally crashed while tweeting, could tell me something ></document>
<Document> If this is true then where is my white girlfriend??? #URL# ></document>
<document> #USER# Looking back now I realize they are all sex addicts based on what they want people to do ></document>
<document> #USER# West Florida doesn't include the Isle of Orleans, so you don't get anything south of Lake Pontchartrain ></document>
<document> #USER# America First Compound ></document>
<Document> #USER# Is this what you were looking for? #URL# ></document>
<document> #USER# I got you ></document>
<document> #USER# You know an English class sucks when it's an English class ></document>
<document> #USER# This is the correct recording ></document>
<Document> It's been pretty dry around here lately. Only 3 days left until the real excitement! ></document>
<document> #USER# He supports Trump, of course it's for the platinum plan and such, but it's better than most alternatives ></document>
<Document> #USER# I have no idea. It was leftists who made this graphic, so I wouldn't expect any honesty. ></document>
<document> #USER# We will punish them from now on! ></document>
<document> This is unironically #URL# ></document>
<document> #USER# Last year in Social Studies I saw a PragerU video unironically arguing that the 3/5 compromise was anti-racist ></document>
<document> #USER# #USER# One with objective standards ></document>
<document> #USER# Why is Hawaii F-Tier and why is Louisiana inconsistent with other Blue Seal flags? ></document>
<Document> I made a new video for (((Answers))): This nose knows #URL# ></Document>
<Document> "You would complain if Obama did that. Why doesn't anyone complain about Trump's golfing?" The journalist asks and complains about Trump's golfing ></document>
<Document> It took me 10 minutes to find itis because of all the horrid new edits by non-whites clogging up the #URL# ></document> search results
<Document> #USER# The next Bobby Jindal! ></document>
<Document> StoneToss Nick Fuentes! #URL# ></document>
<document> I love it when Alex Jones says "Nick Fwintez" ></document>
<document> #USER# No dude, nobody's gonna fight on Christmas, that's an unspoken rule ></document>
<document> Why have I never heard of this before? #URL# ></document>
<Document> #USER# Yes. One of my best friends at school is a ></document>
<document> I will use this image with text about how I hate a group of people and get tens of thousands of likes #URL# ></document>
<document> #USER# The water isn't that flat so it's not that easy ></document>
<document> #USER# The first stream I watched, I showed up about 15 minutes early...then waited an hour for Free Men Talking ></document>
<document> Very long and passionate tirade here in the middle of superchats. N. Fuentes ends America First 2020 with a bang! ></document>
<document> Definitely one of the final moments with those hateful African-appropriated "memes" #URL# ></document>
<Document> Wow, Nick is streaming now! I watched a replay and it's live 11am! ></document>
<Document> Man, leftists really think Madison Cawthorn is a Nazi. Just proof that you can be visual and still be menacing ></document>
<document> Hopefully he's in rehab for being an unfunny anti-white trader #URL# ></document>
<Document> This sick nurse's personal account. At least we don't have to see that face anymore! ></document>
<document> Obviously nothing happened but they still pretend it's a real #URL# ></document>
<document> Don't check this if you tend to fedpost. Talks about non-whites taking over Europe and enslaving us #URL# ></document>
<document> #USER# Well, there are other America Firsters that would do a good job. But nobody else. ></document>
<document> #USER# Transition to satellite TV, what I'm watching ></document>
<Document> 3 commercials with broken pairs of branches in quick succession. Not cool recruiter! ></document>
<document> #USER# ngl You're beaming with this comment ></document>
<document> #USER# This is exactly how China is formed, including Tibet, but at an angle ></document>
<document> Bruh #USER# 💀 You really knew when his story took place ></document>
<document> #USER# It looked like #URL# ></document>
<document> #USER# Canada is weak because it gave all this to the Indians ></document>
<Document> It's not even longer than normal and I've been watching a little over 4 hours. ></document>
<document> I'm watching America First from last night because you guys thought it was so strong. I do not get it. It seems pretty average to me. ></document>
<document> #USER# I don't have girls on sc or enough people who would see it in time ></document>
<Document> Does anyone know anyone who has visited or has visited NH Groyper? Just found an old screenshot.></document>
<document> I inverted my blackpill graphic. Whitepills now! #URL# ></document>

</author><document> "Hey Jamal (chuckles uncontrollably) You want some (PFFF) LEMONADE!" What an idiot! #URL# ></ document>
<document> RT #USER#: Cotton comes out with a great #URL# ></document>
<document> This is mocking, but good point considering how underwhelming the pandemic is #URL# ></document>
<document> Nick indeed compared homosexuality to people shooting themselves in the head😂😭 ></document>
<document> PROTECT AMERICA FIRST! LET'S GO!!!!!!!! #URL# ></ document>
<document> All these fears about security, but completely refusing to address the issue NON-WHITE IMMIGRANTS #URL# ></document>
<document> People will notice. It just takes time. ></ document>
<document> #USER# I thought people did this for fun, not to be reported ></document>
<document> Why is anyone showing interest in female writers? Somehow this has to be related to a sunset (???) #URL# ></document>
<document> This tweet is so jewish it hurts #URL# ></document>
<document> What a nightmare #URL# ></document>
<document> I hate English class so much. Anti heterosexual man versus White ass class. I can't even get good grades ></document>
<document> I enter #URL# at 8:30 am knowing that the show will start an hour late again #URL# ></document>
<document> #USER# They were teaching racial realism in their school! ></ document>
<document> This just proves the J's are anti-American #URL# ></document>
<document> #USER# what's up with IDK but suddenly he's much happier reading super chats ></document>
<document> What, get an answer from life man #URL# ></document>
<document> RT #USER#: Nick Fuentes - Big Reset #USER# #URL# ></document>
<document> #USER# Survival for me too. If other races reproduce faster and mine misses breeding due to homosexuality, we will perish. ></ document>
<document> #USER# Well, there's ebony... ></document>
<document> Worse for people like you who deserve it #URL# ></document>
<document> So why are you quoting the degenerate #URL# ></document> Jesus if you don't appreciate Christianity?
<document> #USER# You had the opportunity to change it after it was purged ></document>
<document> #USER# Coomers ></document> who post their L's on the internet
<document> #USER# Don't ask your grandparents about the 1930s ></document>
<document> It's nice that Nick has such a good attitude for super chats right now ></document>
<document> Nick, I love the Judeo-Christian spamming conversation when talking about S. King ></document>
<document> #USER# He said Groypers raided the capital and called us "sick anti-Semitic". The account with the clip has been cleared. ></ document>
<document> #USER# Can end mud sharing ></document>
<document> #USER# Communists on Reddit started it. They are trying to dilute your message with nonsense. ></ document>
<document> #USER# I got this background #URL# ></document>
<document> #USER# IS OK TO BE W- ></document>
<document> #USER# It is a conference "against cancellation culture" that cancels the crowd. There's nothing wrong with making things difficult. ></ document>
<document> I didn't think the liquidation would come so soon! #URL# ></ document>
<document> You're awesome #USER#! ></ document>
<document> #HASHTAG# Oh my God, we are extremists! PERFECT! ></ document>
<document> On someone's way to school, "I AM JEWISH. DO YOU WANT TO CHECK?" I will never forget the time he wore a shirt that said 😂 He wasn't actually Jewish ></ document>
<document> #USER# Yes, he's over an hour late and no super chat in his car ></document>
<document> Would you like a white pill? #URL# ></ document>
<document> #USER# This edit is still great ></document>
<document> RT #USER#: New comic from Hedgewik (account locked at atm) #URL# ></document>
<document> #USER# This way I'll be a waiter to pick up a Karen 👉🏻👈🏻😳 ></document>
<document> I hope so #URL# ></document>
<document> A man only wants one thing #URL# ></document>
Only half color of LA-1 in <document> #USER# ></document>
<document> I just found this AMAZING picture of #USER# #URL# ></document>
<document> #USER# My favorite example is searching for "yt people" in Twitter search ></document>
<document> #USER# AMERICANISM IS NOT GLOBALIZATION ></document>
<document> …and now they're using the pandemic as an excuse for further demographic displacement #URL# ></document>
<document> Reddit is at the top #USER# #URL# ></document>
<document> Is Lugenprasse an acceptable term in our environment or is it too unreasonable ></document>
<document> #USER# Assuming Biden didn't make them legal😬 ></document>
<document> #HASHTAG# Whoever sent this super chat is definitely getting their money's worth! ></ document>
<document> Reddit users resent IQ. What's new, #USER#? #URL# ></ document>
<document> Why would they write that? Does anyone care? #URL# ></ document>
<document> #USER# Your request has been granted ></document>
<document> #USER# "I Love the USA" is a hit these days ></document>
<document> Better electric shock than eternal flames🤷🏻‍♂️ #URL# ></document>
<document> spam in #USER# comments ></document>
<document> What happened to stoneToss today is EXACTLY why Nick Fuentes mass-blocked it. #URL# ></ document>
<document> We don't want America to continue cutting the tide! #HAHTAG# ></ document>
<document> I'm so glad you're back to #USER# EST post ></document>
<document> Nick's name appears in the highest court himself, and that's not even the main story tonight #HASHTAG# ></document>
<document> RT #USER#: Hello, are you affiliated with the department? #URL# ></ document>
<document> Best super chat attitude in a long time tonight #HASHTAG# ></document>
<document> I don't want to hear about it! I don't want to hear this! #HAHTAG# ></ document>
Did you assimilate it with <document> #USER# #USER# ></document>?
<document> #HASHTAG# Nick is 100% right about making good use of this time. i was readingMuch more than the Bible. ></ document>
<document> o7 button is going crazy rn #URL# ></document>
<document> #USER# You should meet #USER# ></document>
<document> #USER# As I brought you to #URL# ></document>
<document> I told him! #URL# #URL# ></ document>
<document> RT #USER#: I haven't watched the Super Bowl in years...but this year is personal! #URL# ></ document>
<document> #USER# This must be very close to home for you ></document>
<document> Too much "This is a bad translation!" I hear the phrase. Lately. Like no. #URL# ></ document>
<document> "Yeah, it's messed up" (confuses it even more) #HASHTAG# ></document>
<document> Audiences dislike this because it is not optical ></document>
<document> Who would have thought that Africa needed MORE blacks? #URL# ></ document>
<document> No okayyyyy tonight! #HASHTAG# #URL# ></document>
<document> Fundraising for legal purposes? #HAHTAG# ></ document>
<document> This is as effective as Dlive chat #HASHTAG# #URL# ></document>
It's a shame if <document> isn't based ></document>
<document> "Is hitting a dog the same as a black person?" NO, BUT THEY BOTH DISAPPEAR #HASHTAG# ></document>
<document> Nick said like "okayyyyy" 20 minutes ago #HASHTAG# ></document>
<document> Exactly how long were the 8:00 start times in 2021? #HAHTAG# ></ document>
<document> The more I see homosexuality, the more I want to force each one into violent and invasive conversion therapy ></document>
<document> Better not start copying #USER# Across the Sea ></document>
<document> #USER# I think "This means I'm one step closer to being able to say the word you know what it is" ></document>
<document> I'm reviewing the yearbooks and looking back I realize that one of my first grade teachers had a gigachad #URL# ></document>.
<document> NOW I HAVE MY OWN PLATFORM, I CAN SAY #HASHTAG# ></document>
<document> I AM THE EASIEST WAY FOR MEXICOS TO NOT BE SHOOTED AT WALMART...THEY IS NOT HERE! #HAHTAG# ></ document>
<document> OOOOOOOO You know like ></document>
<document> Better AF lobby music ></document>
<document> #HASHTAG# We're missing it AGAIN! #URL# ></ document>
<document> Why isn't every girl at my school like this? Why does it all have to degenerate!? #URL# ></ document>
<document> #USER# I hope my French teacher is right about the far-right ></document>
<document> #USER# no smartphone ></document>
<document> I haven't watched America First all week because I keep getting errors! ></ document>
<document> Recall that in this championship game, the Chiefs retweeted #HASHTAG# about Jaden McNeil last summer. ></ document>
<document> Mainstream conservatives were right about job losses and the like with the new administration. Now let's hope they're right about the racism ></document>
<document> #USER# Early life control ></document>
<document> #USER# But which one is realistic ></document>
<document> #USER# "This is DISGUSTING!" ></ document>
<document> #USER# This guy is about to spread conspiracy theories over #URL# ></document>
<document> #USER# stuck in AF cube and #URL# error message ></document>
<document> 1 Peter 2:17 ></ document>
<document> An early sign for me to go further right was that I could only enumerate the cons, not the pros, of diversity in social studies ></document>
<document> It's funny to think how I did this for school while Nick was shouting ></document>
<document> An example for my notes today #URL# ></document>
<document> I need to watch the opening of the social studies class and you know I'm watching the America First broadcast ></document>
<document> SAID IT AGAIN! #HAHTAG# ></ document>
Didn't <document> take out Jaden and Scott a few months ago? #HAHTAG# ></ document>
<document> .#USER# americafirst equipped to stream the boot live? ></ document>
<document> #USER# Came for me ></document>
<document> #USER# But think about birthrates! ></ document>
<document> #URL# ></document> when I'm called to dinner at 5:00
<document> #USER# Thin veiled hatred. They hate mayonnaise. ></ document>
<document> I was going to add an image but…why would I do that ></document>
<document> I had ribs for dinner and my lips are ruined, good thing I have 4 chapstick flavors ></document>
<document> It's insane how corrupt I was almost looking through my old yearbooks before I found this place. ></ document>
<document> Glad there is no live chat on AF dot live. My little computer couldn't handle it! ></ document>
<document> My classmate's answers want to fedpost me ></document>
<document> What I delivered as an image representing events at the Capitol #URL# ></document>
I put <document> #USER# ></document>
<document> Optical or should I be honest? #URL# ></ document>
<document> #USER# I still told people to read the FBI crime statistics ></document>
<document> #USER# I see the lobby but the music occasionally jumps ></document>
<document> The sooner our stubborn brothers realize this, the better.✊🏻 #URL# ></document>
<document> This, but not ironically #URL# ></document>
<document> #USER# Doesn't even need a firearm to do this ></document>
<document> I see a lot of people talking big about how much they want to fight K. Rittenhouse. I'm sure he would beat those fatties senselessly ></document>
<document> I trolled my non-political account #URL# ></document>
<document> I miss Pence asking [TO REMOVE] homosexuals ></document>
<document> better be #URL# ></document>
<document> Follower count is dropping, looks like I won't even reach 200 here. I got at least three digits ></document>
<document> No more... #URL# ></document>
<document> I'm rewatching America First last night. It's mind-blowing how this guy has been consistently good at this for so long. ></document>
<document> #USER# Nobody Else, ironically ></document>
<document> This ironically makes me really sad ></document>
<document> #USER# No family yet but I'd be surprised if they don't start one ></document>
<document> #USER# The only Mormon man I know married a Mexican woman😬 ></document>
<document> Official reports will say those who died in the capital yesterday died from COVID ></document>
<document> #USER# #USER# You're wrong, the BLM rebels' charges were all dropped and they took billions from the companies ></document>
<document> RT #USER#: "ACAB—except when they kill people I disagree with" ></document>
<document> #USER# The American People WILL WIN once again! ></ document>
<document> Brother, we're going to be in a lot of trouble #URL# ></document>
<document> No charges were dropped for our captured men, whom they now call ></document>.
<document> This has aged well. THEY ARE PANICING OUT OF OUR CIRCLES #URL# ></document>
<document> #USER# #USER# future ></document>
<document> New background for virtual school #URL# ></document>
<document> My device crashed badly while I was tweeting that too, it might be telling me something ></document>
<document> If this is true, where is my White gf??? #URL# ></ document>
<document> #USER# Looking back now, I see that they were all addicted to sex based on what people expected them to enter ></document>
<document> #USER# West Florida does not include Orleans Island, so you can't buy anything south of Lake Pontchartrain ></document>
<document> #USER# America First Compound ></document>
<document> #USER# Is this what you were looking for? #URL# ></ document>
<document> #USER# I got you ></document>
<document> #USER# You know English class sucks, ></document>
<document> #USER# This is the correct approach ></document>
<document> It's been pretty dry here lately. However, only 3 days left to the real excitement! ></ document>
<document> #USER# supports Trump, of course for Platinum Plan and stuff like that but better than most alternatives ></document>
<document> #USER# No clues. It was leftists who made this chart though, so I wasn't expecting honesty. ></ document>
<document> #USER# We will punish them now! ></ document>
<document> This, but not ironically #URL# ></document>
<document> #USER# Last year I saw a PragerU video that non-ironically argued that the 3/5 consensus in the social sciences is anti-racist ></document>
<document> #USER# #USER# The only one with objective standards ></document>
<document> #USER# Why is Hawaii F-tier and why is Louisiana not consistent with other blue seal flags ></document>
I made a new video for <document> ((((responses))): This nose knows #URL# ></document>
<document> "If Obama did that, they would complain. Why isn't anyone complaining about Trump playing golf?" the journalist asks, complaining about Trump playing golf ></ document>
<document> It took me 10 minutes to find this.It's because the dreaded new regulations of non-whites are clogging up search results #URL# ></document>
<document> #USER# Next Bobby Jindal! ></ document>
<document> StoneToss Nick Fuentes! #URL# ></ document>
<document> I love how Alex Jones said "Nick Fwintez" ></document>
<document> #USER# No man, no one's going to fight at Christmas, that's an unspoken rule ></document>
<document> How have I never heard of this before? #URL# ></ document>
<document> #USER# Yes. One of my best friends at school </document>
<document> I'll use this image with a text describing how I hated a group of people and got tens of thousands of likes #URL# ></document>
<document> #USER# The water is not that shallow, not that easy ></document>
<document> #USER# In the first broadcast I watched, I actually arrived about 15 minutes early...then I waited for an hour of Free Men Talking ></document>
<document> Very long and passionate bullshit in the middle of super conversations. N. Fuentes finishes the 2020 America First with a bang! ></ document>
<document> These African-appropriated hateful "memes" are definitely having one of their last moments with #URL# ></document>
<document> Wow, Nick is streaming now! I went to watch the replay and it was live at 11am that morning! ></ document>
<document> Dude, leftists really think Madison Cawthorn is a nazi. Prove that you can be optical and still menacing ></document>
<document> I hope he's in rehab for being an anti-White trader who isn't funny #URL# ></document>
<document> That silly nurse's secret account. At least we won't have to see that face anymore! ></ document>
<document> Obviously nothing happened but they still pretend to be real #URL# ></document>
<document> Don't check this if you're prone to Fedposting. Talks of non-whites to take over Europe and enslave us #URL# ></document>
<document> #USER# There are other America Firsters who will do well. But there is no one else. ></ document>
<document> #USER# Switching to Satellite TV, what am I watching now ></document>
<document> 3 ads with pairs of broken branches in a row. Not nice, advertisers! ></ document>
<document> #USER# ngl you shine with this comment ></document>
<document> #USER# This is the shape of China, including Tibet, but with an angle ></document>
<document> Bruh #USER# 💀 You really knew when his story took place ></document>
<document> #USER# had appearance #URL# ></document>
<document> #USER# Weak because Canada gave all this to the Indians ></document>
<document> It's not even longer than normal and I've seen something like about 4 hours. ></ document>
<document> I'm watching last night's America First because you found it so powerful. I don't understand It looks pretty average to me. ></ document>
<document> #USER# SC has no girls or not enough people to see her on time ></document>
<document> Does anyone know anyone who has been to or has been to NH Groyper? I just found an old screenshot.></ document>
<document> I reversed my blackpill chart. White pills now! #URL# ></ document>

</author><Documentation> "Hi Jamal (uncontrollable laughter) (PFFF) I want lemonade!" #URL# ></document>
<document> RT #USER#: I go on a rampage #URL# ></document>
<document> This is meant to be ironic, but a good point considering how overwhelmed the pandemic has been #URL# ></document>
<document> Nick really just compared homosexuality to people shooting in the head 😂😭 ></document>
<Document> Defend America First! Alright, let's go! ! ! ! ! ! ! ! #URL# ></document>
<document> For all these safety concerns, it is the non-white immigrants who completely refuse to address the issue #URL# ></document>
<documentation> People will notice. It just takes time. ></documentation>
<document> #USER# I thought people were doing this to avoid being reported, not for fun ></document>
<document> Why focus on women authors?
<document> This tweet is so Jewish it hurts #URL# ></document>
<document> What a nightmare #URL# ></document>
<document> I hate English class. Anti-straight, anti-white butt class. I can't even get good grades ></document>
<document> Tunes in to #URL# at 8:30 knowing the show will start an hour later #URL# ></document>
<document> #USER# They taught racial realism in school! ></document>
<document> This just proves that JS is anti-American #URL# ></document>
<document> #USER# IDK WHAT HAPPENED SUDDENLY HAPPENED TO READ SUPER CHAT ></document>
<document> What, the one who gets life's reply #URL# ></document>
<document> RT #USER#: Nick Fuentes - The Great Reset #USER# #URL# ></document>
<document> #USER# I'm a survivor too. If other races proliferate faster and my race misses reproduction due to homosexuality, we will be extinct.></document>
<document> #USER# Well, there's Ebonics... ></document>
<document> is even worse for people like you who deserve it #URL# ></document>
<document> So why are you quoting Christ if you don't understand Christianity? #URL# ></document>
<document> #USER# had a chance to change after being purged ></document>
<document> #USER# Coomers Posts L Online ></document>
<document> #USER# Don't ask your grandfather about the 1930s ></document>
<document>A lot of Superchat has been delayed, and Nick has a very good attitude towards Superchat, so it's great now ></document>
<document> I love chatting spamming Jews and Christians when Nick talks about S. King ></document>
<document> #USER# He said Greiper stormed the Capitol and called us "sick anti-Semites". The account that had the clip has been deleted. ></documentation>
<document> #USER# could end mad sharking ></document>
<document> #USER# started by a reddit communist. They are trying to dilute his message with nonsense. ></document>
<document> #USER# got this background #URL# ></document>
<document> #USER# W- is fine ></document>
<document> #USER# It's the "against cancellation culture" conference that canceled that crowd. There is nothing wrong with struggling with events. ></documentation>
<Document> I didn't know the purge was coming so soon! #URL# ></Document>
<documentation> You rock #USER#! ></documentation>
<documentation> #HASHTAG# Good, we are extremists! Great! ></documentation>
<Documentation> I will never forget the time someone wore a shirt to school that said, "I'm Jewish. Can you confirm?" 😂 He wasn't actually Jewish ></document>
<document> #USER# yeah, over an hour late in the car, no super chat ></document>
<document> Want a white pill? #URL# ></document>
<document> #USER# This edit is still pretty cool ></document>
<document> RT #USER#: New Comic on Hedgewik (his account is atm locked) #URL# ></document>
<document> #USER# Become a waiter and pick up bassist Karen 👉🏻👈🏻😳 ></document>
<document> God I hope so #URL# ></document>
<document> A man only wants one #URL# ></document>
<document> #USER# LA-1 only has half color ></document>
<document> I found a great picture of #USER# #URL# ></document>
<document> #USER# My favorite example is searching for "yt people" in Twitter search ></document>
<document> #USER# AMERICANISM NOT GLOBALISM ></document>
<document> …and now they are using the pandemic as an excuse to cause even more migration #URL# ></document>
<document> Reddit peaks #USER# #URL# ></document>
<document>Is Lugenprasse an acceptable term in our circle or is it too visual></document>
<document> #USER# Even assuming Biden doesn't legalize it 😬 ></document>
<documentation> #HASHTAG# Whoever sent this superchat is definitely getting his money's worth! ></documentation>
<Documentation> Redditors are obsessed with IQ. New, #USER#? #URL# ></Document>
<document> Why would they write this? Who cares? #URL# ></document>
<document> #USER# Your wish has come true ></document>
<document> #USER# "I Love the USA" recent hits ></document>
<document> Lightning better than eternal flame 🤷🏻‍♂️ #URL# ></document>
<document> #USER# comment spam ></document>
<document> What's happening to stoneToss today is exactly the reason Nick Fuentes mass-blocked. #URL# ></document>
<document> We don't want America... ...to keep blocking streams! #HASHTAG# ></document>
<document> I'm so glad you're back with your #USER# EST post ></document>
<document> Nick is personally mentioned in the Supreme Court and it's not even the main story tonight #HASHTAG# ></document>
<document> RT #USER#: Hello, is this your department? #URL# ></document>
<document> Tonight's superchat attitude after a long time #HASHTAG# ></document>
<document> I don't want to hear it! I don't want to hear this! #HASHTAG# ></document>
<document> #USER# #USER# did you absorb him ></document>
<Documentation> #HASHTAG# Nick is 100% right that he made good use of this time. i was readingmuch more of the bible. ></documentation>
<document> o7 button messed up rn #URL# ></document>
<document> Must meet #USER# #USER# ></document>
<document> The same way #USER# #URL# was reached ></document>
<document> I told him! #URL# #URL# ></document>
<Document> RT #USER#: Haven't seen the Super Bowl in years, but this year it's personal! #URL# ></Document>
<document> #USER# Must be hit near your home ></document>
<Documentation> We often hear the phrase “The translation is bad!”. soon. no. #URL# ></document>
<document> "Yes, it's messed up" (more messed up) #HASHTAG# ></document>
<document> Audiences don't like this because it's not optical ></document>
<Document> Who would have thought Africa needed more blacks? #URL# ></Document>
<document> Everything is fine tonight! #HASHTAG# #URL# ></document>
<document> Financing for legal purposes? #HASHTAG# ></document>
<document> This is as effective as live chat #HASHTAG# #URL# ></document>
<document> If you don't have a basis, you're sick of it ></document>
<documentation> "Is it the same as black people when I hit dogs?" No, but both would be degenerate #HASHTAG# ></document>
<documentation> Nick said "okay" 20 minutes ago #HASHTAG# ></documentation>
<Document> Exactly how long did the 8:00 start time last in 2021? #HASHTAG# ></Document>
<document> The more I see homosexuals, the more I want to force violent and invasive conversion therapy ></document>
<document> #USER# better not start copying across the ocean ></document>
<document> #USER# I said "This means you are one step closer to being able to say the words you know"></document>
<document> Looking through the yearbook, I noticed that one of the 1st grade teachers was Gigachad #URL# ></document>
<document> I have my own platform so I can say #HASHTAG# ></document>
<Document> I think the easiest way to keep Mexicans from getting shot at Walmart is they're not here! #HASHTAG# ></Document>
<document> OOOOOOOO ></document>
<document> New AF lobby music has been improved ></document>
<document> #HASHTAG# Missed it again! #URL# ></document>
<documentation> Why aren't there girls like this in my school? Why do they all have to degenerate!? #URL# ></documentation>
<document> #USER# I can only hope my French teacher was right about the Far Right ></document>
<document> #USER# I don't have a smart phone ></document>
<Document> I haven't watched America First in a week because I keep getting errors! ></Document>
<Documentation> Remember how the Chiefs #HASHTAG# retweeted negative trash about Jayden McNeil last summer in this championship game. ></documentation>
<Document> Conservatives were right about unemployment in the new government. Let's hope they're right about racism ></document>
<document> #USER# early life check ></document>
<document> #USER# but which one is realistic ></documentation>
<documentation> #USER# "I hate that!" ></documentation>
<document> #USER# This guy is trying to spout conspiracy theories on #URL# ></document>
<document> #USER# stuck in AF Cube with error message #URL# ></document>
<Document> 1 Peter 2:17 ></Document>
<document>An early sign of my move more to the right was when I was only given the cons, not the pros, of diversity in social studies ></document>
<document> As Nick yells, it's funny to think how I do this at school ></document>
<document> Today's note illustration #URL# ></document>
<document>I have to watch the inauguration of my social studies class and you know I'm watching the America First stream ></document>
<Document> He said again! #HASHTAG# ></Document>
<Document> Wasn't he wearing Jaden and Scott a few months ago? #HASHTAG# ></Document>
<document> .#USER# americafirst live equipped to stream the inauguration? ></document>
<document> #USER# came up with ></document>
<document> #USER# But think about birth rates! ></document>
<document> If I'm invited to dinner at 5:00 #URL# ></document>
<document> #USER# Thin and hatred. They hate mayonnaise. ></documentation>
<document> I was going to attach an image...why am I doing this ></document>
<document> After eating short ribs for dinner, my lips are chapped. Good luck, here are 4 chopstick flavors ></document>
<document> Looking through my old almanacs, it's insane how nearly depraved I was before I got here. ></documentation>
<document> I'm pretty happy that A F dot live doesn't have live chat. My little computer couldn't take it! ></documentation>
<document> Makes me want to feedpost my classmates' answers ></document>
<document> Submitted as a photograph of events at the Capitol #URL# ></document>
<document> #USER# is what you put in ></document>
<documentation> Should I be visual or honest? #URL# ></documentation>
<document> #USER# I told people to read the FBI crime statistics ></document>
<document> #USER# I can see the lobby, but sometimes the music pops up ></document>
<document> The sooner our wayward brothers realize this, the better.✊🏻 #URL# ></document>
<document> which is ironically #URL# ></document>
<document> #USER# he doesn't even need a gun to do it></document>
<Documentation> I see a lot of people talking big about how much they want to fight K. Rittenhouse. I'm sure he beats those fatties pointlessly ></document>
<document> I trolled on my non-political account #URL# ></document>
<Document>I miss Pence who wanted to [REDACTED] gay></Document>
<document> #URL# is better ></document>
<Documentation> My follower count is dropping and I don't think it's going to hit 200 here. At least I got 3 digits ></document>
<document> is gone... #URL# ></document>
<document> Rewatched last night's America First. It's amazing how this guy has been speaking so consistently well for so long. ></documentation>
<document> #USER# ironically no one else ></document>
<document> Ironically, this makes me really sad ></document>
<document> #USER# No family yet, but I'd be surprised if it didn't start ></document>
<document> #USER# The only Mormon I know married a Mexican woman 😬 ></document>
<document>People who died in the Capitol yesterday died of COVID, official report says></document>
<document> #USER# #USER# You're Wrong, BLM Mob Accusations Dropped All, They Got Billions Of Dollars From Corporations ></document>
<document> RT #USER#: "ACAB — unless I kill people who disagree" ></document>
<document> #USER# Americans come first again! ></document>
<document> Guys, you're in big trouble #URL# ></document>
<document> Our men they captured have no claim. call now ></document>
<Documentation> This has matured well. Outside our circle they are panicking #URL# ></document>
<document> #USER# #USER# is the future ></document>
<document> New Backgrounds for Virtual School #URL# ></document>
My device crashed a mess while tweeting a <document>. It might be telling you something ></document>
<document> If this is true where is my white girlfriend???? #URL# ></document>
<document> #USER# Looking back now, I see they are all sex addicts based on what they expect from people ></document>
<document> #USER# West Florida does not include Orleans Island, so there is nothing south of Lake Pontchartrain ></document>
<document> #USER# America First Compound ></document>
<document> #USER# Is this what you were looking for? #URL# ></document>
<document> #USER# OK ></document>
<document> #USER# I know English class sucks ></document>
<document> #USER# This is the correct take ></document>
<document> It's been pretty dry lately. Only 3 more days until the show! ></documentation>
<document> #USER# He supports Trump. Of course it's for platinum plans and such, but it's better than most alternatives ></document>
<Documentation> #USER# No clue. The person who made that graphic was a leftist, so you can't expect honesty. ></documentation>
<document> #USER# I'm going to punish you! ></documentation>
<document> which is ironically #URL# ></document>
<document> #USER# Last year in social studies I saw a video of PragerU who non-ironically claimed that the 3/5 compromise was anti-racist ></document>
<document> #USER# #USER# with objective criteria ></document>
<document> #USER# WHY HAWAII IS F-TIER AND WHY LOUISIANA DOES NOT MATCH OTHER BLUE SEAL FLAGS ></document>
Created a new video for <document> (((replies))): This nose knows #URL# ></document>
<document> "If Obama did that, they would complain. Why is no one complaining about Trump's golf?" Ask journalists complaining about Trump's golf ></document>
It took 10 minutes to find <document>Because all the bad new non-white edits are clogging up search results #URL# ></document>
<document> #USER# The next Bobby Jindal! ></documentation>
<documentation> StoneToss Nick Fuentes! #URL# ></documentation>
<document> Alex Jones loves to say "Nick Fwintez" ></document>
<document> #USER# hey no one fights at christmas it's an unspoken rule ></document>
<document> How come you never heard of it before? #URL# ></document>
<Documentation> #USER# Yes. One of my best friends at school is one ></document>
<document> Use this image with text about how I hate a group of people and got tens of thousands of likes #URL# ></document>
<document> #USER# The water isn't shallow, so it's not easy></document>
<document> #USER# The first stream I saw actually showed up about 15 minutes early...then I waited an hour for Free Men Talking ></document>
<Documentation> Makes a very long and passionate rant during superchat. N. Fuentes wraps up America First 2020 with a bang! ></Document>
<document> You definitely have one of the latter moments in these hateful African-appropriated "memes" #URL# ></document>
<Documentation> Wow Nick is streaming! I went to see the replay and he's live at 11am! ></documentation>
<Document> Look, the left really thinks Madison Cawthorne is a Nazi. Prove you're optical yet threatening ></document>
<document> I hope he's rehabilitated as a crazy anti-white merchant #URL# ></document>
<Documentation> Private account of that fucking stupid nurse. At least I don't see that face anymore! ></documentation>
<document> apparently nothing happened, but they're still acting like the real thing #URL# ></document>
If you tend to do <document> feedposting, don't check this. The story of non-whites taking over Europe and enslaving us #URL# ></document>
<document> #USER# Well, there are other America Firsts who would do a good job. But nobody else. ></documentation>
<document> #USER# What I'm watching is on satellite TV ></document>
<Documentation> Three commercials in quick succession with broken branching couples. Not cool, advertisers! ></documentation>
<document> #USER# ngl you shine with that comment ></document>
<document> #USER# THIS IS CHINESE SHAPE, TIBET INCLUDED, BUT ANGLED ></document>
<document> Bruh #USER# 💀 You really knew when his story happened ></document>
<document> #USER# He looks like #URL# ></document>
<document> #USER# CANADA IS WEAK ON GIVING ALL TO THE INDIANS ></document>
<documentation> I watched about 4 hours of stuff, not longer than usual. ></documentation>
<Documentation> I watched America First last night because I thought you guys were so powerful. I do not understand. Seems pretty average to me. ></documentation>
<document> #USER# sc doesn't have girls or not enough people in time ></document>
<Documentation> Anyone done or know someone who did with NH Groyper? I found an old screenshot.></documentation>
<Documentation> Inverted Black Pill graphics. White pill now! #URL# ></document>

</author>