
	
		<document> RT #USER#: lmao. We've come a long way ></document>
		<document> When was the last time you guys, you know, *won* a war? #URL# ></document>
		<document> Can’t do live-stream this Sunday. We’ll be back next Sunday, March 20. ></document>
		<document> Conservatives defend their hallowed institutions. #URL# ></document>
		<document> Gov. Abbott brings the Commandments down to the Christian-Zionists: *Thou shalt not be anti-Semitic* #URL# ></document>
		<document> #USER# Ladies, I think Dave Rubin might soon be on the market. ></document>
		<document> Democrats 👏🏽 Are 👏🏽 The 👏🏽 Real Hitlers #URL# ></document>
		<document> #USER# QAnon was a related phenomenon. 99% of the goofball content was “user generated.” ></document>
		<document> #USER# “Plato for the people.” ></document>
		<document> Great live-stream on Christianity, Paganism, and the West with ⁦#USER#⁩and ⁦#USER#⁩ #URL# ></document>
		<document> The Future of Religion -- March 7, 2021 #URL# ></document>
		<document> What woman hasn’t fantasized about being forcefully made love to by a sophisticated French skunk? #URL# ></document>
		<document> Sounds like quite a party... #URL# ></document>
		<document> #USER# #USER# #USER# #USER# #USER# #USER# Don’t give them any ideas! ></document>
		<document> The Moment Glenn Greenwald Went Off The Rails #URL# ></document>
		<document> RT #USER#: Going from this to gleefully voting no is really disturbing. #URL# ></document>
		<document> RT #USER#: YAS KWEEN WE LOVE WAGE SLAVERY 💅🏻💕💖🥰🥰 ></document>
		<document> Andrew Cuomo’s long-time reputation is that he’s an oppressive, boorish jerk, a throw back to the political “bosses” of yesteryear. ></document>
		<document> Conservatives posting this video are, as usual, missing the point. #URL# ></document>
		<document> #USER# #USER# That sounds even worse than I thought. ></document>
		<document> Tucker make the case for cancelling Dr. Seuss. #URL# ></document>
		<document> RT #USER#: I used to hate the woke more than anything, but this impotent “resistance” to it has managed to be even more disgusting. ></document>
		<document> #USER# #USER# I'll take the bait on this one. The EU is in no way an "Atlanticist" institution. "Brexit" very much is, though. ></document>
		<document> RT #USER#: Who really hacked Gab? ></document>
		<document> #USER# I’ll do a tweet storm on this, maybe a short essay. ></document>
		<document> Jesus is King #URL# ></document>
		<document> RT #USER#: “No, I’m in touch with my Humanity. I’m sorry. You nationalists are not terribly important to me” ></document>
		<document> A firm rebuttal #URL# ></document>
		<document> Ed Dutton and Josh Neal join me to discuss CPAC and "American Extremism." #URL# ></document>
		<document> Radix Live -- Feb 28, 2021 #URL# ></document>
		<document> Live-stream can be watched on Twitter or Dlive. It'll be posted on Odysee soon after. #URL# ></document>
		<document> RT #USER#: Also what is the legal authority for strikes? Assad is a brutal dictator. But Syria is a sovereign country. ></document>
		<document> RT #USER#: Rand Paul just confronted Biden's transgender nominee for Assistant HHS Secretary over genital mutilation: ></document>
		<document> So many Jewish women secretly, or not so secretly, want to be Esther. #URL# ></document>
		<document> #USER# You think this doesn’t lead to heightened racial consciousness? ></document>
		<document> Superchats go through Entropy. #URL# ></document>
		<document> I'm moving to Odysee exclusively for video. #URL# ></document>
		<document> RT #USER#: RADIX LIVE : February 21, 2021 #HASHTAG#, #HASHTAG#, #HASHTAG#, and special guest #USER# ></document>
		<document> #USER# I think he actually has now. Way too late. ></document>
		<document> #USER# #USER# I wish Greg hadn’t gone off on his own path. I’ve tried to reach out, to no avail. ></document>
		<document> #USER# #USER# I’m moving off Bitchute. ></document>
		<document> RT #USER#: #USER# do we have a date on streaming launching yet? ></document>
		<document> It was all a conspiracy, guys. #URL# ></document>
		<document> I can’t wait for #HASHTAG#! #URL# ></document>
		<document> Abusing homosexual interns #URL# ></document>
		<document> #USER# No doubt. But I appreciate people who are honest and raw. That’s virtue, though one with limits, of course. ></document>
		<document> RT #USER#: Stop the Steal organizer Ali Alexander and Jacob Whol hosting a Clubhouse room together #URL# ></document>
		<document> Lil’ Pharaoh seems like a cool guy. #URL# ></document>
		<document> RT #USER#: Young Pharaoh explaining why CPAC cancelled him from their "America Uncancelled" event #URL# ></document>
		<document> Is it cool to say the N Word now? #URL# ></document>
		<document> RT #USER#: What a movement. #URL# ></document>
		<document> #USER# I'll download. Thanks. ></document>
		<document> Living the “Micah mandate” #URL# ></document>
		<document> So what exactly is this #USER# thing? Is anyone using it? What is it offering that’s unique? ></document>
		<document> Sounds like “cancel culture”? #URL# ></document>
		<document> RT #USER#: This lawsuit is very good at explaining exactly how Lindell is grifting the right-wing audience #URL# ></document>
		<document> Radix Live! February 21, 2021 #URL# ></document>
		<document> RT #USER#: QAnon art is becoming my favorite kind of art. Might have this framed. #URL# ></document>
		<document> Rush Limbaugh: The 1991 60 Minutes Interview #URL# ></document>
		<document> Superchats will be read on air. You can begin asking question now: #URL# ></document>
		<document> Live-stream will broadcast here on my Twitter feed and DLive: #URL# ></document>
		<document> Amazing live-stream coming up this Sunday, beginning at 1 PM ET / 10 AM PT. #USER#, #USER#, and #USER# will stop by. ></document>
		<document> Feeling a bit nostalgic tonight. #HASHTAG# #URL# ></document>
		<document> #USER# From what I know, Bitchute is like YouTube, a centralized server. The difference is they claim to be dedicated to free-speech. ></document>
		<document> RT #USER#: #USER# I wonder who Boris reads. This rarely shared video is from about 8 years ago. #URL# ></document>
		<document> Odysee seems to have created the best anti-fragile system. #URL# ></document>
		<document> Obama deported more illegal immigrants in his first term than did Trump. I predict Biden will do the same. #URL# ></document>
		<document> #USER# I’ve only recently ventured into political marketing. #URL# ></document>
		<document> You shall know them by their branded coffee mugs. #URL# ></document>
		<document> #USER# #USER# Between the Chicoms and Richard Spencer, the Non-Agression Principle didn't stand a chance. ></document>
		<document> RT #USER#: They can vote. #URL# ></document>
		<document> #USER# #USER# Has Stefan been suspended? ></document>
		<document> #USER# The Trump trench? ></document>
		<document> RT #USER#: Richard and I discuss a variety of topics. This was a very good stream #URL# ></document>
		<document> Welcome to the last 5,000 years of human history, Geoffrey. #URL# ></document>
		<document> Joe’s here to own millennials and chew bubble gum. And he’s all out of bubble gum... #URL# ></document>
		<document> #USER# This can’t be real. ></document>
		<document> #USER# Antifa is off the hook. Mitch and Nancy did Jan. 6! “America First” is loons being led by loons. ></document>
		<document> More from the interview. Like watching a slow-motion train wreck. #URL# ></document>
		<document> RT #USER#: I made a helpful graphic to clarify the relationship between IQ and intelligence. #URL# ></document>
		<document> RT #USER#: History lesson with Dave Rubin: "Jesus was around a lot of Muslims" #URL# ></document>
		<document> #USER# What do you think, Rabbi? ></document>
		<document> Apparently, Bruce even enlists the murderous incels from 4chan ("The Joker"), who speak only in memes: "We live in a society." ></document>
		<document> The #HASHTAG# trailer succinctly summarizes a meta-political and theological vision. #URL# ></document>
		<document> The level of stupidity among “America First” people is off the charts. ></document>
		<document> #USER# I think she meant both. ></document>
		<document> RT #USER#: Tom Brady: Aryan Avatar #HASHTAG# #URL# ></document>
		<document> Illegal Trading on GameStop? or WallStreetBets: The Stonkening #URL# ></document>
		<document> #USER# When Tampa is ashes, then you are permitted to die. ></document>
		<document> It’s a relief to learn that the Proud Boys won’t be bombing the Super Bowl. But can we be sure? #URL# ></document>
		<document> RT #USER#: “Born Again” ⁦#USER#⁩ on transsexuality and alienation as an identity. #URL# ></document>
		<document> If there is a “range of characteristics”—which is a true but meaningless statement—then why segregate sports at all? #URL# ></document>
		<document> #USER# Grandpa murdered continents, and then enslaved them, just to be a total dick. ></document>
		<document> TFW you wish dad had just murdered and enslaved the whole planet. #URL# ></document>
		<document> “Hidden Figures” #HASHTAG# #HASHTAG# #URL# ></document>
		<document> Saagar Enjeti: Ted Cruz’s EMBARRASSMENT Shows Why GOP Is Completely SCREWED #URL# ></document>
		<document> The cherry on the sundae #URL# ></document>
		<document> RT #USER#: “Black Like Her” #USER# on #HASHTAG#. #URL# ></document>
		<document> #USER# Listen, Mike, we just want to impotently whine about “cancel culture,” okay? ></document>
		<document> "Gamestop: The End of the American Financial Empire" With #USER# #URL# ></document>
		<document> “Gamestop: The End of the American Financial Empire” With #USER# #URL# ></document>
		<document> "GameStop: The End of the American Financial Empire" w/ special guest #USER# #HASHTAG# #HASHTAG# #URL# ></document>
		<document> RT #USER#: Good to know that any loopy delusion expounded by a politician must now be respected and "believed" under the aegis of "trauma" ></document>
		<document> Written, directed, and starring Louise Linton #URL# ></document>
		<document> “Political correctness be damned—someone’s got to stand up for free-market principles.” #URL# ></document>
		<document> “The BLM movement is haunted by the specter of anti-Semitism.” #URL# ></document>
		<document> “Call me old fashioned, but in my day, no meant no.” #URL# ></document>
		<document> “The tragedy of ‘wokeness’ is that it’s robbing us of the some of the greatest achievements of first-wave feminism.” #URL# ></document>
		<document> “Islam and gay rights don’t mix. The West needs to confront this troubling reality.” #URL# ></document>
		<document> The Nobel Mostly Peaceful Prize ></document>
		<document> Even Steve Bannon is calling bullshit on Rudy. #URL# ></document>
		<document> Jordan Belfort: GameStop frenzy a 'modified pump and dump' #URL# ></document>
		<document> This guy (or his lawyer) is smarter than I gave him credit for. #URL# ></document>
		<document> RT #USER#: The only 2 things that have unified our country in the last 2 years have been GameStonk $GME and Epstein's "suicide." ></document>
		<document> RT #USER#: #USER# #USER# there should be a congressional hearing ></document>
		<document> RT #USER#: Melvin Capital is facing bankruptcy and yet its CEO owns an iPhone. Curious! ></document>
		<document> RT #USER#: if I were a hedge fund facing insolvency, I would simply eat less avocado toast ></document>
		<document> RT #USER#: Remember, kids: only insiders are allowed to manipulate stock prices. ></document>
		<document> RT #USER#: “The Great Transition” ⁦#USER#⁩ and ⁦#USER#⁩ discuss the psychology of #HASHTAG#. ></document>
		<document> Saagar Enjeti: Trump’s Third Party Will DESTROY The GOP, No Matter What #URL# ></document>
		<document> “She was born in 1989.” #URL# ></document>
		<document> #USER# #USER# #USER# #USER# #USER# Milo is, occasionally, correct. ></document>
		<document> RT #USER#: Facebook sparks anger after shutting socialist pages #URL# ></document>
		<document> Lady MAGA getting kicked off Twitter represents the ultimate culmination of Trump 2020. #URL# ></document>
		<document> #USER# I wouldn’t be shocked if she ran as a Republican. There’s an opening. ></document>
		<document> Um... I think it’s time for a self-awareness on your career, Terrence... #URL# ></document>
		<document> #USER# Unethically spreading Covid to animals was kinda the cherry on top of a shit sunday. ></document>
		<document> RT #USER#: “The Biden Restoration” with ⁦#USER#⁩ and ⁦#USER#⁩ #URL# ></document>
		<document> #USER# There’s a lot to unpack here... ></document>
		<document> #USER# Among these weird, botched people, talk of “optics” resonated most powerfully. ></document>
		<document> #USER# This is a goldmine ></document>
		<document> #USER# I just found that I put this in my notes: #URL# ></document>
		<document> #USER# Could you give me a follow? I'd like to get some citations, so DMing would be more a better option. ></document>
		<document> #USER# Do we have a link to a video of this? ></document>
		<document> "The Biden Restoration" With #USER# #URL# ></document>
		<document> RT #USER#: “What is performative populism?” Answer: ></document>
		<document> #USER# Umm... What? Did you say something? Sorry I was fast asleep. 😉 ></document>
		<document> I’m joking, obviously, but I sometimes wonder if I’m right! ></document>
		<document> RT #USER#: If you think opposition to biological advantage is transphobia, you're a fucking idiot. #HASHTAG# ></document>
		<document> The conservative movement seems to be engaged in a full reset. #URL# ></document>
		<document> This is Donald Trump’s America. #URL# ></document>
		<document> RT #USER#: 'No repentance nor apologies' for colonial abuses in Algeria, says Macron #URL# #URL# ></document>
		<document> #USER# #USER# The beatings will continue until moral improves. ></document>
		<document> #USER# #USER# I actually found this one funny. ></document>
		<document> RT #USER#: QAnon and the End of the American Century #URL# ></document>
		<document> #USER# This is rich. Ramzpaul has no consistency, no principles, no plausible basis to say any of this. ></document>
		<document> Ladies and gents, this book needs to be on your shelf. #URL# ></document>
		<document> RT #USER#: Thread from the November 5th on why we refused to play along with the rigging narrative. Read it now that it is all over. ></document>
		<document> #USER# #USER# #USER# I wish we could revive that. ></document>
		<document> RT #USER#: No they don't need redirection, Miriam. They need their normal lives back and be apolitical. No. More. Lies. ></document>
		<document> RT #USER#: This stuff is gold. ></document>
		<document> RT #USER#: The Trump Administration in six seconds #URL# ></document>
		<document> This was largely a response to this: #URL# ></document>
		<document> #USER# Okay. What do you believe? ></document>
		<document> Diamond and Silk were playing the long game... #URL# ></document>
		<document> "QAnon and the End of the American Century" W/ #USER# #URL# ></document>
		<document> "QAnon and the End of the American Century" W/ #USER# #URL# ></document>
		<document> The fact that evangelicals embraced Donald Trump with such unity and passion is an expression of their desperation. ></document>
		<document> Be careful what you wish for... ></document>
		<document> The Western Right seems to still believe that "nationalist populist" is rising, and it will dismantle Globalism. They are wrong. ></document>
		<document> #USER# Yea, they still have processed what happened. ></document>
		<document> I have to agree with Roger Stone here. #URL# ></document>
		<document> Trump fights for the people who defraud his voters. #URL# ></document>
		<document> #USER# *objective (Damn autocorrect!) ></document>
		<document> RT #USER#: OCC Finalizes Rule Requiring Large Banks to Provide Fair Access to Bank Services, Capital, and Credit #URL# ></document>
		<document> RT #USER#: Julian has suffered enough ... #URL# ></document>
		<document> #USER# Wow. Conservatives victimization. What a new phenomenon. ></document>
		<document> Let’s be honest: Trump is more likely to pardon Bill Cosby than Julian Assange. ></document>
		<document> #USER# The funniest part of this saga is that her name is “Riley.” ></document>
		<document> #USER# What kind of “warfare” is talking about? ></document>
		<document> #USER# I think they plan on red-pilling us! ></document>
		<document> RT #USER#: I saw this post on 8kun's /qresearch/ warning QAnon dead enders about what they might expect going forward. ></document>
		<document> #USER# What is wrong with you? ></document>
		<document> Just to be clear: there is strong resemblance, but it's not 100%. If it's true, this could get really wild. #URL# ></document>
		<document> #USER# #USER# #USER# #USER# #USER# Again, a news story or some kind of citation would be really helpful. ></document>
		<document> #USER# Quite an achievement. Morons First! ></document>
		<document> Apparently, I somehow offended this moron. #URL# ></document>
		<document> Remind me again why anyone should even consider voting for the “populist,” “working class” GOP? #URL# ></document>
		<document> #USER# Again, Torba just can’t help himself. ></document>
		<document> #USER# Who’s “we” in the Stone Tablet Pervert’s imagination? ></document>
		<document> #USER# Typical cult and schizophrenic behavior: as the lie is collapsing, they believe in it even harder. ></document>
		<document> #USER# But according to Nick Fuentes, they only planned to enter the Capitol ironically. ></document>
		<document> RT #USER#: Trustworthy media sources confirm #URL# ></document>
		<document> RT #USER#: They'll still argue that Trump is winning when his head is put on a pike in front of the White House. ></document>
		<document> #USER# This is clearly a hologram. ></document>
		<document> #USER# You’re channeling Rorschach. Pretty telling... No one looks up to you, Darren. ></document>
		<document> Snap impeachments are likely to be common in the age of radical polarization. It is what it is. ></document>
		<document> RT #USER#: They won't let him tweet, so he'll make the statements with presidential letterhead that look like tweets. ></document>
		<document> RT #USER#: Thank God 👍🏻 ></document>
		<document> This cannot be emphasized enough. #URL# ></document>
		<document> RT #USER#: Why is it that like 50% of the discourse is nazi comparisons ></document>
		<document> #USER# Link to interview? ></document>
		<document> #USER# This might be nothing. Could be Federal or District order. ></document>
		<document> Also, it’s really not that big of fucking deal that you got into Duke grad school. Just saying. ></document>
		<document> Who knows? Q might get unmasked before all this is done. The seriousness with which the Feds are taking this can’t be underestimated. ></document>
		<document> Though it's not terrible surprising to hear about a terrorist named "Ali Akbar," it is rather odd that he was a registered Republican. ></document>
		<document> Ali Akbar spoke plainly: Either Trump stays in office or he loads up and starts a civil war. #URL# ></document>
		<document> #USER# You can easily download audio ></document>
		<document> Joe Biden might, unintentionally, inaugurate a new era of race science. #URL# ></document>
		<document> #USER# #USER# Ironic if the NSA did it, as in the world of Q, they were the good guys! ></document>
	
</author><document> RT #USER#: lmao. We've come a long way </document>
<document> When was the last time you, you know, *won* a war? #URL# </document>
<document> I can't do live streaming this Sunday. We will be back next Sunday, March 20th. </document>
<document> Conservatives defend their hallowed institutions. #URL# </document>
<document> Governor Abbott brings commandments back to Christian-Zionists: *Do not be anti-Semitic* #URL# </document>
<document> #USER# Sir, I think Dave Rubin may be on the market soon. >></document>
<document> The Democrats 👏🏽 Are 👏🏽 The 👏🏽 Real Hitlers #URL# </document>
<document> #USER# QAnon was a related phenomenon. 99% of the goofball content was "user generated". >></document>
<document> #USER# "Plato for the people." >></document>
<document> Great live stream on Christianity, Paganism and the West with #USER# and #USER# #URL# </document>
<document> The Future of Religion -- March 7, 2021 #URL# </document>
<document> What woman hasn't dreamed of being forced to make love to a sophisticated French skunk? #URL# </document>
<document> Sounds like a party... #URL# </document>
<document> #USER# #USER# #USER# #USER# #USER# #USER# Don't give them ideas! >></document>
<document> The moment Glenn Greenwald went off the rails #URL# </document>
<document> RT #USER#: Going from this to happily voting no is really creepy. #URL# </document>
<document> RT #USER#: YAS KWEEN WE LOVE WAGE SLAVE 💅🏻💕💖🥰🥰 </document>
<document> Andrew Cuomo's long-standing reputation is as an oppressive and rude jerk, a throwback to past political "bosses". >></document>
<document> Conservatives posting this video, as usual, miss the point. #URL# </document>
<document> #USER# #USER# Sounds even worse than I thought. >></document>
<document> Tucker supports Dr. Seuss nullification. #URL# </document>
<document> RT #USER#: I used to hate awakening more than anything, but this impotent "resistance" to it has managed to be even more disgusting. >></document>
<document> #USER# #USER# I'll take this one. The EU is in no way an "Atlantist" institution. "Brexit" is a lot, though. >></document>
<document> RT #USER#: Who really hacked Gab? >></document>
<document> #USER# I'm going to tweet about this, perhaps a short essay. >></document>
<document> Jesus is King #URL# </document>
<document> RT #USER#: “No, I'm in contact with my Humanity. I am sorry. You nationalists are not very important to me” </document>
<document> A firm rebuttal #URL# </document>
<document> Ed Dutton and Josh Neal join me to discuss the CPAC and "American extremism." #URL# </document>
<document> Radix Live -- February 28, 2021 #URL# </document>
<document> The live stream can be watched on Twitter or Dlive. It will be published on Odysee soon after. #URL# </document>
<document> RT #USER#: Also what is the legal authority for strikes? Assad is a brutto the dictator. But Syria is a sovereign country. >></document>
<document> RT #USER#: Rand Paul Just Confronted Biden's Transgender Candidate for HHS Assistant Secretary on Genital Mutilation: </document>
<document> So many Jewish women secretly, or not so secretly, want to be Esther. #URL# </document>
<document> #USER# Do you think this doesn't lead to heightened racial consciousness? >></document>
<document> Super chats go through Entropy. #URL# </document>
<document> I'm moving to Odysee solely for the video. #URL# </document>
<document> RT #USER#: RADIX LIVE: February 21, 2021 #HASHTAG#, #HASHTAG#, #HASHTAG# and special guest #USER# </document>
<document> #USER# I think it has now. Too late. >></document>
<document> #USER# #USER# I wish Greg hadn't gone his own way. I tried to contact me, without success. >></document>
<document> #USER# #USER# I'm leaving Bitchute. >></document>
<document> RT #USER#: #USER# do we already have a date for the launch of streaming? >></document>
<document> It was all a conspiracy, guys. #URL# </document>
<document> Looking forward to #HASHTAG#! #URL# </document>
<document> Abuse of homosexual trainees #URL# </document>
<document> #USER# Definitely. But I appreciate honest and raw people. This is virtue, albeit with limitations, of course. >></document>
<document> RT #USER#: Stop the heist organizer Ali Alexander and Jacob Whol hosting a Clubhouse room together #URL# </document>
<document> Lil' Pharaoh seems like a nice guy. #URL# </document>
<document> RT #USER#: Young Pharaoh explains why the CPAC canceled him from the "America Uncancelled" event #URL# </document>
<document> Is it good to say the N-word now? #URL# </document>
<document> RT #USER#: What a move. #URL# </document>
<document> #USER# I will download. Thank you. >></document>
<document> Experiencing “Micah's Mandate” #URL# </document>
<document> What exactly is this #USER# thing? Is anyone using it? What is unique about it? >></document>
<document> Sound like "cancel culture"? #URL# </document>
<document> RT #USER#: This lawsuit is very good at explaining exactly how Lindell is misleading the right-wing public #URL# </document>
<document> Radix Live! February 21, 2021 #URL# ></document>
<document> RT #USER#: QAnon art is becoming my favorite kind of art. Might have framed it. #URL# </document>
<document> Rush Limbaugh: The 1991 60 Minute Interview #URL# </document>
<document> Super chats will be read on the air. You can start asking questions now: #URL# </document>
<document> The live stream will go live here on my Twitter and DLive feed: #URL# </document>
<document> Amazing live stream coming this Sunday, starting at 1pm ET / 10am PT. #USER#, #USER# and #USER# will stop. >></document>
<document> I'm feeling a little nostalgic tonight. #HASHTAG# #URL# </document>
<document> #USER# As far as I know, Bitchute is like YouTube, a centralized server. The differencethey claim to be dedicated to free speech. >></document>
<document> RT #USER#: #USER# I wonder who reads Boris. This rarely shared video is from about 8 years ago. #URL# </document>
<document> Odysee seems to have created the best anti-fragile system. #URL# </document>
<document> Obama deported more illegal immigrants in his first term than Trump. I predict Biden will do the same. #URL# </document>
<document> #USER# I have only recently ventured into political marketing. #URL# </document>
<document> You will recognize them by their branded coffee mugs. #URL# </document>
<document> #USER# #USER# Between the Chicoms and Richard Spencer, the principle of non-aggression had no way out. >></document>
<document> RT #USER#: Can vote. #URL# </document>
<document> #USER# #USER# Was Stefan suspended? >></document>
<document> #USER# Trump's Trench? >></document>
<document> RT #USER#: Richard and I discuss a variety of topics. This was a great #URL# </document> stream
<document> Welcome to the last 5,000 years of human history, Geoffrey. #URL# </document>
<document> Joe is here to own millennials and chew bubble gum. And he's out of chewing gum... #URL# </document>
<document> #USER# Cannot be real. >></document>
<document> #USER# Antifa is off the hook. Mitch and Nancy made January 6th! "America First" is that madmen are led by madmen. >></document>
<document> More from the interview. Like watching a train crash in slow motion. #URL# </document>
<document> RT #USER#: I made a graph useful to clarify the relationship between IQ and intelligence. #URL# </document>
<document> RT #USER#: History lesson with Dave Rubin: "Jesus was surrounded by many Muslims" #URL# ></document>
<document> #USER# What do you think, Rabbi? >></document>
<document> Apparently, Bruce even enlists 4chan's killer incels ("The Joker"), who only speak in memes: "We live in a society." >></document>
<document> The trailer of #HASHTAG# succinctly summarizes a meta-political and theological vision. #URL# </document>
<document> The level of stupidity among the people of "America First" is off the charts. >></document>
<document> #USER# I think he meant both. >></document>
<document> RT #USER#: Tom Brady: Aryan avatar #HASHTAG# #URL# </document>
<document> Illegal trading on GameStop? o WallStreetBets: The Stonkening #URL# ></document>
<document> #USER# When Tampa is in ashes, you will be allowed to die. >></document>
<document> It's a relief to learn that the Proud Boys won't bomb the Super Bowl. But can we be sure? #URL# </document>
<document> RT #USER#: “Born Again” #USER# on transsexuality and alienation as identity. #URL# </document>
<document> If there is a "range of characteristics" - which is a true but meaningless statement - then why separate the sports? #URL# </document>
<document> #USER# Grandpa murdered continents and then enslaved them, just to be a total jerk. >></document>
<document> TFW aYou wish dad had just killed and enslaved the entire planet. #URL# </document>
<document> "Hidden Figures" #HASHTAG# #HASHTAG# #URL# ></document>
<document> Saagar Enjeti: Ted Cruz's Embarrassment Shows Why The GOP Is Completely Screwed #URL# ></document>
<document> The icing on the #URL# cup </document>
<document> RT #USER#: "Black Like Her" #USER# on #HASHTAG#. #URL# </document>
<document> #USER# Listen, Mike, we just want to whine helplessly about the "cancel culture", okay? >></document>
<document> "Gamestop: The End of America's Financial Empire" with #USER# #URL# ></document>
<document> "Gamestop: The End of America's Financial Empire" with #USER# #URL# </document>
<document> "GameStop: The End of America's Financial Empire" with special guest #USER# #HASHTAG# #HASHTAG# #URL# </document>
<document> RT #USER#: Good to know that every crazy illusion exposed by a politician must now be respected and "believed" under the umbrella of "trauma" </document>
<document> Written, directed and performed by Louise Linton #URL# </document>
<document> "Political correctness be damned: someone's got to defend free market principles." #URL# </document>
<document> "The BLM movement is haunted by the specter of anti-Semitism." #URL# </document>
<document> "Call me old fashioned, but in my day no meant no." #URL# </document>
<document> "The tragedy of 'wokeness' is that it is robbing us of some of the greatest achievements of first-wave feminism." #URL# </document>
<document> “Islam and gay rights do not mix. The West needs to face this disturbing reality”. #URL# </document>
<document>The Nobel Prize for Most Peace</document>
<document> Even Steve Bannon is calling crap about Rudy. #URL# </document>
<document> Jordan Belfort: GameStop frenzy a 'modified pumping and dumping' #URL# </document>
<document> This guy (or his lawyer) is smarter than I thought. #URL# </document>
<document> RT #USER#: The only 2 things that unified our country in the last 2 years were GameStonk $GME and Epstein's "suicide". >></document>
<document> RT #USER#: #USER# #USER# there should be a congressional hearing </document>
<document> RT #USER#: Melvin Capital is on the verge of bankruptcy yet its CEO owns an iPhone. Curious! >></document>
<document> RT #USER#: If I were a hedge fund facing default, I would simply eat less avocado toast </document>
<document> RT #USER#: Remember, guys: only insiders can manipulate stock prices. >></document>
<document> RT #USER#: "The Great Transition" #USER# and #USER# discuss the psychology of #HASHTAG#. >></document>
<document> Saagar Enjeti: Trump's third party WILL DESTROY the GOP no matter what #URL# </document>
<document> "She was born in 1989." #URL# </document>
<document> #USER# #USER# #USER# #USER# #USER# Milo is sometimes right. >></document>
<document> RT #USER#: Facebook unleashes anger after shutting down socialist pages #URL#>></document>
<document>Lady MAGA's expulsion from Twitter represents the final culmination of Trump 2020. #URL# </document>
<document> #USER# I wouldn't be shocked if she ran as a Republican. There is an opening. >></document>
<document> Erm... I think it's time to become aware of your career, Terrence... #URL# ></document>
<document> #USER# The unethical spread of Covid to animals was kind of icing on the cake of a shitty Sunday. >></document>
<document> RT #USER#: "The Biden Restoration" with #USER# and #USER# #URL# </document>
<document> #USER# There is a lot to unpack here... </document>
<document> #USER# Among these strange and bungled people, talk of "optics" resonated most powerfully. >></document>
<document> #USER# This is a gold mine </document>
<document> #USER# I just found out that I put this in my clipboard: #URL# </document>
<document> #USER# Can you follow up on me? I'd like to get some quotes, then the DM would be more a better option. >></document>
<document> #USER# Do we have a link to a video of this? >></document>
<document> "The Biden Restoration" with #USER# #URL# ></document>
<document> RT #USER#: "What is performative populism?" Answer: </document>
<document> #USER# Umm... What? Did you say something? Sorry I was sleeping soundly. 😉 </document>
<document> I'm kidding, of course, but sometimes I wonder if I'm right! >></document>
<document> RT #USER#: If you think opposing biological advantage is transphobia, you're a fucking idiot. #HASHTAG# </document>
<document> The conservative movement appears to be engaged in a complete reset. #URL# </document>
<document> This is Donald Trump's America. #URL# </document>
<document> RT #USER#: "No remorse nor apology" for colonial abuses in Algeria, says Macron #URL# #URL# ></document>
<document> #USER# #USER# The beatings will continue until morale improves. >></document>
<document> #USER# #USER# I found this really funny. >></document>
<document> RT #USER#: QAnon and the End of the American Century #URL# ></document>
<document> #USER# This is rich. Ramzpaul has no coherence, no principles, no plausible basis to say all this. >></document>
<document> Ladies and gentlemen, this book needs to be on your shelf. #URL# </document>
<document> RT #USER#: Nov 5th discussion on why we refused to play along with the rigging narrative. Read it now that it's all over. >></document>
<document> #USER# #USER# #USER# I wish we could restore it. >></document>
<document> RT #USER#: No, they don't need the redirect, Miriam. They need to get their normal lives back and be apolitical. Not anymore. Lies. >></document>
<document> RT #USER#: This stuff is gold. >></document>
<document> RT #USER#: The Trump Administration in Six Seconds #URL# </document>
<document> This was largely a response to this: #URL# </document>
<document> #USER# Okay. What do you believe? >></document>
<document> Diamond and Silk were playing the long game... #URL# ></document>
<document> "QAnon and the End of the American Century" W/ #USER# #URL# ></document>
<document> "QAnon and the End of the American Century" W/ #USER# #URL# ></document>
<document> That evangelicals have embraced Donald Trump with such unity and passion is an expression of their despair. >></document>
<document> Be careful what you wish for... </document>
<document> The Western right seems to still believe that the "populist nationalist" is rising and will dismantle globalism. They are wrong. >></document>
<document> #USER# Yes they still processed what happened. >></document>
<document> I have to agree with Roger Stone here. #URL# </document>
<document> Trump fights for the people who defraud his constituents. #URL# </document>
<document> #USER# *objective (Damn AutoCorrect!) </document>
<document> RT #USER#: OCC Finalizes Rule Requiring Big Banks to Provide Fair Access to Banking, Capital and Credit #URL#></document>
<document> RT #USER#: Julian has suffered enough ... #URL# </document>
<document> #USER# Wow. Victimization of conservatives. What a new phenomenon. >></document>
<document> Let's be honest: Trump is more likely to pardon Bill Cosby than Julian Assange. >></document>
<document> #USER# The funniest part of this saga is that it's called "Riley". >></document>
<document> #USER# What kind of "war" are we talking about? >></document>
<document> #USER# I think they plan to make fun of us! >></document>
<document> RT #USER#: I saw this post on /qresearch/ by 8kun warning QAnon of dead ends on what they might expect in the future. >></document>
<document> #USER# What happened to you? >></document>
<document> Just to be clear: there is a strong similarity, but it's not 100%. If true, this could get really wild. #URL# </document>
<document> #USER# #USER# #USER# #USER# #USER# Again, a news item or some kind of citation would be really helpful. >></document>
<document> #USER# Quite an achievement. Idiots first! >></document>
<document> Apparently, I somehow offended this idiot. #URL# </document>
<document> Remind me again why would anyone even consider voting for the "populist", "working class" GOP? #URL# </document>
<document> #USER# Once again, Torba just can't help himself. >></document>
<document> #USER# Who are "us" in the imagination of Stone Tablet Pervert? >></document>
<document> #USER# Typical sectarian and schizophrenic behavior: while the lie is collapsing, they believe it even more. >></document>
<document> #USER# But according to Nick Fuentes, they only planned to enter the Capitol for an irony of fate. >></document>
<document> RT #USER#: Reputable media sources confirm #URL# </document>
<document> RT #USER#: They will continue to claim Trump is winning when his head is put on a pike in front of the White House. >></document>
<document> #USER# This is clearly a hologram. >></document>
<document> #USER# You are channeling Rorschach. Quite revealing... No one is watching you,Darren. >></document>
<document> Sudden impeachments are likely to be common in the age of radical polarization. It is what it is. >></document>
<document> RT #USER#: They won't allow him to tweet, so he'll make the statements on presidential letterhead that looks like a tweet. >></document>
<document> RT #USER#: Thank God 👍🏻 </document>
<document> This cannot be emphasized enough. #URL# </document>
<document> RT #USER#: Because 50% of the speech is a Nazi comparison </document>
<document> #USER# Link to the interview? >></document>
<document> #USER# This may be nothing. It could be a federal or district order. >></document>
<document> Also, it's really not a big deal that you got into Duke Grad School. I'm just saying. >></document>
<document> Who knows? Q could be exposed before any of this is done. How seriously the feds are taking this cannot be understated. >></document>
<document> While it is not a terrible surprise to hear of a terrorist named "Ali Akbar", it is rather strange that he was a registered republican. >></document>
<document> Ali Akbar spoke clearly: either Trump stays in office or he takes office and starts a civil war. #URL# </document>
<document> #USER# You can easily download audio ></document>
<document> Joe Biden may, unwittingly, usher in a new era of racial science. #URL# </document>
<document> #USER# #USER# Ironic if the NSA did this, like in the world of Q, they were the good guys! >></document>

</author><Document> RT #USER#: lmao. We've come a long way ></document>
<Document> When was the last time you *won* a war? #URL# ></document>
<document> No live stream is possible this Sunday. Next Sunday, March 20th, we will be back for you ></document>
<Document> Conservatives defend their sacred institutions. #URL# ></document>
<Document> Governor Abbott brings the commandments to Christian Zionists: *Thou shalt not be anti-Semitic* #URL# ></Document>
<document> #USER# Ladies, I think Dave Rubin might be coming soon. ></document>
<Document> Democrats 👏🏽 are 👏🏽 the 👏🏽 ​​real Hitlers #URL# ></dokument>
<Document> #USER# QAnon was a related phenomenon. 99% of goofball content was "user generated". ></document>
<Document> #USER# "Plato for the people." ></Document>
<document> Great live stream about Christianity, Paganism and the West with #USER# and #USER# #URL# ></document>
<Document> The Future of Religion - March 7, 2021 #URL# ></Document>
<document> What woman hasn't dreamed of being forcibly loved by a cunning French skunk? #URL# ></document>
<document> Sounds like quite a party... #URL# ></document>
<Document> #USER# #USER# #USER# #USER# #USER# #USER# Don't give them ideas! ></document>
<document> The moment Glenn Greenwald went nuts #URL# ></document>
<document> RT #USER#: Voting happily no from here is really unsettling. #URL# ></document>
<document> RT #USER#: YAS KWEEN WE LOVE LOHNSKLAVER 💅🏻💕💖🥰🥰 ></document>
<Document> Andrew Cuomo's long-standing reputation is that he is a repressive, uncouth jerk, a throwback to the political "bosses" of yesteryear. ></document>
<document> Conservatives posting this video are, as usual, missing the point. #URL# ></document>
<document> #USER# #USER# That sounds even worse than I thought. ></document>
<Document> Tucker Pledges Removal of Dr. seuss #URL# ></document>
<Document> RT #USER#: I used to hate the Awakened more than anything, but this impotent "resistance" to it has managed to be even more disgusting. ></document>
<document> #USER# #USER# I'll take the bait. The EU is by no means an “Atlantic” institution. “Brexit” is very much the case. ></document>
<Document> RT #USER#: Who really hacked Gab? ></document>
<document> #USER# I'll do a tweetstorm about it, maybe a short essay. ></document>
<Document> Jesus is King #URL# ></Document>
<Document> RT #USER#: "No, I am in touch with my humanity. I'm sorry. I don't particularly care about you nationalists
<document> A decisive refutation #URL# ></document>
<Document> Ed Dutton and Josh Neal join me to discuss CPAC and American Extremism. #URL# ></document>
<Document> Radix Live - February 28, 2021 #URL# ></Document>
<Document> Live stream can be viewed on Twitter or Dlive. It will be released on Odyssey soon after. #URL# ></document>
<Document> RT #USER#: And what is the legal authority for strikes? Assad is a brutala dictator. But Syria is a sovereign state. ></document>
<Document> RT #USER#: Rand Paul just confronted Biden's transgender nominee for HHS Assistant Secretary over genital mutilation: ></document>
<Document> So many Jewish women, secretly or not so secretly, want to be Esther. #URL# ></document>
<document> #USER# You think that doesn't lead to increased racial awareness? ></document>
<Document> Super chats go through entropy. #URL# ></document>
<document> I'm moving to Odyssey solely for video. #URL# ></document>
<Document> RT #USER#: RADIX LIVE : February 21, 2021 #HASHTAG#, #HASHTAG#, #HASHTAG# and Special Guest #USER# ></document>
<document> #USER# I think he actually has now. Way too late. ></document>
<document> #USER# #USER# I wish Greg hadn't gone his own way. I have tried to reach, in vain. ></document>
<Document> #USER# #USER# I'm leaving Bitchute. ></document>
<document> RT #USER#: #USER# do we have a date for the start of streaming yet? ></document>
<Document> It was all a conspiracy, folks. #URL# ></document>
<Document> I can't wait for #HASHTAG#! #URL# ></document>
<Document> Abuse of homosexual interns #URL# ></Document>
<Document> #USER# No doubt. But I appreciate people who are honest and raw. That is virtue, albeit one with limits, of course. ></document>
<document> RT #USER#: Stop steal organizer Ali Alexander and Jacob Whol hosting a clubhouse room together #URL# ></document>
<Document> Lil' Pharaoh seems like a cool guy. #URL# ></document>
<Document> RT #USER#: Young Pharaoh explains why CPAC canceled him from their America Uncancelled event #URL# ></document>
<Document> Is it cool to say the N-word now? #URL# ></document>
<Document> RT #USER#: What a move. #URL# ></document>
<Document> #USER# I will download it. Thanks. ></document>
<Document> Living the “Micah Mandate” #URL# ></Document>
<document> So what exactly is this #USER# thing? Does anyone use it? What does it offer that is unique? ></document>
<document> Sounds like "cancel culture"? #URL# ></document>
<Document> RT #USER#: This lawsuit is very good at explaining exactly how Lindell abuses the right-wing #URL# ></document> audience
<Document> Radix Live! February 21, 2021 #URL# ></document>
<Document> RT #USER#: QAnon art is becoming my favorite art. Might have framed that. #URL# ></document>
<Document> Rush Limbaugh: The 1991 60 Minute Interview #URL# ></Document>
<Document> Superchats are read on the air. You can now start asking questions: #URL# ></document>
<document> Live stream is broadcast on my Twitter feed and DLive here: #URL# ></document>
<document> Amazing live stream starting this Sunday at 1pm ET / 10am PT. #USER#, #USER# and #USER# come over. ></document>
<Document> I'm feeling a little nostalgic tonight. #HASHTAG# #URL# ></document>
<document> #USER# As far as I know, Bitchute is like YouTube, a centralized server. The differencethey claim to be committed to freedom of speech. ></document>
<Document> RT #USER#: #USER# I wonder who reads Boris. This rarely shared video is about 8 years old. #URL# ></document>
<Document> Odyssey seems to have created the best anti-fragile system. #URL# ></document>
<Document> Obama deported more illegal immigrants than Trump in his first term. I predict Biden will do the same. #URL# ></document>
<document> #USER# I've only recently ventured into political marketing. #URL# ></document>
<Document> You will recognize them by their branded coffee mugs. #URL# ></document>
<document> #USER# #USER# Between the Chicoms and Richard Spencer, the non-aggression principle didn't stand a chance. ></document>
<Document> RT #USER#: You can vote. #URL# ></document>
<Document> #USER# #USER# Has Stefan been suspended? ></document>
<Document> #USER# The Trump Ditch? ></document>
<Document> RT #USER#: Richard and I discuss a variety of topics. This was a very good stream #URL# ></document>
<Document> Welcome to the last 5,000 years of human history, Geoffrey. #URL# ></document>
<Document> Joe is here to own millennials and chew gum. And he's out of gum... #URL# ></document>
<Document> #USER# That can't be true. ></document>
<Document> #USER# Antifa is off the hook. Mitch and Nancy did it on January 6th! On America First, loons are led by loons. ></document>
<Document> More from the interview. Like watching a train crash in slow motion. #URL# ></document>
<Document> RT #USER#: I created a helpful graph to illustrate the relationship between IQ and intelligence. #URL# ></document>
<document> RT #USER#: History lesson with Dave Rubin: “Jesus was with many Muslims” #URL# ></document>
<Document> #USER# What do you think, Rabbi? ></document>
<Document> Apparently Bruce even hires the murderous incels of 4chan ("The Joker") who only speak in memes: "We live in a society." ></document>
<Document> The #HASHTAG# trailer succinctly summarizes a metapolitical and theological vision. #URL# ></document>
<Document> The level of stupidity among America First people is extraordinary. ></document>
<document> #USER# I think she meant both. ></document>
<Document> RT #USER#: Tom Brady: Aryan Avatar #HASHTAG# #URL# ></document>
<Document> Illegal Trading at GameStop? or WallStreetBets: The Stonkening #URL# ></document>
<document> #USER# If Tampa turns to ashes, you may die. ></document>
<Document> It's a relief to learn the Proud Boys won't be bombing the Super Bowl. But can we be sure? #URL# ></document>
<Document> RT #USER#: "Born Again" #USER# about transsexuality and alienation as identity. #URL# ></document>
<Document> If there is a "set of characteristics" - which is a true but meaningless statement - then why separate sports at all? #URL# ></document>
<document> #USER# Grandfather murdered continents then enslaved them just to be a total jerk. ></document>
<document> TFW yYou wish Dad had just murdered and enslaved the entire planet. #URL# ></document>
<Document> "Hidden Numbers" #HASHTAG# #HASHTAG# #URL# ></Document>
<document> Saagar Enjeti: Ted Cruz's EMBARRASSMENT shows why GOP is all screwed up #URL# ></document>
<document> The icing on the sundae #URL# ></document>
<Document> RT #USER#: "Black Like Her" #USER# on #HASHTAG#. #URL# ></document>
<document> #USER# Listen Mike, let's just whine helplessly about cancel culture, okay? ></document>
<Document> "Gamestop: The End of the American Financial Empire" with #USER# #URL# ></Document>
<Document> "Gamestop: The End of the American Financial Empire" with #USER# #URL# ></document>
<Document> "GameStop: The End of the American Financial Empire" with Special Guest #USER# #HASHTAG# #HASHTAG# #URL# ></document>
<document> RT #USER#: Good to know that any crazy deception put forward by a politician must now be respected and "believed" under the aegis of "trauma" ></document>
<document> Written, directed and starring Louise Linton #URL# ></document>
<Document> "Damn political correctness - someone has to stand up for free market principles." #URL# ></document>
<Document> "The specter of antisemitism haunts the BLM movement." #URL# ></document>
<document> "Call me old fashioned, but in my day no meant no." #URL# ></document>
<Document> "The tragedy of being 'awake' is that it robs us of some of the greatest achievements of first-wave feminism." #URL# ></document>
<Document> “Islam and gay rights do not mix. The West must confront this disturbing reality.” #URL# ></document>
<document> The Most Peaceful Nobel Prize ></document>
<Document> Even Steve Bannon calls Rudy bullshit. #URL# ></document>
<Document> Jordan Belfort: GameStop madness with a "modified pump and dump" #URL# ></Document>
<Document> This guy (or his lawyer) is smarter than I gave him credit for. #URL# ></document>
<document> RT #USER#: The only 2 things that have united our country in the last 2 years have been GameStonk $GME and Epstein's "suicide". ></document>
<Document> RT #USER#: #USER# #USER# there should be a congressional hearing ></document>
<Document> RT #USER#: Melvin Capital faces bankruptcy yet its CEO owns an iPhone. Curious! ></document>
<document> RT #USER#: If I were a hedge fund facing bankruptcy, I would just eat less avocado toast ></document>
<Document> RT #USER#: Remember kids: only insiders are allowed to manipulate stock prices. ></document>
<Document> RT #USER#: "The Great Transition" #USER# and #USER# discuss the psychology of #HASHTAG#. ></document>
<Document> Saagar Enjeti: Trump's third party will DESTROY the GOP no matter what #URL# ></Document>
<Document> "She was born in 1989." #URL# ></document>
<Document> #USER# #USER# #USER# #USER# #USER# Milo is sometimes right. ></document>
<Document> RT #USER#: Facebook sparks anger after shutting down socialist sites #URL#></document>
<Document> The ejection of Lady MAGA from Twitter marks the ultimate culmination of Trump 2020. #URL# ></document>
<document> #USER# I wouldn't be shocked if she ran for Republican. There is an opening. ></document>
<document> Um... I think it's time for some introspection about your career, Terrence... #URL# ></document>
<document> #USER# The unethical spread of Covid to animals was sort of the icing on the cake of a crappy Sunday. ></document>
<Document> RT #USER#: "The Biden Restoration" with #USER# and #USER# #URL# ></document>
<document> #USER# There is a lot to unpack here... ></document>
<document> #USER# Among these weird, botched folks, the talk of "optics" resonated most. ></document>
<document> #USER# This is a gold mine ></document>
<document> #USER# I just realized I put this in my notes: #URL# ></document>
<document> #USER# Could you follow me? I'd like to get some citations, so DMing would be more of a better option. ></document>
<Document> #USER# Do we have a link to a video of it? ></document>
<Document> "The Biden Recovery" with #USER# #URL# ></document>
<Document> RT #USER#: "What is performative populism?" Answer: ></document>
<Document> #USER# Um... What? did you say something Sorry I was fast asleep. 😉 ></document>
<Document> I'm joking, of course, but sometimes I wonder if I'm right! ></document>
<Document> RT #USER#: If you think resistance to biological advantage is transphobia, you're a fucking idiot. #HASHTAG# ></document>
<Document> The conservative movement appears to be busy with a full reset. #URL# ></document>
<Document> This is Donald Trump's America. #URL# ></document>
<Document> RT #USER#: "No regrets or apologies" for colonial abuses in Algeria, says Macron #URL# #URL# ></document>
<Document> #USER# #USER# The beatings will continue until morale improves. ></document>
<document> #USER# #USER# I found that really funny. ></document>
<Document> RT #USER#: QAnon and the End of the American Century #URL# ></Document>
<Document> #USER# This is rich. Ramzpaul has no consistency, no principles, no plausible basis to say any of this. ></document>
<Document> Ladies and gentlemen, this book belongs on your shelf. #URL# ></document>
<Document> RT #USER#: November 5th thread about why we refused to play along with the manipulation narrative. Read it now that it's all over. ></document>
<document> #USER# #USER# #USER# I wish we could revive this. ></document>
<Document> RT #USER#: No, you don't need a redirect, Miriam. They need their normal lives back and are apolitical. No longer. Lie. ></document>
<Document> RT #USER#: This stuff is worth its weight in gold. ></document>
<Document> RT #USER#: The Trump Administration in Six Seconds #URL# ></Document>
<document> This was mostly a response to this: #URL# ></document>
<Document> #USER# Okay. What do you think? ></document>
<document> Diamond and Silk played the long game... #URL# ></document>
<Document> "QAnon and the End of the American Century" W/ #USER# #URL# ></Document>
<Document> "QAnon and the End of the American Century" W/ #USER# #URL# ></Document>
<Document> The fact that evangelicals embraced Donald Trump with such unity and passion is a testament to their despair. ></document>
<document> Be careful what you wish for... ></document>
<Document> The western right still seems to believe that "nationalist populists" will rise and dismantle globalism. You are wrong. ></document>
<document> #USER# Yes, they were still processing what happened. ></document>
<Document> I have to agree with Roger Stone here. #URL# ></document>
<Document> Trump fights for the people who cheat his voters. #URL# ></document>
<document> #USER# *objective (Damn autocorrect!) ></document>
<Document> RT #USER#: OCC completes rule requiring large banks to provide fair access to banking services, capital and credit #URL# ></document>
<document> RT #USER#: Julian has suffered enough... #URL# ></document>
<Document> #USER# Wow. victimization of the conservatives. What a new phenomenon. ></document>
<Document> Let's face it: Trump is more likely to pardon Bill Cosby than Julian Assange. ></document>
<document> #USER# The funniest part of this saga is that it's called "Riley". ></document>
<document> #USER# What kind of "warfare" are we talking about? ></document>
<document> #USER# I think they're planning on red-pilling us! ></document>
<document> RT #USER#: I saw this post on 8kuns /qresearch/ warning QAnon deadends of what to expect in the future. ></document>
<Document> #USER# What's wrong with you? ></document>
<document> Just to be clear: there is a strong similarity, but it's not 100%. If true, things could get really wild. #URL# ></document>
<Document> #USER# #USER# #USER# #USER# #USER# Again, a message or some sort of quote would be really helpful. ></document>
<Document> #USER# Quite an achievement. idiots first! ></document>
<Document> Apparently I somehow offended that idiot. #URL# ></document>
<document> Remind me again why anyone would even consider voting for the “populist”, “working class” GOP? #URL# ></document>
<document> #USER# Again, Torba just can't help it. ></document>
<document> #USER# Who is "we" in the mind of the stone tablet pervert? ></document>
<Document> #USER# Typical cult and schizophrenic behavior: the more the lie collapses, the more they believe in it. ></document>
<document> #USER# But according to Nick Fuentes, they only ironically planned to enter the Capitol. ></document>
<Document> RT #USER#: Confirm trusted media sources #URL# ></Document>
<Document> RT #USER#: They'll still argue that Trump wins if his head is put on a stick outside the White House. ></document>
<Document> #USER# This is clearly a hologram. ></document>
<Document> #USER# You channel Rorschach. Pretty telling... Nobody looks up to youdarren ></document>
<Document> In the age of radical polarization, quick impeachments may be common. It is what it is. ></document>
<Document> RT #USER#: They won't let him tweet, so he'll make the statements on Presidential letterhead, which look like tweets. ></document>
<document> RT #USER#: Thank god 👍🏻 ></document>
<document> This cannot be stressed enough. #URL# ></document>
<document> RT #USER#: Why is about 50% of the discourse Nazi comparisons ></document>
<Document> #USER# Link to interview? ></document>
<Document> #USER# This could be nothing. Could be federal or provincial ordinance. ></document>
<document> Also, it's really not that big of a deal that you got into Duke Grad School. Just say. ></document>
<document> Who knows? Q might be exposed before this is all done. The seriousness with which the Feds are taking this cannot be underestimated. ></document>
<Document> Although it is not very surprising to hear about a terrorist named "Ali Akbar", it is quite strange that he was a registered Republican. ></document>
<Document> Ali Akbar spoke plainly: Either Trump stays in office or he charges and starts a civil war. #URL# ></document>
<document> #USER# You can easily download audio ></document>
<Document> Joe Biden may inadvertently usher in a new era of racial science. #URL# ></document>
<document> #USER# #USER# Ironic, if the NSA did it, like in the world of Q, they were the good guys! ></document>

</author><document> RT #USER#: lmao. We've come a long way ></document>
<document> When was the last time you guys *won* a war? #URL# ></ document>
<document> Unable to broadcast live this Sunday. We will be back on Sunday, March 20. ></ document>
<document> Conservatives defend their sacred institutions. #URL# ></ document>
<document> Governor Abbott brings Orders to Christian-Zionists: *You shall not be anti-Semitic* #URL# ></document>
<document> #USER# Ladies, I think Dave Rubin may be out soon. ></ document>
<document> Democrats 👏🏽 👏🏽 Real Hitlers #URL# ></document>
<document> #USER# QAnon was a related phenomenon. 99% of nonsense content is "user generated". ></ document>
<document> #USER# "Plato for humans." ></ document>
<document> Cool live broadcast about Christianity, Paganism and the West with #USER# and #USER# #URL# ></document>
<document> The Future of Religion -- March 7, 2021 #URL# ></document>
<document> What woman doesn't dream of being forced to have sex by a sophisticated French skunk? #URL# ></ document>
<document> Looks like a great party... #URL# ></document>
<document> #USER# #USER# #USER# #USER# #USER# #USER# Don't give them any ideas! ></ document>
<document> The Moment Glenn Greenwald Goes Away #URL# ></document>
<document> RT #USER#: It's really irritating to cheerfully vote no to this. #URL# ></ document>
<document> RT #USER#: YAS KWEEN PAID SLAVERY 💅🏻💕💖🥰🥰 ></document>
<document> Andrew Cuomo's long-standing reputation is that he is an oppressive, vulgar scumbag, a reference to the political "bosses" of bygone years. ></ document>
<document> The conservatives who posted this video, as usual, miss the point. #URL# ></ document>
<document> #USER# #USER# Sounds worse than I thought. ></ document>
<document> Tucker, Dr. Seuss's annulment. #URL# ></ document>
<document> RT #USER#: I hated Awakens more than anything, but this helpless "resistance" against him made it even more disgusting. ></ document>
<document> #USER# #USER# This time I'll take the bait. The EU is by no means an "Atlanticist" institution. Yet "Brexit" is too much. ></ document>
<document> RT #USER#: Who really hacked Gab? ></ document>
<document> #USER# I'll do a tweetstorm about it, maybe a short post. ></ document>
<document> Jesus is King #URL# ></document>
<document> RT #USER#: "No, I'm in touch with my Humanity. Sorry. You nationalists are not so important to me” ></document>
<document> A solid rebuttal #URL# ></document>
<document> Ed Dutton and Josh Neal join me to discuss CPAC and "American Extremism." #URL# ></ document>
<document> Radix Live -- February 28, 2021 #URL# ></document>
<document> The live stream can be watched on Twitter or Dlive. It will be published on Odysee shortly. #URL# ></ document>
<document> RT #USER#: Also, what is the legal authority for strike? Assad is a monstertake the dictator. But Syria is a sovereign country. ></ document>
<document> RT #USER#: Rand Paul confronts Biden's transgender candidate for HHS Assistant Secretary over FGM: ></document>
<document> Many Jewish women secretly want to be Esther. #URL# ></ document>
<document> #USER# Do you think this has led to racial awareness? ></ document>
<document> Super chats go through Entropy. #URL# ></ document>
<document> I'm moving to Odysee for video only. #URL# ></ document>
<document> RT #USER#: RADIX LIVE : February 21, 2021 #HASHTAG#, #HASHTAG#, #HASHTAG# and special guest #USER# ></document>
<document> #USER# I think he really has it now. Very late. ></ document>
<document> #USER# #USER# I wish Greg hadn't gone his own way. I tried to reach out, to no avail. ></ document>
<document> #USER# #USER# I'm leaving Bitchute. ></ document>
<document> RT #USER#: Do we have a release date for #USER#? ></ document>
<document> It was all a conspiracy, guys. #URL# ></ document>
<document> I can't wait for #HASHTAG#! #URL# ></ document>
<document> Harassing gay interns #URL# ></document>
<document> #USER# No doubt. But I appreciate honest and raw people. It is a virtue, but of course it has its limits. ></ document>
<document> RT #USER#: Stop Play promoter Ali Alexander and Jacob Whol from organizing a Club room together #URL# ></document>
<document> Lil' Pharaoh seems like a cool guy. #URL# ></ document>
<document> RT #USER#: Young Pharaoh explains why CPAC canceled him from "America Uncancelled" #URL# ></document>
<document> Is it cool to say the N-word now? #URL# ></ document>
<document> RT #USER#: What a move. #URL# ></ document>
<document> #USER# I will download it. Thanks. ></ document>
<document> Experiencing "Micah's command" #URL# ></document>
<document> So what exactly is this #USER# thing? Anyone using this? What does unique offer? ></ document>
<document> Sounds like "cancel culture"? #URL# ></ document>
<document> RT #USER#: This case is very good at explaining exactly how Lindell defrauded the right-wing audience #URL# ></document>
<document> Radix Live! February 21, 2021 #URL# ></ document>
<document> RT #USER#: QAnon art is becoming my favorite type of art. He may have framed it. #URL# ></ document>
<document> Rush Limbaugh: The 1991 60 Minute Interview #URL# ></document>
<document> Super chats will be read live. Now you can start asking questions: #URL# ></document>
<document> The live stream will be posted on my Twitter feed and DLive here: #URL# ></document>
<document> Great live stream starting this Sunday at 13:00 ET / 10:00 PT. #USER#, #USER# and #USER# will call. ></ document>
<document> I'm feeling a little nostalgic tonight. #HASHTAG# #URL# ></document>
<document> #USER# As far as I know Bitchute is like YouTube with a central server. DifferenceDo they claim to be committed to freedom of expression? ></ document>
<document> RT #USER#: #USER# I wonder who Boris is reading. This rarely shared video is from about 8 years ago. #URL# ></ document>
<document> Odysee seems to have created the best anti-frailty system. #URL# ></ document>
<document> Obama deported more illegal immigrants in his first term than Trump. I suspect Biden will do the same. #URL# ></ document>
<document> #USER# I'm new to political marketing. #URL# ></ document>
<document> You will recognize them from their branded coffee mugs. #URL# ></ document>
<document> #USER# #USER# Between the Chicoms and Richard Spencer, the Non-Aggression Principle didn't stand a chance. ></ document>
<document> RT #USER#: They can vote. #URL# ></ document>
<document> #USER# #USER# Is Stefan suspended? ></ document>
<document> #USER# Trump pit? ></ document>
<document> RT #USER#: Richard and I discuss various topics. That was a very good flow #URL# ></document>
<document> Welcome to the last 5000 years of human history, Geoffrey. #URL# ></ document>
<document> Joe is here to have millennials and chew gum. And the gum is gone too... #URL# ></document>
<document> #USER# This can't be real. ></ document>
<document> #USER# Antifa is turned on. Mitch and Nancy made it January 6th! "America First" is nuts run by crazy. ></ document>
<document> More than an interview. It's like watching a train crash in slow motion. #URL# ></ document>
<document> RT #USER#: I made a useful chart to clarify the relationship between IQ and intelligence. #URL# ></ document>
<document> RT #USER#: History lesson with Dave Rubin: "Jesus was with many Muslims" #URL# ></document>
<document> #USER# What do you think, Rabbi? ></ document>
<document> Bruce even seems to agree with the murderous reviews from 4chan ("Joker") who only speak in memes: "We live in a society." ></ document>
<document> The #HASHTAG# trailer succinctly sums up a meta-political and theological vision. #URL# ></ document>
<document> The level of stupidity among the "America First" people is off the charts. ></ document>
<document> #USER# I think he meant both. ></ document>
<document> RT #USER#: Tom Brady: Aryan Avatar #HASHTAG# #URL# ></document>
<document> Illegal Trading on GameStop? or WallStreetBets: The Stonkening #URL# ></document>
<document> #USER# You are allowed to die when Tampa burns down. ></ document>
<document> It's comforting to learn that the Proud Boys won't bomb the Super Bowl. But can we be sure? #URL# ></ document>
<document> RT #USER#: "Born Again" #USER# on transsexuality and alienation as an identity. #URL# ></ document>
<document> If there is a "range of features" - which is a true but pointless statement - then why are you separating the spores? #URL# ></ document>
<document> #USER# Grandpa killed the continents and then enslaved them to be a complete scumbag. ></ document>
<document> TFW yI wish my father had killed and enslaved the entire planet. #URL# ></ document>
<document> "Hidden Numbers" #HASHTAG# #HASHTAG# #URL# ></document>
<document> The Saagar Injection: Ted Cruz's SHAME SHOWS Why The GOP Is Completely BROKEN #URL# ></document>
<document> The cherry on the market #URL# ></document>
<document> RT #USER#: "Black Like Her" #USER# on #HASHTAG#. #URL# ></ document>
<document> #USER# Listen Mike, we want to whine helplessly about "cancel culture", okay? ></ document>
<document> "Gamestop: The End of the American Financial Empire" with #USER# #URL# ></document>
<document> "Gamestop: The End of the American Financial Empire" with #USER# #URL# ></document>
<document> "GameStop: The End of American Financial Empire" with special guest #USER# #HASHTAG# #HASHTAG# #URL# ></document>
<document> RT #USER#: It's good to know that any crazy misconception disclosed by a politician must now be respected and "believed" under the guise of "trauma" ></document>
<document> Written, directed and starring Louise Linton #URL# ></document>
<document> "Damn political correctness - someone needs to defend free market principles." #URL# ></ document>
<document> "The BLM movement has haunted the specter of anti-Semitism." #URL# ></ document>
<document> "Call me old-fashioned, but in my time no meant no." #URL# ></ document>
<document> "The tragedy of 'Awake' is that it took away some of the greatest achievements of first-wave feminism." #URL# ></ document>
<document> “Islam and gay rights do not mix. The West needs to face this disturbing reality.” #URL# ></ document>
<document> Nobel Prize for Mostly Peaceful ></document>
<document> Even Steve Bannon talks nonsense about Rudy. #URL# ></ document>
<document> Jordan Belfort: GameStop frenzy 'a modified pumping and dumping' #URL# ></document>
<document> This man (or his lawyer) is smarter than I thought. #URL# ></ document>
<document> RT #USER#: The only 2 things that have united our country in the last 2 years have been GameStonk $GME and Epstein's "suicide". ></ document>
<document> RT #USER#: #USER# #USER# a congressional hearing should be held ></document>
<document> RT #USER#: Melvin Capital is facing bankruptcy and its CEO is an iPhone owner. Curious! ></ document>
<document> RT #USER#: If I were a hedge fund facing bankruptcy, I would eat less avocado toast ></document>
<document> RT #USER#: Remember guys: only insiders are allowed to manipulate stock prices. ></ document>
<document> RT #USER#: "The Great Transition" #USER# and #USER# discuss the psychology of #HASHTAG#. ></ document>
<document> The Saagar Injection: Trump's Third Party, Whatever #URL# ></document>
<document> "Born in 1989." #URL# ></ document>
<document> #USER# #USER# #USER# #USER# #USER# Milo is right sometimes. ></ document>
<document> RT #USER#: Facebook sparks outrage after shutting down socialist pages #URL#></ document>
<document> The Twitter kick of Lady MAGA represents the ultimate climax of Trump 2020. #URL# ></document>
<document> I wouldn't be surprised if #USER# runs as a Republican. There is an opening. ></ document>
<document> Um... I think it's time to raise awareness about your career, Terrence... #URL# ></document>
<document> #USER# Spreading Covid unethically to animals was like the cherry on top of a crappy market. ></ document>
<document> RT #USER#: "Biden Restoration" with #USER# and #USER# #URL# ></document>
<document> #USER# There's a lot to explain here... ></document>
<document> #USER# Among these strange, incompetent people, the talk of "optics" resonated most strongly. ></ document>
<document> #USER# This is a goldmine ></document>
<document> #USER# I just realized I put this in my notes: #URL# ></document>
<document> #USER# Can you follow me? I want to get some quotes so DMing would be a better option. ></ document>
<document> #USER# Do we have a link to the video of this? ></ document>
<document> "Biden Restoration" with #USER# #URL# ></document>
<document> RT #USER#: "What is performative populism?" Answer: ></ document>
<document> #USER# Hmm... What? Did you say something? Sorry, I was in a deep sleep. 😉 ></ document>
<document> Of course I'm joking, but sometimes I wonder if I'm right! ></ document>
<document> RT #USER#: If you think opposing biological advantage is transphobia, you're a complete idiot. #HAHTAG# ></ document>
<document> The Conservative movement seems to be busy with a full reset. #URL# ></ document>
<document> This is Donald Trump's America. #URL# ></ document>
<document> RT #USER#: Macron says "no regrets or apologies" for colonial abuses in Algeria #URL# #URL# ></document>
<document> #USER# #USER# The beatings will continue until morale improves. ></ document>
<document> #USER# #USER# I found this really funny. ></ document>
<document> RT #USER#: QAnon and the End of the American Century #URL# ></document>
<document> #USER# This is rich. Ramzpaul has no consistency, no principles, no reasonable basis to say any of this. ></ document>
<document> Ladies and gentlemen, this book should be on your shelf. #URL# ></ document>
<document> RT #USER#: Thread on November 5th about why we refused to comply with the fraudulent narrative. Now that it's all over, read it. ></ document>
<document> #USER# #USER# #USER# I wish we could animate this. ></ document>
<document> RT #USER#: No, they don't need redirection, Miriam. They need their normal life back and become apolitical. No more. Lies. ></ document>
<document> RT #USER#: This material is gold. ></ document>
<document> RT #USER#: Trump Administration in six seconds #URL# ></document>
<document> This was largely a response to #URL# ></document>
<document> #USER# OK. What do you believe? ></ document>
<document> Diamond and Silk were playing a long game... #URL# ></document>
<document> "QAnon and the End of the American Century" W/ #USER# #URL# ></document>
<document> "QAnon and the End of the American Century" W/ #USER# #URL# ></document>
<document> The fact that evangelicals have embraced Donald Trump with such unity and passion is an expression of their desperation. ></ document>
<document> Be careful what you wish for... ></document>
<document> The West Right still seems to believe that "nationalist populist" is on the rise and will dismantle Globalism. They are wrong. ></ document>
<document> #USER# Yes, they continued to process what happened. ></ document>
<document> I agree with Roger Stone here. #URL# ></ document>
<document> Trump is fighting for the people who defrauded his voters. #URL# ></ document>
<document> #USER# *target (Damn autocorrect!) ></document>
<document> RT #USER#: OCC Clarifies Rule Requiring Major Banks to Provide Fair Access to Bank Services, Capital and Credit #URL# ></document>
<document> RT #USER#: Julian has suffered enough... #URL# ></document>
<document> #USER# Wow. The suffering of the conservatives. What a new phenomenon. ></ document>
<document> Let's be honest: Trump is more likely to forgive Bill Cosby than Julian Assange. ></ document>
<document> #USER# The funniest part of this saga is that her name is "Riley". ></ document>
<document> #USER# What kind of "war" is he talking about? ></ document>
<document> #USER# I think they are planning to inform us again! ></ document>
<document> RT #USER#: I saw this post on 8kun's /qresearch/ site warning QAnon deadlocks about what to expect in the future. ></ document>
<document> #USER# What's wrong with you? ></ document>
<document> To clarify: There is a strong similarity, but it is not 100%. If that's true, it could get really wild. #URL# ></ document>
<document> #USER# #USER# #USER# #USER# #USER# Again, a news or some kind of quote would really help. ></ document>
<document> #USER# A great success. Morons first! ></ document>
<document> Looks like I offended this idiot somehow. #URL# ></ document>
<document> Remind me again why someone should consider voting for the "populist", "working class" GOP. #URL# ></ document>
<document> #USER# The bag is still unable to contain itself. ></ document>
<document> #USER# Who are the "us" in the Stone Tablet Pervert's dream? ></ document>
<document> #USER# Typical cult and schizophrenic behavior: they believe the lie even more as it collapses. ></ document>
<document> #USER# But according to Nick Fuentes, they only ironically planned to enter the Capitol. ></ document>
<document> RT #USER#: Trusted media sources approve #URL# ></document>
<document> RT #USER#: They're still going to argue that Trump won when he got his head on the spear outside the White House. ></ document>
<document> #USER# This is clearly a hologram. ></ document>
<document> You are channeling #USER# Rorschach. Pretty self-explanatory... Nobody respects you,Darren. ></ document>
<document> In an age of radical polarization, impeachment is likely to be common. It is what it is. ></ document>
<document> RT #USER#: They won't allow him to tweet, so he will make statements on presidential letterhead that looks like a tweet. ></ document>
<document> RT #USER#: Thank God 👍🏻 ></document>
<document> This cannot be stressed enough. #URL# ></ document>
<document> RT #USER#: Why nearly 50% of discourse is made up of nazi comparisons ></document>
<document> #USER# Interview link? ></ document>
<document> #USER# This may be nothing. It can be a Federal or District warrant. ></ document>
<document> Besides, it doesn't matter that much if you got into Duke college. I'm just saying. ></ document>
<document> Who knows? Before all this is done, Q can be unmasked. The seriousness the feds take this cannot be underestimated. ></ document>
<document> While it's not surprising to hear about a terrorist named "Ali Akbar", it's rather odd that he's a registered Republican. ></ document>
<document> Ali Akbar spoke plainly: Trump either stays in office or reloads his gun and starts a civil war. #URL# ></ document>
<document> #USER# You can easily download audio ></document>
<document> Joe Biden may unintentionally usher in a new era in race science. #URL# ></ document>
<document> #USER# #USER# Ironically if the NSA did as in the Q world, they were the good guys! ></ document>

</author><document> RT #USER#: lmao.We've come a long way ></document>
<document> When was the last time you *won* a war? #URL# ></document>
<document> We are unable to go live this Sunday. We will be back next Sunday, March 20th. ></document>
<Documentation> Conservatives defend sacred institutions. #URL# ></document>
<document> Governor Abbott Brings Commandment to Christian Zionists: *Thou should not be anti-Semitic* #URL# ></document>
<Documentation> #USER# Ladies, I believe Dave Rubin will be on the market soon. ></documentation>
<document> Democrat 👏🏽 is 👏🏽 Real Hitler #URL# ></document>
<documentation> #USER# QAnon was a related phenomenon. 99% of Goofball content was "user generated". ></documentation>
<document> #USER# "Plato for the people." ></document>
<document> Great live streams about Christianity, Paganism and the West with #USER# and #USER# #URL# ></document>
<document> The Future of Religion -- March 7, 2021 #URL# ></document>
<documentation> What woman never dreamed of being forced into love by a sophisticated French skunk? #URL# ></documentation>
<document> Sounds like quite a party... #URL# ></document>
<documentation> #USER# #USER# #USER# #USER# #USER# #USER# DO NOT GIVE THEM IDEAS! ></documentation>
<document> The moment Glenn Greenwald derailed #URL# ></document>
<document> RT #USER#: I'm really nervous about gleefully down-voting now. #URL# ></document>
<document> RT #USER#: YAS KWEEN WE LOVE WAGE SLAVERY 💅🏻💕💖🥰🥰 ></document>
<document> Andrew Cuomo's longstanding reputation is that he's an oppressive, surly jerk and a return to the political "bosses" of yesteryear.></document>
<document> As usual the conservatives posting this video miss the point. #URL# ></document>
<document> #USER# #USER# Worse than I thought. ></documentation>
<Document> Tucker insists on canceling Dr. Seuss. #URL# ></document>
<document> RT #USER#: I hated the awakened more than anything, but this helpless "resistance" to it made it even more disgusting. ></documentation>
<document> #USER# #USER# I bait this. The EU is by no means an "Atlanticist" institution. But "Brexit" is very important. ></documentation>
<document> RT #USER#: Who really hacked Gab? ></document>
<document> #USER# Create a storm of tweets about this. It may be a short essay. ></documentation>
<document> Jesus is King #URL# ></document>
<document> RT #USER#: "No, I am in contact with humanity. Sorry. You nationalists are not that important to me."></document>
<document> Strong Rebuttal #URL# ></document>
<document> Ed Dutton and Josh Neal join me to discuss CPAC and "American Extremism". #URL# ></document>
<document> Radix Live -- Feb 28, 2021 #URL# ></document>
<document> You can watch the live stream on Twitter and Dlive. It will be posted on Odyssey in the near future. #URL# ></document>
<document> RT #USER#: And what are the legal rights to strike? Assad is a barbarianAl dictator. But Syria is a sovereign state. ></documentation>
<document> RT #USER#: Rand Paul confronted Biden's transgender candidate HHS Assistant Secretary over genital mutilation: ></document>
<Document> So many Jewish women secretly, or not so secretly, want to be Esther. #URL# ></document>
<document> #USER# Don't you think this is racist? ></document>
<Documentation> Superchat goes through entropy. #URL# ></document>
<Document> I'm moving to a video-only Odyssey. #URL# ></document>
<document> RT #USER#: RADIX LIVE : February 21, 2021 #HASHTAG#, #HASHTAG#, #HASHTAG#, special guest #USER# ></document>
<document> #USER# I think he actually has. too late. ></documentation>
<document> #USER# #USER# I wish Greg wasn't on his own. I tried to reach out, but to no avail. ></documentation>
<document> #USER# #USER# Moving from Bitchute. ></documentation>
<document> RT #USER#: #USER# Streaming start date yet? ></document>
<document> It was all a conspiracy. #URL# ></document>
<documentation> Can't wait for #HASHTAG#! #URL# ></documentation>
<document> Homosexual Intern Abuse #URL# ></document>
<Documentation> #USER# No doubt. But I appreciate honest and cheeky people. Of course there are limits, but that's a virtue. ></documentation>
<document> RT #USER#: Stop Stealing Hosts Ali Alexander and Jacob Whol Hosting Clubhouse Rooms Together #URL# ></document>
<Documentation> Lil Pharaoh looks like a cool dude. #URL# ></document>
<document> RT #USER#: Young Pharaoh explaining why CPAC canceled him from "America Uncancelled" event #URL# ></document>
<document> Is it cool to say the N word now? #URL# ></document>
<document> RT #USER#: What a move. #URL# ></document>
<document> #USER# download. thank you. ></documentation>
<document> Doing Micah's Mission #URL# ></document>
<document> So what is this #USER# all about? Is someone using it? What are your unique products? ></documentation>
<document> Sounds like "cancellation culture"? #URL# ></document>
<document> RT #USER#: This lawsuit does a great job of explaining exactly how Lindell deceives right-wing audiences #URL# ></document>
<Documentation> Radix Live! February 21, 2021 #URL# ></document>
<document> RT #USER#: QAnon art is becoming my favorite art. This may have been framed. #URL# ></document>
<document> Rush Limbaugh: The 1991 60 Minutes Interview #URL# ></document>
<Documentation> Superchats are read aloud on air. You can start asking questions now: #URL# ></document>
<document> The live stream will be on my Twitter feed and on DLive: #URL# ></document>
<Documentation> An amazing live stream starts this Sunday at 1pm ET / 10am PT. #USER#, #USER#, #USER# stop by. ></documentation>
<Document> Feeling a little nostalgic tonight. #HASHTAG# #URL# ></document>
<document> #USER# As far as I know Bitchute is like YouTube with centralized servers. differenceThey claim to be dedicated to free speech. ></documentation>
<document> RT #USER#: #USER# Who is Boris reading? This rarely shared video is about eight years old. #URL# ></document>
<Documentation> Odysee seems to have created the best vulnerability-tolerant system. #URL# ></document>
<Document> Obama deported more illegal immigrants during his first term than Trump.I think Biden will do the same. #URL# ></document>
<document> #USER# I recently ventured into political marketing. #URL# ></document>
You can get to know them with <Documentation> branded coffee mugs. #URL# ></document>
<document> #USER# #USER# Between Chicoms and Richard Spencer, the principle of non-aggression never stood a chance. ></documentation>
<document> RT #USER#: You can vote. #URL# ></document>
<document> #USER# #USER# Stéphane suspended? ></documentation>
<document> #USER# Trump Bunkers? ></documentation>
<documentation> RT #USER#: Richard and I discuss a variety of topics. This was a very nice stream #URL# ></document>
<Documentation> Welcome to the last 5,000 years of human history, Jeffrey. #URL# ></document>
<Documentation> Joe owns a millennial and is here to chew bubblegum. And he ran out of bubblegum... #URL# ></document>
<document> #USER# This can't be real. ></documentation>
<documentation> #USER# Antifa is off-hook. Mitch and Nancy January 6th! "America First" is a fool led by a fool. ></documentation>
<document> From an interview. Like watching a train wreck in slow motion. #URL# ></document>
<Documentation> RT #USER#: Created a graphic to help clarify the relationship between IQ and intelligence. #URL# ></document>
<document> RT #USER#: History Lesson by Dave Rubin: "Jesus Was Around Many Muslims" #URL# ></document>
<document> #USER# What do you think, Rabbi? ></documentation>
<Documentation> Apparently, Bruce is also enlisting the murderous incels from 4chan ("Joker"). ></documentation>
<Documentation> #HASHTAG# The trailer concisely summarizes the metapolitical and theological vision. #URL# ></document>
<Documentation> The level of stupidity of the "America First" people is extraordinary. ></documentation>
<document> #USER# I think she meant both. ></documentation>
<document> RT #USER#: Tom Brady: Aryan Avatar #HASHTAG# #URL# ></document>
<Documentation> Illegal Trading on GameStop? or WallStreetBets: Stonkening #URL# ></document>
<document> #USER# When Tampa turns to ash, you are allowed to die. ></documentation>
<Documentation> I'm relieved to know the Proud Boys aren't going to bomb the Super Bowl. But are you sure? #URL# ></document>
<Documentation> RT #USER#: "Born Again" #USER# about transsexuality and alienation as identity. #URL# ></document>
<document> Given that there are "different characteristics", it is a true but meaningless statement, but why separate sports in the first place? #URL# ></document>
<documentation> #USER# Grandpa killed the continent, then enslaved it. ></documentation>
<Document> TFWyI wish my dad had killed and enslaved the whole planet. #URL# ></document>
<Document>"Hidden People" #HASHTAG# #HASHTAG# #URL# ></Document>
<document> Saagar Enjeti: Ted Cruz's EMBARRASSMENT shows why GOP is totally screwed #URL# ></document>
<document> Sundae Cherries #URL# ></document>
<document> RT #USER#: "Black Like Her" #USER# on #HASHTAG#. #URL# ></document>
<document> #USER# Listen Mike, we just want to helplessly whine about "canceling culture", right? ></documentation>
<document> "Gamestop: The End of the American Financial Empire" With #USER# #URL# ></document>
<document> "Gamestop: The End of the American Financial Empire" with #USER# #URL# ></document>
<document> Special Guest on GameStop: The End of the American Financial Empire #USER# #HASHTAG# #HASHTAG# #URL# ></document>
<document> RT #USER#: Good to know that the insane delusions explained by politicians must be respected and "believed" under the protection of "trauma" ></document >
<document> Written, directed, and starring Louise Linton #URL# ></document>
<document> "Political correctness sucks. Someone has to stand for free market principles." #URL# ></document>
<documentation> "The BLM movement is haunted by the specter of anti-Semitism." #URL# ></documentation>
<document> "Call me old fashioned, but in my day no means no." #URL# ></document>
<Document> "The tragedy of The Awakening is that it robs us of some of the greatest achievements of first wave feminism." #URL# ></Document>
<Document> "Muslim and gay rights do not mix. The West must confront this troubling reality." #URL# ></Document>
<document> Nobel Peace Prize ></document>
<Documentation> Even Steve Bannon calls Rudy a bullshit. #URL# ></document>
<document> Jordan Belfort: GameStop Frenzy "Pump and Dump Modified" #URL# ></document>
<Document> This guy (or his lawyer) is smarter than I thought. #URL# ></Document>
<document> RT #USER#: Only two things have united our country in the last two years: GameStonk $GME and Epstein's "suicide". ></documentation>
<document> RT #USER#: #USER# #USER# Congressional hearings required ></document>
<document> RT #USER#: Melvin Capital faces bankruptcy, but CEO owns iPhone. strange! ></documentation>
<document> RT #USER#: If I were a hedge fund facing bankruptcy, I would simply eat less avocado toast ></document>
<document> RT #USER#: Remember, kids: Only insiders are allowed to manipulate stock prices. ></document>
<document> RT #USER#: “The Great Transition” #USER# and #USER# discuss the psychology of #HASHTAG#. ></documentation>
<document> Saagar Enjeti: Trump's Third Party Will Destroy the Republican Party #URL# ></document>
<Document> "She was born in 1989." #URL# ></Document>
<document> #USER# #USER# #USER# #USER# #USER# Milo is sometimes right. ></documentation>
<document> RT #USER#: Facebook provokes outrage after shutting down socialist page #URL#></documentation>
<document> Lady MAGA's being kicked out of her Twitter represents the ultimate culmination of Trump 2020. #URL# ></document>
<document> #USER# I wouldn't be shocked if she ran as a Republican. There is an opening. ></documentation>
<document> Well... Mr. Terrence, I think it's time to take stock of your career... #URL# ></document>
<Documentation> #USER# Spreading Covid to animals unethically was a bit of a bonus on Shit Sunday. ></documentation>
<document> RT #USER#: "The Biden Restoration" with #USER# and #USER# #URL# ></document>
<document> #USER# There is a lot to expand here... ></document>
<document> #USER# Among these strange and failed people, the "optics" story resonated most strongly. ></documentation>
<document> #USER# THIS IS A GOLD MINE ></document>
<document> #USER# Found this in a note: #URL# ></document>
<document> #USER# Can you follow me? I would like to get some citations, so DM would be a better option. ></document>
<document> #USER# Do you have a link to a video of this? ></document>
<document> "The Biden Restoration" using #USER# #URL# ></document>
<documentation> RT #USER#: "What is performative populism?" Answer: ></documentation>
<document> #USER# Hmm... what? Did you say something? I'm sorry I was fast asleep. 😉 ></documentation>
<document> Of course I'm joking, but sometimes I wonder if I'm right. ></documentation>
<document> RT #USER#: If you think opposing biological superiority is transphobia, you're an idiot. #HASHTAG# ></document>
<Documentation> The maintenance movement seems to have been completely reset. #URL# ></document>
<Documentation> This is Donald Trump's America. #URL# ></document>
<document> RT #USER#: Macron says 'no remorse or apology' for Algeria's colonial rule #URL# #URL# ></document>
<document> #USER# #USER# Keep hitting until morale improves. ></documentation>
<document> #USER# #USER# I found this interesting. ></documentation>
<document> RT #USER#: QAnon and the End of the American Century #URL# ></document>
<document> #USER# This is rich. Ramspoor has no consistency, no principle, no plausible basis for saying this. ></documentation>
<Document> Ladies and gentlemen, this book needs to be on your bookshelf. #URL# ></document>
<Documentation> RT #USER#: November 5th thread discussing collusion and why he refused to play with us. It's all over, so read on now. ></documentation>
<document> #USER# #USER# #USER# I wish I could come back. ></documentation>
<document> RT #USER#: No, no redirect needed, Miriam. They need to get their normal lives back and be apolitical. no more. lie. ></documentation>
<document> RT #USER#: This is gold. ></documentation>
<document> RT #USER#: Trump administration in 6 seconds #URL# ></document>
<document> This is mainly a response to this: #URL# ></document>
<Documentation> #USER# Okay. what do you believe ></documentation>
<document> Diamonds and Silks were in a long war... #URL# ></document>
<document> "QAnon and the End of the American Century" W/ #USER# #URL# ></document>
<document> "QAnon and the End of the American Century" W/ #USER# #URL# ></document>
<Document> The fact that evangelicals have embraced Donald Trump with such unity and passion is a sign of their desperation. ></documentation>
<document> Be careful what you want... ></document>
<Document> The Western Right still seems to believe that a “nationalist populist” will rise and dismantle globalism. they are wrong ></documentation>
<document> #USER# Yeah, they're still processing what happened. ></documentation>
<document> I have to agree with Roger Stone here. #URL# ></document>
<document> Trump fights for those who cheat voters. #URL# ></document>
<document> #USER# *objective (damn autocorrect!) ></document>
<document> RT #USER#: OCC finalizes rules requiring large banks to provide fair access to banking services, capital and credit #URL# ></document>
<document> RT #USER#: Julian suffered enough ... #URL# ></document>
<documentation> #USER# Wow. Conservative victim. What a new phenomenon! ></documentation>
<Document> To be honest, Trump is more likely to forgive Bill Cosby than Julian Assange. ></documentation>
<document> #USER# What's interesting about this story is that her name is "Riley". ></documentation>
<document> #USER# What kind of "war" are you talking about? ></document>
<document> #USER# Looks like they're going to put red hairballs on us! ></document>
<document> RT #USER#: I saw this post on 8kun's /qresearch/ warning about what the QAnon dead enders can expect in the future. ></documentation>
<document> #USER# what's wrong? ></documentation>
<document> Just to be clear, it's pretty similar, but not 100%. If that's true, this could get really wild. #URL# ></Document>
<document> #USER# #USER# #USER# #USER# #USER# Again, a news article or some quote would be really helpful. ></documentation>
<document> #USER# Quite an accomplishment. First idiot! ></documentation>
<document> Apparently, apparently I pissed off this idiot. #URL# ></document>
<document> Remind yourself again why you should consider voting for a "populist" or "working class" Republican. #URL# ></document>
<document> #USER# Again, Torba can't help it. ></documentation>
<document> #USER# Who are the imaginary "us" of the slate metamorphosis? ></document>
<document> #USER# Typical cult and schizophrenic behavior: As the lie crumbles, they believe it even more. ></document>
<document> #USER# But according to Nick Fuentes, they ironically only planned to enter the Capitol. ></documentation>
<document> RT #USER#: Trusted media source verifies #URL# ></document>
<document> RT #USER#: When they stick their heads out in front of the White House, they'll still claim Trump wins. ></document>
<Document> #USER# This is clearly a hologram. ></documentation>
<document> #USER# You are channeling Rorschach. Quite say... no one respects you,Darren. ></documentation>
<Document> Snap impeachment is likely to become commonplace in an age of radical polarization. it is what it is. ></documentation>
<document> RT #USER#: They don't allow him to tweet, so make a statement that looks like a tweet on the president's letterhead. ></documentation>
<document> RT #USER#: Thank God 👍🏻 ></document>
<Documentation> This cannot be overemphasized. #URL# ></document>
<document> RT #USER#: Why are 50% of discourse Nazi comparisons ></document>
<documentation> #USER# link to interview? ></documentation>
<document> #USER# This may be nothing. May be federal or district mandate. ></documentation>
<document> Also, it's no big deal that you got into graduate school at Duke University. just say ></documentation>
<Documentation> Who knows? Q may be unmasked before all this is done. It cannot be underestimated that the Federal Reserve Board takes this seriously. ></documentation>
<Document> It's no surprise to hear about a terrorist named "Ali Akbar", but it's rather strange that he was registered as a Republican. ></documentation>
<document> Ali Akbar has spoken bluntly: Either Trump stays in office or he loads up and starts a civil war. #URL# ></document>
<document> #USER# Easily download audio ></document>
<document> Joe Biden may unintentionally usher in a new era in racial science. #URL# ></document>
<document> #USER# #USER# Ironically if the NSA did, as in Q's world, they were good guys! ></document>

</author>