
	
		<document> #USER# What took you so long? ></document>
		<document> RT #USER#: Good morning sailors and hoes...we have a lot of work to do.. 😘😘😘😘😘 ></document>
		<document> RT #USER#: Sorry folks A 78yr old pervert with dementia is not going to tell me how to live my life ></document>
		<document> #USER# Here sweetheart, this is for you. #URL# ></document>
		<document> RT #USER#: He pressed the red button.... ⚠️#HASHTAG#🤯 #URL# ></document>
		<document> #USER# #USER# #USER# The epitome of hate... BHO. #HASHTAG# 🤦🏼‍♀️ #URL# ></document>
		<document> RT #USER#: #USER# #USER# I am also taking time away from that band. ></document>
		<document> #USER# #USER# We want you to feel better. While our country is imploding. #URL# ></document>
		<document> #USER# I agree.... It’s time for justice. #URL# ></document>
		<document> #USER# I pity you. ></document>
		<document> #USER# I pity you. ></document>
		<document> #USER# Bless your heart.🤦🏼‍♀️ ></document>
		<document> #USER# #USER# #USER# Shoo TROLL. BLOCK. ></document>
		<document> RT #USER#: “Joe Biden has done more damage to our country in 50 days than Obama did in 8 years. Let that sink in.” ~ #USER# ></document>
		<document> #USER# The 8 years of BHO were pretty dark. ></document>
		<document> RT #USER#: This man saved the World with operation Warp Speed 👇 #URL# ></document>
		<document> RT #USER#: RT if you would vote for President Trump in 2024 ></document>
		<document> #USER# #USER# #USER# Black as Satan’s. ></document>
		<document> #USER# Sad, isn’t it! ></document>
		<document> RT #USER#: Joe Biden .... “Put your faith in government.” 😂😂😂😂 👉 (Farting sound) ></document>
		<document> RT #USER#: Joe Biden and whoever wrote this crap.... are damn liars. ></document>
		<document> #USER# I’m betting it’s pre-recorded. Edited. No questions IMO ></document>
		<document> “Joe Biden has done more damage to our country in 50 days than Obama did in 8 years. Let that sink in.” ~ #USER# ></document>
		<document> How many think that this is pre-recorded and edited?? #USER# #USER# #USER# #USER# #USER# ></document>
		<document> #USER# #USER# #HASHTAG# I just don’t get it! My husband and I won’t be taking it! ></document>
		<document> RT #USER#: If it weren’t for President Donald J Trump, there would be no vaccines. ></document>
		<document> RT #USER#: OMG!!! Has he said ANYTHING yet that has not been a lie??? ></document>
		<document> #USER# #USER# I’m with you, sweetheart, He Makes me physically ill! ></document>
		<document> RT #USER#: Fuck this shit. He is a piece of shit, lying, feeble, bastard. ></document>
		<document> RT #USER#: Joe Biden has done more damage to our country in 50 days than Obama did in 8 years. Let that sink in. ></document>
		<document> #USER# BS. “Tell the truth”? Biden wouldn’t know the truth if it bit him on the ass. ></document>
		<document> What world does Biden live in? 🤦🏼‍♀️ What an embarrassment!! ></document>
		<document> #USER# #USER# BUT...they’ll lie about the ratings!! ></document>
		<document> #USER# Oh I’m watching and I’m going to laugh my ass off. Not at HIM....at the cheaters that put this moron in the WH. ></document>
		<document> #USER# Pre-recorded, for sure! ></document>
		<document> #USER# Oh I am...and I’m going to laugh my ass off. Not at HIM....at the cheaters that put this moron in the WH. ></document>
		<document> #USER# I’m afraid for my children and grands. ></document>
		<document> #USER# His leadership and love of country!! ></document>
		<document> RT #USER#: The more I get to know people the more I realize why Noah only let animals on the boat. ></document>
		<document> RT #USER#: RT if you miss President Trump, the greatest President in Modern History! ></document>
		<document> RT #USER#: #USER# "President Biden will take a victory lap tonight"? 😂😂😂🤡🤦‍♀️ He can't even find his way around at a photo op. ></document>
		<document> RT #USER#: So I guess we're not talking about the stolen election anymore? ></document>
		<document> #USER# Talk doesn’t get us anywhere. SOMEBODY needs to do SOMETHING!!!!! ></document>
		<document> #USER# Like Karmala and her stupid laugh. ></document>
		<document> #USER# That is the 81 million vote question! ></document>
		<document> RT #USER#: I still wanna know who ordered the ballot counting stopped at 2:30 in the morning in multiple states all at the same time. ></document>
		<document> RT #USER#: Are you going to get the vaccine? ></document>
		<document> #USER# Going from Trump to Biden is like going from a Great white shark to a mudpuppy? ></document>
		<document> #USER# #USER# YES! And it’s scary as hell!! ></document>
		<document> RT #USER#: Wow this is really beautiful 😭😭 ></document>
		<document> #USER# 9% earmarked for COVID. The rest is BS Democratic pork. If you’re ok with this, YOU are part of the problem. ></document>
		<document> #USER# I pity your stupidity. #URL# ></document>
		<document> #USER# Good grief, you’re stupid. ></document>
		<document> #USER# Is train wreck one word or two? ></document>
		<document> RT #USER#: I’m old enough to remember a President who wasn’t scared shitless to do a press conference. ></document>
		<document> RT #USER#: Remember when there was a "pipe burst" in Georgia and they stopped counting the votes? ></document>
		<document> RT #USER#: #USER# So do I ></document>
		<document> #USER# I still want to know who stopped the vote counting?? ></document>
		<document> RT #USER#: Remember when we had a President who would walk up to reporters like a damn Boss 🤣🤣 #URL# ></document>
		<document> RT #USER#: Donald Trump never said anything mean, he only spoke brutal truth. ></document>
		<document> RT #USER#: They got their bailout and all of a sudden.....Rona panic goes.... #URL# ></document>
		<document> RT #USER#: Anthony Fauci, Deborah Birx and Bill Gates all belong in prison. ></document>
		<document> RT #USER#: New evidence is unraveling Meghan's "Palace racism" story #URL# ></document>
		<document> #USER# He Always has...about everything! ></document>
		<document> #USER# Dementia Joe, is a pawn. WHO is destroying America?? I’ve never missed Donald J Trump more than I do now!! ></document>
		<document> RT #USER#: Now this is something I’d love to see!!! #USER# is a great American and a GA legend. #URL# ></document>
		<document> RT #USER#: Here's what a laughingstock Joe Biden is... #URL# ></document>
		<document> #USER# Helps to keep the kids quiet while mom’s are on their phones. Just a guess.... ></document>
		<document> RT #USER#: Biden 👇 Trump 👇 #URL# ></document>
		<document> RT #USER#: OMG how did Earth survive the changing weather for 4.5 billion years before you idiots came along? ></document>
		<document> #USER# Me! I#USER# him everyday! #URL# ></document>
		<document> RT #USER#: Who misses him besides me? #URL# ></document>
		<document> #USER# That’s the 81 million vote question. ></document>
		<document> #USER# Mean girl overload!! ></document>
		<document> #USER# Bless your heart. #URL# ></document>
		<document> #USER# Bless your heart.🤦🏼‍♀️ ></document>
		<document> #USER# Being a parent. ></document>
		<document> RT #USER#: BREAKING REPORT: Biden Sued by 12 States Over Climate Executive Order.. ></document>
		<document> #USER# Because we have no leadership. #HASHTAG# ></document>
		<document> #USER# His demons have finally taken hold. ></document>
		<document> #USER# Yep. The boy needs to grow a pair!! ></document>
		<document> RT #USER#: That Prince Harry guy is a real pussy. Just sayin... ></document>
		<document> #USER# Weak, gold digger! ></document>
		<document> #USER# #USER# My son allowed his wife to do this to our family...the little bitch now thinks she’s a profit.🤦🏼‍♀️ ></document>
		<document> #USER# Really? Before BHO &amp; after BHO..... #URL# ></document>
		<document> #USER# I need a REAL President!! #URL# ></document>
		<document> #USER# #USER# I prefer to send her elsewhere..... ></document>
		<document> #USER# THIS is corruption overload! #HASHTAG# ></document>
		<document> RT #USER#: America is lost. That’s how important this election was. I weep for the soul of America now. ></document>
		<document> RT #USER#: Government was always far more dangerous than Coronavirus. ></document>
		<document> RT #USER#: Sunday is a good day to spread truth. #URL# ></document>
		<document> RT #USER#: The FBI has been a broken link for years that continues to let the American people down. 💯🇺🇸 ></document>
		<document> RT #USER#: When BLM burns down Minneapolis again Is the MSM going to blame it on Qanon? ></document>
		<document> #USER# Stop the race 🐮💩, loser! ></document>
		<document> #USER# Free speech, asshat! ></document>
		<document> #USER# You are so on the wrong side. #URL# ></document>
		<document> #USER# #USER# She’s an actress. A very bad actress. #HASHTAG# ></document>
		<document> RT #USER#: Pfizer's CEO hasn't been vaccinated yet because he doesn't want to "cut in line." Who believes that BS? ></document>
		<document> RT #USER#: No, they’re not undocumented immigrants. They’re illegal aliens. ></document>
		<document> #USER# Because our side doesn’t exist in their minds. They are pure EVIL. ></document>
		<document> RT #USER#: Bill Gates, Anthony Fauci and the CDC are fanatical authoritarians who seek only to control you. ></document>
		<document> RT #USER#: Biden didn’t win the election ></document>
		<document> RT #USER#: Kids are burning face masks at the Idaho state capitol today. Freedom. 🇺🇸 ></document>
		<document> RT #USER#: BREAKING REPORT: CDC Adverse Incident Reports Identify 966 DEATHS Following Vaccination for COVID-19... ></document>
		<document> RT #USER#: Why are violent felons and illegals getting $1,400 checks? 🤔 ></document>
		<document> RT #USER#: #USER# #USER# Investigate all the democrats who are killing our country ></document>
		<document> RT #USER#: If I were sworn in as President tomorrow what is the 1st thing I should do? ></document>
		<document> #USER# Arrest those involved in #HASHTAG#!! ></document>
		<document> RT #USER#: Liberal cognitive disconnect. "You must be a racist if you're white". ></document>
		<document> RT #USER#: I 100% support a minimum wage of $15 per hour for every member of Congress. ></document>
		<document> #USER# Whoever it is, they’re a fucking commie IDIOT!! ></document>
		<document> #USER# Hard to impeach someone that’s fraudulently in office. But yes, I miss the REAL PRESIDENT!! #URL# ></document>
		<document> #USER# #USER# It was the POS’s goal. ></document>
		<document> #USER# I have a DIL just like her. And that’s not a good thing. ></document>
		<document> RT #USER#: I’m old enough to remember when gas was under $2.00/gallon under President Trump ></document>
		<document> #USER# You know. To get the commies back in control. ></document>
		<document> I miss my President!! Donald J Trump! #URL# ></document>
		<document> RT #USER#: Freedom of speech is extended only to those who hold certain views. ></document>
		<document> RT #USER#: Joe Biden is owned by CHINA. ></document>
		<document> #USER# #USER# They are worthless!! ></document>
		<document> RT #USER#: WE ALL DO! Cause that demented fraud in the oval is a total disgrace. ></document>
		<document> #USER# #USER# Keep it up. Do not pass their PORK bill!!! ></document>
		<document> #USER# #USER# It all started with BHO. I LOATHE him! ></document>
		<document> RT #USER#: The biggest lie in America is the idea of 'systemic racism' ></document>
		<document> RT #USER#: Can I sue Eric Swalwell for sleeping with a Communist Chinese Spy? ></document>
		<document> #USER# Scary isn’t it? ></document>
		<document> #USER# I have ZERO confidence in SCOTUS. ></document>
		<document> #USER# Very predictable. BTW...Trump is not gone. ></document>
		<document> #USER# Makes me puke!! ></document>
		<document> RT #USER#: I hope someone out there comes up with an idea on how you vote out an illegitimate president that wasn't voted in. ></document>
		<document> RT #USER#: Things are going to get so bad even the Dems are going to be ready for Trump to come back. ></document>
		<document> #USER# #USER# #USER# #USER# I’m truly sorry for your loss!💕 ></document>
		<document> RT #USER#: They purposely hid the numbers while #USER# was promoting his book. He profited off of Covid and our dead loved ones. ></document>
		<document> RT #USER#: A year ago, this was our last normal week and not one of us knew it ></document>
		<document> #USER# #USER# I hate them. I miss President Trump! ></document>
		<document> #USER# I do remember a kid that always had green snot. Too bad there were no allergy tests back then. ></document>
		<document> #USER# Biden is in the WH. Their mission is complete. #HASHTAG# ></document>
		<document> RT #USER#: Since Biden has taken office, gas prices and illegal border crossings are surging. I blame Biden 100%. ></document>
		<document> RT #USER#: Cuomo lied 15k senior citizens died ></document>
		<document> #USER# Pope ....blah blah blah....false prophets... IMO. ></document>
		<document> RT #USER#: I really miss Trump! 🇺🇸 ></document>
		<document> #USER# Not only GA. And WHO called to stop the counting???? ></document>
		<document> #USER# Double Standards and SCOTUS needs to get off their asses, do their job and stop the implosion of our country!!!!! ></document>
		<document> #USER# #USER# It’s criminal!! SCOTUS needs to do their fucking job and stop the implosion of America!!!! ></document>
		<document> #USER# The ones crying racism ARE the racist!! ></document>
		<document> #USER# #USER# #USER# He’s part of their agenda. ></document>
		<document> #USER# He’s a liar! ></document>
		<document> #USER# #USER# Cynthia, don’t waste your time. She’s not worth it. ></document>
		<document> #USER# It’s Memaw Ivey, she’s a little overprotective. God love her. ></document>
		<document> RT #USER#: Don’t be a Neanderthal pony soldier ></document>
		<document> RT #USER#: Where’s the invasion? ></document>
		<document> #USER# “President” Biden is dangerous!! ></document>
		<document> #USER# #USER# Of course. 🤦🏼‍♀️😂 ></document>
		<document> RT #USER#: God bless this man. What a beautiful family. ></document>
		<document> RT #USER#: We pay senators upwards of $176k annually plus benefits and they can’t even read the f’ing bills prior to voting on them? ></document>
		<document> RT #USER#: Good luck with that attitude, gal. There are probably some pedos out there looking for a sympathetic ear. ></document>
		<document> #USER# #USER# But you’re human and it’s just a dog. 🤦🏼‍♀️ ></document>
		<document> #USER# #USER# Toecutter, you’re my kinda people. ></document>
		<document> RT #USER#: #USER# Even though you judge me, call me a liar and ignorant, I wish you well. You missy, are a hypocrite. ></document>
		<document> #USER# Thanks for justifying why I prefer animals over most people. 😂 ></document>
		<document> #USER# Dems must have another “insurrection” planned. ></document>
		<document> #USER# Even though you judge me, call me a liar and ignorant, I wish you well. You missy, are a hypocrite. ></document>
		<document> RT #USER#: This says it all. #URL# ></document>
		<document> #USER# #USER# #USER# Some people suck. ></document>
		<document> #USER# I’ve said this for years. ></document>
		<document> #USER# They have nothing better to do.🤦🏼‍♀️ ></document>
		<document> #USER# #USER# This is 🐮💩 ></document>
		<document> #USER# #USER# It’s SO dangerous you have to be tested to see if you have it.🤦🏼‍♀️ ></document>
		<document> RT #USER#: The FBI is an organized crime syndicate. ></document>
		<document> #USER# He’s one of THEM! ></document>
		<document> #USER# Raise it to 21. ></document>
		<document> #USER# How the fuck can they do this? I WANT MY COUNTRY BACK!! ></document>
		<document> #USER# EVIL.....pure unadulterated EVIL! ></document>
		<document> #USER# On a scale of 1 to 10.. Ten... that there was election fraud and Cuomo is a diversion. #HASHTAG# 🇺🇸 ></document>
		<document> RT #USER#: A lot of apologies. He still hasn’t apologized to 15,000 families. ></document>
		<document> #USER# #USER# Proud to be an Alabamian!!!! Thank you #USER# ></document>
		<document> RT #USER#: More fake news to continue demonizing Trump supporters as “Terrorists.” ></document>
		<document> #USER# It’s conjured up BS. What are they deflecting from. ></document>
		<document> #USER# Who’s getting them tshirts? Biden is an embarrassment!! ></document>
		<document> #USER# Pure unadulterated EVIL. ></document>
		<document> RT #USER#: Harry made a BIG MISTAKE marrying Meghan Markle! She has been an embarrassment to the Royal Family! ></document>
		<document> RT #USER#: Texas is open. Mississippi is open. When will Ohio do the same? ></document>
		<document> RT #USER#: #USER# Translation: Target will do whatever China tells them to do ></document>
		<document> #USER# All they know how to do is LIE. ></document>
		<document> #USER# I pity you. ></document>
		<document> #USER# #USER# #USER# We have the vaccine because of President Trump. Stop being such sheep. ></document>
		<document> #USER# #USER# #USER# Bless your heart. ></document>
		<document> #USER# #USER# #USER# #USER# So you prefer to let millions die? ></document>
		<document> #USER# #USER# ...and that’s a bad thing?🤦🏼‍♀️ ></document>
		<document> RT #USER#: If Dr. Seuss wanted to #HASHTAG#, his books wouldn’t be getting canceled. ></document>
		<document> #USER# Replacing Trump with Biden is like replacing a Rolls-Royce with a unicycle. ></document>
		<document> RT #USER#: Today is March 2nd and we have a fake president because the real president had a fake vice president! ></document>
		<document> RT #USER#: Good morning to everyone except the communist Democrat party. ></document>
		<document> #USER# I like the way you think. Either way, he’s still a murderer. ></document>
		<document> RT #USER#: I want my American privileges back ></document>
		<document> #USER# EXACTLY!! What are you doing awake? What am I doing awake? 😂 ></document>
		<document> RT #USER#: One of the greatest fears in this country is that an unlicensed person will cure something deemed incurable. ></document>
		<document> RT #USER#: The mainstream media is beginning to crack, they can't hide the truth from the people any more. ></document>
		<document> RT #USER#: Now the loony Left is spelling, man - mxn? These people are dumb AF. ></document>
		<document> RT #USER#: Teaching Systemic White Racism is Systematically Racist.💯🇺🇸 ></document>
	
</author><document> #USER# Why did it take you so long? >></document>
<document> RT #USER#: Good morning sailors and hoes... we have a lot of work to do.. 😘😘😘😘😘 </document>
<document> RT #USER#: Sorry folks A 78 year old pervert with dementia won't tell me how to live my life </document>
<document> #USER# Here honey, this is for you. #URL# </document>
<document> RT #USER#: Pressed the red button.... ⚠️#HASHTAG#🤯 #URL# </document>
<document> #USER# #USER# #USER# The epitome of hate... BHO. #HASHTAG# 🤦🏼‍♀️ #URL# ></document>
<document> RT #USER#: #USER# #USER# I'm also subtracting time from that band. >></document>
<document> #USER# #USER# We want you to feel better. While our country is imploding. #URL# </document>
<document> #USER# I agree.... It's time for justice. #URL# </document>
<document> #USER# You pity me. >></document>
<document> #USER# You pity me. >></document>
<document> #USER# Bless your heart.🤦🏼‍♀️ </document>
<document> #USER# #USER# #USER# Shoo TROLL. TO BLOCK. >></document>
<document> RT #USER#: “Joe Biden has done more damage to our country in 50 days than Obama in 8 years. Let it sink. ~ #USER# ></document>
<document> #USER# The 8 years of BHO have been pretty dark. >></document>
<document>RT #USER#: This man saved the world with Operation Warp Speed ​​👇 #URL# </document>
<document> RT #USER#: RT if you will vote for President Trump in 2024 </document>
<document> #USER# #USER# #USER# Black as Satan's. >></document>
<document> #USER# Sad, right! >></document>
<document> RT #USER#: Joe Biden .... "Put your trust in the government." 😂😂😂😂 👉 (Fart sound) </document>
<document> RT #USER#: Joe Biden and whoever wrote this bullshit... they're bloody liars. >></document>
<document> #USER# I bet it's pre-registered. Edited. No question IMO </document>
<document> “Joe Biden did more damage to our country in 50 days than Obama did in 8 years. Let it sink. ~ #USER# ></document>
<document> How many think this is pre-recorded and edited?? #USER# #USER# #USER# #USER# #USER# ></document>
<document> #USER# #USER# #HASHTAG# I don't understand! My husband and I will not take it! >></document>
<document> RT #USER#: If it weren't for President Donald J Trump, there would be no vaccines. >></document>
<document> RT #USER#: OMG!!! Did he already say ANYTHING that wasn't a lie??? >></document>
<document> #USER# #USER# I'm with you honey, it hurts physically! >></document>
<document> RT #USER#: Fuck this shit. He's a piece of shit, a liar, a weakling, a bastard. >></document>
<document> RT #USER#: Joe Biden did more damage to our country in 50 days than Obama did in 8 years. Let it sink. </document>
<document> #USER# BS. "Tell the truth"? Biden wouldn't know the truth if he bit his ass. >></document>
<document> What world does Biden live in? 🤦🏼 ♀️ How embarrassing!! >></document>
<document> #USER# #USER# BUT...they'll lie about the ratings!!>></document>
<document> #USER# Oh, I'm watching and I'm about to laugh out loud. Not to HIM.... to the cheaters who put this moron in the WH. >></document>
<document> #USER# Pre-registered, for sure! >></document>
<document> #USER# Oh, I am… and I'm going to laugh out loud. Not to HIM.... to the cheaters who put this moron in the WH. >></document>
<document> #USER# I am afraid for my children and grandchildren. >></document>
<document> #USER# His leadership and love of country!! >></document>
<document> RT #USER#: The more I get to know people the more I realize why Noah only leaves animals on the boat. >></document>
<document> RT #USER#: RT if you miss President Trump, the greatest president in modern history! >></document>
<document> RT #USER#: #USER# "President Biden will take victory lap tonight"? 😂😂😂🤡🤦‍♀️ He can't even orient himself during a photo shoot. >></document>
<document> RT #USER#: So I guess we're not talking about the stolen election anymore? >></document>
<document> #USER# Talk gets us nowhere. SOMEONE has to do SOMETHING!!!!! >></document>
<document> #USER# Like Karmala and her silly laugh. >></document>
<document> #USER# This is the question with 81 million votes! >></document>
<document> RT #USER#: I still want to know who ordered the 2:30am counting of ballots to stop in multiple states at once. >></document>
<document> RT #USER#: Will you get the vaccine? >></document>
<document> #USER# Is going from Trump to Biden like going from a great white shark to a mud puppy? >></document>
<document> #USER# #USER# YES! And it's scary as hell!! >></document>
<document> RT #USER#: Wow, that's really beautiful 😭😭 </document>
<document> #USER# 9% earmarked for COVID. The rest is democratic pork BS. If you're okay with this, you're part of the problem. >></document>
<document> #USER# I'm sorry for your stupidity. #URL# </document>
<document> #USER# My goodness, you're stupid. >></document>
<document> #USER# Is the train wreck a word or two? >></document>
<document> RT #USER#: I'm old enough to remember a president who wasn't afraid to give a press conference. >></document>
<document> RT #USER#: Do you remember when there was a "pipe burst" in Georgia and they stopped counting votes? >></document>
<document> RT #USER#: #USER# Me too </document>
<document> #USER# I still want to know who stopped the vote count?? >></document>
<document> RT #USER#: Remember when we had a president who approached reporters like a damn boss 🤣🤣 #URL# </document>
<document> RT #USER#: Donald Trump never said anything mean, he only spoke brutal truths. >></document>
<document> RT #USER#: They got the save and all of a sudden.....Rona panics.... #URL# ></document>
<document> RT #USER#: Anthony Fauci, Deborah Birx and Bill Gates should all go to jail. >></document>
<document> RT #USER#: New evidence is uncovering Meghan's 'palace racism' story #URL# </document>
<document> #USER# Alwayss has... everything! >></document>
<document> #USER# Dementia Joe, she's a pawn. WHO is destroying America?? I have never missed Donald J Trump more than now!! >></document>
<document> RT #USER#: This is something I'd like to see!!! #USER# is an American great and GA legend. #URL# </document>
<document> RT #USER#: This is Joe Biden's laughingstock... #URL# ></document>
<document> #USER# Help keep kids quiet while moms are on the phone. Just a guess.... </document>
<document> RT #USER#: Biden 👇 Trump 👇 #URL# </document>
<document> RT #USER#: OMG, how did the earth survive climate change for 4.5 billion years before you idiots came along? >></document>
<document> #USER# Me! The #USER# every day! #URL# </document>
<document> RT #USER#: Who is missing besides me? #URL# </document>
<document> #USER# This is the question with 81 million votes. >></document>
<document> #USER# Bad Girl Overloaded!! >></document>
<document> #USER# Bless your heart. #URL# </document>
<document> #USER# Bless your heart.🤦🏼‍♀️ </document>
<document> #USER# Being a parent. >></document>
<document> RT #USER#: LATEST REPORT: Biden sued by 12 states over climate executive order.. </document>
<document> #USER# Because we don't have leadership. #HASHTAG# </document>
<document> #USER# His demons have finally taken hold. >></document>
<document> #USER# Yes. The boy needs to grow a pair!! >></document>
<document> RT #USER#: That Prince Harry is a real coward. I'm just saying... ></document>
<document> #USER# Weak, gold digger! >></document>
<document> #USER# #USER# My son let his wife do this to our family... the little bitch now thinks she's a profit.🤦🏼‍♀️ </document>
<document> #USER# Really? Before BHO &amp; after BHO..... #URL# </document>
<document> #USER# I need a REAL President!! #URL# </document>
<document> #USER# #USER# I'd rather send it elsewhere..... </document>
<document> #USER# THIS is corruption overload! #HASHTAG# </document>
<document> RT #USER#: America is lost. That's how important these elections were. I cry for the soul of America now. >></document>
<document> RT #USER#: Government has always been much more dangerous than the Coronavirus. >></document>
<document> RT #USER#: Sunday is a good day to spread the truth. #URL# </document>
<document> RT #USER#: The FBI has been a broken ring for years that continues to fail the American people. 💯🇺🇸 >></document>
<document> RT #USER#: When BLM Burns Minneapolis Again Will MSM Blame Qanon? >></document>
<document> #USER# Stop the run 🐮💩, loser! >></document>
<document> #USER# Free speech, asshole! >></document>
<document> #USER# You're on the wrong side. #URL# </document>
<document> #USER# #USER# She is an actress. A bad actress. #HASHTAG# </document>
<document> RT #USER#: Pfizer CEO hasn't been vaccinated yet because he doesn't want to "cut the line". Who believes that BS? >></document>
<document> RT #USER#: No, they are not undocumented immigrants. They are clandestine. >></document>
<document> #USER# Because our part doesn't exist in their minds. I am pure EVIL. >></document>
<document> RT #USER#: Bill Gates, Anthony Fauci and the CDC are fanatical authoritarians just trying to control you. >></document>
<document> RT #USER#: Biden did not win the election </document>
<document> RT #USER#: Today, children are burning masks in the Idaho state capitol. Freedom. 🇺🇸 </document>
<document> RT #USER#: BREAKING REPORT: CDC Adverse Incident Reports Identify 966 DEATHS Following Vaccination for COVID-19... </document>
<document> RT #USER#: Why are violent and underground criminals getting $1,400 checks? 🤔 >></document>
<document> RT #USER#: #USER# #USER# Investigate all the Democrats who are killing our country </document>
<document> RT #USER#: If I were sworn in as President tomorrow, what is the first thing I should do? >></document>
<document> #USER# Arrest those involved in #HASHTAG#!! >></document>
<document> RT #USER#: Liberal Cognitive Disconnection. "You must be a racist if you're white." >></document>
<document> RT #USER#: I 100% support a minimum wage of $15 an hour for every member of Congress. >></document>
<document> #USER# Whoever he is, he's a fucking IDIOT communist!! >></document>
<document> #USER# Difficult to impeach someone who is fraudulently in charge. But yeah, I miss the REAL PRESIDENT!! #URL# </document>
<document> #USER# #USER# It was the target of the POS. >></document>
<document> #USER# I have a DIL just like you. And that's not a good thing. >></document>
<document>RT #USER#: I'm old enough to remember when gasoline was under $2.00 a gallon under President Trump</document>
<document> #USER# You know. To regain control of the Communists. >></document>
<document> I miss my President!! Donald J Trump! #URL# </document>
<document> RT #USER#: Freedom of speech is extended only to those who hold certain opinions. >></document>
<document> RT #USER#: Joe Biden is owned by CHINA. >></document>
<document> #USER# #USER# They are useless!! >></document>
<document> RT #USER#: WE ALL DO IT! Because that demented fraud in the oval is a total disgrace. >></document>
<document> #USER# #USER# Keep it up. Don't pass their bill to PORK! >></document>
<document> #USER# #USER# It all started with the BHO. I HATE IT! >></document>
<document> RT #USER#: The biggest lie in America is the idea of ​​"systemic racism" </document>
<document> RT #USER#: Can I sue Eric Swalwell for sleeping with a Chinese Communist spy? >></document>
<document> #USER# Scary right? >></document>
<document> #USER# I have ZERO trust in SCOTUS. >></document>
<document> #USER# Very predictable. By the way... Trump is not gone. >></document>
<document> #USER# Makes me puke!! >></document>
<document> RT #USER#: I hope someone out there has an idea how to vote for an illegitimate president who hasn't been voted out. </document>
<document> RT #USER#: Stuffthey will get so bad that even Democrats will be ready for Trump to come back. >></document>
<document> #USER# #USER# #USER# #USER# I am truly sorry for your loss!💕 </document>
<document> RT #USER#: They purposely withheld the numbers while #USER# was promoting his book. He took advantage of Covid and our dead loved ones. >></document>
<document> RT #USER#: A year ago, this was our last normal week and none of us knew it </document>
<document> #USER# #USER# I hate them. I miss President Trump! >></document>
<document> #USER# I remember a little boy who always had green snot. Too bad there were no allergy tests back then. >></document>
<document> #USER# Biden is in the WH. Their mission is complete. #HASHTAG# </document>
<document> RT #USER#: Gas prices and illegal border crossings have been on the rise since Biden took office. I blame Biden 100%. >></document>
<document> RT #USER#: Cuomo lied: 15,000 elderly people died</document>
<document> #USER# Papa ....blah blah blah....false prophets... IMO. >></document>
<document> RT #USER#: I really miss Trump! 🇺🇸 </document>
<document> #USER# Not only GA. And WHO called to stop the count???? >></document>
<document> #USER# Double Standards and SCOTUS need to get out of their ass, do their job and stop the implosion of our country!!!!! >></document>
<document> #USER# #USER# It's criminal!! SCOTUS must do his fucking job and stop the implosion of America!!!! >></document>
<document> #USER# Those who cry out racism ARE the racists!! >></document>
<document> #USER# #USER# #USER# It's part of their agenda. >></document>
<document> #USER# He's a liar! >></document>
<document> #USER# #USER# Cynthia, don't waste your time. She's not worth it. >></document>
<document> #USER# I'm Memaw Ivey, she's a bit overprotective. God love her. >></document>
<document> RT #USER#: Don't be a Neanderthal pony soldier </document>
<document> RT #USER#: Where is the invasion? >></document>
<document> #USER# "President" Biden is dangerous!! >></document>
<document> #USER# #USER# Sure. 🤦🏼‍♀️😂 </document>
<document> RT #USER#: God bless this man. What a nice family. >></document>
<document> RT #USER#: We pay senators up to $176,000 a year plus benefits and they can't even read bills before voting on them? >></document>
<document> RT #USER#: Good luck with that attitude, girl. There are probably some pedophiles out there looking for a sympathetic ear. >></document>
<document> #USER# #USER# But you're human and it's just a dog. 🤦🏼‍♀️></document>
<document> #USER# #USER# Toecutter, you are my kind of people. >></document>
<document> RT #USER#: #USER# Even if you judge me, call me a liar and ignorant, I wish you well. Miss, you are a hypocrite. >></document>
<document> #USER# Thank you for justifying why I prefer animals to most people. 😂 >></document>
<document> #USER# The Democrats must be planning another “insurrection”. >></document>
<document> #USER# Even if you judgeme, call me a liar and ignorant, I love you. Miss, you are a hypocrite. >></document>
<document> RT #USER#: That says it all. #URL# </document>
<document> #USER# #USER# #USER# Some people suck. >></document>
<document> #USER# I've been saying this for years. >></document>
<document> #USER# They have nothing better to do.🤦🏼‍♀️ </document>
<document> #USER# #USER# This is 🐮💩 </document>
<document> #USER# #USER# It's SO dangerous that you need to be tested to see if you have it.🤦🏼‍♀️ </document>
<document> RT #USER#: The FBI is an organized crime syndicate. >></document>
<document> #USER# He's one of THEM! >></document>
<document> #USER# Increase it to 21. </document>
<document> #USER# How the fuck can they do this? I WANT MY COUNTRY BACK!! >></document>
<document> #USER# EVIL.....pure and genuine EVIL! >></document>
<document> #USER# On a scale of 1 to 10.. Ten... that there has been voter fraud and Cuomo is a diversion. #HASHTAG# 🇺🇸 </document>
<document> RT #USER#: Many apologies. He still hasn't apologized to 15,000 families. >></document>
<document> #USER# #USER# Proud to be an Alabamian!!!! Thanks #USER# </document>
<document> RT #USER#: More fake news to continue demonizing Trump supporters as "terrorists". >></document>
<document> #USER# Summoned BS. What are they deviating from. >></document>
<document> #USER# Who gets the shirts? Biden is an embarrassment!! >></document>
<document> #USER# MALE pure and genuine. >></document>
<document> RT #USER#: Harry made a BIG MISTAKE by marrying Meghan Markle! She was an embarrassment to the royal family! >></document>
<document> RT #USER#: Texas is open. Mississippi is open. When will Ohio do the same? >></document>
<document> RT #USER#: #USER# Translation: Target will do whatever China tells them to do </document>
<document> #USER# All they know how to do is LIE. >></document>
<document> #USER# You pity me. >></document>
<document> #USER# #USER# #USER# We have the vaccine thanks to President Trump. Stop being such a sheep. >></document>
<document> #USER# #USER# #USER# Bless your heart. >></document>
<document> #USER# #USER# #USER# #USER# So you'd rather let millions of people die? >></document>
<document> #USER# #USER# ...is that a bad thing?🤦🏼‍♀️ </document>
<document> RT #USER#: If Dr. Seuss wanted to #HASHTAG#, his books would not be deleted. >></document>
<document> #USER# Replacing Trump with Biden is like replacing a Rolls-Royce with a unicycle. >></document>
<document> RT #USER#: Today is March 2nd and we have a fake president because the real president had a fake VP! >></document>
<document> RT #USER#: Good morning everyone except the Communist Democratic Party. >></document>
<document> #USER# I like your way of thinking. Either way, he's still a killer. >></document>
<document> RT #USER#: I want my American privileges back</document>
<document> #USER# EXACTLY!! What are you doing awake? What am I doing when I'm awakeAnd? 😂 >></document>
<document> RT #USER#: One of the biggest fears in this country is that an unlicensed person will cure something deemed incurable. >></document>
<document> RT #USER#: The mainstream media is starting to crack, they can no longer hide the truth from people. >></document>
<document> RT #USER#: Now the crazy left writes, man - mxn? These people are dumb AF. >></document>
<document> RT #USER#: Teaching systemic white racism is systematically racist.💯🇺🇸 </document>

</author><Document> #USER# Why did it take you so long? ></document>
<document> RT #USER#: Good morning sailors and hoes... we have a lot to do... 😘😘😘😘😘 ></document>
<document> RT #USER#: Sorry folks, a 78 year old pervert with dementia isn't going to tell me how to live my life ></document>
<Document> #USER# Here dear, this is for you. #URL# ></document>
<document> RT #USER#: He pressed the red button... ⚠️#HASHTAG#🤯 #URL# ></document>
<Document> #USER# #USER# #USER# The epitome of hate... BHO. #HASHTAG# 🤦🏼‍♀️ #URL# ></document>
<document> RT #USER#: #USER# #USER# I take my time from this band too. ></document>
<document> #USER# #USER# We want to make you feel better. As our country implodes. #URL# ></document>
<document> #USER# I agree.... It's time for justice. #URL# ></document>
<Document> #USER# I'm sorry. ></document>
<Document> #USER# I'm sorry. ></document>
<document> #USER# Bless your heart.🤦🏼‍♀️ ></document>
<Document> #USER# #USER# #USER# Shoot TROLL. BLOCK. ></document>
<Document> RT #USER#: “Joe Biden has done more damage to our country in 50 days than Obama has done in 8 years. Let that sink." ~ #USER# ></document>
<document> #USER# The 8 years of BHO were pretty dark. ></document>
<document> RT #USER#: This man saved the world with Operation Warp Speed ​​👇 #URL# ></document>
<Document> RT #USER#: RT if you voted for President Trump in 2024 ></Document>
<Document> #USER# #USER# #USER# Black as Satan. ></document>
<Document> #USER# Sad, isn't it! ></document>
<Document> RT #USER#: Joe Biden... "Trust the government." 😂😂😂😂 👉 (fart sound) ></document>
<Document> RT #USER#: Joe Biden and whoever wrote this crap... are fucking liars. ></document>
<Document> #USER# I bet it's pre-recorded. Processed. No questions IMO ></document>
<Document> “Joe Biden has done more damage to our country in 50 days than Obama has done in 8 years. Let that sink." ~ #USER# ></document>
<Document> How many think this was pre-recorded and edited? #USER# #USER# #USER# #USER# #USER# ></document>
<Document> #USER# #USER# #HASHTAG# I just don't get it! My husband and I will not take it! ></document>
<Document> RT #USER#: Without President Donald J. Trump, there would be no vaccines. ></document>
<Document> RT #USER#: OMG!!! Has he already said SOMETHING that wasn't a lie??? ></document>
<Document> #USER# #USER# I'm with you honey he's making me physically sick! ></document>
<Document> RT #USER#: Fuck that shit. He's a piece of shit, lying, weak, bastard. ></document>
<Document> RT #USER#: Joe Biden has done more damage to our country in 50 days than Obama has done in 8 years. Let that sink in. ></document>
<document> #USER# OS. "Say the truth"? Biden wouldn't know the truth if it bit his ass. ></document>
<Document> What world does Biden live in? 🤦🏼‍♀️ What an embarrassment!! ></document>
<document> #USER# #USER# BUT...they will lie about the reviews!!></document>
<document> #USER# Oh, I'm watching and I'm going to die laughing. Not with HIM... with the scammers who put that idiot in the WH. ></document>
<Document> #USER# Definitely pre-recorded! ></document>
<document> #USER# Oh, that's me... and I'm going to die laughing. Not with HIM... with the scammers who put that idiot in the WH. ></document>
<Document> #USER# I am afraid for my children and grandchildren. ></document>
<Document> #USER# His guidance and love for the fatherland!! ></document>
<document> RT #USER#: The more I get to know the people, the more I understand why Noah only lets animals on the boat. ></document>
<Document> RT #USER#: RT if you miss President Trump, the greatest President in modern history! ></document>
<Document> RT #USER#: #USER# "President Biden will do a lap of honor tonight"? 😂😂😂🤡🤦 ♀️ He doesn't even find his way around a photo session. ></document>
<Document> RT #USER#: So we're not talking about the stolen elections anymore? ></document>
<document> #USER# Talk doesn't get us anywhere. SOMEBODY has to do SOMETHING!!!!! ></document>
<document> #USER# Like Karmala and her stupid laugh. ></document>
<document> #USER# This is the 81 million votes question! ></document>
<Document> RT #USER#: I still want to know who ordered the ballot count to stop at 2:30 am in several states at once. ></document>
<Document> RT #USER#: Are you getting the vaccine? ></document>
<document> #USER# Switching from Trump to Biden is like switching from a great white shark to a mud pup? ></document>
<Document> #USER# #USER# YES! And it's creepy as hell!! ></document>
<document> RT #USER#: Wow, that's really nice 😭😭 ></document>
<Document> #USER# 9% earmarked for COVID. The rest is BS Democratic pork. If you're okay with that, YOU're part of the problem. ></document>
<document> #USER# I'm sorry for your stupidity. #URL# ></document>
<Document> #USER# My goodness, you are stupid. ></document>
<document> #USER# Is train wreck a word or two? ></document>
<Document> RT #USER#: I'm old enough to remember a President who wasn't afraid of a press conference. ></document>
<document> RT #USER#: Remember when there was a "pipe burst" in Georgia and they stopped counting the votes? ></document>
<document> RT #USER#: #USER# Me too ></document>
<document> #USER# I still want to know who stopped the vote count?? ></document>
<document> RT #USER#: Remember when we had a president who approached reporters like a fucking boss 🤣🤣 #URL# ></document>
<Document> RT #USER#: Donald Trump never said anything mean, he just spoke the brutal truth. ></document>
<document> RT #USER#: They got their rescue and all of a sudden.....Rona's panic broke out.... #URL# ></document>
<Document> RT #USER#: Anthony Fauci, Deborah Birx and Bill Gates all belong in prison. ></document>
<Document> RT #USER#: New evidence unravels Meghan's Palace Racism story #URL# ></document>
<Document> #USER# He Alwayss has ... about everything! ></document>
<Document> #USER# Dementia Joe, is a farmer. WHO is Destroying America? I've never missed Donald J. Trump more than now!! ></document>
<Document> RT #USER#: That's something I'd like to see!!! #USER# is a great American and a GA legend. #URL# ></document>
<document> RT #USER#: Here's what a joke Joe Biden is... #URL# ></document>
<document> #USER# Helps keep the kids quiet while moms are on the phone. Just a guess.... ></document>
<Document> RT #USER#: Biden 👇 Trump 👇 #URL# ></document>
<document> RT #USER#: OMG, how did the earth survive the change in weather for 4.5 billion years before you idiots show up? ></document>
<Document> #USER# Me! I#USER# him every day! #URL# ></document>
<Document> RT #USER#: Who else misses him but me? #URL# ></document>
<Document> #USER# This is the 81 million votes question. ></document>
<document> #USER# Mean Girl Overload!! ></document>
<Document> #USER# Bless your heart. #URL# ></document>
<document> #USER# Bless your heart.🤦🏼‍♀️ ></document>
<Document> #USER# Be a parent. ></document>
<Document> RT #USER#: BREAKING REPORT: Biden sued by 12 states over climate executive order.. ></document>
<document> #USER# Because we have no leadership. #HASHTAG# ></document>
<document> #USER# His demons have finally taken hold. ></document>
<Document> #USER# Yes. The boy needs to grow a pair!! ></document>
<Document> RT #USER#: This guy from Prince Harry is a real pussy. Just say... ></document>
<Document> #USER# Weak, gold diggers! ></document>
<document> #USER# #USER# My son allowed his wife to do this to our family... the little bitch now thinks she's an asset.🤦🏼‍♀️ ></document>
<Document> #USER# Really? Before BHO &amp; after BHO..... #URL# ></document>
<Document> #USER# I need a REAL President!! #URL# ></document>
<document> #USER# #USER# I'd rather send them somewhere else..... ></document>
<Document> #USER# THIS is corruption overload! #HASHTAG# ></document>
<Document> RT #USER#: America is lost. That choice was so important. I weep now for the soul of America. ></document>
<Document> RT #USER#: Government has always been far more dangerous than the coronavirus. ></document>
<Document> RT #USER#: Sunday is a good day to spread the truth. #URL# ></document>
<Document> RT #USER#: The FBI has been a broken link for years that continues to fail the American people. 💯🇺🇸 ></Document>
<Document> RT #USER#: If BLM burns Minneapolis down again, will the MSM blame Qanon? ></document>
<Document> #USER# Complete the race 🐮💩, loser! ></document>
<Document> #USER# Freedom of speech, asshole! ></document>
<document> #USER# You are so on the wrong page. #URL# ></document>
<Document> #USER# #USER# She is an actress. A very bad actress. #HASHTAG# ></document>
<document> RT #USER#: Pfizer's CEO hasn't been vaccinated yet because he doesn't want to "fit in". Who believes the BS? ></document>
<document> RT #USER#: No, these are not undocumented immigrants. They are illegal aliens. ></document>
<document> #USER# Because our page doesn't exist in their minds. They are pure EVIL. ></document>
<Document> RT #USER#: Bill Gates, Anthony Fauci and the CDC are fanatical authoritarians just trying to control you. ></document>
<Document> RT #USER#: Biden didn't win the election ></Document>
<Document> RT #USER#: Children burn face masks at the Idaho State Capitol today. Freedom. 🇺🇸 ></Document>
<Document> RT #USER#: BREAKING REPORT: CDC Adverse Event Reports identify 966 DEATHS after vaccination against COVID-19... ></document>
<Document> RT #USER#: Why Do Violent Criminals and Illegals Get $1,400 in Checks? 🤔 ></document>
<Document> RT #USER#: #USER# #USER# Investigate all the Democrats killing our country ></document>
<Document> RT #USER#: If I were to be sworn in as President tomorrow, what's the first thing I should do? ></document>
<Document> #USER# Arrest of those involved in #HASHTAG#!! ></document>
<Document> RT #USER#: Liberal Cognitive Separation. "You must be a racist if you're white". ></document>
<Document> RT #USER#: I 100% support a minimum wage of $15 an hour for every member of Congress. ></document>
<document> #USER# Whoever it is, he's a fucking communist IDIOT!! ></document>
<Document> #USER# It is difficult to charge someone who is in office with fraudulent intent. But yes, I miss the REAL PRESIDENT!! #URL# ></document>
<Document> #USER# #USER# It was the target of the POS. ></document>
<document> #USER# I have a DIL just like you. And that is not good. ></document>
<document> RT #USER#: I'm old enough to remember when gas was under $2.00/gallon under President Trump ></document>
<Document> #USER# You know. To get the commies back under control. ></document>
<document> I miss my President!! Donald J Trump! #URL# ></document>
<Document> RT #USER#: Freedom of expression only applies to those who hold certain views. ></document>
<Document> RT #USER#: Joe Biden owns CHINA. ></document>
<Document> #USER# #USER# You are worthless!! ></document>
<Document> RT #USER#: WE ALL DO! Because this insane scam at the Oval is an absolute disgrace. ></document>
<Document> #USER# #USER# Keep it up. Don't hand over your pork bill! ! ! ></document>
<document> #USER# #USER# It all started with BHO. I ABSOLUTE him! ></document>
<document> RT #USER#: The biggest lie in America is the idea of ​​"systemic racism" ></document>
<Document> RT #USER#: Can I sue Eric Swalwell for sleeping with a Chinese communist spy? ></document>
<Document> #USER# Creepy, isn't it? ></document>
<document> #USER# I have ZERO confidence in SCOTUS. ></document>
<document> #USER# Very predictable. By the way... Trump is not gone. ></document>
<Document> #USER# Makes me puke!! ></document>
<document> RT #USER#: I'm hoping someone out there has an idea on how to vote out an illegitimate president who wasn't elected. ></document>
<Document> RT #USER#: Thingsget so bad that even the Democrats will be prepared for Trump to come back. ></document>
<document> #USER# #USER# #USER# #USER# I'm really sorry for your loss!💕 ></document>
<document> RT #USER#: You intentionally hid the numbers while #USER# was promoting his book. He benefited from Covid and our dead loved ones. ></document>
<document> RT #USER#: A year ago this was our last normal week and none of us knew it ></document>
<Document> #USER# #USER# I hate her. I miss President Trump! ></document>
<document> #USER# I remember a kid who always had green snot. Too bad there were no allergy tests back then. ></document>
<Document> #USER# Biden is in the WH. Your mission is complete. #HASHTAG# ></document>
<Document> RT #USER#: Since Biden took office, gas prices and illegal border crossings have soared. I blame Biden 100%. ></document>
<Document> RT #USER#: Cuomo lied that 15,000 seniors died ></Document>
<Document> #USER# Pope....blah blah blah....false prophets...IMO. ></document>
<Document> RT #USER#: I really miss Trump! 🇺🇸 ></Document>
<Document> #USER# Not only GA. And WHO called to stop the count???? ></document>
<document> #USER# Double Standards and SCOTUS need to get off their asses, do their job and stop the implosion of our country!!!!! ></document>
<Document> #USER# #USER# It's criminal!! SCOTUS needs to do their damn job and stop the implosion of America!!!! ></document>
<Document> #USER# Those who shout racism ARE the racists!! ></document>
<Document> #USER# #USER# #USER# He's on their agenda. ></document>
<Document> #USER# He's a liar! ></document>
<document> #USER# #USER# Cynthia, don't waste your time. She is not worth it. ></document>
<Document> #USER# It's Memaw Ivey, she's a little overprotective. God loves her. ></document>
<document> RT #USER#: Don't be a Neanderthal pony soldier ></document>
<Document> RT #USER#: Where is the invasion? ></document>
<Document> #USER# "President" Biden is dangerous!! ></document>
<Document> #USER# #USER# Of course. 🤦🏼‍♀️😂 ></document>
<Document> RT #USER#: God bless this man. What a lovely family. ></document>
<Document> RT #USER#: We pay senators over $176,000 a year plus perks and they can't even read the damn bills before voting on them? ></document>
<Document> RT #USER#: Good luck with that attitude, lass. There are probably some pedos out there looking for a sympathetic ear. ></document>
<document> #USER# #USER# But you're a human and it's just a dog. 🤦🏼‍♀️ ></document>
<document> #USER# #USER# Toecutter, you are my people. ></document>
<Document> RT #USER#: #USER# Even if you judge me, call me a liar and an ignoramus, I wish you well. You missy, you're a hypocrite. ></document>
<document> #USER# Thanks for explaining why I prefer animals to most people. 😂 ></Document>
<document> #USER# Dems must have planned another "insurgency". ></document>
<Document> #USER# Even if you judgeme, call me a liar and an ignoramus, I wish you the best. You missy, you're a hypocrite. ></document>
<Document> RT #USER#: That says it all. #URL# ></document>
<document> #USER# #USER# #USER# Some people suck. ></document>
<Document> #USER# I've been saying that for years. ></document>
<document> #USER# You have nothing better to do.🤦🏼‍♀️ ></document>
<Document> #USER# #USER# This is 🐮💩 ></document>
<document> #USER# #USER# It's SO dangerous you need to be tested to see if you have it.🤦🏼‍♀️ ></document>
<Document> RT #USER#: The FBI is an organized crime syndicate. ></document>
<Document> #USER# He's one of THEM! ></document>
<document> #USER# Increase it to 21. ></document>
<Document> #USER# How the hell can they do that? I WANT MY COUNTRY BACK!! ></document>
<Document> #USER# EVIL.....pure unadulterated EVIL! ></document>
<Document> #USER# On a scale of 1 to 10... Ten... that there was voter fraud and Cuomo is a red herring. #HASHTAG# 🇺🇸 ></document>
<Document> RT #USER#: Many apologies. He still hasn't apologized to 15,000 families. ></document>
<document> #USER# #USER# Proud to be an Alabama!!!! Thank you, #USER# ></document>
<Document> RT #USER#: More fake news to continue to demonize Trump supporters as "terrorists". ></document>
<document> #USER# It is summoned OS. What are they distracting from? ></document>
<document> #USER# Who gets the t-shirts? Biden is a disgrace!! ></document>
<Document> #USER# Pure, unadulterated EVIL. ></document>
<Document> RT #USER#: Harry made a HUGE MISTAKE marrying Meghan Markle! She was an embarrassment to the royal family! ></document>
<Document> RT #USER#: Texas is open. Mississippi is open. When will Ohio do the same? ></document>
<document> RT #USER#: #USER# Translation: The target will do whatever China tells it ></document>
<document> #USER# All they know how to do is LIE. ></document>
<Document> #USER# I'm sorry. ></document>
<Document> #USER# #USER# #USER# We have the vaccine because of President Trump. Stop being such sheep. ></document>
<Document> #USER# #USER# #USER# Bless your heart. ></document>
<document> #USER# #USER# #USER# #USER# So you'd rather let millions die? ></document>
<document> #USER# #USER# ...and that's a bad thing?🤦🏼‍♀️ ></document>
<Document> RT #USER#: If Dr. Seuss wanted to #HASHTAG# his books would not be cancelled. ></document>
<document> #USER# Replacing Trump with Biden is like replacing a Rolls-Royce with a unicycle. ></document>
<Document> RT #USER#: Today is March 2nd and we have a fake President because the real President had a fake Vice President! ></document>
<Document> RT #USER#: Good morning to everyone except the Communist Democratic Party. ></document>
<document> #USER# I like the way you think. Anyway, he's still a killer. ></document>
<document> RT #USER#: I want my American privileges back ></document>
<Document> #USER# EXACTLY!! Why are you awake? What am I doing awakee? 😂 ></Document>
<Document> RT #USER#: One of the biggest fears in this country is that an unlicensed person will cure what is considered incurable. ></document>
<Document> RT #USER#: The mainstream media is starting to crack, they can no longer hide the truth from the people. ></document>
<Document> RT #USER#: Now the mad left man spells - mxn? These people are stupid AF. ></document>
<document> RT #USER#: Teaching systemic white racism is systematically racist.💯🇺🇸 ></document>

</author><document> #USER# Why did it take so long? ></ document>
<document> RT #USER#: Good morning sailors and bitches...we have a lot of work to do.. 😘😘😘😘😘 ></document>
<document> RT #USER#: Sorry guys a 78 year old dementia pervert won't tell me how to live my life ></document>
<document> #USER# Here it is honey, this is for you. #URL# ></ document>
<document> RT #USER#: Pressed the red button... ⚠️#HASHTAG#🤯 #URL# ></document>
<document> #USER# #USER# #USER# The essence of hate... BHO. #HASHTAG# 🤦🏼‍♀️ #URL# ></ document>
<document> RT #USER#: #USER# #USER# I also get time from that group. ></ document>
<document> #USER# #USER# We want you to feel better. Our country is exploding. #URL# ></ document>
<document> #USER# I agree.... It's time for justice. #URL# ></ document>
<document> #USER# I feel sorry for you. ></ document>
<document> #USER# I feel sorry for you. ></ document>
<document> #USER# Bless your heart.🤦🏼‍♀️ ></document>
<document> #USER# #USER# #USER# Hit TROLL. TO OBSTRUCT. ></ document>
<document> RT #USER#: “Joe Biden did more damage to our country in 50 days than Obama did in 8 years. Let it sink." ~ #USER# ></ document>
<document> The 8 years of #USER# BHO were pretty dark. ></ document>
<document> RT #USER#: This man saved the World with Warp Speed ​​👇 #URL# ></document>
<document> RT #USER#: RT if you're going to vote for President Trump in 2024 ></document>
<document> #USER# #USER# #USER# Black as the devil. ></ document>
<document> #USER# What a pity, right! ></ document>
<document> RT #USER#: Joe Biden .... "Trust the government." 😂😂😂😂 👉 (farting sound) ></ document>
<document> RT #USER#: Joe Biden and whoever wrote this crap.... damn liars. ></ document>
<document> #USER# I bet it's pre-recorded. Edited. No question IMO ></document>
<document> “Joe Biden has done more damage to our country in 50 days than Obama did in 8 years. Let it sink." ~ #USER# ></ document>
<document> How many people think this is pre-recorded and edited? #USER# #USER# #USER# #USER# #USER# ></document>
<document> #USER# #USER# #HASHTAG# I don't understand! My husband and I will not take it! ></ document>
<document> RT #USER#: There would be no vaccine without President Donald J. Trump. ></ document>
<document> RT #USER#: Oh my God!!! Did he say ANYTHING that wasn't a lie yet??? ></ document>
<document> #USER# #USER# I'm with you honey, It's making me physically sick! ></ document>
<document> RT #USER#: Fuck it. He's a piece of shit, a liar, weak, bastard. ></ document>
<document> RT #USER#: Joe Biden has done more damage to our country in 50 days than Obama did in 8 years. Let this be understood. ></ document>
<document> #USER# BS. "Tell the truth"? Biden wouldn't know the truth if he bit his ass. ></ document>
<document> What world does Biden live in? 🤦🏼‍♀️ What a shame!! ></ document>
<document> #USER# #USER# BUT...they will lie about the ratings!!></ document>
<document> #USER# Oh, I'm watching and I'm going to laugh my ass off. Not him... the crooks who put this idiot in the White House. ></ document>
<document> #USER# Definitely pre-recorded! ></ document>
<document> #USER# Oh, I am... and I'm going to laugh my ass off. Not him... the crooks who put this idiot in the White House. ></ document>
<document> #USER# I'm afraid for my children and grandchildren. ></ document>
<document> #USER# Leadership and patriotism!! ></ document>
<document> RT #USER#: The more I get to know the people, the better I understand why Noah only allows animals on the boat. ></ document>
<document> RT #USER#: RT if you miss President Trump, the greatest President in Modern History! ></ document>
<document> RT #USER#: #USER# Is "President Biden going on a victory lap tonight"? 😂😂😂🤡🤦‍♀️ He can't even find his way around the photo shoot. ></ document>
<document> RT #USER#: I guess we're not talking about stolen selections anymore? ></ document>
<document> #USER# Talking gets us nowhere. SOMEONE NEEDS TO DO SOMETHING!!!!! ></ document>
<document> #USER# Like Karmala and her stupid smile. ></ document>
<document> #USER# Here's the question with 81 million votes! ></ document>
<document> RT #USER#: I still want to know who ordered the ballot counting to be stopped at 2:30 am in several states at the same time. ></ document>
<document> RT #USER#: Are you going to get vaccinated? ></ document>
<document> #USER# Going from Trump to Biden is like going from Great white shark to mud dog? ></ document>
<document> #USER# #USER# YES! And scary as hell!! ></ document>
<document> RT #USER#: Wow this is really nice 😭😭 ></document>
<document> #USER# 9% reserved for COVID. The rest is BS Democratic pork. If that's okay, YOU are part of the problem. ></ document>
<document> I pity your #USER# stupidity. #URL# ></ document>
<document> #USER# Shame on you, you're stupid. ></ document>
<document> #USER# Train wreck one word or two words? ></ document>
<document> RT #USER#: I'm old enough to remember a President who is not afraid to get tired of holding a press conference. ></ document>
<document> RT #USER#: Remember when there was a "pipe burst" in Georgia and they stopped counting the votes? ></ document>
<document> RT #USER#: #USER# Me too ></document>
<document> #USER# I still want to know who stopped the vote count? ></ document>
<document> RT #USER#: Remember when we had a President who went to reporters like a fucking Boss 🤣🤣 #URL# ></document>
<document> RT #USER#: Donald Trump never said anything bad, he just said the brutal truth. ></ document>
<document> RT #USER#: They got the recovery packages and all of a sudden......Rona panic started... #URL# ></document>
<document> RT #USER#: Anthony Fauci, Deborah Birx, and Bill Gates all belong to the prison. ></ document>
<document> RT #USER#: New evidence emerges illuminating Meghan's 'Palace racism' story #URL# ></document>
<document> #USER# O Alwayss are...about everything! ></ document>
<document> #USER# Dementia Joe is a pawn. WHO is destroying America? I have never missed Donald J Trump so much!! ></ document>
<document> RT #USER#: This is something I want to see!!! #USER# is a great American and a GA legend. #URL# ></ document>
<document> RT #USER#: Joe Biden is a joke... #URL# ></document>
<document> #USER# Helps kids stay quiet when moms are on their phones. Just a guess.... ></document>
<document> RT #USER#: Biden 👇 Trump 👇 #URL# ></document>
<document> RT #USER#: Oh my God, how did Earth survive 4.5 billion years of changing weather conditions before you idiots came along? ></ document>
<document> #USER# Me! I #USE it everyday! #URL# ></ document>
<document> RT #USER#: Who misses him but me? #URL# ></ document>
<document> #USER# That's the question with 81 million votes. ></ document>
<document> #USER# Bad girl overload!! ></ document>
<document> #USER# Bless your heart. #URL# ></ document>
<document> #USER# Bless your heart.🤦🏼‍♀️ ></document>
<document> #USER# Being a parent. ></ document>
<document> RT #USER#: LAST MINUTE REPORT: Biden Sued by 12 State Climate Administrative Decrees. ></document>
<document> #USER# Because we have no leadership. #HAHTAG# ></ document>
<document> #USER# Demons finally got it. ></ document>
<document> #USER# Yes. The child needs to raise a couple!! ></ document>
<document> RT #USER#: That Prince Harry guy is a total coward. I'm just saying... ></ document>
<document> #USER# Weak, gold digger! ></ document>
<document> #USER# #USER# My son let his wife do this to our family... the little bitch thinks she's making a profit now.🤦🏼‍♀️ ></document>
<document> #USER# Really? BHO &amp; After BHO..... #URL# ></document>
<document> #USER# I need a REAL President!! #URL# ></ document>
<document> #USER# #USER# I prefer to send it elsewhere..... ></document>
<document> #USER# THIS is extreme corruption! #HAHTAG# ></ document>
<document> RT #USER#: America is lost. That's how important this election was. Now I cry for the soul of America. ></ document>
<document> RT #USER#: The government has always been far more dangerous than the Coronavirus. ></ document>
<document> RT #USER#: Sunday is a good day to spread the truth. #URL# ></ document>
<document> RT #USER#: The FBI has been a broken link that continues to disappoint the American public for years. 💯🇺🇸 ></ document>
<document> RT #USER#: When BLM burns Minneapolis again, will MSM blame Qanon for it? ></ document>
<document> #USER# Stop the race 🐮💩, loser! ></ document>
<document> #USER# Freedom of speech, scum! ></ document>
<document> #USER# You're on the wrong side. #URL# ></ document>
<document> #USER# #USER# She's an actress. very bad actress. #HAHTAG# ></ document>
<document> RT #USER#: No vaccine yet, as Pfizer's CEO doesn't want to "stand in line". Who believes in BS? ></ document>
<document> RT #USER#: No, they are not undocumented immigrants. They are illegal aliens. ></ document>
<document> #USER# Because they don't have our side in mind. They are pure BAD. ></ document>
<document> RT #USER#: Bill Gates, Anthony Fauci, and CDC are fanatical authoritarians just trying to control you. ></ document>
<document> RT #USER#: Biden did not win the election ></document>
<document> RT #USER#: Children burn face masks in the Idaho state capitol today. Freedom. 🇺🇸 ></ document>
<document> RT #USER#: LATEST REPORT: CDC Adverse Event Reports Identify 966 DEATHS Following COVID-19 Vaccine... ></document>
<document> RT #USER#: Why do violent criminals and vigilantes get $1,400 checks? 🤔 ></ document>
<document> RT #USER#: #USER# #USER# Research all the democrats who murdered our country ></document>
<document> RT #USER#: If I'm sworn in as President tomorrow, what's the first thing I should do? ></ document>
<document> Arrest those involved in #USER# #HASHTAG#!! ></ document>
<document> RT #USER#: Liberal cognitive disconnect. "If you are white you must be racist". ></ document>
<document> RT #USER#: I 100% support the minimum wage of $15 per hour for each member of Congress. ></ document>
<document> #USER# Whoever they are, they're a fucking communist IDIOT!! ></ document>
<document> #USER# It's hard to fire someone who's been in office through fraud. But yes, I miss the REAL PRESIDENT!! #URL# ></ document>
<document> #USER# #USER# That was the target of the POS. ></ document>
<document> #USER# I have a DIL just like it. And that's not a good thing. ></ document>
<document> RT #USER#: I'm old enough to remember when gas was under $2.00 per gallon under President Trump ></document>
<document> #USER# You know. To get the busboys back under control. ></ document>
<document> I miss my president!! Donald J Trump! #URL# ></ document>
<document> RT #USER#: Freedom of expression is extended only to those with certain views. ></ document>
<document> RT #USER#: Joe Biden is owned by CHINA. ></ document>
<document> #USER# #USER# They are worthless!! ></ document>
<document> RT #USER#: WE ALL DO! Because that crazy fraud in the oval is a disgrace. ></ document>
<document> #USER# #USER# Continue like this. Don't pass the PORK bills! ></ document>
<document> #USER# #USER# It all started with BHO. I HATE him! ></ document>
<document> RT #USER#: The biggest lie in America is the idea of ​​'systemic racism' ></document>
<document> RT #USER#: Can I sue Eric Swalwell for sleeping with a Chinese Communist Spy? ></ document>
<document> #USER# Isn't it scary? ></ document>
<document> I have ZERO trust in #USER# SCOTUS. ></ document>
<document> #USER# Pretty predictable. BTW...Trump didn't go. ></ document>
<document> #USER# It's making me vomit!! ></ document>
<document> RT #USER#: I hope someone will come up with an idea on how to disable an illegitimate president without a vote. ></document>
<document> RT #USER#: StuffThey're going to get so bad that even Democrats will be ready for Trump's return. ></ document>
<document> #USER# #USER# #USER# #USER# I'm really sorry for your loss!💕 ></document>
<document> RT #USER#: They deliberately withheld the numbers while promoting their #USER# book. He profited from Covid and our deceased loved ones. ></ document>
<document> RT #USER#: A year ago, this was our last regular week and none of us knew it ></document>
<document> #USER# #USER# I hate them. I miss President Trump! ></ document>
<document> #USER# I always remember a kid with green snot. Too bad there wasn't an allergy test back then. ></ document>
<document> #USER# Biden is in the White House. Their mission is completed. #HAHTAG# ></ document>
<document> RT #USER#: Gas prices and illegal border crossings have skyrocketed since Biden took office. I blame Biden 100%. ></ document>
<document> RT #USER#: Cuomo lied 15,000 old people died ></document>
<document> #USER# Pope ....blah blah blah...false prophets... IMO. ></ document>
<document> RT #USER#: I really miss Trump! 🇺🇸 ></ document>
<document> #USER# Not just GA. And WHO called to stop the count???? ></ document>
<document> #USER# Double Standards and SCOTUS need to get their asses done and stop our country from collapsing inside!!!!! ></ document>
<document> #USER# #USER# This is a crime!! SCOTUS must do its job and stop America's explosion!!!! ></ document>
<document> #USER# Those who shout racism are racists!! ></ document>
<document> Part of #USER# #USER# #USER# Agendas. ></ document>
<document> #USER# He's a liar! ></ document>
<document> #USER# #USER# Cynthia, don't waste your time. He's not worth it. ></ document>
<document> #USER# I'm Memaw Ivey, a little overprotective. God loves it. ></ document>
<document> RT #USER#: Don't be a Neanderthal pony soldier ></document>
<document> RT #USER#: Where is the invasion? ></ document>
<document> #USER# "President" Biden is dangerous!! ></ document>
<document> #USER# #USER# Of course. 🤦🏼‍♀️😂 ></ document>
<document> RT #USER#: God bless this man. What a beautiful family. ></ document>
<document> RT #USER#: We pay senators more than $176,000 a year plus benefits and they can't even read the bills before they vote? ></ document>
<document> RT #USER#: Good luck with that attitude, girl. There are probably some pedos looking for a sympathetic ear. ></ document>
<document> #USER# #USER# But you are a human and he is just a dog. 🤦🏼‍♀️ ></ document>
<document> #USER# #USER# Toecutter, you are my kind of people. ></ document>
<document> RT #USER#: #USER# Even if you judge me or call me a liar and ignorant, I wish you well. Ma'am, you are a hypocrite. ></ document>
<document> #USER# Thanks for explaining why I prefer animals over most people. 😂 ></ document>
<document> #USER# Brems must have planned another "uprising". ></ document>
<document> #USER# Even if you judgeI, call me liar and ignorant, I wish you well. Ma'am, you are a hypocrite. ></ document>
<document> RT #USER#: That says it all. #URL# ></ document>
<document> #USER# #USER# #USER# Some people suck. ></ document>
<document> #USER# I've been saying this for years. ></ document>
<document> #USER# They have nothing better to do.🤦🏼‍♀️ ></document>
<document> #USER# #USER# This is 🐮💩 ></document>
<document> #USER# #USER# It's so dangerous that you need to be tested to see if you have it.🤦🏼‍♀️ ></document>
<document> RT #USER#: The FBI is an organized crime syndicate. ></ document>
<document> #USER# HE IS ONE OF THEM! ></ document>
<document> Upgrade to #USER# 21. ></document>
<document> #USER# How can they do this? I WANT MY COUNTRY BACK!! ></ document>
<document> #USER# BAD.....pure pure BAD! ></ document>
<document> #USER# on a scale of 1 to 10.. Ten... that it's a selection gimmick and Cuomo is a distraction. #HASHTAG# 🇺🇸 ></ document>
<document> RT #USER#: I'm so sorry. It still hasn't apologized to 15,000 families. ></ document>
<document> #USER# #USER# I'm proud to be from Alabama!!!! Thanks #USER# ></document>
<document> RT #USER#: More fake news to continue demonizing Trump supporters as "Terrorists". ></ document>
<document> #USER# invoked BS. What are they deviating from? ></ document>
<document> #USER# Who buys them t-shirts? Biden is a disgrace!! ></ document>
<document> #USER# Pure, sheer BAD. ></ document>
<document> RT #USER#: Harry made a BIG MISTAKE marrying Meghan Markle! It was an embarrassment to the Royal Family! ></ document>
<document> RT #USER#: Texas opened. Mississippi is open. When will Ohio do the same? ></ document>
<document> RT #USER#: #USER# Translation: The target will do whatever China tells them ></document>
<document> #USER# The only thing they know how to do is lie. ></ document>
<document> #USER# I feel sorry for you. ></ document>
<document> #USER# #USER# #USER# Thanks to President Trump, we have a vaccine. Stop being such a sheep. ></ document>
<document> #USER# #USER# #USER# Bless your heart. ></ document>
<document> #USER# #USER# #USER# #USER# So you prefer to let millions die? ></ document>
<document> #USER# #USER# ...and is that a bad thing?🤦🏼‍♀️ ></document>
<document> RT #USER#: Dr. If Seuss had wanted to #HASHTAG#, his books wouldn't have been cancelled. ></ document>
<document> #USER# Replacing Trump for Biden is like replacing a Rolls-Royce with a unicycle. ></ document>
<document> RT #USER#: It's March 2nd and we have a fake president because the real president had a fake vice president! ></ document>
<document> RT #USER#: Good morning to everyone except the Communist Democratic Party. ></ document>
<document> #USER# I like your way of thinking. Either way, he's still a killer. ></ document>
<document> RT #USER#: I want my American privileges back ></document>
<document> #USER# ABSOLUTELY!! What are you doing awake? what do i do when i'm awaketo? 😂 ></ document>
<document> RT #USER#: One of the biggest fears in this country is that an unlicensed person will cure something considered incurable. ></ document>
<document> RT #USER#: The mainstream media is starting to crack, they can't hide the truth from people anymore. ></ document>
<document> RT #USER#: Now spells crazy Left dude - mxn? These people are stupid AF. ></ document>
<document> RT #USER#: Teaching Systematic White Racism Is Systematically Racist.💯🇺🇸 ></document>

</author><document> #USER# What took you so long? ></document>
<document> RT #USER#: Good morning sailors...I have a lot of work to do..😘😘😘😘😘></document>
<document> RT #USER#: sorry folks 78 year old dementia pervert won't tell me how to live my life ></document>
<document> #USER# Go ahead, this is for you. #URL# ></document>
<document> RT #USER#: He pressed the red button.... ⚠️#HASHTAG#🤯 #URL# ></document>
<document> #USER# #USER# #USER# The epitome of hate... BHO. #HASHTAG# 🤦🏼‍♀️ #URL# ></document>
<document> RT #USER#: #USER# #USER# I am also away from the band. ></documentation>
<document> #USER# #USER# I want to feel better. While our country implodes. #URL# ></document>
<document> #USER# I agree.... it's time for justice. #URL# ></document>
<Documentation> #USER# Sorry. ></documentation>
<Documentation> #USER# Sorry. ></documentation>
<document> #USER# Bless you from the bottom of my heart 🤦🏼‍♀️ ></document>
<documentation> #USER# #USER# #USER# Shoo TROLL. block. ></documentation>
<document> RT #USER#: "Joe Biden has done more damage to our country in 50 days than Obama did in 8 years. Let it sink. ~ #USER# ></ document>
<documentation> #USER# BHO's 8 years were pretty dark. ></documentation>
<document> RT #USER#: This guy saved the world with Operation Warpspeed 👇 #URL# ></document>
<document> RT #USER#: RT if you vote for President Trump in 2024 ></document>
<document> #USER# #USER# #USER# Black as the devil. ></documentation>
<document> #USER# Sorry! ></documentation>
<document> RT #USER#: Joe Biden .... "Trust the government." 😂😂😂😂 👉 (fart sounds) ></document>
<document> RT #USER#: Whoever wrote this crap with Joe Biden.... is a liar. ></document>
<document> #USER# Should have been pre-recorded. Edited. No question IMO ></document>
<Document> "Joe Biden has done more damage to our country in 50 days than Obama did in 8 years. Let it sink. ~ #USER# ></document>
<Document> How many of you think this was pre-recorded and edited?? #USER# #USER# #USER# #USER# #USER# ></document>
<document> #USER# #USER# #HASHTAG# I don't know! Husband and I don't take it! ></documentation>
<document> RT #USER#: Without President Donald J Trump, there would be no vaccine. ></documentation>
<Documentation> RT #USER#: OMG!!!Did he ever say something that wasn't a lie??? ></Documentation>
<documentation> #USER# #USER# I'm with you sweetheart, he makes me physically sick! ></documentation>
<document> RT #USER#: Fuck you. He's a piece of shit, lying, weak, and a bastard. ></documentation>
<document> RT #USER#: Joe Biden did more damage to our country in 50 days than Obama did in 8 years. ></document>
<documentation> #USER# BS. "Tell me the truth"? Even if it bites his ass, Biden will never know the truth. ></document>
<Documentation> What world does Biden live in? 🤦🏼‍♀️ Embarrassing! ! ></documentation>
<document> #USER# #USER# BUT... THEY WILL LIE ABOUT THE RATING!!></documentation>
<document> #USER# Oh, it makes me laugh. Not him.... to the crook putting this moron in WH. ></documentation>
<Document> #USER# Pre-recorded. ></documentation>
<document> #USER# Oh, I'm... laughing. Not him.... to the crook putting this moron in WH. ></documentation>
<document> #USER# I worry about my children and grandchildren. ></documentation>
<document> #USER# His leadership and love of his country!! ></document>
<document> RT #USER#: The more I got to know the people, the more I understood why Noah only had animals on board. ></documentation>
<document> RT #USER#: RT if you miss the greatest president in modern history, President Trump! ></document>
<document> RT #USER#: #USER# “President Biden does a victory lap tonight”? ></documentation>
<document> RT #USER#: Are we not talking about stolen elections anymore? ></document>
<document> #USER# talk goes nowhere. SOMEBODY SHOULD DO SOMETHING!!!!! ></Documentation>
<Documentation> #USER# Like Karmara and her stupid laughter. ></documentation>
<documentation> #USER# 81 million voted question. ></documentation>
<document> RT #USER#: I still want to know who ordered the counting of ballots to stop at 2:30 am in multiple states at the same time. ></document>
<document> RT #USER#: Vaccinate? ></document>
<document> #USER# Going from Trump to Biden is like going from Great White to Mad Puppy? ></document>
<Documentation> #USER# #USER# Yes! And it's really scary! ! ></documentation>
<document> RT #USER#: wow this is so beautiful 😭😭 ></document>
<Document> #USER# 9% assigned to COVID. The rest is BS Democrat pork. If this is OK, then you are part of the problem too. ></documentation>
<document> #USER# I feel sorry for your stupidity. #URL# ></document>
<document> #USER# Sorry, you're an idiot. ></documentation>
<document> #USER# Is train wreck one or two words? ></document>
<document> RT #USER#: I'm old enough to remember a president who wasn't afraid to give a press conference.></document>
<document> RT #USER#: Remember when Georgia had a "pipe burst" and stopped counting votes? ></document>
<document> RT #USER#: #USER# So do I ></document>
<document> #USER# still want to know who stopped voting?? ></document>
<document> RT #USER#: Remember when we had a president approaching a reporter like a damn boss 🤣🤣 #URL# ></document>
<document> RT #USER#: Donald Trump never said anything mean, only the brutal truth. ></documentation>
<document> RT #USER#: They got relief and suddenly... Rona panicked.... #URL# ></document>
<document> RT #USER#: Anthony Fauci, Deborah Burks and Bill Gates are all in jail. ></documentation>
<document> RT #USER#: New Evidence Unraveling Meghan Markle's "Palace Racism" Story #URL# ></document>
<documentation> #USER# he alwayss... about everything! ></documentation>
<Documentation> #USER# Demented Joe, Pawn. Who is destroying America?? I have never missed Donald J. Trump more than now!! ></Document>
<document> RT #USER#: THIS IS WHAT I WANT TO SEE!!! #USER# IS A GREAT AMERICAN AND A GA LEGEND. #URL# ></document>
<document> RT #USER#: This is Joe Biden's laughingstock... #URL# ></document>
<Documentation> #USER# Helps keep kids quiet while mom is on the phone. Just a guess.... ></document>
<document> RT #USER#: Biden 👇 Trump 👇 #URL# ></document>
<document> RT #USER#: OMG How did Earth survive 4.5 billion years of climate change? ></documentation>
<document> #USER# me! I #user# him every day! #URL# ></document>
<document> RT #USER#: Does anyone miss him more than me? #URL# ></document>
<document> #USER# This is the question with 81 million votes. ></documentation>
<Document> #USER# Mean Girl Overload!! ></Document>
<document> #USER# Heartfelt Blessings. #URL# ></document>
<document> #USER# Bless you from the bottom of my heart 🤦🏼‍♀️ ></document>
<document> #USER# Being a parent. ></documentation>
<document> RT #USER#: BREAKING: Biden Sued by 12 States Over Executive Order on Climate Change..></document>
<document> #USER# Because we have no leadership. #HASHTAG# ></document>
<document> #USER# His demon has finally taken hold. ></documentation>
<Documentation> #USER# Yes. Boys need to raise a pair!! ></document>
<document> RT #USER#: That Prince Harry is a real pussy. Just say... ></document>
<Documentation> #USER# Weak money-eater! ></documentation>
<document> #USER# #USER# My son allowed his wife to do this to our family... the little bitch now thinks she's profiting. 🤦🏼‍♀️ ></document>
<Documentation> #USER# Really? Before BHO &amp; After BHO..... #URL# ></document>
<document> #USER# We need a real president!! #URL# ></document>
<document> #USER# #USER# I want to send her elsewhere..... ></document>
<documentation> #USER# This is a corruption overload! #HASHTAG# ></documentation>
<Documentation> RT #USER#: America is lost. That is why this election was so important. I cry now for the soul of America. ></documentation>
<document> RT #USER#: Governments have always been far more dangerous than coronavirus. ></document>
<document> RT #USER#: Sunday is a good day to spread the truth. #URL# ></document>
<document> RT #USER#: The FBI has been a broken link that has disappointed the American public for years. 💯🇺🇸></documentation>
<Document> RT #USER#: When BLM burns down Minneapolis again, will MSM blame it on Qanon? ></Document>
<Documentation> #USER# Stop the race 🐮💩, loser! ></documentation>
<document> #USER# Freedom of speech sucks! ></documentation>
<document> #USER# You are on the wrong side. #URL# ></document>
<Document> #USER# #USER# She is an actress. very bad actress. #HASHTAG# ></document>
<Documentation> RT #USER#: Pfizer's CEO hasn't been vaccinated yet because he doesn't want to "cut in line." Who believes that BS? ></documentation>
<documentation> RT #USER#: No, I am not an illegal immigrant. they are illegal immigrants. ></documentation>
<document> #USER# Because our side does not exist in their minds. They are pure EVIL. ></documentation>
<document> RT #USER#: Bill Gates, Anthony Fauci, and the CDC are fanatical authoritarians trying to control you. ></documentation>
<document> RT #USER#: Biden didn't win the election ></document>
<document> RT #USER#: Kids are burning face masks in the Idaho State Capitol today. Freedom. 🇺🇸></documentation>
<document> RT #USER#: BREAKING REPORT: CDC Adverse Incident Reports confirm 966 deaths after vaccination against COVID-19... ></document>
<document> RT #USER#: Why are violent criminals and criminals receiving $1,400 checks? 🤔 ></document>
<document> RT #USER#: #USER# #USER# Investigate all Democrats Killing the Country ></document>
<document> RT #USER#: If I were to become president tomorrow, what would be the first thing I would do? ></document>
<document> #USER# #HASHTAG#ARREST INVOLVED!! ></document>
<document> RT #USER#: Liberal Cognitive Disconnection. "If you're white, you must be racist". ></document>
<document> RT #USER#: I support a $15 hourly minimum wage for all members of Congress 100%. ></documentation>
<document> #USER# Who are you fucking communist idiots!! ></document>
<document> #USER# It's hard to impeach someone who's been in the office fraudulently. But I miss the real president!! #URL# ></Document>
<documentation> #USER# #USER# POS was the goal. ></documentation>
<document> #USER# I have a DIL similar to hers. And it's not a good thing. ></documentation>
<document> RT #USER#: I'm old enough to remember when gas was below $2.00 a gallon under President Trump ></document>
<Document> #USER# That's right. to bring the Communist Party back under control. ></documentation>
<Document> I miss my president!! Donald J. Trump! #URL# ></document>
<document> RT #USER#: Free speech is only given to people with certain views. ></documentation>
<document> RT #USER#: Joe Biden is owned by China. ></documentation>
<documentation> #USER# #USER# They are worthless!! ></documentation>
<document> RT #USER#: We all do! Oval's crazy scam is a complete disgrace. ></documentation>
<document> #USER# #USER# Please continue. DON'T PASS THE PORK BILL!!! ></Document>
<documentation> #USER# #USER# It all started with BHO. i hate him! ></documentation>
<document> RT #USER#: The Greatest Lie in America is the Idea of ​​"Systemic Racism" ></document>
<document> RT #USER#: Can you sue Eric Swalwell for sleeping with a Chinese Communist spy? ></document>
<document> #USER# Aren't you scared? ></documentation>
<document> #USER# I have no confidence in SCOTUS. ></documentation>
<Documentation> #USER# Very predictable. By the way... Trump is not gone. ></documentation>
<Document> #USER# I'm going to throw up!! ></Document>
<document> RT #USER#: I hope someone can come up with an idea on how to vote out an unvoted illegitimate president.></document>
<Documentation> RT #USER#: ThingsEven Democrats would be ready for Trump to come back. ></documentation>
<document> #USER# #USER# #USER# #USER# I'm so sorry 💕 ></document>
<document> RT #USER#: deliberately hid the number while #USER# was promoting his book. He profited from Covid and our dead loved ones. ></documentation>
<document> RT #USER#: A year ago this was our last normal week and none of us knew it ></document>
<document> #USER# #USER# I hate it. I miss President Trump! ></documentation>
<document> #USER# I remember a kid who always had a green runny nose. Unfortunately, there were no allergy tests at the time. ></documentation>
<document> #USER# Biden is on WH. Their mission is complete. #HASHTAG# ></document>
<document> RT #USER#: Gas prices and illegal border crossings have skyrocketed since Biden took office. I blame Biden 100%. ></documentation>
<document> RT #USER#: Cuomo lied 15,000 seniors died ></document>
<document> #USER# Pope ....blah blah....false prophets... IMO. ></document>
<document> RT #USER#: I really miss Trump! 🇺🇸></document>
<document> #USER# Not just GA. And who called to stop counting???? ></document>
<DOCUMENT> #USER# DOUBLE STANDARDS AND SCOTUS SHOULD SHOW AND WORK AND STOP OUR COUNTRY from imploding!!!!! ></Document>
<DOCUMENT> #USER# #USER# CRIMINAL!! SCOTUS MUST DO THEIR FUCKING WORK AND STOP THE IMPLOSIS IN AMERICA!!!! ></Document>
<document> #USER# Anyone who screams racism is a racist!! ></document>
<document> #USER# #USER# #USER# He is part of the agenda. ></documentation>
<Document> #USER# He's a liar! ></Document>
<document> #USER# #USER# Cynthia, don't waste your time. she's not worth it. ></documentation>
<document> #USER# Memaw Ivey. She is a little overprotective. God loves her ></documentation>
<document> RT #USER#: Don't be a Neanderthal Pony Soldier ></document>
<document> RT #USER#: Where's the invasion? ></document>
<document> #USER# “President” Biden is in danger!! ></document>
<documentation> #USER# #USER# Of course. 🤦🏼‍♀️😂></Document>
<documentation> RT #USER#: God bless this man. What a beautiful family! ></documentation>
<document> RT #USER#: We pay senators over $176,000 a year in profits, can't they even read the bill before they vote? ></document>
<Documentation> RT #USER#: Keep up the good work, Gal. Perhaps there are pedos looking for sympathetic ears. ></documentation>
<document> #USER# #USER# But you're human and you're just a dog. 🤦🏼‍♀️></document>
<document> #USER# #USER# Toecutter, you are like me. ></documentation>
<document> RT #USER#: #USER# You call me a liar and an ignorant, but I wish you luck. you are a hypocrite ></documentation>
<document> #USER# Thanks for justifying why I prefer animals to most people. 😂 ></documentation>
<document> #USER# Democrats must be planning another "riot". ></documentation>
<document> #USER#Call me a liar and an ignorant. you are a hypocrite ></documentation>
<document> RT #USER#: That's all. #URL# ></document>
<document> #USER# #USER# #USER# Some people are not good at it. ></documentation>
<document> #USER# I've been saying this for years. ></documentation>
<document> #USER# They have nothing to do 🤦🏼‍♀️ ></document>
<document> #USER# #USER# This is 🐮💩 ></document>
<document> #USER# #USER# It's so dangerous to have to test if you have it 🤦🏼‍♀️ ></document>
<Documentation> RT #USER#: The FBI is an organized crime syndicate. ></documentation>
<document> #USER# he's one of them! ></document>
Raise it to <document> #USER# 21. ></document>
<document> #USER# How is this possible? I want my country back!! ></document>
<documentation> #USER# EVIL .....pure, pure EVIL! ></documentation>
<Document> #USER# On a scale of 1 to 10.. 10... There is election fraud and Cuomo is a diversion. #HASHTAG# 🇺🇸 ></document>
<document> RT #USER#: I'm very sorry. He has yet to apologize to the 15,000 families. ></documentation>
<document> #USER# #USER# Proud to be Alabama!!!! Thank you #USER# ></document>
<document> RT #USER#: Fake news that continues to demonize Trump supporters as "terrorists". ></documentation>
<Document> Summoned #USER# BS. what are they deviating from? ></documentation>
<document> #USER# Who got the t-shirt? Shame on Biden! ></documentation>
<Documentation> #USER# Pure and pure EVIL. ></documentation>
<document> RT #USER#: Harry made a big mistake marrying Meghan Markle! She was a royal disgrace! ></documentation>
<documentation> RT #USER#: Texas is open. Mississippi is open. When will Ohio do the same? ></documentation>
<document> RT #USER#: #USER# Translation: Target does whatever China says ></document>
<document> #USER# All they know is to lie. ></documentation>
<Documentation> #USER# Sorry. ></documentation>
<document> #USER# #USER# #USER# We got the vaccine thanks to President Trump. Stop being such a sheep. ></documentation>
<document> #USER# #USER# #USER# Bless you from the bottom of my heart. ></documentation>
<document> #USER# #USER# #USER# #USER# So why not let millions die? ></documentation>
<document> #USER# #USER# ...is that a bad thing?🤦🏼‍♀️ ></document>
<document> RT #USER#: If Dr. Seuss wants to #HASHTAG# his book will not be cancelled. ></documentation>
<document> #USER# Replacing Trump with Biden is like replacing Rolls Royce with a unicycle. ></documentation>
<Document> RT #USER#: Today is March 2nd and the reason we have a fake president is because the real president had a fake vice president!></document>
<document> RT #USER#: Good morning non-Communist Democrats. ></documentation>
<document> #USER# I like your way of thinking. Either way, he's still a killer. ></documentation>
<document> RT #USER#: I want my American privileges back ></document>
<Document> #USER# Exactly!! What are you doing? what am i doing waking uppicture? 😂 ></documentation>
<document> RT #USER#: One of the most feared things in this country is unlicensed people curing what is considered incurable. ></documentation>
<document> RT #USER#: The mainstream media is starting to crack. You can no longer hide the truth from people. ></documentation>
<document> RT #USER#: Crazy Left is the spelling, mxn? These people are stupid AF. ></documentation>
<document> RT #USER#: Teaching Systemic White Racism Is Systemically Racist 💯🇺🇸 ></document>

</author>