 >
      <document> ‘sonic the hedgehog’: film review #url# #url# </document>
    <document> ‘family members’: film review #url# #url# </document>
    <document> ‘the australian dream’: film review #url# #url# </document>
    <document> ‘zoey’s extraordinary playlist’: tv review #url# #url# </document>
    <document> ‘happy happy joy joy: the ren &amp; stimpy story’: film review #url# #url# </document>
    <document> ‘love is blind’ on netflix: tv review #url# #url# </document>
    <document> ‘corpus christi’: film review #url# #url# </document>
    <document> tom stoppard’s ‘leopoldstat’: theater review #url# #url# </document>
    <document> ‘dream horse’: film review #url# #url# </document>
    <document> ‘a bump along the way’: film review #url# #url# </document>
    <document> abc’s ‘for life’: tv review #url# #url# </document>
    <document> louis tomlinson’s ‘walls’: album review #url# #url# </document>
    <document> fx’s ‘a christmas carol’: tv review #url# #url# </document>
    <document> ‘the cloud in her room’: film review #url# #url# </document>
    <document> eminem’s ‘music to be murdered by’: album review #url# #url# </document>
    <document> nada surf’s ‘never not together’: album review #url# #url# </document>
    <document> ‘bad boys for life’: film review #url# #url# </document>
    <document> ‘we are freestyle love supreme’: film review #url# #url# </document>
    <document> ‘mob town’: film review #url# #url# </document>
    <document> ‘john henry’: film review #url# #url# </document>
    <document> concert review: on holiday from queen, adam lambert is still a killer #url# #url# </document>
    <document> ‘the hottest august’: film review #url# #url# </document>
    <document> ‘run sweetheart run’: film review #url# #url# </document>
    <document> golden globes review: a tame, mildly political outing for ricky gervais #url# #url# </document>
    <document> ‘the last full measure’: film review #url# #url# </document>
    <document> zoë kravitz in ‘high fidelity’: tv review #url# #url# </document>
    <document> ‘suppressed: the fight to vote’: film review #url# #url# </document>
    <document> ava duvernay’s ‘cherish the day’: tv review #url# #url# </document>
    <document> ‘9-1-1: lone star’: tv review #url# #url# </document>
    <document> ‘uncle vanya’: theater review #url# #url# </document>
    <document> album review: ‘birds of prey’ soundtrack #url# #url# </document>
    <document> ‘only cloud knows’: film review #url# #url# </document>
    <document> concert review: my chemical romance make a triumphant return to los angeles      #url# #url# </document>
    <document> ‘created equal: clarence thomas in his own words’: film review #url# #url# </document>
    <document> ‘duncanville’ starring amy poehler: tv review #url# #url# </document>
    <document> ‘lincoln rhyme: hunt for the bone collector’: tv review #url# #url# </document>
    <document> ‘the sonata’: film review #url# #url# </document>
    <document> ‘beast beast’: film review #url# #url# </document>
    <document> daniel radcliffe and alan cumming in ‘endgame’: theater review #url# #url# </document>
    <document> ‘to all the boys: p.s. i still love you’: film review #url# #url# </document>
    <document> ‘messiah’ on netflix: tv review #url# #url# </document>
    <document> ‘star wars: the rise of skywalker’: film review #url# #url# </document>
    <document> ‘birds of prey’: film review #url# #url# </document>
    <document> ‘into the deep’: film review #url# #url# </document>
    <document> the best music boxed sets of 2019 #url# #url# </document>
    <document> ‘outmatched’ with jason biggs and maggie lawson: tv review #url# #url# </document>
    <document> ‘the last shift’: film review #url# #url# </document>
    <document> ‘weathering with you’: film review #url# #url# </document>
    <document> ‘an almost ordinary summer’: film review #url# #url# </document>
    <document> green day’s ‘father of all…’: album review #url# #url# </document>
    <document> ‘the wave’: film review #url# #url# </document>
    <document> ‘taylor swift: miss americana’: film review #url# #url# </document>
    <document> review: jennifer lopez doesn’t need an oscar, she just won the super bowl #url# #url# </document>
    <document> gwyneth paltrow’s ‘the goop lab’: tv review #url# #url# </document>
    <document> ‘lingua franca’: film review #url# #url# </document>
    <document> ‘his house’: film review #url# #url# </document>
    <document> ‘the grudge’: film review #url# #url# </document>
    <document> ‘lucky grandma’: film review #url# #url# </document>
    <document> ‘the woman who loves giraffes’: film review #url# #url# </document>
    <document> ‘the truffle hunters’: film review #url# #url# </document>
    <document> ‘mythic quest: raven’s banquet’ on apple tv plus: tv review #url# #url# </document>
    <document> ‘you go to my head’: film review #url# #url# </document>
    <document> ‘soundtrack’ on netflix: tv review #url# #url# </document>
    <document> ‘sing street’: theater review #url# #url# </document>
    <document> ‘2020 oscar-nominated short films: documentary’: film review #url# #url# </document>
    <document> edie falco in ‘tommy’: tv review #url# #url# </document>
    <document> ‘boys state’: film review #url# #url# </document>
    <document> ‘the visit’: theater review #url# #url# </document>
    <document> ‘my name is lucy barton’: theater review #url# #url# </document>
    <document> ‘the social dilemma’: film review #url# #url# </document>
    <document> ‘the go-go’s’: film review #url# #url# </document>
    <document> ‘chinese portrait’: film review #url# #url# </document>
    <document> ‘the new pope’: tv review #url# #url# </document>
    <document> the best country albums of 2019 … and of the decade #url# #url# </document>
    <document> billie eilish’s james bond theme: nobody’s done it better in years (column) #url# #url# </document>
    <document> ‘three christs’: film review #url# #url# </document>
    <document> ‘the witcher’ on netflix: tv review #url# #url# </document>
    <document> ‘the thin place’: theater review #url# #url# </document>
    <document> hbo’s ‘avenue 5’ starring hugh laurie: tv review #url# #url# </document>
    <document> ‘better call saul,’ season 5: tv review #url# #url# </document>
    <document> sting in ‘the last ship’ at the ahmanson: theater review #url# #url# </document>
    <document> ‘the rhythm section’: film review #url# #url# </document>
    <document> ‘everything’s going to be okay’ from josh thomas: tv review #url# #url# </document>
    <document> ‘a fall from grace’: film review #url# #url# </document>
    <document> film review: ‘the informer’ #url# #url# </document>
    <document> ‘standing up, falling down’: film review #url# #url# </document>
    <document> ‘star trek: picard’: tv review #url# #url# </document>
    <document> ‘i carry you with me’: film review #url# #url# </document>
    <document> ‘ip man 4: the finale”: film review #url# #url# </document>
    <document> ‘house of cardin’: film review #url# #url# </document>
    <document> ‘the father’: film review #url# #url# </document>
    <document> ‘the dissident’: film review #url# #url# </document>
    <document> ‘the perfection’: film review #url# #url# </document>
    <document> ‘the ocean at the end of the lane’: theater review #url# #url# </document>
    <document> ‘a soldier’s play’: theater review #url# #url# </document>
    <document> ‘hillary’: clinton docu-series on hulu tv review #url# #url# </document>
    <document> ‘identifying features’: film review #url# #url# </document>
    <document> ‘miss juneteenth’: film review #url# #url# </document>
    <document> ‘truth and justice’: film review #url# #url# </document>
    <document> freeform’s ‘party of five’: tv review #url# #url# </document>
   
>
      <document> 'sonic the hedgehog': movie review #url# #url# </document>
    <document> 'family members': movie review #url# #url# </document>
    <document> 'The Australian Dream': Movie Review #url# #url# </document>
    <document> "Zoey's Amazing Playlist": TV Review #url# #url# </document>
    <document> 'happy happy joy joy: the ren &amp; stimpy story': movie review #url# #url# </document>
    <document> love is blind on netflix tv review #url# #url# </document>
    <document> 'corpus christi': movie review #url# #url# </document>
    <document> "leopoldstat" by Tom Stoppard: theater review #url# #url# </document>
    <document> 'horse of dreams': movie review #url# #url# </document>
    <document> 'a bump along the way': movie review #url# #url# </document>
    <document> "for life" by abc: tv review #url# #url# </document>
    <document> louis tomlinson's "walls": album review #url# #url# </document>
    <document> "A Christmas Carol" by fx TV Review #url# #url# </document>
    <document> "the cloud in his room": movie review #url# #url# </document>
    <document> Eminem's "Music to Kill" Album Review #url# #url# </document>
    <document> "Never Not Together" by Nada Surf: Album Review #url# #url# </document>
    <document> "bad boys for life": movie review #url# #url# </document>
    <document> 'we are freestyle love supreme': movie review #url# #url# </document>
    <document> 'mob town': movie review #url# #url# </document>
    <document> 'john henry': movie review #url# #url# </document>
    <document> concert review: on vacation from Queen, Adam Lambert is still a killer #url# #url# </document>
    <document> 'the hottest August': movie review #url# #url# </document>
    <document> 'run baby run': movie review #url# #url# </document>
    <document> Golden Globes review: a tame and slightly political outing for ricky gervais #url# #url# </document>
    <document> 'the complete last measure': movie review #url# #url# </document>
    <document> Zoë Kravitz in "High Fidelity": TV Review #url# #url# </document>
    <document> 'Suppressed: The Fight for the Vote': Movie Review #url# #url# </document>
    <document> Ava Duvernay's "Cherish the day" TV review #url# #url# </document>
    <document> '9-1-1: Lone Star' TV Review #url# #url# </document>
    <document> 'uncle vanya': theater review #url# #url# </document>
    <document> Album Review: "Birds of Prey" Soundtrack #url# #url# </document>
    <document> "only the cloud knows": movie review #url# #url# </document>
    <document> Concert Review: My Chemical Romance Makes Triumphant Return to LA      #url# #url# </document>
    <document> 'created equal: clarence thomas in his own words': film review #url# #url# </document>
    <document> 'Duncanville' Starring Amy Poehler TV Review #url# #url# </document>
    <document> 'Lincoln Rhyme: Hunt for the Bone Collector' TV Review #url# #url# </document>
    <document> 'the sonata': film review #url# #url# </document>
    <document> 'beast beast': movie review #url# #url# </document>
    <document> daniel radcliffe and alan cumming in 'endgame': theater review #url# #url# </document>
    <document> 'to all the guys: p.s. I still love you': movie review #url# #url# </document>
    <document> 'messiah' on netflix: tv review #url# #url# </document>
    <document> 'Star Wars: The Rise of Skywalker' Movie Review #url# #url# </document>
    <document> 'birds of prey': movie review #url# #url# </document>
    <document> 'deep inside': movie review #url# #url# </document>
    <document> the best music box sets of 2019 #url# #url# </document>
    <document> "Passed" with Jason Biggs & Maggie Lawson: TV Review #url# #url# </document>
    <document> 'the last shift': movie review #url# #url# </document>
    <document> 'weathering with you': movie review #url# #url# </document>
    <document> 'an almost ordinary summer': film review #url# #url# </document>
    <document> "the father of all..." by Green Day: album review #url# #url# </ddocument>
    <document> 'the wave': movie review #url# #url# </document>
    <document> 'taylor swift: miss american' movie review #url# #url# </document>
    <document> review: jennifer lopez doesn't need an oscar, she just won the super bowl #url# #url# </document>
    <document> "the goop lab" by gwyneth paltrow: tv review #url# #url# </document>
    <document> 'lingua franca': film review #url# #url# </document>
    <document> 'his house': movie review #url# #url# </document>
    <document> 'the grudge': movie review #url# #url# </document>
    <document> 'lucky grandma': movie review #url# #url# </document>
    <document> 'The Woman Who Loves Giraffes': Film Review #url# #url# </document>
    <document> 'the truffle hunters': film review #url# #url# </document>
    <document> "Mythical Quest: The Raven's Feast" on Apple TV Plus: TV Review #url# #url# </document>
    <document> 'go to my head': movie review #url# #url# </document>
    <document> "soundtrack" on netflix: tv review #url# #url# </document>
    <document> 'sing street': theater review #url# #url# </document>
    <document> "Oscar Nominated Short Films 2020: Documentary": Film Review #url# #url# </document>
    <document> edie falco in 'tommy' tv review #url# #url# </document>
    <document> 'boys state': movie review #url# #url# </document>
    <document> 'the visit': theatrical review #url# #url# </document>
    <document> 'my name is lucy barton': theater review #url# #url# </document>
    <document> "the social dilemma": review of the film #url# #url# </document>
    <document> 'the go-go's': movie review #url# #url# </document>
    <document> 'Chinese Portrait': Film Review #url# #url# </document>
    <document> 'the new pope': tv review #url# #url# </document>
    <document> the best country albums of 2019... and of the decade #url# #url# </document>
    <document> Billie Eilish's James Bond theme: no one has done it better in years (column) #url# #url# </document>
    <document> 'three christs': movie review #url# #url# </document>
    <document> 'the witcher' on netflix: tv review #url# #url# </document>
    <document> 'the skinny place': theater review #url# #url# </document>
    <document> hbo's "avenue 5" with Hugh Laurie: TV review #url# #url# </document>
    <document> 'Better Call Saul' Season 5 TV Review #url# #url# </document>
    <document> sting in "the last ship" at the ahmanson: theater review #url# #url# </document>
    <document> 'the rhythm section': movie review #url# #url# </document>
    <document> "everything will be fine" by josh thomas: tv review #url# #url# </document>
    <document> 'a fall from grace': film review #url# #url# </document>
    <document> movie review: "the informer" #url# #url# </document>
    <document> 'rise, fall': movie review #url# #url# </document>
    <document> 'star trek: picard': tv review #url# #url# </document>
    <document> 'I'll take you with me': movie review #url# #url# </document>
    <document> 'ip man 4: the finale”: movie review #url# #url# </document>
    <document> 'house of cardin': movie review #url# #url# </document>
    <document> 'the father': movie review #url# #url# </document>
    <document> 'the dissident': movie review #url# #url# </document>
    <document> 'perfection': movie review #url# #url# </document>
    <document> 'the ocean at the end of the lane': theater review #url# #url# </document>
    <document> 'A Soldier's Comedy': Theater Review #url# #url# </document>
    <document> 'hillary': clinton docu-series on hulu tv review #url# #url# </document>
    <document> 'identifying features': movie review #url# #url# </document>
    <document> 'miss juneteenth': movie review #url# #url# </document>
    <document> 'truth and justice': movie review #url# #url# </document>
    <document> freeform "party of five" TV review #url# #url# </document>