 >
      <document> igbo teacher praised by borno governor promoted to assistant headmistress after visiting a school and found only he… #url# </document>
    <document> shaq vows to make life change after kobe bryant’s death #url# #url# </document>
    <document> eucharia anunobi recounts how a hotel cleaner at a church camp allegedly used a toilet brush to wash glass cups… #url# </document>
    <document> president buhari is the number one person who gives hate speech in the country – aisha yesufu… #url# </document>
    <document> cbs responds to gayle king’s outrage over viral kobe clip #url# #url# </document>
    <document> nigeria news : rccg/can protest timi frank commends pastor adeboye, says buhari will answer for his actions at icc… #url# </document>
    <document> the unsaid truth of patrick mahomes #url# #url# </document>
    <document> polities trump’s $4.8 trillion budget plan includes cuts to farm subsidies, food stamps and medicaid… #url# </document>
    <document> anita joseph’s fiance, mc fish grabs her boobs in new video #url# #url# </document>
    <document> chilling 911 calls from kobe bryant’s helicopter crash released #url# #url# </document>
    <document> nigeria news : southeast security network we have written fg – governors forum #url# #url# </document>
    <document> the insane transformation of chanel west coast #url# #url# </document>
    <document> the unsaid truth about jennifer lopez #url# #url# </document>
    <document> nigeria news : efcc reacts to trending photo of ‘port harcourt cell’, releases image #url# </document>
    <document> kobe bryant’s body has been returned to his family #url# #url# </document>
    <document> full video s3x of lady who sleeps with her friend’s father for sleeping with her boyfriend #url# #url# </document>
    <document> alan walker, k-391 &amp; emelie hollow – lily download #url# #url# </document>
    <document> vanessa bryant opens up about losing kobe &amp; gigi this is painfull #url# #url# </document>
    <document> nigeria news : koshoni, ex-chief of naval staff is dead #url# #url# </document>
    <document> the real meaning behind billie eilish’s bad guy lyrics that’s cool #url# #url# </document>
    <document> jennifer lopez has a message for her super bowl halftime critics she doesn’t care. #url# #url# </document>
    <document> nigeria news : femi fani-kayode exposes real identity, religion of living faith suspected bomber in kaduna… #url# </document>
    <document> how much dose tom hanks worth? #url# #url# </document>
    <document> did these musicians sell their souls for a paycheck? #url# #url# </document>
    <document> trump campaign spent $1.8 million on trump’s own businesses, records reveal #url# #url# </document>
    <document> nigeria news : senate adjourns plenary to mourn senator ignatius longjan #url# #url# </document>
    <document> best and worst super bowl liv commercials you either love them or hate them #url# #url# </document>
    <document> botched bachelor bikini editing job sparks huge outrage #url# #url# </document>
    <document> nigeria news : apga warns senator orji, abia speaker to resign over alleged n150m fraud investigation… #url# </document>
    <document> nigeria news : dickson’s appointees storm bayelsa govt house over unpaid workers salaries #url# #url# </document>
    <document> the fact concerning joaquin phoenix metro and rooney mara’s connection #url# #url# </document>
    <document> rita dominic looks beautiful and stylish in this monochrome ensemble (photos) #url# #url# </document>
    <document> eminem brings the house down with surprise oscars performance #url# #url# </document>
    <document> nigeria news : kwara state police command has launch manhunt for masterminds of atm vandalization in ilorin… #url# </document>
    <document> nnamdi kanu said, i wonder why a right-thinking govt. will deploy battalion to my home town #url# #url# </document>
    <document> bobbi kristina’s ex lover cause of death has actually been disclosed #url# #url# </document>
    <document> #hashtag# omashola reveals the package he received from tacha (watch video) 2020 #url# #url# </document>
    <document> inexpensive effective marketing tools with for small business #url# #url# </document>
    <document> jennifer lopez net worth: how much dose she own #url# #url# </document>
    <document> nigeria news : publisher of cross river watch journalist, jalingo appears before new judge for fresh plea… #url# </document>
    <document> nigeria news : the academic staff union of universities threatens kano university management over alleged financial… #url# </document>
    <document> nigeria news : federal ministry ogoni $1bn project: magnus abe warns nigerian govt, hyprep #url# #url# </document>
    <document> how really big is nina dobrev house and where does she live #url# #url# </document>
    <document> david guetta – titanium ft. sia free mp3 download #url# #url# </document>
    <document> update: body of unizik staff, engr. emeka chiaghana found buried in shallow grave three months after he was abducte… #url# </document>
    <document> bernie sanders walks back promise to release ‘comprehensive’ medical records #url# #url# </document>
    <document> lizzo dons a tiny black thong swimsuit and bares her bum as she twerks in miami #url# #url# </document>
    <document> wedding diaries: shweta’s one caption form dad amitabh bachchan says it all #url# #url# </document>
    <document> nigeria news : lai mohammed condoles with lawan, okorocha over senator ignatius longjan’s death… #url# </document>
    <document> does saoirse ronan have a boyfriend? #url# #url# </document>
    <document> ‘stop the threat, we obeyed supreme court on bayelsa like we did on imo’ – inec tells oshiomhole… #url# </document>
    <document> nigeria news : coronavirus i don’t want to die – amaechi #url# #url# </document>
    <document> the unsaid truth of shakira’s ‘husband’ gerard pique #url# #url# </document>
    <document> nigeria news : emergency agency warns abuja residents of imminent flood, provides toll free number… #url# </document>
    <document> lady gets dumped by her boyfriend after seeing the ‘okro soup’ she cooked for his family #url# #url# </document>
    <document> coronavirus death toll rises to 427 with more than 20,000 people worldwide infected by the flu-like virus… #url# </document>
    <document> the unsaid truth about joe pesci’s criminal ex-wife claudia haro #url# #url# </document>
    <document> donald trump wins the republican iowa caucus by 97.1%, showing republicans are united in their choice for 2020 pres… #url# </document>
    <document> market research with low budget for small business owners #url# #url# </document>
    <document> nigeria news : boko haram no true muslim kills for god – arewa forum #url# #url# </document>
    <document> davido first babymama shade him, after he shared new photos of chioma and their son #url# #url# </document>
    <document> what happened to sassy after she left black ink crew #url# #url# </document>
    <document> the unsaid truth about kate middleton’s shady uncle #url# #url# </document>
    <document> president donald trump blasts jury member, justice department over roger stone trial #url# #url# </document>
    <document> us news : shots fired at trump’s mar-a-lago resort in florida #url# #url# </document>
    <document> did these athletes sell their souls for a paycheck? #url# #url# </document>
    <document> papa john admits what we suspected all along that its true #url# #url# </document>
    <document> with impeachment over, critics see trump ‘retribution tour’ he is happy now #url# #url# </document>
    <document> nigeria news : biafra igbo group tells nnamdi kanu not to attend parents’ burial #url# #url# </document>
    <document> the reason why luke perry was left out of the oscars ‘in memoriam’ tribute #url# #url# </document>
    <document> abacha’s $308 million loot to return to nigeria as fg and us sign agreement, what will they use the money for, stor… #url# </document>
    <document> nigeria news : fayose asked to explain whereabouts of n400m meant for reconstruction ado-akure road… #url# </document>
    <document> sia – cheap thrills ft. sean paul free mp3 download #url# #url# </document>
    <document> where does jennifer lopez live and how big is her house? bigger and bigger #url# #url# </document>
    <document> nigeria news : toby okechukwu has urged president muhammadu buhari to quickly address the security challenges facin… #url# </document>
    <document> what was kirk douglas’ net worth at his time of death? #url# #url# </document>
    <document> moment late kobe bryant daughter, gianna’s jersey gets retired full video #url# #url# </document>
    <document> we hope hicks return to white house as senior adviser #url# #url# </document>
    <document> nigeria news : ganduje vs emir sanusi: northern elders decry president buhari’s refusal to reconcile kano sons… #url# </document>
    <document> shakira – who boasts a net worth of $300 millio, who won the battle of the 2020 super bowl halftime stage?… #url# </document>
    <document> the truth about adam sandler and jennifer aniston’s relationship #url# #url# </document>
    <document> the unsaid words of chicken girls #url# #url# </document>
    <document> presley gerber responds to backlash over face tattoo #url# #url# </document>
    <document> chelsea stars tammy abraham and fikayo tomori pictured hanging out with davido in dubai (photos below)… #url# </document>
    <document> viral video as a beautiful girl proposes to her boyfriend in school and he accepts #url# #url# </document>
    <document> singer paul okoye calls out the nigerian copyright commission, accuses them of ‘kidnap’ #url# #url# </document>
    <document> polities impeachment trial rigger for donald trump is mitch mcconnell’s new legacy #url# #url# </document>
    <document> the real reason this southern charm star was spotted working at costco wow #url# #url# </document>
    <document> the reason princess beatrice’s wedding will be so different #url# #url# </document>
    <document> rose mcgowan slams natalie portman’s ‘offensive’ oscars dress #url# #url# </document>
    <document> nigeria news : 2020 utme no extension after jan 17 as jamb records highest registration ever #url# #url# </document>
    <document> polities highly anticipated iowa caucuses poll shelved over possible errors #url# #url# </document>
    <document> nigeria news : insecurity nothing wrong in asking president to resign – el-rufai to jonathan in 2012… #url# </document>
    <document> the truth about florence pugh’s relationship with zach braff criticism #url# #url# </document>
    <document> the unsaid truth about beyonce #url# #url# </document>
    <document> nigeria news : customs seizes 256 bags of contraband rice concealed as beans #url# #url# </document>
    <document> nigeria news : boko haram christian corps member abducted alongside freed winners pastor refuses freedom… #url# </document>
    <document> nigeria news : coronavirus who counters use of garlic, salt, in preventing infection #url# #url# </document>
    <document> the solution, lagos state government rolls 65 new buses after okada and keke ban #url# #url# </document>
    <document> nigeria news : jonathan’s ex-aide, okupe, 2023 no difference between pdp, apc in terms of corruption, greed… #url# </document>
   
>
      <document> Igbo teacher praised by governor of Borno promoted to assistant principal after visiting a school and finding only him… #url# </document>
    <document> shaq vows to change his life after the death of Kobe Bryant #url# #url# </document>
    <document> eucharia anunobi tells how a cleaner in a church encampment allegedly used a toilet brush to wash glass cups... #url# </document>
    <document> president buhari is the number one hate speech speaker in the country – aisha yesufu… #url# </document>
    <document> cbs responds to Gayle King's outrage over viral Kobe clip #url# #url# </document>
    <document> nigeria news: rccg/can protest timi frank praises pastor adeboye, says buhari will answer for his actions to icc… #url# </document>
    <document> the untold truth by patrick mahomes #url# #url# </document>
    <document> Trump's $4.8 trillion budget plan includes cuts to farm subsidies, food stamps and medicaid... #url# </document>
    <document>anita joseph's boyfriend mc fish grabs her boobs in new video #url# #url# </document>
    <document> The chilling 911 calls from Kobe Bryant's helicopter crash released #url# #url# </document>
    <document> nigeria news : southeastern security network we wrote fg – forum governors #url# #url# </document>
    <document> the crazy transformation of chanel west coast #url# #url# </document>
    <document> the untold truth about jennifer lopez #url# #url# </document>
    <document> news from nigeria: the efcc reacts to the trendy photo of the "port harcourt cell", publish the image #url# </document>
    <document> Kobe Bryant's body has been returned to his family #url# #url# </document>
    <document> full s3x video of a lady who sleeps with her friend's father for sleeping with her boyfriend #url# #url# </document>
    <document> alan walker, k-391 &amp; emelie hollow – lily download #url# #url# </document>
    <document> Vanessa Bryant Opens Up on Loss of Kobe &amp; gigi this is painful #url# #url# </document>
    <document> nigeria news: koshoni, former chief of staff of the navy is dead #url# #url# </document>
    <document> The Real Meaning Behind Billie Eilish's Bad Boy Lyrics That's Cool #url# #url# </document>
    <document> jennifer lopez has a message for her Super Bowl halftime critics who don't care. #url# #url# </document>
    <document> nigeria news: femi fani-kayode reveals true identity, living religion suspected of attacking kaduna... #url# </document>
    <document> how much is the dose of tom hanks worth? #url# #url# </document>
    <document> did these musicians sell their souls for a salary? #url# #url# </document>
    <document> Trump campaign spent $1.8 million on Trump activities, documents reveal #url# #url# </document>
    <document> nigeria news: senate adjourns plenary to mourn senator ignatius longjan #url# #url# </document>
    <document> best and worst super bowl liv commercials either love them or hate them #url# #url# </document>
    <document> failed bachelor bikini modification job arouses enormous outrage #url# #url# </document>
    <document> nigeria news: apga warns senator orji, abia speaker to resign over alleged n150m fraud investigation... #url# </document>
    <document> nigeria news: Dickson appointees raid Bayelsa government over unpaid workers wages #url# #url# </document>
    <document> the fact related to the connection between joaquin phoenix metro and rooney mara #url# #url# </document>
    <document> rita dominic is beautiful and elegant in this monochromatic ensemble (photo) #url# #url# </document>
    <document> eminem brings down the house with a surprise performance at the oscars #url# #url# </document>
    <document> news from nigeria: kwara state police command has launched manhunt for masterminds of vandalism of ATMs in ilorin... #url# </document>
    <document>nnamdi kanu said, I wonder why a right-thinking government. i will deploy battalion in my hometown #url# #url# </document>
    <document> the cause of death of bobbi kristina's ex lover actually has#url# #url# </document> have been disclosed
    <document> #hashtag# omashola reveals the package he received from tacha (watch the video) 2020 #url# #url# </document>
    <document> cheap and effective marketing tools for small businesses #url# #url# </document>
    <document> Jennifer lopez net worth: how much dose she owns #url# #url# </document>
    <document> nigeria news: editor of cross river watch reporter, jalingo goes before new judge for new appeal... #url# </document>
    <document> nigeria news: university academic staff union threatens Kano university management over alleged finances... #url# </document>
    <document> nigeria news: ogoni federal ministry $1 billion project: magnus abe warns nigerian government, hyprep #url# #url# </document>
    <document> how big is Nina Dobrev's house and where does she live #url# #url# </document>
    <document> david guetta – titanium ft. sia free mp3 download #url# #url# </document>
    <document> update: unizik staff corps, eng. emeka chiaghana found buried in shallow grave three months after being kidnapped... #url# </document>
    <document> Bernie Sanders Goes Back Promising To Release "Complete" Medical Records #url# #url# </document>
    <document>lizzo wears a tiny black thong swimsuit and bares her butt while twerking in miami #url# #url# </document>
    <document> wedding diaries: shweta's caption from dad amitabh bachchan says it all #url# #url# </document>
    <document> nigeria news: lai mohammed condolences in lawan, okorocha over the death of senator ignatius longjan... #url# </document>
    <document> does saoirse ronan have a boyfriend? #url# #url# </document>
    <document> "stop the threat, we obeyed the supreme court on bayelsa as we did on imo" – inec tells oshiomhole... #url# </document>
    <document> nigeria news : coronavirus i don't want to die – amaechi #url# #url# </document>
    <document> the untold truth about Shakira's "husband", Gerard pique #url# #url# </document>
    <document> nigeria news: Emergency agency warns Abuja residents of impending flood, provides toll-free number... #url# </document>
    <document> the lady is dumped by her boyfriend after seeing the "okro soup" he cooked for his family #url# #url# </document>
    <document> the death toll from the coronavirus rises to 427 with more than 20,000 people worldwide infected with the flu-like virus... #url# </document>
    <document> the untold truth about Joe Pesci's criminal ex-wife, claudia haro #url# #url# </document>
    <document> Donald Trump wins the Iowa Republican caucus by 97.1%, proving Republicans are united in their pick for the 2020 pres… #url# </document>
    <document> Low Budget Market Research for Small Business Owners #url# #url# </document>
    <document> nigeria news: boko haram no true muslim kills for god – arewa forum #url# #url# </document>
    <document> davido first babymama shades it, after he shared new photos of hair and their son #url# #url# </document>
    <document> what happened to sassy after he left the black ink team #url# #url# </document>
    <document> the untold truth about Kate Middleton's shady uncle #url# #url# </document>
    <document>President Donald Trump lashes out at a Justice Department juror over the roger stone trial #url# #url# </document>
    <document> us news: shots fired at Trump's mar-a-lago resort in florida #url# #url# </document>
    <document> did these athletes sell their souls for a salary? #url# #url# </document>
    <document> papa john admits what we always suspected to be true #url# #url# </document>
    <document> With Impeachment Over, Critics See Trump "Retribution Tour" Is Happy Now #url# #url# </document>
    <document> nigeria news: igbo biafra group tells nnamdi kanu not to attend parents burial #url# #url# </document>
    <document> why Luke Perry was excluded from the Oscars "in memoriam" award #url# #url# </document>
    <document> abacha's $308 million haul to return to nigeria as fg and us sign dealt, what will they use the money for, stor… #url# </document>
    <document> nigeria news: fayose asked to explain the whereabouts of the n400m destined for the reconstruction of ado-akure road... #url# </document>
    <document> sia – cheap thrills ft. sean paul mp3 free download #url# #url# </document>
    <document> where does jennifer lopez live and how big is her house? bigger and bigger #url# #url# </document>
    <document> nigeria news: toby okechukwu urged president muhammadu buhari to swiftly address the security challenges he faces… #url# </document>
    <document> What was Kirk Douglas's net worth at the time of his death? #url# #url# </document>
    <document> late moment kobe bryant daughter gianna jersey is retired full video #url# #url# </document>
    <document> let's hope Hicks returns to the White House as a senior adviser #url# #url# </document>
    <document> nigeria news: ganduje vs emir sanusi: northern elders denounce president buhari's refusal to reconcile kano's sons... #url# </document>
    <document> shakira – who boasts a net worth of $300 million, who won the battle for the halftime phase of the 2020 Super Bowl?… #url# </document>
    <document> the truth about adam sandler and jennifer aniston's relationship #url# #url# </document>
    <document> the unspoken words of the chicken girls #url# #url# </document>
    <document> presley gerber responds to backlash over face tattoo #url# #url# </document>
    <document> chelsea stars tammy abraham and fikayo tomori in the photo together with davido in dubai (photo below)... #url# </document>
    <document> viral video in which a beautiful girl proposes to her boyfriend at school and he accepts #url# #url# </document>
    <document> singer paul okoye calls Nigerian copyright commission, accusing them of "kidnapping" #url# #url# </document>
    <document> Political impeachment trial manipulator for Donald Trump is Mitch McConnell's new legacy #url# #url# </document>
    <document> the real reason this charming southern star was spotted working at costco wow #url# #url# </document>
    <document> why Princess Beatrice's wedding will be so different #url# #url# </document>
    <document> rose mcgowan criticizes Natalie Portman's "offensive" Oscar dress #url# #url# </document>
    <document> nigeria news: 2020 utme no extension after january 17 as jamb registers highest registration ever #url# #url# </document>
    <document> the long-awaited survey on the iowa caucuses has been shelved due to possible errors #url# #url# </document>
    <document> nigeria news: insecurity nothing wrong with asking president to step down – el-rufai to jonathan in 2012… #url# </document>
    <document> the truth about Florence Pugh's relationship with Zach Braff criticism #url# #url# </document>
    <document> the untold truth about beyonce #url# #url# </document>
    <document> news from nigeria: customs seize 256 bags of smuggled rice hidden as beans #url# #url# </document>
    <document> nigeria news: boko haram member of the christian corps kidnapped together with the liberated victors pastor refuses freedom... #url# </document>
    <document> nigeria news: coronavirus counteracting the use of garlic, salt, in the prevention of infection #url# #url# </document>
    <document> the solution, lagos state government launches 65 new buses after okada and keke ban #url# #url# </document>
    <document> nigeria news: jonathan's former aide, okupe, 2023 no difference between pdp, apc in terms of corruption, greed... #url# </document>