 >
      <document> good girls stars tease season 2's "sexy twists" and surprising revelations who doesn't love "sexy twists"? that's w… #url# </document>
    <document> ariana grande and ex-boyfriend big sean reunite 4 years after split thank u, next? not so fast! ariana grande raise… #url# </document>
    <document> what jordyn woods told khloe kardashian and kylie jenner after cheating scandal jordyn woods is opening up about he… #url# </document>
    <document> haley struggles to master baby basics in modern family directed by julie bowen modern family's julie bowen has a ne… #url# </document>
    <document> danielle staub postpones wedding to oliver maier days after announcing engagement danielle staub's upcoming nuptial… #url# </document>
    <document> do it for the 'gram! the ladygang gals prove you can take envy-inducing social media snaps anywhere the ladygang ga… #url# </document>
    <document> why fans think taylor swift and katy perry are collaborating are taylor swift and katy perry teaming up for a new s… #url# </document>
    <document> riverdale's luke perry hospitalized after stroke luke perry was hospitalized in los angeles on wednesday after suff… #url# </document>
    <document> ariana grande denies she's exploiting the lgbtq community by performing at manchester pride ariana grande is addres… #url# </document>
    <document> the 100 star bob morley addresses "fat shame" on social media, opens up about depression the 100's bob morley has a… #url# </document>
    <document> amanda bynes checks into mental health facility after relapse amanda bynes is getting help. the 32-year-old actress… #url# </document>
    <document> jordyn woods breaks silence on tristan thompson cheating scandal jordyn woods is breaking her silence amid cheating… #url# </document>
    <document> taylor swift reveals the songs that helped her heal after "bad breakups" never underestimate the power of music. it… #url# </document>
    <document> first comes love, then comes marriage? inside the future of jennifer lopez and alex rodriguez's red-hot romance jen… #url# </document>
    <document> imagine dragons' dan reynolds reveals how hateful criticism contributed to his depression dan reynolds isn't biting… #url# </document>
    <document> wynonna earp fans rally to save show with billboard in times square fans of the hit syfy series wynonna earp have b… #url# </document>
    <document> khloe kardashian accuses jordyn woods of lying about tristan thompson cheating scandal khloe kardashian is not buyi… #url# </document>
    <document> zayn malik confuses fans with gigi hadid love tweet what's going on between zayn malik and gigi hadid? the on-again… #url# </document>
    <document> you won't believe how much money property brothers' drew and jonathan scott made last year drew scott and jonathan… #url# </document>
    <document> teresa giudice tackles affair allusions, joe giudice deportation on the real housewives of new jersey reunion teres… #url# </document>
    <document> taylor kinney likes a shady comment about lady gaga on instagram for some hollywood shade, look no further than tay… #url# </document>
    <document> watch the first minute of pretty little liars: the perfectionists get ready to have a cello cover of "bad romance"… #url# </document>
    <document> taylor swift reveals the songs that helped her heal after "bad breakups" never underestimate the power of music. it… #url# </document>
    <document> you'll never guess kate middleton and prince william's nickname for princess charlotte princess charlotte's nicknam… #url# </document>
    <document> khloe kardashian says tristan thompson to blame for breakup, not jordyn woods khloe kardashian has had a change of… #url# </document>
    <document> why the jonas brothers needed to break up to come back stronger--and closer--than ever we're a sucker for a reunion… #url# </document>
    <document> bekah martinez shares photo of "beautiful little girl" one month after giving birth bekah martinez is giving everyo… #url# </document>
    <document> ben affleck and lindsay shookus step out for a stroll in nyc ben affleck and lindsay shookus were recently spotted… #url# </document>
    <document> how maddie poppe and caleb lee hutchinson are hitting all the right notes after american idol nearly one year later… #url# </document>
    <document> george h.w. bush's service dog sully begins new role at military hospital 3 months after president's death george h… #url# </document>
    <document> this beauty supplement is the reason people can't stop complimenting our skin around here we're always on the hunt… #url# </document>
    <document> courteney cox recreates classic friends scene in real life could this be any cuter? sometimes life imitates fiction… #url# </document>
    <document> jonas brothers reunite for first song 5 years after split: watch them perform "sucker" the rumors are true: the jon… #url# </document>
    <document> dj khaled to host 2019 nickelodeon kids' choice awards: see the complete list of nominations the 2019 nickelodeon k… #url# </document>
    <document> pete davidson kicks out show heckler over mac miller mention when a fan crosses the line, pete davidson doesn't pla… #url# </document>
    <document> kristin cavallari tested jay cutler's knowledge of her company &amp; it went just as hilarious as you'd think jay culte… #url# </document>
    <document> how priyanka chopra became one of india's leading female "trailblazers" aside from miss world 2000, movie and tv st… #url# </document>
    <document> something that happened: the history of bradley cooper and jennifer esposito's shockingly short marriage "ha" that'… #url# </document>
    <document> real housewives of atlanta's peter thomas arrested for alleged check fraud former real housewives of atlanta star p… #url# </document>
    <document> 90 day fiancé star larissa dos santos lima reveals her boyfriend's identity 90 day fiancé star larissa dos santos l… #url# </document>
    <document> you have to see nicki minaj's $450,000 rolls-royce nicki minaj is the proud owner of a new rolls-royce, worth an es… #url# </document>
    <document> grey's anatomy cast tells all: who's the funniest? who cries the easiest? who gets the crankiest? the cast of grey'… #url# </document>
    <document> pink shares sweet photo with kids at first show of new tour pink spent time with her two cutest fans before taking… #url# </document>
    <document> how justin bieber celebrated his 25th birthday it seems like a big group of people came down with a bad case of bie… #url# </document>
    <document> here are the frontrunners to be the next bachelorette: inside the decision-making process "a decision has not been… #url# </document>
    <document> how selma blair's multiple sclerosis diagnosis helped her find "humility and joy" in october, selma blair announced… #url# </document>
    <document> see what tyler henry really thinks about his khloe kardashian, tristan thompson &amp; jordyn woods prediction did tyler… #url# </document>
    <document> watch travis scott take an adorable phone call from kylie jenner on carpool karaoke kylie jenner makes a small came… #url# </document>
    <document> 5 things to know about playboy's 2019 playmate of the year jordan emanuel playboy is revealing the lucky girl who w… #url# </document>
    <document> katherine helmond dead: who's the boss? and soap star was 89 katherine helmond, who starred on the sitcoms soap and… #url# </document>
    <document> imagine dragons' dan reynolds reveals how hateful criticism contributed to his depression dan reynolds isn't biting… #url# </document>
    <document> the botched doctors have heartbreaking news for one famous patient paul nassif and terry dubrow made back-to-back s… #url# </document>
    <document> pink shares sweet photo with kids at first show of new tour pink spent time with her two cutest fans before taking… #url# </document>
    <document> bachelor nation's jade roper and tanner tolbert reveal her past miscarriage bachelor in paradise's jade roper tolbe… #url# </document>
    <document> ariana grande sends heartfelt message to her fans: you saved my life ariana grande is sending some love to her loya… #url# </document>
    <document> what do the kids of the grey's anatomy cast think of their parents' success? what's it like to have a parent on one… #url# </document>
    <document> ed sheeran reportedly marries cherry seaborn in a secret winter wedding ceremony love is in the air for ed sheeran… #url# </document>
    <document> watch miley cyrus infiltrate the rupaul's drag race work room miley cyrus is living the life on rupaul's drag race.… #url# </document>
    <document> zachary quinto and miles mcmillan break up after almost 6 years together zachary quinto and miles mcmillan are no m… #url# </document>
    <document> how maddie poppe and caleb lee hutchinson are hitting all the right notes after american idol nearly one year later… #url# </document>
    <document> inside jenni "jwoww" farley's impossibly tough year last year on feb. 27, jenni "jwoww" farley awoke to an instagra… #url# </document>
    <document> is jude law engaged? girlfriend phillipa coan sparks rumors with diamond ring will jude law be off the market soon?… #url# </document>
    <document> meghan markle's half-sister samantha markle slams her in new documentary meghan markle "doesn't have a heart" and i… #url# </document>
    <document> what the kardashians really think of jordyn woods' red table talk interview now that jordyn woods has spoken, what… #url# </document>
    <document> brie larson is our fashion hero! see her best looks before becoming captain marvel not all heroes wear capes on the… #url# </document>
    <document> michael j. fox opens up about health scares amid parkinson's disease battle it has been more than 20 years since mi… #url# </document>
    <document> christina perri reveals she "almost" relapsed in candid message about her "hardest" year yet christina perri has be… #url# </document>
    <document> it's pauly d like you've never seen him before: performing ballet game of clones, the latest crazy concept reality… #url# </document>
    <document> 7 of the biggest bombshells from jordyn woods' red table talk interview jordyn woods has opened up about the cheati… #url# </document>
    <document> captain marvel, madea, dumbo &amp; more: which march blockbuster are you going to see in theaters first? february has c… #url# </document>
    <document> johnny depp files $50 million lawsuit against amber heard johnny depp is taking amber heard to court over her alleg… #url# </document>
    <document> 90 day fiancé's colt johnson has a divorce party at strip club after larissa split 90 day fiancé's colt johnson is… #url# </document>
    <document> kate middleton shows her sporty side during belfast visit with prince william kate middleton and prince william kic… #url# </document>
    <document> fyre festival's andy king spills new details on that infamous oral sex scenario did anyone expect andy king to be t… #url# </document>
    <document> john mayer reveals the intimate thing he must do every day john mayer is getting personal with ellen degeneres. the… #url# </document>
    <document> noah centineo was finally on good trouble and oh boy oh how we have missed you, jesus. noah centineo made his good… #url# </document>
    <document> kim kardashian says she had ''one of the best days of her life'' with long island medium's theresa caputo kim karda… #url# </document>
    <document> will gendry take the throne? game of thrones star joe dempsie on those fan theories... move over jon snow and daene… #url# </document>
    <document> jonas brothers reunite for first song 5 years after split: watch them perform "sucker" the rumors are true: the jon… #url# </document>
    <document> the jonas brothers have secret concert days after releasing new song the jonas brothers are just burnin' up with ex… #url# </document>
    <document> the bachelor's whitney bischoff and husband ricky angel expecting first child together former bachelor star whitney… #url# </document>
    <document> married at first sight's danielle and bobby welcome baby girl and baby makes three! married at first sight stars da… #url# </document>
    <document> johnny depp claims amber heart cheated on him with elon musk johnny depp is accusing ex-wife amber heard of "spendi… #url# </document>
    <document> royal bartender! kate middleton pours a pint of beer in ireland anyone up for a royal pint? duchess of cambridge ka… #url# </document>
    <document> hailey baldwin sends her ''lover'' justin bieber a sweet message on his 25th birthday hailey baldwin has a special… #url# </document>
    <document> matthew mcconaughey's 3 stylish kids make a rare red carpet appearance alright, alright, alright--it's the mcconaug… #url# </document>
    <document> who won the masked singer? well now we know what happens when someone wins the masked singer! tonight's two-hour fi… #url# </document>
    <document> medium tyler henry responds to john oliver's recent criticism of hollywood psychics tyler henry isn't fazed by skep… #url# </document>
    <document> jennifer esposito sounds off on the bradley cooper "ha" comments jennifer esposito is clarifying what she meant whe… #url# </document>
    <document> travis scott deletes instagram account after denying he cheated on kylie jenner travis scott has deleted his instag… #url# </document>
    <document> cardi b channels her inner cowgirl in sexy pink outfit yeehaw! cardi b took a fashion turn to the southwest over th… #url# </document>
    <document> game of thrones final season posters revealed: who takes the throne? the final season of game of thrones is upon us… #url# </document>
    <document> taylor swift will be honored at the 2019 iheartradio music awards taylor swift continues to cement her reputation a… #url# </document>
    <document> sophie turner and jessica chastain harness their superpowers dark phoenix trailer sophie turner is looking for answ… #url# </document>
    <document> jordyn woods' new world: how her entire life changed in an instant two weeks ago jordyn woods was a name familiar t… #url# </document>
    <document> miley cyrus and liam hemsworth cuddle up on the red carpet the look of love! newlyweds liam hemsworth and miley cyr… #url# </document>
    <document> inside nikki bella's romantic date night with dancing with the stars' artem chignvintsev things are going strong be… #url# </document>
    <document> what's going on with the real housewives of beverly hills and a dog named lucy? as her new tagline indicated, it se… #url# </document>
    <document> brie larson meeting a mini captain marvel will make your day mini me, is that you? brie larson chatted with a young… #url# </document>
    <document> ariana grande sends heartfelt message to her fans: you saved my life ariana grande is sending some love to her loya… #url# </document>
   
>
      <document> good girl stars tease season 2's 'sexy twists' and surprising revelations who doesn't love 'sexy twists'? this is w… #url# </document>
    <document> ariana grande and ex boyfriend big sean reunite 4 years after split thanks, next? not so fast! ariana grande raise… #url# </document>
    <document> what jordyn woods said to khloe kardashian and kylie jenner after the cheating scandal jordyn woods is opening about him... #url# </document>
    <document> haley struggles to master the basics of baby in modern family directed by julie bowen julie bowen of modern family has a new… #url# </document>
    <document> danielle staub postpones wedding to oliver maier days after announcing engagement Danielle staub's upcoming wedding… #url# </document>
    <document> do this for the 'gram! ladygang girls prove you can bring envy-inducing social media snaps everywhere ladygang ga… #url# </document>
    <document> why fans think taylor swift and katy perry are collaborating taylor swift and katy perry are collaborating for a new s… #url# </document>
    <document> riverdale's luke perry hospitalized after stroke luke perry was hospitalized in los angeles on wednesday after suff… #url# </document>
    <document> ariana grande denies exploiting lgbtq community by performing at manchester pride ariana grande is at… #url# </document>
    <document> 100 Stars Bob Morley Addresses 'Fat Shaming' On Social Media, Opens Up About Depression 100 Stars Bob Morley Has A... #url# </document>
    <document> Amanda Bynes checks into a mental health facility after a relapse Amanda Bynes is getting help. the 32-year-old actress… #url# </document>
    <document> jordyn woods breaks her silence on tristan thompson cheating scandal jordyn woods is breaking her silence amid cheating... #url# </document>
    <document> taylor swift reveals songs that helped her heal after 'bad breakups' never underestimate the power of music. en… #url# </document>
    <document> first comes love, then comes marriage? Inside the future of jennifer lopez and alex rodriguez's red-hot romance jen… #url# </document>
    <document> Imagine Dragons' Dan Reynolds Reveals How Hateful Criticisms Contributed to His Depression Dan Reynolds isn't biting... #url# </document>
    <document> Wynonna Earp fans rally to save show with billboard in Times Square Fans of Syfy's hit series Wynonna Earp have b… #url# </document>
    <document> khloe kardashian accuses jordyn woods of lying about tristan thompson cheating scandal khloe kardashian isn't buying… #url# </document>
    <document> zayn malik confuses fans with gigi hadid love tweet what's going on between zayn malik and gigi hadid? the again... #url# </document>
    <document> You won't believe how much money property brothers Drew and Jonathan Scott made last year Drew Scott and Jonathan... #url# </document>
    <document> teresa judge addresses the allusions to the story, the deportation of joe judge on the real housewives of the reunion of new jersey teres… #url# </document>
    <document> taylor kinney likes shady lady gaga comment on instagram for some hollywood flair, look no further than tay… #url# </document>
    <document> watch the first minute of Pretty Little Liars: perfectionists prepare to have a cello cover of "bad romance"… #url# </document>
    <document> taylor swift reveals songs that helped her heal after 'bad breakups' never underestimate the power of music. en… #url# </document>
    <document> You'll never guess Kate Middleton and Prince William's nickname for Princess Charlotte Princess Charlotte's nickname… #url# </document>
    <document> khloe kardashian says breakup was blamed on Tristan Thompson, not Jordyn Woods khloe kardashian had a change of... #url# </document>
    <document> why the Jonas Brothers needed to disband to come back stronger - and more united - than ever, we're hooked on a reunion... #url# </document>
    <document> bekah martinez shares photo of 'beautiful baby' one month after giving birthbekah martinez is giving everyone… #url# </document>
    <document> ben affleck and lindsay shookus go out for a walk in NYC ben affleck and lindsay shookus were spotted recently... #url# </document>
    <document> how maddie poppe and caleb lee hutchinson are hitting all the right notes after american idol nearly a year later... #url# </document>
    <document> george h.w. Sully, Bush's service dog, begins a new role at the military hospital 3 months after the death of President George H… #url# </document>
    <document> this beauty supplement is why people can't stop complimenting our skin around here, we are always on the hunt... #url# </document>
    <document> courteney cox recreates the classic real life friends scene could it be cuter? sometimes life imitates fiction... #url# </document>
    <document> jonas brothers reunite for first song 5 years after disbandment: watch them perform "sucker" the rumors are true: the jon… #url# </document>
    <document> dj khaled to host nickelodeon kids' choice awards 2019: see full list of nominations for nickelodeon k… #url# 2019 </document>
    <document> pete davidson kicks heckler show over mac miller mention when a fan crosses the line, pete davidson doesn't pla… #url# </document>
    <document> kristin cavallari tested Jay Cutler's knowledge of his company and his company. got to be as hilarious as you might think jay culte… #url# </document>
    <document> how Priyanka Chopra became one of India's leading female "trainees" apart from Miss World 2000, film and TV star... #url# </document>
    <document> Something That Happened: The Incredibly Short Marriage Story Between Bradley Cooper and Jennifer Esposito "ah" what'… #url# </document>
    <document> Real Housewives of Atlanta peter thomas arrested for alleged check fraud ex Real Housewives of Atlanta star p… #url# </document>
    <document>90 Day Fiancé Star Larissa dos Santos Lima Reveals Identity of Her Fiancé 90 Day Fiancé Star Larissa dos Santos L… #url# </document>
    <document> You Must See Nicki Minaj's $450,000 Rolls-Royce Nicki Minaj is the proud owner of a new Rolls-Royce, which is worth a… #url# </document>
    <document> Grey's anatomy says it all: who's the funniest? who cries more easily? who gets the crankiest? the cast of grey'… #url# </document>
    <document> pink shares sweet photo with kids at first show of new tour pink spent time with her two cutest fans before snapping… #url# </document>
    <document> how justin bieber celebrated his 25th birthday it seems like a large group of people have had a bad case of bie... #url# </document>
    <document> here are the favorites to be the next bachelorette party: within the decision making process "a decision was not... #url# </document>
    <document>How Selma Blair's Multiple Sclerosis Diagnosis Helped Her Find "Humility and Joy" in October, Selma Blair Announced... #url# </document>
    <document> see what tyler henry really thinks of his khloe kardashian, tristan thompson &amp; jordyn woods prediction made tyler… #url# </document>
    <document> watch travis scott answer a lovely phone call from kylie jenner on carpool karaoke kylie jenner makes a little came... #url# </document>
    <document> 5 Things to Know About Playboy's 2019 Playmate of the Year Jordan Emanuel Playboy is revealing the lucky girl he has… #url# </document>
    <document> Katherine Helmond dead: who's boss? and star of the soap was 89 Katherine Helmond, who starred in the soap sitcom and… #url# </document>
    <document> Imagine Dragons' Dan Reynolds Reveals How Hateful Criticisms Contributed to His Depression Dan Reynolds isn't biting... #url# </document>
    <document> failed doctors have heartbreaking news for a famous patient paul nassif and terry dubrow made two consecutive jokes... #url# </document>
    <document> pink shares sweet photo with kids at first show of new tour pink spent time with her two cutest fans before snapping… #url# </document>
    <document> bachelor nation jade rope and tanner tolbert reveals his past miscarriage bachelor in jade roper tolbe of heaven... #url# </document>
    <document> ariana grande sends heartfelt message to her fans: you saved my life ariana grande sends her loya some love... # url # </ document>
    <document> what do the boys in the cast of Grey's Anatomy think of their parents' success? what is it like to have a parent on one… #url# </document>
    <document> Ed Sheeran is reportedly marrying Cherry Seaborn in a secret winter wedding, love is in the air for Ed Sheeran… #url# </document>
    <document> watch miley cyrus infiltrate rupaul's drag race workroom miley cyrus is living life in rupaul's drag race.… #url# </document>
    <document> zachary fifth and miles mcmillan break up after almost 6 years together zachary fifth and miles mcmillan are not m… #url# </document>
    <document> how maddie poppe and caleb lee hutchinson are hitting all the right notes after american idol nearly a year later... #url# </document>
    <document> Inside Jenni "jwoww" Farley's Incredibly Tough Year Last Year Feb. 27, jenni "jwoww" farley woke up to an instagram... #url# </document>
    <document> Is Jude Law busy? girlfriend phillipa coan sparks rumors with diamond ring jude law will be out of business soon?... #url# </document>
    <document>Meghan Markle's stepsister Samantha Markle criticizes her in new documentary Meghan Markle 'has no heart' and I… #url# </document>
    <document> what the Kardashians really think about Jordyn Woods' red table interview now that Jordyn Woods has spoken, what... #url# </document>
    <document> brie larson is our fashion hero! see his best look before becoming Captain Marvel not all heroes wear capes on the… #url# </document>
    <document> michael j. fox opens up about health fears during battle with parkinson's disease it's been over 20 years since i… #url# </document>
    <document> christina perri reveals she "almost" relapsed in candid message about her "hardest" year yet christina perri was... #url# </document>
    <document> is Pauly D like you've never seen him before: performing a ballet game of clones, the latest crazy conceptual reality... #url# </document>
    <document> 7 of the Biggest Exploding News from Jordyn Woods' Red Table Interview Jordyn Woods opened up about cheating… #url# </document>
    <document> captain marvel, madea, dumbo &amp; more: which march blockbuster will you see in theaters first? February has c… #url# </document>
    <document> Johnny Depp Files $50 Million Lawsuit Against Amber Heard Johnny Depp is taking Amber Heard to court over her allegation… #url# </document>
    <document>90 Day Fianc's Colt Has Divorce Party At Strip Club After Larissa Splits Up 90 Day Fiancé's Colt Is… #url# </document>
    <document> kate middleton shows off her sporty side while visiting belfast with prince william kate middleton and prince william kic… #url# </document>
    <document> fyre festival's andy king unveils new details on that infamous oral sex scenario someone expected andy king to be t… #url# </document>
    <document> john mayer reveals the intimate thing he has to do every day john mayer is getting personal with ellen degeneres. the… #url# </document>
    <document> noah centineo was finally in trouble and oh boy oh how we missed you jesus. noah centineo did his good… #url# </document>
    <document> kim kardashian says she had "one of the best days of her life" with Long Island psychic Theresa Caputo Kim Karda... #url# </document>
    <document> Will Gendry take the throne? Game of Thrones star Joe Dempsie on those fan theories... move on to Jon Snow and Daene... #url# </document>
    <document> jonas brothers reunite for first song 5 years after disbandment: watch them perform "sucker" the rumors are true: the jon… #url# </document>
    <document> Jonas Brothers Have Secret Concert Days After New Song Release The Jonas Brothers Are Burning With Ex… #url# </document>
    <document> bachelor Whitney Bischoff and husband ricky angel expecting first child together former bachelor star Whitney… #url# </document>
    <document> danielle and bobby married at first sight welcome baby girl and baby boy is three! married at first sight stars from… #url# </document>
    <document> johnny depp claims Amber Heart cheated on him with Elon Musk johnny depp is accusing ex-wife Amber of hearing “spend… #url# </document>
    <document> real bartender! Kate Middleton pours a pint in Ireland, anyone fancy a royal pint? duchess of cambridge ka… #url# </document>
    <document> hailey baldwin sends her ''lover'' justin bieber a sweet message on his 25th birthday hailey baldwin has a special… #url# </document>
    <document> matthew mcconaughey's 3 stylish sons make rare red carpet appearance alright alright alright--it's the mcconaug… #url# </document>
    <document> who won the masked singer? well now we know what happens when someone wins the masked singer! two hours tonight fi… #url# </document>
    <document> medium tyler henry responds to john oliver's recent criticism of hollywood psychics tyler henry isn't fazed by skep… #url# </document>
    <document> jennifer esposito plays on bradley cooper's comment "has" jennifer esposito is clarifying what she meant when... #url# </document>
    <document> travis scott delete instagram account after denying cheating kylie jenner travis scott deleted his instagram… #url# </document>
    <document> cardi b channels her inner cowgirl in sexy pink dress yeehaw! Cardi B took a trendy southwest turn during the... #url# </document>
    <document> Game of Thrones Final Season Posters Revealed: Who Takes the Throne? the last season of Game of Thrones is upon us... #url# </document>
    <document> taylor swift to be honored at iheartradio music awards 2019 taylor swift continues to cement her reputation at… #url# </document>
    <document> sophie turner and jessica chastain harness their superpowers dark phoenix trailer sophie turner is looking for an answer… #url# </document>
    <document> Jordyn Woods' New World: How Her Entire Life Changed in an Instant Two Weeks Ago Jordyn Woods was a household name t… #url# </document>
    <document> miley cyrus and liam hemsworth cuddle on the red carpet with the look of love! newlyweds Liam Hemsworth and Miley Cyr… #url# </document>
    <document> inside nikki bella's romantic date with artem chignvintsev from dancing with the stars things are going great be… #url# </document>
    <document> what's going on with the real housewives of beverly hills and a dog named lucy? as its new tagline indicated, if… #url# </document>
    <document> brie larson meeting a mini captain marvel will make your day mini me, is that you? brie larson chatted with a young… #url# </document>
    <document> ariana grande sends heartfelt message to her fans: you saved my life ariana grande sends some love to her loya... #url# </document>