 >
      <document> how to draw anime shirts ann arbor #url# #url# </document>
    <document> how to tie a tie in 5 easy steps modesto #url# #url# </document>
    <document> how to draw a number dog salt lake city #url# #url# </document>
    <document> how to draw a dog 5553 rochester #url# #url# </document>
    <document> how to draw a dog w the word dog norman #url# #url# </document>
    <document> how to draw a dog art hub athens #url# #url# </document>
    <document> how to tie a tie wedding lexington #url# #url# </document>
    <document> how to draw a realistic dog worcester #url# #url# </document>
    <document> how to tie a 4 fold stock tie montgomery #url# #url# </document>
    <document> how to tie a tie complex richmond #url# #url# </document>
    <document> how to draw anime step by step easy lowell #url# #url# </document>
    <document> how to tie a tie 101 greensboro #url# #url# </document>
    <document> how to draw anime wolf boy paterson #url# #url# </document>
    <document> how to draw anime jawlines phoenix #url# #url# </document>
    <document> how to draw a dog golden retriever anchorage #url# #url# </document>
    <document> how to tie a tie visual lafayette #url# #url# </document>
    <document> how to draw anime girl thousand oaks #url# #url# </document>
    <document> how to tie a tie half windsor daly city #url# #url# </document>
    <document> how to draw a dog house step by step escondido #url# #url# </document>
    <document> 5 steps to draw a dog san bernardino #url# #url# </document>
    <document> how to tie a tie wedding centennial #url# #url# </document>
    <document> how to draw a dog with 6 circles naperville #url# #url# </document>
    <document> how to draw a dog german shepherd gainesville #url# #url# </document>
    <document> how to tie a tie video half windsor grand rapids #url# #url# </document>
    <document> how to tie a tie quilt tyler #url# #url# </document>
    <document> 8 ways to tie a tie oakland #url# #url# </document>
    <document> how to draw a dog donut evansville #url# #url# </document>
    <document> how to tie a tie with a dimple huntsville #url# #url# </document>
    <document> how to draw a dog with sunglasses lafayette #url# #url# </document>
    <document> how to draw anime running ann arbor #url# #url# </document>
    <document> how to tie a tie beginner brownsville #url# #url# </document>
    <document> how to tie a tie harry potter peoria #url# #url# </document>
    <document> how to draw a anime character kansas city #url# #url# </document>
    <document> how to draw anime in 5 minutes indianapolis #url# #url# </document>
    <document> how to tie a tie video mirror view frisco #url# #url# </document>
    <document> how to draw a cute kawaii / chibi elephant holding a pig balloon easy steps drawing lesson for kids… #url# </document>
    <document> how2 tie a tie annoying orange chula vista #url# #url# </document>
    <document> w to tie a bow tie austin #url# #url# </document>
    <document> how to draw a vampire dog detroit #url# #url# </document>
    <document> how to draw anime dragon greensboro #url# #url# </document>
    <document> how to draw anime faces antioch #url# #url# </document>
    <document> how to draw a dog out of a 5 west valley city #url# #url# </document>
    <document> how to draw anime kissing antioch #url# #url# </document>
    <document> how to draw a dog very easy santa clara #url# #url# </document>
    <document> how to draw a dog that is cute costa mesa #url# #url# </document>
    <document> how to tie a tie in 8 seconds aurora #url# #url# </document>
    <document> how 2 draw dog face athens #url# #url# </document>
    <document> how to tie a tie 2019 corpus christi #url# #url# </document>
    <document> how to tie a tie 4 ways little rock #url# #url# </document>
    <document> how to draw a dog house step by step buffalo #url# #url# </document>
    <document> how to tie a tie picture steps lakewood #url# #url# </document>
    <document> how 2 tie a tie knot fresno #url# #url# </document>
    <document> how to draw a dog doing the dab berkeley #url# #url# </document>
    <document> how to tie a tie harry potter sioux falls #url# #url# </document>
    <document> how to tie a tie a shoe tempe #url# #url# </document>
    <document> how to tie a tie 3 steps worcester #url# #url# </document>
    <document> how to draw anime on ipad davenport #url# #url# </document>
    <document> audi’s e-tron becomes first electric car to win top safety award #url# #url# </document>
    <document> how 2 draw anime cat girl stockton #url# #url# </document>
    <document> youtube how to tie a tie fairfield #url# #url# </document>
    <document> how to draw anime pants springfield #url# #url# </document>
    <document> how to draw a dog narrated step by step torrance #url# #url# </document>
    <document> how to tie a tie right handed buffalo #url# #url# </document>
    <document> how 2 tie a tie cambridge #url# #url# </document>
    <document> how to draw a dog mouth henderson #url# #url# </document>
    <document> 7 ways to tie a tie chicago #url# #url# </document>
    <document> how to draw a cute cuddle team leader from fortnite #url# #url# </document>
    <document> how to tie a tie up shirt akron #url# #url# </document>
    <document> how to draw a dog complex san jose #url# #url# </document>
    <document> how to draw a dog yorkie las cruces #url# #url# </document>
    <document> 5 new ways to tie a tie wilmington #url# #url# </document>
    <document> how to draw a dog that looks real midland #url# #url# </document>
    <document> how to tie a tie a full windsor knot akron #url# #url# </document>
    <document> how to tie a tie gentleman irvine #url# #url# </document>
    <document> how to draw a dog colored pencils salt lake city #url# #url# </document>
    <document> how to draw a dog that looks real west valley city #url# #url# </document>
    <document> how to draw a dog art ala carte new haven #url# #url# </document>
    <document> how to tie a tie narrow knot aurora #url# #url# </document>
    <document> how to draw anime smile wichita #url# #url# </document>
    <document> how to draw a dog using the word dog clovis #url# #url# </document>
    <document> how to draw a dog with circles pasadena #url# #url# </document>
    <document> how to draw a cartoon dog youtube montgomery #url# #url# </document>
    <document> how to draw a cartoon dog video hillsboro #url# #url# </document>
    <document> how to draw a dog and cat step by step carrollton #url# #url# </document>
    <document> how to tie a tie kid sandy springs #url# #url# </document>
    <document> how to draw a dog real easy allentown #url# #url# </document>
    <document> how to tie a tie in 2 minutes sunnyvale #url# #url# </document>
    <document> how to draw anime profile atlanta #url# #url# </document>
    <document> how to tie a tie 30 ways temecula #url# #url# </document>
    <document> how to tie a tie to a bow tie cambridge #url# #url# </document>
    <document> how to draw a dog collar renton #url# #url# </document>
    <document> how to draw the zodiac dog midland #url# #url# </document>
    <document> how to tie a tie a bandana fairfield #url# #url# </document>
    <document> how to tie a tie quick brownsville #url# #url# </document>
    <document> how to tie a tie rose knot vancouver #url# #url# </document>
    <document> how to draw a dog tail oxnard #url# #url# </document>
    <document> how to tie a bow tie h&amp;m syracuse #url# #url# </document>
    <document> how to draw a dog from behind boulder #url# #url# </document>
    <document> how to tie a 2 half hitch lexington #url# #url# </document>
    <document> how to draw anime people san jose #url# #url# </document>
   
>
      <document> how to draw ann arbor anime shirts #url# #url# </document>
    <document> how to tie a tie in 5 simple steps modest #url# #url# </document>
    <document> how to draw a number dog salt lake city #url# #url# </document>
    <document> how to draw a dog 5553 rochester #url# #url# </document>
    <document> how to draw a dog with the word dog norman #url# #url# </document>
    <document> how to draw a dog art hub athens #url# #url# </document>
    <document> how to tie a lexington wedding tie #url# #url# </document>
    <document> how to draw a realistic worcester dog #url# #url# </document>
    <document> how to tie a 4 folds montgomery tie #url# #url# </document>
    <document> how to tie a complex richmond tie #url# #url# </document>
    <document> how to draw anime step by step easy lowell #url# #url# </document>
    <document> how to tie a tie 101 greensboro #url# #url# </document>
    <document> how to draw anime wolf boy paterson #url# #url# </document>
    <document> how to draw anime phoenix jaws #url# #url# </document>
    <document> how to draw a golden retriever dog anchor #url# #url# </document>
    <document> how to tie a visual lafayette tie #url# #url# </document>
    <document> how to draw thousand oaks anime girl #url# #url# </document>
    <document> how to tie a windsor daly half tie city #url# #url# </document>
    <document> how to draw a doghouse step by step escondido #url# #url# </document>
    <document> 5 steps to draw a Saint Bernard dog #url# #url# </document>
    <document> how to tie a 100th anniversary tie #url# #url# </document>
    <document> how to draw a dog with 6 circles naperville #url# #url# </document>
    <document> how to draw a german shepherd dog gainesville #url# #url# </document>
    <document> how to tie a half windsor grand rapids video tie #url# #url# </document>
    <document> how to tie a tie quilt tyler #url# #url# </document>
    <document> 8 ways to tie an oakland tie #url# #url# </document>
    <document> how to draw a dog donut evansville #url# #url# </document>
    <document> how to tie a dimple tie huntsville #url# #url# </document>
    <document> how to draw a dog with lafayette sunglasses #url# #url# </document>
    <document> how to draw anime running ann arbor #url# #url# </document>
    <document> how to tie a beginner tie brownsville #url# #url# </document>
    <document> how to tie a harry potter peoria tie #url# #url# </document>
    <document> how to draw anime character kansas city #url# #url# </document>
    <document> how to draw anime in 5 minutes indianapolis #url# #url# </document>
    <document> how to tie a tie video mirror view frisco #url# #url# </document>
    <document> how to draw a cute kawaii / chibi elephant holding a piglet balloon simple steps drawing lesson for kids... #url# </document>
    <document> how2 tie a tie annoying orange chula vista #url# #url# </document>
    <document> where to tie an austin bow tie #url# #url# </document>
    <document> how to draw a vampire dog detroit #url# #url# </document>
    <document> how to draw greensboro anime dragon #url# #url# </document>
    <document> how to draw faces of souls antioch #url# #url# </document>
    <document> how to draw a dog from a 5 west valley town #url# #url# </document>
    <document> how to draw souls kissing antioch #url# #url# </document>
    <document> how to draw a dog very easy santa clara #url# #url# </document>
    <document> how to draw a dog that is cute costs mesa #url# #url# </document>
    <document> how to tie a tie in 8 seconds aurora #url# #url# </document>
    <document> how 2 draw dog face athens #url# #url# </document>
    <document> how to tie a tie 2019 corpus christi #url# #url# </document>
    <document> how to tie a tie in 4 little rock ways #url# #url# </document>
    <document> how to draw a doghouse step by step buffalo #url# #url# </document>
    <document> how to tie a tie picture steps lakewood #url# #url# </document>
    <document> how to 2 tie a knot in the fresno tie #url# #url# </document>
    <document> how to draw a dabbing dog berkeley #url# #url# </document>
    <document> how to tie a harry potter sioux tie falls #url# #url# </document>
    <document> how to tie a tie to a shoe tempe #url# #url# </document>
    <document> how to tie a tie 3 steps worcester #url# #url# </document>
    <document> how to draw anime on ipad davenport #url# #url# </document>
    <document> Audi e-tron becomes first electric car to win top safety award #url# #url# </document>
    <document> how 2 draw anime cat girl stockton #url# #url# </document>
    <document> youtube how to tie a fairfield tie #url# #url# </document>
    <document> how to draw springfield anime pants #url# #url# </document>
    <document> how to draw a dog told step by step torrance #url# #url# </document>
    <document> how to tie a tie with the right hand buffalo #url# #url# </document>
    <document> how 2 tie a tie cambridge #url# #url# </document>
    <document> how to draw a dog's mouth henderson #url# #url# </document>
    <document> 7 ways to tie a chicago tie #url# #url# </document>
    <document> how to draw a cute cuddle squad leader from fortnite #url# #url# </document>
    <document> how to tie a shirt with laces akron #url# #url# </document>
    <document> how to draw a san jose complex dog #url# #url# </document>
    <document> how to draw a dog yorkie las cruces #url# #url# </document>
    <document> 5 new ways to tie a wilmington tie #url# #url# </document>
    <document> how to draw a dog that looks real midland #url# #url# </document>
    <document> how to tie a tie with a full windsor knot akron #url# #url# </document>
    <document> how to tie a gentleman tie irvine #url# #url# </document>
    <document> how to draw a dog with colored pencils Salt Lake City #url# #url# </document>
    <document> how to draw a dog that looks like a real west valley city #url# #url# </document>
    <document> how to draw a dog art ala carte new haven #url# #url# </document>
    <document> how to tie a tight knot aurora tie #url# #url# </document>
    <document> how to draw anime smile wichita #url# #url# </document>
    <document> how to draw a dog using the word dog clovis #url# #url# </document>
    <document> how to draw a dog with circles pasadena #url# #url# </document>
    <document> how to draw a cartoon dog youtube montgomery #url# #url# </document>
    <document> video on how to draw a cartoon dog hillsboro #url# #url# </document>
    <document> how to draw a dog and a cat step by step carrollton #url# #url# </document>
    <document> how to tie a kid sandy springs tie #url# #url# </document>
    <document> how to draw a really easy dog allentown #url# #url# </document>
    <document> how to tie a tie in 2 minutes sunnyvale #url# #url# </document>
    <document> how to draw anime profile atlanta #url# #url# </document>
    <document> how to tie a tie in 30 ways temecula #url# #url# </document>
    <document> how to tie a tie to a bow tie cambridge #url# #url# </document>
    <document> how to draw a dog collar renton #url# #url# </document>
    <document> how to draw midland zodiac dog #url# #url# </document>
    <document> how to tie a tie to a fairfield bandana #url# #url# </document>
    <document> how to tie a tie quickly brownsville #url# #url# </document>
    <document> how to tie a pink knot vancouver tie #url# #url# </document>
    <document> how to draw a dog tail oxnard #url# #url# </document>
    <document> how to tie a h&amp;m bow tie syracuse #url# #url# </document>
    <document> how to draw a dog from behind the boulder #url# #url# </document>
    <document> how to bind a lexington to 2 half knots #url# #url# </document>
    <document> how to draw anime san jose people #url# #url# </document>