 
      <document> instyle: meghan markle and prince harry reveal the one moment of their wedding they will treasure forever #url# </document>
    <document> instyle: meghan markle proves she's a total fangirl with this sneaky snap she took of prince harry #url# </document>
    <document> instyle: 5 easyways to wear patent leather without looking too flashy #url# </document>
    <document> instyle: prince charles just made a rare comment about grandson prince george #url# </document>
    <document> instyle: here's everything you need to know about steve kazee jenna dewan's new boyfriend #url# </document>
    <document> instyle: here's what it's really like to attend heidi klum's halloween party #url# </document>
    <document> john glenn returns to space on the sts-95 mission via nasa #url# #url# </document>
    <document> instyle: meghan markle's mom doria ragland pulled a total mom move on oscar de la renta's creative team #url# </document>
    <document> instyle: the best new movies to go see this november #url# </document>
    <document> instyle: look of the day #url# </document>
    <document> instyle: john mayer shares some candid confessions about his sex life  but admits he gets rejected too #url# </document>
    <document> instyle: on keeping up with the kardashians kim and kylie commiserate on the pressureto bounce back after baby #url# </document>
    <document> instyle: the 9 best places to shop for affordable cashmere #url# </document>
    <document> instyle: 90 day fiance just proved that shirtless airport dancing is the only acceptable form of romance #url# </document>
    <document> instyle: nothing is cuter than khloe kardashian's baby true wearing halloween onesies #url# </document>
    <document> instyle: are you ready to try "fifth base" #url# </document>
    <document> instyle: prince harry's nickname for the royal baby will melt your stone cold heart #url# </document>
    <document> instyle: multilingual cardi b wants her daughter to speak four languages #url# </document>
    <document> instyle: thredup just launched a clothing line designed to be resold again and again #url# </document>
    <document> instyle: jon bon jovi has some surprisingly strong opinions about kim kardashian #url# </document>
    <document> instyle: miranda lambert's new music video isn't holding anything back against blake shelton #url# </document>
    <document> instyle: the targetblack friday ad has 52 pages of deals and you can shop a few today #url# </document>
    <document> instyle: prince charles and camilla are giving meghan and harry a run for their money in the pda department #url# </document>
    <document> wikipedia picture of the day on november 2, 2018: sunset over the ancient town of kourion near limassol, cyprus. #url# </document>
    <document> wikipedia picture of the day on november 1, 2018: balzhinima tsyrempilov shooting from the buryat bow. photographed… #url# </document>
    <document> instyle: 5 issues you didn't realize were up for a vote in the midterms #url# </document>
    <document> instyle: how meghan markle's first royal tour compares to princess diana's #url# </document>
    <document> instyle: kylie jenner is insecure about post-baby body at first photo shoot since stormi #url# </document>
    <document> wikipedia picture of the day on october 28, 2018: this color-enhanced image of a massive, raging storm in jupiter's… #url# </document>
    <document> instyle: zoe kravitz recreates mom lisa bonet's nude rolling stone shoot 30 years later #url# </document>
    <document> instyle: iman naomi watts savannah guthrie and at least one "zany redhead" this is how michael kors throws a dinner… #url# </document>
    <document> instyle: meghan markle's super comfy slippers just became easier to buy #url# </document>
    <document> instyle: gwyneth paltrow did not sugarcoat her experiences with perimenopause #url# </document>
    <document> instyle: reese witherspoon isn't a blonde anymore #url# </document>
    <document> wikipedia picture of the day on october 31, 2018: altar of the collegiate church of the protestant heiligengrabe mo… #url# </document>
    <document> instyle: 12 fashionable gifts for the wellness-obsessed #url# </document>
    <document> instyle: whitney port hopes the hills reboot shows the cast's real struggles #url# </document>
    <document> instyle: here's what kristin davis thinks sex and the city would look like in 2018 #url# </document>
    <document> instyle: a princess just gave up royalty to marry a commoner #url# </document>
    <document> ver "frank sinatra - "jingle bells" (concert collection)" en youtube #url# </document>
    <document> instyle: justin timberlake and jessica biel kept dating other people after meeting #url# </document>
    <document> instyle: kris jenner is not a fan of this fashion trend popularized by daughter kim kardashian #url# </document>
    <document> instyle: priyanka chopraserves up another bridal-inspired look at her bachelorette party #url# </document>
    <document> instyle: kate middleton dressed like james bond right before halloween #url# </document>
    <document> instyle: what meghan markles 12000 tattoo necklace is really saying to the world #url# </document>
    <document> instyle: prince harry and prince william's brotherly "double act" is coming to a close #url# </document>
    <document> instyle: here's why steve madden just called out nicki minaj on twitter #url# </document>
    <document> instyle: ben affleck and jennifer garner went to the world series weeks after finalizing their divorce #url# </document>
    <document> instyle: the 14best puffer coats to shop this season #url# </document>
    <document> r leporis: a vampire's star via nasa #url# #url# </document>
    <document> instyle: prince william and prince harry are kind of slacking when it comes to royal "jobs" #url# </document>
    <document> instyle: meghan markle gave an impromptu speech at invictus games closing ceremony and nailed it #url# </document>
    <document> instyle: the best drugstore acne products according to reddit #url# </document>
    <document> a new view of our starry night via nasa #url# #url# </document>
    <document> instyle: stacey abrams understands why young people don't vote #url# </document>
    <document> instyle: 7 genius ways to prevent wrinkles while you sleep #url# </document>
    <document> instyle: 5 side effects of sex that seem weird but are totally normal #url# </document>
    <document> wikipedia picture of the day on november 4, 2018: lvm insurance, münster, north rhine-westphalia, germany #url# </document>
    <document> wikipedia picture of the day on november 3, 2018: the main office complex of the adac (general german automobile cl… #url# </document>
    <document> instyle: jennifer lopez knows she's at the top of her game #url# </document>
    <document> instyle: winter might be cold but these 5 hair color trends are hot #url# </document>
    <document> instyle: sarah jessica parker is not here for more kim catrall drama #url# </document>
    <document> instyle: there are laws about what you can wear to vote #url# </document>
    <document> instyle: jenna dewan officially files for divorce from channing tatum #url# </document>
    <document> instyle: removing gel nail polish at home has never been easier thanks to this tool #url# </document>
    <document> posted a new blog: san miguel arcangel #url# </document>
    <document> instyle: ariana grande had mac millers dog and his hoodie to keep her company last night #url# </document>
    <document> instyle: nicole kidman reveals why she and lenny kravitz called off their engagement #url# </document>
    <document> instyle: for 24 hours only kate spades selling matching bag and wallet sets for less than 150 #url# </document>
    <document> instyle: 25 celebrity hair and makeup looks to get you through the holiday season #url# </document>
    <document> the international space station as of oct. 4, 2018 via nasa #url# #url# </document>
    <document> instyle: mindy kaling shares the first-ever photo of her 10-month-old katherine #url# </document>
    <document> wikipedia picture of the day on october 27, 2018: a black-headed lapwing (vanellus tectus tectus) in the west afric… #url# </document>
    <document> instyle: jamie lee curtis stole opioids from her sister  and her sister's reaction helped save her life #url# </document>
    <document> instyle: 8 moisturizers that'll get rid of redness #url# </document>
    <document> instyle: everything to stream on netflix this november #url# </document>
    <document> instyle: meghan markle wore a fully see-through skirt on the last day of her royal tour #url# </document>
    <document> happy birthday, michael collins! via nasa #url# #url# </document>
    <document> instyle: 6 things to know before you get fertility testing #url# </document>
    <document> instyle: the 16best food subscription boxes that make awesome last minute gifts #url# </document>
    <document> orion’s european service module to arrive for first mission via nasa #url# #url# </document>
    <document> instyle: pregnancy can lower your risk of this type of cancer #url# </document>
    <document> instyle: kate hudson celebrated her daughter's major milestone with a heart melting photo #url# </document>
    <document> instyle: jenna dewan engages in pda with her new mystery man at halloween party #url# </document>
    <document> instyle: priyanka chopra wore white feathers to her bridal shower at tiffany's #url# </document>
    <document> wikipedia picture of the day on october 30, 2018: schematic representation of the two methods with which to assembl… #url# </document>
    <document> instyle: a new documentary details exactly why prince charles is the "pampered prince" #url# </document>
    <document> instyle: did prince harry just grab meghan markle's butt in public #url# </document>
    <document> instyle: why women need net neutrality #url# </document>
    <document> instyle: this is us just had its best episode of the season  here's why #url# </document>
    <document> instyle: justin bieber just shaved off all his hair #url# </document>
    <document> instyle: demi moore offers powerful words of support while speaking on her recovery #url# </document>
    <document> instyle: these 5 key pieces will transition your fall wardrobe into winter #url# </document>
    <document> airglow borealis via nasa #url# #url# </document>
    <document> instyle: kylie jenner's halloween throwback puts her then-secret baby bump on sparkly display #url# </document>
    <document> instyle: meghan markle delivers speech on women's suffrage in custom gabriela hearst lbd #url# </document>
    <document> instyle: how to choose jewelry to match your wedding day look #url# </document>
    <document> instyle: 30 holiday party dresses for every event on your calendar #url# </document>
    <document> instyle: juan pablo di pace just earned his second perfect score on dancing with the stars #url# </document>
    <document> instyle: meghan markle wore a 56 asos maternity dress and it's still in stock #url# </document>
    
<document> instyle: meghan markle and prince harry reveal the one moment of their wedding they will treasure forever #url# </document>
    <document> instyle: Meghan Markle proves she's a total fangirl with this sneaky snap she took of Prince Harry #url# </document>
    <document> instyle: 5 easy ways to wear patent leather without looking too flashy #url# </document>
    <document> instyle: Prince Charles just made a rare comment about grandson Prince George #url# </document>
    <document> instyle: Here's everything you need to know about Steve Kazee Jenna Dewan's new boyfriend #url# </document>
    <document> instyle: this is what it really is like to attend heidi klum's halloween party #url# </document>
    <document> john glenn returns to space with the sts-95 mission via nasa #url# #url# </document>
    <document> instyle: doria ragland, the mother of meghan markle, gave the creative team at oscar de la renta #url# </document> a total boost
    <document> instyle: the best new movies in November #url# </document>
    <document> instyle: Look of the day #url# </document>
    <document> instyle: john mayer shares some candid confessions about his sex life, but admits he's also being rejected #url# </document>
    <document> instyle: Keeping up with the Kardashians kim and kylie regret the pressure to recover after baby #url# </document>
    <document> instyle: the 9 best places to buy affordable cashmere #url# </document>
    <document> instyle: 90 Day Fiancé just proved that shirtless airport dancing is the only acceptable form of romance #url# </document>
    <document> instyle: Nothing says cuter than Khloe Kardashian's baby boy wearing true Halloween onesie #url# </document>
    <document> instyle: Are you ready to try "fifth base" #url# </document>?
    <document> instyle: prince harry's nickname for the royal baby will melt your stone cold heart #url# </document>
    <document> instyle: multilingual cardi b wants her daughter to speak four languages ​​#url# </document>
    <document> instyle: thredup just launched a clothing line that aims to sell again and again #url# </document>
    <document> instyle: jon bon jovi has some surprisingly strong opinions about Kim Kardashian #url# </document>
    <document> instyle: Miranda Lambert's new music video holds nothing against Blake Shelton #url# </document>
    <document> instyle: The Black Friday Destination Ad has 52 pages of offers and you can buy some today #url# </document>
    <document> instyle: prince charles and camilla give meghan and harry a fight for their money in the pda department #url# </document>
    <Document> Wikipedia Image of the day on November 2, 2018: Sunset over the ancient city of Kourion near Limassol, Cyprus. #url# </document>
    <Document> Wikipedia Image of the Day on November 1, 2018: Balzhinima Tsyrempilov shoots from the Buryat Arch. photographed… #url# </document>
    <document> instyle: 5 issues you didn't know were up for vote in the midterms #url# </document>
    <document> instyle: Comparison between Meghan Markle's first royal trip and Princess Diana's #url# </document>
    <document> instyle: Kylie Jenner is unsure about her postpartum body in first photoshoot since Stormi #url# </document>
    <document> Wikipedia Image of the Day on October 28, 2018: This color-enhanced image of a massive, raging storm on Jupiter... #url# </document>
    <document> instyle: zoe kravitz reconstructs Mama Lisa Bonet's nude Rolling Stone shoot 30 years later #url# </document>
    <document> instyle: iman naomi watts savannah guthrie and at least one “crazy redhead” so michael kors is throwing a dinner… #url# </document>
    <document> instyle: meghan markle's super comfy slippers just got easier to shop #url# </document>
    <document> instyle: Gwyneth Paltrow didn't sugarcoat her experience with perimenopause #url# </document>
    <document> instyle: reese witherspoon is not a blonde anymore #url# </document><document> Wikipedia picture of the day on October 31, 2018: altar of the collegiate church of the evangelical church Heiligengrabe… #url# </document>
    <document> instyle: 12 fashionable gifts for the wellness obsessed #url# </document>
    <document> instyle: whitney port hopes the Hills reboot will show the true struggles of the cast #url# </document>
    <document> instyle: This is how Kristin Davis thinks Sex and the City would look like in 2018 #url# </document>
    <document> instyle: A princess has just left royalty to marry a commoner #url# </document>
    <document> ver "frank sinatra - "jingle bells" (concert collection)" en youtube #url# </document>
    <document> instyle: Justin Timberlake and Jessica Biel continued to hook up with other people after meeting #url# </document>
    <document> instyle: kris jenner is not a fan of this fashion trend popularized by daughter kim kardashian #url# </document>
    <document> instyle: priyanka chopra serves up another bridal-inspired look at her bachelorette party #url# </document>
    <document> instyle: kate middleton dressed like james bond just before halloween #url# </document>
    <document> instyle: what Meghan Markle's 12000 tattoo necklace is really telling the world #url# </document>
    <document> instyle: Prince Harry and Prince William's 'double act' fraternal comes to an end #url# </document>
    <document> instyle: That's why Steve Madden shouted at Nicki Minaj on Twitter #url# </document>
    <document> instyle: ben affleck and jennifer garner went to the World Series weeks after finalizing their divorce #url# </document>
    <document> instyle: the 14 best down jackets to buy this season #url# </document>
    <document> r leporis: a vampire's star via nasa #url# #url# </document>
    <document> instyle: prince william and prince harry are a little lazy when it comes to royal "jobs" #url# </document>
    <document> instyle: Meghan Markle gave an impromptu speech at the closing ceremony of the Invictus games and hit #url# </document>
    <document> instyle: The best drugstore acne products according to reddit #url# </document>
    <document> a new look at our starry night via nasa #url# #url# </document>
    <document> instyle: stacey abrams understands why young people don't choose #url# </document>
    <document> instyle: 7 brilliant ways to prevent wrinkles while you sleep #url# </document>
    <document> instyle: 5 Side Effects of Sex That Seem Weird But Are Totally Normal #url# </document>
    <document> Wikipedia picture of the day on November 4th, 2018: lvm Versicherung, Münster, North Rhine-Westphalia, Germany #url# </document>
    <document> Wikipedia picture of the day on November 3, 2018: The main administration complex of the ADAC (Allgemeiner Deutscher Automobilclub… #url# </document>
    <document> instyle: Jennifer Lopez knows she's at the top of her game #url# </document>
    <document> instyle: Winter may be cold, but these 5 hair color trends are hot #url# </document>
    <document> instyle: sarah jessica parker is not here for more kim catrall drama #url# </document>
    <document> instyle: There are laws about what you can wear to vote #url# </document>
    <document> instyle: jenna dewan officially files for divorce from channing tatum #url# </document>
    <document> instyle: Removing gel nail polish at home has never been easier than with this tool #url# </document>
    <document> posted a new blog: san miguel arcangel #url# </document>
    <document> instyle: ariana grande had mac miller's dog and hoodie to keep her company last night #url# </document>
    <document> instyle: Nicole Kidman reveals why she and Lenny Kravitz called off their engagement #url# </document>
    <document> instyle: only kate spades is selling matching bag and wallet sets for less than 150 #url# </document> for 24 hours
    <document> instyle: 25 celebrity hair and makeup looks to get you through the holidays #url# </document>
    <Document> the International Space Station from 10. 4, 2018 BCia nasa #url# #url# </document>
    <document> instyle: mindy kaling shares the first-ever photo of her 10-month-old Katherine #url# </document>
    <document> Wikipedia image of the day on October 27, 2018: A black-headed lapwing (Vanellus tectus tectus) in West Africa… #url# </document>
    <document> instyle: Jamie Lee Curtis stole opioids from her sister and her sister's reaction helped save her life #url# </document>
    <document> instyle: 8 moisturizers that eliminate redness #url# </document>
    <document> instyle: everything to stream on netflix this november #url# </document>
    <document> instyle: meghan markle wore a completely see-through skirt on the last day of her royal tour #url# </document>
    <Document> Happy Birthday Michael Collins! via nasa #url# #url# </document>
    <document> instyle: 6 things you should know before taking a fertility test #url# </document>
    <document> instyle: the 16 best grocery subscription boxes that make great last-minute gifts #url# </document>
    <document> Orion's European service module is scheduled to arrive for the first mission via NASA #url# #url# </document>
    <document> instyle: Pregnancy may lower your risk of this type of cancer #url# </document>
    <document> instyle: kate hudson celebrated her daughter's big milestone with a heartwarming photo #url# </document>
    <document> instyle: jenna dewan chatting with her new mystery man at the halloween party #url# </document>
    <document> instyle: priyanka chopra wore white feathers to her bridal shower at tiffanys #url# </document>
    <document> Wikipedia picture of the day on 10/30/2018: Schematic representation of the two assembly methods… #url# </document>
    <document> instyle: A new documentary details why Prince Charles is the "spoiled prince" #url# </document>
    <document> instyle: Did Prince Harry just grab Meghan Markle's butt in public #url# </document>
    <document> instyle: why women need net neutrality #url# </document>
    <document> instyle: We just had the best episode of the season here's why #url# </document>
    <document> instyle: justin bieber just shaved off all his hair #url# </document>
    <document> instyle: demi moore offers powerful words of support as she discusses her recovery #url# </document>
    <document> instyle: These 5 key pieces will transform your fall wardrobe into winter #url# </document>
    <document> airglow borealis via nasa #url# #url# </document>
    <document> instyle: Kylie Jenner's Halloween throwback brings her then-secret baby bump to a glittery display #url# </document>
    <document> instyle: meghan markle gives a speech on women's suffrage in a custom gabriela hearts lbd #url# </document>
    <document> instyle: How to choose jewelry to match your wedding day look #url# </document>
    <document> instyle: 30 holiday dresses for every event in your calendar #url# </document>
    <document> instyle: juan pablo di pace just got his second perfect score on dancing with the stars #url# </document>
    <document> instyle: meghan markle wore a 56 asos maternity dress and it's still in stock #url# </document> 
      <document> instyle: meghan markle and prince harry reveal the one moment of their wedding they will treasure forever #url# </document>
    <document> instyle: meghan markle proves she's a total fangirl with this sneaky snap she took of prince harry #url# </document>
    <document> instyle: 5 easyways to wear patent leather without looking too flashy #url# </document>
    <document> instyle: prince charles just made a rare comment about grandson prince george #url# </document>
    <document> instyle: here's everything you need to know about steve kazee jenna dewan's new boyfriend #url# </document>
    <document> instyle: here's what it's really like to attend heidi klum's halloween party #url# </document>
    <document> john glenn returns to space on the sts-95 mission via nasa #url# #url# </document>
    <document> instyle: meghan markle's mom doria ragland pulled a total mom move on oscar de la renta's creative team #url# </document>
    <document> instyle: the best new movies to go see this november #url# </document>
    <document> instyle: look of the day #url# </document>
    <document> instyle: john mayer shares some candid confessions about his sex life  but admits he gets rejected too #url# </document>
    <document> instyle: on keeping up with the kardashians kim and kylie commiserate on the pressureto bounce back after baby #url# </document>
    <document> instyle: the 9 best places to shop for affordable cashmere #url# </document>
    <document> instyle: 90 day fiance just proved that shirtless airport dancing is the only acceptable form of romance #url# </document>
    <document> instyle: nothing is cuter than khloe kardashian's baby true wearing halloween onesies #url# </document>
    <document> instyle: are you ready to try "fifth base" #url# </document>
    <document> instyle: prince harry's nickname for the royal baby will melt your stone cold heart #url# </document>
    <document> instyle: multilingual cardi b wants her daughter to speak four languages #url# </document>
    <document> instyle: thredup just launched a clothing line designed to be resold again and again #url# </document>
    <document> instyle: jon bon jovi has some surprisingly strong opinions about kim kardashian #url# </document>
    <document> instyle: miranda lambert's new music video isn't holding anything back against blake shelton #url# </document>
    <document> instyle: the targetblack friday ad has 52 pages of deals and you can shop a few today #url# </document>
    <document> instyle: prince charles and camilla are giving meghan and harry a run for their money in the pda department #url# </document>
    <document> wikipedia picture of the day on november 2, 2018: sunset over the ancient town of kourion near limassol, cyprus. #url# </document>
    <document> wikipedia picture of the day on november 1, 2018: balzhinima tsyrempilov shooting from the buryat bow. photographed… #url# </document>
    <document> instyle: 5 issues you didn't realize were up for a vote in the midterms #url# </document>
    <document> instyle: how meghan markle's first royal tour compares to princess diana's #url# </document>
    <document> instyle: kylie jenner is insecure about post-baby body at first photo shoot since stormi #url# </document>
    <document> wikipedia picture of the day on october 28, 2018: this color-enhanced image of a massive, raging storm in jupiter's… #url# </document>
    <document> instyle: zoe kravitz recreates mom lisa bonet's nude rolling stone shoot 30 years later #url# </document>
    <document> instyle: iman naomi watts savannah guthrie and at least one "zany redhead" this is how michael kors throws a dinner… #url# </document>
    <document> instyle: meghan markle's super comfy slippers just became easier to buy #url# </document>
    <document> instyle: gwyneth paltrow did not sugarcoat her experiences with perimenopause #url# </document>
    <document> instyle: reese witherspoon isn't a blonde anymore #url# </document>
    <document> wikipedia picture of the day on october 31, 2018: altar of the collegiate church of the protestant heiligengrabe mo… #url# </document>
    <document> instyle: 12 fashionable gifts for the wellness-obsessed #url# </document>
    <document> instyle: whitney port hopes the hills reboot shows the cast's real struggles #url# </document>
    <document> instyle: here's what kristin davis thinks sex and the city would look like in 2018 #url# </document>
    <document> instyle: a princess just gave up royalty to marry a commoner #url# </document>
    <document> ver "frank sinatra - "jingle bells" (concert collection)" en youtube #url# </document>
    <document> instyle: justin timberlake and jessica biel kept dating other people after meeting #url# </document>
    <document> instyle: kris jenner is not a fan of this fashion trend popularized by daughter kim kardashian #url# </document>
    <document> instyle: priyanka chopraserves up another bridal-inspired look at her bachelorette party #url# </document>
    <document> instyle: kate middleton dressed like james bond right before halloween #url# </document>
    <document> instyle: what meghan markles 12000 tattoo necklace is really saying to the world #url# </document>
    <document> instyle: prince harry and prince william's brotherly "double act" is coming to a close #url# </document>
    <document> instyle: here's why steve madden just called out nicki minaj on twitter #url# </document>
    <document> instyle: ben affleck and jennifer garner went to the world series weeks after finalizing their divorce #url# </document>
    <document> instyle: the 14best puffer coats to shop this season #url# </document>
    <document> r leporis: a vampire's star via nasa #url# #url# </document>
    <document> instyle: prince william and prince harry are kind of slacking when it comes to royal "jobs" #url# </document>
    <document> instyle: meghan markle gave an impromptu speech at invictus games closing ceremony and nailed it #url# </document>
    <document> instyle: the best drugstore acne products according to reddit #url# </document>
    <document> a new view of our starry night via nasa #url# #url# </document>
    <document> instyle: stacey abrams understands why young people don't vote #url# </document>
    <document> instyle: 7 genius ways to prevent wrinkles while you sleep #url# </document>
    <document> instyle: 5 side effects of sex that seem weird but are totally normal #url# </document>
    <document> wikipedia picture of the day on november 4, 2018: lvm insurance, münster, north rhine-westphalia, germany #url# </document>
    <document> wikipedia picture of the day on november 3, 2018: the main office complex of the adac (general german automobile cl… #url# </document>
    <document> instyle: jennifer lopez knows she's at the top of her game #url# </document>
    <document> instyle: winter might be cold but these 5 hair color trends are hot #url# </document>
    <document> instyle: sarah jessica parker is not here for more kim catrall drama #url# </document>
    <document> instyle: there are laws about what you can wear to vote #url# </document>
    <document> instyle: jenna dewan officially files for divorce from channing tatum #url# </document>
    <document> instyle: removing gel nail polish at home has never been easier thanks to this tool #url# </document>
    <document> posted a new blog: san miguel arcangel #url# </document>
    <document> instyle: ariana grande had mac millers dog and his hoodie to keep her company last night #url# </document>
    <document> instyle: nicole kidman reveals why she and lenny kravitz called off their engagement #url# </document>
    <document> instyle: for 24 hours only kate spades selling matching bag and wallet sets for less than 150 #url# </document>
    <document> instyle: 25 celebrity hair and makeup looks to get you through the holiday season #url# </document>
    <document> the international space station as of oct. 4, 2018 via nasa #url# #url# </document>
    <document> instyle: mindy kaling shares the first-ever photo of her 10-month-old katherine #url# </document>
    <document> wikipedia picture of the day on october 27, 2018: a black-headed lapwing (vanellus tectus tectus) in the west afric… #url# </document>
    <document> instyle: jamie lee curtis stole opioids from her sister  and her sister's reaction helped save her life #url# </document>
    <document> instyle: 8 moisturizers that'll get rid of redness #url# </document>
    <document> instyle: everything to stream on netflix this november #url# </document>
    <document> instyle: meghan markle wore a fully see-through skirt on the last day of her royal tour #url# </document>
    <document> happy birthday, michael collins! via nasa #url# #url# </document>
    <document> instyle: 6 things to know before you get fertility testing #url# </document>
    <document> instyle: the 16best food subscription boxes that make awesome last minute gifts #url# </document>
    <document> orion’s european service module to arrive for first mission via nasa #url# #url# </document>
    <document> instyle: pregnancy can lower your risk of this type of cancer #url# </document>
    <document> instyle: kate hudson celebrated her daughter's major milestone with a heart melting photo #url# </document>
    <document> instyle: jenna dewan engages in pda with her new mystery man at halloween party #url# </document>
    <document> instyle: priyanka chopra wore white feathers to her bridal shower at tiffany's #url# </document>
    <document> wikipedia picture of the day on october 30, 2018: schematic representation of the two methods with which to assembl… #url# </document>
    <document> instyle: a new documentary details exactly why prince charles is the "pampered prince" #url# </document>
    <document> instyle: did prince harry just grab meghan markle's butt in public #url# </document>
    <document> instyle: why women need net neutrality #url# </document>
    <document> instyle: this is us just had its best episode of the season  here's why #url# </document>
    <document> instyle: justin bieber just shaved off all his hair #url# </document>
    <document> instyle: demi moore offers powerful words of support while speaking on her recovery #url# </document>
    <document> instyle: these 5 key pieces will transition your fall wardrobe into winter #url# </document>
    <document> airglow borealis via nasa #url# #url# </document>
    <document> instyle: kylie jenner's halloween throwback puts her then-secret baby bump on sparkly display #url# </document>
    <document> instyle: meghan markle delivers speech on women's suffrage in custom gabriela hearst lbd #url# </document>
    <document> instyle: how to choose jewelry to match your wedding day look #url# </document>
    <document> instyle: 30 holiday party dresses for every event on your calendar #url# </document>
    <document> instyle: juan pablo di pace just earned his second perfect score on dancing with the stars #url# </document>
    <document> instyle: meghan markle wore a 56 asos maternity dress and it's still in stock #url# </document>
    
<document> instyle: meghan markle and prince harry reveal the one moment of their marriage they will cherish forever #url# </document>
    <document> instyle: meghan markle proves she's a real fangirl with this sneaky snap she took of prince harry #url# </document>
    <document> instyle: 5 easy ways to wear patent leather without looking too flashy #url# </document>
    <document> instyle: prince charles just made a rare comment about his nephew prince george #url# </document>
    <document> instyle: here's everything you need to know about steve kazee's new boyfriend jenna dewan #url# </document>
    <document> instyle: This is what it's like to attend Heidi Klum's Halloween party #url# </document>
    <document> john glenn returns to space with mission sts-95 via nasa #url# #url# </document>
    <document> instyle: Meghan Markle's mom Doria Ragland made a total mom move on Oscar de la Renta's creative team #url# </document>
    <document> instyle: The best new movies to watch this November #url# </document>
    <document> instyle: look of the day #url# </document>
    <document> instyle: john mayer shares some candid confessions about his sex life, but admits he too gets rejected #url# </document>
    <document> instyle: on keeping up with the kardashians kim and kylie feel sorry for the pressure to recover after the baby #url# </document>
    <document> instyle: The 9 best places to buy affordable cashmere #url# </document>
    <document> instyle: The 90 Day Fiancé just proved that dancing shirtless in the airport is the only acceptable form of romance #url# </document>
    <document> instyle: nothing is cuter than khloe kardashian's baby wearing a halloween onesie #url# </document>
    <document> instyle: You are ready to try the "fifth base" #url# </document>
    <document> instyle: prince harry's nickname for the royal baby will melt your stone-cold heart #url# </document>
    <document> instyle: multilingual cardi b wants her daughter to speak four languages ​​#url# </document>
    <document> instyle: thredup just launched a clothing line designed to be resold again and again #url# </document>
    <document> instyle: jon bon jovi has some surprisingly strong opinions about kim kardashian #url# </document>
    <document> instyle: Miranda Lambert's new music video holds nothing back against Blake Shelton #url# </document>
    <document> instyle: targetblack friday ad has 52 pages of offers and you can buy some today #url# </document>
    <document> instyle: prince charles and camilla are giving meghan and harry a hard time in the pda department #url# </document>
    <document> wikipedia photo from November 2, 2018: sunset over the ancient city of kourion near limassol, cyprus. #url# </document>
    <document> wikipedia photo dated November 1, 2018: balzhinima tsyrempilov shooting from the Buryat bow. photographed… #url# </document>
    <document> instyle: 5 issues you didn't realize needed a midterm vote #url# </document>
    <document> instyle: comparison between Meghan Markle's first royal tour and Princess Diana's #url# </document>
    <document> instyle: kylie jenner is insecure about post-baby body at first photoshoot at stormi #url# </document>
    <document> Wikipedia image dated October 28, 2018: This enhanced color image of a huge storm raging in Jupiter's sky... #url# </document>
    <document> instyle: zoe kravitz recreates mom lisa bonet's nude photoshoot on rolling stone 30 years later #url# </document>
    <document> instyle: iman naomi watts savannah guthrie and at least one "crazy redhead" this is how Michael Kors organizes a dinner... #url# </document>
    <document> instyle: Meghan Markle's super comfy slippers just got easier to buy #url# </document>
    <document> instyle: gwyneth paltrow hasn't sweetened her experiences with perimenopause #url# </document>
    <document> instyle: Reese Witherspoon is no longer a blonde #url# </document><document> wikipedia photo from October 31, 2018: altar in the collegiate church of the Protestant heiligengrabe mo… #url# </document>
    <document> instyle: 12 trendy gifts for the wellness obsessed #url# </document>
    <document> instyle: whitney port hopes hills reboot shows real struggles of cast #url# </document>
    <document> instyle: This is how Kristin Davis thinks sex and the city would be in 2018 #url# </document>
    <document> instyle: A princess has just given up her royalty to marry a commoner #url# </document>
    <document> ver "frank sinatra - "jingle bells" (concert collection)" en youtube #url# </document>
    <document> instyle: justin timberlake and jessica biel continued dating after meeting #url# </document>
    <document> instyle: kris jenner is not a fan of this fashion trend popularized by daughter kim kardashian #url# </document>
    <document> instyle: priyanka chopra offers another bridal look at her bachelorette party #url# </document>
    <document> instyle: Kate Middleton dressed as James Bond just before Halloween #url# </document>
    <document> instyle: what Meghan Markles' 12,000 tattoo series is really saying to the world #url# </document>
    <document> instyle: prince harry and prince william's brotherly "double act" is drawing to a close #url# </document>
    <document> instyle: this is why steve madden just called nicki minaj on twitter #url# </document>
    <document> instyle: ben affleck and jennifer garner went to the world series just weeks after finalizing their divorce #url# </document>
    <document> instyle: The 14 best down jackets to buy this season #url# </document>
    <document> r leporis: the star of a vampire via nasa #url# #url# </document>
    <document> instyle: prince william and prince harry are pretty lazy when it comes to royal "jobs" #url# </document>
    <document> instyle: meghan markle gave an impromptu speech at the invictus games closing ceremony and nailed it #url# </document>
    <document> instyle: The best drugstore acne products according to reddit #url# </document>
    <document> a new vision of our starry night via nasa #url# #url# </document>
    <document> instyle: stacey abrams understands why young people don't vote #url# </document>
    <document> instyle: 7 brilliant ways to prevent wrinkles while you sleep #url# </document>
    <document> instyle: 5 Sex Side Effects That Seem Weird But Are Totally Normal #url# </document>
    <document> wikipedia image dated November 4, 2018: lvm insurance, münster, north rhine-westphalia, germany #url# </document>
    <document> wikipedia photo dated November 3, 2018: the main office complex of the ADAC (German General Motoring… #url# </document>
    <document> instyle: jennifer lopez knows she's at the top of her game #url# </document>
    <document> instyle: Winter might be cold but these 5 hair color trends are warm #url# </document>
    <document> instyle: sarah jessica parker isn't here for more drama by kim catrall #url# </document>
    <document> instyle: There are laws about what you can wear to vote #url# </document>
    <document> instyle: jenna dewan officially files for divorce from channing tatum #url# </document>
    <document> instyle: removing gel polish at home has never been easier thanks to this tool #url# </document>
    <document> has published a new blog: san miguel arcangel #url# </document>
    <document> instyle: last night ariana grande had mac millers dog and his hoodie to keep her company #url# </document>
    <document> instyle: nicole kidman reveals why she and lenny kravitz called off their engagement #url# </document>
    <document> instyle: For 24 hours only Kate Spades is selling matching purse and wallet sets for less than 150 #url# </document>
    <document> instyle: 25 celebrity hairstyles and makeup to face the holiday season #url# </document>
    <document> the international space station at oct. 4, 2018vnasa #url# #url# </document>
    <document> instyle: mindy kaling shares first ever photo of her 10 month old Katherine #url # </document>
    <document> Wikipedia photo from October 27, 2018: A black-headed lapwing (Vanellus tectus tectus) in West Africa… #url# </document>
    <document> instyle: jamie lee curtis stole opioids from his sister and his sister's reaction helped save her life #url# </document>
    <document> instyle: 8 moisturizers that will eliminate redness #url# </document>
    <document> instyle: All streaming on Netflix this November #url# </document>
    <document> instyle: meghan markle wore a completely transparent skirt on the last day of her royal tour #url# </document>
    <document> happy birthday, michael collins! via nasa #url# #url# </document>
    <document> instyle: 6 things to know before undergoing the fertility test #url# </document>
    <document> instyle: The 16 best food subscription boxes that make great last-minute gifts #url# </document>
    <document> Orion European Service Module will arrive for first mission via nasa #url# #url# </document>
    <document> instyle: pregnancy may reduce the risk of this type of cancer #url# </document>
    <document> instyle: kate hudson celebrated her daughter's milestone with a heart-melting photo #url# </document>
    <document> instyle: jenna dewan engages in pda with her new mystery man at halloween party #url# </document>
    <document> instyle: priyanka chopra wore white feathers for her bachelorette party at tiffanys #url# </document>
    <document> wikipedia photo of October 30, 2018: schematic representation of the two methods by which to assemble… #url# </document>
    <document> instyle: New documentary explains exactly why Prince Charles is the 'pampered prince' #url# </document>
    <document> instyle: Prince harry just grabbed Meghan Markle's butt in public #url# </document>
    <document> instyle: why women need net neutrality #url# </document>
    <document> instyle: this is us just had the best episode of the season, that's why #url# </document>
    <document> instyle: justin bieber just shaved off all his hair #url# </document>
    <document> instyle: demi moore offers powerful words of support as she talks about her recovery #url# </document>
    <document> instyle: these 5 key pieces will transform your fall wardrobe into winter #url# </document>
    <document> airglow borealis via nasa #url# #url# </document>
    <document> instyle: kylie jenner's halloween throwback shows off her then-secret baby bump #url# </document>
    <document> instyle: meghan markle gives speech on women's suffrage in custom gabriela hearst lbd #url# </document>
    <document> instyle: how to choose jewelry to match your wedding day look #url# </document>
    <document> instyle: 30 party dresses for every event on your #url# </document> calendar
    <document> instyle: juan pablo di pace just got his second perfect score in Dancing with the Stars #url# </document>
    <document> instyle: meghan markle wore a maternity dress by Asos 56 and it's still available #url# </document>