 
      <document> orlando bloom's new tattoo of his son's name is spelled wrong #url# </document>
    <document> chrissy teigen just apologized to beyoncé for being awkward at her oscars after-party #url# </document>
    <document> rose mcgowan calls natalie portman's oscars cape highlighting female directors ‘offensive’ #url# </document>
    <document> all the celebrity engagements in 2020  #url# </document>
    <document> sephora presidents' day sale 2020: the best deals to shop #url# </document>
    <document> thanks teen magazines, i’m still terrified of tss #url# </document>
    <document> ivanka trump's new hair wishes it were 2002 again  #url# </document>
    <document> celebrity weddings: here’s everyone who got married in 2020 #url# </document>
    <document> 8 tv shows and movies to watch the week of february 16, 2020 #url# </document>
    <document> who’s in and who’s out of the 2020 presidential race—so far #url# </document>
    <document> lelo sex toys are on sale up to 50% off for valentine’s day #url# </document>
    <document> this photo of princess charlotte has a special meaning for kate middleton #url# </document>
    <document> oscars 2020: yes, parasite really is that good #url# </document>
    <document> deandre arnold wore his locs to the oscars after being banned from graduation #url# </document>
    <document> jennifer lopez was too busy looking iconic at an oscars after-party to worry about her snub #url# </document>
    <document> kim kardashian's kids have a mini-supermarket and concert stage in their playroom #url# </document>
    <document> miss americana's director says her female crew wasn't taken seriously while filming taylor swift #url# </document>
    <document> 19 women of color on the books that made them fall in love with reading #url# </document>
    <document> get 'to all the boys i loved before' star lara jean's style without looking like a teenager #url# </document>
    <document> the best sexy lingerie, according to 5 burlesque artists #url# </document>
    <document> jennifer aniston and courteney cox look like twins in this new photo #url# </document>
    <document> is masturbation healthy? a neuroscientist weighs in #url# </document>
    <document> brad pitt and jennifer aniston reportedly hung out again after the oscars #url# </document>
    <document> oscars 2020: see all the looks from the red carpet  #url# </document>
    <document> ‘stranger things’ season 4: everything we know so far  #url# </document>
    <document> sophie turner and joe jonas are reportedly expecting their first child together #url# </document>
    <document> house hunters just featured its first-ever throuple, and fans are living for it #url# </document>
    <document> oscars 2020: the best red carpet hair and makeup looks #url# </document>
    <document> brian altman discusses world poker tour domination #url# </document>
    <document> demi lovato cut her long hair into an asymmetrical lob — photos #url# </document>
    <document> brad pitt and jennifer aniston's relationship: a complete timeline #url# </document>
    <document> taylor swift and joe alwyn’s relationship: a complete timeline #url# </document>
    <document> to all the boys i've loved before 3: here's everything we know so far #url# </document>
    <document> keanu reeves's mom was just mistaken for his girlfriend at the oscars 2020 #url# </document>
    <document> oscars 2020: natalie portman's gown featured the names of snubbed female directors  #url# </document>
    <document> pokernews week in review: is phil galfond calling it quits? #url# </document>
    <document> luke perry was left out of the oscars 2020 in memoriam—and people are upset #url# </document>
    <document> outlander season 5 review: jamie and claire are back and better than ever #url# </document>
    <document> best presidents' day sales 2020: what to buy at nordstrom #url# </document>
    <document> here's how meghan markle and prince harry are reportedly doing, romantically, since stepping down  #url# </document>
    <document> the masturbation moment in the to all the boys i've loved before sequel should be required viewing for teen girls #url# </document>
    <document> 13 best lubricants for women in 2020: personal lube buying guide #url# </document>
    <document> bella hadid is bringing back the fuzzy bucket hat #url# </document>
    <document> why did eminem perform at the oscars 2020? #url# </document>
    <document> new york fashion week: 33 best makeup, nail &amp; beauty trends #url# </document>
    <document> the biggest celebrity breakups of 2020 #url# </document>
    <document> claw clip hairstyles celebrities love - best claw clips 2020 #url# </document>
    <document> ‘sex education’ season 3: everything we know so far #url# </document>
    <document> she was assaulted by a drunk man. now the ceo of absolut vodka is telling her story. #url# </document>
    <document> haus laboratories le monster matte lip crayon review with photos #url# </document>
    <document> skylar astin is a libra who eats in bed and holds the door open for women #url# </document>
    <document> all the celebrity babies we welcomed in 2020 #url# </document>
    <document> jane fonda wanted gray hair to 'surprise everyone' at the oscars #url# </document>
    <document> sad love movies &amp; shows: 31 best tearjerkers on netflix 2020 #url# </document>
    <document> grey's anatomy finally hinted at alex karev’s exit last night #url# </document>
    <document> oscars 2020: the 17 biggest memes &amp; moments of the night #url# </document>
    <document> elizabeth warren campaign co-chairs are models of female leadership #url# </document>
    <document> vanity fair oscar party 2020: all the celebrity looks you need to see #url# </document>
    <document> listen to billie eilish's spooky new james bond theme song #url# </document>
    <document> why prince william and kate middleton are reportedly taking a break from their royal duties #url# </document>
    <document> michelle obama on how her and barack's relationship has changed since their daughters went to college #url# </document>
    <document> to all the daniels i've loved before #url# </document>
    <document> universal standard's mystery box sale is so good we had to try it #url# </document>
    <document> why can't i orgasm? 6 causes and how to work through them #url# </document>
    <document> best love songs: 15 most romantic songs to fall in love with #url# </document>
    <document> former love island host caroline flack has died at 40 #url# </document>
    <document> the oscars 2020 after-party dresses you may have missed #url# </document>
    <document> oscars 2020: billie eilish was not impressed by maya rudolph and kristen wiig’s musical montage #url# </document>
    <document> 21 best lingerie brands for every type of woman #url# </document>
    <document> pregnant celebrities 2020: all the stars who announced they’re expecting babies this year #url# </document>
    <document> we have a new oscars selfie, people—and it's so good #url# </document>
    <document> the biggest fall 2020 fashion trends #url# </document>
    <document> 19 best 'ugly' shoes of 2020, from dad sneakers to chunky loafers #url# </document>
    <document> what are you doing right now? i’m in chronic pain. #url# </document>
    <document> 57 iconic fashion quotes to dress by  #url# </document>
    <document> this oral sex toy is unpredictable—just like the real thing #url# </document>
    <document> 33 best presidents' day sales 2020: the only deals worth shopping right now #url# </document>
    <document> oscars 2020: sustainable fashion was the red carpet's best trend  #url# </document>
    <document> anna faris confirms she's engaged—and says she would officiate her own wedding #url# </document>
    <document> kate middleton's first podcast is a rare glimpse into her life as a mom #url# </document>
    <document> daily harvest review 2020: vegan meal kit review #url# </document>
    <document> oscars 2020: laura dern's mom tears up as her daughter wins her first academy award #url# </document>
    <document> serena williams and secret are launching a study on gender inequality in sports #url# </document>
    <document> demi lovato just got her most personal tattoo yet #url# </document>
    <document> oscars 2020: all the best dressed stars on the red carpet #url# </document>
    <document> cara delevingne and ashley benson’s relationship: a complete timeline #url# </document>
    <document> 19 books to read in honor of black history month #url# </document>
    <document> best presidents' day sales 2020: all the beauty deals to shop this weekend #url# </document>
    <document> 51 best sad love songs for a broken heart #url# </document>
    <document> meghan markle and prince harry made a surprise trip to stanford university #url# </document>
    <document> billie eilish's oscars 2020 in memoriam performance was astonishing #url# </document>
    <document> queen elizabeth is reportedly stressed about prince harry’s return to the u.k. #url# </document>
    <document> gigi hadid and zayn malik’s relationship: a complete timeline #url# </document>
    <document> oscars 2020: the cutest couples on the red carpet #url# </document>
    <document> the sneakers kate middleton wears on repeat are on sale right now #url# </document>
    <document> ‘p.s. i love you,’ your favorite tearjerker, is getting a sequel #url# </document>
    <document> ‘love is blind,’ netflix’s new reality show, is delightfully unhinged #url# </document>
    <document> best drunk elephant products worth your money - 2020 reviews #url# </document>
    <document> affordable makeup celebrities have worn in 2019  #url# </document>
    <document> 31 best face moisturizers for dry skin 2020 #url# </document>
    
<document> Orlando Bloom's new tattoo of his son's name is misspelled #url# </document>
    <document> chrissy teigen just apologized to beyoncé for embarrassing her at her oscar after-party #url# </document>
    <document> Rose Mcgowan calls Natalie Portman's Oscar cape, which singles out female directors, "obnoxious" #url# </document>
    <document> all celebrity engagements in 2020 #url# </document>
    <document> Sephora Presidents' Day Sale 2020: the best deals to shop #url# </document>
    <document> Thanks teen magazines, I'm still scared of tss #url# </document>
    <document> Ivanka Trump's New Hairstyle Wishes It Was 2002 Again #url# </document>
    <document> Celebrity Weddings: Here's everyone who got married in 2020 #url# </document>
    <document> 8 TV shows and movies to watch the week of February 16, 2020 #url# </document>
    <document> who's in and who's not in the 2020 presidential race - so far #url# </document>
    <document> Lelo sex toys are up to 50% off this Valentine's Day on sale #url# </document>
    <document> this photo of princess charlotte has a special meaning for kate middleton #url# </document>
    <document> Oscars 2020: Yes, Parasite is really that good #url# </document>
    <document> deandre arnold wore his locs to the oscars after being kicked out of the graduation ceremony #url# </document>
    <document> jennifer lopez was too busy looking iconic at an oscar after-party to care about her snub #url# </document>
    <document> Kim Kardashian's kids have a convenience store and a concert stage in their playroom #url# </document>
    <document> The director of Miss Americana says her female crew wasn't taken seriously while filming Taylor Swift #url# </document>
    <document> 19 women of color on the books that made them fall in love with reading #url# </document>
    <document> Get the style of star Lara Jean without looking like a teenager #url# </document>
    <document> Best Sexy Lingerie According to 5 Burlesque Artists #url# </document>
    <document> Jennifer Aniston and Courteney Cox look like twins in this new photo #url# </document>
    <document> is masturbation healthy? a neuroscientist weighs in #url# </document>
    <document> brad pitt and jennifer aniston reportedly met again after the oscars #url# </document>
    <document> oscars 2020: See all the looks from the red carpet #url# </document>
    <document> Stranger Things season 4: everything we know so far #url# </document>
    <document> Sophie Turner and Joe Jonas are reportedly expecting their first child #url# </document>
    <document> house hunters just unveiled their very first throuple and the fans are #url# </document> for it
    <document> oscars 2020: the best hair and makeup looks for the red carpet #url# </document>
    <document> Brian Altman talks about dominating the World Poker Tour #url# </document>
    <document> demi lovato cut her long hair into an asymmetrical lob - photos #url# </document>
    <document> brad pitt and jennifer aniston's relationship: a complete chronicle #url# </document>
    <document> Taylor Swift and Joe Alwyn's relationship: a complete timeline #url# </document>
    <document> to all the boys i loved 3 ago, here's everything we know so far #url# </document>
    <document> Keanu Reeves' mother was simply mistaken for his girlfriend at the Oscars 2020 #url# </document>
    <document> Oscars 2020: Natalie Portman's dress bore the names of snubbed directors #url# </document>
    <document> Pokernews Week Recap: Is Phil Galfond Quitting? #url# </document>
    <document> Luke Perry was disfellowshipped at the 2020 Oscars in memoriam - and people are upset #url# </document>
    <document> Outlander Season 5 Review: Jamie and Claire are back and better than ever #url# </document>
    <document> Best Presidents' Day Sales 2020: What to buy at Nordstrom #url# </document>
    <Document> Here's how Meghan Markle and Prince Harry are reportedly doing, romantic since #url# </document> resigned
    <document> The masturbation moment in the sequel to All the Boys I've Loved should be a must for teenage girls #url# </document>
    <document> 13 best lubes for women in 2020: personal lube buying guide #url# </document>
    <document> bella hadid brings back the fuzzy bucket hat #url# </document>
    <document> why did eminem perform at the 2020 oscars? #url# </document>
    <Document> New York Fashion Week: 33 Best Makeup, Nails &amp; Beauty Trends #url# </document>
    <document> the biggest celebrity breakups of 2020 #url# </document>
    <document> Claw Clip Hairstyles Celebs Love - Best Claw Clips 2020 #url# </document>
    <document> "Sex Education" Season 3: everything we know so far #url# </document>
    <Document> She was attacked by a drunk man. now the managing director of absolut vodka is telling her story. #url# </document>
    <document> Haus Laboratories Le Monster Matte Lip Crayon Review with photos #url# </document>
    <document> Skylar Astin is a Libra who eats in bed and holds the door for women #url# </document>
    <document> all the celebrity babies we welcomed in 2020 #url# </document>
    <document> jane fonda wanted gray hair at the Oscars #url# </document> to "surprise everyone".
    <document> sad romance movies &amp; Shows: 31 best tearjerkers on Netflix 2020 #url# </document>
    <document> grey's anatomy finally hinted at Alex Karev's departure last night #url# </document>
    <Document> Oscars 2020: The 17 Biggest Memes &amp; Moments of the Night #url# </document>
    <document> Co-Chairs of the Elizabeth Warren Campaign are Role Models for Female Leadership #url# </document>
    <document> Vanity Fair Oscar Party 2020: All the celebrity looks you need to see #url# </document>
    <document> Listen to Billie Eilish's spooky new James Bond theme song #url# </document>
    <document> why Prince William and Kate Middleton are reportedly taking a break from royal duties #url# </document>
    <document> michelle obama on how her and barack's relationship has changed since their daughters went to college #url# </document>
    <document> to all the daniels i've loved before #url# </document>
    <document> Universal Standard's Mystery Box Sale is so good we had to try it #url# </document>
    <document> why can't I have an orgasm? 6 causes and how to avoid them #url# </document>
    <document> best love songs: 15 most romantic songs to fall in love with #url# </document>
    <document> Caroline Flack, former host of Love Island, has died at 40 #url# </document>
    <document> the Oscars 2020 after party dresses you might have missed #url# </document>
    <document> oscars 2020: billie eilish was not impressed with maya rudolph and kristen wiig's musical montage #url# </document>
    <document> The 21 best lingerie brands for every type of woman #url# </document>
    <document> pregnant celebs 2020: all the stars who announced they are expecting babies this year #url# </document>
    <document> we have a new Oscar selfie folks - and it's so good #url# </document>
    <document> the biggest fashion trends for fall 2020 #url# </document>
    <document> The 19 best "ugly" shoes of 2020, from dad sneakers to chunky loafers #url# </document>
    <document> what are you doing right now? I have chronic pain. #url# </document>
    <document> 57 iconic fashion quotes to wear by #url# </document>
    <document> This oral sex toy is unpredictable - just like the real thing #url# </document>
    <document> 33 Best Presidents' Day Sales 2020: the only deals worth shopping right now #url# </document>
    <document> Oscars 2020: Sustainable fashion was the best trend on the red carpet #url# </document>
    <document> Anna Faris confirms she's engaged - and says she'd be officiating her own wedding #url# </document>
    <document> Kate Middleton's first podcast is a rare glimpse into her life as a mom #url# </document>
    <Document> 2020 Daily Harvest Review: Vegan Cooking Kit Review#url# </document>
    <document> oscars 2020: Laura Dern's mother breaks down in tears as her daughter wins her first Oscar #url# </document>
    <document> serena williams and secret launch study on gender inequality in sport #url# </document>
    <document> Demi Lovato just got her most personal tattoo yet #url# </document>
    <document> oscars 2020: all the best-dressed stars on the red carpet #url# </document>
    <document> Cara Delevingne and Ashley Benson's relationship: a complete timeline #url# </document>
    <document> 19 books in honor of Black History Month #url# </document>
    <document> Best Presidents' Day Sales 2020: All the beauty deals to shop this weekend #url# </document>
    <document> 51 best sad love songs for a broken heart #url# </document>
    <document> Meghan Markle and Prince Harry made a surprise trip to Stanford University #url# </document>
    <document> billie eilish's 2020 oscars in memoriam was an amazing achievement #url# </document>
    <Document> Queen Elizabeth is reportedly stressed over Prince Harry's return to the UK. #url# </document>
    <document> Gigi Hadid and Zayn Malik's relationship: a complete timeline #url# </document>
    <document> Oscars 2020: The cutest couples on the red carpet #url# </document>
    <document> The sneakers Kate Middleton keeps wearing are on sale right now #url# </document>
    <document> "p.s. I love you", your favorite tearjerker, gets a sequel #url# </document>
    <document> love is blind, the new reality show from netflix, is deliciously crazy #url# </document>
    <document> The Best Drunk Elephant Products Worth the Money - 2020 Reviews #url# </document>
    <document> affordable makeup celebrities wore in 2019 #url# </document>
    <document> 31 Best Face Moisturizers for Dry Skin 2020 #url# </document> 
      <document> orlando bloom's new tattoo of his son's name is spelled wrong #url# </document>
    <document> chrissy teigen just apologized to beyoncé for being awkward at her oscars after-party #url# </document>
    <document> rose mcgowan calls natalie portman's oscars cape highlighting female directors ‘offensive’ #url# </document>
    <document> all the celebrity engagements in 2020  #url# </document>
    <document> sephora presidents' day sale 2020: the best deals to shop #url# </document>
    <document> thanks teen magazines, i’m still terrified of tss #url# </document>
    <document> ivanka trump's new hair wishes it were 2002 again  #url# </document>
    <document> celebrity weddings: here’s everyone who got married in 2020 #url# </document>
    <document> 8 tv shows and movies to watch the week of february 16, 2020 #url# </document>
    <document> who’s in and who’s out of the 2020 presidential race—so far #url# </document>
    <document> lelo sex toys are on sale up to 50% off for valentine’s day #url# </document>
    <document> this photo of princess charlotte has a special meaning for kate middleton #url# </document>
    <document> oscars 2020: yes, parasite really is that good #url# </document>
    <document> deandre arnold wore his locs to the oscars after being banned from graduation #url# </document>
    <document> jennifer lopez was too busy looking iconic at an oscars after-party to worry about her snub #url# </document>
    <document> kim kardashian's kids have a mini-supermarket and concert stage in their playroom #url# </document>
    <document> miss americana's director says her female crew wasn't taken seriously while filming taylor swift #url# </document>
    <document> 19 women of color on the books that made them fall in love with reading #url# </document>
    <document> get 'to all the boys i loved before' star lara jean's style without looking like a teenager #url# </document>
    <document> the best sexy lingerie, according to 5 burlesque artists #url# </document>
    <document> jennifer aniston and courteney cox look like twins in this new photo #url# </document>
    <document> is masturbation healthy? a neuroscientist weighs in #url# </document>
    <document> brad pitt and jennifer aniston reportedly hung out again after the oscars #url# </document>
    <document> oscars 2020: see all the looks from the red carpet  #url# </document>
    <document> ‘stranger things’ season 4: everything we know so far  #url# </document>
    <document> sophie turner and joe jonas are reportedly expecting their first child together #url# </document>
    <document> house hunters just featured its first-ever throuple, and fans are living for it #url# </document>
    <document> oscars 2020: the best red carpet hair and makeup looks #url# </document>
    <document> brian altman discusses world poker tour domination #url# </document>
    <document> demi lovato cut her long hair into an asymmetrical lob — photos #url# </document>
    <document> brad pitt and jennifer aniston's relationship: a complete timeline #url# </document>
    <document> taylor swift and joe alwyn’s relationship: a complete timeline #url# </document>
    <document> to all the boys i've loved before 3: here's everything we know so far #url# </document>
    <document> keanu reeves's mom was just mistaken for his girlfriend at the oscars 2020 #url# </document>
    <document> oscars 2020: natalie portman's gown featured the names of snubbed female directors  #url# </document>
    <document> pokernews week in review: is phil galfond calling it quits? #url# </document>
    <document> luke perry was left out of the oscars 2020 in memoriam—and people are upset #url# </document>
    <document> outlander season 5 review: jamie and claire are back and better than ever #url# </document>
    <document> best presidents' day sales 2020: what to buy at nordstrom #url# </document>
    <document> here's how meghan markle and prince harry are reportedly doing, romantically, since stepping down  #url# </document>
    <document> the masturbation moment in the to all the boys i've loved before sequel should be required viewing for teen girls #url# </document>
    <document> 13 best lubricants for women in 2020: personal lube buying guide #url# </document>
    <document> bella hadid is bringing back the fuzzy bucket hat #url# </document>
    <document> why did eminem perform at the oscars 2020? #url# </document>
    <document> new york fashion week: 33 best makeup, nail &amp; beauty trends #url# </document>
    <document> the biggest celebrity breakups of 2020 #url# </document>
    <document> claw clip hairstyles celebrities love - best claw clips 2020 #url# </document>
    <document> ‘sex education’ season 3: everything we know so far #url# </document>
    <document> she was assaulted by a drunk man. now the ceo of absolut vodka is telling her story. #url# </document>
    <document> haus laboratories le monster matte lip crayon review with photos #url# </document>
    <document> skylar astin is a libra who eats in bed and holds the door open for women #url# </document>
    <document> all the celebrity babies we welcomed in 2020 #url# </document>
    <document> jane fonda wanted gray hair to 'surprise everyone' at the oscars #url# </document>
    <document> sad love movies &amp; shows: 31 best tearjerkers on netflix 2020 #url# </document>
    <document> grey's anatomy finally hinted at alex karev’s exit last night #url# </document>
    <document> oscars 2020: the 17 biggest memes &amp; moments of the night #url# </document>
    <document> elizabeth warren campaign co-chairs are models of female leadership #url# </document>
    <document> vanity fair oscar party 2020: all the celebrity looks you need to see #url# </document>
    <document> listen to billie eilish's spooky new james bond theme song #url# </document>
    <document> why prince william and kate middleton are reportedly taking a break from their royal duties #url# </document>
    <document> michelle obama on how her and barack's relationship has changed since their daughters went to college #url# </document>
    <document> to all the daniels i've loved before #url# </document>
    <document> universal standard's mystery box sale is so good we had to try it #url# </document>
    <document> why can't i orgasm? 6 causes and how to work through them #url# </document>
    <document> best love songs: 15 most romantic songs to fall in love with #url# </document>
    <document> former love island host caroline flack has died at 40 #url# </document>
    <document> the oscars 2020 after-party dresses you may have missed #url# </document>
    <document> oscars 2020: billie eilish was not impressed by maya rudolph and kristen wiig’s musical montage #url# </document>
    <document> 21 best lingerie brands for every type of woman #url# </document>
    <document> pregnant celebrities 2020: all the stars who announced they’re expecting babies this year #url# </document>
    <document> we have a new oscars selfie, people—and it's so good #url# </document>
    <document> the biggest fall 2020 fashion trends #url# </document>
    <document> 19 best 'ugly' shoes of 2020, from dad sneakers to chunky loafers #url# </document>
    <document> what are you doing right now? i’m in chronic pain. #url# </document>
    <document> 57 iconic fashion quotes to dress by  #url# </document>
    <document> this oral sex toy is unpredictable—just like the real thing #url# </document>
    <document> 33 best presidents' day sales 2020: the only deals worth shopping right now #url# </document>
    <document> oscars 2020: sustainable fashion was the red carpet's best trend  #url# </document>
    <document> anna faris confirms she's engaged—and says she would officiate her own wedding #url# </document>
    <document> kate middleton's first podcast is a rare glimpse into her life as a mom #url# </document>
    <document> daily harvest review 2020: vegan meal kit review #url# </document>
    <document> oscars 2020: laura dern's mom tears up as her daughter wins her first academy award #url# </document>
    <document> serena williams and secret are launching a study on gender inequality in sports #url# </document>
    <document> demi lovato just got her most personal tattoo yet #url# </document>
    <document> oscars 2020: all the best dressed stars on the red carpet #url# </document>
    <document> cara delevingne and ashley benson’s relationship: a complete timeline #url# </document>
    <document> 19 books to read in honor of black history month #url# </document>
    <document> best presidents' day sales 2020: all the beauty deals to shop this weekend #url# </document>
    <document> 51 best sad love songs for a broken heart #url# </document>
    <document> meghan markle and prince harry made a surprise trip to stanford university #url# </document>
    <document> billie eilish's oscars 2020 in memoriam performance was astonishing #url# </document>
    <document> queen elizabeth is reportedly stressed about prince harry’s return to the u.k. #url# </document>
    <document> gigi hadid and zayn malik’s relationship: a complete timeline #url# </document>
    <document> oscars 2020: the cutest couples on the red carpet #url# </document>
    <document> the sneakers kate middleton wears on repeat are on sale right now #url# </document>
    <document> ‘p.s. i love you,’ your favorite tearjerker, is getting a sequel #url# </document>
    <document> ‘love is blind,’ netflix’s new reality show, is delightfully unhinged #url# </document>
    <document> best drunk elephant products worth your money - 2020 reviews #url# </document>
    <document> affordable makeup celebrities have worn in 2019  #url# </document>
    <document> 31 best face moisturizers for dry skin 2020 #url# </document>
    
<document> Orlando Bloom's new tattoo of his son's name is misspelled #url# </document>
    <document> chrissy teigen just apologized to beyoncé for being clumsy at the oscars afterparty #url# </document>
    <document> rose mcgowan defines Natalie Portman's Oscar mantle by highlighting 'offensive' female directors #url# </document>
    <document> all celebrity engagements in 2020 #url# </document>
    <document> sephora presidents' day sale 2020: the best deals to shop #url# </document>
    <document> thanks teen magazines, I'm still terrified of tss #url# </document>
    <document>Ivanka Trump's New Hair Wishes It Was 2002 Again #url# </document>
    <document> Celebrity Weddings: Here's Everyone Who Got Married in 2020 #url# </document>
    <document> 8 TV Shows and Movies to Watch the Week of February 16, 2020 #url# </document>
    <document> who's in and who's out of the 2020 presidential race so far #url# </document>
    <document> lelo sex toys are on sale up to 50% for Valentine's Day #url# </document>
    <document> this photo of Princess Charlotte has special meaning to Kate Middleton #url# </document>
    <document> oscar 2020: yes the parasite is really that good #url# </document>
    <document> deandre arnold wore his gowns to the oscars after being banned from graduation #url# </document>
    <document> jennifer lopez was too busy looking iconic at an oscars after party to care about her snub #url# </document>
    <document>Kim Kardashian's kids have a mini-supermarket and concert stage in their playroom #url# </document>
    <document>Miss Americana director says his female crew wasn't taken seriously while filming Taylor Swift #url# </document>
    <document> 19 black women on the books that made them fall in love with reading #url# </document>
    <document> achieve "all the boys i loved before" star lara jean style without looking like a teenager #url# </document>
    <document> the best sexy lingerie, according to 5 burlesque artists #url# </document>
    <document> jennifer aniston and courteney cox look like twins in this new photo #url# </document>
    <document> is masturbation healthy? a neuroscientist weighs in #url# </document>
    <document> Brad Pitt and Jennifer Aniston reportedly dating again after the Oscars #url# </document>
    <document> oscars 2020: see all the looks from the red carpet #url# </document>
    <document> 'Stranger Things' Season 4: Everything We Know So Far #url# </document>
    <document> sophie turner and joe jonas are expecting their first child together #url# </document>
    <document> house hunters just introduced their first ever crew, and fans can't wait to see them #url# </document>
    <document> oscars 2020: best red carpet hair and makeup looks #url# </document>
    <document> brian altman discusses world poker tour domain #url# </document>
    <document>demi lovato cut her long hair into an asymmetrical lob — photo #url# </document>
    <document>Brad Pitt and Jennifer Aniston's Relationship: A Complete Timeline #url# </document>
    <document> Taylor Swift and Joe Alwyn's Relationship: A Complete Timeline #url# </document>
    <document> to all the boys I've loved before 3: here's everything we know so far #url# </document>
    <document> Keanu Reeves' mom just got mistaken for his girlfriend at the 2020 Oscars #url# </document>
    <document> oscars 2020: Natalie Portman's dress featured the names of snubbed directors #url# </document>
    <document> pokernews week review: phil galfond decides to quit? #url# </document>
    <document> luke perry barred from oscars 2020 in memoriam—and people are shocked #url# </document>
    <document> outlander season 5 review: jamie and claire are back and better than ever #url# </document>
    <document> Best Presidents Day Sale 2020: What to Buy at Nordstrom #url# </document>
    <document> this is how Meghan Markle and Prince Harry are doing, romantically, since resigned #url# </document>
    <document> masturbation moment in all the boys i've loved before sequel should be required for teen girls #url# </document>
    <document>13 Best Lubricants for Women in 2020: Personal Lube Buying Guide #url# </document>
    <document> bella hadid is bringing back the fuzzy bucket hat #url# </document>
    <document> why did eminem perform at the oscars 2020? #url# </document>
    <document> new york fashion week: 33 best make up, nail &amp; beauty trends #url# </document>
    <document>biggest celebrity breakups of 2020 #url# </document>
    <document>Claw Clip Hairstyles Celebrities Love - Best Claw Clips 2020 #url# </document>
    <document> "Sex Education" Season 3: Everything We Know So Far #url# </document>
    <document> was attacked by a drunk man. now the CEO of absolut vodka tells his story. #url# </document>
    <document> haus laboratory le monster matte lip crayon review with photo #url# </document>
    <document> skylar astin is a libra who eats in bed and holds the door open for women #url# </document>
    <document> all the famous kids we welcomed in 2020 #url# </document>
    <document> jane fonda wanted gray hair to 'surprise everyone' at the oscars #url# </document>
    <document> sad love movies &amp; show: 31 best tearjerkers on netflix 2020 #url# </document>
    <document> Grey's Anatomy finally hinted at Alex Karev's exit last night #url# </document>
    <document> oscars 2020: the 17 greatest memes &amp; moments of the night #url# </document>
    <document>Elizabeth Warren's campaign co-chairs are female leadership role models #url# </document>
    <document> vanity fair oscar party 2020: all the celebrity looks you need to see #url# </document>
    <document> listen to Billie Eilish's spooky new James Bond theme song #url# </document>
    <document> why Prince William and Kate Middleton are taking a break from their royal duties #url# </document>
    <document> michelle obama on how her and barack's relationship has changed since their daughters went to college #url# </document>
    <document> to all the Daniels I've loved before #url# </document>
    The <document> universal standard mystery box sale is so good we had to try it #url# </document>
    <document> why can't I reach orgasm? 6 causes and how to fix them #url# </document>
    <document> Best Love Songs: 15 Most Romantic Songs To Fall In Love With #url# </document>
    <document>former Love Island host Caroline Flack dies at 40 #url# </document>
    <document> the oscars 2020 after party dresses you might have missed #url# </document>
    <document> oscars 2020: billie eilish not impressed with maya rudolph and kristen wiig music edit #url# </document>
    <document>21 best lingerie brands for every type of woman #url# </document>
    <document> Celebrities Pregnant 2020: All the Stars Who Announced They're Expecting Babies This Year #url# </document>
    <document> We've got a new Oscars selfie folks, and it's so cool #url# </document>
    <document> the biggest fall 2020 fashion trends #url# </document>
    <document> 19 best "ugly" shoes of 2020, from sneakers to chunky loafers #url# </document>
    <document> what are you doing right now? I have chronic pain #url# </document>
    <document> 57 iconic fashion quotes to dress up by #url# </document>
    <document> this oral sex toy is unpredictable, just like the real one #url# </document>
    <document> 33 Best Presidents' Day Sale 2020: The Only Deals Worth Grabbing Now #url# </document>
    <document> oscars 2020: sustainable fashion was the best red carpet trend #url# </document>
    <document> Anna Faris confirms she is engaged and says she will officiate her wedding #url# </document>
    <document>Kate Middleton's first podcast is a rare glimpse into her life as a mom #url# </document>
    <document> Harvest Daily Review 2020: Vegan Meal Kit Review#url# </document>
    <document> oscars 2020: Laura Dern's mom cries when her daughter wins her first Oscar # url # </ document>
    <document> serena williams and secret launch study on gender inequality in sport #url# </document>
    <document> demi lovato just got her most personal tattoo ever #url# </document>
    <document> oscars 2020: all the best dressed stars on the red carpet #url# </document>
    <document>Cara Delevingne and Ashley Benson's Relationship: A Complete Timeline #url# </document>
    <document> 19 must-read books in honor of Black History Month #url# </document>
    <document>Presidents' Day 2020 Best Sale: All the beauty deals to shop this weekend #url# </document>
    <document> 51 best sad love songs for a broken heart #url# </document>
    <document>meghan markle and prince harry took a surprise trip to stanford university #url# </document>
    <document>billie eilish's performance at oscars 2020 in memoriam was amazing #url# </document>
    <document> Queen Elizabeth is reportedly stressed over Prince Harry's return to the UK. #url# </document>
    <document> Gigi Hadid and Zayn Malik's Relationship: A Complete Timeline #url# </document>
    <document> oscars 2020: the cutest couples on the red carpet #url# </document>
    <document> the sneakers that Kate Middleton repeatedly wears are on sale right now #url# </document>
    <document> 'p.s. I love you", your favorite tearjerker, is getting a sequel #url# </document>
    <document> "Love Is Blind," Netflix's new reality show, is delightfully shocking #url# </document>
    <document>Best Drunk Elephant Products Worth Your Money - 2020 Reviews #url#</document>
    <document> Affordable Makeup Celebrities Wore in 2019 #url# </document>
    <document>31 Best Face Moisturizers For Dry Skin 2020 #url#</document>