 
      <document> maryland delegate balances being mom, politician, activist #url# </document>
    <document> maryland gop governor wants more visas for foreign workers #url# </document>
    <document> gop congressman who backed nixon impeachment dead at 87 #url# #url# </document>
    <document> marsha blackburn: bernie sanders, elizabeth warren should recuse from impeachment trial #url# #url# </document>
    <document> mexico anti-obesity activists win fight for food warnings #url# </document>
    <document> trump, manchin trading barbs as impeachment feud boils over #url# </document>
    <document> fight for california house may be barometer for november #url# </document>
    <document> political corruption trial of big n carolina donor to start #url# </document>
    <document> isabel allende talks about migration, life, aging and love #url# #url# </document>
    <document> trump denies speaking to justice department officials about roger stone sentence #url# #url# </document>
    <document> policy restricts carrying guns onto offutt air force base #url# </document>
    <document> dept. of education to investigate alleged anti-semitism at ucla #url# #url# </document>
    <document> pete buttigieg wins iowa caucuses, awarded more delegates than bernie sanders #url# #url# </document>
    <document> arkansas lawmaker calls for changes after police encounter #url# </document>
    <document> todd young, gop senator, won't back iran war-powers measure curbing trump #url# #url# </document>
    <document> red-flag gun bill approaches crucial vote in new mexico #url# </document>
    <document> prosecutors oppose ex-gov's request to end probation early #url# </document>
    <document> trump heads to switzerland with senate trial to reconvene #url# #url# </document>
    <document> martha mcsally channels donald trump in fight to hold arizona senate seat #url# #url# </document>
    <document> investigation: former lawmaker likely violated house policy #url# </document>
    <document> push to ban assault weapons in virginia meets resistance #url# #url# </document>
    <document> targeted killings up as 8 wounded in iraq protest violence #url# #url# </document>
    <document> marker will honor civil rights activist fannie lou hamer #url# </document>
    <document> democrats weave closing argument at impeachment trial: 'this is trump first, not america first'… #url# </document>
    <document> bryan townsend, delaware democrat, under fire for rush limbaugh kkk meme #url# #url# </document>
    <document> cui tiankai, china ambassador to the u.s., warns against coronavirus rumors, 'xenophobia' #url# #url# </document>
    <document> michael flynn, carter page see wiretap abuse report as aiding in vindication #url# #url# </document>
    <document> las cruces native rick montoya announces run for us senate #url# </document>
    <document> 2020 election dominates impeachment trial #url# #url# </document>
    <document> trump team opens defense blasting dems for 'massive election interference' with impeachment #url# #url# </document>
    <document> bill requiring beverage makers to handle recycling dies #url# #url# </document>
    <document> pete buttigieg: religious conservatives making a 'deal with the devil' for federal judiciary #url# #url# </document>
    <document> texas gun control advocate prevented from getting free locks #url# </document>
    <document> bernie sanders asks iowa supporters to pick up slack during senate impeachment trial #url# #url# </document>
    <document> florida's lawmakers send messages with state of union guests #url# #url# </document>
    <document> ralph northam virginia capitol gun ban faces court challenge as rally looms #url# #url# </document>
    <document> donald trump expected to attend daytona 500 #url# #url# </document>
    <document> lindsey graham to probe fbi, doj conduct in trump-russia investigation #url# #url# </document>
    <document> lgbt activists say new bills target transgender youth #url# </document>
    <document> federal deficit to hit $1 trillion this year #url# #url# </document>
    <document> north korea scraps 'christmas surprise' amid china woes #url# #url# </document>
    <document> record number of open meeting complaints resolved in 2019 #url# </document>
    <document> mike bloomberg 2020 campaign skips iowa, new hampshire #url# #url# </document>
    <document> 5 things to look out for while watching the democratic debate in iowa #url# #url# </document>
    <document> desantis goals: teacher pay, e-verify, environmental action #url# #url# </document>
    <document> trump rally on jersey shore shows loyalty beyond heartland #url# #url# </document>
    <document> trump vows deportation relief for iraqi christian immigrants #url# </document>
    <document> judicial conference policy would ban judges from federalist society, american constitution society… #url# </document>
    <document> donald trump: blown-over border wall section 'fixed forever' #url# #url# </document>
    <document> new mexico ethics commission seeing no complaints -- for now #url# </document>
    <document> lobbyist says she felt harassed by arizona lawmaker #url# </document>
    <document> puerto rico warehouse full of unused emergency supplies creates uproar #url# #url# </document>
    <document> mike pompeo rebuffs hill invite to testify on iran, soleimani strike #url# #url# </document>
    <document> democrats vow national law protecting women's abortion rights #url# #url# </document>
    <document> gambling regulation bill headed to wyoming legislature #url# </document>
    <document> 'quality checks' delay iowa caucus results #url# #url# </document>
    <document> john bolton's manuscript 'inadmissible' in impeachment trial, trump lawyer says #url# #url# </document>
    <document> republicans lead fundraising in georgia's dual senate races #url# #url# </document>
    <document> joe manchin blasts donald trump after 'munchkin' tweet #url# #url# </document>
    <document> john mccain haunts donald trump at the impeachment trial: 'we are all ukrainians' #url# #url# </document>
    <document> a snapshot of key house races in the california primary #url# </document>
    <document> rhode island lawmakers considering bill banning 3d guns #url# </document>
    <document> alexandria ocasio-cortez to be 'rupaul's drag race' judge #url# #url# </document>
    <document> sinema to vote to convict president trump #url# #url# </document>
    <document> elizabeth warren faced with angry dad over student loan forgiveness plan: 'you're laughing at me'… #url# </document>
    <document> missouri gop seeks to drop "partisan fairness" in districts #url# </document>
    <document> ap explains: the arrest of peru powerbroker keiko fujimori #url# #url# </document>
    <document> justice's decision on mccabe runs afoul of trump's war on ex-fbi official #url# #url# </document>
    <document> house weighs subpoena for pompeo testimony on iran #url# #url# </document>
    <document> thousands camp in guatemala as mexico blocks migrant path #url# #url# </document>
    <document> mike pence honors mlk at memphis service #url# #url# </document>
    <document> report: massachusetts got $160m to house ice detainees #url# </document>
    <document> border patrol allows replanting after bulldozing garden #url# </document>
    <document> us curbing immigration from 6 more countries; new visa restrictions fall short of trump's earlier tr #url# </document>
    <document> french health minister to run for paris mayor to end scandal #url# </document>
    <document> robert mueller became 'different person' during russia probe, reporter says #url# #url# </document>
    <document> william barr: donald trump tweets make it 'impossible' to do job #url# #url# </document>
    <document> woman pens book about life as a black woman in journalism #url# </document>
    <document> new sheriff shows family's lawyer video of officer shooting #url# </document>
    <document> trump weathers impeachment storm, sees approval ratings rise #url# #url# </document>
    <document> church immigration aide gets prison for defrauding people #url# </document>
    <document> chuck schumer gives lev parnas ticket to impeachment hearing wednesday #url# #url# </document>
    <document> trump curbs immigration for 6 nations; not a full travel ban #url# </document>
    <document> trump tweets that impeachment 'going nowhere' as senate trial looms #url# #url# </document>
    <document> stephanie grisham: adam schiff having 'mental issue,' is 'obsessed' with trump #url# #url# </document>
    <document> nancy pelosi: house could subpoena john bolton #url# #url# </document>
    <document> joe biden at n.h. democratic debate: 'i took a hit in iowa, and i'll probably take a hit here'… #url# </document>
    <document> 'snl' takes aim at new hampshire primary in opening skit #url# </document>
    <document> fox's bill hemmer replaces, but won't copy, shepard smith #url# #url# </document>
    <document> rep. cleaver's opponent apologizes for cosby-related tweet #url# </document>
    <document> rules on what can be brought into statehouse under review #url# </document>
    <document> opponents of gun confiscation bill rally in new mexico #url# #url# </document>
    <document> joe biden: 'no choice' but for nancy pelosi, democrats to move on impeachment #url# #url# </document>
    <document> michael bennet drops out of 2020 race #url# #url# </document>
    <document> inside the beltway: the democratic party's anti-trump strategy is backfiring #url# #url# </document>
    <document> nancy pelosi rips up donald trump state of the union address #url# #url# </document>
    <document> trump hits new approval high as impeachment support dips #url# #url# </document>
    <document> trump lawyers brush past bolton concerns in trial, starr makes first argument #url# #url# </document>
    <document> eu seeks to suspend chamber disciplining polish judges #url# </document>
    <document> demonstrators call for romney, lee to support fair trial #url# #url# </document>
    
<document> Maryland delegate is mother, politician, activist #url# </document>
    <document> gop governor of maryland wants more visas for foreign workers #url# </document>
    <document> gop Congressman who supported impeachment of Nixon, dead at 87 #url# #url# </document>
    <document> marsha blackburn: bernie sanders, elizabeth warren should withdraw from impeachment process #url# #url# </document>
    <document> Anti-obesity activists in Mexico win battle over food alerts #url# </document>
    <document> Trump, Manchin trade barbs as impeachment feud simmers over #url# </document>
    <document> The California home fight could be the barometer for November #url# </document>
    <document> Political corruption trial against Big N Carolina donors begins #url# </document>
    <document> isabel allende talks about migration, life, aging and love #url# #url# </document>
    <document> Trump denies speaking to Justice Department officials about Roger Stone's phrase #url# #url# </document>
    <document>'s policy restricts the carrying of weapons at Offutt Air Force Base #url# </document>
    <Document> Dept. of education investigating allegations of antisemitism at Ucla #url# #url# </document>
    <document> Pete Buttigieg wins the Iowa caucuses, receiving more delegates than Bernie Sanders #url# #url# </document>
    <document> Arkansas lawmakers call for changes after police encounter #url# </document>
    <document> todd young, gop senator, will not support iranian war power measure to contain trump #url# #url# </document>
    <document> Red-Flag Gun Bill nears pivotal vote in New Mexico #url# </document>
    <document> Prosecutors oppose ex-government request to end probation early #url# </document>
    <document> Trump travels to Switzerland with Senate process to reconvene #url# #url# </document>
    <document> martha mcsally channels donald trump in battle for arizona senate seat #url# #url# </document>
    <Document> investigation: Former lawmaker likely violated House policy #url# </Document>
    <document> Push to ban assault weapons in Virginia meets resistance #url# #url# </document>
    <document> targeted killings of up to 8 wounded in protest violence in Iraq #url# #url# </document>
    <document> marker honors civil rights activist Fannie Lou Hamer #url# </document>
    <document> Democrats weave closing arguments in impeachment trial: "This is Trump first, not America first"... #url# </document>
    <document> Bryan Townsend, Democrat of Delaware under fire for Rush Limbaugh kkk meme #url# #url# </document>
    <document> cui tiankai, Chinese ambassador to US warns of coronavirus rumours, 'xenophobia' #url# #url# </document>
    <document> michael flynn, carter page see Wiretapping Report in support of justification #url# #url# </document>
    <document> Rick Montoya, a native of Las Cruces, announces that he is running for US Senate #url# </document>
    <document> Election 2020 dominates impeachment trial #url# #url# </document>
    <document> Trump team opens Defense Blasting Dems for "massive election interference" with impeachment #url# #url# </document>
    <document> Bill requiring beverage manufacturers to handle recycling tools #url# #url# </document>
    <document> Pete Buttigieg: Religious conservatives make 'deal with the devil' for federal justice #url# #url# </document>
    <document> Texas Gun Control Advocate blocked from receiving free bans #url# </document>
    <document> bernie sanders asks Iowa supporters to relax during Senate impeachment trial #url# #url# </document>
    <document> Florida legislators broadcast messages with guests from the union state #url# #url# </document>
    <document> Ralph Northam Virginia Capitol gun ban faces court challenge as rally looms #url# #url# </document>
    <document> Donald Trump is expected to attend the Daytona 500 #url# #url# </document>
    <document> lindsey graham investigates fbi, doj behavior in trump-russia investigation #url# #url# </document>
    <document> LGBT activists say new bills target transgender youth #url# </document>
    <document> Federal deficit to reach $1 trillion this year #url# #url# </document>
    <document> North Korea scraps 'Christmas surprise' amid China woes #url# #url# </document>
    <document> Record number of open meeting complaints resolved in 2019 #url# </document>
    <document> Mike Bloomberg's 2020 campaign skips Iowa, New Hampshire #url# #url# </document>
    <document> 5 things to watch out for as you follow the Iowa Democratic debate #url# #url# </document>
    <document> desantis Goals: teacher salaries, e-verify, environmental action #url# #url# </document>
    <document> Trump Rally at Jersey Shore Shows Loyalty Beyond Heartland #url# #url# </document>
    <document> Trump promises ease of deportation for Iraqi Christian immigrants #url# </document>
    The <document> court conference policy would ban judges from the Federal Society, the American Constitutional Society… #url# </document>
    <document> Donald Trump: Blown-down section of border wall "fixed forever" #url# #url# </document>
    <document> New Mexico Ethics Committee sees no complaints - #url# for now </document>
    <document> lobbyist says she's harassed by Arizona lawmaker #url# </document>
    <document> Puerto Rico warehouse full of unused emergency supplies causes a riot #url# #url# </document>
    <document> mike pompeo declines Hill's invitation to testify against Iran and Soleimani #url# #url# </document>
    <document> Democrats pledge national law to protect women's abortion rights #url# #url# </document>
    <document> Gambling Regulation Bill for the Legislature of Wyoming #url# </document>
    <document> "Quality reviews" are delaying Iowa Caucus results #url# #url# </document>
    <document> Manuscript by John Bolton 'inadmissible' in impeachment trial, says Trump attorney #url# #url# </document>
    <document> republicans lead fundraising in georgia's dual senate races #url# #url# </document>
    <document> Joe Manchin slams Donald Trump after "Munchkin" tweet #url# #url# </document>
    <document> john mccain follows donald trump in the impeachment process: "we are all ukrainians" #url# #url# </document>
    <document> a snapshot of the Key House Races in the California primary #url# </document>
    <document> Rhode Island lawmakers consider bill banning 3D weapons #url# </document>
    <document> alexandria ocasio-cortez becomes rupaul's drag race judge #url# #url# </document>
    <document> Sinema votes to condemn President Trump #url# #url# </document>
    <document> elizabeth warren confronts angry dad over student loan forgiveness plan: 'you're laughing at me'... #url# </document>
    <document> missouri gop is trying to drop "partisan fairness" in districts #url# </document>
    <document> ap explains: the arrest of Peruvian power broker keiko fujimori #url# #url# </document>
    <document> The judiciary's decision on McCabe conflicts with Trump's war on former FBI official #url# #url# </document>
    <document> House mulls subpoena for Pompeo testimony in Iran #url# #url# </document>
    <document> thousands camp in guatemala while mexico blocks migrant route #url# #url# </document>
    <document> mike pence honors mlk at memphis service #url# #url# </document>
    <document> Report: Massachusetts awarded $160 million for housing ice prisoners #url# </document>
    The <document> border patrol allows replanting after leveling the garden #url# </document>
    <document> we are curbing immigration from 6 more countries; new visa restrictions lag behind Trump's earlier tr #url# </document>
    <document> French health minister runs for mayor of Paris to end scandal #url# </document>
    <document> Robert Mueller became a "different person" during the Russia probe, reporter says #url# #url# </document>
    <document> william barr: donald trump tweets make job 'impossible' to get done #url# #url# </document>
    <document> Book by a woman about life as a black woman in journalism #url# </document>
    <document> The new sheriff shows the family attorney's video of an officer shooting at #url# </document>
    <document> trumpsher impeachment storm is boosting approval ratings #url# #url# </document>
    <document> Church immigration worker jailed for fraud #url# </document>
    <document> chuck schumer gives lev parnas a ticket to impeachment hearing on wednesday #url# #url# </document>
    <Document> Trump cuts immigration for 6 nations; no total travel ban #url# </document>
    <document> trumps tweets that impeachment is "going nowhere" as Senate trial looms #url# #url# </document>
    <document> stephanie grisham: adam schiff has 'mental health issues' and is 'obsessed' with trump #url# #url# </document>
    <document> nancy pelosi: house might subpoena john bolton #url# #url# </document>
    <document> Joe Biden at n.h. democratic debate: "i got a hit in iowa, and i'll probably get a hit here"... #url# </document>
    <document> 'snl' targets the New Hampshire elementary school by opening Sketch #url# </document>
    <document> fox's bill hemmer replaces, but does not copy, shepard smith #url# #url# </document>
    <document> rep. Cleaver's opponent apologizes for cosby-related tweet #url# </document>
    <document> Rules about what can be brought into the statehouse under review #url# </document>
    <document> Rally of New Mexico Gun Confiscation Law Opponents #url# #url# </document>
    <document> joe biden: 'no choice' but Nancy Pelosi, Democrat to seek impeachment #url# #url# </document>
    <document> Michael Bennet drops out of the 2020 race #url# #url# </document>
    <document> in the bypass: The Democratic Party's anti-Trump strategy backfires #url# #url# </document>
    <document> Nancy Pelosi tears up Donald Trump State of the Union address #url# #url# </document>
    <document> Trump hits new approval highs as support for impeachment plummets #url# #url# </document>
    <document> Trump lawyers brush off Bolton concerns in trial, Star makes first argument #url# #url# </document>
    <document> eu tries to suspend chamber for disciplining Polish judges #url# </document>
    <document> Protesters urge Romney, Lee to support fair trial #url# #url# </document> 
      <document> maryland delegate balances being mom, politician, activist #url# </document>
    <document> maryland gop governor wants more visas for foreign workers #url# </document>
    <document> gop congressman who backed nixon impeachment dead at 87 #url# #url# </document>
    <document> marsha blackburn: bernie sanders, elizabeth warren should recuse from impeachment trial #url# #url# </document>
    <document> mexico anti-obesity activists win fight for food warnings #url# </document>
    <document> trump, manchin trading barbs as impeachment feud boils over #url# </document>
    <document> fight for california house may be barometer for november #url# </document>
    <document> political corruption trial of big n carolina donor to start #url# </document>
    <document> isabel allende talks about migration, life, aging and love #url# #url# </document>
    <document> trump denies speaking to justice department officials about roger stone sentence #url# #url# </document>
    <document> policy restricts carrying guns onto offutt air force base #url# </document>
    <document> dept. of education to investigate alleged anti-semitism at ucla #url# #url# </document>
    <document> pete buttigieg wins iowa caucuses, awarded more delegates than bernie sanders #url# #url# </document>
    <document> arkansas lawmaker calls for changes after police encounter #url# </document>
    <document> todd young, gop senator, won't back iran war-powers measure curbing trump #url# #url# </document>
    <document> red-flag gun bill approaches crucial vote in new mexico #url# </document>
    <document> prosecutors oppose ex-gov's request to end probation early #url# </document>
    <document> trump heads to switzerland with senate trial to reconvene #url# #url# </document>
    <document> martha mcsally channels donald trump in fight to hold arizona senate seat #url# #url# </document>
    <document> investigation: former lawmaker likely violated house policy #url# </document>
    <document> push to ban assault weapons in virginia meets resistance #url# #url# </document>
    <document> targeted killings up as 8 wounded in iraq protest violence #url# #url# </document>
    <document> marker will honor civil rights activist fannie lou hamer #url# </document>
    <document> democrats weave closing argument at impeachment trial: 'this is trump first, not america first'… #url# </document>
    <document> bryan townsend, delaware democrat, under fire for rush limbaugh kkk meme #url# #url# </document>
    <document> cui tiankai, china ambassador to the u.s., warns against coronavirus rumors, 'xenophobia' #url# #url# </document>
    <document> michael flynn, carter page see wiretap abuse report as aiding in vindication #url# #url# </document>
    <document> las cruces native rick montoya announces run for us senate #url# </document>
    <document> 2020 election dominates impeachment trial #url# #url# </document>
    <document> trump team opens defense blasting dems for 'massive election interference' with impeachment #url# #url# </document>
    <document> bill requiring beverage makers to handle recycling dies #url# #url# </document>
    <document> pete buttigieg: religious conservatives making a 'deal with the devil' for federal judiciary #url# #url# </document>
    <document> texas gun control advocate prevented from getting free locks #url# </document>
    <document> bernie sanders asks iowa supporters to pick up slack during senate impeachment trial #url# #url# </document>
    <document> florida's lawmakers send messages with state of union guests #url# #url# </document>
    <document> ralph northam virginia capitol gun ban faces court challenge as rally looms #url# #url# </document>
    <document> donald trump expected to attend daytona 500 #url# #url# </document>
    <document> lindsey graham to probe fbi, doj conduct in trump-russia investigation #url# #url# </document>
    <document> lgbt activists say new bills target transgender youth #url# </document>
    <document> federal deficit to hit $1 trillion this year #url# #url# </document>
    <document> north korea scraps 'christmas surprise' amid china woes #url# #url# </document>
    <document> record number of open meeting complaints resolved in 2019 #url# </document>
    <document> mike bloomberg 2020 campaign skips iowa, new hampshire #url# #url# </document>
    <document> 5 things to look out for while watching the democratic debate in iowa #url# #url# </document>
    <document> desantis goals: teacher pay, e-verify, environmental action #url# #url# </document>
    <document> trump rally on jersey shore shows loyalty beyond heartland #url# #url# </document>
    <document> trump vows deportation relief for iraqi christian immigrants #url# </document>
    <document> judicial conference policy would ban judges from federalist society, american constitution society… #url# </document>
    <document> donald trump: blown-over border wall section 'fixed forever' #url# #url# </document>
    <document> new mexico ethics commission seeing no complaints -- for now #url# </document>
    <document> lobbyist says she felt harassed by arizona lawmaker #url# </document>
    <document> puerto rico warehouse full of unused emergency supplies creates uproar #url# #url# </document>
    <document> mike pompeo rebuffs hill invite to testify on iran, soleimani strike #url# #url# </document>
    <document> democrats vow national law protecting women's abortion rights #url# #url# </document>
    <document> gambling regulation bill headed to wyoming legislature #url# </document>
    <document> 'quality checks' delay iowa caucus results #url# #url# </document>
    <document> john bolton's manuscript 'inadmissible' in impeachment trial, trump lawyer says #url# #url# </document>
    <document> republicans lead fundraising in georgia's dual senate races #url# #url# </document>
    <document> joe manchin blasts donald trump after 'munchkin' tweet #url# #url# </document>
    <document> john mccain haunts donald trump at the impeachment trial: 'we are all ukrainians' #url# #url# </document>
    <document> a snapshot of key house races in the california primary #url# </document>
    <document> rhode island lawmakers considering bill banning 3d guns #url# </document>
    <document> alexandria ocasio-cortez to be 'rupaul's drag race' judge #url# #url# </document>
    <document> sinema to vote to convict president trump #url# #url# </document>
    <document> elizabeth warren faced with angry dad over student loan forgiveness plan: 'you're laughing at me'… #url# </document>
    <document> missouri gop seeks to drop "partisan fairness" in districts #url# </document>
    <document> ap explains: the arrest of peru powerbroker keiko fujimori #url# #url# </document>
    <document> justice's decision on mccabe runs afoul of trump's war on ex-fbi official #url# #url# </document>
    <document> house weighs subpoena for pompeo testimony on iran #url# #url# </document>
    <document> thousands camp in guatemala as mexico blocks migrant path #url# #url# </document>
    <document> mike pence honors mlk at memphis service #url# #url# </document>
    <document> report: massachusetts got $160m to house ice detainees #url# </document>
    <document> border patrol allows replanting after bulldozing garden #url# </document>
    <document> us curbing immigration from 6 more countries; new visa restrictions fall short of trump's earlier tr #url# </document>
    <document> french health minister to run for paris mayor to end scandal #url# </document>
    <document> robert mueller became 'different person' during russia probe, reporter says #url# #url# </document>
    <document> william barr: donald trump tweets make it 'impossible' to do job #url# #url# </document>
    <document> woman pens book about life as a black woman in journalism #url# </document>
    <document> new sheriff shows family's lawyer video of officer shooting #url# </document>
    <document> trump weathers impeachment storm, sees approval ratings rise #url# #url# </document>
    <document> church immigration aide gets prison for defrauding people #url# </document>
    <document> chuck schumer gives lev parnas ticket to impeachment hearing wednesday #url# #url# </document>
    <document> trump curbs immigration for 6 nations; not a full travel ban #url# </document>
    <document> trump tweets that impeachment 'going nowhere' as senate trial looms #url# #url# </document>
    <document> stephanie grisham: adam schiff having 'mental issue,' is 'obsessed' with trump #url# #url# </document>
    <document> nancy pelosi: house could subpoena john bolton #url# #url# </document>
    <document> joe biden at n.h. democratic debate: 'i took a hit in iowa, and i'll probably take a hit here'… #url# </document>
    <document> 'snl' takes aim at new hampshire primary in opening skit #url# </document>
    <document> fox's bill hemmer replaces, but won't copy, shepard smith #url# #url# </document>
    <document> rep. cleaver's opponent apologizes for cosby-related tweet #url# </document>
    <document> rules on what can be brought into statehouse under review #url# </document>
    <document> opponents of gun confiscation bill rally in new mexico #url# #url# </document>
    <document> joe biden: 'no choice' but for nancy pelosi, democrats to move on impeachment #url# #url# </document>
    <document> michael bennet drops out of 2020 race #url# #url# </document>
    <document> inside the beltway: the democratic party's anti-trump strategy is backfiring #url# #url# </document>
    <document> nancy pelosi rips up donald trump state of the union address #url# #url# </document>
    <document> trump hits new approval high as impeachment support dips #url# #url# </document>
    <document> trump lawyers brush past bolton concerns in trial, starr makes first argument #url# #url# </document>
    <document> eu seeks to suspend chamber disciplining polish judges #url# </document>
    <document> demonstrators call for romney, lee to support fair trial #url# #url# </document>
    
<document>Maryland delegate balances being a mom, politician, activist #url# </document>
    <document> maryland gop governor wants more visas for foreign workers #url# </document>
    <document> Gop deputy who supported Nixon's impeachment dies at 87 #url# #url# </document>
    <document> marsha blackburn: bernie sanders, elizabeth warren should withdraw from impeachment trial #url# #url# </document>
    <document>Mexican anti-obesity activists win battle over food scares #url# </document>
    <document> Trump, Manchin trade barbs as impeachment feud simmers in #url# </document>
    <document> California's house fight may be November's barometer #url# </document>
    <document> Political corruption trial against major Carolina donor begins #url# </document>
    <document> isabel allende talks about migration, life, aging and love #url# #url# </document>
    <document> Trump Denies Talking to Justice Department Officials About Roger Stone's Sentence #url# #url# </document>
    <document> policy restricts the carriage of weapons within the air base offutt #url# </document>
    <document> dep. of Education to Investigate Alleged Anti-Semitism at UCLA #url# #url# </document>
    <document> pete buttigieg wins iowa caucus, awarded with more delegates than bernie sanders #url# #url# </document>
    <document> Arkansas lawmaker calls for changes after police encounter #url# </document>
    <document>GOP Senator Todd Young Won't End Trump's War Powers Measure Holding Back Trump #url# #url# </document>
    <document>Firearms bill nears crucial vote in New Mexico #url# </document>
    <document>Prosecutors Refuse Former Governor's Request For Early End Of Probation #url# </document>
    <document> Trump heads to Switzerland with Senate trial to be reconvened #url# #url# </document>
    <document> martha mcsally channels donald trump in fight to keep arizona senate seat #url# #url# </document>
    <document> investigation: Former lawmaker likely violated #url# </document> house policy
    <document> Push to ban assault weapons in Virginia meets resistance #url# #url# </document>
    <document> Targeted killings rise by 8 injured in Iraq protest violence #url# #url# </document>
    <document> marker will pay tribute to civil rights activist fannie lou hamer #url# </document>
    <document> Democrats weave closing argument to impeachment trial: "this is Trump first, not America first"... #url# </document>
    <document> bryan townsend delaware democrat under fire for rush limbaugh kkk meme #url# #url# </document>
    <document> cui tiankai, Chinese ambassador to the US, warns against coronavirus rumors and 'xenophobia' #url# #url# </document>
    <document> michael flynn, carter page sees report of wiretap abuse as aid in revenge #url# #url# </document>
    <document> Las Cruces Native Rick Montoya Announces Senate Run #url# </document>
    <document>2020 election dominates impeachment process #url# #url# </document>
    <document> Trump team opens defense against dem for "massive electoral interference" with impeachment #url# #url# </document>
    <document> bill requiring beverage manufacturers to handle recycling molds #url# #url# </document>
    <document> pete buttigieg: religious conservatives make 'deal with the devil' for federal judiciary #url# #url# </document>
    <document>Texas Gun Control Attorney Blocked Get Free Padlocks #url# </document>
    <document> bernie sanders calls on iowa supporters to slow down during senate impeachment trial #url# #url# </document>
    <document>florida lawmakers send invitee messages to state of the union #url# #url# </document>
    <document> ralph northam virginia capitol firearms ban faces court challenge as rally looms #url# #url# </document>
    <document> Donald Trump should participate in the Daytona 500 #url# #url# </document>
    <document> lindsey graham to investigate fbi, doj conducted in trump-russia investigation #url# #url# </document>
    <document> lgbt activists say new laws target transgender youth #url# </document>
    <document> Federal deficit to hit $1 trillion this year #url# #url# </document>
    <document>north korea waives 'christmas surprise' amid woes for china #url# #url# </document>
    <document> record number of open meeting complaints resolved in 2019 #url# </document>
    <document> Mike Bloomberg 2020 campaign skips iowa, new hampshire #url# #url# </document>
    <document> 5 things to look out for while watching the Iowa Democratic debate #url# #url# </document>
    <document> desantis objectives: teachers salary, e-audit, environmental action #url# #url# </document>
    <document> Trump Rally on Jersey Shore Shows Loyalty Beyond the Heart #url# #url# </document>
    <document> Trump vows deportation relief for Iraqi Christian immigrants #url# </document>
    <document> the policy of the judiciary conference would ban judges from the federalist society, from the American constitutional society... #url# </document>
    <document> donald trump: section of border wall blown 'fixed forever' #url# #url# </document>
    <document> New Mexico's ethics commission sees no complaints -- as of now #url# </document>
    <document> lobbyist says she felt harassed by Arizona legislator #url# </document>
    <document> puerto rico warehouse full of unused emergency supplies creates uproar #url# #url# </document>
    <document> mike pompeo rejects hill's invitation to testify on soleimani strike and iran #url# #url# </document>
    <document> Democrats promise nationwide law to protect women's right to abortion #url# #url# </document>
    <document>Gambling Regulatory Bill Going to Wyoming Legislature #url# </document>
    <document> 'quality checks' delay iowa caucus results #url# #url# </document>
    <document>John Bolton's manuscript is 'inadmissible' in impeachment trial, says Trump attorney #url# #url# </document>
    <document>Republicans lead fundraising in Georgia dual senate race #url# #url# </document>
    <document> joe manchin attacks donald trump after "munchkin" tweet #url# #url# </document>
    <document> john mccain prosecutes donald trump at impeachment trial: 'we are all ukrainians' #url# #url# </document>
    <document> a snapshot of the key home races in the California primary #url# </document>
    <document>Rhode Island lawmakers considering bill banning 3d guns #url# </document>
    <document> alexandria ocasio-cortez will be the judge of 'rupaul's drag race' #url# #url# </document>
    <document> sinema to vote to convict President Trump #url# #url# </document>
    <document> elizabeth warren in front of father angry about student loan forgiveness plan: 'are you laughing at me'… #url# </document>
    <document> missouri gop seeks to bring down "partisan equity" in districts #url# </document>
    <document> ap explains: arrest of Peruvian powerbroker keiko fujimori #url# #url# </document>
    <document>Judge's decision on McCabe goes against Trump's war against former FBI official #url# #url# </document>
    <document> home weighs subpoena for pompeo's testimony on iran #url# #url# </document>
    <document> Thousands Camp in Guatemala as Mexico Blocks Path of Migrants #url# #url# </document>
    <document> mike pence honors mlk in service of memphis #url# #url# </document>
    <document> report: Massachusetts awarded $160 million to house ice inmates #url# </document>
    <document> Border Patrol allows replanting after garden demolition #url# </document>
    <document> us to curb immigration from 6 other countries; the new visa restrictions fall short of Trump's previous tr #url# </document>
    <document>French health minister runs for mayor of paris to end scandal #url# </document>
    <document> Robert Mueller became a 'different person' during Russia investigation, says reporter #url# #url# </document>
    <document> william barr: Donald Trump tweets make job 'impossible' #url# #url# </document>
    <document> woman writes book about life as a black woman in journalism #url# </document>
    <document> new sheriff shows family lawyer video of shooting officer #url# </document>
    <document> triumphs in the wethis impeachment storm sees approval ratings soar #url# #url# </document>
    <document>Church Immigration Assistant Goes to Jail for Defrauding People #url# </document>
    <document> Chuck Schumer hands Lev Parnas a ticket for his impeachment hearing on Wednesday #url# #url# </document>
    <document> Trump Curbs Immigration for 6 Nations; not a total travel ban #url# </document>
    <document> Trump tweets that impeachment 'goes nowhere' as Senate trial looms #url# #url# </document>
    <document> stephanie grisham: adam schiff has a 'mental issue', is 'obsessed' with trump #url# #url# </document>
    <document> nancy pelosi: the house could sue john bolton #url# #url# </document>
    <document> joe biden at n.h. democratic debate: 'I took a hit in iowa, and I'll probably take a hit here'… #url# </document>
    <document> 'snl' targets New Hampshire primary in opening skit #url# </document>
    <document> foxbill edge replaces, but will not copy, shepard smith #url# #url# </document>
    <document> representative. Cleaver's opponent apologizes for Cosby related tweet #url# </document>
    <document> rules about what can be brought into the statehouse under review #url# </document>
    <document> Opponents of Gun Forfeiture Bill Rally in New Mexico #url# #url# </document>
    <document> joe biden: 'no choice' but for nancy pelosi, democrats move to impeachment #url# #url# </document>
    <document> michael bennet quits 2020 race #url# #url# </document>
    <document> inside the ring road: the democratic party's anti-trump strategy is failing #url# #url# </document>
    <document> nancy pelosi rips donald trump union state speech #url# #url# </document>
    <document> Trump hits new approval rating as support for impeachment wanes #url# #url# </document>
    <document> Trump lawyers overcome Bolton concerns in trial, Starr makes first argument #url# #url# </document>
    <document> EU seeks to suspend disciplinary rule of Polish chamber of judges #url# </document>
    <document> protesters ask romney, lee to stand a fair trial #url# #url# </document>