 
      <document> relnews: if hillary wins, she\\\\\\\'ll be grateful for comey\\\\\\\'s move -the new yorker- #url# </document>
    <document> relnews: the secret eye inside mosul -the new yorker- #url# </document>
    <document> relnews: what is the hatch act' the law harry reid claims the fbi violated -new york daily news- #url# </document>
    <document> relnews: bill clinton: \\\'decide what it means to be american in the 21st century\\\' -wral.com- #url# </document>
    <document> relnews: the fbi director's unworthy choice -the wall street journal- #url# </document>
    <document> relnews: voter complaints up as election day nears, advocates say -abc news- #url# </document>
    <document> relnews: house republican defends fbi director over email review -abc news- #url# </document>
    <document> relnews: the f.b.i. reinvigorates trump -the new yorker- #url# </document>
    <document> relnews: the surprising economic reason drug cartel members get head-to-toe tattoos-business insider </document>
    <document> relnews: if hillary wins, she\\\'ll be grateful for comey\\\'s move -the new yorker- #url# </document>
    <document> relnews: holder condemns comey over 'mistake' -cnbc international- #url# </document>
    <document> relnews: dnc accuses rnc of violating agreement to not intimidate voters -cbs news- #url# </document>
    <document> relnews: clinton had a bad week, but trump is still lagging -the new yorker- #url# </document>
    <document> relnews: the times recommends -los angeles times- #url# </document>
    <document> relnews: op-ed columnist: comey, clinton and this steaming mess -the new york times- #url# </document>
    <document> relnews: the clinton email probe isn't illegal but fbi will pay a price anyway, experts say -cnbc international- #url# </document>
    <document> relnews: holder condemns comey over 'mistake' -cnbc international- #url# </document>
    <document> relnews: voter complaints up as election day nears, advocates say -abc news- #url# </document>
    <document> relnews: illegal immigration: the hopes and lies driving children to the us -the christian science monitor- #url# </document>
    <document> relnews: hillary clinton and the populist revolt -the new yorker- #url# </document>
    <document> relnews: hillary clinton emails: what we know, and what we don't -usa today- #url# </document>
    <document> relnews: bill clinton: \'decide what it means to be american in the 21st century\' -wral.com- #url# </document>
    <document> relnews: in battleground pennsylvania, lines are drawn headed into election -abc news- #url# </document>
    <document> relnews: clinton blasts 'deeply troubling' fbi letter to congress -cbs news- #url# </document>
    <document> relnews: erick erickson is sorry about some of the things he has said -the new yorker- #url# </document>
    <document> relnews: holder condemns comey over \\\\\\\'mistake\\\\\\\' -cnbc international- #url# </document>
    <document> relnews: hillary clinton emails: what we know, and what we don\'t -usa today- #url# </document>
    <document> relnews: james comey broke with loretta lynch and justice department tradition -the new yorker- #url# </document>
    <document> relnews: holder condemns comey over \\\'mistake\\\' -cnbc international- #url# </document>
    <document> relnews: on clinton emails, did the f.b.i. director abuse his power' -the new york times- #url# </document>
    <document> relnews: trolls for trump -the new yorker- #url# </document>
    <document> relnews: attorney general disagreed with fbi chief on clinton announcement -cbs news- #url# </document>
    <document> relnews: ivanka trump fights to save the brand -the new yorker- #url# </document>
    <document> relnews: if hillary wins, she'll be grateful for comey's move -the new yorker- #url# </document>
    <document> relnews: for the record: re: the emails, hillary looks to move fwd: -usa today- #url# </document>
    <document> relnews: beth finke: blind, but entitled to cast a ballot -new york daily news- #url# </document>
    <document> relnews: if hillary wins, she'll be grateful for comey's move -the new yorker- #url# </document>
    <document> relnews: here's what happens when the government tries to regulate sex on porn sets -newsok- #url# </document>
    <document> relnews: chuck schumer, wendy long spar over fbi email probe at debate -new york daily news- #url# </document>
    <document> relnews: fbi obtains warrant for newly located emails -politico magazine- #url# </document>
    <document> relnews: fbi director james comey is a good guy in a bad situation -new york daily news- #url# </document>
    <document> relnews: election officials urge utahns to vote despite 'uninspiring' presidential race -ksl.com- #url# </document>
    <document> relnews: lgbt law, hurricane jostle close n. carolina governor\\\\\\\\\\\\\\\'s race -wral.com- #url# </document>
    <document> relnews: harry reid: comey may have violated the hatch act -ksl.com- #url# </document>
    <document> relnews: ivanka trump fights to save the brand -the new yorker- #url# </document>
    <document> relnews: clinton blasts 'deeply troubling' fbi letter to congress -cbs news- #url# </document>
    <document> relnews: lgbt law, hurricane jostle close n. carolina governor\\\\\\\'s race -wral.com- #url# </document>
    <document> relnews: cbs battleground poll: partisans divide on news of fbi, emails -cbs news- #url# </document>
    <document> relnews: op-ed columnist: comey, clinton and this steaming mess -the new york times- #url# </document>
    <document> relnews: reid: fbi director 'may have broken the law' -politico magazine- #url# </document>
    <document> relnews: slip of the tongue may undercut trump's minority outreach -cbs news- #url# </document>
    <document> relnews: election day promises to be a marathon -wral.com- #url# </document>
    <document> relnews: from whitewater to benghazi: a clinton-scandal primer -the atlantic- #url# </document>
    <document> relnews: bill clinton: 'decide what it means to be american in the 21st century' -wral.com- #url# </document>
    <document> relnews: fbi mad bomber james comey needs to resign -new york daily news- #url# </document>
    <document> relnews: on clinton emails, did the f.b.i. director abuse his power' -the new york times- #url# </document>
    <document> relnews: justice department advised fbi against clinton email letter -wral.com- #url# </document>
    <document> relnews: most routes to 270 blocked for trump, needs last-ditch surge -chron - houston chronicle- #url# </document>
    <document> relnews: dnc accuses rnc of violating agreement to not intimidate voters -cbs news- #url# </document>
    <document> relnews: another government hospital runs over budget, repeating a wasteful pattern -fox news- #url# </document>
    <document> relnews: the new yorker endorses hillary clinton -the new yorker- #url# </document>
    <document> relnews: huh! sexual harassment is as big a problem for female runners as for all other women -slate- #url# </document>
    <document> relnews: clinton had a bad week, but trump is still lagging -the new yorker- #url# </document>
    <document> relnews: abedin tells colleagues she's in dark about new email trove -politico magazine- #url# </document>
    <document> relnews: the protests at standing rock are necessary. what happened at malheur was nonsense. -los angeles times- #url# </document>
    <document> relnews: fbi gets warrant for clinton email trove -cnbc international- #url# </document>
    <document> relnews: trump campaign: hillary clinton, huma abedin know what is in the emails -washington times- #url# </document>
    <document> relnews: holder condemns comey over \'mistake\' -cnbc international- #url# </document>
    <document> relnews: maya wiley: damn right the election is rigged -new york daily news- #url# </document>
    <document> relnews: america, there is a better way to vote -slate- #url# </document>
    <document> relnews: holder condemns comey over \\\'mistake\\\' -cnbc international- #url# </document>
    <document> relnews: what will trump supporters do if he loses' a dispatch from ohio -los angeles times- #url# </document>
    <document> relnews: trump campaign: hillary clinton, huma abedin know what is in the emails -washington times- #url# </document>
    <document> relnews: napolitano rips fbi director's handling of clinton email probe -the arizona republic- #url# </document>
    <document> relnews: king: adopting a black child is not a free pass to be racist -new york daily news- #url# </document>
    <document> relnews: holder condemns comey over \'mistake\' -cnbc international- #url# </document>
    <document> relnews: trolls for trump -the new yorker- #url# </document>
    <document> relnews: bill clinton: \\\'decide what it means to be american in the 21st century\\\' -wral.com- #url# </document>
    <document> relnews: what will trump supporters do if he loses' a dispatch from ohio -los angeles times- #url# </document>
    <document> relnews: sources reveal new details about reopened clinton email probe -cbs news- #url# </document>
    <document> relnews: election day promises to be a marathon -wral.com- #url# </document>
    <document> relnews: holder condemns comey over \\\\\\\\\\\\\\\'mistake\\\\\\\\\\\\\\\' -cnbc international- #url# </document>
    <document> relnews: report: weiner's laptop may hold 650k emails as clinton team blasts 'shameless' probe -cnbc international- #url# </document>
    <document> relnews: clinton, trump hit unprecedented levels of unpopularity -abc news- #url# </document>
    <document> relnews: hillary clinton emails: what we know, and what we don\\\'t -usa today- #url# </document>
    <document> relnews: fbi shadow: now it's clinton vs. comey, with hypocrisy on both sides -fox news- #url# </document>
    <document> relnews: bill clinton: \\\\\\\'decide what it means to be american in the 21st century\\\\\\\' -wral.com- #url# </document>
    <document> relnews: clinton dings trump on disputed charity claims -politico magazine- #url# </document>
    <document> relnews: cbs battleground poll: partisans divide on news of fbi, emails -cbs news- #url# </document>
    <document> relnews: doj tried to block comey on clinton -cnbc international- #url# </document>
    <document> relnews: clinton gains in nc, fl, says pre-fbi news polls -cnbc international- #url# </document>
    <document> relnews: fbi: new clinton emails prompt further investigation -wral.com- #url# </document>
    <document> relnews: a ballot initiative asks californians to watch porn more closely -the atlantic- #url# </document>
    <document> relnews: trump campaign manager condemns rally supporter who chanted, '&amp;#hashtag#;jew-s-a!' -the washington post- #url# </document>
    <document> relnews: erick erickson is sorry about some of the things he has said -the new yorker- #url# </document>
    <document> relnews: chris christie is over -the atlantic- #url# </document>
    <document> relnews: fbi is taking 'investigative steps' to review more clinton emails -cbs news- #url# </document>
    <document> relnews: from whitewater to benghazi: a clinton-scandal primer -the atlantic- #url# </document>
    <document> relnews: a quarter century of clarence thomas -the new yorker- #url# </document>
    <document> relnews: lgbt law, hurricane jostle close n. carolina governor\\\\\\\\\\\\\\\\\\\\\\\\\\\\\\\'s race -wral.com- #url# </document>
    
<document> relnews: If Hillary wins, she will\\\\\\\\\\\\\\\\\\\\\\\\\\\\\\\\\\\\\ \\\\\\\\\\\\\\\\\\\\\\\\\\\\\\\\\\\\\\\\\\\\\\\\\ \\\\\\\\\\\\\\\\\\\\\\\\\\\\\\\\\\ Will be grateful to the train -the new yorker- — #url# < /document>
    <document> relnews: the secret eye inside mosul -the new yorker- #url# </document>
    <document> relnews: what is the Hatch Act? Harry Reid claims the FBI broke the law -new york daily news- #url# </document>
    <document> relnews: bill clinton: \\\'Decide what it means to be an American in the 21st century\\\' -wral.com- #url# </document>
    <document> relnews: The FBI Director's Unworthy Election - The Wall Street Journal - #url# </document>
    <document> relnews: Voter grievances approaching Election Day, proponents say -abc news- #url# </document>
    <document> relnews: House Republican defends FBI Director over email scrutiny -abc news- #url# </document>
    <document> relnews: the f.b.i. revitalizes Trump - the New Yorker - #url# </document>
    <document> relnews: The Surprising Economic Reason Drug Cartel Members Get Tattooed From Head To Toe - Business Insider</document>
    <document> relnews: if hillary wins, she'll be grateful to comey\\\'s move -the new yorker- #url# </document>
    <document> relnews: Owner condemns Comey for "mistake" -cnbc international- #url# </document>
    <document> relnews: dnc accuses rnc of violating agreement not to intimidate voters - cbs news- #url# </document>
    <document> relnews: Clinton had a bad week, but Trump is still lagging behind -the new yorker- #url# </document>
    <document> relnews: the times recommends -los angeles times- #url# </document>
    <document> relnews: Columnist: Comey, Clinton and that steamy mess - The New York Times - #url# </document>
    <document> relnews: The Clinton email probe isn't illegal, but the fbi will still pay a price, experts say -cnbc international- #url# </document>
    <document> relnews: Owner condemns Comey for "mistake" -cnbc international- #url# </document>
    <document> relnews: Voter grievances approaching Election Day, proponents say -abc news- #url# </document>
    <document> relnews: illegal immigration: the hopes and lies that drive children to the us -the christian science monitor- #url# </document>
    <document> relnews: hillary clinton and the populist revolt -the new yorker- #url# </document>
    <document> relnews: Hillary Clinton Emails: What We Know and What We Don't -USA Today- #url# </document>
    <document> relnews: bill clinton: \'decide what it means to be an American in the 21st century\' -wral.com- #url# </document>
    <document> relnews: lines are drawn on the Pennsylvania battlefield going into the election -abc news- #url# </document>
    <document> relnews: Clinton blasts 'deeply disturbing' FBI letter to Congress -cbs news- #url# </document>
    <document> relnews: erick erickson regrets some of the things he said -the new yorker- #url# </document>
    <document> relnews: Halter condemns Comey for \\\\\\\'mistake\\\\\\\' -cnbc international- #url# </document>
    <document> relnews: hillary clinton emails: what we know and what we don't -usa today- #url# </document>
    <document> relnews: james comey broke with loretta lynch and the tradition of the justice department -the new yorker- #url# </document>
    <document> relnews: Owner condemns Comey for \\\'error\\\' -cnbc international- #url# </document>
    <document> relnews: did the f.b.i. Director abusing his power' -the new york times- #url# </document>
    <document> relnews: Trolls for Trump -the new yorker- #url# </document>
    <document> relnews: Attorney General contradicted FBI chief on Clinton announcement - cbs news- #url# </document>
    <document> relnews: ivanka trump fights to save brand -the new yorker- #url# </document>
    <document> relnews: if hillary wins, she'll be grateful for comey's move -the new yorker- #url# </document>
    <document> relnews: for the record: re: the emails, Hillary is trying to move forward: -usa today- #url# </document>
    <document> relnews: beth finke: blind, but justifieded to vote -new york daily news- #url# </document>
    <document> relnews: if hillary wins, she'll be grateful for comey's move -the new yorker- #url# </document>
    <document> relnews: Here's what happens when the government tries to regulate sex on porn sets -newsok- #url# </document>
    <document> relnews: chuck schumer, wendy long spar on fbi email probe at debate -new york daily news- #url# </document>
    <document> relnews: fbi issues search warrant for newly found email -politico magazine- #url# </document>
    <document> relnews: FBI Director James Comey is a good guy in a bad situation -new york daily news- #url# </document>
    <document> relnews: Election officials urge Utahns to vote despite 'boring' presidential campaign -ksl.com- #url# </document>
    <document> relnews: lgbt law, hurricane jostle close n. carolina governor\\\\\\\\\\\\\\\\\\\\'s race -wral.com- #url# </document >
    <document> relnews: harry reid: comey may have violated the Hatch Act -ksl.com- #url# </document>
    <document> relnews: ivanka trump fights to save brand -the new yorker- #url# </document>
    <document> relnews: Clinton blasts 'deeply disturbing' FBI letter to Congress -cbs news- #url# </document>
    <document> relnews: lgbt law, hurricane jostle close n. the race of carolina governor\\\\\\\ -wral.com- #url# </document>
    <document> relnews: cbs battleground poll: partisans share emails -cbs news- #url# </document> based on fbi news
    <document> relnews: Columnist: Comey, Clinton and that steamy mess - The New York Times - #url# </document>
    <document> relnews: reid: fbi director 'may have broken the law' -politico magazine- #url# </document>
    <document> relnews: Slips of the tongue could undermine Trump's reach for minorities -cbs news- #url# </document>
    <document> relnews: Election Day promises to be a marathon -wral.com- #url# </document>
    <document> relnews: from whitewater to benghazi: a clinton-scandal primer -the atlantic- #url# </document>
    <document> relnews: bill clinton: 'Decide what it means to be an American in the 21st Century' -wral.com- #url# </document>
    <document> relnews: fbi mad bomber james comey resigns -new york daily news- #url# </document>
    <document> relnews: did the f.b.i. Director abusing his power' -the new york times- #url# </document>
    <document> relnews: Justice Department advised FBI against Clinton's email letter -wral.com- #url# </document>
    <document> relnews: Most routes to 270 are closed to Trump, needs Last-Ditch-Surge -chron -houston Chronicle- #url# </document>
    <document> relnews: dnc accuses rnc of violating agreement not to intimidate voters - cbs news- #url# </document>
    <document> relnews: Another government hospital goes over budget, repeating wasteful pattern -fox news- #url# </document>
    <document> relnews: the new yorker endorses Hillary Clinton -the new yorker- #url# </document>
    <document> relnews: huh! sexual harassment is as big a problem for runners as it is for any other woman -slate- #url# </document>
    <document> relnews: Clinton had a bad week, but Trump is still lagging behind -the new yorker- #url# </document>
    <document> relnews: abedin tells coworkers she's vague about the new email trove -politico magazine- #url# </document>
    <document> relnews: The Standing Rock protests are necessary. what happened at malheur was nonsensical. -los angeles times- #url# </document>
    <document> relnews: FBI Receives Search Warrant on Clinton's Mail Storage -cnbc international- #url# </document>
    <document> relnews: Trump campaign: Hillary Clinton, Huma Abedin know what the emails say - Washington Times - #url# </document>
    <document> relnews: Owner condemns Comey for "mistake" -cnbc international- #url# </document>
    <document> relnews: maya wiley: damn right the election is rigged -new york daily news- #url# </document>
    <document> relnews: America, there's a better way to vote -slate- #url# </document>
    < Document> relnews: Halter condemns Comey for \\\'error\\\' -cnbc international- #url# </document>
    <document> relnews: What Will Trump Supporters Do If He Loses Cable From Ohio - Los Angeles Times? #url# </document>
    <document> relnews: Trump campaign: Hillary Clinton, Huma Abedin know what the emails say - Washington Times - #url# </document>
    <document> relnews: Napolitano tears down FBI Director's handling of Clinton - Republic of Arizona's email investigation - #url# </document>
    <document> relnews: king: adopting a black child is not a license to be racist -new york daily news- #url# </document>
    <document> relnews: Owner condemns Comey for "mistake" -cnbc international- #url# </document>
    <document> relnews: Trolls for Trump -the new yorker- #url# </document>
    <document> relnews: bill clinton: \\\'Decide what it means to be an American in the 21st century\\\' -wral.com- #url# </document>
    <document> relnews: What Will Trump Supporters Do If He Loses Cable From Ohio - Los Angeles Times? #url# </document>
    <document> relnews: Sources reveal new details about reopened Clinton email probe - cbs news- #url# </document>
    <document> relnews: Election Day promises to be a marathon -wral.com- #url# </document>
    <document> relnews: Halter condemns Comey for \\\\\\\\\\\\\\\'error\\\\\\\\\\\\\\\' -cnbc international- #url# </document>
    <document> relnews: Report: Weiner's laptop can store 650,000 emails as Clinton team blows up 'shameless' probe -cnbc international- #url# </document>
    <document> relnews: clinton, trump reached unprecedented levels of unpopularity -abc news- #url# </document>
    <document> relnews: hillary clinton emails: what we know and what we don't -USA Today- #url# </document>
    <document> relnews: fbi shadow: now it's clinton vs. comey, with hypocrisy on both sides -fox news- #url# </document>
    <document> relnews: bill clinton: \\\\\\\'Decide what it means to be an American in the 21st Century\\\\\\\' -wral.com- #url# </document>
    <document> relnews: clinton dings trumps controversial charity claims -politico magazine- #url# </document>
    <document> relnews: cbs battleground poll: partisans share emails -cbs news- #url# </document> based on fbi news
    <document> relnews: doj tried to block comey on clinton -cnbc international- #url# </document>
    <document> relnews: Clinton wins in nc, fl says pre-fbi news polls -cnbc international- #url# </document>
    <document> relnews: fbi: new emails from Clinton prompt further investigation -wral.com- #url# </document>
    <document> relnews: A ballot urges Californians to take a closer look at porn -the atlantic- #url# </document>
    <document> relnews: Trump's campaign manager condemns rally supporter who chanted "&amp;#hashtag#;jew-s-a!" -the washington post- #url# </document>
    <document> relnews: erick erickson regrets some of the things he said -the new yorker- #url# </document>
    <document> relnews: chris christie is over -the atlantic- #url# </document>
    <document> relnews: FBI takes "investigative steps" to review more emails from Clinton - cbs news- #url# </document>
    <document> relnews: from whitewater to benghazi: a clinton-scandal primer -the atlantic- #url# </document>
    <document> relnews: a quarter century of Clarence Thomas - the New Yorker - #url# </document>
    <document> relnews: lgbt law, hurricane jostle close n. carolina governor\\\\\\\\\\\\\\\\\\\\\\\\\\\\\\\\\ 's race -wral.com- #url# </document> 
      <document> relnews: if hillary wins, she\\\\\\\'ll be grateful for comey\\\\\\\'s move -the new yorker- #url# </document>
    <document> relnews: the secret eye inside mosul -the new yorker- #url# </document>
    <document> relnews: what is the hatch act' the law harry reid claims the fbi violated -new york daily news- #url# </document>
    <document> relnews: bill clinton: \\\'decide what it means to be american in the 21st century\\\' -wral.com- #url# </document>
    <document> relnews: the fbi director's unworthy choice -the wall street journal- #url# </document>
    <document> relnews: voter complaints up as election day nears, advocates say -abc news- #url# </document>
    <document> relnews: house republican defends fbi director over email review -abc news- #url# </document>
    <document> relnews: the f.b.i. reinvigorates trump -the new yorker- #url# </document>
    <document> relnews: the surprising economic reason drug cartel members get head-to-toe tattoos-business insider </document>
    <document> relnews: if hillary wins, she\\\'ll be grateful for comey\\\'s move -the new yorker- #url# </document>
    <document> relnews: holder condemns comey over 'mistake' -cnbc international- #url# </document>
    <document> relnews: dnc accuses rnc of violating agreement to not intimidate voters -cbs news- #url# </document>
    <document> relnews: clinton had a bad week, but trump is still lagging -the new yorker- #url# </document>
    <document> relnews: the times recommends -los angeles times- #url# </document>
    <document> relnews: op-ed columnist: comey, clinton and this steaming mess -the new york times- #url# </document>
    <document> relnews: the clinton email probe isn't illegal but fbi will pay a price anyway, experts say -cnbc international- #url# </document>
    <document> relnews: holder condemns comey over 'mistake' -cnbc international- #url# </document>
    <document> relnews: voter complaints up as election day nears, advocates say -abc news- #url# </document>
    <document> relnews: illegal immigration: the hopes and lies driving children to the us -the christian science monitor- #url# </document>
    <document> relnews: hillary clinton and the populist revolt -the new yorker- #url# </document>
    <document> relnews: hillary clinton emails: what we know, and what we don't -usa today- #url# </document>
    <document> relnews: bill clinton: \'decide what it means to be american in the 21st century\' -wral.com- #url# </document>
    <document> relnews: in battleground pennsylvania, lines are drawn headed into election -abc news- #url# </document>
    <document> relnews: clinton blasts 'deeply troubling' fbi letter to congress -cbs news- #url# </document>
    <document> relnews: erick erickson is sorry about some of the things he has said -the new yorker- #url# </document>
    <document> relnews: holder condemns comey over \\\\\\\'mistake\\\\\\\' -cnbc international- #url# </document>
    <document> relnews: hillary clinton emails: what we know, and what we don\'t -usa today- #url# </document>
    <document> relnews: james comey broke with loretta lynch and justice department tradition -the new yorker- #url# </document>
    <document> relnews: holder condemns comey over \\\'mistake\\\' -cnbc international- #url# </document>
    <document> relnews: on clinton emails, did the f.b.i. director abuse his power' -the new york times- #url# </document>
    <document> relnews: trolls for trump -the new yorker- #url# </document>
    <document> relnews: attorney general disagreed with fbi chief on clinton announcement -cbs news- #url# </document>
    <document> relnews: ivanka trump fights to save the brand -the new yorker- #url# </document>
    <document> relnews: if hillary wins, she'll be grateful for comey's move -the new yorker- #url# </document>
    <document> relnews: for the record: re: the emails, hillary looks to move fwd: -usa today- #url# </document>
    <document> relnews: beth finke: blind, but entitled to cast a ballot -new york daily news- #url# </document>
    <document> relnews: if hillary wins, she'll be grateful for comey's move -the new yorker- #url# </document>
    <document> relnews: here's what happens when the government tries to regulate sex on porn sets -newsok- #url# </document>
    <document> relnews: chuck schumer, wendy long spar over fbi email probe at debate -new york daily news- #url# </document>
    <document> relnews: fbi obtains warrant for newly located emails -politico magazine- #url# </document>
    <document> relnews: fbi director james comey is a good guy in a bad situation -new york daily news- #url# </document>
    <document> relnews: election officials urge utahns to vote despite 'uninspiring' presidential race -ksl.com- #url# </document>
    <document> relnews: lgbt law, hurricane jostle close n. carolina governor\\\\\\\\\\\\\\\'s race -wral.com- #url# </document>
    <document> relnews: harry reid: comey may have violated the hatch act -ksl.com- #url# </document>
    <document> relnews: ivanka trump fights to save the brand -the new yorker- #url# </document>
    <document> relnews: clinton blasts 'deeply troubling' fbi letter to congress -cbs news- #url# </document>
    <document> relnews: lgbt law, hurricane jostle close n. carolina governor\\\\\\\'s race -wral.com- #url# </document>
    <document> relnews: cbs battleground poll: partisans divide on news of fbi, emails -cbs news- #url# </document>
    <document> relnews: op-ed columnist: comey, clinton and this steaming mess -the new york times- #url# </document>
    <document> relnews: reid: fbi director 'may have broken the law' -politico magazine- #url# </document>
    <document> relnews: slip of the tongue may undercut trump's minority outreach -cbs news- #url# </document>
    <document> relnews: election day promises to be a marathon -wral.com- #url# </document>
    <document> relnews: from whitewater to benghazi: a clinton-scandal primer -the atlantic- #url# </document>
    <document> relnews: bill clinton: 'decide what it means to be american in the 21st century' -wral.com- #url# </document>
    <document> relnews: fbi mad bomber james comey needs to resign -new york daily news- #url# </document>
    <document> relnews: on clinton emails, did the f.b.i. director abuse his power' -the new york times- #url# </document>
    <document> relnews: justice department advised fbi against clinton email letter -wral.com- #url# </document>
    <document> relnews: most routes to 270 blocked for trump, needs last-ditch surge -chron - houston chronicle- #url# </document>
    <document> relnews: dnc accuses rnc of violating agreement to not intimidate voters -cbs news- #url# </document>
    <document> relnews: another government hospital runs over budget, repeating a wasteful pattern -fox news- #url# </document>
    <document> relnews: the new yorker endorses hillary clinton -the new yorker- #url# </document>
    <document> relnews: huh! sexual harassment is as big a problem for female runners as for all other women -slate- #url# </document>
    <document> relnews: clinton had a bad week, but trump is still lagging -the new yorker- #url# </document>
    <document> relnews: abedin tells colleagues she's in dark about new email trove -politico magazine- #url# </document>
    <document> relnews: the protests at standing rock are necessary. what happened at malheur was nonsense. -los angeles times- #url# </document>
    <document> relnews: fbi gets warrant for clinton email trove -cnbc international- #url# </document>
    <document> relnews: trump campaign: hillary clinton, huma abedin know what is in the emails -washington times- #url# </document>
    <document> relnews: holder condemns comey over \'mistake\' -cnbc international- #url# </document>
    <document> relnews: maya wiley: damn right the election is rigged -new york daily news- #url# </document>
    <document> relnews: america, there is a better way to vote -slate- #url# </document>
    <document> relnews: holder condemns comey over \\\'mistake\\\' -cnbc international- #url# </document>
    <document> relnews: what will trump supporters do if he loses' a dispatch from ohio -los angeles times- #url# </document>
    <document> relnews: trump campaign: hillary clinton, huma abedin know what is in the emails -washington times- #url# </document>
    <document> relnews: napolitano rips fbi director's handling of clinton email probe -the arizona republic- #url# </document>
    <document> relnews: king: adopting a black child is not a free pass to be racist -new york daily news- #url# </document>
    <document> relnews: holder condemns comey over \'mistake\' -cnbc international- #url# </document>
    <document> relnews: trolls for trump -the new yorker- #url# </document>
    <document> relnews: bill clinton: \\\'decide what it means to be american in the 21st century\\\' -wral.com- #url# </document>
    <document> relnews: what will trump supporters do if he loses' a dispatch from ohio -los angeles times- #url# </document>
    <document> relnews: sources reveal new details about reopened clinton email probe -cbs news- #url# </document>
    <document> relnews: election day promises to be a marathon -wral.com- #url# </document>
    <document> relnews: holder condemns comey over \\\\\\\\\\\\\\\'mistake\\\\\\\\\\\\\\\' -cnbc international- #url# </document>
    <document> relnews: report: weiner's laptop may hold 650k emails as clinton team blasts 'shameless' probe -cnbc international- #url# </document>
    <document> relnews: clinton, trump hit unprecedented levels of unpopularity -abc news- #url# </document>
    <document> relnews: hillary clinton emails: what we know, and what we don\\\'t -usa today- #url# </document>
    <document> relnews: fbi shadow: now it's clinton vs. comey, with hypocrisy on both sides -fox news- #url# </document>
    <document> relnews: bill clinton: \\\\\\\'decide what it means to be american in the 21st century\\\\\\\' -wral.com- #url# </document>
    <document> relnews: clinton dings trump on disputed charity claims -politico magazine- #url# </document>
    <document> relnews: cbs battleground poll: partisans divide on news of fbi, emails -cbs news- #url# </document>
    <document> relnews: doj tried to block comey on clinton -cnbc international- #url# </document>
    <document> relnews: clinton gains in nc, fl, says pre-fbi news polls -cnbc international- #url# </document>
    <document> relnews: fbi: new clinton emails prompt further investigation -wral.com- #url# </document>
    <document> relnews: a ballot initiative asks californians to watch porn more closely -the atlantic- #url# </document>
    <document> relnews: trump campaign manager condemns rally supporter who chanted, '&amp;#hashtag#;jew-s-a!' -the washington post- #url# </document>
    <document> relnews: erick erickson is sorry about some of the things he has said -the new yorker- #url# </document>
    <document> relnews: chris christie is over -the atlantic- #url# </document>
    <document> relnews: fbi is taking 'investigative steps' to review more clinton emails -cbs news- #url# </document>
    <document> relnews: from whitewater to benghazi: a clinton-scandal primer -the atlantic- #url# </document>
    <document> relnews: a quarter century of clarence thomas -the new yorker- #url# </document>
    <document> relnews: lgbt law, hurricane jostle close n. carolina governor\\\\\\\\\\\\\\\\\\\\\\\\\\\\\\\'s race -wral.com- #url# </document>
    
<document> relnews: if Hillary wins, she\\\\\\\\ will be grateful for Comey's move\\\\\\\\ -the New Yorker- #url# </document>
    <document> relnews: the secret eye inside mosul -the newyorker- #url# </document>
    <document> relnews: what is the hatch act' law harry reid claims FBI violated -new york daily news- #url# </document>
    <document> relnews: bill clinton: \\\'decide what it means to be an american in the 21st century\\\' -wral.com- #url# </document>
    <document> relnews: the unworthy choice of the director of the FBI -the wall street journal- #url# </document>
    <document> relnews: Voter grievances rise as Election Day approaches, supporters say -abc news- #url# </document>
    <document> relnews: House Republican defends FBI director over email review -abc news- #url# </document>
    <document> relnews: the f.b.i. reinvigorates Trump -the New Yorker- #url# </document>
    <document> relnews: The surprising economic reason drug cartel members are getting head-to-toe tattoos from corporate insiders </document>
    <document> relnews: If Hillary wins, she\\\ will be thankful for Comey\\\ -the New Yorker- #url# </document>
    <document> relnews: owner condemns Comey for 'mistake' -cnbc international- #url# </document>
    <document> relnews: dnc accuses rnc of violating agreement not to intimidate voters -cbs news- #url# </document>
    <document> relnews: Clinton had a bad week, but Trump is still lagging behind -the newyorker- #url# </document>
    <document> relnews: time recommends -los angeles times- #url# </document>
    <document> relnews: editorial columnist: comey, clinton and this smoking mess -the new york times- #url# </document>
    <document> relnews: Clinton email probe not illegal but FBI will still pay a price, experts say -cnbc international- #url# </document>
    <document> relnews: owner condemns Comey for 'mistake' -cnbc international- #url# </document>
    <document> relnews: Voter grievances rise as Election Day approaches, supporters say -abc news- #url# </document>
    <document> relnews: Illegal immigration: the hopes and lies that bring children to the United States -the christian science monitor- #url# </document>
    <document> relnews: Hillary Clinton and the populist revolt -the newyorker- #url# </document>
    <document> relnews: hillary clinton emails: what we know and what we don't know -use today- #url# </document>
    <document> relnews: bill clinton: \'decide what it means to be american in the 21st century\' -wral.com- #url# </document>
    <document> relnews: In battlefield Pennsylvania, lines are drawn toward elections -abc news- #url# </document>
    <document> relnews: Clinton Drops 'Deeply Disturbing' FBI Letter to Congress -cbs news- #url# </document>
    <document> relnews: erick erickson is sorry for some of the things he said -the new yorker- #url# </document>
    <document> relnews: owner condemns comey for \\\\\\\'error\\\\\\\' -cnbc international- #url# </document>
    <document> relnews: hillary clinton emails: what we know and what we don't know -use today- #url# </document>
    <document> relnews: james comey broke with loretta lynch and justice department lore -the newyorker- #url# </document>
    <document> relnews: owner condemns Comey for \\\'error\\\' -cnbc international- #url# </document>
    <document> relnews: on clinton's emails, the f.b.i. director abuses his power' -the new york times- #url# </document>
    <document> relnews: troll for trump -the new yorker- #url# </document>
    <document> relnews: Attorney General Disagrees With FBI Chief Over Clinton Announcement -cbs news- #url# </document>
    <document> relnews: ivanka trump fights to save the brand -the newyorker- #url# </document>
    <document> relnews: If Hillary wins, she will be grateful for Comey -the New Yorker- move #url# </document>
    <document> relnews: for the record: re: emails, hillary tries to move FWD: -use today- #url# </document>
    <document> relnews: beth finke: blind, but entitland to vote -New York Daily News- #url# </document>
    <document> relnews: If Hillary wins, she'll be thankful for Comey -the New Yorker- move # url # </document>
    <document> relnews: This is what happens when the government tries to regulate sex on porn sets -newsok- #url# </document>
    <document> relnews: chuck schumer, wendy long spar on FBI email probe at debate -New York Daily News- #url# </document>
    <document> relnews: FBI gets warrant for newly tracked emails -politico magazine- #url# </document>
    <document> relnews: FBI director james comey is a good guy in a bad situation -New York Daily News- #url# </document>
    <document> relnews: Election officials urge Utahs to vote despite 'uninspiring' presidential race -ksl.com- #url# </document>
    <document> relnews: lgbt law, hurricane jostle close n. Carolina Governor's Race\\\\\\\\\\\\\\\\ -wral.com- #url# </document>
    <document> relnews: harry reid: comey may have violated the hatch act -ksl.com- #url# </document>
    <document> relnews: ivanka trump fights to save the brand -the newyorker- #url# </document>
    <document> relnews: Clinton Drops 'Deeply Disturbing' FBI Letter to Congress -cbs news- #url# </document>
    <document> relnews: lgbt law, hurricane jostle close n. Carolina Governor's Run\\\\\\\ -wral.com- #url# </document>
    <document> relnews: cbs battleground poll: Partisans split over FBI news, email -cbs news- #url# </document>
    <document> relnews: editorial columnist: comey, clinton and this smoking mess -the new york times- #url# </document>
    <document> relnews: reid: FBI director 'may have broken the law' -politico magazine- #url# </document>
    <document> relnews: Slip of the tongue could undermine Trump minority's reach -cbs news- #url# </document>
    <document> relnews: Election Day promises to be a marathon -wral.com- #url# </document>
    <document> relnews: from Whitewater to Benghazi: a primer on the clinton scandal -l'atlantico- #url# </document>
    <document> relnews: bill clinton: 'decide what it means to be american in the 21st century' -wral.com- #url# </document>
    <document> relnews: Mad FBI bomber James Comey must step down -new york daily news- #url# </document>
    <document> relnews: on clinton's emails, the f.b.i. director abuses his power' -the new york times- #url# </document>
    <document> relnews: justice department advised against FBI to clinton email letter -wral.com- #url# </document>
    <document> relnews: Most routes to 270 blocked for Trump, needs last ditch hike -chron - houston Chronicle- #url# </document>
    <document> relnews: dnc accuses rnc of violating agreement not to intimidate voters -cbs news- #url# </document>
    <document> relnews: Another government hospital goes over budget, repeating wasteful pattern -fox news- #url# </document>
    <document> relnews: the new yorker endorses hillary clinton -the newyorker- #url# </document>
    <document> relnews: huh! sexual harassment is as much a problem for women runners as it is for all other women -slate- #url# </document>
    <document> relnews: Clinton had a bad week, but Trump is still lagging behind -the newyorker- #url# </document>
    <document> relnews: abedin tells colleagues he is unaware of new email trove -politico magazine- #url# </document>
    <document> relnews: Protests to the standing rock are needed. what happened to malheur was nonsense. -los angeles times- #url# </document>
    <document> relnews: fbi gets warrant for clinton email trove -cnbc international- #url# </document>
    <document> relnews: trump campaign: hillary clinton, huma abedin knows what's in emails -washington times- #url# </document>
    <document> relnews: owner condemns Comey for \'error\' -cnbc international- #url# </document>
    <document> relnews: maya wiley: damn right the election is rigged -new york daily news- #url# </document>
    <document> relnews: america, there's a better way to vote -slate- #url# </document>
    <document> relnews: owner condemns Comey for \\\'error\\\' -cnbc international- #url# </document>
    <document> relnews: What Trump Supporters Will Do If He Loses A Cable From Ohio -los angeles times- #url# </document>
    <document> relnews: trump campaign: hillary clinton, huma abedin knows what's in emails -washington times- #url# </document>
    <document> relnews: napolitano rips off FBI director's handling of clinton's email investigation -the arizona republic- #url# </document>
    <document> relnews: king: adopting a black child is not a free pass to be racist -new york daily news- #url# </document>
    <document> relnews: owner condemns Comey for \'error\' -cnbc international- #url# </document>
    <document> relnews: troll for trump -the new yorker- #url# </document>
    <document> relnews: bill clinton: \\\'decide what it means to be an american in the 21st century\\\' -wral.com- #url# </document>
    <document> relnews: What Trump Supporters Will Do If He Loses A Cable From Ohio -los angeles times- #url# </document>
    <document> relnews: Sources reveal new details on reopening email clinton probe -cbs news- #url# </document>
    <document> relnews: Election Day promises to be a marathon -wral.com- #url# </document>
    <document> relnews: owner condemns comey for \\\\\\\\\\\\\\\\'error\\\\\\\\\\\\\\\\' -cnbc international- # url# < /document>
    <document> relnews: report: weiner's laptop could hold 650,000 emails as clinton team blows up 'shameless' probe -cnbc international- #url# </document>
    <document> relnews: clinton, trump have reached unprecedented levels of unpopularity -abc news- #url# </document>
    <document> relnews: hillary clinton emails: what we know and what we don't know -use today- #url# </document>
    <document> relnews: fbi shadow: now clinton against comey, with hypocrisy on both sides -fox news- #url# </document>
    <document> relnews: bill clinton: \\\\\\\'decide what it means to be an american in the 21st century\\\\\\\' -wral.com- #url# </document>
    <document> relnews: Clinton Beats Trump Over Disputed Charity Claims -politico magazine- #url# </document>
    <document> relnews: cbs battleground poll: Partisans split over FBI news, email -cbs news- #url# </document>
    <document> relnews: doj tried to block comey on clinton -cnbc international- #url# </document>
    <document> relnews: clinton gains in nc, fl, says pre-fbi news polls -cnbc international- #url# </document>
    <document> relnews: fbi: new emails from clinton require further investigation -wral.com- #url# </document>
    <document> relnews: Campaign initiative asks Californians to look at porn more closely -the atlantic- #url# </document>
    <document> relnews: Trump campaign manager condemns rally supporter who chanted "&amp;#hashtag#;jew-s-a!" -the washington post- #url# </document>
    <document> relnews: erick erickson is sorry for some of the things he said -the new yorker- #url# </document>
    <document> relnews: chris christie is over -the atlantic- #url# </document>
    <document> relnews: FBI is taking 'investigative steps' to look into other emails from clinton -cbs news- #url# </document>
    <document> relnews: from Whitewater to Benghazi: a primer on the clinton scandal -l'atlantico- #url# </document>
    <document> relnews: a quarter of a century by clarence thomas -the newyorker- #url# </document>
    <document> relnews: lgbt law, hurricane jostle close n. Carolina Governor's Race\\\\\\\\\\\\\\\\\\\\\\\\\\\\\\\\\\\\\\\\\\\\\ \\\\\\\\\\\\\\\\\\\\\\\\\\\\\\\\\\\\\\\\\\\\\\\\\\ \\\\\\\\\\\\\\\\\\\\\\\\\\\\\\\\\\\\\\\\\\\\\\\\\\ \\\\\\\\\\\\\\\\\\\\\\\\\\\\\\\\\\\\\\\\\\\\\\\\\\ \\\\\\\\\\\\\\\\\\\\\\'