 >
      <document> 25 things that will change your mind about eating insects #url# #url# </document>
    <document> a quarter of world's population are living with extreme wate #url# #url# </document>
    <document> premium: lovely responsive design illustrations #url# </document>
    <document> brighten any bad day with these 21 extremely funny animals #url# #url# </document>
    <document> 21 extremely funny thoughts to celebrate every day #url# #url# </document>
    <document> this artists instagram feed is the most horrifying thing you’ve ever seen #url# #url# </document>
    <document> top 10 logan easter eggs you ve missed #url# </document>
    <document> top 10 businesses killed by the internet #url# </document>
    <document> 17 cats that don’t understand what balanced diet is #url# #url# </document>
    <document> 23 dogs that know a thing or two about extreme sports #url# #url# </document>
    <document> 10 shocking differences between the harry potter movies and books #url# </document>
    <document> 33 moments so ridiculously awkward you won’t be able to look away #url# #url# </document>
    <document> top 10 hardest things to kill in movies 2016 #url# </document>
    <document> new slimphone mockup with 4 color variations #url# </document>
    <document> hype – free futuristic font #url# </document>
    <document> 25 bizarre black &amp; white movies you shouldn’t watch with your mom #url# #url# </document>
    <document> this cow saw cops for the very first time …and her reaction is beyond hilarious #url# #url# </document>
    <document> 23 hilarious pictures of cookies that look like cats #url# #url# </document>
    <document> can kobe bryant guess kobe beef vs. cheap beef? (game) #url# </document>
    <document> michael myers the history of the halloween movies #url# </document>
    <document> modern &amp; creative 404 error page designs #url# </document>
    <document> playful – free hand drawn font #url# </document>
    <document> top 10 how i met your mother running gags #url# </document>
    <document> top 10 worst things to happen to wolverine #url# </document>
    <document> the best balloons of 2016 #url# #url# </document>
    <document> 27 essential makeup hacks that every woman should know #url# #url# </document>
    <document> premium: “dark night” admin &amp; dashboard template #url# </document>
    <document> otherworldly space icon set #url# #url# </document>
    <document> top 10 worst things that happened to harley quinn #url# </document>
    <document> this is your brain on drugs… #url# #url# </document>
    <document> what does it mean when a cat squints at you? #url# #url# </document>
    <document> what this monkey does when she gets hungry is absolutely hilarious #url# #url# </document>
    <document> 21 things only freckled people will understand #url# #url# </document>
    <document> never swallow a chewing gum #url# #url# </document>
    <document> this is what happens when you go for the take down and take yourself down #url# #url# </document>
    <document> this santa really can tell how to drink and hack your hangover #url# #url# </document>
    <document> top 10 broken e3 promises of all time #url# </document>
    <document> top 10 worst things that happened to deadpool #url# </document>
    <document> sometimes you gotta let them breathe #url# #url# </document>
    <document> 21 wtf facts about the human eyes. #hashtag# made my day #url# #url# </document>
    <document> 23 photos that perfectly sum up how you feel about cheerleading #url# #url# </document>
    <document> this guy can’t stop jumping #url# #url# </document>
    <document> top 10 hilarious moments in the marvel cinematic universe #url# </document>
    <document> what it would be like if your ex girlfriend was a velociraptor #url# #url# </document>
    <document> 37 things only people growing up in the 80s will understand #url# #url# </document>
    <document> premium: 25 hand drawn nature patterns #url# </document>
    <document> 4 tech illustrations for your next webdesign #url# </document>
    <document> fragile – free creative font #url# </document>
    <document> 29 ridiculous tips for making the most of curly hair #url# #url# </document>
    <document> top 10 gross restaurants from kitchen nightmares #url# </document>
    <document> my friends on facebook #url# #url# </document>
    <document> this guy needs a beer #url# #url# </document>
    <document> 23 of the most wtf nails you won’t be able to forget #url# #url# </document>
    <document> “white lantern” one page website template #url# </document>
    <document> 21 things you should never say to your childless friend #url# #url# </document>
    <document> 19 tweets that perfectly sum up how it feels to be a dancer #url# #url# </document>
    <document> there’s one thing worse than a selfie: get to know a ‘couplie’ #url# #url# </document>
    <document> 15 ludicrous cosplay costumes that will blow you away #url# #url# </document>
    <document> 21 most ridiculous tv censorship fails ever #url# #url# </document>
    <document> 23 most hilarious texts ever sent between children and their parents #url# #url# </document>
    <document> 19 bizarre movies you shouldn’t watch with your mum #url# #url# </document>
    <document> go home clock, you’re drunk #url# #url# </document>
    <document> was this driver just having fun or acting like an ass? #url# #url# </document>
    <document> top 10 ridiculous infomercial products #url# </document>
    <document> enough internet for today #url# #url# </document>
    <document> 23 animals who totally understand your procrastination problem #url# #url# </document>
    <document> top 10 video game glitches #url# </document>
    <document> 25 things that will change your mind about eating meat #url# #url# </document>
    <document> top 5 mysterious zodiac killer facts #url# </document>
    <document> trapped by the game master while exploring top secret abandoned cave!! #url# </document>
    <document> top 10 villains destroyed by the power they sought #url# </document>
    <document> this is pretty epic… #url# #url# </document>
    <document> this is me after watching hottie #url# #url# </document>
    <document> the crime solving cat. check out the most bizarre video you will see today #url# #url# </document>
    <document> top 10 mindblowing mcu special effects revealed #url# </document>
    <document> high-quality ecommerce line icon set #url# </document>
    <document> top 10 biggest differences between the lord of the rings movies and books #url# </document>
    <document> top 10 actors who got buff for a movie role #url# </document>
    <document> this girl has fun making crazy faces. but you won’t guess why #url# #url# </document>
    <document> mystery sausage taste test (game) ft. chow crown #url# </document>
    <document> 23 curiously funny fortune cookie fortunes #url# #url# </document>
    <document> top 10 actors who broke type-casting #url# </document>
    <document> flat-style artificial inteligence illustration for your next design #url# </document>
    <document> this channel will overtake pewdiepie! #url# </document>
    <document> lost treasure found trapped inside haunted abandoned ghost ship!! #url# </document>
    <document> 21 babies that will make you go ‘aww’ #url# #url# </document>
    <document> 19 pictures that perfectly sum up how it feels to be a kid #url# #url# </document>
    <document> yo, check out my stuff #url# #url# </document>
    <document> top 10 horror movie unmasking moments #url# </document>
    <document> tired of hipster memes? #url# #url# </document>
    <document> they might look like serious guys but not when skydiving #url# #url# </document>
    <document> 17 masterful body paintings by eric adrian thompson #url# #url# </document>
    <document> oh baby, don’t stop! #url# #url# </document>
    <document> we make it easy #url# #url# </document>
    <document> can you get through these 23 gifs of gorillas without shielding your eyes? #url# #url# </document>
    <document> “coffee shop” – branding &amp; identity mockup template #url# </document>
    <document> this fat cat proves that cats are happiest when they’re on an adventure #url# #url# </document>
    <document> top 10 musicians who surprisingly didn t die from drugs #url# </document>
    <document> test drive: 2019 bmw x4 m40d – efficient sportiness #url# #url# </document>
    <document> what the f**k is wrong with dogs nowadays #url# #url# </document>
   
>
      <document> 25 things that will change your mind about eating insects #url# #url# </document>
    <document> a quarter of the world's population lives in extreme water #url# #url# </document>
    <document> premium: beautiful illustrations of responsive design #url# </document>
    <document> brighten up any bad day with these 21 extremely funny animals #url# #url# </document>
    <document> 21 extremely fun thoughts to celebrate every day #url# #url# </document>
    <document> this artist instagram feed is the most horrible thing you've ever seen #url# #url# </document>
    <document> the top 10 Logan easter eggs you missed #url# </document>
    <document> the top 10 companies killed by Internet #url# </document>
    <document> 17 cats who don't understand what a balanced diet is #url# #url# </document>
    <document> 23 dogs who know a thing or two about extreme sports #url# #url# </document>
    <document> 10 shocking differences between the Harry Potter books and movies #url# </document>
    <document> 33 moments so ridiculously embarrassing you won't be able to look away #url# #url# </document>
    <document> the 10 hardest things to kill in movies 2016 #url# </document>
    <document> new slimphone model with 4 color variants #url# </document>
    <document> hype – free futuristic font #url# </document>
    <document> 25 bizarre black &amp; white movies you shouldn't watch with your mom #url# #url# </document>
    <document> this cow saw the policemen for the very first time... and her reaction is more than hilarious #url# #url# </document>
    <document> 23 hilarious images of cookies that look like cats #url# #url# </document>
    <document> can kobe bryant guess kobe beef vs cheap beef? (game) #url# </document>
    <document> michael myers the history of halloween movies #url# </document>
    modern <document> &amp; creative 404 error page design #url# </document>
    <document> playful – freehand drawn font #url# </document>
    <document> top 10 of how I met your mom while gagging #url# </document>
    <document> the 10 worst things that can happen to wolverine #url# </document>
    <document> the best comics of 2016 #url# #url# </document>
    <document> 27 essential makeup hacks every woman should know #url# #url# </document>
    <document> premium: "dark night" admin &amp; dashboard template #url# </document>
    <document> outerspace icon set #url# #url# </document>
    <document> the 10 worst things that happened to harley quinn #url# </document>
    <document> this is your brain on drugs... #url# #url# </document>
    <document> what does it mean when a cat looks at you sideways? #url# #url# </document>
    <document> what this monkey does when he's hungry is absolutely hilarious #url# #url# </document>
    <document> 21 things only freckled people will understand #url# #url# </document>
    <document> never swallow gum #url# #url# </document>
    <document> this is what happens when you go for removal and remove yourself #url# #url# </document>
    <document>this Santa can actually tell you how to drink and overcome a hangover #url# #url# </document>
    <document> Top 10 Broken E3 Promises of All Time #url# </document>
    <document> the 10 worst things that happened to deadpool #url# </document>
    <document> sometimes you have to let them breathe #url# #url# </document>
    <document> 21 wtf facts about human eyes. #hashtag# made my day #url# #url# </document>
    <document> 23 photos that perfectly sum up how you feel about cheerleader #url# #url# </document>
    <document> this guy can't stop jumping #url# #url# </document>
    <document>Top 10 hilarious moments in the Marvel Cinematic Universe #url# </document>
    <document> what would it be like if your ex girlfriend was a velociraptor #url# #url# </document>
    <document> 37 things only people who grew up in the 80s understand #url# #url# </document>
    <document> premium: 25 hand-drawn natural patterns #url# </document><document> 4 technical illustrations for your next webdesign #url# </document>
    <document> fragile - free creative font #url# </document>
    <document> 29 ridiculous tips to get the most out of curly hair #url# #url# </document>
    <document>top 10 gross restaurants in Kitchen nightmares #url# </document>
    <document> my friends on facebook #url# #url# </document>
    <document> this guy needs a beer #url# #url# </document>
    <document> 23 of the weirdest nails you won't forget #url# #url# </document>
    <document> one page website template "white lantern" #url# </document>
    <document> 21 things you should never say to your childless friend #url# #url# </document>
    <document> 19 tweets that perfectly sum up what it feels like to be a dancer #url# #url# </document>
    <document> there is one thing worse than a selfie: meeting a couple #url# #url# </document>
    <document> 15 Ridiculous Cosplay Costumes That Will Blow Your Mind #url# #url# </document>
    <document> The 21 most ridiculous TV censorship fails ever #url# #url# </document>
    <document> The 23 most hilarious messages ever exchanged between children and parents #url# #url# </document>
    <document> 19 Weird Movies You Shouldn't Watch With Your Mom #url# #url# </document>
    <document> go home, you're drunk #url# #url# </document>
    <document> Was this pilot just having fun or was he acting like an idiot? #url# #url# </document>
    <document> the 10 most ridiculous advertising products #url# </document>
    <document> Internet enough for today #url# #url# </document>
    <document> 23 animals that totally understand your procrastination problem #url# #url# </document>
    <document> top 10 video game glitches #url# </document>
    <document> 25 things that will change your mind about eating meat #url# #url# </document>
    <document>Top 5 Mysterious Zodiac Killer Facts #url# </document>
    <document> trapped by the game master while exploring a top secret abandoned cave!! #url# </document>
    <document> top 10 villains destroyed by power looking for #url# </document>
    <document> this is pretty epic... #url# #url# </document>
    <document> this is me after watching hottie #url# #url# </document>
    <document> the solution to the crime cat. watch the most bizarre video you'll see today #url# #url# </document>
    <document> Top 10 mind-blowing mcu special effects revealed #url# </document>
    <document> high quality e-commerce line icon set #url# </document>
    <document> Top 10 differences between The Lord of the Rings movies and books #url# </document>
    <document> top 10 actors who fell in love with a movie role #url# </document>
    <document> this girl enjoys making crazy faces. but you won't guess why #url# #url# </document>
    <document> mystery sausage taste test (game) ft. chow crown #url# </document>
    <document> 23 curiously funny fortune cookies fortune #url# #url# </document>
    <document> the top 10 actors who broke the casting #url# </document>
    <document> flat style artificial intelligence illustration for your next #url# </document> project
    <document> this channel will surpass pewdiepie! #url# </document>
    <document> lost treasure found trapped inside an abandoned and haunted ghost ship!! #url# </document>
    <document> 21 kids that will make you say "aww" #url# #url# </document>
    <document> 19 images that perfectly sum up what it feels like to be a kid #url# #url# </document>
    <document> yo, check out my stuff #url# #url# </document>
    <document>Top 10 Horror Movie Unmasking Moments #url# </document>
    <document> tired of hipster memes? #url# #url# </document>
    <document> they might look like serious people, but not during skydiving #url# #url# </document>
    <document> 17 masterful body paintings by eric adrian thompson #url# #url# </document>
    <document> oh baby, don't stop! #url# #url# </document>
    <document> we make it easy #url# #url# </document>
    <document> you can pass these 23 gifs by gorillas without shielding your eyes? #url# #url# </document>
    <document> “coffee shop” – branding &amp; identity mockup template #url# </document>
    <document> this fat cat proves that cats are happiest when they have an adventure #url# #url# </document>
    <document> the top 10 musicians who surprisingly didn't die of drugs #url# </document>
    <document> test drive: bmw x4 m40d 2019 – efficient sportiness #url# #url# </document>
    <document> what the fuck is wrong with dogs nowadays #url# #url# </document>