 >
      <document> rt #user#: john kerry has endorsed joe biden. #url# </document>
    <document> #user# #user# jesus' (in the flesh) lived long after the prophet moses. </document>
    <document> rt #user#: thanks for the ride!! #url# </document>
    <document> #user# #user# lol  deuteronomy was written long before jesus was born. </document>
    <document> #user# #user# witnesses..?? testify soros! #url# </document>
    <document> #user# debbie wasserman schultz was chair of the democratic national committee until just before the convention in philadelphia. </document>
    <document> rt #user#: germany: green party wants to hand out passports to ‘climate refugees’  #url# #url# </document>
    <document> #user# xenophobia?  mecca and medina do not admit entry to jews, hindus, buddhists, shintos, christians, anim… #url# </document>
    <document> #user# #user# #user# #user# #user# i'm going to be president! #url# </document>
    <document> #user# #user# you have not familiar with the history of muslim conquests. </document>
    <document> #user# export more layabouts and latent jihadis. </document>
    <document> rt #user#: since so-called "feminist groups" won't stand up for women's rights, glad state lawmakers are. this is a long time com… </document>
    <document> rt #user#: "ring of fire" solar eclipse captured in stunning photos from around the world #url# #url# </document>
    <document> rt #user#: #user# you can't cover this one enough... #url# </document>
    <document> #user# #user# no one was ever killed using the new testament jesus as their example. </document>
    <document> #user# if you loved the mueller report you're begging to hear joe malarkey testify! #url# </document>
    <document> #user# #user# moses!  moses is a prophet recognized by muslims.  moses led "the people of the book" or the jews… #url# </document>
    <document> #user# #user# 700-720 ad  abd al-malik singles out christians for forced conversion to islam or death - often by crucifixion. </document>
    <document> #user# #user# key conspirators may have hoped to use mccain as a means of distancing democrsts from… #url# </document>
    <document> #user# babe, it could be worse. #url# </document>
    <document> #user# #user# atheists claim there is no god.  atheists, however, have had to borrow their code of ethics from the ten commandments. </document>
    <document> #user# father frost?  stalin wasn't known for his warmth. </document>
    <document> #user# #user# john mccain used an associate of his  foundation to pass steele dirt on to comey.  george s… #url# </document>
    <document> #user# #user# joe biden under oath? best thing since the mueller report! #url# </document>
    <document> rt #user#: controversial radio legend don imus died this morning "after being hospitalized since christmas eve," a family rep just… </document>
    <document> #user# #user# #user# #user# #user# i'm attracting a lot of bots. </document>
    <document> #user# #user# dar al harb  the territory of perpetual war against the non-believers. </document>
    <document> #user# poc = people of color   it's a phrase meant to create racial tension. </document>
    <document> rt #user#: wow crazy nancy, what’s going on? this is big stuff! #url# </document>
    <document> #user# #user# chicago is becoming more and more like mogadishu.  democrats?  what have they done for you chicago? </document>
    <document> #user# #user# muslims say they recognize the prophets and revere jesus.  do you revere jesus? </document>
    <document> #user# that girl vs girl? photo is brutal! </document>
    <document> #user# #user# the hindu kush mountains were named for "hindu slaughter"  by conquering muslim armies as they marched into india. </document>
    <document> #user# #user# i thought black voters were voters. </document>
    <document> rt #user#: where is cia director gina haspel? cia analyst eric ciaramella violated cia regulations by using his position to engage in… </document>
    <document> rt #user#: 👀  adam schiff associate arrested by lapd </document>
    <document> #user# #user# 14 followers in 7 years, impressive! </document>
    <document> rt #user#: hey, republicans!  anyone want to look at this?  hunter biden bought a $2.5 million hollywood hills home in june for $14,00… </document>
    <document> rt #user#: de blasio giving freed nyc inmates cellphones, metrocards and gift cards #url# #url# </document>
    <document> rt #user#: scientists are beginning to find that men undergo hormonal and brain changes just before and just after the birth of a first c… </document>
    <document> #user# #user# if you enjoyed the mueller report you're begging to hear joe malarkey testify! #url# </document>
    <document> #user# #user# muhammad applied the law of moses.  adulterers were stoned under the law of moses. muhammad had a… #url# </document>
    <document> #user# #user# atheists are regarded as infidels by muslims. </document>
    <document> rt #user#: who is berine sanders? this is who.why bernie sanders' communist misadventures still matter #url# via @… </document>
    <document> rt #user#: panic in d.c. #url# </document>
    <document> #user# #user# raise your hand if you're sure. </document>
    <document> #user# #user# you are a twisted soul. </document>
    <document> rt #user#: "truth will ultimately prevail where there is pains to bring it to light." --george washington </document>
    <document> rt #user#: stunning: pelosi still won't release transcripts from secret schiff basement meetings that exonerate president trump and… </document>
    <document> rt #user#: an illegal alien has been arrested after allegedly murdering a woman in cobb county, georgia, and shooting her teenage s… </document>
    <document> #user# #user# we used to live in chicago... #url# </document>
    <document> #user# #user# what existed before the big bang? </document>
    <document> rt #user#: lower voting age to 16 ya ok you quack. #url# </document>
    <document> rt #user#: ‘they lie to you’: president trump previously held private meetings with navy seals to candidly discuss afghanistan war:… </document>
    <document> #user# if there is one triple wide white crossing the street...??? </document>
    <document> #user# #user# you aren't interested in democracy. </document>
    <document> rt #user#: 11:37 am est, 12/27/2019 t you i c important a ! i 3 ... #url# </document>
    <document> rt #user#: dr. ben carson- i concur.   "i believe in god who can change people- he can make any of us better." #user# </document>
    <document> #user# #user# san fecesco, e. colifornia  po po wasting time doing nothin' but drivin' round doin'… #url# </document>
    <document> #user# #user# that's where they plug in the fake vaccuum. </document>
    <document> #user# #user# #user# #user# #user# you are not a very good liar.  you don't even know who th… #url# </document>
    <document> #user# #user# #user# do you work for greta? </document>
    <document> rt #user#: trump is a winner and a blessing to us from the lord. i meant that directed at the creepy porn lawyer. #url#… </document>
    <document> #user# #user# i don't need your explanation. </document>
    <document> rt #user#: no the christians are not against president #user# , because we don’t use a magazine we use the bible. #hashtag#… </document>
    <document> #user# #user# muslims attacked the christian world relentlessly for 550 years before the first crusade. </document>
    <document> #user# i'd like to see them on tmz. </document>
    <document> #user# #user# hunter is unnerved down in hollywood while jill is doing charity work in mexico? </document>
    <document> rt #user#: “dow closes at another all-time high!” #user# #user# </document>
    <document> rt #user#: #user#   #hashtag# witness #url# </document>
    <document> #user# #user# hillary is calling you out, rashida talaib </document>
    <document> #user# #user# that was long before jesus.  jesus christ  christianity takes its name from jesus christ.  christ… #url# </document>
    <document> #user# #user# muslim thieves attacked and robbed christian pilgrims traveling to the holy land to visit the sit… #url# </document>
    <document> #user# #user# #user# #user# hillary could have at least recommended a plastic surgeon. </document>
    <document> rt #user#: ig report reveals steele funneled claims through john mccain after fbi dropped him: this is astonishing and shows what a… </document>
    <document> rt #user#: obama and his wife michelle famously signed a book deal estimated at $65 million in 2017. now, says president trump, it'… </document>
    <document> rt #user#: so interesting to see nancy pelosi demanding fairness from #user# mcconnell when she presided over the most unf… </document>
    <document> #user# bernie sanders is not qualified to run a lemonade stand. </document>
    <document> rt #user#: the murder by terrorists of 12 christian hostages in nigeria has been much ignored over christmas. with deep sorrow let us… </document>
    <document> #user# death is the punishment for blasphemy under sharia law. </document>
    <document> #user# #user# flake is irrelevant ! </document>
    <document> rt #user#: [they] are editing #user# out of movies now?  that's cool. wait until we edit obama out of the history books.  #hashtag#… </document>
    <document> #user# i'm going to be president. #url# </document>
    <document> rt #user#: trump campaign launching ‘evangelicals for trump’ at majority-hispanic megachurch #url# </document>
    <document> rt #user#: #user# #user# great. so since they have g-d on their side, they don't need our money or our politicians an… </document>
    <document> rt #user#: horrific!  this video is from bangladesh, here abu taher, a bangladeshi muslim is beating up a hindu boy raju chandra in fro… </document>
    <document> #user# #user# you wouldn't be quoting the old testament would you?  jesus' ministry starts in the new testament. </document>
    <document> #user# #user# winning winning winning winning winning winning winning winning winning winning winning… #url# </document>
    <document> #user# homeless?  shelter isn't important.  the homeless need opioids, cocaine, marijuana and meth. </document>
    <document> rt #user#: q drop thread 12.28.19 ‘i am at war with the msm because they portray themselves as objective observers of reality, whe… </document>
    <document> rt #user#: i’m glad president trump is talking about homelessness in california. the media only talks about whatever trump does.… </document>
    <document> #user# #user# god is said to be the alpha and the omega.  if the creator is omnipresent he exists in the past,… #url# </document>
    <document> #user# #user# obama era concentration camp visitor commandant jeh johnson #url# </document>
    <document> #user# the british people shook british politics. </document>
    <document> #user# #user# mogadishu was glad bill clinton took his famine relief and went home. </document>
    <document> rt #user#: . yep, say no more victor davis hanson #url# </document>
    <document> #user# #user# #user# we love trump! </document>
    <document> #user# #user# muslim martyrs die in battle killing kafirs (non-believers).  christian martyrs went to their dea… #url# </document>
    <document> #user# joe biden doesn't want to testify because his actions prompted the president to inquire about corruption.… #url# </document>
    <document> rt #user#: here’s a thread i did back in july on the corrupt book deals made by pearson publishing and it’s subsidiaries with obama,… </document>
   
>
      <document> rt #user#: john kerry approved joe biden. #url# </document>
    <document> #user# #user# jesus (in the flesh) lived long after the prophet moses. </document>
    <document> rt #user#: thanks for the ride!! #url# </document>
    <document> #user# #user# lol deuteronomy was written long before Jesus was born. </document>
    <document> #user# #user# witnesses..?? testify soros! #url# </document>
    <document> #user# debbie wasserman schultz served as chair of the democratic national committee until shortly before the philadelphia convention. </document>
    <document> rt #user#: Germany: Green Party wants to distribute passports to "climate refugees"  #url# #url# </document>
    <document> #user# xenophobia? Mecca and Medina do not admit Jews, Hindus, Buddhists, Shintoists, Christians, animals… #url# </document>
    <document> #user# #user# #user# #user# #user# I will become president! #url# </document>
    <document> #user# #user# you don't know the history of the Muslim conquests. </document>
    <document> #user# exports more latent slackers and jihadists. </document>
    <document> rt #user#: Since so-called "feminist groups" won't fight for women's rights, state legislators are happy. this is a long time... </document>
    <document> rt #user#: "Ring of Fire" solar eclipse captured in stunning photos from around the world #url# #url# </document>
    <document> rt #user#: #user# can't cover this enough... #url# </document>
    <document> #user# #user# no one has ever been killed using the new testament jesus as an example. </document>
    <document> #user# If you enjoyed the Mueller report, you're begging to hear Joe Malarkey's testimony! #url# </document>
    <document> #user# #user# moses! Moses is a prophet recognized by Muslims. moses led "the people of the book" or the Jews… #url# </document>
    <document> #user# #user# 700-720 ad abd al-malik singles out Christians for forced conversion to Islam or death, often by crucifixion. </document>
    <document> #user# #user# Key conspirators may have hoped to use McCain as a means to steer Democrats away from... #url# </document>
    <document> #user# baby, could be worse. #url# </document>
    <document> #user# #user# atheists say there is no god. atheists, on the other hand, had to borrow their ethical code from the ten commandments. </document>
    <document> #user# father frost? Stalin was not known for his warmth. </document>
    <document> #user# #user# john mccain used an associate of his foundation to pass Steele Dirt to Comey. george s… #url# </document>
    <document> #user# #user# joe biden under oath? best thing since the Mueller report! #url# </document>
    <document> rt #user#: The controversial don imus radio legend died this morning "after being hospitalized since Christmas Eve", a family representative only... </document>
    <document> #user# #user# #user# #user# #user# I am attracting many bots. </document>
    <document> #user# #user# will give the harb the territory of perpetual war against the unbelievers. </document>
    <document> #user# poc = people of color is a phrase intended to create racial tension. </document>
    <document> rt #user#: wow crazy nancy, what's going on? this is big stuff! #url# </document>
    <document> #user# #user# Chicago is becoming more and more like Mogadishu. Democrats? what did Chicago do for you? </document>
    <document> #user# #user# Muslims say they recognize prophets and worship Jesus. Do you worship Jesus? </document>
    <document> #user# that girl vs girl? the photo is brutal! </document>
    <document> #user# #user# the hindu kush mountains were named for the "Hindu massacre" of conquered Muslim armies as they marched towards India. </document>
    <document> #user# #user# I thought black voters were voters. </document>
    <document> rt #user#: where is the director of the cia gina haspel? cia analyst eric ciaramella violated cia regulations by using his position to engage in… </document><document> rt #user#: 👀 partner of adam schiff arrested by lapd </document>
    <document> #user# #user# 14 followers in 7 years, impressive! </document>
    <document> rt #user#: Hey Republicans! anyone want to take a look at this? Hunter Biden bought a $2.5 million Hollywood Hills home in June for $14.00…</document>
    <document> rt #user#: de blasio gives cellphones, metrocards and gift certificates to freed New York inmates #url# #url# </document>
    <document> rt #user#: Scientists are beginning to discover that men undergo hormonal and brain changes just before and just after the birth of a first c… </document>
    <document> #user# #user# If you enjoyed the Mueller report, please hear Joe Malarkey testify! #url# </document>
    <document> #user# #user# muhammad applied the law of Moses. adulterers were stoned under the law of Moses. muhammad had a… #url# </document>
    <document> #user# #user# atheists are considered infidels by Muslims. </document>
    <document> rt #user#: who is berine sanders? that's who. why communist misadventures of Bernie Sanders still matter #url# via @… </document>
    <document> rt #user#: panic in c.c. #url# </document>
    <document> #user# #user# raise your hand if you're sure. </document>
    <document> #user# #user# you are a twisted soul. </document>
    <document> rt #user#: "truth will ultimately prevail where there is effort to unearth it." --george washington </document>
    <document> rt #user#: stunning: Pelosi Still Won't Release Transcripts Of Secret Meetings In Schiff's Basement Clearing President Trump And... </document>
    <document> rt #user#: An illegal alien has been arrested after allegedly killing a woman in Cobb County, Georgia and shooting her teenage girl... </document>
    <document> #user# #user# we lived in Chicago... #url# </document>
    <document> #user# #user# what existed before the big bang? </document>
    <document> rt #user#: lower the voting age to 16 ya ok quack. #url# </document>
    <document> rt #user#: 'they lie to you': President Trump previously held private meetings with Navy Seals to candidly discuss the war in Afghanistan:… </document>
    <document> #user# if there is a triple wide white crossing the road...??? </document>
    <document> #user# #user# you are not interested in democracy. </document>
    <document> rt #user#: 11:37 am est, 12/27/2019 t you i c important a ! i 3 ... #url# </document>
    <document> rt #user#: dr. ben carson- i agree. "I believe in God that He can change people, He can make any of us better." #user# </document>
    <document> #user# #user# san fecesco, e. colifornia po po wasting time doing nothing but walking around doing... #url# </document>
    <document> #user# #user# that's where they put the fake blank. </document>
    <document> #user# #user# #user# #user# #user# you are not a good liar. you don't even know who it is… #url# </document>
    <document> #user# #user# #user# do you work for greta? </document>
    <document> rt #user#: Trump is a winner and a blessing to us from the lord. I meant the one directed at the creepy porn lawyer. #url#… </document>
    <document> #user# #user# I don't need your explanation. </document>
    <document> rt #user#: no Christians are not against president #user# , because we don't use a magazine we use the bible. #hashtag#… </document>
    <document> #user# #user# Muslims attacked the Christian world relentlessly for 550 years before the First Crusade. </document>
    <document> #user# I'd like to see them on tmz. </document>
    <document> #user# #user# Is Hunter rattled in Hollywood while Jill does charity work in Mexico? </document>
    <document> rt #user#: "dow closes at another all time high!" #user# #user# </document>
    <document> rt #user#: #user# #hashtag# witness #url# </document>
    <document> #user# #user# hillary is calling you, rashida talaib </document>
    <document> #user# #user# who was long before jesus. jesus christ christSeniority is named after jesus christ. Christ… #url# </document>
    <document> #user# #user# Muslim thieves attacked and robbed Christian pilgrims traveling to the holy land to visit the site… #url# </document>
    <document> #user# #user# #user# #user# Hillary could have at least recommended a plastic surgeon. </document>
    <document> rt #user#: ig report reveals Steele funneled claims through john mccain after FBI dropped him - this is surprising and shows that… </document>
    <document> rt #user#: Obama and his wife Michelle famously signed a book deal estimated at $65 million in 2017. Now, President Trump says, it's… </document>
    <document> rt #user#: so interesting to see nancy pelosi claim fairness from #user# mcconnell when she presided over the most unf… </document>
    <document> #user# bernie sanders is not qualified to operate a lemonade stand. </document>
    <document> rt #user#: Murder by terrorists of 12 Christian hostages in Nigeria was largely ignored at Christmas. with deep sorrow leave us… </document>
    <document> #user# death is the punishment for blasphemy according to sharia law. </document>
    <document> #user# #user# flake is irrelevant! </document>
    <document> rt #user#: [they] are editing #user# from movies now? that's cool. Wait until we knock Obama off the history books. #hashtag#… </document>
    <document> #user# I will become president. #url# </document>
    <document> rt #user#: Trump campaign launching "evangelicals for trump" in Hispanic-majority megachurch #url# </document>
    <document> rt #user#: #user# #user# awesome. so since they have God on their side, they don't need our money or our politicians and... </document>
    <document> rt #user#: horrible! this video is from bangladesh, here abu taher, a bangladesh muslim is beating a hindu boy raju chandra for… </document>
    <document> #user# #user# you're not quoting the Old Testament are you? Jesus' ministry begins in the New Testament. </document>
    <document> #user# #user# winning winning winning winning winning winning winning winning… #url# </document>
    <document> #user# homeless? shelter is not important. the homeless need opioids, cocaine, marijuana and meth. </document>
    <document> rt #user#: q drop thread 12.28.19 'I'm at war with msm because they present themselves as objective observers of reality, while... </document>
    <document> rt #user#: I'm glad President Trump is talking about homelessness in California. the media only talks about whatever Trump does… </document>
    <document> #user# #user# god is said to be both the alpha and the omega. if the creator is omnipresent it exists in the past,… #url# </document>
    <document> #user# #user# obama concentration camp visitor commandant jeh johnson #url# </document>
    <document> #user# the British people rocked British politics. </document>
    <document> #user# #user# mogadishu was glad that Bill Clinton took his famine relief and went home. </document>
    <document> rt #user#: . yes, just say victor davis hanson #url# </document>
    <document> #user# #user# #user# we love Trump! </document>
    <document> #user# #user# Muslim martyrs die in battle killing kafirs (unbelievers). Christian martyrs went by their death… #url# </document>
    <document> #user# joe biden won't testify because his actions prompted the president to investigate corruption.… #url# </document>
    <document> rt #user#: Here's a thread I made in July about pearson publishing and its subsidiaries' corrupt book deals with obama,... </document>