 >
      <document> watch: trump makes history, delivers powerful message at march for life rally #url# </document>
    <document> breaking: eight rockets hit iraqi military base housing american troops -- 4 injured #url# </document>
    <document> washington post covers for amazon’s supplement fraud #url# </document>
    <document> trump &amp; melania get roaring applause at college championship game #url# </document>
    <document> adam schiff faces impeachment fallout as celeb dr. drew mulls primarying him #url# </document>
    <document> tucker carlson told the one dirty secret everyone in washington covered up #url# </document>
    <document> if thisisn't the cutest darn thing. #url# </document>
    <document> pelosi loses it on house floor, compares trump to murdering mobster #url# </document>
    <document> petition: 80,000 canadians demand prince harry, meghan markle pay their own security #url# </document>
    <document> watch: trump has hilarious time welcoming lsu football team to white house #url# </document>
    <document> this info needs to go viral.  please share. #url# </document>
    <document> sacramento taxpayers president warns of prop. 13 bait and switch - california globe #url# </document>
    <document> mexico will crack down on central american caravan bound for us #url# </document>
    <document> i posted a new video to facebook #url# </document>
    <document> mcconnell reveals impeachment trial rules with firm warning to democrats #url# </document>
    <document> fb sent me a quote i posted of john lennon 5 years ago for reposting. .  i ok'd it.  they then blocked it saying it… #url# </document>
    <document> knew they couldn't get along financially without the royal monies coming to them. #url# </document>
    <document> calif. ag uses misleading language to raise $12.5 billion in new taxes #url# </document>
    <document> nyt: trump's economic sanctions have destroyed iran's will to fight </document>
    <document> cdc admits 98 million americans were given cancer virus via the polio shot #url# </document>
    <document> tamiflu fraud bilked $1.5 billion from government, alleges whistleblower #url# </document>
    <document> trump sets the internet on fire with meme of the century #url# </document>
    <document> breaking: two rockets hit near u.s. embassy in iraq #url# </document>
    <document> this is so sad.  god bless them. #url# </document>
    <document> hempworx is the most forward looking company ever.  we now have spanish subtitles on the site  more languages to come.  whoa. </document>
    <document> trump legal team launches all out assault against democrats’ partisan impeachment #url# </document>
    <document> attention everyone!!  the c b d industry is about to become a multi-billion dollar industry.  people are waking up… #url# </document>
    <document> how five members of joe biden’s family got rich through his connections #url# </document>
    <document> please share this and share this. #url# </document>
    <document> the stupidity of youth today. #url# </document>
    <document> samantha markle says sister meghan only wants to get rich and ‘be hollywood’ #url# </document>
    <document> ivanka trump: white house will seek to end human trafficking #url# </document>
    <document> rudy giuliani claims he will release evidence today that shows joe and hunter biden were involved in a 'multi-milli… #url# </document>
    <document> iran is crashing - lunch alert! - #url# #url# </document>
    <document> iraq veteran shares ‘heroic’ story about vince vaughn following uproar over trump handshake #url# </document>
    <document> breaking: pro-iranian militia leader killed in iraq by unidentified gunmen #url# </document>
    <document> hillary's revenge: she unloads on bernie - lunch alert! - #url# #url# </document>
    <document> trump's support for iranian protestors breaks a twitter record, something the msm 'will not report' #url# </document>
    <document> absolutely outrageous statements.  what's with this guy.  didn't he get enough money from his daughter? #url# </document>
    <document> watch: meghan markle's dad tears into daughter in explosive interview #url# </document>
    <document> harry and meghan already find snag in canadian living, take legal action #url# </document>
    <document> signature the vietnamese restaurant that opened just a few months ago is already out of business.  feel sorry for t… #url# </document>
    <document> totally upset. instinct will not have a third season.  one of my favorite shows. </document>
    <document> israel announces new 'laser sword' breakthrough designed to shred enemy weapons #url# </document>
    <document> joe biden’s brother frank linked to projects receiving $54,000,000 in taxpayer loans from the obama administration—… #url# </document>
    <document> the chart the trump campaign should be 'plastering absolutely everywhere': deirdre bolton #url# </document>
    <document> project veritas drops more bernie bombshells, and things are worse than we thought #url# </document>
    <document> prince harry, meghan markle will no longer use royal titles, queen and buckingham palace announce #url# </document>
    <document> look who’s talking! vaccine scientists confirm major safety problems • children's health defense #url# </document>
    <document> a green puppy born to a white german shepherd had the humans freaking out #url# </document>
    <document> i wrote aron's story before and had absolutely no comments.  maybe if you hear it in his words, you will understand… #url# </document>
    <document> robert kennedy, jr. assembles legal team to sue fcc over wireless health guidelines • children's health defense #url# </document>
    <document> feds blame de blasio for murder of 92-year-old woman by illegal immigrant #url# </document>
    <document> breaking: project veritas drops bombshell hidden camera videos exposing bernie's campaign #url# </document>
    <document> breaking: warren's son in law produced iranian government funded film #url# </document>
    <document> aron and cathy parker - 500k affiliate success story with mydailychoice! #url# via #user# </document>
    <document> prince harry breaks silence after 'megxit' announcement #url# </document>
    <document> financial records show joe biden has made millions since leaving office. how did he do it? #url# </document>
    <document> breaking: project veritas drops bombshell hidden camera videos exposing bernie's campaign #url# </document>
    <document> project veritas drops more bernie bombshells, and things are worse than we thought #url# </document>
    <document> still getting 3 robo calls a day. anyone else getting them?  thought they were banned. </document>
    <document> check out erin elizabeth's page, health nut news. amazing summit on anti aging free #url# </document>
    <document> my god.  what a bunch of cheaters and despictable people. #url# </document>
    <document> hundreds of us-bound migrants storm border, rush into mexico #url# </document>
    <document> is your food grown on sewage? #url# </document>
    <document> trump sends message of support to the iranian people written in persian #url# </document>
    <document> bernie's iowa team on lockdown after embarrassing video goes viral #url# </document>
    <document> ghislaine maxwell’s emails hacked, damaging info on famous people linked to epstein sex trafficking case could be r… #url# </document>
    <document> flu vaccines increase lung tissue damage and pneumonia related death #url# </document>
    <document> great.  progress continues to  be made. #url# </document>
    <document> thank you dmv for getting my new license to me before my birthday.  next time can we do a pic that doesn't make me… #url# </document>
    <document> adam schiff faces impeachment fallout as celeb dr. drew mulls primarying him - #url# </document>
    <document> seven times the gao found the obama administration violated federal law #url# </document>
    <document> climate change hoax collapses as new science finds human activity has virtually zero impact on global temperatures #url# </document>
    <document> is this a good thing? #url# </document>
    <document> judge: hunter biden must appear in court after violating order to turn over financial docs #url# </document>
    <document> report: fbi investigating ilhan omar’s ‘sham marriage’ — and now ice is involved #url# </document>
    <document> hempworx expanding for sure.  here are some of the announcements relating to the european market.  let me know who… #url# </document>
    <document> i love this story.  do you #url# </document>
    <document> iran's only female olympic medalist announces her defection from iran in scathing message #url# </document>
    <document> i love this story, do you? #url# </document>
    <document> corbyn cordingley dead 14 hrs after flu shot #url# </document>
    <document> megxit: canadians overwhelmingly against paying for prince harry and meghan markle to live there #url# </document>
    <document> the father now the half sister.  what in god's name are they blaring about?  they really hate her guts. #url# </document>
    <document> do you know that people still eat at taco bell.  what are they doing to their insides.  went by one with 15 cars waiting. </document>
    <document> dr peter gøtzsche exposes big pharma as organized crime #url# </document>
    <document> well, i found one of the social media sites i have been looking for.  mewe.  have you joined?  i'm going to. </document>
    <document> haarp over australia-geoengineering / chemtrails/haarp these are weapons to manipulate the weather #url# </document>
    <document> dems reveal behind closed-doors that pelosi’s impeachment stunt ‘failed’ #url# </document>
    <document> watch: warren refuses to shake bernie’s hand after debate, bernie throws up hands after they speak #url# </document>
    <document> update: three u.s. firefighters killed while battling australia's wildfires identified #url# </document>
    <document> breaking: caught on camera: w.h.o. scientists question safety of vaccines #url# </document>
    <document> anyone have an alternative to fb for social media? </document>
    <document> illegal border crossings fall a staggering 90% in arizona following trump policy change #url# </document>
    <document> anyone know about zelle pay?  rec'd email that i rec'd a payment.  not opening for sure. </document>
    <document> planned parenthood, which says it needs taxpayer money for 'health care,' just announced that its political arm wil… #url# </document>
    <document> 92-year-old woman sexually abused and murdered by illegal alien after new york refused to hand him over to ice #url# </document>
    <document> sanders campaign staffer who called for gulags, violence was arrested for dui and drug charges #url# </document>
    <document> robert kennedy jr - science has proven vaccines are not safe (jan 2020) #url# </document>
    <document> breaking: feds investigating comey over leak tied to hillary investigation #url# </document>
   
>
      <document> watch: Trump Makes History, Delivers Powerful Message at March for Life Rally #url# </document>
    <document> Breakdown: Eight rockets hit Iraqi military base housing US troops -- 4 injured #url# </document>
    <document> Washington Post cover story for Amazon Supplements Fraud #url# </document>
    <document> trump &amp; melania receives thunderous applause at college championship game #url# </document>
    <document> adam schiff faces the aftermath of the impeachment as the famous dr. Drawn broods on him as the primary #url# </document>
    <document> tucker carlson revealed the one dirty secret everyone in Washington has been keeping #url# </document>
    <document> if that's not the nicest thing. #url# </document>
    <document> pelosi loses his mind at home, compares Trump to the assassination of a mobster #url# </document>
    <document> petition: 80,000 Canadians demand that Prince Harry and Meghan Markle post their bail #url# </document>
    <document> watch: Trump enjoys welcoming LSU football team to White House #url# </document>
    <document> this information must go viral. please share. #url# </document>
    <document> sacramento the president of the taxpayers warns against the prop. 13 bait and switch - california globe #url# </document>
    <document> mexico will repress central american caravan to us #url# </document>
    <document> I posted a new video on facebook #url# </document>
    <document> McConnell reveals rules of impeachment trial with firm warning to Democrats #url# </document>
    <document> fb sent me a quote I posted by john lennon 5 years ago for repost. . i ok. then they blocked it by saying... #url# </document>
    <document> knew that they couldn't get away financially without the actual money flowing to them. #url# </document>
    <document> calif. ag uses misleading language to raise $12.5 billion in new taxes #url# </document>
    <document>nyt: Trump's economic sanctions have destroyed Iran's will to fight</document>
    <document> cdc admits 98 million americans were given cancer virus via polio vaccine #url# </document>
    <document>Tamiflu Fraud Stealed $1.5 Billion From Government, Whistleblower Claims #url# </document>
    <document> Trump sets the internet on fire with meme of the century #url# </document>
    <document> Breakup: Two rockets hit near US Embassy in Iraq #url# </document>
    <document> is so sad. God bless them. #url# </document>
    <document> hempworx is the most forward-thinking company ever. we now have spanish subtitles on the site more languages ​​to come. whoa. </document>
    <document>Trump's legal team launches all-out assault on partisan impeachment of Democrats #url# </document>
    <document> attention everyone!! the c b d industry is on its way to becoming a multi-billion dollar industry. people are waking up... #url# </document>
    <document>how five members of Joe Biden's family got rich off his contacts #url# </document>
    <document> please share this and share this. #url# </document>
    <document> the stupidity of today's youth. #url# </document>
    <document> samantha markle says sister meghan just wants to get rich and "be hollywood" #url# </document>
    <document> ivanka trump: white house will try to end human trafficking #url# </document>
    <document> rudy giuliani says he will release evidence today proving joe and hunter biden were involved in a 'multi-milli… #url# </document>
    <document> Iran Crashes - Lunch Alert! - #url# #url# </document>
    <document>Iraq Veteran Shares Vince Vaughn's 'Heroic' Story After Trump Handshake Uproar #url# </document>
    <document> Breaking: Pro-Iran militia leader killed in Iraq by unidentified gunmen #url# </document>
    <document> Hillary's Revenge: Unloading on Bernie - Lunch Alert! - #url# #url# </document>
    <document> Trump's support for Iranian protesters breaks a Twitter record, something the msm "won't report" #url# </document>
    absolutely outrageous <document> stcatkins. whats with this guy. didn't get enough money from your daughter? #url# </document>
    <document> watch: Meghan Markle's father mourns daughter in explosive interview #url# </document>
    <document> harry and meghan already hit a snag in Canadian life, take legal action #url# </document>
    <document> sign Vietnamese restaurant that opened just a few months ago is already closed. sorry for t… #url# </document>
    <document> totally shocked. instinct won't have a third season. One of my favorite shows. </document>
    <document> Israel Announces New Discovery of "Lightsaber" Designed to Destroy Enemy Weapons #url# </document>
    <document>Joe Biden's brother Frank linked to projects receiving $54,000,000 in taxpayer loans from the Obama administration—… #url# </document>
    <document> graph the Trump campaign should 'plaster absolutely everywhere': deirdre bolton #url# </document>
    <document> project veritas drops more bernie bombs and things are worse than we thought #url# </document>
    <document>prince harry, meghan markle to no longer use royal titles, queen and buckingham palace announce #url# </document>
    <document> look who's talking! vaccine scientists confirm top safety issues • child health advocacy #url# </document>
    <document> a green puppy born to a white german shepherd drove humans crazy #url# </document>
    <document> I already wrote aron's story and got absolutely no comments. maybe if you hear him in his words, you will understand… #url# </document>
    <document> robert kennedy, jr. brings together legal team to sue FCC over wireless health guidelines • child health advocacy #url# </document>
    <document>feds blame de blasio for murder of 92-year-old woman by illegal immigrant #url# </document>
    <document> Breaking: Project Veritas Releases Explosive Hidden Camera Video Exposing Bernie Campaign #url# </document>
    <document> Breakup: Warren's son-in-law produced Iranian government-funded film #url# </document>
    <document> aron and cathy parker - 500,000 affiliate success stories with mydailychoice! #url# via #user# </document>
    <document> prince harry breaks silence after 'megxit' announcement #url# </document>
    <document> financial records show Joe Biden has made millions since he left office. how did he do? #url# </document>
    <document> Breaking: Project Veritas Releases Explosive Hidden Camera Video Exposing Bernie Campaign #url# </document>
    <document> project veritas drops more bernie bombs and things are worse than we thought #url# </document>
    <document> still gets 3 rogue calls a day. does anyone else get them? they thought they were banned. </document>
    <document> check out erin elizabeth's page, health news. amazing free anti-aging summit #url# </document>
    <document> my god. what a bunch of cheaters and despicable people. #url# </document>
    <document>Hundreds of US-bound migrants storm border, rush to Mexico #url# </document>
    <document> Is your food grown in wastewater? #url# </document>
    <document> Trump sends a message of support to the Iranian people written in Persian #url# </document>
    <document> Bernie's Iowa team locked down after embarrassing video goes viral #url# </document>
    <document> Ghislaine Maxwell's Emails Hacked, Malicious Information About Famous People Related To Epstein's Sex Trafficking Case May Be Re... #url# </document>
    <document>flu vaccines increase lung tissue damage and pneumonia-related deaths #url# </document>
    <document> excellent. progress continues to be made. #url# </document>
    <document> thanks dmv for giving me the new license before my birthday. next time we can take a picture that doesn't make me… #url# </document>
    <document> adam schiff faces the aftermath of the impeachment as the famous dr. Drew broods over his primaries - #url# </document>
    <document> seven times the gao found the Obama administration violated federal law #url# </docment>
    <document>Climate change hoax collapses as new science discovers human activity has virtually no impact on global temperatures #url# </document>
    Is <document> a good thing? #url# </document>
    <document> Judge: Hunter Biden to appear in court after violating order to hand over financial documents #url# </document>
    <document> report: FBI is investigating Ilhan Omar's "fictitious marriage" — and now ice #url# is involved </document>
    <document> hempworx is definitely expanding. here are some of the announcements related to the European market. let me know who... #url# </document>
    <document> I love this story. #url# </document>
    <document> Iran's only female Olympic medalist announces her defection from Iran in scathing message #url# </document>
    <document> I love this story, don't I? #url# </document>
    <document>corbyn cordingley died 14 hours after flu shot #url# </document>
    <document> megxit: Canadians overwhelmingly oppose paying for Prince Harry and Meghan Markle to live there #url# </document>
    <document> the father now the stepsister. what in the name of god are they blabbering about? they really hate the shit out of her. #url# </document>
    <document> you know people still eat at taco bell. what are they doing inside them. one passed with 15 cars waiting. </document>
    <document> Dr. peter gøtzsche exposes big pharmaceutical industry as organized crime #url# </document>
    <document> well, I found one of the social media sites I was looking for. mew. you entered? I'm going to. </document>
    <document> haarp over australia-geoengineering / chemtrails/haarp these are weapons to manipulate the weather #url# </document>
    <document> Dems Reveal Behind Closed Doors Pelosi Impeachment Stunt 'Botched' #url# </document>
    <document> watch: Warren refuses to shake Bernie's hand after debate, Bernie raises hands after they talk #url# </document>
    <document> update: three u.s. firefighters killed while fighting bushfires in Australia identified #url# </document>
    <document> breaking: camera shot: w.h.o. scientists question vaccine safety #url# </document>
    <document> does anyone have an alternative to fb for social media? </document>
    <document> Illegal border crossings have dropped by a staggering 90% in Arizona following Trump's policy change #url# </document>
    <document> does anyone know about zelle pay? received an email notifying me of a payment. it sure doesn't open. </document>
    <document> Planned Parenthood, which claims it needs taxpayer money for "health care," just announced that its political arm ... #url# </document>
    <document>92-year-old woman sexually abused and killed by illegal alien after New York City refuses to consign him to ice #url# </document>
    <document> sanders campaign staffer who called for gulags violence arrested on dui and drug charges #url# </document>
    <document> robert kennedy jr - science has proven that vaccines are not safe (January 2020) #url# </document>
    <document> Breakup: Feds are investigating Comey over Hillary investigation leak #url# </document>