 >
      <document> making history review: fox's goofy sitcom makes time travel fun again #url# via #user# </document>
    <document> amc expands chris hardwick's 'talking' franchise to air year-round #url# via #user# </document>
    <document> billy campbell crime drama 'cardinal' renewed for second and third seasons #url# via #user# </document>
    <document> bobby moynihan cast in cbs pilot, signaling potential 'snl' exit #url# via #user# </document>
    <document> nbc's charlaine harris drama 'redliners' casts its lead #url# via #user# </document>
    <document> 1920s harlem music soap from l.a. reid, 'smash' duo, kenny leon set at fox #url# via #user# </document>
    <document> 'rupaul's drag race' moves to vh1 from logo #url# via #user# </document>
    <document> bobby moynihan eyes snl exit with lead role on cbs pilot me, myself &amp; i #url# via #user# </document>
    <document> howard leeds, writer and producer on 'brady bunch,' 'facts of life' and 'silver spoons,' dies at 97 #url# via #user# </document>
    <document> netflix releases first trailer for david fincher's fbi series 'mindhunter' #url# via #user# </document>
    <document> marvel's inhumans: serinda swan to play medusa on new abc series #url# via #user# </document>
    <document> tv ratings: trump's congress address falls from comparable obama speech #url# via #user# </document>
    <document> alicia keys does a killer janis joplin impression #url# via #user# </document>
    <document> 'feud': how the show-stopping opening credits came together #url# via #user# </document>
    <document> 'dancing with the stars' cast includes simone biles, mr. t and... a professional dancer #url# via #user# </document>
    <document> netflix's 'the get down' hit with union claim for holding actors too long (exclusive) #url# via #user# </document>
    <document> abc's marvel drama 'inhumans' finds its black bolt in anson mount #url# via #user# </document>
    <document> flip or flop is getting five spin-offs #url# via #user# </document>
    <document> shemar moore and his perfect pecs are coming back to tv #url# via #user# </document>
    <document> empire's taye diggs to star in abc's end of days-themed doomsday pilot #url# via #user# </document>
    <document> oliver hudson to star in abc's emily kapnek comedy #url# via #user# </document>
    <document> casey wilson to play busy philipps' sister in tina fey comedy #url# via #user# </document>
    <document> fear the walking dead first look: strand's a bloody mess in season 3 #url# via #user# </document>
    <document> the story behind 'switched at birth's' emotional racism episode #url# via #user# </document>
    <document> arianne zucker is leaving days of our lives #url# via #user# </document>
    <document> chicago fire is getting a new firefighter #url# via #user# </document>
    <document> '13 reasons why' trailer previews netflix's teen suicide mystery series #url# via #user# </document>
    <document> rupaul's drag race moving from logo to vh1 for season 9 — watch video #url# via #user# </document>
    <document> the flash recap: gorilla warfare — plus, how about that ending?? #url# via #user# </document>
    <document> dancing with the stars season 24: glee's heather morris, mr. t, charo, nancy kerrigan among cast #url# via #user# </document>
    <document> drama high pilot adds amy forsyth as theater department's 'queen bee' #url# via #user# </document>
    <document> suits exclusive: mike's worst nightmare is back to crush his dreams again #url# via #user# </document>
    <document> 13 reasons why: watch first trailer for netflix's teen-suicide mystery #url# via #user# </document>
    <document> shemar moore to star in 's.w.a.t' reboot for cbs #url# via #user# </document>
    <document> fox's marvel pilot adds reign alum sean teale as new mutant eclipse #url# via #user# </document>
    <document> the flash: who knew a gorilla attack could be so boring? #url# via #user# </document>
    <document> ratings: trump's first address to congress falls short of obama's #url# via #user# </document>
    <document> kim cattrall to play u.s. president in swedish crime series #url# via #user# </document>
    <document> 'the voice': alicia keys knows how to land artists on second night of blind auditions #url# via #user# </document>
    <document> g.l.o.w. wrestling comedy, starring alison brie, gets netflix premiere date #url# via #user# </document>
    <document> 'the americans' season 5 to feature more family bonding #url# via #user# </document>
    <document> rupaul's drag race gets season 9 premiere date — and a new network! #url# via #user# </document>
    <document> rita wilson joins fox's sheldon turner drama #url# via #user# </document>
    <document> marvel's inhumans has found its silent star #url# via #user# </document>
    <document> jenna fischer to star in abc comedy pilot splitting up together #url# via #user# </document>
    <document> marvel's inhumans finds its queen medusa #url# via #user# </document>
    <document> tv land promotes frank tanki to general manager #url# via #user# </document>
    <document> taye diggs to star in abc's 'doomsday' drama #url# via #user# </document>
    <document> supergirl photos: will kara's war with cadmus make an enemy of lena? #url# via #user# </document>
    <document> russia's ctc media strikes licensing deal with nbcuniversal dreamworks #url# via #user# </document>
    <document> jenna fischer to star in abc's emily kapnek comedy #url# via #user# </document>
    <document> fox's marvel drama enlists 'the goldbergs' favorite #url# via #user# </document>
    <document> mindhunter teaser: jonathan groff grills serial killers in new netflix drama #url# via #user# </document>
    <document> get ready to see a whole lot more of chris hardwick talking #url# via #user# </document>
    <document> dancing with the stars' season 24 cast includes an olympic gymnast and a fool pitier #url# via #user# </document>
    <document> shemar moore plots return to cbs, as star of s.w.a.t. drama pilot #url# via #user# </document>
    <document> andrew garfield, stevie nicks, taylor lautner display their hidden talents for james corden #url# via #user# </document>
    <document> casey wilson set as co-lead opposite busy philipps in nbc's tina fey-produced comedy pilot sackett… #url# via #user# </document>
    <document> the voice recap: five alive #url# via #user# </document>
    <document> fear the walking dead's first look photos answer a big, spoilery question #url# via #user# </document>
    <document> katie holmes thinks the kennedys would have been great at social media #url# via #user# </document>
    <document> criminal minds exclusive sneak peek: reid makes a prison buddy #url# via #user# </document>
    <document> the100 mega buzz: who's about to go rogue? #url# via #user# </document>
    <document> arrow exclusive: curtis reveals his plan to win paul back without quitting team arrow #url# via #user# </document>
    <document> izombie stars debate who's better for peyton: ravi or blaine? #url# via #user# </document>
    <document> 'better call saul' season 3 will offer first look at saul goodman #url# via #user# </document>
    <document> netflix "just getting started" in europe, ceo reed hastings says #url# via #user# </document>
    <document> the good fight: john cameron mitchell cast as 'milo yiannopoulos' in stinging alt-right takedown #url# via #user# </document>
    <document> president trump addresses congress: 7 supremely uncomfortable moments #url# via #user# </document>
    <document> get a first look at glow, jenji kohan's '80s pro wrestling comedy #url# via #user# </document>
    <document> supernatural preview: is mary in the right? and can she recruit her sons? #url# via #user# </document>
    <document> jimmy kimmel hosts "trump-free tuesday" #url# via #user# </document>
    <document> pitch on the bubble: keep or cut? #url# via #user# </document>
    <document> bobby moynihan joins cbs pilot, meaning he may leave snl #url# via #user# </document>
    <document> switched at birth boss talks changing perspective to tackle campus racism #url# via #user# </document>
    <document> talking dead's chris hardwick to get weekly talk show on amc #url# via #user# </document>
    <document> marvel's 'inhumans' taps serinda swan as female lead #url# via #user# </document>
    <document> tvline items: trump-free kimmel, diana rigg joins victoria and more #url# via #user# </document>
    <document> the goldbergs exclusive: karate kid adam learns to sweep (not the leg though) #url# via #user# </document>
    <document> how 'chicago justice' became a love letter to 'law and order' #url# via #user# </document>
    <document> youtube gets into the live streaming cable business #url# via #user# </document>
    <document> dr. phil moves from wme to uta #url# via #user# </document>
    <document> mary kay place remembers 'big love' co-star bill paxton's "enormous energy, stamina and joy" #url# via #user# </document>
    <document> 13 reasons why: watch the heart-wrenching trailer #url# via #user# </document>
    <document> netflix previews european series 'dark,' 'suburra' and 'cable girls' in berlin #url# via #user# </document>
    <document> grey's anatomy: june squibb and hal holbrook to guest-star #url# via #user# </document>
    <document> netflix boards bbc drama 'troy' from 'night manager' writer #url# via #user# </document>
    <document> fewer tvs are being used these days (and some folks don't even have one) #url# via #user# </document>
    <document> 'training day' creator remembers bill paxton: "he swung for the fences, every time" #url# via #user# </document>
    <document> ask ausiello: spoilers on big bang, bates, bones, nashville, walking dead, flash, once, grimm and more #url# via #user# </document>
    <document> days of our lives' arianne zucker to exit #url# via #user# </document>
    <document> web video star casey neistat reveals his plans at cnn #url# via #user# </document>
    <document> hunted finale sneak peek: have aarif &amp; immad clinched victory... or defeat? #url# via #user# </document>
    <document> archie panjabi to star in fox's campus sexual assault pilot #url# via #user# </document>
    <document> casey wilson to star in nbc's tina fey comedy #url# via #user# </document>
    <document> 'glow,' netflix's women's wrestling comedy, to launch june 23 #url# via #user# </document>
    <document> how 'buffy the vampire slayer' will mark its 20th anniversary #url# via #user# </document>
    <document> this is us: new photos sure make it look like kevin and sophie are definitely back on #url# via #user# </document>
    <document> cnn chief jeff zucker unveils plan to dominate digital: new shows, a $25m youtuber and donald trump (of… #url# via #user# </document>
    <document> this mindhunter first look is pure david fincher goodness #url# via #user# </document>
   
>
      <document> Story Overhaul: Silly Fox Sitcom Makes Time Travel Fun Again #url# via #user# </document>
    <document> amc expands chris hardwick's "talking" franchise to broadcast year-round #url# via #user# </document>
    <document> billy campbell crime drama 'cardinal' renewed for second and third seasons #url# via #user# </document>
    <document> bobby moynihan picked up cbs pilot, reporting potential release of 'snl' #url# via #user# </document>
    <document> NBC's Charlaine Harris drama 'Redliners' casts its lead #url# via #user# </document>
    <document> The 1920s musical soap Harlem from L.A. reid, duo 'smash', kenny leon fox set #url# via #user# </document>
    <document> 'rupaul's drag race' moves to vh1 from logo #url# via #user# </document>
    <document> bobby moynihan eyes snl lead role release on cbs pilot me, myself &amp; i #url# via #user# </document>
    <document> howard leeds, writer and producer of 'brady bunch', 'facts of life' and 'silver spoons', dies at 97 #url# via #user# </document>
    <document> netflix releases first trailer for david fincher's fbi series 'mindhunter' #url# via #user# </document>
    <document> marvel's inhumans: serinda swan will play medusa in new series abc #url# via #user# </document>
    <document> TV Ratings: Trump's Congressional Speech Falls Off a Comparable Obama Speech #url# via #user# </document>
    <document> alicia keys does a killer impression of Janis Joplin #url# via #user# </document>
    <document> 'feud': how the show-stopping opening credits came together #url# via #user# </document>
    <document> The cast of 'Dancing with the Stars' includes simone biles, mr. t and... a professional dancer #url# via #user# </document>
    <document> Netflix's 'The Get Down' hit with union complaint for keeping actors too long (exclusive) #url# via #user# </document>
    <document>Abc's wonderful drama 'Inhumans' finds its black lightning in anson mount #url# via #user# </document>
    <document> flip or flop is getting five #url# spin-offs via #user# </document>
    <document> shemar moore and her perfect pecs are back on tv #url# via #user# </document>
    <document> empire's taye diggs to star in abc's end of days themed doomsday pilot #url# via #user# </document>
    <document>Oliver Hudson to Star in ABC's Emily Kapnek Comedy #url# via #user# </document>
    <document> casey wilson to play philipps' busy sister in tina fey's comedy #url# via #user# </document>
    <document> first look at fear of the living dead: the beach is a mess in season 3 #url# via #user# </document>
    <document> the story behind the "switched at birth" emotional racism episode #url# via #user# </document>
    <document> arianne zucker is leaving days of our lives #url# via #user# </document>
    <document> chicago fire is getting a new firefighter #url# via #user# </document>
    <document>"13 Reasons Why" Trailer Previews Netflix Teen Suicide Mystery Series #url# via #user# </document>
    <document>rupaul's endurance race switches logo to vh1 for season 9 — watch video #url# via #user# </document>
    <document> the flash recap: gorilla warfare — also, how about that ending?? #url# via #user# </document>
    <document> dancing with the stars season 24: glee's heather morris, mr. t, charo, nancy kerrigan between cast #url# via #user# </document>
    <document> drama high pilot adds amy forsyth as 'queen bee' of drama department #url# via #user# </document>
    <document> exclusive suits: mike's worst nightmare is back to crush his dreams again #url# via #user# </document>
    <document> 13 Reasons Why: Watch the first trailer for Netflix's Teen Suicide Mystery #url# via #user# </document>
    <document> shemar moore starred in restarting 's.w.a.t' for cbs #url# via #user# </document>
    <document> Fox's Marvel pilot adds reigning alum Sean Teale as new mutant eclipse #url# via #user# </document>
    <document> Lightning: Who knew a gorilla attack could be so boring? #url# via #user# </document>
    <document> evaluations: briscola'Obama's first speech in congress falls short of Obama's #url# via #user# </document>
    <document> kim cattrall to play us president in swedish crime series #url# via #user# </document>
    <document> 'the voice': alicia keys knows how to lure performers into second night of blind auditions #url# via #user# </document>
    <document> Glow Wrestling Comedy Starring Alison Brie Gets Netflix Premiere Date #url# via #user# </document>
    <document> 'The Americans' season 5 will feature more family ties #url# via #user# </document>
    <document> Rupaul's Endurance Race Gets Season 9 Premiere Date & New Network! #url# via #user# </document>
    <document> rita wilson joins fox sheldon turner drama #url# via #user# </document>
    <document> marvel's inhumans found its silent star #url# via #user# </document>
    <document> jenna fischer to star in ABC comedy pilot parting ways #url# via #user# </document>
    <document> marvel's inhumans finds its queen medusa #url# via #user# </document>
    <document> tvland promotes frank tanki to general manager #url# via #user# </document>
    <document> taye diggs to star in abc drama 'Doomsday' #url# via #user# </document>
    <document> supergirl pics: will kara's war with cadmus make lena's enemy? #url# via #user# </document>
    <document> russia ctc media concludes license agreement with nbcuniversal dreamworks #url# via #user# </document>
    <document>Jenna Fischer to Star in ABC's Emily Kapnek Comedy #url# via #user# </document>
    <document> Fox's wonderful drama enlists 'Goldberg's' favorite #url# via #user# </document>
    <document> mindhunter teaser: jonathan groff tests serial killers in new netflix drama #url# via #user# </document>
    <document> get ready to see a lot more of chris hardwick talking #url# via #user# </document>
    <document>Dancing with the Stars Season 24 cast includes Olympic gymnast and pietier goofball #url# via #user# </document>
    <document> shemar moore storylines return to cbs, as star of s.w.a.t. pilot drama #url# via #user# </document>
    <document> andrew garfield, stevie nicks, taylor lautner show their hidden talents for james corden #url# via #user# </document>
    <document> casey wilson co-stars opposite busy philipps in nbc's comedy pilot sackett… #url# via #user# produced by tina fey </document>
    <document> the spoken summary: five live #url# via #user# </document>
    <document>fear early photos of walking dead answer big spoiler question #url# via #user# </document>
    <document> katie holmes thinks kennedy would be awesome on social media #url# via #user# </document>
    <document> Criminal Minds Exclusive Preview: Reid Becomes a Jail Mate #url# via #user# </document>
    <document> the100 mega buzz: who's going to go thief? #url# via #user# </document>
    <document>exclusive arrow: Curtis reveals his plan to win Paul back without leaving team arrow #url# via #user# </document>
    <document> izombie stars argue who is better for peyton: ravi or blaine? #url# via #user# </document>
    <document> 'better call saul' season 3 will offer first look at saul goodman #url# via #user# </document>
    <document> Netflix 'just getting started' in Europe, CEO Reed Hastings claims #url# via #user# </document>
    <document> the good fight: john cameron mitchell cast as 'milo yiannopoulos' in biting alt-right #url# removal via #user# </document>
    <document> President Trump Addresses Congress: 7 Extremely Inconvenient Moments #url# via #user# </document>
    <document> get your first look at glow, jenji kohan's 80s wrestling comedy #url# via #user# </document>
    <document> supernatural preview: is mary right? and can he recruit his children? #url# via #user# </document>
    <document> Jimmy Kimmel hosts "Trump-free Tuesday" #url# via #user# </document>
    <document> bubble step: keep or cut? #url# via #user# </document>
    <document> bobby moynihan joins cbs pilot, meaning it can leave snl #url# via #user# </document>
    <document> changed at birth talks about boss changing perspective to address racism on campus #url# via #user# </document>
    <document> Talking Dead's Chris Hardwick is getting a weekly talk show on amc #url# via #user# </document>
    <document> Marvel's "Inhumans" Casts Serinda Swan as Female Lead #url# via #user# </document>
    <document> tvline articles: kimmel no trump, diana rigg joins victoria and others #url# via #user# </document>
    <document> the goldbergs exclusive: karate kid adam learns to sweep (but not the leg) #url# via #user# </document>
    <document> how 'chicago Justice' became a love letter to 'law and order' #url# via #user# </document>
    <document> youtube enters the cable live streaming business #url# via #user# </document>
    <document> dr. phil switches from wme to uta #url# via #user# </document>
    <document> Mary Kay Place recalls 'Big Love' co-star Bill Paxton's "tremendous energy, stamina and joy" #url# via #user# </document>
    <document> 13 Reasons Why: Watch heartbreaking trailer #url# via #user# </document>
    <document> netflix premieres european series 'dark', 'suburra' and 'cable girls' in berlin #url# via #user# </document>
    <document> Grey's Anatomy: June Squibb and Hal Holbrook guest star #url# via #user# </document>
    <document> Netflix joins BBC drama 'troy' by 'night manager' writer #url# via #user# </document>
    <document> fewer TVs are used these days (and some people don't even have one) #url# via #user# </document>
    <document> The creator of 'training day' recalls Bill Paxton: "he always bet on the fences" #url# via #user# </document>
    <document> ask ausiello: spoilers on big bang, bates, bone, nashville, walking dead, flash, once, grimm and more #url# via #user# </document>
    <document> arianne zucker from days of our lives to exit #url# via #user# </document>
    <document> Web video star Casey Neistat reveals plans to cnn #url# via #user# </document>
    <document> hunted ending preview: have aarif &amp; Has Immad claimed victory… or defeat? #url# via #user# </document>
    <document>Archie Panjabi to star in Fox campus sexual assault pilot #url# via #user# </document>
    <document> casey wilson to star in nbc's tina fey comedy #url# via #user# </document>
    <document> Netflix's women's wrestling comedy 'glow' launches June 23 #url# via #user# </document>
    <document> how 'buffy the vampire slayer' will mark its 20th anniversary #url# via #user# </document>
    <document> this is us - new pics sure make it look like kevin and sophie are definitely back on #url# via #user# </document>
    <document> cnn chief jeff zucker unveils plan to dominate digital: new shows, a $25 million youtuber and donald trump (by... #url# via #user# </document>
    <document> this mind-hunting first look is pure goodness from David Fincher #url# via #user# </document>