 
      <document> justin trudeau bows and shakes hands with iranian foreign minister in photo-op – true north #url# </document>
    <document> can moscow finish nord stream 2 gas pipeline despite us sanctions? ‘never say never’ says gazprom — rt business news #url# </document>
    <document> knight: pipeline protests have nothing to do with supporting the wet’suwet’en people – true north #url# </document>
    <document> from clothes to condoms: coronavirus is threatening global consumption in ways you never knew were possible — rt wo… #url# </document>
    <document> amazon has 37,000 job listings - maybe its most ever #url# </document>
    <document> nasa confirms spacex will become the first private company to send astronauts to the space station #url# </document>
    <document> more than 1,000 former doj officials call on u.s. attorney general barr to resign </document>
    <document> fca plant closure: china supply issue causes fiat chrysler's serbia plant closure, auto news, et auto #url# </document>
    <document> the cost of dying: how a spike in cremation rates is changing the funeral industry </document>
    <document> fossil-fuel industry hosts eu presidency #url# </document>
    <document> #url# nasa, space exploration and astronomy news #url# </document>
    <document> half a million romanians want to stay in uk </document>
    <document> canadians already quarantined on cruise ship in japan to be isolated for another 2 weeks at home </document>
    <document> kosovo parliament not informed on signed agreements with serbia, says speaker osmani    - exit - explaining albania #url# </document>
    <document> mountain zlatibor, serbia - photo of the day - havana times #url# </document>
    <document> spacex crew dragon spacecraft nears last parachute tests before astronaut launch debut #url# </document>
    <document> with eye on moon, nasa to seek new astronaut applicants in march </document>
    <document> demonstrators gather at confederation bridge to back wet'suwet'en hereditary chiefs </document>
    <document> famed biologist richard dawkins sparks twitter row with ‘eugenics would work for humans’ argument — rt world news #url# </document>
    <document> serbia's natalija kostic gets engaged to boyfriend during wta thailand open #url# </document>
    <document> the scotsman - scottish news #url# </document>
    <document> local news, sports, business, politics, entertainment, travel, restaurants and opinion for seat… #url# </document>
    <document> rcmp mistakes stroke victim for drunk, leaving him half-paralyzed in jail cell for hours, lawsuit says </document>
    <document> medium – get smarter about what matters to you. #url# </document>
    <document> copper wire thieves wreaking havoc on seattle #url# </document>
    <document> michel proposes gni 1.074 percent for budget #url# </document>
    <document> gm scraps historic holden car brand in australia - bbc news #url# </document>
    <document> this is how a society dies #url# </document>
    <document> uganda's queen of katwe star nikita pearl waligwa dies aged 15 - bbc news #url# </document>
    <document> auditors: commission should update nuclear-safety rules #url# </document>
    <document> n.b. premier cancels controversial plan to close rural ers overnight </document>
    <document> heathrow diversion: new york flight makes 'emergency landing' and passenger detained - mylondon #url# </document>
    <document> the new york times - breaking news, world news &amp; multimedia #url# </document>
    <document> malcolm: has anyone seen our prime minister? – true north #url# </document>
    <document> inside the meeting between mohawks and canada's indigenous services minister </document>
    <document> seti search of interstellar comet borisov finds no sign of alien 'technosignatures' </document>
    <document> two injured in moscow church knife attack #url# </document>
    <document> petr pavlensky: russian activist's girlfriend held over macron ally sex video - bbc news #url# </document>
    <document> serbia honors author handke amid anger over milosevic ties #url# </document>
    <document> bne intellinews - fiat halts production in serbian plant as coronavirus disrupts supply chains #url# </document>
    <document> petition update · meps rally to support citizens rights post brexit as our fight for an #hashtag# goes on ·… #url# </document>
    <document> your monday briefing - the new york times #url# </document>
    <document> chaos at heathrow airport as 'technical issues' cause mass disruption </document>
    <document> secretary michael r. pompeo and senegalese foreign minister amadou ba at a joint press availability - united states… #url# </document>
    <document> the new york review of books #url# </document>
    <document> democrats fear rule of law crumbling under trump </document>
    <document> three bright planets align in the morning sky </document>
    <document> amid a crime wave on yakama reservation, confusion over a checkerboard of jurisdictions #url# </document>
    <document> crossing the border to go to school in the us - bbc news #url# </document>
    <document> egypt's health ministry announces first confirmed coronavirus case #url# </document>
    <document> boris johnson could rip up human rights to push through new terror law </document>
    <document> drover: it’s time to regulate online pornography in canada – true north #url# </document>
    <document> washington post: breaking news, world, us, dc news &amp; analysis - the washington post #url# </document>
    <document> trudeau's office won't say if it recorded meeting with iranian foreign minister </document>
    <document> nasa's iconic 'pale blue dot' photo of earth from space just got a 21st-century makeover </document>
    <document> eu plan on ai: new rules, better taxes #url# </document>
    <document> secretary michael r. pompeo's meeting with senegalese president sall - united states department of state #url# </document>
    <document> the united states and angola: deepening an important strategic partnership - united states department of state #url# </document>
    <document> mysterious 'fast radio bursts' from deep space repeat themselves every 16 days </document>
    <document> is belgium heading for new elections? #url# </document>
    <document> french reforms: why france is resisting macron's push on pensions - bbc news #url# </document>
    <document> brexit: france warns uk of bitter trade negotiations - bbc news #url# </document>
    <document> the celtic barber – unpacking my bottom drawer #url# </document>
    <document> read the liz vicious daily ▸ #url# </document>
    <document> german president criticises us at munich conference #url# </document>
    <document> budget, zuckerberg, pelosi and cayman islands this week #url# </document>
    <document> senate braces for fight over impeachment whistleblower testimony </document>
    <document> serbia and cuba strengthen relations #url# </document>
    <document> egg-freezing: what's the success rate? - bbc news #url# </document>
    <document> star city adventure: take a sneak peek into india’s first space crew training in russia — rt world news #url# </document>
    <document> ‘a little bit of excitement at no extra cost’: sanders quips after topless anti-dairy protesters steal show at neva… #url# </document>
    <document> lithuania national day - united states department of state #url# </document>
    <document> spacex delays launch of 60 starlink satellites due to rocket valve checks </document>
    <document> blockade continues despite 'modest progress' made in talks between federal minister and tyendinaga mohawk </document>
    <document> eu parliament warns of data transfer risks due to uk immigration rules #url# </document>
    <document> candidates make electability arguments, talk bloomberg as focus turns to more diverse states </document>
    <document> local news, sports, business, politics, entertainment, travel, restaurants and opinion for seat… #url# </document>
    <document> bne intellinews - serbia and kosovo agree to restore railway, motorway links #url# </document>
    <document> blue jays legend tony fernandez dies at 57 from stroke, kidney complications </document>
    <document> munich security conference: uk suffered because of its absence </document>
    <document> live starship assembly at spacex boca chica sunday feb 16 - youtube #url# </document>
    <document> what the eu can do for south sudan - right now #url# </document>
    <document> solar orbiter launches on historic mission to study the sun's poles </document>
    <document> spacex hires former nasa human-spaceflight chief </document>
    <document> secretary michael r. pompeo and senegalese minister of economy amadou hott at a memoranda of understanding signing… #url# </document>
    <document> nasa has a plan for yearly artemis moon flights through 2030. the first one could fly in 2021. </document>
    <document> federal government to bring home canadians on board quarantined cruise ship </document>
    <document> 3 cases of environmental dissenters being cancelled – true north #url# </document>
    <document> the ethiopian migrants who make the desperate journey to saudi arabia via yemen - reporters #url# </document>
    <document> kurti government didn’t authorize signing of two agreements with serbia - exit - explaining albania #url# </document>
    <document> furey: majority of first nations support canadian energy – true north #url# </document>
    <document> the last best chance for donbas and peace in europe? #url# </document>
    <document> mars breakthrough: uk-build, plasma-powered rocket could halve journey times to red planet </document>
    <document> skylarks, chamois to be protected in ro </document>
    <document> scientists just watched a newfound asteroid zoom by earth. then they saw its moon. </document>
    <document> when is the best time to visit banff, lake louise or jasper? </document>
    <document> outrage as downing street adviser backs eugenics, mandatory birth control and giving kids mind-altering drugs — rt… #url# </document>
    <document> thought biathlon was boring? meet dorothea wierer – the italian star sending fans wild at the 2020 world championsh… #url# </document>
    <document> net payer countries push back on eu budget plans #url# </document>
    <document> hypnogoria: hypnogoria 138 - a history of horror video games part i #url# </document>
    
<document> justin trudeau bows and shakes hands with iranian foreign minister during photo op - True North #url# </document>
    <document> can moscow complete the nord stream 2 gas pipeline despite us sanctions? “Never say never” says gazprom — rt business news #url# </document>
    <document> knight: Pipeline protests have nothing to do with supporting the Wet'suwet'en people - true north #url# </document>
    <document> From clothes to condoms, coronavirus is threatening global consumption in ways you never knew was possible - rt wo... #url# </document>
    <document> Amazon has 37,000 job listings - perhaps the largest #url# yet </document>
    <document> NASA confirms that Spacex will be the first private company to send astronauts to the space station #url# </document>
    <Document> More than 1,000 former Doj officials call out US. Attorney General cannot resign </document>
    <document> FCA plant closure: Supply problem in China causes Fiat Chrysler plant closure in Serbia, Auto News, et auto #url# </document>
    <document>The Cost of Dying: How a Rise in Cremation Rates is Transforming the Funeral Industry</document>
    <document> The fossil fuel industry is hosting the EU Presidency #url# </document>
    <document> #url# nasa, space exploration and astronomy news #url# </document>
    <document> Half a million Romanians want to stay in Britain </document>
    <document>Canadians have already been quarantined on a cruise ship in Japan to be isolated at home for another 2 weeks</document>
    <document> kosovo parliament not informed about signed deals with serbia, says spokesman osmani - exit - explains albania #url# </document>
    <document> mount zlatibor, serbia - photo of the day - havana times #url# </document>
    <document> Spacex Crew Dragon spacecraft nears final parachute tests ahead of astronaut launch debut #url# </document>
    <document> with a view of the moon, nasa is looking for new astronaut applicants in march </document>
    <document> Demonstrators gather at the Confederation Bridge in support of the Wet'suwet'en hereditary chiefs</document>
    <document> Famed biologist Richard Dawkins sparks a Twitter argument arguing that "eugenics would work for humans" — rt world news #url# </document>
    <document> Natalija Kostic of Serbia gets engaged to boyfriend during WTA Thailand Open #url# </document>
    <document> the scotsman - Scottish News #url# </document>
    <document> Local news, sports, business, politics, entertainment, travel, restaurants and seating opinions… #url# </document>
    <document>rcmp thinks stroke victim is drunk and leaves him semi-paralyzed in jail cell for hours, the lawsuit says</document>
    <document> medium – Become more aware of what is important to you. #url# </document>
    <document>Copper wire thieves devastate Seattle #url# </document>
    <document> michel suggests gni 1.074 percent for budget #url# </document>
    <document> gm scraps historic Holden car make in Australia - BBC News #url# </document>
    <document> this is how a society #url# dies </document>
    <document> Uganda's Queen of Katwe star Nikita Pearl Waligwa dies aged 15 - BBC News #url# </document>
    <document> Examiner: Commission should update nuclear safety rules #url# </document>
    <document> n.a. Prime Minister scraps controversial plan to shut down rural areas overnight </document>
    <Document>Heathrow Diversion: New York flight makes 'forced landing' and passenger detained - mylondon #url# </document>
    <Document> The New York Times - Breaking News, World News &amp; multimedia #url# </document>
    <Document> Malcolm: Has anyone seen our Prime Minister? – true north #url# </document>
    <document> as part of the meeting between the Iroquois and the Minister of Indigenous Services of Canada </document>
    <document> Seti search of interstellar comet Borisov finds no sign of extraterrestrial "technosignatures" </document>
    <document> Two injured in knife attack at Moscow church #url# </document>
    <Document> Petr Pavlensky: Russian activist's girlfriend is being held by Macron's alliesEx Video - BBC News #url# </document>
    <document> serbia honors author handke amid anger over milosevic ties #url# </document>
    <document> bne intellinews - Fiat halts production at Serbian plant as coronavirus disrupts supply chains #url# </document>
    <document> Petition update MPs rally in support of post-Brexit civil rights as our fight for a #hashtag# continues ... #url# </document>
    <document> Your Monday briefing - the New York Times #url# </document>
    <document> Chaos at Heathrow Airport as 'technical issues' cause mass disruption</document>
    <document> secretary michael r. Pompeo and Senegalese Foreign Minister Amadou Ba at a joint press briefing - United States... #url# </document>
    <document> the New York book review #url# </document>
    <document> Democrats fear the rule of law will collapse under Trump</document>
    <document> Three bright planets line up in the morning sky </document>
    <document> Amid a crime wave on the Yakama Reservation, confusion over a checkerboard of jurisdictions #url# </document>
    <document> crosses border to go to school in usa - bbc news #url# </document>
    <document> The Egyptian Ministry of Health announces the first confirmed coronavirus case #url# </document>
    <document> boris johnson could tear up human rights to push through a new terror law </document>
    <document> driver: it's time to regulate online pornography in canada - true north #url# </document>
    <Document> Washington Post: Breaking News, World, US, DC News &amp; Analysis - Washington Post #url# </document>
    <document> trudeau's office will not say if it recorded the meeting with the Iranian foreign minister </document>
    <document> NASA's iconic Pale Blue Dot photo of Earth from space just got a makeover for the 21st century </document>
    <document> eu plan for ai: new rules, better taxes #url# </document>
    <document> secretary michael r. Pompeo's meeting with President Sall of Senegal - United States Department of State #url# </document>
    <document> United States and Angola: Deepening an Important Strategic Partnership - US Department of State #url# </document>
    <document> mysterious 'fast radio bursts' from space repeat every 16 days </document>
    <Document> heading for new elections in Belgium? #url# </document>
    <document> French reforms: why France is resisting Macron's push on pensions - BBC News #url# </document>
    <document> brexit: france warns uk of bitter trade talks - bbc news #url# </document>
    <document> the celtic barber – unpacks my bottom drawer from #url# </document>
    <document> read the liz vicious daily ▸ #url# </document>
    <document> Federal President criticizes us at conference in Munich #url# </document>
    <document> Budget, Zuckerberg, Pelosi and Cayman Islands this week #url# </document>
    <document> Senate braces for battle over whistleblower testimony in impeachment </document>
    <document> serbia and cuba strengthen ties #url# </document>
    <Document> Egg Freezing: What is the Success Rate? - BBC News #url# </document>
    <document> Star City Adventure: Get a sneak peek at India's first space crew training in Russia — rt world news #url# </document>
    <document> "a little excitement at no extra cost": Sanders jokes after topless anti-dairy protesters on the Neva River stole the show... #url# </document>
    <document> Lithuanian National Day – United States Department of State #url# </document>
    <document> spacex delays launch of 60 Starlink satellites due to rocket valve testing </document>
    The <document> deadlock continues despite "modest progress" in talks between the federal minister and the Tyendinaga-Mohawk </document>
    <document> eu parliament warns of data transmission risks due to british immigration regulations #url# </document>
    <document> candidates argue about eligibility, talk about Bloomberg while focusing on more diverse states </document>
    <Document> Local News, Sports, Economy, Politics, Entertainment, travel, restaurants and opinion for seat… #url# </document>
    <document> bne intellinews - serbia and kosovo agree to restore rail and highway links #url# </document>
    <document>Blue Jays legend Tony Fernandez dies aged 57 from stroke and kidney complications</document>
    <document> Munich Security Conference: Britain suffered from its absence </document>
    <document> Live assembly of spacecraft at Spacex Boca Chica, Sunday February 16 - YouTube #url# </document>
    <document> what the eu can do for south sudan right now #url# </document>
    <document> Solar Orbiter embarks on historic mission to explore the sun's poles </document>
    <document> spacex hires former NASA chief of human spaceflight </document>
    <document> secretary michael r. Pompeo and Senegalese Economy Minister Amadou Hott signing a memorandum of understanding … #url# </document>
    <document> NASA has a plan for annual Artemis lunar flights until 2030. The first could fly in 2021. </document>
    <document>Federal government wants to bring Canadians home aboard quarantined cruise ship</document>
    <document> 3 cases of environmental critics being canceled - true north #url# </document>
    <document> the Ethiopian migrants making the desperate journey to Saudi Arabia via Yemen - Reporter #url# </document>
    <Document> The Kurti government did not authorize the signing of two agreements with Serbia – Brexit, and declares Albania #url# </Document>
    <document> furey: Majority of First Nations Support Canadian Energy - True North #url# </document>
    <document> the last best chance for donbas and peace in europe? #url# </document>
    <document> Breakthrough on Mars: British-built, plasma-powered rocket could cut travel time to the Red Planet in half </document>
    <document> Larks protecting chamois in Ro</document>
    <Document> Scientists have just seen a newly discovered asteroid hurtle past Earth. then they saw his moon. </document>
    <document> When is the best time to visit Banff, Lake Louise or Jasper? </document>
    <document> Outrage as Downing Street adviser backs eugenics, mandatory birth control and giving mind-altering drugs to children - rt… #url# </document>
    <Document> thought biathlon was boring? Meet Dorothea Wierer - the Italian star who drove fans mad at the 2020 World Cup... #url# </document>
    <document> Net contributor countries push back EU budgets #url# </document>
    <document> hypnogoria: hypnogoria 138 - a history of horror video games part I #url# </document> 
      <document> justin trudeau bows and shakes hands with iranian foreign minister in photo-op – true north #url# </document>
    <document> can moscow finish nord stream 2 gas pipeline despite us sanctions? ‘never say never’ says gazprom — rt business news #url# </document>
    <document> knight: pipeline protests have nothing to do with supporting the wet’suwet’en people – true north #url# </document>
    <document> from clothes to condoms: coronavirus is threatening global consumption in ways you never knew were possible — rt wo… #url# </document>
    <document> amazon has 37,000 job listings - maybe its most ever #url# </document>
    <document> nasa confirms spacex will become the first private company to send astronauts to the space station #url# </document>
    <document> more than 1,000 former doj officials call on u.s. attorney general barr to resign </document>
    <document> fca plant closure: china supply issue causes fiat chrysler's serbia plant closure, auto news, et auto #url# </document>
    <document> the cost of dying: how a spike in cremation rates is changing the funeral industry </document>
    <document> fossil-fuel industry hosts eu presidency #url# </document>
    <document> #url# nasa, space exploration and astronomy news #url# </document>
    <document> half a million romanians want to stay in uk </document>
    <document> canadians already quarantined on cruise ship in japan to be isolated for another 2 weeks at home </document>
    <document> kosovo parliament not informed on signed agreements with serbia, says speaker osmani    - exit - explaining albania #url# </document>
    <document> mountain zlatibor, serbia - photo of the day - havana times #url# </document>
    <document> spacex crew dragon spacecraft nears last parachute tests before astronaut launch debut #url# </document>
    <document> with eye on moon, nasa to seek new astronaut applicants in march </document>
    <document> demonstrators gather at confederation bridge to back wet'suwet'en hereditary chiefs </document>
    <document> famed biologist richard dawkins sparks twitter row with ‘eugenics would work for humans’ argument — rt world news #url# </document>
    <document> serbia's natalija kostic gets engaged to boyfriend during wta thailand open #url# </document>
    <document> the scotsman - scottish news #url# </document>
    <document> local news, sports, business, politics, entertainment, travel, restaurants and opinion for seat… #url# </document>
    <document> rcmp mistakes stroke victim for drunk, leaving him half-paralyzed in jail cell for hours, lawsuit says </document>
    <document> medium – get smarter about what matters to you. #url# </document>
    <document> copper wire thieves wreaking havoc on seattle #url# </document>
    <document> michel proposes gni 1.074 percent for budget #url# </document>
    <document> gm scraps historic holden car brand in australia - bbc news #url# </document>
    <document> this is how a society dies #url# </document>
    <document> uganda's queen of katwe star nikita pearl waligwa dies aged 15 - bbc news #url# </document>
    <document> auditors: commission should update nuclear-safety rules #url# </document>
    <document> n.b. premier cancels controversial plan to close rural ers overnight </document>
    <document> heathrow diversion: new york flight makes 'emergency landing' and passenger detained - mylondon #url# </document>
    <document> the new york times - breaking news, world news &amp; multimedia #url# </document>
    <document> malcolm: has anyone seen our prime minister? – true north #url# </document>
    <document> inside the meeting between mohawks and canada's indigenous services minister </document>
    <document> seti search of interstellar comet borisov finds no sign of alien 'technosignatures' </document>
    <document> two injured in moscow church knife attack #url# </document>
    <document> petr pavlensky: russian activist's girlfriend held over macron ally sex video - bbc news #url# </document>
    <document> serbia honors author handke amid anger over milosevic ties #url# </document>
    <document> bne intellinews - fiat halts production in serbian plant as coronavirus disrupts supply chains #url# </document>
    <document> petition update · meps rally to support citizens rights post brexit as our fight for an #hashtag# goes on ·… #url# </document>
    <document> your monday briefing - the new york times #url# </document>
    <document> chaos at heathrow airport as 'technical issues' cause mass disruption </document>
    <document> secretary michael r. pompeo and senegalese foreign minister amadou ba at a joint press availability - united states… #url# </document>
    <document> the new york review of books #url# </document>
    <document> democrats fear rule of law crumbling under trump </document>
    <document> three bright planets align in the morning sky </document>
    <document> amid a crime wave on yakama reservation, confusion over a checkerboard of jurisdictions #url# </document>
    <document> crossing the border to go to school in the us - bbc news #url# </document>
    <document> egypt's health ministry announces first confirmed coronavirus case #url# </document>
    <document> boris johnson could rip up human rights to push through new terror law </document>
    <document> drover: it’s time to regulate online pornography in canada – true north #url# </document>
    <document> washington post: breaking news, world, us, dc news &amp; analysis - the washington post #url# </document>
    <document> trudeau's office won't say if it recorded meeting with iranian foreign minister </document>
    <document> nasa's iconic 'pale blue dot' photo of earth from space just got a 21st-century makeover </document>
    <document> eu plan on ai: new rules, better taxes #url# </document>
    <document> secretary michael r. pompeo's meeting with senegalese president sall - united states department of state #url# </document>
    <document> the united states and angola: deepening an important strategic partnership - united states department of state #url# </document>
    <document> mysterious 'fast radio bursts' from deep space repeat themselves every 16 days </document>
    <document> is belgium heading for new elections? #url# </document>
    <document> french reforms: why france is resisting macron's push on pensions - bbc news #url# </document>
    <document> brexit: france warns uk of bitter trade negotiations - bbc news #url# </document>
    <document> the celtic barber – unpacking my bottom drawer #url# </document>
    <document> read the liz vicious daily ▸ #url# </document>
    <document> german president criticises us at munich conference #url# </document>
    <document> budget, zuckerberg, pelosi and cayman islands this week #url# </document>
    <document> senate braces for fight over impeachment whistleblower testimony </document>
    <document> serbia and cuba strengthen relations #url# </document>
    <document> egg-freezing: what's the success rate? - bbc news #url# </document>
    <document> star city adventure: take a sneak peek into india’s first space crew training in russia — rt world news #url# </document>
    <document> ‘a little bit of excitement at no extra cost’: sanders quips after topless anti-dairy protesters steal show at neva… #url# </document>
    <document> lithuania national day - united states department of state #url# </document>
    <document> spacex delays launch of 60 starlink satellites due to rocket valve checks </document>
    <document> blockade continues despite 'modest progress' made in talks between federal minister and tyendinaga mohawk </document>
    <document> eu parliament warns of data transfer risks due to uk immigration rules #url# </document>
    <document> candidates make electability arguments, talk bloomberg as focus turns to more diverse states </document>
    <document> local news, sports, business, politics, entertainment, travel, restaurants and opinion for seat… #url# </document>
    <document> bne intellinews - serbia and kosovo agree to restore railway, motorway links #url# </document>
    <document> blue jays legend tony fernandez dies at 57 from stroke, kidney complications </document>
    <document> munich security conference: uk suffered because of its absence </document>
    <document> live starship assembly at spacex boca chica sunday feb 16 - youtube #url# </document>
    <document> what the eu can do for south sudan - right now #url# </document>
    <document> solar orbiter launches on historic mission to study the sun's poles </document>
    <document> spacex hires former nasa human-spaceflight chief </document>
    <document> secretary michael r. pompeo and senegalese minister of economy amadou hott at a memoranda of understanding signing… #url# </document>
    <document> nasa has a plan for yearly artemis moon flights through 2030. the first one could fly in 2021. </document>
    <document> federal government to bring home canadians on board quarantined cruise ship </document>
    <document> 3 cases of environmental dissenters being cancelled – true north #url# </document>
    <document> the ethiopian migrants who make the desperate journey to saudi arabia via yemen - reporters #url# </document>
    <document> kurti government didn’t authorize signing of two agreements with serbia - exit - explaining albania #url# </document>
    <document> furey: majority of first nations support canadian energy – true north #url# </document>
    <document> the last best chance for donbas and peace in europe? #url# </document>
    <document> mars breakthrough: uk-build, plasma-powered rocket could halve journey times to red planet </document>
    <document> skylarks, chamois to be protected in ro </document>
    <document> scientists just watched a newfound asteroid zoom by earth. then they saw its moon. </document>
    <document> when is the best time to visit banff, lake louise or jasper? </document>
    <document> outrage as downing street adviser backs eugenics, mandatory birth control and giving kids mind-altering drugs — rt… #url# </document>
    <document> thought biathlon was boring? meet dorothea wierer – the italian star sending fans wild at the 2020 world championsh… #url# </document>
    <document> net payer countries push back on eu budget plans #url# </document>
    <document> hypnogoria: hypnogoria 138 - a history of horror video games part i #url# </document>
    
<document> justin trudeau bows and shakes hands with iranian foreign minister in photo shoot – true north #url# </document>
    <document> Can Moscow Finish Nord Stream 2 Pipeline Despite US Sanctions? "never say never" says gazprom — rt business news #url# </document>
    <document> knight: Pipeline protests have nothing to do with support for wet'suwet'en people - true north #url# </document>
    <document> from clothes to condoms: the coronavirus is threatening global consumption in ways you didn't know were possible — rt wo… #url# </document>
    <document> amazon has 37,000 job postings, possibly the most ever #url# </document>
    <document> nasa confirms that spacex will become the first private company to send astronauts to the space station #url# </document>
    <document>More than 1,000 former Doj officials are calling on US Attorney General Barr to resign</document>
    <document> FCA plant closure: supply problem in China causes closure of fiat chrysler plant in serbia, auto news, et auto #url# </document>
    <document>The cost of death: How a spike in cremation rates is changing the funeral industry</document>
    <document> fossil fuel industry hosts eu presidency #url# </document>
    <document> #url# nasa news on space exploration and astronomy #url# </document>
    <document>half a million Romanians want to stay in the UK</document>
    <document> Canadians already quarantined on cruise ship in Japan to be isolated at home for another 2 weeks </document>
    <document> kosovo parliament not informed about agreements signed with serbia, says rapporteur osmani    - exit - explaining albania #url# </document>
    <document> zlatibor mountain, serbia - photo of the day - havana times #url# </document>
    <document>Spacex Crew Dragon Spacecraft Approaches Final Parachute Tests Before Astronaut Launch Debut #url# </document>
    <document>keeping its eye on the moon, nasa looks for new candidates for astronauts in march</document>
    <document> Protesters gather at Confederation Bridge to support Hereditary Chiefs wet'suwet'en </document>
    <document> Renowned biologist Richard Dawkins sparks a Twitter thread with the argument "eugenics would work for humans" — rt world news #url# </document>
    <document> Natalija Kostic of Serbia gets engaged to boyfriend during WTA Thailand Open #url# </document>
    <document> the scotsman - scottish news #url# </document>
    <document> local news, sports, business, politics, entertainment, travel, restaurants and opinion by seat... #url# </document>
    <document>rcmp mistakes shot victim for drunk, leaving him half-paralyzed in cell for hours, lawsuit argues</document>
    Medium <document>: Get smarter about what matters to you. #url# </document>
    <document> copper wire thieves devastating Seattle #url# </document>
    <document> michel proposes each 1,074 percent for budget #url# </document>
    <document> gm scraps heritage auto brand holden in australia - bbc news #url# </document>
    <document> this is how a company dies #url# </document>
    <document>queen of uganda katwe star nikita pearl waligwa dies aged 15 - bbc news #url# </document>
    <document> reviewers: commission should update nuclear safety rules #url# </document>
    <document> n.b. The premier cancels the controversial plan to close farmers overnight </document>
    <document> Diversion from Heathrow: flight to New York makes 'emergency landing' and passenger arrested - mylondon #url# </document>
    <document> the new york times - breaking news, world news &amp; media #url# </document>
    <document> Malcolm: Has anyone seen our prime minister? – true north #url# </document>
    <document> inside meeting between Mohawks and Canadian Minister of Indigenous Services </document>
    <document> seti searching for interstellar comet borisov finds no sign of alien "technosignatures" </document>
    <document> Two injured in knife attack on Moscow church #url# </document>
    <document> petr pavlensky: girlfriend of a russian activist held by macron's allies sex video - bbc news #url# </document>
    <document> serbia honors author's hand amid anger over ties to milosevic #url# </document>
    <document> bne intellinews - fiat halts production at serbian plant as coronavirus disrupts supply chains #url# </document>
    <document> petition update MPs rally to support citizens' rights after brexit as our fight for a #hashtag# moves forward… #url# </document>
    <document> the Monday briefing - the New York Times #url# </document>
    <document>Chaos at Heathrow Airport as 'technical problems' cause mass disruption</document>
    <document> secretary michael r. Pompeo and Senegalese Foreign Minister Amadou Ba at joint news conference - United States… #url# </document>
    <document> the New York book magazine #url# </document>
    <document>Democrats fear the rule of law will crumble under Trump</document>
    <document> three bright planets line up in the morning sky </document>
    <document> amidst crime spree on Yakama Reservation, confusion over chessboard of jurisdictions #url# </document>
    <document>crossing the border to school in the US - bbc news #url# </document>
    <document> Egypt's health ministry announces first confirmed case of coronavirus #url# </document>
    <document>boris johnson could tear away human rights to pass a new terror law</document>
    <document> driver: it's time to regulate online pornography in canada – true north #url# </document>
    <document> washington post: breaking news, world, us, dc news &amp; analysis - the washington post #url# </document>
    <document>Trudeau's office won't say if he recorded meeting with Iranian foreign minister</document>
    <document>NASA's iconic "pale blue dot" photo of Earth from space just got a 21st-century makeover</document>
    <document> EU AI plan: new rules, better taxes #url# </document>
    <document> secretary michael r. Pompeo's meeting with Senegalese President Sall - US Department of State #url# </document>
    <document> united states and angola: insight into an important strategic partnership - united states department of state #url# </document>
    <document> Mysterious "fast radio bursts" from deep space repeat every 16 days </document>
    <document> is belgium heading towards new elections? #url# </document>
    <document> French reforms: why France is resisting Macron's push on pensions - bbc news #url# </document>
    <document> brexit: france warns uk of tough trade talks - bbc news #url# </document>
    <document> the Celtic barber – unpacking my bottom drawer #url# </document>
    <document> read Liz Vicious newspaper ▸ #url# </document>
    <document> German president criticizes us at Munich conference #url# </document>
    <document> budget, zuckerberg, hairy and cayman islands this week #url# </document>
    <document>senate prepares to fight over impeachment whistleblower testimony</document>
    <document> serbia and cuba strengthen relationship #url# </document>
    <document> egg freezing: what is the success rate? - bbc news #url# </document>
    <document> star city adventure: check out first indian space crew training in russia — rt world news #url# </document>
    <document> 'a little excitement at no extra cost': Sanders jokes after topless anti-dairy protesters steal the show at neva... #url# </document>
    <document> lithuania national day - united states department of state #url# </document>
    <document> spacex delays launch of 60 starlink satellites due to rocket valve controls </document>
    <document>Blockade Continues Despite "Modest Progress" Made in Talks Between Federal Minister and Tyendinaga Mohawk</document>
    <document> European Parliament warns of data transfer risks due to UK immigration rules #url# </document>
    <document>candidates discuss eligibility, talk bloomberg as attention shifts to more different states</document>
    <document> local news, sports, business, politics, entertainment, travel, restaurants and opinions by location… #url# </document>
    <document> bne intellinews - serbia and kosovo agree to restore rail and highway connections #url# </document>
    <document>blue jays legend tony fernandez dies at 57 of stroke and kidney complications</document>
    <document> munich security conference: the UK has suffered from its absence </document>
    <document> live spaceship assembly at spacex boca chica sunday february 16 - youtube #url# </document>
    <document> what the eu can do for south sudan - right now #url# </document>
    <document>solar orbit launch on historic mission to study sun's poles</document>
    <document>spacex hires former head of NASA human spaceflight</document>
    <document> secretary michael r. Pompeo and Senegalese Economy Minister Amadou Hott at the signing of a Memorandum of Understanding… #url# </document>
    <document> nasa has a plan for annual artemis moon flights through 2030. the first could fly in 2021. </document>
    <document>federal government to bring Canadians home aboard quarantined cruise ship</document>
    <document> 3 cases of environmental dissidents cleared - true north #url# </document>
    <document> Ethiopian migrants making the desperate journey via Yemen to Saudi Arabia - reporters #url# </document>
    <document> the kurti government did not authorize the signing of two agreements with serbia - exit - explaining albania #url# </document>
    <document> furey: Most first nations support Canadian energy – true north #url# </document>
    <document> last best chance for donbas and peace in europe? #url# </document>
    <document> Mars breakthrough: UK-built plasma-fueled rocket could halve travel times to the red planet </document>
    <document> larks, chamois to be protected in ro </document>
    <document> scientists have just observed a new asteroid approaching Earth. then they saw his moon. </document>
    <document> when is the best time to visit banff, lake louise or jasper? </document>
    <document> outrage as Downing Street consultant advocates eugenics, mandatory birth control and giving children mind-altering drugs — rt… #url# </document>
    <document> Did you think biathlon was boring? meet dorothea wierer, the italian star driving fans crazy at the 2020 world championships… #url# </document>
    <document>net contributing countries reject EU budget plans #url# </document>
    <document> hypnogoria: hypnogoria 138 - a history of horror video games part i #url# </document>