 
      <document> rt #user#: #hashtag# is a trending music #hashtag# #hashtag# #hashtag# #hashtag# #hashtag# #url# </document>
    <document> harlem’s fashion row honors dapper dan, misa hylton and april walker as black pioneers in fashion… #url# </document>
    <document> kelis: kaleidoscope 20th anniversary edition #url# #url# </document>
    <document> thanks for the retweet you’re awesome </document>
    <document> nba celebrity game 2020 results: rapper common captures mvp in 62-47 win for team wilbon #url# </document>
    <document> terrace martin expels on the troubles of love in single &amp; visual “beige” #url# grammy-nominated r… #url# </document>
    <document> turbotax’s super bowl ad serves a rap video about taxes #url# </document>
    <document> breaking down bigklit’s riot rap in 5 songs #url# </document>
    <document> become a member today on #url# #hashtag# #hashtag# #hashtag# #hashtag# #hashtag# #hashtag#… #url# </document>
    <document> meek mill, john legend lead moving tribute to nipsey hussle #url# </document>
    <document> the 41 worst video game movies of all time, ranked #url# </document>
    <document> 5 grammys that went to the wrong people this year — sorry #url# </document>
    <document> rob ickes and trey henley expand upon their roots with a heavy dose of the blues #url# rob ickes… #url# </document>
    <document> tune in every friday at 9pm est to da new new show right here on #url# #hashtag# #hashtag# #hashtag#… #url# </document>
    <document> elon musk is a soundcloud rapper now, in 2020’s weirdest twist #url# </document>
    <document> rt #user#: i just felt like re-tweeting this. gayle or oprah would never. </document>
    <document> watch halsey perform ‘manic’ songs, ‘slow’ r&amp;b parody on ‘snl’ #url# </document>
    <document> morrissey mulls chaos and strife in ‘love is on its way out’ #url# </document>
    <document> usher emulates prince during randomly timed grammys tribute #url# </document>
    <document> a sneak peek at our iwd summit series with mira leung #url# </document>
    <document> chris brown &amp; drake’s ‘no guidance’ smashes r&amp;b/hip-hop airplay chart record #url# #url# </document>
    <document> cardo links with larry june and payroll giovanni for ‘game related’ #url# </document>
    <document> there’s a perfectly good reason a switch was on stage at the grammys last night #url# </document>
    <document> 14 new rap and r&amp;b songs out this week #url# #url# </document>
    <document> alessia cara and tory lanez lead the 2020 juno nominations #url# #url# </document>
    <document> the grammys are here: what to expect on music’s big night #url# </document>
    <document> phony ppl enlist megan thee stallion for new single “fkn around” #url# </document>
    <document> shoutout to our fans we have new music and video content on the way thank for being a #hashtag# #hashtag# #hashtag#… #url# </document>
    <document> the oscars’ performative attempt to make up for its snubs #url# </document>
    <document> tyler, the creator calls igor’s best rap album win a “backhanded compliment” #url# </document>
    <document> rt #user#: you got trouble boy?! #hashtag# #url# </document>
    <document> grammys 2020 nipsey hussle tribute: yg, meek mill, john legend, dj khaled, roddy ricch perform “higher,” more #url# </document>
    <document> hey music artists checkout #url# we play up and coming artist music and music videos #hashtag#… #url# </document>
    <document> 9 shot, 2 fatally, in ambush at music video filming, official says #url# he described the victims… #url# </document>
    <document> here are the 2020 grammy winners #url# </document>
    <document> cloud covered: what was new with google cloud in january #url# </document>
    <document> constitution of india vs. narendra modi #url# the articulation of constitutional rights and value… #url# </document>
    <document> pandora introduces fluent: speaking the international language of r&amp;b #url# </document>
    <document> grammys 2020: billie eilish an early winner as kobe bryant death overshadows awards ceremony #url# </document>
    <document> rt #user#: march cover star #user#’s irresistible brand of dreamy, macabre anti-pop has made her into a new kind of hit make… </document>
    <document> how i get it done: r&amp;b star macy gray #url# #url# </document>
    <document> medical examiner: st. paul rap and r&amp;b artist lexii alijah died of fentanyl, ethanol toxicity #url# </document>
    <document> drake discusses whether pusha t went too far in their rap battle #url# drake did not take christm… #url# </document>
    <document> tune in every friday at 9pm est to da new new show right here on #url# #hashtag# #hashtag# #hashtag#… #url# </document>
    <document> tinashe finds shelter from ‘stormy weather’ in her latest video #url# &lt;div _ngcontent-c17="" inne… #url# </document>
    <document> neuroscience and music: insights from drummers’ brains #url# parents often encourage their kids t… #url# </document>
    <document> your complete guide to february 2020 events in seattle #url# #url# </document>
    <document> how henry ford, who published racist diatribes against jazz, helped popularize the sound of jazz and r&amp;b… #url# </document>
    <document> drake &amp; future reconnect for new track “desires” #url# #url# </document>
    <document> jay-z shares favorite songs of 2019: kanye west, dababy, summer walker &amp; more #url# with 2019 soo… #url# </document>
    <document> #user# #user# #user# first of malcolm x fathers as murder second the state stole him and his… #url# </document>
    <document> caffeine inks exclusive agreement with drake preps ultimate rap league for launch #url# </document>
    <document> mozzy takes us on a trip to oak park, illinois for “big homie from the hood” video #url# mozzy ha… #url# </document>
    <document> the 5 best songs of the week, from joji to kamaiyah #url# </document>
    <document> 6 new albums you should listen to now: tame impala, katie gately, ymusic, and more #url# </document>
    <document> song you need to know: prince royce, ‘cita’ #url# </document>
    <document> the best music shows this week #url# #url# </document>
    <document> caa protests find the support of chennai’s rappers #url# </document>
    <document> lady cuts her babies hair to get back a baby's father. #hashtag# #hashtag# #hashtag# #hashtag# #hashtag#… #url# </document>
    <document> adidas and mls’s forward25 collection celebrates 25 years of partnership #url# #url# </document>
    <document> prospective harvard applicant gets deferred and promptly makes a rap video demanding they let him in #url# </document>
    <document> iamddb shares silky smooth ‘kare package’ ep #url# iamddb has risen to the forefront of the uk’s… #url# </document>
    <document> orion sun survives a lonely post-apocalyptic world in her “coffee for dinner” music video #url# </document>
    <document> h.e.r. and skip marley perform seamless rendition of “slow down” on ‘the tonight show’ #url# </document>
    <document> checkout what e3 da beast had to say about gayle king #url# #hashtag# #hashtag# #hashtag# #hashtag# </document>
    <document> lead singer of #hashtag# #hashtag# talks about being with young girls ages ranging from 11-17… #url# </document>
    <document> 16 new rap and r&amp;b songs out this week #url# #url# </document>
    <document> gayle king says she is ‘very angry’ over cbs’ promotion of her kobe bryant interview question #url# </document>
    <document> shoutout to our fans we have new music and video content on the way thank for being a #hashtag# #hashtag# #hashtag#… #url# </document>
    <document> trailer tuesday – take dracula gardening #url# </document>
    <document> #user# this exist omfg lmao my childhood just got 💯 boost </document>
    <document> stream fly anakin’s new album at the end of the day #url# </document>
    <document> that right we play up and coming artists music and music videos hit is up at music#user#.net #hashtag# #hashtag#… #url# </document>
    <document> that right we play up and coming artists music and music videos hit is up at music#user#.net #hashtag# #hashtag#… #url# </document>
    <document> tyler, the creator calls his grammy win a “backhanded compliment” #url# </document>
    <document> watch charlie wilson perform ‘forever valentine’ on ‘kimmel’ #url# </document>
    <document> hey music artists checkout #url# we play up and coming artist music and music videos #hashtag#… #url# </document>
    <document> in protesting climate change, jane fonda brings hollywood to washington #url# turning to ms. toml… #url# </document>
    <document> drake had harsh words for pusha-t during his explosive ‘rap radar’ interview #url# drake recently… #url# </document>
    <document> the playful propaganda of “the history of ukraine” #url# </document>
    <document> watch stormzy prep for glastonbury in ‘do better’ video #url# stormzy has dropped a music video f… #url# </document>
    <document> seattle’s broadway at the paramount 2020/2021 season was just announced #url# #url# </document>
    <document> the internet is loving this rap about voting #url# </document>
    <document> why tulsa might be the next austin #url# #url# </document>
    <document> diddy rips in fiery speech… #url# </document>
    <document> ""...⠀⠀⠀ "hey #hashtag# get your #hashtag# on #url# we play the hottest from new up and co… #url# </document>
    <document> nas, dmx, gang starr &amp; the lox to lead “gods of rap ii tour” #url# </document>
    <document> meet superm, the k-pop supergroup that skyrocketed to the top of the billboard charts #url# </document>
    <document> dvsn and future share “no cryin” video #url# toronto r&amp;b duo dvsn switched up their sound on thei… #url# </document>
    <document> d’angelo’s ‘voodoo’ at 20: artists reflect on the greatest neo-soul album ever made #url# #url# </document>
    <document> the 40 worst video game movies of all time, ranked #url# </document>
    <document> grammy awards 2020: complete winners list #url# </document>
    <document> ‘dreams come true’! nct 127 drop new video with jungwoo &amp; announce ‘neo zone’ album for ‘nct day’… #url# </document>
    <document> #url# is looking for you. i would like to ask you when you have time to check it out and also sig… #url# </document>
    <document> tyler, the creator responded to someone on twitter who told him he’d never win a grammy 9 years ago #url# </document>
    <document> we here at #url# would to wish trayvon martin a happy 25th birthday #hashtag# #hashtag#… #url# </document>
    <document> a boogie wit da hoodie releasing his new album this week #url# </document>
    <document> drake just signed a multiyear deal to produce rap battles on a live-streaming platform #url# </document>
    <document> william jackson harper has one last good place lesson in the form of chidi’s full kierkegaard rap #url# </document>
    <document> see all the winners of the 2020 grammy awards #url# </document>
    
<document> rt #user#: #hashtag# is a trending music #hashtag# #hashtag# #hashtag# #hashtag# #hashtag# #url# </document>
    <document> Harlem's fashion row honors dapper dan, misa hylton and april walker as black pioneers in fashion... #url# </document>
    <document> kelis: kaleidoscope 20th Anniversary Edition #url# #url# </document>
    <document> thanks for the retweet, you are awesome </document>
    <document> NBA Celebrity Game 2020 Results: Rapper Common Conquers MVP In 62-47 Victory For Team Wilbon #url# </document>
    <document> terrasse martin spreads about the passion of love in single &amp; visually "beige" #url# Grammy-nominated R… #url# </document>
    <document> Turbotax's Super Bowl ad features a rap video about controls #url# </document>
    <document> breaks down Bigklit's riot rap into 5 songs #url# </document>
    <document> join today at #url# #hashtag# #hashtag# #hashtag# #hashtag# #hashtag# #hashtag#… #url# </document>
    <document> Gentle Mill, John Legend conducted a moving tribute to Nipsey Hussle #url# </document>
    <document> the 41 worst video game movies of all time, ranked #url# </document>
    <document> 5 Grammys that went to the wrong people this year - sorry #url# </document>
    <document> rob ickes and trey henley extend their roots with a heavy dose of blues #url# rob ickes… #url# </document>
    <document> Tune in every Friday at 9pm to catch the new show right here at #url# #hashtag# #hashtag# #hashtag#… #url# </document>
    <document> Elon Musk is now a Soundcloud rapper, in the weirdest twist of 2020 #url# </document>
    <document> rt #user#: I was about to retweet that. Gayle or Oprah would never do that. </document>
    <document> watch Halsey perform "manic" songs and "slow" R&amp;B parody on "snl" #url# </document>
    <document> Morrissey muses on chaos and strife in Love Is On the Way Out #url# </document>
    <document> Usher emulates Prince during randomly timed Grammys tribute #url# </document>
    <document> a little foretaste of our iwd summit series with mira leung #url# </document>
    <Document> Chris Brown &amp; Drake's "No Guidance" Breaks R&amp;B/Hip-Hop Airplay Chart Record #url# #url# </document>
    <document> Cardo links with Larry June and Payroll Giovanni for "game related" #url# </document>
    <document> There's a good reason why a Switch took the stage at last night's Grammys #url# </document>
    <document> 14 new rap and r&amp;b songs this week #url# #url# </document>
    <document> Alessia Cara and Tory Lanez lead the 2020 Juno nominations #url# #url# </document>
    <document> the grammys are here: what to expect at the big night of music #url# </document>
    <document> phony ppl hires Megan thee stallion for new single "fkn around" #url# </document>
    <document> Greetings to our fans, we have new music and video content on the way, thanks for being a #hashtag# #hashtag# #hashtag#… #url# </document>
    <document> the Oscars' performative attempt to redeem their snubs #url# </document>
    <document> Tyler the creator calls Igor's best rap album an "awkward compliment" #url# </document>
    <document> rt #user#: Do you have the troublemaker?! #Hashtag# #URL# </document>
    <document> grammys 2020 nipsey hussle tribute: yg, meek mill, john legend, dj khaled, roddy ricch perform "higher", more #url# </document>
    <document> Hey music artists checkout #url# we play new and upcoming artist music and music videos #hashtag#… #url# </document>
    <document> 9 shots, 2 fatal, in ambush while filming music video, officer says #url# he described victims... #url# </document>
    <document> here are the 2020 Grammy winners #url# </document>
    <document> Cloud Covered: What was new in Google Cloud in January #url# </document>
    <document> Constitution of India vs. Narendra Modi #url# the articulation of constitutional rights and values… #url# </document>
    <document> pandora introduces fluently: speaking international language of r&amp;b #url# </document><document> Grammys 2020: Billie Eilish an early winner as death of Kobe Bryant mars the awards show #url# </document>
    <document> rt #user#: March cover star #user#'s irresistible brand of dreamy, macabre anti-pop has propelled her into a new breed of hit brand... </document>
    <document> how i do it: r&b star macy gray #url# #url# </document>
    <Document> Coroner: st. Paul Rap and R&B artist Lexii Alijah died from fentanyl ethanol toxicity #url# </document>
    <document> drake discusses if Pusha t went too far in her rap battle #url# drake did not take christm… #url# </document>
    <document> Tune in every Friday at 9pm to catch the new show right here at #url# #hashtag# #hashtag# #hashtag#… #url# </document>
    <document> tinashe finds shelter from "stormy weather" in her latest video #url# &lt;div _ngcontent-c17="" ... #url# </document>.
    <document> Neuroscience and music: Insights from the brains of drummers #url# Parents often encourage their children to… #url# </document>
    <document> Your complete guide to February 2020 events in Seattle #url# #url# </document>
    <document> how Henry Ford, who published racist diatribes against jazz, helped popularize the sound of jazz and R&amp;B... #url# </document>
    <Document> Drake &amp; Future reconnection for new track “desires” #url# #url# </document>
    <Document> jay-z shares favorite songs of 2019: kanye west, dababy, summer walker &amp; more #url# with 2019 soo… #url# </document>
    <document> #user# #user# #user# first Malcolm x fathers as murder second the state stole him and his… #url# </document>
    <document> Caffeine Inks exclusive agreement with Drake sets the stage for the launch of the ultimate rap league #url# </document>
    <document> Mozzy takes us on a trip to Oak Park, Illinois for the Big Homie from the Hood video #url# mozzy ha… #url# </document>
    <document> the 5 best songs of the week, from Joji to Kamaiyah #url# </document>
    <document> 6 new albums to listen to now: tame impala, katie gately, ymusic and more #url# </document>
    <document> Song you need to know: Prince Royce, 'cita' #url# </document>
    <document> this week's best music shows #url# #url# </document>
    <document> CAA protests find support from Chennai rappers #url# </document>
    <Document> Lady cuts her baby's hair to get a baby's father back. #hashtag# #hashtag# #hashtag# #hashtag# #hashtag#… #url# </document>
    <document> The forward25 collection from adidas and mls celebrates 25 years of partnership #url# #url# </document>
    <document> potential Harvard applicant is put on hold and promptly makes a rap video demanding they let him in #url# </document>
    <document> iamddb shares silky smooth "kare package" ep #url# iamddb has risen to the top of the UK... #url# </document>
    <document> orion sun survives a lonely post-apocalyptic world in their music video "Coffee for Dinner" #url# </document>
    <document> h.e.r. and skip marley seamlessly play "slow down" in "the tonight show" #url# </document>
    <document> check out what e3 da beast had to say about gayle king #url# #hashtag# #hashtag# #hashtag# #hashtag# </document>
    <document> Lead singer of #hashtag# #hashtag# talks about being with young girls ages 11-17... #url# </document>
    <document> 16 new rap and R&amp;B songs out this week #url# #url# </document>
    <document> gayle king says she is "very upset" by the cbs promotion of her Kobe Bryant interview question #url# </document>
    <document> Greetings to our fans, we have new music and video content on the way, thanks for being a #hashtag# #hashtag# #hashtag#… #url# </document>
    <document> Trailer Tuesday - take Dracula Gardening #url# </document>
    <document> #user# that exists omfg lmao my childhood just got a 💯 boost </document>
    <document> stream Fly Anakin's new album #url# </document> at the end of the day
    <document> that we play emerging and upcoming artist music and music videos that mattermusic#user#.net #hashtag# #hashtag#… #url# </document>
    <document> To find out that we play music and music videos from up and coming artists, visit music#user#.net #hashtag# #hashtag#… #url# </document>
    <document> tyler, the creator calls his Grammy win a "sneaky compliment" #url# </document>
    <document> watch Charlie Wilson perform "Forever Valentine" on "kimmel" #url# </document>
    <document> Hey music artists checkout #url# we play new and upcoming artist music and music videos #hashtag#… #url# </document>
    <document> Jane Fonda brings Hollywood to Washington to protest climate change. #url# addresses ms. toml… #url# </document>
    <document> Drake had thrown harsh words at Pusha-t during his explosive "Rap Radar" interview #url# drake recently... #url# </document>
    <document> playful propaganda of “History of Ukraine” #url# </document>
    <document> Watch Stormzy prepare for Glastonbury in the Do Better video #url# Stormzy has released a music video for… #url# </document>
    <document> Seattle's Broadway for the 2020/2021 Paramount season has just been announced #url# #url# </document>
    <document> the internet loves this rap about voting #url# </document>
    <document> why Tulsa could be the next Austin #url# #url# </document>
    <document> tears Diddy in fiery language… #url# </document>
    <document> ""...⠀⠀⠀ "hey #hashtag# get your #hashtag# on #url# we'll play the hottest new one and co... #url# </document>
    <document> nas, dmx, gang starr &amp; the lox lead the gods of rap ii tour #url# </document>
    <document> Meet Superm, the K-pop supergroup that rocketed to #url# </document> on the Billboard charts
    <document> dvsn and future share 'no cryin' video #url# Toronto R&amp;B duo dvsn changed the sound to... #url# </document>
    <document> d'Angelo's "Voodoo" at 20: Artists reflect on the greatest neo-soul album of all time #url# #url# </document>
    <document> the 40 worst video game movies of all time, ranked #url# </document>
    <document> grammy awards 2020: full list of winners #url# </document>
    <Document> "Dreams come true"! nct 127 new video with jungwoo &amp; announce neo zone album for nct day... #url# </document>
    <document> #url# is looking for you. I would like to ask when you have time to look at it and also sign it... #url# </document>
    <document> tyler, the creator replied to someone on twitter who told him 9 years ago that he would never win a Grammy #url# </document>
    <document> we here at #url# wish trayvon martin a happy 25th birthday #hashtag# #hashtag#… #url# </document>
    <document> a boogie wit da hoodie releases his new album #url# </document> this week
    <document> Drake has just signed a multi-year deal to produce rap battles on a live streaming platform #url# </document>
    <document> william jackson harper has one last good lesson in the form of Chidi's full Kierkegaard rap #url# </document>
    <document> see all 2020 Grammy Awards winners at #url# </document> 
      <document> rt #user#: #hashtag# is a trending music #hashtag# #hashtag# #hashtag# #hashtag# #hashtag# #url# </document>
    <document> harlem’s fashion row honors dapper dan, misa hylton and april walker as black pioneers in fashion… #url# </document>
    <document> kelis: kaleidoscope 20th anniversary edition #url# #url# </document>
    <document> thanks for the retweet you’re awesome </document>
    <document> nba celebrity game 2020 results: rapper common captures mvp in 62-47 win for team wilbon #url# </document>
    <document> terrace martin expels on the troubles of love in single &amp; visual “beige” #url# grammy-nominated r… #url# </document>
    <document> turbotax’s super bowl ad serves a rap video about taxes #url# </document>
    <document> breaking down bigklit’s riot rap in 5 songs #url# </document>
    <document> become a member today on #url# #hashtag# #hashtag# #hashtag# #hashtag# #hashtag# #hashtag#… #url# </document>
    <document> meek mill, john legend lead moving tribute to nipsey hussle #url# </document>
    <document> the 41 worst video game movies of all time, ranked #url# </document>
    <document> 5 grammys that went to the wrong people this year — sorry #url# </document>
    <document> rob ickes and trey henley expand upon their roots with a heavy dose of the blues #url# rob ickes… #url# </document>
    <document> tune in every friday at 9pm est to da new new show right here on #url# #hashtag# #hashtag# #hashtag#… #url# </document>
    <document> elon musk is a soundcloud rapper now, in 2020’s weirdest twist #url# </document>
    <document> rt #user#: i just felt like re-tweeting this. gayle or oprah would never. </document>
    <document> watch halsey perform ‘manic’ songs, ‘slow’ r&amp;b parody on ‘snl’ #url# </document>
    <document> morrissey mulls chaos and strife in ‘love is on its way out’ #url# </document>
    <document> usher emulates prince during randomly timed grammys tribute #url# </document>
    <document> a sneak peek at our iwd summit series with mira leung #url# </document>
    <document> chris brown &amp; drake’s ‘no guidance’ smashes r&amp;b/hip-hop airplay chart record #url# #url# </document>
    <document> cardo links with larry june and payroll giovanni for ‘game related’ #url# </document>
    <document> there’s a perfectly good reason a switch was on stage at the grammys last night #url# </document>
    <document> 14 new rap and r&amp;b songs out this week #url# #url# </document>
    <document> alessia cara and tory lanez lead the 2020 juno nominations #url# #url# </document>
    <document> the grammys are here: what to expect on music’s big night #url# </document>
    <document> phony ppl enlist megan thee stallion for new single “fkn around” #url# </document>
    <document> shoutout to our fans we have new music and video content on the way thank for being a #hashtag# #hashtag# #hashtag#… #url# </document>
    <document> the oscars’ performative attempt to make up for its snubs #url# </document>
    <document> tyler, the creator calls igor’s best rap album win a “backhanded compliment” #url# </document>
    <document> rt #user#: you got trouble boy?! #hashtag# #url# </document>
    <document> grammys 2020 nipsey hussle tribute: yg, meek mill, john legend, dj khaled, roddy ricch perform “higher,” more #url# </document>
    <document> hey music artists checkout #url# we play up and coming artist music and music videos #hashtag#… #url# </document>
    <document> 9 shot, 2 fatally, in ambush at music video filming, official says #url# he described the victims… #url# </document>
    <document> here are the 2020 grammy winners #url# </document>
    <document> cloud covered: what was new with google cloud in january #url# </document>
    <document> constitution of india vs. narendra modi #url# the articulation of constitutional rights and value… #url# </document>
    <document> pandora introduces fluent: speaking the international language of r&amp;b #url# </document>
    <document> grammys 2020: billie eilish an early winner as kobe bryant death overshadows awards ceremony #url# </document>
    <document> rt #user#: march cover star #user#’s irresistible brand of dreamy, macabre anti-pop has made her into a new kind of hit make… </document>
    <document> how i get it done: r&amp;b star macy gray #url# #url# </document>
    <document> medical examiner: st. paul rap and r&amp;b artist lexii alijah died of fentanyl, ethanol toxicity #url# </document>
    <document> drake discusses whether pusha t went too far in their rap battle #url# drake did not take christm… #url# </document>
    <document> tune in every friday at 9pm est to da new new show right here on #url# #hashtag# #hashtag# #hashtag#… #url# </document>
    <document> tinashe finds shelter from ‘stormy weather’ in her latest video #url# &lt;div _ngcontent-c17="" inne… #url# </document>
    <document> neuroscience and music: insights from drummers’ brains #url# parents often encourage their kids t… #url# </document>
    <document> your complete guide to february 2020 events in seattle #url# #url# </document>
    <document> how henry ford, who published racist diatribes against jazz, helped popularize the sound of jazz and r&amp;b… #url# </document>
    <document> drake &amp; future reconnect for new track “desires” #url# #url# </document>
    <document> jay-z shares favorite songs of 2019: kanye west, dababy, summer walker &amp; more #url# with 2019 soo… #url# </document>
    <document> #user# #user# #user# first of malcolm x fathers as murder second the state stole him and his… #url# </document>
    <document> caffeine inks exclusive agreement with drake preps ultimate rap league for launch #url# </document>
    <document> mozzy takes us on a trip to oak park, illinois for “big homie from the hood” video #url# mozzy ha… #url# </document>
    <document> the 5 best songs of the week, from joji to kamaiyah #url# </document>
    <document> 6 new albums you should listen to now: tame impala, katie gately, ymusic, and more #url# </document>
    <document> song you need to know: prince royce, ‘cita’ #url# </document>
    <document> the best music shows this week #url# #url# </document>
    <document> caa protests find the support of chennai’s rappers #url# </document>
    <document> lady cuts her babies hair to get back a baby's father. #hashtag# #hashtag# #hashtag# #hashtag# #hashtag#… #url# </document>
    <document> adidas and mls’s forward25 collection celebrates 25 years of partnership #url# #url# </document>
    <document> prospective harvard applicant gets deferred and promptly makes a rap video demanding they let him in #url# </document>
    <document> iamddb shares silky smooth ‘kare package’ ep #url# iamddb has risen to the forefront of the uk’s… #url# </document>
    <document> orion sun survives a lonely post-apocalyptic world in her “coffee for dinner” music video #url# </document>
    <document> h.e.r. and skip marley perform seamless rendition of “slow down” on ‘the tonight show’ #url# </document>
    <document> checkout what e3 da beast had to say about gayle king #url# #hashtag# #hashtag# #hashtag# #hashtag# </document>
    <document> lead singer of #hashtag# #hashtag# talks about being with young girls ages ranging from 11-17… #url# </document>
    <document> 16 new rap and r&amp;b songs out this week #url# #url# </document>
    <document> gayle king says she is ‘very angry’ over cbs’ promotion of her kobe bryant interview question #url# </document>
    <document> shoutout to our fans we have new music and video content on the way thank for being a #hashtag# #hashtag# #hashtag#… #url# </document>
    <document> trailer tuesday – take dracula gardening #url# </document>
    <document> #user# this exist omfg lmao my childhood just got 💯 boost </document>
    <document> stream fly anakin’s new album at the end of the day #url# </document>
    <document> that right we play up and coming artists music and music videos hit is up at music#user#.net #hashtag# #hashtag#… #url# </document>
    <document> that right we play up and coming artists music and music videos hit is up at music#user#.net #hashtag# #hashtag#… #url# </document>
    <document> tyler, the creator calls his grammy win a “backhanded compliment” #url# </document>
    <document> watch charlie wilson perform ‘forever valentine’ on ‘kimmel’ #url# </document>
    <document> hey music artists checkout #url# we play up and coming artist music and music videos #hashtag#… #url# </document>
    <document> in protesting climate change, jane fonda brings hollywood to washington #url# turning to ms. toml… #url# </document>
    <document> drake had harsh words for pusha-t during his explosive ‘rap radar’ interview #url# drake recently… #url# </document>
    <document> the playful propaganda of “the history of ukraine” #url# </document>
    <document> watch stormzy prep for glastonbury in ‘do better’ video #url# stormzy has dropped a music video f… #url# </document>
    <document> seattle’s broadway at the paramount 2020/2021 season was just announced #url# #url# </document>
    <document> the internet is loving this rap about voting #url# </document>
    <document> why tulsa might be the next austin #url# #url# </document>
    <document> diddy rips in fiery speech… #url# </document>
    <document> ""...⠀⠀⠀ "hey #hashtag# get your #hashtag# on #url# we play the hottest from new up and co… #url# </document>
    <document> nas, dmx, gang starr &amp; the lox to lead “gods of rap ii tour” #url# </document>
    <document> meet superm, the k-pop supergroup that skyrocketed to the top of the billboard charts #url# </document>
    <document> dvsn and future share “no cryin” video #url# toronto r&amp;b duo dvsn switched up their sound on thei… #url# </document>
    <document> d’angelo’s ‘voodoo’ at 20: artists reflect on the greatest neo-soul album ever made #url# #url# </document>
    <document> the 40 worst video game movies of all time, ranked #url# </document>
    <document> grammy awards 2020: complete winners list #url# </document>
    <document> ‘dreams come true’! nct 127 drop new video with jungwoo &amp; announce ‘neo zone’ album for ‘nct day’… #url# </document>
    <document> #url# is looking for you. i would like to ask you when you have time to check it out and also sig… #url# </document>
    <document> tyler, the creator responded to someone on twitter who told him he’d never win a grammy 9 years ago #url# </document>
    <document> we here at #url# would to wish trayvon martin a happy 25th birthday #hashtag# #hashtag#… #url# </document>
    <document> a boogie wit da hoodie releasing his new album this week #url# </document>
    <document> drake just signed a multiyear deal to produce rap battles on a live-streaming platform #url# </document>
    <document> william jackson harper has one last good place lesson in the form of chidi’s full kierkegaard rap #url# </document>
    <document> see all the winners of the 2020 grammy awards #url# </document>
    
<document> rt #user#: #hashtag# is trending music #hashtag# #hashtag# #hashtag# #hashtag# #hashtag# #url# </document>
    <document> Harlem fashion quarrel honors dapper dan, misa hylton and april walker as black fashion pioneers... #url# </document>
    <document> kelis: kaleidoscope 20th anniversary edition #url# #url# </document>
    <document> thanks for the retweet you are awesome </document>
    <document> NBA celebrity game 2020 results: rapper common captures mvp in 62-47 win for team wilbon #url# </document>
    <document> terrace martin expels on the problems of love in single &amp; visual "beige" Grammy nominated #url# r… #url# </document>
    <document> Turbotax Super Bowl Ad Showcases Rap Video About Taxes #url# </document>
    <document> analyzing bigklit's riot rap in 5 songs #url# </document>
    <document> become a member today at #url# #hashtag# #hashtag# #hashtag# #hashtag# #hashtag# #hashtag#… #url# </document>
    <document> meek mill, john legend leads moving tribute to nipsey hussle #url# </document>
    <document> the 41 worst video game movies of all time, ranked #url# </document>
    <document> 5 Grammys that went to the wrong people this year — sorry #url# </document>
    <document> rob ickes and trey henley expand their roots with a heavy dose of blues #url# rob ickes… #url# </document>
    <document> Tune in every Friday at 9pm EST for a fresh new show right here at #url# #hashtag# #hashtag# #hashtag#… #url# </document>
    <document> elon musk is a soundcloud rapper now, in the strangest twist of 2020 #url# </document>
    <document> rt #user#: I felt like retweeting this. gayle or oprah would never do that. </document>
    <document> watch Halsey perform "manic" songs, "slow" r&amp;b parody on 'snl' #url# </document>
    <document> morrissey mulls chaos and strife in "Love Is About to End" #url# </document>
    <document> the usher emulates the prince during the random Grammy tribute #url# </document>
    <document> a preview of our iwd summit series with mira leung #url# </document>
    <document> chris brown &amp; Drake's "No Guidance" Breaks R&amp;B/Hip-Hop Airplay Chart Record #url# #url# </document>
    <document> link cardo with larry june and payroll giovanni for "game related" #url# </document>
    <document>there's a perfectly good reason why a scene change was held at the Grammys last night #url# </document>
    <document> 14 new rap and r&amp;b songs coming out this week #url# #url# </document>
    <document> alessia cara and tory lanez lead the nominations for june 2020 #url# #url# </document>
    <document> the Grammys have arrived: what to expect from the great night of music #url# </document>
    <document> phony ppl enlists megan thee stallion for new single "fkn around" #url# </document>
    <document> thanks to our fans we have new music and video content coming soon thanks for being a #hashtag# #hashtag# #hashtag#… #url# </document>
    <document> the performative attempt of the oscars to compensate for its snubs #url# </document>
    <document> tyler, creator names igor's best rap album win "backhanded compliment" #url# </document>
    <document> rt #user#: are you having problems boy?! #hashtag# #url# </document>
    <document> grammy tribute 2020 nipsey hussle: yg, meek mill, john legend, dj khaled, roddy ricch perform "higher", more #url# </document>
    <document> hey music artists checkout #url# we play music and music videos from upcoming artists #hashtag#… #url# </document>
    <document> 9 Gunshots, 2 Fatal, Lurking During Music Video Shoot, Official Says #url# He Described Victims... #url# </document>
    <document> here are the 2020 Grammy winners #url# </document>
    <document> cloud coverage: Google Cloud news in January #url# </document>
    <document> constitution of india vs. narendra modi #url# the articulation of constitutional rights and value… #url# </document>
    <document> pandora introduces fluency: speaking the international language of r&amp;b #url# </document><document> Grammy 2020: Billie Eilish among the first winners as the death of Kobe Bryant overshadows the awards ceremony #url# </document>
    <document> rt #user#: March cover star #user#'s irresistible brand of dreamy, macabre anti-pop has turned her into a new kind of hit... </document>
    <document> how do i do it: r&amp;b star macy gray #url# #url# </document>
    <document> coroner: st. paul, rap and r&amp;b artist, lexii alijah, died of fentanyl, ethanol toxicity #url# </document>
    <document> drake discusses whether pusha t went too far in their rap battle #url# drake didn't accept christm… #url# </document>
    <document> Tune in every Friday at 9pm EST for a fresh new show right here at #url# #hashtag# #hashtag# #hashtag#… #url# </document>
    <document> tinashe finds shelter from the "storm" in her latest video #url# &lt;div _ngcontent-c17="" inne… #url# </document>
    <document> Neuroscience and Music: Insights from the Brains of Drummers #url# Parents often encourage their children to t… #url# </document>
    <document> your complete guide to February 2020 events in seattle #url# #url# </document>
    <document> how henry ford, who published racist diatribes against jazz, helped popularize the sound of jazz and r&amp;b... #url# </document>
    <document> drake &amp; future reconnection for new track "want" #url# #url# </document>
    <document> jay-z shares favorite songs of 2019: kanye west, dababy, summer walker &amp; more #url# with 2019 soo… #url# </document>
    <document> #user# #user# #user# before Malcolm x Fathers as murder then the state stole him and his… #url# </document>
    <document> Caffeine signs an exclusive deal with Drake preparing the latest rap league for launch #url# </document>
    <document> mozzy takes us on a field trip to Oak Park, Illinois for the video for "Big Homie from the Hood" #url# mozzy has… #url# </document>
    <document> top 5 songs of the week, from joji to kamaiyah #url# </document>
    <document> 6 new albums you should listen to right now: tame impala, katie gately, ymusic and more #url# </document>
    <document> song you need to know: prince royce, 'quote' #url# </document>
    <document> the best music shows of this week #url# #url# </document>
    <document> CAA protests find support from Chennai rappers #url# </document>
    <document> the lady cuts her children's hair to get the father of a child back. #hashtag# #hashtag# #hashtag# #hashtag# #hashtag#… #url# </document>
    <document> The adidas and mls forward25 collection celebrates 25 years of partnership #url# #url# </document>
    <document> Harvard prospect gets deferred and promptly raps video asking to let him in #url# </document>
    <document> iamddb shares ep #url# of silky smooth "kare package" iamddb has risen to the forefront of the UK... #url# </document>
    <document> orion sun survives a lonely post-apocalyptic world in his music video "coffee for dinner" #url# </document>
    <document> h.e.r. and skip marley perform perfect rendition of "slow down" on "tonight's show" #url# </document>
    <document> check what e3 from beast had to say on gayle king #url# #hashtag# #hashtag# #hashtag# #hashtag# </document>
    <document> singer of #hashtag# #hashtag# talks about dating girls aged 11-17... #url# </document>
    <document> 16 new rap and r&amp;b songs coming out this week #url# #url# </document>
    <document> gayle king says she's "very upset" about cbs promoting her kobe bryant interview question #url# </document>
    <document> thanks to our fans we have new music and video content coming soon thanks for being a #hashtag# #hashtag# #hashtag#… #url# </document>
    <document> trailer Tuesday – get dracula gardening #url# </document>
    <document> #user# this exists omfg lmao my childhood just got 💯 push </document>
    <document> stream fly anakin's new album at the end of the day #url# </document>
    <document> that it's okay for us to play and music and music videos from emerging artists are on the waymusic#user#.net #hashtag# #hashtag#… #url# </document>
    <document> what good we play and emerging artists hit music and music videos is at music#user#.net #hashtag# #hashtag#… #url# </document>
    <document> tyler, creator calls his grammy win a "backhanded compliment" #url# </document>
    <document> watch charlie wilson perform "forever valentine" on "kimmel" #url# </document>
    <document> hey music artists checkout #url# we play music and music videos from upcoming artists #hashtag#… #url# </document>
    <document> in protest against climate change, jane fonda brings hollywood to dc #url# to ms. toml… #url# </document>
    <document> drake used harsh words for pusha-t during his explosive "rap radar" interview #url# drake recently... #url# </document>
    <document> the playful propaganda of the "history of Ukraine" #url# </document>
    <document> Watch Stormzy prepare for Glastonbury in 'Do It Better' video #url# Stormzy has released a music video f… #url# </document>
    <document> Seattle's Broadway for the 2020/2021 season has just been announced #url# #url# </document>
    <document> The Internet loves this rap about voting #url# </document>
    <document> because tulsa could be next austin #url# #url# </document>
    <document> Diddy rips off a fiery speech... #url# </document>
    <document> ""...⠀⠀⠀ "hey #hashtag# put your #hashtag# on #url# let's play the hottest new up and co… #url# </document>
    <document> nas, dmx, gang starr &amp; the lox leading the "rap gods ii tour" #url# </document>
    <document> meets superm, the k-pop supergroup that has skyrocketed the billboard charts #url# </document>
    <document> dvsn and future share video for "no cryin" #url# toronto r&amp;b duo dvsn changed their sound on i… #url# </document>
    <document> D'Angelo's "voodoo" at 20: artists reflect on greatest neo-soul album ever made #url# #url# </document>
    <document> the 40 worst video game movies of all time, ranked #url# </document>
    <document> Grammy Awards 2020: Full List of Winners #url# </document>
    <document> 'dreams come true'! nct 127 posts new video with jungwoo &amp; announce the album "neo zone" for "nct day"... #url# </document>
    <document> #url# is looking for you. I would like to ask when you have time to take a look and sign… #url# </document>
    <document> Tyler, the creator responded to someone on Twitter who told him he would never win a Grammy 9 years ago #url# </document>
    <document> We at #url# would like to wish trayvon martin a happy 25th birthday #hashtag# #hashtag#… #url# </document>
    <document> a boogie wit da hoodie releases his new album this week #url# </document>
    <document> drake just signed a multi-year deal to produce rap battles on a live streaming platform #url# </document>
    <document> william jackson harper has one last lesson in good stance in the form of chidi kierkegaard's full rap #url# </document>
    <document> see all 2020 Grammy Awards winners #url# </document>