   
	<document> rt #user#: when i’m hotboxing with my headphones on but song got a siren in it #url# </document>
		<document> swallowing mad pussy juice to die younger hours #url# </document>
		<document> rt #user#: the way that this film radiates comfort #url# </document>
		<document> #user# feel that we hitting the beach this summer i’m committed </document>
		<document> #user# you feel like life was breathed into u by the sun too? </document>
		<document> thank god for my friends. wouldnt have put it past fate to just give me none but i got lucky :) </document>
		<document> i’m the cool singer with frosted tips and this is you/your man honestly pathetic #url# </document>
		<document> this dude invented the concept of demon time fuck did george washington do again #url# </document>
		<document> rt #user#: me when it’s above 60° outside #url# </document>
		<document> i don’t online date and i don’t meet new people or i woulda got wife’d up by now. nah that’s definitely gotta be it </document>
		<document> feels like everyone is collectively unsatisfied with where they are in life, look at us go dude </document>
		<document> rt #user#: lover is a day #url# </document>
		<document> this is the most relatable image i’ve seen in years especially my twitter im pinning this #url# </document>
		<document> #user# but we aint giving up on you :). so reach out when you give up on giving up. it's real overrated anyway </document>
		<document> genderfluid ghost said put some respect on my fuckin people #url# </document>
		<document> all we can do is give our unfaltering support ✌🏼 </document>
		<document> #user# bout to be me and #user# on may 12th #user# </document>
		<document> rt #user#: brent faiyaz really makes music for any occasion. #url# </document>
		<document> go ahead and cancel him people #user# heard this </document>
		<document> "we're always talking about black excellence, lets talk about black mediocrity" -#user# literally 47 seconds ago </document>
		<document> i come bearing only the beat of my heart and the best of my intentions </document>
		<document> rt #user#: nightfall in kyoto #url# </document>
		<document> #user# but lord do i feel you </document>
		<document> #user# i don’t think any are pointless. just learning bout yourself along the way </document>
		<document> #user# #user# can i come with you if you go 🥺 </document>
		<document> #user# ok first of all my grandpa fell down the stairs second of all i ran over my dog backing out of the yard do not k me </document>
		<document> #user# i’m almost there </document>
		<document> rt #user#: if you aren't living you're dying #url# </document>
		<document> japan built different #url# </document>
		<document> rt #user#: march 1st 2020 vs march 1st 2021 #url# </document>
		<document> rt #user#: didn’t know i needed this #url# </document>
		<document> being single isn’t bad if you still have companionship, the lack of that is what makes people hunt relationships going nowhere </document>
		<document> rt #user#: 10 year old me watching the sadam hussein hanging on youtube #url# </document>
		<document> #user# as your biggest post core friend just make sure it’s 144 1ms response time i think l </document>
		<document> #user# yes my plan is finally coming into fruition.... </document>
		<document> rt #user#: they’ll hail you then nail you, no matter who you are. focus on the mission </document>
		<document> culturally i am not straight only legally </document>
		<document> less comfortable more interesting is the move, but like that kind of describes 2020 also and... </document>
		<document> another one 😨 #url# </document>
		<document> so you not rockin wit me nymore ? </document>
		<document> can’t even scroll twitter without having an ejac-attack these days </document>
		<document> bonus 4k footage i ended up just not sending to anyone because it came out vaguely yet disturbingly sexual #url# </document>
		<document> my sweet sweet son... thanks to some twitter person for making me impulse buy a stuffed charmander at 24 #url# </document>
		<document> the answer is clear and yet.....mammaries </document>
		<document> so this is hope....thank you stranger.... #url# </document>
		<document> no offense but if your room looks like this... #url# </document>
		<document> we are perpetually drawn to the past </document>
		<document> im tired of this same old shit 🥱😒 </document>
		<document> neckdeep overtook the story so far without question. way more artistic </document>
		<document> hbo max is kinda going crazy right now #hashtag# </document>
		<document> didn’t sleep last night #url# </document>
		<document> is this real? every day? #url# </document>
		<document> rt #user#: fuck godzilla and king kong i need throatzilla on my ding dong 😂💯 </document>
		<document> worse than mcgregor. coming out of this a changed man </document>
		<document> got traumatized tonight </document>
		<document> #user# start this netflix one blood zeus with me </document>
		<document> #user# so you’re just not gonna mention the bear? </document>
		<document> #user# love it, also just realized the top are all johnny depp and not random characters </document>
		<document> #user# i get lizard in a hawaiian shirt vibes from you essentially 😂😂 </document>
		<document> #user# 3a$y ..and i didn’t even watch rango lol </document>
		<document> #user# bro 😂 i literally didn’t even notice </document>
		<document> #user# this video turned my 3am frown upside down now i can rest in peace #url# </document>
		<document> rt #user#: kamala harris when she catches you with a dimebag of weed: #url# </document>
		<document> for the uninitiated i mean this in the literal best way possible it is such a moving/touching feel good show when shit gets real </document>
		<document> rt #user#: blew a nonbinary bitch’s back out now i got gender fluid all over my sheets </document>
		<document> just on the verge of tears rewatching my hero academia literally nothing unusual </document>
		<document> purchased this at lightning speed #url# </document>
		<document> dreams too deep got me losing sleep #url# </document>
		<document> rt #user#: "if you increase the minimum wage the cost of living will go up!" #url# </document>
		<document> rt #user#: u ever look in the mirror and be like why haven’t i experienced happiness in 7 years? 😂 </document>
		<document> as im watching two strong intriguing women fight brutally to the death, something has dawned on me. monogamy is... criminal </document>
		<document> #user# #user# i did not expect this to be such a controversial tweet 😂😂😂 his reply was fucking funny tho cmon #url# </document>
		<document> rt #user#: okk hold on i’m just finding out jane lynch and jamie lee curtis are two different people #url# </document>
		<document> never a bad time to be yourself </document>
		<document> #user# cant stand em </document>
		<document> i know i choose to be this way but being alone all the time suuuucks i wish i was just on a set course sometimes </document>
		<document> having grandparents was so nice cuz at least i could look to someone who had their shit together </document>
		<document> please god let me meet her #url# </document>
		<document> i dont even care that none of you are gonna find this funny youre seeing it #url# </document>
		<document> looks like im raging tonight </document>
		<document> rt #user#: every black person in america: #url# </document>
		<document> #user# that was the sweetest thing anyone’s ever said to me 🥲 </document>
		<document> this is so relatable </document>
		<document> rt #user#: i can’t believe i have to work to make money #url# </document>
		<document> me and the boys just moved into our new place and i already have placed a 108$ grubhub order, we’re not gonna last </document>
		<document> #user# 😔 poor baby. she will be stronger for it tho if that’s how it’s gotta be </document>
		<document> sorry astronomy girls but this you? #url# </document>
		<document> rt #user#: ugh i was born in the wrong generation&lt;/3 #url# </document>
		<document> #user# 😂 we struggle together </document>
		<document> #user# but i hate beans </document>
		<document> joke about being down bad but i’m eating microwaved hannaford brand enchiladas for brunch so remember some people really go through it </document>
		<document> rt #user#: police holding that line giggling like "omg seriously don't" </document>
		<document> to all of the hating ass bitches in my dms complaining about my tweet quality #url# </document>
		<document> okay one of these things is a lie big whoop wanna fight about it? </document>
		<document> mad good 😌 </document>
		<document> anyone wanna chill and order burgerfi for dinner they got my ass with an ad might as well share </document>
		<document> #user# let me innnn #url# </document>
		<document> if i stop giving a fuck about everyone and myself wtf i got left yo? is this freedom¿¡ </document>
		<document> rt #user#: i got dmca’d on onlyfans for masturbating to a metallica song </document>
		<document> #user# that butthole movie 😭 hell yea i’m trying to tho keep me posted ya covid clean queen </document>
		<document> #user# credit where credit is due 😬 </document>
		<document> #user# #user# it’s okay to be wrong, anyways bump the hollow </document>
		<document> rt #user#: bear cub catching snowflakes. #url# </document>
		<document> rt #user#: i found the seconf half of the video holy shit watch #url# </document>
		<document> rt #user#: and ill say it once, if you not putting money in my pocket do not come near me or hmu for nothing </document>
		<document> i’ll take lyrics that are barely coherent sentences for 500 alex #url# </document>
		<document> i've been on the outside looking in for my whole life. and its never. going. to change. people. always. stay. the. same. </document>
		<document> #user# few more hours and you’re golden for a nice all nighter. i’ll see you in the morning 🤣 </document>
		<document> i said humor me.. what if i can grant wishes you shitheads #url# </document>
		<document> each day i realize i’m not any different than anyone man. and yet i feel so perpetually isolated </document>
		<document> tell me something twitter friends and please do humor me, you cant all have me muted. what do you wish for more than anything? </document>
		<document> rt #user#: sorry i ghosted you i wanted to die </document>
		<document> autoplay is killing it today like wtf </document>
		<document> i just wanna get one up on life before it kills meee </document>
		<document> got my ma onto peaky blinders finally y’all really gonna let her have better taste than you while twice your age smh </document>
		<document> rt #user#: me sowing: haha fuck yeah!!! yes!! me reaping: well this fucking sucks. what the fuck. </document>
		<document> you know, i’m either losing it or finding the correct way to live lately. frankly place your bets it’s prob 50/50 </document>
		<document> i’m tired of bending to fit this world. bend to me or get outta my way earth 😉😘 </document>
		<document> i always liked rings but no one ever buys me any sup with that. </document>
		<document> your man wont let you speak to guys. i wont let you do drugs. we are not the same? i think </document>
		<document> he did not #url# </document>
		<document> #user# damn that sun down already 🤔🧐 </document>
		<document> #user# 😂 that about sums up every time we wake up v </document>
		<document> #user# lmaooo let me talk to you, tell you how it issss </document>
		<document> i skipped dunch and linner with my nap fam i’m fucking hungry i need someone to cook for me my ma quit wtf i’m sposed to do? learn????? </document>
		<document> #user# cheers i’ll sleep to that 🍻 7am gang nigga we run this </document>
		<document> #user# yeah so this was a lie </document>
		<document> i don’t fuck wit rats 🐀 🙅🏽 they get tats 😳 </document>
		<document> i found out the reason. fuck this world and fuck drugs </document>
		<document> knocked loose type of morning for some reason </document>
		<document> #user# my ma would raise you her og email beanergirl9 </document>
		<document> #user# in other words i do drugs now myb </document>
		<document> #user# i no longer sleep or wake i exist outside of my body </document>
		<document> rt #user#: y’all probably didn’t know this, but this tiny lil pocket on your jeans is for your second stimulus. #url# </document>
		<document> the world is only as bad as we make it out to be. if you won't accept that, you'd better get comfortable staring at my back moving forward. </document>
		<document> #user# the fact that this was literally my last one #url# </document>
		<document> be like my dreams, if you're gonna exist at least make it interesting #url# </document>
		<document> #user# idk how but i will fancam you someday </document>
		<document> i had a dream i had an umbrella hat that stopped my legs from breaking from any height and i was absolutely leapin off of everything </document>
		<document> eating cold fries if anyone thought i cared anymore </document>
		<document> #user# #user# also cajunqueen is lucky she picked a burner name im bout to get half a super power and she seems villainous </document>
		<document> for far too long i have been denied voice tweets this is my true power </document>
		<document> i am manic depressive flipping coins for my fate now aint that impressive? </document>
		<document> rt #user#: my parents to my penis 11 seconds after i was born: #url# </document>
		<document> #user# i would spend an hour a day if i felt pretty those men trippin </document>
		<document> rt #user#: “i worked 70 hours this week i’m on my grind 💪” #url# </document>
		<document> on my way somewhere nobody wants me to be </document>
		<document> #user# #user# you inspired me and then i got spanked thanks 😊 #url# </document>
		<document> rt #user#: $600 stimmy? yea these niggas better hope i don't get powers the 21st cuz this my origin story </document>
		<document> i think learning to take losses is more important than trying to avoid them. i wish someone taught me that a long time ago </document>
		<document> i think i may have to follow the account after this one #url# </document>
		<document> #user# miss you too buddy can’t wait to whip it in the wraith with you once more when we make it </document>
		<document> minor never damage monday </document>
		<document> but its easy to love something when there's pain in its eyes </document>
		<document> i don’t deserve anything i deserve everything </document>
		<document> rt #user#: frog path frog path frog path #url# </document>
		<document> i do whatever the fuck i want. what’s a wolf without his claws??? - sent by my iphone 4s </document>
		<document> i’m not leaving yet but it’s come to my attention all my twitter followers hate or mute me so it’s been a rough year </document>
		<document> i wanna roller skate 🥸 </document>
		<document> #user# but also retweet </document>
		<document> #user# who took veronica’s phone </document>
		<document> #user# #user# bring #user# back from retirement </document>
		<document> why did i just wake up from dreaming about basketball. i’m more interested in like anything else </document>
		<document> #user# #user# heat all around 🔥 this i will absolutely be bumpin </document>
		<document> rt #user#: guitar center is specifically for guitars. if you want a bass you have to go to bass pro shops </document>
		<document> turns out my own decisions are the reason i don’t get what i want say whaaaaaaaaat???? </document>
		<document> i’m just getting worn the fuck down over here lately. need to start something new </document>
		<document> i can’t believe people just use each other. i literally couldn’t pretend people aren’t human beings to get what i want </document>
		<document> #user# #user# #user# spirited away is goated </document>
		<document> i would love it if i put just one person onto #user# . next album we‘ll getcha... </document>
		<document> #user# you hate to see it. mine was an xxxtentacion stan and also 11 though so like....makes you miss the beliebers in a way </document>
		<document> that’s enough, get some rest </document>
		<document> i should be asleep i shouldn’t be upset </document>
		<document> this nigga just forwarded me im bout to indirect him on here every time he pisses me off now what a dumb bitch </document>
		<document> me and bil just roasting these white folk down to the baby hands and severely distressed jeans coulda been a television special </document>
		<document> and the whole world oof’d #url# </document>
		<document> rt #user#: this killed me 😭 #url# </document>
		<document> i’m not good enough for nobody and idk when that will change how’s that for a 3am sad tweet </document>
		<document> #user# kindred spirits, it's j. cole and disassociation for me </document>
		<document> #user# i deem this tweet f a c t u a l </document>
		<document> rt #user#: making some guacamole 😩 who want some? #url# </document>
		<document> there have to be psychological reasons why i do the things i do but like i cannot see them. i’m so confused 😪🥱 </document>
		<document> schedules clear for a week got a lot of money and no one to spend it on it’s like???? </document>
		<document> does he lived? #url# </document>
		<document> ive never seen anyone slay this hard all the time like i'm genuinely jealous #url# </document>
		<document> rt #user#: i almost left my whole family in this house 🤣 naked &amp; all 😭😭 #url# </document>
		<document> rt #user#: i’m so happy i got to do this tattoo #url# </document>
		<document> rt #user#: long distance girlfriends making it work 🥰 #url# </document>
		<document> all my fav singers slay the melody and go absolutely stupid on the lyrics i’m not making this up like #url# </document>
		<document> rt #user#: nobody: me after washing the dishes: #url# </document>
		<document> rt #user#: got rejected by girl again. i’m not surprised. it’s their normal actions,i’m getting used to it #url# </document>
		<document> #user# you’re beautiful 😡 </document>
		<document> rt #user#: soaking up those morning rays, feeling blessed and hydrated 😌 #url# </document>
		<document> extremely underrated band #url# </document>
		<document> #user# you’re a babe y’all can get away with anything just shoot that shot next time 👏🏽 </document>
		<document> cept we both got 0 hoes from our interests #url# </document>
		<document> rt #user#: every scientist dreads the day they get this email #url# </document>
		<document> need girl to watch shows and cuddle with in a non homo way </document>
		<document> rt #user#: this actually cured me #url# </document>
		<document> #user# admittedly have no idea what that was but really loved the range on that toooold </document>
	    
	<document> rt #user#: when i’m hotboxing with my headphones on but song got a siren in it #url# </document>
		<document> swallowing mad pussy juice to die younger hours #url# </document>
		<document> rt #user#: the way that this film radiates comfort #url# </document>
		<document> #user# feel that we hitting the beach this summer i’m committed </document>
		<document> #user# you feel like life was breathed into u by the sun too? </document>
		<document> thank god for my friends. wouldnt have put it past fate to just give me none but i got lucky :) </document>
		<document> i’m the cool singer with frosted tips and this is you/your man honestly pathetic #url# </document>
		<document> this dude invented the concept of demon time fuck did george washington do again #url# </document>
		<document> rt #user#: me when it’s above 60° outside #url# </document>
		<document> i don’t online date and i don’t meet new people or i woulda got wife’d up by now. nah that’s definitely gotta be it </document>
		<document> feels like everyone is collectively unsatisfied with where they are in life, look at us go dude </document>
		<document> rt #user#: lover is a day #url# </document>
		<document> this is the most relatable image i’ve seen in years especially my twitter im pinning this #url# </document>
		<document> #user# but we aint giving up on you :). so reach out when you give up on giving up. it's real overrated anyway </document>
		<document> genderfluid ghost said put some respect on my fuckin people #url# </document>
		<document> all we can do is give our unfaltering support ✌🏼 </document>
		<document> #user# bout to be me and #user# on may 12th #user# </document>
		<document> rt #user#: brent faiyaz really makes music for any occasion. #url# </document>
		<document> go ahead and cancel him people #user# heard this </document>
		<document> "we're always talking about black excellence, lets talk about black mediocrity" -#user# literally 47 seconds ago </document>
		<document> i come bearing only the beat of my heart and the best of my intentions </document>
		<document> rt #user#: nightfall in kyoto #url# </document>
		<document> #user# but lord do i feel you </document>
		<document> #user# i don’t think any are pointless. just learning bout yourself along the way </document>
		<document> #user# #user# can i come with you if you go 🥺 </document>
		<document> #user# ok first of all my grandpa fell down the stairs second of all i ran over my dog backing out of the yard do not k me </document>
		<document> #user# i’m almost there </document>
		<document> rt #user#: if you aren't living you're dying #url# </document>
		<document> japan built different #url# </document>
		<document> rt #user#: march 1st 2020 vs march 1st 2021 #url# </document>
		<document> rt #user#: didn’t know i needed this #url# </document>
		<document> being single isn’t bad if you still have companionship, the lack of that is what makes people hunt relationships going nowhere </document>
		<document> rt #user#: 10 year old me watching the sadam hussein hanging on youtube #url# </document>
		<document> #user# as your biggest post core friend just make sure it’s 144 1ms response time i think l </document>
		<document> #user# yes my plan is finally coming into fruition.... </document>
		<document> rt #user#: they’ll hail you then nail you, no matter who you are. focus on the mission </document>
		<document> culturally i am not straight only legally </document>
		<document> less comfortable more interesting is the move, but like that kind of describes 2020 also and... </document>
		<document> another one 😨 #url# </document>
		<document> so you not rockin wit me nymore ? </document>
		<document> can’t even scroll twitter without having an ejac-attack these days </document>
		<document> bonus 4k footage i ended up just not sending to anyone because it came out vaguely yet disturbingly sexual #url# </document>
		<document> my sweet sweet son... thanks to some twitter person for making me impulse buy a stuffed charmander at 24 #url# </document>
		<document> the answer is clear and yet.....mammaries </document>
		<document> so this is hope....thank you stranger.... #url# </document>
		<document> no offense but if your room looks like this... #url# </document>
		<document> we are perpetually drawn to the past </document>
		<document> im tired of this same old shit 🥱😒 </document>
		<document> neckdeep overtook the story so far without question. way more artistic </document>
		<document> hbo max is kinda going crazy right now #hashtag# </document>
		<document> didn’t sleep last night #url# </document>
		<document> is this real? every day? #url# </document>
		<document> rt #user#: fuck godzilla and king kong i need throatzilla on my ding dong 😂💯 </document>
		<document> worse than mcgregor. coming out of this a changed man </document>
		<document> got traumatized tonight </document>
		<document> #user# start this netflix one blood zeus with me </document>
		<document> #user# so you’re just not gonna mention the bear? </document>
		<document> #user# love it, also just realized the top are all johnny depp and not random characters </document>
		<document> #user# i get lizard in a hawaiian shirt vibes from you essentially 😂😂 </document>
		<document> #user# 3a$y ..and i didn’t even watch rango lol </document>
		<document> #user# bro 😂 i literally didn’t even notice </document>
		<document> #user# this video turned my 3am frown upside down now i can rest in peace #url# </document>
		<document> rt #user#: kamala harris when she catches you with a dimebag of weed: #url# </document>
		<document> for the uninitiated i mean this in the literal best way possible it is such a moving/touching feel good show when shit gets real </document>
		<document> rt #user#: blew a nonbinary bitch’s back out now i got gender fluid all over my sheets </document>
		<document> just on the verge of tears rewatching my hero academia literally nothing unusual </document>
		<document> purchased this at lightning speed #url# </document>
		<document> dreams too deep got me losing sleep #url# </document>
		<document> rt #user#: "if you increase the minimum wage the cost of living will go up!" #url# </document>
		<document> rt #user#: u ever look in the mirror and be like why haven’t i experienced happiness in 7 years? 😂 </document>
		<document> as im watching two strong intriguing women fight brutally to the death, something has dawned on me. monogamy is... criminal </document>
		<document> #user# #user# i did not expect this to be such a controversial tweet 😂😂😂 his reply was fucking funny tho cmon #url# </document>
		<document> rt #user#: okk hold on i’m just finding out jane lynch and jamie lee curtis are two different people #url# </document>
		<document> never a bad time to be yourself </document>
		<document> #user# cant stand em </document>
		<document> i know i choose to be this way but being alone all the time suuuucks i wish i was just on a set course sometimes </document>
		<document> having grandparents was so nice cuz at least i could look to someone who had their shit together </document>
		<document> please god let me meet her #url# </document>
		<document> i dont even care that none of you are gonna find this funny youre seeing it #url# </document>
		<document> looks like im raging tonight </document>
		<document> rt #user#: every black person in america: #url# </document>
		<document> #user# that was the sweetest thing anyone’s ever said to me 🥲 </document>
		<document> this is so relatable </document>
		<document> rt #user#: i can’t believe i have to work to make money #url# </document>
		<document> me and the boys just moved into our new place and i already have placed a 108$ grubhub order, we’re not gonna last </document>
		<document> #user# 😔 poor baby. she will be stronger for it tho if that’s how it’s gotta be </document>
		<document> sorry astronomy girls but this you? #url# </document>
		<document> rt #user#: ugh i was born in the wrong generation&lt;/3 #url# </document>
		<document> #user# 😂 we struggle together </document>
		<document> #user# but i hate beans </document>
		<document> joke about being down bad but i’m eating microwaved hannaford brand enchiladas for brunch so remember some people really go through it </document>
		<document> rt #user#: police holding that line giggling like "omg seriously don't" </document>
		<document> to all of the hating ass bitches in my dms complaining about my tweet quality #url# </document>
		<document> okay one of these things is a lie big whoop wanna fight about it? </document>
		<document> mad good 😌 </document>
		<document> anyone wanna chill and order burgerfi for dinner they got my ass with an ad might as well share </document>
		<document> #user# let me innnn #url# </document>
		<document> if i stop giving a fuck about everyone and myself wtf i got left yo? is this freedom¿¡ </document>
		<document> rt #user#: i got dmca’d on onlyfans for masturbating to a metallica song </document>
		<document> #user# that butthole movie 😭 hell yea i’m trying to tho keep me posted ya covid clean queen </document>
		<document> #user# credit where credit is due 😬 </document>
		<document> #user# #user# it’s okay to be wrong, anyways bump the hollow </document>
		<document> rt #user#: bear cub catching snowflakes. #url# </document>
		<document> rt #user#: i found the seconf half of the video holy shit watch #url# </document>
		<document> rt #user#: and ill say it once, if you not putting money in my pocket do not come near me or hmu for nothing </document>
		<document> i’ll take lyrics that are barely coherent sentences for 500 alex #url# </document>
		<document> i've been on the outside looking in for my whole life. and its never. going. to change. people. always. stay. the. same. </document>
		<document> #user# few more hours and you’re golden for a nice all nighter. i’ll see you in the morning 🤣 </document>
		<document> i said humor me.. what if i can grant wishes you shitheads #url# </document>
		<document> each day i realize i’m not any different than anyone man. and yet i feel so perpetually isolated </document>
		<document> tell me something twitter friends and please do humor me, you cant all have me muted. what do you wish for more than anything? </document>
		<document> rt #user#: sorry i ghosted you i wanted to die </document>
		<document> autoplay is killing it today like wtf </document>
		<document> i just wanna get one up on life before it kills meee </document>
		<document> got my ma onto peaky blinders finally y’all really gonna let her have better taste than you while twice your age smh </document>
		<document> rt #user#: me sowing: haha fuck yeah!!! yes!! me reaping: well this fucking sucks. what the fuck. </document>
		<document> you know, i’m either losing it or finding the correct way to live lately. frankly place your bets it’s prob 50/50 </document>
		<document> i’m tired of bending to fit this world. bend to me or get outta my way earth 😉😘 </document>
		<document> i always liked rings but no one ever buys me any sup with that. </document>
		<document> your man wont let you speak to guys. i wont let you do drugs. we are not the same? i think </document>
		<document> he did not #url# </document>
		<document> #user# damn that sun down already 🤔🧐 </document>
		<document> #user# 😂 that about sums up every time we wake up v </document>
		<document> #user# lmaooo let me talk to you, tell you how it issss </document>
		<document> i skipped dunch and linner with my nap fam i’m fucking hungry i need someone to cook for me my ma quit wtf i’m sposed to do? learn????? </document>
		<document> #user# cheers i’ll sleep to that 🍻 7am gang nigga we run this </document>
		<document> #user# yeah so this was a lie </document>
		<document> i don’t fuck wit rats 🐀 🙅🏽 they get tats 😳 </document>
		<document> i found out the reason. fuck this world and fuck drugs </document>
		<document> knocked loose type of morning for some reason </document>
		<document> #user# my ma would raise you her og email beanergirl9 </document>
		<document> #user# in other words i do drugs now myb </document>
		<document> #user# i no longer sleep or wake i exist outside of my body </document>
		<document> rt #user#: y’all probably didn’t know this, but this tiny lil pocket on your jeans is for your second stimulus. #url# </document>
		<document> the world is only as bad as we make it out to be. if you won't accept that, you'd better get comfortable staring at my back moving forward. </document>
		<document> #user# the fact that this was literally my last one #url# </document>
		<document> be like my dreams, if you're gonna exist at least make it interesting #url# </document>
		<document> #user# idk how but i will fancam you someday </document>
		<document> i had a dream i had an umbrella hat that stopped my legs from breaking from any height and i was absolutely leapin off of everything </document>
		<document> eating cold fries if anyone thought i cared anymore </document>
		<document> #user# #user# also cajunqueen is lucky she picked a burner name im bout to get half a super power and she seems villainous </document>
		<document> for far too long i have been denied voice tweets this is my true power </document>
		<document> i am manic depressive flipping coins for my fate now aint that impressive? </document>
		<document> rt #user#: my parents to my penis 11 seconds after i was born: #url# </document>
		<document> #user# i would spend an hour a day if i felt pretty those men trippin </document>
		<document> rt #user#: “i worked 70 hours this week i’m on my grind 💪” #url# </document>
		<document> on my way somewhere nobody wants me to be </document>
		<document> #user# #user# you inspired me and then i got spanked thanks 😊 #url# </document>
		<document> rt #user#: $600 stimmy? yea these niggas better hope i don't get powers the 21st cuz this my origin story </document>
		<document> i think learning to take losses is more important than trying to avoid them. i wish someone taught me that a long time ago </document>
		<document> i think i may have to follow the account after this one #url# </document>
		<document> #user# miss you too buddy can’t wait to whip it in the wraith with you once more when we make it </document>
		<document> minor never damage monday </document>
		<document> but its easy to love something when there's pain in its eyes </document>
		<document> i don’t deserve anything i deserve everything </document>
		<document> rt #user#: frog path frog path frog path #url# </document>
		<document> i do whatever the fuck i want. what’s a wolf without his claws??? - sent by my iphone 4s </document>
		<document> i’m not leaving yet but it’s come to my attention all my twitter followers hate or mute me so it’s been a rough year </document>
		<document> i wanna roller skate 🥸 </document>
		<document> #user# but also retweet </document>
		<document> #user# who took veronica’s phone </document>
		<document> #user# #user# bring #user# back from retirement </document>
		<document> why did i just wake up from dreaming about basketball. i’m more interested in like anything else </document>
		<document> #user# #user# heat all around 🔥 this i will absolutely be bumpin </document>
		<document> rt #user#: guitar center is specifically for guitars. if you want a bass you have to go to bass pro shops </document>
		<document> turns out my own decisions are the reason i don’t get what i want say whaaaaaaaaat???? </document>
		<document> i’m just getting worn the fuck down over here lately. need to start something new </document>
		<document> i can’t believe people just use each other. i literally couldn’t pretend people aren’t human beings to get what i want </document>
		<document> #user# #user# #user# spirited away is goated </document>
		<document> i would love it if i put just one person onto #user# . next album we‘ll getcha... </document>
		<document> #user# you hate to see it. mine was an xxxtentacion stan and also 11 though so like....makes you miss the beliebers in a way </document>
		<document> that’s enough, get some rest </document>
		<document> i should be asleep i shouldn’t be upset </document>
		<document> this nigga just forwarded me im bout to indirect him on here every time he pisses me off now what a dumb bitch </document>
		<document> me and bil just roasting these white folk down to the baby hands and severely distressed jeans coulda been a television special </document>
		<document> and the whole world oof’d #url# </document>
		<document> rt #user#: this killed me 😭 #url# </document>
		<document> i’m not good enough for nobody and idk when that will change how’s that for a 3am sad tweet </document>
		<document> #user# kindred spirits, it's j. cole and disassociation for me </document>
		<document> #user# i deem this tweet f a c t u a l </document>
		<document> rt #user#: making some guacamole 😩 who want some? #url# </document>
		<document> there have to be psychological reasons why i do the things i do but like i cannot see them. i’m so confused 😪🥱 </document>
		<document> schedules clear for a week got a lot of money and no one to spend it on it’s like???? </document>
		<document> does he lived? #url# </document>
		<document> ive never seen anyone slay this hard all the time like i'm genuinely jealous #url# </document>
		<document> rt #user#: i almost left my whole family in this house 🤣 naked &amp; all 😭😭 #url# </document>
		<document> rt #user#: i’m so happy i got to do this tattoo #url# </document>
		<document> rt #user#: long distance girlfriends making it work 🥰 #url# </document>
		<document> all my fav singers slay the melody and go absolutely stupid on the lyrics i’m not making this up like #url# </document>
		<document> rt #user#: nobody: me after washing the dishes: #url# </document>
		<document> rt #user#: got rejected by girl again. i’m not surprised. it’s their normal actions,i’m getting used to it #url# </document>
		<document> #user# you’re beautiful 😡 </document>
		<document> rt #user#: soaking up those morning rays, feeling blessed and hydrated 😌 #url# </document>
		<document> extremely underrated band #url# </document>
		<document> #user# you’re a babe y’all can get away with anything just shoot that shot next time 👏🏽 </document>
		<document> cept we both got 0 hoes from our interests #url# </document>
		<document> rt #user#: every scientist dreads the day they get this email #url# </document>
		<document> need girl to watch shows and cuddle with in a non homo way </document>
		<document> rt #user#: this actually cured me #url# </document>
		<document> #user# admittedly have no idea what that was but really loved the range on that toooold </document>
	 <document> rt #user#: when I am hotboxing with my headphones on but song got a siren in it #url# </document>
<document> swallows crazy pussy juice to die younger hours #url# </document>
<document> rt #user#: how this film radiates comfort #url# </document>
<document> #user# feels like we're going to the beach this summer, I'm determined </document>
<document> #user# do you feel like the sun has breathed life into you too? </document>
<Document> Thank God for my friends. Wouldn't have been fated to just give me none, but I was lucky :) </document>
<document> I'm the cool singer with frosted tips and that's you/your husband honestly pathetic #url# </document>
<document> this guy invented the concept of demon time fuck what george washington did again #url# </document>
<document> rt #user#: me if it is more than 60° outside of #url# </document>
<Document> I don't date online and I don't meet new people, otherwise I would already be married. no, it definitely has to be </document>
<document> feels like everyone is collectively unhappy with where they are in life, look at us go dude</document>
<document> rt #user#: lover is a tag #url# </document>
<document> this is the most relatable image I've seen in years, especially my twitter pinned to this #url# </document>
<document> #user# but we won't give up on you :). So grab it when you give up. it's really overrated anyway </document>
<document> genderfluid Ghost said give respect to my bloody people #url# </document>
<document> all we can do is our unwavering support ✌🏼 </document>
<document> #user# will be me and #user# on May 12th #user# </document>
<document> rt #user#: brent faiyaz really makes music for every occasion. #url# </document>
<document> go ahead and delete it. Guys #user# heard that </document>
<document> "We always talk about black excellence, let's talk about black mediocrity" - #user# literally 47 seconds ago </document>
<document> I come with only the beating of my heart and the best of intentions </document>
<document> rt #user#: Nightfall in Kyoto #url# </document>
<document> #user# but Lord, I feel you </document>
<document> #user# I don't think any are pointless. just learn something about yourself </document>
<document> #user# #user# can I come with you if you go 🥺 </document>
<document> #user# ok firstly my grandpa fell down the stairs secondly i ran over my dog ​​when he was backing out of the yard don't k me </document>
<document> #user# I'm almost there </document>
<document> rt #user#: if you don't live, you die #url# </document>
<document> Japan created another #url# </document>
<document> rt #user#: March 1, 2020 vs. March 1, 2021 #url# </document>
<document> rt #user#: didn't know I needed this #url# </document>
<document> Being single isn't bad if you still have companionship, the lack of that is what drives people to seek relationships that go nowhere</document>
<document> rt #user#: Me as a 10 year old looking at the Sadam Hussein hanging on YouTube #url# </document>
<document> #user# as your biggest post-core friend just make sure it's 144 1ms response time I believe</document>
<document> #user# Yes, my plan is finally coming to fruition.... </document>
<document> rt #user#: They will greet you and then nail you no matter who you are. Focus on the mission </document>
<document>I'm not exactly cultural, just legal</document>
<document> less comfortable, more interesting is the move, but that's also how 2020 describes itself and... </document>
<document> another 😨 #url# </document>
<document> so you don't rock with me anymore? </document>
<document> can't even scroll twitter these days without getting an ejac attack</document>
<document> 4k bonus footage that I just didn't end up sending to anyone because it came out vaguely but disturbingly sexual #url# </document>
<document> my sweet sweet son... thanks to any twitter person for make me buy a stuffed Charmander at 24 #url# </document>
<document> the answer is clear and yet.....mammaries </document>
<document> so this is hope.... thanks stranger.... #url# </document>
<document> No offense, but if your room looks like this... #url# </document>
<document> we are constantly drawn to the past </document>
<document> I'm tired of this same shit 🥱😒 </document>
<document> neckdeep has unquestionably overtaken history so far. much more artistic</document>
<document> hbo max is going crazy #hashtag# </document>
<document> didn't sleep last night #url# </document>
<document> is this real? daily? #url# </document>
<document> rt #user#: Fuck Godzilla and King Kong, I need Throatzilla on my Ding Dong 😂💯 </document>
<document> worse than McGregor. emerge as a changed person</document>
<document> was traumatized tonight</document>
<document> #user# start this netflix one blood zeus with me </document>
<document> #user#, so you just don't mention the bear? </document>
<document> I like #user#, also just noticed that at the top everything is Johnny Depp and not random characters </document>
<document> #user# I'm basically getting lizard-in-a-Hawaii-shirt vibes from you 😂😂 </document>
<document> #user# 3a$y .. and I didn't even watch rango lol </document>
<document> #user# bro 😂 I literally didn't even notice </document>
<document> #user# this video turned my 3am frown upside down now I can rest in peace #url# </document>
<document> rt #user#: kamala harris when she catches you with a dimebag of weed: #url# </document>
<document> for the uninitiated, I mean this in the literal best way possible, it's such a touching/touching feel-good show when shit gets real</document>
<document> rt #user#: blasted the back of a nonbinary bitch now i have gender fluid all over my sheets </document>
<document> was on the verge of tears rewatching my hero academy, literally nothing unusual </document>
<document> bought this in a flash #url# </document>
<document> too deep dreams robbed me of sleep #url# </document>
<document> rt #user#: "If you raise the minimum wage, the cost of living goes up!" #url# </document>
<document> rt #user#: Have you ever looked in the mirror and asked why I haven't found happiness in 7 years? 😂 </document>
<Document> As I watched two strong, fascinating women brutally fight to the death, I realized something. Monogamy is...criminal</document>
<document> #user# #user# I didn't expect this to be such a controversial tweet 😂😂😂 his reply was funny as hell but cmon #url# </document>
<document> rt #user#: ok wait a minute, I'm just finding out that Jane Lynch and Jamie Lee Curtis are two different people #url# </document>
<document>never a bad time to be yourself</document>
<document> #user# can't stand it </document>
<document> I know I chose to do this, but being alone all the time, oooh, I wish I was just on a set course sometimes </document>
<document>Having grandparents was so nice because at least I could look at someone who had his shit together</document>
<document> please let me know your #url# </document>
<document> I don't care that none of you will find this funny when you see it #url# </document>
<document> looks like I'm going to rage tonight </document>
<document> rt #user#: any black person in America: #url# </document>
<document> #user# that was the cutest thing anyone ever said to me 🥲 </document>
<document> that makes sense </document>
<document> rt #user#: I can't believe I have to work to make money #url# </document>
<document> Me and the boys just moved into our new apartment and I've already placed a $108 Grubhub order, we won't last long</document>
<document> #user# 😔 poor baby. she will be stronger in return if she needs to </document>
<Document> Sorry astronomy girls, but is that you? #url# </document>
<document> rt #user#: ugh iwas born in the wrong generation&lt;/3 #url# </document>
<document> #user# 😂 we fight together </document>
<document> #user# but I hate beans </document>
<document> Joke about being unwell, but eating Hannaford microwavable enchiladas for brunch
<document> rt #user#: Police holding that line and giggling like "omg seriously don't" </document>
<document> to all the hating ass bitches in my DMS complaining about my tweet quality #url# </document>
<Document> Okay, one of those things is a big lie, oops, wanna argue about it? </document>
<document> insanely good 😌 </document>
<document> Anyone who wants to chill and order Burgerfi for dinner that got my ass with an ad might as well share </document>
<document> #user# let me type innnn #url# </document>
<document> if i stop caring about everyone and myself wtf i stay left yo? is this freedom¡ </document>
<document> rt #user#: I was dmca'd on onlyfans for masturbating to a Metallica song </document>
<document> #user# that butthole movie 😭 Damn yes, I'm trying to keep up to date you covid clean queen </document>
<document> #user# credit where credit is due 😬 </document>
<document> #user# #user# it's okay to be wrong, still encounter the gap </document>
<document> rt #user#: Bear cub catches snowflakes. #url# </document>
<document> rt #user#: I found the second half of the video, Holy shit watch #url# </document>
<document> rt #user#: and I'll say it once, if you don't put any money in my pocket, don't come near me for nothing or hmu </document>
<document> I take lyrics that are barely coherent sentences for 500 Alex #url# </document>
<document> I've been outside all my life looking inside. and it never is. go. exchange. People. always. remain. The. The same thing. </document>
<document> #user# A few more hours and you're in the right place for a nice night. see you tomorrow morning 🤣 </document>
<document> I said kidding.. what if I can grant you wishes, motherfuckers #url# </document>
<Document> Every day I realize that I'm no different than any other man. and yet I feel so constantly isolated </document>
<document> tell me something twitter friends and please do me a favor y'all can't mute me. what do you wish for more than anything </document>
<document> rt #user#: Sorry, I ghosted you, I wanted to die </document>
<document> autoplay kills it today like wtf </document>
<document> I just want to bring one thing to life before it kills me</document>
<document> got my mom on peaky blinders finally you guys really let her have better taste than you even though she is twice your age smh </document>
<document> rt #user#: i sow: haha ​​fuck yeah!!! Yes!! I reap: Well, that sucks. what the hell. </document>
<document> You know, I've been either losing my composure lately or finding the right way to live. Honestly place your bets, it's probably 50/50 </document>
<document> I'm tired of conforming to this world. bow to me or get out of my way earth 😉😘 </document>
<document> I've always liked rings, but nobody ever buys me a sup with them on. </document>
<Document> Your husband won't let you talk to guys. I won't let you do drugs. are we not the same? i think </document>
<document> does not have #url# </document>
<document> #user# damn, the sun is already down 🤔🧐 </document>
<document> #user# 😂 that sums up every time we v </document> wake up
<document> #user# lmaooo let me talk to you, tell you how it isss </document>
<Document> I skipped Dunch and Linner on my nap, Fam. I'm freaking hungry. I need someone to cook for me. My ma stopped, what should I do? learn????? </document>
<document> #user# Cheers I'll sleep to this 🍻 7am gang nigga we run this </document>
<document> #user# yes, so that was a lie </document>
<document> I don't fuck with rats 🐀 🙅🏽 they get tattoos 😳 </document>
<Document> I found out why. fuck this world and fuck drugs</document>
<document> loosened type of Tomorrow for some reason </document>
<document> #user# my mom would raise you with her email beanergirl9 </document>
<document> #user# in other words I'm on drugs now myb </document>
<document> #user# I no longer sleep or wake up I exist outside of my body </document>
<document> rt #user#: You all probably didn't know this, but that tiny little pocket on your jeans is for your second stimulus. #url# </document>
<document> The world is only as bad as we make it out to be. If you don't accept that, you'd better get comfortable staring at my back as you move forward. </document>
<document> #user# the fact that this was literally my last #url# </document>
<document> be like my dreams, if you exist at least make it interesting #url# </document>
<document> #user# idk like, but i will fancamen you someday </document>
<document> I had a dream, I had an umbrella hat that kept my legs from breaking from any height and I absolutely jumped off of everything</document>
<document>eating cold fries when someone thought I didn't care anymore</document>
<document> #user# #user# Cajunqueen is lucky too she chose a burner name to get half a super power and she seems to be villain </document>
<document> I've been denied voice tweets for far too long, this is my true power </document>
<document> I'm manic depressive and tossing coins for my destiny, isn't that impressive? </document>
<document> rt #user#: my parents on my penis 11 seconds after I was born: #url# </document>
<document> #user# I would spend an hour a day feeling pretty when these men tripped </document>
<document> rt #user#: "I worked 70 hours this week, I'm devastated 💪" #url# </document>
<document> on my way to somewhere nobody wants me </document>
<document> #user# #user# you inspired me and then I got beat up thanks 😊 #url# </document>
<Document> rt #user#: $600 stimmy? Yeah these niggas better hope I don't get powers in the 21st 'cause this is my origin story
<document> I think it's more important to learn to take losses than to try to avoid them. I wish someone had taught me this a long time ago</document>
<document> I think I need to follow the account after that one #url# </document>
<document> #user# miss you too mate, can't wait to whip it up with you again when we do </document>
<document> small damage Monday never </document>
<document>, but it's easy to love something when it has pain in its eyes</document>
<document> I deserve nothing, I deserve everything </document>
<document> rt #user#: frog path frog path frog path #url# </document>
<Document> I do whatever the hell I want. what is a wolf without its claws??? - sent from my iphone 4s </document>
<document> I'm not leaving yet, but I've noticed that all of my Twitter followers hate me or mute me, so it's been a rough year </document>
<document> I want to roller skate 🥸 </document>
<document> #user# but also retweet </document>
<document> #user# who stole Veronica's phone </document>
<document> #user# #user# brings #user# back from retirement </document>
<document> why did I just wake up from a basketball dream. I'm more interested in everything else</document>
<document> #user# #user# Heat all around 🔥 I will absolutely regret that </document>
<document> rt #user#: guitar center is specially designed for guitars. If you want a bass you need to go to Bass Pro Shops </document>
<document> turns out that my own decisions are the reason I don't understand what I want, say waaaaaaaaa??? </document>
<Document> I've been getting damn tired here lately. have to start something new </document>
<document> I can't believe people just use each other. I literally couldn't pretend humans weren't humans to get what I want</document>
<document> #user# #user# #user# spirited away is hunted </document>
<document> I would love it if I put just one person on #user#. We'll get the next album... </document>
<document> #user# you hate to see it. mine was a xxxtentacion stan and also 11 although something like that....makes you miss the beliebers in a way</document>
<document> enough, rest </document>
<document> I should be sleeping, I shouldn't be upset </document>
<document> this nigga just redirected me to direct him here every time he pisses me off now what a dumb bitch </document>
<document>Me and Bill roasting these white people down to baby hands and badly worn jeans could have been a TV special</document>
<document> and the whole world open #url# </document>
<document> rt #user#: that killed me 😭 #url# </document>
<document> I'm not good enough for anyone and I know when that will change, how's that for a sad tweet at 3am </document>
<document> #user# kindred spirits, it's j. Cole and dissociation for me</document>
<document> #user# I consider this tweet to be fact </document>
<document> rt #user#: Prepare guacamole 😩 who wants some? #url# </document>
<document> there must be psychological reasons why i do the things i do but pretend i can't see them. I'm so confused 😪🥱 </document>
<Document> Clear schedules for a week, got lots of money and no one to spend it???? </document>
<document> did he live? #url# </document>
<document> I've never seen anyone kill so hard all the time like I'm really jealous #url# </document>
<document> rt #user#: i almost left my whole family in this house 🤣 naked &amp; all 😭😭 #url# </document>
<document> rt #user#: I am so happy to do this tattoo #url# </document>
<document> rt #user#: girlfriends from afar to make it work 🥰 #url# </document>
<document> All my favorite singers smash the melody and get absolutely stupid on the lyrics. I'm not making this up like #url# </document>
<document> rt #user#: nobody: me after washing dishes: #url# </document>
<document> rt #user#: was rejected again by a girl. I am not suprised. It's their normal action, I'm getting used to it #url# </document>
<document> #user# you are beautiful 😡 </document>
<document> rt #user#: soak up the morning rays, feel blessed and hydrated 😌 #url# </document>
<document> extremely underrated band #url# </document>
<document> #user# you're a baby, you can get away with anything, next time just take that shot 👏🏽 </document>
<document> cept we both got 0 hoes from our interests #url# </document>
<document> rt #user#: Every scientist dreads the day they receive this email #url# </document>
<document> needs a girl to watch shows and cuddle with them in a non-gay way</document>
<document> rt #user#: this actually cured me #url# </document>
<document> #user# admittedly has no idea what that was, but was really excited about the reach of this outdated </document>