   
	<document> rt #user#: you must buy guns and ammunition to defend your life and liberty </document>
		<document> rt #user#: rt if president trump should withhold federal funds to states that try to steal our elections with voter fraud! </document>
		<document> rt #user#: i would rather hear trump's brutal truths than be told obama's eloquent lies. </document>
		<document> #user# any thoughts on this slow but steadily increasing transition? #url# </document>
		<document> rt #user#: free america now </document>
		<document> rt #user#: there ya go #url# </document>
		<document> rt #user#: it turns out government can be quite effective when it ignores the regulatory state established by... government. </document>
		<document> rt #user#: jerry reed- eastbound and down #url# </document>
		<document> hey, remember that time when a bunch of dems fell for an obvious parody quote from sen. graham? good times... </document>
		<document> rt #user#: if liberals don't believe in biological gender then why do they march for women's rights? 🤔 </document>
		<document> #user# is this really an argument that can seriously contested? i don't think so. #hashtag# </document>
		<document> #user# good! i hope he can relax a bit after the insanity of the past two weeks. i also hope he and his family are safe. #hashtag# </document>
		<document> #user# well, it's obvious they hung him out to dry. it feels like a setup to hurt hunting, from my vantage point. </document>
		<document> rt #user#: breaking: emails allegedly tie ukraine whistleblower to obama white house meeting on burisma. #url# </document>
		<document> #user# a storybook ending to a tumultuous period for him and his family. good for the man and laura. #hashtag# </document>
		<document> #user# #user# i am pro-ethical hunting, but even i think that's clever. kudos. 😆 </document>
		<document> #user# that's nice to see. a happy ending to a terrible week or so for the man. i hope he keeps up his conservation work. </document>
		<document> #user# so good to see this confirmation. we don't need the electorate to force the reintroduction; we have it happening organically! </document>
		<document> #user# #user# are you upset that he found happiness, or that he is a legal hunter, or both? regardless, how bitter are you? </document>
		<document> #user# this is good to see, especially given how he became persona non grata over legitimate conservation work. #hashtag# </document>
		<document> #user# how do people get off getting upset at something that, for one, they have never tried, and two, is a proven conservation method? </document>
		<document> rt #user#: this tweet will age well #url# </document>
		<document> rt #user#: trump tweets photo of his face superimposed over rocky balboa's body #url# #url# </document>
		<document> rt #user#: hey, #user#—try and impeach this: #url# </document>
		<document> rt #user#: live: #user# participates in the white house christmas tree delivery #url# </document>
		<document> rt #user#: history for haters: american was founded on questioning authority #url# </document>
		<document> rt #user#: lindsey graham: i will call adam schiff to testify in the senate. #url# </document>
		<document> rt #user#: .#user#: “when the barriers to the business marketplace are too high.” #user#oped #url# </document>
		<document> rt #user#: what should be investigated is quid pro joe, his son and how much quid pro dough was collected! </document>
		<document> rt #user#: ivanka trump quotes thomas jefferson on "enemies and spies” in washington after trump impeachment vote </document>
		<document> rt #user#: i never knew a republican president could be impeached for crimes committed by democrats </document>
		<document> rt #user#: you would have better luck getting a fair justice system in china than speaker pelosi’s house of representatives. </document>
		<document> rt #user#: live: president trump holds a joint press conference #url# </document>
		<document> rt #user#: #user# #user# are we the world’s babysitter? no. </document>
		<document> rt #user#: how times change #url# </document>
		<document> rt #user#: it’s “storm area 51” day and we’ve got our first naruto run. #url# </document>
		<document> rt #user#: speaker pelosi: enough with the excuses; let's pass #hashtag#. it is time to put people over politics. #url# </document>
		<document> rt #user#: #hashtag# doc brown was shot in the back by buford tannen over a matter of 80 dollars. #url# </document>
		<document> exactly. thank you for pointing this out, kira! #url# </document>
		<document> #user# only certain subspecies are threatened. the angolan and south african giraffes are doing quite well despite hunting. </document>
		<document> do you remember when you joined twitter? i do! #hashtag# #url# </document>
		<document> rt #user#: mitch mcconnell doesn’t have access to a twitter account but hamas does! great work #user#. #url# </document>
		<document> #user# well, groups that are normally aligned opposing each other. don't see that every day. </document>
		<document> rt #user#: breaking: the supreme court gives trump the go-ahead on a border wall #url# </document>
		<document> #user# sounds good to me. #hashtag# </document>
		<document> #user# this was the dumbest take down i have seen yet. i actually would have loved to see hart be there. </document>
		<document> #user# a sad day in our history. </document>
		<document> #user# good to see trump at one of our major sporting events, especially involving our budding armed forces leadership. </document>
		<document> #user# he cooperates, and then this happens. funny. </document>
		<document> #user# will this nonsense ever cease. </document>
		<document> #user# actually, this should be an interesting case. </document>
		<document> #user# to that, i definitely agree. </document>
		<document> #user# given the scourge of opioid abuse, one of the smallish number of government programs i can get behind. </document>
		<document> #user# they can cite the winning arguments of the uc-berkeley crs in their case. this is going to be open and shut. </document>
		<document> #user# good to see trump at one of our major sporting events, especially involving our budding armed forces leadership. </document>
		<document> #user# that's actually pretty neat. </document>
		<document> #user# #user# a sad day in our history. thank you for your service. </document>
		<document> #user# and #hashtag# is coming home again to roost. gm, you need to be careful. </document>
		<document> #user# #user# #user# well, technically they are still in power now, or they couldn't be doing what they are doing now. 😛 </document>
		<document> #user# #user# but it was in a lame duck, after their vision had been rejected. does that not negate your point? </document>
		<document> #user# #user# #user# jim, you are a riot. you should take that act out on the road sometime! 🤣 </document>
		<document> #user# #user# oh, i beg to differ. </document>
		<document> #user# #user# did you feel the same way when dadt was repealed in late 2010 before the gop took control of the house? </document>
		<document> #user# #user# where were they when dadt was repealed, or when the contracts tried to get rammed through under doyle in 2010? </document>
		<document> #user# good to see the budding libertarianism of the child here. </document>
		<document> #user# huzzah! good on ya, paul! </document>
		<document> #user# well, he has had a long career. good on him. </document>
		<document> #user# #user# #user# keep us informed. </document>
		<document> #user# #user# #user# glad to see the bills still have support. </document>
		<document> #user# #user# keep whipping those votes, boys! </document>
		<document> #user# #user# good to see this. let's save some dough on prevailing wage. </document>
		<document> #user# another example of #hashtag#. </document>
		<document> #user# rivals, but gentlemen. excellent statesmen, both. </document>
		<document> #user# a holiday worth celebrating. </document>
		<document> #user# a terrible tragedy. i am surprised union carbide survived the fallout. </document>
		<document> #user# it most certainly is. </document>
		<document> #user# the one part of the package that should be stopped. </document>
		<document> #user# i will take dershowitz's word on how this is still a process crime. </document>
		<document> #user# glad to see that. </document>
		<document> #user# good. the less dem hand son health care. the better. </document>
		<document> #user# se, come on. don't give in to the leftist talking points here. </document>
		<document> #user# he was a very good man. </document>
		<document> #user# i am reticent on this, but if it is proven worthy, i could get behind it. </document>
		<document> #user# glad to see this. </document>
		<document> #user# i am glad to see this. he deserves all of it. </document>
		<document> #user# eh, that wasn't my favorite part of the plan, anyway. </document>
		<document> #user# i can get behind this. </document>
		<document> #user# the dude abides! </document>
		<document> #user# he will be missed by all. </document>
		<document> #user# well, he has had a long career. good on him. </document>
		<document> #user# and i could not be happier with it. </document>
		<document> #user# this needs addressing by the president. </document>
		<document> #user# let them try. this is going to be humorous. </document>
		<document> #user# not a bad decision. </document>
		<document> #user# hmm. not the worst idea, at least now that efficiencies have been wringed out. </document>
		<document> #user# not good. protect it better next time. </document>
		<document> #user# a very good reason to have it. </document>
		<document> #user# yeah, this was expected. </document>
		<document> #user# there is no overruling. you will still have your office. stop complaining. </document>
		<document> #user# democracy is here. it hasn't left. stop overreacting. </document>
		<document> #user# that's an ornate funeral. </document>
		<document> #user# heckle him, don't heckle and ruin the kids' time in the spotlight. </document>
		<document> #user# and i couldn't be more proud of him. </document>
		<document> #user# well, he calls it the way he feels it. </document>
		<document> #user# i know some clinton e-mails that still need examination. </document>
		<document> #user# well, this area needs jobs, too. </document>
		<document> #user# a fun story. </document>
		<document> #user# makes sense. glad to see #hashtag# coming in to help even this industry. </document>
		<document> #user# well, they get an a for creativity. </document>
		<document> #user# good to see such a rise in hunting this year. good on the hunters of wisconsin. </document>
		<document> #user# huzzah! good on ya, paul! </document>
		<document> #user# #user# good to see this. let's save some dough on prevailing wage. </document>
		<document> #user# hmm, i wonder what ideology could cause this. </document>
		<document> #user# i expect this could get awkward for sisi. </document>
		<document> #user# sounds like a major overhaul should be in order. </document>
		<document> #user# good. congressional prerogatives must be maintained. </document>
		<document> #user# a nice, tight schedule. just as he would want it. </document>
		<document> #user# jettison the parts least desirable and hold firm. you got this, gop. </document>
		<document> #user# glad to see expansion right now. #hashtag# </document>
		<document> #user# #user# a nice repurposing. </document>
		<document> #user# oh, this is going to be fun to watch. bibi is a survivor. </document>
		<document> #user# a worthwhile cost to me. </document>
		<document> #user# the vagaries of power. the lege giveth, and the lege taketh away. </document>
		<document> #user# sounds about right. i am glad trump has the backup plans available for all of us, though. </document>
		<document> #user# it was a big one. this is going to take a while to work out. </document>
		<document> #user# just what we need here in 2020: more roving dems. </document>
		<document> #user# this is the way to eventually mainstream solar more, not by government mandate. </document>
		<document> #user# a fun story. </document>
		<document> #user# a legitimate fear. </document>
		<document> #user# he will be missed by all. </document>
		<document> #user# as long as it keeps pbr around, it is good by me. </document>
		<document> #user# i am glad to see this. good job, #user#. </document>
		<document> #user# i approve of all of this. </document>
		<document> #user# the logistics for the former are substantial. i do support the latter, though. </document>
		<document> #user# i don't like who won, either. that doesn't mean the policies are overall wrong. </document>
		<document> #user# good to see such progress being made on these fronts. </document>
		<document> #user# i am glad to see this. he deserves all of it. </document>
		<document> #user# that's rather disconcerting. </document>
		<document> #user# #user# #user# #user# i am sure they will figure things out in due time. </document>
		<document> #user# stocks go up and down. it'll work out. </document>
		<document> #user# took them long enough. </document>
		<document> #user# he was cut from a different cloth. there won't be another like him. </document>
		<document> #user# #user# #user# you win a few, you lose a few. i think our nominee could still win. </document>
		<document> #user# telling point, but i think there will be a compromise here. i want wedc preserved. </document>
		<document> #user# i am not overly worried about it right now. </document>
		<document> #user# well, good on trump here. </document>
		<document> #user# huzzah! good on ya, paul! </document>
		<document> #user# good to see such a rise in hunting this year. good on the hunters of wisconsin. </document>
		<document> #user# i can get behind that. </document>
		<document> #user# says the guy who supported the disestablishment of dadt after the 2010 election. </document>
		<document> #user# keep it up, gop! we support you! </document>
		<document> #user# says the guy who tried to rush contracts at the end of his term with a lame duck. </document>
		<document> #user# #user# i believe in balancing the power between the branches, so no, i am an advocate for democracy. </document>
		<document> #user# good. glad to see it. </document>
		<document> #user# the gop will survive and come to full control of the state again. don't count them out yet. </document>
		<document> #user# the most dignified power couple our country has had for a long time. </document>
		<document> #user# this insanity needs to end. </document>
		<document> #user# these things happen. it will stay lower over the winter regardless. </document>
		<document> #user# makes sense. more certainty in the market. </document>
		<document> #user# i hope he can pull through on this one. </document>
		<document> #user# interesting to note. </document>
		<document> #user# we will see if anything is actually done. i doubt it. </document>
		<document> #user# he was cut from a different cloth. there won't be another like him. </document>
		<document> #user# i hope there is a compelling reason for this, otherwise people could get rather upset. </document>
		<document> #user# it'll get done. </document>
		<document> #user# this is all a nothingburger. </document>
		<document> #user# macron needs to shed his tin ear. </document>
		<document> #user# glad to see such activity on this front. </document>
		<document> #user# france needs to get this figured out fast. </document>
		<document> #user# the political cross-currents here are striking. </document>
		<document> #user# i wish, but likely not. </document>
		<document> #user# i hope the rule goes through. </document>
		<document> #user# glad to see him receive what is due him. </document>
		<document> #user# a powerful message. </document>
		<document> #user# a good negotiating tactic. </document>
		<document> #user# interesting. glad we have the economic boost here. </document>
		<document> #user# interesting story to hear. </document>
		<document> #user# it was a good exercise for that, if nothing else. </document>
		<document> #user# he most certainly did. vaya con dios. </document>
		<document> #user# i think dershowitz is right. this is a process crime, and i doubt there is much to it. </document>
		<document> #user# they each have a thing of which to take away. i will enjoy the pause in tension before discussions resume. </document>
		<document> #user# good. let's hope he is forthcoming at it. </document>
		<document> #user# i am glad for that for his whole family. </document>
		<document> #user# we will see if anything is actually done. i doubt it. </document>
		<document> #user# that is their prerogative. </document>
		<document> #user# he was certainly that when we needed it most. </document>
		<document> #user# well, i hope it lights a fire under them. </document>
		<document> #user# that's rough. i hope they can rebuild soon. </document>
		<document> #user# he will survive this. he always does. </document>
		<document> #user# that's a pretty safe assumption. </document>
		<document> #user# that's no good at all for anyone. </document>
		<document> #user# another dem making plans to run. go figure. </document>
		<document> #user# he's got a lot on his plate. he is radical, but i hope he does well for our sake in america and his. </document>
		<document> #user# i hope this is net positive for the city, and not a boondoggle. </document>
		<document> #user# loyal to the end. </document>
		<document> #user# the left in pittsburgh continues on, just in a more out front capacity now. </document>
		<document> #user# not the worst idea. </document>
		<document> #user# this actually could be a great idea. </document>
		<document> #user# i hope there is a compelling reason for this, otherwise people could get rather upset. </document>
		<document> #user# #user# i am glad trump is doing this. good for him. </document>
	    
	<document> rt #user#: you must buy guns and ammunition to defend your life and liberty </document>
		<document> rt #user#: rt if president trump should withhold federal funds to states that try to steal our elections with voter fraud! </document>
		<document> rt #user#: i would rather hear trump's brutal truths than be told obama's eloquent lies. </document>
		<document> #user# any thoughts on this slow but steadily increasing transition? #url# </document>
		<document> rt #user#: free america now </document>
		<document> rt #user#: there ya go #url# </document>
		<document> rt #user#: it turns out government can be quite effective when it ignores the regulatory state established by... government. </document>
		<document> rt #user#: jerry reed- eastbound and down #url# </document>
		<document> hey, remember that time when a bunch of dems fell for an obvious parody quote from sen. graham? good times... </document>
		<document> rt #user#: if liberals don't believe in biological gender then why do they march for women's rights? 🤔 </document>
		<document> #user# is this really an argument that can seriously contested? i don't think so. #hashtag# </document>
		<document> #user# good! i hope he can relax a bit after the insanity of the past two weeks. i also hope he and his family are safe. #hashtag# </document>
		<document> #user# well, it's obvious they hung him out to dry. it feels like a setup to hurt hunting, from my vantage point. </document>
		<document> rt #user#: breaking: emails allegedly tie ukraine whistleblower to obama white house meeting on burisma. #url# </document>
		<document> #user# a storybook ending to a tumultuous period for him and his family. good for the man and laura. #hashtag# </document>
		<document> #user# #user# i am pro-ethical hunting, but even i think that's clever. kudos. 😆 </document>
		<document> #user# that's nice to see. a happy ending to a terrible week or so for the man. i hope he keeps up his conservation work. </document>
		<document> #user# so good to see this confirmation. we don't need the electorate to force the reintroduction; we have it happening organically! </document>
		<document> #user# #user# are you upset that he found happiness, or that he is a legal hunter, or both? regardless, how bitter are you? </document>
		<document> #user# this is good to see, especially given how he became persona non grata over legitimate conservation work. #hashtag# </document>
		<document> #user# how do people get off getting upset at something that, for one, they have never tried, and two, is a proven conservation method? </document>
		<document> rt #user#: this tweet will age well #url# </document>
		<document> rt #user#: trump tweets photo of his face superimposed over rocky balboa's body #url# #url# </document>
		<document> rt #user#: hey, #user#—try and impeach this: #url# </document>
		<document> rt #user#: live: #user# participates in the white house christmas tree delivery #url# </document>
		<document> rt #user#: history for haters: american was founded on questioning authority #url# </document>
		<document> rt #user#: lindsey graham: i will call adam schiff to testify in the senate. #url# </document>
		<document> rt #user#: .#user#: “when the barriers to the business marketplace are too high.” #user#oped #url# </document>
		<document> rt #user#: what should be investigated is quid pro joe, his son and how much quid pro dough was collected! </document>
		<document> rt #user#: ivanka trump quotes thomas jefferson on "enemies and spies” in washington after trump impeachment vote </document>
		<document> rt #user#: i never knew a republican president could be impeached for crimes committed by democrats </document>
		<document> rt #user#: you would have better luck getting a fair justice system in china than speaker pelosi’s house of representatives. </document>
		<document> rt #user#: live: president trump holds a joint press conference #url# </document>
		<document> rt #user#: #user# #user# are we the world’s babysitter? no. </document>
		<document> rt #user#: how times change #url# </document>
		<document> rt #user#: it’s “storm area 51” day and we’ve got our first naruto run. #url# </document>
		<document> rt #user#: speaker pelosi: enough with the excuses; let's pass #hashtag#. it is time to put people over politics. #url# </document>
		<document> rt #user#: #hashtag# doc brown was shot in the back by buford tannen over a matter of 80 dollars. #url# </document>
		<document> exactly. thank you for pointing this out, kira! #url# </document>
		<document> #user# only certain subspecies are threatened. the angolan and south african giraffes are doing quite well despite hunting. </document>
		<document> do you remember when you joined twitter? i do! #hashtag# #url# </document>
		<document> rt #user#: mitch mcconnell doesn’t have access to a twitter account but hamas does! great work #user#. #url# </document>
		<document> #user# well, groups that are normally aligned opposing each other. don't see that every day. </document>
		<document> rt #user#: breaking: the supreme court gives trump the go-ahead on a border wall #url# </document>
		<document> #user# sounds good to me. #hashtag# </document>
		<document> #user# this was the dumbest take down i have seen yet. i actually would have loved to see hart be there. </document>
		<document> #user# a sad day in our history. </document>
		<document> #user# good to see trump at one of our major sporting events, especially involving our budding armed forces leadership. </document>
		<document> #user# he cooperates, and then this happens. funny. </document>
		<document> #user# will this nonsense ever cease. </document>
		<document> #user# actually, this should be an interesting case. </document>
		<document> #user# to that, i definitely agree. </document>
		<document> #user# given the scourge of opioid abuse, one of the smallish number of government programs i can get behind. </document>
		<document> #user# they can cite the winning arguments of the uc-berkeley crs in their case. this is going to be open and shut. </document>
		<document> #user# good to see trump at one of our major sporting events, especially involving our budding armed forces leadership. </document>
		<document> #user# that's actually pretty neat. </document>
		<document> #user# #user# a sad day in our history. thank you for your service. </document>
		<document> #user# and #hashtag# is coming home again to roost. gm, you need to be careful. </document>
		<document> #user# #user# #user# well, technically they are still in power now, or they couldn't be doing what they are doing now. 😛 </document>
		<document> #user# #user# but it was in a lame duck, after their vision had been rejected. does that not negate your point? </document>
		<document> #user# #user# #user# jim, you are a riot. you should take that act out on the road sometime! 🤣 </document>
		<document> #user# #user# oh, i beg to differ. </document>
		<document> #user# #user# did you feel the same way when dadt was repealed in late 2010 before the gop took control of the house? </document>
		<document> #user# #user# where were they when dadt was repealed, or when the contracts tried to get rammed through under doyle in 2010? </document>
		<document> #user# good to see the budding libertarianism of the child here. </document>
		<document> #user# huzzah! good on ya, paul! </document>
		<document> #user# well, he has had a long career. good on him. </document>
		<document> #user# #user# #user# keep us informed. </document>
		<document> #user# #user# #user# glad to see the bills still have support. </document>
		<document> #user# #user# keep whipping those votes, boys! </document>
		<document> #user# #user# good to see this. let's save some dough on prevailing wage. </document>
		<document> #user# another example of #hashtag#. </document>
		<document> #user# rivals, but gentlemen. excellent statesmen, both. </document>
		<document> #user# a holiday worth celebrating. </document>
		<document> #user# a terrible tragedy. i am surprised union carbide survived the fallout. </document>
		<document> #user# it most certainly is. </document>
		<document> #user# the one part of the package that should be stopped. </document>
		<document> #user# i will take dershowitz's word on how this is still a process crime. </document>
		<document> #user# glad to see that. </document>
		<document> #user# good. the less dem hand son health care. the better. </document>
		<document> #user# se, come on. don't give in to the leftist talking points here. </document>
		<document> #user# he was a very good man. </document>
		<document> #user# i am reticent on this, but if it is proven worthy, i could get behind it. </document>
		<document> #user# glad to see this. </document>
		<document> #user# i am glad to see this. he deserves all of it. </document>
		<document> #user# eh, that wasn't my favorite part of the plan, anyway. </document>
		<document> #user# i can get behind this. </document>
		<document> #user# the dude abides! </document>
		<document> #user# he will be missed by all. </document>
		<document> #user# well, he has had a long career. good on him. </document>
		<document> #user# and i could not be happier with it. </document>
		<document> #user# this needs addressing by the president. </document>
		<document> #user# let them try. this is going to be humorous. </document>
		<document> #user# not a bad decision. </document>
		<document> #user# hmm. not the worst idea, at least now that efficiencies have been wringed out. </document>
		<document> #user# not good. protect it better next time. </document>
		<document> #user# a very good reason to have it. </document>
		<document> #user# yeah, this was expected. </document>
		<document> #user# there is no overruling. you will still have your office. stop complaining. </document>
		<document> #user# democracy is here. it hasn't left. stop overreacting. </document>
		<document> #user# that's an ornate funeral. </document>
		<document> #user# heckle him, don't heckle and ruin the kids' time in the spotlight. </document>
		<document> #user# and i couldn't be more proud of him. </document>
		<document> #user# well, he calls it the way he feels it. </document>
		<document> #user# i know some clinton e-mails that still need examination. </document>
		<document> #user# well, this area needs jobs, too. </document>
		<document> #user# a fun story. </document>
		<document> #user# makes sense. glad to see #hashtag# coming in to help even this industry. </document>
		<document> #user# well, they get an a for creativity. </document>
		<document> #user# good to see such a rise in hunting this year. good on the hunters of wisconsin. </document>
		<document> #user# huzzah! good on ya, paul! </document>
		<document> #user# #user# good to see this. let's save some dough on prevailing wage. </document>
		<document> #user# hmm, i wonder what ideology could cause this. </document>
		<document> #user# i expect this could get awkward for sisi. </document>
		<document> #user# sounds like a major overhaul should be in order. </document>
		<document> #user# good. congressional prerogatives must be maintained. </document>
		<document> #user# a nice, tight schedule. just as he would want it. </document>
		<document> #user# jettison the parts least desirable and hold firm. you got this, gop. </document>
		<document> #user# glad to see expansion right now. #hashtag# </document>
		<document> #user# #user# a nice repurposing. </document>
		<document> #user# oh, this is going to be fun to watch. bibi is a survivor. </document>
		<document> #user# a worthwhile cost to me. </document>
		<document> #user# the vagaries of power. the lege giveth, and the lege taketh away. </document>
		<document> #user# sounds about right. i am glad trump has the backup plans available for all of us, though. </document>
		<document> #user# it was a big one. this is going to take a while to work out. </document>
		<document> #user# just what we need here in 2020: more roving dems. </document>
		<document> #user# this is the way to eventually mainstream solar more, not by government mandate. </document>
		<document> #user# a fun story. </document>
		<document> #user# a legitimate fear. </document>
		<document> #user# he will be missed by all. </document>
		<document> #user# as long as it keeps pbr around, it is good by me. </document>
		<document> #user# i am glad to see this. good job, #user#. </document>
		<document> #user# i approve of all of this. </document>
		<document> #user# the logistics for the former are substantial. i do support the latter, though. </document>
		<document> #user# i don't like who won, either. that doesn't mean the policies are overall wrong. </document>
		<document> #user# good to see such progress being made on these fronts. </document>
		<document> #user# i am glad to see this. he deserves all of it. </document>
		<document> #user# that's rather disconcerting. </document>
		<document> #user# #user# #user# #user# i am sure they will figure things out in due time. </document>
		<document> #user# stocks go up and down. it'll work out. </document>
		<document> #user# took them long enough. </document>
		<document> #user# he was cut from a different cloth. there won't be another like him. </document>
		<document> #user# #user# #user# you win a few, you lose a few. i think our nominee could still win. </document>
		<document> #user# telling point, but i think there will be a compromise here. i want wedc preserved. </document>
		<document> #user# i am not overly worried about it right now. </document>
		<document> #user# well, good on trump here. </document>
		<document> #user# huzzah! good on ya, paul! </document>
		<document> #user# good to see such a rise in hunting this year. good on the hunters of wisconsin. </document>
		<document> #user# i can get behind that. </document>
		<document> #user# says the guy who supported the disestablishment of dadt after the 2010 election. </document>
		<document> #user# keep it up, gop! we support you! </document>
		<document> #user# says the guy who tried to rush contracts at the end of his term with a lame duck. </document>
		<document> #user# #user# i believe in balancing the power between the branches, so no, i am an advocate for democracy. </document>
		<document> #user# good. glad to see it. </document>
		<document> #user# the gop will survive and come to full control of the state again. don't count them out yet. </document>
		<document> #user# the most dignified power couple our country has had for a long time. </document>
		<document> #user# this insanity needs to end. </document>
		<document> #user# these things happen. it will stay lower over the winter regardless. </document>
		<document> #user# makes sense. more certainty in the market. </document>
		<document> #user# i hope he can pull through on this one. </document>
		<document> #user# interesting to note. </document>
		<document> #user# we will see if anything is actually done. i doubt it. </document>
		<document> #user# he was cut from a different cloth. there won't be another like him. </document>
		<document> #user# i hope there is a compelling reason for this, otherwise people could get rather upset. </document>
		<document> #user# it'll get done. </document>
		<document> #user# this is all a nothingburger. </document>
		<document> #user# macron needs to shed his tin ear. </document>
		<document> #user# glad to see such activity on this front. </document>
		<document> #user# france needs to get this figured out fast. </document>
		<document> #user# the political cross-currents here are striking. </document>
		<document> #user# i wish, but likely not. </document>
		<document> #user# i hope the rule goes through. </document>
		<document> #user# glad to see him receive what is due him. </document>
		<document> #user# a powerful message. </document>
		<document> #user# a good negotiating tactic. </document>
		<document> #user# interesting. glad we have the economic boost here. </document>
		<document> #user# interesting story to hear. </document>
		<document> #user# it was a good exercise for that, if nothing else. </document>
		<document> #user# he most certainly did. vaya con dios. </document>
		<document> #user# i think dershowitz is right. this is a process crime, and i doubt there is much to it. </document>
		<document> #user# they each have a thing of which to take away. i will enjoy the pause in tension before discussions resume. </document>
		<document> #user# good. let's hope he is forthcoming at it. </document>
		<document> #user# i am glad for that for his whole family. </document>
		<document> #user# we will see if anything is actually done. i doubt it. </document>
		<document> #user# that is their prerogative. </document>
		<document> #user# he was certainly that when we needed it most. </document>
		<document> #user# well, i hope it lights a fire under them. </document>
		<document> #user# that's rough. i hope they can rebuild soon. </document>
		<document> #user# he will survive this. he always does. </document>
		<document> #user# that's a pretty safe assumption. </document>
		<document> #user# that's no good at all for anyone. </document>
		<document> #user# another dem making plans to run. go figure. </document>
		<document> #user# he's got a lot on his plate. he is radical, but i hope he does well for our sake in america and his. </document>
		<document> #user# i hope this is net positive for the city, and not a boondoggle. </document>
		<document> #user# loyal to the end. </document>
		<document> #user# the left in pittsburgh continues on, just in a more out front capacity now. </document>
		<document> #user# not the worst idea. </document>
		<document> #user# this actually could be a great idea. </document>
		<document> #user# i hope there is a compelling reason for this, otherwise people could get rather upset. </document>
		<document> #user# #user# i am glad trump is doing this. good for him. </document>
	 <document> rt #user#: You must buy guns and ammunition to defend your life and freedom </document>
<document> rt #user#: rt if President Trump should withhold federal funds to states trying to steal our elections with voter fraud! </document>
<document> rt #user#: i would rather hear trump's brutal truths than obama's eloquent lies. </document>
<document> #user# any thoughts on this slow but accelerating transition? #url# </document>
<document> rt #user#: America Free Now </document>
<document> rt #user#: Here we go #url# </document>
<document> rt #user#: It turns out that government can be very effective by ignoring the regulatory state set by... the government. </document>
<document> rt #user#: jerry reed- eastbound and down #url# </document>
<document> Hey, remember the time a bunch of dems fell for an obvious parody quote from sen. graham? good times... </document>
<Document> rt #user#: If liberals don't believe in sex, why are they demonstrating for women's rights? 🤔 </document>
<document> #user# is that really an argument that can be seriously challenged? I don't believe. #Hashtag# </Document>
<document> #user# good! I hope he can relax a bit after the madness of the last two weeks. I also hope that he and his family are doing well. #Hashtag# </Document>
<document> #user# Well, it's obvious they hung it out to dry. From my point of view it feels like a setup to hurt the hunt. </document>
<document> rt #user#: Breaking: Emails allegedly link Ukrainian whistleblower to Obama White House meetings on Burisma. #url# </document>
<document> #user# a storybook that ends a turbulent time for him and his family. Good for the man and Laura. #Hashtag# </Document>
<document> #user# #user# I'm a pro-ethical hunter, but even I think that's smart. Respect. 😆 </document>
<document> #user# that's nice to see. a happy ending to a horrible week or so for the man. I hope he continues with his conservation work. </document>
<document> #user# so good to see that confirmation. we don't need voters to force reintroduction; with us it happens organically! </document>
<document> #user# #user# are you upset that he found happiness or that he is a legal hunter or both? no matter how bitter are you? </document>
<document> #user# That's good to see, especially considering how he became persona non grata for legitimate conservation work. #Hashtag# </Document>
<document> #user# how does one get upset about something that firstly has never been tried and secondly is a tried and true preservation practice? </document>
<document> rt #user#: this tweet will age well #url# </document>
<document> rt #user#: Trump tweets a photo of his face superimposed over Rocky Balboa's body #url# #url# </document>
<document> rt #user#: hey, #user# - try to accuse: #url# </document>
<document> rt #user#: live: #user# attends the White House Christmas tree delivery #url# </document>
<document> rt #user#: History for Haters: American was founded to challenge authority #url# </document>
<document> rt #user#: lindsey graham: i will call adam schiff to testify before the senate. #url# </document>
<Document> rt #user#: .#user#: "when the barriers to the business market are too high." #user#oped #url# </document>
<document> rt #user#: What should be investigated is quid per joe, his son and how much quid per batter was collected! </document>
<document> rt #user#: Ivanka Trump quotes Thomas Jefferson on "enemies and spies" in Washington after Trump impeachment vote </document>
<document> rt #user#: I never thought a Republican President could be indicted for crimes committed by Democrats </document>
<document> rt #user#: You would be luckier to get a fair justice system in China than Speaker Pelosis' House of Representatives. </document>
<document> rt #user#: live: President Trump holds joint press conference #url# </document>
<document> rt #user#: #user# #user#Are we the babysitters of the world? NO. </document>
<document> rt #user#: how times change #url# </document>
<document> rt #user#: It's Storm Area 51 day and we have our first Naruto run. #url# </document>
<document> rt #user#: speaker pelosi: enough with the excuses; we pass #hashtag#. It's time to put people before politics. #url# </document>
<document> rt #user#: #hashtag# doc brown was shot in the back by buford tannen over an $80 affair. #url# </document>
<document> exactly. Thanks for the tip Kira! #url# </document>
<document> #user# only certain subspecies are threatened. the angolan and south african giraffes are doing quite well despite the hunt. </document>
<document> remember when you joined twitter? I do! #Hashtag# #URL# </document>
<document> rt #user#: mitch mcconnell doesn't have access to a twitter account, but hamas does! great job #user#. #url# </document>
<document> #user# Well, groups that are usually aligned against each other. don't see that every day. </document>
<document> rt #user#: Breaking: The Supreme Court gives Trump the green light for a border wall #url# </document>
<document> #user# sounds good to me. #Hashtag# </Document>
<document> #user# that was the dumbest disassembly I've seen so far. actually I would have liked to see Hart doing it. </document>
<document> #user# a sad day in our history. </document>
<document> #user# It's nice to see Trump at one of our major sporting events, especially our burgeoning leadership of the armed forces. </document>
<document> #user# he cooperates, and then this happens. funny. </document>
<document> #user# will this nonsense ever stop. </document>
<document> #user# This should actually be an interesting case. </document>
<document> #user# I definitely agree with that. </document>
<document> #user# Given the scourge of opioid abuse, one of the few government programs I can stand behind. </document>
<document> #user# you can cite the convincing arguments of uc-berkeley crs in your case. this will be open and closed. </document>
<document> #user# It's nice to see Trump at one of our major sporting events, especially our burgeoning leadership of the armed forces. </document>
<document> #user# that's actually quite nice. </document>
<document> #user# #user# a sad day in our history. Thank you for your service. </document>
<document> #user# and #hashtag# comes back home to settle down. GM, you have to be careful. </document>
<document> #user# #user# #user# Well, technically they're still in power now, or they couldn't do what they're doing now. 😛 </document>
<document> #user# #user# but it was a lame duck after her vision was rejected. doesn't that negate your point? </document>
<document> #user# #user# #user# jim, you are a rioter. you should show that on the street! 🤣 </document>
<document> #user# #user# oh, I disagree. </document>
<document> #user# #user# did you feel the same way when dadt was lifted in late 2010 before the gop took control of the house? </document>
<document> #user# #user# where were you when dadt was repealed, or when the 2010 contracts were trying to get stomped under doyle? </document>
<document> #user# nice to see the child's burgeoning libertarianism here. </document>
<Document> #user# Hooray! good on you, paul! </document>
<document> #user# Well, he's had a long career. good to him. </document>
<Document> #user# #user# #user# keep us posted. </document>
<document> #user# #user# #user# Glad to see the bills still have support. </document>
<document> #user# #user# keep whipping those voices boys! </document>
<document> #user# #user# nice to see that. Let's save some money on the prevailing wage. </document>
<document> #user# Another example of #hashtag#. </document>
<document> #user# rivals, but gentlemen. excellent statesmen, both. </document>
<document> #user# worth a vacationcelebrate. </document>
<document> #user# a terrible tragedy. I'm surprised Union Carbide survived the fallout. </document>
<document> #user# certainly is. </document>
<document> #user# the one part of the package to stop. </document>
<document> #user# I'll take Dershowitz at his word that this is still a trial crime. </document>
<document> #user# is happy to see this. </document>
<document> #user# good. the less to hand son health care. the better. </document>
<document> #user# se, come on. Don't give in to leftist talking points here. </document>
<document> #user# he was a very good man. </document>
<document> #user# I'm reluctant to do this, but if it proves worthy I might figure it out. </document>
<document> #user# is happy about it. </document>
<document> #user# Glad to see this. he deserved it all. </document>
<document> #user# eh, that wasn't my favorite part of the plan anyway. </document>
<document> #user# I can figure it out. </document>
<Document> #user# the guy stays! </document>
<document> #user# he will be missed by everyone. </document>
<document> #user# Well, he's had a long career. good to him. </document>
<document> #user# and I couldn't be happier with it. </document>
<document> #user# this needs to be addressed by the President. </document>
<document> #user# let them try. this will be humorous. </document>
<document> #user# not a bad decision. </document>
<document> #user# hmm. not the worst idea, at least now that the efficiency has been exhausted. </document>
<document> #user# not good. Protect it better next time. </document>
<document> #user# a very good reason to have it. </document>
<document> #user# Yes, that was expected. </document>
<document> #user# there is no overvoting. You will still have your office. stop complaining </document>
<Document> #user# Democracy is here. it's not gone stop overreacting. </document>
<document> #user# this is an elaborate funeral. </document>
<document> #user# scold him, don't scold him and ruin kids' time in the spotlight. </document>
<document> #user# and I couldn't be prouder of him. </document>
<document> #user# well he calls it what he feels like. </document>
<document> #user# I know of some clinton emails that need to be checked. </document>
<document> #user# Well, this area also needs jobs. </document>
<document> #user# a funny story. </document>
<document> #user# makes sense. Glad to see #hashtag# is coming to help this industry too. </document>
<document> #user# Well, they get an A for creativity. </document>
<document> #user# It's nice to see such an increase in hunting this year. Good for the hunters of Wisconsin. </document>
<Document> #user# Hooray! good on you, paul! </document>
<document> #user# #user# nice to see that. Let's save some money on the prevailing wage. </document>
<document> #user# hmm, I wonder what ideology could be causing this. </document>
<document> #user# I assume that could be uncomfortable for sisi. </document>
<document> #user# sounds like an overhaul is in order. </document>
<document> #user# good. Congressional prerogatives must be preserved. </document>
<document> #user# a nice tight schedule. the way he wants it. </document>
<document> #user# Discard the least desirable parts and hold on. you got that, gop. </document>
<document> #user# is now happy about the extension. #Hashtag# </Document>
<document> #user# #user# a nice conversion. </document>
<document> #user# oh this will be fun to watch. bibi is a survivor. </document>
<document> #user# a worthwhile cost factor for me. </document>
<document> #user# the whims of power. the leg gives and the leg takes. </document>
<document> #user# sounds about right. I'm glad Trump has the backup plans in place for all of us. </document>
<document> #user# it was a big one. this will take a while to work out. </dodocument>
<document> #user# just what we need here in 2020: more roaming Dems. </document>
<document> #user# this is the way to eventually mainstream solar energy, not by government mandate. </document>
<document> #user# a funny story. </document>
<document> #user# a legitimate fear. </document>
<document> #user# he will be missed by everyone. </document>
<document> #user# as long as there is pbr, it's good for me. </document>
<document> #user# Glad to see this. Nice work #user#. </document>
<document> #user# I agree with all of this. </document>
<document> #user# the logistics for the former are considerable. But I support the latter. </document>
<document> #user# I don't like who won either. this does not mean that the guidelines are altogether wrong. </document>
<document> #user# Nice to see such progress being made on these fronts. </document>
<document> #user# Glad to see this. he deserved it all. </document>
<document> #user# this is quite worrying. </document>
<document> #user# #user# #user# #user# I'm sure they'll figure things out in due course. </document>
<document> #user# Stocks rise and fall. it will work. </document>
<document> #user# has lasted long enough. </document>
<document> #user# it was cut from a different fabric. there will be no other like him. </document>
<document> #user# #user# #user# you win some, you lose some. I think our candidate could still win. </document>
<document> #user# meaningful point, but I think there will be a compromise here. I want wedc to be preserved. </document>
<document> #user# I'm not too concerned about that at the moment. </document>
<document> #user# well, well on trump here. </document>
<Document> #user# Hooray! good on you, paul! </document>
<document> #user# It's nice to see such an increase in hunting this year. Good for the hunters of Wisconsin. </document>
<document> #user# I can figure it out. </document>
<document> #user# says the guy who helped resolve dadt after the 2010 election. </document>
<document> #user# keep it up, gop! we support you! </document>
<Document> #user# says the guy who tried to rush contracts at the end of his term with a lame duck. </document>
<document> #user# #user# I believe in balancing power between branches, so no, I'm a pro-democracy advocate. </document>
<document> #user# good. glad to see it. </document>
<document> #user# the gop will survive and regain full control of the state. don't count them out yet. </document>
<document> #user# the most dignified power couple our country has had in a long time. </document>
<document> #user# this madness has to end. </document>
<document> #user# these things happen. Nevertheless, it remains lower over the winter. </document>
<document> #user# makes sense. more security in the market. </document>
<document> #user# I hope he can pull this off. </document>
<document> #user# interesting to note. </document>
<document> #user# we will see if something has actually happened. I doubt it. </document>
<document> #user# it was cut from a different fabric. there will be no other like him. </document>
<document> #user# i hope there is a compelling reason for this, otherwise people could get quite upset. </document>
<document> #user# it will be done. </document>
<document> #user# that's all nothing. </document>
<document> #user# Macron needs to ditch his tin ear. </document>
<document> #user# welcomes such activity on this front. </document>
<document> #user# france needs to find out quickly. </document>
<document> #user# the political countercurrents here are striking. </document>
<document> #user# I wish, but probably not. </document>
<document> #user# I hope the rule goes through. </document>
<document> #user# is happy that he gets what he deserves. </document>
<document> #user# a strong message. </document>
<document> #user# a good negotiation tactic. </ddocument>
<document> #user# interesting. I am glad that we have an economic upswing here. </document>
<document> #user# interesting story to hear. </document>
<document> #user# it was good practice for this if nothing else. </document>
<document> #user# he certainly did. vaya con dios. </document>
<document> #user# I think dershowitz is right. This is a trial crime and I doubt there's much behind it. </document>
<document> #user# everyone has something to take with them. i will enjoy the suspenseful lull before the discussions resume. </document>
<document> #user# good. Let's hope he's accommodating about it. </document>
<document> #user# I'm happy for his whole family. </document>
<document> #user# we will see if something has actually happened. I doubt it. </document>
<document> #user# that's their prerogative. </document>
<document> #user# he was certainly the one we needed most. </document>
<document> #user# Well, I hope it kindles a fire among them. </document>
<document> #user# this is rough. I hope they can rebuild soon. </document>
<document> #user# he will survive. he always does. </document>
<document> #user# that's a pretty safe assumption. </document>
<document> #user# that's no use to anyone at all. </document>
<document> #user# another dem who makes plans for execution. Imagine that. </document>
<document> #user# he has a lot on his plate. he's radical, but i hope he does well for our purpose and his in america. </document>
<document> #user# I hope this is net positive for the city and not a blessing. </document>
<Document> #user# faithful to the end. </document>
<document> #user# the left in Pittsburgh carries on, only now in a more outward position. </document>
<document> #user# not the worst idea. </document>
<document> #user# that might actually be a great idea. </document>
<document> #user# i hope there is a compelling reason for this, otherwise people could get quite upset. </document>
<document> #user# #user# I'm glad Trump is doing this. good for him </document>