<author lang="en" class="1">
	<document> rt #user#: the four most dangerous people in the world today. #hashtag# #url# </document>
		<document> #user# #user# and clinton makes five. </document>
		<document> rt #user#: it really is a backward cult from the stone age, little to no respect for woman. #url# </document>
		<document> rt #user#: breaking: president trump to host the rush limbaugh show tomorrow as a virtual maga rally </document>
		<document> #user# #user# #user# #user# who was that actor who said he was mugged by trump supporters and wasn't? smollet? mollet? </document>
		<document> this is what a champagne nazi psycho socialist looks like. it's like nazi germany 1939 revisited. #url# </document>
		<document> #user# this is what a champagne nazi psycho socialist looks like. it's like nazi germany 1939 revisited. </document>
		<document> #user# #user# this practised liar could have won a gold medal in facial gymnastics. </document>
		<document> #user# #user# jo brand, acid comment on #user# ??? </document>
		<document> rt #user#: what the nazis borrowed from marx | ludwig von mises #url# </document>
		<document> rt #user#: brexit celebration 31-1-2020... #url# </document>
		<document> ... amazing discovery ... #url# </document>
		<document> rt #user#: mr robinson accepts prestigious freedom of speech award at the danish parliament... #url# </document>
		<document> rt #user#: the wonderful bill cash mp on the offensive... #url# </document>
		<document> rt #user#: uk: muslim threatens to cut tommy robinson's neck off #url# </document>
		<document> rt #user#: where do you want to live: red state or blue state? #url# </document>
		<document> why won't the democrats and their msm minions condemn the ccp? #url# </document>
		<document> rt #user#: china appears to censor vp mike pence’s ‘tough on china’ remarks during debate #url# via #user# #hashtag# </document>
		<document> rt #user#: trump supreme court justice nominee, amy coney barrett, would likely vote to strike down obamacare </document>
		<document> #user# why doesnt she just tattoo the word treason to her forehead? </document>
		<document> #user# is the panel suffering from mental health problems? </document>
		<document> rt #user#: khan! any relatives in london? #url# </document>
		<document> rt #user#: white house press secy. slams house speaker for suggesting to use 25th amendment to remove president from office - </document>
		<document> rt #user#: open your church. hebrews 10:25; matthew 16:18 #hashtag# </document>
		<document> rt #user#: tucker carlson should moderate the next debate. </document>
		<document> #user# #user# a layman would think she's a pathological liar. god knows what a professional would think. </document>
		<document> rt #user#: that's why keir and #user# are keeping quiet #url# </document>
		<document> #user# the next bbc chairman should be sir oliver cromwell. heads would literally roll. </document>
		<document> #user# #user# i thought hillary was going to moderate? </document>
		<document> rt #user#: definitely, we would not be allowed to do this in pakistan, so why are they allowed to do it in great britain? </document>
		<document> #user# #user# if a vaccine ever came along, could we even trust it? </document>
		<document> #user# #user# i'm sorry, but aren't you being a bit harsh on clowns? </document>
		<document> rt #user#: #user# why are democrats such liars? </document>
		<document> rt #user#: it’s obvious why the debate commission wants to make the debate virtual: to help joe biden. #user# </document>
		<document> rt #user#: get a grip, everyone. #url# </document>
		<document> rt #user#: remember it’s #hashtag#=chinese communist party virus. </document>
		<document> rt #user#: why do you never see an american flag on a house with a biden sign in the front yard? </document>
		<document> rt #user#: #user# #user# that's the very definition of a cult. don't ask questions just believe! </document>
		<document> #user# i can only think of sir winston churchill. </document>
		<document> rt #user#: blm-antifa rioters are smashing businesses &amp; homes in wauwatosa, wisc. tonight. video by #user#: </document>
		<document> rt #user#: #user# #user# just like clinton's russia hoax. now they're silent. </document>
		<document> #user# #user# treasonous act! no? </document>
		<document> rt #user#: #user# #hashtag# happening throughout europe, as per #hashtag# aided by the lefties #hashtag# </document>
		<document> #user# #user# just like clinton's russia hoax. now they're silent. </document>
		<document> rt #user#: where are you #user#? #url# </document>
		<document> rt #user#: newsmax has a great panel to review the debate tonight. </document>
		<document> #user# who would want to put this lying witch in charge of americas nuclear deterrent? </document>
		<document> rt #user#: pence won, the fly came in second, kamala came in a distant third </document>
		<document> rt #user#: supercut: joe biden promises to ban fracking if he's president. #url# </document>
		<document> rt #user#: .#user# what are you laughing at? </document>
		<document> #user# #user# can i suggest that you &amp; your family consider an alkaline food and drink regime. god bless you! </document>
		<document> rt #user#: joe biden has said he will ban fracking. there is no deceiving us, kamala! #hashtag# </document>
		<document> #user# why is the moderator now allowing harris to reply to pence's reply? nuts! bias! #user# #user# </document>
		<document> #user# she could win a gold medal in facial gymnastics. practiced liar. </document>
		<document> rt #user#: i'm voting for trump just so i don't have to see kamala's facial antics for the next 4 years! </document>
		<document> #user# #user# that's the very definition of a cult. don't ask questions just believe! </document>
		<document> rt #user#: rt if you want hillary clinton indicted!! </document>
		<document> rt #user#: kamala harris is awful at this. </document>
		<document> rt #user#: worth noting that susan page, tonight's moderator, is writing a biography on nancy pelosi 🤔 </document>
		<document> rt #user#: kamala harris doesn’t speak for women. </document>
		<document> rt #user#: breaking: cnn declares kamala harris victor of pence-harris debate. </document>
		<document> rt #user#: kamala is just awful. </document>
		<document> rt #user#: ban halal slaughter not only for animal welfare reasons, also for the good of our national identity then </document>
		<document> rt #user#: why is donna brazile and chris wallace on the debate panel? what station will you be watching the debate on? </document>
		<document> rt #user#: she put the toilet paper shortage at the top of her list of concerns 😭😭😂 #hashtag# </document>
		<document> #user# #user# #user# it depends what blue state one is living in. portland, new york, chicago? </document>
		<document> #user# #user# #user# #user# #user# british conservative or nazi spy? ... #user# #url# </document>
		<document> #user# #user# #user# #user# #user# germans were duped! #url# </document>
		<document> rt #user#: so scotland announced its baring any form of alcohol drinking indoors... sharia law much?? </document>
		<document> rt #user#: man who agrees with the media, universities, corporations, and hollywood thinks he's part of the resistance </document>
		<document> rt #user#: when this god hating, sin loving world is in agreement with you, it may be time to reexamine your position. </document>
		<document> rt #user#: shapiro: if trump wants to win, he needs to make biden the issue #url# #url# </document>
		<document> just ban tourists from china &amp; iran. #user# #url# </document>
		<document> rt #user#: i'm confused. is this the same #user# who pushed for the 10pm curfew a few weeks ago? 🤷🏻‍♀️ #url# </document>
		<document> rt #user#: #user# #user# #user# they're big english lads and can speak for themselves. </document>
		<document> #user# #user# #user# they're big english lads and can speak for themselves. </document>
		<document> yep, it is nonsensical! ... #url# </document>
		<document> rt #user#: well before great britain were tricked into joining the nazi founded eu... oh the joy! #url# </document>
		<document> sen. rand paul reminds us that hitler was a psych-socialist ... #url# </document>
		<document> rt #user#: further evidence the eu is of german/nazi origin... #url# </document>
		<document> rt #user#: a massive clash of cultures. totally incompatible... loving christianity versus brutal islam. #url# </document>
		<document> rt #user#: biden just lost the mexican-american vote- joe and kamala better get control of their blm mob supporters... </document>
		<document> #user# 100% no. get her in quick smart. #user# </document>
		<document> #user# #user# greatly delayed justice is greatly denied justice. </document>
		<document> rt #user#: britain's commonwealth, 1970's melbourne, australia, before massive immigration: #url# </document>
		<document> rt #user#: breaking ... new cnn poll. #url# </document>
		<document> rt #user#: budget: the price of our fear #hashtag# #url# </document>
		<document> #user# #user# #user# i like to encourage comment, criticism. </document>
		<document> abolish the unelected lords/blairite's club. asap. #user# #user# #user# #user# #url# </document>
		<document> rt #user#: yep... should be mandatory for all these thousands of new houses he's going to build. #url# </document>
		<document> did the demokkkrats steal the uk's conservative party's slogan 'build back better'???#user# #user# #url# </document>
		<document> #user# #user# #user# that's david. someone noticed! #user# #user# </document>
		<document> #user# salty chips with vanilla ice cream washed down with nice hot ale? </document>
		<document> #user# #user# she may well literally, by magic, turn into a parrot one day. crackers! </document>
		<document> #user# great reply to the hypocrite robbie what's his name. good on you carole. </document>
		<document> #user# good old judeo christian common sense. something marxists don't have and never will have. </document>
		<document> but isn't 'build back better' the democrats current slogan in the us? #user# #user# #user# #url# </document>
		<document> #user# #user# that's the spirit carole! meanwhile in america... #url# </document>
		<document> the republican party has finally learned how to fight from trump #url# via #user# </document>
		<document> #user# "fear? what is it? what does it look like? i've never seen it” - a young horatio nelson. #user# #user# </document>
		<document> rt #user#: the trump message echoes fdr in the 1930s — there is nothing to fear but fear itself. powerful. #url# </document>
		<document> #user# #user# yep, they might catch it off this hair sniffer. </document>
		<document> rt #user#: put a fork in #hashtag# he’s done. campaign ender... 👇🏼🤮#url# </document>
		<document> #user# #user# is this over constant sharia law, halal promotion? </document>
		<document> rt #user#: how youngsters use to be before socialism brainwashed them... #url# </document>
		<document> #user# #user# #user# you can't be that far gone surely? </document>
		<document> how youngsters use to be before socialism brainwashed them... #url# </document>
		<document> rt #user#: it's ok, they're just auditioning to be #user# contributors #url# </document>
		<document> rt #user#: former england cricketer ian botham has just been sworn into the house of lords. what are your thoughts? </document>
		<document> #user# i think he was a big fan of norman wisdom? </document>
		<document> rt #user#: democracy only works if all people have free access to uncensored information. </document>
		<document> #user# #user# thank you home secretary. thank you! #user# #user# </document>
		<document> rt #user#: these champagne nazi socialists can do what ever they want, just like this mob ... #url# </document>
		<document> more than words are required. #user# #user# #url# </document>
		<document> these champagne nazi socialists can do what ever they want, just like this mob ... #url# #url# </document>
		<document> #user# #user# #user# #user# #user# that's a lie and you know it. </document>
		<document> #user# #user# facts don't care about your feelings - ben shapiro. #user# </document>
		<document> #user# #user# non muslims don't like barbaric halal slaughter. that part of sharia law. </document>
		<document> #user# #user# i hope medics are not treating covid patients like this poor chap ... #url# </document>
		<document> #user# #user# not so much if you're in the 19 to 38 age group. </document>
		<document> rt #user#: well done donald. #url# </document>
		<document> rt #user#: appearing on #user# shortly. </document>
		<document> thank you for 150,000 subscribers! #url# via #user# </document>
		<document> rt #user#: #user# the fact is, to merely attempt a cou is treason. #user# #user# #user# </document>
		<document> the socialist msm needs replacing... they're corrupt to the core... #url# </document>
		<document> #user# with no conditions its totally idiotic. do masks work for this type of virus? </document>
		<document> rt #user#: right now we are experiencing news heroin. </document>
		<document> rt #user#: "how dare you" 😂😂😂 #url# </document>
		<document> how are corona virus lockdowns etc affecting business people? are we facing economic collapse? #url# </document>
		<document> #user# okay now i feel played. what about visors then? #user# </document>
		<document> okay, now i feel played! how about you? #user# #user# how about visors then? #url# </document>
		<document> rt #user#: watch joe biden debate joe biden | 710 wor #url# </document>
		<document> rt #user#: bumblebee's feeling a bit defeated and needs some pick-me-up tunes 🎶 which decade had the best music? </document>
		<document> #user# #user# he looked like a strong healthy man in the debate. pinochijoe looked sick, not the president. </document>
		<document> a massive clash of cultures. totally incompatible... loving christianity versus brutal islam. #url# </document>
		<document> #user# yep, uk are not ready for them. </document>
		<document> rt #user#: denmark: prime minister says sharia is 'wrong. it is oppressive of women. it must never, ever become danish.' </document>
		<document> rt #user#: should pelosi be president while trump is quarantined? </document>
		<document> rt #user#: president #user#’s physician, dr. sean conley, will be giving an update from walter reed at 11 am et. </document>
		<document> #user# #user# #user# #user# president mcenany. it has a ring to it. future president. #user# </document>
		<document> #user# it's in the gospel of jesus christ. beware of false jesus's and false gospels. god bless! </document>
		<document> rt #user#: breaking: gretchen whitmer exceeded powers during pandemic, michigan supreme court rules #url# </document>
		<document> rt #user#: #user# kim jong un has more class than the media and the democrat party </document>
		<document> rt #user#: we are watching an activist media and political base wish death upon trump. never forget this. </document>
		<document> rt #user#: chris wallace is done. he’s megyn kelly with a smaller dick, but the same sad future in journalism. </document>
		<document> laurence fox on his new political party, a £5 million donation and 'woke... #url# via #user# </document>
		<document> rt #user#: see how vile the left are. such awful and intolerant people. if biden wins, they are in charge #url# </document>
		<document> #user# you mean boris has withdrawn their 4 star, red carpet treatment and now they regret escaping safe haven france. oh dear! </document>
		<document> #user# #user# #user# i don't believe one word you're saying. </document>
		<document> #user# #user# #user# no, he's saying, you should start reading the book of revelation. </document>
		<document> #user# #user# #user# another typical evil comment from a typical champagne nazi socialist. highly predictable! </document>
		<document> #user# britain's prayers are with them. the god of abraham is with them. they'll be fine. </document>
		<document> #user# the fact is, to merely attempt a cou is treason. #user# #user# #user# </document>
		<document> #user# #user# totally agree with lozza! </document>
		<document> rt #user#: actor and musician #user# on the scottish government's controversial hate crime proposals. #url# </document>
		<document> #user# #user# swamp creature's like anything green. no offense to the irish, they're an exception to this rule. </document>
		<document> rt #user#: we can never have a clean break brexit with an eu treaty. after 4 years of agony the time has come to just leave. </document>
		<document> 'we are at a frightening moment in history' with communist china: bolt #url# via #user# </document>
		<document> #user# a prime minister bill cash would never have signed it. #user# #user# #user# #user# </document>
		<document> #user# the blue part. </document>
		<document> rt #user#: #user# how many billion did biden &amp; obama give to terrorist country iran? next debate. #user# </document>
		<document> rt #user#: #user# #user# nominated for 3 nobel peace prizes by three different countries! #hashtag# </document>
		<document> the demokkkrats are evil. #user# #user# @ #url# </document>
		<document> rt #user#: i’m voting in person for president trump on november 3rd. how bout you? </document>
		<document> #user# #user# do you have any interesting news? </document>
		<document> rt #user#: demands intensify for joe rogan to host next presidential debate following chris wallace's performance </document>
		<document> rt #user#: ‘unique perspective’: family groups applaud the possibility of a mother on the supreme court #url# </document>
		<document> #user# how many billion did biden &amp; obama give to terrorist country iran? next debate. #user# </document>
		<document> rt #user#: here it is: joe biden saying inshallah #hashtag# #url# </document>
		<document> #user# yep! these champagne nazi socialists are going to lose lose lose, just like goebbels. their ratings continue to plummet. </document>
		<document> rt #user#: jake tapper, democrat hack #url# </document>
		<document> #user# treason. noun. ...the crime of betraying one's country, especially by attempting to kill or overthrow the sovereign or government. </document>
		<document> #user# #user# #user# you really are barking mad. and you know it too. </document>
		<document> #user# #user# #user# #user# if you're not joking, you must be one of the greatest idiots known to man. </document>
		<document> rt #user#: has joe biden ever signed the front of a pay check? </document>
		<document> rt #user#: this is the sunna of mohammed. the sharia law punishment for apostasy (leaving islam) is death. </document>
		<document> rt #user#: biden: antifa is an idea. not an organization. </document>
		<document> rt #user#: "there are few things more dishonorable than misleading the young." --#user# #hashtag# </document>
		<document> rt #user#: the year started off so well. #url# </document>
		<document> #user# we now only need bill cash to take over as pm and we're set to fully dump the corrupt eu. </document>
		<document> rt #user#: more of the radical gender agenda at your fingertips. #url# </document>
		<document> #user# the demokkkrats playing the victimhood game again. they're evil. </document>
		<document> rt #user#: ‘how many more get away?’ farage releases footage of migrants #url# via #user# </document>
		<document> #user# #user# the words 'high treason' comes to mind. </document>
		<document> #user# #user# the word hypocrite comes to mind. no? </document>
		<document> #user# #user# they've brought this election into disrepute. they should be disqualified forthwith. </document>
		<document> rt #user#: must watch! democrats #hashtag# scheme exposed. #url# </document>
		<document> #user# #user# escaping safe haven france huh? ... #url# </document>
		<document> rt #user#: awesome &amp; well deserved. #url# </document>
		<document> #user# as daniels says he calls himself a professional pretender. </document>
		<document> rt #user#: barack obama’s secret plan to impose a new world order just blew up in his face #url# </document>
		<document> rt #user#: #user# #user# greatest president since lincoln. perhaps the greatest president ever! #user# </document>
		<document> #user# #user# #user# well said tony. </document>
		<document> rt #user#: i agree with every word in today’s letter in support of #user# and would have happily signed it </document>
		<document> britain is being racialised by the left through toxic identity politics ... #url# via #user# </document>
		<document> #user# #user# the champagne nazi socialists just love their pinochijoe. </document>
		<document> #user# #user# one could start up one's own puppet fair? </document>
		<document> high treason again? #user# #user# #url# </document>
		<document> rt #user#: rep. ilhan omar’s (alleged) vote harvesters show how fraud is done #url# </document>
		<document> rt #user#: i wonder if she knows that it was labour that introduced tuition fees in 1998? #url# </document>
	  <Author lang="de" class="1">
<document> rt #user#: the four most dangerous people in the world today. #Hashtag# #URL# </document>
<document> #user# #user# and Clinton makes five. </document>
<document> rt #user#: It really is a backward stone age cult, little to no respect for women. #url# </document>
<document> rt #user#: breaking: President Trump is hosting the Rush Limbaugh Show tomorrow as a virtual maga rally </document>
<document> #user# #user# #user# #user# Who was this actor who said he was mugged by Trump supporters and wasn't? pout? mole? </document>
<Document> this is what a champagne Nazi psychosocialist looks like. It's like Nazi Germany 1939 revisited. #url# </document>
<document> #user# this is what a champagne Nazi psychosocialist looks like. It's like Nazi Germany 1939 revisited. </document>
<document> #user# #user# this practiced liar could have won a gold medal in facial gymnastics. </document>
<document> #user# #user# jo brand, sour comment on #user# ??? </document>
<document> rt #user#: what the nazis borrowed from marx | ludwig von mises #url# </document>
<document> rt #user#: Brexit Celebration 31-1-2020... #url# </document>
<document> ... amazing discovery ... #url# </document>
<document> rt #user#: mr robinson accepts prestigious award for freedom of speech in danish parliament... #url# </document>
<document> rt #user#: the wonderful Bill Cash mp on offense... #url# </document>
<document> rt #user#: uk: muslim threatens to cut off tommy robinson's throat #url# </document>
<document> rt #user#: where would you like to live: red state or blue state? #url# </document>
<Document> Why Don't the Democrats and Their MSM Henchmen Condemn the CCP? #url# </document>
<document> rt #user#: china appears to be censoring vp mike pence's remarks “tough on china” during the debate #url# via #user# #hashtag# </document>
<document> rt #user#: Amy Coney Barrett, Trump's Supreme Court nominee, would likely vote to strike down Obamacare </document>
<document> #user# why doesn't she just tattoo the word treason on her forehead? </document>
<document> #user# Does the panel suffer from mental health issues? </document>
<Document> rt #user#: Khan! Any relatives in London? #url# </document>
<document> rt #user#: white house press secy. blasts House Speaker for suggesting use of 25th Amendment to remove President from office - </document>
<Document> rt #user#: Open your church. Hebrews 10:25; Matthew 16:18 #hashtag# </document>
<document> rt #user#: tucker carlson should moderate the next debate. </document>
<document> #user# #user# a layperson would take her for a pathological liar. God knows what a pro would think. </document>
<document> rt #user#: That's why keir and #user# #url# </document> are silent
<document> #user# the next BBC chairman should be Sir Oliver Cromwell. Heads would literally roll. </document>
<document> #user# #user# I thought Hillary was moderating? </document>
<document> rt #user#: definitely, in pakistan we wouldn't be allowed to do that, so why are they allowed to do that in the uk? </document>
<document> #user# #user# If there was ever a vaccine, could we even trust it? </document>
<document> #user# #user# I'm sorry, but aren't you a little hard on clowns? </document>
<document> rt #user#: #user# why are democrats such liars? </document>
<document> rt #user#: It's obvious why the Debate Committee wants to make the debate virtual: to help Joe Biden. #User# </Document>
<document> rt #user#: Pull yourself together, everyone. #url# </document>
<document> rt #user#: Remember, it's #hashtag#=Chinese Communist Party virus. </document>
<document> rt #user#: Why don't you ever see an American flag on a house with a Biden sign in the front yard? </document>
<document> rt #user#: #user# #user# this is the actual definition of a cult. Don't ask questions, just believe! </document>
<document> #user# I can only think ofor Sir Winston Churchill. </document>
<document> rt #user#: blm-antifa rioters destroy companies &amp; Homes in Wauwatosa, Wisc. tonight. Video by #user#: </document>
<document> rt #user#: #user# #user# just like Clinton's Russia hoax. now they are silent. </document>
<document> #user# #user# treacherous act! NO? </document>
<document> rt #user#: #user# #hashtag# is happening across Europe, according to #hashtag# supported by leftists #hashtag# </document>
<document> #user# #user# just like Clinton's Russia hoax. now they are silent. </document>
<document> rt #user#: where are you #user#? #url# </document>
<document> rt #user#: newsmax has a great panel to review the debate tonight. </document>
<document> #user# Who would put this lying witch in charge of America's nuclear deterrent? </document>
<document> rt #user#: Pence won, the fly came second, Kamala came third </document>
<document> rt #user#: supercut: Joe Biden promises to ban fracking when he's president. #url# </document>
<document> rt #user#: .#user# what are you laughing at? </document>
<document> #user# #user# can I suggest you &amp; Her family is considering an alkaline diet and drink. Godd bless you! </document>
<Document> rt #user#: Joe Biden has said he will ban fracking. we can't fool ourselves, kamala! #Hashtag# </Document>
<document> #user# Why is the moderator now allowing Harris to reply to Pence's reply? Nuts! bias! #user# #user# </document>
<document> #user# she was able to win a gold medal in facial gymnastics. practiced liar. </document>
<document> rt #user#: i'm voting for trump just so i don't have to watch kamala's facial antics for the next 4 years! </document>
<document> #user# #user# this is the actual definition of a cult. Don't ask questions, just believe! </document>
<document> rt #user#: rt if you want Hillary Clinton impeached!! </document>
<document> rt #user#: kamala harris is terrible at this. </document>
<document> rt #user#: It's worth noting that Susan Page, today's presenter, is writing a bio about Nancy Pelosi 🤔 </document>
<Document> rt #user#: Kamala Harris does not speak for women. </document>
<Document> rt #user#: Breaking: CNN declares Kamala Harris the winner of the Pence Harris debate. </document>
<document> rt #user#: Kamala is just awful. </document>
<document> rt #user#: Ban on halal slaughter not only for animal welfare reasons but also for the benefit of our national identity </document>
<document> rt #user#: why are donna brazile and chris wallace on the debate panel? Which channel are you watching the debate on? </document>
<document> rt #user#: She put the toilet paper shortage at the top of her list of concerns 😭😭😂 #hashtag# </document>
<document> #user# #user# #user# it depends on which Blue State you live in. Portland, New York, Chicago? </document>
<Document> #user# #user# #user# #user# #user# British Conservative or Nazi Spy? ... #user# #url# </document>
<document> #user# #user# #user# #user# #user# Germans were cheated! #url# </document>
<document> rt #user#: so scotland has announced that it will ban all forms of indoor alcohol consumption... much sharia law?? </document>
<document> rt #user#: Man who agrees with the media, academia, corporations and Hollywood thinks he's part of the resistance </document>
<document> rt #user#: If this god-hating, sin-loving world agrees with you, maybe it's time to reconsider your position. </document>
<document> rt #user#: shapiro: if trump wants to win, he must biden the output #url# #url# </document>
<document> only ban tourists from China &amp; Iran. #user# #url# </document>
<Document> rt #user#: I'm confused. is this the same #user# who pushed for the 10pm curfew a few weeks ago? 🤷🏻‍♀️ #url# </document>
<document> rt #user#: #user# #user# #user# they are tall English lads and can speak for themselves. </document>
<document> #user# #user# #user# they are tall english lads and can speak for themselvesp.</document>
<document> yes, it's nonsensical! ... #url# </document>
<document> rt #user#: long before britain was lured into joining the nazi-founded eu... oh the joy! #url# </document>
<document> sen. Rand Paul reminds us that Hitler was a psychosocialist... #url# </document>
<document> rt #user#: further proof that the eu is of german/nazi origin... #url# </document>
<document> rt #user#: a mighty clash of cultures. totally incompatible... loving christianity versus brutal islam. #url# </document>
<document> rt #user#: biden just lost the mexican-american vote - joe and kamala better get control of their blm mob followers... </document>
<Document> #User# 100% no. Get them smart fast. #User# </Document>
<document> #user# #user# severely delayed justice is severely denied. </document>
<document> rt #user#: britain's commonwealth, 1970s Melbourne, Australia, before massive immigration: #url# </document>
<Document> rt #user#: Breaking ... new cnn poll. #url# </document>
<document> rt #user#: budget: the price of our fear #hashtag# #url# </document>
<document> #user# #user# #user# I like to encourage comments, criticism. </document>
<Document> Abolishes the Club of Unelected Lords/Blairites. as soon as possible. #user# #user# #user# #user# #url# </document>
<document> rt #user#: yep... should be mandatory for all those thousands of new houses he's going to build. #url# </document>
<document> did the demokkkrats steal the British Conservative party's slogan 'Build back better'???#user# #user# #url# </document>
<document> #user# #user# #user# this is David. someone noticed! #user# #user# </document>
<document> #user# salty fries with vanilla ice cream washed down with hot ale? </document>
<document> #user# #user# she could someday literally magically turn into a parrot. Cracker! </document>
<document> #user# great answer to the hypocritical Robbie, what's his name. Good on you carole. </document>
<Document> #user# good old Judeo-Christian common sense. something Marxists do not have and never will have. </document>
<document> but isn't "Build back better" the current slogan of the US Democrats? #user# #user# #user# #url# </document>
<document> #user# #user# this is the ghost Carole! meanwhile in america... #url# </document>
<document> the Republican Party has finally learned to fight against Trump #url# via #user# </document>
<document> #user# "Fear? What is it? What does it look like? I've never seen it" - a young Horatio Nelson. #user# #user# </document>
<Document> rt #user#: The Trump message echoes fdr in the 1930s - there is nothing to fear but fear yourself. powerful. #url# </document>
<document> #user# #user# yes, they could catch it from that hair sniffer. </document>
<document> rt #user#: put a fork in #hashtag# it's done. Campaign end... 👇🏼🤮#url# </document>
<document> #user# #user# is this about permanent sharia law, halal advertising? </document>
<document> rt #user#: How teenagers used to be before socialism brainwashed them... #url# </document>
<document> #user# #user# #user# You can't get that far yet, can you? </document>
<document> how teenagers used to be before socialism brainwashed them... #url# </document>
<document> rt #user#: it's ok, they only audition to be #user# contributors #url# </document>
<document> rt #user#: Former England cricketer Ian Botham has just been sworn into the House of Lords. What are your thoughts? </document>
<document> #user# I think he was a big fan of Norman wisdom? </document>
<document> rt #user#: Democracy only works if everyone has free access to uncensored information. </document>
<Document> #user# #user# Thank you Minister of the Interior. Thanks! #user# #user# </document>
<document> rt #user#: These sect Nazi socialists can do whatever they want, just like this mob... #url# </document>
<document> more than words are required. #User# #User# #URL# </Document>
<Document> this champagne Nazi societyAlists can do whatever they want, just like this mob... #url# #url# </document>
<document> #user# #user# #user# #user# #user# that's a lie and you know it. </document>
<document> #user# #user# Facts don't care about your feelings - Ben Shapiro. #User# </Document>
<Document> #user# #user# Non-Muslims don't like barbaric halal slaughter. this part of Sharia. </document>
<document> #user# #user# I hope medical professionals don't treat Covid patients like that poor guy... #url# </document>
<document> #user# #user# not so much if you are in the 19 to 38 age group. </document>
<Document> rt #user#: Well done Donald. #url# </document>
<document> rt #user#: Coming soon to #user#. </document>
<Document> Thank you for 150,000 subscribers! #url# via #user# </document>
<document> rt #user#: #user# The fact is, even trying is treason. #user# #user# #user# </document>
<document> the socialist msm needs to be replaced... they are corrupt to the core... #url# </document>
<document> #user# without conditions is completely idiotic. Do masks work on this type of virus? </document>
<document> rt #user#: we are currently experiencing new heroin. </document>
<Document> rt #user#: "How dare you" 😂😂😂 #url# </Document>
<Document> How are Corona virus lockdowns etc. affecting business people? Are we facing economic collapse? #url# </document>
<document> #user# okay, now I feel played. then what about sights? #User# </Document>
<document> okay, now I feel played! And you? #user# #user# then how about visors? #url# </document>
<Document> rt #user#: View Joe Biden Debate Joe Biden | 710 wor #url# </document>
<document> rt #user#: bumblebee is feeling a little low and needs some pick-me-up tunes 🎶 which decade had the best music? </document>
<document> #user# #user# he looked like a strong, healthy man in the debate. Pinochijoe looked sick, not the president. </document>
<document> a massive clash of cultures. totally incompatible... loving christianity versus brutal islam. #url# </document>
<document> #user# yes, uk is not ready for it yet. </document>
<Document> rt #user#: Denmark: PM says Sharia is 'wrong'. it oppresses women. it must never become Danish.' </document>
<Document> rt #user#: Should Pelosi be president while Trump is quarantined? </document>
<document> rt #user#: Physician to the President #user#, Dr. Sean Conley, will be providing an update from Walter Reed at 11am et. </document>
<document> #user# #user# #user# #user# President Mcenany. it has a sound. future president. #User# </Document>
<document> #user# it's in the Gospel of Jesus Christ. beware of false jesus and false gospels. God bless! </document>
<document> rt #user#: Breaking: Gretchen Whitmer has exceeded her powers during a pandemic, the Michigan Supreme Court rules #url# </document>
<document> rt #user#: #user# kim jong un has more class than the media and the Democratic Party </document>
<document> rt #user#: We see an activist media and political base wishing Trump dead. Never forget that. </document>
<document> rt #user#: Chris Wallace is done. He's Megyn Kelly with a smaller dick but the same sad future in journalism. </document>
<document> Laurence Fox on his new political party, a £5m donation and "woke up... #url# via #user# </document>
<document> rt #user#: Look how despicable the leftists are. such terrible and intolerant people. If Biden wins, they are responsible #url# </document>
<document> #user# They mean Boris retired his 4-star treatment on the red carpet and now they regret escaping the safe haven of France. ouch! </document>
<document> #user# #user# #user# I don't believe you. </document>
<document> #user# #user# #user# no, he says you should start reading the book of revelation. </document>
<Document> #user# #user# #user# Another typical nasty comment from a typical champagne Nazi socialist. very predictable! </document>
<document> #user# bRitain's prayers are with them. The God of Abraham is with them. they will be fine. </document>
<document> #user# The fact is, even trying is treason. #user# #user# #user# </document>
<document> #user# #user# totally agree with Lozza! </document>
<Document> rt #user#: Actor and musician #user# on the Scottish Government's controversial hate crime proposals. #url# </document>
<Document> #user# #user# Swamp creature is like anything green. nothing against the irish, they are an exception to this rule. </document>
<document> rt #user#: we can never break brexit cleanly with an eu treaty. After 4 years of agony it's time to just go. </document>
<document> 'We are at a frightening moment in history' with Communist China: #url# via #user# </document>
<document> #user# she would never have signed a prime minister's bill. #user# #user# #user# #user# </document>
<document> #user# the blue part. </document>
<document> rt #user#: #user# how many billions did Biden &amp; obama gives iran to terrorist country next debate. #User# </Document>
<document> rt #user#: #user# #user# nominated by three different countries for 3 Nobel Peace Prizes! #Hashtag# </Document>
<Document> the Democccrats are evil. #user# #user# @ #url# </document>
<document> rt #user#: I am personally voting for President Trump on November 3rd. how about you </document>
<document> #user# #user# do you have any interesting news? </document>
<document> rt #user#: Calls for Joe Rogan to moderate the next presidential debate after Chris Wallace's appearance are growing </document>
<document> rt #user#: "unique perspective": Family groups welcome the possibility of a mother on the Supreme Court #url# </document>
<document> #user# how many billions did biden &amp; obama gives iran to terrorist country next debate. #User# </Document>
<document> rt #user#: here it is: Joe Biden says inshallah #hashtag# #url# </document>
<document> #user# yes! these champagne Nazi socialists will lose, lose, lose, just like Goebbels. Their ratings keep going down. </document>
<document> rt #user#: jake tapper, democrat hack #url# </document>
<Document> #user# Treason. Noun. ... the crime of betraying one's country, particularly by attempting to kill or overthrow the sovereign or government. </document>
<document> #user# #user# #user# you're barking really crazy. and you know it too </document>
<document> #user# #user# #user# #user# if you're not kidding, you must be one of the biggest idiots known to man. </document>
<document> rt #user#: Has Joe Biden ever signed the front of a paycheck? </document>
<document> rt #user#: this is the sunnah of mohammed. The penalty of Sharia law for apostasy (leaving Islam) is death. </document>
<Document> rt #user#: biden: Antifa is an idea. no organization. </document>
<document> rt #user#: "There are few things more dishonorable than to mislead the youth." --#user# #hashtag# </document>
<document> rt #user#: the year started so well. #url# </document>
<document> #user# we now only need bill cash to take over as pm and we are ready to unload the corrupt eu completely. </document>
<document> rt #user#: more of the radical gender agenda at your fingertips. #url# </document>
<document> #user# the demokkkrats are playing the victim game again. You are evil. </document>
<document> rt #user#: "how many are still leaving?" farage publishes pictures of migrants #url# via #user# </document>
<document> #user# #user# the word "high treason" comes to mind. </document>
<document> #user# #user# the word hypocrite comes to mind. NO? </document>
<document> #user# #user# they have discredited this election. they should be immediately disqualified. </document>
<document> rt #user#: definitely have a look! Democrat #hashtag# scheme exposed. #url# </document>
<Document> #user# #user# flees safe haven France, huh? ... #url# </document>
<document> rt #user#: awesome &amp; well deserved. #herl# </document>
<document> #user# as Daniels says, he calls himself a professional hypocrite. </document>
<document> rt #user#: He just blew up Barack Obama's secret plan to impose a new world order #url# </document>
<document> rt #user#: #user# #user# greatest president since Lincoln. maybe the greatest president of all time! #User# </Document>
<Document> #user# #user# #user# Well said Tony. </document>
<document> rt #user#: I agree with every word of today's letter in support of #user# and would have liked to have signed it </document>
<document> Britain is being racialized by the left through toxic identity politics... #url# via #user# </document>
<document> #user# #user# the sparkling Nazi socialists just love their Pinochijoe. </document>
<document> #user# #user# could you start your own puppet market? </document>
<Document> Treason again? #User# #User# #URL# </Document>
<document> rt #user#: rep. ilhan omar's (alleged) vote collectors show how cheating is done #url# </document>
<document> rt #user#: I wonder if she knows the work introduced tuition in 1998? #url# </document>