   
	<document> still at work, sleepy asf...tryna figure out how ima make it to class #user#:30 🤔😩 </document>
		<document> #user# oh yea i see u at planet </document>
		<document> #user# i got a membership already and everything lol, i’m excited </document>
		<document> #user# but naw my finals this week and i have a lot of studying to do but i said i was gon start after the semester over </document>
		<document> #user# lol no thanks </document>
		<document> #user# ima try and start next month 🙏🏾 </document>
		<document> #user# i’m lazy 😔 </document>
		<document> #user# i swear i’ma start going to the gym soon 😩 </document>
		<document> it’s a certain lifestyle i plan on me and the boy having, we gon be str8! </document>
		<document> i’m my biggest critic 😩😩😩 </document>
		<document> unlike some my priorities are in order </document>
		<document> sacrifices have to made for the goals i’m tryna accomplish </document>
		<document> i really have to take better care of myself overall, i wanna live long </document>
		<document> i’m just tryna eat better, work out and save money </document>
		<document> people out here tryna create a family with whoever they meet 🙄 </document>
		<document> season 4 of htgawm finally on netflix 🙌🏾 </document>
		<document> bbw coming back on finally! 😊 </document>
		<document> i’m actually kinda relieved to not be receiving texts from mfs i’ll never respond to </document>
		<document> soooooooo new number, no contacts, no pics, no apps no nothing! 😠 </document>
		<document> i had to get a new number and i can’t get in my icloud 🙄 </document>
		<document> i have to change the way i’m eating, it’s starting to take a toll on my body </document>
		<document> bout to retake this test, i didn’t like the grade i got the first time...wish me luck </document>
		<document> good morning 🤗 #url# </document>
		<document> ima just rejoice cuz i’m off tomorrow 😌 </document>
		<document> management be acting gay asf i swear 😒 </document>
		<document> now y’all expecting niggas to get y’all kids doggybags on a date 🤔🤦🏾‍♀️ </document>
		<document> my whole life is under construction and that’s a good thing </document>
		<document> last week of class next week and i couldn’t be happier 😌 </document>
		<document> dateline be having me up every night after work 😩 </document>
		<document> i think it’s time to come back to twitter, i miss it here lol </document>
		<document> so i should probably stop paying that $10 a month huh 🤔 </document>
		<document> i just realized xfinity got netflix and youtube now </document>
		<document> bout to watch this chris tucker stand up...i hope it's at least kinda funny 😐 </document>
		<document> i've been neglecting myself, i deserve so much more...and since i know better, i'll be doing better 😏 </document>
		<document> i stayed down long enough and i definitely came up 💪🏾 </document>
		<document> this year i'm coming out more, the drought over 😎 </document>
		<document> happy new year! </document>
		<document> i'm corny as hell tho, i think a lot of shit funny 😂 </document>
		<document> i'm watching this deray davis shit on netflix and this shit funny as hell 😂😂😂 </document>
		<document> after i'm done cleaning up, i'm rollin up and chillin on the couch watching tv til i fall asleep ☺️ </document>
		<document> my mama always cleaned the whole crib before the new year, now i'm doing the same shit </document>
		<document> i been cleaning for hours 😩😩 </document>
		<document> i really want to clean the crib and wash a cpl loads but i'm lazy 😩 </document>
		<document> king of queens funny as shit, i'm over here ctfu 😂 </document>
		<document> i really need to decide if ima grow my hair back before i get this install </document>
		<document> finishing these last episodes of stranger things season 2 </document>
		<document> sunday is the last day of the year and what a better way to start than with a clean house </document>
		<document> rt #user#: work, gym, eat healthy, drink water, nasty sex w/ bae &amp; mind my business - 2018 </document>
		<document> sunday is clean up day! i can't function with these kids here </document>
		<document> i can't wait to get back home, i just wanna lay up and catch up on tv 😊 </document>
		<document> i'm really not who i used to be </document>
		<document> i have these antisocial episodes ever so often 🤷🏾‍♀️ </document>
		<document> rt #user#: goals for 2018 set them and make them happen 🙏🙌🏽 </document>
		<document> i'm being selfish and unavailable all 2018 💅🏾 </document>
		<document> quavo snapped on south africa 🔥 </document>
		<document> y'all b complaining a lot, i don't have much to complain about 🤷🏾‍♀️ </document>
		<document> i'm aware of my commitment issues and i try my best not to lead anyone on with my bullshit 🙃 </document>
		<document> i'm really tryna keep some distance cuz he already like me enough </document>
		<document> i keep telling him i look ugly asf and he don't care 🙄 </document>
		<document> this boy wanna see me so bad 😩😩 </document>
		<document> i have yet to reach my full potential, i have work to do </document>
		<document> rt #user#: you gotta be financially fit for a healthy relationship today. ppl don’t have patience for the grow together process. </document>
		<document> u know something #url# </document>
		<document> #user# 😂 ok cool </document>
		<document> ordered a filet o fish cuz the boy wanted mcdonald's and this bitch is 🚮😒 </document>
		<document> things like a full tank, full fridge, an abundance of tissue and paper towel make me happy 😊 </document>
		<document> #user# 🤔 somebody might b tryna shoot they shot </document>
		<document> i hate having a white car during this kind of weather, my shit dirty asf! </document>
		<document> finally off 🙌🏾 </document>
		<document> i would love to go to a anita baker concert 😍 </document>
		<document> #user# 🤦🏾‍♀️...anita the truth! don't know too much about gladys tho 🤷🏾‍♀️ </document>
		<document> my son can get what he want for dinner tonight, i'm not cooking 🙃 </document>
		<document> u should always go to walmart 🤷🏾‍♀️ #url# </document>
		<document> i need gas and blunts 😩 </document>
		<document> i only wanna b bothered when i wanna be bothered 🤷🏾‍♀️ </document>
		<document> or maybe i just need a hobby🤔🤔 </document>
		<document> i need a seasonal nigga 🤔 </document>
		<document> get that 💰 #url# </document>
		<document> #user# i'm cured now 🤗 </document>
		<document> vs sent me a email reminder for a coupon that expired today, don't worry guys i used that bitch last night 😎 </document>
		<document> my dumbass done created a whole scenario with a mf who ain't even who i thought they was 🙄 </document>
		<document> i have a bad habit of seeing potential in a mf that ain't even there </document>
		<document> just agreed to work sunday night with b-crew 😐...it's double time so whatever </document>
		<document> mfs speak on anything nowadays...no research, no evidence, no nothing just pure stupidity </document>
		<document> i'm emotionally detached, oh well 🙃 </document>
		<document> can't tell u the last nigga i gave a fuck about 🤷🏾‍♀️ </document>
		<document> concert next week, i need to get my life </document>
		<document> can't cheat if we ain't got a title 😎 </document>
		<document> i'm due for a night of heavy drinking, i deserve it </document>
		<document> i need to be adopted, i can no longer afford myself 😩😂 </document>
		<document> stranger things season 2...i'm bored </document>
		<document> bout to watch plug love, heard it was good </document>
		<document> let me hop n the shower, put on some pjs and enjoy my day n the bed doing absolutely nothing ☺️ </document>
		<document> i'm just hoping they don't cancel school tomorrow 🤞🏾🙏🏾 </document>
		<document> the boy said he'll b n his room all day watching youtube videos 😩🤷🏾‍♀️ </document>
		<document> i don't wanna go outside, it's cold asf out there 😩😩 </document>
		<document> i've been missing twitter but i really don't be having shit to say frfr 🤷🏾‍♀️ </document>
		<document> rt #user#: i just want to warm up yo 😔 </document>
		<document> can't plz these niggas for nothing 😩😂 </document>
		<document> ima have to start being overly honest cuz ppl fuckin stupid </document>
		<document> mfs just sit around doing and saying fuck shit like ain't no consequences for ur actions 😒 </document>
		<document> words can't express how i hate to state the obvious 😠 </document>
		<document> i'm getting a makeover 🤗, a bitch been looking ugly asf for a nice lil minute now 🙃 </document>
		<document> rt #user#: i done touched so much money &amp; didn't handle it properly. i'm so disappointed. </document>
		<document> i'm so ready for my off days...i just wanna chill, relax and not be bothered 😊 </document>
		<document> i wonder if i'm up because i know dateline is on 🤔🤔 </document>
		<document> i go to sleep early just to wake up early asf 😩 </document>
		<document> is it good or bad that i feel like i'm outgrowing mostly everyone around me 🤔 </document>
		<document> rt #user#: i’ll mess up a good thing if you let me </document>
		<document> don't u hate when u know what's gotta b done but u don't wanna do it 😩 </document>
		<document> i'm irritated with life today and it's only 8am 🙄 </document>
		<document> 😂😂😭 drops mic 💅🏾 #url# </document>
		<document> apology accepted ‼️ #url# </document>
		<document> i cut my hair, deleted contacts and threads!...i'm feeling fuck boy free 😌😂😂 </document>
		<document> if we ever talked, dated, had sex, u thought we talked or anything of that nature...we didn't and u don't exist to me 🤸🏾‍♀️ </document>
		<document> the way a nigga treats his bm speaks volumes </document>
		<document> one mo nigga try and convince the reason they still wit they babymama is cuz of child support, ima find the bitch and tell her 😌 </document>
		<document> most of y'all ain't happy frfr, y'all just can't survive on y'all own...fuckin dependents 🤦🏾‍♀️ </document>
		<document> i wonder how u get in a serious relationship so fast when u have kids 🤔 </document>
		<document> time to move different, mfs thinking shit sweet </document>
		<document> i'm feeling brand new already 😂😂 </document>
		<document> deleted my threads and contacts 😊☺️😌 </document>
		<document> the premiere of the next season look good asf </document>
		<document> think imma watch the 1st season of that show star </document>
		<document> done fucked around and lost bout 8-10pounds 🤦🏾‍♀️😩😔 </document>
		<document> me too 🤦🏾‍♀️, i'm working on changing that tho #url# </document>
		<document> i'm buying me a organizer/planner really soon, i gotta start writing shit down 😩 </document>
		<document> i'm not making time for anyone, either i got it or i don't and most likely i won't 🙃 </document>
		<document> i didn't start blocking ppl til this year and i don't think i'm done yet 🤷🏾‍♀️ </document>
		<document> some of u niggas are the real bitches </document>
		<document> rt #user#: i be driving out all my damn gas. 😩 </document>
		<document> i've officially passed the torch y'all can have this shit, i got better shit to do...like boss my life up </document>
		<document> it's too hot outside for me </document>
		<document> always got a light skin bitch nigga on my head 😜 </document>
		<document> oh yea that nigga ain't like 🍫 til he met me 🤷🏾‍♀️😏 </document>
		<document> i don't trust none of u hoes, y'all stay mad for nothing </document>
		<document> how we friends and u can't even take a decent pic of me, bitches b praying on ur downfall lol smh </document>
		<document> bitches b janky asf, these hoes wanna b the center of attention way too bad for me 🙄 </document>
		<document> blunt then bed 😊 </document>
		<document> period must be approaching cuz my attitude is thee absolute worst today </document>
		<document> rt #user#: a nigga suppose to provide but a bitch better be able to take care of her damn self </document>
		<document> u bitches make it so hard for a bitch like me 😒 </document>
		<document> there's comes a point where u have to be responsible for actions, only u can fuck shit up </document>
		<document> longevity is 🔑...keep that halfass, temporary ass bullshit 👈🏾way 👌🏾 </document>
		<document> y'all will dicksuck anything! for what tho 🤦🏾‍♀️ </document>
		<document> who u tryna convince 🤔, me or u❓ </document>
		<document> why mfs act like u supposed to just come out cuz they hit u up 😒 </document>
		<document> it's like 3 niggas n my phone i really shouldn't ever talk to again </document>
		<document> charlie murphy was on tip the whole movie 😂 </document>
		<document> cb4 on right now ‼️this one of my fav movies </document>
		<document> bitch i haven't thought about u so don't think about me 💅🏾 ok! </document>
		<document> why mfs disturb yo whole life for nothing 🤔😒😒 </document>
		<document> roll up 😌 </document>
		<document> hungry howies got the best bacon on they pizza stg 🙌🏾 </document>
		<document> she lucky she my ❤️ </document>
		<document> my grandma b driving me crazy with these errands she be wanting me to run 😩😩😩 </document>
		<document> i wanna do all the right things, that's the hard part </document>
		<document> you ever feel like fuck everybody, friends and family included 🤔 </document>
		<document> i can't stand this one bitch at work 🙄 </document>
		<document> i'm so mad i forgot to turn my air on before i left the crib 😩 </document>
		<document> sprint been on bullshit all morning 😡 </document>
		<document> all this talk about sex making me hungry, let me cook me some food real quick lol </document>
		<document> haven't had sex in 7weeks and that shit weak asf </document>
		<document> i'm just really not feeling niggas at this point 🤷🏾‍♀️ </document>
		<document> been thinking about being gay for a min 😂😂😭 </document>
		<document> bitches must be doing the most cuz these niggas be expecting some weird shit from me </document>
		<document> i don't get out much but from my last few outings i can say these niggas be on everything </document>
		<document> might suck a titty but i ain't eatin no pussy, i'm not there yet 😩🤷🏾‍♀️ </document>
		<document> #user# if ur thanking him as well then it's truth, right 🤷🏾‍♀️😂 </document>
		<document> u gotta suck both titties and play with the pussy at the same time guys, that's the shit we like 😌 </document>
		<document> a big dick is often compared to a million dollars </document>
		<document> 👀, thank him for me too 😂😂 #url# </document>
		<document> some niggas daddies gotta get fucked too 🤷🏾‍♀️😂😂😂😭 </document>
		<document> still tryna figure out if penis size is inherited or not 🤔 </document>
		<document> u know something #url# </document>
		<document> the boy finally coming around to his ps4, now he talking bout gta and cod 🤦🏾‍♀️...he only 6 tho 😩 </document>
		<document> which is why i just stay my ass at the crib, idk how to fuckin act </document>
		<document> every time i go out, have a few drinks and try to be a respectable young lady i end up getting drunk asf wanting to be a whore 😩 </document>
		<document> these niggas ain't loyal #url# </document>
		<document> had to cut my air on, weather on heavy bs today i see </document>
		<document> u know when u drunk the pussy does what it wants 🤷🏾‍♀️ </document>
		<document> checked my outbox and call log, i didn't reach out to any fuck niggas either ☺️ </document>
		<document> glad i ain't give up no pussy last nite 😌 </document>
		<document> rt #user#: im a realist </document>
		<document> my drunk ass just getting up and still not ready for life 😩😩 </document>
		<document> i don't foresee any sex in my future so expect major attitude 🙃 </document>
		<document> probably lack of dick 🤔😩😩 </document>
		<document> my attitude is shitty asf and idky </document>
		<document> maybe i unblocked u just to block u again 🤔 </document>
		<document> can we fuck one more time, i need closure 😩🤷🏾‍♀️ </document>
		<document> i hate the fact that i miss you 🙄 </document>
		<document> rt #user#: if they don’t show love... they definitely gone hate. </document>
		<document> i wish u could get the texts u didn't get when a mf was blocked after u unblock them </document>
		<document> they do say sharing is caring </document>
		<document> ima need to borrow some penis </document>
		<document> rt #user#: dnt even remember the last time i looked at gas prices i just pay for the shit </document>
		<document> i'm not answering or replying back, fuck all y'all 😌 </document>
		<document> i'm so tired of mfs acting like they don't know why u acting the way you are </document>
		<document> period't! letting out my mf air, slamming the fuckin door and letting flies in 😩😂😂 #url# </document>
		<document> i don't say much, i just act accordingly </document>
	 <document> still at work, sleepy asf...trying to figure out how to make it into class #user#:30 🤔😩 </document>
<document> #user# oh yes I see you on planet </document>
<document> #user# I already have a membership and everything lol I love it </document>
<document> #user# but I have my final exams this week and I have a lot to study but I said I would start </document> after the semester
<document> #user# lol no thanks </document>
<document> #user# I'll try and start next month 🙏🏾 </document>
<document> #user# I'm lazy 😔 </document>
<document> #user# I swear I'm going to the gym soon 😩 </document>
<Document> It's a certain lifestyle I'm planning for me and the boy, we're going to be str8! </document>
<document> I am my biggest critic 😩😩😩 </document>
<document> Unlike some, my priorities are fine </document>
<document> sacrifices must be made for the goals I am trying to achieve </document>
<document> I really need to take better care of myself, I want to live long </document>
<document> I'm just trying to eat better, exercise and save money </document>
<document> People out here are trying to start a family with everyone they meet 🙄 </document>
<document> Season 4 of htgawm finally on Netflix 🙌🏾 </document>
<document> bbw is finally coming back! 😊 </document>
<document> I'm actually relieved that I don't get any text messages from mfs that I will never reply to </document>
<Document> Sooooooooo new number, no contacts, no pictures, no apps, no nothing! 😠 </document>
<document> I needed to get a new number and I can't get into my iCloud 🙄 </document>
<document> I need to change my diet, it's starting to take a toll on my body </document>
<document> wanted to repeat this test, but I didn't like the grade I got the first time. wish me luck </document>
<Document> Good morning 🤗 #url# </Document>
<document> I'm just happy because I have tomorrow off 😌 </document>
<document> Management is acting gay, I swear 😒 </document>
<document> now y'all expect niggas get you all kid pooches on a date 🤔🤦🏾‍♀️ </document>
<document> my whole life is under construction and that's a good thing </document>
<document> last week of classes next week and I couldn't be happier 😌 </document>
<document> dateline wakes me up every night after work 😩 </document>
<document> I think it's time to go back to twitter, I miss it here lol </document>
<document> so I should probably stop paying that $10 a month huh 🤔 </document>
<document> just noticed that xfinity now has netflix and youtube </document>
<document> is about to watch this Chris Tucker get up...I hope it's at least kind of funny 😐 </document>
<document> I've been neglecting myself, I deserve so much more... and knowing better, I'll do better 😏 </document>
<document> I stayed down long enough and definitely got up 💪🏾 </document>
<document> I'll get out more this year, the drought is over 😎 </document>
<Document> Happy New Year! </document>
<document> I'm cheesy as fuck, but I find a lot of shit funny 😂 </document>
<document> I'm watching this Deray Davis shit on Netflix and this shit is freaking funny 😂😂😂 </document>
<document> After I'm done tidying up, I curl up and chill on the couch in front of the TV until I fall asleep ☺️ </document>
<document> before the turn of the year my mum used to clean the whole bed, now i do the same shit </document>
<document> I cleaned for hours 😩😩 </document>
<document> I really want to clean the crib and do a lot of washing, but I'm lazy 😩 </document>
<document> king of queens funny as shit im over here ctfu 😂 </document>
<document> I really need to decide if I want to grow my hair back before I get this install </document>
<document> ends these final episodes of Stranger Things season 2 </document>
<document> Sunday is the last day of the year and what better way to start than with a clean house </document>
<document> rt #user#: work, gym, eat healthy, drink water, bad sex with bae &amp; Mind my business - 2018 </document>
<Document> Sunday is clean-up day! I can't handle these kids here</document>
<document> I can't wait to get back home, I just want to lie down and get TV 😊 </document>
<document> I'm really not who I used to be</document>
<document> I have these antisocial episodes very often 🤷🏾‍♀️ </document>
<document> rt #user#: Set and achieve goals for 2018 🙏🙌🏽 </document>
<document> I'm selfish and unavailable all year 2018 💅🏾 </document>
<document> quavo took a picture in South Africa 🔥 </document>
<document> you all complain a lot, I don't have much to complain about 🤷🏾‍♀️ </document>
<document> I'm aware of my attachment issues and try my best not to lead anyone with my bullshit 🙃 </document>
<document> I'm really trying to keep my distance because he likes me enough already</document>
<document> I keep telling him I'm freaking ugly and he doesn't care 🙄 </document>
<document> this boy really wants to see me 😩😩 </document>
<document> I still have to reach my full potential, I still have a lot to do </document>
<document> rt #user#: You must be financially fit for a healthy relationship today. People have no patience for the process of growing together. </document>
<document> you know something #url# </document>
<document> #user# 😂 ok cool </document>
<document> ordered a Filet o Fish because the boy wanted McDonald's and this bitch is 🚮😒 </document>
<document> Things like a full tank, full fridge, lots of handkerchiefs and paper towels make me happy 😊 </document>
<document> #user# 🤔 someone might try to shoot, he shot </document>
<document> I hate having a white car in this weather my fucking dirty ass! </document>
<document>finally out of 🙌🏾</document>
<document> i would like to go to an anita baker concert 😍 </document>
<document> #user# 🤦🏾‍♀️...anita the truth! don't know too much about Gladys 🤷🏾‍♀️ </document>
<document> my son can eat whatever he wants tonight, I don't cook 🙃 </document>
<document> You should always go to Walmart 🤷🏾‍♀️ #url# </document>
<document> I need gas and blunts 😩 </document>
<document> I only want to be disturbed when I want to be disturbed 🤷🏾‍♀️ </document>
<document> or maybe I just need a hobby🤔🤔 </document>
<document> I need a seasonal nigga 🤔 </document>
<document> you will get the 💰 #url# </document>
<document> #user# I'm cured now 🤗 </document>
<document> vs sent me an email reminder for a coupon that expired today, don't worry guys I used that bitch last night 😎 </document>
<document> My Dumbass Done created a whole scenario with a friend who isn't even who I thought he was 🙄 </document>
<document> I have a bad habit of seeing potential in an MMF that isn't there</document>
<document> just agreed to work with the B crew on Sunday night 😐...it's double the time so whatever</document>
<document>MFS talk about everything these days...no research, no evidence, no nothing, just pure stupidity</document>
<document> I'm emotionally distant, well 🙃 </document>
<document> can't tell you which nigga I gave a fuck on last 🤷🏾‍♀️ </document>
<document>Concert next week, I need my life</document>
<document> can't cheat if we don't have a title 😎 </document>
<document> I'm about to have a night of drinking, I deserve it</document>
<document> I have to be adopted, I can't afford it anymore 😩😂 </document>
<document> Stranger Things season 2... I'm bored </document>
<document> to see Plug Love, heard it was good </document>
<document> let me hop in the shower, put on some pajamas and enjoy my day in bed doing absolutely nothing ☺️ </document>
<document> I just hope they don't cancel school tomorrow 🤞🏾🙏🏾 </document>
<document> The boy said he will stay in his room all day and watch YouTube videos 😩🤷🏾‍♀️ </document>
<document> I don't want to go out, it's freezing cold out there 😩😩 </document>
<Document> I've missed Twitter, but I really don't have shito say frfr 🤷🏾‍♀️ </document>
<document> rt #user#: I just want to warm you up 😔 </document>
<document> can't these niggas for free plz 😩😂 </document>
<document> I need to start being overly honest because people are fucking stupid </document>
<document> MFS just sit around doing and saying shit like you have no consequences for your actions 😒 </document>
<document> Words cannot express how I hate to state the obvious 😠 </document>
<document> I'm getting a makeover 🤗, a bitch looks ugly for a nice little minute now 🙃 </document>
<document> rt #user#: I touched so much money &amp; didn't handle it properly. I am so disappointed. </document>
<document> I'm so ready for my days off... I just want to chill, relax and not be disturbed 😊 </document>
<document> I wonder if I'm awake because I know the date line is on 🤔🤔 </document>
<document> I go to bed early just to get up early 😩 </document>
<document> is it good or bad that I feel like I outgrow almost everyone around me 🤔 </document>
<document> rt #user#: I'll screw up a good thing if you </document> let me
<document> don't you hate it when you know what to do but you don't want to do it 😩 </document>
<document> I'm fed up with life today and it's only 8am 🙄 </document>
<document> 😂😂😭 drops microphone 💅🏾 #url# </document>
<document> Apology accepted ‼️ #url# </document>
<document> I cut my hair, deleted contacts and threads! ...I feel free from fuck boys 😌😂😂 </document>
<document> if we ever talked, dated, had sex, you thought we talked or anything like that...we didn't and you don't exist to me 🤸🏾‍♀️ </document>
<document> The way a nigga treats his BM speaks volumes </document>
<document> One Mo Nigga Tryna Convince Why They Still Dealing With Their Baby Mama On Child Support I Will Find The Bitch And Tell Her 😌 </document>
<document> most of you are not happy frfr, you just can't survive on your own... damn loved ones 🤦🏾‍♀️ </document>
<document> I wonder how you get into a serious relationship so quickly when you have kids 🤔 </document>
<document> Time to move differently, mfs thinks damn cute</document>
<document> I already feel reborn 😂😂 </document>
<document> deleted my threads and contacts 😊☺️😌 </document>
<document> next season premiere looks good asf </document>
<document> think I'm watching the first season of this show star </document>
<document> done fucked around and lost about 8-10 pounds 🤦🏾‍♀️😩😔 </document>
<document> Me too 🤦🏾‍♀️, I'm working on changing that with #url# </document>
<document> I'm going to buy an organizer/planner very soon, I need to start writing shit down 😩 </document>
<document> I don't make time for anyone, either I have it or I don't have it and most likely I won't 🙃 </document>
<document> I just started blocking people this year and I think I'm not done yet 🤷🏾‍♀️ </document>
<document> some of the un niggas are the real bitches </document>
<Document> rt #user#: I'm running out of all my damn gas. 😩 </document>
<document> I've officially passed the torch, you can have this shit, I've got better shit to do... like I rule my life</document>
<document> it's too hot outside for me </document>
<document> always got a fair skinned bitch nigga on my head 😜 </document>
<document> oh yeah this nigga ain't like 🍫 until he met me 🤷🏾‍♀️😏 </document>
<document> I don't trust any of you hoes, you're all pissed off for nothing</document>
<document> how us friends and you can't even take a decent picture of me bitches praying for your downfall lol smh </document>
<document> Bitches b janky asf, these hoes want to be way too good for me 🙄 </document>
<document> dull then to bed 😊 </document>
The <document> period must be approaching because my attitude today is absolutely the worst </document>
<document> rt #user#: a nigga assumed to provide but a bitch better able to take care of herself</document>
<document> and bitches make it so difficult for a bitch like me 😒 </document>
<documentnt> there comes a point where you have to be responsible for actions, only you can screw up shit</document>
<document> Longevity is 🔑...stick with this half-assed, temporary ass bullshit 👈🏾way 👌🏾 </document>
<document> you will suck it all! for what 🤦🏾‍♀️ </document>
<document> who you're trying to convince 🤔, me or you❓ </document>
<document> why MFS act like you should just come out because they beat you up 😒 </document>
<document> it's like 3 niggas in my phone I really should never talk to again </document>
<document> Charlie Murphy was tipped throughout the movie 😂 </document>
<document> cb4 is running ‼️this is one of my favorite movies </document>
<document> bitch I didn't think of you so don't think of me 💅🏾 ok! </document>
<document> why mfs disturb your whole life for nothing 🤔😒😒 </document>
<document> roll up 😌 </document>
<document> Hungry Howies have the best bacon on their pizza stg 🙌🏾 </document>
<document> she is lucky she is my ❤️ </document>
<document> my grandma drives me crazy with these errands, she wants me to walk 😩😩😩 </document>
<document> I want to get everything right, this is the hard part </document>
<document> do you ever feel like fucking everyone including friends and family 🤔 </document>
<document> I can't stand that one slut at work 🙄 </document>
<document> I'm so angry I forgot to turn on my AC before leaving the crib 😩 </document>
<document> sprint was on bullshit all morning 😡 </document>
<document> all this talk about sex is making me hungry let me cook me some food lol </document>
<document> hasn't had sex in 7 weeks and that sucks </document>
<document> I really don't feel niggas at this point 🤷🏾‍♀️ </document>
<document> has been thinking about being gay for a minute 😂😂😭 </document>
<document> Bitches gotta do most of it 'cause these niggas expect some weird shit from me</document>
<document> I don't get out much, but from my last few outings I can tell these niggas are all over the place</document>
<document> may suck a tit, but I don't eat pussy, I'm not there yet 😩🤷🏾‍♀️ </document>
<document> #user# if you also thank him then it's true, right 🤷🏾‍♀️😂 </document>
<document> You gotta suck both boobs and play pussy at the same time guys, that's the shit we like 😌 </document>
<document> A big cock is often compared to a million dollars </document>
<document> 👀, thank him from me too 😂😂 #url# </document>
<document> some niggas daddies need to be fucked too 🤷🏾‍♀️😂😂😂😭 </document>
<document> is still trying to figure out if penis size is inherited or not 🤔 </document>
<document> you know something #url# </document>
<document> the boy finally gets to his ps4, now he's talking about gta and cod 🤦🏾‍♀️...but he's only 6 😩 </document>
<document> which is why i just keep my ass on the crib idk how the fuck do you act</document>
<document> Every time I go out, have a few drinks and try to be a respectable young lady, I end up getting drunk like I want to be a whore 😩 </document>
<document> these niggas ain't loyal #url# </document>
<document> had to turn my air off, the weather is bs bs today I see </document>
<document> You know when you're drunk the pussy does what it wants 🤷🏾‍♀️ </document>
<document> checked my outbox and call log, i didn't reach any fucking niggas either ☺️ </document>
<document> I'm glad I didn't give up a pussy last night 😌 </document>
<document> rt #user#: I'm a realist </document>
<document> my drunk ass is just getting up and still not ready for life 😩😩 </document>
<document> I don't see sex in my future so expect a big shot 🙃 </document>
<document> probably lack of tail 🤔😩😩 </document>
<document> my attitude sucks and sucks </document>
<document> maybe I unblocked you just to block you again 🤔 </document>
<document> can we fuck again i need a degree 😩🤷🏾‍♀️ </document>
<document> I hate the fact that I miss you 🙄 </document>
<document> rt #user#: if they are not displayedLove... they've definitely become hate. </document>
<document> i wish you could get the texts you didn't get when a mf got blocked after you unlocked them </document>
<document> They say sharing is caring </document>
<document> I need to borrow a penis </document>
<document> rt #user#: I don't even remember the last time I checked gas prices I just paid for that shit </document>
<document> I don't answer or don't answer, fuck you all 😌 </document>
<document> I'm so tired of MFS acting like they don't know why you're behaving the way you are </document>
<document> point not! Deflate, slam the damn door and let flies in 😩😂😂 #url# </document>
<document> I don't say much, I just act accordingly </document>