   
	<document> ima be 20 hrs from houston now ugh </document>
		<document> fuga pa virginia on tuesday 🤦🏻‍♂️ </document>
		<document> we got a job in texas im may its lit </document>
		<document> my shawty all excited bc they approved her days off like babygirl u was finna ride with me to miami wether they approved them or not 🌚 </document>
		<document> this 12 oz steak finna smack after work </document>
		<document> rt #user#: happy friday!! 😉 #url# </document>
		<document> rt #user#: me and who ? #url# </document>
		<document> the face the eyes bro #url# </document>
		<document> rt #user#: ‘hey you’re always quiet’ my mind: #url# </document>
		<document> rt #user#: ad: now live via ssense! nike "popcorn" pack af1 #url# blazer mid #url# </document>
		<document> rt #user#: at this age airbnb’s, road trips and baecations is what i’m on </document>
		<document> rt #user#: wdym “location not available” bitch i’ll call nasa rn </document>
		<document> rt #user#: this would be so fire #url# </document>
		<document> rt #user#: nawww i’m crying 😭 #url# </document>
		<document> rt #user#: bruh espn sets are dangerous. #url# </document>
		<document> rt #user#: me, after choosing violence </document>
		<document> rt #user#: shhhh frog donuts #url# </document>
		<document> rt #user#: how i’m tryna be fr #url# </document>
		<document> rt #user#: my fridge has a screen so sometimes i get bored and photoshop myself to make it look like im in there </document>
		<document> rt #user#: "by order of the peaky fookin blinders" #url# </document>
		<document> we don’t need a stimmy to buy them bottles son #url# </document>
		<document> rt #user#: i mean...this nigga was wylin... </document>
		<document> i got u broski #url# </document>
		<document> rt #user#: i cut people off so fast now, any little thing i’m not feeling y a chingar a su madre </document>
		<document> rt #user#: normalize staying quiet in the morning. </document>
		<document> rt #user#: this chapter in my life is called now that i know better, do better. </document>
		<document> rt #user#: wtffff i wanna talk🥴 </document>
		<document> rt #user#: you just had to be there #url# </document>
		<document> rt #user#: if seatbelts were invented today, i'm convinced there would be legions of conservatives protesting against them </document>
		<document> istg if my hbs stall on me for miami next month for my bday ima block em al chile </document>
		<document> a few pounds ago i wanna be this drunk again.... #url# </document>
		<document> hating or what #url# </document>
		<document> i miss 2020 #url# </document>
		<document> do this to me nigga im swinging #url# </document>
		<document> rt #user#: soon as i start liking you ... your wild tweets ain’t funny nomo hoe go delete that shit </document>
		<document> rt #user#: my mom: don’t worry my kid can help you me: #url# </document>
		<document> rt #user#: i hate how sensitive &amp; easily butthurt this generation gets. </document>
		<document> #user# come scoop then bb </document>
		<document> rt #user#: i hope nobody ever calls you to record highschool fights. </document>
		<document> nigga they dont want you at home or? #url# </document>
		<document> rt #user#: y’all out here breaking pinky promises and it’s sickening... </document>
		<document> rt #user#: do you screenshot the order confirmation too or are you normal </document>
		<document> rt #user#: lmfaooooooooooooooo naw y’all gotta stop traveling #url# </document>
		<document> rt #user#: chief keef was 17 when he dropped "love sosa" </document>
		<document> rt #user#: to this day the greatest piece of fiction to ever be created #url# </document>
		<document> rt #user#: gf who dresses like a snack.. bf who eats her like one </document>
		<document> rt #user#: bf who’s always horny 🤝gf who’s always there to help </document>
		<document> rt #user#: taurus season coming up ♉️🎉‼️🥰 </document>
		<document> i was finna go cruise to atlanta but idkkkk now 🧐🥸 #url# </document>
		<document> rt #user#: best apology is changed behavior </document>
		<document> rt #user#: doesn’t have to be today or even tomorrow but eventually i’m gonna need some answers on this #url# </document>
		<document> rt #user#: “ur so quiet in person” lmao what u want me to do.... freestyle? </document>
		<document> rt #user#: do not let this twitter shit fool you, i fall in love within 12 hours 🤝 </document>
		<document> rt #user#: this is a perfect example of why married men live longer than single men. </document>
		<document> rt #user#: i hope it's as offensive as possible </document>
		<document> rt #user#: tequila is the superior alcohol. </document>
		<document> rt #user#: need some like this asap </document>
		<document> #user# you know this mamas </document>
		<document> why y’all aint tell me smh im 40 min away from atlanta #url# </document>
		<document> rt #user#: if i say “i’ll let you know” just enjoy your night </document>
		<document> i deadass got tipsy while drinking w my babygirl thru facetime... yup yup im off the streets guys </document>
		<document> rt #user#: no lies detected #url# </document>
		<document> rt #user#: a lot of shit broke me but i didn’t fold </document>
		<document> #user# could never be me </document>
		<document> rt #user#: do u realize i will literally give u the moon if u asked me too </document>
		<document> rt #user#: naw they in atlanta wylin fareal, what this is a uber uhaul or a uhaul hotel room? 😭 #url# </document>
		<document> rt #user#: if you 21 and older and still in drama you got issues </document>
		<document> rt #user#: how i’m tryna be #url# </document>
		<document> rt #user#: frank ocean drops nothing but perfection. #url# </document>
		<document> #user# same bitch u stalled on me when i went to houston smh </document>
		<document> should’ve came to atlanta hoe cause im bored too #url# </document>
		<document> rt #user#: “is everything a joke to you?” me: #url# </document>
		<document> rt #user#: seafood is my absolute drug #url# </document>
		<document> rt #user#: this looks like a man who’s heartbroken and about to give us the best album of his career #url# </document>
		<document> rt #user#: they took the empa and gave you nada </document>
		<document> 😂 ion need no stimmy to buy these son #url# </document>
		<document> rt #user#: “drinking ain’t cute” i ain’t tryna be cute, i’m tryna be drunk lol bye </document>
		<document> rt #user#: friend: yo bro you good to drive? me: yeah bro , for sure also me: #url# </document>
		<document> rt #user#: if you wasn't there i feel bad for you #url# </document>
		<document> rt #user#: get you a taurus. </document>
		<document> rt #user#: wish i was drunk as hell on the beach somewhere trying to fight the locals </document>
		<document> i want u #url# </document>
		<document> rt #user#: tell me you’re white without telling me you’re white </document>
		<document> rt #user#: how i’m tryna be 😌 #url# </document>
		<document> rt #user#: no one: 45 south: #url# </document>
		<document> rt #user#: gotta get this in the crib #url# </document>
		<document> rt #user#: #user# you already did patron 😞 </document>
		<document> #user# lol cho ass down 4 i cancel your hot girl summer </document>
		<document> i need to go see my shawty already smh </document>
		<document> rt #user#: a state of emergency </document>
		<document> rt #user#: bro deadass in that mf coolin 😭 #url# </document>
		<document> rt #user#: name a better fruit. please. i’ll wait. . . 🌿 #url# </document>
		<document> rt #user#: he look like a lane finna merge and he tryna get over 😭😭 </document>
		<document> rt #user#: a groupo at the beach with jet skis and a cold don julio 70 would be a vibe😭 </document>
		<document> rt #user#: undivided attention, if u think anything else get a therapist and stay single </document>
		<document> rt #user#: #user# i’ll send my private jet to pick you up rn </document>
		<document> life is stressful my g.... #url# </document>
		<document> brb omw to suck on my shawty’s cute toes </document>
		<document> rt #user#: ludacris got his pilot’s license 🙌🏾 #url# </document>
		<document> rt #user#: masks not mandatory in texas? ima still wear mine tho y’all be easy 😗 </document>
		<document> rt #user#: greg abbott is protecting our legacy &lt;3 #url# </document>
		<document> pineapple on food is only for elite tastebuds buddy #url# </document>
		<document> rt #user#: so texas just bout to raw dog covid like that? </document>
		<document> rt #user#: you just had to be there 😭 #url# </document>
		<document> rt #user#: love it when you listen 😌 </document>
		<document> im so bored dawg i need more games for my switch </document>
		<document> rt #user#: “she gave it up on the first night bruh 🤦🏾‍♂️” nigga...you did too #url# </document>
		<document> rt #user#: #user# im my own maid but ima still eat in my room </document>
		<document> if you don’t got a maid just say that #url# </document>
		<document> rt #user#: i’m not competing for no spot do u know who tf i am😭 </document>
		<document> rt #user#: this country going back to normal i see </document>
		<document> chrome red or matte red coming soon babygirl 🤩 #url# </document>
		<document> 120k and im in sirrrr #url# </document>
		<document> u can call me comedian peasant #url# </document>
		<document> #user# go back to sleep bro try again tomorrow </document>
		<document> white washed lil girl </document>
		<document> somebody come get fany she don’t know what prender el bote or ganchar la traila mean.... </document>
		<document> #user# you texted back all late bro me diste hueva </document>
		<document> #user# damn bro u finally showered </document>
		<document> rt #user#: #user# fuck all that 7 shots in my g43 😉 </document>
		<document> rt #user#: rather sell drugs any day of the week 😂 </document>
		<document> finna build this in my backyard when i come back #url# </document>
		<document> rt #user#: this is definitely grounds for break up </document>
		<document> the difference is that i know i am 🤫 #url# </document>
		<document> rt #user#: i faced them dark times by myself ion owe nobody shit. </document>
		<document> i pulled put the baby drako on my hbs the other night and they started tripping 😂😭 </document>
		<document> we put extensions in all of the glocks </document>
		<document> next time i come back to houston im coming all tatted up 🥱 </document>
		<document> mario ass niggas #url# </document>
		<document> rt #user#: ain’t that much protection in the world </document>
		<document> rt #user#: you had to be there #url# </document>
		<document> rt #user#: im at peace because i genuinely don’t care </document>
		<document> rt #user#: up there with one of the best videos ever. the way he throws that left hook like a pro 😂😂 #url# </document>
		<document> rt #user#: eye contact during sex is honestly top tier </document>
		<document> rt #user#: now this was an era on god 😂😂😂😂😂😂😂😂😂😂😂😂 #url# </document>
		<document> rt #user#: y’all wasn’t there fr #url# </document>
		<document> rt #user#: nutting in sync &gt;&gt;&gt;&gt;&gt;&gt;&gt;&gt;&gt; </document>
		<document> rt #user#: you just had to be there #url# </document>
		<document> rt #user#: lifted trucks &gt;&gt; dropped trucks </document>
		<document> rt #user#: doctor: don’t worry the x-ray machine is completely safe doctors whilst you’re getting the x-ray: #url# </document>
		<document> rt #user#: y’all had to be there #url# </document>
		<document> rt #user#: can y’all quit pretending like hennessy taste good? it’s 2021. #url# </document>
		<document> rt #user#: you had to be there #url# </document>
		<document> rt #user#: me retweeting every “you had to be there” tweet because i was, in fact, there #url# </document>
		<document> rt #user#: y’all just wasn’t there🤣 #url# </document>
		<document> if i end up in jail again tn y’all better bail me out cause i have to leave outta town again on sunday </document>
		<document> rt #user#: u had to be there #url# </document>
		<document> rt #user#: i like this one, it looks like coffee #url# </document>
		<document> rt #user#: as bad as u wanna address it, some things are better left unsaid. </document>
		<document> so sad i don’t got friends to get an airbnb in austin for this weekend smh </document>
		<document> rt #user#: can we skip to spring break already? </document>
		<document> #user# if i don’t blackout i didn’t go </document>
		<document> austin for the weekend it is then 🤷🏻‍♂️ </document>
		<document> im sacred of how drunk ima be this weekend in houston 🥴 who taking care of me? </document>
		<document> yesterday my foreman telling us we not working till monday after today was the best news ever 🌚 </document>
		<document> rt #user#: if u like ur tongue being sucked on while kissing .... hiiiii </document>
		<document> crawfish this weekend for sure 🤩 </document>
		<document> rt #user#: me opening my eyes to see i have two minutes left before my alarm clock goes off #url# </document>
		<document> my barber already got a spot for me on thursday when i get to houston 🥰 </document>
		<document> rt #user#: el chapo’s wife in fairfax county jail rn lmaooo she got it worse than her husband 😭😭😭😭😭😭 </document>
		<document> rt #user#: u not about to fuck the city then lay back with me crazy tail self 😂 </document>
		<document> rt #user#: therapist: so what’s stressing you out lately? me: #url# </document>
		<document> rt #user#: can’t wait for it to be 100 degrees outside and float the river in san marcos with good people </document>
		<document> rt #user#: when you’re not sure if you hit the curb or a lil kid #url# </document>
		<document> rt #user#: petite mexican women w glasses gold my heart </document>
		<document> my foreman in the truck asleep cause he’s hungover and he threw up in the morning.... lol weak link parece que tomo con niños </document>
		<document> ahhh some oysters for lunch 🤩 </document>
		<document> rt #user#: crab meat.. no cracking #url# </document>
		<document> damn bro just @ me already smh #url# </document>
		<document> #user# maybe in a month maybe in 2 maybe in 5 idk </document>
		<document> rt #user#: bobby shmurda's hat today: #url# </document>
		<document> rt #user#: when you speak two languages and start losing vocabulary in both of them = byelingual </document>
		<document> rt #user#: dasani?! is this a threat?!?! </document>
		<document> rt #user#: my girl &amp; me in our 60s #url# </document>
		<document> all you niggas gotta hop off it #url# </document>
		<document> rt #user#: twitter is fun. you kinda just talk to yourself and sometimes someone replies </document>
		<document> i get bored of people so fast smh </document>
		<document> why am i craving alcohol so bad rn </document>
		<document> rt #user#: mike "the situation" wazowski </document>
		<document> rt #user#: why does venice, italy look like patrick needing water #url# </document>
		<document> bet omw to buy me a versace silk button up #url# </document>
		<document> rt #user#: after a certain age ion care about yo sad story. shit my story was sad too, either u mold or fold </document>
		<document> i was finna hit the gym tomorrow after work but damn a 24 of michelob after work would smack ngl </document>
		<document> rt #user#: fancy livin here we come. </document>
		<document> rt #user#: pee after sex ladies you don’t want an hdmi </document>
		<document> rt #user#: when my girl get pregnant her coochie finna have the meanest taper you’ve ever seen #url# </document>
		<document> rt #user#: member of la linea (ncdj) records the aftermath of their ambush against gente nueva last week #url# </document>
		<document> rt #user#: i’m disrespectful as hell if you bring it outta me😂. </document>
		<document> #user# mames 😂 steady hating carnal </document>
		<document> nigga left me his receipt on my windshield lmao </document>
		<document> i pull both genders quit playing </document>
		<document> dawg lmao i just got hit on by some gay nigga 😂 </document>
		<document> rt #user#: some brunch &amp; 50 mimosas sound good </document>
		<document> rt #user#: “u really gon kiss yo shawty after she give you head?” me: #url# </document>
		<document> rt #user#: don’t get in my car touching shit, bc now u can walk 😐 </document>
		<document> rt #user#: lol i don’t stop at stores if i see a police car out front </document>
		<document> bro i wanted some sushi from umi and its closed... vale verga </document>
		<document> thank god for ihop delivery cause i wasn’t gonna get up this bed for shiiiiit </document>
		<document> #user# u wont hoe </document>
		<document> smh i wish my hbs could come to atl for a day so we could go to little trouble and get stupid lit 😪 </document>
	 <document> I'm 20 hours from Houston now, ugh </document>
<document> fuga pa virginia on tuesday 🤦🏻‍♂️ </document>
<document> we got a job in texas in may lights </document>
<document> my cutie is all excited because she approved her days off like babygirl you finally went to miami with me whether they approved it or not 🌚 </document>
<document> this 12 oz Steak Finna Smack after work </document>
<Document> rt #user#: Happy Friday!! 😉 #url# </document>
<document> rt #user#: me and who ? #url# </document>
<document> the face the eyes bro #url# </document>
<document> rt #user#: "Hey, you're always quiet" my mind: #url# </document>
<document> rt #user#: ad: now live via ssense! nike "popcorn" pack af1 #url# blazer mid #url# </document>
<document> rt #user#: At this age I do Airbnbs, road trips and air travel </document>
<document> rt #user#: wdym "location not available" bitch I'll call nasa rn </document>
<document> rt #user#: that would be like fire #url# </document>
<document> rt #user#: nawww i'm crying 😭 #url# </document>
<document> rt #user#: bruh ESPN sets are dangerous. #url# </document>
<document> rt #user#: me after choosing violence </document>
<document> rt #user#: shhhh frog donuts #url# </document>
<document> rt #user#: how i'm tryna be fr #url# </document>
<document> rt #user#: My fridge has a screen, so sometimes I get bored and do Photoshop myself to make it look like I'm in there </document>
<document> rt #user#: "on behalf of the Peaky Fookin Blinders" #url# </document>
<document> we don't need a voice to buy you bottles son #url# </document>
<document> rt #user#: I mean... that nigga was wylin... </document>
<document> I gave you Broski #url# </document>
<document> rt #user#: I'm so quick to interrupt people now, every little thing doesn't make me feel like a chingar a su madre </document>
<document> rt #user#: Normalize staying calm in the morning. </document>
<document> rt #user#: This chapter in my life is called doing better now that I know better. </document>
<document> rt #user#: wtffff i want to talk🥴 </document>
<document> rt #user#: you just had to be there #url# </document>
<document> rt #user#: If seat belts were invented today, I'm sure there would be legions of conservatives protesting against it </document>
<document> istg if my hbs stops me for miami next month for my bday ima block em al chile </document>
<document> A few pounds ago I want to be this drunk again.... #url# </document>
<document> hates or what #url# </document>
<document> i miss 2020 #url# </document>
<document> do that to me nigga im swinging #url# </document>
<document> rt #user#: As soon as I start liking you... your wild tweets aren't funny, nomo hoe go, delete that shit </document>
<document> rt #user#: my mother: don't worry, my child can help you: #url# </document>
<document> rt #user#: I hate how sensitive &amp; easily Butthurt gets this generation. </document>
<document> #user# come on scoop then bb </document>
<document> rt #user#: I hope nobody ever calls you to tape high school fights. </document>
<Document> Nigga, they don't want you home, do they? #url# </document>
<document> rt #user#: All of you out here are breaking little promises and it's disgusting... </document>
<document> rt #user#: do you also take a screenshot of the order confirmation or are you normal </document>
<document> rt #user#: lmfaoooooooooooooo naw y'all need to stop traveling #url# </document>
<document> rt #user#: Chief Keef was 17 when he released Love Sosa </document>
<document> rt #user#: to date the greatest piece of fiction ever created #url# </document>
<document> rt #user#: Girlfriend who dresses like a snack.. Girlfriend who eats her like one </document>
<document> rt #user#: bf who is always horny 🤝gf who is always there to help </document>
<document> rt #user#: Bull season is coming ♉️🎉‼️🥰 </document>
<document> I was going to take a cruise to Atlanta, but now idkkkk 🧐🥸 #url# </document>
<document>rt #user#: best excuse is changed behavior </document>
<document> rt #user#: doesn't have to be today or tomorrow, but someday I'll need some answers on this #url# </document>
<document> rt #user#: "You are so calm in person" lmao what should I do... freestyle? </document>
<document> rt #user#: don't let this twitter shit fool you, i'm falling in love within 12 hours 🤝 </document>
<document> rt #user#: This is a perfect example of why married men live longer than single men. </document>
<document> rt #user#: I hope it's as offensive as possible </document>
<Document> rt #user#: Tequila is the superior alcohol. </document>
<document> rt #user#: need ASAP </document>
<document> #user# you know these mommies </document>
<document> why you'all aint me smh in 40 min away from atlanta #url# </document>
<document> rt #user#: If I say "I'll let you know", just enjoy your evening </document>
<document> I got insanely tipsy drinking through Facetime with my babygirl...yup yup I'm off the street guys</document>
<document> rt #user#: no lies detected #url# </document>
<document> rt #user#: A lot of shit broke me, but I didn't fold </document>
<document> #user# could never be me </document>
<document> rt #user#: You know I'll literally give you the moon if you ask me too</document>
<document> rt #user#: nope you in atlanta wylin fareal what is that an uber uhaul or a uhaul hotel room? 😭 #url# </document>
<document> rt #user#: If you're 21 or older and still in Drama, you're in trouble </document>
<document> rt #user#: how i'm tryna be #url# </document>
<document> rt #user#: Frank Ocean drops nothing but perfection. #url# </document>
<document> #user# The same bitch you stopped me when I went to Houston smh </document>
<document> should have come to Atlanta because I'm bored too #url# </document>
<document> rt #user#: "is everything a joke to you?" Me: #url# </document>
<document> rt #user#: Seafood is my absolute drug #url# </document>
<document> rt #user#: this looks like a heartbroken man about to give us the best album of his career #url# </document>
<document> rt #user#: they took the empa and gave you nada </document>
<document> 😂 I don't need a vote to buy this son #url# </document>
<document> rt #user#: "Drinking isn't cute" I'm not trying to be cute, I'm trying to be drunk lol bye </document>
<document> rt #user#: friend: yo bro are you good to drive? me: yeah bro , sure me too: #url# </document>
<document> rt #user#: if you weren't there, sorry for you #url# </document>
<Document> rt #user#: Get a bull. </document>
<document> rt #user#: I wish I was drunk as hell on the beach somewhere trying to fight the locals </document>
<document> I want you #url# </document>
<document> rt #user#: tell me you're white without telling me you're white </document>
<document> rt #user#: how i'm tryna be 😌 #url# </document>
<document> rt #user#: nobody: 45 south: #url# </document>
<document> rt #user#: must get this in the crib #url# </document>
<document> rt #user#: #user# you have already made Patron 😞 </document>
<document> #user# lol cho ass down 4 i cancel your hot girl summer </document>
<document> I have to go to my shawty already smh </document>
<document> rt #user#: an exception </document>
<document> rt #user#: bro deadass in that mf coolin 😭 #url# </document>
<document> rt #user#: name a better fruit. Please. I'll wait. . . 🌿 #url# </document>
<document> rt #user#: he looks like a lane finna merge and is trying to get over it 😭😭 </document>
<document> rt #user#: a Groupo on the beach with jet skis and a cold Don Julio 70 would be a mood😭 </document>
<document> rt #user#: undivided attention, if you can think of anything else, see a therapist and stay single </document>
<document> rt #user#: #user# I'll send my private jet to pick you up rn </document>
<document> Life is stressful my G... #url# </document>
<document> brb omw to suck on my shawty's sweet toes </document>
<document> rt #user#: ludacris got his pilot's license 🙌🏾 #url# </document>
<document> rt #user#: Mask requirement in Texas not? I'm still wearing mine, even though you're all relaxed 😗 </document>
<document> rt #user#: greg abbott protects our heritage <3 #url# </document>
<document> Pineapple on food is only for elite taste buds, mate #url# </document>
<document> rt #user#: So Texas is about to get such a rough dog? </document>
<document> rt #user#: you just had to be there 😭 #url# </document>
<document> rt #user#: love it when you listen 😌 </document>
<document> i'm so bored buddy i need more games for my switch </document>
<document> rt #user#: "She gave up on the first night, bruh 🤦🏾‍♂️" nigga...you did too #url# </document>
<document> rt #user#: #user# am my own maid but I still eat in my room </document>
<document> If you don't have a maid, just say this #url# </document>
<document> rt #user#: I don't compete for no spot, you know who I am😭 </document>
<document> rt #user#: I see this country getting back to normal </document>
<document> chrome red or matt red coming soon babygirl 🤩 #url# </document>
<document> 120k and I'm in sirrrr #url# </document>
<document> You can call me comic builder #url# </document>
<document> #user# go back to sleep, try again tomorrow </document>
<document> whitewashed little girl </document>
<document> someone is going crazy, they don't know what prender el bote or ganchar la traila mean.... </document>
<document> #user# you sent me everything late bro me diste hueva </document>
<document> #user# damn bro you finally took a shower </document>
<document> rt #user#: #user# fuck all the 7 shots in my g43 😉 </document>
<document> rt #user#: prefer to sell drugs every day of the week 😂 </document>
<document> finna build this in my backyard when i come back #url# </document>
<document> rt #user#: This is definitely a reason for separation </document>
<document> the difference is that I know that I am 🤫 #url# </document>
<document> rt #user#: I've dealt with these dark times alone, I don't owe shit to anyone. </document>
<document> i put baby drako on my hbs the other night and they started tripping 😂😭 </document>
<document> we have added extensions to all Glocks </document>
<document> Next time I come back to Houston I'll be fully tattooed 🥱 </document>
<Document> Mario Ass Niggas #url# </Document>
<document> rt #user#: There isn't that much protection in the world </document>
<document> rt #user#: You had to be there #url# </document>
<document> rt #user#: I'm at peace because I really don't care </document>
<document> rt #user#: up there with one of the best videos ever. how he throws the left hook like a pro 😂😂 #url# </document>
<document> rt #user#: Eye contact during sex is really top notch </document>
<document> rt #user#: that was now an era on god 😂😂😂😂😂😂😂😂😂😂😂😂 #url# </document>
<document> rt #user#: y'all wasn't there for #url# </document>
<document> rt #user#: nutting in sync &gt;&gt;&gt;&gt;&gt;&gt;&gt;&gt;&gt; </document>
<document> rt #user#: you just had to be there #url# </document>
<document> rt #user#: Forklift &gt;&gt; dropped trucks </document>
<document> rt #user#: doctor: don't worry, the x-ray machine is completely safe Doctors while you take the x-ray: #url# </document>
<document> rt #user#: you all had to be there #url# </document>
<document> rt #user#: Can you guys stop pretending Hennessy tastes good? it's 2021. #url# </document>
<document> rt #user#: You had to be there #url# </document>
<document> rt #user#: I retweet every "you had to be there" tweet because I was actually there #url# </document>
<document> rt #user#: you just weren't there🤣 #url# </document>
<document> If I end up in jail again you better bail me because I have to get out of town on Sunday</document>
<document> rt #user#: you had to be there #url# </document>
< Document> rt #user#: I like that, it looks like coffee #url# </document>
<document> rt #user#: bad as you want to address it, some things are better left unsaid. </document>
<document> so sad i don't have friends to get an airbnb in austin for this weekend smh </document>
<document> rt #user#: Can we jump into spring break yet? </document>
<document> #user# if I don't blackout I didn't go</document>
<document>austin for the weekend it's 🤷🏻‍♂️</document>
<document> i don't care how drunk i am in houston this weekend 🥴 who's taking care of me? </document>
<document> Yesterday my foreman told us that after today we won't work until Monday, that was the best news ever 🌚 </document>
<document> rt #user#: if you like kissing to have your tongue sucked.... hiiii </document>
<document>Crabs this weekend for sure 🤩 </document>
<document> rt #user#: I open my eyes to see I have two minutes before my alarm goes off #url# </document>
<document> my hairdresser already got me a place on thursday when i arrive in houston 🥰 </document>
<document> rt #user#: el chapo’s wife in fairfax county jail rn lmaooo she got it worse than her husband 😭😭😭😭😭😭 </document>
<document> rt #user#: You ain't about to fuck the city then lay back with me, crazy dick yourself 😂 </document>
<Document> rt #User#: Therapist: So what's been stressing you out lately? me: #url# </document>
<document> rt #user#: I can't wait for it to be 100 degrees outside and float down the river in San Marcos with nice people </document>
<document> rt #user#: if you're not sure if you hit the curb or a little kid #url# </document>
<document> rt #user#: Petite mexican women w glasses gold my heart </document>
<document> my foreman in the truck is sleeping because he has a hangover and vomited in the morning
<document> ahhh some oysters for lunch 🤩 </document>
<document> rt #user#: crab meat.. no cracking of #url# </document>
<document> damn bro just @me already smh #url# </document>
<document> #user# maybe in a month maybe in 2 maybe in 5 idk </document>
<document> rt #user#: Bobby Shmurda's hat today: #url# </document>
<document> rt #user#: if you speak two languages ​​and start losing vocabulary in both = byelingual </document>
<document> rt #user#: dasani?! is that a threat?!?! </document>
<document> rt #user#: my girl &amp; me in our 60s #url# </document>
<document> all you niggas gotta jump off #url# </document>
<document> rt #user#: Twitter is fun. You just talk to yourself and sometimes someone </document> answers
<document> I get bored of people so easily smh </document>
<document> why do I have such a craving for alcohol rn </document>
<document> rt #user#: mike "the situation" wazowski </document>
<document> rt #user#: why does venice, italy look like patrick who needs water #url# </document>
<document> bet that he would buy me a Versace Silk Button up #url# </document>
<document> rt #user#: from a certain age I take care of your sad story. Shit, my story was sad too, either you peel or fold </document>
<document> I was going to hit the gym tomorrow after work, but damn, a 24 from Michelob after work would beat ngl</document>
<document> rt #user#: Lust for life, here we come. </document>
<document> rt #user#: Pee after sex ladies, you don't want HDMI </document>
<document> rt #user#: If my girl gets pregnant, her coochie finna will have the meanest taper you've ever seen #url# </document>
<document> rt #user#: la linea (ncdj) member chronicles the aftermath of her ambush against gente nueva last week #url# </document>
<document> rt #user#: I'm disrespectful as hell if you get it out of me😂. </document>
<document> #user# mames 😂 hates carnal lust all the time </document>
<document> nigga left his receipt on my windshield lmao </document>
<document> I'm raising both genders to play </document>
<document> dawg lmao I just got hit on by a gay nigga 😂 </document>
< Document> rt #user#: Brunch &amp; 50 mimosas sounds good </document>
<document> rt #user#: "Are you really going to kiss after she sucks you off?" me: #url# </document>
<document> rt #user#: don't get in my car and touch shit because you can walk now 😐 </document>
<document> rt #user#: lol, I don't stop at shops when I see a police car outside </document>
<document> Brother, I wanted some sushi from Umi and his closed... Vale Verga </document>
<document> Thank god for the ihop delivery because I didn't want to get this bed up for goodness sake</document>
<document> #user# you will not hack </document>
<document> smh, i wish my hbs could come to atl for a day so we could go to little trouble and light ourselves stupidly 😪 </document>