   
	<document> world-wide giveaway! enter for a chance to win this origin pc neuron w/ pewdiepie! #url# #hashtag# #hashtag# </document>
		<document> #user# #user# don't you mean blackaboveall and #hashtag#? </document>
		<document> rt #user#: a lot of developers release their game and ignore the crystal of truth. #hashtag# #hashtag# #url# </document>
		<document> working on a new video now, i will soon be back to regular uploads :) </document>
		<document> what kind of girls you like? — i like brunettes :) #url# </document>
		<document> fav food? — i love chicken and anything spicy. #url# </document>
		<document> how tall are you? — 193 cm / 6'3 :) #url# </document>
		<document> where did you travel while scandinavia was getting cuck… — i was traveling around in different parts of norway.. :) #url# </document>
		<document> #user# goddam patriarchy, pressuring women to beat up privileged mcdonalds workers... </document>
		<document> a good video exposing demonisation against trump. i do not support trump 100%, but this is unjust. #url# #user# </document>
		<document> this is fucking brilliant #url# </document>
		<document> #user# #user# #user# #user# #user# #user# #user# makes sense when you look at the science :p </document>
		<document> #user# 4.30 am in norway, anything for milo &lt;3 </document>
		<document> it might be 4.30 am here in norway, but i'm watching #user# at ucsb #url# </document>
		<document> you're too late #user# (this popped up in my feed haha) they have already done the #hashtag# #url# </document>
		<document> #hashtag# is utter cancer!it's nothing but a way for unimportant people to feel important #url# via #user# </document>
		<document> i added a video to a #user# playlist #url# #hashtag# </document>
		<document> #user# you got called out man: #url# </document>
		<document> #user# because it is an easy way to back up a failing ideology. </document>
		<document> #user# #user# #user# #user# #user# i have been waiting for this moment.. :) </document>
		<document> whiteness is the devil: #url# via #user# </document>
		<document> what video editing software do you use? — i use adobe premiere pro cs6, works extremely well :) #url# </document>
		<document> new video, this time about race again! :) #url# </document>
		<document> but wait, i am a whit cis male? i will use this against the sjw with a big smile on my face :) #url# via #user# </document>
		<document> new video, this time a tampon commercial (i wouldn't say i'm proud) #url# </document>
		<document> #user# but i'll add it to the list of video ideas, thanks :) </document>
		<document> #user# think i'd rather make a "dear mom" video explaining that men don't live a life on fucking clouds compared to girls xd </document>
		<document> i've made a facebook page now just because it'll be easier to share fun images and articles through it in my opinion #url# </document>
		<document> rt #user#: #hashtag# midnight saturday – i’d rather be up here…but only just!! #hashtag# #url# </document>
		<document> #user# good idea, i will try to make that my next video :) </document>
		<document> (feminism) - feminists wants your power!: #url# via #user# </document>
		<document> #user# you know the ginger that "called you out"? well, he's made a song... #url# </document>
		<document> "just a prank bro" #url# </document>
		<document> when will you ship your shirts to norway? really want that black and gold long sleeve!! :) </document>
		<document> #user# you're gonna love this one: #url# </document>
		<document> i added a video to a #user# playlist #url# my abuse story - matthew santoro </document>
		<document> rt #user#: there truly is a god #url# </document>
		<document> so i just hit 1,000 subscribers on youtube, just wanted to thank you all for the support and look forward to a new video really soon! :) </document>
		<document> (feminism) - 5 ways men can submit their anuses to feminism: #url# via #user# </document>
		<document> uploading a video responding to the recent feministfrequency video, it was a blast! </document>
		<document> jeg la til en video i en #user#-spilleliste – #url# the science of the perfect grilled cheese sandwich </document>
		<document> jeg la til en video i en #user#-spilleliste – #url# why every prank eventually goes wrong </document>
		<document> #user# this reminds me of #user# </document>
		<document> this amazing video by #user# breaks down the war on science - make your voice heard by voting and sharing! #url# </document>
		<document> #user# haha only if ;) </document>
		<document> game theory: leave pewdiepie alone! #url# via #user# </document>
		<document> this is why i use twitter #hashtag# </document>
		<document> goddamn #hashtag# is down :/ </document>
		<document> (race) - buzzfeed hates individuals: #url# via #user# </document>
		<document> first race video :d #url# </document>
		<document> so i'm now finishing up my script on a video about race and the video will probably be up by tomorrow! #hashtag# </document>
		<document> most hypocritical feminist so far (debunkd): #url# via #user# </document>
		<document> #user# have you tried to divide 0 by 0? xd </document>
		<document> new vid soon, working on the script. sorry for being away for too long but the holidays have been keeping me busy :3 </document>
		<document> rt #user#: spy kids 2 directors cut #url# </document>
		<document> #user# #user# #user# #user# especially when playing fps games, penissize has never been more important </document>
		<document> #user# #user# #user# #user# also that apperently only women can be harrased online and reseave threats </document>
		<document> rt #user#: 1/29/2015- never forget #url# </document>
		<document> even john oliver is helping brainwash people to feel sorry for anita the con-artist #url# </document>
		<document> rt #user#: .#user# copy of our letter sent to you regarding your copyright notice against our youtube news report. </document>
		<document> #hashtag# - they're hair is as red as the fiery depths of hell. </document>
		<document> rt #user#: i want a church girl that go to church #hashtag# (vine by ijay_be3) #url# </document>
		<document> no, he's actually not a sarcastic anti-feminist (debunked): #url# via #user# </document>
		<document> tweet number 666 :o #hashtag# #hashtag# #hashtag# #url# </document>
		<document> this... feminazi - #hashtag# : #url# via #user# </document>
		<document> just as a quick heads up, a new video will be out as soon as possible, i just need to find one to debunk first :d </document>
		<document> oh ok, so now 'all males' are not only misogynistic, sexist, scums and rapists. now we're all paedophiles as well.... #url# </document>
		<document> #user# i haven't seen that video yet, i'll check it out? :d </document>
		<document> #user# sure, would be cool :d </document>
		<document> youtube: restore the "gender equality" video - stop censoring self-defense #url# via #user# </document>
		<document> feminism = the belief that when someone disagrees with you censorship is acceptable #user# #url# </document>
		<document> women get a taste of the gender equality they've always wanted #hashtag# #url# </document>
		<document> the ironic thing about this is that its made to fight gender differences in career interests, but its by using sexism #url# </document>
		<document> #user# i honestly dont see the problem, everyone get's threatened when speaking out, even i have and nobody knows who the fuck i am </document>
		<document> #user# i bet he's going to use this as an example of a "death threat" ey? </document>
		<document> #user# i honestly feel like the feminists are just taking the piss now: #url# </document>
		<document> new video, this one will be the first one on my patreon as well :d #url# </document>
		<document> #user# all day very day </document>
		<document> new video! :d (been a while) #url# </document>
		<document> #user# #user# please, what is the link? i just have to read this xd </document>
		<document> holy shit this is some good stuff #url# </document>
		<document> #user# i hope that was sarcasm. </document>
		<document> #user# #user# #user# #user# not has it hurt any of my many friends who has also played the same games as me </document>
		<document> #user# #user# #user# #user# my parents knew the ratings but allowed me to play it anyways, and it hasn't hurt me yet </document>
		<document> #user# #user# #user# #user# well, it's the parents responsibility if they let their child play the game or not. </document>
		<document> #user# #user# #user# #user# and also, people over 18 understands that violence is bad, that's why it's an age limit ;) </document>
		<document> #user# #user# #user# #user# in gta v you get run over if you walk straight through traffic... </document>
		<document> #user# #user# #user# #user# ... reflect the real world (such as gta v) </document>
		<document> #user# #user# #user# #user# i honestly don't know what's wrong with violent video games, especially the ones who... </document>
		<document> #user# #user# #user# #user# ...wouldn't be allowed to do in the real world. </document>
		<document> #user# #user# #user# #user# no not at all. violent games are fun because they allow us to do things we know we... </document>
		<document> #user# #user# #user# #user# no not really. and i also hardly don't believe it's coincidental that they go in opposite </document>
		<document> #user# #user# #user# but violence rates has gone down, whilst popularities amongst violent video games has gone up... </document>
		<document> rt #user#: we can confirm #hashtag# is blue and black! we should know! #url# #url# </document>
		<document> kotaku: lead the way in healing the rift in video games. #url# via #user# </document>
		<document> what makes you feel better when you are in a bad mood? — ranting about feminism on the youtubes #url# </document>
		<document> who is the most famous person in your country? — me ofcorse #url# </document>
		<document> how did you feel when you woke up? — mostly awake #url# </document>
		<document> #user# considering she looks so buff why not just have a black guy do her voice #hashtag# </document>
		<document> rt #user#: peacock spider dances to ymca hahahaahaha #url# </document>
		<document> rt #user#: b-but y wont u join us fellow womens???? #url# </document>
		<document> if #user# is a feminist, why did she win the #user# award? </document>
		<document> this one is something else... #url# </document>
		<document> i now have a patreon guys and gals! #url# any support would be appreciated. </document>
		<document> #user# please explain yourself #hashtag# #hashtag# #url# </document>
		<document> #user# norwegian prison is already paradise... </document>
		<document> this video explains why feminism is a hate group! :d #hashtag# #hashtag# #hashtag#isawful #url# </document>
		<document> comment of the year goes tooo: #hashtag# #hashtag# #hashtag# #url# </document>
		<document> rt #user#: wtf is the crash override network? #url# #hashtag# #hashtag# </document>
		<document> rt #user#: when he kicks your tree :( #url# </document>
		<document> mocking islam shouldn't be a death sentence: #url# via #user# #hashtag# </document>
		<document> #user# i'm gonna sleep well tonight.. 💦💦 </document>
		<document> my new year's resolution is to keep fighting for journalistic ethics and inclusiveness with #hashtag# #hashtag# #url# </document>
		<document> #user# what about the men? </document>
		<document> anita sarkeesian's top 5 sexist christmas songs list (debunked): #url# via #user# </document>
		<document> rt #user#: lol @ “fiction that we’re anti-gamer” rt #user#: #user# backpedaling and revisionism #url# </document>
		<document> i suggest every pro- and anti-feminist to read this. it is extremely honest. #hashtag# #hashtag# #hashtag#isawful #url# </document>
		<document> potty-mouth princesses cussing at santa claus (debunked): #url# via #user# </document>
		<document> **rape** on campus -rolling stone: #url# via #user# </document>
		<document> rt #user#: yes, some people want to blacklist all #hashtag# supporters from employment #url# </document>
		<document> ea actually responded to the petition! #hashtag# #url# via #user# </document>
		<document> soooooooo yeah, good job target #hashtag# #url# </document>
		<document> rt #user#: spread the word #hashtag#. it literally takes 5 seconds to vote. #url# #url# </document>
		<document> rt #user#: stalking through people's accounts, accidentally following them and then quickly unfollowing them. "they know" </document>
		<document> i have uploaded a new video today! :d #url# #hashtag# #hashtag# #hashtag# #hashtag# </document>
		<document> male entitlement and other bullsh*it (debunked): #url# via #user# </document>
		<document> have you ever played tennis? — noh #url# </document>
		<document> whats ur skype? — my skype is: thomas.potato ;) #url# </document>
		<document> rt #user#: .#user# i bet some of you guys care more about a scientists t-shirt than landing on a comet. </document>
		<document> rt #user#: #hashtag# i noticed something when my man #user# leveled the #hashtag#. who has the bigger side again? </document>
		<document> daym the amount of typos .-. </document>
		<document> i made a little something for all you sjws out there ;) #hashtag# #hashtag# #hashtag# #hashtag# #hashtag# #hashtag# #url# </document>
		<document> feminist: "too many women killed in gtav" feminist: "not enough female characters in cod!" (game about killin ppl) #hashtag# #hashtag# #hashtag# </document>
		<document> rt #user#: "we don't want to take your games away" *petitions to ban a game* "so you are trying to?" "just the bad ones!!" </document>
		<document> a cop just killed my gta v character even though he's white. anyone else experiencing this bug? #hashtag# #hashtag# </document>
		<document> #user# #user# thanks for sharing that to me ! :d </document>
		<document> i just found this, and it is sooo true! #hashtag# #hashtag# #hashtag# #user# #url# </document>
		<document> i can't even walk properly and i'm 16.. xd #url# #hashtag# #hashtag# </document>
		<document> #user# i honestly don't think it's gonna remove gta v form the stores entirely though, luckily. </document>
		<document> rt #user#: removing a game from a store does about as much for women as complaining about sexy characters: absolutely nothing. </document>
		<document> rt #user#: remember, i read youtube comments for years and then i got cancer. coincidence? </document>
		<document> rt #user#: so target and kmart removed gtav; have victims of sexual violence been helped in any way? yeah didn't think so... </document>
		<document> #user# these damn sjws are being so ignorant. if you look at games, men get killed constantly and women are held more presious.. </document>
		<document> target: stop selling &amp;quot;fifty shades of grey&amp;quot; in all target stores. #url# via #user# </document>
		<document> #user# a triple? u rlly wanna do datshit? </document>
		<document> #user# c o o k i e d o u g h </document>
		<document> it has been kindly suggested that i shut my mouth. #url# via #user# </document>
		<document> rt #user#: 10% of men and 6% of women said they had been physically threatened on online platforms #url# </document>
		<document> #user# what's going on!?!?!? xd </document>
		<document> sjws everyone: #url# #hashtag# #hashtag# #hashtag# #hashtag# </document>
		<document> #user# #user# #user# #user# #user# i have no idea.. here's proof: #url# .-. </document>
		<document> #user# #user# #user# #user# #user# remember akon? the rapper? &gt;:d #url# </document>
		<document> the scary thing is, females can kill all men and use frozen-down sperm to reproduce .-. #hashtag# #hashtag# #hashtag# shyy, tell no one!! d: </document>
		<document> #user# i'm gonna have to hide my white privileged ass in the snow then ;_; </document>
		<document> #user# i hope that explains my delay </document>
		<document> #user# i'm using internet explorer. </document>
		<document> #user# well i never said when they made her. i just said they created her, which they did do so i don't see the reason for all the hate ;) </document>
		<document> oh god no.. marvel has created a feminist superhero d: #url# #hashtag# #hashtag# #hashtag# #hashtag# </document>
		<document> #user# hahahah i can't even xd </document>
		<document> #user# all these god damn retweets &gt;u&lt; </document>
		<document> #user# i have the privilege to do it, because i'm a white male! myeheheheheeeee #url# </document>
		<document> winter is my favorite season, 'cuz now i can hide my white privilegded ass in the snow without the sjws blaming me for being born #hashtag# </document>
		<document> #user# has made my norwegian class entertaining. #url# </document>
		<document> #user# #user# "gamergate is raping me with all their facts!! #hashtag#" </document>
		<document> oh i just feel sad now.. #hashtag# #user# #user# #user# #url# </document>
		<document> #user# "ho heeeell no" - sassy santa </document>
		<document> followers -2, unfollowers - 0. i didn't know i was this awesome. get your weekly stats via #url# </document>
		<document> rt #user#: i'd never blame a developer (subject) for getting close to a journalist, i'd blame the journalist for allowing it. </document>
		<document> more people need to watch this video: #url# #hashtag# #hashtag# #hashtag# </document>
		<document> this is probably one of the best videos i've seen this year... #url# #hashtag# #hashtag# #hashtag# </document>
		<document> dear all anti-#hashtag# please watch and take notes: #url# </document>
		<document> #user# ok, i'm gonna stop wasting my time on her then. thanks for telling me what i engaged myself into! :) </document>
		<document> #user# #hashtag# is filled with many different people, many different races, and all the sexes. #hashtag# </document>
		<document> rt #user#: #hashtag# #hashtag# spread this image. #url# </document>
		<document> rt #user#: not all people of asian descent are as racist as #user#, community manager for #user#. #url# </document>
		<document> rt #user#: enough is enough. #hashtag# #url# </document>
		<document> #user# hahah this is so true xd </document>
		<document> how do successful people differ from unsuccessful ones? — idfk ask bill gates #url# </document>
		<document> watch this video and do your part to help us all. #url# #hashtag# </document>
		<document> #url# watch this, post it everywhere, all help is useful. #hashtag# </document>
		<document> this accurately describes how i feel taking shots.. #url# </document>
		<document> this song cracked me up!! #hashtag# #hashtag# #url# </document>
		<document> a new day, and yet another video #url# </document>
		<document> #user# #user# that was never my intention &lt;3 </document>
		<document> rt #user#: pleas fallow me pewdiepie i ame your biggest fan </document>
		<document> rt #user#: who wants to be my freind </document>
		<document> rt #user#: who wants to have sex </document>
		<document> boom! a pigeon shat on my number! #hashtag# #hashtag# #url# #url# </document>
		<document> rt #user#: when aubameyang is on the counter attack in the 90th minute and mertesacker is our only man back #url# </document>
		<document> check this out! :d #url# #hashtag# #hashtag# #user# </document>
		<document> boom! a pigeon shat on my number! #hashtag# #hashtag# #url# #url# </document>
		<document> #user# paw and order #hashtag# #url# </document>
		<document> #user# probably the stupidest thing i've read this week #url# </document>
		<document> #user# ok seriously wtf is going on... #url# </document>
		<document> #user# have you read this article yet? #url# </document>
		<document> #user# #user# hahahah the quote in the beginning made me laugh hahahah xd </document>
		<document> #user# #user# #user# i will pray for us both &lt;3 </document>
		<document> #user# #hashtag# i only need nr 19 #user# </document>
		<document> #user# #hashtag# i guessed the first one... why doesn't that one count? #user# </document>
		<document> #user# #hashtag# the blanks* </document>
	    
	<document> world-wide giveaway! enter for a chance to win this origin pc neuron w/ pewdiepie! #url# #hashtag# #hashtag# </document>
		<document> #user# #user# don't you mean blackaboveall and #hashtag#? </document>
		<document> rt #user#: a lot of developers release their game and ignore the crystal of truth. #hashtag# #hashtag# #url# </document>
		<document> working on a new video now, i will soon be back to regular uploads :) </document>
		<document> what kind of girls you like? — i like brunettes :) #url# </document>
		<document> fav food? — i love chicken and anything spicy. #url# </document>
		<document> how tall are you? — 193 cm / 6'3 :) #url# </document>
		<document> where did you travel while scandinavia was getting cuck… — i was traveling around in different parts of norway.. :) #url# </document>
		<document> #user# goddam patriarchy, pressuring women to beat up privileged mcdonalds workers... </document>
		<document> a good video exposing demonisation against trump. i do not support trump 100%, but this is unjust. #url# #user# </document>
		<document> this is fucking brilliant #url# </document>
		<document> #user# #user# #user# #user# #user# #user# #user# makes sense when you look at the science :p </document>
		<document> #user# 4.30 am in norway, anything for milo &lt;3 </document>
		<document> it might be 4.30 am here in norway, but i'm watching #user# at ucsb #url# </document>
		<document> you're too late #user# (this popped up in my feed haha) they have already done the #hashtag# #url# </document>
		<document> #hashtag# is utter cancer!it's nothing but a way for unimportant people to feel important #url# via #user# </document>
		<document> i added a video to a #user# playlist #url# #hashtag# </document>
		<document> #user# you got called out man: #url# </document>
		<document> #user# because it is an easy way to back up a failing ideology. </document>
		<document> #user# #user# #user# #user# #user# i have been waiting for this moment.. :) </document>
		<document> whiteness is the devil: #url# via #user# </document>
		<document> what video editing software do you use? — i use adobe premiere pro cs6, works extremely well :) #url# </document>
		<document> new video, this time about race again! :) #url# </document>
		<document> but wait, i am a whit cis male? i will use this against the sjw with a big smile on my face :) #url# via #user# </document>
		<document> new video, this time a tampon commercial (i wouldn't say i'm proud) #url# </document>
		<document> #user# but i'll add it to the list of video ideas, thanks :) </document>
		<document> #user# think i'd rather make a "dear mom" video explaining that men don't live a life on fucking clouds compared to girls xd </document>
		<document> i've made a facebook page now just because it'll be easier to share fun images and articles through it in my opinion #url# </document>
		<document> rt #user#: #hashtag# midnight saturday – i’d rather be up here…but only just!! #hashtag# #url# </document>
		<document> #user# good idea, i will try to make that my next video :) </document>
		<document> (feminism) - feminists wants your power!: #url# via #user# </document>
		<document> #user# you know the ginger that "called you out"? well, he's made a song... #url# </document>
		<document> "just a prank bro" #url# </document>
		<document> when will you ship your shirts to norway? really want that black and gold long sleeve!! :) </document>
		<document> #user# you're gonna love this one: #url# </document>
		<document> i added a video to a #user# playlist #url# my abuse story - matthew santoro </document>
		<document> rt #user#: there truly is a god #url# </document>
		<document> so i just hit 1,000 subscribers on youtube, just wanted to thank you all for the support and look forward to a new video really soon! :) </document>
		<document> (feminism) - 5 ways men can submit their anuses to feminism: #url# via #user# </document>
		<document> uploading a video responding to the recent feministfrequency video, it was a blast! </document>
		<document> jeg la til en video i en #user#-spilleliste – #url# the science of the perfect grilled cheese sandwich </document>
		<document> jeg la til en video i en #user#-spilleliste – #url# why every prank eventually goes wrong </document>
		<document> #user# this reminds me of #user# </document>
		<document> this amazing video by #user# breaks down the war on science - make your voice heard by voting and sharing! #url# </document>
		<document> #user# haha only if ;) </document>
		<document> game theory: leave pewdiepie alone! #url# via #user# </document>
		<document> this is why i use twitter #hashtag# </document>
		<document> goddamn #hashtag# is down :/ </document>
		<document> (race) - buzzfeed hates individuals: #url# via #user# </document>
		<document> first race video :d #url# </document>
		<document> so i'm now finishing up my script on a video about race and the video will probably be up by tomorrow! #hashtag# </document>
		<document> most hypocritical feminist so far (debunkd): #url# via #user# </document>
		<document> #user# have you tried to divide 0 by 0? xd </document>
		<document> new vid soon, working on the script. sorry for being away for too long but the holidays have been keeping me busy :3 </document>
		<document> rt #user#: spy kids 2 directors cut #url# </document>
		<document> #user# #user# #user# #user# especially when playing fps games, penissize has never been more important </document>
		<document> #user# #user# #user# #user# also that apperently only women can be harrased online and reseave threats </document>
		<document> rt #user#: 1/29/2015- never forget #url# </document>
		<document> even john oliver is helping brainwash people to feel sorry for anita the con-artist #url# </document>
		<document> rt #user#: .#user# copy of our letter sent to you regarding your copyright notice against our youtube news report. </document>
		<document> #hashtag# - they're hair is as red as the fiery depths of hell. </document>
		<document> rt #user#: i want a church girl that go to church #hashtag# (vine by ijay_be3) #url# </document>
		<document> no, he's actually not a sarcastic anti-feminist (debunked): #url# via #user# </document>
		<document> tweet number 666 :o #hashtag# #hashtag# #hashtag# #url# </document>
		<document> this... feminazi - #hashtag# : #url# via #user# </document>
		<document> just as a quick heads up, a new video will be out as soon as possible, i just need to find one to debunk first :d </document>
		<document> oh ok, so now 'all males' are not only misogynistic, sexist, scums and rapists. now we're all paedophiles as well.... #url# </document>
		<document> #user# i haven't seen that video yet, i'll check it out? :d </document>
		<document> #user# sure, would be cool :d </document>
		<document> youtube: restore the "gender equality" video - stop censoring self-defense #url# via #user# </document>
		<document> feminism = the belief that when someone disagrees with you censorship is acceptable #user# #url# </document>
		<document> women get a taste of the gender equality they've always wanted #hashtag# #url# </document>
		<document> the ironic thing about this is that its made to fight gender differences in career interests, but its by using sexism #url# </document>
		<document> #user# i honestly dont see the problem, everyone get's threatened when speaking out, even i have and nobody knows who the fuck i am </document>
		<document> #user# i bet he's going to use this as an example of a "death threat" ey? </document>
		<document> #user# i honestly feel like the feminists are just taking the piss now: #url# </document>
		<document> new video, this one will be the first one on my patreon as well :d #url# </document>
		<document> #user# all day very day </document>
		<document> new video! :d (been a while) #url# </document>
		<document> #user# #user# please, what is the link? i just have to read this xd </document>
		<document> holy shit this is some good stuff #url# </document>
		<document> #user# i hope that was sarcasm. </document>
		<document> #user# #user# #user# #user# not has it hurt any of my many friends who has also played the same games as me </document>
		<document> #user# #user# #user# #user# my parents knew the ratings but allowed me to play it anyways, and it hasn't hurt me yet </document>
		<document> #user# #user# #user# #user# well, it's the parents responsibility if they let their child play the game or not. </document>
		<document> #user# #user# #user# #user# and also, people over 18 understands that violence is bad, that's why it's an age limit ;) </document>
		<document> #user# #user# #user# #user# in gta v you get run over if you walk straight through traffic... </document>
		<document> #user# #user# #user# #user# ... reflect the real world (such as gta v) </document>
		<document> #user# #user# #user# #user# i honestly don't know what's wrong with violent video games, especially the ones who... </document>
		<document> #user# #user# #user# #user# ...wouldn't be allowed to do in the real world. </document>
		<document> #user# #user# #user# #user# no not at all. violent games are fun because they allow us to do things we know we... </document>
		<document> #user# #user# #user# #user# no not really. and i also hardly don't believe it's coincidental that they go in opposite </document>
		<document> #user# #user# #user# but violence rates has gone down, whilst popularities amongst violent video games has gone up... </document>
		<document> rt #user#: we can confirm #hashtag# is blue and black! we should know! #url# #url# </document>
		<document> kotaku: lead the way in healing the rift in video games. #url# via #user# </document>
		<document> what makes you feel better when you are in a bad mood? — ranting about feminism on the youtubes #url# </document>
		<document> who is the most famous person in your country? — me ofcorse #url# </document>
		<document> how did you feel when you woke up? — mostly awake #url# </document>
		<document> #user# considering she looks so buff why not just have a black guy do her voice #hashtag# </document>
		<document> rt #user#: peacock spider dances to ymca hahahaahaha #url# </document>
		<document> rt #user#: b-but y wont u join us fellow womens???? #url# </document>
		<document> if #user# is a feminist, why did she win the #user# award? </document>
		<document> this one is something else... #url# </document>
		<document> i now have a patreon guys and gals! #url# any support would be appreciated. </document>
		<document> #user# please explain yourself #hashtag# #hashtag# #url# </document>
		<document> #user# norwegian prison is already paradise... </document>
		<document> this video explains why feminism is a hate group! :d #hashtag# #hashtag# #hashtag#isawful #url# </document>
		<document> comment of the year goes tooo: #hashtag# #hashtag# #hashtag# #url# </document>
		<document> rt #user#: wtf is the crash override network? #url# #hashtag# #hashtag# </document>
		<document> rt #user#: when he kicks your tree :( #url# </document>
		<document> mocking islam shouldn't be a death sentence: #url# via #user# #hashtag# </document>
		<document> #user# i'm gonna sleep well tonight.. 💦💦 </document>
		<document> my new year's resolution is to keep fighting for journalistic ethics and inclusiveness with #hashtag# #hashtag# #url# </document>
		<document> #user# what about the men? </document>
		<document> anita sarkeesian's top 5 sexist christmas songs list (debunked): #url# via #user# </document>
		<document> rt #user#: lol @ “fiction that we’re anti-gamer” rt #user#: #user# backpedaling and revisionism #url# </document>
		<document> i suggest every pro- and anti-feminist to read this. it is extremely honest. #hashtag# #hashtag# #hashtag#isawful #url# </document>
		<document> potty-mouth princesses cussing at santa claus (debunked): #url# via #user# </document>
		<document> **rape** on campus -rolling stone: #url# via #user# </document>
		<document> rt #user#: yes, some people want to blacklist all #hashtag# supporters from employment #url# </document>
		<document> ea actually responded to the petition! #hashtag# #url# via #user# </document>
		<document> soooooooo yeah, good job target #hashtag# #url# </document>
		<document> rt #user#: spread the word #hashtag#. it literally takes 5 seconds to vote. #url# #url# </document>
		<document> rt #user#: stalking through people's accounts, accidentally following them and then quickly unfollowing them. "they know" </document>
		<document> i have uploaded a new video today! :d #url# #hashtag# #hashtag# #hashtag# #hashtag# </document>
		<document> male entitlement and other bullsh*it (debunked): #url# via #user# </document>
		<document> have you ever played tennis? — noh #url# </document>
		<document> whats ur skype? — my skype is: thomas.potato ;) #url# </document>
		<document> rt #user#: .#user# i bet some of you guys care more about a scientists t-shirt than landing on a comet. </document>
		<document> rt #user#: #hashtag# i noticed something when my man #user# leveled the #hashtag#. who has the bigger side again? </document>
		<document> daym the amount of typos .-. </document>
		<document> i made a little something for all you sjws out there ;) #hashtag# #hashtag# #hashtag# #hashtag# #hashtag# #hashtag# #url# </document>
		<document> feminist: "too many women killed in gtav" feminist: "not enough female characters in cod!" (game about killin ppl) #hashtag# #hashtag# #hashtag# </document>
		<document> rt #user#: "we don't want to take your games away" *petitions to ban a game* "so you are trying to?" "just the bad ones!!" </document>
		<document> a cop just killed my gta v character even though he's white. anyone else experiencing this bug? #hashtag# #hashtag# </document>
		<document> #user# #user# thanks for sharing that to me ! :d </document>
		<document> i just found this, and it is sooo true! #hashtag# #hashtag# #hashtag# #user# #url# </document>
		<document> i can't even walk properly and i'm 16.. xd #url# #hashtag# #hashtag# </document>
		<document> #user# i honestly don't think it's gonna remove gta v form the stores entirely though, luckily. </document>
		<document> rt #user#: removing a game from a store does about as much for women as complaining about sexy characters: absolutely nothing. </document>
		<document> rt #user#: remember, i read youtube comments for years and then i got cancer. coincidence? </document>
		<document> rt #user#: so target and kmart removed gtav; have victims of sexual violence been helped in any way? yeah didn't think so... </document>
		<document> #user# these damn sjws are being so ignorant. if you look at games, men get killed constantly and women are held more presious.. </document>
		<document> target: stop selling &amp;quot;fifty shades of grey&amp;quot; in all target stores. #url# via #user# </document>
		<document> #user# a triple? u rlly wanna do datshit? </document>
		<document> #user# c o o k i e d o u g h </document>
		<document> it has been kindly suggested that i shut my mouth. #url# via #user# </document>
		<document> rt #user#: 10% of men and 6% of women said they had been physically threatened on online platforms #url# </document>
		<document> #user# what's going on!?!?!? xd </document>
		<document> sjws everyone: #url# #hashtag# #hashtag# #hashtag# #hashtag# </document>
		<document> #user# #user# #user# #user# #user# i have no idea.. here's proof: #url# .-. </document>
		<document> #user# #user# #user# #user# #user# remember akon? the rapper? &gt;:d #url# </document>
		<document> the scary thing is, females can kill all men and use frozen-down sperm to reproduce .-. #hashtag# #hashtag# #hashtag# shyy, tell no one!! d: </document>
		<document> #user# i'm gonna have to hide my white privileged ass in the snow then ;_; </document>
		<document> #user# i hope that explains my delay </document>
		<document> #user# i'm using internet explorer. </document>
		<document> #user# well i never said when they made her. i just said they created her, which they did do so i don't see the reason for all the hate ;) </document>
		<document> oh god no.. marvel has created a feminist superhero d: #url# #hashtag# #hashtag# #hashtag# #hashtag# </document>
		<document> #user# hahahah i can't even xd </document>
		<document> #user# all these god damn retweets &gt;u&lt; </document>
		<document> #user# i have the privilege to do it, because i'm a white male! myeheheheheeeee #url# </document>
		<document> winter is my favorite season, 'cuz now i can hide my white privilegded ass in the snow without the sjws blaming me for being born #hashtag# </document>
		<document> #user# has made my norwegian class entertaining. #url# </document>
		<document> #user# #user# "gamergate is raping me with all their facts!! #hashtag#" </document>
		<document> oh i just feel sad now.. #hashtag# #user# #user# #user# #url# </document>
		<document> #user# "ho heeeell no" - sassy santa </document>
		<document> followers -2, unfollowers - 0. i didn't know i was this awesome. get your weekly stats via #url# </document>
		<document> rt #user#: i'd never blame a developer (subject) for getting close to a journalist, i'd blame the journalist for allowing it. </document>
		<document> more people need to watch this video: #url# #hashtag# #hashtag# #hashtag# </document>
		<document> this is probably one of the best videos i've seen this year... #url# #hashtag# #hashtag# #hashtag# </document>
		<document> dear all anti-#hashtag# please watch and take notes: #url# </document>
		<document> #user# ok, i'm gonna stop wasting my time on her then. thanks for telling me what i engaged myself into! :) </document>
		<document> #user# #hashtag# is filled with many different people, many different races, and all the sexes. #hashtag# </document>
		<document> rt #user#: #hashtag# #hashtag# spread this image. #url# </document>
		<document> rt #user#: not all people of asian descent are as racist as #user#, community manager for #user#. #url# </document>
		<document> rt #user#: enough is enough. #hashtag# #url# </document>
		<document> #user# hahah this is so true xd </document>
		<document> how do successful people differ from unsuccessful ones? — idfk ask bill gates #url# </document>
		<document> watch this video and do your part to help us all. #url# #hashtag# </document>
		<document> #url# watch this, post it everywhere, all help is useful. #hashtag# </document>
		<document> this accurately describes how i feel taking shots.. #url# </document>
		<document> this song cracked me up!! #hashtag# #hashtag# #url# </document>
		<document> a new day, and yet another video #url# </document>
		<document> #user# #user# that was never my intention &lt;3 </document>
		<document> rt #user#: pleas fallow me pewdiepie i ame your biggest fan </document>
		<document> rt #user#: who wants to be my freind </document>
		<document> rt #user#: who wants to have sex </document>
		<document> boom! a pigeon shat on my number! #hashtag# #hashtag# #url# #url# </document>
		<document> rt #user#: when aubameyang is on the counter attack in the 90th minute and mertesacker is our only man back #url# </document>
		<document> check this out! :d #url# #hashtag# #hashtag# #user# </document>
		<document> boom! a pigeon shat on my number! #hashtag# #hashtag# #url# #url# </document>
		<document> #user# paw and order #hashtag# #url# </document>
		<document> #user# probably the stupidest thing i've read this week #url# </document>
		<document> #user# ok seriously wtf is going on... #url# </document>
		<document> #user# have you read this article yet? #url# </document>
		<document> #user# #user# hahahah the quote in the beginning made me laugh hahahah xd </document>
		<document> #user# #user# #user# i will pray for us both &lt;3 </document>
		<document> #user# #hashtag# i only need nr 19 #user# </document>
		<document> #user# #hashtag# i guessed the first one... why doesn't that one count? #user# </document>
		<document> #user# #hashtag# the blanks* </document>
	 <document> worldwide giveaway! Enter to win this Origin PC Neuron featuring Pewdiepie! #url# #hashtag# #hashtag# </document>
<document> #user# #user# don't you mean black on top and bottom and #hashtag#? </document>
<document> rt #user#: Many developers release their game and ignore the Crystal of Truth. #hashtag# #hashtag# #url# </document>
<document> I'm working on a new video, I'll be doing normal uploads again soon :) </document>
<document> what kind of girl do you like? — I like brunettes :) #url# </document>
<Document> Favorite food? — I love chicken and anything spicy. #url# </document>
<document> how tall are you? — 193 cm / 6'3 :) #url# </document>
<document> where have you traveled while scandinavia was cheated... — i've been to different parts of norway... :) #url# </document>
<document> #user# goddamn patriarchy pressuring women to beat up privileged McDonalds workers... </document>
<document> good video debunking anti-Trump demonization. i don't support trump 100% but that's unfair. #url# #user# </document>
<document> that's freaking brilliant #url# </document>
<document> #user# #user# #user# #user# #user# #user# #user# makes sense when you look at the science :p </document>
<document> #user# 4.30am in Norway, all for Milo <3 </document>
<document> here in norway it might be 4:30 am, but I'm looking at #user# on ucsb #url# </document>
<document> you're late #user# (that showed up in my feed haha) they already did the #hashtag# #url# </document>
<document> #hashtag# is absolute cancer! It's nothing more than a way for unimportant people to feel important #url# over #user# </document>
<document> I added a video to a #user# playlist #url# #hashtag# </document>
<document> #user# You were called, man: #url# </document>
<document> #user# because it's an easy way to reinforce a failed ideology. </document>
<document> #user# #user# #user# #user# #user# I've been waiting for this moment.. :) </document>
<document> whiteness is the devil: #url# via #user# </document>
<Document> What video editing software do you use? — I use Adobe Premiere Pro CS6, works very well :) #url# </document>
<document> new video, this time about racing again! :) #url# </document>
<document> but wait, I'm a white cis male? I will use this against the sjw with a big smile on my face :) #url# via #user# </document>
<document> new video, this time a tampon commercial (I wouldn't say I'm proud) #url# </document>
<document> #user# but I'll add it to the list of video ideas, thanks :) </document>
<document> #user# think I'd rather do a "Dear Mom" ​​video explaining that men don't live on damn clouds compared to girls xd </document>
<document> I've made a Facebook page now just because I think it's easier to share fun pics and articles about #url# </document>
<document> rt #user#: #hashtag# Saturday at midnight - I'd rather be up here...just for now!! #Hashtag# #URL# </document>
<document> #user# good idea, I will try to make this my next video :) </document>
<document> (Feminism) - Feminists want your power!: #url# via #user# </document>
<document> #user# do you know the ginger that "called you out"? Well he made a song... #url# </document>
<document> "just a prank brother" #url# </document>
<document> when do you ship your shirts to norway? I really want this black and gold long sleeve shirt!! :) </document>
<document> #user# You'll love this one: #url# </document>
<document> I added a video to a #user# playlist #url# my abuse story - matthew santoro </document>
<document> rt #user#: There really is a god #url# </document>
<document>, so I just hit 1,000 subscribers on YouTube, just wanted to say thank you all for the support and look forward to a new video soon! :) </document>
<document> (feminism) - 5 ways men can submit their anus to feminism: #url# via #user# </document>
<Document> Upload a video that responds to the recordingent feministfrequency video, it was a blast! </document>
<document> jeg la til en video i en #user#-spilleliste – #url# the science of the perfect grilled cheese sandwich </document>
<document> jeg la til en video i en #user#-spilleliste – #url# why every prank eventually goes wrong </document>
<document> #user# this reminds me of #user# </document>
<document> This amazing video by #user# breaks the war on science - make your voice heard by voting and sharing! #url# </document>
<document> #user# haha ​​only if ;) </document>
<Document> Game Theory: Leave Pewdiepie Alone! #url# via #user# </document>
<document> that's why I use twitter #hashtag# </document>
<document> goddamn #hashtag# is down :/ </document>
<document> (race) - Buzzfeed hates individuals: #url# via #user# </document>
<document> first race video :d #url# </document>
<Document>, so I am now finishing my script for a video about racing and the video will probably be ready by tomorrow! #Hashtag# </Document>
<document> most hypocritical feminist yet (debunkd): #url# via #user# </document>
<document> #user# did you try to divide 0 by 0? xd </document>
<document> New video coming soon, working on the script. Sorry I've been gone too long, but the holidays have kept me busy :3 </document>
<document> rt #user#: spy kids 2 directors cut #url# </document>
<document> #user# #user# #user# #user# Especially when playing FPS games, penis size has never been more important</document>
<document> #user# #user# #user# #user# that apparently only women can be harassed and threatened online </document>
<document> rt #user#: 1/29/2015- never forget #url# </document>
<document> Even John Oliver helps brainwash people into feeling sorry for Anita the scammer #url# </document>
<document> rt #user#: .#user# Copy of our letter sent to you regarding your copyright notice against our YouTube news report. </document>
<document> #hashtag# - Her hair is as red as the fiery depths of hell. </document>
<document> rt #user#: I want a church girl who goes to church #hashtag# (vine by ijay_be3) #url# </document>
<document> no, he's not actually a sarcastic anti-feminist (debunked): #url# via #user# </document>
<Document> Tweet number 666 :o #hashtag# #hashtag# #hashtag# #url# </document>
<document> this... feminazi - #hashtag# : #url# via #user# </document>
<document> Just as a quick warning, a new video will be out as soon as possible, I just need to find one to debunk first :d </document>
<document> oh ok, so now 'all men' aren't just misogynist, sexist, scum and rapists. now we're all pedophiles too.... #url# </document>
<document> #user# I haven't seen the video yet, will I watch it? :d </document>
<document> #user# sure would be cool :d </document>
<document> youtube: restore gender equality video - end self-defense censorship #url# via #user# </document>
<document> feminism = the belief that censorship is acceptable when someone disagrees with you #user# #url# </document>
<document> Women get a taste of the gender equality they've always wanted #hashtag# #url# </document>
<document> The irony of this is that it was made to combat gender differences in career interests, but it uses sexism #url# </document>
<document> #user# I honestly don't see the problem, everyone gets threatened if they say anything, even me, and nobody knows who the hell I am </document>
<Document> #user# I bet he'll use this as an example of a "death threat", ey? </document>
<document> #user# to be honest, i have the feeling that the feminists are just pissing off: #url# </document>
<document> new video, this will also be the first one on my patreon :d #url# </document>
<document> #user# all day every day </document>
<document> new video! :d (a while ago) #url# </document>
<document> #user# #user# please what is the link? I just have to read this xd </document>
<document> holy schit's some good stuff #url# </document>
<document> #user# I hope that was sarcasm. </document>
<document> #user# #user# #user# #user# it didn't hurt any of my many friends who played the same games as me </document>
<document> #user# #user# #user# #user# my parents knew the ratings but still allowed me to play it and it hasn't hurt me yet</document>
<document> #user# #user# #user# #user# Well, it is the parent's responsibility whether or not to let their child play the game. </document>
<document> #user# #user# #user# #user# and also people over 18 understand that violence is bad so there is an age limit ;) </document>
<document> #user# #user# #user# #user# in gta v you will get run over if you walk straight through traffic... </document>
<document> #user# #user# #user# #user# ... reflect the real world (like gta v) </document>
<document> #user# #user# #user# #user# I honestly don't know what's wrong with violent video games, especially the ones that... </document>
<document> #user# #user# #user# #user# ...would not be allowed in the real world. </document>
<document> #user# #user# #user# #user# no not at all. violent games are fun because they allow us to do things we know we can... </document>
<document> #user# #user# #user# #user# no not really. and I don't think it's coincidental that they're opposite </document> either
<document> #user# #user# #user#, but rates of violence have declined while the popularity of violent video games has increased... </document>
<document> rt #user#: we can confirm that #hashtag# is blue and black! we should know! #url# #url# </document>
<document> kotaku: Leader in healing the rift in video games. #url# via #user# </document>
<document> what makes you feel better when you're in a bad mood? — rant about feminism on YouTube #url# </document>
<Document> Who is the most famous person in your country? — I of course #url# </document>
<document> how did you feel when you woke up? — mostly awake #url# </document>
<document> #user# considering she looks so muscular why not just let a black guy do her voice #hashtag# </document>
<document> rt #user#: peacock spider dancing to ymca hahahaahaha #url# </document>
<document> rt #user#: b-but don't you want to join, fellow women???? #url# </document>
<document> If #user# is a feminist, why did she win the #user# award? </document>
<document> this is something else... #url# </document>
<Document> I now have a Patreon guys and gals! #url# support would be appreciated. </document>
<document> #user# please explain yourself #hashtag# #hashtag# #url# </document>
<document> #user# The Norwegian prison is already a paradise... </document>
<Document> This video explains why feminism is a hate group! :d #hashtag# #hashtag# #hashtag#isawful #url# </document>
<document> Comment of the year goes to: #hashtag# #hashtag# #hashtag# #url# </document>
<document> rt #user#: wtf is the crash override network? #url# #hashtag# #hashtag# </document>
<document> rt #user#: when he kicks your tree :( #url# </document>
<document> Islam mockery should not be a death sentence: #url# via #user# #hashtag# </document>
<document> #user# I'll sleep well tonight.. 💦💦 </document>
<document> my new year's resolution is to continue fighting for journalistic ethics and inclusivity with #hashtag# #hashtag# #url# </document>
<document> #user# what about the men? </document>
<document> anita sarkeesian's top 5 sexist christmas carols list (debunked): #url# via #user# </document>
<document> rt #user#: lol @ "fiction that we are anti-gamers" rt #user#: #user# backtracking and revisionism #url# </document>
<Document> I recommend every pro- and anti-feminist to read this. it is very honest. #hashtag# #hashtag# #hashtag#isawful #url# </document>
<document> Potty Princesses berate Santa Claus (debunked): #url# via #user# </document>
<Document> **Rape** on campus -rolling stone: #url# via #user# </document>
<document> rt #user#: Yes, some people want to blacklist all supporters of #hashtag# from employing #url# </document>
<document> ea actually replied to the petition! #hashtag# #url# via #user# </document>
<document> sooooooooo yes, good job target #hashtag# #url# </document>
<Document> rt #user#: Spread the word #hashtag#. It literally takes 5 seconds to vote. #url# #url# </document>
<document> rt #user#: Stalk through people's accounts, accidentally follow them, then quickly unfollow them. "they know" </document>
<document> I uploaded a new video today! :d #url# #hashtag# #hashtag# #hashtag# #hashtag# </document>
<Document> male authorization and other bullshit (debunked): #url# via #user# </document>
<document> have you ever played tennis? — no #url# </document>
<document> what is your skype? — my Skype is: thomas.potato ;) #url# </document>
<document> rt #user#: .#user# I bet some of you care more about a scientist t-shirt than landing on a comet. </document>
<document> rt #user#: #hashtag# i noticed something when my husband #user# leveled the #hashtag#. Who has the bigger side again? </document>
<document> daym the amount of typos .-. </document>
<document> I made something for all the sjws out there ;) #hashtag# #hashtag# #hashtag# #hashtag# #hashtag# #hashtag# #url# </document>
<document> feminist: "too many women killed in gtav" feminist: "not enough female characters in cod!" (game about killing people) #hashtag# #hashtag# #hashtag# </document>
<document> rt #user#: "we don't want to take your games away from you" *petitions to ban a game* "so you're trying?" "Only the bad guys!!" </document>
<document> a cop just killed my gta v character even though he is white. does anyone else have this error? #hashtag# #hashtag# </document>
<document> #user# #user# thanks for letting me know! :d </document>
<Document> I just found this and it's sooo true! #hashtag# #hashtag# #hashtag# #user# #url# </document>
<document> I can't even walk properly and I'm 16. xd #url# #hashtag# #hashtag# </document>
<document> #user# I honestly don't think it will completely remove gta v from the stores, luckily. </document>
<document> rt #user#: Removing a game from a store gets women about as much as complaining about sexy characters: absolutely nothing. </document>
<document> rt #user#: Remember, I read YouTube comments for years and then I got cancer. Coincidence? </document>
<document> rt #user#: so target and kmart removed gtav; Have victims of sexual violence been helped in any way? Yeah, I didn't think so... </document>
<document> #user# those damn sjws are so ignorant. When you watch games, men are constantly being killed and women are considered more respected.. </document>
<document> Goal: Stop the sale of "Fifty Shades of Grey" in all target stores. #url# via #user# </document>
<document> #user# a triple? Do you really want to do datshit? </document>
<document> #user# c o o k i e d o u g h </document>
<Document> it was kindly suggested that I shut up. #url# via #user# </document>
<document> rt #user#: 10% of men and 6% of women reported being physically threatened on online platforms #url# </document>
<document> #user# what's up!?!?!? xd </document>
<document> sjws all: #url# #hashtag# #hashtag# #hashtag# #hashtag# </document>
<document> #user# #user# #user# #user# #user# no idea.. here is the proof: #url# .-. </document>
<document> #user# #user# #user# #user# #user# remember akon? the rapper? &gt;:d #url# </document>
<Document> The scary thing is women can kill all men and use frozen sperm to reproduce .-. #hashtag# #hashtag# #hashtag# shy don't tell anyone!! d: </document>
<document> #user# then i have to hide my privileged white ass in the snow ;_; </document>
<document> #user# I hope this explains my delay </document>
<document> #user# I am using Internet Explorer. </dodocument>
<document> #user# Well I never said when they made them. I just said they created them, which they did, so I don't understand the reason for all the hate ;) </document>
<document> oh god no. Marvel created a feminist superhero: #url# #hashtag# #hashtag# #hashtag# #hashtag# </document>
<document> #user# hahahah i can't even xd </document>
<document> #user# all those goddamn retweets &gt;u&lt; </document>
<document> #user# I have the privilege to do it because I'm a white male! myheheheheeeee #url# </document>
<document> Winter is my favorite season because now I can hide my white privileged butt in the snow without the SJWs blaming me for being born #hashtag# </document>
<document> #user# made my Norwegian class fun. #url# </document>
<document> #user# #user# "Gamergate rapes me with all his facts!! #hashtag#" </document>
<document> oh I'm sad right now.. #hashtag# #user# #user# #user# #url# </document>
<document> #user# "ho heeell no" - cheeky Santa </document>
<Document> Followers -2, Unfollowers - 0. I didn't know I was that awesome. get your weekly stats via #url# </document>
<document> rt #user#: I would never blame a developer (subject) for getting close to a journalist, I would blame the journalist for allowing it. </document>
<document> This video needs more people to view: #url# #hashtag# #hashtag# #hashtag# </document>
<document> This is probably one of the best videos I've seen this year... #url# #hashtag# #hashtag# #hashtag# </document>
<document> love all anti-#hashtag# please look and note: #url# </document>
<document> #user# ok then I'll stop wasting my time with her. thank you for telling me what I was getting myself into! :) </document>
<document> #user# #hashtag# is filled with many different people, many different races and all genders. #Hashtag# </Document>
<document> rt #user#: #hashtag# #hashtag# spread this image. #url# </document>
<document> rt #user#: not all people of Asian descent are as racist as #user#, community manager for #user#. #url# </document>
<document> rt #user#: enough is enough. #Hashtag# #URL# </document>
<document> #user# hahah that's so true xd </document>
<document> how do successful people differ from unsuccessful ones? — idfk ask bill gates #url# </document>
<Document> Watch this video and do your part to help us all. #url# #hashtag# </document>
<document> #url# look at this, post anywhere, any help is useful. #Hashtag# </Document>
<document> that describes exactly how I feel when taking pictures. #url# </document>
<Document> This song blew my mind!! #hashtag# #hashtag# #url# </document>
<document> a new tag and another video #url# </document>
<document> #user# #user# that was never my intention <3 </document>
<document> rt #user#: Please let me rest Pewdiepie, I'm your biggest fan </document>
<document> rt #user#: who wants to be my friend </document>
<document> rt #user#: who wants to have sex </document>
<Document> Boom! a pigeon shit on my number! #hashtag# #hashtag# #url# #url# </document>
<document> rt #user#: when aubameyang starts to counterattack in the 90th minute and mertesacker is our only man at the back #url# </document>
<document> look at this! :d #url# #hashtag# #hashtag# #user# </document>
<Document> Boom! a pigeon shit on my number! #hashtag# #hashtag# #url# #url# </document>
<document> #user# paw and order #hashtag# #url# </document>
<document> #user# probably the dumbest thing I've read this week #url# </document>
<document> #user# ok seriously wtf going on... #url# </document>
<document> #user# have you read this article yet? #url# </document>
<document> #user# #user# hahahah the quote at the beginning made me laugh hahahah xd </document>
<document> #user# #user# #user# I will pray for both of us <3 </document>
<document> #user# #hashtag# i only need nr 19 #user# </document>
<document> #user# #hashtag# I guessed the first one...why notthat counts? #User# </Document>
<document> #user# #hashtag# the spaces* </document>