   
	<document> i have 63 new followers from usa 🇺🇸, italy 🇮🇹, uk. 🇬🇧, and more last week. see #url# #url# </document>
		<document> cyprus defends razor wire to halt illegal migrant crossovers. #url# #hashtag# #hashtag# #url# </document>
		<document> trying to confirm rumor that #user# has volunteered to provide vaccine shots in eu? 🤪😂 #url# </document>
		<document> #user# #user# they are commies and this council of europe is even worse, if that’s actually even possible. #hashtag# #hashtag# must get out. </document>
		<document> rt #user#: #hashtag# #user#, again </document>
		<document> rt #user#: migrants have set their camp on fire in #hashtag# #hashtag# 🇬🇷 #url# </document>
		<document> rt #user#: hungary: viktor orban on the opportunity to renew the right in europe: #url# #hashtag# #hashtag# </document>
		<document> the frontex show: since when are “rescues” part of border. #url# #hashtag# #hashtag# #url# </document>
		<document> #user# i agree and do not like them. but do support greek coast guard with the pushbacks to turk </document>
		<document> #user# well sea watch flies under flag of germany </document>
		<document> unhcr calls on its ‘model state’ germany to step up migrant protections. #url# #hashtag# #hashtag# #url# </document>
		<document> italy’s eu migrant processing camp. #url# #hashtag# #hashtag# #url# </document>
		<document> hungary: viktor orban on the opportunity to renew the right in europe: #url# #hashtag# #hashtag# #url# </document>
		<document> rt #user#: six thoughts regarding #hashtag# leaving the #hashtag# group today #url# </document>
		<document> rt #user#: thousands of turks and antifas on the streets of berlin 🇩🇪 🇹🇷 #hashtag# #hashtag# #hashtag# #url# </document>
		<document> rt #user#: sea watch. the german smuggling ngo that nobody seems to be able to stop. #url# </document>
		<document> greece: pregnant afghan sets herself on fire over delay of “relocation” plans to germany. #url#… #url# </document>
		<document> rt #user#: wow, 15 years old, another ‘unaccompanied minor’ 😂; no wonder he vanished before the age test. #hashtag# #hashtag# </document>
		<document> wow, 15 years old, another ‘unaccompanied minor’ 😂; no wonder he vanished before the age test. #hashtag# #hashtag# #url# </document>
		<document> rt #user#: #url# just another “armchair”? #hashtag# #hashtag# #hashtag# #hashtag# #hashtag# </document>
		<document> cyprus overwhelmed, accuses turkey of creating new migration route. #url# #hashtag# #hashtag# #url# </document>
		<document> #url# just another “armchair”? #hashtag# #hashtag# #hashtag# #hashtag# #hashtag# </document>
		<document> rt #user#: keep going #user# fdl 👍 </document>
		<document> keep going #user# fdl 👍 #url# </document>
		<document> rt #user#: back in the day, we called them “brown-nosers” or teacher’s pets. </document>
		<document> back in the day, we called them “brown-nosers” or teacher’s pets. #url# </document>
		<document> greece applies to eu for the return of 519 illegal migrants to countries of origin. #url#… #url# </document>
		<document> rt #user#: swedes are fleeing sweden because of surge in crime caused by mass migration part 1 #url# </document>
		<document> rt #user#: waiting for eu to announce the great amnesty program in near future. it’s coming...do the math </document>
		<document> #user# new eu brown noser. #url# </document>
		<document> waiting for eu to announce the great amnesty program in near future. it’s coming...do the math #url# </document>
		<document> arresting smugglers does little if the illegals are allowed to stay. #url# #hashtag# #hashtag# #url# </document>
		<document> rt #user#: highly-skilled illegal #hashtag# show their skills in the hotel canary islands #hashtag# 🇪🇸 #url# </document>
		<document> #user# they could be turning greece into a giant migrant processing center to manage relocations across eu. new centers, etc </document>
		<document> turkey’s illegal ‘push’ must never be accepted. #url# #hashtag# #hashtag# #url# </document>
		<document> rt #user#: watch out, here comes eu meddler ylva from sweden to lecture on “pushbacks” and so-called “eu values”. #hashtag# #hashtag# </document>
		<document> the a team ghosts 😂 #url# </document>
		<document> rt #user#: #hashtag# is no armchair. #hashtag# </document>
		<document> #hashtag# is no armchair. #hashtag# #url# </document>
		<document> rt #user#: #hashtag# fdl surge, making move as #hashtag# fumbles the ball. #hashtag# frauds barely register </document>
		<document> #hashtag# fdl surge, making move as #hashtag# fumbles the ball. #hashtag# frauds barely register #url# </document>
		<document> #user# he accomplished nothing. </document>
		<document> #user# it is in the hands of globalist left </document>
		<document> #user# yes you did. left-wing loves it...and so do conservative frauds of epp, plastic man berlusconi and germany. </document>
		<document> #user# very disappointing but i think berlusconi and frauds at #hashtag# got to him </document>
		<document> sicily must be concerned about the “single market” and eu solidarity. 😂 #url# #hashtag# #hashtag# #url# </document>
		<document> #user# hopefully japan since uk dropped charges against last migrant hijackers. </document>
		<document> i have 80 new followers from usa, uk., czechia, and more last week. see #url# #url# </document>
		<document> rt #user#: this #hashtag# even looks soft, like one of those eu male feminists 🤸🇪🇺 </document>
		<document> rt #user#: no one listens to the eu, which lost respect long ago. </document>
		<document> no one listens to the eu, which lost respect long ago. #url# </document>
		<document> #user# agree and it’s disappointing. this (sanctions) should have been done in 2015 </document>
		<document> tension spreads through camps for illegals in spain’s canary islands. #url# #hashtag# #hashtag# #url# </document>
		<document> this #hashtag# even looks soft, like one of those eu male feminists 🤸🇪🇺 #url# </document>
		<document> despite croatia’s heroic efforts at border, the aggressive illegals are coming to the eu. #url#… #url# </document>
		<document> imagine the eu cultural marxists and vera jourova will follow biden sect. #url# #hashtag# #hashtag# #url# </document>
		<document> afghan dude in the red has a nicer jacket than me. c’mon these poor refugees...but i have the premier cap😉 #url# </document>
		<document> greece: draft program aims for better integration. 😂 #url# #hashtag# #hashtag# #url# </document>
		<document> poland: be careful of the old neocon cabal suddenly back in charge of us foreign policy. #url#… #url# </document>
		<document> biden is hiring people by race and sex: here’s how that failed in seattle. #url# #hashtag# #hashtag# #url# </document>
		<document> #user# there is, but the un types say they are ‘demeaning’ and inhumane. 😂 </document>
		<document> uk set to formally apply for trans-pacific trade bloc membership. #url# #hashtag# #hashtag# #url# </document>
		<document> pro-migration pimps in washington attack greece regarding pushbacks. #url# #hashtag# #hashtag# #url# </document>
		<document> rt #user#: eu covid vaccinations: the road to hell is paved with good intentions... #url# </document>
		<document> #user# maybe that un worker 😂 </document>
		<document> malta: 120 illegal migrants relocated to other eu states. #url# #hashtag# #hashtag# #url# </document>
		<document> some also claim he used steroids to enhance performance 😉. maybe lance knows? </document>
		<document> rt #user#: north african migrant starts mouthing back to the spanish police and then starts acting like #hashtag#🤡🤡🤡 </document>
		<document> rt #user#: most already knew frontex does not defend border. #url# #hashtag# #hashtag# #url# </document>
		<document> rt #user#: #user# it will be something like a 'federal police', overpowering national police force. gesta-fckn-po </document>
		<document> most already knew frontex does not defend border. #url# #hashtag# #hashtag# #url# </document>
		<document> rt #user#: as expected, #hashtag# said no...but erdogan still expects big #hashtag# #hashtag# to send his money. 😂 #user# #hashtag# </document>
		<document> as expected, #hashtag# said no...but erdogan still expects big #hashtag# #hashtag# to send his money. 😂 #user# #hashtag# #url# </document>
		<document> #user# i answered everything but realize now you are a troll...and a bumbling one at that. </document>
		<document> #user# no saying biological male who identifies as woman has no place in women’s locker </document>
		<document> #user# one is either born male or female, this is not about beliefs </document>
		<document> #user# great point, people are like sheep. </document>
		<document> rt #user#: has she always been this phony? </document>
		<document> #user# has she always been this phony </document>
		<document> has she always been this phony? #url# </document>
		<document> hah a much bigger world outside the collective project </document>
		<document> #user# yes renzi trying to become relevant again; wonder if 5stars will rollover again as they did with pd </document>
		<document> uk: illegals go on hunger strike, protest “conditions” and chant ‘freedom'. #url# #hashtag# #hashtag# #url# </document>
		<document> #user# i believe it’s eu and council of europe (echr court) behind it </document>
		<document> #user# #user# #user# yes her vips and treasure of gold </document>
		<document> #user# 1+ 1 = 2. cannot defend border without pushbacks. </document>
		<document> #user# great article thanks for sending and we will post thursday </document>
		<document> malta: some good news, but still a little light. #url# #hashtag# #hashtag# #url# </document>
		<document> rt #user#: feel safer now with the new eu “own” frontex corps? #url# #hashtag# #hashtag# #url# </document>
		<document> eu has a new propaganda video about its new corps at the border. eu corps! 😂 #url# #hashtag# #hashtag# #url# </document>
		<document> feel safer now with the new eu “own” frontex corps? #url# #hashtag# #hashtag# #url# </document>
		<document> rt #user#: the eu knew what they were getting with von der leyen...failure. #url# #hashtag# #hashtag# #url# </document>
		<document> #user# #user# #user# #user# the new commies in brussels </document>
		<document> the eu knew what they were getting with von der leyen...failure. #url# #hashtag# #hashtag# #url# </document>
		<document> #user# syrian govt invited russia and iran </document>
		<document> #user# #user# a combination of both. lost 1000 over last few days </document>
		<document> goduckgo is much better than google too. #url# </document>
		<document> #user# yes agree, pushbacks an absolute necessity to defend border...just ignore eu </document>
		<document> rt #user#: so they walk them back instead of pushbacks 😂👍 </document>
		<document> rt #user#: 👍 portugal needs a legitimate party on the right to challenge #hashtag# frauds </document>
		<document> 👍 portugal needs a legitimate party on the right to challenge #hashtag# frauds #url# </document>
		<document> so they walk them back instead of pushbacks 😂👍 #url# </document>
		<document> ‘solidarity cannot be voluntary': portugal begins talks on eu migration pact. #url# #hashtag# #hashtag# #url# </document>
		<document> celebrity vaccinations causes public outrage in poland. #url# #hashtag# #hashtag# #url# </document>
		<document> #user# #user# hopefully they got them b/c they said the caught 500 last weekend </document>
		<document> #user# #user# wow is this true </document>
		<document> rt #user#: germany is cooked; looks like another #hashtag# party is about to partner with far-left greens. </document>
		<document> germany is cooked; looks like another #hashtag# party is about to partner with far-left greens. #url# </document>
		<document> rt #user#: the polish justice minister knows what the globalists in brussels are planning </document>
		<document> #user# #user# not from my perspective. and try growing up instead of talking like a little school girl going through puberty </document>
		<document> #user# #user# guy must be 100 years old, what on earth is he doing in politics </document>
		<document> #user# #user# yes his choice but acts as if all should follow like sheep. </document>
		<document> #user# do you want a medal? </document>
		<document> i have 39 new followers from germany, and more last week. see #url# #url# </document>
		<document> will brexit encourage denmark and others to follow? #url# #hashtag# #hashtag# #url# </document>
		<document> there she goes again 🙆🏻‍♀️... miss jourova will target hungary and poland in the new year. #url#… #url# </document>
		<document> #user# #user# ok i will use both </document>
		<document> rt #user#: #user# #user# you could have used this picture instead #url# </document>
		<document> eu ‘warns’ bosnia of alarming migrant state, urges action. 😂 #url# #hashtag# #hashtag# #url# </document>
		<document> #user# saving pension plans everywhere 😂 </document>
		<document> rt #user#: all they want is money </document>
		<document> rt #user#: i guess that's those eu "fundamental values" everyone keeps going on about. </document>
		<document> rt #user#: poland and hungary battle to eradicate 'gender' (and all the unnatural theories behind it) in eu policies. </document>
		<document> #user# #user# #user# #user# that’s a great point </document>
		<document> rt #user#: here is an old, washed-up artist going through internal crisis...what a ‘douschbag’ looking for relevancy </document>
		<document> special thank you to my 30 new followers from hungary, and more last week. #url# #url# </document>
		<document> here is an old, washed-up artist going through internal crisis...what a ‘douschbag’ looking for relevancy #url# </document>
		<document> #user# but than would not be very tolerant 😂🤦‍♂️🇪🇺🧚‍♀️ </document>
		<document> rt #user#: spain: national conservative vox party calls for the deportation of moroccan and algerian illegals. </document>
		<document> #user# eu has a different definition of way of life </document>
		<document> open-border madness: how many more ‘undetected’ terrorists are in eu? #url# #hashtag# #hashtag# #url# </document>
		<document> minister: turkey and ngos behind spike of somalis seeking asylum in greece. #url# #hashtag# #hashtag# #url# </document>
		<document> us-based foundation pledges £1m to help migrants resettle in uk. #url# #hashtag# #hashtag# #url# </document>
		<document> uk madness: eu is not the only one with a deportation deficit. #url# #hashtag# #hashtag# #url# </document>
		<document> italy: mass migration attracts the criminal underworld. #url# #hashtag# #hashtag# #url# </document>
		<document> rt #user#: time to move on from #hashtag#’s tool to keep national conservatives weak and divided. #url# </document>
		<document> time to move on from #hashtag#’s tool to keep national conservatives weak and divided. #url# </document>
		<document> cyprus: illegal migrant boat spotted off cape greco turned back. (updated) #url# #hashtag# #hashtag# #url# </document>
		<document> #user# and even if they did not sign some in eu now trying to make in binding on all eu plebe states...under rule of law charade. </document>
		<document> i have 60 new followers from usa 🇺🇸, hungary 🇭🇺, czechia 🇨🇿, and more last week. see #url# #url# </document>
		<document> there she goes again...ylva, the eu gender quota from sweden. #url# #hashtag# #hashtag# #url# </document>
		<document> malta kidnapping: the blowback to mass migration continues... #url# #hashtag# #hashtag# #url# </document>
		<document> #url# the legend and leader of golden era of #hashtag# hockey. </document>
		<document> #user# what army 👯‍♀️😂 </document>
		<document> illegal migrants flooding canary islands in the hopes of “securing a new life” in europe. #url#… #url# </document>
		<document> greece: migrant trafficking ring operations disrupted...but for how long? #url# #hashtag# #hashtag# #url# </document>
		<document> rt #user#: the price of eu values: canary islands welcomes a flood of new tourists. 🤨 #url# #hashtag# #hashtag# </document>
		<document> algerian illegal migrants - demanding that they be allowed to come and go as they please - #url#… #url# </document>
		<document> the price of eu values: canary islands welcomes a flood of new tourists. 🤨 #url# #hashtag# #hashtag# #url# </document>
		<document> uk: this is a joke....no wonder illegal aliens keep flooding britain. #url# #hashtag# #hashtag# #url# </document>
		<document> greek police arrest islamic state suspect after migrant camp brawl. #url# #hashtag# #hashtag# #url# </document>
		<document> rt #user#: #hashtag# #hashtag# supporting hungary and poland re eu budget and rule of law poison pill. </document>
		<document> rt #user#: #hashtag#: in brussels today, they only view countries which let migrants in as those governed by the rule of law </document>
		<document> #hashtag# #hashtag# supporting hungary and poland re eu budget and rule of law poison pill. #url# </document>
		<document> i have 38 new followers from greece 🇬🇷, and more last week. see #url# #url# </document>
		<document> spain: canary islands exploding after wave of illegal migrants arrive. #url# #hashtag# #hashtag# #url# </document>
		<document> rt #user#: more than 500 have arrived only today they are freed. our police can not deal with thousands canary islands #user# </document>
		<document> france: deporting a mere 26 illegal migrants is not how to win this war. #url# #hashtag# #hashtag# #url# </document>
		<document> rt #user#: "we didn't join an empire" 🇭🇺💸🇪🇺 #hashtag# #hashtag# #hashtag# - #url# </document>
		<document> czech republic: police stop truck carrying 48 illegal aliens. #url# #hashtag# #hashtag# #url# </document>
		<document> #user# do you use facebook </document>
		<document> un-types just love erdogan’s turkey. #url# #hashtag# #hashtag# #url# </document>
		<document> #user# it’s crazy and so is kosovo </document>
		<document> malta: the enemies within waging war on the nations of europe. #url# #hashtag# #hashtag# #url# </document>
		<document> malta: the enemies within waging war on the nations of europe. #url# #hashtag# #hashtag# #url# </document>
		<document> i have 39 new followers from germany 🇩🇪, and more last week. see #url# #url# </document>
		<document> #user# can you send message to my inbox here. then i can give you my email </document>
		<document> rt #user#: austria and its turk problem: islamic extremism emerges. #url# #hashtag# #hashtag# #url# </document>
		<document> austria and its turk problem: islamic extremism emerges. #url# #hashtag# #hashtag# #url# </document>
		<document> rt #user#: v4 report on twitter: eu’s testosterone deficit. #url# #hashtag# #hashtag# #url# </document>
		<document> #user# correct and will continue to do so </document>
		<document> rt #user#: the new communists of brussels want to dictate to #hashtag# </document>
		<document> the new communists of brussels want to dictate to #hashtag# #url# </document>
		<document> rt #user#: after suffering for decades from eastern cultural marxism, poland is now fully hit by its western variant. </document>
		<document> v4 report on twitter: eu’s testosterone deficit. #url# #hashtag# #hashtag# #url# </document>
		<document> rt #user#: member states or eu german slave states </document>
		<document> member states or eu german slave states #url# </document>
		<document> #user# #user# #user# #user# she loves to hear herself speak, such an arse-kisser </document>
		<document> #user# yes i am having same issue </document>
		<document> special thank you to my 44 new followers from uk., czechia, and more last week. #url# #url# </document>
		<document> cdu dogs of germany: how high will erdogan make berlin/brussels jump? #url# #hashtag# #hashtag# #url# </document>
		<document> #user# #user# #user# it looks like some sort of cult worship 🧐 </document>
		<document> #user# just surveyed italy, france and germany. </document>
		<document> #user# #user# #user# yes but some in v4 still kiss too much erdogan arse... </document>
		<document> rt #user#: #url# a great read. start the #hashtag# #hashtag# #hashtag# </document>
		<document> #url# a great read. start the #hashtag# #hashtag# #hashtag# </document>
		<document> #user# great question... i am sure ngos will invent something like this which is why one needs pushbacks to back it up </document>
		<document> rt #user#: appeasement never works...but it’s a german specialty. #url# #hashtag# #hashtag# #url# </document>
		<document> rt #user#: globalism 🤼​ national democracy #url# </document>
		<document> appeasement never works...but it’s a german specialty. #url# #hashtag# #hashtag# #url# </document>
		<document> rt #user#: #user# meanwhile along the balkan route: #url# #url# </document>
		<document> italy: matteo salvini in court over migrant “kidnapping” #url# #hashtag# #hashtag# #url# </document>
		<document> rt #user#: the other definition of insanity is the eu itself. #url# </document>
		<document> the other definition of insanity is the eu itself. #url# </document>
		<document> rt #user#: doing the same thing over and over again while expecting different results is one definition of insanity. </document>
		<document> doing the same thing over and over again while expecting different results is one definition of insanity. #url# </document>
		<document> frans timmermans trained her well. #url# #hashtag# #hashtag# #url# </document>
		<document> i have 151 new followers from usa 🇺🇸, netherlands 🇳🇱, uk. 🇬🇧, and more last week. see #url# #url# </document>
		<document> #user# yes they will </document>
		<document> rt #user#: orban calls for #user#'s resignation, hungary suspends bilateral political relations with her </document>
	    
	<document> i have 63 new followers from usa 🇺🇸, italy 🇮🇹, uk. 🇬🇧, and more last week. see #url# #url# </document>
		<document> cyprus defends razor wire to halt illegal migrant crossovers. #url# #hashtag# #hashtag# #url# </document>
		<document> trying to confirm rumor that #user# has volunteered to provide vaccine shots in eu? 🤪😂 #url# </document>
		<document> #user# #user# they are commies and this council of europe is even worse, if that’s actually even possible. #hashtag# #hashtag# must get out. </document>
		<document> rt #user#: #hashtag# #user#, again </document>
		<document> rt #user#: migrants have set their camp on fire in #hashtag# #hashtag# 🇬🇷 #url# </document>
		<document> rt #user#: hungary: viktor orban on the opportunity to renew the right in europe: #url# #hashtag# #hashtag# </document>
		<document> the frontex show: since when are “rescues” part of border. #url# #hashtag# #hashtag# #url# </document>
		<document> #user# i agree and do not like them. but do support greek coast guard with the pushbacks to turk </document>
		<document> #user# well sea watch flies under flag of germany </document>
		<document> unhcr calls on its ‘model state’ germany to step up migrant protections. #url# #hashtag# #hashtag# #url# </document>
		<document> italy’s eu migrant processing camp. #url# #hashtag# #hashtag# #url# </document>
		<document> hungary: viktor orban on the opportunity to renew the right in europe: #url# #hashtag# #hashtag# #url# </document>
		<document> rt #user#: six thoughts regarding #hashtag# leaving the #hashtag# group today #url# </document>
		<document> rt #user#: thousands of turks and antifas on the streets of berlin 🇩🇪 🇹🇷 #hashtag# #hashtag# #hashtag# #url# </document>
		<document> rt #user#: sea watch. the german smuggling ngo that nobody seems to be able to stop. #url# </document>
		<document> greece: pregnant afghan sets herself on fire over delay of “relocation” plans to germany. #url#… #url# </document>
		<document> rt #user#: wow, 15 years old, another ‘unaccompanied minor’ 😂; no wonder he vanished before the age test. #hashtag# #hashtag# </document>
		<document> wow, 15 years old, another ‘unaccompanied minor’ 😂; no wonder he vanished before the age test. #hashtag# #hashtag# #url# </document>
		<document> rt #user#: #url# just another “armchair”? #hashtag# #hashtag# #hashtag# #hashtag# #hashtag# </document>
		<document> cyprus overwhelmed, accuses turkey of creating new migration route. #url# #hashtag# #hashtag# #url# </document>
		<document> #url# just another “armchair”? #hashtag# #hashtag# #hashtag# #hashtag# #hashtag# </document>
		<document> rt #user#: keep going #user# fdl 👍 </document>
		<document> keep going #user# fdl 👍 #url# </document>
		<document> rt #user#: back in the day, we called them “brown-nosers” or teacher’s pets. </document>
		<document> back in the day, we called them “brown-nosers” or teacher’s pets. #url# </document>
		<document> greece applies to eu for the return of 519 illegal migrants to countries of origin. #url#… #url# </document>
		<document> rt #user#: swedes are fleeing sweden because of surge in crime caused by mass migration part 1 #url# </document>
		<document> rt #user#: waiting for eu to announce the great amnesty program in near future. it’s coming...do the math </document>
		<document> #user# new eu brown noser. #url# </document>
		<document> waiting for eu to announce the great amnesty program in near future. it’s coming...do the math #url# </document>
		<document> arresting smugglers does little if the illegals are allowed to stay. #url# #hashtag# #hashtag# #url# </document>
		<document> rt #user#: highly-skilled illegal #hashtag# show their skills in the hotel canary islands #hashtag# 🇪🇸 #url# </document>
		<document> #user# they could be turning greece into a giant migrant processing center to manage relocations across eu. new centers, etc </document>
		<document> turkey’s illegal ‘push’ must never be accepted. #url# #hashtag# #hashtag# #url# </document>
		<document> rt #user#: watch out, here comes eu meddler ylva from sweden to lecture on “pushbacks” and so-called “eu values”. #hashtag# #hashtag# </document>
		<document> the a team ghosts 😂 #url# </document>
		<document> rt #user#: #hashtag# is no armchair. #hashtag# </document>
		<document> #hashtag# is no armchair. #hashtag# #url# </document>
		<document> rt #user#: #hashtag# fdl surge, making move as #hashtag# fumbles the ball. #hashtag# frauds barely register </document>
		<document> #hashtag# fdl surge, making move as #hashtag# fumbles the ball. #hashtag# frauds barely register #url# </document>
		<document> #user# he accomplished nothing. </document>
		<document> #user# it is in the hands of globalist left </document>
		<document> #user# yes you did. left-wing loves it...and so do conservative frauds of epp, plastic man berlusconi and germany. </document>
		<document> #user# very disappointing but i think berlusconi and frauds at #hashtag# got to him </document>
		<document> sicily must be concerned about the “single market” and eu solidarity. 😂 #url# #hashtag# #hashtag# #url# </document>
		<document> #user# hopefully japan since uk dropped charges against last migrant hijackers. </document>
		<document> i have 80 new followers from usa, uk., czechia, and more last week. see #url# #url# </document>
		<document> rt #user#: this #hashtag# even looks soft, like one of those eu male feminists 🤸🇪🇺 </document>
		<document> rt #user#: no one listens to the eu, which lost respect long ago. </document>
		<document> no one listens to the eu, which lost respect long ago. #url# </document>
		<document> #user# agree and it’s disappointing. this (sanctions) should have been done in 2015 </document>
		<document> tension spreads through camps for illegals in spain’s canary islands. #url# #hashtag# #hashtag# #url# </document>
		<document> this #hashtag# even looks soft, like one of those eu male feminists 🤸🇪🇺 #url# </document>
		<document> despite croatia’s heroic efforts at border, the aggressive illegals are coming to the eu. #url#… #url# </document>
		<document> imagine the eu cultural marxists and vera jourova will follow biden sect. #url# #hashtag# #hashtag# #url# </document>
		<document> afghan dude in the red has a nicer jacket than me. c’mon these poor refugees...but i have the premier cap😉 #url# </document>
		<document> greece: draft program aims for better integration. 😂 #url# #hashtag# #hashtag# #url# </document>
		<document> poland: be careful of the old neocon cabal suddenly back in charge of us foreign policy. #url#… #url# </document>
		<document> biden is hiring people by race and sex: here’s how that failed in seattle. #url# #hashtag# #hashtag# #url# </document>
		<document> #user# there is, but the un types say they are ‘demeaning’ and inhumane. 😂 </document>
		<document> uk set to formally apply for trans-pacific trade bloc membership. #url# #hashtag# #hashtag# #url# </document>
		<document> pro-migration pimps in washington attack greece regarding pushbacks. #url# #hashtag# #hashtag# #url# </document>
		<document> rt #user#: eu covid vaccinations: the road to hell is paved with good intentions... #url# </document>
		<document> #user# maybe that un worker 😂 </document>
		<document> malta: 120 illegal migrants relocated to other eu states. #url# #hashtag# #hashtag# #url# </document>
		<document> some also claim he used steroids to enhance performance 😉. maybe lance knows? </document>
		<document> rt #user#: north african migrant starts mouthing back to the spanish police and then starts acting like #hashtag#🤡🤡🤡 </document>
		<document> rt #user#: most already knew frontex does not defend border. #url# #hashtag# #hashtag# #url# </document>
		<document> rt #user#: #user# it will be something like a 'federal police', overpowering national police force. gesta-fckn-po </document>
		<document> most already knew frontex does not defend border. #url# #hashtag# #hashtag# #url# </document>
		<document> rt #user#: as expected, #hashtag# said no...but erdogan still expects big #hashtag# #hashtag# to send his money. 😂 #user# #hashtag# </document>
		<document> as expected, #hashtag# said no...but erdogan still expects big #hashtag# #hashtag# to send his money. 😂 #user# #hashtag# #url# </document>
		<document> #user# i answered everything but realize now you are a troll...and a bumbling one at that. </document>
		<document> #user# no saying biological male who identifies as woman has no place in women’s locker </document>
		<document> #user# one is either born male or female, this is not about beliefs </document>
		<document> #user# great point, people are like sheep. </document>
		<document> rt #user#: has she always been this phony? </document>
		<document> #user# has she always been this phony </document>
		<document> has she always been this phony? #url# </document>
		<document> hah a much bigger world outside the collective project </document>
		<document> #user# yes renzi trying to become relevant again; wonder if 5stars will rollover again as they did with pd </document>
		<document> uk: illegals go on hunger strike, protest “conditions” and chant ‘freedom'. #url# #hashtag# #hashtag# #url# </document>
		<document> #user# i believe it’s eu and council of europe (echr court) behind it </document>
		<document> #user# #user# #user# yes her vips and treasure of gold </document>
		<document> #user# 1+ 1 = 2. cannot defend border without pushbacks. </document>
		<document> #user# great article thanks for sending and we will post thursday </document>
		<document> malta: some good news, but still a little light. #url# #hashtag# #hashtag# #url# </document>
		<document> rt #user#: feel safer now with the new eu “own” frontex corps? #url# #hashtag# #hashtag# #url# </document>
		<document> eu has a new propaganda video about its new corps at the border. eu corps! 😂 #url# #hashtag# #hashtag# #url# </document>
		<document> feel safer now with the new eu “own” frontex corps? #url# #hashtag# #hashtag# #url# </document>
		<document> rt #user#: the eu knew what they were getting with von der leyen...failure. #url# #hashtag# #hashtag# #url# </document>
		<document> #user# #user# #user# #user# the new commies in brussels </document>
		<document> the eu knew what they were getting with von der leyen...failure. #url# #hashtag# #hashtag# #url# </document>
		<document> #user# syrian govt invited russia and iran </document>
		<document> #user# #user# a combination of both. lost 1000 over last few days </document>
		<document> goduckgo is much better than google too. #url# </document>
		<document> #user# yes agree, pushbacks an absolute necessity to defend border...just ignore eu </document>
		<document> rt #user#: so they walk them back instead of pushbacks 😂👍 </document>
		<document> rt #user#: 👍 portugal needs a legitimate party on the right to challenge #hashtag# frauds </document>
		<document> 👍 portugal needs a legitimate party on the right to challenge #hashtag# frauds #url# </document>
		<document> so they walk them back instead of pushbacks 😂👍 #url# </document>
		<document> ‘solidarity cannot be voluntary': portugal begins talks on eu migration pact. #url# #hashtag# #hashtag# #url# </document>
		<document> celebrity vaccinations causes public outrage in poland. #url# #hashtag# #hashtag# #url# </document>
		<document> #user# #user# hopefully they got them b/c they said the caught 500 last weekend </document>
		<document> #user# #user# wow is this true </document>
		<document> rt #user#: germany is cooked; looks like another #hashtag# party is about to partner with far-left greens. </document>
		<document> germany is cooked; looks like another #hashtag# party is about to partner with far-left greens. #url# </document>
		<document> rt #user#: the polish justice minister knows what the globalists in brussels are planning </document>
		<document> #user# #user# not from my perspective. and try growing up instead of talking like a little school girl going through puberty </document>
		<document> #user# #user# guy must be 100 years old, what on earth is he doing in politics </document>
		<document> #user# #user# yes his choice but acts as if all should follow like sheep. </document>
		<document> #user# do you want a medal? </document>
		<document> i have 39 new followers from germany, and more last week. see #url# #url# </document>
		<document> will brexit encourage denmark and others to follow? #url# #hashtag# #hashtag# #url# </document>
		<document> there she goes again 🙆🏻‍♀️... miss jourova will target hungary and poland in the new year. #url#… #url# </document>
		<document> #user# #user# ok i will use both </document>
		<document> rt #user#: #user# #user# you could have used this picture instead #url# </document>
		<document> eu ‘warns’ bosnia of alarming migrant state, urges action. 😂 #url# #hashtag# #hashtag# #url# </document>
		<document> #user# saving pension plans everywhere 😂 </document>
		<document> rt #user#: all they want is money </document>
		<document> rt #user#: i guess that's those eu "fundamental values" everyone keeps going on about. </document>
		<document> rt #user#: poland and hungary battle to eradicate 'gender' (and all the unnatural theories behind it) in eu policies. </document>
		<document> #user# #user# #user# #user# that’s a great point </document>
		<document> rt #user#: here is an old, washed-up artist going through internal crisis...what a ‘douschbag’ looking for relevancy </document>
		<document> special thank you to my 30 new followers from hungary, and more last week. #url# #url# </document>
		<document> here is an old, washed-up artist going through internal crisis...what a ‘douschbag’ looking for relevancy #url# </document>
		<document> #user# but than would not be very tolerant 😂🤦‍♂️🇪🇺🧚‍♀️ </document>
		<document> rt #user#: spain: national conservative vox party calls for the deportation of moroccan and algerian illegals. </document>
		<document> #user# eu has a different definition of way of life </document>
		<document> open-border madness: how many more ‘undetected’ terrorists are in eu? #url# #hashtag# #hashtag# #url# </document>
		<document> minister: turkey and ngos behind spike of somalis seeking asylum in greece. #url# #hashtag# #hashtag# #url# </document>
		<document> us-based foundation pledges £1m to help migrants resettle in uk. #url# #hashtag# #hashtag# #url# </document>
		<document> uk madness: eu is not the only one with a deportation deficit. #url# #hashtag# #hashtag# #url# </document>
		<document> italy: mass migration attracts the criminal underworld. #url# #hashtag# #hashtag# #url# </document>
		<document> rt #user#: time to move on from #hashtag#’s tool to keep national conservatives weak and divided. #url# </document>
		<document> time to move on from #hashtag#’s tool to keep national conservatives weak and divided. #url# </document>
		<document> cyprus: illegal migrant boat spotted off cape greco turned back. (updated) #url# #hashtag# #hashtag# #url# </document>
		<document> #user# and even if they did not sign some in eu now trying to make in binding on all eu plebe states...under rule of law charade. </document>
		<document> i have 60 new followers from usa 🇺🇸, hungary 🇭🇺, czechia 🇨🇿, and more last week. see #url# #url# </document>
		<document> there she goes again...ylva, the eu gender quota from sweden. #url# #hashtag# #hashtag# #url# </document>
		<document> malta kidnapping: the blowback to mass migration continues... #url# #hashtag# #hashtag# #url# </document>
		<document> #url# the legend and leader of golden era of #hashtag# hockey. </document>
		<document> #user# what army 👯‍♀️😂 </document>
		<document> illegal migrants flooding canary islands in the hopes of “securing a new life” in europe. #url#… #url# </document>
		<document> greece: migrant trafficking ring operations disrupted...but for how long? #url# #hashtag# #hashtag# #url# </document>
		<document> rt #user#: the price of eu values: canary islands welcomes a flood of new tourists. 🤨 #url# #hashtag# #hashtag# </document>
		<document> algerian illegal migrants - demanding that they be allowed to come and go as they please - #url#… #url# </document>
		<document> the price of eu values: canary islands welcomes a flood of new tourists. 🤨 #url# #hashtag# #hashtag# #url# </document>
		<document> uk: this is a joke....no wonder illegal aliens keep flooding britain. #url# #hashtag# #hashtag# #url# </document>
		<document> greek police arrest islamic state suspect after migrant camp brawl. #url# #hashtag# #hashtag# #url# </document>
		<document> rt #user#: #hashtag# #hashtag# supporting hungary and poland re eu budget and rule of law poison pill. </document>
		<document> rt #user#: #hashtag#: in brussels today, they only view countries which let migrants in as those governed by the rule of law </document>
		<document> #hashtag# #hashtag# supporting hungary and poland re eu budget and rule of law poison pill. #url# </document>
		<document> i have 38 new followers from greece 🇬🇷, and more last week. see #url# #url# </document>
		<document> spain: canary islands exploding after wave of illegal migrants arrive. #url# #hashtag# #hashtag# #url# </document>
		<document> rt #user#: more than 500 have arrived only today they are freed. our police can not deal with thousands canary islands #user# </document>
		<document> france: deporting a mere 26 illegal migrants is not how to win this war. #url# #hashtag# #hashtag# #url# </document>
		<document> rt #user#: "we didn't join an empire" 🇭🇺💸🇪🇺 #hashtag# #hashtag# #hashtag# - #url# </document>
		<document> czech republic: police stop truck carrying 48 illegal aliens. #url# #hashtag# #hashtag# #url# </document>
		<document> #user# do you use facebook </document>
		<document> un-types just love erdogan’s turkey. #url# #hashtag# #hashtag# #url# </document>
		<document> #user# it’s crazy and so is kosovo </document>
		<document> malta: the enemies within waging war on the nations of europe. #url# #hashtag# #hashtag# #url# </document>
		<document> malta: the enemies within waging war on the nations of europe. #url# #hashtag# #hashtag# #url# </document>
		<document> i have 39 new followers from germany 🇩🇪, and more last week. see #url# #url# </document>
		<document> #user# can you send message to my inbox here. then i can give you my email </document>
		<document> rt #user#: austria and its turk problem: islamic extremism emerges. #url# #hashtag# #hashtag# #url# </document>
		<document> austria and its turk problem: islamic extremism emerges. #url# #hashtag# #hashtag# #url# </document>
		<document> rt #user#: v4 report on twitter: eu’s testosterone deficit. #url# #hashtag# #hashtag# #url# </document>
		<document> #user# correct and will continue to do so </document>
		<document> rt #user#: the new communists of brussels want to dictate to #hashtag# </document>
		<document> the new communists of brussels want to dictate to #hashtag# #url# </document>
		<document> rt #user#: after suffering for decades from eastern cultural marxism, poland is now fully hit by its western variant. </document>
		<document> v4 report on twitter: eu’s testosterone deficit. #url# #hashtag# #hashtag# #url# </document>
		<document> rt #user#: member states or eu german slave states </document>
		<document> member states or eu german slave states #url# </document>
		<document> #user# #user# #user# #user# she loves to hear herself speak, such an arse-kisser </document>
		<document> #user# yes i am having same issue </document>
		<document> special thank you to my 44 new followers from uk., czechia, and more last week. #url# #url# </document>
		<document> cdu dogs of germany: how high will erdogan make berlin/brussels jump? #url# #hashtag# #hashtag# #url# </document>
		<document> #user# #user# #user# it looks like some sort of cult worship 🧐 </document>
		<document> #user# just surveyed italy, france and germany. </document>
		<document> #user# #user# #user# yes but some in v4 still kiss too much erdogan arse... </document>
		<document> rt #user#: #url# a great read. start the #hashtag# #hashtag# #hashtag# </document>
		<document> #url# a great read. start the #hashtag# #hashtag# #hashtag# </document>
		<document> #user# great question... i am sure ngos will invent something like this which is why one needs pushbacks to back it up </document>
		<document> rt #user#: appeasement never works...but it’s a german specialty. #url# #hashtag# #hashtag# #url# </document>
		<document> rt #user#: globalism 🤼​ national democracy #url# </document>
		<document> appeasement never works...but it’s a german specialty. #url# #hashtag# #hashtag# #url# </document>
		<document> rt #user#: #user# meanwhile along the balkan route: #url# #url# </document>
		<document> italy: matteo salvini in court over migrant “kidnapping” #url# #hashtag# #hashtag# #url# </document>
		<document> rt #user#: the other definition of insanity is the eu itself. #url# </document>
		<document> the other definition of insanity is the eu itself. #url# </document>
		<document> rt #user#: doing the same thing over and over again while expecting different results is one definition of insanity. </document>
		<document> doing the same thing over and over again while expecting different results is one definition of insanity. #url# </document>
		<document> frans timmermans trained her well. #url# #hashtag# #hashtag# #url# </document>
		<document> i have 151 new followers from usa 🇺🇸, netherlands 🇳🇱, uk. 🇬🇧, and more last week. see #url# #url# </document>
		<document> #user# yes they will </document>
		<document> rt #user#: orban calls for #user#'s resignation, hungary suspends bilateral political relations with her </document>
	 <Document> I have 63 new followers from USA 🇺🇸, Italy 🇮🇹, UK. 🇬🇧, and more last week. see #url# #url# </document>
<Document> Cyprus defends barbed wire to stop illegal migrant crossings. #url# #hashtag# #hashtag# #url# </document>
<document> trying to confirm the rumor that #user# volunteered to provide vaccines in the EU? 🤪😂 #url# </document>
<document> #user# #user# they are commies and this council of europe is even worse if that's even possible. #hashtag# #hashtag# has to go. </document>
<document> rt #user#: #hashtag# #user#, again </document>
<document> rt #user#: Migrants set fire to their camp in #hashtag# #hashtag# 🇬🇷 #url# </document>
<document> rt #user#: hungary: viktor orban on the possibility of renewing the law in europe: #url# #hashtag# #hashtag# </document>
<Document> Frontex shows: Since when are "rescues" part of the border? #url# #hashtag# #hashtag# #url# </document>
<document> #user# I agree and I don't like them. but support the greek coast guard with the pushbacks to turk </document>
<document> #user# well sea watch flies the flag of germany </document>
<document> unhcr calls on its "model state" Germany to strengthen migrant protection. #url# #hashtag# #hashtag# #url# </document>
<document> Italy's EU Migrant Processing Camp. #url# #hashtag# #hashtag# #url# </document>
<document> hungary: viktor orban on the possibility of renewing the law in europe: #url# #hashtag# #hashtag# #url# </document>
<document> rt #user#: six thoughts on #hashtag# leaving the #hashtag# group today #url# </document>
<document> rt #user#: Thousands of Turks and Antifas on the streets of Berlin 🇩🇪 🇹🇷 #hashtag# #hashtag# #hashtag# #url# </document>
<Document> rt #user#: Sea Guard. the German smuggling ngo that nobody seems to be able to stop. #url# </document>
<Document> Greece: Pregnant Afghan woman burns herself over delay in "relocation plans" to Germany. #url#… #url# </document>
<Document> rt #user#: Wow, 15 years old, another "unaccompanied minor" 😂; No wonder he disappeared before the age check. #hashtag# #hashtag# </document>
<Document> Wow, 15 years old, another "unaccompanied minor" 😂; No wonder he disappeared before the age check. #hashtag# #hashtag# #url# </document>
<document> rt #user#: #url# just another "chair"? #hashtag# #hashtag# #hashtag# #hashtag# #hashtag# </document>
<Document> Cyprus overwhelmed, accuses Turkey of creating new migration routes. #url# #hashtag# #hashtag# #url# </document>
<document> #url# just another "chair"? #hashtag# #hashtag# #hashtag# #hashtag# #hashtag# </document>
<document> rt #user#: keep it up #user# fdl 👍 </document>
<document> keep it up #user# fdl 👍 #url# </document>
<document> rt #user#: We used to call them "brown noses" or teacher's pets. </document>
<document> We used to call them "brown noses" or teacher pets. #url# </document>
<document> greece applies to the eu for the return of 519 illegal immigrants to their home countries. #url#… #url# </document>
<document> rt #user#: swedes flee sweden because of crime wave caused by mass migration part 1 #url# </document>
<document> rt #user#: I'm waiting for the EU to announce the big amnesty program in the near future. it comes... do the math on </document>
<document> #user# new eu brown nose. #url# </document>
<Document> is waiting for the EU to announce the big amnesty program in the near future. it comes... calculate #url# </document>
<Document> Arresting smugglers is of little use if the illegals are allowed to stay. #url# #hashtag# #hashtag# #url# </document>
<document> rt #user#: Highly qualified illegal #hashtag# show their skills at Hotel Canary Islands #hashtag# 🇪🇸 #url# </document>
<document> #user# They could turn Greece into a giant migrant processing center to manage moves within the EU. new centers etc. </document>
<Document> Turkey's illegal "push" must never be accepted. #url# #hashtag# #hashtag# #url# </dodocument>
<document> rt #user#: listen, here comes eu meddler ylva from sweden to talk about "pushbacks" and so-called "eu values". #hashtag# #hashtag# </document>
<document> the a team ghosts 😂 #url# </document>
<document> rt #user#: #hashtag# is not an armchair. #Hashtag# </Document>
<document> #hashtag# is not an armchair. #Hashtag# #URL# </document>
<document> rt #user#: #hashtag# fdl rises and moves while #hashtag# fumbles the ball. #Hashtag# fraud is hardly registered </document>
<Document> #hashtag# fdl rises and moves as #hashtag# fumbles the ball. #hashtag# scams hardly register #url# </document>
<document> #user# he has achieved nothing. </document>
<document> #user# it's in the hands of the globalist left </document>
<document> #user# yes you did. leftists love it... and conservative scams from epp, plastic man berlusconi and germany too. </document>
<document> #user# very disappointing but I think berlusconi and cheating on #hashtag# got him </document>
<document> sicily has to worry about the "internal market" and eu solidarity. 😂 #url# #hashtag# #hashtag# #url# </document>
<document> #user# hopefully since Britain Japan has dropped the charges against the last migrant kidnappers. </document>
<document> I got 80 new followers from US, UK, Czech Republic and more last week. see #url# #url# </document>
<document> rt #user#: this #hashtag# even looks soft, like one of those male EU feminists 🤸🇪🇺 </document>
<document> rt #user#: no one listens to the eu, which has long since lost respect. </document>
<document> no one listens to the eu, which has long since lost respect. #url# </document>
<document> #user# agrees and it's disappointing. this (sanctions) should have happened in 2015 </document>
<Document> Tensions spread in camps for illegal immigrants in Spain's Canary Islands. #url# #hashtag# #hashtag# #url# </document>
<document> this #hashtag# even looks soft, like one of those male eu-feminists 🤸🇪🇺 #url# </document>
<document> Despite Croatia's heroic efforts at the border, the aggressive illegals are entering the EU. #url#… #url# </document>
<Document> Imagine the EU cultural Marxists and Vera Jourova will follow the Biden sect. #url# #hashtag# #hashtag# #url# </document>
<Document> Afghan guy in red has a nicer jacket than me. Come on those poor refugees... but I have the Premier cap 😉 #url# </document>
<Document> Greece: Draft program aims at better integration. 😂 #url# #hashtag# #hashtag# #url# </document>
<Document> Poland: Beware of the old neocon cabal suddenly back in charge of US foreign policy. #url#… #url# </document>
<Document> Biden Hiring by Race and Gender: That's How It Failed in Seattle. #url# #hashtag# #hashtag# #url# </document>
<document> #user# exists, but the un-types say they are "degrading" and inhuman. 😂 </document>
<document> UK to formally apply for Trans-Pacific Trading Bloc membership. #url# #hashtag# #hashtag# #url# </document>
<Document> Pro-immigrant pimps in Washington attack Greece over pushbacks. #url# #hashtag# #hashtag# #url# </document>
<document> rt #user#: EU Covid vaccinations: The road to hell is paved with good intentions... #url# </document>
<document> #user# maybe this un arbeiter 😂 </document>
<Document> Malta: 120 illegal migrants relocated to other EU countries. #url# #hashtag# #hashtag# #url# </document>
<Document> Some also claim he used steroids to increase performance 😉. Maybe Lance knows? </document>
<document> rt #user#: North African migrant starts contacting Spanish police and then starts acting like #hashtag#🤡🤡🤡 </document>
<document> rt #user#: Most already knew that Frontex does not defend the border. #url# #hashtag# #hashtag# #url# </document>
<document> rt #user#: #user# it will be something like a 'federal police force' overpowering the national police force. gesta-fckn-po </document>
<Document> Most already knew that Frontex does not defend the border. #url# #hashtag# #hashtag# #url# </document>
<document> rt #user#: as expected, #hashtag# said no... but erdogan still expects big #hashtag# #hashtag# to send his money. 😂 #user# #hashtag# </document>
<document> as expected #hashtag# said no... but erdogan still expects big #hashtag# #hashtag# to send his money. 😂 #user# #hashtag# #url# </document>
<document> #user# I've answered everything, but now I realize you're a troll... and a clumsy one at that. </document>
<document> #user# No Saying biological male identifying as female has no place in woman's closet </document>
<document> #user# you are either born male or female, this is not about beliefs </document>
<document> #user# great point, humans are like sheep. </document>
<document> rt #user#: has it always been this wrong? </document>
<document> #user# she's always been so wrong </document>
<document> has it always been this wrong? #url# </document>
<document> hah a much larger world outside of the collective project </document>
<document> #user# yes renzi is trying to become relevant again; wonder if 5stars will rollover again like they did with pd</document>
<Document> UK: Illegals go on hunger strike, protesting 'conditions' and chanting 'freedom'. #url# #hashtag# #hashtag# #url# </document>
<document> #user# i think the eu and the council of europe (echr court) are behind this </document>
<document> #user# #user# #user# Yes, their VIPs and pot of gold </document>
<Document> #user# 1+ 1 = 2. Cannot defend border without pushbacks. </document>
<document> #user# great article thanks for sending and we will post Thursday </document>
<document> malta: some good news but still some light. #url# #hashtag# #hashtag# #url# </document>
<document> rt #user#: Do you now feel safer with the EU's new 'own' Frontex corps? #url# #hashtag# #hashtag# #url# </document>
<document> eu has a new propaganda video about their new corps on the border. EU Corps! 😂 #url# #hashtag# #hashtag# #url# </document>
<document> do you now feel safer with the eu's new “own” frontex corps? #url# #hashtag# #hashtag# #url# </document>
<document> rt #user#: the eu knew what they got from der leyen... failure. #url# #hashtag# #hashtag# #url# </document>
<document> #user# #user# #user# #user# the new commies in Brussels </document>
<document> the eu knew what they got with von der leyen... failure. #url# #hashtag# #hashtag# #url# </document>
<document> #user# Syrian government invited Russia and Iran </document>
<document> #user# #user# a combination of both. 1000 lost in the last few days </document>
<document> goduckgo is also much better than google. #url# </document>
<document> #user# Yes, agree, pushbacks are an absolute necessity to defend the border... just ignore eu </document>
<document> rt #user#: so they bring them back instead of rejecting them 😂👍 </document>
<document> rt #user#: 👍 Portugal needs a legitimate party with the right to challenge #hashtag# fraud </document>
<document> 👍 Portugal needs a legitimate party with the right to challenge #hashtag# scam #url# </document>
<document> so they bring it back instead of rejecting it 😂👍 #url# </document>
<document> 'solidarity cannot be voluntary': portugal starts talks on eu migration pact. #url# #hashtag# #hashtag# #url# </document>
<Document> Celebrity vaccinations spark public outrage in Poland. #url# #hashtag# #hashtag# #url# </document>
<document> #user# #user# hopefully they got them because they caught 500 last weekend </document>
<document> #user# #user# wow is that true </document>
<Document> rt #user#: Germany is being cooked; looks like another #hashtag# party is close to partnering with the far-left Greens. </document>
<Document> Germany is being cooked; looks like another #hashtag# party is close to partnering with the far-left Greens. #url# </document>
<document> rt #user#: The Polish justice minister knows what the globalists are up to in Brussels </document>
<document> #user# #user# not from my point of view. and try to grow up instead of talking like a little school girl going through puberty</document>
<document> #user# #user# guy must be 100 years old, what on earth is he doing in politics </document>
<document> #user# #user# yes his choice but pretends everyone should follow like sheep. </document>
<document> #user# do you want a medal? </document>
<document> i have 39 new followers from germany and more last week. see #url# #url# </document>
<Document> will Brexit encourage Denmark and others to follow? #url# #hashtag# #hashtag# #url# </document>
<document> there she goes again 🙆🏻‍♀️... Miss Jourova will be targeting Hungary and Poland in the new year. #url#… #url# </document>
<document> #user# #user# ok i will use both </document>
<document> rt #user#: #user# #user# You could have used this image instead #url# </document>
<Document> eu "warns" Bosnia about alarming migrant state, urges action. 😂 #url# #hashtag# #hashtag# #url# </document>
<document> #user# is saving retirement plans everywhere 😂 </document>
<document> rt #user#: all they want is money </document>
<document> rt #user#: I guess those are those "core values" of the EU that everyone is talking about. </document>
<document> rt #user#: poland and hungary are fighting to stamp out “gender” (and all the unnatural theories behind it) in eu politics. </document>
<document> #user# #user# #user# #user# that's a great point </document>
<document> rt #user#: Here's an old, shabby artist going through an inner crisis... what a dork looking for relevance </document>
<document> Special thanks to my 30 new followers from Hungary and more last week. #url# #url# </document>
<document> Here's an old, shabby artist going through an inner crisis... what a douschbag looking for relevance #url# </document>
<document> #user# but that wouldn't be very tolerant 😂🤦‍♂️🇪🇺🧚‍♀️ </document>
<Document> rt #user#: Spain: The national conservative Vox party is calling for the deportation of Moroccan and Algerian illegal immigrants. </document>
<document> #user# eu has a different definition of way of life </document>
<Document> Open Border Madness: How Many 'Undetected' Terrorists Are There Left in the EU? #url# #hashtag# #hashtag# #url# </document>
<document> minister: turkey and ngos behind a storm wave of somalis seeking asylum in greece. #url# #hashtag# #hashtag# #url# </document>
<Document> US-based foundation pledges £1m to help migrants resettle in UK. #url# #hashtag# #hashtag# #url# </document>
<document> uk madness: the eu is not the only one with a deportation deficit. #url# #hashtag# #hashtag# #url# </document>
<Document> Italy: Mass migration attracts criminal underworld. #url# #hashtag# #hashtag# #url# </document>
<document> rt #user#: It's time to leave the tool of #hashtag# to keep the National Conservatives weak and divided. #url# </document>
<document> It's time to move away from the #hashtag# tool to keep the National Conservatives weak and divided. #url# </document>
<document> cyprus: illegal migrant boat sighted off cape greco turned back. (updated) #url# #hashtag# #hashtag# #url# </document>
<document> #user# and even if they didn't sign some in the eu, they are now trying to make them binding for all eu plebe states... under rule of law charade. </document>
<Document> I got 60 new followers from USA 🇺🇸, Hungary 🇭🇺, Czech Republic 🇨🇿 and more last week. see #url# #url# </document>
<document> there it is again...ylva, the eu gender quota from sweden. #url# #hashtag# #hashtag# #url# </document>
<document> malta kidnapping: the backlash to mass migration continues... #url# #hashtag# #hashtag# #url# </document>
<document> #url# the legend and leader of the golden era of #hashtag# ice hockey. </document>
<document> #user# which army 👯‍♀️😂 </document>
<document> illegal migrants flood the canary islands hoping to secure 'a new life' in europe. #url#… #url# </document>
<Document> Greece: Migrant Trafficking Ring Operations Suspended... But for How Long? #url# #hashtag# #hashtag# #url# </document>
<document> rt #user#: worth the price of the eu: canary islands welcomes aflood of new tourists. 🤨 #url# #hashtag# #hashtag# </document>
<document> Algerian illegal migrants - demanding to come and go as they please - #url#… #url# </document>
<document> the price of eu values: the canary islands welcome a flood of new tourists. 🤨 #url# #hashtag# #hashtag# #url# </document>
<document> uk: That's a joke....no wonder illegal immigrants keep flooding the UK. #url# #hashtag# #hashtag# #url# </document>
<Document> Greek police arrest a suspected Islamic State after a brawl at a migrant camp. #url# #hashtag# #hashtag# #url# </document>
<document> rt #user#: #hashtag# #hashtag# Supporting Hungary and Poland on the EU budget and the rule of law poison pill. </document>
<document> rt #user#: #hashtag#: in brussels today only countries that allow migrants to enter are seen as having a rule of law </document>
<document> #hashtag# #hashtag# Hungary and Poland support for the EU budget and the rule of law poison pill. #url# </document>
<Document> I have 38 new followers from Greece 🇬🇷 and even more last week. see #url# #url# </document>
<Document> Spain: Canary Islands explode after wave of illegal migrants arrive. #url# #hashtag# #hashtag# #url# </document>
<document> rt #user#: more than 500 arrived, only today they will be freed. our police can't handle thousands of canary islands #user# </document>
<Document> France: Deporting just 26 illegal migrants is not a way to win this war. #url# #hashtag# #hashtag# #url# </document>
<document> rt #user#: "we didn't join an empire" 🇭🇺💸🇪🇺 #hashtag# #hashtag# #hashtag# - #url# </document>
<Document> Czech Republic: Police stop truck carrying 48 illegal aliens. #url# #hashtag# #hashtag# #url# </document>
<document> #user# use Facebook </document>
<Document> Untypes simply love Erdogan's turkey. #url# #hashtag# #hashtag# #url# </document>
<document> #user# it's crazy and so is Kosovo </document>
<document> malta: the enemies within are at war against the nations of europe. #url# #hashtag# #hashtag# #url# </document>
<document> malta: the enemies within are at war against the nations of europe. #url# #hashtag# #hashtag# #url# </document>
<document> i have 39 new followers from germany 🇩🇪, and more last week. see #url# #url# </document>
<document> #user# you can send a message to my inbox here. then I can give you my email </document>
<Document> rt #user#: Austria and its Turkish problem: Islamic extremism emerges. #url# #hashtag# #hashtag# #url# </document>
<Document> Austria and its Turkish problem: Islamic extremism emerges. #url# #hashtag# #hashtag# #url# </document>
<Document> rt #user#: v4 Report on Twitter: EU testosterone deficit. #url# #hashtag# #hashtag# #url# </document>
<document> #user# correctly and will continue to do so </document>
<document> rt #user#: the new communists of brussels want to dictate #hashtag# </document>
<document> the new communists of brussels want to dictate #hashtag# #url# </document>
<document> rt #user#: after decades of suffering from eastern cultural marxism, poland is now being completely hit by its western variant. </document>
<Document> v4 Report on Twitter: EU testosterone deficit. #url# #hashtag# #hashtag# #url# </document>
<document> rt #user#: member states or eu German slave states </document>
<document> member states or eu german slave states #url# </document>
<document> #user# #user# #user# #user# she loves to hear herself talk, such an ass kisser </document>
<document> #user# Yes, I have the same problem </document>
<document> Special thanks to my 44 new followers from the UK, Czech Republic and more last week. #url# #url# </document>
<document> cdu dogs germany: how high does erdogan let berlin/brussels jump? #url# #hashtag# #hashtag# #url# </document>
<document> #user# #user# #user# looks like some kind of cult 🧐 </document>
<document> #user# just surveyed Italy, France and Germany. </document>
<document> #user# #user# #user# yes, but some in v4 are still kisThat's too much Erdogan ass... </document>
<Document> rt #user#: #url# very worth reading. Start the #hashtag# #hashtag# #hashtag# </document>
<document> #url# well worth reading. Start the #hashtag# #hashtag# #hashtag# </document>
<document> #user# great question... I'm sure NGOs will invent something like this, which is why you need pushbacks to back it up </document>
<document> rt #user#: Appeasement never works...but it's a German specialty. #url# #hashtag# #hashtag# #url# </document>
<document> rt #user#: globalism 🤼​ national democracy #url# </document>
<document> Appeasement never works...but it's a German specialty. #url# #hashtag# #hashtag# #url# </document>
<document> rt #user#: #user# now on the Balkan route: #url# #url# </document>
<Document> Italy: Matteo Salvini in court for 'kidnapping' migrant #url# #hashtag# #hashtag# #url# </document>
<document> rt #user#: the other definition of madness is the eu itself. #url# </dokument>
<document> the other definition of madness is the eu itself. #url# </dokument>
<document> rt #user#: Doing the same thing over and over again while expecting different results is a definition of insanity. </document>
<document> Doing the same thing over and over again while expecting different results is a definition of insanity. #url# </document>
<Document> Frans Timmermans trained her well. #url# #hashtag# #hashtag# #url# </document>
<Document> I have 151 new followers from USA 🇺🇸, Netherlands 🇳🇱, UK. 🇬🇧, and more last week. see #url# #url# </document>
<document> #user# Yes they will </document>
<document> rt #user#: orban demands the resignation of #user#, Hungary ends bilateral political relations with her </document>