   
	<document> rt #user#: nonbinary 4-year-olds. you can't make it up. we used to calll them "kids." #url# </document>
		<document> #user# one of my favorite tweets ever. </document>
		<document> rt #user#: why do you have to be 'transgender' to wear a skirt? most women wear trousers anyway! #url# </document>
		<document> rt #user#: my rule of thumb in life is to listen to the women that men are trying to shut up. therein lies the truth </document>
		<document> rt #user#: #user# one of these is a “man”, one a “woman” and the other is “both”.. 2017 is the year of the stupid.. </document>
		<document> rt #user#: i got a definition of woman from a transactivist #url# </document>
		<document> not interested in male-bodied ppl. if that verbiage offends you feel free to substitute w/something, but it won't make your body interesting </document>
		<document> remember everyone, the definition of "woman" is "failed man." </document>
		<document> #user# #user# #user# sounds like an admission. bye. </document>
		<document> #user# #user# #user# was it on twitter or elsewhere, #user# ? </document>
		<document> #user# re-hosted. you can see it now. #user# #user# #url# </document>
		<document> are these your words, #user#? #url# </document>
		<document> #user# #user# remember, all referring to the existence of vaginas shall be done solely by males. otherwise it's hate! </document>
		<document> rt #user#: #user# but wait, wait. i thought tas *wanted* the "people with vaginas" phrasing to be used. </document>
		<document> remember everyone, having a vagina or referring to it makes you a hateful bigot! #url# </document>
		<document> "oh, you don't think i'm a woman? let me stalk and punch you then like an abusive ex boyfriend." #url# </document>
		<document> in other words, they acted like men while trying to prove they're women. #url# </document>
		<document> rt #user#: this is what trans activists do, threaten to kill women. #hashtag# #url# </document>
		<document> rt #user#: a question for leftists and progressives: is this what you mean by 'equality'? #url# via #user# </document>
		<document> rt #user#: sterilizing children is eugenics, not compassion. #url# </document>
		<document> imagine how all those transed kids are going to feel when they wake up one morning and suddenly realize nothing was ever wrong with them </document>
		<document> rt #user#: for the women-hating toddler in your life, behold the "this tranny kills terfs" onesie. #url# </document>
		<document> rt #user#: #user# terf really is the new witch </document>
		<document> #user# #user# and no such merch exists! why? because radfems aren't the hate group here. </document>
		<document> rt #user#: hottest feminist take of 2k17: sex is relevant </document>
		<document> ah yes, the "trans-abled" person who is also transgender. coincidence? #url# </document>
		<document> #user# #user# #user# #user# #user# not sleeping with people isn't oppressing them. </document>
		<document> this pretty much speaks for itself. #url# </document>
		<document> another "feminist" chooses kissing the asses of men over centering women. #url# </document>
		<document> thinks it's "ironic" for feminism to be about females instead #url# </document>
		<document> rt #user#: online feminists: words are violence also online feminists: hit people you disagree with ¯_(ツ)_/¯ #url# </document>
		<document> the males won't let her hear from me, so she's blocked me. #url# </document>
		<document> anthony b transitioned to avoid being in the female role, but is still letting males tell her what to believe. </document>
		<document> #user# biological men, if you prefer. why not center yourself? you don't need to keep playing the subservient girl. </document>
		<document> feminism centers you, anthony, not men. consider fighting for yourself for a change. it will do you good. #url# </document>
		<document> oh, my mistake. pretend man. and still kissing real men's asses, that's a pity. #url# </document>
		<document> news flash, man has opinion on feminism #url# </document>
		<document> #user# #user# trans people exist. straw man. </document>
		<document> #user# ah, there's those men objecting now </document>
		<document> if reality triggers you, you may be ill. #url# </document>
		<document> it's almost like they're being treated as... their birth sex... despite the fact that... --- naw, couldn't be #url# </document>
		<document> #user# men hate transwomen for "acting gay." they don't ask for orientation first. </document>
		<document> i can't figure out how all these transwomen are both passing flawlessly and running into a bunch of transphobia. </document>
		<document> #user# i see you have no intelligent response, as per usual. </document>
		<document> oh wow! looks like laci needs to meet some transgender folks. #url# </document>
		<document> what a train wreck, y'all. you seriously don't get who's committing violence against transwomen and why? </document>
		<document> #user# #user# all women do things under patriarchy that can be pitied. we blame the system, not women. </document>
		<document> #hashtag# but laci, radfems *do* accept trans people: trans men. their analysis is about females this isn't about excluding but focusing. </document>
		<document> #user# #user# you clearly have no idea what my cause is, so no </document>
		<document> #user# transgender people are murdered because of homophobia. men are punishing men for looking like "fags," nothing more </document>
		<document> #user# #user# and i bet i know more trans people than you do. </document>
		<document> #user# #user# agreed, there's nothing wrong with trans, and that's why they don't need parts excised off in order to "fix" them. </document>
		<document> #hashtag# yes, compulsory use of preferred pronouns has happened in specific situations in canada and new york, including fines. </document>
		<document> #hashtag# laci, misgendering isn't mean. asking someone to be a mouthpiece for an ideology they oppose is mean. gender is harmful. </document>
		<document> #user# #user# the correct response to gay people is to teach them to love themselves as they are. same with trans, not "fixing" them. </document>
		<document> #user# converting trans people (who are often gay) to straight people via hormones and surgery is similar to gay conversion therapy, yes </document>
		<document> #hashtag# laci you are absolutely correct about using plain language! the new trend is batshit and you are not wrong about that </document>
		<document> #hashtag# and yet new referrals are majority girls, what could that mean? </document>
		<document> #user# it is what they say. they don't want a cure, if that was a sincere question. </document>
		<document> #hashtag# laci note who's harassing you: mostly males. they've always hated feminists &amp; clothes haven't changed that. not a coincidence </document>
		<document> #hashtag# of course you were uncomfortable w/sex, laci, we all were. men start harassing when you get boobs. gender screws women. </document>
		<document> #user# it's a disorder when they want medical coverage, but it's a lifestyle when they want to eliminate "gatekeeping" </document>
		<document> #hashtag# castratis were also recruited as kids for adult interests... hmmm </document>
		<document> #hashtag# including people in a class that can opt out of that class with a change of clothes is a misunderstanding of class. </document>
		<document> #hashtag# sound is working fine for me. </document>
		<document> #hashtag# laci, intersectionality involves *intersections* (i.e., woman + black). it isn't about straight white males. </document>
		<document> #hashtag# ah, caitlyn jenner - exactly why you can't define "woman". no vagina, male socialization, nothing in common with women. </document>
		<document> #hashtag# trans women are oppressed because of homophobia, not because of misogyny. women aren't punished for wearing dresses, men are. </document>
		<document> #hashtag# men aren't murdering trans women because they're listening to too much radical feminism. </document>
		<document> #hashtag# that's because we've seen people change their "gender identity" on a dime and then change it again every other week </document>
		<document> #hashtag# feminism is never about blaming women, for performing gender roles or anything else. feminism is about blaming the system. </document>
		<document> #hashtag# feminism isn't about blaming women for transing, doing porn, etc. it's about blaming men for the system that supports it. </document>
		<document> #hashtag# patriarchy happened because of agriculture, actually. owning people and land. it came with slavery. </document>
		<document> #hashtag# the discrimination that trans women face is homophobia, laci, not misogyny. it's men judging men. a different issue. </document>
		<document> #hashtag# will people always make generalizations about race, laci, and is that ok? </document>
		<document> rt #user#: #user# #user# did you just assume there were only 96 genders? triggered </document>
		<document> #user# here's a concise diagram of what you're articulating in your recent videos. #url# </document>
		<document> laci green scandalously behaving as though it is ok to openly discuss things #url# </document>
		<document> rt #user#: censored by transpolitics: a masterpost #url# </document>
		<document> #user# gee that is a total mystery... </document>
		<document> #user# ha! i missed that part. yeah, there's nothing dirtier than real women, didn't you know? </document>
		<document> only a male would think to equate female oppression w/whos getting called cute instead of rape &amp; fgm #url# #user# </document>
		<document> #user# #user# #user# #user# that's not regular speech. </document>
		<document> #user# #user# #user# #user# straw man. none of them have to disappear. </document>
		<document> #user# #user# yes, you clearly find lots of flaws with women. i do not. society is broken, not you. </document>
		<document> #user# #user# yes, you're a part of feminism. and that's because you aren't a man. </document>
		<document> top five "arguments" of twitter trans activists: 1) lol 2) lol wut 3) lmao 4) but intersex! intersex! intersex!!1! 5) terf!!1! </document>
		<document> self-proclaimed gay guy with a vagina is here to tell us which women to hate. #url# </document>
		<document> #user# #user# talking about the ones you hang around. </document>
		<document> #user# #user# check your reading comprehension. it's a sentence. subject, verb, object. </document>
		<document> #user# #user# no one but fundie christians and trans ideologists want to ban so many books they haven't read </document>
		<document> you aren't owed dating from anyone, sexual orientation is real, and trying to change that is conversion therapy &amp; rape culture </document>
		<document> trans people want sexual orientation to not exist, everyone to be bi &amp; to be attracted to invisible "gender identity" - not going to happen </document>
		<document> #user# #user# "terf" is a shortcut for people who can't debate the actual arguments. </document>
		<document> #user# #user# exactly. radical feminism is about females, which is male exclusionary, not trans-exclusionary. </document>
		<document> #user# #user# yeah, it's called misogyny. in this case, internalized by a woman. sigh, patriarchy wins this round </document>
		<document> another misogynist who doesn't understand class theory #url# </document>
		<document> #user# and demanding sex from anyone for any reason is called rape culture. </document>
		<document> #user# good theory but in reality they aren't called anything. mtfs only pick on women as with other misogynists </document>
		<document> i mean it's kind of telling, really: "how dare you speak the truth about two of our cherished myths" </document>
		<document> canada child services outlaws parents being honest to kids about reality of sex, unreality of easter bunny: #url# </document>
		<document> rt #user#: the sexism of the hyper-competent female sidekick trope, in one chart #url# #url# </document>
		<document> #user# thank god for once a woman is addressing that audience instead of a man with long hair. </document>
		<document> #user# #user# #user# and i mean that's got to cause pain, or at least stand a very good chance of it. </document>
		<document> #user# #user# #user# some of them are. and many people who want srs can't tell the difference, judging by comments. </document>
		<document> keep following the light. examining information is never a bad thing. those calling for censorship r afraid of what you'll find. #user# </document>
		<document> #user# #user# try googling or asktransgender on reddit </document>
		<document> the post-op pix u r calling amazing: not what a vagina looks like. not trying to be mean, but someone needs to say it. i'd worry abt regrets </document>
		<document> #user# #user# yes, all those johns that beat up transwomen are clearly reading too much dworkin </document>
		<document> women who don't date transwomen = human rights crisis. men who don't date transwomen = nothing to see here. that's misogyny. </document>
		<document> terf is a word invented for females, like feminazi. saying there are male terfs is like saying there are white n**** : you're still a bigot. </document>
		<document> word for lesbians who don't date transwomen=terf. word for straight men who don't date transwomen=normal. no name invented. that's misogyny. </document>
		<document> notice the similarity between the phrases "redefining realness" and "alternative facts" </document>
		<document> the cotton ceiling: wishful thinking turned into bullying. </document>
		<document> #user# #user# #user# womaning can be done many ways, but by definition, it's done by women. </document>
		<document> #user# ah, so you do care. thought so. your patriarchy-ass-kissing is old as dirt, not worth getting mad over. you seem upset tho. </document>
		<document> #user# why not fuck off then? looks like you're pretty interested from here. </document>
		<document> men's rights activism got a real boost of cred when it decided to start wearing dresses. </document>
		<document> #user# keep kissing male ass. you can do that without worrying about me. </document>
		<document> patriarchy's ass kissers are boring me. </document>
		<document> #user# yes i'm aware that that's how you've defined yourself. </document>
		<document> dudes can't stop hating feminists, no matter what they wear. sigh. #url# </document>
		<document> #user# yes, men have all kinds of opinions about who gets to be a feminist. always have. </document>
		<document> #user# you're the one hanging around, dudebro. you fuck off. </document>
		<document> #user# it's not a radical feminist's job to worry about your identity. go find a queer theorist for that. </document>
		<document> #user# apparently you're not. bye. </document>
		<document> #user# another dude who hates feminists. yawn. </document>
		<document> #user# ah never mind you're a dude, lol. makes sense now. men love to mansplain feminism to females. </document>
		<document> #user# keep kissing male ass if you must dear, but don't worry yourself about those of us who center females. </document>
		<document> female is a biological term, not a social one like "woman." notice the word feminism isn't "womanism" -- maybe that's the movement you want </document>
		<document> when the most controversial statement of our time is a tautology. #url# </document>
		<document> #user# #user# your video's too long and your tweets make no sense. i don't know what side you're on. get some pr help maybe </document>
		<document> rt #user#: i don't respect anyone's identity, not even my own. identity is an illusion. </document>
		<document> hey #hashtag# , save yourselves! here's how: remove mra propaganda, publish feminist stuff instead! see #user# to see how it's done </document>
		<document> rt #user#: i'm not going to #hashtag# - they're a misogynist joke. for actual feminism, donate to #user#: </document>
		<document> too bad #user# couldn't handle #user#. embarrassing takedown. </document>
		<document> damn. #user# just kicked that whole thread's ass. #url# </document>
		<document> you make yourself look stupid when u invent false things you think your opponent believes. can't refute the real position eh? #hashtag# </document>
		<document> the only other situation where people spend so much time vilifying books they haven't read is in fundamentalist christianity. #hashtag# </document>
		<document> #user# nope, you're confused. </document>
		<document> #user# #user# and it starts happening when we're 12. </document>
		<document> rt #user#: please read this thread. #url# </document>
		<document> rt #user#: #user# "terf" is the new "witch." </document>
		<document> rt #user#: #user# #user# #user# #user# #user# trans is a fulltime drag queen. </document>
		<document> #user# #user# people don't need "excuses" to get out of sex. that's rape culture. </document>
		<document> transgenderism is conservative, not liberal. #url# </document>
		<document> a macho dick is the only worthy dick, right republicans and transgenderists? </document>
		<document> patriarchy finds the genitals of women &amp; nonconformists problematic and wants them mutilated: fgm, transgender surgery, cosmetic labiaplasty </document>
		<document> #user# google searches lead to articles, bro </document>
		<document> mtfs are flippant about fgm b/c they're interested in genital mutilation for themselves &amp; others. drawing that line = cognitive dissonance. </document>
		<document> #user# you're motivated to push genital mutilation and transing of kids, so of course you don't take fgm seriously. </document>
		<document> #user# yes, they do, as a quick google search will reveal. and only misogynists brush away fgm to promote other agendas. </document>
		<document> #user# agreed. getting a thrill off a pair of panties is probably great fun! but it does not make you a woman. </document>
		<document> 1 more parting easter message to trans activists. remember, saying bunnies have cottontails doesn't mean bunnies are one big cottontail! </document>
		<document> that's all i have time for for tonight, but trans activists can google "valid logical reasoning" for more help on this really simple matter </document>
		<document> here's another helpful link for trans activists! #url# now maybe they can move past the idea of walking, talking vaginas! </document>
		<document> i think trans activists are just *pretending* to not know this basic logic, but either way it's pretty embarrasing #url# </document>
		<document> it's really pretty basic stuff. just a quick look &amp; you'll learn that having a vagina doesn't make you a vagina! #url# </document>
		<document> for example, trans activists, having legs is necessary to being a cat, but other things are necessary too #url# </document>
		<document> here's another thing that might help trans activists: there's a difference between necessary and sufficient: #url# </document>
		<document> maybe this'll help trans activists: #url# . all dogs are mammals, but not all mammals are dogs. </document>
		<document> trans activist logic: people who say that cheetahs have spots are reducing cheetahs to one big giant spot lol </document>
		<document> trans activist logic: people who say that trees have leaves are reducing trees to one big giant leaf lol </document>
		<document> trans activist logic: people who say that birds have beaks are reducing birds to one big giant beak lol </document>
		<document> rt #user#: icymi thought police have stopped the airing of "transgender kids: who knows best" #user# film is archived here </document>
		<document> rt #user#: turns out #user# offended mothers with their #hashtag# ad. undeleted real comments here, unlike at dove youtube </document>
		<document> #user# attracted to all women in the club? lol </document>
		<document> cutting the genitals of children is wrong. and that includes children who prefer the toys of the "wrong" gender. #url# </document>
		<document> rt #user#: i just got my period. i'm such a terf for that. </document>
		<document> remember, you can avoid real feminist activism forever by spending all your time correcting undesirable language nuances in women's speech! </document>
		<document> remember, nothing you can say is misogynist if you append the word "terf!" to the beginning! </document>
		<document> rt #user#: #hashtag# is calling nigerian feminists "colonized" for refusing to adopt westerners' idea of "gender identity". </document>
		<document> rt #user#: #hashtag# where men can have men-only space, trans can have trans-only space, but women can't have women-only space. </document>
		<document> in other news, males keep defending males and telling women to fuck off. #url# </document>
		<document> #user# fuck off, male </document>
		<document> #hashtag# says using dictionary definitions of the sexes is hate speech </document>
		<document> #hashtag# says everyone must be made comfortable using the restroom except actual women </document>
		<document> #hashtag# spends all its time "correcting" "problematic" language (especially by females) instead of fighting oppression </document>
		<document> #hashtag# says real lesbians take dick </document>
		<document> #hashtag# says straight white men are more oppressed than women/people of color/lesbians, as long as the men put on dresses </document>
		<document> rt #user#: #hashtag# where parents accept that trains=boy and sparkles=girl and medicalise their children to ensure gender conformity </document>
		<document> rt #user#: #hashtag# doesn't know what a fucking woman is. </document>
		<document> rt #user#: "trans women and women have different experiences" = hate speech not hate speech = 👇 #url# </document>
		<document> rt #user#: #user# #user# women are not "cis" "terf" or any other ridiculous name men have made up for them. </document>
		<document> rt #user#: nobody is trapped in the wrong body. we're all trapped in the wrong society. #hashtag# </document>
		<document> rt #user#: 2017 post-truth update meme: because feelings are more important than facts, or you are worse than hitler. </document>
		<document> new article by rush limbaugh: "why the end of michfest is good" #url# j/k it's everydayfeminism #user# </document>
		<document> new by larry flynt: "women, convince yourselves to fuck ppl you don't like" #url# j/k it's everydayfeminism #user# </document>
		<document> new article by ted nugent: "mras have a point" #url# j/k it's everydayfeminism #user# #hashtag# </document>
		<document> new article by donald trump: "i don't care about your stupid vulva, it's all vagina to me" j/k it's jezebel #user# #hashtag# </document>
		<document> new article by sarah palin: "i love wearing high heels" #url# j/k it's everydayfeminism #user# #hashtag# </document>
		<document> new article by hugh hefner: "6 affirmations for people ashamed of their kink" #url# j/k its everydayfeminism #user# </document>
		<document> rt #user#: student suspended for thoughtcrime of discomfort with transgenderism. #url# </document>
		<document> self-contradictory word. if someone can tell you're trans, they know you're not female, by definition. #user# </document>
		<document> ah, you don't know what "radical" means in the context of feminism. big surprise. it means "root" not "extreme" #user# #user# </document>
		<document> i see what you mean, #user# clarence. #user# #user# #user# </document>
		<document> #user# #user# #user# #user# "anti trans activists" did not cause 1 trans person to inject fatal poison into another </document>
		<document> rt #user#: in reality, we all know what a woman is; we all came out of one. #hashtag# </document>
		<document> "terf" = "i'm butthurt that somebody somewhere is prioritizing females over males" </document>
		<document> #user# #user# you're the one who assumed "men" in ops post meant transwomen and not transmen or allies. nice try. </document>
	    
	<document> rt #user#: nonbinary 4-year-olds. you can't make it up. we used to calll them "kids." #url# </document>
		<document> #user# one of my favorite tweets ever. </document>
		<document> rt #user#: why do you have to be 'transgender' to wear a skirt? most women wear trousers anyway! #url# </document>
		<document> rt #user#: my rule of thumb in life is to listen to the women that men are trying to shut up. therein lies the truth </document>
		<document> rt #user#: #user# one of these is a “man”, one a “woman” and the other is “both”.. 2017 is the year of the stupid.. </document>
		<document> rt #user#: i got a definition of woman from a transactivist #url# </document>
		<document> not interested in male-bodied ppl. if that verbiage offends you feel free to substitute w/something, but it won't make your body interesting </document>
		<document> remember everyone, the definition of "woman" is "failed man." </document>
		<document> #user# #user# #user# sounds like an admission. bye. </document>
		<document> #user# #user# #user# was it on twitter or elsewhere, #user# ? </document>
		<document> #user# re-hosted. you can see it now. #user# #user# #url# </document>
		<document> are these your words, #user#? #url# </document>
		<document> #user# #user# remember, all referring to the existence of vaginas shall be done solely by males. otherwise it's hate! </document>
		<document> rt #user#: #user# but wait, wait. i thought tas *wanted* the "people with vaginas" phrasing to be used. </document>
		<document> remember everyone, having a vagina or referring to it makes you a hateful bigot! #url# </document>
		<document> "oh, you don't think i'm a woman? let me stalk and punch you then like an abusive ex boyfriend." #url# </document>
		<document> in other words, they acted like men while trying to prove they're women. #url# </document>
		<document> rt #user#: this is what trans activists do, threaten to kill women. #hashtag# #url# </document>
		<document> rt #user#: a question for leftists and progressives: is this what you mean by 'equality'? #url# via #user# </document>
		<document> rt #user#: sterilizing children is eugenics, not compassion. #url# </document>
		<document> imagine how all those transed kids are going to feel when they wake up one morning and suddenly realize nothing was ever wrong with them </document>
		<document> rt #user#: for the women-hating toddler in your life, behold the "this tranny kills terfs" onesie. #url# </document>
		<document> rt #user#: #user# terf really is the new witch </document>
		<document> #user# #user# and no such merch exists! why? because radfems aren't the hate group here. </document>
		<document> rt #user#: hottest feminist take of 2k17: sex is relevant </document>
		<document> ah yes, the "trans-abled" person who is also transgender. coincidence? #url# </document>
		<document> #user# #user# #user# #user# #user# not sleeping with people isn't oppressing them. </document>
		<document> this pretty much speaks for itself. #url# </document>
		<document> another "feminist" chooses kissing the asses of men over centering women. #url# </document>
		<document> thinks it's "ironic" for feminism to be about females instead #url# </document>
		<document> rt #user#: online feminists: words are violence also online feminists: hit people you disagree with ¯_(ツ)_/¯ #url# </document>
		<document> the males won't let her hear from me, so she's blocked me. #url# </document>
		<document> anthony b transitioned to avoid being in the female role, but is still letting males tell her what to believe. </document>
		<document> #user# biological men, if you prefer. why not center yourself? you don't need to keep playing the subservient girl. </document>
		<document> feminism centers you, anthony, not men. consider fighting for yourself for a change. it will do you good. #url# </document>
		<document> oh, my mistake. pretend man. and still kissing real men's asses, that's a pity. #url# </document>
		<document> news flash, man has opinion on feminism #url# </document>
		<document> #user# #user# trans people exist. straw man. </document>
		<document> #user# ah, there's those men objecting now </document>
		<document> if reality triggers you, you may be ill. #url# </document>
		<document> it's almost like they're being treated as... their birth sex... despite the fact that... --- naw, couldn't be #url# </document>
		<document> #user# men hate transwomen for "acting gay." they don't ask for orientation first. </document>
		<document> i can't figure out how all these transwomen are both passing flawlessly and running into a bunch of transphobia. </document>
		<document> #user# i see you have no intelligent response, as per usual. </document>
		<document> oh wow! looks like laci needs to meet some transgender folks. #url# </document>
		<document> what a train wreck, y'all. you seriously don't get who's committing violence against transwomen and why? </document>
		<document> #user# #user# all women do things under patriarchy that can be pitied. we blame the system, not women. </document>
		<document> #hashtag# but laci, radfems *do* accept trans people: trans men. their analysis is about females this isn't about excluding but focusing. </document>
		<document> #user# #user# you clearly have no idea what my cause is, so no </document>
		<document> #user# transgender people are murdered because of homophobia. men are punishing men for looking like "fags," nothing more </document>
		<document> #user# #user# and i bet i know more trans people than you do. </document>
		<document> #user# #user# agreed, there's nothing wrong with trans, and that's why they don't need parts excised off in order to "fix" them. </document>
		<document> #hashtag# yes, compulsory use of preferred pronouns has happened in specific situations in canada and new york, including fines. </document>
		<document> #hashtag# laci, misgendering isn't mean. asking someone to be a mouthpiece for an ideology they oppose is mean. gender is harmful. </document>
		<document> #user# #user# the correct response to gay people is to teach them to love themselves as they are. same with trans, not "fixing" them. </document>
		<document> #user# converting trans people (who are often gay) to straight people via hormones and surgery is similar to gay conversion therapy, yes </document>
		<document> #hashtag# laci you are absolutely correct about using plain language! the new trend is batshit and you are not wrong about that </document>
		<document> #hashtag# and yet new referrals are majority girls, what could that mean? </document>
		<document> #user# it is what they say. they don't want a cure, if that was a sincere question. </document>
		<document> #hashtag# laci note who's harassing you: mostly males. they've always hated feminists &amp; clothes haven't changed that. not a coincidence </document>
		<document> #hashtag# of course you were uncomfortable w/sex, laci, we all were. men start harassing when you get boobs. gender screws women. </document>
		<document> #user# it's a disorder when they want medical coverage, but it's a lifestyle when they want to eliminate "gatekeeping" </document>
		<document> #hashtag# castratis were also recruited as kids for adult interests... hmmm </document>
		<document> #hashtag# including people in a class that can opt out of that class with a change of clothes is a misunderstanding of class. </document>
		<document> #hashtag# sound is working fine for me. </document>
		<document> #hashtag# laci, intersectionality involves *intersections* (i.e., woman + black). it isn't about straight white males. </document>
		<document> #hashtag# ah, caitlyn jenner - exactly why you can't define "woman". no vagina, male socialization, nothing in common with women. </document>
		<document> #hashtag# trans women are oppressed because of homophobia, not because of misogyny. women aren't punished for wearing dresses, men are. </document>
		<document> #hashtag# men aren't murdering trans women because they're listening to too much radical feminism. </document>
		<document> #hashtag# that's because we've seen people change their "gender identity" on a dime and then change it again every other week </document>
		<document> #hashtag# feminism is never about blaming women, for performing gender roles or anything else. feminism is about blaming the system. </document>
		<document> #hashtag# feminism isn't about blaming women for transing, doing porn, etc. it's about blaming men for the system that supports it. </document>
		<document> #hashtag# patriarchy happened because of agriculture, actually. owning people and land. it came with slavery. </document>
		<document> #hashtag# the discrimination that trans women face is homophobia, laci, not misogyny. it's men judging men. a different issue. </document>
		<document> #hashtag# will people always make generalizations about race, laci, and is that ok? </document>
		<document> rt #user#: #user# #user# did you just assume there were only 96 genders? triggered </document>
		<document> #user# here's a concise diagram of what you're articulating in your recent videos. #url# </document>
		<document> laci green scandalously behaving as though it is ok to openly discuss things #url# </document>
		<document> rt #user#: censored by transpolitics: a masterpost #url# </document>
		<document> #user# gee that is a total mystery... </document>
		<document> #user# ha! i missed that part. yeah, there's nothing dirtier than real women, didn't you know? </document>
		<document> only a male would think to equate female oppression w/whos getting called cute instead of rape &amp; fgm #url# #user# </document>
		<document> #user# #user# #user# #user# that's not regular speech. </document>
		<document> #user# #user# #user# #user# straw man. none of them have to disappear. </document>
		<document> #user# #user# yes, you clearly find lots of flaws with women. i do not. society is broken, not you. </document>
		<document> #user# #user# yes, you're a part of feminism. and that's because you aren't a man. </document>
		<document> top five "arguments" of twitter trans activists: 1) lol 2) lol wut 3) lmao 4) but intersex! intersex! intersex!!1! 5) terf!!1! </document>
		<document> self-proclaimed gay guy with a vagina is here to tell us which women to hate. #url# </document>
		<document> #user# #user# talking about the ones you hang around. </document>
		<document> #user# #user# check your reading comprehension. it's a sentence. subject, verb, object. </document>
		<document> #user# #user# no one but fundie christians and trans ideologists want to ban so many books they haven't read </document>
		<document> you aren't owed dating from anyone, sexual orientation is real, and trying to change that is conversion therapy &amp; rape culture </document>
		<document> trans people want sexual orientation to not exist, everyone to be bi &amp; to be attracted to invisible "gender identity" - not going to happen </document>
		<document> #user# #user# "terf" is a shortcut for people who can't debate the actual arguments. </document>
		<document> #user# #user# exactly. radical feminism is about females, which is male exclusionary, not trans-exclusionary. </document>
		<document> #user# #user# yeah, it's called misogyny. in this case, internalized by a woman. sigh, patriarchy wins this round </document>
		<document> another misogynist who doesn't understand class theory #url# </document>
		<document> #user# and demanding sex from anyone for any reason is called rape culture. </document>
		<document> #user# good theory but in reality they aren't called anything. mtfs only pick on women as with other misogynists </document>
		<document> i mean it's kind of telling, really: "how dare you speak the truth about two of our cherished myths" </document>
		<document> canada child services outlaws parents being honest to kids about reality of sex, unreality of easter bunny: #url# </document>
		<document> rt #user#: the sexism of the hyper-competent female sidekick trope, in one chart #url# #url# </document>
		<document> #user# thank god for once a woman is addressing that audience instead of a man with long hair. </document>
		<document> #user# #user# #user# and i mean that's got to cause pain, or at least stand a very good chance of it. </document>
		<document> #user# #user# #user# some of them are. and many people who want srs can't tell the difference, judging by comments. </document>
		<document> keep following the light. examining information is never a bad thing. those calling for censorship r afraid of what you'll find. #user# </document>
		<document> #user# #user# try googling or asktransgender on reddit </document>
		<document> the post-op pix u r calling amazing: not what a vagina looks like. not trying to be mean, but someone needs to say it. i'd worry abt regrets </document>
		<document> #user# #user# yes, all those johns that beat up transwomen are clearly reading too much dworkin </document>
		<document> women who don't date transwomen = human rights crisis. men who don't date transwomen = nothing to see here. that's misogyny. </document>
		<document> terf is a word invented for females, like feminazi. saying there are male terfs is like saying there are white n**** : you're still a bigot. </document>
		<document> word for lesbians who don't date transwomen=terf. word for straight men who don't date transwomen=normal. no name invented. that's misogyny. </document>
		<document> notice the similarity between the phrases "redefining realness" and "alternative facts" </document>
		<document> the cotton ceiling: wishful thinking turned into bullying. </document>
		<document> #user# #user# #user# womaning can be done many ways, but by definition, it's done by women. </document>
		<document> #user# ah, so you do care. thought so. your patriarchy-ass-kissing is old as dirt, not worth getting mad over. you seem upset tho. </document>
		<document> #user# why not fuck off then? looks like you're pretty interested from here. </document>
		<document> men's rights activism got a real boost of cred when it decided to start wearing dresses. </document>
		<document> #user# keep kissing male ass. you can do that without worrying about me. </document>
		<document> patriarchy's ass kissers are boring me. </document>
		<document> #user# yes i'm aware that that's how you've defined yourself. </document>
		<document> dudes can't stop hating feminists, no matter what they wear. sigh. #url# </document>
		<document> #user# yes, men have all kinds of opinions about who gets to be a feminist. always have. </document>
		<document> #user# you're the one hanging around, dudebro. you fuck off. </document>
		<document> #user# it's not a radical feminist's job to worry about your identity. go find a queer theorist for that. </document>
		<document> #user# apparently you're not. bye. </document>
		<document> #user# another dude who hates feminists. yawn. </document>
		<document> #user# ah never mind you're a dude, lol. makes sense now. men love to mansplain feminism to females. </document>
		<document> #user# keep kissing male ass if you must dear, but don't worry yourself about those of us who center females. </document>
		<document> female is a biological term, not a social one like "woman." notice the word feminism isn't "womanism" -- maybe that's the movement you want </document>
		<document> when the most controversial statement of our time is a tautology. #url# </document>
		<document> #user# #user# your video's too long and your tweets make no sense. i don't know what side you're on. get some pr help maybe </document>
		<document> rt #user#: i don't respect anyone's identity, not even my own. identity is an illusion. </document>
		<document> hey #hashtag# , save yourselves! here's how: remove mra propaganda, publish feminist stuff instead! see #user# to see how it's done </document>
		<document> rt #user#: i'm not going to #hashtag# - they're a misogynist joke. for actual feminism, donate to #user#: </document>
		<document> too bad #user# couldn't handle #user#. embarrassing takedown. </document>
		<document> damn. #user# just kicked that whole thread's ass. #url# </document>
		<document> you make yourself look stupid when u invent false things you think your opponent believes. can't refute the real position eh? #hashtag# </document>
		<document> the only other situation where people spend so much time vilifying books they haven't read is in fundamentalist christianity. #hashtag# </document>
		<document> #user# nope, you're confused. </document>
		<document> #user# #user# and it starts happening when we're 12. </document>
		<document> rt #user#: please read this thread. #url# </document>
		<document> rt #user#: #user# "terf" is the new "witch." </document>
		<document> rt #user#: #user# #user# #user# #user# #user# trans is a fulltime drag queen. </document>
		<document> #user# #user# people don't need "excuses" to get out of sex. that's rape culture. </document>
		<document> transgenderism is conservative, not liberal. #url# </document>
		<document> a macho dick is the only worthy dick, right republicans and transgenderists? </document>
		<document> patriarchy finds the genitals of women &amp; nonconformists problematic and wants them mutilated: fgm, transgender surgery, cosmetic labiaplasty </document>
		<document> #user# google searches lead to articles, bro </document>
		<document> mtfs are flippant about fgm b/c they're interested in genital mutilation for themselves &amp; others. drawing that line = cognitive dissonance. </document>
		<document> #user# you're motivated to push genital mutilation and transing of kids, so of course you don't take fgm seriously. </document>
		<document> #user# yes, they do, as a quick google search will reveal. and only misogynists brush away fgm to promote other agendas. </document>
		<document> #user# agreed. getting a thrill off a pair of panties is probably great fun! but it does not make you a woman. </document>
		<document> 1 more parting easter message to trans activists. remember, saying bunnies have cottontails doesn't mean bunnies are one big cottontail! </document>
		<document> that's all i have time for for tonight, but trans activists can google "valid logical reasoning" for more help on this really simple matter </document>
		<document> here's another helpful link for trans activists! #url# now maybe they can move past the idea of walking, talking vaginas! </document>
		<document> i think trans activists are just *pretending* to not know this basic logic, but either way it's pretty embarrasing #url# </document>
		<document> it's really pretty basic stuff. just a quick look &amp; you'll learn that having a vagina doesn't make you a vagina! #url# </document>
		<document> for example, trans activists, having legs is necessary to being a cat, but other things are necessary too #url# </document>
		<document> here's another thing that might help trans activists: there's a difference between necessary and sufficient: #url# </document>
		<document> maybe this'll help trans activists: #url# . all dogs are mammals, but not all mammals are dogs. </document>
		<document> trans activist logic: people who say that cheetahs have spots are reducing cheetahs to one big giant spot lol </document>
		<document> trans activist logic: people who say that trees have leaves are reducing trees to one big giant leaf lol </document>
		<document> trans activist logic: people who say that birds have beaks are reducing birds to one big giant beak lol </document>
		<document> rt #user#: icymi thought police have stopped the airing of "transgender kids: who knows best" #user# film is archived here </document>
		<document> rt #user#: turns out #user# offended mothers with their #hashtag# ad. undeleted real comments here, unlike at dove youtube </document>
		<document> #user# attracted to all women in the club? lol </document>
		<document> cutting the genitals of children is wrong. and that includes children who prefer the toys of the "wrong" gender. #url# </document>
		<document> rt #user#: i just got my period. i'm such a terf for that. </document>
		<document> remember, you can avoid real feminist activism forever by spending all your time correcting undesirable language nuances in women's speech! </document>
		<document> remember, nothing you can say is misogynist if you append the word "terf!" to the beginning! </document>
		<document> rt #user#: #hashtag# is calling nigerian feminists "colonized" for refusing to adopt westerners' idea of "gender identity". </document>
		<document> rt #user#: #hashtag# where men can have men-only space, trans can have trans-only space, but women can't have women-only space. </document>
		<document> in other news, males keep defending males and telling women to fuck off. #url# </document>
		<document> #user# fuck off, male </document>
		<document> #hashtag# says using dictionary definitions of the sexes is hate speech </document>
		<document> #hashtag# says everyone must be made comfortable using the restroom except actual women </document>
		<document> #hashtag# spends all its time "correcting" "problematic" language (especially by females) instead of fighting oppression </document>
		<document> #hashtag# says real lesbians take dick </document>
		<document> #hashtag# says straight white men are more oppressed than women/people of color/lesbians, as long as the men put on dresses </document>
		<document> rt #user#: #hashtag# where parents accept that trains=boy and sparkles=girl and medicalise their children to ensure gender conformity </document>
		<document> rt #user#: #hashtag# doesn't know what a fucking woman is. </document>
		<document> rt #user#: "trans women and women have different experiences" = hate speech not hate speech = 👇 #url# </document>
		<document> rt #user#: #user# #user# women are not "cis" "terf" or any other ridiculous name men have made up for them. </document>
		<document> rt #user#: nobody is trapped in the wrong body. we're all trapped in the wrong society. #hashtag# </document>
		<document> rt #user#: 2017 post-truth update meme: because feelings are more important than facts, or you are worse than hitler. </document>
		<document> new article by rush limbaugh: "why the end of michfest is good" #url# j/k it's everydayfeminism #user# </document>
		<document> new by larry flynt: "women, convince yourselves to fuck ppl you don't like" #url# j/k it's everydayfeminism #user# </document>
		<document> new article by ted nugent: "mras have a point" #url# j/k it's everydayfeminism #user# #hashtag# </document>
		<document> new article by donald trump: "i don't care about your stupid vulva, it's all vagina to me" j/k it's jezebel #user# #hashtag# </document>
		<document> new article by sarah palin: "i love wearing high heels" #url# j/k it's everydayfeminism #user# #hashtag# </document>
		<document> new article by hugh hefner: "6 affirmations for people ashamed of their kink" #url# j/k its everydayfeminism #user# </document>
		<document> rt #user#: student suspended for thoughtcrime of discomfort with transgenderism. #url# </document>
		<document> self-contradictory word. if someone can tell you're trans, they know you're not female, by definition. #user# </document>
		<document> ah, you don't know what "radical" means in the context of feminism. big surprise. it means "root" not "extreme" #user# #user# </document>
		<document> i see what you mean, #user# clarence. #user# #user# #user# </document>
		<document> #user# #user# #user# #user# "anti trans activists" did not cause 1 trans person to inject fatal poison into another </document>
		<document> rt #user#: in reality, we all know what a woman is; we all came out of one. #hashtag# </document>
		<document> "terf" = "i'm butthurt that somebody somewhere is prioritizing females over males" </document>
		<document> #user# #user# you're the one who assumed "men" in ops post meant transwomen and not transmen or allies. nice try. </document>
	 <document> rt #user#: non-binary 4-year-old. you can't invent it. we called them "kids". #url# </document>
<document> #user# one of my absolute favorite tweets. </document>
<document> rt #user#: why do you have to be 'transgender' to wear a skirt? Most women wear pants anyway! #url# </document>
<document> rt #user#: My rule of thumb in life is to listen to the women that men are trying to shut up on. therein lies the truth </document>
<document> rt #user#: #user# one is a "man", one is a "woman" and the other is "both". 2017 is the year of the stupid.. </document>
<document> rt #user#: I got a definition of woman from a trans activist #url# </document>
<Document> is not interested in people with male bodies. If these words hurt you, feel free to replace them with anything, but it won't make your body any more interesting </document>
<document> remind you all, the definition of "woman" is "failed man". </document>
<Document> #user# #user# #user# sounds like an admission. Bye. </document>
<document> #user# #user# #user# was it on twitter or somewhere else, #user# ? </document>
<document> #user# rehosted. you can see it now #User# #User# #URL# </Document>
<document> are those your words, #user#? #url# </document>
<document> #user# #user# Remember that anything related to the existence of vaginas is meant to be done exclusively by men. otherwise it is hate! </document>
<document> rt #user#: #user# but wait, wait. I thought I *wanted* to use the phrase "people with vaginas". </document>
<document> remind you all, having or relating to a vagina makes you a hateful fanatic! #url# </document>
<Document> "Oh you don't think I'm a woman? Then let me stalk and hit you like an abusive ex-boyfriend." #url# </document>
<document>, in other words, they acted like men while trying to prove they were women. #url# </document>
<document> rt #user#: This is what trans activists do, they threaten to kill women. #Hashtag# #URL# </document>
<document> rt #user#: a question for leftists and progressives: is that what you mean by "equality"? #url# via #user# </document>
<Document> rt #user#: Sterilizing children is eugenics, not pity. #url# </document>
<document> Imagine how all those transgender kids will feel when they wake up one morning and suddenly realize that nothing ever went wrong with them</document>
<document> rt #user#: For the misogynistic toddler in your life, check out This Tranny Kills Terfs onesie. #url# </document>
<document> rt #user#: #user# terf is really the new witch </document>
<document> #user# #user# and no such merch exists! Why? because radfems are not the hate group here. </document>
<document> rt #user#: hottest feminist version of 2k17: sex matters </document>
<document> ah yes, the "trans-abled" person who is also transgender. Coincidence? #url# </document>
<Document> #user# #user# #user# #user# #user# Not sleeping with people doesn't suppress them. </document>
<document> that pretty much speaks for itself. #url# </document>
<document> another "feminist" prefers to kiss men's ass instead of centering women. #url# </document>
<document> finds it "ironic" that feminism is about women, rather than #url# </document>
<document> rt #user#: Online Feminists: Words Are Violence Too Online Feminists: Hit People You Disagree With ¯_(ツ)_/¯ #url# </document>
<document> the males won't let her hear from me so she blocked me. #url# </document>
<document> anthony b switched to avoid the female role but still lets men tell her what to believe. </document>
<document> #user# biological males, if you prefer. why don't you center yourself You don't have to keep playing the submissive girl. </document>
<Document> Feminism puts you at the center, Anthony, not men. Consider fighting for yourself for a change. it will do you good. #url# </document>
<document> oh my mistake. pretend man and still kissing real men's asses, that's a shame. #url# </document>
<document>News flash, man has opinion on feminism #url# </document>
<Document> #user# #user# Trans people exist. Straw man. </document>
<document> #user# ah, there are these men now contradicting </document>
<Document> If reality triggers you, you may be sick. #url# </document>
<document> it's almost like they're being treated like... their birth sex... despite the fact that... --- no, that can't be #url# </document>
<Document> #user# Men hate trans women for "acting gay". they do not first ask for orientation. </document>
<Document> I can't understand how all these trans women both get through flawlessly and hit a bunch of transphobia. </document>
<document> #user# I see you don't have an intelligent answer as usual. </document>
<document> oh wow! Looks like Laci needs to meet some transgender people. #url# </document>
<document> what a train wreck, y'all. You seriously don't understand who is committing violence against trans women and why? </document>
<document> #user# #user# All women do things to be pitied under patriarchy. We blame the system, not the women. </document>
<document> #hashtag# aber laci, radfems *accept* trans people: trans men. Your analysis is about women, it's not about exclusion, it's about focusing. </document>
<document> #user# #user# You obviously have no idea what my point is, so no </document>
<Document> #user# Transgender people are murdered for homophobia. Men punish men for looking like "fags", nothing more</document>
<document> #user# #user# and I bet I know more trans people than you. </document>
<document> #user# #user# agreed, there is nothing wrong with trans and therefore they don't need cut out parts to "fix" them. </document>
<document> #hashtag# Yes, Canada and New York made the use of preferred pronouns mandatory in certain situations, including fines. </document>
<document> #hashtag# laci, wrong sex is not mean. Asking someone to be a mouthpiece for an ideology they oppose is mean. sex is harmful. </document>
<document> #user# #user# The right answer to gay people is to teach them to love themselves for who they are. same goes for trans, not "fix". </document>
<document> #user# Converting trans people (who are often gay) into straight people through hormones and surgery is similar to gay conversion therapy, yes </document>
<document> #hashtag# laci You are absolutely right about using plain text! the new trend is batshit and you're not wrong </document>
<document> #hashtag# and yet new recommendations are mostly girls, what could that mean? </document>
<document> #user# it is what they say. they don't want a cure if that was a serious question. </document>
<document> #hashtag# laci note who is harassing you: mostly men. they always hated feminists &amp; Clothing didn't change that. no coincidence</document>
<document> #hashtag# of course you were uncomfortable w/sex, laci, we all were. Men start harassing you when you get boobs. sex screws women. </document>
<document> #user# it's a nuisance if you want medical care, but it's a lifestyle if you want to eliminate gatekeeping </document>
<document> #hashtag# Castrati were also recruited as children for adult interests... hmmm </document>
<document> #hashtag# Including people in a class who can leave that class with a change of clothes is a misunderstanding of class. </document>
<document> #hashtag# sound works fine for me. </document>
<document> #hashtag# laci, intersectionality includes *intersections* (i.e. female + black). It's not about straight white men. </document>
<document> #hashtag# ah, caitlyn jenner - exactly why you can't define "woman". no vagina, male socialization, no similarities with women. </document>
<Document> #hashtag# Trans women are oppressed because of homophobia, not misogyny. Women are not penalized for wearing clothes, men are. </document>
<Document> #hashtag# Men are not muRdering trans women because they hear too much radical feminism. </document>
<document> #hashtag# that's because we've seen people change their "gender identity" for a dime and then change it again every two weeks </document>
<document> #hashtag# Feminism is never about blaming women, gender play, or anything else. Feminism is about blaming the system. </document>
<document> #hashtag# Feminism is not about blaming women for trans, porn, etc. It's about blaming men for the system that supports him. </document>
<Document> #hashtag# Patriarchy actually came about because of agriculture. own people and land. it came with slavery. </document>
<Document> #hashtag# The discrimination trans women face is homophobia, laci, not misogyny. Men judge men. another topic. </document>
<document> #hashtag# people will always make generalizations about race, Laci, and is that okay? </document>
<document> rt #user#: #user# #user# did you just assume there are only 96 genders? triggered </document>
<document> #user# Here is a brief diagram of what you articulate in your recent videos. #url# </document>
<document> laci green behaving scandalously as if it's okay to discuss things openly #url# </document>
<document> rt #user#: censored by Transpolitik: a master post #url# </document>
<document> #user# this is a total mystery... </document>
<document> #user# ha! I missed this part. Yeah, there's nothing dirtier than real women, didn't you know? </document>
<Document> Only a man would think of equating female oppression with being called cute instead of rape &amp; fgm #url# #user# </document>
<document> #user# #user# #user# #user# this is not a normal language. </document>
<document> #user# #user# #user# #user# straw man. none of them have to go away. </document>
<document> #user# #user# yes, you clearly find many faults with women. not me. Society is broken, not you. </document>
<document> #user# #user# Yes, you are part of feminism. and that's because you're not a man. </document>
<Document> The top five "arguments" made by Twitter trans activists: 1) lol 2) lol wut 3) lmao 4) but intersex! intersex! intersex!!1! 5) Terf!!1! </document>
<Document> self-proclaimed gay with a vagina is here to tell us which women to hate. #url# </document>
<document> #user# #user# talks about those you hang out with. </document>
<document> #user# #user# Check your reading comprehension. it is a sentence. subject verb object. </document>
<document> #user# #user# nobody but Fundie Christians and trans ideologues wants to ban so many books they haven't read</document>
<document> You don't have to date anyone, sexual orientation is real and trying to change that is conversion therapy &amp; Rape Culture </document>
<Document> Trans people want no sexual orientation, everyone should be bi &amp; being attracted to invisible "gender identity" - won't happen </document>
<document> #user# #user# "terf" is shorthand for people who can't discuss the actual arguments. </document>
<document> #user# #user# exactly. Radical feminism is about women, which excludes men, not trans-excludes them. </document>
<document> #user# #user# Yes, that's called misogyny. internalized in this case by a woman. Sigh, the patriarchy wins this round </document>
<document> another misogynist who doesn't understand class theory #url# </document>
<document> #user# and wanting sex from anyone for any reason is called rape culture. </document>
<document> #user# good theory, but in reality they mean nothing. mtfs only bully women like other misogynists </document>
<document> I mean it's quite revealing, really: "How dare you tell the truth about two of our cherished myths" </document>
<document> Canada Child Services prohibits parents from being honest with children about the reality of sex, the unreality of the Easter Bunny: #url# </document>
<document> rt #user#: the sexism of the hyper competent buddy woman, in a chart #url# #url# </document>
<document> #user# Thank goodness a woman instead of a man with long hair is speaking to this audience. </document>
<document> #user# #user# #user# and I mean this must cause pain or at least have a very good chance of causing it. </document>
<document> #user# #user# #user# are some of them. and many people who want SRS can't tell any difference judging by the comments. </document>
<Document> continues to follow the light. Checking information is never a bad thing. those calling for censorship are afraid of what you will find. #User# </Document>
<document> Google #user# #user# or ask transgender on reddit </document>
<document> the post-op pixel you call amazing: not what a vagina looks like. I'm not trying to be mean, but someone has to say it. I would worry about my regret </document>
<document> #user# #user# Yeah, all these punters beating up trans women are clearly reading too much dworkin </document>
<Document> Women Not Dating Trans Women = Human Rights Crisis. Men not dating trans women = nothing to see here. this is misogyny. </document>
<document> terf is a word invented for women, like feminazi. Saying there are male terfs is like saying there are white n****: you're still a fanatic. </document>
<document> word for lesbians not dating trans women=terf. Word for straight men not dating trans women = normal. no name invented. this is misogyny. </document>
<document> Notice the similarity between the phrases "redefining realness" and "alternative facts" </document>
<Document> The Cotton Blanket: Wishful thinking turned into bullying. </document>
<document> #user# #user# #user# Being a woman can be done in many ways, but by definition it is done by women. </document>
<document> #user# ah, so you care. thought so. Your patriarchy ass kissing is old as dirt, not worth getting upset about. you seem upset. </document>
<document> #user# then why don't you fuck off? Looks like you're pretty interested from here. </document>
<Document> Men's rights activism got a real credibility boost when it decided to wear clothes. </document>
<Document> #user# continues to kiss the male ass. You can do this without worrying about me. </document>
<Document> I'm bored with the patriarchy's ass-eaters. </document>
<document> #user# Yes, I'm aware that's how you define yourself. </document>
<Document> Guys can't stop hating feminists no matter what they wear. sigh. #url# </document>
<document> #user# Yes, men have all sorts of opinions about who should be a feminist. always have. </document>
<document> #user# you're the one hanging out, alterbro. you fuck off </document>
<document> #user# It is not the job of a radical feminist to worry about your identity. Find a queer theorist for that. </document>
<document> #user# apparently not. Bye. </document>
<document> #user# another guy who hates feminists. yawning. </document>
<document> #user# ah never mind you're a dude lol. makes sense now. Men love explaining feminism to women. </document>
<document> #user# keep kissing male asses if you must dear, but don't worry for those of us who center women. </document>
<Document> Feminine is a biological term, not a social one like "woman". Note that the word feminism is not "womendom" - maybe that's the movement you want</document>
<document> when the most controversial statement of our time is a tautology. #url# </document>
<document> #user# #user# Your video is too long and your tweets don't make sense. I don't know which side you're on. Maybe get some PR help </document>
<document> rt #user#: I don't respect anyone's identity, not even my own. Identity is an illusion. </document>
<document> hey #hashtag# , save yourself! Here's how: remove MRA propaganda, post feminist stuff instead! see #user# to see how it's done </document>
<document> rt #user#: I will not #hashtag# - they are amisogynist joke. For true feminism, donate to #user#: </document>
<Document> Too bad #user# couldn't handle #user#. embarrassing acceptance. </document>
<document> damn. #user# just kicked the butt of the whole thread. #url# </document>
<document> You make yourself stupid if you make up false things that you think your opponent believes. can't refute the real position, right? #Hashtag# </Document>
<Document> The only other situation where people spend so much time denigrating books they haven't read is in fundamentalist Christianity. #Hashtag# </Document>
<document> #user# No, you are confused. </document>
<document> #user# #user# and it starts when we are 12. </document>
<document> rt #user#: Please read this thread. #url# </document>
<document> rt #user#: #user# "terf" is the new "witch". </document>
<document> rt #user#: #user# #user# #user# #user# #user# trans is a full-time drag queen. </document>
<document> #user# #user# People don't need "excuses" to get out of sex. this is rape culture. </document>
<Document> Transgenderism is conservative, not liberal. #url# </document>
<document> a macho cock is the only worthy cock, right republican and transgender? </document>
<Document> Patriarchate finds women's genitals &amp; Nonconformists problematic and wants them mutilated: FGM, transgender surgery, cosmetic labioplasty </document>
<document> #user# Google searches lead to articles bro </document>
<document> mtfs are flippant about FGM because they are interested in genital mutilation for themselves &amp; Other. draw this line = cognitive dissonance. </document>
<document> #user# You are motivated to promote female genital mutilation and child transmission, so of course you don't take FGM seriously. </document>
<document> #user# Yes, they do, as a quick Google search will reveal. and only misogynists brush away FGM to further other agendas. </document>
<document> #user# agreed. Getting a thrill from panties is probably great fun! but it doesn't make you a woman. </document>
<Document> 1 more farewell Easter message to trans activists. Remember, when you say bunnies have cottontails, that doesn't mean bunnies are big cottontails! </document>
<document> That's all I have time for tonight, but trans activists can google "valid reasoning" for more help on this really simple matter </document>
<Document> Here is another helpful link for trans activists! #url# now maybe they can say goodbye to the idea of ​​walking and talking vaginas! </document>
<document> I think trans activists *just pretend* they don't know this basic logic, but either way it's pretty embarrassing #url# </document>
<document> it's really pretty simple stuff. just a quick look &amp; You will learn that a vagina doesn't make you a vagina! #url# </document>
<document> For example, trans activists, having legs is necessary to be a cat, but other things are also necessary #url# </document>
<document> Here's something else that might help trans activists: There's a difference between necessary and sufficient: #url# </document>
<document> maybe this will help trans activists: #url# . All dogs are mammals, but not all mammals are dogs. </document>
<document> trans-activist logic: people saying cheetahs have spots are reducing cheetahs to one big giant spot lol </document>
<document> trans-activist logic: people who say trees have leaves are reducing trees to one big giant leaf lol </document>
<document> trans-activist logic: people who say birds have beaks are reducing birds to one big huge beak lol </document>
<document> rt #user#: icymi thought the police stopped the broadcast of the film "Transgender Kids: Who Knows Best". #user# is archived here </document>
<document> rt #user#: It turns out that #user# insulted mothers with their #hashtag# ads. non-deleted real comments here, unlike dove youtube </document>
<document> #user# attracted to all the women in the club? lol </document>
<document> cutting thChildren's genitals are wrong. and that includes children who prefer toys of the “wrong” sex. #url# </document>
<Document> rt #user#: I just got my period. I'm such a terf for it. </document>
<Document> Remember, you can avoid true feminist activism forever by spending all your time correcting unwanted language nuances in women's speech! </document>
<document> Remember, nothing you can say is misogynistic if you use the word "terf!" at the start! </document>
<document> rt #user#: #hashtag# calls Nigerian feminists "colonized" for their refusal to embrace Western notions of "gender identity." </document>
<document> rt #user#: #hashtag# where men can have a men-only section, trans can have a trans-only section, but women cannot have a women-only section. </document>
<Document> In other news, men continue to defend men and tell women to fuck off. #url# </document>
<document> #user# Fuck off man </document>
<document> #hashtag# states that using dictionary definitions of gender is hate speech </document>
<document> #hashtag# says everyone must be used to using the toilet except real women </document>
<document> #hashtag# spends all his time "correcting" "problematic" language (especially by women) rather than fighting oppression </document>
<document> #hashtag# says real lesbians take dick </document>
<document> #hashtag# says straight white men are more oppressed than women/people of color/lesbians as long as the men wear clothes</document>
<document> rt #user#: #hashtag# where parents accept trained=boy and sparkly=girl and medicate their children to ensure gender conformity </document>
<Document> rt #user#: #hashtag# doesn't know what a damn woman is. </document>
<document> rt #user#: "Trans women and women have different experiences" = Hate Speech not Hate Speech = 👇 #url# </document>
<document> rt #user#: #user# #user# Women are not "cis", "terf" or any other ridiculous name that men have invented for them. </document>
<Document> rt #user#: No one is trapped in the wrong body. We are all trapped in the wrong society. #Hashtag# </Document>
<document> rt #user#: 2017 post-truth update meme: Because feelings are more important than facts, or you're worse than Hitler. </document>
<document> new article by rush limbaugh: "why the end of michfest is good" #url# j/k it's everyday feminism #user# </document>
<document> new from Larry Flynt: "Women, convince yourself to fuck people you don't like" #url# j/k it's everyday feminism #user# </document>
<document> new article by ted nugent: "mras have a point" #url# j/k it's everyday feminism #user# #hashtag# </document>
<document> New article by Donald Trump: "I don't care about your stupid vulva, to me everything is vagina" j/k, it's Jezebel #user# #hashtag# </document>
<document> New article by Sarah Palin: "I like to wear high heels" #url# j/k it's everyday feminism #user# #hashtag# </document>
<document> new article by hugh hefner: "6 affirmations for people who are ashamed of their kink" #url# j/k its dailyfeminism #user# </document>
<document> rt #user#: Student Suspended For Thoughtcrimes Over Transgender Discomfort. #url# </document>
<document> self-contradictory word. By definition, if someone can tell you're trans, they know you're not a woman. #User# </Document>
<document> Ah, you don't know what "radical" means in the context of feminism. big surprise. it means "root", not "extreme" #user# #user# </document>
<document> I see what you mean, #user# Clarence. #user# #user# #user# </document>
<document> #user# #user# #user# #user# "Anti-trans activists" did not result in one trans person injecting deadly poison into another </document>
<document> rt #user#: in reality we all know what a woman is; we all came out of one. #Hashtag# </Document>
<document> "terf" = "I'm crazy that anyone, anywhere would prioritize women over men" </document>
<document> #user# #user# you are the one who accepted "men" in ops post meant trans women and not trans men or allies. nice try. </document>