<author lang="en"  
	<document> #user# turn zimbabwe into a nuclear power by getting investors to invest in zimbabwe's energy sector #url# </document>
		<document> electronic surveillance and jamming of enemy electronics #url# </document>
		<document> let's invest in clean coal technology or nuclear energy #url# </document>
		<document> a.r.v. - the flux liner. #url# </document>
		<document> strike iran with the decisive blow #user# #url# </document>
		<document> carbon capture and storage #user# #url# </document>
		<document> rt #user#: israeli delegation arrives in e. guinea to treat wounded after deadly explosions #url# </document>
		<document> we are navy seals, we operate in three areas of operations the sea, air, and land #url# </document>
		<document> this is my squad #url# </document>
		<document> wanna see my squad #url# </document>
		<document> make wales latina country we should open up immigration from latin american countries to wales #url# </document>
		<document> guns pointed towards russia, iran, north korea and china #url# </document>
		<document> #url# let's create a southern african federation consisting of southern african nations #user# </document>
		<document> rt #user#: gchq warns businesses to urgently update their microsoft email servers after suspected china hack #url# </document>
		<document> rt #user#: the queen jokes 'it's important to come back' from outer space as she marks science week during zoom call </document>
		<document> building up american naval power by constructing submersible carriers #url# </document>
		<document> #url# how stealth technology works? #url# </document>
		<document> building up american naval power should involve constructing super aircraft carriers #user# #url# </document>
		<document> we must indeed strengthen american naval power in the indo pacific region and area of operations #url# </document>
		<document> #url# millions are going to die at the coming of the lord who will survive the great day of the lord </document>
		<document> house of lords </document>
		<document> #url# come and join the space force </document>
		<document> i created my own british east india company that will rule the united kingdom and the united states for a 1000 years #url# </document>
		<document> i do not want to stay local i want to go global i believe in globalisation for wales and the whole united kingdom #url# </document>
		<document> we need to roll out 5g technology in wales it's the future economy #user# #user# #user# #url# </document>
		<document> watch the pope watch rome the seat of the antichrist #url# </document>
		<document> the pope is the antichrist #url# </document>
		<document> we must stand with persecuted syrian and iraqi christians #url# </document>
		<document> rt #user#: we love to see it 😎 countries deserve clean abundant energy ⚡️ #hashtag# #url# </document>
		<document> #url# ain't no bullet holes in the side of my suv once a marine always a marine semper fi #user# </document>
		<document> #url# #user# hello mr. gates i am a climate innovator looking for funding for my projects </document>
		<document> #url# we are them terror squad boys #user# he is the fakest you have ever seen. </document>
		<document> #url# god's war on terror let god fight the battle for us against islam and islamic terrorism </document>
		<document> all eyes on what is going in egypt especially to the coptic christians of egypt #user# #url# </document>
		<document> let's all embrace the new world order to save the earth #url# </document>
		<document> we are on lockdown remember i can't come over and say hi would have loved to #url# </document>
		<document> advanced nuclear reactors #url# </document>
		<document> weapons of the future from science fiction to reality #url# </document>
		<document> the autonomy economy needs a robust 5g network deployed rapidly and swiftly #url# </document>
		<document> weapons of the future from science fiction #url# </document>
		<document> #url# 5g is crucial to robotics and computer science field we need to roll out 5g as fast as possible around the world </document>
		<document> mhd simulation and thermal design of an mpd thruster #url# </document>
		<document> #url# time to abolish the racist monarchy there do not speak for britain their values are not british values #user# </document>
		<document> hypersonic engine using mhd energy bypass with a conventional turbojet #user# #user# #user# #url# </document>
		<document> #url# artificial telepathy is next big thing and we ought to be working on it #user# #user# </document>
		<document> rt #user#: "this is my commandment: that you love one another as i have loved you.” —john 15:12, esv </document>
		<document> no exiting lock down until we have vaccinated the whole welsh population #url# </document>
		<document> #url# nuclear pulse propulsion a game changer #url# </document>
		<document> #url# rockets powered by nuclear fusion can send humans to mars and beyond </document>
		<document> variable specific impulse rocket engine for quicker trip to mars #user# #url# </document>
		<document> fusion propulsion to colonize mars and other planets in the cosmos #user# #url# </document>
		<document> dear britain vote labour on thursday 6th may 2021 vote our values #url# </document>
		<document> no he does not stop your propaganda #url# </document>
		<document> that is crazy crazy the world is being turned up side down by the radical left #url# </document>
		<document> russia's new mhd weapon the motor design of a pluto missile #url# </document>
		<document> billionaires lets save the world, lets make the world a better place #url# </document>
		<document> prison planet the planet is a prison the elites are turning into a prison now we talk about curfew for men </document>
		<document> yay president biden i told you gun control was coming yay yay the nra enough is enough of gun violence #url# </document>
		<document> #url# #user# is an idiot </document>
		<document> #user# and monsanto are doing a great service to the world's poor we need monsanto in zimbabwe #user# #url# </document>
		<document> rt #user#: capitalism gives the power to the people. </document>
		<document> i am an american soldier #url# </document>
		<document> rt #user#: "draw near to god, and he will draw near to you." james 4:8 #hashtag# #hashtag# #url# </document>
		<document> #url# weapons of the future #url# </document>
		<document> burn down the amazon rainforest and all of africa #url# </document>
		<document> burn down the amazon rainforest and all of africa #user# #user# #url# </document>
		<document> i am an american navy seal by sea, air or land i guard and defend freedom and bring the fight to the enemy #url# </document>
		<document> #user# we need to attack iran with nuclear weapons enough is enough of this menace regime in tehran #url# </document>
		<document> rt #user#: even the boogie man has nightmares 😱 ... that would be us. #hashtag# #url# </document>
		<document> i am a navy seal i went from loser to navy seal #url# </document>
		<document> more wildfires more cities will burn if we do not act to combat climate change #url# </document>
		<document> i admire margaret sanger and her vision #user# #url# </document>
		<document> wales could reopen its economy before england #user# #user# #user# #url# </document>
		<document> it's time to create a one world government under the reign of christ #url# </document>
		<document> #url# henry kissinger is a useless eater that needs to be culled and killed for using up all our resources #user# </document>
		<document> #url# when will britain work up and realize its time to abolish the monarchy there do not work to serve our best interests </document>
		<document> i admire this woman so much and her vision of a better world without the feeble minded #url# </document>
		<document> every young african should be sterilised to prevent them from reproducing #user# #url# </document>
		<document> nuclear fusion is our best energy source to tackle climate change #url# </document>
		<document> i admire margaret sanger and her vision #url# </document>
		<document> race science that africans are genetically inferior to europeans is a fact and it's true #url# </document>
		<document> #url# we must stand up for persecuted christians in the middle east #user# #user# </document>
		<document> charge the bush administration with treason engineers for 9/11 truth is a non profit #url# </document>
		<document> good attack chinese americans china must pay for the virus there unleashed onto the world #url# </document>
		<document> #url# nuclear fusion powered fighter jet could this be true? #user# #user#airplanes </document>
		<document> spotted bang you are dead #url# </document>
		<document> future us air force stealth bombers #url# </document>
		<document> homosexuality is a sin and i am glad milo has come out of that lifestyle #url# </document>
		<document> #url# the race for advanced nuclear liquid metal cooled nuclear reactors #url# </document>
		<document> i cannot stand a coward #url# </document>
		<document> when will prince charles become king i am eager to solve world overpopulation when he does #user# #url# </document>
		<document> when prince charles is king of england we are going to solve overpopulation in africa, asia and latin america #url# </document>
		<document> flying on plasma. plasma propulsion will change the aerospace industry </document>
		<document> the u2 spy plane #url# </document>
		<document> electromagnetic pulse gun can disable enemy electronics quickly and decisively #url# </document>
		<document> still my girl the many wives of king david i like blondes #url# </document>
		<document> jury service on the 4th of may 2021 i have never been a juror before for some reason i cannot wait to be juror </document>
		<document> #user# we need to lead in the development of psychotronic weapons #url# </document>
		<document> we must rebuild the russian empire #url# </document>
		<document> world 6th generation hypersonic stealth fighter concept #url# </document>
		<document> #url# worth every dime, the f-35 is a terrific plane that is worth every buck. #url# </document>
		<document> worth $115 million dollars, the f-35 is a fantastic plane that is worth every dime #url# </document>
		<document> tr3b astra an aircraft that flies on nuclear energy #url# </document>
		<document> inside the tr3b aircraft the cockpit #url# </document>
		<document> to win the war on drugs needs a glass steagall legislation #url# </document>
		<document> rt #user#: who deserves a pay rise more, dominic cummings or nhs nurses? #hashtag# </document>
		<document> #user# mr prime minister make space based solar power a national security priority for the united kingdom #url# </document>
		<document> #url# replace #user# with a european union army #user# #user# </document>
		<document> #user# give our nhs nurses a pay rise and a union mr prime minister #url# </document>
		<document> this has gone on long enough it's time to reopen our economies enough is enough #url# </document>
		<document> rt #user#: and from southern university alum avery johnson, about the importance of hbcus in his life and to the 🇺🇸. </document>
		<document> homosexuality is a choice and it's a sin that leads men to hell #url# </document>
		<document> #url# the roman catholic church is an evil force in the world and there must be stopped </document>
		<document> #url# is solar warden real and if it is is it operational? #url# </document>
		<document> netanyahu deserves a nobel peace prize for sure #url# </document>
		<document> strike iran now #user# #user# #user# #user# #url# </document>
		<document> antimatter rockets how to get to explore the solar system with antimatter rockets #url# </document>
		<document> #url# antihydrogen propulsion for nasa's very deep space missions #url# </document>
		<document> #url# we them terror squad boys don't mess with us #user# what's the hell is wrong with this idiot </document>
		<document> #url# we need all schools in wales to reopen so we can get our young back in the classroom #user# #user# </document>
		<document> rt #user#: how to set clear work boundaries — and stick to them: #url# </document>
		<document> #user# invest your capital in south wales in the united kingdom to create jobs #url# </document>
		<document> #url# the time has come to create a european army, navy and air force that can defend europe's defence interests </document>
		<document> i will be a god #url# </document>
		<document> transhumanism can we live forever #url# </document>
		<document> god has tested me deeply and i have been proven faithful #url# </document>
		<document> #url# the british are stinky parasites </document>
		<document> #url# who is afraid of nuclear waste? making carbon free electricity using nuclear waste #url# </document>
		<document> after christ's 1000 year reign there will be setting up of a one world with one government under the reign of christ #url# </document>
		<document> are we prepared for the next pandemic? rotavirus more deadly than covid-19 #url# </document>
		<document> tony blair is the leader of our labour party not #user# or jeremy corbyn #url# </document>
		<document> brexit must be stopped, referendums can be ignored the uk must not be allowed to leave the european union #url# </document>
		<document> #url# let america fall to the ground so that we can rebuild back better and stronger by utilizing larouche's four laws </document>
		<document> this is the end of america, 27 trillion dollars in debt america is officially done for #url# </document>
		<document> rt #user#: evening patrols down swansea marina. no issues to report #hashtag# #hashtag# ^6580 #url# </document>
		<document> #url# i want to be billionaire so freaking bad i will be a billionaire #user# </document>
		<document> now it's my turn to drastically reduce world population levels enter in rotavirus #url# </document>
		<document> wildfires as a result of climate change #url# </document>
		<document> what comes after covid? 100% mortality rate in young children and young adults #user# #url# </document>
		<document> ooooh what will i ever do without piers morgan #url# </document>
		<document> i had enough of dogs i am now afraid of them there can be used to set them on people #url# </document>
		<document> democrats have both houses of congress so what are waiting for #user# #url# </document>
		<document> #url# i am a christian zionist </document>
		<document> pure nazi scum i hate nazis #url# </document>
		<document> it's just a machine dude chill out #url# </document>
		<document> #url# liberate new york </document>
		<document> #url# liberate new york from the mad governor who just won't go away like a zit </document>
		<document> i thought we dealt with this already not this again #url# </document>
		<document> you are supposed to be my fuckin' mentor get up dre and fight #url# #url# </document>
		<document> #url# get up dre i need you #user# </document>
		<document> iran will not be getting a nuclear weapon any time soon you can take that to the bank #url# </document>
		<document> nuclear thermal-electric rocket #url# #url# </document>
		<document> rt #user#: we’re going to #hashtag#. pass it on. </document>
		<document> rt #user#: why do republicans not want blacks to vote? 🤔 </document>
		<document> #url# i hate nazis </document>
		<document> this is china fascist in every way possible #url# </document>
		<document> #url# wildfires in central africa yet nobody even knows #url# </document>
		<document> rt #user#: just in: kerry calls for "decade of action" on climate change #url# #url# </document>
		<document> thank you first minister #url# </document>
		<document> #url# satan's bank of international settlements </document>
		<document> #url# obama is an idiot </document>
		<document> satan is losing power on the planet #url# </document>
		<document> #url# the aircraft that israel must have in it's arsenal fighting from the space domain and winning against our foes </document>
		<document> god bless israel and it's capital jerusalem #url# </document>
		<document> #url# iran is goliath we must treat them as such as the enemy of western civilisation </document>
		<document> #url# mine people all of israel will be saved by the grace of god </document>
		<document> not happy until tehran is lying in rubble you don't tell us what to do you are the enemy of mine people #url# </document>
		<document> #user# you should have killed me when you had the chance now i will end you #url# </document>
		<document> it's time to quit social media i now know what it is and how it manipulates one's own reality </document>
		<document> #url# the european union must become a federal republic #user# </document>
		<document> #user# go away it's my party now #url# </document>
		<document> go away it's not your party anymore it's mine go away #url# </document>
		<document> nigel farage is the reason why we are all in this mess i cannot stand that guy #url# </document>
		<document> the time to strike iran has come #url# </document>
		<document> you win the people of wales lose again wales is officially on lockdown everything is shut it's like a ghost town #url# </document>
		<document> #url# i stopped world war three where is my nobel peace prize #user# #user# #url# </document>
		<document> #url# military applications of nanotechnology #url# </document>
		<document> why is the american media so obsessed with the royal family how about actually reporting the news #url# </document>
		<document> military applications of nanotechnology #url# </document>
		<document> the great world war for the middle east #url# </document>
		<document> rt #user#: buckingham palace releases statement in response to meghan and harry interview #url# </document>
		<document> #url# america is a nation of the future from the future the freest nation in all the world and it must remain that way </document>
		<document> #url# flying cars are coming to a city near you #url# </document>
		<document> rt #user#: our american media is obsessed with the royals. i thought we were over the royals in 1776. </document>
		<document> nanotechnology is changing aeronautics which could lead to more efficient air vehicles of the future #url# </document>
		<document> just a theory #url# </document>
		<document> #url# nanothermites research it come to your own conclusion or theory </document>
		<document> #url# spill the beans royal servants spill the beans </document>
		<document> harry said he was trapped as a royal what did he mean? #url# </document>
		<document> we should aim to generate our electricity from 100% nuclear energy #user# #user# #url# </document>
		<document> i do not have mates mate joke's on you or on me wow am i a loser with no friends #url# </document>
		<document> for god and the british empire #url# </document>
		<document> the queen is the head of the commonwealth #user# she should be the head of state of zimbabwe #url# </document>
		<document> the man who should be prime minister of the united kingdom #url# </document>
		<document> #url# #user# ai is the future of warfighting we must invest boldly in it check this out </document>
		<document> i hate german shepherds lets kill all german shepherds there scare me with their bark and sharp teeth #url# </document>
		<document> we are going to become cyborgs #url# #url# </document>
		<document> the future i am trying to build, the jobs of the future will be seriously high tech and high skilled jobs #url# </document>
		<document> i hope you are raising the baby up as an anglo saxon with pride #url# </document>
		<document> #url# the lies of transhumanism no we cannot live forever #user# #user# #user# #user#break </document>
	  <author lang="en"
<document> #user# turns zimbabwe into a nuclear power by convincing investors to invest in zimbabwe's energy sector #url# </document>
<document> electronic surveillance and jamming of enemy electronics #url# </document>
<document> invest in clean coal technology or nuclear power #url# </document>
<document> a.r.v. - the flow jacket. #url# </document>
<document> strike Iran with the decisive blow #user# #url# </document>
<document> carbon capture and storage #user# #url# </document>
<document> rt #user#: Israeli delegation arrives in e. guinea to treat wounded after deadly explosions #url# </document>
<document> we are Navy Seals, we operate in three operational areas: sea, air and land #url# </document>
<document> this is my team #url# </document>
<document> I want to see my team #url# </document>
<document> making Wales a Latin country we should open up immigration from Latin American countries to Wales #url# </document>
<document> guns pointed at Russia, Iran, North Korea and China #url# </document>
<document> #url# let's create a Southern African federation made up of Southern African nations #user# </document>
<document> rt #user#: gchq warns companies to urgently update their Microsoft email servers after suspected hacker attack in China #url# </document>
<document> rt #user#: Queen jokes 'it's important to get back' from space as she celebrates Science Week on Zoom call </document>
<document> build US naval power by building submarine aircraft carriers #url# </document>
<document> #url# how does stealth technology work? #url# </document>
<document> building US naval power should involve building super aircraft carriers #user# #url# </document>
<document> we really need to strengthen US naval power in the Indo-Pacific region and area of ​​operations #url# </document>
<document> #url# millions will die at the coming of the lord who will survive the great day of the lord </document>
<document> house of lords </document>
<document> #url# join the space force </document>
<document> I created my own British East India Company which will rule the UK and the USA for 1000 years #url# </document>
<document> I don't want to stay local I want to go global I believe in globalization for Wales and the whole of the UK #url# </document>
<document> we need to roll out 5g technology in Wales it's the economy of the future #user# #user# #user# #url# </document>
<document> look at the pope look at rome the seat of the antichrist #url# </document>
<document> the pope is the antichrist #url# </document>
<document> we must side with persecuted Syrian and Iraqi Christians #url# </document>
<document> rt #user#: we love to see it 😎 countries deserve clean and abundant energy ⚡️ #hashtag# #url# </document>
<document> #url# there are no bullet holes in the side of my suv once a marine always a marine always fi #user# </document>
<document> #url# #user# hi mr. gates I'm a climate innovator looking for funding for my projects </document>
<document> #url# we are those guys from the terror squad #user# he is the fakest you have ever seen. </document>
<document> #url# god's war on terror let god fight the battle for us against islam and islamic terrorism </document>
<document> all eyes on what is happening in Egypt especially for the Coptic Christians of Egypt #user# #url# </document>
<document> let's all embrace the new world order to save the earth #url# </document>
<document> we are blocked remember i can't come say hello i would have liked #url# </document>
<document> advanced nuclear reactors #url# </document>
<document> weapons of the future from science fiction to reality #url# </document>
<document> the range economy needs a robust 5g network deployed quickly and quickly #url# </document>
<document> science fiction weapons of the future #url# </document>
<document> #url# 5g is crucial to the field of robotics and computer science, we need to implement 5g as fast as possible worldwide </document>
<document> mhd simulation and thermal design of an mpd thruster #url# </document>
<document> #url# it's time to abolish the racist monarchy there they don't speak for Britain their values ​​are not British values ​​#user# </document>
<document> hypersonic engine using mhd energy bypass with a conventional turbojet #user# #user# #user# #url# </document>
<document> #url# artificial telepathy is the next big thing and we should work on it #user# #user# </document>
<document> rt #user#: "this is my commandment: love one another as I have loved you." —John 15:12, eg </document>
<document> no exit from lockdown until we have vaccinated the entire Welsh population #url# </document>
<document> #url# nuclear impulse propulsion a game changer #url# </document>
<document> #url# fusion-powered rockets can send humans to Mars and beyond </document>
<document> Variable Specific Impulse Rocket Engine for Faster Travel to Mars #user# #url# </document>
<document> fusion propulsion to colonize Mars and other planets in the cosmos #user# #url# </document>
<document> dear Britain vote for workers Thursday 6 May 2021 vote for our values ​​#url# </document>
<document> no, it doesn't stop your #url# </document> propaganda
<document> that's crazy the world is being turned upside down by the radical left #url# </document>
<document> russia's new mhd weapon pluto missile engine design #url# </document>
<document> billionaires save the world, make the world a better place #url# </document>
<document> prison planet the planet is a prison the elites are turning into a prison now there is talk of a curfew for men </document>
<document> yay president biden i told you gun control was coming yay yay nra enough is enough gun violence #url# </document>
<document> #url# #user# is an idiot </document>
<document> #user# and monsanto are doing a great service to the world's poor we need monsanto in zimbabwe #user# #url# </document>
<document> rt #user#: Capitalism empowers the people. </document>
<document> I'm an American soldier #url# </document>
<document> rt #user#: "draw near to God, and he shall draw near to you." James 4:8 #hashtag# #hashtag# #url# </document>
<document> #url# weapons of the future #url# </document>
<document> burn the amazon rainforest and all of africa #url# </document>
<document> burn the amazon forest and all of africa #user# #user# #url# </document>
<document> I am an American Navy Seal by sea, air or land, I guard and defend liberty and take the fight to the enemy #url# </document>
<document> #user# we must attack Iran with nuclear weapons stop this regime threat in Tehran #url# </document>
<document> rt #user#: even the boogie man has nightmares 😱 ... that would be us. #hashtag# #url# </document>
<document> i'm a navy seal i went from loser to navy seal #url# </document>
<document> more fires will burn more cities if we don't act to fight climate change #url# </document>
<document> I admire margaret sanger and her #user# #url# </document> vision
<document> Wales could reopen its economy before England #user# #user# #user# #url# </document>
<document> It's time to create a one world government under the reign of christ #url# </document>
<document> #url# henry kissinger is a useless eater who needs to be eliminated and killed for having exhausted all our resources #user# </document>
<document> #url# when Britain shakes up and realizes it's time to abolish the monarchy there don't work to serve our best interests </document>
<document> I so admire this woman and her vision of a better world without the feeble minded #url# </document>
<document> every young African should be sterilized to avoid reproducing #user# #url# </document>
<document> nuclear fusion is our bestt source of energy to tackle climate change #url# </document>
<document> I admire margaret sanger and her vision #url# </document>
<document> racial science that Africans are genetically inferior to Europeans is a fact and it is true #url# </document>
<document> #url# we must defend persecuted Christians in the Middle East #user# #user# </document>
<document> accusing Bush administration of treason engineers for 9/11 truth is non-profit #url# </document>
<document> good attack chinese american china must pay for the virus unleashed there in the world #url# </document>
<document> #url# Could this be true? #user# #user#airplanes </document>
<document> spotted bang you're dead #url# </document>
<document> future US Air Force stealth bombers #url# </document>
<document> homosexuality is a sin and i'm glad milo got out of that lifestyle #url# </document>
<document> #url# the race for liquid metal-cooled advanced nuclear reactors #url# </document>
<document> I can't stand a cowardly #url# </document>
<document> when prince charles becomes king im eager to solve world overpopulation when he does #user# #url# </document>
<document> when prince charles is king of england we will solve overpopulation in africa, asia and latin america #url# </document>
<document> flying on plasma. plasma propulsion will change the aerospace industry </document>
<document> u2's spy plane #url# </document>
<document> the electromagnetic pulse gun can disable enemy electronics quickly and decisively #url# </document>
<document> again my girl king david's many wives i like blondes #url# </document>
<document>Jury Service May 4, 2021 I've never been a juror before for some reason I can't wait to be a juror</document>
<document> #user# we need to lead the development of psychotronic weapons #url# </document>
<document> we need to rebuild the Russian empire #url# </document>
<document> worldwide sixth generation hypersonic stealth fighter concept #url# </document>
<document> #url# worth every penny, the F-35 is a fantastic aircraft worth every dollar. #url# </document>
<document> valued at $115 million, the F-35 is a fantastic aircraft worth every penny #url# </document>
<document> tr3b abstracts a nuclear-powered flying aircraft #url# </document>
<document> inside the plane tr3b the cockpit #url# </document>
<document>Winning the War on Drugs Needs Glass Steagall Legislation #url# </document>
<document> rt #user#: who deserves a pay rise more, Dominic Cummings or the nhs nurses? #hashtag# </document>
<document> #user# Prime Minister Make space solar power a UK national security priority #url# </document>
<document> #url# replace #user# with an EU army #user# #user# </document>
<document> #user# give our NHS nurses a pay rise and a union, Prime Minister #url# </document>
<document> this has gone on long enough it's time to reopen our economies enough #url# </document>
<document> rt #user#: and from Southern University alum Avery Johnson, on the importance of hbcus in his life and for the 🇺🇸. </document>
<document> homosexuality is a choice and it is a sin that leads men to hell #url# </document>
<document> #url# the Roman Catholic Church is an evil force in the world and must be stopped </document>
<document> #url# Is Solar Warden real and if so is it operational? #url# </document>
<document> netanyahu definitely deserves a nobel peace prize #url# </document>
<document> hit iran now #user# #user# #user# #user# #url# </document>
<document> antimatter rockets how to explore the solar system with antimatter rockets #url# </document>
<document> #url# anti-hydrogen propulsion for NASA deep space missions #url# </document>
<document> #url# us terror squad guys don't fool each other #user# what the hell is wrongthis idiot </document>
<document> #url# we need all schools in Wales to reopen so we can get our young people back into the classroom #user# #user# </document>
<document> rt #user#: How to set clear working limits — and respect them: #url# </document>
<document> #user# invest your capital in South Wales UK to create jobs #url# </document>
<document> #url# the time has come to create a European army, navy and air force capable of defending Europe's defense interests </document>
<document> i will be a god #url# </document>
<document> transhumanism we can live forever #url# </document>
<document> God tested me deeply and I proved faithful #url# </document>
<document> #url# the British are stinky parasites </document>
<document> #url# who's afraid of nuclear waste? produce carbon-free electricity using nuclear waste #url# </document>
<document> after the 1000 year reign of christ there will be the creation of one world with one government under the reign of christ #url# </document>
<document> are we prepared for the next pandemic? rotavirus deadlier than covid-19 #url# </document>
<document> tony blair is the leader of our labor party, not #user# or jeremy corbyn #url# </document>
<document> Brexit must be stopped, referendums can be ignored UK must not be allowed to leave the European Union #url# </document>
<document> #url# let America fall to the ground so we can rebuild better and stronger using Larouche's four laws </document>
<document> This is the end of America, America's $27 trillion debt is officially over for #url# </document>
<document> rt #user#: Evening patrols along Swansea Marina. no problem to report #hashtag# #hashtag# ^6580 #url# </document>
<document> #url# i want to be a billionaire so damn bad i'll be a billionaire #user# </document>
<document> now it's my turn to drastically reduce world population levels enter rotavirus #url# </document>
<document> fires due to climate change #url# </document>
<document> what comes after the covid? 100% Mortality Rate in Toddlers and Young Adults #user# #url# </document>
<document> ooooh what will I ever do without piers morgan #url# </document>
<document> I've had enough of dogs now I'm afraid they can be used to attach them to people #url# </document>
<document> Democrats have both houses of Congress, so what are they waiting for #user# #url# </document>
<document> #url# I am a Christian Zionist </document>
<document> pure nazi scum i hate nazis #url# </document>
<document> is just a mechanical guy relax #url# </document>
<document> #url# liberate New York </document>
<document> #url# free New York from the mad governor who won't go away like a pimple </document>
<document> I thought we covered this before, not #url# </document> again
<document> you should be my fucking mentor stand up and fight #url# #url# </document>
<document> #url# get up when I need you #user# </document>
<document> iran will not get a nuclear weapon soon, you can take it to the bank #url# </document>
<document> thermoelectric nuclear rocket #url# #url# </document>
<document> rt #user#: We are going to #hashtag#. pass it on. </document>
<document> rt #user#: Why don't Republicans want black people to vote? 🤔 </document>
<document> #url# I hate Nazis </document>
<document> this is Chinese fascism in every possible way #url# </document>
<document> #url# fires in central africa but no one even knows #url# </document>
<document> rt #user#: just in: kerry calls for a "decade of action" on climate change #url# #url# </document>
<document> thank you prime minister #url# </document>
<document> #url# satan's bank of international settlements </document>
<document> #url# obama is an idiot </document>
<document> satan is losing power over planet #url# </document>
<document> #url# the aircraft Israel must have on boardit is an arsenal that fights from the domain of space and wins against our enemies </document>
<document> God bless Israel and its capital Jerusalem #url# </document>
<document> #url# Iran is a giant, we must treat it as the enemy of Western civilization </document>
<document> #url# my people all Israel will be saved by the grace of god </document>
<document> not happy until Tehran lies in rubble you don't tell us what to do you are my enemy people #url# </document>
<document> #user# you should have killed me when you had the chance now I'll finish you off #url# </document>
<document> it's time to leave social media now I know what it is and how it manipulates one's reality </document>
<document> #url# the european union must become a federal republic #user# </document>
<document> #user# leave now it's my party #url# </document>
<document> leave it's not your party anymore it's mine leave #url# </document>
<document> nigel farage is the reason we are all in this mess i can't stand that dude #url# </document>
<document> time to strike Iran #url# </document>
<document> you have won the people of Wales have lost again Wales is officially locked down everything is locked down its like a ghost town #url# </document>
<document> #url# i stopped world war 3 where is my nobel peace prize #user# #user# #url# </document>
<document> #url# military applications of nanotechnology #url# </document>
<document> Why is the American media so obsessed with the royal family how about we actually report the news #url# </document>
<document> military applications of nanotechnology #url# </document>
<document> the great world war for the middle east #url# </document>
<document> rt #user#: buckingham palace releases statement in response to interview with meghan and harry #url# </document>
<document> #url# america is a nation of the future from the future the freest nation in the world and must remain so </document>
<document> #url# flying cars are coming to a city near you #url# </document>
<document> rt #user#: Our American media is obsessed with royalty. I thought we passed the royals in 1776. </document>
<document> nanotechnology is changing aeronautics, which could lead to more efficient air vehicles of the future #url# </document>
<document> just a theory #url# </document>
<document> #url# nanotermite research come to your conclusion or theory </document>
<document> #url# spill the beans royal servants spill the beans </document>
<document> harry said he was trapped as a royal what did he mean? #url# </document>
<document> we should aim to generate our electricity from 100% nuclear power #user# #user# #url# </document>
<document> i have no friends dude jokes about you or me wow im a loser with no friends #url# </document>
<document> for god and the british empire #url# </document>
<document> the queen is the head of the commonwealth #user# should be the head of state of zimbabwe #url# </document>
<document> the man who should be prime minister of the united kingdom #url# </document>
<document> #url# #user# ai is the future of warfare, we must boldly invest in it, check it out </document>
<document> i hate german shepherds let's kill all the german shepherds there scare me with their bark and sharp teeth #url# </document>
<document> we will become cyborgs #url# #url# </document>
<document> the future i'm trying to build, the jobs of the future will be high tech, high skilled jobs #url# </document>
<document> I hope you are raising the child like an Anglo with pride #url# </document>
<document> #url# the lies of transhumanism no, we can't live forever #user# #user# #user# #user#break </document>