<author lang="en"  
	<document> real talk tho #url# </document>
		<document> rt #user#: we really sent this out in 2012 and other countries really thought they stood a chance 😭 #url# </document>
		<document> rt #user#: so grateful to be celebrating thirteen years of sobriety today— thanks to everyone who helped me get here! </document>
		<document> rt #user#: do we really need to be at work for eight hours? </document>
		<document> rt #user#: boy y’all thank a nigga like dis gotta get in the character that he is😭😭😭😭 #url# </document>
		<document> rt #user#: this might be the funniest shit i seen all day 😂😂😂😂😂😂😂😂 #url# </document>
		<document> #user# lmao i know a couple of dudes that got that fro and be watching anime </document>
		<document> lmao this kilt me #url# </document>
		<document> rt #user#: this was a day on this app boy i tell ya #url# </document>
		<document> rt #user#: coming 2 america is one of the worst sequels of all time. my goodness. </document>
		<document> rt #user#: lil baby ain’t never been in the gym before and it shows😂😂#url# </document>
		<document> rt #user#: 😭😭😭😭😭 man get the fuck </document>
		<document> rt #user#: dancing ass lil kids is truly my favorite viral video genre. just look at them 😭🙌🏾✨ #url# </document>
		<document> rt #user#: lil baby is not 4pf😭😭😭 #url# </document>
		<document> rt #user#: if the casino had a uno table i’ll tear some shit up 😂😂😂😂 </document>
		<document> rt #user#: stop the damn music </document>
		<document> ice water in this cup hits different #url# </document>
		<document> rt #user#: if he pops up.. just know he bout to cause all type of hell #hashtag# #url# </document>
		<document> rt #user#: we dropping in paris !!!!!!!!!! balling like a pro !!! #url# </document>
		<document> i can’t wait to take my kids to the san diego zoo </document>
		<document> i can’t believe i been at my job for almost 6 yrs </document>
		<document> lol i really can’t watch movies at night no more 20 mins into it i’ll be sleep </document>
		<document> i don’t even tweet no more lol </document>
		<document> if i had the money i would most definitely open up something fun to do here in louisville other than round 1, main event etc </document>
		<document> ready for a family vacation </document>
		<document> i can’t wait for the drive in to open </document>
		<document> rt #user#: that’s entirely up to the herbert family now isn’t it? </document>
		<document> rt #user#: if that nigga got this cut he watch anime #url# </document>
		<document> rt #user#: can’t even control his bitch. naw </document>
		<document> rt #user#: now y’all 😳 come look at this! #url# </document>
		<document> rt #user#: got them 1s tied like it’s game 7 </document>
		<document> rt #user#: you just had to be there #url# </document>
		<document> rt #user#: rap city freestyles were crazy back in the day man! let me show y’all what it was about.. right! thread! </document>
		<document> rt #user#: walker gonna be a problem by his junior year watch </document>
		<document> rt #user#: he came home with a plan and niggas telling him “chill” ? </document>
		<document> rt #user#: you really had to be there #url# </document>
		<document> rt #user#: i surely can attest that none of you niggas was there #url# </document>
		<document> rt #user#: you just had to be there. 😭😭😭 #url# </document>
		<document> #user# lol ever since then cane run days i stay away from clear liquor 🤣 </document>
		<document> “ why everybody keep saying that “ 🤣🤣 #url# </document>
		<document> filly magnog 😭 skrimps 😭 this shit will never not be funny #url# </document>
		<document> i remember when everybody on twitter was freaking off that sangria wine 🤣 no cap two bottles had me lit </document>
		<document> i really use to get lit everyday type shit 🤣 </document>
		<document> rt #user#: in my 25 years of living i’ve never seen no shit like this ever 💀🤣 #url# </document>
		<document> rt #user#: to this day i still say this ass whooping was 100% justified, idc if that’s her mother 😂 #url# </document>
		<document> rt #user#: but was y’all at riverfalls mall tho? #url# </document>
		<document> rt #user#: y’all remember these?😭😭 #url# </document>
		<document> rt #user#: you had to be there. legendary. #url# </document>
		<document> rt #user#: #user# may i offer an addendum #url# </document>
		<document> throw backs 😭 #url# </document>
		<document> wtf is xbox still down 😒 </document>
		<document> rt #user#: ain’t nobody gone say it, but his daddy was right about him. </document>
		<document> rt #user#: something you forgot - lil wayne (2007) #url# </document>
		<document> rt #user#: i support. bro is a black man, teaching math virtually, and he tatted. breaking so many generational stigmas. 💪🏾💪🏾 </document>
		<document> 4 more minutes 😭 </document>
		<document> i can’t wait for snowfall tonight 😭 </document>
		<document> rt #user#: snowfall back tonight i’m finna smoke a lil crack to set the vibe </document>
		<document> rt #user#: #user# #user# #user# #user# he's been rehearsing in the shower waiting on his moment. </document>
		<document> rt #user#: secretly niggas love womens r&amp;b #url# </document>
		<document> #user# he sent a actual video of him in his work truck rapping to a ti beat 🤣 </document>
		<document> #user# lmao he’s outta here 🤣🤣 he recorded it while at work on the work phone in his uniform </document>
		<document> #user# lol it kilt me cause it’s in our work group message with our supervisors 🤣🤣 and he talking about pussy </document>
		<document> #user# lmao dude was cussing and shit 🤣🤣 </document>
		<document> #user# yo lol he’s done he said “ take out my peepee and stick it in your pussy “ 😭😭 </document>
		<document> lmaooo my co worker sent the wrong message to our group work chat and he’s free styling on a beat 😭😭😭 that boy is fired </document>
		<document> rt #user#: lol i don’t stop at stores if i see a police car out front </document>
		<document> rt #user#: “the 6th man” (1997) #url# </document>
		<document> rt #user#: #user# hell yes at that lol </document>
		<document> rt #user#: lil reese and 6ix9ine on ig live 😂 #url# </document>
		<document> rt #user#: last go tar heels 🐏 </document>
		<document> rt #user#: i’ve spent quarantine getting a pizza oven built in my yard and learning how to make pizza. #url# </document>
		<document> big facts lol i might treat them to some ice cream or something nice 🤣 #url# </document>
		<document> rt #user#: my daughter would hear me all the way from the rafters </document>
		<document> rt #user#: nigga said i’m 12 but this glock 19 </document>
		<document> lmaooo i lost it when he laid back on the street with the microphone 🤣🤣 #url# </document>
		<document> rt #user#: #user# #user# nick saban: “we get this one and the run defense is set for the next 4 years” </document>
		<document> rt #user#: hotel ac got melatonin in it </document>
		<document> rt #user#: i just know this doesn’t say november </document>
		<document> rt #user#: i’m not buying it 😂 </document>
		<document> rt #user#: when i say this was an event #url# </document>
		<document> rt #user#: this scene still the funniest 😂😂😂 #url# </document>
		<document> #user# 🤣🤣 i’ll be his stunt double for that check </document>
		<document> static shock was my shit #url# </document>
		<document> rt #user#: #user# i’d have to give her that baby boy speech #url# </document>
		<document> nah i would’ve mugged her head into that wall #url# </document>
		<document> smh could’ve won 3 bands #url# </document>
		<document> andrew wiggins sucks </document>
		<document> i really want to put my hands on one of them niggas they suck tf y’all lose to the spurs </document>
		<document> i’m really over here pissed </document>
		<document> tf is draymond green shooting the 3 to tie the game </document>
		<document> all jokes aside fuck the warriors organization and oklahoma at 😭 </document>
		<document> rt #user#: the fact that on time rent payments are not accounted for credit scores but evictions are... is very telling </document>
		<document> rt #user#: please don’t deprive us of security decleating this dude. that’d be the play of the game. </document>
		<document> rt #user#: are you fucking telling me this was a catchable pass? #url# </document>
		<document> rt #user#: bruh through a dime like this lmfao #url# </document>
		<document> rt #user#: that play was the most impressive incomplete pass in the history of the nfl. </document>
		<document> rt #user#: it’s time to remind the tl about the greatest nfl performance of all time #url# </document>
		<document> rt #user#: mahomes even gettin that pass off was crazy </document>
		<document> that’s the second time it done hit one of them in the damn face 😒 catch the ball </document>
		<document> rt #user#: eli manning somewhere like "yall can't beat this dude!? he not even like that" </document>
		<document> rt #user#: you see what happened when ***** ****** can’t go to africa? </document>
		<document> rt #user#: refs going crazy </document>
		<document> rt #user#: bro these refs are on the bull. shit. 😦 </document>
		<document> rt #user#: #hashtag# after carrying #hashtag# while they sang the national anthem #hashtag# #url# </document>
		<document> rt #user#: there was never a doubt. peyton manning is officially a first-ballot hall of famer. #url# </document>
		<document> flynn was a bucket #url# </document>
		<document> this dallas vs warriors game was good </document>
		<document> rt #user#: they were big wild for tryna make us believe these were high schoolers #url# </document>
		<document> yo this shit is smooth af 🤣🔥🔥 #url# </document>
		<document> rt #user#: do kids get chased by dogs anymore? this generation don’t go through shit 😂😂😂😂😂🤣🤣🤣🤣 </document>
		<document> rt #user#: harriet tubman really so real tho . cus if i escape once . niggas never seeing me again </document>
		<document> rt #user#: literally said “type shit” in a meeting. they’re gonna fire me lmaoo #url# </document>
		<document> 101.3 is playing hits right now </document>
		<document> rt #user#: this is one of my favorite photos from the civil rights movement #url# </document>
		<document> lmaooo no cap this is me 😭🥴 #url# </document>
		<document> so he’s fine being a loser 😭 lol get this man a little help #url# </document>
		<document> #user# i had what i wanted for me and put it back 🙄 i don’t like it 🤣 jk </document>
		<document> i went into target to piss and i end up buy the kids stuff 😭 </document>
		<document> the next 3 days and vanished on netflix was some good movies </document>
		<document> #user# that movie was mid for real </document>
		<document> #user# yea lol dude was a knock off 🤣 that shit was short tho and the black dude beat the shit out of bruce 🤣 </document>
		<document> #user# yea the soul dragon or something like that </document>
		<document> #user# you see that new batman movie </document>
		<document> probably watch that atlanta's missing and murdered: the lost children documentary tomorrow at work </document>
		<document> rt #user#: my daughter’s reaction when my wife comes home is absolutely priceless #url# </document>
		<document> rt #user#: that man was baptized in collard green juice. </document>
		<document> rt #user#: lmao if you can afford to put 53k in a single stock you probably already a millionaire. </document>
		<document> rt #user#: if you woke up this morning you blessed #hashtag# </document>
		<document> rt #user#: t.i and r kelly first single from prison #url# </document>
		<document> rt #user#: c’mon y’all, let’s go out there and do it for lil saint! 😩😂😂 #url# </document>
		<document> these last couple of days i been feeling like shit </document>
		<document> rt #user#: harden put the moves on john collins 😳 #url# </document>
		<document> still unbelievable 😭 #url# </document>
		<document> rt #user#: #user# he was lowkey singing his ass off lol </document>
		<document> #user# lol big facts i fw it </document>
		<document> i didn’t know pop smoke had that many hits </document>
		<document> rt #user#: my shit!! i love pop smoke 🥺 </document>
		<document> pop smoke x what you know bout love 🔥🔥🔥 </document>
		<document> rt #user#: one is hated, one is celebrated!!! i wonder why? </document>
		<document> rt #user#: the music industry in a nutshell.. #url# </document>
		<document> rt #user#: one of the best disney cartoons! i’ll argue bout it! </document>
		<document> rt #user#: yup this is the one. #url# </document>
		<document> rt #user#: man ja rule and ashanti was a dangerous duo </document>
		<document> wth is this he playing </document>
		<document> rt #user#: boy was bout to get ate up 😂 #url# </document>
		<document> rt #user#: remember when miguel shook the table on fatty koo? they was sick! 😭 #url# </document>
		<document> rt #user#: serial killer documentaries 😩 unsolved mysteries 😩 conspiracy theories 😩 &gt;&gt;&gt; </document>
		<document> they are playing the classics </document>
		<document> rt #user#: why do y’all play so much? get bernie down from there 😂 #url# </document>
		<document> rt #user#: #user# #user# copied his whole flow #url# </document>
		<document> i need them 4’s and the 1’s not the suede ones #url# </document>
		<document> that ashanti and keyshia cole battle come on tonight </document>
		<document> rt #user#: joseph rayshawn biden, you better do what you said you was gon do! #url# </document>
		<document> yesterday was the earliest i went to sleep in a while </document>
		<document> #user# lol you need to get one me and assassin be needing a third </document>
		<document> anybody tryna run 2k (park)on new gen xbox </document>
		<document> y’all watch all american yet </document>
		<document> rt #user#: spencer bout to steal asher girl.. twice #hashtag# #url# </document>
		<document> rt #user#: spencer when he saw olivia running back to asher #hashtag# #url# </document>
		<document> rt #user#: nigga said i ain't no kidnapper 🤣🤣 </document>
		<document> rt #user#: y’all my friend be getting a different type of drunk 😭 #url# </document>
		<document> rt #user#: every year. i will post this. happy mlk day. #url# </document>
		<document> rt #user#: being rich gotta be fun they was just getting snowed on the other day </document>
		<document> rt #user#: elite sleeping position #url# </document>
		<document> that lupin show is good i’m ready for pt 2 </document>
		<document> #user# they usually don’t put the whole season on there until all the episodes aired i believe </document>
		<document> all american comes back on tonight 🙌🏽 </document>
		<document> all american comes back on tomorrow 😭 i know what i’ll be doing tomorrow at work </document>
		<document> rt #user#: back in my day having a north face was like having a moncler 😂 y’all don’t even kno 🔥 </document>
		<document> rt #user#: i would’ve powerbombed shorty or something </document>
		<document> rt #user#: “beat box” is a hit lol no cap </document>
		<document> #user# #user# that’s the part that got me like she did too much already and you want to rip the mans draws </document>
		<document> rt #user#: first look at #user# in ‘space jam: a new legacy’ 🐰 (via #user#) #url# </document>
		<document> #user# real talk that’s dead 🤣 </document>
		<document> #user# 🤣🤣 she violated that man </document>
		<document> wth did i watch 🤣 #url# </document>
		<document> rt #user#: this is how you remix a song. the newbies ain’t doing it. #url# </document>
		<document> rt #user#: steve nash after coaching kyrie, kd and harden for a week #url# </document>
		<document> #user# lol fuck you and the titans organization 🤣 </document>
		<document> i might have to hit that june bug challenge 🤣🌚 </document>
		<document> rt #user#: if he can season that meat he can wear regular underwear. </document>
		<document> lupin was better than i expected i’m ready for pt 2 </document>
		<document> rt #user#: all i know is moms said no </document>
		<document> rt #user#: good grief...it’s a global public health crisis, not early boarding for first class. </document>
		<document> kids talk to much lol they’re never stop </document>
		<document> rt #user#: 👀 miles bridges' dunk on boucher! #url# </document>
		<document> rt #user#: the way he ran back to her just to say it again 😭😭😂 #url# </document>
		<document> rt #user#: giving us ronnie from players club energy! </document>
		<document> rt #user#: name something chris brown can’t do , i’ll wait . 👑 #url# </document>
		<document> #user# check it out peeps it’s on starz </document>
		<document> this movie still here is good ! </document>
		<document> rt #user#: the year was 2011. ace hood &amp; chris brown did what needed to be done. #url# </document>
		<document> rt #user#: lebron did this and the next day league created a super team. #url# </document>
		<document> rt #user#: #user# fun fact: i ain’t answering either one </document>
		<document> fredo starr play the same role in every movie basically </document>
		<document> rt #user#: they mama said no </document>
		<document> rt #user#: check on buddy... i have a strong feeling he was at the capitol the other day. </document>
		<document> rt #user#: athletes with outdated technology is a photo series i didn’t know i needed #url# </document>
		<document> rt #user#: “he lost his damn mind” 😭😭 </document>
		<document> rt #user#: sooo orange juice?? </document>
	  <author lang="en"
<document> real words with #url# </document>
<document> rt #user# - we really sent this in 2012 and other countries really thought they had a chance 😭 #url# </document>
<document> rt #user#: So thankful to celebrate thirteen years of sobriety today—thanks to everyone who has helped me get here! </document>
<document> rt #user#: Do we really need to be at work for eight hours? </document>
<document> rt #user#: boy thank you all a nigga like this gotta get into the character he is😭😭😭😭 #url# </document>
<document> rt #user#: this might be the funniest shit I've seen all day 😂😂😂😂😂😂😂😂 #url# </document>
<document> #user# lmao I know a couple of dudes who figured this out and are watching anime </document>
<document> Lmao this kilt me ​​#url# </document>
<document> rt #user#: This was a day on this app boy I tell you #url# </document>
<document> rt #user#: coming 2 america is one of the worst sequels of all time. Oh mama. </document>
<document> rt #user#: the little one has never been to the gym before and it shows😂😂#url# </document>
<document> rt #user#: 😭😭😭😭😭 man fuck you </document>
<document> rt #user#: dancing ass lil kids is really my favorite kind of viral video. just look at them 😭🙌🏾✨ #url# </document>
<document> rt #user#: lil baby isn't 4pf😭😭😭 #url# </document>
<document> rt #user#: if the casino had a table one i'll rip some shit 😂😂😂😂 </document>
<document> rt #user#: Stop this damn music </document>
<document> the frozen water in this cup hits several #url# </document>
<document> rt #user#: if it pops up... just know it's going to cause all kinds of hell #hashtag# #url# </document>
<document> rt #user#: let's go to paris !!!!!!!!! dance like a pro!!! #url# </document>
<document>I can't wait to take my kids to the san diego zoo</document>
<document>I can't believe I've been working for almost 6 years</document>
<document> lol i just can't watch movies at night no more after 20 minutes i will sleep </document>
<document> I don't even tweet anymore lol </document>
<document> if i had the money, i would definitely open something fun to do here in louisville other than round 1, main event, etc. </document>
<document> ready for a family vacation </document>
<document> can't wait for the drive to open in </document>
<document> rt #user#: It's entirely up to the Herbert family now, isn't it? </document>
<document> rt #user#: if that nigga got this cut he will watch anime #url# </document>
<document> rt #user#: can't even control his bitch. now </document>
<document> rt #user#: now y'all 😳 come see this! #url# </document>
<document> rt #user#: matched them with 1 as if it were game 7 </document>
<document> rt #user#: you just had to be there #url# </document>
<document> rt #user#: rap city freestyle was crazy back in the day man! let me show you what it was… right! row! </document>
<document> rt #user#: Walker will be a problem for his junior watch </document>
<document> rt #user#: Came home with a plan and niggas told him "relax"? </document>
<document> rt #user#: you really should have been there #url# </document>
<document> rt #user#: I can surely attest none of you niggas were there #url# </document>
<document> rt #user#: You just had to be there. 😭😭😭 #url# </document>
<document> #user# lol Since then the days of running the joint I stay away from clear liquor 🤣 </document>
<document> "because everyone keeps saying that" 🤣🤣 #url# </document>
<document> filly magnog 😭 skrimps 😭 this shit will never be funny #url# </document>
<document> I remember when everyone on Twitter was freaking out about that sangria wine 🤣 two corkless bottles had me turned on </document>
<document> I really use to enlighten myself everyday shit like 🤣 </document>
<document> rt #user#: in my 25 years of life I have never seen anything like this 💀🤣 #url# </document>
<document> rt #user#: To this day I still say this ass scream was 100% justified, idcif it's his mother 😂 #url# </document>
<document> rt #user#: were you all at the Riverfalls mall huh? #url# </document>
<document> rt #user#: do you remember them all?😭😭 #url# </document>
<document> rt #user#: you had to be there. legendary. #url# </document>
<document> rt #user#: #user# I can offer an addendum #url# </document>
<document> throw back 😭 #url# </document>
<document> wtf is xbox still down 😒 </document>
<document> rt #user#: Nobody said it, but his father was right about him. </document>
<document> rt #user#: something you forgot - lil wayne (2007) #url# </document>
<document> rt #user#: support. brother is a black man, teaches math virtually and chatted. breaking so many generational stigmas. 💪🏾💪🏾 </document>
<document> another 4 minutes 😭 </document>
<document> can't wait for the snow tonight 😭 </document>
<document> rt #user#: snowing tonight, I'm finna smoking some crack to set the mood </document>
<document> rt #user#: #user# #user# #user# #user# is rehearsing in the shower biding his time. </document>
<document> rt #user#: blacks secretly love female r&amp;b #url# </document>
<document> #user# sent an actual video of him in his work truck rapping to the beat of ti 🤣 </document>
<document> #user# lmao is out of here 🤣🤣 recorded this while at work on work phone in uniform </document>
<document> #user# lol he killed me because he's in our workgroup message with our supervisors 🤣🤣 and he talks about pussy </document>
<document> #user# lmao dude cursed and shit 🤣🤣 </document>
<document> #user# yo lol he finished he said "get my pee out and stick it in your pussy" 😭😭 </document>
<document> lmaooo my coworker sent the wrong message to our group work chat and is styling for free to the beat 😭😭😭 that guy got fired </document>
<document> rt #user#: lol I don't stop at shops if I see a police car ahead </document>
<document> rt #user#: “the sixth man” (1997) #url# </document>
<document> rt #user#: #user# damn yes to that lol </document>
<document> rt #user#: lil reese and 6ix9ine on ig live 😂 #url# </document>
<document> rt #user#: last go tar heels 🐏 </document>
<document> rt #user#: I spent my quarantine having a pizza oven built in my backyard and learned how to make pizza. #url# </document>
<document> important facts lol I could offer them ice cream or something nice 🤣 #url# </document>
<document> rt #user#: My daughter would hear me from the rafters </document>
<document> rt #user#: nigga said i'm 12 but this glock 19 </document>
<document> lmaoooo i lost it when he lay down on the street with the mic 🤣🤣 #url# </document>
<document> rt #user#: #user# #user# nick saban: "we take it and the defense of the race is set for the next 4 years" </document>
<document> rt #user#: hotel ac contains melatonin </document>
<document> rt #user#: I just know it doesn't say November here </document>
<document> rt #user#: I'm not in 😂 </document>
<document> rt #user#: when I say this was a #url# </document> event
<document> rt #user#: this scene is the funniest yet 😂😂😂 #url# </document>
<document> #user# 🤣🤣 I'll be his stunt double for that check </document>
<document> static shock was my shit #url# </document>
<document> rt #user#: #user# I should give her that kid talk #url# </document>
<document> no, I would have banged her head against that #url# </document> wall
<document> smh could have won 3 bands #url# </document>
<document> andrew wiggins sucks </document>
<document>I really wanna get my hands on one of them niggas that suck if you lose to the spurs</document>
<document> I'm really pissed here </document>
<document> tf is Draymond Green rolling 3 to tie the game </document>
<document> seriously fuck the warrior organization and oklahoma a 😭 </document>
<document> rt #user#: The fact that timely rent payments are not accounted for credit scoresbut the evictions are... it's very significant </document>
<document> rt #user#: Please don't deprive us of security by deleting this guy. that would be the game of the game. </document>
<document> rt #user#: Are you telling me this was an interceptable step? #url# </document>
<document> rt #user#: bruh through a dime like this lmfao #url# </document>
<document> rt #user#: That play was the most impressive incomplete pass in NFL history. </document>
<document> rt #user#: time to remind the tl about the greatest nfl performance of all time #url# </document>
<document> rt #user#: mahomes even getting that pass off was crazy </document>
<document> is the second time he hit one of them in the face 😒 get the ball </document>
<document> rt #user#: eli manning somewhere like "can't you beat this guy!? he doesn't even like that" </document>
<document> rt #user#: did you see what happened when ***** ****** can't go to africa? </document>
<document> rt #user#: references go crazy </document>
<document> rt #user#: brother these references are on the bull. shit. 😦 </document>
<document> rt #user#: #hashtag# after bringing in #hashtag# while singing the national anthem #hashtag# #url# </document>
<document> rt #user#: There was never any question. Peyton Manning is officially a celebrity hall on first ballot. #url# </document>
<document> flynn was a #url# </document> bucket
<document>this dallas vs warriors match went well</document>
<document> rt #user#: they were crazy for trying to make us think they were high school students #url# </document>
<document> yo this shit is smooth 🤣🔥🔥 #url# </document>
<document> rt #user#: Do children get chased by dogs anymore? this generation doesn't pass shit 😂😂😂😂😂🤣🤣🤣🤣 </document>
<document> rt #user#: harriet tubman really so real tho . cus if i run away once . niggas will never see me again</document>
<document> rt #user#: literally said "like shit" in a meeting. they will fire me lmaoo #url# </document>
<document> 101.3 is playing hits right now </document>
<document> rt #user#: This is one of my favorite photos from the civil rights movement #url# </document>
<document> lmaoooo no cap, this is me 😭🥴 #url# </document>
<document> so it's okay to be a loser 😭 lol give this man a little help #url# </document>
<document> #user# I had what I wanted for me and put it back 🙄 I don't like it 🤣 jk </document>
<document> I entered the target to piss and ended up buying baby stuff 😭 </document>
<document> the next 3 days and some good movies disappeared on netflix </document>
<document> #user# that movie was really half way through </document>
<document> #user# yea lol dude that was a knock off 🤣 that shit was short and the black dude beat Bruce 🤣 </document>
<document> #user# yes, soul dragon or something like that </document>
<document> #user# see that new Batman movie </document>
<document>Probably Watch Atlanta Is Missing and Killed: The Missing Children at Work Tomorrow Documentary</document>
<document> rt #user#: My daughter's reaction when my wife comes home is absolutely priceless #url# </document>
<document> rt #user#: That man was baptized in kale juice. </document>
<document> rt #user#: lmao if you can afford to put 53k into a single stock you are probably already a millionaire. </document>
<document> rt #user#: if you woke up this morning you blessed #hashtag# </document>
<document> rt #user#: t.i e r kelly first single from prison #url# </document>
<document> rt #user#: Come on, let's go out there and do it for the little saint! 😩😂😂 #url# </document>
<document> these past two days I've been feeling like shit </document>
<document> rt #user#: harden put moves on john collins 😳 #url# </document>
<document> still amazing 😭 #url# </document>
<document> rt #user#: #user# was belting out lol </document>
<document> #user# lol important facts i saw </document>
<document> I didn't know popsmoke got so many hits </document>
<document> rt #user#: my shit!! i love pop smoke 🥺 </document>
<document> pop smoke x what do you know about love 🔥🔥🔥 </document>
<document> rt #user#: one is hated, one is celebrated!!! I wonder why? </document>
<document> rt #user#: the music industry in a nutshell.. #url# </document>
<document> rt #user#: one of the best disney cartoons! I will discuss it! </document>
<document> rt #user#: yes, this is the right one. #url# </document>
<document> rt #user#: man ja rule and ashanti were a dangerous couple </document>
<document> sounds like </document> here
<document> rt #user#: the boy was about to be eaten 😂 #url# </document>
<document> rt #user#: remember when miguel shook the board with fat koo? they were sick! 😭 #url# </document>
<document> rt #user#: serial killer documentaries 😩 unsolved mysteries 😩 conspiracy theories 😩 &gt;&gt;&gt; </document>
<document> the classics play </document>
<document> rt #user#: why do you play so much? get Bernie down from there 😂 #url# </document>
<document> rt #user#: #user# #user# copied the whole stream #url# </document>
<document> I need the 4s and the 1s aren't the suede ones #url# </document>
<document>that battle between Ashanti and Keyshia Cole will take place tonight</document>
<document> rt #user#: joseph Rayshawn Biden, you better do what you said you would! #url# </document>
<document> yesterday was the first time I went to sleep in a while </document>
<document> #user# lol you need to get one io and assassin need a third </document>
<document>anyone trying to run 2k (park) on next gen xbox</document>
<document> look all American again </document>
<document> rt #user#: spencer is going to steal Asher Girl.. twice #hashtag# #url# </document>
<document> rt #user#: spencer when he saw olivia running back to Asher #hashtag# #url# </document>
<document> rt #user#: nigger said i'm not a kidnapper 🤣🤣 </document>
<document> rt #user#: you all my friends are getting drunk differently 😭 #url# </document>
<document> rt #user#: every year. i will post this. happy mlk day. #url# </document>
<document> rt #user#: being rich must be fun, it was going to snow the other day </document>
<document> rt #user#: Elite sleeping position #url# </document>
<document> that lupine show is good, i'm ready for part 2 </document>
<document> #user# usually doesn't put in the whole season until all the episodes have aired I think </document>
<document> All American returns tonight 🙌🏽 </document>
<document>All American is back tomorrow 😭 I know what I'm going to do at work tomorrow</document>
<document> rt #user#: in my day having a North Face was like having a moncler 😂 you don't even know it 🔥 </document>
<document> rt #user#: I was going to do a shorty powerbomb or something </document>
<document> rt #user#: "beat box" is a hit lol no cap </document>
<document> #user# #user# this is the part that got me like he's already done too much and you want to rip the man drawings </document>
<document> rt #user#: first look at #user# in 'space jam: a new legacy' 🐰 (via #user#) #url# </document>
<document> #user# real words that are dead 🤣 </document>
<document> #user# 🤣🤣 hacked that man </document>
<document> what I watched with 🤣 #url# </document>
<document> rt #user#: Here's how to remix a song. newbies don't. #url# </document>
<document> rt #user#: steve nash after training kyrie, kd and harden for a week #url# </document>
<document> #user# lol fuck you and the titan organization 🤣 </document>
<document> I may have to go through that June bug challenge 🤣🌚 </document>
<document> rt #user#: If he can season that meat he can wear normal underwear. </document>
<document> lupine was better than i expected, i'm ready for part 2 </document>
<document> rt #user#: All I know is the moms said no </document>
<document> rt #user#: Good God... it's a global public health crisis, not early boarding for first class. </document>
<document> kids talk a lot lol they never stop </document>
<document> rt #user#: 👀 miles bridges dunk on boucher! #url# </document>
<document> rt #user#: the way he ran to her just to say it again 😭😭😂 #url# </document>
<document> rt #user#: Powering us ronnie from the players club! </document>
<document> rt #user#: Name something Chris Brown can't do, I'll wait. 👑 #url# </document>
<document> #user# check peeps is on starz </document>
<document> this film still here is beautiful! </document>
<document> rt #user#: the year was 2011. ace hood &amp; Chris Brown did what needed to be done. #url# </document>
<document> rt #user#: lebron did this and the next day the league created a super team. #url# </document>
<document> rt #user#: #user# trivia: I don't answer either of them </document>
<document> Fredo Starr plays virtually the same role in every film </document>
<document> rt #user#: Mom said no </document>
<document> rt #user#: check mate... I have a strong feeling he was at the Capitol the other day. </document>
<document> rt #user#: Athletes with outdated technology is a series of photos I didn't know I needed #url# </document>
<document> rt #user#: "lost his mind" 😭😭 </document>
<document> rt #user#: so orange juice?? </document>