<author lang="en"  
	<document> please take the pain away.... </document>
		<document> depression got me stuck..ion wanna do shit😔 </document>
		<document> rt #user#: you lose your powers when you cut your locs </document>
		<document> rt #user#: scam food stamps, scam unemployment, scam housing, scam everything. cause the government can clearly play in our faces. </document>
		<document> finna drop in this new wz map though. take my mind off all this bullshit. i ain’t really played in a minute. </document>
		<document> pray for my family. we’re going though a tough time &amp; we need strength. </document>
		<document> thankful for the life i have😁 happy thanksgiving🦃 🙏🙏🙏🙏🙏🙏🙏🙏🙏🙏🙏 </document>
		<document> hope all my niggas is straight </document>
		<document> learning how to use a pc has been fun as hell, i stay youtubing to tutorials😂👍 </document>
		<document> haven’t popped out in while, </document>
		<document> rt #user#: don’t feel bad for not wantin to share space wit people who r scared to push themselves </document>
		<document> rt #user#: when you feel like stopping, just think why you started </document>
		<document> needs start posting cod clips again </document>
		<document> twitter stories now? aw nigga it’s lit😈 </document>
		<document> cold war: secured✅✅✅ #user# thankyou, u da best🥰 #url# </document>
		<document> yeah nigga. gourmet oatmeal. #url# </document>
		<document> ima start a urban breakfast joint where we sell gourmet oatmeal </document>
		<document> yo dead ass.. i make the best oatmeal in the world. nooo 🧢 </document>
		<document> rt #user#: only takin covid tests for big checcs so if you see that extended q tip go up my nose know it’s some money involved </document>
		<document> i got mine for free in jail🤷‍♂️😂 #url# </document>
		<document> rt #user#: roll somethin. read somethin. stocc up on trees before this next locc down. </document>
		<document> glad to be home😎 </document>
		<document> scored a pair of golf clubs...who tryna go golfing?? </document>
		<document> i’m fucking with this perfect weather tough😌 </document>
		<document> the small gestures mean the most. </document>
		<document> i know all the police out here be fantasizing about my bitch in her cop costume😭💯 </document>
		<document> next asian to shove a bracelet in my face again getting ganked😂 </document>
		<document> i’m going to start recording again soon. i feel that musical spark coming back..😈 </document>
		<document> i’m not tryna box🙅‍♂️ ima truck slap da shit out a nigga. i’ll be the next headline out here on the strip. don’t play w me😂or my bitch😂💯 </document>
		<document> take yo frustration out on tha bitch p, not me🙄 </document>
		<document> asked #user# for extra extra extra caramel, they gave me the rest of the bottle😂👍 #url# </document>
		<document> rt #user#: i legit hate my cousin 😂😂😂 #url# </document>
		<document> interesting, i didn’t know this. #url# </document>
		<document> rt #user#: we'll be playing call of duty black ops cold war this month! #url# </document>
		<document> rt #user#: rod wave fell through the stage at his show tonight. the audience reaction is too funny 😂😂 #url# </document>
		<document> ain’t do shit for halloween. happy november though😊 </document>
		<document> rt #user#: life moves pretty fast. if you don't stop and look around once in a while, you could miss it. </document>
		<document> rt #user#: i am the bitch and i approve this message✅ </document>
		<document> lol ain’t did these in a minute🤣 #url# </document>
		<document> adjust your perspective, step out the box </document>
		<document> only way you got/getting my bitch number is if you: a.)another bad bitch b.)family or c.) (my favorite option) paying $100🤷‍♂️ </document>
		<document> even threw in a free kick-flip with the update👍 #url# </document>
		<document> the cromwell back open🗣 yuh #url# </document>
		<document> my partner in crime😈🖤 #user# #url# </document>
		<document> *when i land it😈 #url# </document>
		<document> &amp; don’t yell “do a kick-flip!” unless you got $5 ready if i land it🤷‍♂️ #url# </document>
		<document> recently, most of my progress has been internal. </document>
		<document> staying out the way &amp; improving every day. </document>
		<document> i ain’t trippin off what nobody got to say bout how i’m living🥱 </document>
		<document> slow motion better than no motion </document>
		<document> slowly putting the pieces together </document>
		<document> sports mode while im gripping her thigh </document>
		<document> i’m a sore winner nigga </document>
		<document> rt #user#: i’m my own boss round this mufucka </document>
		<document> the devil got a hold, but that shit is by consent. triple 6 what i’m living til the day a nigga dead💯 </document>
		<document> rt #user#: how it started how it's going #url# </document>
		<document> protect her yall❤️❤️❤️ #url# </document>
		<document> rt #user#: is soulja boy responsible for everything in the history of life? #url# </document>
		<document> rt #user#: stop being on bad terms with people you love...death is real and random. </document>
		<document> we gotta protect this woman #url# </document>
		<document> we gotta protect her #url# </document>
		<document> life been feeling like a dream </document>
		<document> who else woke up with their house -462846384 degrees today🙃 </document>
		<document> rt #user#: sober people are cool too. don’t get it twisted </document>
		<document> rt #user#: i go to parties to post up and smoke multiple joints. that’s it </document>
		<document> i swear to god i hate being told no </document>
		<document> nigga fuck yo mama she shoulda wore a condom </document>
		<document> top of the am mahfuckas </document>
		<document> rt #user#: i’m two different people when i care and when i don’t. </document>
		<document> rt #user#: sometimes you have to withhold good news so it can remain untouched by negativity. </document>
		<document> rt #user#: life is like a sandwich; no matter which way you flip it, the bread comes first </document>
		<document> rt #user#: come read a book wit a real nigga. </document>
		<document> rt #user#: the haunting of verdansk begins october 20 in #hashtag# and #hashtag#! watch the new trailer now! </document>
		<document> the beta is bool, i fw the new cod🤘 </document>
		<document> rt #user#: i’ll trade 4 cousins on my daddy side for a hellcat </document>
		<document> needa take my black ass 2 sleeeeep </document>
		<document> rt #user#: did it work? #url# </document>
		<document> i’m tryna play as much of this beta as i can this weekend💯 </document>
		<document> brothers birthday is tomorrow...nigga sure chose a fucked up day to be born😒 </document>
		<document> i cannot wait to play cold war tomorrow😍shit looks sooo smoooooth </document>
		<document> asked shorty for the new xbox,, she took it a step further &amp; got me a gaming pc🤯#hashtag# #url# </document>
		<document> my brother fucked the homies mom😭😭😭 </document>
		<document> rt #user#: black ops warzone is giving me wap #url# </document>
		<document> i need sumn to watch, anime preferably </document>
		<document> rt #user#: this video is always gonna be funny #url# </document>
		<document> weird vibes today. they’re strong though. i’ll make the most of it. </document>
		<document> rt #user#: warzone be like that sometimes 🤣🤣 poor j #url# </document>
		<document> rt #user#: the lakers team bus left quinn cook at the arena 💀💀💀 #url# </document>
		<document> lol we had to slide out here to peep the vibe, ion even think ph taped off. still hella ppl out there </document>
		<document> brazy my girl took the night off too. we fully would of been out there. ph just reopened too i’m sure it’s all taped up now. </document>
		<document> meek duh lmaoooo #url# </document>
		<document> rt #user#: 💜💜💜💜💜 .... i wanna send y’all something special </document>
		<document> rt #user#: ayoooooo wait till the end😭😭😭😭😭#url# </document>
		<document> i’m crying bro😭😭😭 #url# </document>
		<document> rt #user#: how lebron was in the locker room after game 5 against the heat 🤣🏀🤦🏾‍♂️ #url# </document>
		<document> #user# #user# tf? i’d rather just close the app? </document>
		<document> rt #user#: just letting the tl know plan b’s are $35.99 at costco🤝 </document>
		<document> rt #user#: #user# we dont care right now a suspect is on the loose #url# </document>
		<document> rt #user#: “okay now land on his head” #url# </document>
		<document> did this shit the other day🤦‍♂️😂 #url# </document>
		<document> rt #user#: the irony of wearing a "straight outta _____" shirt and saying that black lives don't matter lol </document>
		<document> rt #user#: enjoy 40 seconds of me dying on nuke streaks in #hashtag# 💀😂 #url# </document>
		<document> rt #user#: eat fruit this morning..... u niggas organs gone thank u for it </document>
		<document> rt #user#: i pledge ✋ allegiance 🇺🇸 to da gang, if i catch an opp🚷 i'll take his brains💥💀 and if i get caught🚨🚓 i won't say no names 😷 </document>
		<document> rt #user#: if you get this i respect tf out you✊🏾 #url# </document>
		<document> i need a duos partner </document>
		<document> rt #user#: the weed man didn’t wanna come out the house 🤣 #url# </document>
		<document> rt #user#: niggas be driving they girl car like 😂😂😂😂😂😂😂😂😂😂 #url# </document>
		<document> man i felt that😭 #url# </document>
		<document> rt #user#: my goal is to have 15k by the end of 2020. i already have $5.09 😩🙏🏽 </document>
		<document> “i can work with 16”😭 #url# </document>
		<document> rt #user#: you get tested the most when it’s time to elevate to the next level. don’t fold. </document>
		<document> this shit really getting to me. </document>
		<document> this shit ain’t cool. </document>
		<document> rt #user#: if u wake up and everyone you care about is healthy - it’s a great day. </document>
		<document> rt #user#: how it started how it’s going #url# </document>
		<document> rt #user#: ☀️☀️☀️☀️☀️good morning! wishing u a really nice day ❤️ </document>
		<document> no sex? no thankyou. #url# </document>
		<document> rt #user#: faze the f*** up! #hashtag# #user# #url# </document>
		<document> rt #user#: this dad is now the first parent in history to understand an online video game. 😂 #url# </document>
		<document> when u from vegas it ain’t tomorrow til the sun come up </document>
		<document> maaaan i can’t wait to start streaming broooo </document>
		<document> rt #user#: i want the baker arrested. </document>
		<document> rt #user#: don’t have a wheelchair </document>
		<document> rt #user#: not mine y'all be safe </document>
		<document> my ex had 3+ across all socials😒 #url# </document>
		<document> she put my hand up on her throat &amp; told me squeeze that shit😏😏😏 </document>
		<document> i fucked around &amp; got a brand new bitch😏 </document>
		<document> rt #user#: pitch in $5 to help this campaign fly. #url# #url# </document>
		<document> me loading into an ffa match: #url# </document>
		<document> #user# this is my new favorite tweet😂😂😂 </document>
		<document> rt #user#: “domination hold all objectives” </document>
		<document> one post away❤️❤️❤️❤️❤️❤️❤️ #url# </document>
		<document> rt #user#: one post away ♥️♥️♥️ #url# </document>
		<document> ouu. this is the tweet. #url# </document>
		<document> rt #user#: you probably think i’m “too much” because you’re just not enough. respectfully. </document>
		<document> rt #user#: doctor: ..and no intercourse for a week kenzie (still super drugged up): a whole week?! poggers </document>
		<document> tokyo drift before i pop out, don’t try to race me tonight </document>
		<document> no internet so it’s been an f&amp;f blu-ray day. i’m fucking with it though. </document>
		<document> rt #user#: moderator: what color is the sky? pence: i’d just like to thank the grass </document>
		<document> rt #user#: maybe the fly will answer questions finally #url# </document>
		<document> yooo the fuckin vibes are 🔥 today tbh </document>
		<document> rt #user#: please share this, it could save a life. the app is called “clutchsos”. </document>
		<document> rt #user#: i saw this and was amazed. this app can help sooooooo many people. this is genius. #url# </document>
		<document> rt #user#: how would you like an fov slider on console? how about on all platforms? ok. done. #hashtag# </document>
		<document> rt #user#: date someone who knows you’re just kidding on social media </document>
		<document> rt #user#: optimus prime and the allspark #url# </document>
		<document> bruh in the back was inches from having his nuts annihilated #url# </document>
		<document> rt #user#: chief keef will get turnt no matter what kind of music is playing 😂 #url# </document>
		<document> rt #user#: wtf cod cold war has an fov slider on console. never thought i'd see the day 😍🔥 </document>
		<document> lost it? nigga😐 #url# </document>
		<document> no matter what you have or don’t have remain appreciative &amp; humble </document>
		<document> rt #user#: happy 16th birthday, bronny 🎂 #url# </document>
		<document> rt #user#: just got hit in the face with a pigeon i am so over this year jesus christ </document>
		<document> can’t wait to tweet this... #url# </document>
		<document> rt #user#: i’m on my way so have something rolled when i pull up </document>
		<document> rt #user#: how it started: how it’s going: #url# </document>
		<document> rt #user#: dual rtx 3090 build in a ninja/mech helmet shot by: #user# #url# </document>
		<document> #user# #user# how u know that’s not thomas?😂 </document>
		<document> rt #user#: 2nd stimulus not coming yal, go out and steal. </document>
		<document> i swear i be assuming everybody the police on the strip </document>
		<document> oh yea she on🔒fashooo😈💯 #url# </document>
		<document> rt #user#: damn near the wildest tweet i’ve ever seen in my life. </document>
		<document> rt #user#: idk why people say no one games in faze anymore lmao did jev,dirty,bloo,testy,swag,agony or myself die or something </document>
		<document> trump should be disqualified from the election for catching covid🤷‍♂️ </document>
		<document> i’m up and i’m drinking my coffee black hoe </document>
		<document> yesterday. &amp; again in prolly 45 minutes. #url# </document>
		<document> just seen an r34 on the strip..wtf😳 </document>
		<document> update finished😁hopefully no more input lag now lol </document>
		<document> rt #user#: this is a mental illness. and i’m not even exaggerating. </document>
		<document> #user# square ass nigga change yo header </document>
		<document> this update been stuck on 94% for 10 mins what the actual fuck bro </document>
		<document> rt #user#: you’ve got literal angels and demons walking this earth.. watch who you speaking to. </document>
		<document> still learning pc lol </document>
		<document> been tryna play on not the latest version of windows...currently updating😅 </document>
		<document> my grandmother said she seen a post that said “pray for covid, it caught trump”😭 </document>
		<document> shorty gave me the last of her canes before she went home last night, she really love a nigga🥺❤️ </document>
		<document> #user# on my mama💯💯💯 </document>
		<document> rt #user#: that’s a real nigga </document>
		<document> the homie straight offered me 5k to get my cdl, that’s an opportunity i just can’t turn down. </document>
		<document> i’m getting my cdl &amp; becoming a truck driver. wanna duck off next year &amp; just stack w my shorty. </document>
		<document> ooo pretty lights😍 p.s- i love my set up💚 </document>
		<document> give your body what it deserves, more water. </document>
		<document> bitch what tummy😐 #url# </document>
		<document> rt #user#: when your friends trip is going bad but yours is going great </document>
		<document> rt #user#: i hope the girl reading this gets clear skin and a fat ass </document>
		<document> rt #user#: things finna get weird. mars is in venice beach &amp; mercury is doing the renegade </document>
		<document> rt #user#: keep trying go harder </document>
		<document> naw fr, i put enough energy into my girl, anything more i won’t have no energy for myself #url# </document>
		<document> rt #user#: anyone else noticed how much stronger aim assist is now? </document>
		<document> shits ridiculous, glad i’m not trippin. #url# </document>
		<document> lmfao “the demon love child of a flamethrower and a shotgun”😭😭😭 #url# </document>
		<document> rt #user#: if we played against #user# i promised to run straight down mid with the f2000. i'm a man of my word. 😤 </document>
		<document> this is a legendary performance #url# </document>
		<document> rt #user#: if you don’t stay humble you will get humbled </document>
		<document> rt #user#: took a pic of the cat lookin out the window and accidentally turned him into some sort of god. #url# </document>
		<document> rt #user#: anti leaf drop comin soon! #url# </document>
		<document> ima have to start warming up on da bots again #url# </document>
		<document> i need this new gun, the fuck </document>
		<document> rt #user#: the other screenshot of rust from the discord server. enjoy! #url# </document>
	  <author lang="en"
<document> please take away the pain.... </document>
<document> depression blocked me.. I want to do shit😔 </document>
<document> rt #user#: You lose your powers when you cut your locs </document>
<document> rt #user#: food stamp scam, unemployment scam, housing scam, everything scam. because the government can clearly play us in the face. </document>
<document> finna drop in this new wz map though. take my mind off all this bullshit. I haven't really played in a minute. </document>
<document> pray for my family. we are going through a difficult time and we need strength. </document>
<document> grateful for the life I have😁 happy thanksgiving🦃 🙏🙏🙏🙏🙏🙏🙏🙏🙏🙏🙏 </document>
<document>hope all my niggas straight</document>
<document> learning to use a pc was fun as hell, I'm staying on YouTube for tutorials😂👍 </document>
<document> haven't popped up in a while, </document>
<document> rt #user#: Don't feel bad for not wanting to share space with people who are afraid to go further </document>
<document> rt #user#: When you feel like stopping, just think about why you started </document>
<document> must start posting cod clips again </document>
<document> Twitter stories now? aw nigga it's on😈 </document>
<document> cold war: secure✅✅✅ #user# thank you, you are the best🥰 #url# </document>
<document> yeah nigga. gourmet oatmeal. #url# </document>
<document>I'm opening an urban breakfast joint where we sell gourmet oatmeal</document>
<document> dead asshole... I make the best oatmeal in the world. noooo 🧢 </document>
<document> rt #user#: I only do covid testing for large checkups, so if you see the extended q tip going up my nose, know there is money involved </document>
<document> I got mine free in jail🤷‍♂️😂 #url# </document>
<document> rt #user#: Launch something. read something. stock up on trees before this next lock down. </document>
<document> happy to be home😎 </document>
<document> scored a couple of golf clubs...who tries to play golf?? </document>
<document> I'm fucking with this perfect hard weather😌 </document>
<document> small gestures mean more. </document>
<document> I know all the police out here are fantasizing about my bitch in her cop suit😭💯 </document>
<document>next Asian to put a bracelet on my face again and get me cheated😂 </document>
<document> I will start recording again soon. I feel that musical spark coming back..😈 </document>
<document> i'm not trying to make a box🙅‍♂️ i'm a truck slapping a nigga. i'll be the next title here on the strip. don't play with me😂 or my bitch😂💯 </document>
<document> take your frustration out on that bitch p, not me🙄 </document>
<document> asked #user# for extra extra extra caramel, they gave me the rest of the bottle😂👍 #url# </document>
<document> rt #user#: I legitimately hate my cousin 😂😂😂 #url# </document>
Interesting <document>, I didn't know that. #url# </document>
<document> rt #user#: We're playing Call of Duty Black Ops Cold War this month! #url# </document>
<document> rt #user#: A wave of sticks fell on stage during his show tonight. audience reaction is too funny 😂😂 #url# </document>
<document> doesn't do shit for halloween. happy November though😊 </document>
<document> rt #user#: Life moves pretty fast. if you don't stop and look around once in a while, you might miss it. </document>
<document> rt #user#: I'm the bitch and I approve this message✅ </document>
<document> lol hasn't made them in a minute🤣 #url# </document>
<document> fix your perspective, go outside the box </document>
<document> the only way to get/get my bitch number is if you: a.) another bad bitch b.) family or c.) (my preferred option) paying $100🤷‍♂️</ document>
<document> even launched a free kick with the update 👍 #url# </document>
<document> cromwell open again🗣 yuh #url# </document>
<document> my accomplice😈🖤 #user# #url# </document>
<document> *when I land it😈 #url# </document>
<document> &amp;don't yell "kick-flip!" unless you have $5 ready if i land it🤷‍♂️ #url# </document>
<document> recently, most of my progress has been internal. </document>
<document> stay away &amp; getting better every day. </document>
<document> I'm not tripping over what no one has to say about how I'm living🥱 </document>
<document> slow motion better than no motion </document>
<document> slowly putting the pieces together </document>
<document> sport mode while squeezing her thigh </document>
<document> I'm a winning nigger </document>
<document> rt #user#: I'm my own boss in this mufucka </document>
<document> the devil got a hold, but that shit is by consensus. triple 6 what i'm living till the day a nigga died💯 </document>
<document> rt #user#: how it started how it's going #url# </document>
<document> protect it all❤️❤️❤️ #url# </document>
<document> rt #user#: is soulja boy responsible for everything in the history of life? #url# </document>
<document> rt #user#: stop being on bad terms with the people you love...death is real and random. </document>
<document> we need to protect this woman #url# </document>
<document> we need to protect it #url# </document>
<document> life seemed like a dream </document>
<document> who else woke up with the house at -462846384 degrees today🙃 </document>
<document> rt #user#: Even sober people are beautiful. don't get twisted </document>
<document> rt #user#: I go to parties to post and smoke more joints. that's it </document>
<document> I swear to god I hate being told no </document>
<document> nigga fuck you mom, he should have worn a condom </document>
<document> top of the am mahfuckas </document>
<document> rt #user#: They are two different people when I care and when I don't. </document>
<document> rt #user#: Sometimes you have to hide good news so it won't be touched by negativity. </document>
<document> rt #user#: life is like a sandwich; no matter which way you turn it, the bread comes first </document>
<document> rt #user#: Come read a book with a real nigger. </document>
<document> rt #user#: verdansk haunting starts october 20th in #hashtag# and #hashtag#! watch the new trailer now! </document>
<document> beta is bool, got new cod🤘 </document>
<document> rt #user#: I will trade 4 cousins ​​on my father's side for a hellcat </document>
<document> i need to get my black ass 2 sleeeeep </document>
<document> rt #user#: did it work? #url# </document>
<document>I'm trying to play this beta as much as possible this weekend💯 </document>
<document> brothers birthday is tomorrow... the nigger sure picked a shit day to be born😒 </document>
<document> can't wait to play Cold War tomorrow😍 shit looks so smooth </document>
<document> asked shorty about the new xbox, he took it a step further &amp; he gave me a gaming pc🤯#hashtag# #url# </document>
<document> my brother fucked his friends mom😭😭😭 </document>
<document> rt #user#: black ops warzone is giving me wap #url# </document>
<document> I need a sum to watch, preferably anime </document>
<document> rt #user#: This video will always be fun #url# </document>
<document> strange vibes today. they are strong though. I will make the most of it. </document>
<document> rt #user#: warzone is like that sometimes 🤣🤣 poor j #url# </document>
<document> rt #user#: Lakers team bus dropped off Quinn Cook at the arena 💀💀💀 #url# </document>
<document> lol we had to slip out here to peek at the vibe, ion even thought the ph was logged. still hella ppl out there</document>
<document> crazy my girlfriend also took the night off. we would have been completely out there. Also ph just reopened, I'm sure it's all logged in now. </document>
<document> mild duh lmaoooo #url# </document>
<document> rt #user#: 💜💜💜💜💜 .... I want to send you something special </document>
<document> rt #user#: ayoooooo wait till the end😭😭😭😭😭#url# </document>
<document> I'm crying bro😭😭😭 #url# </document>
<documentent> rt #user#: how was Lebron in the locker room after game 5 against the heat 🤣🏀🤦🏾‍♂️ #url# </document>
<document> #user# #user# tf? would I rather just close the app? </document>
<document> rt #user#: just to let them know plan b is $35.99 at costco🤝 </document>
<document> rt #user#: #user# we don't care right now a suspect is on the loose #url# </document>
<document> rt #user#: "okay now land on his head" #url# </document>
<document> did this shit the other day🤦‍♂️😂 #url# </document>
<document> rt #user#: the irony of wearing a "straight outta _____" shirt and saying black lives don't matter lol </document>
<document> rt #user#: Enjoy 40 seconds of me dying from nukes in #hashtag# 💀😂 #url# </document>
<document> rt #user#: eat fruit this morning..... you niggas organs are gone thanks for that </document>
<document> rt #user#: I swear ✋ loyalty 🇺🇸 to da gang, if I take an opp🚷 I'll take his brain💥💀 and if they catch me🚨🚓 I won't name names 😷 </document >
<document> rt #user#: if you get this I respect you✊🏾 #url# </document>
<document> I need a duos partner </document>
<document> rt #user#: weed man didn't want to leave the house 🤣 #url# </document>
<document> rt #user#: niggas drive their girl car like 😂😂😂😂😂😂😂😂😂😂 #url# </document>
<document> dude, I heard it 😭 #url# </document>
<document> rt #user#: My goal is to have 15k by the end of 2020. I already have $5.09 😩🙏🏽 </document>
<document> "I can work with 16"😭 #url# </document>
<document> rt #user#: Get tested more when it's time to move up to the next level. do not fold. </document>
<document> this shit really got me. </document>
<document> this shit is not cool. </document>
<document> rt #user#: If you wake up and everyone you care about is healthy, it's a great day. </document>
<document> rt #user#: how it started how it's going #url# </document>
<document> rt #user#: ☀️☀️☀️☀️☀️good morning! really wish you a nice day ❤️ </document>
<document> no sex? No thank you. #url# </document>
<document> rt #user#: faze the f*** up! #hashtag# #user# #url# </document>
<document> rt #user#: This dad is now the first parent in history to understand an online video game. 😂 #url# </document>
<document> when you come from Vegas it's not tomorrow until the sun comes up </document>
<document> maaaan can't wait to start streaming broooo </document>
<document> rt #user#: I want the baker to be arrested. </document>
<document> rt #user#: You don't have a wheelchair </document>
<document> rt #user#: not mine, everyone stay safe </document>
<document> my ex had 3+ on all social😒 #url# </document>
<document> put my hand on her throat &amp; he told me to squeeze that shit😏😏😏</document>
<document> I fucked around &amp; i have a brand new bitch😏 </document>
<document> rt #user#: Donate $5 to get this campaign off the ground. #url# #url# </document>
<document> I'm loading into a match ffa: #url# </document>
<document> #user# this is my new favorite tweet😂😂😂 </document>
<document> rt #user#: "domain owns all goals" </document>
<document> one post away❤️❤️❤️❤️❤️❤️❤️ #url# </document>
<document> rt #user#: one post away ♥️♥️♥️ #url# </document>
<document> ouu. this is the tweet. #url# </document>
<document> rt #user#: You probably think I'm "too much" because you're simply not enough. respectfully. </document>
<document> rt #user#: doctor: ..and no reports for a week kenzie (still super high): a whole week?! poggers </document>
<document>tokyo drift before it pops out, don't try to race me tonight</document>
<document> no internet, so it was a f&amp;f blu-ray day. I'm fucking with it though. </document>
<document> rt #user#: moderator: what color is the sky? pence: I just want to thank weed </document>
<document> rt #user#: maybe the fly will finally answer #url# </document> questions
<document> yooo the fucking vibes are 🔥 today tbh </document>
<document> rt #user#: Pleaseshare this, it might save a life. the app is called "clutchsos". </document>
<document> rt #user#: I saw it and was amazed. this app can help so many people. this is brilliant. #url# </document>
<document> rt #user#: how would you like a fov slider on console? And on all platforms? Okay. Done. #hashtag# </document>
<document> rt #user#: Date someone who knows you're just messing around on social media </document>
<document> rt #user#: optimus prime and allspark #url# </document>
<document> bruh in the back was steps away from annihilating the #url# </document> balls
<document> rt #user#: chief keef will transform no matter what kind of music is playing 😂 #url# </document>
<document> rt #user#: wtf cod cold war has a fov slider on console. i never thought i'd see the day 😍🔥 </document>
<document> lost it? nigga😐 #url# </document>
<document> no matter what you have or don't have stay grateful &amp; humble </document>
<document> rt #user#: happy 16th birthday, bronny 🎂 #url# </document>
<document> rt #user#: just got hit in the face by a pigeon i'm so over this year jesus christ </document>
<document> can't wait to tweet this... #url# </document>
<document> rt #user#: I'm on my way so roll something when I get there </document>
<document> rt #user#: how it started: how it's going: #url# </document>
<document> rt #user#: dual rtx 3090 integrated into a ninja/mech helmet photographed by: #user# #url# </document>
<document> #user# #user# how do you know it's not thomas?😂 </document>
<document> rt #user#: Second stimulus doesn't come yal, go out and steal. </document>
<document> I swear I assume everyone is police on the strip</document>
<document> oh yeah she up🔒fashooo😈💯 #url# </document>
<document> rt #user#: Damn close to the wildest tweet I've ever seen in my life. </document>
<document> rt #user#: I don't know why people say no one plays faze anymore lmao did jev,dirty,bloo,testy,swag,agony or myself die or something </document>
<document> Trump should be disqualified from election for contracting covid🤷‍♂️ </document>
<document> I got up and I'm drinking my black coffee </document>
<document> yesterday. &amp; back in prolly 45 minutes. #url# </document>
<document> I just saw an r34 on the strip..wtf😳 </document>
<document> update done😁 hopefully no more input lag now lol </document>
<document> rt #user#: This is mental illness. and I'm not even exaggerating. </document>
<document> #user# square ass nigga change your header </document>
<document> this update has been stuck at 94% for 10 fucking minutes bro </document>
<document> rt #user#: You literally have angels and demons walking this earth... look who you talk to. </document>
<document> still learning pc lol </document>
<document> I'm trying to play on an older version of Windows... currently upgrading😅 </document>
<document> my grandma said she saw a post that said "pray for covid, he trumps"😭 </document>
<document>Shorty gave me the last of his sticks before he came home last night, he really love a nigga🥺❤️</document>
<document> #user# on my mom💯💯💯 </document>
<document> rt #user#: he's a real nigger </document>
<document> friend offered me 5k to get my cdl, this is an opportunity i just can't refuse. </document>
<document> I am receiving my cdl &amp; become a truck driver. i want to escape next year &amp; just stack w my shorty. </document>
<document> ooo nice lights😍 p.s- love my set up💚 </document>
<document> give your body what it deserves, more water. </document>
<document> bitch what a belly😐 #url# </document>
<document> rt #user#: when your friends trip is going bad but yours is going great </document>
<document> rt #user#: I hope the girl you're reading has light skin and a big ass </document>
<document> rt #user#: Finna things get weird. mars is in venice beach &amp; mercury is being renegade </document>
<document> rt #user#: keep trying to go harder </document>
<document> naw fr, I put enough energy into my girlfriend, nothing more I won't have energy for myself #url# </document>
<document> rt #user#: Has anyone else noticed how much more powerful aim assist is now? </document>
<document> is ridiculous, glad I didn't trip. #url# </document>
<document> lmfao "the demon love child of a flamethrower and a rifle"😭😭😭 #url# </document>
<document> rt #user#: if we played against #user# I promised to go halfway with the f2000. I am a man of my word. 😤 </document>
<document> this is a legendary performance #url# </document>
<document> rt #user#: if you don't stay humble you will be humbled </document>
<document> rt #user#: Took a picture of the cat looking out the window and accidentally turned it into some kind of god. #url# </document>
<document> rt #user#: anti fall leaves coming soon! #url# </document>
<document> I need to start warming up on da bot #url# </document> again
<document> I need this fucking new gun </document>
<document> rt #user#: The other screenshot of rust from the discord server. Enjoy! #url# </document>