<author lang="en"  
	<document> rt #user#: we've now reached the point where the pentagon is more worried about fox news than the ccp. </document>
		<document> i have a feeling that the list of countries is just going to grow #url# </document>
		<document> rt #user#: i sometimes wonder which side exactly is our govt on. #url# </document>
		<document> rt #user#: we need a movement above partisan politics to remove mps linked to the ccp from parliament. </document>
		<document> rt #user#: john kirby, whose last job was at cnn </document>
		<document> #user# not at all! </document>
		<document> #user# #user# #user# thanks for sharing! i was wondering how they did it. </document>
		<document> brittany higgins has always came across as genuine to me. hope she gets her day in court. #url# </document>
		<document> #user# happy birthday trent! have a great day! </document>
		<document> rt #user#: this is a heroine. rest in peace. #url# </document>
		<document> rt #user#: how’s the optics here - victorian govt minister living it up. pay rise during shutdowns. #hashtag# </document>
		<document> rt #user#: downtrodden, persecuted and marginalised, jane caro is marching for justice. just as well she's not driving. </document>
		<document> #user# #user# well done on a sensible approach #user# </document>
		<document> #user# #user# well done #user#! </document>
		<document> rt #user#: rt if you think #user# is an absolute legend. #url# </document>
		<document> rt #user#: this is brilliant!! must watch! 😂😂😂😂😂😂🤪 </document>
		<document> #user# #user# yet you want to jail anyone who points out when biological men if they compete in women sports. </document>
		<document> rt #user#: isn’t that interesting.. 🎪 #url# </document>
		<document> rt #user#: newly revealed emails show green bay officials gave keys to 2020 election to n.y. dem operative #url# </document>
		<document> rt #user#: stairs ban. makes as much sense as the seasonal coronavirus lockdowns. #url# </document>
		<document> #user# but labor tells us that biology doesn't matter because men can magically become women just by thinking it. </document>
		<document> rt #user#: pakistan has the death sentence for blasphemy. it has no business sitting on unhrc. #url# </document>
		<document> #user# never apologise to terrorists. that is how they win. </document>
		<document> rt #user#: way to go #user# glad we have someone in parliament that puts australians first. #url# </document>
		<document> #user# #hashtag# time for #user# and #user# to give her airtime. #url# </document>
		<document> rt #user#: hard to see this stellar record surpassed for a few decades. #url# </document>
		<document> rt #user#: remember having a president who'd run up on reporters like: #url# </document>
		<document> rt #user#: a great journalist, a good man, a noble american. #hashtag# #url# </document>
		<document> good on you #user# and #user#! #url# </document>
		<document> rt #user#: we got al baghdadi´s ass, mi conan!!! i misso you!!! #url# </document>
		<document> rt #user#: #user# just need reliable, cheap, always on power. we could do anything then. </document>
		<document> rt #user#: for every time mehreen slaps her racism onto every trending issue. #url# </document>
		<document> yet union owned superannuation funds rip off workers left, right and centre. #url# </document>
		<document> rt #user#: ask your federal senators whether they are supporting #user#’s motion on monday to recognize uyghur genocide. </document>
		<document> all the best to cameron smith one of the all time greats! #url# </document>
		<document> rt #user#: children can not consent to selling sex to adults. </document>
		<document> #user# #user# 100% correct #user#! where is all the money going? </document>
		<document> madman xi is a bigger threat than any global warming or climate change. #url# </document>
		<document> rt #user#: this is just a farce at this point </document>
		<document> king charles is the republicans best chance of winning but i have a feeling they will again find a way to lose. #url# </document>
		<document> rt #user#: imagine the kinds of things the press is hearing about biden and not reporting. #url# </document>
		<document> #user# #user# shame bernie isn’t running for ca governor. he could make a real difference! </document>
		<document> rt #user#: this is why president biden doesn’t hold press conferences. wow! coming up on #user#, #user# at 9 pm et! </document>
		<document> modern medicine can be absolutely amazing. hope mum and baby are doing well. #url# </document>
		<document> rt #user#: hercules! hercules! #user# brings some much needed lolz to that train wreck interview. #url# </document>
		<document> #user# how about including bill shorten's allegations at the same time? </document>
		<document> rt #user#: #hashtag# #hashtag# #hashtag# most experts agree the ccp virus (covid) came from a lab in wuhan, china </document>
		<document> rt #user#: *and literally every other disease... but lets not address the pandemic of obesity because its not woke. </document>
		<document> rt #user#: where's your aussie flag, traitor? </document>
		<document> rt #user#: the only winner out of this is oprah. she’s still got it. #hashtag# </document>
		<document> rt #user#: #hashtag# gave us #hashtag# - #hashtag# is not going to fix it. </document>
		<document> rt #user#: can you help? </document>
		<document> rt #user#: he would be a very welcome addition in the senate </document>
		<document> rt #user#: what this comment really proves is that ordinary australians are priced out of the 'justice' market. </document>
		<document> rt #user#: a transgender woman will never be a biological woman. im so tired of this shit </document>
		<document> rt #user#: what say you, #user# ? </document>
		<document> rt #user#: it's been 1723 days since australian labor said the coalition would "privatise" medicare. #hashtag# </document>
		<document> rt #user#: it´s friggin contagious!!!😂😂😂 #url# </document>
		<document> rt #user#: it’s misogynistic for a man to pretend he’s a woman and dominate women. #url# </document>
		<document> rt #user#: you’re getting $1400, but a $1.9t relief bill divided by 330m americans is costing you $5757. </document>
		<document> rt #user#: scratch a lie, find a thief! here’s a mirror for you #user# </document>
		<document> this what happens when you have clueless bureaucrats making rules instead of people actually following the science. #url# </document>
		<document> rt #user#: mein kampf still in..... 6 dr seuss books out. you know it makes sense. #hashtag# hilarious! </document>
		<document> rt #user#: if sex is entirely a social construction, then why not have all sports be co-ed? </document>
		<document> rt #user#: the abc is out of control. #url# </document>
		<document> rt #user#: knight nailed it. #url# </document>
		<document> rt #user#: virus that has killed many people around the world now spreading in u.s. #url# </document>
		<document> rt #user#: a well informed article. blow it up: queensland lnp is fully in crisis #url# </document>
		<document> rt #user#: attention grabbing is an understatement! 😯 #url# </document>
		<document> #user# don’t give them ideas lol </document>
		<document> #user# #user# #user# this is the american one owned by #user#. check out the logo 🙂 </document>
		<document> #user# i think more people will find #user# #user# cancelling women more offensive than anything that occurred on the muppets. </document>
		<document> #user# #user# i think you need to speak to #user# as it isn’t australia’s abc. </document>
		<document> rt #user#: it's been 1721 days since australian labor said the coalition would "privatise" medicare. #hashtag# </document>
		<document> rt #user#: young people have paid a heavy price during this pandemic. #url# </document>
		<document> rt #user#: instagram is now fact checking memes for missing context 🤦‍♂️ #url# </document>
		<document> rt #user#: youtube has removed trump's cpac speech. so here it is, in full... #url# </document>
		<document> time to break up big tech. #url# </document>
		<document> rt #user#: how do you know i’ve never seen aliens colin? </document>
		<document> rt #user#: this about sums things up. #url# </document>
		<document> rt #user#: a real leader #user# #url# </document>
		<document> rt #user#: andrews’ women problem is now an appalling pattern of behaviour. #hashtag# nasty stuff. #url# </document>
		<document> rt #user#: this is what he got for smashing victorians with an extended soe. animals are already protected under the rspca. </document>
		<document> rt #user#: i would like an inquiry into the abc &amp; their publication of a story against the dying wishes of a woman &amp; her family </document>
		<document> brilliant work #user#! #url# </document>
		<document> just further proof that biden isn’t in charge. would have never happened under obama or trump. #url# </document>
		<document> rt #user#: #hashtag# xi jinping claims he has eradicated poverty in china #url# </document>
		<document> rt #user#: my decision to never ever again travel to china looks better everyday. #url# </document>
		<document> rt #user#: your move, nba and disney. </document>
		<document> rt #user#: explain yourself, #user#! #url# </document>
		<document> rt #user#: i’m watching this live and i can not believe what a disgrace the australia media. this is trail by media. it makes me sick. </document>
		<document> rt #user#: don’t forget to pay your taxes this year. other countries are depending on it. </document>
		<document> rt #user#: why is a song called “wet a** p***y” not considered inappropriate but dr. seuss is? </document>
		<document> rt #user#: the lunatics are running the asylum. </document>
		<document> time to cancel the crazies. #url# </document>
		<document> rt #user#: just an incredible story that journalists seem thoroughly disinterested in. </document>
		<document> rt #user#: coming from the government that inflames union trolls against non labor mps, journalists .. #url# </document>
		<document> #user# original was better. </document>
		<document> rt #user#: so michelle obama was a racist. #url# </document>
		<document> if the vaccine works so well then why do you need to avoid people that hasn’t been vaccinated? #url# </document>
		<document> rt #user#: "...yoa was employed by the department of justice as a contact tracer for the hotel quarantine system." hang on. what?! </document>
		<document> another day and another sell out by the (t)reason party. #url# </document>
		<document> rt #user#: you can’t make this stuff up. #url# </document>
		<document> rt #user#: of course they have. was anyone ever in any doubt? #url# </document>
		<document> rt #user#: the cure is worse than the disease. #url# </document>
		<document> #user# #user# congratulations on creating a news site with more true facts than cnn, nbc, cbs and abc! </document>
		<document> rt #user#: always wondered where exactly your gaming character keeps all the stuff #url# </document>
		<document> #user# #user# #user# #user# name one case of a biological female dominating the nba, mlb, nhl, nfl or even the mls? </document>
		<document> rt #user#: what happened to fiona patten’s ‘three months’? did she roll on every single thing? </document>
		<document> rt #user#: why couldn't you democrats have picked tulsi? </document>
		<document> i see turnbull has now joined rudd in putting out conspiracy theories. #url# </document>
		<document> rt #user#: #user# #user# #user# #user# whenever i see him i think of him as a cheater!! #url# </document>
		<document> #user# #user# #user# #user# should include #user# as well! </document>
		<document> #user# #user# #user# brilliantly said #user#! </document>
		<document> rt #user#: this bloody virus identifies as every other nationality... apart from china. suspicious. #url# </document>
		<document> that is absolutely terrible. #url# </document>
		<document> rt #user#: it’s clear that trump is the leader of the republican party and the de facto opposition leader. #url# </document>
		<document> #user# why are our taxes being waisted on this conspiracy theory crap? </document>
		<document> rt #user#: that would be insane &amp; inhuman. #url# </document>
		<document> good thing that these dead americans (and possibly others) can still raise from the dead just to vote democrats! #url# </document>
		<document> rt #user#: my media statement. #url# </document>
		<document> rt #user#: roger stone and friends dancing outside cpac #url# </document>
		<document> rt #user#: from the dame's gab feed. #url# </document>
		<document> apparently millions more americans voted for biden than obama. #url# </document>
		<document> rt #user#: stop 👏 nitpicking 👏 our 👏 ethnic 👏 cleansing #url# </document>
		<document> #user# is this supposed to be satire or a comedy? </document>
		<document> rt #user#: what a fantastic read! 👇👇👇👇 #url# </document>
		<document> rt #user#: fucking disgusting. this is the type of shit that solidified my decision to never cave to the mob. fuck it. </document>
		<document> rt #user#: i cannot like this tweet. it disappears straight away. what’s that all about?????? </document>
		<document> rt #user#: too late, you showed your hand. evil. we all see it. </document>
		<document> rt #user#: you would know a thing or two about propaganda chen, considering you work for chinese state media. </document>
		<document> rt #user#: 🤣🤣🤣🤣 caught a splendid specimen of a wumao with this one 🤣🤣 #url# </document>
		<document> rt #user#: laying flowers in brisbane for the innocent protestors murdered by myanmar’s generals #user# #user# </document>
		<document> rt #user#: one naked video of serena k. fleites at age 14 had 400,000 views on pornhub. listen to the voices of survivors. </document>
		<document> rt #user#: #hashtag# #hashtag# #hashtag# follow the evidence &amp; make your own judgment </document>
		<document> rt #user#: this is evil. #url# </document>
		<document> rt #user#: gold. pure gold. </document>
		<document> rt #user#: what a surprise ! #url# </document>
		<document> rt #user#: we lost a good one today guys. one of the best to ever do it. rip #hashtag# #url# </document>
		<document> rt #user#: must be why they didn’t inform her </document>
		<document> #user# she shouldn’t feel too bad. biden had no idea either. the neocons appear to be back in charge. </document>
		<document> rt #user#: great question, jen! </document>
		<document> rt #user#: the walking dead </document>
		<document> rt #user#: it's been 1714 days since australian labor said the coalition would "privatise" medicare. #hashtag# </document>
		<document> rt #user#: masks were meant to be victoria’s stage 4. 🙄😷🧐 #hashtag# #url# </document>
		<document> rt #user#: .#user# is on the show tomorrow and not only does she make a lot of news, she is totally delightful. subscribe now! </document>
		<document> rt #user#: china produces as much carbon emissions in 16 days that australia produces in 12 months. think about them apples. </document>
		<document> #user# how did the aboriginals used to visit these tasmanian caves 15,000 years ago long before helicopters were invented? </document>
		<document> rt #user#: ‘the mainstream media's focus on race is a smokescreen to hide america's biggest problem’ #url# </document>
		<document> #user# #user# thanks for the explanation #user#! </document>
		<document> rt #user#: how the fuck did a generation raised on south park and family guy become so offended by everything? </document>
		<document> rt #user#: hey #user# voters want to try and explain this move? 🤬🤯 #url# </document>
		<document> rt #user#: and that's what happens when you can't run hotel quarantine and can't trust your systems and allow businesses to die. </document>
		<document> rt #user#: come on! this is absurd. </document>
		<document> #user# albo also received the jab. wonder why you didn’t mention that? </document>
		<document> rt #user#: woka cola new ad😂 #url# </document>
		<document> rt #user#: no, no, it can’t be real. 🤦🏽‍♀️ #url# </document>
		<document> rt #user#: good article by theo theophanous on nuclear. hopefully more labor mps can see sense on nuclear #url# </document>
		<document> rt #user#: china is committing ethnic genocide. it has no business preaching about human rights. #url# </document>
		<document> rt #user#: what is going on?!? </document>
		<document> .#user# should have been made defence minister as soon as he got into parliament. #url# </document>
		<document> rt #user#: my statement to federal parliament today #url# </document>
		<document> time for liberal members to fight back against the lobbyists that run the nsw branch of the liberal party. time to reclaim back our party. </document>
		<document> rt #user#: south park is undefeated #url# </document>
		<document> rt #user#: chinese propaganda is coming to a school near you. #url# </document>
		<document> #user# sorry when is the next open china’s national election? the good people of china deserves a say on how their country is run! </document>
		<document> rt #user#: it's been 1709 days since australian labor said the coalition would "privatise" medicare. #hashtag# </document>
		<document> #user# #user# still not in the same room at the same time. we need more solid evidence! </document>
		<document> rt #user#: best response i’ve seen to joe biden’s racist comments. 🤣😂 </document>
		<document> australians should have a choice #url# </document>
		<document> rt #user#: when will this madness end. forget "people with uteruses", it's downright disrespectful to women. </document>
		<document> rt #user#: follow a brave ccp whistleblower #user# </document>
		<document> rt #user#: having dinner with my uyghur friends and they taught me a new uyghur phrase meaning “let your stomach explode.” 😂 </document>
		<document> #user# beautiful in any colour </document>
		<document> rt #user#: couldn't have said it any better. #url# </document>
		<document> good to see. #url# </document>
		<document> rt #user#: fact-check: the governor of texas is a republican. #user# #url# </document>
		<document> rt #user#: people should not be afraid of governments governments should be afraid of the people </document>
		<document> rt #user#: please, do continue to tell me why it's fair to allow men in women's sports. </document>
		<document> rt #user#: #user# ....doesn't that make the abc...complicit? #url# </document>
		<document> hopefully facebook has blocked #user# viewing pregnant women posts as well. #url# </document>
		<document> rt #user#: billy forgot how to use a computer because, he’s black. #url# </document>
		<document> #user# #user# craig kelly has exactly the same problem. </document>
		<document> rt #user#: i love talk radio...#user# #url# </document>
		<document> rt #user#: well i will be buttered on both sides of my creeping assumption </document>
		<document> rt #user#: doc and marty made it to 2021 💜 #url# </document>
		<document> rt #user#: well, now, things suddenly just got interesting. </document>
		<document> and again #user# will turn a blind eye to labor and its connections corruption. #url# </document>
		<document> rt #user#: whoever this journalist is, he deserves a pay rise. he just snookered the whole lockdown. #url# </document>
		<document> rt #user#: statement from president donald trump. #url# </document>
		<document> rt #user#: the "highly contagious" uk strain strikes again. beware the uk strain. 😬 #url# </document>
		<document> rt #user#: i wish hollywood cancelled pedophiles and sexual predators like they do conservatives... </document>
		<document> rt #user#: the #hashtag# comes to australia. thanks ⁦#user#⁩ for shining a light on this. #url# </document>
		<document> #user# #user# #user# should have never gotten to this stage. disgraceful the way she has been treated. </document>
		<document> if we cut the crazies out of universities i wonder how much money students can save on their fees? #url# </document>
		<document> rt #user#: the victorian lockdown announcement led to lifelines 3rd highest number of calls in its 60 year history 😳 #hashtag# </document>
		<document> #user# #user# shouldn’t this come naturally? </document>
		<document> #user# #user# is it running windows by any chance? </document>
		<document> #user# #user# #user# #user# disgraceful if that is true. </document>
		<document> rt #user#: perhaps #user# could run this. oh who am i kidding...? </document>
	  <author lang="en"
<document> rt #user#: We've now gotten to the point where the pentagon is more concerned about fox news than the ccp. </document>
<document> I have a feeling the list of countries is about to grow #url# </document>
<document> rt #user#: Sometimes I wonder which side exactly our government is on. #url# </document>
<document> rt #user#: A movement above partisan politics is needed to remove ccp-linked MPs from parliament. </document>
<document> rt #user#: john kirby, whose last job was at cnn </document>
<document> #user# not at all! </document>
<document> #user# #user# #user# Thanks for sharing! I wondered how they did it. </document>
<document> Brittany Higgins has always seemed genuine to me. hope he has his day in court. #url# </document>
<document> #user# happy birthday thirty! I wish you a good day! </document>
<document> rt #user#: This is a heroine. Rest in peace. #url# </document>
<document> rt #user#: What's the optics like here - the Victorian government minister is enjoying it. salary increase during the closures. #hashtag# </document>
<document> rt #user#: Oppressed, persecuted and marginalized, Jane Dear is marching for justice. Good thing he's not driving. </document>
<document> #user# #user# well done with a reasonable approach #user# </document>
<document> #user# #user# well done #user#! </document>
<document> rt #user#: rt if you think #user# is absolute legend. #url# </document>
<document> rt #user#: that's brilliant!! must watch! 😂😂😂😂😂😂🤪 </document>
<document> #user# #user# yet you want to jail anyone who points out when biological men compete in women's sports. </document>
<document> rt #user#: not interesting.. 🎪 #url# </document>
<document> rt #user#: Newly Revealed Emails Show Green Bay Officials Giving the Keys to the 2020 Election to n.y. operating dem #url# </document>
<document> rt #user#: ban stairs. it makes as much sense as the seasonal coronavirus lockdowns. #url# </document>
<document> #user# but labor tells us that biology doesn't matter because men can magically become women just by thinking about it. </document>
<document> rt #user#: pakistan has death sentence for blasphemy. has no business sitting on unhrc. #url# </document>
<document> #user# never apologizes to terrorists. that's how they win. </document>
<document> rt #user#: well done #user# glad to have someone in parliament putting Australians first. #url# </document>
<document> #user# #hashtag# time for #user# and #user# to give you airtime. #url# </document>
<document> rt #user#: It's hard to see this stellar record surpassed by a few decades. #url# </document>
<document> rt #user#: Remember having a president ran into reporters like: #url# </document>
<document> rt #user#: a great journalist, a good man, an American noble. #hashtag# #url# </document>
<document> well done #user# and #user#! #url# </document>
<document> rt #user#: we have al baghdadi's ass, mi conan!!! I miss you!!! #url# </document>
<document> rt #user#: #user# just needs reliable, cheap, always on. then we could do anything. </document>
<document> rt #user#: for every time mehreen slaps his racism on every trending issue. #url# </document>
<document> yet union-owned pension funds rip off workers left, right and centre. #url# </document>
<document> rt #user#: Ask your federal senators if they are supporting #user#'s motion Monday to recognize the Uyghur genocide. </document>
<document> all the best to cameron smith one of the all time greats! #url# </document>
<document> rt #user#: Children cannot consent to the sale of sex to adults. </document>
<document> #user# #user# 100% correct #user#! where does all the money go? </document>
<document> Madman xi is a greater threat than any global warming or climate change. #url# </document>
<document> rt #user#: This is just a farce at this point </document>
<document> king charles best chance for w republicansinnings but I have a feeling they will find a way to lose again. #url# </document>
<document> rt #user#: Imagine the kind of stuff the press hears about Biden and doesn't report. #url# </document>
<document> #user# #user# Too bad Bernie isn't running for governor of California. could really make a difference! </document>
<document> rt #user#: This is why President Biden doesn't hold press conferences. Oh! coming to #user#, #user# at 21:00 et! </document>
<document> modern medicine can be absolutely amazing. I hope mom and baby are well. #url# </document>
<document> rt #user#: hercules! Hercules! #user# brings some much needed lolz to that train wreck interview. #url# </document>
<document> #user# how about including Bill Shorten's allegations as well? </document>
<document> rt #user#: #hashtag# #hashtag# #hashtag# most experts agree that the ccp (covid) virus came from a lab in Wuhan, China </document>
<document> rt #user#: *and literally every other disease... but we don't deal with the obesity pandemic because it hasn't woken up. </document>
<document> rt #user#: where is your Australian flag, traitor? </document>
<document> rt #user#: the only winner is oprah. still has it. #hashtag# </document>
<document> rt #user#: #hashtag# gave us #hashtag# - #hashtag# will not solve the problem. </document>
<document> rt #user#: Can you help me? </document>
<document> rt #user#: would be a very welcome addition to the senate </document>
<document> rt #user#: What this comment really demonstrates is that ordinary Australians are excluded from the "justice" market. </document>
<document> rt #user#: A transgender woman will never be a biological woman. i'm so tired of this shit </document>
<document> rt #user#: what do you say, #user# ? </document>
<document> rt #user#: It's been 1723 days since Australian workers said the coalition would "privatize" healthcare. #hashtag# </document>
<document> rt #user#: it's bloody contagious!!!😂😂😂 #url# </document>
<document> rt #user#: It's misogynistic for a man to pretend to be a woman and dominate women. #url# </document>
<document> rt #user#: You're getting $1400, but a $1.9t relief bill divided by 330 million Americans is costing you $5757. </document>
<document> rt #user#: erase a lie, find a thief! here's a mirror for you #user# </document>
<document> this is what happens when you have clueless bureaucrats making rules instead of people actually following the science. #url# </document>
<document> rt #user#: mein kampf still in..... 6 dr seuss books released. You know that makes sense. #hashtag# hilarious! </document>
<document> rt #user#: If sex is entirely a social construct, then why shouldn't all sports be coed? </document>
<document> rt #user#: abc is out of control. #url# </document>
<document> rt #user#: the knight nailed it. #url# </document>
<document> rt #user#: virus that killed many people around the world is now spreading in the United States #url# </document>
<document> rt #user#: A well informed article. blow up: queensland lnp is completely down #url# </document>
<document> rt #user#: grabbing attention is an understatement! 😯 #url# </document>
<document> #user# don't give them ideas lol </document>
<document> #user# #user# #user# this is the US one owned by #user#. look at the logo 🙂 </document>
<document> #user# I think more people will find #user# #user# deleting women more offensive than anything that happened to the Muppets. </document>
<document> #user# #user# I think you need to talk to #user# because it's not the abc of australia. </document>
<document> rt #user#: It's been 1721 days since Australian workers said the coalition would "privatize" healthcare. #hashtag# </document>
<document> rt #user#: Young people have paid a heavy price during this pandemic. #url# </document>
<document> rt #user#: instagram is now checking memes for missing context 🤦‍♂️ #url# </document>
<document> rt #user#: youtube removed trump's cpacspeech. so here it is, in full... #url# </document>
<document> it's time to dismantle big tech. #url# </document>
<document> rt #user#: How do you know I've never seen aliens colin? </document>
<document> rt #user#: This sums things up. #url# </document>
<document> rt #user#: a true #user# #url# </document> leader
<document> rt #user#: Andrews' women problem is now a scary role model. #hashtag# bad stuff. #url# </document>
<document> rt #user#: This is what he got for destroying victorians with extended soe. the animals are already protected by the rspca. </document>
<document> rt #user#: I would like a request about the abc &amp; their publication of a story against the dying wishes of a woman &amp; his family </document>
<document> great job #user#! #url# </document>
<document> just further proof that Biden is not in charge. that would never have happened under Obama or Trump. #url# </document>
<document> rt #user#: #hashtag# xi jinping claims to have eradicated poverty in china #url# </document>
<document> rt #user#: My decision to never travel to China again looks better every day. #url# </document>
<document> rt #user#: your move, nba and disney. </document>
<document> rt #user#: Explain yourself, #user#! #url# </document>
<document> rt #user#: I'm watching this live and can't believe what a shame on the Australian media. this is the path of the media. It makes me sick. </document>
<document> rt #user#: Don't forget to pay your taxes this year. other countries depend on it. </document>
<document> rt #user#: why is a song called "wet a** p***y" not considered inappropriate but dr. seuss is it? </document>
<document> rt #user#: crazy people run the asylum. </document>
<document> it's time to erase the fools. #url# </document>
<document> rt #user#: just an incredible story that journalists seem completely uninterested in. </document>
<document> rt #user#: coming from government inflaming union trolls against non-union MPs, journalists .. #url# </document>
<document> #user# original was better. </document>
<document> rt #user#: so michelle obama was a racist. #url# </document>
<document> if the vaccine works so well then why would you avoid people who haven't been vaccinated? #url# </document>
<document> rt #user#: "...yoa has been hired by the Justice Department as a contact tracer for the hotel's quarantine system." wait. What?! </document>
<document> another day and another fire sale from the (t)reason party. #url# </document>
<document> rt #user#: You can't make this stuff up. #url# </document>
<document> rt #user#: Of course they did. Has anyone ever had doubts? #url# </document>
<document> rt #user#: The cure is worse than the disease. #url# </document>
<document> #user# #user# congratulations on building a news site with more true facts than cnn, nbc, cbs and abc! </document>
<document> rt #user#: I've always wondered where exactly your game character keeps all the stuff #url# </document>
<document> #user# #user# #user# #user# cite a case of a biological female dominating the nba, mlb, nhl, nfl or even mls? </document>
<document> rt #user#: What happened to Fiona Patten's "three months"? did it roll on every single thing? </document>
<document> rt #user#: why didn't you democrats choose tulsi? </document>
<document> I see that Turnbull has now joined Rudd in spreading conspiracy theories. #url# </document>
<document> rt #user#: #user# #user# #user# #user# every time i see him i think of him as a cheater!! #url# </document>
<document> #user# #user# #user# #user# should also include #user#! </document>
<document> #user# #user# #user# said #user# brilliantly! </document>
<document> rt #user#: This cursed virus identifies itself as any other nationality... except China. suspected. #url# </document>
<document> which is absolutely terrible. #url# </document>
<document> rt #user#: it is clear that trump is the leader of the Republican Party and the de facto leader of the opposition. #url# </document>
<document> #user# why are our taxes being squandered on this conspiracy theory bullshit? </document>
<document> rt #user#: that would be crazy &amp; inhuman. #url# </document>
<document> Good thing these dead Americans (and possibly others) can still rise from the dead just to vote Democrats! #url# </document>
<document> rt #user#: My media statement. #url# </document>
<document> rt #user#: roger stone and friends dance out cpac #url# </document>
<document> rt #user#: from the lady's speech feed. #url# </document>
<document> apparently millions more Americans voted for Biden than Obama. #url# </document>
<document> rt #user#: stop 👏 nitpicking 👏 our 👏 ethnic 👏 cleansing #url# </document>
Should <document> #user# be satire or comedy? </document>
<document> rt #user#: What a great read! 👇👇👇👇 #url# </document>
<document> rt #user#: fucking disgusting. this is the type of shit that solidified my resolve to never give in to the crowd. Fuck yourself. </document>
<document> rt #user#: I don't like this tweet. disappears right away. what is it about?????? </document>
<document> rt #user#: too late, you showed your hand. bad. we all see it. </document>
<document> rt #user#: You might know a thing or two about Chen propaganda, considering you work for Chinese state media. </document>
<document> rt #user#: 🤣🤣🤣🤣 caught a beautiful specimen of wumao with this 🤣🤣 #url# </document>
<document> rt #user#: Laying of flowers in Brisbane for innocent protesters assassinated by Myanmar generals #user# #user# </document>
<document> rt #user#: a nude video of serena k. fleites at the age of 14 had 400,000 views on pornhub. hear the voices of the survivors. </document>
<document> rt #user#: #hashtag# #hashtag# #hashtag# follow evidence &amp; make your own judgment </document>
<document> rt #user#: This is evil. #url# </document>
<document> rt #user#: gold. pure gold. </document>
<document> rt #user#: what a surprise! #url# </document>
<document> rt #user#: we lost a nice one today guys. one of the best that ever did. rip #hashtag# #url# </document>
<document> rt #user#: must be why they didn't inform you </document>
<document> #user# shouldn't feel too bad. not even Biden had a clue. the neocons appear to be back in charge. </document>
<document> rt #user#: Great question, jen! </document>
<document> rt #user#: the walking dead </document>
<document> rt #user#: It's been 1714 days since Australian workers said the coalition would "privatise" healthcare. #hashtag# </document>
<document> rt #user#: Masks were supposed to be Victoria phase 4. 🙄😷🧐 #hashtag# #url# </document>
<document> rt #user#: .#user# is on tomorrow's show and not only does it pack a ton, it's absolutely delicious. Subscribe now! </document>
<document> rt #user#: China produces the same amount of carbon emissions in 16 days as Australia produces in 12 months. think of those apples. </document>
<document> #user# How did Aboriginal people visit these Tasmanian caves 15,000 years ago, long before helicopters were invented? </document>
<document> rt #user#: "mainstream media focus on race is a smokescreen to hide America's biggest problem" #url# </document>
<document> #user# #user# thanks for the explanation #user#! </document>
<document> rt #user#: how the fuck did a generation of south park raised family men feel so offended by everything? </document>
<document> rt #user#: hey #user# voters wanna try and explain this move? 🤬🤯 #url# </document>
<document> rt #user#: And that's what happens when you can't quarantine at the hotel and you can't trust your systems and allow businesses to die. </document>
<document> rt #user#: let's go! this is absurd. </document>
<document> #user# albo also received the jab. I wonder why you didn't mention it? </document>
<document> rt #user#:woka cola new ad😂 #url# </document>
<document> rt #user#: no, no, that can't be true. 🤦🏽‍♀️ #url# </document>
<document> rt #user#: nice article by theo theophanous on nuclear power. hopefully more union lawmakers get a sense on nuclear #url# </document>
<document> rt #user#: China is committing ethnic genocide. he has no reason to preach about human rights. #url# </document>
<document> rt #user#: What's going on?!? </document>
<document> .#user# should have been appointed defense minister as soon as he entered parliament. #url# </document>
<document> rt #user#: my statement to the federal parliament today #url# </document>
<document> it's time for liberal members to fight against the lobbyists who run the nsw branch of the liberal party. time to claim our party back. </document>
<document> rt #user#: South Park has come across #url# </document>
<document> rt #user#: Chinese propaganda is coming to a school near you. #url# </document>
<document> #user# sorry when will the next national elections be held in China? the good people of China deserve to have a say in how their country is run! </document>
<document> rt #user#: It's been 1709 days since Australian workers said the coalition would "privatise" healthcare. #hashtag# </document>
<document> #user# #user# not yet in the same room at the same time. we need more solid evidence! </document>
<document> rt #user#: Best response I've seen to Joe Biden's racist comments. 🤣😂 </document>
<document> Australians should have a #url# </document> choice
<document> rt #user#: when will this madness end. forget "people with wombs", that's downright disrespectful to women. </document>
<document> rt #user#: Follow a brave ccp whistleblower #user# </document>
<document> rt #user#: While having dinner with my Uyghur friends they taught me a new Uyghur phrase which means "make your stomach explode". 😂 </document>
<document> #user# beautiful in any color </document>
<document> rt #user#: Couldn't have said it better. #url# </document>
<document> nice to see. #url# </document>
<document> rt #user#: fact-check: the governor of texas is a republican. #user# #url# </document>
<document> rt #user#: people shouldn't be afraid of governments governments should be afraid of people </document>
<document> rt #user#: Please keep telling me why it's okay to allow men into women's sports. </document>
<document> rt #user#: #user# ....doesn't that make abc...accomplice? #url# </document>
<document> hopefully facebook also blocked #user# from viewing pregnant women's posts. #url# </document>
<document> rt #user#: billy has forgotten how to use the computer because he is black. #url# </document>
<document> #user# #user# craig kelly has exactly the same problem. </document>
<document> rt #user#: I love talk radio...#user# #url# </document>
<document> rt #user#: well, I'll be buttered on both sides of my creepy guess </document>
<document> rt #user#: doc and marty made it to 2021 💜 #url# </document>
<document> rt #user#: Well now, things suddenly got interesting. </document>
<document> and again #user# will turn a blind eye to the work and corruption of its connections. #url# </document>
<document> rt #user#: Whoever this journalist is, he deserves a pay rise. he just snubbed the whole block. #url# </document>
<document> rt #user#: Statement by President Donald Trump. #url# </document>
<document> rt #user#: 'Highly contagious' British strain strikes again. beware of the UK strain. 😬 #url# </document>
<document> rt #user#: I wish Hollywood would erase pedophiles and sexual predators like conservatives do... </document>
<document> rt #user#: #hashtag# arrives in australia. thanks #user# for shedding some light on this. #url# </document>
<document> #user# #user# #user# should never have gone this far. shameful the way she was treated. </document>
<document> if we purge the crazies out of universities, I wonder how much money students can makeve about their taxes? #url# </document>
<document> rt #user#: Victorian Lockdown Announcement Drives Lifelines 3rd Most Calls In Its 60 Year History 😳 #hashtag# </document>
<document> #user# Shouldn't #user# come naturally? </document>
<document> #user# #user# is running Windows by any chance? </document>
<document> #user# #user# #user# #user# shameful if true. </document>
<document> rt #user#: maybe #user# could run it. oh who am i kidding...? </document>