<author lang="en"  
	<document> rt #user#: serena williams shares this message after #hashtag# #url# </document>
		<document> rt #user#: #user# #user# same. i couldn't give a damn, but i'm so pissed watching this interview. </document>
		<document> rt #user#: #user# i am seething and i don't even care about the royals normally </document>
		<document> rt #user#: they cut harry off. and prince andrew is still on the payroll #hashtag# </document>
		<document> rt #user#: diana might have lost a battle but she won the war. #hashtag# #url# </document>
		<document> rt #user#: leave it to amanda to find the perfect words to sum up a pivotal moment in history. #hashtag# #url# </document>
		<document> rt #user#: nobody has cut off prince andrew’s money though. interesting. #hashtag# </document>
		<document> rt #user#: princess diana watching meghan spill tea from heaven #hashtag# #url# </document>
		<document> rt #user#: the daily mail lie like we didn’t all watch it in 4k together 😭😭😭 #hashtag# </document>
		<document> rt #user#: i’ll never be able to look at this moment the same ever again 🥺 #hashtag# #url# </document>
		<document> rt #user#: the royal family judging archie #hashtag# #url# </document>
		<document> rt #user#: i am yet to see a worthy rebuttal to patrick j. adams thread. #url# </document>
		<document> rt #user#: meghan markle's #hashtag#' co-star patrick j. adams hits back at the royal family #url# </document>
		<document> rt #user#: find someone else to admonish, berate and torment. my friend meghan is way out of your league. </document>
		<document> it's all about fear and control. #url# </document>
		<document> rt #user#: the president of the united states cares more for adult citizens of foreign countries than american children. </document>
		<document> rt #user#: pretty neat how millions of illegal aliens are going to be able to collect the stimulus check. on your tax dollar. </document>
		<document> rt #user#: a $1400 stimulus check that is costing the american people $5750 per person is not a $1400 win, it's a $4,350 loss. </document>
		<document> rt #user#: please pray i have a young family member in the hospital after a terrible accident. pray that god will perform a miracle. </document>
		<document> rt #user#: open the churches. do it today. </document>
		<document> rt #user#: 1731 genders and all it took was for one—superstraights—to offend them all. </document>
		<document> rt #user#: god was the 1st to be canceled in america back in the 60’s &amp; as a result, culture been down hill from then. </document>
		<document> rt #user#: #user# precisely. but the sexual harassment scandal is a perfect foil to divert attention from the real crime. </document>
		<document> rt #user#: america now feels like a foreign country to me. i don't feel at peace in the usa anymore. </document>
		<document> rt #user#: 15 months to flatten the middle class. </document>
		<document> uk - double standards: if you are going to investigate meghan markle, why aren't you investigating prince andrew? #url# </document>
		<document> uk - march 5, 2021: we prove royal experts lie about harry and meghan | josh peters &amp; archie manners. #url# </document>
		<document> rt #user#: mccarthy is paul ryan on steroids. </document>
		<document> rt #user#: mask burning party in idaho 🔥 </document>
		<document> rt #user#: cdc will allow migrant camps for children to operate at 100% capacity #url# #url# </document>
		<document> rt #user#: .#user#: leadership has consequences, new yorkers deserve better governor #url# </document>
		<document> they still are. #url# </document>
		<document> rt #user#: use bit chute .com </document>
		<document> rt #user#: #user# this should not even be legal!! #user# please help on this!! no criminal should be allowed to vote. </document>
		<document> rt #user#: #user# the democrat party is for criminals, illegal aliens and the professional grievance industry </document>
		<document> rt #user#: biden to sign election executive order to increase voting by criminals #url# </document>
		<document> rt #user#: biden announces all bombs used in the middle east will be purchased from black-owned businesses #url# </document>
		<document> rt #user#: caustic tweets and policy controversies come back to haunt biden pick for top dod role | just the news </document>
		<document> rt #user#: biden's america! 1600 immigrants arrested over 3 day period in massive texas border bust! #url# </document>
		<document> rt #user#: i have never even heard of a word being banned from #user# before they banned blue anon #url# </document>
		<document> rt #user#: armed citizens are a deterrent to tyranny </document>
		<document> rt #user#: #user# #user# down the memory hole </document>
		<document> rt #user#: #user# #user# i think we would have had much better luck going with the rural dictionary. </document>
		<document> rt #user#: #user# #user# lol. that makes it all that much more important that we use it. </document>
		<document> rt #user#: and everyone knows they will list literally anything until now </document>
		<document> is this a believe all women case or nah? #hashtag# #hashtag# #url# </document>
		<document> rt #user#: good morning to everyone except the people who sold the entire country out just to get a measly $1400 check. </document>
		<document> rt #user#: where's hunter biden? </document>
		<document> rt #user#: hr1 will be more deadly for america than h1n1 and cvd19 combined. </document>
		<document> rt #user#: thumbs up 👍 if you want america to reopen now. </document>
		<document> rt #user#: you want a better life? follow what god has for you. </document>
		<document> good sunday to you! #url# </document>
		<document> good night , good sleep, good morning and god bless you! #url# </document>
		<document> rt #user#: #user# #user# laughed out loud. </document>
		<document> rt #user#: #user# "it's not enough to be non-binary. you have to be anti-binary." </document>
		<document> covid-19: from seniors forced into nursing homes to ccp tactics on american soil. #hashtag# #url# </document>
		<document> rt #user#: #user# #user# legend 🔥thank you for speaking the truth. finally a voice... </document>
		<document> rt #user#: #user# also, i don't believe #user# is feeling suicidal </document>
		<document> rt #user#: #user# #user# #user# *epstein story that is </document>
		<document> rt #user#: #user# here you go. a smoking gun. #url# </document>
		<document> rt #user#: conservatives and republicans are the authoritarians though 🤡 </document>
		<document> rt #user#: welcome to the circus. enjoy your stay 🤡 </document>
		<document> rt #user#: if you're not terrified by this, wake up. google will remove facts if they think they're harmful. </document>
		<document> rt #user#: finding offense everywhere you look is just self-importance disguised as virtue. </document>
		<document> rt #user#: #user# wrong #hashtag# is the number one threat to our country #hashtag# </document>
		<document> rt #user#: #user# #user# 😂 i'm done with you! </document>
		<document> rt #user#: #user# #user# when outside cant wait rip 1 mask off my face never mind 2. </document>
		<document> rt #user#: have you seen anybody wearing a double mask? i haven’t. </document>
		<document> rt #user#: why aren’t republicans filing lawsuits against joe’s executive orders???? </document>
		<document> rt #user#: just in: trump sends legal notice to the rnc to stop using his name for fundraising and merchandise -politico </document>
		<document> no unity: the world is watching #url# </document>
		<document> good saturday to you! #url# </document>
		<document> now is the time for all good men to come to the aid of our country... #url# </document>
		<document> rt #user#: #user# lunacy. we can cancel them just as they try to cancel us. we aren't having another holocaust. </document>
		<document> rt #user#: describe cancel culture in one word. </document>
		<document> rt #user#: the people surrounded by chain link fences topped with razor wire in dc just voted to defund your police. </document>
		<document> rt #user#: #user# #user# #user# so much for the oath joe (or body double) took </document>
		<document> rt #user#: how stupid do leftists feel right now watching biden do everything they falsely claimed trump would do? </document>
		<document> rt #user#: no wonder liberals love masks. 99% of them are unattractive. </document>
		<document> rt #user#: ebay removes all listings of the six canceled dr. seuss books just a normal day in our totally free and healthy country </document>
		<document> rt #user#: #user# #user# when your plan suddenly goes wrong </document>
		<document> rt #user#: there have been so many of these hoaxes that it’s better to just assume they’re fake until proven otherwise. </document>
		<document> rt #user#: yep. and i’m asked why the same keeps happening. </document>
		<document> rt #user#: #user# thank you for looking into these cases. </document>
		<document> rt #user#: the level of idiocy is reaching new levels... #hashtag# at #url# #url# </document>
		<document> rt #user#: alabama to join texas, mississippi, florida, in eliminating mask mandates this week! democrats, read this and weep!!! </document>
		<document> good friday to you! #url# </document>
		<document> rt #user#: h.r. 1 will end america. remember this tweet. </document>
		<document> rt #user#: open the keystone pipeline! rt </document>
		<document> rt #user#: if masks work, why do mask wearers get covid? </document>
		<document> rt #user#: we choose to comply with the law, not comply with a lie! </document>
		<document> rt #user#: masks are a religious totem for stupid and weak people. </document>
		<document> rt #user#: 🇺🇸 rt if you miss president trump and first lady melania trump! #hashtag# #url# </document>
		<document> rt #user#: media fell for their own psyop </document>
		<document> rt #user#: breaking: west virginia house just passed a bill to fund students instead of systems. </document>
		<document> rt #user#: reported: just 4 senators are currently in the chamber </document>
		<document> rt #user#: new: sen. ron johnson to require 600 page covid-19 relief bill to be read out loud before vote -nyp </document>
		<document> rt #user#: the alpacas were not masked. </document>
		<document> rt #user#: saw someone walking their 2 fluffy alpacas. absolute goals. #url# </document>
		<document> rt #user#: does anybody really believe q "militia groups" were plotting to breach the capitol today? </document>
		<document> rt #user#: when politicians vote to defund the police, they intend the cut for your neighborhood, not theirs. </document>
		<document> rt #user#: require election workers to wear body cams </document>
		<document> rt #user#: we went from the most transparent president in history, to the least. why won’t president biden hold a press conference? </document>
		<document> rt #user#: no government subsidy is better than freedom for the american people. </document>
		<document> rt #user#: breaking: the south dakota legislature has passed a pro-life bill that would ban abortions on babies with down syndrome. </document>
		<document> good thursday to you! #url# </document>
		<document> rt #user#: worst job in the world: entry level anal swabber in china </document>
		<document> rt #user#: nobody is stopping you from wearing a mask, don’t punish the rest of us because you’re paranoid! </document>
		<document> rt #user#: masks: #user# #user#: "real leaders agree -- people still need to mask up and stay distanced." #url# </document>
		<document> rt #user#: joe biden tried to take questions and the white house shut down the feed 👀 #url# </document>
		<document> rt #user#: every day is a blessing from god. </document>
		<document> rt #user#: i love it! the dems are going insane over tx opening! 😂😂😂😂😂😂 </document>
		<document> rt #user#: andrew cuomo is lying. </document>
		<document> rt #user#: #user# facts....i have the recording </document>
		<document> rt #user#: they've brainwashed half the population to believe that freedom is inherently selfish. </document>
		<document> rt #user#: keith olbermann represents the heart of the democrat party. he is the id, completely unfiltered. </document>
		<document> rt #user#: biden hasn’t had a press conference in the white house since he was vice president.... </document>
		<document> rt #user#: #user# this is exactly what will happen. </document>
		<document> rt #user#: i don’t know who needs to hear this but.... if you are triggered by states reopening, you can stay the hell home! </document>
		<document> rt #user#: i for one am excited about liberals avoiding me in texas for not wearing a mask anywhere at all. </document>
		<document> rt #user#: we are not far away from the time when they will ban bibles. </document>
		<document> rt #user#: wear a damn mask if you want to ....... but don’t try to impose your paranoia on the rest of us. </document>
		<document> rt #user#: #user# zilch. nada. nothing </document>
		<document> rt #user#: #user# i got this not a damn thing #user# </document>
		<document> rt #user#: #user# or better yet can anyone tell us what happened to all the money that was donated? </document>
		<document> rt #user#: can anyone from blm tell me what joe biden has done for the black community so far? </document>
		<document> rt #user#: #user# you just answered your own question. </document>
		<document> rt #user#: #user# i thought they weren't supposed to be constantly around one another for security reasons. </document>
		<document> rt #user#: #user# because she’s really the one in charge. </document>
		<document> rt #user#: i could have sworn the vice president have their own job and role. </document>
		<document> rt #user#: #user# time to read tocqueville's ancien regime &amp; the revolution, if you haven't already. </document>
		<document> rt #user#: #user# he's a master of projection....that's why. </document>
		<document> rt #user#: why are they like this #url# </document>
		<document> rt #user#: have i now become your enemy by telling you the truth? galatians 4:16 </document>
		<document> rt #user#: chris cuomo won't cover his brother’s sexual misconduct allegations because he is his wingman. </document>
		<document> rt #user#: something so encouraging about reading of the extraordinary acts of ordinary people. #url# </document>
		<document> rt #user#: wow. my cuomo ‘crush’ turned out to be stockholm syndrome #url# </document>
		<document> rt #user#: he’s definitely controlling who gets to ask the questions. no question. </document>
		<document> rt #user#: why andrew cuomo is falling on all fronts #url# #url# </document>
		<document> rt #user#: we won’t forget. we’ll keep fighting. </document>
		<document> rt #user#: my in-laws died in a nursing home. i took on cuomo in their names | opinion #url# </document>
		<document> rt #user#: it did. he didn’t. jared said no. </document>
		<document> celebrating the goals, journey and destination is key. #url# </document>
		<document> rt #user#: so are we deplorable, neanderthals? or neanderthal, deplorables? </document>
		<document> rt #user#: as of today, i am a us citizen! 🇺🇸 #url# </document>
		<document> rt #user#: 💡 go through your day saying... “father thank you that you will finish what you started in my life!” </document>
		<document> rt #user#: #user# #user# #user# jesus christ is truth. 🙏😔🙏 </document>
		<document> rt #user#: why wasn’t dr. seuss racist when michelle obama invited him to the white house? #url# </document>
		<document> a reasonable, logical question. #url# </document>
		<document> rt #user#: #user# props to eleanor holmes norton </document>
		<document> rt #user#: #user# it's not the only thing making the us look like a totalitarian regime. </document>
		<document> rt #user#: using this playbook: </document>
		<document> rt #user#: #user# well, you can see why they need to get rid of dr. suess. </document>
		<document> rt #user#: #user# thank you jack so much for saying ☺️ that. i needed it badly. god bless you and yours always. </document>
		<document> rt #user#: and now you know why they want him banned </document>
		<document> rt #user#: #user# #user# on amazon buying all dr. seuss books </document>
		<document> rt #user#: #user# even dr. pepper </document>
		<document> rt #user#: #user# i trust dr seuss more than dr fauci! </document>
		<document> rt #user#: #user# i have more confidence in these two. 😂😂😂😂 #url# </document>
		<document> rt #user#: hate on dr. seuss all you want but he still is more of a doctor than bill gates. </document>
		<document> rt #user#: #user# pelosi has done it this time! </document>
		<document> rt #user#: #user# #user# you are so right! </document>
		<document> rt #user#: breaking news.🚨🚨 speaker pelosi's cover is completely blown.🔻 #url# </document>
		<document> rt #user#: joe biden opened himself up to questions from the press today but the white house cut the feed. why. </document>
		<document> rt #user#: migrants arrive at us-mexico border wearing biden shirts. #url# </document>
		<document> rt #user#: buckle up folks. gas prices are going to go through the roof. don’t say i didn’t warn you. watch!!! </document>
		<document> rt #user#: white house cuts virtual event feed after biden says he's 'happy to take questions' from house democrats </document>
		<document> rt #user#: the first unarmed "insurrection" in history! </document>
		<document> rt #user#: mitch mcconnell is a dumbass. </document>
		<document> rt #user#: neanderthals is what president dementia calls people who don't live in fear. </document>
		<document> rt #user#: cbs news: alabama senate votes to make hormone therapy, surgery for trans youth a felony </document>
		<document> rt #user#: priorities i guess 🤷‍♂️ #url# </document>
		<document> rt #user#: my hero made the front page of this weeks crittenden press. happy retirement mom! #url# </document>
		<document> good wednesday to you! #url# </document>
		<document> rt #user#: don't be afraid of god's will even if it's different from yours. </document>
		<document> rt #user#: #user# #user# #user# this deserve a translation into spanish and french. </document>
		<document> rt #user#: #user# i wonder how he feels about legislators making laws about business stuff they have zero understanding of? </document>
		<document> rt #user#: #user# my daughter wrote a book at age 6. </document>
		<document> rt #user#: #user# wow, why he hadn't been honoured with a nobel prize </document>
		<document> rt #user#: #user# #user# yes, google censors everything...use a trackless engine like duckduckgo. </document>
		<document> rt #user#: #user# is google censoring trump's cpac speech??? #url# </document>
		<document> rt #user#: #user# narcissist. awful to work with... </document>
		<document> rt #user#: #user# gives the good white men a bad name. </document>
		<document> rt #user#: #user# don’t know, but i love it😂 </document>
		<document> rt #user#: so that was a lie #url# </document>
		<document> #hashtag# bible: "thou shalt not steal." #url# </document>
		<document> rt #user#: funny...i didn’t see any shops boarded up in orlando because trump supporters were coming to town. </document>
		<document> rt #user#: hunter biden is so messed up he thinks coke is telling him to do less white. </document>
		<document> rt #user#: 40 days in office without a press conference and no sotu in sight. pathetic </document>
		<document> rt #user#: andrew cuomo is done. the dam has opened. </document>
		<document> rt #user#: candace owens is living rent free in liberals heads just like trump does </document>
		<document> rt #user#: stock market way up. people like seeing the president who won. #hashtag# 🇺🇸 </document>
		<document> rt #user#: only biological women should be playing women’s sports. this shouldn’t be a debate. </document>
		<document> rt #user#: why hasn’t vegas paid out the people who bet on biden? what’s the delay... i thought he won? lol </document>
		<document> rt #user#: i don’t care that trump developed the vaccine. i’m not taking it. </document>
		<document> rt #user#: #user# #user# #user# no money in that </document>
		<document> rt #user#: #user# #user# this is crazy!!!!! rather administer ivm or hcq to everyone! </document>
		<document> rt #user#: #user# #user# #user# you might be right. wise move to suspend that batch. </document>
		<document> rt #user#: #user# #user# maybe they failed to keep it refrigerated correctly </document>
		<document> rt #user#: follow the $$$$$$$$$$$$$==&gt; #url# </document>
	  <author lang="en"
<document> rt #user#: serena williams shares this message after #hashtag# #url# </document>
<document> rt #user#: #user# #user# himself. I don't give a damn, but I'm so pissed off watching this interview. </document>
<document> rt #user#: #user# I'm seething and normally I don't even care about reals </document>
<document> rt #user#: Harry has been terminated. and prince andrew is still on the #hashtag# </document> payroll
<document> rt #user#: Diana may have lost a battle but she won the war. #hashtag# #url# </document>
<document> rt #user#: Leave it to Amanda to find the perfect words to sum up a pivotal moment in the story. #hashtag# #url# </document>
<document> rt #user#: Nobody cut Prince Andrew's money though. Interesting. #hashtag# </document>
<document> rt #user#: Princess Diana watches Meghan pour tea from the sky #hashtag# #url# </document>
<document> rt #user#: daily mail lies as if we hadn't all watched it together in 4k 😭😭😭 #hashtag# </document>
<document> rt #user#: I will never look at this moment the same again 🥺 #hashtag# #url# </document>
<document> rt #user#: royals judge archie #hashtag# #url# </document>
<document> rt #user#: I have yet to see a worthy rebuttal to patrick j. adams thread. #url# </document>
<document> rt #user#: meghan markle #hashtag# co-star patrick j. adams replies to royal family #url# </document>
<document> rt #user#: Find someone else to admonish, scold and torment. my friend Meghan is out of your league. </document>
<document> is all about fear and control. #url# </document>
<document> rt #user#: The president of the united states cares more about adult citizens of foreign countries than about american children. </document>
<document> rt #user#: Pretty clear how millions of illegal immigrants will be able to cash in on stimulus check. on your tax dollar. </document>
<document> rt #user#: A $1400 stimulus check that is costing Americans $5750 per person is not a $1400 win, it is a $4,350 loss. </document>
<document> rt #user#: please please I have a young family member in the hospital after a terrible accident. pray for God to perform a miracle. </document>
<document> rt #user#: open churches. do it today. </document>
<document> rt #user#: 1731 sexes and it was enough for one, super straight, to offend them all. </document>
<document> rt #user#: god was the first to be canceled in America in the 60s &amp; as a result, the culture has been downhill ever since. </document>
<document> rt #user#: #user# indeed. but the sexual harassment scandal is a perfect foil to divert attention from the true crime. </document>
<document> rt #user#: America now seems like a foreign country to me. I no longer feel at peace in the United States. </document>
<document> rt #user#: 15 months to flatten the middle class. </document>
<document> uk - double standards: if you're going to investigate Meghan Markle, why aren't you investigating prince andrew? #url# </document>
<document> uk - 5 march 2021: we prove royal experts are lying about harry and meghan | Josh Peters &amp; archie manners. #url# </document>
<document> rt #user#: mccarthy is paul ryan on steroids. </document>
<document> rt #user#: mask burning party in idaho 🔥 </document>
<document> rt #user#: cdc will allow migrant camps to operate at 100% capacity #url# #url# </document>
<document> rt #user#: .#user#: Leadership has consequences, New Yorkers deserve a better governor #url# </document>
<document> still are. #url# </document>
<document> rt #user#: Use bitchute .com </document>
<document> rt #user#: #user# this shouldn't even be legal!! #user# please help!! no criminal should be allowed to vote. </document>
<document> rt #user#: #user# the democratic party is for criminals, illegal immigrants and the professional claims industry </document>
<document> rt #user#: biden to sign electionexecutive order to increase the vote of criminals #url# </document>
<document> rt #user#: Biden announces that all bombs used in the Middle East will be purchased by black-owned companies #url# </document>
<document> rt #user#: caustic tweets and political controversies come back to haunt Biden chosen for the role of top dod | only the news </document>
<document> rt #user#: biden's america! 1600 Immigrants Arrested Over 3 Day Period In Massive Texas Border Shutdown! #url# </document>
<document> rt #user#: I've never even heard of a word being banned from #user# before they banned blue anon #url# </document>
<document> rt #user#: Armed citizens deter tyranny </document>
<document> rt #user#: #user# #user# in memory hole </document>
<document> rt #user#: #user# #user# I think we would have had much better luck with the rural dictionary. </document>
<document> rt #user#: #user# #user# lol. this makes it all that much more important that we use it. </document>
<document> rt #user#: and everyone knows they will list literally anything up to now </document>
Is <document> a coincidence that he believes all women or not? #hashtag# #hashtag# #url# </document>
<document> rt #user#: Hello everyone except the people who sold out the entire country just to get a measly $1400 check. </document>
<document> rt #user#: Where is Hunter Biden? </document>
<document> rt #user#: hr1 will be more deadly to America than h1n1 and cvd19 combined. </document>
<document> rt #user#: thumbs up 👍 if you want america to reopen now. </document>
<document> rt #user#: Want a better life? follow what God has for you. </document>
<document> happy Sunday to you! #url# </document>
<document> good night, good sleep, good morning and God bless you! #url# </document>
<document> rt #user#: #user# #user# laughed out loud. </document>
<document> rt #user#: #user# "it's not enough to be non-binary. You have to be anti-binary." </document>
<document> covid-19: from the elderly forced into nursing homes to the tactics of the ccp on American soil. #hashtag# #url# </document>
<document> rt #user#: #user# #user# legend 🔥thanks for telling the truth. finally a voice... </document>
<document> rt #user#: #user# too, I don't think #user# feels suicidal </document>
<document> rt #user#: #user# #user# #user# *epstein story that is </document>
<document> rt #user#: #user# here you go. a smoking gun. #url# </document>
<document> rt #user#: conservatives and republicans are the authoritarians though 🤡 </document>
<document> rt #user#: Welcome to the circus. enjoy your stay 🤡 </document>
<document> rt #user#: If you're not terrified of this, wake up. google will remove facts if it deems them harmful. </document>
<document> rt #user#: finding offenses everywhere you look is just conceit masquerading as a virtue. </document>
<document> rt #user#: Incorrect #user# #hashtag# is the number one threat to our country #hashtag# </document>
<document> rt #user#: #user# #user# 😂 I'm done with you! </document>
<document> rt #user#: #user# #user# when out i can't wait rip 1 mask off my face it doesn't matter 2. </document>
<document> rt #user#: Have you seen anyone wearing a double mask? I did not. </document>
<document> rt #user#: Why aren't the Republicans suing Joe's executive orders???? </document>
<document> rt #user#: just in: trump sends legal notice to rnc to stop using his name for fundraising and merchandising -political </document>
<document> no units: the world is watching #url# </document>
<document> Happy Saturday to you! #url# </document>
<document> now is the time for all good men to come to the aid of our country... #url# </document>
<document> rt #user#: #user# madness. we can erase them just like they try to erase us. we will not have another holocaust. </document>
<document> rt #user#: Describes the cancel culture in one word. </document>
<document> rt #user#: people surrounded by cHain link fences topped with barbed wire in Washington just voted to defuse your police funds. </document>
<document> rt #user#: #user# #user# #user# so much for the oath Joe (or stunt double) took </document>
<document> rt #user#: How stupid do leftists feel right now to watch Biden do everything they falsely claimed Trump would do? </document>
<document> rt #user#: No wonder liberals love masks. 99% of them are unattractive. </document>
<document> rt #user#: ebay removes all listings of the six dr. seuss books just a normal day in our totally free and sane country</document>
<document> rt #user#: #user# #user# when your plan suddenly goes wrong </document>
<document> rt #user#: There have been so many of these hoaxes that it's best to assume they're fake until proven otherwise. </document>
<document> rt #user#: yes. and I'm asked why it keeps happening the same. </document>
<document> rt #user#: #user# Thanks for looking into these cases. </document>
<document> rt #user#: the level of idiocy is reaching new levels... #hashtag# at #url# #url# </document>
<document> rt #user#: alabama will join texas, mississippi, florida in eliminating face mask mandates this week! Democrats, read this and cry!!! </document>
<document> Happy Friday to you! #url# </document>
<document> rt #user#: h.r. 1 will end America. remember this tweet. </document>
<document> rt #user#: open keystone pipeline! rt </document>
<document> rt #user#: if masks work, why does the wearer get sick with covid? </document>
<document> rt #user#: We choose to abide by the law, not abide by a lie! </document>
<document> rt #user#: Masks are a religious totem for stupid and weak people. </document>
<document> rt #user#: 🇺🇸 rt if you miss President Trump and First Lady Melania Trump! #hashtag# #url# </document>
<document> rt #user#: The media fell in love with their own psyop </document>
<document> rt #user#: breaking: west virginia house just passed a bill to fund students instead of systems. </document>
<document> rt #user#: Reported: Only 4 Senators are currently in the House </document>
<document> rt #user#: new: sen. ron johnson to ask 600-page covid-19 bill read aloud ahead of vote -nyp </document>
<document> rt #user#: Alpacas were not masked. </document>
<document> rt #user#: Saw someone walking his 2 fluffy alpacas. absolute goals. #url# </document>
<document> rt #user#: Does anyone really believe that q "militia groups" were plotting to raid the capital today? </document>
<document> rt #user#: When politicians vote to defund the police, they mean the cut for your neighborhood, not theirs. </document>
<document> rt #user#: Require poll workers to wear body cams </document>
<document> rt #user#: We've gone from the most transparent president in history, to the last one. why won't President Biden hold a press conference? </document>
<document> rt #user#: No government subsidy beats freedom for the American people. </document>
<document> rt #user#: breaking: The South Dakota Legislature passed a pro-life bill that would ban abortions for babies with Down syndrome. </document>
<document> Happy Thursday to you! #url# </document>
<document> rt #user#: World's Worst Job: Entry Level Anal Swab in China </document>
<document> rt #user#: no one is stopping you from wearing a mask, don't punish the rest of us for being paranoid! </document>
<document> rt #user#: masks: #user# #user#: "true leaders agree: people still need to mask up and keep their distance." #url# </document>
<document> rt #user#: joe biden tried answering questions and the White House shut down the feed 👀 #url# </document>
<document> rt #user#: every day is a blessing from god. </document>
<document> rt #user#: I love it! dems are freaking out about opening tx! 😂😂😂😂😂😂 </document>
<document> rt #user#: andrew cuomo is lying. </document>
<document> rt #user#: #user# done....I have the registration </docment>
<document> rt #user#: They brainwashed half the population into believing that freedom is inherently selfish. </document>
<document> rt #user#: keith olbermann represents the heart of the democratic party. is the id, completely unfiltered. </document>
<document> rt #user#: Biden has not held a White House press conference since he was vice president.... </document>
<document> rt #user#: #user# this is exactly what will happen. </document>
<document> rt #user#: I don't know who needs to hear this but.... if you're triggered by states reopening, you can stay home! </document>
<document> rt #user#: I for one am thrilled that liberals avoid me in Texas because I don't wear a mask anywhere. </document>
<document> rt #user#: We are not far from the time when they will ban the Bibles. </document>
<document> rt #user#: wear a damn mask if you will.......but don't try to impose your paranoia on the rest of us. </document>
<document> rt #user#: #user# zilch. nada. nothing </document>
<document> rt #user#: #user# I don't understand anything #user# </document>
<document> rt #user#: #user# or better yet can someone tell us what happened to all the money that was donated? </document>
<document> rt #user#: Can anyone at blm tell me what Joe Biden has done so far for the black community? </document>
<document> rt #user#: #user# you just answered your own question. </document>
<document> rt #user#: #user# I thought they shouldn't be in constant proximity to each other for security reasons. </document>
<document> rt #user#: #user# because she really is in charge. </document>
<document> rt #user#: I could have sworn the VP had their job and role. </document>
<document> rt #user#: #user# time to read ancien regime &amp; the revolution, if you haven't already. </document>
<document> rt #user#: #user# is a master of projection....here's why. </document>
<document> rt #user#: why am I like this #url# </document>
<document> rt #user#: have I now become your enemy by telling you the truth? Galatians 4:16 </document>
<document> rt #user#: chris cuomo won't cover his brother's sexual misconduct allegations because he's his wingman. </document>
<document> rt #user#: Something so encouraging about reading the extraordinary deeds of ordinary people. #url# </document>
<document> rt #user#: wow. my "crush" on the man turned out to be stockholm syndrome #url# </document>
<document> rt #user#: is definitely controlling who can ask questions. no question. </document>
<document> rt #user#: Why Andrew Cuomo is falling on all fronts #url# #url# </document>
<document> rt #user#: we won't forget. we will continue to fight. </document>
<document> rt #user#: My in-laws died in a nursing home. i hired cuomo in their names | opinion #url# </document>
<document> rt #user#: did it. he did not. Jared said no. </document>
<document> celebrating the goals, the journey and the destination is essential. #url# </document>
<document> rt #user#: so we are deplorable, neanderthals? or neanderthals, deplorable? </document>
<document> rt #user#: as of today I am a US citizen! 🇬🇧 #url# </document>
<document> rt #user#: 💡 spend the day saying... "father thank you that you will finish what you started in my life!" </document>
<document> rt #user#: #user# #user# #user# jesus christ is the truth. 🙏😔🙏 </document>
<document> rt #user#: why dr. racist seuss when Michelle Obama invited him to the White House? #url# </document>
<document> a reasonable and logical question. #url# </document>
<document> rt #user#: #user# props to eleanor holmes norton </document>
<document> rt #user#: #user# isn't the only thing that makes the United States look like a totalitarian regime. </document>
<document> rt #user#: using this playbook: </document>
<document> rt #user#: #user# well you can see why they need to get rid of dr. Suess. </document>
<document> rt #user#: #user# thank you so much jack for saying that ☺️. I badly needed it. God bless you and yours always. </document>
<document> rt #user#: and now you know why they want him banned </document>
<document> rt #user#: #user# #user# on amazon buying all dr. seuss books </document>
<document> rt #user#: #user# also dr. pepper </document>
<document> rt #user#: #user# i trust dr seuss more than dr fauci! </document>
<document> rt #user#: #user# I trust these two more. 😂😂😂😂 #url# </document>
<document> rt #user#: hate for dr. seuss all you want but he's still more of a doctor than bill gates. </document>
<document> rt #user#: #user# pelosi did it this time! </document>
<document> rt #user#: #user# #user# you are right! </document>
<document> rt #user#: breaking news.🚨🚨 the cover of the speaker Pelosi is completely blown.🔻 #url# </document>
<document> rt #user#: joe biden opened up to questions from the press today but the White House shut down the feed. Why. </document>
<document> rt #user#: Migrants arrive at the US-Mexico border wearing Biden T-shirts. #url# </document>
<document> rt #user#: Buckle up folks. gas prices will skyrocket. don't say I didn't warn you. clock!!! </document>
<document> rt #user#: White House cuts virtual event feed after Biden says he's "happy to answer questions" from House Democrats </document>
<document> rt #user#: the first unarmed "insurrection" in history! </document>
<document> rt #user#: mitch mcconnell is a moron. </document>
<document> rt #user#: neanderthals is what president dementia calls people who don't live in fear. </document>
<document> rt #user#: cbs news: alabama senate votes to make hormone therapy, surgery for trans youth a felony </document>
<document> rt #user#: priority I guess 🤷‍♂️ #url# </document>
<document> rt #user#: My hero made the front page of this week's crittenden press. happy retirement mom! #url# </document>
<document> Happy Wednesday to you! #url# </document>
<document> rt #user#: do not be afraid of God's will even if it is different from yours. </document>
<document> rt #user#: #user# #user# #user# this deserves a translation into spanish and french. </document>
<document> rt #user#: #user# I wonder how you feel about legislators making laws on trade matters they have no understanding of? </document>
<document> rt #user#: #user# my daughter wrote a book when she was 6 years old. </document>
<document> rt #user#: #user# wow, why didn't he get a Nobel Prize </document>
<document> rt #user#: #user# #user# yes, google censors everything...use a trackless engine like duckduckgo. </document>
<document> rt #user#: #user# is google censoring trump's cpac talk??? #url# </document>
<document> rt #user#: narcissistic #user#. terrible to work with... </document>
<document> rt #user#: #user# gives good white men a bad name. </document>
<document> rt #user#: #user# I don't know, but I like it😂 </document>
<document> rt #user#: so it was a lie #url# </document>
<document> #hashtag# bible: "do not steal." #url# </document>
<document> rt #user#: Funny...I didn't see any closed stores in Orlando because Trump supporters were coming to town. </document>
<document> rt #user#: Hunter Biden is so screwed up he thinks coke is telling him to make less white people. </document>
<document> rt #user#: 40 days in office with no press conference and no sotu in sight. pathetic </document>
<document> rt #user#: andrew cuomo is done. the dam opened. </document>
<document> rt #user#: candace owens lives rent-free in liberal heads just like trump</document>
<document> rt #user#: Stock market up. people like to see the president who has won. #hashtag# 🇺🇸 </document>
<document> rt #user#: Only biological women should play women's sports. this shouldn't be a debate. </document>
<document> rt #user#: Why didn't Vegas pay people who bet on Biden? what is the delay... I thought he won? hi </document>
<document> rt #user#: I don't care that Trump developed the vaccine. I don't take it. </document>
<document> rt #user#: #user# #user# #user# no money in this </document>
<document> rt #user#: #user# #user# this is crazy!!!!! rather give ivm or hcq to everyone! </document>
<document> rt #user#: #user# #user# #user# you may be right. wise move to suspend that lot. </document>
<document> rt #user#: #user# #user# maybe they couldn't keep it refrigerated properly </document>
<document> rt #user#: follow the $$$$$$$$$$$$$==&gt; #url# </document>