 
	<document> #user# nope, we need to dissolve the police state, and start from scratch. </document>
		<document> #user# you mean like, your campaign contributors? </document>
		<document> western media losing enthusiasm for failing coup in venezuela #url# </document>
		<document> stumbling over the text, mr trump allegedly blamed people in the room for his mistakes and complained: “it’s like a foreign language.” #url# </document>
		<document> poll: nearly 70 percent of americans say impeachment trial should include new witnesses #url# </document>
		<document> an interesting read, even if the nyt failed to recognize that the unemployment rate doesn't have a lot of meaning any more, since bush the lesser changed how they calculate that particular statistic. #url# </document>
		<document> tens of thousands of women march in brazil against bolsonaro #url# </document>
		<document> the post op-ed accuses trump of betraying his oath of office “by threatening to order members of the u.s. military to violate the rights of their fellow americans.”
#url# </document>
		<document> democratic candidates demand the us prepare to fight the “wars of the future” #url# </document>
		<document> racism in st. charles? gee, shocker. #hashtag# #url# </document>
		<document> us-iran tensions: impact on china-iran ties #url# </document>
		<document> #user# #user# those democrats who are blocking biden's agenda are not centrists or moderates, they're corrupt corporate pawns. but hey, your advertisers don't want you to say that, do they? </document>
		<document> ‘national shame’: missouri leads u.s. in rate of black homicide victims — again #url# </document>
		<document> #user# that's what all those protesters outside the white house think, too. </document>
		<document> trump's solution to the homelessness crisis: deregulation and criminalization #url# </document>
		<document> nah, this isn't the act of a guilty man. not at all.n#hashtag# #url# </document>
		<document> paul krassner, anarchist, prankster and a yippies founder, dies at 87 #url# </document>
		<document> bill clinton’s act of terrorism #url# </document>
		<document> this isn't protecting people's rights, it's violating them.
welcome to the empire folks. #url# </document>
		<document> trump talks tough with journalists but lets strongmen like turkey's erdogan walk all over him #url# </document>
		<document> sign our letter to speaker pelosi #url# </document>
		<document> if you know anything about the culture of the left in this country, you know that it is pacifist by nature. all trump is doing is painting a bullseye on people who couldn't hurt a fly.
#hashtag# is aiding and abetting this. #url# </document>
		<document> bernie sanders is a climate champion #url# </document>
		<document> you know, it would be a damn shame if #hashtag# had a difficult time getting his motorcade back to the white house today, wouldn't it? #url# </document>
		<document> #user# #user# #user# #user# #user# #user# #user# #user# #user# #user# why, so they can fuck me over again with another atrocious trade deal or yet more media mergers? or maybe another war in the middle east! gee, that would be swell!
or even better, recruit another jeff van drew! </document>
		<document> ‘no cameras, no c-span, no coverage.’ rules will limit access during trump’s trial #url# </document>
		<document> nah, this won't be an inquisition. #hashtag# #url# </document>
		<document> so, trump wants to earn that trip to the guillotine. fine by me. #url# </document>
		<document> pumpkin spice latte calls cops on black cold brew #url# </document>
		<document> amber guyger sentenced to 10 years for murdering neighbor in his apartment #url# </document>
		<document> centene corp. called 'callous' by u.s. senator over accusations of denied care - st. louis business journal #url# </document>
		<document> oh look, here's #user# making excuses for her failure to accept $1.8t when she had the chance.
science ain't paying my bills, nancy.
i have $50 to my name because you were "worried about the language".
as a tactician, you suck.
#hashtag# #url# </document>
		<document> #user# which of trump's policies aren't sickening? </document>
		<document> yep, she's like a deer in the headlights.
pathetic. #url# </document>
		<document> us sanctions 'suffocating' ordinary venezuelans #url# </document>
		<document> william barr is neck-deep in extremist catholic institutions #url# </document>
		<document> yeah, this is what democrats should do; embrace war criminals. brilliant. #hashtag# #url# </document>
		<document> what a crock of shit. #url# </document>
		<document> #user# #user# #user# is lord buckethead the guillotine operator? </document>
		<document> pathetic. #url# </document>
		<document> #user# well, there's a bunch a reasons to not be a part of your fascist death cult. </document>
		<document> queen's guitarist calls for new live aid concert to fight climate change #url# </document>
		<document> we're headed for 'climate apartheid,' in which the poor will suffer while the rich save themselves, warns a chilling un report #url# </document>
		<document> #user# #user# bullshit. fascism and religion are intertwined until they become so intertwined that the religion becomes a part of the fascist infrastructure. fascism cannot exist without it. ergo, fascism becomes the religion, and the religion is enforced at the end of the sword-convert or die </document>
		<document> oh sure, systematically dismantle the environmental regulations, even though greenland' s permafrost has melted 70 years before it was predicted to.
this fucker is going to kill us all. #url# </document>
		<document> #user# i think peter weller should sue. lol </document>
		<document> what media like best about elizabeth warren: she’s not bernie sanders #url# </document>
		<document> if you haven't figured this out already... #url# </document>
		<document> i dreamed that blue duck reconstituted itself, and i went back to them.
then everyone freaked out. </document>
		<document> #user# #user# trump just made #hashtag# the official religion of the united states, and he's the head priest. </document>
		<document> lowe's fires thousands of workers despite getting $1 billion from trump tax cuts #url# </document>
		<document> gee, no shit! #url# </document>
		<document> this article is chock full of centrist delusion. first, pelosi says socialism isn't going to win electoral votes, then it goes on to talk about how democrats failed... #url# </document>
		<document> even after years of evangelicals selling this garbage to their herds, i'm still amazed they buy it. #url# </document>
		<document> fbi director christopher wray: 'majority' of domestic terrorism cases are white supremacy #url# </document>
		<document> msnbc's chris hayes wants trump to release proof that iran was planning imminent attack #url# </document>
		<document> facebook unveils plans for its own cryptocurrency #url# </document>
		<document> cnn's debate performance was villainous and shameful #url# </document>
		<document> well, lookie here. the suspense deepens... #url# </document>
		<document> #user# bullshit. bernie, you're being gullible. biden is a proven liar who won't change shit once he's in office. </document>
		<document> and here we go.... #url# </document>
		<document> beto wears bad brains tee at debate to impress cory booker - the hard times #url# </document>
		<document> exclusive: u.s. cedes syrian city to russia in battlefield "handover" as turkey tries to take it #url# </document>
		<document> 82nd airborne division preparing for deployment amid unrest in baghdad #url# </document>
		<document> #user# reviews? the presidency is not a fucking reality show, you dumb twat! </document>
		<document> barr and pence now implicated as suspects in house impeachment investigation #url# </document>
		<document> john bolton urges war against the sun after uncovering evidence it has nuclear capabilities #url# </document>
		<document> #user# fuck off, "entreprenuer". </document>
		<document> bernie and jeremy both face the same bias. #url# </document>
		<document> carjacker on meth abducts man and his pet goat from missouri adult store, cops say #url# </document>
		<document> #user# #user# #user# #user# #user# #user# #user# #user# #user# #user# actually, no. clinton lost missouri by 20 points. </document>
		<document> #user# you need to change the name of #user# to "let's try and rehabilitate the reputation of the bat shit crazy fascist criminal organization also known as the gop", because that's what it looks like you're up to every sunday.
bonus: it just rolls off the tounge. </document>
		<document> church sign in virginia says "america: love or leave it." #url# </document>
		<document> and there it is. the "compromise". #url# </document>
		<document> and even if you do, you could still be ruled by fools. #url# </document>
		<document> whistleblower’s attorney says team now representing ‘multiple’ officials #url# </document>
		<document> breaking: feline commits federal offense. #url# </document>
		<document> real estate values in davos and monaco about to skyrocket. #url# </document>
		<document> trump says u.s. economy is 'best it has ever been,' but facts tell a different story #url# </document>
		<document> so much for mcgrath. #url# </document>
		<document> translation: the democratic establishment is complicit in the palestinian genocide currently being perpetrated by israel.
especially biden. #url# </document>
		<document> #user# #user# atheists are not antichrists. the antichrist is one clearly defined figure, a description that trump matches in revelations. </document>
		<document> joe biden; corporate tool. #url# </document>
		<document> and frequent judge on "the gong show". #url# </document>
		<document> #user# #user# and of course, since it's a district attorney race, those that have committed election fraud won't be prosecuted. </document>
		<document> obama wanted to cut social security. then bernie sanders happened. #url# </document>
		<document> the inquisition continues... #url# </document>
		<document> the koch brothers are funding facebook’s newest fact-checking partner #url# </document>
		<document> bernie is the best chance we have on climate #url# </document>
		<document> and yet, congress still exists. #url# </document>
		<document> the money we waste on the endless wars could pay for #hashtag#, the #hashtag# and #hashtag#. wars that actually create more emissions that'll destroy the environment because they're burning fossil fuels to keep the oil based... #url# </document>
		<document> ellen degeneres and george w. bush bravely find common ground as rich white people #url# </document>
		<document> orange is the new black is taking on trump's immigration policies. </document>
		<document> i would add "clean water" to this. #url# </document>
		<document> st. louis county naacp names new president #url# </document>
		<document> televangelist acton bowen pleads guilty to sexually abusing multiple children #url# </document>
		<document> oh good, another way the us military is committing genocide in multiple countries! aren't we so proud!n#hashtag# #hashtag# #url# </document>
		<document> india's sixth largest city 'runs out of water' #url# </document>
		<document> jewish students and faculty oppose trump’s executive order #url# </document>
		<document> meanwhile in india, #hashtag#'s buddy #hashtag# is having his own little genocide. #url# </document>
		<document> faster pace of climate change is 'scary' #url# </document>
		<document> step one: stop running lame centrists. #url# </document>
		<document> jewish labour supporters protest against bbc bias #url# </document>
		<document> ocasio-cortez to campaign with bernie sanders in kansas #url# </document>
		<document> 'greatest threat to mankind is democratic party's cowardice,' says ocasio-cortez's spokesman #url# </document>
		<document> seriously, what is wrong with pelosi? is she senile, stupid, or what? #url# </document>
		<document> graham discussed trump in call with russian pranksters #url# </document>
		<document> #user# tear gas+covid 19= zombie apocalypse. </document>
		<document> new bombshell evidence reveals trump has known arrested giuliani associates for 5 years #url# </document>
		<document> #user# #user# #user# #user# #user# #user# #user# #user# #user# #user# #user# joe biden is basically a republican, and probably senile to boot.
he will lose to trump if he's the nominee. </document>
		<document> what trump and the "religious freedom" crowd are actually talking about is social engineering by killing off those deemed "heretical" in their eyes.
in other words, crimes against humanity. #url# </document>
		<document> but but but only white liberals are backing bernie sanders!!!! #hashtag# #hashtag# #hashtag#... #url# </document>
		<document> for the first time, majority of us wants the senate to remove trump from office #url# </document>
		<document> #user# #user# an apt nickname for my theocratic man child senator who doesn't even live in the state he represents. </document>
		<document> naked photos have surfaced in the bizarre jerry falwell jr.-miami beach 'pool boy' scandal: report #url# </document>
		<document> looks like gop might run with the "moron defense" for trump #url# </document>
		<document> marianne williamson materializes on stage in cloud of purple smoke with message that dnc polling requirements no match for power of positive thinking #url# </document>
		<document> christianity in europe during wwii #url# </document>
		<document> #user# not to downplay your question, but why should we believe this report at all? how do you end up with +2.5m when 1st time filers were averaging 2 to 3 million each week of may?
something smells here, and it's not just his malevolent indifference to poc. </document>
		<document> oh great, another crazy old white guy with stupid hair that'll help destroy the global economy. #url# </document>
		<document> indonesia's capital city isn't the only one sinking #url# </document>
		<document> "media elites and professional pundits have tried repeatedly to dismiss this campaign, and yet working-class americans keep saying loudly and clearly that they want a political revolution," shakir said. #url# </document>
		<document> sure, go after gay people, but not pedophiles! nmakes perfect sense! #hashtag# #url# </document>
		<document> that's right, the guy you really wanted to die, and yet, mcclain inexplicably tried to save his life.
then he died, and it was satisfying. #url# </document>
		<document> #user# only fascists use fashion in a political argument. </document>
		<document> how mike pence’s office meddled in foreign aid to reroute money to favored christian groups #url# </document>
		<document> 16 mississippi beaches now closed due to toxic algae #url# </document>
		<document> #user# oooo, a whole percentage point? yeah, you're rolling now!
#hashtag# </document>
		<document> politics is a messy business at the best of times, and these are not the best of times. but pelosi’s leadership is damaging the democratic party. by catering... #url# </document>
		<document> gee, #hashtag# establishment democrats are red baiting bernie? gee, that never happens. #hashtag# #url# </document>
		<document> if republicans can't condemn trump's racist tweets, they are as racist as he is #url# </document>
		<document> joe biden is a piece of shit. #url# </document>
		<document> panicky trump orders dozen new sharpies before releasing ukraine phone transcript #url# </document>
		<document> sanders shines and biden crumbles during epic town hall on climate crisis #url# </document>
		<document> democrats against impeachment invite autocracy and a loss in 2020 #url# </document>
		<document> this trade war segment is being framed in imperialist terms. it's kinda ugly. </document>
		<document> not good. not good at all. #url# </document>
		<document> quote: the reason is that nominating centrist democrats who don't speak to class issues will result in a great swathe of voters simply not voting. #url# </document>
		<document> maybe ridership is low because it was an incredibly stupid idea to begin with. #url# </document>
		<document> brett kavanaugh wrote that hiding evidence from congress is an impeachable offense #url# </document>
		<document> homelessness a 'symptom of greed' by the rich, says bernie sanders, not a crime by the poor #url# </document>
		<document> sabre is located in fenton, on the st. louis county border with jefferson county. #url# </document>
		<document> maybe trump could be deported? #url# </document>
		<document> of course she did. they put her at the kiddie table. #url# </document>
		<document> remembering when bankers tried to overthrow fdr and install a fascist dictator #url# </document>
		<document> #user# you mean, the same politics of fear he used to get elected?
#hashtag# </document>
		<document> trump booed at ufc event in new york city #url# </document>
		<document> evo morales has proved that socialism doesn’t damage economies | ellie mae o’hagan #url# </document>
		<document> #user# when a billionaire presidential candidate comes out for term limits, i imagine this standing army of lobbyists, waiting in line with their hands out, and said billionaire passing checks down the line.
#hashtag# </document>
		<document> yeah, those montana jews are a real problem for this country. all 4 of them. #hashtag# #hashtag# #url# </document>
		<document> don't worry about the aryan nation, it's those syrian refugees that are scary!nriiiiiiight. #hashtag# #url# </document>
		<document> oh yeah, that reminds me; why did every single member of your st. louis blues go to visit trump? are they all assholes?
this kind of shit is why i don't give one single fuck about pro sports. fucking jocks... #url# </document>
		<document> when will americans realize we're not the good guys? #url# </document>
		<document> but climate change is a hoax. #url# </document>
		<document> so now that trump has started a war with #hashtag#, how long until he tries to clamp down on free speech with the espionage act? </document>
		<document> it's truly a sad day. #url# </document>
		<document> jack white to join bernie sanders, rashida tlaib at rally in detroit #url# </document>
		<document> oh look, one of the banksters who helped crash the economy in 2008 is whining.
#hashtag# #url# </document>
		<document> nancy pelosi's dem socialist challenger shahid buttar: "we're gonna win" | full interview #url# </document>
		<document> because military marching through the streets is never a sign of an oppressed society. #hashtag# #url# </document>
		<document> it's really a shame that people care more about packaging than policy.
thanks, television! #url# </document>
		<document> what's that, #user#? the democrats took the urban vote for granted? that never happens! #hashtag# </document>
		<document> dozens of dead whales found beached in iceland #url# </document>
		<document> reports on china ‘organ harvesting’ derive from front groups of far-right cult falun gong #url# </document>
		<document> elizabeth warren predicts another economic downturn #url# </document>
		<document> bernie talks like a jewish man from brooklyn and you need to get over it #url# </document>
		<document> and her name... is karen. #url# </document>
		<document> us assassination of top iranian military official may ignite world war #url# </document>
		<document> what's really amazing is that hillary has actually helped tulsi with her campaign by floating this... #url# </document>
		<document> not even a law degree and a supreme court seat can fix stupid. #url# </document>
		<document> sanders unveils comprehensive $16.3 trillion green new deal plan amid climate crisis #url# </document>
		<document> bernie should declare housing a human right #url# </document>
		<document> #user# #user# the debate is over; for profit health insurance is a complete failure. </document>
		<document> that's right, #hashtag#, let's get beyond just beating trump!
talk about the #hashtag#! </document>
		<document> the gop has been a criminal organization for my entire life, yet there are those people within the democratic party (like biden and... #url# </document>
		<document> pompeo: trump sent by god to save israel #url# </document>
		<document> it looks like chris wallace wants to get fired, too. #url# </document>
		<document> #user# continues his crusade to be yet another centrist dem that endeavors to snatch defeat from the jaws of victory.
i've seen this movie before. #url# </document>
		<document> why won’t these democrats reject fossil fuel money? #url# </document>
		<document> the bias from #hashtag# owned #hashtag# is vile. #url# </document>
		<document> there goes kamala, laying on the bullshit again... #url# </document>
		<document> #user# #user# word. </document>
		<document> #user# nancy is a collaborator, pure and simple. </document>
		<document> #user# #user# i was born here, fascist. that's all that matters in the eyes of the law. or are you contradicting your dear leader and are against #hashtag#? not that trump cares about the law, that fucking crook.
#url#
#hashtag# </document>
		<document> trump praises republicans as ‘tough, smart’ for storming impeachment hearing room in likely security breach #url# </document>
		<document> orange president blames light bulbs for making him orange #url# </document>
		<document> the gross inequality of death in america #url# </document>
		<document> because men are never wrong in the eyes of god. #hashtag# #url# </document>
		<document> 2nd whistleblower comes forward after speaking with ig: attorney #url# </document>
		<document> #user# you're only interested in saving your own ass from a long and deserved prison sentence. #hashtag# </document>
		<document> the remarks came in an interview with cnbc‘s joe kernen in davos, and although the news outlet did not report them in their initial write-up of the exchange, they were captured in the transcript. #url# </document>
		<document> "american businessman". right. this guy screams mobster.
giuliani did work organized crime, you know. remember john gotti? #url# </document>
		<document> to all you people who groused about impeachment being a waste of time, you've just been proven wrong. impeachment has cost mcconnell political... #url# </document>
		<document> #user# #user# fuck the businesd loans. give the people's money to the people! we keep the economy running, not businesses!
moron. </document>
		<document> this was probably the tory plan all along. use brexit as an excuse to attack individual rights. #url# </document>
		<document> kamala harris fails to explain why she didn’t prosecute steven mnuchin’s bank #url# </document>
		<document> #user# #user# i'll be sure to ignore that show, too. i mean, it's not like cnn has ever been a bastion of journalistic integrity. it's only slightly better than fox. </document>
		<document> area 51 photos leaked; black mermaids! #url# </document>
		<document> christian dominionists meet at trump's washington hotel to answer the "divine call to war" #url# </document>
		<document> white house begins christmas season with ceremonial lighting of cross #url# </document>
	  <document> # user # no, we have to dissolve the police state and start from scratch. </document>
<document> # user # you mean, your campaign contributors? </document>
<document> Western media are losing enthusiasm for the failed coup in venezuela # url # </document>
<document> stumbling upon the text, Mr. Trump would blame the people in the room for his mistakes and complain: "it's like a foreign language". # url # </document>
<document> survey: Nearly 70% of Americans say impeachment process should include new witnesses # url # </document>
<document> an interesting read, although the nyt failed to recognize that the unemployment rate no longer has much meaning, since the minor has changed the way they calculate that particular statistic. # url # </document>
<document> Tens of thousands of women march against Bolsonaro in Brazil # url # </document>
<document> the editorial post accuses Trump of having betrayed his oath "by threatening to order members of the United States military to violate the rights of their compatriots".
# url # </document>
<document> Democratic candidates demand that we prepare to fight the "wars of the future" # url # </document>
<document> racism in st. Charles? boh, shocking. # hashtag # # url # </document>
<document> US-Iranian tensions: impact on China-Iran ties # url # </document>
<document> # user # # user # those Democrats who are blocking Biden's agenda are not centrists or moderates, they are corrupt corporate pawns. but hey, your advertisers don't want you to say that, do they? </document>
<document> 'national shame': missouri leads the United States in the death rate of black homicides, once again # url # </document>
<document> # user # is what all those protesters outside the White House think too. </document>
<document> Trump's solution to the homelessness crisis: deregulation and criminalization # url # </document>
<document> nah, this is not the act of a culprit. not at all. n # hashtag # # url # </document>
<document> paul krassner, anarchist, joker and founder of yippies, dies at 87 # url # </document>
<document> Bill Clinton's terrorist act # url # </document>
<document> this is not protecting people's rights, it is violating them.
welcome to the people of the empire. # url # </document>
<document> Trump talks harsh with reporters, but lets strong men like Turkey's Erdogan trample him # url # </document>
<document> sign our letter to hairy rapporteur # url # </document>
<document> if you know anything about leftist culture in this country, you know it is a pacifist by nature. all Trump is doing is painting a target on people who couldn't hurt a fly.
# hashtag # is helping and fostering this. # url # </document>
<document> Bernie Sanders is a climate champion # url # </document>
<document> you know, it would be a real shame if # hashtag # was having a hard time bringing his retinue back to the White House today, wouldn't it? # url # </document>
<document> # user # # user # # user # # user # # user # # user # # user # # user # # user # # user # why, so they can fuck me again with another heinous trade deal or more media mergers? or maybe another war in the Middle East! boh, that would be great!
or better yet, recruit another Jeff Van Draw! </document>
<document> "no camera, no c-span, no coverage". The rules will restrict access during Trump's # url # </document> trial
<document> nah, this won't be an inquisition. # hashtag # # url # </document>
<document> so Trump wants to earn that trip to the guillotine. it was fine for me. # url # </document>
<document> Pumpkin spiced latte calls the police with cold black beer # url # </document>
<document> Amber Guyger sentenced to 10 years for killing a neighbor in her apartment # url # </ document>
<document> centene corp. called 'insensitive' by us senator on accusations of denied treatment - st. louis business journal # url # </document>
<document> oh look, here's # user # apologizing for not accepting $ 1.8t when he got the chance.
science doesn't pay my bills, Nancy.
i $50 to my name because you were "worried about the language".
as a tactician, you suck.
# hashtag # # url # </document>
<document> #user # which of Trump's policies isn't disgusting? </document>
<document> yes, it's like a deer in the headlights.
pathetic. # url # </document>
<document> we sanction the Venezuelan municipalities # url # that "suffocate" </document>
<document> William Barr is neck deep in extremist Catholic institutions # url # </document>
<document> yes, this is what Democrats should do; embrace war criminals. brilliant. # hashtag # # url # </document>
<document> what the hell. # url # </document>
<document> # user # # user # # user # Is Lord Buckhead the guillotine operator? </document>
pathetic <document>. # url # </document>
<document> # user # well, there are plenty of reasons not to be a part of your fascist death cult. </document>
<document> Queen guitarist calls for new live aid concert to fight climate change # url # </document>
<document> we are headed for "climate apartheid", in which the poor will suffer while the rich are saved, warns a chilling report # url # </document>
<document> # user # # user # bullshit. fascism and religion are intertwined until they become so intertwined that religion becomes a part of the fascist infrastructure. fascism cannot exist without it. ergo, fascism becomes religion, and religion is imposed at the end of the sword: convert or die </document>
<document> oh sure, systematically dismantle environmental regulations, even though Greenland's permafrost melted 70 years earlier than expected.
this asshole will kill us all. # url # </document>
<document> # user # I think Peter Weller should sue. lol </document>
<document> what the media likes most about Elizabeth Warren: it's not Bernie Sanders # url # </document>
<document> if you haven't already figured it out ... # url # </document>
<document> I dreamed that the blue duck has recovered and I went back to them.
then everyone freaked out. </document>
<document> # user # # user # Trump has just made # hashtag # the official religion of the United States, and is the chief priest. </document>
<document> Lowe's fires thousands of workers despite receiving $ 1 billion from Trump tax cuts # url # </document>
<document> man, no shit! # url # </document>
<document> this article is chock full of centrist disappointment. first, pelosi says that socialism will not win electoral votes, then goes on to talk about how the democrats have failed ... # url # </document>
<document> Even after years of evangelicals selling this garbage to their herds, I am still amazed that they buy it. # url # </document>
<document> FBI director christopher Wray: the "majority" of domestic terrorism cases is white supremacy # url # </document>
<document> Chris Hayes of msnbc wants Trump to release proof that Iran was planning an imminent attack # url # </document>
<document> Facebook unveils plans for its own cryptocurrency # url # </document>
<document> The performance of cnn's debate was # url # evil and shameful </document>
<document> well, look here. the suspense deepens ... # url # </document>
<document> # user # bullshit. Bernie, you are gullible. Biden is a claimed liar that he won't change shit once he's in office. </document>
<document> and here we are .... # url # </document>
<document> beto wears a tacky shirt to the debate to impress Cory Booker: hard times # url # </document>
exclusive <document>: u.s. surrenders the Syrian city to Russia during the "handover" on the battlefield as Turkey tries to take it # url # </document>
<document> The 82nd Airborne Division prepares for deployment amidst riots in Baghdad # url # </document>
<document> # user # reviews? the presidency is not a fucking reality show, you stupid idiot! </document>
<document> barr and pence now implicated as suspects in internal impeachment investigation # url # </document>
<document> john bolton urges war on the sun after uncovering evidence that he has nuclear capabilities # url # </ document>
<document> # user #fuck you, "entrepreneur". </document>
<document> bernie and jeremy both have the same bias. # url # </document>
<document> Methamphetamine-fueled car robber kidnaps man and his goat from Missouri adult shop, cops say # url # </ document>
<document> # user # # user # # user # # user # # user # # user # # user # # user # # user # # user # actually, no. clinton lost Missouri by 20 points. </document>
<document> # user # you need to change the name of #user # to "let's try to rehabilitate the reputation of the crazy fascist bat shit criminal organization aka gop", because that's what you seem to be doing every Sunday.
bonus: rolls off the tongue. </document>
<document> the sign of the church in virginia says "america: love it or leave it". # url # </document>
<document> and there it is. the "compromise". # url # </document>
<document> and even if you do, you may still be ruled by fools. # url # </document>
<document> Whistleblower attorney says team now represents "more" officials # url # </document>
<document> breakup: feline commits federal offense. # url # </document>
<document> real estate values ​​in davos and monaco are about to skyrocket. # url # </document>
<document> Trump says our economy is "the best it ever was", but the facts tell a different story # url # </document>
<document> as much for mcgrath. # url # </document>
<document> translation: the democratic establishment is complicit in the Palestinian genocide currently perpetrated by Israel.
especially biden. # url # </document>
<document> # user # # user # atheists are not antichrists. the antichrist is a clearly defined figure, a description that matches Trump in the revelations. </document>
<document> Joe Biden; business tool. # url # </document>
<document> and frequent judge of the "gong show". # url # </document>
<document> # user # # user # and, of course, since it is a rush to the district attorney, those who have committed election fraud will not be prosecuted. </document>
<document> Obama wanted to cut social security. then Bernie Sanders happened. # url # </document>
<document> the inquisition continues ... # url # </document>
<document> the Koch brothers are funding Facebook's new fact-checking partner # url # </document>
<document> Bernie is our best chance on climate # url # </document>
<document> yet, the congress still exists. # url # </document>
<document> the money we waste on endless wars could pay for # hashtag #, # hashtag # and # hashtag #. wars that actually create more emissions that destroy the environment because they burn fossil fuels to keep oil based ... # url # </document>
<document> ellen degeneres and george w. bush bravely finds common ground as rich whites # url # </document>
<document> orange is the new black facing Trump's immigration policies. </document>
<document> I would add "clean water" to this. # url # </document>
<document> st. Louis County naacp appoints new president # url # </document>
<document> Televangelist Acton Bowen pleads guilty to sexually abusing multiple children # url # </document>
<document> oh well, another way the US military is committing genocide in multiple countries! we are not so proud! n # hashtag # # hashtag # # url # </document>
<document> India's sixth largest city "runs out of water" # url # </document>
<document> Jewish students and teachers oppose Trump's executive order # url # </document>
<document> Meanwhile in India, the friend of # hashtag # # hashtag # is experiencing his little genocide. # url # </document>
<document> the faster pace of climate change is "scary" # url # </document>
<document> step one: stop running the lame centrists. # url # </document>
<document> Advocates of Jewish Labor Protest BBC Bias # url # </document>
<document> ocasio-cortez at the campaign with Bernie Sanders in Kansas # url # </document>
<document> "The greatest threat to humanity is the cowardice of the Democratic Party", says ocasio-cortez spokesperson # url # </document>
<document> seriously, what's wrong with the furry ones? is senile,stupid, or what? # url # </document>
<document> Graham discussed Trump during a phone call with Russian pranksters # url # </document>
<document> # user # tear gas + covid 19 = zombie apocalypse. </document>
<document> new bombshell reveals that Trump has known Julian associates arrested for 5 years # url # </document>
<document> # user # # user # # user # # user # # user # # user # # user # # user # # user # # user # # user # joe biden is basically a Republican, and probably senile to boot .
he will lose to Trump if he is the candidate. </document>
<document> What Trump and the "religious freedom" mob are talking about is the social engineering that kills those deemed "heretics" in their eyes.
in other words, crimes against humanity. # url # </document>
<document> but only the white liberals are supporting Bernie Sanders !!!! # hashtag # # hashtag # #hashtag # ... # url # </document>
<document> for the first time, most of us want the Senate to remove Trump from office # url # </document>
<document> # user # # user # a fitting nickname for my theocratic man child senator who doesn't even live in the state he represents. </document>
<document> Nude photos emerged in jerry falwell jr.-miami beach's bizarre "pool boy" scandal: report # url # </document>
<document> looks like gop might work with the "moron defense" for Trump # url # </document>
<document> marianne williamson materializes on stage in a cloud of purple smoke with the message that dnc polling requirements cannot compete with the power of positive thinking # url # </document>
<document> Christianity in Europe during the Second World War # url # </document>
<document> # user # so as not to minimize your question, but why should we believe this report? how do you get +2.5 million when filers for the first time averaged 2 to 3 million each week in may?
something stinks here, and it's not just his malevolent indifference for a while. </document>
<document> oh great, another crazy old white man with dumb hair who will help destroy the global economy. # url # </document>
<document> Indonesia's capital isn't the only one to have sunk # url # </document>
<document> "Media elites and professional pundits have tried repeatedly to push back this campaign, yet working class Americans keep saying loudly and clearly that they want a political revolution," Shakir said. # url # </document>
<document> sure, hunt down gays, but not pedophiles! it makes perfect sense! # hashtag # # url # </document>
<document> That's right, the guy you really wanted to die, yet, McClain inexplicably tried to save his life.
then he died, and it was satisfying. # url # </document>
<document> # user # only fascists use fashion in a political argument. </document>
<document> how Mike Pence's office got involved in foreign aid to redirect money to favored Christian groups # url # </document>
<document> 16 Mississippi beaches now closed due to toxic algae # url # </document>
<document> # user # oooo, a whole percentage point? yes, you're rolling now!
# hashtag # </document>
<document> Politics is a messy business at best, and these are not the best times. but Pelosi's leadership is damaging the Democratic Party. for catering ... # url # </document>
<document> heck, are establishment Democrats # hashtag # attracting red Bernie? boh, it never happens. # hashtag # # url # </document>
<document> if Republicans can't condemn Trump's racist tweets, they're just as racist as he is # url # </document>
<document> Joe Biden is a piece of shit. # url # </document>
<document> Panicked Trump orders dozens of new markers before releasing Ukrainian phone transcript # url # </document>
<document> sanders shines and biden crumbles during the epic town hall on the climate crisis # url # </document>
<document> anti-impeachment democrats call for autocracy and loss in 2020 # url # </document>
<document> this segment of the trade war is framed in imperialist terms. it's a bit ugly. </document>
<document> is not good. it's not good at all. # url # </document>
<document> quote: the reason is that you nameThe emergence of centrist Democrats who don't deal with class issues will result in a large swath of voters simply not voting. # url # </document>
<document> maybe the number of passengers is low because at first it was an incredibly stupid idea. # url # </document>
<document> brett kavanaugh wrote that hiding evidence from Congress is a blameless crime # url # </document>
<document> Homelessness is a 'symptom of greed' on the part of the rich, says Bernie Sanders, not a crime on the part of the poor # url # </document>
<document> saber is located in fenton, on st. louis county boundary with jefferson county. # url # </document>
<document> maybe Trump could be expelled? # url # </document>
<document> sure he did. they put it at the children's table. # url # </document>
<document> remembering when bankers tried to overthrow fdr and install a fascist dictator # url # </document>
<document> # user # you mean, the same politics of fear he used to get elected?
# hashtag # </document>
<document> Trump booed at the ufc event in New York City # url # </document>
<document> evo morales has shown that socialism does not harm economies | ellie mae o'hagan # url # </document>
<document> # user # When a billionaire presidential candidate comes out for tenure, I imagine this standing army of lobbyists, waiting in line with their hands out, and said billionaire passing checks down the line.
# hashtag # </document>
<document> yes, those mountain Jews are a real problem for this country. all 4. # hashtag # # hashtag # # url # </document>
<document> don't worry about the Aryan nation, it's those Syrian refugees who are scary! nriiiiiiiight. # hashtag # # url # </document>
<document> oh yeah, this reminds me; because every single member of your st. louis blues are you going to visit trump? are they all assholes?
this kind of shit is why I don't give a shit about professional sports. fucking athletes ... # url # </document>
<document> when will Americans realize we're not the good guys? # url # </document>
<document> but climate change is a hoax. # url # </document>
<document> So now that Trump has started a war with # hashtag #, how long will it take before he tries to crack down on free speech with the act of espionage? </document>
<document> is a sad day indeed. # url # </document>
<document> Jack White to join bernie sanders and rashida tlaib at the detroit rally # url # </document>
<document> oh look, one of the banksters who helped bring down the economy in 2008 is whining.
# hashtag # # url # </document>
<document> shahid buttar, nancy pelosi's socialist challenger: "we will win" | full interview # url # </document>
<document> because the military march on the streets is never a sign of an oppressed society. # hashtag # # url # </document>
<document> It is really a shame that people care more about packaging than politics.
thank you, television! # url # </document>
What is <document>, # user #? Did the Democrats take the urban vote for granted? it never happens! # hashtag # </document>
<document> dozens of dead whales found beached in Iceland # url # </document>
<document> reports of "organ harvesting" in China come from front groups of the far-right Falun Gong cult # url # </document>
<document> Elizabeth Warren predicts another economic downturn # url # </document>
<document> Bernie talks like a Brooklyn Jew and you have to do without it # url # </document>
<document> and his name ... is karen. # url # </document>
<document> The assassination of a senior Iranian military official by us could trigger world war # url # </document>
<document> what's really amazing is that Hillary actually helped tulsi with her campaign by posting this ... # url # </ document>
<document> not even a law degree and a seat in a supreme court can fix nonsense. # url # </document>
<document> Sanders unveils comprehensive plan for a new $ 16.3 trillion green deal amid the climate crisis # url # </document>
<document> Bernie should declare housing a human right # url # </document>
<document> # user # # user # the debate is over; for profit health insurance is a completand bankruptcy. </document>
<document> that's right, # hashtag #, let's go beyond just beating Trump!
talk about the # hashtag #! </document>
<document> the gop has been a criminal organization all my life, yet there are those people within the democratic party (like Biden and ... # url # </document>
<document> pompeo: Trump sent by god to save israel # url # </document>
<document> looks like Chris Wallace wants to be fired too. # url # </document>
<document> # user # continues his crusade to be yet another centrist dem trying to wrest defeat from the jaws of victory.
I have already seen this movie # url # </document>
<document> why don't these Democrats reject fossil fuel money? # url # </document>
<document> # hashtag # owned by # hashtag # bias is vile. # url # </document>
<document> here is kamala, lying on the bullshit again ... # url # </document>
<document> # user # # user # word. </document>
<document> # user # nancy is a collaborator, pure and simple. </document>
<document> # user # # user # I was born here, fascist. this is all that matters in the eyes of the law. or are you contradicting your dear leader and are you against # hashtag #? not that Trump cares about the law, that fucking scammer.
# URL #
# hashtag # </document>
<document> Trump commends Republicans as "tough, smart" for storming the impeachment court in a probable security breach # url # </document>
<document> Orange president blames light bulbs for making him orange # url # </document>
<document> the grave inequality of death in America # url # </document>
<document> because men are never wrong in the eyes of god. # hashtag # # url # </document>
<document> Second informant steps forward after talking to ig: prosecutor # url # </document>
<document> # user # you only care about saving your ass from a long and well-deserved prison sentence. # hashtag # </document>
<document> The observations came in an interview with joe kernen at cnbc's davos and, although the news did not report them in their initial draft of the exchange, they were captured in the transcript. # url # </document>
<document> "American businessman". right. this guy screams mafia.
giuliani worked in organized crime, you know. remember john gotti? # url # </document>
<document> to all of you who have complained that impeachment is a waste of time, you have just been proven wrong. the impeachment cost McConnell a politician ... # url # </document>
<document> # user # # user # fuck business loans. give the people's money to the people! let's keep the economy running, not businesses!
mentally retarded. </document>
<document> this has probably been the Tory plan all along. use brexit as an excuse to attack individual rights. # url # </document>
<document> kamala harris doesn't explain why she didn't prosecute Steven Mnuchin's bank # url # </ document>
<document> # user # # user # I'll be sure to ignore that show too. I mean, CNN has never been a bastion of journalistic integrity. it is only slightly better than the fox. </document>
<document> photos of area 51 leaked; black sirens! # url # </document>
<document> Christian rulers meet at Trump's Washington Hotel to answer the "divine call to war" # url # </document>
<document> White House begins the Christmas season with the ceremonial lighting of the cross # url # </document>