 
	<document> nobody was injecting bleach and trump didn’t tell anybody to inject bleach. he was talking about how they go in and clean the lungs which is a real process. #url# </document>
		<document> #user# rlly testing my attention span rn </document>
		<document> #user# go get mommy’s credit card for me </document>
		<document> is there a genetic difference between big grapes and little grapes or is it just because they let them grow big before they pick them </document>
		<document> #user# that is a good song. have u listened to the babe rainbow </document>
		<document> it’s so grim looking at our infrastructure and china’s infrastructure and seeing how badly we’re going to have our asses handed to us. </document>
		<document> #user# #user# if an adult wants to get circumcised they should be allowed to but children should not. reread what i tweeted. “i will not be circumcision my (future) sons” </document>
		<document> #user# but how is saying that modern feminist has destroyed western women and made them think that selling themselves for 4.99 a month instead of being a strong mother/home maker a liberal take? </document>
		<document> when i need someone to repeat themselves i say either “do what” or “pardon” </document>
		<document> #user# #user# probably scared as shit because they seemed what they did to the trump people. i’m sure we’ll see a few in the next 2 or so years. </document>
		<document> after 1 year biden as fucked up his entire presidency (and it’s only going to get worse from here) is that a new record? </document>
		<document> #user# #user# #user# #user# #user# banning alcohol made things worse, banning drugs exacerbated the drug crisis - we have more people addicted to drugs than ever before. you know how easy it is to buy drugs not just on the street but also online? in what way would outright banning pornography be any different? </document>
		<document> #user# because he loves us so much that he gives us a free will. he knows we will screw up but still gives us a free will to make our own decisions. </document>
		<document> 1. you don’t know what fascism is, clearly
2. not wanting your country to be 76% obese is not “eugenics” (you don’t know what eugenics is either)
3. all this energy you’re putting into posting stupid shit like this could be used bettering your health and exercising. #url# </document>
		<document> #user# “anti imperialism” lmao like china is anti imperialistic </document>
		<document> i know there isn’t much people around can do but why video tape them. #url# </document>
		<document> you guys think you’re any better? all guys do is posts about how much you hate women (which is so fucking phaggy), meet up with your lil closeted gay buddies and praise your femboy loving leader. #url# </document>
		<document> #user# which is sad because one of them is an extremely woman (blonde hair blue eyes she could be a model no joke) and she’s ruining herself </document>
		<document> watched girl, interrupted for the first time. wish she would have ended up with that worker dude 😔 </document>
		<document> #user# and i’m not gonna have anybody tell me that the vaccinated can’t give it to others when a double vaxxed and boosted person gave it to me 💀 </document>
		<document> #user# #user# you libtards are as tone deaf and mentally ill as the qf@#user# </document>
		<document> oh no wait stopped playing after omega ruby </document>
		<document> if hillary runs in 2024 i hope tulsi challengers her in the primary. not because i believe tulsi will win but because i would love to see them go bat to bat. </document>
		<document> the only power the people in this country currently hold is purchasing power. </document>
		<document> #user# #user# #user# i’m going to take all ur gay rights </document>
		<document> #user# 😐 such a fucking shame. i remember seeing high speed rail plans of it here and you can go from michigan to florida in 4 hours but it won’t be done until 2045. </document>
		<document> no i just think it’s funny you guys don’t think you’re as cringy as the patriot front when your whole schtick is hating women unironically whole holding tiny rallies with your closeted friends. #url# </document>
		<document> gonna have r*tarded wh0re offspring nephilims running around </document>
		<document> when you tell them you’re catholic they get so awkward and leave </document>
		<document> you can buy a whole sheet of lsd online for $200 </document>
		<document> i can’t get over how much she looks like she’s from the midwest (i know she is but she’s got that generic dutch midwestern look) #url# </document>
		<document> women injecting herself with test like a guinea pig  says what #url# </document>
		<document> #user# #user# #user# #user# “what does being black have to do with it” well when we’re comparing europeans and africans i think it safe to assume that race is a factor here. </document>
		<document> #user# #user# #user# i didn’t say anyone here was a p*do, i said i don’t hold any hate in my heart except for p*dos and atheists. i was replying to your mutual. </document>
		<document> “are you paying attention yet” no my attention span is that of a cracked out kindergartener #url# </document>
		<document> when you have black people pushing asian people on train tracks, when you have robberies happening in broad daylight, when you have people shooting at each other in broad daylight. don’t be so naive </document>
		<document> chest, shoulder and leg day done 😎 #url# </document>
		<document> what do poc offer america besides their skin tone? how does having different shades of skin tone constitute greatness? #url# </document>
		<document> knew the jews would be responsible for bringing forth the anti christ. nasty greedy gremlin looking mfkers #url# </document>
		<document> look at stan twitter. we already know. #url# </document>
		<document> we should bring back slavery just to keep things spicy. make white petiole slaves, make black people slaves, make everybody slaves </document>
		<document> my chest and belly would be like my back if i didn’t shave it everyday - like a damn forest </document>
		<document> #user# what’s with you tr#user# and referring to yourself as “bimbos” lmfao. pathetic </document>
		<document> #user# #user# #user# how is that wishing you to commit suicide? i was just acknowledging statistics </document>
		<document> he didn’t make any claims he literally interviews people for their opinions on things 💀. #url# </document>
		<document> modern feminism has tricked women into thinking that empowerment is selling your body for 4.99 a month instead of bearing children and being a strong mother. which is another reason why jews push feminism so much because they own the porn industry. but yes i’m definitely a femin </document>
		<document> yes we should abolish the cia and also the fbi. how many crimes are they going to commit against us before we’ve had enough? how can you defend the cia/fbi when it came out that they were producing cp &amp; allowed agents who downloaded cp to get off scott-free? </document>
		<document> should have just been good and stayed my ass in catholic school </document>
		<document> should be impeached for his mishandling of the border crisis instead actually. #url# </document>
		<document> liberals stop calling everything you don’t like “fascism”
conservatives stop calling everything you don’t like “communism” </document>
		<document> we have one of these in the psych ward unit here but it’s smaller but still padded. got put in there because another patient called my mom a hoe and i smacked him. </document>
		<document> these are the type of christians that talk shit about catholicism btw. #url# </document>
		<document> lil white bitch with blonde hair pulling up to the weed dispensary. you dont belong here </document>
		<document> idgaf what you do to this country anymore, just let me praise my god, lift my weights, eat my food and we cool </document>
		<document> chase someone with a knife: felony assault in michigan of 4 years in prison minimum #url# </document>
		<document> every person who voted for biden should have to enlist to fight this upcoming war. </document>
		<document> i’m not a male feminist actually, feminism has destroyed western women and there’s a reason why the jews push it so much. #url# </document>
		<document> now answer my question, how is saying that women were tricked by feminism into thinking that selling theirselves for 4.99 is empowerment instead of being a strong mother and a home maker a “liberal take”as you claimed. #url# </document>
		<document> it’s so pathetic seening a teenage boy or a young adult “man” wear a skirt and makeup. </document>
		<document> gen x white women love me for some reason especially the ones with emotionally problems and abusive husbands </document>
		<document> a lot of you are unoriginal and repeat the same joke that everyone else is repeating for example: “none of these words are in the bible.” shut the fuck up and be original </document>
		<document> at the store right now. i cannot believe how expensive food is right now. fucking unbelievable. </document>
		<document> “follow me” by the shacks is a good song to have sex to btw </document>
		<document> should have thought twice before trying to join nato #url# </document>
		<document> when our empire finally collapse which country is going to take us over </document>
		<document> i’m being harassed by the foreskin guardians in my comment section because i said i was glad i was circumcised🙄 </document>
		<document> #user# #user# y’all have no problem making everything else a race thing but when people start to show black people committing crimes like this all of sudden you people have a problem with race being brought up. </document>
		<document> god didn’t give us sin, satan did. god did not create humans with original sun. satan tempted eve &amp; adam which which is why we are born with original sin. #url# </document>
		<document> why would you fuck up our energy independence? fucking morons </document>
		<document> man* bang my head against the car door repeatedly. my neck was fucked up for months #url# </document>
		<document> love how liberals said that biden would make world leaders respect us “again” but all he has done so far is tarnished our relationships with our allies. when trump was president we looked strong and our military was feared. — </document>
		<document> i can deal with the other symptoms idgaf but i hate sore throats so much. </document>
		<document> fat people have the most punchable looking faces #url# </document>
		<document> i know i’m going to end up getting kidnapped and murdered someday because the way people irl get obsessed with me is weird. </document>
		<document> a lot of trads get offended over everything like liberals do. </document>
		<document> jews run the porn industry btw </document>
		<document> love how the refs let them fight. when i would watch my brother’s hockey games (whether it was travel hockey or high school hockey) the refs would always let them fist fight #url# </document>
		<document> “i can’t smoke weed im a nurse” the fuck the got to do with smoking weed bitch puff it dmanit </document>
		<document> #user# why are so many gynos men? if i was a woman i would not get a papsmear from a mae doctor 💀 </document>
		<document> #user# it’s a man i’m not playing into his delusions or any other person who experiencing gd so they can feel better. this is the real world and he needs to grow up. </document>
		<document> i wanna swallow my airpods and see what happens </document>
		<document> #user# i used to think he wasn’t and that the whole gays pressuring him to come out was harassment (which it is) but he’s definitely gay. or has some attraction to men whether he’s bi or gay </document>
		<document> you don’t not pass as a cis woman. if you were lined up with 50 biological women and someone told me pick out who was the tr#user# you would immediately get picked. #url# </document>
		<document> #user# u shiver when u pee because your body drops temperatures </document>
		<document> liberals look like gosh damn fucking morons right now and so do qanon conservatives. </document>
		<document> black people have poor voting habits. look at detroit, look at flint, look at chicago, look at nyc. this isn’t to be racist or put black people down. they vote for horrible politicians who turn their cities to shit. </document>
		<document> when a black person shoots up a building/street it’s a “mental health crisis” when a white person shoots up a building/street it’s a “gun control” problem. </document>
		<document> the first time i had sex was in the back of a black rolls royce #url# </document>
		<document> black people pushing asian people on subway tracks, murder is up 300%, rape and sexual assault is up, robberies in broad daylight, people shooting other people in broad daylight, stray bullets hitting children. i can go on if you want. #url# </document>
		<document> someone just said they’d venmo me for a sexting session 😭. the fuck wrong with y’all </document>
		<document> why is also sex with these transformers can they not think about something else for five fucking minutes. </document>
		<document> i would be the most unfiltered and controversial politician if i ran for office and won </document>
		<document> #user# #user# #user# they make up 1% of the population but sadly more than 1% of people play into their delusional fairytale which is destructive. </document>
		<document> &gt;gets mad at athletes for their political virtue signaling at the 2020 olympics (which i also had a problem with)

&gt;”boycott the 2022 olympics because china bad” </document>
		<document> #user# gender is sex and sex is gender. you are either male or female. aka xy or xx. there is not changing that. no matter how much hrt one takes. they will always be that sex and gender. i’m not playing into fairytales. </document>
		<document> nope, love my mother and truly grateful to have the parents i have. would do anything for them. sorry you can’t relate #url# </document>
		<document> they shouldn’t have made the word “n!gg3r” so funny sounding if they didn’t want people to say it. same thing with ph#user# </document>
		<document> #user# like you said it’s a preference. im not shaming anyone </document>
		<document> people i don’t like: gingers, people with outtie belly buttons, jews, muslims, protestants, people who are offended over everything, tr#user#, people who use neopronouns, pedos, cheaters, men with wives who wear the pants in the marriage, communists, socialists — </document>
		<document> *my dad putting something together that was made in china* “i tell you what if i see a chinese person i’m blowing their head clean off” </document>
		<document> tulsi talked about this many times before.
when she was a freshman congress woman she was completely unaware of the democrat corruption that was going on, she didn’t know what the council of foreign relations was, she went economic forum to speak out against war infront of </document>
		<document> tulsi is planning on running for president but of what party is unknown </document>
		<document> it’s weird to look back at the 2016 republican primary and see that donald trump faced some tough opponents like cruz and how much he’s permanently changed the republican party in only 4 years. </document>
		<document> and that picture of her with antifa was taken at standing rock, she was not aware they were antifa. love how you try to make yourself out be a conservative yet use liberal media smear tactics </document>
		<document> can’t stand gay men who wear makeup. </document>
		<document> the reason she’s using my money is because she doesn’t want dad to see it on the bank statement 😡 </document>
		<document> no go ahead answer my question, how is saying that women selling themselves is bad thing a liberal take like you claimed. are you a coomer? #url# </document>
		<document> did trump endorse greg abbot or huffins? </document>
		<document> imagine using “cishet” unironically. tumblr has fried your brain. #url# </document>
		<document> my mom is a very traditional conservative catholic and constantly tells me that she would vote for tulsi, my brother is the same way and said he would vote for her too. </document>
		<document> like i’ve pointed out before i don’t blame conservatives for wanting to take our rights away. i would too if i was them. if i saw a group of people threatening to indoctrinate my children whether i liked it or not, i would want to get rid of them too. </document>
		<document> he’s seems like he’d be nice to be around yknow. like deep down he’s nice </document>
		<document> i know that hating on police is trendy now because of the alternative girls on tiktok but again don’t be so naive, compare nyc in the 80s-90s to now and see how similar it is in terms of crime and what they did in the 2000s to put a stop to it. </document>
		<document> #user# see any drug addicts except urself </document>
		<document> basically every trans “woman” is a dude addicted to watching lesbian porn #url# </document>
		<document> #user# it is unconditional that’s why he gives us a choice between believing in him and being a believe in him and be a bad person. god doesn’t send us to hell our choices do. </document>
		<document> #user# i dated an emt driver and 90% of his work included getting fat people out of bed </document>
		<document> the covid-19 vaccine gave me aids, hiv, stds and stis, hepatitis a b c d e f and g, high blood pressure, low blood pressure, high cholesterol, low cholesterol, big tits, big ass, a mangina, diabetes 1 and 2 and i lost my eyesight. </document>
		<document> they’re gonna regret that because in the future they’re gonna have a lot of people who are ancestors of the cotton pickers bitching and crying #url# </document>
		<document> #user# that is man and i will refer to him as such. gender is sex. sex is gender. </document>
		<document> the republicans who are going to win in 2022 aren’t going to be moderate republicans that biden is used to negotiating with it, they’re going to be pro-trump, america first, right wing populist who won’t give biden an edge by compromising with him. </document>
		<document> gorilla pussy sounds like a brand of super glue </document>
		<document> if you’re a ginger with an outie belly button i’m going to hate crime you </document>
		<document> the democrats are really going to primary sinema with a progressive democrat and give republicans a free seat 💀 jfc </document>
		<document> #user# #user# #user# #user# what are the names of the people who died from listening to the jre. </document>
		<document> #user# yes, 50% native american (chippewa) and then rest is western and eastern european </document>
		<document> i know damn well my neighbors can see me and my penis flopping around while i look for my clean clothes folded laundry hamper that i always forget to put away </document>
		<document> i hate winter not because it’s cold, no. i walk around outside i’m the snow barefoot, in shorts and with no coat. i hate it because it’s so fucking dry. </document>
		<document> i said yes to being an organ donor because i thought you got tax exemptions or benefits or some shit🙄 </document>
		<document> i think these trends that people are doing that make them look ugly is a pysop by the cia to destroy beauty and make us hate ourselves </document>
		<document> i don’t blame conservatives for wanting to get rid of gay marriage when we have people out here acting like complete fucking degenerates and inserting themselves and their sexuality in every fucking topic. obviously we can’t handle having rights. </document>
		<document> i only watch lord of the rings to see the monster things or whatever they’ll call them and then i turn it off. idky but i like their faces. this ones my favorite #url# </document>
		<document> awe the ukrainians want our help? no thank you ❤️ </document>
		<document> if ur fucking beyoncé why would u cheat on her? who the fuck would cheat on beyoncé. i’m not even a beyoncé fan and i don’t like her music but </document>
		<document> aliens are demons aka fallen angels. demons and satan aren’t in hell (yet) they’re here on earth. </document>
		<document> #user# #user# #user# and they should be condemned for it just like black people should. i don’t give a fuck about whataboutism. </document>
		<document> can they not act like normal citizens for one fucking day #url# </document>
		<document> #user# #user# how does donald trump’s cock taste since y’all can’t stop thinking about the man. </document>
		<document> uncut looks weird. glad i was circumcised but i’m not going to circumcise my (future) sons they can get it done when they’re adults if they want to. #url# </document>
		<document> eat healthy its not hard you fat pieces of shit. im tired of seeing fat people in public its completely disgusting and i will shame you for it idfc. </document>
		<document> yet again proving that it is a fetish and that is only ever been about sex #url# </document>
		<document> #user# #user# #user# stems cells from fetuses were used in the development of the vaccine actually. </document>
		<document> #user# should look into the cia’s involvement in the modern art scene. </document>
		<document> #user# #user# are you also going to get mad at africans for doing that to their own people </document>
		<document> #user# #user# a lot of them have very crazy aspirations that they feel very strong about. they as much potential as a white person with the same aspirations. their culture is just plaque with gang culture, absentee fathers, untreated mental illness and victim complexes </document>
		<document> #user# there are questions we don’t have answers to yet about why god does the things he does we just have to put our trust into him, that’s what faith is. when our time comes and we stand before god we will truly know why he chooses to do what he does. </document>
		<document> #user# also come a very athletic family. great genes for muscle building. you should see my brother (d1 college football player) also my dad who hasn’t played sport/worked out in a while is still very muscular at 54. </document>
		<document> #user# that’s why i regret not staying in gymnastics. wasted potential </document>
		<document> my parent’s except for the divorce, lying and cnn part #url# </document>
		<document> #user# #user# #user# #user# the black people who burnt it down during those riots decades ago, which made white middle class people flee from there. </document>
		<document> i do love me some scented candles and i own one apple product an iphone. #url# </document>
		<document> how is it a lie that crime is up? we all see the videos. why are you okay with the asian hate crimes that have been happening influx by the hands of black people in your city? #url# </document>
		<document> homocons who make their entire personality around not being like the other gays aka gay conservatives are just as annoying as gays who make their entire personality about sniffing poppers and fucking everything that moves. </document>
		<document> i should be given reparations for having to go to school with black people. loud, obnoxious, always making scenes about someone touching their hot chips, always fighting over something stupid that happened outside of school, stabbing people with scissors, bringing guns to school </document>
		<document> damn marquette has 14+? we only have 3 in my (lower michigan) city@ #url# </document>
		<document> #user# #user# oh no- edtwt didn’t like my tweet how will i ever live! </document>
		<document> #user# at this point i hope they take us over. they deserve to win and we deserve to fail. they’re putting in the hard work to succeed and we’re not. </document>
		<document> freud was right. please stop proving that freud was right. #url# </document>
		<document> #user# we can paint them orange and teach them show tunes </document>
		<document> u know what sounds nice right now. a being in a hot tub </document>
		<document> #user# i heard it’s painful as hell to get taken out but smart </document>
		<document> #user# and decriminalizing of drugs (should be treated as a mental health problem not a criminal justice problem but drug sellers should be imprisoned) those are probably my most liberal views. </document>
		<document> her name was removed because she’s no longer a member. she was a member in 2012, when she was new member of congress, where she went to the ef speak out against war. after that she left. #url# </document>
		<document> the conservatives who call themselves “purebloods” and do the hunger games symbol and whistle are the exact same as the liberals who constantly bring up the handsmaid tale who secretly want to go through the handsmaid tale. </document>
		<document> down the gingers, down with the gingers! blonde power! blonde power! </document>
		<document> #user# but it doesn’t. the suicide rate among pre-op and post op is the same </document>
		<document> weaves always on the ground, etc etc etc </document>
		<document> had this huge ass green bruise on my thigh yesterday now it’s completely gone. the fuck going on </document>
		<document> #user# #user# #user# #user# i understand the white man is y’all’s scapegoat but none of this would have been possible without both the jews who owned a vast majority of slave ships and the africa tribesmen for selling out there men for shiny objects </document>
		<document> why do black people like chicken so much, serious question. and before someone says “that a stereotype” no it’s not and you know it’s not. </document>
		<document> white women who feel entitled to everything, people who don’t know how to have fun, liberals, people who complain about everything, black people who don’t know how to be normal citizen, people who think life is supposed to be fair, the english, neocons, neoliberals —- </document>
		<document> every “pan sexual” female is just some broad with a shitty pixie cut and ever “pan sexual” male is just some super skinny dude who looks inbred </document>
		<document> i workout at home but why aren’t you allowed to be shirtless at the gym. because it’ll make people self conscious? how’s that my fault? </document>
		<document> thomas the train needs to pop up and stop these black people from stealing our packages. </document>
		<document> #user# #user# #user# they get so specific when they talk about gay sex when they’re arguing with gay guys on twitter. it’s so weird </document>
		<document> i have question for any of my followers who are double vaxxed and boosted and scared of covid. why are you scared of getting covid if you’re vaxxed and boosted? i thought it reduced your chances of going to the hospital and dying song with symptoms? </document>
		<document> #user# #user# so does this mean that biden has blood on his hands or did that only apply to orange man? </document>
		<document> “how do you know he’s gay” his posture and he’s a male bernie supporter. </document>
		<document> #user# i finished the whole game like 50 times </document>
		<document> they’re really putting this new world order shit in full drive. trump winning in 2016 really fucking scared them </document>
		<document> before someone tries to come after me for being insensitive, if you only knew how crazy my paternal grandma was, you’d understand </document>
		<document> 2020-2021 (so far 2022 too) have been the best years of my life and i didn’t let covid-19 effect how i went on with my life. you can call me selfish all you want i truly don’t give a fuck. </document>
		<document> #user# #user# i never said that children should be circumcised, like you said it’s an opinion that it looks weird, it is my opinion, no need to get defensive. i’m for banning circumcision of minors </document>
		<document> milk, tilapia, rice, eggs, spinach, oats, broccoli, a ton of carrots, peanuts, strawberries, raspberries, oranges, grapes etc #url# </document>
		<document> #user# #user# gross, at least be ashamed of it. instead of going around telling people you’re addicted to porn. </document>
		<document> i love listening to music and bobbing my head around my room 😌 such a calming thing to do </document>
		<document> we got tr#user# generals and you don’t russia! we’re number 1 we’re number 1 we’re number 1! #url# </document>
		<document> love when atheist try to talk about the bible like they know it’s contents. because it just proves they’ve never actually read the bible they just cherry pick shit they find online </document>
		<document> the same dude who told gay hookers that he calls his ass moles “his ladybugs” think it’s inappropriate to pardon people who are being held in solidarity confinement? yea okay. #url# </document>
		<document> every time i walk past my brother or sister i say “what’s up my squaw” </document>
		<document> may allah awaken the people and let them see the evil doings of israel! </document>
		<document> might just go to medical school to become a psychiatrist and start a private practice because i can already tell there’s going to be an even bigger upswing in mental illness in the coming years and i’d make bank. </document>
		<document> black men can have fat white women we don’t want them. </document>
		<document> #user# #user# #user# i didn’t know you knew how i lived outside of twitter wow! </document>
		<document> if you are youve done something wrong in life </document>
		<document> i’ll support trans rights if the trans men share their testosterone until then no </document>
		<document> #user# the projection outstanding “your parents tried to abort you” where the fuck did that come from💀 </document>
		<document> #user# #user# calm down vaginal discharge. you don’t wanna die on the hill of defending rapists </document>
		<document> i’m not talking about the egirls and of sluts you guys like to troll no you guys unironically hate all women which is something expect from homosexual men. </document>
		<document> fell on my neck too thankfully it didn’t crush my esophagus </document>
	  <document> nobody was injecting bleach and Trump didn't tell anyone to inject bleach. he was talking about how they get in and clean the lungs which is a real process. # url # </document>
<document> # user # rlly testing my attention span rn </document>
<document> # user # go get my mom's credit card </document>
<document> is there a genetic difference between large and small berries or is it just because they let them grow large before harvesting them </document>
<document> # user # this is a good song. you listened to the little rainbow </document>
<document> it's so gloomy to look at our infrastructure and Chinese infrastructure and see how bad our ass will be given. </document>
<document> # user # # user # if an adult wants to be circumcised he should be allowed but children are not. reread what I tweeted. “I will not be circumcision my (future) children” </document>
<document> # user # but how are you saying that the modern feminist has destroyed Western women and made them think that selling out for 4.99 a month instead of being a strong mother / housewife is a liberal take? </document>
<document> when I need someone to repeat myself I say "do what" or "forgive" </document>
<document> # user # # user # probably scared like shit because it looked like what they did to trump folks. I'm sure we'll see some in the next 2 years or so. </document>
<document> after 1 year of screwing up his entire presidency (and from here it will only get worse) is this a new record? </document>
<document> # user # # user # # user # # user # # user # banning alcohol has made matters worse, banning drugs has exacerbated the drug crisis - we have more drug addicts than ever. do you know how easy it is to buy drugs not only on the street but also online? How would banning pornography outright be different? </document>
<document> # user # because he loves us so much he gives us free will. he knows we're going to make a mess, but he still gives us the free will to make our own decisions. </document>
<document> 1. You don't know what fascism is, of course
2. not wanting your country to be 76% obese is not "eugenics" (you don't even know what eugenics is)
3. All this energy that you are putting into posting silly things like this could be used to improve your health and get exercise. # url # </document>
<document> # user # "anti imperialism" lmao like china is antimperialist </document>
<document> I know there isn't much people around can do, but why record them. # url # </document>
<document> do you guys think you're getting better? all the guys do is post about how much you hate women (which is so fucking faggy), meet your tight little gay pals, and praise your femboy-loving leader. # url # </document>
<document> # user # which is sad because one of them is extremely female (blonde hair blue eyes could be a model no joke) and she's getting ruined </document>
<document> watched the girl, interrupted for the first time. I wish she ended up with that hard-working dude 😔 </ document>
<document> # user # and nobody tells me vaccinated people can't give it to others when a doubly vaccinated and boosted person gave it to me 💀 </document>
<document> # user # # user # you libtard are deaf and mentally ill like qf @ # user # </document>
<document> oh no wait stopped playing after omega ruby ​​</document>
<document> if Hillary runs in 2024 I hope tulsi will challenge her in the primary. not because I believe tulsi will win, but because I'd like to see them go bat. </document>
<document> the only power currently held by people in this country is purchasing power. </document>
<document> # user # # user # # user # I'll take all your gay rights </document>
<document> # user # This is a real shame. I remember seeing the high-speed rail plans here and you can get from Michigan to Florida in 4 hours, but it won't be done until 2045. </document>
<document> no me juI think it's funny that you guys don't think you're as short-tempered as the patriot front when your whole schtick hates ironically and thoroughly women who hold small gatherings with your close friends. # url # </document>
<document> will have delayed the offspring nephilim running around </document>
<document> when you tell them you are a Catholic they become so embarrassed and leave </document>
<document> you can purchase a whole sheet of lsd online for $ 200 </document>
<document> I can't forget how Midwestern it looks (I know it is but it has that generic Dutch Midwestern look) # url # </document>
<document> women who inject the test like a guinea pig say what # url # </document>
<document> # user # # user # # user # # user # "what does being black have to do with it" well when we compare Europeans and Africans I think it's safe to assume that race is a factor here. </document>
<document> # user # # user # # user # I didn't say no one here was a p * do, I said I have no hatred in my heart except p * dos and atheists. I was replying to your mutual </document>
<document> "are you still paying attention" no my attention threshold is that of a broken kindergarten child # url # </document>
<document> when there are black people pushing Asian people on the train tracks, when you have robberies happening in broad daylight, when you have people shooting at each other in broad daylight. don't be so naive </document>
<document> Day finished chest, shoulders and legs 😎 # url # </document>
<document> what do pocs offer to america besides skin tone? How does having different skin tones constitute greatness? # url # </document>
<document> knew that the Jews would be responsible for the birth of the antichrist. ugly greedy gremlin that looks like mfkers # url # </document>
<document> see stan twitter. we already know. # url # </document>
<document> we should bring back bondage just to keep things spicy. enslave the white stalks, enslave the blacks, enslave everyone </document>
<document> my chest and belly would be like my back if I didn't shave it every day, like a damned forest </document>
<document> # user # what's with you tr # user # and you refer to yourself as "bimbos" lmfao. pathetic </document>
<document> # user # # user # # user # how is he wishing you to kill yourself? I was just recognizing the stats </document>
<document> didn't make any claims, literally interview people for their opinions on things 💀. # url # </document>
<document> modern feminism has led women to think that empowerment means selling your body for 4.99 a month instead of having children and being a strong mother. which is another reason Jews push feminism so hard because they own the porn industry. but yes, I'm definitely a woman </document>
<document> yes we should abolish the cia and also the fbi. how many crimes will they commit against us before we have had enough? how can you defend the cia / fbi when it turned out they were producing cp & amp; allowed officers who dumped cp to get off without scott? </document>
<document> should have been good and stayed in Catholic school </document>
<document> should instead be blamed for its mishandling of the border crisis. # url # </document>
<document> liberals stop calling anything you don't like "fascism"
conservatives stop calling anything you don't like "communism" </document>
<document> we have one in the psychiatric ward unit here, but it's smaller but still padded. I was put there because another patient called my mother a whore and I slapped him. </document>
<document> these are the kind of Christians who talk Catholicism bullshit by the way. # url # </document>
<document> little white bitch with blonde hair approaching the weed dispensary. you don't belong here </document>
<document> idgaf what are you doing to this country yet, let me praise my god, lift weights, eat my food and get cold </document>
<document> chase someoneand with a knife: criminal assault in Michigan from 4 years in prison minimum # url # </document>
<document> every person who voted for biden should enlist to fight this impending war. </document>
<document> I'm not actually a male feminist, feminism has destroyed Western women and there is a reason why Jews push so hard. # url # </document>
<document> now answer my question, as it is saying that women have been tricked by feminism into thinking that selling for 4.99 is emancipation instead of being a strong mother and housewife a "liberal grip" as you claimed. # url # </document>
<document> It is so pathetic to see a teenager or a young adult "man" wearing a skirt and makeup. </document>
<document> White women of gen x love me for some reason, especially those with emotional problems and abusive husbands </document>
<document> many of you are not original and repeat the same line that all the others repeat, for example: "none of these words are in the Bible". shut up and be original </document>
<document> to the store right now. I can't believe how expensive the food is right now. fucking incredible. </document>
<document> "follow me" of the barracks is a good song to have sex with by the way </document>
<document> should have thought twice before trying to enter born # url # </document>
<document> when our empire finally collapses, which country will conquer us </document>
<document> I was harassed by the foreskin guardians in my comment section because I said I was glad I was circumcised🙄 </document>
<document> # user # # user # you have no problem making everything else racial, but when people start showing that blacks commit crimes like this all of a sudden, you have a problem with the race being bred. </document>
<document> God did not give us sin, he made it satan. God did not create humans with the original sun. Satan tempted the eve & amp; adam, which is why we are born with original sin. # url # </document>
<document> why would you want to ruin our energy independence? fucking idiots </document>
<document> man * I repeatedly hit my head against the car door. my neck has been messed up for months # url # </document>
<document> loves the way the Liberals said Biden would make world leaders respect us "again", but everything he has done so far has clouded our relations with our allies. when Trump was president we looked strong and our army was feared. - </document>
<document> i can deal with the other idgaf symptoms but i hate sore throat so much. </document>
<document> fat people have the cheekiest faces # url # </document>
<document> I know someday I will end up being kidnapped and killed because the way people are obsessed with me is weird. </document>
<document> many traders take offense at everything like liberals do. </document>
<document> Jews run the porn industry by the way </document>
<document> I love how the refs let them fight. when I watched my brother's hockey games (whether it was travel hockey or high school) the referees always let them fight fist # url # </document>
<document> "I can't smoke weed I'm a nurse" fuck it has to do with smoking weed bitch puff it dmanit </document>
<document> # user # why are there so many gynecologists? if i were a woman i would not get a pap smear from a doctor mae 💀 </document>
<document> # user # is a man I am not playing with the disappointments of him or any other person experiencing gd so they can feel better. this is the real world and it needs to grow. </document>
<document> I want to swallow my airpods and see what happens </document>
<document> # user # I thought he wasn't and that all the gays who pressured him to come out were harassment (and they are) but he's definitely gay. or he has a certain attraction to men, whether he is bisexual or gay </ document>
<document> don't pass for cis woman. if i was standing in line with 50 biological women and someone told me to choose who was the tr # user # you would bebe chosen on average. # url # </document>
<document> # user # you tremble when you pee because your body lowers the temperature </document>
Liberal <document> seem like goddamn fucking idiots right now and qanon conservatives too. </document>
<document> black people have bad voting habits. look at detroit, look at flint, look at chicago, look at nyc. this doesn't have to be racist or demean blacks. they vote for horrible politicians who turn their cities to shit. </document>
<document> when a black shoots a building / street it's a "mental health crisis" when a white shoots a building / street it's a "gun control" problem. </document>
<document> the first time I had sex was in the back of a black Rolls Royce # url # </document>
<document> blacks push Asians onto subway tracks, homicides have increased by 300%, rape and sexual assaults have increased, robberies in broad daylight, people shooting at other people in broad daylight, stray bullets that they affect children. I can go ahead if you want # url # </document>
<document> someone just said they poison me for a sexting session 😭. what the fuck you all got </document>
<document> because even sex with these transformers may not think about anything else for five fucking minutes. </document>
<document> I would be the most unfiltered and controversial politician if I ran for office and won </document>
<document> # user # # user # # user # make up 1% of the population but unfortunately more than 1% of people say in their delusional tale that it is destructive. </document>
<document> & gt; gets mad at athletes for their political virtues they report at the 2020 Olympics (which I also had problems with)

& gt; "Boycott the 2022 Olympics because China is bad" </document>
<document> # user # gender is sex and sex is gender. Are you male or female. aka xy or xx. it's not changing it. no matter how much hrt one takes. they will always be that sex and that gender. I'm not playing with fairy tales. </document>
<document> no, I love my mother and am so thankful that I have the parents that I have. would do anything for them. sorry you can't relate # url # </document>
<document> shouldn't have made the word "n! gg3r" so funny if they didn't want people to say it. same with ph # user # </document>
<document> # user # as you said is a preference. I'm not putting anyone to shame </document>
<document> people I don't like: gingers, people with outtie navels, Jews, Muslims, Protestants, people who take offense at everything, tr # user #, people who use neopronomists, pedos, cheaters, men with wives who wear the trousers of marriage, communists, socialists - </document>
<document> * my father who put together something that was made in China * "I'll tell you what happens if I see a Chinese I'm blowing his head to clean it" </document>
<document> tulsi has mentioned this many times before.
when he was a freshman in congress he was completely unaware of the democratic corruption that was taking place, he did not know what the foreign relations council was, he went to an economic forum to speak against the war in front of </ document>
<document> tulsi plans to run for president but which party is unknown </document>
<document> It's strange to look back at the 2016 Republican primary and see that Donald Trump has faced tough opponents like Cruz and how much he has permanently changed the Republican party in just 4 years. </document>
<document> and that photo of her with antifa was taken on foot, she didn't know they were antifa. I love the way you try to make yourself look conservative, but use the libel tactics of the liberal media </document>
<document> can't stand gay men wearing makeup. </document>
<document> the reason she is using my money is because she doesn't want dad to see it on her bank statement 😡 </ document>
<document> no go ahead answer my question, how is it possible to say that women selling themselves is a bad thing a liberal take as you claimed. are you a comer? # URL #</document>
<document> Did Trump endorse greg abbot or huffins? </document>
<document> imagine using "cishet" in a non-ironic way. tumblr has fried your brain. # url # </document>
<document> my mother is a very traditional conservative Catholic and she constantly tells me that she would vote for tulsi, my brother is the same way and said he would vote for her too. </document>
<document> As I pointed out earlier, I don't blame conservatives for taking away our rights. I would too if I were them if I saw a group of people threatening to indoctrinate my children, whether I like it or not, I would like to get rid of them too. </document>
<document> looks like it would be nice to be around, you know. how nice is basically </document>
<document> I know that hating the police is in fashion now because of the alternative girls on tiktok, but again don't be so naive, compare New York in the 80s and 90s with today and see how similar it is in terms of crime and what it did in the 2000s to end this. </document>
<document> # user # see all addicts except yourself </document>
<document> pretty much every trans "woman" is a lesbian porn dude # url # </document>
<document> # user # is unconditional that's why it gives us the choice between believing in him and believing in him and being a bad person. God doesn't send us to hell our choices do. </document>
<document> # user # I went out with an emt driver and 90% of his job included getting fat people out of bed </ document>
<document> covid-19 vaccine gave me AIDS, hiv, sexually transmitted diseases and stis, hepatitis a b c d and f and g, high blood pressure, low blood pressure, high cholesterol, low cholesterol, big boobs, big ass, a mangina, diabetes 1 and 2 and I lost my sight. </document>
<document> will regret it because in the future they will have many people who are ancestors of the cotton pickers complaining and crying # url # </document>
<document> # user # who is a man and I will refer to him as such. gender is sex. sex is gender. </document>
<document> the republicans who win in 2022 will not be moderate republicans that Biden is used to negotiating with it, they will be pro-trump, america first, right-wing populist who does not give biden an advantage by compromising with him. </document>
<document> Gorilla pussy looks like a brand of super glue </document>
<document> if you're a ginger with a crazy belly button I'll hate you murder </document>
<document> Democrats are really going to primary with a progressive Democrat and giving Republicans a free seat 💀 jfc </document>
<document> # user # # user # # user # # user # what are the names of the people who died from listening to the jre. </document>
<document> # user # yes, 50% are Native American (chippewa) and then the rest are Western and Eastern European </document>
<document> I know damn well my neighbors can see me and my penis dangling as I search for my clean clothes folded laundry basket that I always forget to put away </document>
<document> I hate winter not because it's cold, no. I go around outside I am the snow barefoot, in shorts and without a coat. I hate it because it's so fucking dry. </document>
<document> I said yes to being an organ donor because I thought you had tax exemptions, benefits or whatever🙄 </document>
<document> I think these trends that make people look ugly are a cia pysop to destroy beauty and make us hate ourselves </document>
<document> I don't blame conservatives for wanting to get rid of gay marriage when we have people out here acting like fucking degenerates and inserting themselves and their sexuality into every fucking argument. obviously we cannot manage having rights. </document>
<document> I look at the lord of the rings just to see monstrous things or whatever they will call them and then I turn it off. idky but i like their faces. this is my favorite # url # </document>
<document> amaze the ukrado the Indians want our help? no thanks ❤️ </document>
<document> if you are fucked beyoncé why would you betray her? who the fuck would betray Beyoncé. I'm not even a Beyoncé fan and I don't like her music but </ document>
<document> aliens are demons aka fallen angels. demons and satan are not (yet) in hell, they are here on earth. </document>
<document> # user # # user # # user # and should be condemned for it, just like blacks should. I don't give a fuck about whataboutism. </document>
<document> can't act like ordinary citizens for a fucking day # url # </document>
<document> # user # # user # what Donald Trump's dick tastes like when you can't stop thinking about the man. </document>
Uncut <document> looks strange. happy to have been circumcised, but i will not circumcise my (future) children, they can do it when they are adults if they wish. # url # </document>
<document> eat healthy, it's not hard, big pieces of shit. i am tired of seeing fat people in public it is completely disgusting and i will shame you for this idfc. </document>
<document> proving once again that it's a fetish and it's all about sex # url # </document>
<document> # user # # user # # user # fetal stem cells were actually used in vaccine development. </document>
<document> # user # should look into the cia's involvement in the modern art scene. </document>
<document> # user # # user # you will also be angry with Africans for doing this to their own people </document>
<document> # user # # user # many of them have very crazy aspirations for which they feel very strong. they have the same potential as a white person with the same aspirations. their culture is just plaque with gang culture, absent fathers, untreated mental illnesses and victim complexes </document>
<document> # user # there are questions we still don't have answers about why god does the things he does we just need to put our trust in him, that's what faith is. when our time comes and we stand before God, we will truly know why he chooses to do what he does. </document>
<document> # user # also comes from a very athletic family. great genes for muscle building. you should see my brother (d1 college football player) also my dad who doesn't play sports / train for a while is still very muscular at 54. </document>
<document> # user # that's why I regret not staying in gymnastics. wasted potential </document>
<document> from my parents except for divorce, lying and the cnn part # url # </document>
<document> # user # # user # # user # # user # the blacks who burned it during those riots decades ago, which forced middle-class whites to flee there. </document>
<document> I like some scented candles and I have an Apple product and an iPhone. # url # </document>
<document> how is it a lie that the crime is over? we see all the videos. why are you okay with the Asian hate crimes that have occurred influx at the hands of people of color in your city? # url # </document>
<document> homocons who make their whole personality not be like other gays, also known as gay conservatives, are just as annoying as gays who make their whole personality sniff poppers and fuck anything that moves. </document>
<document> I should get compensation for having to go to school with blacks. loud, hateful, always shooting scenes about someone touching their hot fries, always arguing over something stupid that happened outside school, stabbing people with scissors, carrying guns to school </document>
<document> is damn marquette 14+? we only have 3 in my hometown (lower Michigan) @ # url # </document>
<document> # user # # user # oh no- edtwt I didn't like my tweet how will I ever live! </document>
<document> # user # at this point I hope they get the upper hand. they deserve to win and we deserve to fail. they are doing the hard work to be successful and we are not. </document>
<document> freud was right. please stop proving Freud right. # url # </document>
<document> # user # we can paint them orange and teach them to show melodies </document>
<document> you know what sounds good right now. a being in a whirlpool </document>
<document> # user # I've heard it's painful to be deleted but smart </document>
<document> # user # and decriminalization of drugs (should be treated as a mental health issue not a criminal justice issue but drug dealers should be jailed) these are probably my most liberal views. </document>
<document> his name has been removed because he is no longer a member. she was a member in 2012, when she was a new congressman, where she went to speak out against the war. after which she left. # url # </document>
<document> the conservatives who call themselves "thoroughbreds" and make the symbol and the whistle of the hunger games are exactly the same as the liberals who constantly bring out the story of the handmaid who secretly want to go through the story of the handmaid. </document>
<document> down the gingers, down with the gingers! blonde power! blonde power! </document>
<document> # user # but doesn't. the suicide rate between pre-operative and post-operative is the same </document>
<document> always weaves on the ground, etc etc etc </document>
<document> had this huge green ass bruise on my thigh yesterday, now it's completely gone. the fuck is going on </document>
<document> # user # # user # # user # # user # I understand that the white man is the scapegoat for all of you, but none of this would have been possible without the Jews who owned the vast majority of slave ships and African tribes for selling off men for shiny items </document>
<document> why blacks like chicken so much, serious question. and before anyone says "that's a stereotype" no, it's not and you know it's not. </document>
<document> white women who feel entitled to everything, people who can't have fun, liberals, people who complain about everything, black people who can't be ordinary citizens, people who think life should be fair, the English, the neocon, the neoliberals - </document>
<document> every "pansexual" woman is just a girl with a goblin cut of shit and the ever "pansexual" male is just a super skinny dude who looks related </document>
<document> I work out at home but because you are not allowed to be shirtless in the gym. why will it make people self-aware? how is it my fault </document>
<document> Thomas, the train has to get up and stop these blacks from stealing our packages. </document>
<document> # user # # user # # user # get so specific when they talk about gay sex when they argue with gay guys on Twitter. it's so weird </document>
<document> I have a question for all my followers who are doubly affected, boosted and scared by covid. why are you afraid of becoming covid if you are vaxxed and empowered? I thought it reduced your chances of going to the hospital and dying with the symptoms? </document>
<document> # user # # user # so does this mean Biden has blood on his hands or did it only apply to the orange man? </document>
<document> "how do you know he is gay" he posture of him and is a male advocate of Bernie. </document>
<document> # user # I've beaten the whole game about 50 times </document>
<document> they're really setting this new world order shit in motion. Trump's victory in 2016 really fucking scared them </document>
<document> before anyone tries to chase me for being numb, if you only knew how crazy my paternal grandmother is, you would understand </document>
<document> 2020-2021 (so far also 2022) were the best years of my life and I didn't let covid-19 affect how I moved on with my life. you can call me selfish as much as you want, I really don't give a fuck. </document>
<document> # user # # user # I never said babies should be circumcised, like you said it's a strange opinion, it's my opinion, there's no need to get defensive. I am in favor of banning circumcision for minors </document>
<document> milk, tilapia, rice, eggs, centrifugeach, oats, broccoli, a ton of carrots, peanuts, strawberries, raspberries, oranges, grapes etc # url # </document>
<document> # user # # user # gross, at least ashamed. instead of going around telling people that you are addicted to porn. </document>
<document> I like listening to music and moving my head around my room is such a relaxing thing to do </document>
<document> we have tr # user # general and you not russia! we are number 1 we are number 1 we are number 1! # url # </document>
<document> loves when atheists try to talk about the Bible as if they knew its contents. because it just proves that they have never read the Bible they just choose the shit they find online </document>
<document> Does the same guy who told gay hookers he calls his butt moles "his ladybugs" think it's inappropriate to forgive people who are held in solitary confinement? yes it's fine. # url # </document>
<document> every time I pass my brother or sister I say "how are you my dear" </document>
<document> may Allah awaken people and show them Israel's evil deeds! </document>
<document> could just go to medical school to become a psychiatrist and start private practice because I can already say there will be an even bigger recovery in mental illness in the next few years and I would be banking. </document>
<document> Black men can have fat white women that we don't want. </document>
<document> # user # # user # # user # I didn't know you knew how I lived outside of twitter wow! </document>
<document> if you have done something wrong with your life </document>
<document> I will support trans rights if trans men share their testosterone until then no </document>
<document> # user # the exceptional projection "your parents tried to have an abortion" where the fuck did it come from? </document>
<document> # user # # user # calms vaginal discharge. you don't want to die on the hill to defend rapists </document>
<document> I'm not talking about girls and sluts who like to troll, no, you ironically hate all women, which is something that is expected of gay men. </document>
<document> also fell on my neck luckily it didn't crush my esophagus </document>