 
	<document> will be interesting to hear what janet yellen says about economy &amp; stimulus before senate finance committee tomorrow. and will she be approved easily? fwiw, yellen confirmed as fed chair in 56-26 vote seven years ago. #user# covered in 2014. #url# </document>
		<document> it's not 🍺 o'clock on wall street. $bud down 5% and $tap flat today following earnings. </document>
		<document> personal income up more than expected in september. spending higher than forecast too. will this hold in q4 though given the absence of new fiscal stimulus? </document>
		<document> $mtch stock up a little bit as tinder rival bumble files for ipo. $bmbl #url# </document>
		<document> cue the radiohead. don’t talk politics and don’t throw stones. #user# has smart advice on how to deal with the election in the office. even the virtual one. #url# </document>
		<document> alphabet lite? $fb new corporate structure: "the first segment, family of apps, will include facebook, instagram, messenger, whatsapp and other services. the second segment, facebook reality labs, will include augmented and virtual reality related hardware, software and content." </document>
		<document> so far, $expe soaring after earnings and $abnb down about 4%. #url# </document>
		<document> the earnings train rolls on. couple of interesting results coming out next week. keep an eye on $jd $tsn $panw $cspr $bidu $iq $sdc $wmt $hd $kss $nio $lzb $low $tgt $tjx $avya $ztvo $nvda $lb $ntes $m $bj $rost $wsm $intu $post $wday $fl </document>
		<document> dow briefly went positive for the week. flattish now. amazing. my story. #url# </document>
		<document> apple had a strong 2021. and tim cook was rewarded for it. #user#' jennifer korn has more on cook's payday. $aapl #url# </document>
		<document> gamestop cashing in on its stock surge with a big share sale. $gme up more than 10% #hashtag#. </document>
		<document> proshares says the $bito etf will launch tomorrow. #url# </document>
		<document> #user# #user# more on nfts from #user#. #url# </document>
		<document> cryptos continue to fall. bitcoin and ether down today. not a happy new year so far. but will they bottom soon? goldman sachs very bullish on $btc fwiw. my story on that from earlier this week icymi. #url# </document>
		<document> #hashtag# move of the day! clorox beat on earnings and revenue but $clx down nearly 5%? sure, growth could slow a bit after vaccines become more available. but don't you think people will still want to wipe everything often just to be safe? and clean? i will. </document>
		<document> first day of the seventh month. so it's time for some #user#. good night.

🎶 july, july, july
never seemed so, never seemed so strange

#url# </document>
		<document> oil's well? solid results from exxon mobil and chevron may help ease the sting of amazon and apple. $xom $cvx both up #hashtag#. </document>
		<document> cash is king. cisco has $23.3 billion of it. and there are reports that $csco has made an offer for splunk. $splk up 8% #hashtag#. #url# </document>
		<document> happy jobs day! and snow day in suburban nyc! stock futures up slightly so far but we’ll see what happens after 8:30. </document>
		<document> disney- $dis down nearly 6% #hashtag# on streaming worries. </document>
		<document> $amc down again #hashtag#. meme rally over or just on pause? </document>
		<document> people are going to see live music again. that's great news for ticketmaster owner and concert promoter live nation...not to mention john malone. my story. $lyv #url# </document>
		<document> dow and s&amp;p 500 futures lower. but what's this? nasdaq futures ever so slightly in green. for now. </document>
		<document> happy prime day eve? $amzn up more than 2% #hashtag#. </document>
		<document> $we are the champions? not exactly. wework finally goes public. but via a spac instead of ipo. at lower valuation than a few years ago. and without all the new age adam neumann stuff. but he still has a big stake in $we. i'll discuss with #user# on #user# #user# at 3 et. </document>
		<document> berkshire hathaway's vice chair charlie munger, a longtime friend of warren buffett, is a fan of china. he even praised the crackdown on jack ma in an interview with #user# #user# my story on that. $brk.b $baba #url# </document>
		<document> nio earnings after the closing bell. so are la-z-boy's. i might need to get some popcorn and sit back in a $lzb chair when looking at $nio results. </document>
		<document> is the market's earnings growth drought finally over? new data in from #user# shows that s&amp;p 500 profits for q4 now up 1.7% thanks to results this week. this would be first increase in yoy profits since q4 2019. biggest positive surprises coming from banks and big tech/faangs. </document>
		<document> three cheers for gridlock? so says mark zandt of #user# #user# in this op-ed for #user#. #url# </document>
		<document> i am married to a blonde. my oldest son is blonde. i love blondes. but sorry, starbucks. espresso should not be blonde! #hashtag# $sbux </document>
		<document> bitcoin prices heading back near $40k after tweets from #user# and #user# expressing support for north american bitcoin miners. $tsla $mstr $riot $mara </document>
		<document> three cheers for kristen welker! she showed last night that a supposedly thankless and impossible job doesn’t have to be that way. masterful. </document>
		<document> $gme up another 40% or so today. market value back around $13.5 billion. today's rally seems to have a lot to do with excitement about ryan cohen. interestingly though, $chwy down nearly 8% today as many techs/e-commerce companies continue to pull back. </document>
		<document> tech workers increasingly find that they no longer need to live in big tech hubs. more from #user#. #url# </document>
		<document> guessing powell listened to some classic prince last night? purple rain album to go with his purple tie? this is what it sounds like when inflation doves cry? stocks rebounding after powell appeared to pivot to more hawkish stance yesterday. </document>
		<document> so has nvidia now officially replaced netflix as the n in the fang/faang stocks? #hashtag# $nvda $nflx </document>
		<document> $tsla is up 4% while $lcid and $rivn are down 6% and 17% respectively. order has been restored to the ev universe. #hashtag# </document>
		<document> uk food delivery company deliveroo -- backed by $amzn -- is going public. #user# has more on that, including a perk for some delivery riders. #url# </document>
		<document> does jerome powell refer to his work colleagues as fedamates? or does that sound too much like a weird fan club for greek cheese? #hashtag# $fb #hashtag# </document>
		<document> so many great roles for yaphet kotto. rip. but midnight run will always be my favorite. (and it should be mosely.) #url# </document>
		<document> no idea if the chiefs or bucs will win on sunday. but one thing is clear. gambling/fantasy sports sites should cash in. i spoke with #user# of draftkings and fanduel's #user# about the super bowl. $dkng $pdypy $penn $mgm $czr #url# </document>
		<document> above 15k. where are the hats? and is s&amp;p 500 above 4,500 next? </document>
		<document> beyond saving? plant-based food business has tough competition and might also be peaking. $bynd posts bigger loss, sales miss and weak outlook. stock down 10% after hours. </document>
		<document> the streaming wars are playing out on wall street. just look at how well discovery+ parent $disca and paramount+ owner $viac are doing. they're the top two stocks in the s&amp;p 500 ytd. my story. $dis $amzn $aapl $cmcsa $t $nflx (at&amp;t owns warnermedia/cnn.) #url# </document>
		<document> the reddit wsb strikes again. #hashtag# is trending. $amc up more than 122% so far #hashtag#. $gme popping again too. </document>
		<document> energy and basic materials sectors higher even as broader market starts off the year with a thud. </document>
		<document> got my wife flowers for valentine's day. she got me a blueberry muffin. i still think i'm the winner in that gift transaction. 🫐 </document>
		<document> so is warren buffett going to be the opening act for charlie munger at the 2022 "woodstock for capitalists?" #hashtag# $brk.b #url# </document>
		<document> when will there be the first personal finance story done about millennials filing for chapter 11 because of monthly streaming media subscription debts? #hashtag# </document>
		<document> uber posted solid earnings as riders came back and delivery biz posted a profit. i'll be talking about $uber results with #user# on #user# #user# around 9:40 et. </document>
		<document> verizon earnings topped forecasts this week but the company still faces some big challenges. $vz is a dow dog. i'll be talking about the wireless giant on #user# at 11:45 et. #user# #url# </document>
		<document> not too many all-time highs on a day like this. but all aboard kansas city southern. new record for $ksu. nothing like a possible bidding war to get prices chugging higher. choo-choo! $cp $cni </document>
		<document> omicron angst? #user# has more on how the latest virus variant could hurt the economy. #url# </document>
		<document> #user# #user# #user# more on rogan and $spot from #user# #url# </document>
		<document> oil stocks, moderna and ford were market winners this year. but zoom, casino stocks and activision blizzard are losers. i'll be talking about that with #user# on #user# #user# around 9:50 et. $mrna $f $zm $atvi #url# </document>
		<document> microsoft's proposed activision blizzard takeover is a big test for the ftc and doj. #user# has the story. $msft $atvi #url# </document>
		<document> paypal beats on earnings and revenue. $pypl up nearly 5% #hashtag#. </document>
		<document> do $dis investors need to start singing this disney classic tune in the hopes that iger will come back following a rough start to the chapek era? probably not. but enjoy the miles and coltrane. good night. #url# </document>
		<document> a "hollow" finish for stocks. this is the way the market's week ends. this is the way the market's week ends. this is the way the market's week ends. not with a bang, but a whimper. </document>
		<document> stocks down. gold is up. and a picture of ron paul is leading the #user# home page. libertarians rule the world! #hashtag# </document>
		<document> where are the dow 34,000 hats, #user#? heh. </document>
		<document> how high will affirm go in its ipo? $afrm priced at $49 and seeing it indicated to open at $90. </document>
		<document> stop the presses! millennials, ask gen x/boomer coworkers what that means. nasdaq flattish up. s&amp;p/dow flattish down. bifurcation! #hashtag# </document>
		<document> early contender for #hashtag# move of the day! nordstrom beat on earnings. but sales still down sharply and outlook not great. but $jwn up 5% #hashtag#? </document>
		<document> rip transitory? today's cpi report may put nail in coffin of that word for good. "transitory doesn't fit what we're seeing anymore," tom graff of #user# told me. "clearly the way inflation is broadening out, it will not just be more pervasive but also more persistent." </document>
		<document> record lows for two online brokers that went public last year: coinbase and robinhood. bitcoin volatility hurts both of them. the stock slump bad for $hood too. but other crypto stocks hit along with $coin. my story. $sq $tsla $mstr $hive $riot #url# </document>
		<document> peter parker may help save the movie theater biz. more from #user#. 🕷 #url# </document>
		<document> more woes for boeing? #user# and #user# have the story. $ba #url# </document>
		<document> frances haugen goes to washington. big day for $fb on capitol hill. #user# and #user# have the story. #url# </document>
		<document> oof. $gps now down nearly 20%. needs some of that digital magic that's boosting $jwn today. #url# </document>
		<document> $ebay earnings are after the close. analysts predicting drop in eps but 5% rise in revenue. company looking to do more in the growing world of sports trading and other collectible cards too. wrote about that last month icymi. #url# </document>
		<document> oof. $ride down nearly 18% following this. #url# </document>
		<document> gilead sciences says fda has approved remdesivir for treatment of hospitalized covid-19 patients. $gild up 4% after hours. </document>
		<document> more on the virgin orbit spac from #user#. #url# </document>
		<document> tgif? stocks up today. but that won't be enough to push the market higher for the week. dow, s&amp;p 500 and nasdaq still in red over past five days. will snap five week winning streak for all the major indexes. </document>
		<document> walgreens confirms that it may kick boots to the curb. $wba says in investor presentation at a $jpm conference that "strategic review of boots business initiated." #url# </document>
		<document> $fb beat on eps &amp; revs. but "we continue to expect increased ad targeting headwinds in 2021 from regulatory and platform changes, notably the recent ios updates, which we expect to have a greater impact in the third quarter compared to the second quarter." down 4.5% after hours. </document>
		<document> fanduel owner flutter entertainment posted solid earnings yesterday. $pdypy surged. up again today. interested to see what's next for fanduel now that former ceo matt king is at fanatics. wrote about sports betting earlier this week icymi. $dkng $penn #url# </document>
		<document> all i want for christmas is a 30k hat. #url# </document>
		<document> the other shoe has dropped for foot locker. $fl down nearly 35% on weak outlook as $nke selling more sneakers directly to consumers is hurting sales. </document>
		<document> big victory for biden? #user# has the story. #url# </document>
		<document> $spce down 14% #hashtag# following this. #url# </document>
		<document> can't imagine that $fb stock will do much following the trump decision. but fwiw, facebook shares up a bit #hashtag# following yesterday's tech sell-off. and shares are up nearly 17% ytd. </document>
		<document> i hope 456 didn’t buy this. #user# has the story. #url# </document>
		<document> draftkings posted smaller loss than expected and sales beat. guidance looked good. talking to ceo later this morning. $dkng up 6% #hashtag#. </document>
		<document> we all love data. but i don't need someone to remind me of what music i like and listen to a lot. heh. $spot $aapl </document>
		<document> jobs report tomorrow. time for my usual pre-jobs friday rant/sermon. i don't care what it means for trump or the 648 democrats (#hashtag#) running in 2020. i do care what it means for the actual economy &amp; us workers. let's all root for higher wages and more jobs added. good night. </document>
		<document> darden restaurants earnings tomorrow morning. $dri up 12% ytd. i'll spare you the old cnnmoney video that #user# and i did many many moons ago (actually 2014) about tasting (and not liking) olive garden food. </document>
		<document> $car is now up "only" 90%. the horror. the horror. </document>
		<document> anyone know why grocery stocks are soaring today? $kr $svu $wfm $sfm up big. unhappy democrats stocking up on canned goods? #hashtag# </document>
		<document> $gme up more than 85%. oy. </document>
		<document> fed decision was unanimous btw. </document>
		<document> cue the black mirror references. boston dynamics is at it again. more from #user#. #url# </document>
		<document> another sign of rising energy prices. diesel is surging too. more from #user# and what that means for consumers. #url# </document>
		<document> tesla beat on earnings and sales. $tsla up 3% after hours so far. </document>
		<document> more on $uber from #user# in today's #user# before the bell newsletter. #url# </document>
		<document> oy. too soon! #user# has the story. $sbux 🎃☕️ #url# </document>
		<document> a remote trump-biden debate may not wind up happening. but fwiw, there was another time two candidates faced off when they weren't on the same stage. 60 years ago. #url# </document>
		<document> time for a steak dinner? not exactly. more from #user#. #url# </document>
		<document> stocks sinking again. russia-ukraine worries won't go away. i'll be discussing that with #user# on #user# #user# around 3:48 et. </document>
		<document> fed statement is out. no change in rates. no major surprises. no dissents. #url# </document>
		<document> news you can use. well. not me. i've never had a white claw. i guess i'm too old. but #user# has more on the great shortage of 2019. millennials will tell their kids about it one day. if they have kids. #hashtag# #url# </document>
		<document> this just fictitiously in! i believe this rodent (not to be confused with other politicians) is leading biden in new hampshire. #hashtag# #url# </document>
		<document> i was thinking 7-9 or 8-8 tbh #url# </document>
		<document> more on $kss from #user#. #url# </document>
		<document> $gme looks set to open near $250. one sports book (yup) is taking bets on whether the stock will hit elon musk’s favorite number. $420. #url# </document>
		<document> $koss is boss? headphone maker shares up 66% today. another favorite of the reddit wsb crowd. i wrote about koss back in late january icymi. $koss up more than 750% ytd! #url# </document>
		<document> of course, i'd be remiss if i didn't mention that #user# has also been at #user# talking about business longer than i have as well. still remember those old cnnfn hits! #url# </document>
		<document> how does the jobs report impact your finances? #user# breaks it down. #url# </document>
		<document> i'll be talking about tesla and its great year -- which is about to be capped with the $tsla entry to the s&amp;p 500 -- on #user# at 11:45 et. #user# #url# </document>
		<document> unplugged. $tsla down 11% after earnings. yikes. overreaction? </document>
		<document> facebook and other tech stocks have taken a hit lately. but oil prices continue to surge. i'll be talking about that with #user# on #user# at around 9:08 et on #user# #user#. </document>
		<document> what can brown do for you? more on $ups earnings from #user#. #url# </document>
		<document> tesla up 9% today. top performer in the s&amp;p 500. $tsla now just 7% below its all-time high. </document>
		<document> goodrx shares are down sharply again today on amazon pharmacy news. but the ceo of $gdrx told #user# on today's #user# markets now show that $amzn is not a threat. investors clearly disagree. #url# </document>
		<document> $bynd up 3% today. assuming that's because i'm having a vegan lunch with beyond meat tacos. ama. #hashtag# </document>
		<document> reader comment of the week. $tost #url# </document>
		<document> nothing merry for robinhood this week. $hood down another 3% today and nearly 15% in past five days following first post-ipo earnings report. wrote about the results on wednesday icymi. #url# </document>
		<document> people will go back to see movies in theaters. but #user# says that the industry has permanently changed. #url# </document>
		<document> obama: u.s. will one day have woman president, jewish president, hindu president. doesn't mention italian president. sigh. #hashtag# #hashtag#? </document>
		<document> solid earnings from ciena. the networking equipment company benefiting from 5g rollout. $cien up 4%. i spoke to ceo gary smith about the results. smith said with so many people working from home, it increases urgency to boost bandwidth for service providers. </document>
		<document> merck, walmart and procter &amp; gamble are the only 3 dow stocks currently in green. and barely. $mrk $wmt $pg </document>
		<document> 10-year treasury yield back above 1% for the first time since march. fed unlikely to raise short-term rates anytime soon. but is inflation slowly (finally) creeping its way back into economy/bond market? </document>
		<document> more on the slide in $pton stock following the $aapl news from #user#. #url# </document>
		<document> the market is at all-time highs. here's how to invest if you're a little nervous about getting in too late. #user# has the story. #url# </document>
		<document> buffett praises tim cook. admits that cook is not steve jobs but that jobs probably could not have done a lot of what cook has done for apple in past few years. $aapl $brk.b </document>
		<document> the islanders are 1-0! so where will they hold the stanley cup parade? flatbush avenue in brooklyn? the parking lot of the old nassau veterans memorial coliseum? outside belmont racetrack in elmont? #hashtag# </document>
		<document> so is this the market reaction to fed the un-taper tantrum? </document>
		<document> the so-called apes on reddit are having some fun (and making money) again. my story on heavily shorted stocks like $car and $bbby that have recently enjoyed big pops. #url# </document>
		<document> and here's my story on $amc icymi. #url# </document>
		<document> united posts bigger than expected loss and missed on sales. but is anyone really surprised? $ual down just 1% after hours so far. </document>
		<document> is it 5pm yet? looking forward to this delicious uruguayan red and a steak dinner for the anniversary celebration later. memories of punta del este! 🍷 🥩 🇺🇾 #url# </document>
		<document> facebook shares have lost about a quarter of their value following earnings. #user# looks at how $fb/meta is struggling to grow earnings as competition intensifies. more from #user# on today's #user# before the bell newsletter. #url# </document>
		<document> curious as to why the number is for a suffolk county, long island area code. sure, many nyers retire to florida. but still. $lyft #url# </document>
		<document> fair point. but up about 4% over past 24 hours. #url# </document>
		<document> solid day so far for stocks, especially tech. still a terrible month for the market. but at least january is ending on a positive note? </document>
		<document> probably jinxing things. but stocks are mostly quiet so far. futures a bit lower. not drastically so though. still, jobless claims report coming out later this morning. </document>
		<document> biggest takeaway from the berkshire hathaway shareholder meeting so far? i wish i had some see's peanut brittle to munch on right about now. munger seems to be enjoying his. $brk.b </document>
		<document> airbnb hopes to host a big ipo party on wall street later this week. i'll be talking about $abnb and other hot offerings like $dash with #user# on #user# #user# around 3:40 et. </document>
		<document> futures pointing to a lower open in the real world this morning. not sure how the market is doing in the metaverse. #hashtag# $fb $mvrs </document>
		<document> netflix shares chill a bit after earnings. $nflx down nearly 6% #hashtag# as subscriber growth underwhelms. i'll be discussing the state of streaming with #user# on #user# #user# around 9:08 et. </document>
		<document> what's that coming up next week? earnings? yup. first quarter frenzy kicks off. lots of financials. on tap? $jpm $gs $wfc $bac $c $usb $tfc $ms $pnc $bk $stt $ally $cfg. but also results from $apha $bbby $tsm $unh $pep $rad $dal $aa $jbht $ppg $ksu. and the $coin direct listing! </document>
		<document> economy and earnings! i'll be talking about the cpi/inflation report and results from $gs $jpm a little after 9am et with #user# on #user# #user#. </document>
		<document> news flash. consumers read and watch the news. so sentiment about the economy/markets is low right now. more from #user#. #url# </document>
		<document> is donald trump a frugal hawk? what military program will he target for "out of control" costs next? virginia-class submarines? #hashtag# </document>
		<document> satya nadella discusses the bill gates controversy. #user# has the story. $msft #url# </document>
		<document> what is elon musk up to now? #user# and #user# have the story. $tsla #url# </document>
		<document> $ebet now up more than 500%! wow. </document>
		<document> bifurcation is back? dow futures up solidly again. s&amp;p 500 flat. nasdaq down. is this finally the end of the market leadership role for big tech/faang? not so sure about that just yet. but value is starting to shine at last. </document>
		<document> the stock market is adjusting to the new rate hike reality. i'll be talking about that on #user#'s premarket prep show today at 8:15 et! tune in here. #url# </document>
		<document> and here's my story on $coin from earlier this week icymi. #url# </document>
		<document> but investment bankers are still likely to bonuses. they just might be a little smaller. #url# </document>
		<document> i’ve been a financial journalist for 26 years. so i’ve heard “this time it’s different” a lot. it never is. my op-ed on how the crypto craziness of today reminds me of the dot com/tech bubble of the late 90s/early 2000. #url# </document>
		<document> more on the $cspr acquisition from #user#. #url# </document>
		<document> the buzz family is excited to watch #hashtag# tonight. hope to see lots of people in baby yoda/#hashtag#, mando/#hashtag# and #hashtag# costumes trick or treating on halloween too. enjoy the weekend and this amazing theme song. this is the way. $dis #url# </document>
		<document> how's this for a sequel to the $amc 2021 stock surge? #user# aron now hopes to refinance the company's debt. my story. #url# </document>
		<document> big companies, especially tech firms like $aapl $msft $googl $fb $amzn, are sitting on a record amount of cash. and that pile may get even bigger in the coming months due to concerns about the delta variant. my story. #url# </document>
		<document> more on the weak consumer numbers from #user# and #user#. #url# </document>
		<document> fwiw, dow and s&amp;p has moved to highs of the day following these headlines. and nasdaq looks like it's about to claw its way out of the red and go positive. $pfe $bntx $mrna $nvax off lows. $jnj up slightly. #url# </document>
		<document> bitcoin down about 2% today after hitting new all-time high yesterday. investors rotating back into gold? the yellow metal is up 2% today. hmm. $btc $xbt $gld </document>
		<document> plant-based peak? beyond meat warns that sales will be lower than expected. $bynd down 15% #hashtag#. </document>
		<document> surging home prices are great for sellers. but the red hot market is too hot for people looking to make their first purchase. more from #user#. #url# </document>
		<document> robinhood s-1 here. $hood #url# </document>
		<document> a caffeinated toast to all the tech writers covering the deluge of earnings this evening. starbucks also reported results. so it's time for some bob dylan -- courtesy of this white stripes cover. good night. ☕️📱 $aapl $fb $amzn $googl $twtr $sbux #url# </document>
		<document> more on cpi from #user#. #url# </document>
		<document> #hashtag# move of the day. sure, shoe retailer designer brands (owns dsw) beat on earnings. but it missed on sales. $dbi up 19%? seems a bit much. </document>
		<document> more on the i-word from #user#. #url# </document>
		<document> disney hopes to have many more buzzy shows like the mandalorian available for streaming in the next few years. and investors and analysts think that strategy is a...+. my story on $dis. #url# </document>
		<document> rally intensifying here ahead of tonight's tech earnings parade. dow now up more than 300. nasdaq up more than 2%. </document>
		<document> more on the latest initial claims numbers from #user#. #url# </document>
		<document> $jnj up about 1% today. but it seems investors are still playing the j&amp;j vaccine pause game. $pfe up more than 2.5%. $mrna up 7%. $bntx up 8%. $nvax up 12.5%. </document>
		<document> a roller coaster ride for bitcoin over the weekend. #user# has more in today's #user# before the bell newsletter. $btc $xbt #url# </document>
		<document> $cvs up 1.5% #hashtag# after earnings and revenue topped forecasts. drug store giant says it has also administered more than 3 million covid-19 vaccines so far. </document>
		<document> new 52-week low for meta. $fb down another 2% today. </document>
		<document> been a long week. did i do a good job covering the markets? heaven knows i've tried. bye. $aapl ⚽️ #url# </document>
		<document> more on the c-suite change at $ulta from #user#. #url# </document>
		<document> southwest stock up 5% despite reporting loss. #user# has the story on $luv. #url# </document>
		<document> market selloff got you down? have an oreo and some lay's potato chips? $mdlz and $pep at all-time highs today despite wall street slide. </document>
		<document> #hashtag# move of the day! sure, apple isn't down a lot but not sure why $aapl should be in red at all given strong earnings and sales led by big demand for iphone 12. yes, chip shortages could be issue. but keep in mind we could get new iphone release info in september. </document>
		<document> it's not just ge and j&amp;j. toshiba is breaking up too. #url# </document>
		<document> several more states legalized sports gambling. draftkings, barstool backer penn national and fanduel owner flutter are up on the news. my story. #url# </document>
		<document> baby buzz 2.0 knows the song, by the way, because of the jumanji movies. #url# </document>
		<document> berkshire hathaway had a spectacular 2021. warren buffett gave a specific shout-out to apple and its "brilliant" ceo tim cook. my story on $brk.a $brk.b earnings and the oracle of omaha's annual shareholder letter. #url# </document>
		<document> barbarians at the lionsgate? $lgf.a has soared ytd but lagged for past 5 years. with $amzn reportedly close to mgm deal, does one of the few other remaining independent studios make sense as a takeover target? for $nflx? dare i say $aapl? 🎥 🍿 </document>
		<document> both proposals failed. meeting over. </document>
		<document> will jamie dimon finally be forced to sing a different tune on bitcoin? crypto investor #user# spoke about that with #user# on today's #user# markets now show. $jpm $btc #url# </document>
		<document> the market in the past week..brought to you by $six $fun $seas $dis etc. #url# </document>
		<document> another alcoholic beverage from coke. #user# has more on its new drink, a partnership with molson coors. $ko $tap #url# </document>
		<document> ciena beat on earnings and sales. $cien up 6% #hashtag#. networking equipment maker also agreed to buy the vyatta routing/switching technology from cnn parent company $t. </document>
		<document> guessing the royal family won't be playing this (the theme song to suits) too often today. or ever. good night. #url# </document>
		<document> the sec's gary gensler continues to talk tough about chinese stocks trading in the us. he spoke about it to #user# -- and i have more on that in the #user# markets blog this morning. #url# </document>
		<document> lots of techs rallying today but fast food/restaurants also getting a bump. $cmg and $dpz each up more than 6% today and are among the top s&amp;p 500 winners. 🌯🍕 </document>
		<document> still can't believe that jay conroy has passed away. the ny offices of #user# will not be the same without him. jay loved aerosmith. so this one's for him. rip. #url# </document>
		<document> boom! #user# has the story. $ual #url# </document>
		<document> more inflation! producer prices surged nearly 10% year-over-year. #url# </document>
		<document> tired of the market roller coaster? ride a real one instead. i'll be talking about why $fun and $six are soaring this year and how $seas and $dis should benefit too on #user# at 11:45 et. #user# #url# </document>
		<document> $tsla up 7% #hashtag# on the news. #url# </document>
		<document> the housing market has been a bright spot of the us economy during the pandemic. but will the exodus from big  cities in blue states to cities and suburbs in red states boost the democrats on election day? my story. #url# </document>
		<document> #hashtag# move of the day! micron earnings and revenues were great. but $mu down nearly 6%? concerns about future chip demand may be overblown given healthy sales for mobile devices. worries about supply shortage ending and prices suddenly falling seem premature too. </document>
		<document> and here’s the story on the robinhood filing from #user#. $hood #url# </document>
	  <document> It will be interesting to hear what Janet Yellen says about economics and amp; stimulus in front of the Senate Finance Committee tomorrow. and will it be approved easily? Fwiw, Yellen confirmed as federation president in a 56-26 vote seven years ago. # user # covered in 2014. # url # </document>
<document> it's not o'clock on Wall Street. $ bud down 5% and $ tap flat after earnings today. </document>
<document> personal income more than expected in September. also a higher than expected expenditure. will this hold up in the fourth quarter given the absence of new fiscal stimulus? </document>
<document> $ mtch stocks rival bumble files on tinder for ipo. $ bmbl # url # </document>
<document> reports the radiohead. don't talk about politics and don't throw stones. # user # has smart advice on how to approach elections in the office. even the virtual one. # url # </document>
<document> alphabet lite? $ fb new corporate structure: "the first segment, family of apps, will include facebook, instagram, messenger, whatsapp and other services. the second segment, facebook reality labs, will include hardware, software and content related to augmented and virtual reality". </document>
<document> so far, $ expe up after earnings and $ abnb down about 4%. # url # </document>
<document> the earnings train continues. a couple of interesting results coming out next week. keep an eye out $ jd $ tsn $ panw $ cspr $ bidu $ iq $ sdc $ wmt $ hd $ kss $ nio $ lzb $ low $ tgt $ tjx $ avya $ ztvo $ nvda $ lb $ ntes $ m $ bj $ rost $ wsm $ intu $ post $ wday $ fl </document>
<document> dow was briefly positive for the week. dish now. amazing. my story. # url # </document>
<document> Apple had a great 2021. and Tim Cook was awarded for it. # user # 'jennifer korn has more on the cook's payday. $ aapl # url # </document>
<document> Gamestop cashed in a surge in its shares with a large share sale. $ earns over 10% # hashtag #. </document>
<document> proshares states that $ bito etf will launch tomorrow. # url # </document>
<document> # user # # user # more about nfts from # user #. # url # </document>
<document> cryptocurrencies continue to decline. bitcoin and ether down today. not a happy new year so far. but will they soon touch? goldman sachs very bullish on $ btc fwiw. my story on that from the beginning of this week icymi. # url # </document>
<document> # hashtag # move of the day! clorox beat earnings and revenues but $ clx dropped nearly 5%? sure, growth may slow down a bit after vaccines become more available. But don't you think people will still want to delete everything often just to be on the safe side? it's clean? I will do it. </document>
<document> first day of the seventh month. so it's time for some #user #. Good night.

🎶 July, July, July
never felt so, never felt so strange

# url # </document>
<document> is oil okay? the solid results of exxon mobil and chevron can help relieve the sting of amazon and apple. $ xom $ cvx both active # hashtag #. </document>
<document> money is king. Cisco has $ 23.3 billion of it. and there are reports that $ csco has made an offer for splunk. $ increases by 8% # hashtag #. # url # </document>
<document> have a nice work day! and snow on the outskirts of New York! stock futures have risen slightly so far, but we'll see what happens after 8:30. </document>
<document> disney- $ dis lost nearly 6% of # hashtag # due to streaming concerns. </document>
<document> $ amc back down # hashtag #. meme gathered or just paused? </document>
<document> people will see live music again. this is great news for the ticket owner and live nation concert promoter ... not to mention John Malone. my story. $ lyv # url # </document>
<document> dow and s & amp; p 500 futures down. but what is this? nasdaq futures are always slightly green. currently. </document>
<document> good eve of the first day? $ amzn up over 2% # hashtag #. </document>
<document> $ are we the champions? not exactly. wework finally goes public. but via a blank instead of hypo. at a lower valuation than a few years ago. and without all the new age Adam Neumann stuff. but he still has a large stake in $ we. illdiscuss with # user # on # user # # user # at 3 et. </document>
<document> Charlie Munger, vice president of Berkshire Hathaway, longtime friend of Warren Buffett, is a fan of China. he even praised Jack Ma's crackdown in an interview with # user # # user # my story on this. $ brk.b $ baba # url # </document>
<document> nio earnings after the closing bell. so are those of la-z-boy. I may need to grab some popcorn and sit in a $ lzb chair when I look at $ nio's results. </document>
<document> Is the drought of market earnings growth finally over? New data from # user # shows that the S&P 500 profits for the fourth quarter are now up 1.7% thanks to this week's results. this would be the first year-on-year increase in profits since Q4 2019. The biggest positive surprises come from banks and big tech companies. </document>
<document> three cheers for the standoff? so says mark zandt of # user # # user # in this editorial for # user #. # url # </document>
<document> I am married to a blonde. my eldest son is blond. i love blondes. but sorry, Starbucks. espresso shouldn't be blond! # hashtag # $ sbux </document>
<document> Bitcoin prices are back close to $ 40k after tweets from # user # and # user # expressing support for North American bitcoin miners. $ tsla $ mstr $ riot $ mara </document>
<document> three cheers for Kristen Welker! she showed last night that a seemingly thankless and impossible job doesn't have to be that way. masterful. </document>
<document> $ gme up another 40% or so today. market value back about $ 13.5 billion. today's rally seems to have a lot to do with the enthusiasm for Ryan Cohen. however, it is interesting to note that $ chwy is down nearly 8% today as many tech / ecommerce companies continue to pull out. </document>
<document> Technological operators are discovering more and more that they no longer need to live in large technology centers. other from # user #. # url # </document>
<document> guessing that Powell listened to a classic prince last night? Purple Rain album to match his purple tie? Is this what it sounds like when the doves of inflation cry? Shares rebounded after Powell appeared to be leaning towards a more aggressive stance yesterday. </document>
<document> so nvidia has now officially replaced netflix as n in fang / faang actions? # hashtag # $ nvda $ nflx </document>
<document> $ tsla is up 4% while $ lcid and $ rivn are down 6% and 17% respectively. order was restored in the ev universe. # hashtag # </document>
<document> British food delivery company deliveroo, backed by $ amzn, goes public. # user # has more on this, including a benefit for some delivery workers. # url # </document>
<document> Does jerome powell refer to her co-workers as fedamati? or does she sound too much like a weird Greek cheese fan club? # hashtag # $ fb # hashtag # </document>
<document> so many great roles for yaphet kotto. rip off. but the midnight ride will always be my favorite. (and it should be very simple.) # url # </document>
<document> I have no idea if the bosses or the bucs will win on Sunday. but one thing is clear. gambling / fantasy sports sites should cash out. I talked to # user # of draftkings and # user # of fanduel from super bowl. $ dkng $ pdypy $ penn $ mgm $ czr # url # </document>
<document> greater than 15k. where are the hats? and is s & p 500 above 4,500 next? </document>
<document> beyond saving? the plant-based food sector has strong competition and could even peak. $ bynd is posting larger losses, lost sales, and weak prospects. stocks down 10% after business hours. </document>
<document> streaming wars are taking place on Wall Street. just look at how discovery + parent $ disca and supreme owner + $ viac are doing. are the first two titles of the s & amp; p 500 ytd. my story. $ dis $ amzn $ aapl $ cmcsa $ t $ nflx (at & amp; t owns warnermedia / cnn.) # url # </document>
<document> the reddit wsb strikes again. # hashtag # is trending. $ amc is up over 122% so far # hashtag #. $ Gme blew up again too. </document>
<document> energy and commodities sectors up even as the broader market starts the year with a thud. </document>
<document> gave my wife flowersr Valentine's Day. she gave me a blueberry muffin. I still think I'm the winner in that gift transaction. 🫐 </document>
<document> So will Warren Buffett be Charlie Munger's opening act at the 2022 "woodstock for capitalists"? # hashtag # $ brk.b # url # </document>
<document> when will there be the first personal finance story about millennials applying for Chapter 11 due to monthly streaming media subscription debts? # hashtag # </document>
<document> uber posted solid gains when riders returned and the delivery industry posted a profit. I'll talk about the $ uber results with # user # on # user # # user # around 9:40 am et. </document>
<document> Verizon's earnings exceeded expectations this week, but the company still faces some major challenges. $ vz is a dow dog. I'll be talking about the wireless giant on # user # at 11:45 am et. # user # # url # </document>
<document> not too many all time highs on a day like this. but all aboard the city of southern Kansas. new record for $ ksu. nothing like a possible bidding war to drive prices up. cho-choo! $ cp $ cni </document>
<document> omicron distress? # user # has more on how the latest variant of the virus could harm the economy. # url # </document>
<document> # user # # user # # user # more on rogan and $ spot from # user # # url # </document>
<document> The oil, modern and Ford stocks were market winners this year. but zoom, casino titles and activision blizzard are losers. I'll talk about it with # user # on # user # # user # around 9:50 am et. $ mrna $ f $ zm $ atvi # url # </document>
<document> Microsoft's proposed acquisition of Activision Blizzard is a great test for ftc and doj. # user # has the story. $ msft $ atvi # url # </document>
<document> paypal beats on earnings and revenues. $ pypl up nearly 5% # hashtag #. </document>
<document> Do $ dis investors need to start singing this Disney classic in hopes that iger will return after a rough start in the chapek era? probably not. but enjoy the miles and the coltrane. Good night. # url # </document>
<document> a "blank" finish for inventory. this is how market week ends. this is how market week ends. this is how market week ends. not with a bang, but a moan. </document>
<document> goes down. gold is high. and a photo of Ron Paul tops the # user # home page. libertarians rule the world! # hashtag # </document>
<document> where are the 34,000 hats, # user #? huh. </document>
<document> how high will it claim to go in its hypo? $ afrm is priced at $ 49 and seeing it indicated to open at $ 90. </document>
<document> stop the printing machines! millennials, ask colleagues of the x / boomer generation what this means. nasdaq flatten. s & amp; p / dow lowers. bifurcation! # hashtag # </document>
<document> first contender for the # hashtag # move of the day! nordstrom beats on earnings. but sales are still in sharp decline and the outlook is not great. but $ jwn up 5% # hashtag #? </document>
<document> tear transient? today's CPI report could put a nail in that word's coffin forever. "The transient no longer fits what we're seeing," Tom Graff of # user # told me. "clearly the way inflation is spreading will not only be more pervasive but also more persistent." </document>
<document> record lows for two online brokers that went public last year: coinbase and robinhood. the volatility of bitcoins hurts both. the stock slump was also negative for $ hood. but other crypto stocks hit along with $ coin. my story. $ sq $ tsla $ mstr $ hive $ riot # url # </document>
<document> Peter Parker can help save the world of cinema. other from # user #. 🕷 # url # </document>
<document> more trouble for boeing? # user # and # user # have the story. $ ba # url # </document>
<document> frances haugen goes to Washington. great day for $ fb on Capitol Hill. # user # and # user # have the story. # url # </document>
<document> oof. $ gps is now down by nearly 20%. it needs some of that digital magic that is ramping up $ jwn today. # url # </document>
<document> $ ebay earnings are after close. analysts expect a decline in eps but 5% increase in revenue. company looking to do more in the growing world of sports trading and other trading cards as well. wrote about that cymi last month. # url # </document>
<document> oof. $ drop nearly 18% following this. # url # </document>
<document> Gilead Sciences says the FDA has approved remdesivir for the treatment of hospitalized covid-19 patients. $ gild up 4% after hours. </document>
<document> more about virgin orbit space from # user #. # url # </document>
<document> tgif? stock up today. but that won't be enough to push the market higher for the week. dow, s & amp; p 500 and nasdaq still in red for the past five days. will earn five weeks of streak wins across all major indices. </document>
<document> walgreens confirms he could kick his boots on the pavement. $ wba states in an investor presentation at a $ jpm conference that "the strategic review of the boot business has begun." # url # </document>
<document> $ fb type on eps & amp; turns. but "we continue to expect an increase in headwinds in ad targeting in 2021 due to regulatory and platform changes, especially the recent iOS updates, which we anticipate will have a greater impact in Q3 than Q2." down 4.5% after working hours. </document>
<document> the owner of fanduel flutter entertainment posted solid earnings yesterday. $ pdypy has risen. again today. interested in seeing what happens for fanduel now that former CEO Matt King is a fanatic. he wrote about icymi sports betting earlier this week. $ dkng $ penn # url # </document>
<document> all I want for Christmas is a 30k hat. # url # </document>
<document> the other shoe fell for the foot locker. $ fl down nearly 35% on weak prospects as $ nke sells more sneakers directly to consumers is hurting sales. </document>
<document> big win for Biden? # user # has the story. # url # </document>
<document> $ spce down 14% # hashtag # after this. # url # </document>
<document> can't imagine $ fb stock will do much after Trump's decision. but fww, Facebook is sharing some # hashtag # after yesterday's tech sell-off. and shares have risen nearly 17% year on year. </document>
<document> I hope 456 didn't buy it. # user # has the story. # url # </document>
<document> draftkings lost less than expected and sales were beaten. the guide looked good. talking to the CEO later this morning. $ 6% increase # hashtag #. </document>
<document> we all love data. but I don't need someone to remind me which music I like and listen to a lot. huh. $ spot $ aapl </document>
<document> report on tomorrow's jobs. time for my usual Friday sermon / sermon before work. I don't care what it means for Trump or the 648 Democrats (# hashtag #) running in 2020. I care what it means for the real economy & amp; we workers. we all cheer for higher wages and more added jobs. Good night. </document>
<document> the earnings of the darden restaurants tomorrow morning. $ up 12% year on year. I'll spare you the old cnnmoney video that # user # and I did many many moons ago (actually 2014) about tasting (and not liking) olive food. </document>
<document> $ car is now "only" 90% active. horror. horror. </document>
<document> does anyone know why food supplies are skyrocketing today? $ kr $ empties $ wfm $ sfm big time. unhappy democrats stocking up on canned food? # hashtag # </document>
<document> $ gme on over 85%. hey. </document>
The decision fueled by <documento> was unanimous among other things. </document>
<document> indicates black mirror references. Boston Dynamics is back in the game. other from # user #. # url # </document>
<document> another sign of rising energy prices. diesel is also on the rise. more from # user # and what it means to consumers. # url # </document>
<document> tesla beat earnings and sales. So far $ tsla has risen 3% after hours. </document>
<document> more on $ uber from # user # in today's # user # before the bell newsletter. # url # </document>
<document> ouch. too soon! # user # has the story. $ sbux 🎃☕️ # url # </document>
<document> a remote Trump-biden debate may not take place. but fwiw, there was an anusLast time, two candidates faced off when they weren't on the same stage. 60 years ago. # url # </document>
<document> time for a steak dinner? not exactly. other from # user #. # url # </document>
The stocks of <document> are sinking again. worries for Russia and Ukraine will not go away. I'll talk about it with # user # on # user # # user # around 3:48 am et. </document>
The declaration powered by <document> has exited. no change in rates. without major surprises. no dissent. # url # </document>
<document> news you can use. Well. not me. I've never had a white claw. I think I'm too old but # user # has more about the big shortage of 2019. Millennials will tell their kids about it someday. if they have children. # hashtag # # url # </document>
<document> this is just fictional! I believe this rodent (not to be confused with other politicians) is leading the biden in New Hampshire. # hashtag # # url # </document>
<document> I was thinking 7-9 or 8-8 tbh # url # </document>
<document> more on $ kss from # user #. # url # </document>
<document> $ gme looks set to open close to $ 250. A sports book (yes) is betting that the title will hit Elon Musk's favorite number. $ 420. # url # </document>
<document> Is $ koss the boss? the headphone maker shares a 66% increase today. another favorite of the reddit wsb crowd. I wrote about Koss in late January icymi. $ koss up over 750% from year! # url # </document>
<document> of course, I would be remiss if I didn't say that # user # has also been # user # talking about business longer than me. I still remember those old cnnfn hits! # url # </document>
<document> how does the jobs report affect your finances? # user # breaks it down. # url # </document>
<document> I'll talk about tesla and its big year - which is about to close with the entry $ tsla for s & amp; p 500 - on # user # at 11:45 am et. # user # # url # </document>
<document> disconnected. $ tsla down 11% after earnings. oh God. overreaction? </document>
<document> facebook and other tech stocks have taken a hit. but oil prices continue to rise. I'll talk about it with # user # on # user # around 9:08 am and on # user # # user #. </document>
<document> what can brown do for you? more about $ ups earnings from # user #. # url # </document>
<document> tesla up 9% today. top performer in the s & amp; p 500 index. $ tsla is now just 7% below its all-time high. </document>
Shares of <document> goodrx are again in sharp decline today on amazon pharmacy news. but the CEO of $ gdrx told # user # on today's # user # markets that $ amzn is now no threat. investors clearly disagree. # url # </document>
<document> $ bynd up 3% today. assuming it's because I'm having vegan lunch with over meat tacos. loves. # hashtag # </document>
<document> reader's comment of the week. $ tost # url # </document>
<document> nothing cheery for Robinhood this week. $ hood down another 3% today and nearly 15% in the last five days after the first post-hypo earnings report. wrote about the results on Wednesday icymi. # url # </document>
<document> people will return to see the movies in theaters. but # user # says the sector has changed permanently. # url # </document>
<document> obama: we will one day have a female president, a jewish president, a hindu president. does not mention the Italian president. sigh. # hashtag # # hashtag #? </document>
<document> solid earnings from ciena. the network equipment company benefiting from the launch of 5G. $ cien up to 4%. I spoke to CEO Gary Smith about the results. Smith said that with so many people working from home, the urgency for service providers to increase bandwidth increases. </document>
<document> merck, walmart and procter & amp; gamble are the only 3 dow stocks currently in green. and barely. $ mrk $ wmt $ pg </document>
<document> The 10-year treasury yield is back above 1% for the first time since March. fed unlikely to raise short-term rates anytime soon. but is inflation slowly (finally) rolling back into the bond economy / market? </document>
<document> more on the slide of $ pton stock after the news of $ aapl from # user #. # url # </document>
<document> the market is at an all-time high. here's how to invest if you're a little nervous about arriving too late. # user # has the story. # url # </document>
<document> buffett praises Tim Cook. he admits that the cook isn't Steve Jobs, but that Jobs probably couldn't have done much of what the cook has done for Apple in recent years. $ aapl $ brk.b </document>
<document> the islanders are 1-0! so where will they hold the Stanley Cup parade? flatbush avenue in brooklyn? the parking lot of the old Nassau veterans memorial Colosseum? outside the belmont racetrack in elmont? # hashtag # </document>
<document> so is this the market reaction that fueled the non-taper whim? </document>
<document> the so called monkeys on reddit are having fun (and making money) again. my story about heavily shorted stocks such as $ car and $ bbby that have recently enjoyed great success. # url # </document>
<document> and here's my story on $ amc icymi. # url # </document>
<document> merged posts with higher than expected losses and missed sales. but is anyone really surprised? $ ual down just 1% after business hours so far. </document>
<document> is it already 5pm? can't wait to enjoy this delicious Uruguayan red and steak dinner for the anniversary celebration later. flagship memories of the este! 🍷 🥩 🇺🇾 # url # </document>
<document> Facebook shares lost about a quarter of their value as a result of the gains. # user # examines how $ fb / meta is struggling to increase revenue as competition intensifies. more from # user # on today's # user # before the bell newsletter. # url # </document>
<document> curious as to why the number is for a Suffolk county, long island prefix. sure, many nyers retire to florida. but still. $ litta # url # </document>
<document> right point. but up about 4% in the last 24 hours. # url # </document>
<document> solid day so far for stocks, especially tech. another terrible month for the market. but at least January ends on a positive note? </document>
<document> probably ruins things. but the actions are mostly quiet so far. slightly lower futures. not so drastically though. however, the jobless claims report comes out later this morning. </document>
<document> the biggest takeaway from the Berkshire Hathaway shareholders meeting so far? I wish I had some peanut crunch to munch on right now. Munger seems to enjoy the of him. $ brk.b </document>
<document> airbnb hopes to host a big hypo party on Wall Street by the end of the week. I'll be talking about $ abnb and other interesting offers like $ dash with # user # on # user # # user # around 3:40 am et. </document>
<document> futures pointing to a lower real world opening this morning. I'm not sure how the market is doing in the metaverse. # hashtag # $ fb $ mvrs </document>
<document> Netflix stocks cooled a bit after gains. $ nflx down nearly 6% # hashtag # as subscriber growth is disappointing. I'll discuss the streaming status with # user # on # user # # user # around 9:08 am et. </document>
<document> what will happen next week? earnings? Yes. The frenzy of the first quarter is starting. a lot of financial data. on tap? $ jpm $ gs $ wfc $ bac $ c $ usb $ tfc $ ms $ pnc $ bk $ stt $ ally $ cfg. but it also results from $ apha $ bbby $ tsm $ unh $ pep $ rad $ from $ aa $ jbht $ ppg $ ksu. and the direct quote of $ coin! </document>
<document> economy and earnings! I'll talk about the cpi / inflation ratio and the results of $ gs $ jpm shortly after 9 and with # user # on # user # # user #. </document>
<document> news flash. consumers read and watch the news. therefore sentiment about the economy / markets is low right now. other from # user #. # url # </document>
<document> Is Donald Trump a frugal hawk? what military program will it target for "out of control" costs later? virginia class submarines? # hashtag # </document>
<document> satya nadella discusses the controversy over the gates of law. # user # has the story. $ msft # url # </document>
<document> what is Elon Musk so far? # user # and # user # have the story. $ tsla # url # </document>
<document> $ ebet is now up over 500%! Oh. </document>
Is the fork in the <document> back? dow futures solidly again. s & amp; p 500 flat. Nasdaq down. Is this finally the end of the market leadership role for big tech / faang? I'm not so sure about this yet. but the value is finally starting to shine. </document>
<document> the stock market is adjusting to the new reality of rate hikes. I'll be talking about it at the # user # pre-market prep show today at 8:15 am! tune in here. # url # </document>
<document> and here's my story on early this week's $ coin icymi. # url # </document>
<document> but investment bankers are still likely to receive bonuses. they might just be a little smaller. # url # </document>
<document> I have been a financial journalist for 26 years. so I've often heard "this time it's different". it never is. my editorial on how today's cryptocurrency madness reminds me of the dot com / tech bubble of the late 90's / early 2000's. # url # </document>
<document> more about getting $ cspr from # user #. # url # </document>
<document> the Buzz family is excited to watch # hashtag # tonight. i hope to see many people in baby yoda / # hashtag # costumes, i send / # hashtag # and # hashtag # even on halloween. enjoy the weekend and this fantastic theme song. this is the way. $ dis # url # </document>
<document> What's this like for a sequel to the $ amc 2021 stock increase? # user # aron now hopes to refinance the company's debt. my story. # url # </document>
<document> large companies, especially tech companies like $ aapl $ msft $ googl $ fb $ amzn, have a record amount of liquidity. and that pile could get even bigger in the coming months due to concerns about the delta variant. my story. # url # </document>
<document> more about the weak consumer numbers of # user # and # user #. # url # </document>
<document> fwiw, dow and s & amp; p all rose to highs of the day following these headlines. and the nasdaq looks like it is about to break out of red and become positive. $ pfe $ bntx $ mrna $ nvax from the minimums. $ jnj slightly above. # url # </document>
<document> bitcoin down about 2% today after hitting a new all-time high yesterday. are investors going back to gold? the yellow metal is up 2% today. Hmm. $ btc $ xbt $ gld </document>
<document> peak of plant origin? Beyond Meat warns that sales will be lower than expected. $ reduce by 15% # hashtag #. </document>
<document> Rising house prices are great for sellers. but the red-hot market is too hot for people looking to make their first purchase. other from # user #. # url # </document>
<document> Robinhood s-1 here. $ hood # url # </document>
<document> a caffeine-based toast to all the tech writers covering tonight's deluge of earnings. starbucks also reported results. so it's time for some Bob Dylan - courtesy of this white striped cover. Good night. ☕️📱 $ aapl $ fb $ amzn $ googl $ twtr $ sbux # url # </document>
<document> more on cpi from # user #. # url # </document>
<document> # hashtag # move of the day. sure, shoe retailer designer brands (owner dsw) are beating on earnings. but it failed in sales. $ dbi up 19%? it seems a bit much. </document>
<document> more about i-word from # user #. # url # </document>
<document> disney hopes to have many more exciting programs like Mandalorian available to stream in the next few years. and investors and analysts think the strategy is a ... +. my story on $ dis. # url # </document>
<document> rally that is intensifying here ahead of tonight's tech gains parade. dow now up over 300. nasdaq up over 2%. </document>
<document> Learn more about #user #'s last number of initial requests. # url # </document>
<document> $ jnj up about 1% today. but it looks like investors are still playing the j & amp; j vaccine break game. $ pfe up by more than 2.5%. $ mrna up 7%. $ bntx up 8%. $ nvax up 12.5%. </document>
<document> a roller coaster ride for bitcoin over the weekend. # user # has more in today's # user # before the bell newsletter. $ btc $ xbt # url # </document>
<document> $ cvs up 1.5% # hashtag # after higher revenue and revenue forecast. drugstore giant sIt has also administered more than 3 million vaccines against covid-19 to date. </document>
<document> new low of 52 weeks for meta. $ fb down another 2% today. </document>
<document> has been a long week. Did I do a good job covering the markets? Heaven knows I've tried. goodbye. $ aapl ⚽️ # url # </document>
<document> more on changing the c-suite to $ ulta from # user #. # url # </document>
Stocks of Southwest <document> increased by 5% despite reporting losses. # user # has history on $ luv. # url # </document>
<document> Did the market selloff cause you to crash? do you have an oreo and some fries? $ mdlz and $ pep hit all-time highs today despite the Wall Street slide. </document>
<document> # hashtag # move of the day! Sure, Apple isn't down much, but I'm not sure why $ aapl should be in the red given the strong earnings and sales driven by big demand for the iPhone 12. yes, chip shortages could be a problem. but please note that we may get new iPhone version information in September. </document>
<document> is not just ge and j & amp; j. Toshiba is also breaking up. # url # </document>
<document> many other states have legalized sports gambling. Draftkings, the supporter of the Penn National bar stool, and the owner of fanduel flutter are on the news. my story. # url # </document>
<document> baby buzz 2.0 knows the song, by the way, thanks to jumanji movies. # url # </document>
<document> berkshire hathaway had a spectacular 2021. Warren buffett gave a specific shout out to Apple and its "genius" CEO Tim Chef. my story on $ brk.a $ brk.b earnings and Oracle of Omaha's annual shareholder letter. # url # </document>
<document> barbarians at the lion's gate? $ lgf.a has skyrocketed but has fallen behind for the past 5 years. With $ amzn reportedly close to the deal with mgm, does one of the few remaining independent studios make sense as a takeover target? for $ nflx? dare I say $ aapl? 🎥 🍿 </document>
<document> both proposals failed. meeting over. </document>
Will <document> jamie dimon finally be forced to sing a different tune on bitcoin? Cryptocurrency investor # user # talked about it with # user # on today's # user # markets. $ jpm $ btc # url # </document>
<document> last week's market..ported by $ six $ fun $ seas $ dis etc. # url # </document>
<document> another alcoholic coke drink. # user # has more on his new drink, a partnership with molson coors. $ ko $ tap # url # </document>
<document> ciena beats on earnings and sales. $ cien up to 6% # hashtag #. The network equipment manufacturer also agreed to purchase the vyatta routing / switching technology from the parent company of cnn $ t. </document>
<document> assuming the royal family won't play this (the abbreviation for dresses) too often today. or never. Good night. # url # </document>
<document> Gary gensler of the sec continues to speak harshly about Chinese stocks trading in the United States. he talked to # user # about it - and I have more on the # user # markets blog this morning. # url # </document>
<document> a lot of technicians are mobilizing today, but fast food / restaurants have also been successful. $ cmg and $ dpz are each up more than 6% today and are among the top winners of the s & amp; p 500. 🌯🍕 </document>
<document> still can't believe Jay Conroy is dead. the ny offices of # user # will not be the same without him. Jay loved aerosmith. so this is for him. rip off. # url # </document>
<document> boom! # user # has the story. $ ual # url # </document>
<document> more inflation! producer prices increased nearly 10% year-over-year. # url # </document>
<document> Tired of the market roller coaster? drive a real one instead. I'll talk about why $ fun and $ sei are skyrocketing this year and how $ seas and $ dis should also benefit from # user # at 11:45 am et. # user # # url # </document>
<document> $ tsla up 7% # hashtag # on news. # url # </document>
<document> the housing market was a bright spot in the US economy during the pandemic. But will the exodus from the big cities in the blue states to the cities and suburbs in the red states stimulate the Democrats on election day? my story. # url # </document>
<document> # hashtag # displacement ofthe day! micron earnings and revenues were great. but $ mu down by almost 6%? concerns about future chip demand may be exaggerated given the good sales of mobile devices. worries about the exhaustion of the supply shortage and the sudden drop in prices also seem premature. </document>
<document> and here's the story about # user # robinhood repository. $ hood # url # </document>