 
	<document> #user# go to dubai on holiday and see what an x will get you. </document>
		<document> #user# #user# no wonder that you would avoid a battle of wits when you are so obviously unarmed . </document>
		<document> #user# #user# #user# #user# #user# #user# #user# #user# #user# #user# #user# #user# #user# these "cis women" sound absolutely terrifying. no one would be safe sharing spaces with them. #hashtag# </document>
		<document> #user# #user# #user# #user# what you think doesn't matter. sex is male and female. </document>
		<document> #user# that whole thread is full of horrible terms for people who merely have a different opinion. </document>
		<document> #user# #user# #user# only trans people are real people. #hashtag# </document>
		<document> #user# #user# they night not all be fascists. some might be there for the ambience. #hashtag# </document>
		<document> #user# waiting to pull out onto the dual carriageway today, a passing car hit a pool of water from a burst water main and a tsunami came through the open window of my car. for water that had been standing on a hot road, it was surprisingly cold. </document>
		<document> #user# were there a lot of married gay couples holidaying there? #hashtag# </document>
		<document> #user# #user# there's also the dolly parton moderna. </document>
		<document> #user# #user# #user# that would be a good one too. so many suitable choices for proper statues of women. </document>
		<document> #user# #user# you have obviously never seen thomas and the magic railroad, making pokémon the movie seem like citizen kane. </document>
		<document> #user# the sports class for their sex. </document>
		<document> #user# #user# it's only from the perspective of a non jewish australian woman can you get the full understanding of the complexities of the middle east. #hashtag# </document>
		<document> #user# not as good as the original "nutcracker" chopper bike. </document>
		<document> #user# #user# #user# i didn't know that either. it is the most fragile form, though. </document>
		<document> #user# "wanting intimacy with women more than intimacy with men."

so that includes men and all men and women who are sometimes intimate with men. basically everyone except gay men. 1/2 </document>
		<document> #user# i'm on a rather different scale with my smaller deliveries sometimes getting as exciting as going into essex. </document>
		<document> #user# #user# if i were in the market for a sensible new electric car, the mg5 would be top of the list. </document>
		<document> #user# #user# or possibly support to allow india to increase their own production. </document>
		<document> #user# a thought just struck me. when we do the first manned trip to mars, and it will be a couple of years round trip, will they take a dentist with them? </document>
		<document> #user# yes, why can't #user# be more respectful and sympathetic to women. like #user# is. #hashtag# </document>
		<document> #user# #user# #user# well done. that's putting those uppity women in their place. #hashtag#. </document>
		<document> #user# #user# little do you know your debt to les dawson and roy barraclough in the 1970s. </document>
		<document> #user# #user# #user# #user# the 2010 equality act allows for sex based protections to remain. even then, reality is that a woman is an adult human female. </document>
		<document> #user# #user# #user# #user# #user# the previous poster, who has me blocked is an idiot (in no small part the reason for the block). no one can change sex, although the tras flip to and fro claiming that they can or cannot as suits them at the time. this is because these fools have no understanding of what sex is. </document>
		<document> #user# the vinegar was merely a ploy to put them under the control of isaac newton's calculus. </document>
		<document> #user# on a lot of topics it is very hard to tell which is parody and which is not. </document>
		<document> #user# humane might be housing transgender identifying males in their own prison unit that is not in the female estate. </document>
		<document> #user# he's not making an effort with his hair, is he? like a misogynistic boiled egg. </document>
		<document> #user# #user# #user# #user# their act was heavily based upon norman evans, who starting doing such characters in the 1930s. #url# </document>
		<document> #user# #user# us poor chaps. matching socks and women think we are asking for it. #hashtag# </document>
		<document> #user# you demonstrate a total ignorance of what "intersex" actually means in a way that is offensive to people with differences in sexual development. </document>
		<document> aliexpress are at it again. a search for rc plane reveals... in true sesame street fashion, one of these things is not like the other. #url# </document>
		<document> #user# #user# he was a hero before that. his tank and others were key to the storming of a pacific island during the war. </document>
		<document> #user# is it an immensely heavy book on the very edge of the top shelf? </document>
		<document> #user# i've never liked phone calls. </document>
		<document> #user# have you not seen comerford's take on things today? i will at some point get bored with mocking his outrageous statement, but not yet. #url# </document>
		<document> oh it's the jews again. it's always the jews. even when it looks like it couldn't possibly be them, it is. #hashtag# #user# </document>
		<document> #user# #user# #user# #user# #user# that's pure transphobia, pointing out cis privilege. #hashtag# </document>
		<document> #user# #user# it's uncommon for rats to join a sinking ship like that. </document>
		<document> #user# in the past, we have found putting seed trays on the draining board when the dishwasher is running brought on seeds quite well. </document>
		<document> #user# #user# very true. reinforced by repeating in every episode, of course </document>
		<document> #user# they will have to give students warning of some actual educational content. </document>
		<document> #hashtag# shortage of sperm donors. "there's a lack of men coming forwards" </document>
		<document> #user# #user# i hadn't thought of that and both myself and child 4 have the number of the beast in our mobile numbers. </document>
		<document> #user# #user# #user# their son, the photo journalist, which meant he traveled around finding vital new french vocab for us like windmills. </document>
		<document> #user# #user# #user# #user# #user# medical condition that affect men and women. #url# </document>
		<document> #user# #user# #user# #user# the tubby cycling cheat? </document>
		<document> #user# i wasn't even a fence sitter. it was a world that i wasn't aware of. </document>
		<document> #user# does wep stand for worship every penis? </document>
		<document> was it... the jews? #hashtag# #user# </document>
		<document> #user# #user# #user# morris marinas all had new sills within a few years. i bought one at 17 years old on the original sills. the first owner had sprayed with waxoyl when he first got it. </document>
		<document> #user# when i did the car boot sales a few years ago, i went to denham which is basically west london's car boot sale. some guys had bought some old sewing machines at auction and within minutes had sold them all to african buyers. </document>
		<document> #user# surely to properly honour what he stands for, we should all go out and catch the clap. </document>
		<document> #user# #user# you know how it is, one she regards as a dangerous extremist group that no one should have any dealings with and the other is the taliban. #hashtag# </document>
		<document> #user# on a par with mussolini making the trains run on time.

spoiler: he didn't. the punishments for late trains was so harsh that timetables allowed for huge time allowances. </document>
		<document> #user# you've probably snapped your cock off by now over this. #url# </document>
		<document> #user# #user# #user# #user# with stonewall running all those courses for the police? i don't think so. </document>
		<document> #user# but transwomen have women in the  name and clownfish and intersex and stuff. #hashtag# </document>
		<document> #user# #user# jkr needs to announce that men shouldn't slam car doors onto their cocks and we would see who is willing to "put her in her place" over it. </document>
		<document> #user# #user# that assumes that the speed of light is a surmountable restriction. it may well be not and so the distances involved make the whole enterprise irrelevant. if so then all spaceships, new or old will be travelling at roughly the same velocity. </document>
		<document> #user# #user# #user# will he want access to female only safe spaces? </document>
		<document> #user# #user# there's a garden centre in our town, run mostly by volunteers, that takes dying supermarket plants, gets them to recover and sells them on.  #url# </document>
		<document> #user# i assume that you got the call as joe's carer. has he had his yet? </document>
		<document> if immigrants aren't willing to join in with this, how can they expect to be welcomed here? #hashtag# #user# #url# </document>
		<document> #user# #user# she's been dead 53 years. i'm not sure how holding to account works here. </document>
		<document> #user# "turn left onto poles lane"

i'd rather not. #url# </document>
		<document> #user# #user# #user# #user# the jews made him do it. #hashtag# </document>
		<document> #user# how could mere women understand biology more than an actual doctor (of american studies)? #hashtag# </document>
		<document> #user# i've been delivering to a family of sculptors. they live really out in the back of beyond in hertfordshire. </document>
		<document> #user# #user# we have had our $28 million worth of penis jokes out of bezos and his adventure. </document>
		<document> #user# #user# the special unit that turned boyle around seemed to be one that targeted those who the mainstream system could not reach. </document>
		<document> #user# #user# i've discovered. he's ex army. </document>
		<document> #user# #user# #user# #user# #user# again you are wrong. most children desist and therapy rather than medical treatment provides better outcomes that medicalisation for those that do not. </document>
		<document> #user# it's the people who won't be vaccinated but will still demand access to places where you should be vaccinated. if the condition for going down the pub is vaccination then you won't be going down the pub. </document>
		<document> #user# the polish eat carp. </document>
		<document> #user# "and so brothers, it is written by the great magdalen that men cannot be lesbians" #url# </document>
		<document> #user# the fact that we are made up of atoms formed inside a long dead star. </document>
		<document> #user# #user# #user# #user# #user# #user# #user# #user# #user# #user# surely you mean the recently closed museum of women's history? #hashtag# </document>
		<document> #user# #user# #user# #user# #user# #user# #user# #user# #user# #user# #user# #user# the easy answer to that is that the risk to women from males is the same whether they are transgender or they are not. where one ought not to be the so ought not the other . </document>
		<document> #user# #user# #user# that's not even algae doing that. it's actually an effect of dolphin urine. </document>
		<document> #user# most likely one police officer far more than the others. </document>
		<document> #user# she could just give a couple of million to her lawyers and just tell them to go hunting with it. so many woke blokes think that they are untouchable. </document>
		<document> #user# #user# #user# and another one with a block on me. i seem to have become king feminist. #hashtag# </document>
		<document> #user# it was of course the jewish zionist lobby that made jared o'mara a complete arse. #hashtag# </document>
		<document> #user# #user# #user# #user# #user# #user# he also admitted that he missed the start of the stonewall riot. </document>
		<document> #user# #user# #user# all those spiders packed together. soon they will get hungry and there will be fewer and fewer spiders. </document>
		<document> #user# #user# just not you women. #hashtag# </document>
		<document> #user# #user# when the judge comes in and someone says "all rise, the court is now in session". </document>
		<document> #user# #user# #user# #user# that's the thing. what she wrote in the books isn't even remotely antisemitic. </document>
		<document> #user# #user# was it lehrer that said that von braun was a man willing to count from ten to one in any language? </document>
		<document> #user# #user# #user# lesbians at a gay pride event. how awful. #hashtag# </document>
		<document> #user# not so sure about the part where someone called samuel gets horribly murdered. </document>
		<document> so it's september and i appeared to be suffering from hay fever. from what? child 3 (that one) has come down with a stinking cold after her unmasked music festival. thanks for that. </document>
		<document> #user# #user# #user# #user# everyone is either male or female. </document>
		<document> #user# #user# #user# #user# #user# you have selectively singled out a very few people who agree with jkr. the reality is that the beliefs and dogma of your cult hold little sway in the real world. </document>
		<document> #user# to be fair, my xiaomi phone uses one of those symbols when charging. rather more concerning is that it puts another one next to the first when fast charging. </document>
		<document> #user# #user# #user# #user# #user# #user# #user# #user# meaning is a bigoted cis sexist concept. #hashtag# </document>
		<document> #user# from a whole album that is quite good, available via youtube. </document>
		<document> #user# #user# #user# the football statistic i know for scotland is that the suicide rate drops whilst scotland are still in a competition. i think that even when knocked out, there is  not a peak just a return to average levels. </document>
		<document> #user# #user# trump set a date for the end of us involvement. once the taliban had that, all they needed to do was sit it out. </document>
		<document> #user# far, a long long way for him to reach. </document>
		<document> #user# even then, that's only two of your five a day. </document>
		<document> so the jews control chocolate. with that they control the world. #hashtag# #user# </document>
		<document> #user# #user# why don't they fund dv shelters for transgender people if they are so flush with cash? </document>
		<document> #user# who knew that so many women would be rapists? #hashtag# </document>
		<document> #user# #user# #user# i didn't say that it was theft. appropriation, certainly. don't forget that following their kiwi farms thread, it is well known just what sort of person we are dealing with. </document>
		<document> #user# there's a guy on our allotment who has the worst bindweed imaginable. at last he has gone after it. all his beds and paths disassembled plus he has lifted all his raspberry canes. </document>
		<document> #user# the are ones reading your tweets thinking "are there people out here...washing...bed sheets?! " </document>
		<document> #user# the next step is to book a track day. </document>
		<document> #user# a man goes to the doctor's because he is embarrassed that he has three testicles. the doctor tells him that rather than being embarrassed, he should be proud. 1/2 </document>
		<document> #user# #user# #user# #user# #user# #user# #user# #user# #user# #user# #user# #user# #user# #user# #user# #user# #user# #user# #user# #user# #user# #user# #user# #user# #user# #user# #user# #user# #user# #user# #user# #user# #user# those "cis women" sound absolutely awful. i wouldn't want to share a space with them #hashtag# </document>
		<document> #user# straight bananas and polish muslims coming over here, taking our jobs and not doing any work. #hashtag# </document>
		<document> #user# #user# #user# #user# #user# #user# #user# very poor male athletes will lose to women athletes. that is no surprise. </document>
		<document> it's the jews. i knew it was, even when it was the blairites, i knew it was the jews. #hashtag# #user# </document>
		<document> jewish money financing a campaign that gets every fascist out from under their rock. obvious, really. #hashtag# #user# </document>
		<document> #user# #user# i have delivered to an elderly lady who was bedridden. i had the number for her key thing on the wall to let me in, then frozen to the freezer, chilled to the fridge and the rest to the worktop. i don't do that many of those but i do some. </document>
		<document> #user# lenses, notably older ones, add a characteristic tint. modern sensors and electronics add their own character (canon gives "cool" images, slightly bluer). what you can do is use pure white in the shot and colour balance from that or take a shot at that location of a colour card. </document>
		<document> #user# it's true. thick bastards don't have a vaccination card. </document>
		<document> #user# #user# his tweet was got out past the nurses by a visitor. </document>
		<document> #user# it's not gay people again, is it? #hashtag# </document>
		<document> #user# a man arrives before st peter at the pearly gates.
"i'm sorry but i can't let you in as you have done nothing of note in your life"
"but i have walked into the kremlin and denounced stalin to his face'
"i have no record of that. when did you do it?"
"about five minutes ago" </document>
		<document> #user# #user# #user# the worst from the vaccine is still better than the best from the virus. </document>
		<document> #user# #user# #user# #user# you want to put men in with women in rape refuges and have them run by men. you are in no position to take any sort of moral high ground. </document>
		<document> #user# the double bassoon. </document>
		<document> #user# and how do you, mr baddiel, intend to solve all the problems of the middle east? </document>
		<document> #user# the "looking up an old friend" </document>
		<document> #user# actually, the lee hurst jokes here on twitter are pretty funny. which is more than can be said for lee hurst. </document>
		<document> #user# poor george couldn't. his strings were pre tuned in advance and all he had to do was strum. </document>
		<document> #user# this tweet hasn't aged well. the guy is a convicted sex offender. </document>
		<document> #user# #user# "and while i'm here buying cosmetics in the hardware store, i'll have that concealer too" #url# </document>
		<document> #user# i'll tell you what, it is absolutely definitely not secret jewish lobby money this time. #hashtag# </document>
		<document> #user# only a man can truly understand what it is to be a feminist. #hashtag# </document>
		<document> #user# i think that i can cancel the ambulance to hospital because of my ribs broken due to laughter. </document>
		<document> #user# #user# they are getting confused with a bridget bardough, whoever she might be </document>
		<document> #user# no.
i've put slug pellets around my slug traps to multiply the deadly effect. </document>
		<document> #user# #user# 1990s? that's almost like being at stonewall.

#hashtag# </document>
		<document> #user# #user# #user# of what? that a female motorist is more at risk than a male if she breaks down? </document>
		<document> #user# as an unpaid carer, i could bump myself near the top of the list but i don't think that i will. </document>
		<document> #user# it's going to be a fraught day getting it all done. some trvs need replacing (all of them really) but that will have to wait. hive thermostat arriving too </document>
		<document> #user# i think that paul hogan has dated. of his time. </document>
		<document> #user# or "the scrum" as she imagines it. </document>
		<document> #user# #user# #user# in fairness, i have been on. i needed a suggestion as to how to get a sock out that is stuck in a vacuum cleaner pipe. </document>
		<document> #user# i guess that it's him as pickles the evil cat isn't a celebrity outside of our cul de sac. #url# </document>
		<document> #user# what you must always bear in mind is that the story of a secret agent imprisoned and interrogated on an island is not the story of a secret agent imprisoned and interrogated on an island. </document>
		<document> #user# #user# #user# #user# there appears to be a judge knott in the usa. </document>
		<document> #user# women are no longer women. they are cis women. only transwomen are proper women because they have to work harder at it. cis women are icky and probably have cooties. #hashtag# </document>
		<document> #user# variant d+, flu, norovirus. it would be madness not to. </document>
		<document> #user# #user# someone in this thread has already mentioned #user# . using cardboard to suppress weeds without doing any digging can be very effective. </document>
		<document> #user# the cat is probably dreaming of playing rugby. </document>
		<document> funny how jewish people can be about fascism, isn't it? #hashtag#  #user# #user# #user# #user# #user# #user# </document>
		<document> #user# #user# #user# #user# #user# those phones calls were merely transactivists trying to persuade her that they were indeed women just like her and that they should be welcomed into women's safe spaces. #hashtag# </document>
		<document> #user# #user# outside of textbooks, probably the most expensive book that i ever bought was the  codex wallenstein but even then i got a good price on it. </document>
		<document> #user# #user# threatening you? you are the one that seems very keen to suppress wrongthink. </document>
		<document> #user# isn't that a one man band? </document>
		<document> #user# i have seen the technique used as a combined hugelkultur raised bed hybrid. the bottom layer is basically fly tipping. there seems to be no other sensible way to compost logs and rotten scaffold boards or even sweetcorn stalks in the next layer above. </document>
		<document> #user# #user# #user# #user# #user# #user# #user# #user# intersex conditions (differences in sexual development) are a group of sex specific medical conditions that affect men or women. their diagnosis is dependent upon the sex binary. how is that related to anything transgender? </document>
		<document> #user# #user# my late father was a civil engineering student in the 1950s. whatever one did with a slide rule, he knew how to do it. #url# </document>
		<document> #user# fascists lying? they'll ruin their reputation. #hashtag# </document>
		<document> #user# #user# #user# will that be the 5 minute argument or the full half hour? </document>
		<document> #user# #user# oh so guilt trip me about wanting a tank, won't you. </document>
		<document> #user# #user# #user# #user# #user# #user# you have been given the facts. ministry of justice figures. as to yourself, you are running on empty. </document>
		<document> #user# #user# you must not call her crazy because you will confuse the very small number of people indeed who are even more crazy than she is. </document>
		<document> #user# #user# tom was at the battle of ramree island in a tank. that was also quite something. a battle notable for the crocodiles. </document>
		<document> #user# #user# #user# #user# i doubt very much that the attackers were part of any gender critical group. </document>
		<document> #user# it's someone who appears to be in danger of becoming their own grandmother. </document>
		<document> #user# david mitchell wanker, i believe. </document>
		<document> #user# whilst the scientific research is important, you just need to use your eyes. #url# </document>
		<document> #user# #user# #user# #user# #user# #user# #user# that was a very wicked thing to say and obviously i wasn't thinking the exact same thing. </document>
		<document> #user# she also said that an apple employee told her that vaccines can allow you to time travel. </document>
		<document> #user# who had the first penis? how much of a shock was it to his wife? </document>
		<document> #user# in my defence, i have never been tempted to purchase such an item. </document>
		<document> #user# #user# #user# #user# her songs have bisexual overtones but joe strummer sang "my father was a bank robber". in actuality he worked for the foreign office. </document>
		<document> #user# #user# #user# they understand that these transgender people are males not females and are biologically boys. </document>
		<document> #user# #user# #user# transactivism inflates the statistics to further the cause. it's hard to claim to be the most oppressed minority when you are one of the safest. </document>
		<document> #user# #user# i qualified by virtue of being a carer to someone vulnerable and i got a letter  i went down to the surgery and queried the fact that my son had nothing. they phoned back later that day with an appointment. if you genuinely think you might be missed, you need to ask. </document>
		<document> #user# #user# #user# #user# #user# #user# #user# #user# #user# #user# #user# #user# #user# #user# #user# #user# #user# #user# #user# #user# #user# #user# #user# #user# #user# #user# #user# #user# #user# #user# #user# #user# #user# #user# #user# #user# #user# #user# #user# i have some pictures taken whilst out delivering in the van. up to nasty. the thing about nasty people is that for the most part, they are not. i also had to use a river ford then later a flooded road that was deeper than the ford. #url# </document>
		<document> #user# #user# does this work for gentlemen's sausages too? in that case the very important person. </document>
		<document> #user# #user# my choice of electric three wheeler car is not the aptera but the sondors. #url# </document>
		<document> #user# the legal advice to stonewall diversity champions from stonewall has been lies. </document>
		<document> #user# when it's something that it is obvious that israel has done it, it is the fault of the jews.nwhen it doesn't seem that israel did it, it is the jews being sneaky.n#hashtag# </document>
		<document> #user# #user# there's a photo of a man with it and a palestinian flag. </document>
		<document> #user# #user# #user# why should women have anything of their own at all? #hashtag# </document>
		<document> #user# we pay politicians, civil servants and assorted boffins a lot of money to come up with a clever idea, but all we seem to get is baldrick's cunning plan. </document>
		<document> #user# i did some proper swimming. i even swam underwater but then realised that i had swum out of my depth and decided that it was best to err on caution. </document>
		<document> #user# #user# #user# she paid black men to work for her. how awful that they should make money. employing black people must be the worst form of racism that there is. #hashtag#. </document>
		<document> #user# #user# #user# #user# they are very similar to the cybermen but my thoughts on the matter was that the daleks were organisms controlling machines and the cybermen were machines controlling organisms. </document>
		<document> #user# when the reality is the this most oppressed of all minorities ever have some serious us based money backing them </document>
		<document> #user# noticed on twitter yesterday that hyundai have given the chelsea women's team brand new electric cars each. </document>
		<document> #user# they have found a dozen or so gaffes in thousands of interactions with the public. that's a pretty good ratio beating johnson, corbyn, trump and a great many others. </document>
		<document> #user# #user# very good choice. also wc field's "never give a sucker an even break" (1941) #url# </document>
		<document> #user# #user# it seems the opposite of school pe where if you forgot your shorts, you had to play in your pants. </document>
		<document> #user# #user# so it's quite a cultural phenomenon. that's interesting. </document>
		<document> #user# the mother comes in and asks how much. the barber points to the price list. indignantly she says, "but i had done half of the job for you already". 2/2 </document>
		<document> #user# #user# if you believe that males can be lesbians and think that anyone who refuses to accept this abomination is a "monster" then you are a homophobe. </document>
		<document> #user# women and spitfires and top of the list is beatrice "tilly" shilling, inventor of "miss shilling's orifice" that remedied a problem with the early spitfire engines. keen motorcycle racer. #url# </document>
		<document> #user# #user# #user# in the us, mastectomies. 12 years+. if you want to include puberty blockers then pre puberty. </document>
		<document> #user# well of course you can't tell if there's a cock in the way obscuring the bones. </document>
		<document> pah! these jewish people who think they know about anti-semitism. #hashtag# #user# #user# #user# </document>
	  <document> # user # go to dubai on vacation and see what an x ​​will give you. </document>
<document> # user # # user # no wonder you avoid a battle of wits when you are so obviously unarmed. </document>
<document> # user # # user # # user # # user # # user # # user # # user # # user # # user # # user # # user # # user # # user # these "cis women" sound absolutely terrifying . no one would be safe sharing spaces with them. # hashtag # </document>
<document> # user # # user # # user # # user # what you think doesn't matter. the sex is male and female. </document>
<document> # user # that whole thread is full of horrible terms for people who just have a different opinion. </document>
<document> # user # # user # # user # only trans people are real people. # hashtag # </document>
<document> # user # # user # not everyone will be fascists at night. some may be there for the vibe. # hashtag # </document>
<document> # user # Waiting to go out on the dual carriageway today, a passing car hit a puddle of water from a water pipe burst and a tsunami came through the open window of my car. for the water that was left on a hot street, it was surprisingly cold. </document>
<document> # user # Were there many gay married couples on vacation there? # hashtag # </document>
<document> # user # # user # there is also the modern dolly parton. </document>
<document> # user # # user # # user # that would be good too. so many choices suitable for real statues of women. </document>
<document> # user # # user # obviously you've never seen thomas and the magic railway, making the pokémon the movie look like a kane citizen. </document>
<document> # user # the sports lesson for your gender. </document>
<document> # user # # user # it is only from the perspective of a non-Jewish Australian woman that you can fully understand the intricacies of the Middle East. # hashtag # </document>
<document> # user # is not as good as the original nutcracker chopper bike. </document>
<document> # user # # user # # user # even I didn't know. it is the most fragile form, however. </document>
<document> # user # "wanting intimacy with women more than intimacy with men."

so that it includes men and all men and women who are sometimes intimate with men. practically everyone except gays. 1/2 </document>
<document> # user # are on a rather different scale with my smaller deliveries sometimes getting as exciting as joining essex. </document>
<document> # user # # user # if you were in the market for a reasonable new electric car, the mg5 would top the list. </document>
<document> # user # # user # or possibly support to allow India to increase its production. </document>
<document> # user # a thought just hit me. when we do the first manned trip to Mars, and it will take a couple of years round trip, will they bring a dentist with them? </document>
<document> # user # yes, because # user # can't be more respectful and understanding towards women. as is # user #. # hashtag # </document>
<document> # user # # user # # user # well done. this is putting those haughty women in their place. # hashtag #. </document>
<document> # user # # user # you don't know your debt to les dawson and roy barraclough in the 1970s. </document>
<document> # user # # user # # user # # user # the equality law of 2010 allows for the maintenance of protections based on sex. even then, the reality is that a woman is an adult human female. </document>
<document> # user # # user # # user # # user # # user # the previous poster, which blocked me is an idiot (in no small part the reason for the block). no one can change sex, even if the transs turn back and forth stating that they may or may not as they please at that moment. this is because these fools don't understand what sex is. </document>
<document> # user # the vinegar was just a ploy to put them under the control of isaac newton's calculation. </document>
<document> # user # on many topics it is very difficult to tell which is a parody and which is not. </document>
<document> # human # user could be a transgender who identifies butles in their own prison unit which is not in the women's estate. </document>
<document> # user # isn't making an effort with her hair, is it? like a misogynistic hard-boiled egg. </document>
<document> # user # # user # # user # # user # their act was heavily based on norman evans, who began playing these characters in the 1930s. # url # </document>
<document> # user # # user # us poor guys. matching socks and women think we're asking. # hashtag # </document>
<document> # user # demonstrates complete ignorance of what "intersex" actually means in a way that is offensive to people with differences in sexual development. </document>
<document> aliexpress are there again. the search for a radio controlled plane reveals ... in true sesame street style, one of these things is not like the other. # url # </document>
<document> # user # # user # used to be a hero. his tank and others were instrumental in the assault on a Pacific island during the war. </document>
Is <document> # user # an immensely heavy book on the edge of the top shelf? </document>
<document> # user # I never liked phone calls. </document>
<document> # user # Didn't you see Comerford's version of things today? at some point I'll get bored making fun of his outrageous statement, but not yet. # url # </document>
<document> oh it's Jews again. it's always the Jews. even when it seems like it couldn't be them, it is. # hashtag # # user # </document>
<document> # user # # user # # user # # user # # user # this is pure transphobia, emphasizing the cis privilege. # hashtag # </document>
<document> # user # # user # Rats rarely join a sinking ship like that. </document>
<document> # user # in the past, we have found that putting seed trays on the drainer when the dishwasher is running carried the seeds quite well. </document>
<document> # user # # user # very true. reinforced by repetition in each episode, of course </document>
<document> # user # will need to alert students of some actual learning content. </document>
<document> # hashtag # sperm donor shortage. "missing men who come forward" </document>
<document> # user # # user # I hadn't thought of it and both me and child 4 have the number of the beast in our cell numbers. </document>
<document> # user # # user # # user # their son, the photojournalist, which meant he traveled to find new French words as vital to us as windmills. </document>
<document> # user # # user # # user # # user # # user # medical condition affecting men and women. # url # </document>
<document> # user # # user # # user # # user # the trick of tubby cycling? </document>
<document> # user # I wasn't even a fence sitter. it was a world I was not aware of. </document>
<document> # user # wep is going to worship every penis? </document>
<document> were ... Jews? # hashtag # # user # </document>
<document> # user # # user # # user # moris marina all have had new windowsills within a few years. I bought one at 17 on the original windowsills. the first owner had sprayed with waxoyl when he first received it. </document>
<document> # user # When I did the car trunk sale a few years ago, I went to Denham which is basically the car trunk sale in West London. some boys had bought old sewing machines at auction and in a few minutes had sold them all to African buyers. </document>
<document> # user # surely to properly honor what he stands for, we should all go out and get the applause. </document>
<document> # user # # user # you know how it is, one she considers a dangerous extremist group that no one should have anything to do with and the other is the Taliban. # hashtag # </document>
<document> # user # on par with Mussolini who runs trains on time.

spoiler: he didn't. the punishments for delayed trains were so harsh that timetables allowed huge time allowances. </document>
<document> # user # you probably got your *** off on this by now. # url # </document>
<document> # user # # user # # user # # user # with Stonewall running all of thosecourses for the police? I do not believe. </document>
<document> # user # but trans women have women in the name and clownfish and intersex and stuff like that. # hashtag # </document>
<document> # user # # user # jkr needs to announce that men shouldn't slam car doors on their dicks and we'd see who's willing to "put her in her place" on it. </document>
<document> # user # # user # which assumes that the speed of light is a surmountable restriction. it may not even be, and therefore the distances involved make the whole enterprise irrelevant. in that case, all spaceships, new or old, will travel at roughly the same speed. </document>
<document> # user # # user # # user # will you want to access safe spaces for women only? </document>
<document> # user # # user # There is a garden center in our town, run mainly by volunteers, which takes the dying plants from the supermarket, has them recovered and sells them. # url # </document>
<document> # user # I assume you got the call as Joe's caregiver. has he already had his? </document>
<document> If immigrants are unwilling to join this, how can they expect to be welcomed here? # hashtag # # user # # url # </document>
<document> # user # # user # has been dead for 53 years. not sure how account maintenance works here. </document>
<document> # user # "turn left into pole lane"

I would rather not. # url # </document>
<document> # user # # user # # user # # user # the Jews made him do it. # hashtag # </document>
<document> # user # how can ordinary women understand biology more than a real doctor (of American studies)? # hashtag # </document>
<document> # user # I delivered to a family of sculptors. they really do live in the back afterlife, in hertfordshire. </document>
<document> # user # # user # we got our $ 28 million worth of penis jokes from bezos and his adventure. </document>
<document> # user # # user # the special unit that transformed Boyle seemed to be the one that targeted those the mainstream system couldn't reach. </document>
<document> # user # # user # I found out. he is a former army. </document>
<document> # user # # user # # user # # user # # user # once again you are wrong. most children give up and therapy rather than medical treatment provides better results than medicalization for those who do not. </document>
<document> # user # are the people who will not be vaccinated but will still request access to places where you should be vaccinated. if the condition for going to the pub is vaccination, then you will not go to the pub. </document>
<document> # user # Poles eat carp. </document>
<document> # user # "and therefore brothers, it is written by the great magdalene that men cannot be lesbians" # url # </document>
<document> # user # the fact that we are made up of atoms formed inside a long dead star. </document>
<document> # user # # user # # user # # user # # user # # user # # user # # user # # user # # user # surely you mean the recently closed women's history museum? # hashtag # </document>
<document> # user # # user # # user # # user # # user # # user # # user # # user # # user # # user # # user # # user # the easy answer is that the risk for women to give males is the same regardless of whether they are transgender or not. where one shouldn't be, so the other shouldn't be. </document>
<document> # user # # user # # user # not even the algae do this. it is actually an effect of dolphin urine. </document>
<document> # user # most likely a police officer much more than the others. </document>
<document> # user # could just give his lawyers a couple million and tell them to go hunting with that. so many awakened dudes think they are untouchable. </document>
<document> # user # # user # # user # and another one with a lock on me. I feel like I've become the feminist king. # hashtag # </document>
<document> # user # it was obviously the Jewish Zionist lobby that made jared o'mara a complete ass. # hashtag # </document>
<document> # user # # user # # user # # user # # user # # user # also admitted that he missed the start of the Stonewall riot.</document>
<document> # user # # user # # user # all those spiders crammed together. they will soon be hungry and there will be fewer and fewer spiders. </document>
<document> # user # # user # just not you women. # hashtag # </document>
<document> # user # # user # when the judge walks in and someone says "get up, the court is in session". </document>
<document> # user # # user # # user # # user # that's the point. what he wrote in the books is nowhere near anti-Semitic. </document>
<document> # user # # user # Was it lehrer who said that von Braun was a man willing to count from ten to one in any language? </document>
<document> # user # # user # # user # lesbians at a gay pride event. how terrible. # hashtag # </document>
<document> # user # not so sure about the part where someone named samuel is horribly murdered. </document>
<document> so it's September and it looked like I was suffering from hay fever. from what? child 3 (that) got a stinking cold after his maskless music festival. thanks for that. </document>
<document> # user # # user # # user # # user # all are male or female. </document>
<document> # user # # user # # user # # user # # user # you have selectively selected very few people who agree with jkr. the reality is that the beliefs and dogmas of your cult have little influence in the real world. </document>
<document> # user # to be honest my xiaomi phone uses one of those symbols when charging. rather more troubling is that it puts another next to the first one during fast charging. </document>
<document> # user # # user # # user # # user # # user # # user # # user # # user # meaning is a bigoted cis sexist concept. # hashtag # </document>
<document> # user # from a pretty good whole album, available on youtube. </document>
<document> # user # # user # # user # the football statistic I know for Scotland is that the suicide rate is decreasing while Scotland is still competing. I think that even from knock out there is not a peak just a return to average levels. </document>
<document> # user # # user # Trump has set a date for the end of our engagement. once the Taliban had it, all they had to do was stay out. </document>
<document> # user # far, very long to reach. </document>
<document> # user # even then, that's only two of your five a day. </document>
<document> so Jews control chocolate. with that they control the world. # hashtag # # user # </document>
<document> # user # # user # why don't they fund dv shelters for transgender people if they're so full of money? </document>
<document> # user # who knew so many women would be rapists? # hashtag # </document>
<document> # user # # user # # user # I didn't say it was a theft. appropriation, of course. don't forget that following the thread of their kiwifruit cultivation, it is well known what kind of person we are dealing with. </document>
<document> # user # There's a guy in our allotment who has the worst bindweed imaginable. finally chased him. all of his beds and paths have been taken apart and he has raised all his raspberry sticks. </document>
<document> # user # are those who read your tweets thinking "are there people out here ... washing ... the sheets ?!" </document>
<document> # user # the next step is to book a track day. </document>
<document> # user # a man goes to the doctor because he is embarrassed that he has three testicles. the doctor tells him that instead of being embarrassed, he should be proud. 1/2 </document>
<document> # user # # user # # user # # user # # user # # user # # user # # user # # user # # user # # user # # user # # user # # user # # user # user # # user # # user # # user # # user # # user # # user # # user # # user # # user # # user # # user # # user # # user # # user # # user # # user # # user # those "cis women" sound absolutely horrible. I would not like to share a space with them # hashtag # </document>
<document> # user # straight bananas and Polish Muslims come here, they take the job and they don't do any work. # hashtag # </document>
<document> # user # # user # # user # # user # # user ## user # # user # very poor male athletes will lose to female athletes. it's not a surprise. </document>
<document> are the Jews. I knew it was, even when it was the Blairites, I knew it was the Jews. # hashtag # # user # </document>
<document> Jewish money that finances a campaign that pulls every fascist out from under his rock. obvious, really. # hashtag # # user # </document>
<document> # user # # user # I delivered to an elderly lady who was bedridden. I had her key number on the wall for me to enter, then frozen in the freezer, chilled in the refrigerator, and the rest on the counter. I don't do many, but I do a few. </document>
<document> # user # lenses, especially older ones, add a distinctive tint. modern sensors and electronics add their own character (the canon provides "cool", slightly bluer images). what you can do is use pure white in the shot and color balance from that or take a picture in that position of a color card. </document>
<document> # user # is true. the big bastards don't have a vaccination card. </document>
<document> # user # # user # his tweet was spread to the nurses by a visitor. </document>
<document> # user # They aren't gay people anymore, are they? # hashtag # </document>
<document> # user # a man arrives before St. Peter's at the pearly gates.
"I'm sorry but I can't let you in because you haven't done anything important in your life"
"but I entered the Kremlin and denounced Stalin in the face"
"I have no record of it. When did you do that?"
"about five minutes ago" </document>
<document> # user # # user # # user # the worst of the vaccine is even better than the best of the virus. </document>
<document> # user # # user # # user # # user # you want to put men and women in rape shelters and have them run by men. you are in no position to take any kind of moral elevation. </document>
<document> # user # the contrabassoon. </document>
<document> # user # and how do you intend to solve all the problems of the Middle East, Mr. Baddiel? </document>
<document> # user # the "search for an old friend" </document>
<document> # user # Actually, the Lee Hurst jokes here on Twitter are pretty funny. which is more than can be said for Lee Hurst. </document>
<document> # user # poor george couldn't. his strings were already tuned in advance and all he had to do was strum. </document>
<document> # user # this tweet hasn't aged well. the boy is a sex offender. </document>
<document> # user # # user # "and while I'm here buying cosmetics at the hardware store, I'll have that corrector too" # url # </document>
<document> # user # I'll tell you something, this time it's absolutely no secret Jewish lobby money. # hashtag # </document>
<document> # user # Only a man can truly understand what it means to be a feminist. # hashtag # </document>
<document> # user # I think I can cancel the ambulance at the hospital because of my laughs broken ribs. </document>
<document> # user # # user # are getting confused with a Bridget Bardough, whoever she is </document>
<document> # user # n.
I put snail pellets around my snail traps to multiply the deadly effect. </document>
<document> # user # # user # 90s? it's almost like being in Stonewall.

# hashtag # </document>
<document> # user # # user # # user # of what? that a female driver is more at risk than a man if she breaks down? </document>
<document> # user # as an unpaid caregiver, I may be at the top of the list but I don't think I will. </document>
<document> # user # is going to be a tough day to get it all done. some trv's need to be replaced (all really) but it will have to wait. the hive thermostat is also on its way </document>
<document> # user # I think Paul Hogan went out with someone. of his time. </document>
<document> # user # or "scrum" as you imagine it. </document>
<document> # user # # user # # user # in all honesty, I've been there. I needed some advice on how to remove a sock that is stuck in the hose of a vacuum cleaner. </document>
<to document> # user # I guess he's like pickles the evil cat is not a celebrity outside of our cul de sac. # url # </document>
<document> # user # What you must always keep in mind is that the story of a secret agent who is imprisoned and interrogated on an island is not the story of a secret agent who is imprisoned and interrogated on an island. </document>
<document> # user # # user # # user # # user # There appears to be a judge knott in the United States. </document>
<document> # user # women are no longer women. they are cis women. only trans women are decent women because they have to work harder. cis women are gross and probably have lice. # hashtag # </document>
<document> # user # variant d +, flu, norovirus. it would be madness not to. </document>
<document> # user # # user # someone in this thread has already mentioned # user #. using cardboard to weed without digging can be very effective. </document>
<document> # user # The cat is probably dreaming of playing rugby. </document>
Funny how much Jews can be about fascism, right? # hashtag # # user # # user # # user # # user # # user # # user # </document>
<document> # user # # user # # user # # user # # user # those phone calls were simply transactivists trying to persuade her that they were indeed women just like her and that they should be welcomed into women's safe spaces. # hashtag # </document>
<document> # user # # user # outside of textbooks probably the most expensive book I ever bought was codex wallenstein but even then I got a good price. </document>
<document> # user # # user # is threatening you? you are the one who seems very eager to suppress the wrong thinking. </document>
<document> # user # is not a one man band? </document>
<document> # user # I have seen the technique used as a combined raised bed hybrid hugelkultur. the bottom layer is basically the overturning of flies. there seems to be no other sensible way to compost rotten scaffolding logs and planks or even corn stalks into the next layer above. </document>
<document> # user # # user # # user # # user # # user # # user # # user # # user # Intersex conditions (differences in sexual development) are a group of sex-specific medical conditions that affect men or women . their diagnosis depends on the gender track. how is it related to something transgender? </document>
<document> # user # # user # my late father was a civil engineering student in the 1950s. whatever was done with a slide rule, he knew how to do it. # url # </document>
<document> # user # fascists who lie? they will ruin their reputation. # hashtag # </document>
<document> # user # # user # # user # will be the argument of 5 minutes or the whole half hour? </document>
<document> # user # # user # oh so I feel bad about wanting a tank, right. </document>
<document> # user # # user # # user # # user # # user # # user # you have been given the facts. figures of the ministry of justice as for you, you run empty. </document>
<document> # user # # user # you don't have to call her crazy because you will really confuse the very small number of people who are even crazier than her. </document>
<document> # user # # user # Tom was at the battle of Ramree Island in a tank. that too was quite something. a notable battle for the crocodiles. </document>
<document> # user # # user # # user # # user # I highly doubt that the attackers were part of a critical gender group. </document>
<document> # user # is someone who appears to be in danger of becoming their grandmother. </document>
<document> # user # david mitchell wanker, I believe. </document>
<document> # user # while scientific research is important, you just have to use your eyes. # url # </document>
<document> # user # # user # # user # # user # # user # # user # # user # was a very bad thing to say and obviously I wasn't thinking the same thing. </document>
<document> # user # also said that an Apple employee told her that vaccines can allow you to travel through time. </document>
<document> # user # who had the first peni? how much shock was it to his wife? </document>
<document> # user # In my defense, I have never been tempted to purchase such an item. </document>
<document> # user # # user # # user # # user # his songs have bisexual overtones but joe strummer sang "my dad was a bank robber". she actually she worked for the foreign office. </document>
<document> # user # # user # # user # understand that these transgender people are male not female and are biologically male. </document>
<document> # user # # user # # user # Transactivism inflates statistics to further the cause. it is difficult to claim that you are the most oppressed minority when you are one of the safest. </document>
<document> # user # # user # I qualified by virtue of being an assistant to someone vulnerable and received a letter, went to the operating room and asked that my son have nothing. they phoned later that day with an appointment. if you really think you might get lost, you need to ask. </document>
<document> # user # # user # # user # # user # # user # # user # # user # # user # # user # # user # # user # # user # # user # # user # # user # user # # user # # user # # user # # user # # user # # user # # user # # user # # user # # user # # user # # user # # user # # user # # user # # user # # user # # user # # user # # user # # user # # user # # user # I have pictures taken while I was out delivering in the van. until bad. the problem with bad people is that for the most part they are not. I also had to use a river ford and then a flooded road that was deeper than the ford. # url # </document>
<document> # user # # user # also works for gentlemen's sausages? in that case the very important person. </document>
<document> # user # # user # my choice of three-wheeled electric car is not the aptera but the probes. # url # </document>
<document> # user # legal advice to Stonewall's Stonewall Diversity Champions was a lie. </document>
<document> # user # when it is something that it is obvious that Israel did it, it is the Jews' fault. when it does not appear that Israel did it, it is the Jews who are underhanded. n # hashtag # </ document>
<document> # user # # user # there is a picture of a man with that and a Palestinian flag. </document>
<document> # user # # user # # user # why should women have something of their own? # hashtag # </document>
<document> # user # We pay big bucks to politicians, civil servants, and assorted puppets to get a clever idea, but all it seems to get is Baldrick's cunning plan. </document>
<document> # user # I swam well. I also swam underwater, but then realized I had swum out of my depth and decided it was best to sin with caution. </document>
<document> # user # # user # # user # paid black people to work for her. how awful they should make money. hiring people of color must be the worst form of racism there is. # hashtag #. </document>
<document> # user # # user # # user # # user # are very similar to cybermen, but my thinking on the subject was that daleks were organisms that control machines and cybermen were machines that control organisms. </document>
<document> # user # when the reality is that the most oppressed of all minorities ever has serious money based on us supporting them </document>
<document> # user # noted on Twitter yesterday that Hyundai gave the Chelsea women's team brand new electric cars each. </document>
<document> # user # found a dozen faux pas in thousands of audience interactions. this is a pretty good relationship beating Johnson, Corbyn, Trump and many more. </document>
<document> # user # # user # excellent choice. also "never give a sucker an even break" by wc field (1941) # url # </document>
<document> # user # # user # seems like the opposite of school eg where if you forgot your shorts, you had to play in your pants. </document>
<document> # user # # user # so it's quite a cultural phenomenon. Interesting. </document>
<document> # user # mother enters and asks how much. the points of the barberto the price list. indignant she says "but I had already done half the work for you". 2/2 </document>
<document> # user # # user # If you believe that males can be lesbians and you think that anyone who refuses to accept this abomination is a "monster", then you are a homophobe. </document>
<document> # user # women and spitfires and at the top of the list is Beatrice "tilly" shilling, inventor of "miss shilling's orifice" who remedied a problem with the first spitfire engines. passionate motorcyclist. # url # </document>
<document> # user # # user # # user # in American mastectomies. 12 years +. if you want to include puberty blockers, then pre-puberty. </document>
<document> # user # well obviously you can't tell if there is a rooster in the way it obscures bones. </document>
<document> huh! these Jews who think they know anti-Semitism. # hashtag # # user # # user # # user # </document>