 
	<document> #user# i feel bad for you. totally brainwashed by liberal communist democrats. i bet your professors loved you. no critical thinking ability and you follow like a lost puppy dog. </document>
		<document> #user# in today’s woke/cancel culture they are afraid. they will be attacked on every level! they will lose scholarships, their education&amp;passions, relationships. the left will devour them. institutions &amp; associations have failed women after all these years of gains. tragic </document>
		<document> after the 2022 season both calvin ridley and deshaun watson will both have year long suspensions under their belts.

one guy bet 1500 bucks on football games, the other sexually assaulted multiple women. which guy just got 230 million?

the sexual predator..

kewl </document>
		<document> #user# congratulations on maintaining that gay! keep it up and you may someday be overflowing with as much gay as #user# 😜 #url# </document>
		<document> #user# #user# where were you when bullies started calling my son gay in middle school and throughout high school? </document>
		<document> #user# #user# #user# #user# #user# #user# #user# #user# do you carry the same opinion about antifa flag and the communist flag? </document>
		<document> #user# #user# #user# you’re brainwashed to ignore the important information and watch politicians do tik toks. 

you are the premier poster putz for “the useful idiot” </document>
		<document> though you never felt any hesitation in calling your fellow female politicians a "prostitute" in a live shown#hashtag# #url# </document>
		<document> #user# #user# #user# exactly. that's why it's on cis ppl to do this. not everyone can, we get it. we need y'all to make the effort to really push yourselves, and be willing to hurt a little in the course of dismantling bigots' means of harming us. </document>
		<document> #user# #user# snobbery of the expected level. only journalists and politicians have a credible view on politics. it's why politicians fail and why nobody reads newspapers anymore. </document>
		<document> khan never forget was  consultant lawyer for the captured 9/11 al qaeda terrorist zacarias moussaoui 114000 rejected ballots due to confusion on second choice &amp; ballot paper misunderstanding he wants cressida dick removed i want him removed under the same heading "no confidence"! #url# </document>
		<document> #user# democrats must win and get a bigger majority.  if not this is what we will be fighting against. #url# </document>
		<document> ever wonder why all of these anti #hashtag# bills are surfacing? these 3 company’s are why. 
part 1: #url# </document>
		<document> biden had to be his arrogant self running from afghanistan the way he did, getting  13 marines dead, scores of americans and allie’s left behind, with $ billions in weapons abandoned to taliban. if todays crises worsens we’re going to wish we had bagram.   #url# </document>
		<document> that’s why women need to stay on alert and prayed up. pray so that god/ancestors can guide you and strengthen your intuition when it comes to these deranged men. </document>
		<document> #user# disgusting. good thing no one cares about women's bball😂🥴 </document>
		<document> #user# #user# #user# #user# #user# #user# #user# bahaha pc's pretending their the victim's. just like trump and the gop. just proving there's a "best and brightest" problem here in canada as well. the good thing, just like the last 4-5 "leader's" it won't get them elected. the entire pc platform blame trudeau and the liberals. </document>
		<document> half of it is coming back to us politicians in the form of kickbacks. the deal ain’t hard to see thru. #url# </document>
		<document> the big  guy’s clearly compromised, even implicated, but media propagandists &amp; the subversive, complicit govt agencies (especially fbi/doj, but also cia since foreigners involved) still keeping obvious wrongs buried. national security apparently no longer means anything to dems. #url# </document>
		<document> the company could have easily released a statement saying they hear the issue. then stand by your value of inclusion. how do they do this? give trans women space to tell their jokes and speak their truth. set up a solo comedy special for flame monroe and other trans women. </document>
		<document> ‘owl house’ creator condemned disney response to ‘don’t say gay’ bill #url# </document>
		<document> #user# liberals would be more successful in funding people to move to wyoming than lobbying in blue states. </document>
		<document> #user# #user# #user# #user# #user# #user# #user# #user# #user# #user# #user# #user# #user# #user# #user# #user# #user# #user# #user# #user# #user# #user# #user# #user# #user# #user# #user# #user# #user# #user# #user# #user# #user# #user# #user# #user# #user# #user# #user# #user# nope.

if you assume every kid is trans but make sure there's plenty of offramps for kids who decide they're not, you're still going to get some kids who don't take the out (misdiagnosed as trans).

if you assume no kid is trans, trans kids get diagnosed as cis by definition. </document>
		<document> #user# #user# true but its a crazy world, shit happens. the least people who got shit goin on can do is make sure they hitting the right target at the right time. women and children should always be safe. </document>
		<document> #user# i like herbal medicine, especially from older african women , but ppl online are selling lies </document>
		<document> #user# #user# #user# so is this deep and abiding concern for women’s sports a recent development or #url# </document>
		<document> #user# #user# so if we couldn’t draft women a guess he’s out because he feels like one </document>
		<document> "as this war and its consequences slowly weaken russian conventional strength, russia likely will increasingly rely on its nuclear deterrent to signal the west and project strength to its internal and external audiences," the pentagon said in a report #url# </document>
		<document> #user# #user# #user# #user# #user# #user# #user# i never quote from or use the bible with atheists. </document>
		<document> #user# funny but if seems to be people like your cult that want women to be servile to men, stay home with kids and have no career other than serving a man. no right to free choice in family planning  voting or r pressing any independence at all. </document>
		<document> i respect women more than i do men.🙇🏽‍♂️ call me a simp or feminist i don't give a shit. </document>
		<document> #user# #user# he was found innocent on all 22 counts   only civil lawsuits pending aka money grabs.  he obviously didn’t do what these women said or he’d have been roasted by the nfl faster than ray rice when he beat his girl. </document>
		<document> it isn’t his fault.  it is the fault of those in society who give a platform to displace women. how do we tolerate a man taking the title of woman of the year away from a woman. just stand back and nod. #url# </document>
		<document> #user# stop gaslighting. our eyes tell us that thomas is a man. he has no place in women's sport. </document>
		<document> #user# #user# #user# #user# lol, no they are not women, they are males pretending they know what it is to be a woman - which is more patriarchal bullshit from colonising males. you are right, it really isn't hard to comprehend that males aren't women. </document>
		<document> #hashtag# who talk a lot abt taliban haven't uttered a word against mass killings of muslims in burma #hashtag# </document>
		<document> alfred durante park avenue women's white topaz &amp; black sapphire ring 
#url#

alfred durante park avenue women's white topaz &amp; black sapphire ring
$149.99 there's nothing like the unparalleled beauty of new york city's park avenue. its magnificent architec... #url# </document>
		<document> #user# think men are better at being women than us? #url# </document>
		<document> #user# #user# it even has a new russian naval base #url# </document>
		<document> do you know the name of the elaborately decorated dresses that palestinian women wear for special occasions? find out on our palestinian culture page! 👗#hashtag# #url# #url# </document>
		<document> #user# #user# #user# that's certainly possible. but when he gets his panties in a wad that a person doesn't go away when he pronounces  them to be wrong, uses a fake name, is vague about military experience, and refuses to display any actual knowledge, i'm inclined to call bs on thomas the tank. </document>
		<document> atheists who feel the need to berate and talk down on people for keeping and perusing their faith make zero sense to me. like you’re not smarter than them, you didn’t figure something out, you know just as little. some people just need that purpose and comfort and that’s okay. </document>
		<document> #user# #user# any objection would subject them to official retaliation in the kafkaesque university system under which these males have civil rights to be treated in all respects as if they are women. </document>
		<document> #user# putins gop followers have put bounties on teachers due to teaching real history, women due abortions,gays if they say gay. how about a $10,000 bounty for anyone who tried to take over our government on january 6th? a $10,000 bounty for all domestic terrorist that involves racism. </document>
		<document> thats like going to your local homeless shelter and selecting the most coherent person in there to run your town you sure that is a good thing to do????? #url# </document>
		<document> #user# #user# tony tinderholt wants women to die by lethal injection (death penalty) if they receive an abortion. #url# </document>
		<document> it’s freezing and you all know the women on the stage tonight! my iq is that i’m more beautiful. </document>
		<document> #url#
eu has ‘very reliable evidence’ china is considering military support for russia </document>
		<document> #user# #user# #user# #user# thus article says 8 women testified. there was 9 criminal complaints. 8 of the women represented by the same lawyer. where’s your “research” stating 1 testified. </document>
		<document> #user# moving on the oligarchs requires our politicians &amp; moguls to sacrifice their stakes in the global aristocracy of international wealth. these guys are beholden to nobody. meanwhile the oligarchs are the only alternative source of influence in ru. it's a bit of a bind </document>
		<document> #user# #user# #user# you are clearly wrong. peoples minds can be changed. if you don’t believe me, look at polling data on attitudes about homosexuality from 1960 to today. obviously peoples minds were changed. if they hadn’t been, we wouldn’t have gay rights now. </document>
		<document> #user# this looks like one of those staged photos of him saying “see!!! i am totally into adult women!” </document>
		<document> owensboro catholic vs. union county - kentucky high school softball 🔴live streaming now➠ #url# ✅ 📅 date ➠ friday, 18 march 2022 ⏰ time ➠ 6:00 pm </document>
		<document> stop war! today is the 23rd day of the war in ukraine 🇺🇦 109 children have already been killed by the russian military!  block ❌unilever products until the company leaves the russian market!
#user# 
#user# 
#user# 
#user# 
#user# </document>
		<document> tired of censors, social justice bs, leftists and blue-haired misandrists❓
strike back with one of a kind designs on 80+ different items!   please retweet! 

#url# #url# </document>
		<document> def craving some vegan chili or rasta pasta </document>
		<document> that's how i like asses. that they hold cock. 

always have a good time with #user#

#user# #user# #user# #user# #user# #user# #url# </document>
		<document> netflix for a while were doing a lot serial killer shows.  now it seems they have locked in on scamming dumb white women out of money shows. </document>
		<document> up first, join #user# share insights from 3 game developer communities méxico: indi-es, women in gamex, and devsvj mx, and how to manage communities while fully online in the "independent games summit: game dev communities from home" panel on 3/21 from 3 pm-3:30 pm pst! #url# </document>
		<document> anyone else that have noticed the ru “pipe layer “ outside the coast of norway ? i think it’s the same that circled  between öland and gotland while sweden shipped extra military stuff to gotland #hashtag# </document>
		<document> being trans is cool. that's something that gay people don't get. </document>
		<document> #user# its among mainly those that deal in the cash economy.
wena if you have r1 million, its probably in the bank. if they kidnap a family member, you have to go to the bank &amp; they will ask questions. eventually the cops may find out.
kidnappers rely on ransom money under the mattress. </document>
		<document> bought a luh electric lighter for when it’s windy outside&gt;&gt;&gt;black women in tech </document>
		<document> men trying to say women in sports and sports media don’t deserve an opinion on the watson case because it’s “not their job” is truly fucking insane. </document>
		<document> and out of all the women that have been in the jl past and present zack’s planned next addition to the jl was…the atom. </document>
		<document> #user# this shit is just cowardly. do you know how easy it is to leave trans people alone?  to just let them live their lives?  i would call it cruel if it wasn't just self serving laziness. </document>
		<document> bro why do you spend all day arguing with trans women? its weirdo behaviour #url# </document>
		<document> #user# #user# you also fail to realize tango isn't agreeing with you at all, considering you liked her tweet. trans women are women, particularly since hrt does a bunch of biological shit to make them women. </document>
		<document> #user# leftists want to groom your little kids </document>
		<document> ay… ay these bitches gay.. #url# </document>
		<document> i know it's a dude thing but i wanna wear one earring in my right ear to signify that in gay. like im a lesbian not a gay dude that's not how it works but i don't care i think i'd look cool </document>
		<document> #hashtag# is when someone has been quite vocal against liberals but at the same time supports #user# :) </document>
		<document> #user# dude’s country is being destroyed and politicians are arguing about giving him an award. 🤡🌎 </document>
		<document> republicans know their hateful, authoritarian ideology is unpopular among most americans, so in addition to working to end democracy, they lie constantly about their own policies
#url# </document>
		<document> #user# it’s madness how this has even been allowed !
have a trans games if they want ,but this is an insult to women !! </document>
		<document> #user# #user# he forced them to peform oral sex, ejaculated on 3 of them, groped 4 of them, and 18 of the 22 accusations are based on him touching women with his penis. i'd argue forcing someone to suck your dick is rape but we're really just arguing semantics. he should rot in jail </document>
		<document> #user# #user# #user# so, just to be clear, you think women would beat men in most sports, but men know this so they keep the league's separate to save face? </document>
		<document> yesterday was gr8 cuz i went to farmers land while taking picz with drip scaly boii. 

&gt;love snakes within various types.
&gt;this one’s reticulated python. #url# </document>
		<document> wanna kms wtf is thar why are they so gay thats so unfair #url# </document>
		<document> i need a women size 9 black w/white sole where can i find them? #url# </document>
		<document> now how is fleabag going to end up with the priest and she better cause theres enough lonely women in the media </document>
		<document> can you help me i have an idea but i don’t know who can help me and it’s to solve a problem many women face each day </document>
		<document> #user# this whole time i thought you were gay omg- #url# </document>
		<document> america, meet your top collegiate "female" (cis) swimmer - "no idea what her name is actually" #url# #url# </document>
		<document> christians don't know how to have conversations nor do they know how to ... #url# via #user# </document>
		<document> #user# i’m so sorry. it really is true. but politicians and their big pharma bitches are making an absolute disgusting wad of cash off of it. they’re going to ride this horse and milk this cow as long as they can. </document>
		<document> #user# #user# also i dont give af what you want to call me. you should not be competing against women. if you have natural advantages no other women has. so we should make lebron compete  against women is your take? lol ok. </document>
		<document> cops @ kings cross station - 10.35am </document>
		<document> ⠀⠀⠀⠀ ⠀⠀
⠀⠀⠀⠀ ⠀⠀don’t date men that shit makes you gay
⠀⠀⠀⠀ ⠀⠀ </document>
		<document> #user# a message to the world that women, given the right education, support, and indoctrination, can be every bit as bad as men, should they so choose. </document>
		<document> #user# the people celebrating this destruction of women’s sports by genetic males pushing out genetic females are the same who will tell you about the evils of the patriarchy keeping women from succeeding. </document>
		<document> next to blowing trillions of dollars supporting china since 1939 we’ve allowed our borders to be over run with drugs and filling our prisons with worthless hanger onners leaving us spending more money protecting others than our own taxer payers! why? the dumb democrats agendas! </document>
		<document> used to be a great job until liberals fucked it up. rt #user#: #user# is a bit biased, but the best part of this video is the beginning. #hashtag# #hashtag#hashtag# #hashtag# #hashtag# #hashtag# #url# </document>
		<document> #user# people just want women to compete fairly. nothing transphobic about that. </document>
		<document> anti terrorist front india threatens ... #hashtag#  #url# </document>
		<document> #user# why would the pharisees accused jesus of being a drunkard if he was just drinking grape juice? in jewish culture it was customary to serve the best wine first so the guests wouldn't notice the lower quality wine being served at the end of festivities, hence the guests amazement. </document>
		<document> some fellows always talk abt re-uniting muslims of india n pakistan, isn't it #hashtag# that i never heard them talking abt united middle east </document>
		<document> #user# #user# i just checked and it appears that you’re a fan of taylor as well. you really believe that the gays support her? she did yntcd but even got mocked and ridiculed. </document>
		<document> #user# #user# respect for what? wearing women's clothes and mutilating their bodies? </document>
		<document> #user# this is awful. i am embarrassed and disheartened to be a cleveland woman and lifelong diehard browns fan today. not sure i can continue. how could you do this to the women of cleveland </document>
		<document> #user# #user# #user# adele the homeless poet amsterdam love you ❤️🧡🧡🧡🧡❤️❤️❤️ and welcomes you to amsterdam </document>
		<document> "you're complicit with transgenders competing as women if you don't give up your $30+k/yr scholarship" #url# #url# </document>
		<document> espn announcers take moment of silence in protest of so-called ‘don’t say gay’ bill #url# 

what idiots.  they obviously have no idea what that bill is about. </document>
		<document> i, of course, did not know any of this. this is super enlightening, particularly the insight that creating a separate category of sport for women was about men maintaining control. #url# </document>
		<document> the irgc is 10 times more criminal than what the #hashtag# is doing in #hashtag#️ 🇺🇦 today.
if more 💰 is injected into this terrorist group, definitely there will be another #hashtag# in mideleast and this time specially europ 🇪🇺 will face the direct consequences.
#hashtag# </document>
		<document> it just seems to me that you are a person consumed with negativity and a preoccupation with female victimization and death.

you seem to have been preoccupied with imperiled women, or victimhood, or murder. </document>
		<document> #user# #user# well, having family in law enforcement - it was a tremendous slap in the face to sdpd in particular that has worked incredibly hard over the years to build positive relationships with pride and the lgbt community, and the bit about not paying for police service for the parade… </document>
		<document> the world has gone fucking mad. next thing we know jeremy corbyn will be self identifying as a jewish lady and trying to marry off his daughters to senior members of the labour party. #url# </document>
		<document> #user# bruh.....people in cali ( that arent comformist tards) are pushing for a red wave. sucks to be liberals but they voted for these worthless fear mongering criminals. </document>
		<document> #user# #user# #user# yes rich democrats slave holders are the scourge of history, and are also now with holding people of color on democrat victimhood slave plantations. </document>
		<document> #user# doubt it,  unlike you homo ass i go to games.  basketball,  football,  women's basketball,  baseball,  softball,  volleyball,   so go f■ck yourself </document>
		<document> check out this listing i just added to my #hashtag# closet: torrid women size 3 3x 22-24 floral high neck jersey knit tank top. #url# #hashtag# #user# </document>
		<document> #user# #user# of course my friend, and no one can say otherwise. the people no matter what country belongs to, or religion, or whatever, are always the victims, and who's fault of that? the damn politicians and their agendas. </document>
		<document> mar will see a pair of white men (that, more times than not, includes ethan hawke) and will say it’s us </document>
		<document> how culturally incompetent // inept do you have to be to actually tell refugees stuck in a war zone that it's time to focus on schoolwork when they don't know if they're going to live or die tonight? this crisis revealed just the utter incompetency of so many leaders + systems. </document>
		<document> didn’t get much attention (or maybe i just missed it): an excellent way to support our veterans. cc: #user# 

biden to allow most of veterans' medical debt to go unreported #url# </document>
		<document> #user# #user# the church is the least suited place to deal with anything beyond conning rubes out of money and housing pedophiles. jesus would sh*t on the church were he alive today. </document>
		<document> no word against killin muslims in bosnia, chechen, palestine, kashmir, afghanistan, iraq, pakistan and burma but taliban r terrorist #hashtag# </document>
		<document> #hashtag# #hashtag# encyclopedia with novel's flow site: apparently there's #hashtag# that cant #hashtag# today-twain #url# </document>
		<document> #hashtag# #hashtag# #hashtag# activities done by so called #hashtag# in different countries latest in #hashtag# #hashtag#  then why not same activity in their land #hashtag# must declear #hashtag# #hashtag# is terrorist &amp; spread virous +1 b deaths </document>
		<document> don’t marry nasty little women who bring up your dead dad in jest. </document>
		<document> even western powers can't deny the fact of #hashtag# yet our liberals do!! #hashtag# #url# </document>
		<document> #user# some justices are also elections managers (they acumulate the supreme court and electoral court functions). frequently they post anti-bolsonaro tweets, host youtube lives with extreme-left politicians and punish anyone who dares to doubt the security of electronic voting machines </document>
		<document> this sexy #hashtag# #hashtag# likes to take it rough. gave him a massive hickie and he wore it to work the next day lol.
#hashtag# #hashtag# #hashtag#oz #hashtag# #hashtag#aussie #hashtag#beard #hashtag# #hashtag#bearcub #hashtag# #hashtag# #hashtag# #hashtag# #hashtag#sex #hashtag#cub #hashtag# #hashtag# #url# </document>
		<document> #user# shey there was a celebrity that was cancelled because he revealed his penis in front of people, and some women said they were traumatized 😅.

now a revealed penis is no longer harassment 😂. i like this ride. let's keep going in circles, we'll end up at the beginning.. #url# </document>
		<document> a bipartisan effort to outlaw discrimination against gay and transgender people in arizona won't advance at the state capitol this year. but an unprecedented hearing thursday for sb2802 was important for national efforts, advocates say. see my story here: #url# </document>
		<document> #url#
sharing this as it was sent to me by a guy i follow. he's one of our heroes , ex- military. 🇬🇧 </document>
		<document> #user# are you gay ? 🤔

now that i have your attention.. 🤦‍♂️

#user# offers various organic growth services and help nft clients fill their discord, get mints and much more.

dm the word « glitch » on #user# to sell out your nft project! </document>
		<document> ain't nothing unattractive like an attractive women who's got the whole towns attention </document>
		<document> aunty annie no make i vex. how can you say you’re vegan and you ordered steakkkkkkkkkkk biko kam juo gi??????? #hashtag# </document>
		<document> we need lawyers, professionals, and leaders to make the senate work. the likes of robin kabilya should not be allowed there. he even don't deserve to be in "pilipinas got talent". ano ba ang talent niya? magpasimuno ng tapang tapangan at away kalye? he's not even a good icon. </document>
		<document> #user# some pll think she was defending herself against rapists idk ill have to look into ha more </document>
		<document> #user# you could help to stop one of the plagues that literally is destroying men women children and elderly all at once and it depends on how little your immune system will handle it.

i'm an -extreme case- and  my body should be studied.

this stuff spreads like wildfire and burns. </document>
		<document> death penalty is to easy way out. cut their dick and let them bleed. yes, i am harsh so are these women who get rapped and will have harsh life for rest of their lives. #url# </document>
		<document> barnes and nobles book stores, i suppose only caters to drug dealers now, unless they had a jewish owner and killed him in is office, stealing his ceo stash. anyways, at this point, drug dealers lace barnes and noble bookstores with aids and anthrax. a place to hide cadavers. #url# </document>
		<document> #user#  putin is killing ukraine 🇺🇦 citizens just like hitler killed jewish citizens. this is genocide. hitler used gas chambers, and putin uses civilian homes by bombing them nonstop. the world is watching another genocide and that’s terrible. 😢 </document>
		<document> passing some time here at #user# in kc while we wait for the cyclone men to tip off. women after. go state!! #hashtag# </document>
		<document> #user# #user# #user# #user# so, does his father helping him (using his influence at vice president) constitute some sort of legal issue? i don’t know and honestly asking? i feel like a lot of politicians (both sides) use their influence to help them or family. </document>
		<document> #user# #user# #user# #user# so you like the idea of pedophiles getting light sentences and 1619 propaganda is true history? #hashtag# </document>
		<document> too long u all remind me of furries and gay people #url# </document>
		<document> #user# #user# look where he was being accused at.   texas……. they have been suppressing women and woman’s rights hard the last several years….. 22 women all can’t be wrong </document>
		<document> #user# #user# but is that vaushs fault or the people who the take his points and weaponize them in bad faith. i'm sorry that happened that fucking sucks but how is saying you opinion is automatically lesser  because your cis not idpol? </document>
		<document> #user# #user# #user# they might be victorious but does that glorify the war? people have become homeless, childless, orphans, all because of a war that could have been handled with diplomacy </document>
		<document> #user# as that thought is a matter of importance globally—it is quintessential to recognize faction, and that as a member of the un council—current initiatives must be dedicated to ending the war. the weaponization of such conflict as grounds to expand military budget is warmongering! </document>
		<document> #user# #user# this is how gender equality is been practice in nigeria. 
more women in public system more slap to the system 😅
women must learn to respect themselves in this country before coming out to agitates for any equality. </document>
		<document> #user# #user# followup- do liberals understand their "resistance"? 

seriously, if the shtf &amp; the power,  medical, police, fire, ems, utility workers, grocery employees, truckers et al - walk off/slow down/not my job - decided fu - how long do these entitled got? 

2 weeks &amp; game over, yes?🙄 </document>
		<document> i'm horny for cock. dm me? anyone? please? i'm begging you guys... c'mon man... i'm bored over here... ages 20-30+ only! #hashtag# #hashtag# #hashtag# </document>
		<document> #user# #user# this is exactly what is going on - part of the population reduction goal for 'climate change'.  women aren't really women any longer - we are chest feeders and 'bleeders'  now - really trying to take the importance of women and mothering out of the equation. </document>
		<document> #user# most powerful politicians have been hailing from aurangabad, still powerless..... no multi-speciality hospitals, no enough power, no enogh water.........only distlleries are happy..... </document>
		<document> sen. chuck grassley just admitted that a republican majority would do nothing to lower drug prices. the democrats are the only party that is serious about lowering costs. #url# </document>
		<document> check out this listing i just added to my #hashtag# closet: yasirun women’s cognac and taupe ankle boots faux leather &amp; suede side slit. #url# #hashtag# #user# </document>
		<document> thinking about one of the best outfits i wore to tin lizzie to high critical acclaim… hm. maybe we will pull it out tonight for the gay club </document>
		<document> women are good for nothing. just get in the kitchen and take care of children damn </document>
		<document> if he had a shred of decency he’d withdraw from women’s swimming. #hashtag# #hashtag# #url# </document>
		<document> i’m not one of those “i’m just happy they gave us the platform to represent” blacks &amp; that be the difference in most of my critics. black people be so satisfied with literal crumbs. </document>
		<document> #user# **just a quick message for all those canadians out there** please.....take a listen!#hashtag# #hashtag# #hashtag# #hashtag# #hashtag# #hashtag# #hashtag#️ #hashtag# #hashtag#underattack #hashtag# #hashtag# #hashtag# #hashtag# #hashtag#hashtag#nwar #hashtag# #hashtag# #hashtag# #url# </document>
		<document> #user# #user# #user# #user# yes. there's always gonna be a tiny part of every group who votes against their own rights. but they do not represent any gay person i've ever met. </document>
		<document> #user# #user# #user# i disagree
without indigenous people leading traditional lifestyles, places like the amazon would have been destroyed long ago </document>
		<document> sometimes i feel like dropping out of societal discourse , but then i see that even hackney shill 
#user# get hate for deciding to start a family 
- and i think - 
"that's not right."

i hope he one day changes his tune. could turn "ex gay", like milo yiannopoulos for the $ #url# </document>
		<document> #user# no way the dog actually likes gay people now what happened </document>
		<document> howl from howl's moving castle is kinda gay ngl </document>
		<document> #user# exactly! things will change when the women/girls simply freeze in place when the start whistle blows. they should refuse to compete with biological males. they can't win anyway. they have to protest. people will notice and understand. </document>
		<document> girls #hashtag# semifinal basketball
north catholic: 19 
freedom: 17
half </document>
		<document> #user# what about all the good payers the team has? does he cancel them out? everyone keeps saying 22 women but i ask well why isn't he in jail or prison? i don't think anybody knows the real truth. i root for the browns not the individuals </document>
		<document> 2 containers per 25 million rupees laga dene walay ghareeb awam k liay ehtejaj karain gaynthe #hashtag# is unmistakable </document>
		<document> #user# it's simpler than that devon. trans women are women. (because they say so!) </document>
		<document> #user# muslims are stuck with these small issue these molvis are made people crazy simple there are some narration some says they are weak so let people what they want so please this types of things are disaster for islam her name correct disaster </document>
		<document> west calls ttp as muslim extremists, islamist terrorist. but never called nazis army as christian militants or christian terrorists #hashtag# </document>
		<document> every minority, pronoun advocate, race, religion… its about power.  never about the people! #hashtag# #hashtag# but its #hashtag# #hashtag# #hashtag# #hashtag# #hashtag# #hashtag# #url# </document>
		<document> #user# #user# #user# #user# actually, on its founding the us restricted immigration to, "white men of good character" i.e, people like themselves and undergone periods of contraction and expansion in order to maintain some kind of continuity with its founding stock. this only changed with hart cellar. </document>
		<document> please don’t miss this tomorrow. join us to march against racism and welcome refugees. #url# </document>
		<document> this has nothing to do with patriarchy.
the patriarchal society knew this will be the eventual result, but liberal feminists cheered them on.
how do you slander trans-women without slandering the lgbtq society?
🤔 #url# </document>
		<document> #user# #user# it is biden and the democrats hostile anti-american policies against fossil ⛽️ fuels </document>
		<document> and why not sue all the yt ppl who done remixed and used that song at edm festivals like tomorrowland. denise was at her  release party for lick. y’all really hate to see success it’s scary. 

leave growing successful black women alone… </document>
		<document> emma weyant won her event. it was the “women’s 500 free”, and she was the woman who finished first. </document>
		<document> #user# seems like you’re not against “dating” underage women. </document>
		<document> #user# 'don't say gay' needs to stop with the shame and the stereotype of lgbtqia+.  kids need to be able to ask questions about sex, sexual orientation, etc., without fear of recrimination.  talking about it openly is a big way to help them figure stuff out about themselves. </document>
		<document> how many trans people have you had sex with josh? #url# </document>
		<document> 99% of women who converted to islam from other religions, wear hijab, while the "muslim by birth ladies" hav very low ratio of hijab #hashtag# </document>
		<document> #user# #user# #user# the vast majority of deaths occurred before minsk ii, and the numbers were going down each year. you're in favour of the russians, and russian backed nazis, who killed most of the civilians in 2014-15, and sent 1.6m refugees fleeing to ukraine. #url# </document>
		<document> uganda wants to ensure that displaced people are entitled to educational services and are able to attain gainful employment.

the country is currently hosting more than 1.5 million refugees, the largest refugee population in africa.
#url# #hashtag# #hashtag# </document>
		<document> #user# #user# russia stops war you started in 2014 on maidan. russia kills nazis. russia reveals your biolabs. so, there is a lot of sense in this military operation. #url# </document>
		<document> and this lady i think is a feministn#hashtag# #url# </document>
		<document> #user# #user# erin and beto stand for female oppression. women fought long and hard for equality and look what’s happening now thanks to the democrats. womens sports are being destroyed. #url# </document>
		<document> espn broadcasters take a moment of silence to protest to so-called 'don't say gay' bill in florida - #hashtag# - read more: #url# </document>
		<document> good evening everyone - 

mike lindell and his teeny-tiny car of very colorfully dressed lawyers just filed some documents in the dominion defamation lawsuit.
 
one is a subpoena of j alex halderman. the deposition has apparently been set for midnight on april fool's day. #url# </document>
		<document> #user# #user# #user# #user# #user# #user# yes but when it comes to civil cases. you can literally sue anyone. civil cases are the bare minimum of law. he could’ve looked at a girl wrong and gone to civil. in the end the women just wanted money. criminal cases are where people can be proven innocent or guilty </document>
		<document> #user# when a man makes women of the year award, you know it's all screwed up! </document>
		<document> watching bad vegan on netflix 

nyc is one of the loneliest places in the world, specially for the transplants. </document>
		<document> lia thomas is a man who couldn't compete against other men.  he then decided to be a woman in order to steal from women to satisfy his own selfish desires. #url# </document>
		<document> #user# independent women and suburban women will vote gop at the ballot box. </document>
		<document> #user# yeah public broadcasting is wonderful. you should vote for democrats because republicans would see it totally abolished. </document>
		<document> #user# tedros is an idiot and active member of terrorist group called #hashtag# ! though he is a director of who he has no power a part from being an echo to usa and the western since he is appointed to full fill their will! no #hashtag# gives a shit about this little piece of shit! </document>
		<document> #user# you always change your pfp to gay shit and then change it back when you get obvious back lash i don't wanna be mean but either keep as cringe stuff or stop #url# </document>
		<document> #user# #user# when your downtown sometimes you have to defend yourself.i was chased by one of those homeless or drug addicts before dt and in the mt.pleasant area both times i almost had to fight them but the fukers backed off not able to touch me.people then started giving me strange looks. </document>
		<document> #user# its just appalling and to be honest disrespectful how out of touch with reality these politicians are. </document>
		<document> #user# #user# #user# oh my god dude, fucking think for once in your life will you? if an active shooter sees a no guns sign, that’s not doing anything to deter him. if someone’s gonna rape someone in a bathroom, they’re not going to be discouraged by a sign with women only. </document>
		<document> #user# #user# you!! 😛 sen. cruz constantly running down the military, says so much about him.🙄 </document>
		<document> #user# #user# no. women like the bod first, then the man </document>
		<document> #user# i can make a vegan version. i’ve seen it actually on instagram </document>
	  <Document> # user # I feel bad for you. totally brainwashed by liberal communist democrats. I bet your professors you loved. no critical thinking skills and you follow like a lost puppy dog. </document>
<Document> # # user to today to wake up / cancel the culture are afraid. they will be attacked at every level! will lose scholarships, their education & amp; passions, relationships. the left will devour them. Institutions & amp; associations have failed women after all these years of earning. tragic </ document>
<Document> After 2022 season both ridley Calvino and Deshaun Watson will both have year suspensions under their belts.

a guy bet $ 1500 on soccer games, other women more sexually assaulted. what guy just got 230 million?

the sexual predator ..

kewl </ document>
<document> # # user congratulations for claiming that gay! keep it up and you may someday be overflowing with as much gay as #user # 😜 # URL # </ document>
<Document> # user # # user # where were you when bullies started calling my gay son in middle school and all through high school? </document>
<Document> # user # # # # user user # # # # user user # # # # user user # # # user do you carry the same opinion about Antifa flag and communist flag? </document>
<Document> # # user # user # # user # you are brainwashed to ignore important political information and clocks make toks tik.

you are the prime minister's manifesto putz for "the profit idiot" </ document>
<Document> even if you have never felt any hesitation in calling your female political colleagues a "prostitute" in a live # hashtag # # # url </ document>
<Document> # # # user user # # # user exactly. This is why it is the ppl cis to do this. not everyone can, we understand. We need all of you to make the effort to truly push yourself, and be willing to do some harm in the course of dismantling means of hurting bigots. </document>
<Document> # # # user user # snobbery of the expected level. only journalists and politicians have a credible view on politics. it is because politicians fail and because no one reads newspapers anymore. </document>
<Document> Khan I'll Never Forget Was Counsel Attorney for the captured 9/11 Al Qaeda terrorist Zacarias Moussaoui 114,000 rejected ballots due to confusion over second choice & amp; misconception ballot that wants Cressida Dick removed I want it removed under the same heading "no confidence"! # url # </document>
<Document> # # user Democrats must win and get the biggest majority. if it's not about what the fight will be. # url # </document>
<Document> Have you ever wondered why all these anti # # hashtag laws are emerging? these 3 of the Company are the reason.
part 1: # URL # </ document>
<Document> Biden was supposed to be the self of him arrogantly executing him from Afghanistan as he did, getting 13 dead Marines, dozens of Americans and behind Allie's left, with $ billion in arms abandoned to the Taliban. if today's crisis gets worse we're going to have had Bagram. # url # </document>
<Document> This is why women need to be alert and prayed up. pray that God / ancestors can guide and strengthen your intuition when dealing with these deranged men. </document>
<document> # user # disgusting. good thing nobody cares about women bball😂🥴 </ document>
<Document> # # # user user # # # # user user # # # user user # # # user Bahaha pc pretending their victim of. just like Trump and the GOP. just proving that there is a "best and brightest" problem here in Canada as well. the good thing, just like the last 4-5 "leaders" won't get them elected. the whole blame Trudeau PC platform and liberals. </document>
<Document> half of it is returning to us politicians in the form of bribes. the deal isn't hard to see through. # url # </document>
<Document> the big shot is clearly compromised, even implicated, but media propagandists & amp; the subversive, complicit government agencies (notably FBI / DoJ, but also cia by the foreigners involved) while keeping obvious wrongs buried. national security apparently means nothing to Dems anymore. # url # </document>
<document> the company could have easily released a statement stating that it heard the problem. so keep your inclusion value. how do they do this? give trans women the space to tell their jokes and tell their truth. creates a special solo comedy for Flame Monroe and other trans women. </document>
<document> The creator of "owl house" condemned Disney's response to the bill # url # "don't say gay" </document>
<document> The # user # liberals would be more successful in funding people moving to Wyoming than lobbying in the blue states. </document>
<document> # user # # user # # user # # user # # user # # user # # user # # user # # user # # user # # user # # user # # user # # user # # user # user # # user # # user # # user # # user # # user # # user # # user # # user # # user # # user # # user # # user # # user # # user # # user # # user # # user # # user # # user # # user # # user # # user # # user # # user # no.

if you assume all kids are trans, but make sure there is a lot of trouble for kids who decide not to, you will still get some kids who don't leave (misdiagnosed as trans).

if you assume that no children are trans, trans children are diagnosed as cis by definition. </document>
<document> # user # # user # true but it's a crazy world, bullshit happens. the least people who get shit can do is make sure they hit the right target at the right time. women and children should always be safe. </document>
<document> # user # I like herbal medicine, especially from older African women, but people online sell lies </document>
<document> # user # # user # # user # so this deep and constant concern for women's sports is a recent development o # url # </document>
<document> # user # # user # so if we couldn't enlist women guess he's out because he feels like that </document>
<document> "As this war and its aftermath slowly weaken Russian conventional force, Russia is likely to increasingly rely on its nuclear deterrent to signal the West and project strength to its internal and external audiences," the Pentagon said in a report # url # </ document>
<document> # user # # user # # user # # user # # user # # user # # user # I never quote or use the Bible with atheists. </document>
<document> # user # funny but if there seem to be people like your sect who want women to be subservient to men, stay home with children and have no other career than serving a man. no right to free choice in family planning voting or to the pressure of any independence. </document>
<document> I respect women more than men. 🙇🏽‍♂️ call me simp or feminist I don't give a fuck. </document>
<document> # user # # user # was found innocent on all 22 counts only in civil cases pending seizure of money. obviously he didn't do what these women said or he would be roasted by the nfl faster than rice ray when he beat up his girlfriend. </document>
<document> is not his fault. it is the fault of those in society who provide a platform to supplant women. how can we tolerate a man taking the title of woman of the year away from a woman. stand back and nod. # url # </document>
<document> # user # stops ignition of gas. our eyes tell us that Thomas is a man. he has no place in women's sport. </document>
<document> # user # # user # # user # # user # lol, no, they're not women, they're males pretending to know what it's like to be a woman - which is more patriarchal bullshit to colonize males. you are right, it is not difficult to understand that males are not women. </document>
<document> # hashtags # that talk a lot about the Taliban didn't say a word against the mass killings of Muslims in Burma # hashtag # </document>
<document> women's white topaz alfred during park avenue & amp; black sapphire ring
# URL #

alfred women's white topaz during park avenue & amp; black sapphire ring
$ 149.99 there's nothing like the unmatched beauty of New York City's Park Avenue. its magnificent architect ... # url # </document>
<document> # user # Do you think men are better at being women than we are? # url # </document>
<document> # user # # user # also has a new Russian naval base #url# </document>
<document> do you know the name of the richly decorated dresses Palestinian women wear on special occasions? find out on our Palestinian culture page! 👗 # hashtag # # url # # url # </document>
<document> # user # # user # # user # this is certainly possible. but when he puts his panties in a wad that a person does not go away when pronouncing them as wrong, uses a false name, is vague about military experience and refuses to show any real knowledge, i am inclined to call bs on thomas the tank . </document>
Atheists <document> who feel the need to scold and belittle the people who keep and study their faith make no sense to me. as if you weren't smarter than them, you didn't understand something, you know just as little. some people just need that purpose and comfort and that's okay. </document>
<document> # user # # user # any objection would subject them to official retaliation in the Kafkaesque university system under which these males have the civil rights to be treated for all intents and purposes as if they were women. </document>
<document> # user # Followers of gop putins have bounty on teachers for teaching real history, women for abortions, gays if they say gay. How about a $ 10,000 bounty for anyone who tried to take over our government on January 6th? a $ 10,000 bounty for all domestic terrorists involving racism. </document>
<document> is like going to your homeless shelter and selecting the most consistent person to run your city, are you sure that's a good thing to do ????? # url # </document>
<document> # user # # user # tony tinderholt wants women to die by lethal injection (death penalty) if they receive an abortion. # url # </document>
<document> is freezing and you know all the women on stage tonight! my IQ is that I'm more beautiful. </document>
<document> # url #
The EU has "very reliable evidence" China is evaluating military support for Russia </document>
<document> # user # # user # # user # # user # so the article says 8 women testified. there were 9 criminal complaints. 8 of the women represented by the same lawyer. where is your "research" which states 1 witnessed. </document>
<document> # user # switching to oligarchs requires our politicians & amp; tycoons to sacrifice their stakes in the global aristocracy of international wealth. these guys are not obligated to anyone. meanwhile the oligarchs are the only alternative source of influence in ru. it's a bit binding </document>
<document> # user # # user # # user # you are clearly wrong. people's minds can be changed. if you don't believe me, look at the survey data on attitudes towards homosexuality from 1960 to today. obviously people's minds have been changed. if they weren't, we wouldn't have gay rights now. </document>
<document> # user # this looks like one of those staged photos of him saying "see !!! I like grown women!" </document>
<document> owensboro catholic vs. union county - kentucky high school softball 🔴live streaming ora➠ # url # ✅ 📅 date ➠ Friday, March 18, 2022 ⏰ time ➠ 18:00 </document>
<document> stop the war! today is the 23rd day of war in ukraine 🇺🇦 109 children have already been killed by the russian military! blocks unilever products until the company leaves the Russian market!
#user#
#user#
#user#
#user#
# user # </document>
<document> tired of censors, social justice, the left and blue-haired misandists
Strike back with unique designs on over 80 different objects! please retweet!

# url # # url # </document>
<document> def craves some vegan chili or rasta paste </document>
<document> this is how I like donkeys. holding the cock.

always have fun with # user #

# user # # user # # user # # user # # user # # user # # url # </document>
<document> Netflix has been doing a lot of serial killer shows for a while. now it seems like they got stuck in scamming stupid white women with no money. </document>
<document> first, join # user # share insights from 3 mexico game developer communities: indi-es, women ingamex and devsvj mx, and how to manage communities while fully online in the "Independent Games Summit: Game Dev Community from home" panel on 3/21 from 3:00 pm to 3:30 pm pst! # url # </document>
<document> Has anyone else noticed the ru "pipe layer" off the Norwegian coast? I think it's the same one who was shooting between öland and Gotland while Sweden was sending extra military material to Gotland # hashtag # </document>
<document> being trans is great. it's something gays don't understand. </document>
<document> # user # is mainly among those who deal with cash economics.
wena if you have r1 million, it's probably in the bank. if they kidnap a family member, you have to go to the bank & amp; they will ask questions. eventually the cops might find out.
the kidnappers rely on ransom under the mattress. </document>
<document> bought a lightweight electric lighter for when it's windy outside & gt; & gt; & gt; black women in tech </document>
<document> men trying to say that women in sports and sports media don't deserve an opinion on the Watson case because "it's not their job" is really crazy. </document>
<document> and of all the women who have been in jl past and present, Zack's next planned addition to jl was ... the atom. </document>
<document> # user # this shit is just cowardly. do you know how easy it is to leave trans people alone? let them live their lives? I would call it cruel if it weren't just selfish laziness. </document>
<document> brother why do you spend all day fighting with trans women? his strange behavior of him # url # </ document>
<document> # user # # user # even you don't realize that the tango doesn't agree with you at all, considering you liked his tweet. trans women are women, especially since hrt does a lot of biological bullshit to make them women. </document>
<document> The left of # user # wants to look after your children </document>
<document> ay… ay these gay whores .. # url # </document>
<document> I know it's a boy thing but I want to wear an earring in my right ear to mean gay. like i'm a lesbian, not a gay guy, that's not how it works but i don't care, i think i'd be nice </document>
<document> # hashtag # is when someone has been quite outspoken against liberals but at the same time supports # user # :) </document>
<document> # user # dude's country is destroyed and politicians argue to give him a prize. 🤡🌎 </document>
<document> Republicans know that their authoritarian and hateful ideology is unpopular among most Americans, so in addition to working to end democracy, they are constantly lying about their own policies
# url # </document>
<document> # user # It's crazy how this was allowed!
they have a tranny game if they want but this is an insult to women !! </document>
<document> # user # # user # forced them into oral sex, ejaculated 3 of them, groped 4, and 18 of the 22 charges are based on him touching women with his penis. I'd say forcing someone to suck your dick is rape, but we're really just arguing about semantics. he should rot in prison </ document>
<document> # user # # user # # user # So just to be clear, you think women would beat men in most sports, but men know it, so keep the league separate to save face? </document>
<document> yesterday it was gr8 because I went to farmers land while taking picz with drip scaly boii.

& gt; I love snakes of various kinds.
& gt; this is a reticulated python. # url # </document>
<document> I want km, because I'm so gay it's so unfair # url # </document>
<document> I need a black women's size 9 with white sole where can I find it? # url # </document>
<document> now how she ends up with the priest and she better have enough lonely women in the media </ document>
<document> you can help me I have an idea but I don't know who can help me and it is to solve a problem that many women face every day </document>
<document> # user # all this time I thought you were gay omg- # url # </document><document> America, meet your best "female" collegiate swimmer (cis) - "I have no idea what her real name is" # url # # url # </document>
<document> Christians don't know how to converse or how ... # url # via # user # </document>
<document> # user # I'm so sorry. it's really true. but the politicians and their big pharma whores are making an absolutely disgusting wad of money out of it. they will ride this horse and milk this cow for as long as possible. </document>
<document> # user # # user # I also don't care what you want to call me. you shouldn't compete against women. if you have natural advantages that no other woman has. so we should make Lebron compete against women, your opinion? haha ok. </document>
<document> policemen at Kings Cross station - 10:35 </document>
<document> ⠀⠀⠀⠀ ⠀⠀
⠀⠀⠀⠀ ⠀⠀ don't date men who shit makes you gay
⠀⠀⠀⠀ ⠀⠀ </document>
<document> # user # a message to the world that women, with the right education, support and indoctrination, can be just as bad as men if they so wish. </document>
<document> # user # The people celebrating this destruction of female sports by genetic males hunting genetic females are the same people who will tell you about the evils of patriarchy that keep women from being successful. </document>
<document> In addition to blowing up trillions of dollars in support of China since 1939, we have allowed our borders to be invaded by drugs and filling our prisons with useless brawlers, leaving us to spend more money to protect others than our own taxpayers! because? the stupid programs of the Democrats! </document>
<document> was a great job until the liberals screwed it up. rt # user #: # user # is a little biased, but the best part of this video is the beginning. # hashtag # # hashtag # hashtag # # hashtag # # hashtag # # hashtag # # url # </document>
<document> # user # people just want women to compete fairly. nothing transphobic about that. </document>
<document> The Indian counterterrorism front threatens ... # hashtag # # url # </document>
<document> # user # why would the Pharisees accuse Jesus of being a drunkard if he was just drinking grape juice? in Jewish culture it was customary to serve the best wine first so that guests would not notice the inferior quality wine served at the end of the festivities, hence the amazement of the guests. </document>
<document> some dudes always talk about reuniting Muslims from India and Pakistan, it's not # hashtag # that I've never heard of them talking about the united Middle East </document>
<document> # user # # user # I just checked and it looks like you're a fan of taylor too. do you really think gays support her? she did yntcd but was even mocked and ridiculed. </document>
<document> # user # # user # respect for what? wear women's clothes and mutilate their bodies? </document>
<document> # user # this is terrible. I am embarrassed and disheartened to be a Cleveland woman and a diehard Browns fan for life today. I'm not sure I can continue. how could you do this to the women of Cleveland </document>
<document> # user # # user # # user # adele the homeless poet amsterdam i love you ❤️🧡🧡🧡🧡❤️❤️❤️ and welcomes you to amsterdam </document>
<document> "you are complicit with transgender women who compete as women if you don't give up on the $ 30 + k / year scholarship" # url # # url # </document>
<document> The espn announcers take a moment of silence to protest the so-called "don't say gay" bill # url #

what idiots. obviously they have no idea what that account is. </document>
<document> I obviously didn't know any of this. this is super illuminating, particularly the insight that creating a separate category of sport for women was about men staying in control. # url # </document>
<document> the IRGC is 10 times more criminal than the # hashtag # in # hashtag # ️ 🇺🇦 is doing today.
if more is injected into this terrorist group, surely there will be another # hashtag # in the Middle East and this time especially europ 🇪🇺 will face the direct consequences.
# hashtag # </document>
<documentnt> it just seems to me that you are a person consumed by negativity and concern for female victimization and death.

it seems you were worried about women in danger, or victimization, or murder. </document>
<document> # user # # user # well, having family in law enforcement - it was a tremendous slap in the face for sdpd in particular who has worked incredibly hard over the years to build positive relationships with pride and the lgbt community , and the bit about not paying the police service for the parade ... </document>
<document> the world has gone mad. The next thing we know Jeremy Corbyn will identify himself as a Jewish woman and she will try to marry her daughters to senior Labor Party members. # url # </document>
<document> # user # bruh ..... people in dips (who are not late conformists) are pushing for a red wave. it sucks to be liberal, but they voted for these criminals who peddle worthless fears. </document>
<document> # user # # user # # user # yes rich Democrat slave-holders are the scourge of history, and now they also keep people of color on slave plantations of democratic victimization. </document>
<document> # user # I doubt it, unlike you homo ass I go to games. basketball, soccer, women's basketball, baseball, softball, volleyball, so go fuck yourself </document>
<document> take a look at this list I just added to my # hashtag # closet: women's torrid tank top size 3 3x 22-24 floral turtleneck jersey tank top. # url # # hashtag # # user # </document>
<document> # user # # user # obviously my friend, and no one can say otherwise. people, no matter what country they belong to, or religion, or whatever, are always the victims, and who is to blame? the damned politicians and their agendas. </document>
<document> mar will see a couple of white men (which, more often than not, includes Ethan Hawke) and say it's us </document>
<document> how culturally incompetent // inept do you have to be to tell refugees stranded in a war zone that it's time to focus on homework when they don't know if they're going to live or die tonight? this crisis has revealed precisely the absolute incompetence of so many leaders + systems. </document>
<document> didn't get much attention (or maybe I just lost it) - a great way to support our veterans. cc: # user #

biden to allow most veterans' medical debts to go undisclosed # url # </document>
<document> # user # # user # the church is the least suitable place to deal with anything besides swindling money and housing pedophiles. Jesus would have shit on the church if he were alive today. </document>
<document> no word against the killing of Muslims in bosnia, chechen, palestine, kashmir, afghanistan, iraq, pakistan and burma but terrorist Taliban # hashtag # </document>
<document> # hashtag # # hashtag # encyclopedia with novel stream site: apparently there is # hashtag # that can't # hashtag # today-twain # url # </document>
<document> # hashtag # # hashtag # # hashtag # activities carried out by so called # hashtag # in several newer countries in # hashtag # # hashtag # so why not the same business in their land # hashtag # must declear # hashtag # #hashtag # is terrorist & amp; spread virosis +1 b of deaths </document>
<document> don't marry naughty little women who raise your father who died as a joke. </document>
<document> even the western powers cannot deny the fact of the # hashtag # and yet our liberals do it !! # hashtag # # url # </document>
<document> # user # some judges are also electoral managers (they accumulate the functions of supreme court and electoral court). they often post anti-Bolsonaro tweets, host lives on YouTube with far-left politicians, and punish anyone who dares to doubt the safety of electronic voting machines </document>
<document> this # hashtag # # hashtag # sexy likes to take it badly. she gave him a huge hickie and wore it to work the next day lol.
# hashtag # # hashtag # # hashtag # oz # hashtag # # hashtag # australian # hashtag # beard # hashtag # # hashtag # bearcub # hashtag # # hashtag # # hashtag # # hashtag # # hashtag # sex# hashtag # cub # hashtag # # hashtag # # url # </document>
<document> # user # shey there was a celebrity who got deleted because she revealed her penis in front of people, and some women said they were traumatized 😅.

now a revealed penis is no longer a harassment 😂. I like this round we keep going in circles, we will finish at the beginning .. # url # </document>
<document> A bipartisan effort to ban discrimination against gays and transgenders in Arizona will not advance in the state capital this year. But an unprecedented hearing for sb2802 on Thursday was important to national efforts, supporters say. see my story here: # url # </document>
<document> # url #
I share this because it was sent to me by a guy I follow. he is one of our heroes, ex military. 🇮🇹 </document>
<document> # user # are you gay? 🤔

now that I have your attention .. 🤦‍♂️

# user # offers various organic growth services and helps nft clients bridge their discord, get mints and more.

dm the word «glitch» on # user # to exhaust your nft project! </document>
<document> is nothing unattractive like an attractive woman who has caught the attention of the whole city </document>
<document> aunt annie no make i vex. how do you say you are vegan and you ordered steakkkkkkkkkkk biko kam juo gi ???????? # hashtag # </document>
<document> we need lawyers, professionals and leaders to make the senate work. The likes of Robin Kabilya shouldn't be allowed there. she doesn't even deserve to be in "pilipinas got talent". ano ba ang talent niya? to collect the tapangans and so on? she is not even a good icon. </document>
<document> # user # some think he was defending himself from rapists, so I'll have to investigate more </document>
<document> # user # you could help stop one of the plagues that is literally destroying men women children and the elderly all at once and it depends on how little your immune system will handle it.

I am an - extreme case - and my body should be studied.

this stuff spreads like wildfire and burns. </document>
<document> The death penalty is an easy way out. cut off his bird and make it bleed. yeah I'm tough, so are these women who get rapped and have a tough life for the rest of their lives. # url # </document>
<document> The Barnes and Nobles bookstores, I suppose they only target drug dealers now, unless they had a Jewish owner and killed him in his office, stealing his stash as CEO. however, at this point, drug dealers are lacing barnes and noble bookstores with AIDS and anthrax. a place to hide the corpses. # url # </document>
<document> # user # putin is killing ukrainian citizens just like Hitler killing jewish citizens. this is genocide. Hitler used gas chambers and Putin uses civilian homes by bombing them relentlessly. the world is witnessing another genocide and it is terrible. 😢 </document>
<document> spending some time here at # user # in kc while we wait for the cyclone men to approach. women after. go state !! # hashtag # </document>
<document> # user # # user # # user # # user # so, his father helps him (using his influence at the vice president) is this some kind of legal problem? I don't know and I honestly ask? I feel that many politicians (both sides) use their influence to help them or the family. </document>
<document> # user # # user # # user # # user # So you like the idea that pedophiles get light sentences and the propaganda of 1619 is true story? # hashtag # </document>
<document> for too long you remind me of all furries and gay people # url # </document>
<document> # user # # user # see where he was accused. Texas……. have harshly cracked down on women and women's rights in recent years ... 22 women can't be wrong </document>
<document> # user # # user # but it's the fault of the people who take his points and arm them in bad faith. I'm sorry it happened that the fuck sucks, but how do they say your opinion is automatically lower because your cis is not idpol? </document>
<document> # user # # user # # user # could be winnerst glorifies war? people have become homeless, childless, orphaned, all as a result of a war that could have been managed with diplomacy </document>
<document> # user # since that thought is a matter of global importance — it is critical to recognize the faction and that as a member of the UN council — current initiatives must be devoted to ending the war. the arming of that conflict as a basis for expanding the military budget is warmongering! </document>
<document> # user # # user # this is how gender equality is practiced in nigeria.
more women in the public system more slap in the face of the system 😅
women need to learn to respect themselves in this country before they go out and fret over any equality. </document>
<document> # user # # user # follow-up- do liberals understand their "resistance"?

seriously, if shtf & amp; the power, the doctor, the police, the firefighters, the emergency health services, the utility workers, the grocery store employees, the truck drivers and others - move away / slow down / not my job - decided it was - how much time have these rights?

2 weeks and game over, right? 🙄 </document>
<document> I'm horny for the dick. dm me? anyone? please? Please guys ... come on dude ... I'm bored here ... only 20 to 30 and older! # hashtag # # hashtag # # hashtag # </document>
<document> # user # # user # this is exactly what is happening - part of the population reduction target for "climate change". women are no longer really women - now we are breastfeeding and "bleeding" - we are really trying to take the importance of women and motherhood out of the equation. </document>
<document> # user # most powerful politicians come from aurangabad, still helpless ..... no multi-specialty hospitals, no enough energy, no enough water ......... only the distilleries are happy .. ... </document>
<document> sen. Chuck Grassley just admitted that a Republican majority would do nothing to lower drug prices. the Democrats are the only party seriously intent on lowering costs. # url # </document>
<document> take a look at this list I just added to my # hashtag # wardrobe: yasirun women's cognac and taupe faux leather ankle boots & amp; side split in suede. # url # # hashtag # # user # </document>
<document> thinking about one of the best dresses I wore to get Lizzie to get critical acclaim ... hm. maybe we'll bring him out tonight for the gay club </document>
<document> women are useless. just go to the kitchen and take care of the damned children </document>
<document> if she had an ounce of decency she would retire from women's swimming. # hashtag # # hashtag # # url # </document>
<document> I'm not one of those "I'm just glad they gave us the platform to represent" blacks and amp; that's the difference in most of my critics. blacks are so pleased with the literal crumbs. </document>
<document> # user # ** just a short message for all those Canadians out there ** please ..... listen! # hashtag # # hashtag # # hashtag # # hashtag # # hashtag # # hashtag # #hashtag # ️ # hashtag # # hashtag # underattack # hashtag # # hashtag # # hashtag # # hashtag # # hashtag # hashtag # nwar # hashtag # # hashtag # # hashtag # # url # </document>
<document> # user # # user # # user # # user # yes. there will always be a small part of each group that will vote against their rights. but they don't represent any gay person I've ever met. </document>
<document> # user # # user # # user # disagree
without indigenous peoples leading traditional lifestyles, places like the Amazon would have been destroyed long ago </document>
<document> sometimes I feel like giving up the social discourse, but then I see hackney shill too
# user # feels hatred for deciding to start a family
- and I think -
"it's not right."

I hope that one day its melody will change. he could become "ex gay", like milo yiannopoulos for $ # url # </document>
<document> # user # no way the dog really likes gay people now what happened </document>
<document> the howl from Howl's Moving Castle is a little gay ngl </document>
<document> # user # exactly! things will change when women / girls just hang in place at firststle shots. they should refuse to compete with biological males. they cannot win anyway. they must protest. people will notice and understand. </document>
<Document> girls # hashtag # basketball semifinal
North Catholic: 19
freedom: 17
half </ document>
<Document> # # user what about all the good contributors the team has? do not cancel them? they all keep saying 22 women but i also wonder why is he not in jail or jail? I don't think anyone knows the truth. root i for Browns not individuals </ document>
<Document> 2 containers for 25 million rupees laga Dene Walay Ghareeb Awam k liay ehtejaj Karain gaynthe # hashtag # is unmistakable </ document>
<Document> # # user is simpler than Devon. trans women are women. (Why do they say so!) </ Document>
<Document> # user # muslims are stuck with these little problems in these molvis they are driving simple people crazy there are some narration some say they are weak so they let people what they want so please this kind of thing are disaster for Islam its correct name disaster </documents>
<Document> West calls TTP as Muslim extremist, Islamist terrorist. but never called Nazis in the army as Christian militants or Christian terrorists # hashtag # </ document>
<Document> any minority, lawyer pronoun, race, religion ... its power over. never about the people! # Hashtag # # hashtag # but its # hashtag # # # # hashtag hashtag # # hashtag # # # # hashtag hashtag # # # url </ document>
<Document> # user # # user # # user # # user # in fact, on his founding of the United States limited immigration, "white men of good character" that is, people like them and suffered periods of contraction and expansion, in order to maintain some sort of continuity with its warehouse foundation. this only changed with Hart Cellar. </document>
<Document> please don't miss this tomorrow. join us in marching against racism and welcoming refugees. # url # </document>
<Document> this has nothing to do with patriarchy.
the patriarchal society knew that this will be the end result, but the liberal feminists hailed them.
how do you slander trans women without slandering the LGBTQ society?
🤔 # url # </document>
<Document> # user # # # user si Biden and democrats hostile anti-American policies against fossils ⛽️ fuels </ document>
<Document> and why not sue all the YT ppl that did remix and used that song at EDM festivals like Tomorrowland. Denise was at her release party to lick. y'all really hate to see success is scary.

always leave successful black women alone ... </ document>
<Document> emma Weyant won her event. she was the "woman of the 500 free", and she was the woman who closed first. </document>
<Document> # # user it seems that you are not against "dating" underage women. </document>
<Document> # # user 'don't say gay' need to stop with the shame and stereotype of lgbtqia +. children need to be able to ask questions about sex, sexual orientation, etc., without fear of recrimination. talking about it openly is a great way to help them figure stuff out of themselves. </document>
<Document> how many trans people have you had sex with Josh? # url # </document>
<Document> 99% of women who converted to Islam from other religions wear the hijab, while the "Muslim by birth ladies" hav very low ratio of hijab # hashtag # </ document>
<Document> # # # user user # # # user the vast majority of deaths occurred before Minsk II, and the numbers went down every year. you're in favor of the Russians, and Russian-backed Nazis, who killed most of the civilians in 2014-15, and sent 1.6 million refugees fleeing to Ukraine. # url # </document>
<Document> Uganda wants to make sure that displaced people are entitled to educational services and are able to get paid work.

the country currently hosts more than 1.5 million refugees, the largest refugee population in Africa.
# url # # hashtag # # hashtag # </document>
<Document> # user # user # russia stops the war was started in 2014 on the Maidan. russia kills nazis. russia reveals your Biolabs. so, there is a lot of sense inthis military operation. # url # </document>
<document> and this lady I think is a feminist # hashtag # # url # </document>
<document> # user # # user # erin and beto represent female oppression. women have fought long and hard for equality and look what is happening now thanks to the democrats. women's sports are being destroyed. # url # </document>
<document> The espn broadcasters take a moment of silence to protest the so-called "don't say gay" bill in Florida - # hashtag # - read more: # url # </document>
<document> good evening everyone -

Mike Lindell and his tiny machine of colorfully dressed lawyers just filed some papers in the domain defamation suit.
 
one is a subpoena from j alex halderman. the deposition was apparently scheduled for midnight on April 1st. # url # </document>
<document> # user # # user # # user # # user # # user # # user # yes but when it comes to civil cases. you can literally sue anyone. civil cases are the bare minimum of the law. he could have looked at a girl badly and become civilized. in the end the women just wanted money. Criminal cases are those in which people can be proven innocent or guilty </document>
<document> # user # When a man wins the Woman of the Year award, you know it's all a mess! </document>
<document> watching bad vegan on netflix

New York is one of the loneliest places in the world, especially for transplants. </document>
<document> lia thomas is a man who could not compete with other men. she then decided to be a woman to steal from women to satisfy her own selfish desires. # url # </document>
<document> # user # independent women and suburban women will vote gop at the polls. </document>
<document> # user # yeah the public broadcast is wonderful. you should vote for the Democrats because the Republicans would see it totally abolished. </document>
<document> # user # tedros is an idiot and an active member of the terrorist group called # hashtag #! although he is a director he has no power over other than being an echo to the US and the western as he is nominated to fully fulfill their will! no # hashtag # give a fuck about this little piece of shit! </document>
<document> # user # always change your pfp to gay shit and then change it again when you get a noticeable backlash I don't want to be mean but either keep things cringing or stop # url # </document>
<document> # user # # user # when you are in the center sometimes you have to defend yourself he stepped back not able to touch me. People then started giving me weird looks. </document>
<document> # user # is just plain scary and, to be honest, it's disrespectful how out of touch with reality these politicians are. </document>
<document> # user # # user # # user # oh my god man, think about it for once in a lifetime right? if an active shooter sees a no guns sign, he is doing nothing to discourage him. if someone rapes someone in a bathroom, they won't be put off by a female only sign. </document>
<document> # user # # user # you !! 😛 sen. cruz who constantly routs the military, says a lot about him.🙄 </document>
<document> # user # # user # n. women like the body first, then the man </document>
<document> # user # I can make a vegan version. I actually saw it on instagram </document>