   
	<document> rt #user#: british actors be eating up american roles like it’s nothing...... </document>
		<document> we want it all galore not just lira galore. </document>
		<document> that drink got me wide awake! i don’t even want the nap anymore. </document>
		<document> rt #user#: i truly feel like as long as my health good everything i want gonna align. </document>
		<document> #user# by then you just count as a body. get home safely. </document>
		<document> rt #user#: no cap. because imma ask who else you greasin at the table? </document>
		<document> #user# #user# damn. you took it there. </document>
		<document> i just want my shit fly. and clean. #url# </document>
		<document> rt #user#: he call me big purr, 🥱 #url# </document>
		<document> what matters is he was felt. most relative. #url# </document>
		<document> #user# them photographers who aim to do nude work and fuck don’t put out quality like this. </document>
		<document> #user# it would give an idea. your self care routine may differ. </document>
		<document> a stimmy and change in bills. </document>
		<document> might just have lunch and a nap. shiiiid. </document>
		<document> dj akademiks bought this bitch a g wagon and she ain’t even got no license. </document>
		<document> rt #user#: a lot of y’all apart of the he man woman haters club.. it shows </document>
		<document> these niggaz on facebook comparing dak prescott to peyton manning. 🙄 </document>
		<document> i want to stay up laye and binge watch shit but i definitely need to get up early and breeze through nyc before 6am. </document>
		<document> #user# nigga what you selling? #url# </document>
		<document> #user# wow... he wasn’t smoking paper. </document>
		<document> love dreka gates for that nugget she dropped. </document>
		<document> #user# more affective than the sight to me. </document>
		<document> you hear this shit khadijah? this nigga trying to say me and your brother family so we should just kiss and make up. </document>
		<document> everybody keep tweeting that de’aundre bonds video 😭😭😭 </document>
		<document> these are nice. #url# </document>
		<document> #user# hope she gets better. </document>
		<document> i forgot how good of a dancer soulja boy was. </document>
		<document> #user# 😂😂😂 i remember </document>
		<document> they can’t stand eachother. #url# </document>
		<document> i’m making sure i don’t get this full again. </document>
		<document> rt #user#: they probably don’t even send this nigga to wardrobe. he just pull up &amp; film. </document>
		<document> asians don’t even have to promote their cosmetic skills. niggaz just know how to find them. </document>
		<document> i real deal be at my last $11 like every time 😩😩😭 #url# </document>
		<document> #user# y’all hell on wheels. </document>
		<document> #user# you ain’t attracted to men but that dick get you right from time to time. </document>
		<document> #user# you niggaz ought to be ashamed! </document>
		<document> #user# this negro is a guilt trip master. #url# </document>
		<document> #user# 😂😂😂😂😂 it’s funny without even knowing the context. </document>
		<document> rt #user#: so y'all going to baby showers for just meatballs and vibes and not giving them people gifts? 🤦🏾‍♀️ </document>
		<document> but if you get her 9 out of 10 you’ll never feel the need to defend niggaz before defending her. </document>
		<document> it’s something about that little chunk of pussy peeking from the back in them twerk videos. </document>
		<document> rt #user#: mfs fall behind because they be content. time never stops!!! why should you? </document>
		<document> #user# if they’re serving oxtail plates they got them something. </document>
		<document> rt #user#: #user# kevin samuels be living rent free in these women heads </document>
		<document> #user# they that cheap? 😕 </document>
		<document> rt #user#: it’s too nice to be inside today </document>
		<document> #user# it’s like “ok you spent some enhancement money.” you still gotta do the work, whatever that consists of. </document>
		<document> the fact that you gotta convince us. #url# </document>
		<document> #user# #user# get in line now or your ass ain’t getting in. </document>
		<document> they definitely got a rabbit hole to guide you down. #url# </document>
		<document> #user# tryna tell ya ass boy... </document>
		<document> #user# #user# #user# it’s called “mannish” for boys. </document>
		<document> don’t try to isolate me from your friends. i made my choice already. </document>
		<document> i hate how early i get sleepy. nigga be feeling old. </document>
		<document> i love how advanced life is now but i hate the current state and direction we’re headed as people. </document>
		<document> this where i have to pull #user# to the side. rick ross staring in meek mill eyes type shit. </document>
		<document> there’s a follower or 2. </document>
		<document> anybody on your “imma fuck her/him one day hit list? </document>
		<document> this how i get treated the last 2 months when i get asked to come vibe then i tell them i’m not drinking. #url# </document>
		<document> men and women be knockkng eachother like either of us are smarter, better or more honorable than the other. </document>
		<document> i said imma start finding chipotle on the road about 2 weeks ago and now look at me, eating chipotle 2 days a week. </document>
		<document> i need to properly learn about pre-workout and post workout meals. </document>
		<document> whatever the loan/grant is that people should know about i can get information on it through google/youtube. not through my inbox playa. </document>
		<document> eliminations will be made just planning the trip. </document>
		<document> you find out who really broke when you take group trips. </document>
		<document> was stuck in atlanta the gleece play for march 2021 or was bitches really out here neglecting their kids chasing bdb’s and cheap thrills? </document>
		<document> y’all won’t take the vaccine but you taking whatever the clinic prescribe to you for an sti. </document>
		<document> admitting you’re wrong does not mean you lost. </document>
		<document> younger me would have bucked on this breakfast bill. they so unaware. </document>
		<document> chasing dick and cheap liquor. </document>
		<document> bitch.... where your kids at? #url# </document>
		<document> rt #user#: some of y’all niggas would fuck a tree if it had a pussy </document>
		<document> i’ve been very reckless with my food budget this week. got dammit it’s only wednesday. </document>
		<document> rt #user#: there's a ptsd that comes from being poor that nobody talks about when you start getting money. </document>
		<document> fugitive fathers y’all hear this? it’s y’all turn! #url# </document>
		<document> why the fuck would i want dessert after breakfast? super nice ass waiters. </document>
		<document> niggaz said sara jay look like triple h and i can’t unsee that shit. 😂😂😂 </document>
		<document> rt #user#: someone said sara jay look like triple h 😂 </document>
		<document> rt #user#: me looking at y’all starving over sara jay #url# </document>
		<document> rt #user#: when sara jay is trending.... #url# </document>
		<document> how often do you evolve? </document>
		<document> #user# south florida is responsible. </document>
		<document> what you gone do randy? </document>
		<document> #user# you a clever lil nigga 😂 </document>
		<document> voices like this was once in a lifetime! </document>
		<document> i would say other things but imma respect whitney. that’s still our legendary queen. </document>
		<document> whitney made them make love in the thunderstorm in a movie scene songs. </document>
		<document> #user# don’t act like that. </document>
		<document> #user# would a $10,000 offer be good enough? </document>
		<document> rt #user#: yeah if they got a back up or a good ass savings account lol </document>
		<document> rt #user#: only if you have something else in motion </document>
		<document> rt #user#: only if they got another lined up &amp; put in 2 wks notice </document>
		<document> rt #user#: hell naww if u dont have another 1 or income 2 sustain. </document>
		<document> they would have been the fuck out my shit... they don’t have the power. #url# </document>
		<document> ya know... it’s more about visuals and promo these days. being influential is more respected than talent. #url# </document>
		<document> is “quit your job” good advice? </document>
		<document> #user# #user# #user# #user# it’s like.... is he giving her her flowers or is it an ego boost for himself? </document>
		<document> #user# it’s not about time and amounts of interaction. comfort is the factor. </document>
		<document> rt #user#: kodak could say he invented electricity and floridians would be in the comments like “glee⚡️” </document>
		<document> shiiiid who finna wake up and start work in 4 hours? not me! i’m finna sleep good tonight. </document>
		<document> rt #user#: ion respect nothing that don’t respect me!!!!!! </document>
		<document> #user# #user# #user# #user# #user# pooh flexing a subway paycheck. why even have a dog in this fight? 😂 </document>
		<document> gyaaaaddd damn y’all sliding on kodak’s behalf right now! 😂😂😂 focus and maintain. </document>
		<document> #user# i love how so many in here pretending they have the anatomy down. </document>
		<document> rt #user#: can’t lead a woman or a relationship if you can’t lead yourself </document>
		<document> #user# he still dade county. we watched him grow. </document>
		<document> so what is international women’s day and how is it celebrated? </document>
		<document> i love angela lewis’ eyes. </document>
		<document> #user# if your walmart got a international isle they should have the 2 liter. jamaican food restaurants usually serve them. </document>
		<document> #user# so you ain’t smashing? #url# </document>
		<document> rt #user#: everything you have is a gift from god </document>
		<document> i’ll play with y’all on twitter until you’re not funny and just saying dumb shit. </document>
		<document> aiming to do well enough in life for me or who i’m around to cover the tab on group outtings. </document>
		<document> we love condo balcony pics! 😂 </document>
		<document> #user# grape 🔥 too but hear me out! #url# </document>
		<document> rt #user#: social media is normalizing no morals </document>
		<document> rt #user#: how you rather be stuck out of town than to be stuck home? </document>
		<document> bruh whatever that shit is, i’m sick of my kids playing that. 😂 #url# </document>
		<document> add grapefruit to the tier. #url# </document>
		<document> #user# #user# i’m working, ain’t no crib. </document>
		<document> #user# niggaz gone nig. </document>
		<document> i really don’t be worried about alcohol or weed. i be chilling. </document>
		<document> 50 year old dime. #url# </document>
		<document> memphis production is undefeated. </document>
		<document> #user# let’s get there. 💪🏿 </document>
		<document> oh, matriarchal gynocracy affairs. 🥱 </document>
		<document> so like is it some big shit going on that i’m missing? </document>
		<document> move more. eat less. </document>
		<document> lil chloe on a killing spree all 2021. </document>
		<document> i forgot i have a timer remote. i guess i should learn how to use it. </document>
		<document> is there a large community of women sneaker heads? </document>
		<document> mystikal too damn hype and fidgety. he’s giving off... i hope he’s not fucking with hard drugs. that narcotic. </document>
		<document> #user# she sexy. i can’t say i ever felt her though. heard about a dozen tracks. </document>
		<document> rt #user#: this was a fact😂😂😂😂 </document>
		<document> #user# it’s this for me. if there’s no real jack and crowbar i’m not overworking myself for free. #url# </document>
		<document> rt #user#: i’m in love with eye contact, that shit make a nigga nervous but i’m all for it. </document>
		<document> rt #user#: going out of town and relying on my dick to get me home &gt;&gt; </document>
		<document> i’ll put that nigga ass in the dirt... #url# </document>
		<document> #user# this keeps the brokies, dusties and fight starters out. </document>
		<document> nigga can kiss my ass saying you ain’t a man for calling aaa to change a tire. </document>
		<document> my california club sandwich from denny’s was satisfying. let’s continue a good day. </document>
		<document> rt #user#: i got to stay pure, i got to stay positive. ima step up to the plate! </document>
		<document> rt #user#: the guys have been puttin' in work. #url# </document>
		<document> rt #user#: let’s go hard bout ours </document>
		<document> yeah i’m the only one who don’t know who the fuck vision is... </document>
		<document> they gone be cutting up and acting spoaty realll soon. i can feel it! #url# </document>
		<document> i was wrong about tarter sauce all this time. 😩 </document>
		<document> too short/e40 was the best versuz battle i watched. </document>
		<document> clemson been vlogging their spring practice regimen and i’ve been watching. </document>
		<document> rt #user#: people who were business owners looking for work and people who were workers starting businesses ... it’s amazing to watch </document>
		<document> new orleans miami y’all can fill in the rest. #url# </document>
		<document> #user# whole thread of people who don’t know what they’re talking about. just making guesses. </document>
		<document> #user# this is the weirdest thing to admire about someone. </document>
		<document> just imagine the uproar if “no scrubs” was dropped today? </document>
		<document> rt #user#: for every day i have to wait for my $1400 stimulus deposit, i will smack one (1) caucasian baby. #url# </document>
		<document> tell a black woman you enjoy kevin samuels videos she gone look at you different. </document>
		<document> rt #user#: lil girl: jt i got cancer 🥺 jt: #url# </document>
		<document> i find it funny that mcdonalds serves the most poisonous food and none of them have dine in seating available. </document>
		<document> still gone smash. #url# </document>
		<document> them folk down bad down there in atlanta. </document>
		<document> i can feel that sleep coming down on me. i have to stop getting up so early. </document>
		<document> #user# outsiders ain’t flocking over there. </document>
		<document> #user# seen something similar today. pickup side swiped a 18 wheeler and went crazy. </document>
		<document> rt #user#: dating is to see if we work. it’s not a waste of time if we don’t. </document>
		<document> i seen a nigga upload a stocj he invested $300 in. 6 years later it’s worth $3,000. if that’s the hype count me out. </document>
		<document> this the realest nigga in the gym. i need one. #url# </document>
		<document> come to think about it that stimmy would be right on time to wholesale some shit. </document>
		<document> #user# i remember i wanted one back in like 08-09. they still dope. </document>
		<document> #user# i got firestick, surround sound, i can cook, why overspend? getting fly to go there doesn’t even make a lot of sense. </document>
		<document> #user# the type of shit niggaz make faces like something stank or they in pain for. 😬 </document>
		<document> that movie theatre shit over for me. at this point them places ain’t good for nothing but a spontaneous dick ride. </document>
		<document> all star weekend must be why 75 north jammed the fuck up 20-30 miles away from atlanta. it was like this 2-3 hours ago when i went to macon. </document>
		<document> rt #user#: to each it’s own , people always saying what someone else should be doing with their life how about master your own </document>
		<document> rt #user#: some barbers are not fading y’all right anymore :( cuts aren’t even crisp. hazy. unclear. astigmatism hairlines if you will </document>
		<document> #user# i don’t even get how or why people don’t want other people to get money? how does that affect them? </document>
		<document> rt #user#: the obsession with 63rd from non-chicagoans is... weird. </document>
		<document> #user# no for real. </document>
		<document> them crackers never want kodak and jackboy free at the same time. </document>
		<document> nigga said kamala harris got curry coochie. 😂😂😂😂😂 </document>
		<document> #user# i need a juicer so i can start juicing them. </document>
		<document> #user# burnt hot dogs elite! and i’m not a hot dog eater. </document>
		<document> i also feel like that battle is unnecessary even though they emerged at the same time. </document>
		<document> pastor troy ain’t got enough for trick daddy. i love troy though. </document>
		<document> don’t fold on the workout. 😖 </document>
		<document> rt #user#: people are making a lot money off of people’s lack of knowledge about fitness and their laziness </document>
		<document> #user# shit don’t even tell you what roads you taking anymore. </document>
		<document> rt #user#: first time seeing a dame in wicks n im in love #url# </document>
		<document> i follow some real leg and abs queens on ig. </document>
		<document> thinking about a risk to take once i stack a couple checks. </document>
		<document> alright uzi! switching up your whole life huh!? </document>
		<document> #user# women and men. </document>
		<document> rt #user#: 99.9% of people just want money so they can stunt. very few have a plan what to do with it!!!!! </document>
		<document> rt #user#: i know the feds be having a ball watching y’all dumb asses incriminate yourselves on social media </document>
		<document> everything but your loved ones can be for sale. don’t be cherishing this shit if it can change the outcome of your income. </document>
		<document> to think i used to want those handmade marble bracelets.... 😕 cuban link these wrists please. </document>
		<document> facing him was scary! #url# </document>
		<document> #user# kevin’s movies aren’t even memorable. eddie murphy got movies i haven’t seen that are classic. </document>
		<document> i done wasted too much time to get my workout in. 😩 </document>
		<document> hopefully kodak get city of war back in motion. </document>
		<document> this really ain’t a safe space for buck stories. #url# </document>
	    
	<document> rt #user#: british actors be eating up american roles like it’s nothing...... </document>
		<document> we want it all galore not just lira galore. </document>
		<document> that drink got me wide awake! i don’t even want the nap anymore. </document>
		<document> rt #user#: i truly feel like as long as my health good everything i want gonna align. </document>
		<document> #user# by then you just count as a body. get home safely. </document>
		<document> rt #user#: no cap. because imma ask who else you greasin at the table? </document>
		<document> #user# #user# damn. you took it there. </document>
		<document> i just want my shit fly. and clean. #url# </document>
		<document> rt #user#: he call me big purr, 🥱 #url# </document>
		<document> what matters is he was felt. most relative. #url# </document>
		<document> #user# them photographers who aim to do nude work and fuck don’t put out quality like this. </document>
		<document> #user# it would give an idea. your self care routine may differ. </document>
		<document> a stimmy and change in bills. </document>
		<document> might just have lunch and a nap. shiiiid. </document>
		<document> dj akademiks bought this bitch a g wagon and she ain’t even got no license. </document>
		<document> rt #user#: a lot of y’all apart of the he man woman haters club.. it shows </document>
		<document> these niggaz on facebook comparing dak prescott to peyton manning. 🙄 </document>
		<document> i want to stay up laye and binge watch shit but i definitely need to get up early and breeze through nyc before 6am. </document>
		<document> #user# nigga what you selling? #url# </document>
		<document> #user# wow... he wasn’t smoking paper. </document>
		<document> love dreka gates for that nugget she dropped. </document>
		<document> #user# more affective than the sight to me. </document>
		<document> you hear this shit khadijah? this nigga trying to say me and your brother family so we should just kiss and make up. </document>
		<document> everybody keep tweeting that de’aundre bonds video 😭😭😭 </document>
		<document> these are nice. #url# </document>
		<document> #user# hope she gets better. </document>
		<document> i forgot how good of a dancer soulja boy was. </document>
		<document> #user# 😂😂😂 i remember </document>
		<document> they can’t stand eachother. #url# </document>
		<document> i’m making sure i don’t get this full again. </document>
		<document> rt #user#: they probably don’t even send this nigga to wardrobe. he just pull up &amp; film. </document>
		<document> asians don’t even have to promote their cosmetic skills. niggaz just know how to find them. </document>
		<document> i real deal be at my last $11 like every time 😩😩😭 #url# </document>
		<document> #user# y’all hell on wheels. </document>
		<document> #user# you ain’t attracted to men but that dick get you right from time to time. </document>
		<document> #user# you niggaz ought to be ashamed! </document>
		<document> #user# this negro is a guilt trip master. #url# </document>
		<document> #user# 😂😂😂😂😂 it’s funny without even knowing the context. </document>
		<document> rt #user#: so y'all going to baby showers for just meatballs and vibes and not giving them people gifts? 🤦🏾‍♀️ </document>
		<document> but if you get her 9 out of 10 you’ll never feel the need to defend niggaz before defending her. </document>
		<document> it’s something about that little chunk of pussy peeking from the back in them twerk videos. </document>
		<document> rt #user#: mfs fall behind because they be content. time never stops!!! why should you? </document>
		<document> #user# if they’re serving oxtail plates they got them something. </document>
		<document> rt #user#: #user# kevin samuels be living rent free in these women heads </document>
		<document> #user# they that cheap? 😕 </document>
		<document> rt #user#: it’s too nice to be inside today </document>
		<document> #user# it’s like “ok you spent some enhancement money.” you still gotta do the work, whatever that consists of. </document>
		<document> the fact that you gotta convince us. #url# </document>
		<document> #user# #user# get in line now or your ass ain’t getting in. </document>
		<document> they definitely got a rabbit hole to guide you down. #url# </document>
		<document> #user# tryna tell ya ass boy... </document>
		<document> #user# #user# #user# it’s called “mannish” for boys. </document>
		<document> don’t try to isolate me from your friends. i made my choice already. </document>
		<document> i hate how early i get sleepy. nigga be feeling old. </document>
		<document> i love how advanced life is now but i hate the current state and direction we’re headed as people. </document>
		<document> this where i have to pull #user# to the side. rick ross staring in meek mill eyes type shit. </document>
		<document> there’s a follower or 2. </document>
		<document> anybody on your “imma fuck her/him one day hit list? </document>
		<document> this how i get treated the last 2 months when i get asked to come vibe then i tell them i’m not drinking. #url# </document>
		<document> men and women be knockkng eachother like either of us are smarter, better or more honorable than the other. </document>
		<document> i said imma start finding chipotle on the road about 2 weeks ago and now look at me, eating chipotle 2 days a week. </document>
		<document> i need to properly learn about pre-workout and post workout meals. </document>
		<document> whatever the loan/grant is that people should know about i can get information on it through google/youtube. not through my inbox playa. </document>
		<document> eliminations will be made just planning the trip. </document>
		<document> you find out who really broke when you take group trips. </document>
		<document> was stuck in atlanta the gleece play for march 2021 or was bitches really out here neglecting their kids chasing bdb’s and cheap thrills? </document>
		<document> y’all won’t take the vaccine but you taking whatever the clinic prescribe to you for an sti. </document>
		<document> admitting you’re wrong does not mean you lost. </document>
		<document> younger me would have bucked on this breakfast bill. they so unaware. </document>
		<document> chasing dick and cheap liquor. </document>
		<document> bitch.... where your kids at? #url# </document>
		<document> rt #user#: some of y’all niggas would fuck a tree if it had a pussy </document>
		<document> i’ve been very reckless with my food budget this week. got dammit it’s only wednesday. </document>
		<document> rt #user#: there's a ptsd that comes from being poor that nobody talks about when you start getting money. </document>
		<document> fugitive fathers y’all hear this? it’s y’all turn! #url# </document>
		<document> why the fuck would i want dessert after breakfast? super nice ass waiters. </document>
		<document> niggaz said sara jay look like triple h and i can’t unsee that shit. 😂😂😂 </document>
		<document> rt #user#: someone said sara jay look like triple h 😂 </document>
		<document> rt #user#: me looking at y’all starving over sara jay #url# </document>
		<document> rt #user#: when sara jay is trending.... #url# </document>
		<document> how often do you evolve? </document>
		<document> #user# south florida is responsible. </document>
		<document> what you gone do randy? </document>
		<document> #user# you a clever lil nigga 😂 </document>
		<document> voices like this was once in a lifetime! </document>
		<document> i would say other things but imma respect whitney. that’s still our legendary queen. </document>
		<document> whitney made them make love in the thunderstorm in a movie scene songs. </document>
		<document> #user# don’t act like that. </document>
		<document> #user# would a $10,000 offer be good enough? </document>
		<document> rt #user#: yeah if they got a back up or a good ass savings account lol </document>
		<document> rt #user#: only if you have something else in motion </document>
		<document> rt #user#: only if they got another lined up &amp; put in 2 wks notice </document>
		<document> rt #user#: hell naww if u dont have another 1 or income 2 sustain. </document>
		<document> they would have been the fuck out my shit... they don’t have the power. #url# </document>
		<document> ya know... it’s more about visuals and promo these days. being influential is more respected than talent. #url# </document>
		<document> is “quit your job” good advice? </document>
		<document> #user# #user# #user# #user# it’s like.... is he giving her her flowers or is it an ego boost for himself? </document>
		<document> #user# it’s not about time and amounts of interaction. comfort is the factor. </document>
		<document> rt #user#: kodak could say he invented electricity and floridians would be in the comments like “glee⚡️” </document>
		<document> shiiiid who finna wake up and start work in 4 hours? not me! i’m finna sleep good tonight. </document>
		<document> rt #user#: ion respect nothing that don’t respect me!!!!!! </document>
		<document> #user# #user# #user# #user# #user# pooh flexing a subway paycheck. why even have a dog in this fight? 😂 </document>
		<document> gyaaaaddd damn y’all sliding on kodak’s behalf right now! 😂😂😂 focus and maintain. </document>
		<document> #user# i love how so many in here pretending they have the anatomy down. </document>
		<document> rt #user#: can’t lead a woman or a relationship if you can’t lead yourself </document>
		<document> #user# he still dade county. we watched him grow. </document>
		<document> so what is international women’s day and how is it celebrated? </document>
		<document> i love angela lewis’ eyes. </document>
		<document> #user# if your walmart got a international isle they should have the 2 liter. jamaican food restaurants usually serve them. </document>
		<document> #user# so you ain’t smashing? #url# </document>
		<document> rt #user#: everything you have is a gift from god </document>
		<document> i’ll play with y’all on twitter until you’re not funny and just saying dumb shit. </document>
		<document> aiming to do well enough in life for me or who i’m around to cover the tab on group outtings. </document>
		<document> we love condo balcony pics! 😂 </document>
		<document> #user# grape 🔥 too but hear me out! #url# </document>
		<document> rt #user#: social media is normalizing no morals </document>
		<document> rt #user#: how you rather be stuck out of town than to be stuck home? </document>
		<document> bruh whatever that shit is, i’m sick of my kids playing that. 😂 #url# </document>
		<document> add grapefruit to the tier. #url# </document>
		<document> #user# #user# i’m working, ain’t no crib. </document>
		<document> #user# niggaz gone nig. </document>
		<document> i really don’t be worried about alcohol or weed. i be chilling. </document>
		<document> 50 year old dime. #url# </document>
		<document> memphis production is undefeated. </document>
		<document> #user# let’s get there. 💪🏿 </document>
		<document> oh, matriarchal gynocracy affairs. 🥱 </document>
		<document> so like is it some big shit going on that i’m missing? </document>
		<document> move more. eat less. </document>
		<document> lil chloe on a killing spree all 2021. </document>
		<document> i forgot i have a timer remote. i guess i should learn how to use it. </document>
		<document> is there a large community of women sneaker heads? </document>
		<document> mystikal too damn hype and fidgety. he’s giving off... i hope he’s not fucking with hard drugs. that narcotic. </document>
		<document> #user# she sexy. i can’t say i ever felt her though. heard about a dozen tracks. </document>
		<document> rt #user#: this was a fact😂😂😂😂 </document>
		<document> #user# it’s this for me. if there’s no real jack and crowbar i’m not overworking myself for free. #url# </document>
		<document> rt #user#: i’m in love with eye contact, that shit make a nigga nervous but i’m all for it. </document>
		<document> rt #user#: going out of town and relying on my dick to get me home &gt;&gt; </document>
		<document> i’ll put that nigga ass in the dirt... #url# </document>
		<document> #user# this keeps the brokies, dusties and fight starters out. </document>
		<document> nigga can kiss my ass saying you ain’t a man for calling aaa to change a tire. </document>
		<document> my california club sandwich from denny’s was satisfying. let’s continue a good day. </document>
		<document> rt #user#: i got to stay pure, i got to stay positive. ima step up to the plate! </document>
		<document> rt #user#: the guys have been puttin' in work. #url# </document>
		<document> rt #user#: let’s go hard bout ours </document>
		<document> yeah i’m the only one who don’t know who the fuck vision is... </document>
		<document> they gone be cutting up and acting spoaty realll soon. i can feel it! #url# </document>
		<document> i was wrong about tarter sauce all this time. 😩 </document>
		<document> too short/e40 was the best versuz battle i watched. </document>
		<document> clemson been vlogging their spring practice regimen and i’ve been watching. </document>
		<document> rt #user#: people who were business owners looking for work and people who were workers starting businesses ... it’s amazing to watch </document>
		<document> new orleans miami y’all can fill in the rest. #url# </document>
		<document> #user# whole thread of people who don’t know what they’re talking about. just making guesses. </document>
		<document> #user# this is the weirdest thing to admire about someone. </document>
		<document> just imagine the uproar if “no scrubs” was dropped today? </document>
		<document> rt #user#: for every day i have to wait for my $1400 stimulus deposit, i will smack one (1) caucasian baby. #url# </document>
		<document> tell a black woman you enjoy kevin samuels videos she gone look at you different. </document>
		<document> rt #user#: lil girl: jt i got cancer 🥺 jt: #url# </document>
		<document> i find it funny that mcdonalds serves the most poisonous food and none of them have dine in seating available. </document>
		<document> still gone smash. #url# </document>
		<document> them folk down bad down there in atlanta. </document>
		<document> i can feel that sleep coming down on me. i have to stop getting up so early. </document>
		<document> #user# outsiders ain’t flocking over there. </document>
		<document> #user# seen something similar today. pickup side swiped a 18 wheeler and went crazy. </document>
		<document> rt #user#: dating is to see if we work. it’s not a waste of time if we don’t. </document>
		<document> i seen a nigga upload a stocj he invested $300 in. 6 years later it’s worth $3,000. if that’s the hype count me out. </document>
		<document> this the realest nigga in the gym. i need one. #url# </document>
		<document> come to think about it that stimmy would be right on time to wholesale some shit. </document>
		<document> #user# i remember i wanted one back in like 08-09. they still dope. </document>
		<document> #user# i got firestick, surround sound, i can cook, why overspend? getting fly to go there doesn’t even make a lot of sense. </document>
		<document> #user# the type of shit niggaz make faces like something stank or they in pain for. 😬 </document>
		<document> that movie theatre shit over for me. at this point them places ain’t good for nothing but a spontaneous dick ride. </document>
		<document> all star weekend must be why 75 north jammed the fuck up 20-30 miles away from atlanta. it was like this 2-3 hours ago when i went to macon. </document>
		<document> rt #user#: to each it’s own , people always saying what someone else should be doing with their life how about master your own </document>
		<document> rt #user#: some barbers are not fading y’all right anymore :( cuts aren’t even crisp. hazy. unclear. astigmatism hairlines if you will </document>
		<document> #user# i don’t even get how or why people don’t want other people to get money? how does that affect them? </document>
		<document> rt #user#: the obsession with 63rd from non-chicagoans is... weird. </document>
		<document> #user# no for real. </document>
		<document> them crackers never want kodak and jackboy free at the same time. </document>
		<document> nigga said kamala harris got curry coochie. 😂😂😂😂😂 </document>
		<document> #user# i need a juicer so i can start juicing them. </document>
		<document> #user# burnt hot dogs elite! and i’m not a hot dog eater. </document>
		<document> i also feel like that battle is unnecessary even though they emerged at the same time. </document>
		<document> pastor troy ain’t got enough for trick daddy. i love troy though. </document>
		<document> don’t fold on the workout. 😖 </document>
		<document> rt #user#: people are making a lot money off of people’s lack of knowledge about fitness and their laziness </document>
		<document> #user# shit don’t even tell you what roads you taking anymore. </document>
		<document> rt #user#: first time seeing a dame in wicks n im in love #url# </document>
		<document> i follow some real leg and abs queens on ig. </document>
		<document> thinking about a risk to take once i stack a couple checks. </document>
		<document> alright uzi! switching up your whole life huh!? </document>
		<document> #user# women and men. </document>
		<document> rt #user#: 99.9% of people just want money so they can stunt. very few have a plan what to do with it!!!!! </document>
		<document> rt #user#: i know the feds be having a ball watching y’all dumb asses incriminate yourselves on social media </document>
		<document> everything but your loved ones can be for sale. don’t be cherishing this shit if it can change the outcome of your income. </document>
		<document> to think i used to want those handmade marble bracelets.... 😕 cuban link these wrists please. </document>
		<document> facing him was scary! #url# </document>
		<document> #user# kevin’s movies aren’t even memorable. eddie murphy got movies i haven’t seen that are classic. </document>
		<document> i done wasted too much time to get my workout in. 😩 </document>
		<document> hopefully kodak get city of war back in motion. </document>
		<document> this really ain’t a safe space for buck stories. #url# </document>
	    
	<document> rt #user#: british actors be eating up american roles like it’s nothing...... </document>
		<document> we want it all galore not just lira galore. </document>
		<document> that drink got me wide awake! i don’t even want the nap anymore. </document>
		<document> rt #user#: i truly feel like as long as my health good everything i want gonna align. </document>
		<document> #user# by then you just count as a body. get home safely. </document>
		<document> rt #user#: no cap. because imma ask who else you greasin at the table? </document>
		<document> #user# #user# damn. you took it there. </document>
		<document> i just want my shit fly. and clean. #url# </document>
		<document> rt #user#: he call me big purr, 🥱 #url# </document>
		<document> what matters is he was felt. most relative. #url# </document>
		<document> #user# them photographers who aim to do nude work and fuck don’t put out quality like this. </document>
		<document> #user# it would give an idea. your self care routine may differ. </document>
		<document> a stimmy and change in bills. </document>
		<document> might just have lunch and a nap. shiiiid. </document>
		<document> dj akademiks bought this bitch a g wagon and she ain’t even got no license. </document>
		<document> rt #user#: a lot of y’all apart of the he man woman haters club.. it shows </document>
		<document> these niggaz on facebook comparing dak prescott to peyton manning. 🙄 </document>
		<document> i want to stay up laye and binge watch shit but i definitely need to get up early and breeze through nyc before 6am. </document>
		<document> #user# nigga what you selling? #url# </document>
		<document> #user# wow... he wasn’t smoking paper. </document>
		<document> love dreka gates for that nugget she dropped. </document>
		<document> #user# more affective than the sight to me. </document>
		<document> you hear this shit khadijah? this nigga trying to say me and your brother family so we should just kiss and make up. </document>
		<document> everybody keep tweeting that de’aundre bonds video 😭😭😭 </document>
		<document> these are nice. #url# </document>
		<document> #user# hope she gets better. </document>
		<document> i forgot how good of a dancer soulja boy was. </document>
		<document> #user# 😂😂😂 i remember </document>
		<document> they can’t stand eachother. #url# </document>
		<document> i’m making sure i don’t get this full again. </document>
		<document> rt #user#: they probably don’t even send this nigga to wardrobe. he just pull up &amp; film. </document>
		<document> asians don’t even have to promote their cosmetic skills. niggaz just know how to find them. </document>
		<document> i real deal be at my last $11 like every time 😩😩😭 #url# </document>
		<document> #user# y’all hell on wheels. </document>
		<document> #user# you ain’t attracted to men but that dick get you right from time to time. </document>
		<document> #user# you niggaz ought to be ashamed! </document>
		<document> #user# this negro is a guilt trip master. #url# </document>
		<document> #user# 😂😂😂😂😂 it’s funny without even knowing the context. </document>
		<document> rt #user#: so y'all going to baby showers for just meatballs and vibes and not giving them people gifts? 🤦🏾‍♀️ </document>
		<document> but if you get her 9 out of 10 you’ll never feel the need to defend niggaz before defending her. </document>
		<document> it’s something about that little chunk of pussy peeking from the back in them twerk videos. </document>
		<document> rt #user#: mfs fall behind because they be content. time never stops!!! why should you? </document>
		<document> #user# if they’re serving oxtail plates they got them something. </document>
		<document> rt #user#: #user# kevin samuels be living rent free in these women heads </document>
		<document> #user# they that cheap? 😕 </document>
		<document> rt #user#: it’s too nice to be inside today </document>
		<document> #user# it’s like “ok you spent some enhancement money.” you still gotta do the work, whatever that consists of. </document>
		<document> the fact that you gotta convince us. #url# </document>
		<document> #user# #user# get in line now or your ass ain’t getting in. </document>
		<document> they definitely got a rabbit hole to guide you down. #url# </document>
		<document> #user# tryna tell ya ass boy... </document>
		<document> #user# #user# #user# it’s called “mannish” for boys. </document>
		<document> don’t try to isolate me from your friends. i made my choice already. </document>
		<document> i hate how early i get sleepy. nigga be feeling old. </document>
		<document> i love how advanced life is now but i hate the current state and direction we’re headed as people. </document>
		<document> this where i have to pull #user# to the side. rick ross staring in meek mill eyes type shit. </document>
		<document> there’s a follower or 2. </document>
		<document> anybody on your “imma fuck her/him one day hit list? </document>
		<document> this how i get treated the last 2 months when i get asked to come vibe then i tell them i’m not drinking. #url# </document>
		<document> men and women be knockkng eachother like either of us are smarter, better or more honorable than the other. </document>
		<document> i said imma start finding chipotle on the road about 2 weeks ago and now look at me, eating chipotle 2 days a week. </document>
		<document> i need to properly learn about pre-workout and post workout meals. </document>
		<document> whatever the loan/grant is that people should know about i can get information on it through google/youtube. not through my inbox playa. </document>
		<document> eliminations will be made just planning the trip. </document>
		<document> you find out who really broke when you take group trips. </document>
		<document> was stuck in atlanta the gleece play for march 2021 or was bitches really out here neglecting their kids chasing bdb’s and cheap thrills? </document>
		<document> y’all won’t take the vaccine but you taking whatever the clinic prescribe to you for an sti. </document>
		<document> admitting you’re wrong does not mean you lost. </document>
		<document> younger me would have bucked on this breakfast bill. they so unaware. </document>
		<document> chasing dick and cheap liquor. </document>
		<document> bitch.... where your kids at? #url# </document>
		<document> rt #user#: some of y’all niggas would fuck a tree if it had a pussy </document>
		<document> i’ve been very reckless with my food budget this week. got dammit it’s only wednesday. </document>
		<document> rt #user#: there's a ptsd that comes from being poor that nobody talks about when you start getting money. </document>
		<document> fugitive fathers y’all hear this? it’s y’all turn! #url# </document>
		<document> why the fuck would i want dessert after breakfast? super nice ass waiters. </document>
		<document> niggaz said sara jay look like triple h and i can’t unsee that shit. 😂😂😂 </document>
		<document> rt #user#: someone said sara jay look like triple h 😂 </document>
		<document> rt #user#: me looking at y’all starving over sara jay #url# </document>
		<document> rt #user#: when sara jay is trending.... #url# </document>
		<document> how often do you evolve? </document>
		<document> #user# south florida is responsible. </document>
		<document> what you gone do randy? </document>
		<document> #user# you a clever lil nigga 😂 </document>
		<document> voices like this was once in a lifetime! </document>
		<document> i would say other things but imma respect whitney. that’s still our legendary queen. </document>
		<document> whitney made them make love in the thunderstorm in a movie scene songs. </document>
		<document> #user# don’t act like that. </document>
		<document> #user# would a $10,000 offer be good enough? </document>
		<document> rt #user#: yeah if they got a back up or a good ass savings account lol </document>
		<document> rt #user#: only if you have something else in motion </document>
		<document> rt #user#: only if they got another lined up &amp; put in 2 wks notice </document>
		<document> rt #user#: hell naww if u dont have another 1 or income 2 sustain. </document>
		<document> they would have been the fuck out my shit... they don’t have the power. #url# </document>
		<document> ya know... it’s more about visuals and promo these days. being influential is more respected than talent. #url# </document>
		<document> is “quit your job” good advice? </document>
		<document> #user# #user# #user# #user# it’s like.... is he giving her her flowers or is it an ego boost for himself? </document>
		<document> #user# it’s not about time and amounts of interaction. comfort is the factor. </document>
		<document> rt #user#: kodak could say he invented electricity and floridians would be in the comments like “glee⚡️” </document>
		<document> shiiiid who finna wake up and start work in 4 hours? not me! i’m finna sleep good tonight. </document>
		<document> rt #user#: ion respect nothing that don’t respect me!!!!!! </document>
		<document> #user# #user# #user# #user# #user# pooh flexing a subway paycheck. why even have a dog in this fight? 😂 </document>
		<document> gyaaaaddd damn y’all sliding on kodak’s behalf right now! 😂😂😂 focus and maintain. </document>
		<document> #user# i love how so many in here pretending they have the anatomy down. </document>
		<document> rt #user#: can’t lead a woman or a relationship if you can’t lead yourself </document>
		<document> #user# he still dade county. we watched him grow. </document>
		<document> so what is international women’s day and how is it celebrated? </document>
		<document> i love angela lewis’ eyes. </document>
		<document> #user# if your walmart got a international isle they should have the 2 liter. jamaican food restaurants usually serve them. </document>
		<document> #user# so you ain’t smashing? #url# </document>
		<document> rt #user#: everything you have is a gift from god </document>
		<document> i’ll play with y’all on twitter until you’re not funny and just saying dumb shit. </document>
		<document> aiming to do well enough in life for me or who i’m around to cover the tab on group outtings. </document>
		<document> we love condo balcony pics! 😂 </document>
		<document> #user# grape 🔥 too but hear me out! #url# </document>
		<document> rt #user#: social media is normalizing no morals </document>
		<document> rt #user#: how you rather be stuck out of town than to be stuck home? </document>
		<document> bruh whatever that shit is, i’m sick of my kids playing that. 😂 #url# </document>
		<document> add grapefruit to the tier. #url# </document>
		<document> #user# #user# i’m working, ain’t no crib. </document>
		<document> #user# niggaz gone nig. </document>
		<document> i really don’t be worried about alcohol or weed. i be chilling. </document>
		<document> 50 year old dime. #url# </document>
		<document> memphis production is undefeated. </document>
		<document> #user# let’s get there. 💪🏿 </document>
		<document> oh, matriarchal gynocracy affairs. 🥱 </document>
		<document> so like is it some big shit going on that i’m missing? </document>
		<document> move more. eat less. </document>
		<document> lil chloe on a killing spree all 2021. </document>
		<document> i forgot i have a timer remote. i guess i should learn how to use it. </document>
		<document> is there a large community of women sneaker heads? </document>
		<document> mystikal too damn hype and fidgety. he’s giving off... i hope he’s not fucking with hard drugs. that narcotic. </document>
		<document> #user# she sexy. i can’t say i ever felt her though. heard about a dozen tracks. </document>
		<document> rt #user#: this was a fact😂😂😂😂 </document>
		<document> #user# it’s this for me. if there’s no real jack and crowbar i’m not overworking myself for free. #url# </document>
		<document> rt #user#: i’m in love with eye contact, that shit make a nigga nervous but i’m all for it. </document>
		<document> rt #user#: going out of town and relying on my dick to get me home &gt;&gt; </document>
		<document> i’ll put that nigga ass in the dirt... #url# </document>
		<document> #user# this keeps the brokies, dusties and fight starters out. </document>
		<document> nigga can kiss my ass saying you ain’t a man for calling aaa to change a tire. </document>
		<document> my california club sandwich from denny’s was satisfying. let’s continue a good day. </document>
		<document> rt #user#: i got to stay pure, i got to stay positive. ima step up to the plate! </document>
		<document> rt #user#: the guys have been puttin' in work. #url# </document>
		<document> rt #user#: let’s go hard bout ours </document>
		<document> yeah i’m the only one who don’t know who the fuck vision is... </document>
		<document> they gone be cutting up and acting spoaty realll soon. i can feel it! #url# </document>
		<document> i was wrong about tarter sauce all this time. 😩 </document>
		<document> too short/e40 was the best versuz battle i watched. </document>
		<document> clemson been vlogging their spring practice regimen and i’ve been watching. </document>
		<document> rt #user#: people who were business owners looking for work and people who were workers starting businesses ... it’s amazing to watch </document>
		<document> new orleans miami y’all can fill in the rest. #url# </document>
		<document> #user# whole thread of people who don’t know what they’re talking about. just making guesses. </document>
		<document> #user# this is the weirdest thing to admire about someone. </document>
		<document> just imagine the uproar if “no scrubs” was dropped today? </document>
		<document> rt #user#: for every day i have to wait for my $1400 stimulus deposit, i will smack one (1) caucasian baby. #url# </document>
		<document> tell a black woman you enjoy kevin samuels videos she gone look at you different. </document>
		<document> rt #user#: lil girl: jt i got cancer 🥺 jt: #url# </document>
		<document> i find it funny that mcdonalds serves the most poisonous food and none of them have dine in seating available. </document>
		<document> still gone smash. #url# </document>
		<document> them folk down bad down there in atlanta. </document>
		<document> i can feel that sleep coming down on me. i have to stop getting up so early. </document>
		<document> #user# outsiders ain’t flocking over there. </document>
		<document> #user# seen something similar today. pickup side swiped a 18 wheeler and went crazy. </document>
		<document> rt #user#: dating is to see if we work. it’s not a waste of time if we don’t. </document>
		<document> i seen a nigga upload a stocj he invested $300 in. 6 years later it’s worth $3,000. if that’s the hype count me out. </document>
		<document> this the realest nigga in the gym. i need one. #url# </document>
		<document> come to think about it that stimmy would be right on time to wholesale some shit. </document>
		<document> #user# i remember i wanted one back in like 08-09. they still dope. </document>
		<document> #user# i got firestick, surround sound, i can cook, why overspend? getting fly to go there doesn’t even make a lot of sense. </document>
		<document> #user# the type of shit niggaz make faces like something stank or they in pain for. 😬 </document>
		<document> that movie theatre shit over for me. at this point them places ain’t good for nothing but a spontaneous dick ride. </document>
		<document> all star weekend must be why 75 north jammed the fuck up 20-30 miles away from atlanta. it was like this 2-3 hours ago when i went to macon. </document>
		<document> rt #user#: to each it’s own , people always saying what someone else should be doing with their life how about master your own </document>
		<document> rt #user#: some barbers are not fading y’all right anymore :( cuts aren’t even crisp. hazy. unclear. astigmatism hairlines if you will </document>
		<document> #user# i don’t even get how or why people don’t want other people to get money? how does that affect them? </document>
		<document> rt #user#: the obsession with 63rd from non-chicagoans is... weird. </document>
		<document> #user# no for real. </document>
		<document> them crackers never want kodak and jackboy free at the same time. </document>
		<document> nigga said kamala harris got curry coochie. 😂😂😂😂😂 </document>
		<document> #user# i need a juicer so i can start juicing them. </document>
		<document> #user# burnt hot dogs elite! and i’m not a hot dog eater. </document>
		<document> i also feel like that battle is unnecessary even though they emerged at the same time. </document>
		<document> pastor troy ain’t got enough for trick daddy. i love troy though. </document>
		<document> don’t fold on the workout. 😖 </document>
		<document> rt #user#: people are making a lot money off of people’s lack of knowledge about fitness and their laziness </document>
		<document> #user# shit don’t even tell you what roads you taking anymore. </document>
		<document> rt #user#: first time seeing a dame in wicks n im in love #url# </document>
		<document> i follow some real leg and abs queens on ig. </document>
		<document> thinking about a risk to take once i stack a couple checks. </document>
		<document> alright uzi! switching up your whole life huh!? </document>
		<document> #user# women and men. </document>
		<document> rt #user#: 99.9% of people just want money so they can stunt. very few have a plan what to do with it!!!!! </document>
		<document> rt #user#: i know the feds be having a ball watching y’all dumb asses incriminate yourselves on social media </document>
		<document> everything but your loved ones can be for sale. don’t be cherishing this shit if it can change the outcome of your income. </document>
		<document> to think i used to want those handmade marble bracelets.... 😕 cuban link these wrists please. </document>
		<document> facing him was scary! #url# </document>
		<document> #user# kevin’s movies aren’t even memorable. eddie murphy got movies i haven’t seen that are classic. </document>
		<document> i done wasted too much time to get my workout in. 😩 </document>
		<document> hopefully kodak get city of war back in motion. </document>
		<document> this really ain’t a safe space for buck stories. #url# </document>
	    
	<document> rt #user#: british actors be eating up american roles like it’s nothing...... </document>
		<document> we want it all galore not just lira galore. </document>
		<document> that drink got me wide awake! i don’t even want the nap anymore. </document>
		<document> rt #user#: i truly feel like as long as my health good everything i want gonna align. </document>
		<document> #user# by then you just count as a body. get home safely. </document>
		<document> rt #user#: no cap. because imma ask who else you greasin at the table? </document>
		<document> #user# #user# damn. you took it there. </document>
		<document> i just want my shit fly. and clean. #url# </document>
		<document> rt #user#: he call me big purr, 🥱 #url# </document>
		<document> what matters is he was felt. most relative. #url# </document>
		<document> #user# them photographers who aim to do nude work and fuck don’t put out quality like this. </document>
		<document> #user# it would give an idea. your self care routine may differ. </document>
		<document> a stimmy and change in bills. </document>
		<document> might just have lunch and a nap. shiiiid. </document>
		<document> dj akademiks bought this bitch a g wagon and she ain’t even got no license. </document>
		<document> rt #user#: a lot of y’all apart of the he man woman haters club.. it shows </document>
		<document> these niggaz on facebook comparing dak prescott to peyton manning. 🙄 </document>
		<document> i want to stay up laye and binge watch shit but i definitely need to get up early and breeze through nyc before 6am. </document>
		<document> #user# nigga what you selling? #url# </document>
		<document> #user# wow... he wasn’t smoking paper. </document>
		<document> love dreka gates for that nugget she dropped. </document>
		<document> #user# more affective than the sight to me. </document>
		<document> you hear this shit khadijah? this nigga trying to say me and your brother family so we should just kiss and make up. </document>
		<document> everybody keep tweeting that de’aundre bonds video 😭😭😭 </document>
		<document> these are nice. #url# </document>
		<document> #user# hope she gets better. </document>
		<document> i forgot how good of a dancer soulja boy was. </document>
		<document> #user# 😂😂😂 i remember </document>
		<document> they can’t stand eachother. #url# </document>
		<document> i’m making sure i don’t get this full again. </document>
		<document> rt #user#: they probably don’t even send this nigga to wardrobe. he just pull up &amp; film. </document>
		<document> asians don’t even have to promote their cosmetic skills. niggaz just know how to find them. </document>
		<document> i real deal be at my last $11 like every time 😩😩😭 #url# </document>
		<document> #user# y’all hell on wheels. </document>
		<document> #user# you ain’t attracted to men but that dick get you right from time to time. </document>
		<document> #user# you niggaz ought to be ashamed! </document>
		<document> #user# this negro is a guilt trip master. #url# </document>
		<document> #user# 😂😂😂😂😂 it’s funny without even knowing the context. </document>
		<document> rt #user#: so y'all going to baby showers for just meatballs and vibes and not giving them people gifts? 🤦🏾‍♀️ </document>
		<document> but if you get her 9 out of 10 you’ll never feel the need to defend niggaz before defending her. </document>
		<document> it’s something about that little chunk of pussy peeking from the back in them twerk videos. </document>
		<document> rt #user#: mfs fall behind because they be content. time never stops!!! why should you? </document>
		<document> #user# if they’re serving oxtail plates they got them something. </document>
		<document> rt #user#: #user# kevin samuels be living rent free in these women heads </document>
		<document> #user# they that cheap? 😕 </document>
		<document> rt #user#: it’s too nice to be inside today </document>
		<document> #user# it’s like “ok you spent some enhancement money.” you still gotta do the work, whatever that consists of. </document>
		<document> the fact that you gotta convince us. #url# </document>
		<document> #user# #user# get in line now or your ass ain’t getting in. </document>
		<document> they definitely got a rabbit hole to guide you down. #url# </document>
		<document> #user# tryna tell ya ass boy... </document>
		<document> #user# #user# #user# it’s called “mannish” for boys. </document>
		<document> don’t try to isolate me from your friends. i made my choice already. </document>
		<document> i hate how early i get sleepy. nigga be feeling old. </document>
		<document> i love how advanced life is now but i hate the current state and direction we’re headed as people. </document>
		<document> this where i have to pull #user# to the side. rick ross staring in meek mill eyes type shit. </document>
		<document> there’s a follower or 2. </document>
		<document> anybody on your “imma fuck her/him one day hit list? </document>
		<document> this how i get treated the last 2 months when i get asked to come vibe then i tell them i’m not drinking. #url# </document>
		<document> men and women be knockkng eachother like either of us are smarter, better or more honorable than the other. </document>
		<document> i said imma start finding chipotle on the road about 2 weeks ago and now look at me, eating chipotle 2 days a week. </document>
		<document> i need to properly learn about pre-workout and post workout meals. </document>
		<document> whatever the loan/grant is that people should know about i can get information on it through google/youtube. not through my inbox playa. </document>
		<document> eliminations will be made just planning the trip. </document>
		<document> you find out who really broke when you take group trips. </document>
		<document> was stuck in atlanta the gleece play for march 2021 or was bitches really out here neglecting their kids chasing bdb’s and cheap thrills? </document>
		<document> y’all won’t take the vaccine but you taking whatever the clinic prescribe to you for an sti. </document>
		<document> admitting you’re wrong does not mean you lost. </document>
		<document> younger me would have bucked on this breakfast bill. they so unaware. </document>
		<document> chasing dick and cheap liquor. </document>
		<document> bitch.... where your kids at? #url# </document>
		<document> rt #user#: some of y’all niggas would fuck a tree if it had a pussy </document>
		<document> i’ve been very reckless with my food budget this week. got dammit it’s only wednesday. </document>
		<document> rt #user#: there's a ptsd that comes from being poor that nobody talks about when you start getting money. </document>
		<document> fugitive fathers y’all hear this? it’s y’all turn! #url# </document>
		<document> why the fuck would i want dessert after breakfast? super nice ass waiters. </document>
		<document> niggaz said sara jay look like triple h and i can’t unsee that shit. 😂😂😂 </document>
		<document> rt #user#: someone said sara jay look like triple h 😂 </document>
		<document> rt #user#: me looking at y’all starving over sara jay #url# </document>
		<document> rt #user#: when sara jay is trending.... #url# </document>
		<document> how often do you evolve? </document>
		<document> #user# south florida is responsible. </document>
		<document> what you gone do randy? </document>
		<document> #user# you a clever lil nigga 😂 </document>
		<document> voices like this was once in a lifetime! </document>
		<document> i would say other things but imma respect whitney. that’s still our legendary queen. </document>
		<document> whitney made them make love in the thunderstorm in a movie scene songs. </document>
		<document> #user# don’t act like that. </document>
		<document> #user# would a $10,000 offer be good enough? </document>
		<document> rt #user#: yeah if they got a back up or a good ass savings account lol </document>
		<document> rt #user#: only if you have something else in motion </document>
		<document> rt #user#: only if they got another lined up &amp; put in 2 wks notice </document>
		<document> rt #user#: hell naww if u dont have another 1 or income 2 sustain. </document>
		<document> they would have been the fuck out my shit... they don’t have the power. #url# </document>
		<document> ya know... it’s more about visuals and promo these days. being influential is more respected than talent. #url# </document>
		<document> is “quit your job” good advice? </document>
		<document> #user# #user# #user# #user# it’s like.... is he giving her her flowers or is it an ego boost for himself? </document>
		<document> #user# it’s not about time and amounts of interaction. comfort is the factor. </document>
		<document> rt #user#: kodak could say he invented electricity and floridians would be in the comments like “glee⚡️” </document>
		<document> shiiiid who finna wake up and start work in 4 hours? not me! i’m finna sleep good tonight. </document>
		<document> rt #user#: ion respect nothing that don’t respect me!!!!!! </document>
		<document> #user# #user# #user# #user# #user# pooh flexing a subway paycheck. why even have a dog in this fight? 😂 </document>
		<document> gyaaaaddd damn y’all sliding on kodak’s behalf right now! 😂😂😂 focus and maintain. </document>
		<document> #user# i love how so many in here pretending they have the anatomy down. </document>
		<document> rt #user#: can’t lead a woman or a relationship if you can’t lead yourself </document>
		<document> #user# he still dade county. we watched him grow. </document>
		<document> so what is international women’s day and how is it celebrated? </document>
		<document> i love angela lewis’ eyes. </document>
		<document> #user# if your walmart got a international isle they should have the 2 liter. jamaican food restaurants usually serve them. </document>
		<document> #user# so you ain’t smashing? #url# </document>
		<document> rt #user#: everything you have is a gift from god </document>
		<document> i’ll play with y’all on twitter until you’re not funny and just saying dumb shit. </document>
		<document> aiming to do well enough in life for me or who i’m around to cover the tab on group outtings. </document>
		<document> we love condo balcony pics! 😂 </document>
		<document> #user# grape 🔥 too but hear me out! #url# </document>
		<document> rt #user#: social media is normalizing no morals </document>
		<document> rt #user#: how you rather be stuck out of town than to be stuck home? </document>
		<document> bruh whatever that shit is, i’m sick of my kids playing that. 😂 #url# </document>
		<document> add grapefruit to the tier. #url# </document>
		<document> #user# #user# i’m working, ain’t no crib. </document>
		<document> #user# niggaz gone nig. </document>
		<document> i really don’t be worried about alcohol or weed. i be chilling. </document>
		<document> 50 year old dime. #url# </document>
		<document> memphis production is undefeated. </document>
		<document> #user# let’s get there. 💪🏿 </document>
		<document> oh, matriarchal gynocracy affairs. 🥱 </document>
		<document> so like is it some big shit going on that i’m missing? </document>
		<document> move more. eat less. </document>
		<document> lil chloe on a killing spree all 2021. </document>
		<document> i forgot i have a timer remote. i guess i should learn how to use it. </document>
		<document> is there a large community of women sneaker heads? </document>
		<document> mystikal too damn hype and fidgety. he’s giving off... i hope he’s not fucking with hard drugs. that narcotic. </document>
		<document> #user# she sexy. i can’t say i ever felt her though. heard about a dozen tracks. </document>
		<document> rt #user#: this was a fact😂😂😂😂 </document>
		<document> #user# it’s this for me. if there’s no real jack and crowbar i’m not overworking myself for free. #url# </document>
		<document> rt #user#: i’m in love with eye contact, that shit make a nigga nervous but i’m all for it. </document>
		<document> rt #user#: going out of town and relying on my dick to get me home &gt;&gt; </document>
		<document> i’ll put that nigga ass in the dirt... #url# </document>
		<document> #user# this keeps the brokies, dusties and fight starters out. </document>
		<document> nigga can kiss my ass saying you ain’t a man for calling aaa to change a tire. </document>
		<document> my california club sandwich from denny’s was satisfying. let’s continue a good day. </document>
		<document> rt #user#: i got to stay pure, i got to stay positive. ima step up to the plate! </document>
		<document> rt #user#: the guys have been puttin' in work. #url# </document>
		<document> rt #user#: let’s go hard bout ours </document>
		<document> yeah i’m the only one who don’t know who the fuck vision is... </document>
		<document> they gone be cutting up and acting spoaty realll soon. i can feel it! #url# </document>
		<document> i was wrong about tarter sauce all this time. 😩 </document>
		<document> too short/e40 was the best versuz battle i watched. </document>
		<document> clemson been vlogging their spring practice regimen and i’ve been watching. </document>
		<document> rt #user#: people who were business owners looking for work and people who were workers starting businesses ... it’s amazing to watch </document>
		<document> new orleans miami y’all can fill in the rest. #url# </document>
		<document> #user# whole thread of people who don’t know what they’re talking about. just making guesses. </document>
		<document> #user# this is the weirdest thing to admire about someone. </document>
		<document> just imagine the uproar if “no scrubs” was dropped today? </document>
		<document> rt #user#: for every day i have to wait for my $1400 stimulus deposit, i will smack one (1) caucasian baby. #url# </document>
		<document> tell a black woman you enjoy kevin samuels videos she gone look at you different. </document>
		<document> rt #user#: lil girl: jt i got cancer 🥺 jt: #url# </document>
		<document> i find it funny that mcdonalds serves the most poisonous food and none of them have dine in seating available. </document>
		<document> still gone smash. #url# </document>
		<document> them folk down bad down there in atlanta. </document>
		<document> i can feel that sleep coming down on me. i have to stop getting up so early. </document>
		<document> #user# outsiders ain’t flocking over there. </document>
		<document> #user# seen something similar today. pickup side swiped a 18 wheeler and went crazy. </document>
		<document> rt #user#: dating is to see if we work. it’s not a waste of time if we don’t. </document>
		<document> i seen a nigga upload a stocj he invested $300 in. 6 years later it’s worth $3,000. if that’s the hype count me out. </document>
		<document> this the realest nigga in the gym. i need one. #url# </document>
		<document> come to think about it that stimmy would be right on time to wholesale some shit. </document>
		<document> #user# i remember i wanted one back in like 08-09. they still dope. </document>
		<document> #user# i got firestick, surround sound, i can cook, why overspend? getting fly to go there doesn’t even make a lot of sense. </document>
		<document> #user# the type of shit niggaz make faces like something stank or they in pain for. 😬 </document>
		<document> that movie theatre shit over for me. at this point them places ain’t good for nothing but a spontaneous dick ride. </document>
		<document> all star weekend must be why 75 north jammed the fuck up 20-30 miles away from atlanta. it was like this 2-3 hours ago when i went to macon. </document>
		<document> rt #user#: to each it’s own , people always saying what someone else should be doing with their life how about master your own </document>
		<document> rt #user#: some barbers are not fading y’all right anymore :( cuts aren’t even crisp. hazy. unclear. astigmatism hairlines if you will </document>
		<document> #user# i don’t even get how or why people don’t want other people to get money? how does that affect them? </document>
		<document> rt #user#: the obsession with 63rd from non-chicagoans is... weird. </document>
		<document> #user# no for real. </document>
		<document> them crackers never want kodak and jackboy free at the same time. </document>
		<document> nigga said kamala harris got curry coochie. 😂😂😂😂😂 </document>
		<document> #user# i need a juicer so i can start juicing them. </document>
		<document> #user# burnt hot dogs elite! and i’m not a hot dog eater. </document>
		<document> i also feel like that battle is unnecessary even though they emerged at the same time. </document>
		<document> pastor troy ain’t got enough for trick daddy. i love troy though. </document>
		<document> don’t fold on the workout. 😖 </document>
		<document> rt #user#: people are making a lot money off of people’s lack of knowledge about fitness and their laziness </document>
		<document> #user# shit don’t even tell you what roads you taking anymore. </document>
		<document> rt #user#: first time seeing a dame in wicks n im in love #url# </document>
		<document> i follow some real leg and abs queens on ig. </document>
		<document> thinking about a risk to take once i stack a couple checks. </document>
		<document> alright uzi! switching up your whole life huh!? </document>
		<document> #user# women and men. </document>
		<document> rt #user#: 99.9% of people just want money so they can stunt. very few have a plan what to do with it!!!!! </document>
		<document> rt #user#: i know the feds be having a ball watching y’all dumb asses incriminate yourselves on social media </document>
		<document> everything but your loved ones can be for sale. don’t be cherishing this shit if it can change the outcome of your income. </document>
		<document> to think i used to want those handmade marble bracelets.... 😕 cuban link these wrists please. </document>
		<document> facing him was scary! #url# </document>
		<document> #user# kevin’s movies aren’t even memorable. eddie murphy got movies i haven’t seen that are classic. </document>
		<document> i done wasted too much time to get my workout in. 😩 </document>
		<document> hopefully kodak get city of war back in motion. </document>
		<document> this really ain’t a safe space for buck stories. #url# </document>
	 