   
	<document> rt #user#: toxic is not cute! it’s draining, it’s unhappy, it’s ugly, &amp; i don’t want no parts. </document>
		<document> rt #user#: taxes + stimmy + job checks... 🥴 alexa, play rags to riches! 😂 </document>
		<document> #user# so pretty 🥺💕 </document>
		<document> rt #user#: i got one more relationship in me before i become the hoe everybody think i am </document>
		<document> rt #user#: facts cuz i’m buying coochie </document>
		<document> rt #user#: this lewis and clarke ass breakfast </document>
		<document> #user# lamont lmfao! shut upppp 😂😂😂 </document>
		<document> big fat moose gorilla grip pussy #url# </document>
		<document> rt #user#: i still love you but i used to love you more </document>
		<document> rt #user#: #user# this one puts me in tears sometimes. #url# </document>
		<document> rt #user#: if a n!gga can go a whole a day without talking to me.. im single. </document>
		<document> honestly life is too short. i love everybody </document>
		<document> rt #user#: stoppppp what y’all put in the queen’s hand??😭 #url# </document>
		<document> slut me out </document>
		<document> rt #user#: this hit me hard . #url# </document>
		<document> rt #user#: my momma swore up and down she wasn’t my lil friend, now look at her. my friend. </document>
		<document> rt #user#: i miss who i was before my first heartbreak. </document>
		<document> pardon my tits and makeup </document>
		<document> rt #user#: #user# yes go off #url# </document>
		<document> it feels good to finally be over somebody 🤝 </document>
		<document> sis had to get that off her chest #url# </document>
		<document> rt #user#: she walked into the studio mad as fuck #url# </document>
		<document> that bold ginger ale is medicine forreal </document>
		<document> i did it cus i wanted to </document>
		<document> rt #user#: i need my people to free themselves from the shackles of lenox mall. it is not that great. </document>
		<document> i like when someone match my nasty &gt; </document>
		<document> he did me like no ones ever done it </document>
		<document> i think i’m in love </document>
		<document> not feeling the liquor anymore 🥴 </document>
		<document> i been having the time of my life the past 5 days forreal lmao </document>
		<document> rt #user#: #user# lmao you said #url# </document>
		<document> dropped this nigga and my life been great </document>
		<document> rt #user#: some men just want to watch the world burn #url# </document>
		<document> #user# taking full advantage of my mother watching my daughter 😂🥂 </document>
		<document> rt #user#: using my wig money to get brakes for my car #url# </document>
		<document> i been drunk for like 3 days straight </document>
		<document> rt #user#: na. macbooks too expensive for this shit to always be breathing hard. </document>
		<document> rt #user#: quavo after eating the dinner saweetie makes #url# </document>
		<document> rt #user#: what he ate #url# </document>
		<document> rt #user#: twin said “who is that?!?! nuh uh! don’t reach for him!” 🥴 </document>
		<document> rt #user#: me in the mirror when he busts in 2 mins 😂😂 #url# </document>
		<document> rt #user#: has anyone else not been to the dentist since covid and also not for the five years before that </document>
		<document> rt #user#: #user# you can look in my coochie but my panties are personal #url# </document>
		<document> rt #user#: i’m either gone be submissive or pay all my own bills.... but i’m not doing both. </document>
		<document> rt #user#: imagine just tryna hit a quick lick and the whole neighborhood pull up on you 😭 </document>
		<document> rt #user#: lay it down is a classic and lloyd is that nigga for yodeling at the end of the song like he did. </document>
		<document> rt #user#: people be ashamed of they hoe stage i had a ball 🥴😂😂😂😂😂 </document>
		<document> rt #user#: #user# #user# “drove a horse” 💀💀 </document>
		<document> i feel attacked bc i only have 3 cousins lmfao #url# </document>
		<document> rt #user#: #user# sza is proof that scorpios just be lying for no reason </document>
		<document> rt #user#: women gotta realize if we really cared about losing em we wouldn’t never lose em </document>
		<document> rt #user#: the set up. v. the shot. #url# </document>
		<document> my body will only sleep 4 hours a day that’s crazy lmao smh </document>
		<document> rt #user#: i'm no longer choosing peace, i choose violence today </document>
		<document> rt #user#: i blame eminem for this. i can’t explain how, but this is his fault </document>
		<document> girl i thought you was jayda #url# </document>
		<document> he got a brother? #url# </document>
		<document> rt #user#: the male ego hates when you move on </document>
		<document> i love crab legs </document>
		<document> heavy on that lol #url# </document>
		<document> rt #user#: stimmy + taxes &amp; a work check i’m broke baby i don’t wanna talk 😂😭😭😭😭 </document>
		<document> rule number 2 is better #url# </document>
		<document> went to sleep at 1am &amp; popped up at 5am like i got a full nights rest </document>
		<document> rt #user#: you trusted them enough to let them suck your actual penis. you niggas are not smart </document>
		<document> rt #user#: i really don’t like people that aren’t self aware how can you not know you’re a bad person ??? </document>
		<document> my sleep schedule is fucked </document>
		<document> rt #user#: lmaoo why she talking like a grown woman 😂😂😂😂 ” thats nastyyyy “ #url# </document>
		<document> rt #user#: i’m at the age of what’s the point of dating if i don’t plan on marrying u </document>
		<document> rt #user#: this is definitely grounds for break up </document>
		<document> rt #user#: this is not a side hustle, job, quick money scheme or anything like that. this is fucking evil. </document>
		<document> rt #user#: absence &amp; silence gonna leave yo ass single 💯 </document>
		<document> rt #user#: i’m so glad i don’t follow the crowd &amp; i’m my own person. </document>
		<document> “i’m broke” is my favorite thing to say nowadays. it’s my stingy year idc </document>
		<document> rt #user#: i survived the things that shattered me to the core </document>
		<document> niggas with beards get 15 chances and that’s my problem right there </document>
		<document> i really thought this nigga was the one. my crazy tail self 🥴 </document>
		<document> rt #user#: tryna heal from shit i never talk about. </document>
		<document> im so bored i just wanna go home 🥲 </document>
		<document> after this shift is over i’m on vacation until the 5th 🙌🏾 much neeeeeded </document>
		<document> rt #user#: my mama gave birth to a hustler. ima figure it out one way or another 🎯 </document>
		<document> god bless these 20 somethings </document>
		<document> i might take a trip fuck it </document>
		<document> rt #user#: okay this was cute afff! she was spot on! #url# </document>
		<document> i’m tired of working </document>
		<document> rt #user#: this really the nastiest outfit ever. #url# </document>
		<document> i can’t 😩 this was so sweet #url# #url# </document>
		<document> 0 flaws 😍 #url# </document>
		<document> rt #user#: a sailing soul kinda saturday #url# </document>
		<document> rt #user#: 2016..... you just had to be there. #url# </document>
		<document> rt #user#: damn already 🤣🤣 </document>
		<document> rt #user#: girl code was the blueprint💀 now they don’t show it and girls be weird. </document>
		<document> cheetah girls 2 ate </document>
		<document> rt #user#: this is triggering 😭 #url# </document>
		<document> rt #user#: nobody: joe biden: </document>
		<document> i’m just ready to mooove! geez house hunting not as easy as it seems </document>
		<document> shit i used to trip over i’m walking past fr </document>
		<document> rt #user#: march will be great❤️ </document>
		<document> these “y’all just wasn’t there” tweets are unlocking memories i forgot about </document>
		<document> rt #user#: no but y’all really wasn’t there. #url# </document>
		<document> rt #user#: u just had 2 be there #url# </document>
		<document> let me take my ass to sleep </document>
		<document> i was doing that shit 5 years ago 😂🤦🏾‍♀️ #url# </document>
		<document> rt #user#: “mommy and daddy money” isn’t the grand insult y’all think it is </document>
		<document> rt #user#: atlanta twitter, y’all been to this place before? #url# </document>
		<document> rt #user#: i surely can attest that none of you niggas was there #url# </document>
		<document> rt #user#: bro ... you had to be there😭😭 #url# </document>
		<document> apartment hunting is stressful </document>
		<document> i hate a uptight ass person. someone you can’t joke with . it’s like they have a stick up they ass 24/7 </document>
		<document> rt #user#: my type of dates, i’m a big ass kid fr if we can’t have fun you ain’t for me😭 #url# </document>
		<document> when i say my mom is my rock i mean that. she all i got.. all i ever had </document>
		<document> i deadass couldn’t do this shit without my mom. i wish she could live forever </document>
		<document> rt #user#: so apparently ur love language is based on what u didn’t receive as a child.... </document>
		<document> what happened to the boss ass bitch girls . where are they now? 😩 </document>
		<document> rt #user#: you just had to be there #url# </document>
		<document> that’s crazy the song my mom dedicated to me when i was a baby is the same song i dedicate to my daughter </document>
		<document> the joy of my world is in maree 💕 </document>
		<document> rt #user#: bumping pussy feel so good idc idc 😂🤷🏽‍♀️💦😻 </document>
		<document> rt #user#: stop doing so much , just to fit a nigga preference . nobody gives a fuck what that nigga like! be yourself! read that again </document>
		<document> ima have to go to prison fuck that #url# </document>
		<document> this exact spot gives me anxiety every time!!!! #url# </document>
		<document> i’m glad this person plays imessage games with me thru my whole shift. i be bored af </document>
		<document> if i can’t have you is love completely off the table? </document>
		<document> rt #user#: y’all really wasn’t there #url# </document>
		<document> it look good #url# #url# </document>
		<document> canada dry is black people medicine #url# </document>
		<document> somebody in the comments said it’s like eating a snickers with the wrapper on 🤣🤣🤣 #url# </document>
		<document> when it comes to money i play no games </document>
		<document> rt #user#: #user# the face and the hand gesture has me undone 😂😂 she's like when you're done, this is still a grilled cheese </document>
		<document> rt #user#: them days tripping over a nigga? been over. i am the nigga now 😂😂😂 </document>
		<document> rt #user#: bobby shmurda came home and changed the weather 😭 alexa play hot nigga😂 </document>
		<document> ok but why have i did this before 😭😭😭 #url# </document>
		<document> rt #user#: i’m paiddd ion need a nigga for nun but dick. 💁🏽‍♀️ </document>
		<document> mia khalifa porn is so trash </document>
		<document> i’m not feeling this adulting shit. i didn’t sign up for this </document>
		<document> i’m 22 and i’m stressing about life. i need to chill out 😭 </document>
		<document> rt #user#: life after 18 is so horrible. you breathe and you’ve already spent $150 lmaoo </document>
		<document> ok but this bird had to get some shit off her chest #url# </document>
		<document> rt #user#: repost. may save a life #url# </document>
		<document> rt #user#: #user# how come y’all are always forgetting zwinky?? 😭 #url# </document>
		<document> rt #user#: #user# i am so sick of talking stages man. like just emotionally drained of the ghosting #url# </document>
		<document> happy birthday!!! 🥳🥳🥳 #url# </document>
		<document> i know all this hard work is gonna pay off at the end </document>
		<document> i hate that i work 12 hour shifts and i be sleep the other 12 and have no time like that for my bbg 🥺 </document>
		<document> i’ll have whatever she had please n thanks 🙃 #url# </document>
		<document> rt #user#: stop forcing shit... if they not giving you the same effort &amp; energy... fall back... </document>
		<document> i hate those fake “i miss you’s” when they bored </document>
		<document> rt #user#: i remember them toxic relationships. whole day ruined by 8am sharp 😂 </document>
		<document> rt #user#: we really got these albums back to back. i'll never get over it. #url# </document>
		<document> rt #user#: y’all wasn’t there #url# </document>
		<document> rt #user#: only in syracuse is calling someone weird fighting words 😂 cause bitch gtfoh </document>
		<document> rt #user#: i know shorty mama jealous as hell </document>
		<document> rt #user#: accept the situation &amp; move on. </document>
		<document> the news i just got 😒 </document>
		<document> rt #user#: you had to be there #url# </document>
		<document> rt #user#: bobby shmurda - bobby bitch #url# via #user# </document>
		<document> rt #user#: bobby shmurda has been released! #url# </document>
		<document> that nigga bobby home. ayeeeeee they call me bobby bitch 🕺🏾 </document>
		<document> i know that life has a funny way so i’m not complaining </document>
		<document> honestly threw it in the towel with this nigga it’s whatever </document>
		<document> why do i have my car keys in hand and i don’t clock out until another 30 minutes 🤣 </document>
		<document> i really hate how i’m about to have to act </document>
		<document> no seriously lol #url# </document>
		<document> #user# exactly. children just need both parents period. </document>
		<document> little girls need their daddy’s </document>
		<document> rt #user#: i don’t care how grown i am... i need my mom. that woman is my life. </document>
		<document> honestly just ready to eat and go to sleep </document>
		<document> going to l.a on some dolo shit </document>
		<document> rt #user#: i ain’t got no poly blood in me. aht-aht! cause ima wanna know why tf y’all was kissing longer </document>
		<document> the amount of money i’d pay to have one more conversation with my grandma. i miss her </document>
		<document> stuck between wanting to be single and wanting to be in love </document>
		<document> i just od friend zoned this nigga that i even feel bad a lil bit </document>
		<document> rt #user#: yallllll... my husband surprised me with a private dinner on the beach ... 😩😩🥺🥺🥺❤️❤️💔 #url# </document>
		<document> rt #user#: i once helped a nigga shop for a trip and when he landed he posted the girl he took out of town 🥳🥳🥳 </document>
		<document> rt #user#: if we can’t steal from walmart together then wtf could we do .😂😂 </document>
		<document> rt #user#: me as a parent 😂 #url# </document>
		<document> just might be a hoe </document>
		<document> love is a losing game </document>
		<document> pound town imy </document>
		<document> babies live they life on the edge </document>
		<document> rt #user#: #user# “the dark skinned one with the locs🗣” lmao </document>
		<document> it’s the audacity guys have </document>
		<document> rt #user#: why men don’t deserve rights in 30 seconds: #url# </document>
		<document> that shit just made me wanna get a new number lmfao </document>
		<document> blowing my phone up and i finally answer talking about some “hi” </document>
		<document> i don’t like people blowing my phone up unless i fw that person 😅 </document>
		<document> ima beat michael ass for calling me back to back like that. i do not like that shit </document>
		<document> rt #user#: my brain has trouble processing 2019 was 2 years ago because 2020 felt like a time skip #url# </document>
		<document> rt #user#: adulting is when you realize all you want is a home, stable job, and a partner to settle down with. </document>
		<document> rt #user#: how do i explain to my landlord that #user# has my rent money and this is really between them two </document>
		<document> rt #user#: i’m crying why the pics so intimate like he the baby daddy </document>
		<document> rt #user#: i would fight everybody #url# </document>
		<document> i’d never forget how it felt the first day i got my own car </document>
		<document> that feeling of having your own car&gt;&gt;&gt;&gt;&gt;&gt;&gt; </document>
		<document> rt #user#: i did a big boy purchase today and bought my first car!!! 😅 #url# </document>
		<document> ok but this is why i have a outstanding bill on my credit #url# </document>
		<document> my mouth will never go near a nigga ass i’m sorry </document>
		<document> march 2020 was very depressing lol. </document>
		<document> #user# i’ve had my same earpods for 2 years lmfao </document>
		<document> sure told a whole ass lie #url# </document>
		<document> my little sister the same exact way 😭 #url# </document>
	    
	<document> rt #user#: toxic is not cute! it’s draining, it’s unhappy, it’s ugly, &amp; i don’t want no parts. </document>
		<document> rt #user#: taxes + stimmy + job checks... 🥴 alexa, play rags to riches! 😂 </document>
		<document> #user# so pretty 🥺💕 </document>
		<document> rt #user#: i got one more relationship in me before i become the hoe everybody think i am </document>
		<document> rt #user#: facts cuz i’m buying coochie </document>
		<document> rt #user#: this lewis and clarke ass breakfast </document>
		<document> #user# lamont lmfao! shut upppp 😂😂😂 </document>
		<document> big fat moose gorilla grip pussy #url# </document>
		<document> rt #user#: i still love you but i used to love you more </document>
		<document> rt #user#: #user# this one puts me in tears sometimes. #url# </document>
		<document> rt #user#: if a n!gga can go a whole a day without talking to me.. im single. </document>
		<document> honestly life is too short. i love everybody </document>
		<document> rt #user#: stoppppp what y’all put in the queen’s hand??😭 #url# </document>
		<document> slut me out </document>
		<document> rt #user#: this hit me hard . #url# </document>
		<document> rt #user#: my momma swore up and down she wasn’t my lil friend, now look at her. my friend. </document>
		<document> rt #user#: i miss who i was before my first heartbreak. </document>
		<document> pardon my tits and makeup </document>
		<document> rt #user#: #user# yes go off #url# </document>
		<document> it feels good to finally be over somebody 🤝 </document>
		<document> sis had to get that off her chest #url# </document>
		<document> rt #user#: she walked into the studio mad as fuck #url# </document>
		<document> that bold ginger ale is medicine forreal </document>
		<document> i did it cus i wanted to </document>
		<document> rt #user#: i need my people to free themselves from the shackles of lenox mall. it is not that great. </document>
		<document> i like when someone match my nasty &gt; </document>
		<document> he did me like no ones ever done it </document>
		<document> i think i’m in love </document>
		<document> not feeling the liquor anymore 🥴 </document>
		<document> i been having the time of my life the past 5 days forreal lmao </document>
		<document> rt #user#: #user# lmao you said #url# </document>
		<document> dropped this nigga and my life been great </document>
		<document> rt #user#: some men just want to watch the world burn #url# </document>
		<document> #user# taking full advantage of my mother watching my daughter 😂🥂 </document>
		<document> rt #user#: using my wig money to get brakes for my car #url# </document>
		<document> i been drunk for like 3 days straight </document>
		<document> rt #user#: na. macbooks too expensive for this shit to always be breathing hard. </document>
		<document> rt #user#: quavo after eating the dinner saweetie makes #url# </document>
		<document> rt #user#: what he ate #url# </document>
		<document> rt #user#: twin said “who is that?!?! nuh uh! don’t reach for him!” 🥴 </document>
		<document> rt #user#: me in the mirror when he busts in 2 mins 😂😂 #url# </document>
		<document> rt #user#: has anyone else not been to the dentist since covid and also not for the five years before that </document>
		<document> rt #user#: #user# you can look in my coochie but my panties are personal #url# </document>
		<document> rt #user#: i’m either gone be submissive or pay all my own bills.... but i’m not doing both. </document>
		<document> rt #user#: imagine just tryna hit a quick lick and the whole neighborhood pull up on you 😭 </document>
		<document> rt #user#: lay it down is a classic and lloyd is that nigga for yodeling at the end of the song like he did. </document>
		<document> rt #user#: people be ashamed of they hoe stage i had a ball 🥴😂😂😂😂😂 </document>
		<document> rt #user#: #user# #user# “drove a horse” 💀💀 </document>
		<document> i feel attacked bc i only have 3 cousins lmfao #url# </document>
		<document> rt #user#: #user# sza is proof that scorpios just be lying for no reason </document>
		<document> rt #user#: women gotta realize if we really cared about losing em we wouldn’t never lose em </document>
		<document> rt #user#: the set up. v. the shot. #url# </document>
		<document> my body will only sleep 4 hours a day that’s crazy lmao smh </document>
		<document> rt #user#: i'm no longer choosing peace, i choose violence today </document>
		<document> rt #user#: i blame eminem for this. i can’t explain how, but this is his fault </document>
		<document> girl i thought you was jayda #url# </document>
		<document> he got a brother? #url# </document>
		<document> rt #user#: the male ego hates when you move on </document>
		<document> i love crab legs </document>
		<document> heavy on that lol #url# </document>
		<document> rt #user#: stimmy + taxes &amp; a work check i’m broke baby i don’t wanna talk 😂😭😭😭😭 </document>
		<document> rule number 2 is better #url# </document>
		<document> went to sleep at 1am &amp; popped up at 5am like i got a full nights rest </document>
		<document> rt #user#: you trusted them enough to let them suck your actual penis. you niggas are not smart </document>
		<document> rt #user#: i really don’t like people that aren’t self aware how can you not know you’re a bad person ??? </document>
		<document> my sleep schedule is fucked </document>
		<document> rt #user#: lmaoo why she talking like a grown woman 😂😂😂😂 ” thats nastyyyy “ #url# </document>
		<document> rt #user#: i’m at the age of what’s the point of dating if i don’t plan on marrying u </document>
		<document> rt #user#: this is definitely grounds for break up </document>
		<document> rt #user#: this is not a side hustle, job, quick money scheme or anything like that. this is fucking evil. </document>
		<document> rt #user#: absence &amp; silence gonna leave yo ass single 💯 </document>
		<document> rt #user#: i’m so glad i don’t follow the crowd &amp; i’m my own person. </document>
		<document> “i’m broke” is my favorite thing to say nowadays. it’s my stingy year idc </document>
		<document> rt #user#: i survived the things that shattered me to the core </document>
		<document> niggas with beards get 15 chances and that’s my problem right there </document>
		<document> i really thought this nigga was the one. my crazy tail self 🥴 </document>
		<document> rt #user#: tryna heal from shit i never talk about. </document>
		<document> im so bored i just wanna go home 🥲 </document>
		<document> after this shift is over i’m on vacation until the 5th 🙌🏾 much neeeeeded </document>
		<document> rt #user#: my mama gave birth to a hustler. ima figure it out one way or another 🎯 </document>
		<document> god bless these 20 somethings </document>
		<document> i might take a trip fuck it </document>
		<document> rt #user#: okay this was cute afff! she was spot on! #url# </document>
		<document> i’m tired of working </document>
		<document> rt #user#: this really the nastiest outfit ever. #url# </document>
		<document> i can’t 😩 this was so sweet #url# #url# </document>
		<document> 0 flaws 😍 #url# </document>
		<document> rt #user#: a sailing soul kinda saturday #url# </document>
		<document> rt #user#: 2016..... you just had to be there. #url# </document>
		<document> rt #user#: damn already 🤣🤣 </document>
		<document> rt #user#: girl code was the blueprint💀 now they don’t show it and girls be weird. </document>
		<document> cheetah girls 2 ate </document>
		<document> rt #user#: this is triggering 😭 #url# </document>
		<document> rt #user#: nobody: joe biden: </document>
		<document> i’m just ready to mooove! geez house hunting not as easy as it seems </document>
		<document> shit i used to trip over i’m walking past fr </document>
		<document> rt #user#: march will be great❤️ </document>
		<document> these “y’all just wasn’t there” tweets are unlocking memories i forgot about </document>
		<document> rt #user#: no but y’all really wasn’t there. #url# </document>
		<document> rt #user#: u just had 2 be there #url# </document>
		<document> let me take my ass to sleep </document>
		<document> i was doing that shit 5 years ago 😂🤦🏾‍♀️ #url# </document>
		<document> rt #user#: “mommy and daddy money” isn’t the grand insult y’all think it is </document>
		<document> rt #user#: atlanta twitter, y’all been to this place before? #url# </document>
		<document> rt #user#: i surely can attest that none of you niggas was there #url# </document>
		<document> rt #user#: bro ... you had to be there😭😭 #url# </document>
		<document> apartment hunting is stressful </document>
		<document> i hate a uptight ass person. someone you can’t joke with . it’s like they have a stick up they ass 24/7 </document>
		<document> rt #user#: my type of dates, i’m a big ass kid fr if we can’t have fun you ain’t for me😭 #url# </document>
		<document> when i say my mom is my rock i mean that. she all i got.. all i ever had </document>
		<document> i deadass couldn’t do this shit without my mom. i wish she could live forever </document>
		<document> rt #user#: so apparently ur love language is based on what u didn’t receive as a child.... </document>
		<document> what happened to the boss ass bitch girls . where are they now? 😩 </document>
		<document> rt #user#: you just had to be there #url# </document>
		<document> that’s crazy the song my mom dedicated to me when i was a baby is the same song i dedicate to my daughter </document>
		<document> the joy of my world is in maree 💕 </document>
		<document> rt #user#: bumping pussy feel so good idc idc 😂🤷🏽‍♀️💦😻 </document>
		<document> rt #user#: stop doing so much , just to fit a nigga preference . nobody gives a fuck what that nigga like! be yourself! read that again </document>
		<document> ima have to go to prison fuck that #url# </document>
		<document> this exact spot gives me anxiety every time!!!! #url# </document>
		<document> i’m glad this person plays imessage games with me thru my whole shift. i be bored af </document>
		<document> if i can’t have you is love completely off the table? </document>
		<document> rt #user#: y’all really wasn’t there #url# </document>
		<document> it look good #url# #url# </document>
		<document> canada dry is black people medicine #url# </document>
		<document> somebody in the comments said it’s like eating a snickers with the wrapper on 🤣🤣🤣 #url# </document>
		<document> when it comes to money i play no games </document>
		<document> rt #user#: #user# the face and the hand gesture has me undone 😂😂 she's like when you're done, this is still a grilled cheese </document>
		<document> rt #user#: them days tripping over a nigga? been over. i am the nigga now 😂😂😂 </document>
		<document> rt #user#: bobby shmurda came home and changed the weather 😭 alexa play hot nigga😂 </document>
		<document> ok but why have i did this before 😭😭😭 #url# </document>
		<document> rt #user#: i’m paiddd ion need a nigga for nun but dick. 💁🏽‍♀️ </document>
		<document> mia khalifa porn is so trash </document>
		<document> i’m not feeling this adulting shit. i didn’t sign up for this </document>
		<document> i’m 22 and i’m stressing about life. i need to chill out 😭 </document>
		<document> rt #user#: life after 18 is so horrible. you breathe and you’ve already spent $150 lmaoo </document>
		<document> ok but this bird had to get some shit off her chest #url# </document>
		<document> rt #user#: repost. may save a life #url# </document>
		<document> rt #user#: #user# how come y’all are always forgetting zwinky?? 😭 #url# </document>
		<document> rt #user#: #user# i am so sick of talking stages man. like just emotionally drained of the ghosting #url# </document>
		<document> happy birthday!!! 🥳🥳🥳 #url# </document>
		<document> i know all this hard work is gonna pay off at the end </document>
		<document> i hate that i work 12 hour shifts and i be sleep the other 12 and have no time like that for my bbg 🥺 </document>
		<document> i’ll have whatever she had please n thanks 🙃 #url# </document>
		<document> rt #user#: stop forcing shit... if they not giving you the same effort &amp; energy... fall back... </document>
		<document> i hate those fake “i miss you’s” when they bored </document>
		<document> rt #user#: i remember them toxic relationships. whole day ruined by 8am sharp 😂 </document>
		<document> rt #user#: we really got these albums back to back. i'll never get over it. #url# </document>
		<document> rt #user#: y’all wasn’t there #url# </document>
		<document> rt #user#: only in syracuse is calling someone weird fighting words 😂 cause bitch gtfoh </document>
		<document> rt #user#: i know shorty mama jealous as hell </document>
		<document> rt #user#: accept the situation &amp; move on. </document>
		<document> the news i just got 😒 </document>
		<document> rt #user#: you had to be there #url# </document>
		<document> rt #user#: bobby shmurda - bobby bitch #url# via #user# </document>
		<document> rt #user#: bobby shmurda has been released! #url# </document>
		<document> that nigga bobby home. ayeeeeee they call me bobby bitch 🕺🏾 </document>
		<document> i know that life has a funny way so i’m not complaining </document>
		<document> honestly threw it in the towel with this nigga it’s whatever </document>
		<document> why do i have my car keys in hand and i don’t clock out until another 30 minutes 🤣 </document>
		<document> i really hate how i’m about to have to act </document>
		<document> no seriously lol #url# </document>
		<document> #user# exactly. children just need both parents period. </document>
		<document> little girls need their daddy’s </document>
		<document> rt #user#: i don’t care how grown i am... i need my mom. that woman is my life. </document>
		<document> honestly just ready to eat and go to sleep </document>
		<document> going to l.a on some dolo shit </document>
		<document> rt #user#: i ain’t got no poly blood in me. aht-aht! cause ima wanna know why tf y’all was kissing longer </document>
		<document> the amount of money i’d pay to have one more conversation with my grandma. i miss her </document>
		<document> stuck between wanting to be single and wanting to be in love </document>
		<document> i just od friend zoned this nigga that i even feel bad a lil bit </document>
		<document> rt #user#: yallllll... my husband surprised me with a private dinner on the beach ... 😩😩🥺🥺🥺❤️❤️💔 #url# </document>
		<document> rt #user#: i once helped a nigga shop for a trip and when he landed he posted the girl he took out of town 🥳🥳🥳 </document>
		<document> rt #user#: if we can’t steal from walmart together then wtf could we do .😂😂 </document>
		<document> rt #user#: me as a parent 😂 #url# </document>
		<document> just might be a hoe </document>
		<document> love is a losing game </document>
		<document> pound town imy </document>
		<document> babies live they life on the edge </document>
		<document> rt #user#: #user# “the dark skinned one with the locs🗣” lmao </document>
		<document> it’s the audacity guys have </document>
		<document> rt #user#: why men don’t deserve rights in 30 seconds: #url# </document>
		<document> that shit just made me wanna get a new number lmfao </document>
		<document> blowing my phone up and i finally answer talking about some “hi” </document>
		<document> i don’t like people blowing my phone up unless i fw that person 😅 </document>
		<document> ima beat michael ass for calling me back to back like that. i do not like that shit </document>
		<document> rt #user#: my brain has trouble processing 2019 was 2 years ago because 2020 felt like a time skip #url# </document>
		<document> rt #user#: adulting is when you realize all you want is a home, stable job, and a partner to settle down with. </document>
		<document> rt #user#: how do i explain to my landlord that #user# has my rent money and this is really between them two </document>
		<document> rt #user#: i’m crying why the pics so intimate like he the baby daddy </document>
		<document> rt #user#: i would fight everybody #url# </document>
		<document> i’d never forget how it felt the first day i got my own car </document>
		<document> that feeling of having your own car&gt;&gt;&gt;&gt;&gt;&gt;&gt; </document>
		<document> rt #user#: i did a big boy purchase today and bought my first car!!! 😅 #url# </document>
		<document> ok but this is why i have a outstanding bill on my credit #url# </document>
		<document> my mouth will never go near a nigga ass i’m sorry </document>
		<document> march 2020 was very depressing lol. </document>
		<document> #user# i’ve had my same earpods for 2 years lmfao </document>
		<document> sure told a whole ass lie #url# </document>
		<document> my little sister the same exact way 😭 #url# </document>
	    
	<document> rt #user#: toxic is not cute! it’s draining, it’s unhappy, it’s ugly, &amp; i don’t want no parts. </document>
		<document> rt #user#: taxes + stimmy + job checks... 🥴 alexa, play rags to riches! 😂 </document>
		<document> #user# so pretty 🥺💕 </document>
		<document> rt #user#: i got one more relationship in me before i become the hoe everybody think i am </document>
		<document> rt #user#: facts cuz i’m buying coochie </document>
		<document> rt #user#: this lewis and clarke ass breakfast </document>
		<document> #user# lamont lmfao! shut upppp 😂😂😂 </document>
		<document> big fat moose gorilla grip pussy #url# </document>
		<document> rt #user#: i still love you but i used to love you more </document>
		<document> rt #user#: #user# this one puts me in tears sometimes. #url# </document>
		<document> rt #user#: if a n!gga can go a whole a day without talking to me.. im single. </document>
		<document> honestly life is too short. i love everybody </document>
		<document> rt #user#: stoppppp what y’all put in the queen’s hand??😭 #url# </document>
		<document> slut me out </document>
		<document> rt #user#: this hit me hard . #url# </document>
		<document> rt #user#: my momma swore up and down she wasn’t my lil friend, now look at her. my friend. </document>
		<document> rt #user#: i miss who i was before my first heartbreak. </document>
		<document> pardon my tits and makeup </document>
		<document> rt #user#: #user# yes go off #url# </document>
		<document> it feels good to finally be over somebody 🤝 </document>
		<document> sis had to get that off her chest #url# </document>
		<document> rt #user#: she walked into the studio mad as fuck #url# </document>
		<document> that bold ginger ale is medicine forreal </document>
		<document> i did it cus i wanted to </document>
		<document> rt #user#: i need my people to free themselves from the shackles of lenox mall. it is not that great. </document>
		<document> i like when someone match my nasty &gt; </document>
		<document> he did me like no ones ever done it </document>
		<document> i think i’m in love </document>
		<document> not feeling the liquor anymore 🥴 </document>
		<document> i been having the time of my life the past 5 days forreal lmao </document>
		<document> rt #user#: #user# lmao you said #url# </document>
		<document> dropped this nigga and my life been great </document>
		<document> rt #user#: some men just want to watch the world burn #url# </document>
		<document> #user# taking full advantage of my mother watching my daughter 😂🥂 </document>
		<document> rt #user#: using my wig money to get brakes for my car #url# </document>
		<document> i been drunk for like 3 days straight </document>
		<document> rt #user#: na. macbooks too expensive for this shit to always be breathing hard. </document>
		<document> rt #user#: quavo after eating the dinner saweetie makes #url# </document>
		<document> rt #user#: what he ate #url# </document>
		<document> rt #user#: twin said “who is that?!?! nuh uh! don’t reach for him!” 🥴 </document>
		<document> rt #user#: me in the mirror when he busts in 2 mins 😂😂 #url# </document>
		<document> rt #user#: has anyone else not been to the dentist since covid and also not for the five years before that </document>
		<document> rt #user#: #user# you can look in my coochie but my panties are personal #url# </document>
		<document> rt #user#: i’m either gone be submissive or pay all my own bills.... but i’m not doing both. </document>
		<document> rt #user#: imagine just tryna hit a quick lick and the whole neighborhood pull up on you 😭 </document>
		<document> rt #user#: lay it down is a classic and lloyd is that nigga for yodeling at the end of the song like he did. </document>
		<document> rt #user#: people be ashamed of they hoe stage i had a ball 🥴😂😂😂😂😂 </document>
		<document> rt #user#: #user# #user# “drove a horse” 💀💀 </document>
		<document> i feel attacked bc i only have 3 cousins lmfao #url# </document>
		<document> rt #user#: #user# sza is proof that scorpios just be lying for no reason </document>
		<document> rt #user#: women gotta realize if we really cared about losing em we wouldn’t never lose em </document>
		<document> rt #user#: the set up. v. the shot. #url# </document>
		<document> my body will only sleep 4 hours a day that’s crazy lmao smh </document>
		<document> rt #user#: i'm no longer choosing peace, i choose violence today </document>
		<document> rt #user#: i blame eminem for this. i can’t explain how, but this is his fault </document>
		<document> girl i thought you was jayda #url# </document>
		<document> he got a brother? #url# </document>
		<document> rt #user#: the male ego hates when you move on </document>
		<document> i love crab legs </document>
		<document> heavy on that lol #url# </document>
		<document> rt #user#: stimmy + taxes &amp; a work check i’m broke baby i don’t wanna talk 😂😭😭😭😭 </document>
		<document> rule number 2 is better #url# </document>
		<document> went to sleep at 1am &amp; popped up at 5am like i got a full nights rest </document>
		<document> rt #user#: you trusted them enough to let them suck your actual penis. you niggas are not smart </document>
		<document> rt #user#: i really don’t like people that aren’t self aware how can you not know you’re a bad person ??? </document>
		<document> my sleep schedule is fucked </document>
		<document> rt #user#: lmaoo why she talking like a grown woman 😂😂😂😂 ” thats nastyyyy “ #url# </document>
		<document> rt #user#: i’m at the age of what’s the point of dating if i don’t plan on marrying u </document>
		<document> rt #user#: this is definitely grounds for break up </document>
		<document> rt #user#: this is not a side hustle, job, quick money scheme or anything like that. this is fucking evil. </document>
		<document> rt #user#: absence &amp; silence gonna leave yo ass single 💯 </document>
		<document> rt #user#: i’m so glad i don’t follow the crowd &amp; i’m my own person. </document>
		<document> “i’m broke” is my favorite thing to say nowadays. it’s my stingy year idc </document>
		<document> rt #user#: i survived the things that shattered me to the core </document>
		<document> niggas with beards get 15 chances and that’s my problem right there </document>
		<document> i really thought this nigga was the one. my crazy tail self 🥴 </document>
		<document> rt #user#: tryna heal from shit i never talk about. </document>
		<document> im so bored i just wanna go home 🥲 </document>
		<document> after this shift is over i’m on vacation until the 5th 🙌🏾 much neeeeeded </document>
		<document> rt #user#: my mama gave birth to a hustler. ima figure it out one way or another 🎯 </document>
		<document> god bless these 20 somethings </document>
		<document> i might take a trip fuck it </document>
		<document> rt #user#: okay this was cute afff! she was spot on! #url# </document>
		<document> i’m tired of working </document>
		<document> rt #user#: this really the nastiest outfit ever. #url# </document>
		<document> i can’t 😩 this was so sweet #url# #url# </document>
		<document> 0 flaws 😍 #url# </document>
		<document> rt #user#: a sailing soul kinda saturday #url# </document>
		<document> rt #user#: 2016..... you just had to be there. #url# </document>
		<document> rt #user#: damn already 🤣🤣 </document>
		<document> rt #user#: girl code was the blueprint💀 now they don’t show it and girls be weird. </document>
		<document> cheetah girls 2 ate </document>
		<document> rt #user#: this is triggering 😭 #url# </document>
		<document> rt #user#: nobody: joe biden: </document>
		<document> i’m just ready to mooove! geez house hunting not as easy as it seems </document>
		<document> shit i used to trip over i’m walking past fr </document>
		<document> rt #user#: march will be great❤️ </document>
		<document> these “y’all just wasn’t there” tweets are unlocking memories i forgot about </document>
		<document> rt #user#: no but y’all really wasn’t there. #url# </document>
		<document> rt #user#: u just had 2 be there #url# </document>
		<document> let me take my ass to sleep </document>
		<document> i was doing that shit 5 years ago 😂🤦🏾‍♀️ #url# </document>
		<document> rt #user#: “mommy and daddy money” isn’t the grand insult y’all think it is </document>
		<document> rt #user#: atlanta twitter, y’all been to this place before? #url# </document>
		<document> rt #user#: i surely can attest that none of you niggas was there #url# </document>
		<document> rt #user#: bro ... you had to be there😭😭 #url# </document>
		<document> apartment hunting is stressful </document>
		<document> i hate a uptight ass person. someone you can’t joke with . it’s like they have a stick up they ass 24/7 </document>
		<document> rt #user#: my type of dates, i’m a big ass kid fr if we can’t have fun you ain’t for me😭 #url# </document>
		<document> when i say my mom is my rock i mean that. she all i got.. all i ever had </document>
		<document> i deadass couldn’t do this shit without my mom. i wish she could live forever </document>
		<document> rt #user#: so apparently ur love language is based on what u didn’t receive as a child.... </document>
		<document> what happened to the boss ass bitch girls . where are they now? 😩 </document>
		<document> rt #user#: you just had to be there #url# </document>
		<document> that’s crazy the song my mom dedicated to me when i was a baby is the same song i dedicate to my daughter </document>
		<document> the joy of my world is in maree 💕 </document>
		<document> rt #user#: bumping pussy feel so good idc idc 😂🤷🏽‍♀️💦😻 </document>
		<document> rt #user#: stop doing so much , just to fit a nigga preference . nobody gives a fuck what that nigga like! be yourself! read that again </document>
		<document> ima have to go to prison fuck that #url# </document>
		<document> this exact spot gives me anxiety every time!!!! #url# </document>
		<document> i’m glad this person plays imessage games with me thru my whole shift. i be bored af </document>
		<document> if i can’t have you is love completely off the table? </document>
		<document> rt #user#: y’all really wasn’t there #url# </document>
		<document> it look good #url# #url# </document>
		<document> canada dry is black people medicine #url# </document>
		<document> somebody in the comments said it’s like eating a snickers with the wrapper on 🤣🤣🤣 #url# </document>
		<document> when it comes to money i play no games </document>
		<document> rt #user#: #user# the face and the hand gesture has me undone 😂😂 she's like when you're done, this is still a grilled cheese </document>
		<document> rt #user#: them days tripping over a nigga? been over. i am the nigga now 😂😂😂 </document>
		<document> rt #user#: bobby shmurda came home and changed the weather 😭 alexa play hot nigga😂 </document>
		<document> ok but why have i did this before 😭😭😭 #url# </document>
		<document> rt #user#: i’m paiddd ion need a nigga for nun but dick. 💁🏽‍♀️ </document>
		<document> mia khalifa porn is so trash </document>
		<document> i’m not feeling this adulting shit. i didn’t sign up for this </document>
		<document> i’m 22 and i’m stressing about life. i need to chill out 😭 </document>
		<document> rt #user#: life after 18 is so horrible. you breathe and you’ve already spent $150 lmaoo </document>
		<document> ok but this bird had to get some shit off her chest #url# </document>
		<document> rt #user#: repost. may save a life #url# </document>
		<document> rt #user#: #user# how come y’all are always forgetting zwinky?? 😭 #url# </document>
		<document> rt #user#: #user# i am so sick of talking stages man. like just emotionally drained of the ghosting #url# </document>
		<document> happy birthday!!! 🥳🥳🥳 #url# </document>
		<document> i know all this hard work is gonna pay off at the end </document>
		<document> i hate that i work 12 hour shifts and i be sleep the other 12 and have no time like that for my bbg 🥺 </document>
		<document> i’ll have whatever she had please n thanks 🙃 #url# </document>
		<document> rt #user#: stop forcing shit... if they not giving you the same effort &amp; energy... fall back... </document>
		<document> i hate those fake “i miss you’s” when they bored </document>
		<document> rt #user#: i remember them toxic relationships. whole day ruined by 8am sharp 😂 </document>
		<document> rt #user#: we really got these albums back to back. i'll never get over it. #url# </document>
		<document> rt #user#: y’all wasn’t there #url# </document>
		<document> rt #user#: only in syracuse is calling someone weird fighting words 😂 cause bitch gtfoh </document>
		<document> rt #user#: i know shorty mama jealous as hell </document>
		<document> rt #user#: accept the situation &amp; move on. </document>
		<document> the news i just got 😒 </document>
		<document> rt #user#: you had to be there #url# </document>
		<document> rt #user#: bobby shmurda - bobby bitch #url# via #user# </document>
		<document> rt #user#: bobby shmurda has been released! #url# </document>
		<document> that nigga bobby home. ayeeeeee they call me bobby bitch 🕺🏾 </document>
		<document> i know that life has a funny way so i’m not complaining </document>
		<document> honestly threw it in the towel with this nigga it’s whatever </document>
		<document> why do i have my car keys in hand and i don’t clock out until another 30 minutes 🤣 </document>
		<document> i really hate how i’m about to have to act </document>
		<document> no seriously lol #url# </document>
		<document> #user# exactly. children just need both parents period. </document>
		<document> little girls need their daddy’s </document>
		<document> rt #user#: i don’t care how grown i am... i need my mom. that woman is my life. </document>
		<document> honestly just ready to eat and go to sleep </document>
		<document> going to l.a on some dolo shit </document>
		<document> rt #user#: i ain’t got no poly blood in me. aht-aht! cause ima wanna know why tf y’all was kissing longer </document>
		<document> the amount of money i’d pay to have one more conversation with my grandma. i miss her </document>
		<document> stuck between wanting to be single and wanting to be in love </document>
		<document> i just od friend zoned this nigga that i even feel bad a lil bit </document>
		<document> rt #user#: yallllll... my husband surprised me with a private dinner on the beach ... 😩😩🥺🥺🥺❤️❤️💔 #url# </document>
		<document> rt #user#: i once helped a nigga shop for a trip and when he landed he posted the girl he took out of town 🥳🥳🥳 </document>
		<document> rt #user#: if we can’t steal from walmart together then wtf could we do .😂😂 </document>
		<document> rt #user#: me as a parent 😂 #url# </document>
		<document> just might be a hoe </document>
		<document> love is a losing game </document>
		<document> pound town imy </document>
		<document> babies live they life on the edge </document>
		<document> rt #user#: #user# “the dark skinned one with the locs🗣” lmao </document>
		<document> it’s the audacity guys have </document>
		<document> rt #user#: why men don’t deserve rights in 30 seconds: #url# </document>
		<document> that shit just made me wanna get a new number lmfao </document>
		<document> blowing my phone up and i finally answer talking about some “hi” </document>
		<document> i don’t like people blowing my phone up unless i fw that person 😅 </document>
		<document> ima beat michael ass for calling me back to back like that. i do not like that shit </document>
		<document> rt #user#: my brain has trouble processing 2019 was 2 years ago because 2020 felt like a time skip #url# </document>
		<document> rt #user#: adulting is when you realize all you want is a home, stable job, and a partner to settle down with. </document>
		<document> rt #user#: how do i explain to my landlord that #user# has my rent money and this is really between them two </document>
		<document> rt #user#: i’m crying why the pics so intimate like he the baby daddy </document>
		<document> rt #user#: i would fight everybody #url# </document>
		<document> i’d never forget how it felt the first day i got my own car </document>
		<document> that feeling of having your own car&gt;&gt;&gt;&gt;&gt;&gt;&gt; </document>
		<document> rt #user#: i did a big boy purchase today and bought my first car!!! 😅 #url# </document>
		<document> ok but this is why i have a outstanding bill on my credit #url# </document>
		<document> my mouth will never go near a nigga ass i’m sorry </document>
		<document> march 2020 was very depressing lol. </document>
		<document> #user# i’ve had my same earpods for 2 years lmfao </document>
		<document> sure told a whole ass lie #url# </document>
		<document> my little sister the same exact way 😭 #url# </document>
	    
	<document> rt #user#: toxic is not cute! it’s draining, it’s unhappy, it’s ugly, &amp; i don’t want no parts. </document>
		<document> rt #user#: taxes + stimmy + job checks... 🥴 alexa, play rags to riches! 😂 </document>
		<document> #user# so pretty 🥺💕 </document>
		<document> rt #user#: i got one more relationship in me before i become the hoe everybody think i am </document>
		<document> rt #user#: facts cuz i’m buying coochie </document>
		<document> rt #user#: this lewis and clarke ass breakfast </document>
		<document> #user# lamont lmfao! shut upppp 😂😂😂 </document>
		<document> big fat moose gorilla grip pussy #url# </document>
		<document> rt #user#: i still love you but i used to love you more </document>
		<document> rt #user#: #user# this one puts me in tears sometimes. #url# </document>
		<document> rt #user#: if a n!gga can go a whole a day without talking to me.. im single. </document>
		<document> honestly life is too short. i love everybody </document>
		<document> rt #user#: stoppppp what y’all put in the queen’s hand??😭 #url# </document>
		<document> slut me out </document>
		<document> rt #user#: this hit me hard . #url# </document>
		<document> rt #user#: my momma swore up and down she wasn’t my lil friend, now look at her. my friend. </document>
		<document> rt #user#: i miss who i was before my first heartbreak. </document>
		<document> pardon my tits and makeup </document>
		<document> rt #user#: #user# yes go off #url# </document>
		<document> it feels good to finally be over somebody 🤝 </document>
		<document> sis had to get that off her chest #url# </document>
		<document> rt #user#: she walked into the studio mad as fuck #url# </document>
		<document> that bold ginger ale is medicine forreal </document>
		<document> i did it cus i wanted to </document>
		<document> rt #user#: i need my people to free themselves from the shackles of lenox mall. it is not that great. </document>
		<document> i like when someone match my nasty &gt; </document>
		<document> he did me like no ones ever done it </document>
		<document> i think i’m in love </document>
		<document> not feeling the liquor anymore 🥴 </document>
		<document> i been having the time of my life the past 5 days forreal lmao </document>
		<document> rt #user#: #user# lmao you said #url# </document>
		<document> dropped this nigga and my life been great </document>
		<document> rt #user#: some men just want to watch the world burn #url# </document>
		<document> #user# taking full advantage of my mother watching my daughter 😂🥂 </document>
		<document> rt #user#: using my wig money to get brakes for my car #url# </document>
		<document> i been drunk for like 3 days straight </document>
		<document> rt #user#: na. macbooks too expensive for this shit to always be breathing hard. </document>
		<document> rt #user#: quavo after eating the dinner saweetie makes #url# </document>
		<document> rt #user#: what he ate #url# </document>
		<document> rt #user#: twin said “who is that?!?! nuh uh! don’t reach for him!” 🥴 </document>
		<document> rt #user#: me in the mirror when he busts in 2 mins 😂😂 #url# </document>
		<document> rt #user#: has anyone else not been to the dentist since covid and also not for the five years before that </document>
		<document> rt #user#: #user# you can look in my coochie but my panties are personal #url# </document>
		<document> rt #user#: i’m either gone be submissive or pay all my own bills.... but i’m not doing both. </document>
		<document> rt #user#: imagine just tryna hit a quick lick and the whole neighborhood pull up on you 😭 </document>
		<document> rt #user#: lay it down is a classic and lloyd is that nigga for yodeling at the end of the song like he did. </document>
		<document> rt #user#: people be ashamed of they hoe stage i had a ball 🥴😂😂😂😂😂 </document>
		<document> rt #user#: #user# #user# “drove a horse” 💀💀 </document>
		<document> i feel attacked bc i only have 3 cousins lmfao #url# </document>
		<document> rt #user#: #user# sza is proof that scorpios just be lying for no reason </document>
		<document> rt #user#: women gotta realize if we really cared about losing em we wouldn’t never lose em </document>
		<document> rt #user#: the set up. v. the shot. #url# </document>
		<document> my body will only sleep 4 hours a day that’s crazy lmao smh </document>
		<document> rt #user#: i'm no longer choosing peace, i choose violence today </document>
		<document> rt #user#: i blame eminem for this. i can’t explain how, but this is his fault </document>
		<document> girl i thought you was jayda #url# </document>
		<document> he got a brother? #url# </document>
		<document> rt #user#: the male ego hates when you move on </document>
		<document> i love crab legs </document>
		<document> heavy on that lol #url# </document>
		<document> rt #user#: stimmy + taxes &amp; a work check i’m broke baby i don’t wanna talk 😂😭😭😭😭 </document>
		<document> rule number 2 is better #url# </document>
		<document> went to sleep at 1am &amp; popped up at 5am like i got a full nights rest </document>
		<document> rt #user#: you trusted them enough to let them suck your actual penis. you niggas are not smart </document>
		<document> rt #user#: i really don’t like people that aren’t self aware how can you not know you’re a bad person ??? </document>
		<document> my sleep schedule is fucked </document>
		<document> rt #user#: lmaoo why she talking like a grown woman 😂😂😂😂 ” thats nastyyyy “ #url# </document>
		<document> rt #user#: i’m at the age of what’s the point of dating if i don’t plan on marrying u </document>
		<document> rt #user#: this is definitely grounds for break up </document>
		<document> rt #user#: this is not a side hustle, job, quick money scheme or anything like that. this is fucking evil. </document>
		<document> rt #user#: absence &amp; silence gonna leave yo ass single 💯 </document>
		<document> rt #user#: i’m so glad i don’t follow the crowd &amp; i’m my own person. </document>
		<document> “i’m broke” is my favorite thing to say nowadays. it’s my stingy year idc </document>
		<document> rt #user#: i survived the things that shattered me to the core </document>
		<document> niggas with beards get 15 chances and that’s my problem right there </document>
		<document> i really thought this nigga was the one. my crazy tail self 🥴 </document>
		<document> rt #user#: tryna heal from shit i never talk about. </document>
		<document> im so bored i just wanna go home 🥲 </document>
		<document> after this shift is over i’m on vacation until the 5th 🙌🏾 much neeeeeded </document>
		<document> rt #user#: my mama gave birth to a hustler. ima figure it out one way or another 🎯 </document>
		<document> god bless these 20 somethings </document>
		<document> i might take a trip fuck it </document>
		<document> rt #user#: okay this was cute afff! she was spot on! #url# </document>
		<document> i’m tired of working </document>
		<document> rt #user#: this really the nastiest outfit ever. #url# </document>
		<document> i can’t 😩 this was so sweet #url# #url# </document>
		<document> 0 flaws 😍 #url# </document>
		<document> rt #user#: a sailing soul kinda saturday #url# </document>
		<document> rt #user#: 2016..... you just had to be there. #url# </document>
		<document> rt #user#: damn already 🤣🤣 </document>
		<document> rt #user#: girl code was the blueprint💀 now they don’t show it and girls be weird. </document>
		<document> cheetah girls 2 ate </document>
		<document> rt #user#: this is triggering 😭 #url# </document>
		<document> rt #user#: nobody: joe biden: </document>
		<document> i’m just ready to mooove! geez house hunting not as easy as it seems </document>
		<document> shit i used to trip over i’m walking past fr </document>
		<document> rt #user#: march will be great❤️ </document>
		<document> these “y’all just wasn’t there” tweets are unlocking memories i forgot about </document>
		<document> rt #user#: no but y’all really wasn’t there. #url# </document>
		<document> rt #user#: u just had 2 be there #url# </document>
		<document> let me take my ass to sleep </document>
		<document> i was doing that shit 5 years ago 😂🤦🏾‍♀️ #url# </document>
		<document> rt #user#: “mommy and daddy money” isn’t the grand insult y’all think it is </document>
		<document> rt #user#: atlanta twitter, y’all been to this place before? #url# </document>
		<document> rt #user#: i surely can attest that none of you niggas was there #url# </document>
		<document> rt #user#: bro ... you had to be there😭😭 #url# </document>
		<document> apartment hunting is stressful </document>
		<document> i hate a uptight ass person. someone you can’t joke with . it’s like they have a stick up they ass 24/7 </document>
		<document> rt #user#: my type of dates, i’m a big ass kid fr if we can’t have fun you ain’t for me😭 #url# </document>
		<document> when i say my mom is my rock i mean that. she all i got.. all i ever had </document>
		<document> i deadass couldn’t do this shit without my mom. i wish she could live forever </document>
		<document> rt #user#: so apparently ur love language is based on what u didn’t receive as a child.... </document>
		<document> what happened to the boss ass bitch girls . where are they now? 😩 </document>
		<document> rt #user#: you just had to be there #url# </document>
		<document> that’s crazy the song my mom dedicated to me when i was a baby is the same song i dedicate to my daughter </document>
		<document> the joy of my world is in maree 💕 </document>
		<document> rt #user#: bumping pussy feel so good idc idc 😂🤷🏽‍♀️💦😻 </document>
		<document> rt #user#: stop doing so much , just to fit a nigga preference . nobody gives a fuck what that nigga like! be yourself! read that again </document>
		<document> ima have to go to prison fuck that #url# </document>
		<document> this exact spot gives me anxiety every time!!!! #url# </document>
		<document> i’m glad this person plays imessage games with me thru my whole shift. i be bored af </document>
		<document> if i can’t have you is love completely off the table? </document>
		<document> rt #user#: y’all really wasn’t there #url# </document>
		<document> it look good #url# #url# </document>
		<document> canada dry is black people medicine #url# </document>
		<document> somebody in the comments said it’s like eating a snickers with the wrapper on 🤣🤣🤣 #url# </document>
		<document> when it comes to money i play no games </document>
		<document> rt #user#: #user# the face and the hand gesture has me undone 😂😂 she's like when you're done, this is still a grilled cheese </document>
		<document> rt #user#: them days tripping over a nigga? been over. i am the nigga now 😂😂😂 </document>
		<document> rt #user#: bobby shmurda came home and changed the weather 😭 alexa play hot nigga😂 </document>
		<document> ok but why have i did this before 😭😭😭 #url# </document>
		<document> rt #user#: i’m paiddd ion need a nigga for nun but dick. 💁🏽‍♀️ </document>
		<document> mia khalifa porn is so trash </document>
		<document> i’m not feeling this adulting shit. i didn’t sign up for this </document>
		<document> i’m 22 and i’m stressing about life. i need to chill out 😭 </document>
		<document> rt #user#: life after 18 is so horrible. you breathe and you’ve already spent $150 lmaoo </document>
		<document> ok but this bird had to get some shit off her chest #url# </document>
		<document> rt #user#: repost. may save a life #url# </document>
		<document> rt #user#: #user# how come y’all are always forgetting zwinky?? 😭 #url# </document>
		<document> rt #user#: #user# i am so sick of talking stages man. like just emotionally drained of the ghosting #url# </document>
		<document> happy birthday!!! 🥳🥳🥳 #url# </document>
		<document> i know all this hard work is gonna pay off at the end </document>
		<document> i hate that i work 12 hour shifts and i be sleep the other 12 and have no time like that for my bbg 🥺 </document>
		<document> i’ll have whatever she had please n thanks 🙃 #url# </document>
		<document> rt #user#: stop forcing shit... if they not giving you the same effort &amp; energy... fall back... </document>
		<document> i hate those fake “i miss you’s” when they bored </document>
		<document> rt #user#: i remember them toxic relationships. whole day ruined by 8am sharp 😂 </document>
		<document> rt #user#: we really got these albums back to back. i'll never get over it. #url# </document>
		<document> rt #user#: y’all wasn’t there #url# </document>
		<document> rt #user#: only in syracuse is calling someone weird fighting words 😂 cause bitch gtfoh </document>
		<document> rt #user#: i know shorty mama jealous as hell </document>
		<document> rt #user#: accept the situation &amp; move on. </document>
		<document> the news i just got 😒 </document>
		<document> rt #user#: you had to be there #url# </document>
		<document> rt #user#: bobby shmurda - bobby bitch #url# via #user# </document>
		<document> rt #user#: bobby shmurda has been released! #url# </document>
		<document> that nigga bobby home. ayeeeeee they call me bobby bitch 🕺🏾 </document>
		<document> i know that life has a funny way so i’m not complaining </document>
		<document> honestly threw it in the towel with this nigga it’s whatever </document>
		<document> why do i have my car keys in hand and i don’t clock out until another 30 minutes 🤣 </document>
		<document> i really hate how i’m about to have to act </document>
		<document> no seriously lol #url# </document>
		<document> #user# exactly. children just need both parents period. </document>
		<document> little girls need their daddy’s </document>
		<document> rt #user#: i don’t care how grown i am... i need my mom. that woman is my life. </document>
		<document> honestly just ready to eat and go to sleep </document>
		<document> going to l.a on some dolo shit </document>
		<document> rt #user#: i ain’t got no poly blood in me. aht-aht! cause ima wanna know why tf y’all was kissing longer </document>
		<document> the amount of money i’d pay to have one more conversation with my grandma. i miss her </document>
		<document> stuck between wanting to be single and wanting to be in love </document>
		<document> i just od friend zoned this nigga that i even feel bad a lil bit </document>
		<document> rt #user#: yallllll... my husband surprised me with a private dinner on the beach ... 😩😩🥺🥺🥺❤️❤️💔 #url# </document>
		<document> rt #user#: i once helped a nigga shop for a trip and when he landed he posted the girl he took out of town 🥳🥳🥳 </document>
		<document> rt #user#: if we can’t steal from walmart together then wtf could we do .😂😂 </document>
		<document> rt #user#: me as a parent 😂 #url# </document>
		<document> just might be a hoe </document>
		<document> love is a losing game </document>
		<document> pound town imy </document>
		<document> babies live they life on the edge </document>
		<document> rt #user#: #user# “the dark skinned one with the locs🗣” lmao </document>
		<document> it’s the audacity guys have </document>
		<document> rt #user#: why men don’t deserve rights in 30 seconds: #url# </document>
		<document> that shit just made me wanna get a new number lmfao </document>
		<document> blowing my phone up and i finally answer talking about some “hi” </document>
		<document> i don’t like people blowing my phone up unless i fw that person 😅 </document>
		<document> ima beat michael ass for calling me back to back like that. i do not like that shit </document>
		<document> rt #user#: my brain has trouble processing 2019 was 2 years ago because 2020 felt like a time skip #url# </document>
		<document> rt #user#: adulting is when you realize all you want is a home, stable job, and a partner to settle down with. </document>
		<document> rt #user#: how do i explain to my landlord that #user# has my rent money and this is really between them two </document>
		<document> rt #user#: i’m crying why the pics so intimate like he the baby daddy </document>
		<document> rt #user#: i would fight everybody #url# </document>
		<document> i’d never forget how it felt the first day i got my own car </document>
		<document> that feeling of having your own car&gt;&gt;&gt;&gt;&gt;&gt;&gt; </document>
		<document> rt #user#: i did a big boy purchase today and bought my first car!!! 😅 #url# </document>
		<document> ok but this is why i have a outstanding bill on my credit #url# </document>
		<document> my mouth will never go near a nigga ass i’m sorry </document>
		<document> march 2020 was very depressing lol. </document>
		<document> #user# i’ve had my same earpods for 2 years lmfao </document>
		<document> sure told a whole ass lie #url# </document>
		<document> my little sister the same exact way 😭 #url# </document>
	 