   
	<document> #user# nadler and aoc want him to resign but like his brother they have no shame🤮 </document>
		<document> #user# greta you upset all the commies on the left😅 </document>
		<document> #user# ben domench is an honest man and not afraid to speak out. love this guy! </document>
		<document> #user# #user# trump was not in a political position numbnuts 🙄 </document>
		<document> #user# because the left can't keep cheating with an id🙄 </document>
		<document> #user# #user# #user# if it wasn't for your courage, he would have gotten away with everything! </document>
		<document> #user# #user# #user# you commies are a joke😅 </document>
		<document> #user# #user# #user# that stimulus check was started by trump. who gave their check back on the commie left, duh! </document>
		<document> #user# #user# hard to think there can be that many stupid people in the country. they all seem to be in hollyweird too🙄 </document>
		<document> #user# yes, gas is up! why do you care you moron! </document>
		<document> #user# #user# where have you been, were you a bad boy 😉 </document>
		<document> #user# isn't that the truth!! </document>
		<document> #user# don't forget mr. potato head and dr. seuss 😂 </document>
		<document> #user# she was raised with money. her father is a director. she was their only child in that marriage, sure she had everything! </document>
		<document> #user# we should all go to gab. have you noticed all the people that left? </document>
		<document> #user# #user# not people, just conservatives! </document>
		<document> #user# they blocked me from responding to you😠 </document>
		<document> #user# next sunday, march 14th. </document>
		<document> #user# #user# austin is totally liberal! </document>
		<document> #user# #user# #user# i notice all the women that bash melania are homely as sin🥵 </document>
		<document> #user# #user# it's called marrying beneath you! </document>
		<document> #user# i attempted to reply to your tweet and twitter blocked me😠 </document>
		<document> #user# #user# #user# since you voted for biden we'll excuse your stupidity🙄 </document>
		<document> #user# can we sue swalwell for sleeping with a chinese spy? </document>
		<document> #user# trump with all his worldly knowledge seemed naive with some people. trusted the wrong ones. </document>
		<document> #user# #user# seems like all liberals can point their fingers at trump but not the idiot that's in office now🙄 </document>
		<document> #user# #user# biden was going to cure the virus if elected, what happened. #url# </document>
		<document> #user# #user# didn't biden promise to cure it if he was elected? 😃😂🤣 </document>
		<document> #user# #user# aren't they! 🙄 </document>
		<document> #user# that's because libnuts have no god in their lives, anything goes! </document>
		<document> #user# #user# isn't she from bostonia #url# </document>
		<document> #user# because it's funny #url# </document>
		<document> #user# #user# no, he's suppose to ask what he's doing there not take questions. duh! </document>
		<document> #user# if you looked like that, wouldn't you stfu 🙄 </document>
		<document> #user# #user# why would it give her the shakes 🙄 </document>
		<document> #user# #user# why not, you're no fun😠 </document>
		<document> #user# #user# #user# #user# there's no hope for michael moore😝 </document>
		<document> #user# #user# #user# #user# he could take a shower 🤔 </document>
		<document> #user# #user# #user# he'd be better keeping a low profile with his looks.🤮 </document>
		<document> #user# #user# just give him a dozen krispy kreme donuts and he'll be fine 🙄 </document>
		<document> #user# #user# what planet are you living on😅 </document>
		<document> #user# #user# welcome to communism👿 </document>
		<document> #user# notice no one really mentions it? </document>
		<document> #user# wow, that is earth shattering! 😂 </document>
		<document> #user# candace, too bad your morals doesn't rub off on the liberal freaks but when you're low life you just don't get it.🤮 </document>
		<document> #user# #user# yet, libs use the most atrocious language and are never suspended. </document>
		<document> #user# she's a huge disappointment. wish i could get my money back that i spent in her theme park.😠 </document>
		<document> #user# are you sure someone didn't physically attack romney? </document>
		<document> #user# allowing illegals in that are covid positive but calling the texas governor neanderthal? </document>
		<document> #user# requisite for being a liberal is passing a freak show😱 </document>
		<document> #user# dolly is a liberal who backed blm and criticized whites. anything she says doesn't surprise me😠 </document>
		<document> #user# eric keep tweeting, the libnuts are having meltdowns! 😅😂🤣 </document>
		<document> #user# someone got to him😁 </document>
		<document> #user# this man cannot call himself a catholic. no priest should administer communion to him👿 </document>
		<document> #user# i'm not sure about the male part but the moron is white. how he can make a statement like that and hold his head up is beyond me😠 </document>
		<document> #user# all the idiots on the left come up with this nonsense and the idiot leaders on the left go along with it😠 </document>
		<document> #user# because the radical left says so. their crap never ends, such a sick bunch of losers! </document>
		<document> #user# #user# #user# #user# mr. potato head, dr. seuss, etc. when does this nonsense end 🙄 </document>
		<document> #user# #user# #user# biden is an advocate for abortion, that is not christian 👿 </document>
		<document> #user# step down, you're destroying our country! </document>
		<document> #user# happy birthday david. 🎉🎂 </document>
		<document> #user# #user# send it to me on message. twitter is not allowing me to save it. </document>
		<document> #user# #user# if i ever get on gab will look for you. will miss you and your fur babies 😿 </document>
		<document> #user# #user# that's because the warped democrats are in charge. they're the most screwed up mental misfits 😱 </document>
		<document> #user# twitter has been removing my followers for years. use to remove between 10 and 30 a day. recently took 2500! </document>
		<document> #user# #user# #user# #user# the uglies on the left care because melania is beautiful! </document>
		<document> #user# #user# #user# she's not a medical doctor ding bat. stop putting a beautiful woman like melania down because you're ugly! </document>
		<document> #user# they both had covid, you're a liar and you have all these lefty idiots believing you. </document>
		<document> #user# because the left are more like commies. they are anti american. a sick bunch 👿 </document>
		<document> #user# don't forget to add, and they want everything free🙄 </document>
		<document> #user# did someone beat him up? </document>
		<document> #user# #user# another brain dead freak from l.a.😜 </document>
		<document> #user# #user# what about trump numbnuts 🙄 </document>
		<document> #user# tell him not to worry, he's only white😂 </document>
		<document> #user# #user# what is biden doing for you? </document>
		<document> #user# don't be, he would have gotten away with murder if it weren't for you! </document>
		<document> #user# yes, i am starting to lose some followers from yesterday but they already deleted 2500 a few months ago. </document>
		<document> #user# he is crazy🥺 </document>
		<document> #user# a press conference, he didn't know why he was in texas🙄 </document>
		<document> #user# how nice if someone gave that jerk a black eye! </document>
		<document> #user# he didn't even know why he was in texas 🤣 </document>
		<document> #user# where do all these liberal idiots come from on twitter 🤮 </document>
		<document> #user# #user# forgetting when he was elected too😉 </document>
		<document> #user# the democrats can't cheat then🙄 </document>
		<document> #user# #user# ted, ted, ted, yes she does she's on the right not the commie left. </document>
		<document> #user# because most of them want freebies and they're not getting them fast enough 🙄 </document>
		<document> #user# #user# we floridians love desantis. you're showing your ignorance 🙄 </document>
		<document> #user# #user# yes, makes florida even better! </document>
		<document> #user# #user# you can't beat florida! a red state with the best governor. n.y's leader are a disgrace 🤮 </document>
		<document> #user# sounds like he already is! </document>
		<document> #user# #user# listen moron you better worry about your buddy cuomo🙄 </document>
		<document> #user# thank you for being the best president. we miss you and feel the country's safety net is gone! </document>
		<document> #user# wow! give me a chair before i faint. pelosi actually admitted a democrat is guilty of something 🙄 </document>
		<document> #user# i am and many others! </document>
		<document> #user# #user# #user# you're talking to a jerk from the uk, don't waste your breath! </document>
		<document> #user# #user# #user# why are you foreigners so ignorant. looks like you have enough of your own problems so please, stfu! </document>
		<document> #user# #user# it's very annoying some loser wins by fraud.😠 </document>
		<document> #user# #user# it beats reading a teleprompter and still screwing up. you should be worried about biden not trump. </document>
		<document> #user# yes! we the people do not want rinos in our party. if the corrupt dems can stick together we should! </document>
		<document> #user# she also ran for the bottle to stop her shakes😅 </document>
		<document> #user# #user# liberal judges that are as bad as the rest of the demonrats! </document>
		<document> #user# bill, it's former president trump what's with the mr. 🙄 </document>
		<document> #user# #user# you're jealous because biden acts like a weakling. trump's strength gauls all you libnuts😂 </document>
		<document> #user# #user# barack obama! you're not stupid enough to think biden is making the decisions now are you😃😄😂 </document>
		<document> #user# #user# #user# commiefornia, makes sense why you are an idiot🙄 </document>
		<document> #user# watching a man speak instead of mousy joe is so refreshing. realize how really bad he is missed! </document>
		<document> #user# love our president trump! </document>
		<document> #user# i'm watching our great president trump and tweeting🙄 </document>
		<document> #user# i stand corrected. please accept my apology 😔 </document>
		<document> #user# #user# today is the 27th. biden was president a month ago. you feeling stupid yet, duh! </document>
		<document> #user# #user# our incredible president trump🥰 </document>
		<document> #user# #user# you foreign moron, stfu! </document>
		<document> #user# he loves his country! </document>
		<document> #user# #user# #user# shitter doesn't like free speech! </document>
		<document> #user# #user# yeah, cuomo looks pretty bad😠 </document>
		<document> #user# #user# i agree, cuomo is finished!! </document>
		<document> #user# #user# true. cuomo killed thousands in nursing homes an apology wouldn't cut it🤔 </document>
		<document> #user# #user# #user# #user# hey ding bat mary, why not hold cuomo responsible? oh you forgot that would make sense🤣 </document>
		<document> #user# #user# yeah, you voted for a guy that doesn't know where he is half the time. smart move numbnut😂 </document>
		<document> #user# for votes. libs don't care about them personally, just want to give them citizenship so they'll vote democratic 😠 </document>
		<document> #user# that's because she's a hollyweirdo commie👿 </document>
		<document> #user# #user# why you voted for the biggest racist there is, biden 🙄 </document>
		<document> #user# can't wait to hear him speak after listening to that weakling mouse biden🤮 </document>
		<document> #user# democrats, they're always looking for handouts 😠 </document>
		<document> #user# hopefully he or she is with a another loving owner😻 </document>
		<document> #user# #user# #user# he only promised to cure the virus to get elected and you numbnuts believed him😁😄😃😅😂 </document>
		<document> #user# in the middle of biden's speech, he asked where he was. this is not funny😠 </document>
		<document> #user# #user# #user# #user# he should have stayed on his peanut farm🙄 </document>
		<document> #user# #user# #user# biden is not fit to be president that is the problem! </document>
		<document> #user# #user# biden asked where he was in his speech in houston. he's mentally failing and they're scared! </document>
		<document> #user# yes! eat no red meat but chicken occasionally. mostly meatless dishes. true vegetarians do not eat any meat or dairy. </document>
		<document> #user# #user# as a jew you should be thanking trump for what he did for israel! why are you so ungrateful? 😠 </document>
		<document> #user# #user# since no one stops them, they'll continue to run the country into the ground. duh! </document>
		<document> #user# really? i like to think he's a democrat because he's an odd ball 😉 </document>
		<document> #user# unbelievable what they get away with😠 </document>
		<document> #user# he has to be a democrat😂 </document>
		<document> #user# still looks like a man with long hair🙄 </document>
		<document> #user# #user# yeah, that's how stupid the left is🙄 </document>
		<document> #user# #user# #user# #user# stir up your brain. he was not impeached, duh! </document>
		<document> #user# it's time to call it a day, you wore out your welcome. you're useless! </document>
		<document> #user# when you're a hollyweirdo looney tunes that's what you do😠 </document>
		<document> #user# incurable yeast infection is her problem 🤮 </document>
		<document> #user# #user# don't let this coward get away with what he's done. you are our hero! </document>
		<document> #user# #user# really? swalwell slept with a chinese spy, how dumb are you🙄 </document>
		<document> #user# #user# plastic surgery does wonders! </document>
		<document> #user# #user# #user# biden had five decades to do something but never accomplished anything except to get rich 🤑 </document>
		<document> #user# #user# biden claimed if he was elected, he would cure the covid😄😁😃😅🤣 </document>
		<document> #user# #user# #user# that's not hunter, where are his pictures? he was thrown out of the service for cocaine 🤔 </document>
		<document> #user# #user# i want to see biden's taxes since he's been ripping the country off for decades🙄 </document>
		<document> #user# yes, the demonrats are above the law😠 </document>
		<document> #user# #user# yes, she is definitely an idiot🙄 </document>
		<document> #user# #user# you missed your calling as a stand up comic😅 </document>
		<document> #user# #user# get your eyes checked 🤮 </document>
		<document> #user# #user# she was his baby sitter numbnuts and was married to someone else🙄 </document>
		<document> #user# i always say you know how to get the commie left out of their rat holes. listen to their meltdowns 😄😁😃😅🤣 </document>
		<document> #user# #user# yeah, only 75 million americans voted for trump. biden won by fraud let's face it! </document>
		<document> #user# we love your father. biden is like a weak puppy next to him. we went from a man to a mouse! </document>
		<document> #user# it was okay for her father to start a phoney war. wonder how she feels about that 🙄 </document>
		<document> #user# we the people do not care about cheney's opinion. trump 2024! </document>
		<document> #user# #user# yes, too bad! another turncoat 😠 </document>
		<document> #user# #user# #user# #user# #user# #user# think it will sink in his head🙄 </document>
		<document> #user# trump is a man and biden is a mouse😉 </document>
		<document> #user# #user# you're too stupid to respond to🙄 </document>
		<document> #user# #user# #user# #user# #user# #user# no, he's too dense😠 </document>
		<document> #user# #user# #user# jesus was a jew numbnuts. yes some jews have blue eyes, duh! </document>
		<document> #user# yes, tiger lives in my state. have been to his restaurant many times. </document>
		<document> #user# most of the libnuts are brain dead. none of them get it. they're all low iq individuals, no hope🤔 </document>
		<document> #user# their too stupid to know they were duped🙄 </document>
		<document> #user# #user# yeah the knew one wants to circle around when you ask her a question. wtf does that mean? </document>
		<document> #user# i lost 2500 followers. the more i can get the better. </document>
		<document> twitter took 2500 followers. any ideas how i can get them back? </document>
		<document> #user# #user# changing the subject always works with the left. have a nice day! </document>
		<document> #user# did our wires get crossed? </document>
		<document> #user# clooney dated ghislaine maxwell too. what does that tell you🙄 </document>
		<document> #user# #user# the rinos deserved a dump! </document>
		<document> #user# sounded like you were insulting florida. you repeated what someone who was said?? </document>
		<document> #user# why did you say "i'm sorry you feel that way"? could have fooled me🤔 </document>
		<document> #user# #user# at least you're an honest democrat, not too many of them🙄 </document>
		<document> #user# i've been to indiana. florida is paradise. indiana🤮 </document>
		<document> #user# #user# #user# everything that had nothing to do with covid! </document>
		<document> #user# #user# why didn't you discuss this with obama who started the cages 🤔 </document>
		<document> #user# #user# should have told obama who started the cages. what were you afraid of🤔 </document>
		<document> #user# #user# yeah, we noticed biden likes kids 🤮 </document>
		<document> #user# #user# you should have complained to obama who started the cages during his administration 🙄 </document>
		<document> #user# #user# #user# nice try you idiot? why not fact check it, what are you afraid of getting a little intelligent😅 </document>
		<document> #user# #user# are you aware that obama started the cages during his administration? why are all you lefties so brain dead🙄 </document>
		<document> #user# #user# #user# yeah, a little dementia is nothing 😅😂 </document>
		<document> #user# obama started the cages during his administration. why is that not mentioned?? </document>
		<document> #user# #user# #user# why didn't your boy biden go to texas the way trump did. why do you numbnuts give your evil party a pass👿 </document>
		<document> #user# #user# where did the flu go? i know there's a virus but think the dems have exaggerated the numbers since day one! </document>
		<document> #user# #user# #user# we have had not one family member or friend that have had the covid. feel very lucky! </document>
		<document> #user# reminds me of a walking cadaver 👽 </document>
		<document> #user# #user# #user# did he/she have his/her male organs removed? </document>
		<document> #user# #user# #user# #user# #user# she was a he practicing pediatrics. if that isn't scary, what is😠 </document>
		<document> #user# absolutely! everyone we are aware are commies are boycotted! </document>
		<document> #user# let's have another trial with him and ford. i defended this bum😠 </document>
		<document> #user# #user# he considers himself a catholic. wonder what the catholic church considers him. let's hear from the bishops, etc. </document>
		<document> #user# #user# don't you get earthquakes? ugh! </document>
		<document> #user# #user# maybe our president!! </document>
		<document> #user# #user# feel so lucky to live in florida with ron desantis as our governor!! </document>
	    
	<document> #user# nadler and aoc want him to resign but like his brother they have no shame🤮 </document>
		<document> #user# greta you upset all the commies on the left😅 </document>
		<document> #user# ben domench is an honest man and not afraid to speak out. love this guy! </document>
		<document> #user# #user# trump was not in a political position numbnuts 🙄 </document>
		<document> #user# because the left can't keep cheating with an id🙄 </document>
		<document> #user# #user# #user# if it wasn't for your courage, he would have gotten away with everything! </document>
		<document> #user# #user# #user# you commies are a joke😅 </document>
		<document> #user# #user# #user# that stimulus check was started by trump. who gave their check back on the commie left, duh! </document>
		<document> #user# #user# hard to think there can be that many stupid people in the country. they all seem to be in hollyweird too🙄 </document>
		<document> #user# yes, gas is up! why do you care you moron! </document>
		<document> #user# #user# where have you been, were you a bad boy 😉 </document>
		<document> #user# isn't that the truth!! </document>
		<document> #user# don't forget mr. potato head and dr. seuss 😂 </document>
		<document> #user# she was raised with money. her father is a director. she was their only child in that marriage, sure she had everything! </document>
		<document> #user# we should all go to gab. have you noticed all the people that left? </document>
		<document> #user# #user# not people, just conservatives! </document>
		<document> #user# they blocked me from responding to you😠 </document>
		<document> #user# next sunday, march 14th. </document>
		<document> #user# #user# austin is totally liberal! </document>
		<document> #user# #user# #user# i notice all the women that bash melania are homely as sin🥵 </document>
		<document> #user# #user# it's called marrying beneath you! </document>
		<document> #user# i attempted to reply to your tweet and twitter blocked me😠 </document>
		<document> #user# #user# #user# since you voted for biden we'll excuse your stupidity🙄 </document>
		<document> #user# can we sue swalwell for sleeping with a chinese spy? </document>
		<document> #user# trump with all his worldly knowledge seemed naive with some people. trusted the wrong ones. </document>
		<document> #user# #user# seems like all liberals can point their fingers at trump but not the idiot that's in office now🙄 </document>
		<document> #user# #user# biden was going to cure the virus if elected, what happened. #url# </document>
		<document> #user# #user# didn't biden promise to cure it if he was elected? 😃😂🤣 </document>
		<document> #user# #user# aren't they! 🙄 </document>
		<document> #user# that's because libnuts have no god in their lives, anything goes! </document>
		<document> #user# #user# isn't she from bostonia #url# </document>
		<document> #user# because it's funny #url# </document>
		<document> #user# #user# no, he's suppose to ask what he's doing there not take questions. duh! </document>
		<document> #user# if you looked like that, wouldn't you stfu 🙄 </document>
		<document> #user# #user# why would it give her the shakes 🙄 </document>
		<document> #user# #user# why not, you're no fun😠 </document>
		<document> #user# #user# #user# #user# there's no hope for michael moore😝 </document>
		<document> #user# #user# #user# #user# he could take a shower 🤔 </document>
		<document> #user# #user# #user# he'd be better keeping a low profile with his looks.🤮 </document>
		<document> #user# #user# just give him a dozen krispy kreme donuts and he'll be fine 🙄 </document>
		<document> #user# #user# what planet are you living on😅 </document>
		<document> #user# #user# welcome to communism👿 </document>
		<document> #user# notice no one really mentions it? </document>
		<document> #user# wow, that is earth shattering! 😂 </document>
		<document> #user# candace, too bad your morals doesn't rub off on the liberal freaks but when you're low life you just don't get it.🤮 </document>
		<document> #user# #user# yet, libs use the most atrocious language and are never suspended. </document>
		<document> #user# she's a huge disappointment. wish i could get my money back that i spent in her theme park.😠 </document>
		<document> #user# are you sure someone didn't physically attack romney? </document>
		<document> #user# allowing illegals in that are covid positive but calling the texas governor neanderthal? </document>
		<document> #user# requisite for being a liberal is passing a freak show😱 </document>
		<document> #user# dolly is a liberal who backed blm and criticized whites. anything she says doesn't surprise me😠 </document>
		<document> #user# eric keep tweeting, the libnuts are having meltdowns! 😅😂🤣 </document>
		<document> #user# someone got to him😁 </document>
		<document> #user# this man cannot call himself a catholic. no priest should administer communion to him👿 </document>
		<document> #user# i'm not sure about the male part but the moron is white. how he can make a statement like that and hold his head up is beyond me😠 </document>
		<document> #user# all the idiots on the left come up with this nonsense and the idiot leaders on the left go along with it😠 </document>
		<document> #user# because the radical left says so. their crap never ends, such a sick bunch of losers! </document>
		<document> #user# #user# #user# #user# mr. potato head, dr. seuss, etc. when does this nonsense end 🙄 </document>
		<document> #user# #user# #user# biden is an advocate for abortion, that is not christian 👿 </document>
		<document> #user# step down, you're destroying our country! </document>
		<document> #user# happy birthday david. 🎉🎂 </document>
		<document> #user# #user# send it to me on message. twitter is not allowing me to save it. </document>
		<document> #user# #user# if i ever get on gab will look for you. will miss you and your fur babies 😿 </document>
		<document> #user# #user# that's because the warped democrats are in charge. they're the most screwed up mental misfits 😱 </document>
		<document> #user# twitter has been removing my followers for years. use to remove between 10 and 30 a day. recently took 2500! </document>
		<document> #user# #user# #user# #user# the uglies on the left care because melania is beautiful! </document>
		<document> #user# #user# #user# she's not a medical doctor ding bat. stop putting a beautiful woman like melania down because you're ugly! </document>
		<document> #user# they both had covid, you're a liar and you have all these lefty idiots believing you. </document>
		<document> #user# because the left are more like commies. they are anti american. a sick bunch 👿 </document>
		<document> #user# don't forget to add, and they want everything free🙄 </document>
		<document> #user# did someone beat him up? </document>
		<document> #user# #user# another brain dead freak from l.a.😜 </document>
		<document> #user# #user# what about trump numbnuts 🙄 </document>
		<document> #user# tell him not to worry, he's only white😂 </document>
		<document> #user# #user# what is biden doing for you? </document>
		<document> #user# don't be, he would have gotten away with murder if it weren't for you! </document>
		<document> #user# yes, i am starting to lose some followers from yesterday but they already deleted 2500 a few months ago. </document>
		<document> #user# he is crazy🥺 </document>
		<document> #user# a press conference, he didn't know why he was in texas🙄 </document>
		<document> #user# how nice if someone gave that jerk a black eye! </document>
		<document> #user# he didn't even know why he was in texas 🤣 </document>
		<document> #user# where do all these liberal idiots come from on twitter 🤮 </document>
		<document> #user# #user# forgetting when he was elected too😉 </document>
		<document> #user# the democrats can't cheat then🙄 </document>
		<document> #user# #user# ted, ted, ted, yes she does she's on the right not the commie left. </document>
		<document> #user# because most of them want freebies and they're not getting them fast enough 🙄 </document>
		<document> #user# #user# we floridians love desantis. you're showing your ignorance 🙄 </document>
		<document> #user# #user# yes, makes florida even better! </document>
		<document> #user# #user# you can't beat florida! a red state with the best governor. n.y's leader are a disgrace 🤮 </document>
		<document> #user# sounds like he already is! </document>
		<document> #user# #user# listen moron you better worry about your buddy cuomo🙄 </document>
		<document> #user# thank you for being the best president. we miss you and feel the country's safety net is gone! </document>
		<document> #user# wow! give me a chair before i faint. pelosi actually admitted a democrat is guilty of something 🙄 </document>
		<document> #user# i am and many others! </document>
		<document> #user# #user# #user# you're talking to a jerk from the uk, don't waste your breath! </document>
		<document> #user# #user# #user# why are you foreigners so ignorant. looks like you have enough of your own problems so please, stfu! </document>
		<document> #user# #user# it's very annoying some loser wins by fraud.😠 </document>
		<document> #user# #user# it beats reading a teleprompter and still screwing up. you should be worried about biden not trump. </document>
		<document> #user# yes! we the people do not want rinos in our party. if the corrupt dems can stick together we should! </document>
		<document> #user# she also ran for the bottle to stop her shakes😅 </document>
		<document> #user# #user# liberal judges that are as bad as the rest of the demonrats! </document>
		<document> #user# bill, it's former president trump what's with the mr. 🙄 </document>
		<document> #user# #user# you're jealous because biden acts like a weakling. trump's strength gauls all you libnuts😂 </document>
		<document> #user# #user# barack obama! you're not stupid enough to think biden is making the decisions now are you😃😄😂 </document>
		<document> #user# #user# #user# commiefornia, makes sense why you are an idiot🙄 </document>
		<document> #user# watching a man speak instead of mousy joe is so refreshing. realize how really bad he is missed! </document>
		<document> #user# love our president trump! </document>
		<document> #user# i'm watching our great president trump and tweeting🙄 </document>
		<document> #user# i stand corrected. please accept my apology 😔 </document>
		<document> #user# #user# today is the 27th. biden was president a month ago. you feeling stupid yet, duh! </document>
		<document> #user# #user# our incredible president trump🥰 </document>
		<document> #user# #user# you foreign moron, stfu! </document>
		<document> #user# he loves his country! </document>
		<document> #user# #user# #user# shitter doesn't like free speech! </document>
		<document> #user# #user# yeah, cuomo looks pretty bad😠 </document>
		<document> #user# #user# i agree, cuomo is finished!! </document>
		<document> #user# #user# true. cuomo killed thousands in nursing homes an apology wouldn't cut it🤔 </document>
		<document> #user# #user# #user# #user# hey ding bat mary, why not hold cuomo responsible? oh you forgot that would make sense🤣 </document>
		<document> #user# #user# yeah, you voted for a guy that doesn't know where he is half the time. smart move numbnut😂 </document>
		<document> #user# for votes. libs don't care about them personally, just want to give them citizenship so they'll vote democratic 😠 </document>
		<document> #user# that's because she's a hollyweirdo commie👿 </document>
		<document> #user# #user# why you voted for the biggest racist there is, biden 🙄 </document>
		<document> #user# can't wait to hear him speak after listening to that weakling mouse biden🤮 </document>
		<document> #user# democrats, they're always looking for handouts 😠 </document>
		<document> #user# hopefully he or she is with a another loving owner😻 </document>
		<document> #user# #user# #user# he only promised to cure the virus to get elected and you numbnuts believed him😁😄😃😅😂 </document>
		<document> #user# in the middle of biden's speech, he asked where he was. this is not funny😠 </document>
		<document> #user# #user# #user# #user# he should have stayed on his peanut farm🙄 </document>
		<document> #user# #user# #user# biden is not fit to be president that is the problem! </document>
		<document> #user# #user# biden asked where he was in his speech in houston. he's mentally failing and they're scared! </document>
		<document> #user# yes! eat no red meat but chicken occasionally. mostly meatless dishes. true vegetarians do not eat any meat or dairy. </document>
		<document> #user# #user# as a jew you should be thanking trump for what he did for israel! why are you so ungrateful? 😠 </document>
		<document> #user# #user# since no one stops them, they'll continue to run the country into the ground. duh! </document>
		<document> #user# really? i like to think he's a democrat because he's an odd ball 😉 </document>
		<document> #user# unbelievable what they get away with😠 </document>
		<document> #user# he has to be a democrat😂 </document>
		<document> #user# still looks like a man with long hair🙄 </document>
		<document> #user# #user# yeah, that's how stupid the left is🙄 </document>
		<document> #user# #user# #user# #user# stir up your brain. he was not impeached, duh! </document>
		<document> #user# it's time to call it a day, you wore out your welcome. you're useless! </document>
		<document> #user# when you're a hollyweirdo looney tunes that's what you do😠 </document>
		<document> #user# incurable yeast infection is her problem 🤮 </document>
		<document> #user# #user# don't let this coward get away with what he's done. you are our hero! </document>
		<document> #user# #user# really? swalwell slept with a chinese spy, how dumb are you🙄 </document>
		<document> #user# #user# plastic surgery does wonders! </document>
		<document> #user# #user# #user# biden had five decades to do something but never accomplished anything except to get rich 🤑 </document>
		<document> #user# #user# biden claimed if he was elected, he would cure the covid😄😁😃😅🤣 </document>
		<document> #user# #user# #user# that's not hunter, where are his pictures? he was thrown out of the service for cocaine 🤔 </document>
		<document> #user# #user# i want to see biden's taxes since he's been ripping the country off for decades🙄 </document>
		<document> #user# yes, the demonrats are above the law😠 </document>
		<document> #user# #user# yes, she is definitely an idiot🙄 </document>
		<document> #user# #user# you missed your calling as a stand up comic😅 </document>
		<document> #user# #user# get your eyes checked 🤮 </document>
		<document> #user# #user# she was his baby sitter numbnuts and was married to someone else🙄 </document>
		<document> #user# i always say you know how to get the commie left out of their rat holes. listen to their meltdowns 😄😁😃😅🤣 </document>
		<document> #user# #user# yeah, only 75 million americans voted for trump. biden won by fraud let's face it! </document>
		<document> #user# we love your father. biden is like a weak puppy next to him. we went from a man to a mouse! </document>
		<document> #user# it was okay for her father to start a phoney war. wonder how she feels about that 🙄 </document>
		<document> #user# we the people do not care about cheney's opinion. trump 2024! </document>
		<document> #user# #user# yes, too bad! another turncoat 😠 </document>
		<document> #user# #user# #user# #user# #user# #user# think it will sink in his head🙄 </document>
		<document> #user# trump is a man and biden is a mouse😉 </document>
		<document> #user# #user# you're too stupid to respond to🙄 </document>
		<document> #user# #user# #user# #user# #user# #user# no, he's too dense😠 </document>
		<document> #user# #user# #user# jesus was a jew numbnuts. yes some jews have blue eyes, duh! </document>
		<document> #user# yes, tiger lives in my state. have been to his restaurant many times. </document>
		<document> #user# most of the libnuts are brain dead. none of them get it. they're all low iq individuals, no hope🤔 </document>
		<document> #user# their too stupid to know they were duped🙄 </document>
		<document> #user# #user# yeah the knew one wants to circle around when you ask her a question. wtf does that mean? </document>
		<document> #user# i lost 2500 followers. the more i can get the better. </document>
		<document> twitter took 2500 followers. any ideas how i can get them back? </document>
		<document> #user# #user# changing the subject always works with the left. have a nice day! </document>
		<document> #user# did our wires get crossed? </document>
		<document> #user# clooney dated ghislaine maxwell too. what does that tell you🙄 </document>
		<document> #user# #user# the rinos deserved a dump! </document>
		<document> #user# sounded like you were insulting florida. you repeated what someone who was said?? </document>
		<document> #user# why did you say "i'm sorry you feel that way"? could have fooled me🤔 </document>
		<document> #user# #user# at least you're an honest democrat, not too many of them🙄 </document>
		<document> #user# i've been to indiana. florida is paradise. indiana🤮 </document>
		<document> #user# #user# #user# everything that had nothing to do with covid! </document>
		<document> #user# #user# why didn't you discuss this with obama who started the cages 🤔 </document>
		<document> #user# #user# should have told obama who started the cages. what were you afraid of🤔 </document>
		<document> #user# #user# yeah, we noticed biden likes kids 🤮 </document>
		<document> #user# #user# you should have complained to obama who started the cages during his administration 🙄 </document>
		<document> #user# #user# #user# nice try you idiot? why not fact check it, what are you afraid of getting a little intelligent😅 </document>
		<document> #user# #user# are you aware that obama started the cages during his administration? why are all you lefties so brain dead🙄 </document>
		<document> #user# #user# #user# yeah, a little dementia is nothing 😅😂 </document>
		<document> #user# obama started the cages during his administration. why is that not mentioned?? </document>
		<document> #user# #user# #user# why didn't your boy biden go to texas the way trump did. why do you numbnuts give your evil party a pass👿 </document>
		<document> #user# #user# where did the flu go? i know there's a virus but think the dems have exaggerated the numbers since day one! </document>
		<document> #user# #user# #user# we have had not one family member or friend that have had the covid. feel very lucky! </document>
		<document> #user# reminds me of a walking cadaver 👽 </document>
		<document> #user# #user# #user# did he/she have his/her male organs removed? </document>
		<document> #user# #user# #user# #user# #user# she was a he practicing pediatrics. if that isn't scary, what is😠 </document>
		<document> #user# absolutely! everyone we are aware are commies are boycotted! </document>
		<document> #user# let's have another trial with him and ford. i defended this bum😠 </document>
		<document> #user# #user# he considers himself a catholic. wonder what the catholic church considers him. let's hear from the bishops, etc. </document>
		<document> #user# #user# don't you get earthquakes? ugh! </document>
		<document> #user# #user# maybe our president!! </document>
		<document> #user# #user# feel so lucky to live in florida with ron desantis as our governor!! </document>
	    
	<document> #user# nadler and aoc want him to resign but like his brother they have no shame🤮 </document>
		<document> #user# greta you upset all the commies on the left😅 </document>
		<document> #user# ben domench is an honest man and not afraid to speak out. love this guy! </document>
		<document> #user# #user# trump was not in a political position numbnuts 🙄 </document>
		<document> #user# because the left can't keep cheating with an id🙄 </document>
		<document> #user# #user# #user# if it wasn't for your courage, he would have gotten away with everything! </document>
		<document> #user# #user# #user# you commies are a joke😅 </document>
		<document> #user# #user# #user# that stimulus check was started by trump. who gave their check back on the commie left, duh! </document>
		<document> #user# #user# hard to think there can be that many stupid people in the country. they all seem to be in hollyweird too🙄 </document>
		<document> #user# yes, gas is up! why do you care you moron! </document>
		<document> #user# #user# where have you been, were you a bad boy 😉 </document>
		<document> #user# isn't that the truth!! </document>
		<document> #user# don't forget mr. potato head and dr. seuss 😂 </document>
		<document> #user# she was raised with money. her father is a director. she was their only child in that marriage, sure she had everything! </document>
		<document> #user# we should all go to gab. have you noticed all the people that left? </document>
		<document> #user# #user# not people, just conservatives! </document>
		<document> #user# they blocked me from responding to you😠 </document>
		<document> #user# next sunday, march 14th. </document>
		<document> #user# #user# austin is totally liberal! </document>
		<document> #user# #user# #user# i notice all the women that bash melania are homely as sin🥵 </document>
		<document> #user# #user# it's called marrying beneath you! </document>
		<document> #user# i attempted to reply to your tweet and twitter blocked me😠 </document>
		<document> #user# #user# #user# since you voted for biden we'll excuse your stupidity🙄 </document>
		<document> #user# can we sue swalwell for sleeping with a chinese spy? </document>
		<document> #user# trump with all his worldly knowledge seemed naive with some people. trusted the wrong ones. </document>
		<document> #user# #user# seems like all liberals can point their fingers at trump but not the idiot that's in office now🙄 </document>
		<document> #user# #user# biden was going to cure the virus if elected, what happened. #url# </document>
		<document> #user# #user# didn't biden promise to cure it if he was elected? 😃😂🤣 </document>
		<document> #user# #user# aren't they! 🙄 </document>
		<document> #user# that's because libnuts have no god in their lives, anything goes! </document>
		<document> #user# #user# isn't she from bostonia #url# </document>
		<document> #user# because it's funny #url# </document>
		<document> #user# #user# no, he's suppose to ask what he's doing there not take questions. duh! </document>
		<document> #user# if you looked like that, wouldn't you stfu 🙄 </document>
		<document> #user# #user# why would it give her the shakes 🙄 </document>
		<document> #user# #user# why not, you're no fun😠 </document>
		<document> #user# #user# #user# #user# there's no hope for michael moore😝 </document>
		<document> #user# #user# #user# #user# he could take a shower 🤔 </document>
		<document> #user# #user# #user# he'd be better keeping a low profile with his looks.🤮 </document>
		<document> #user# #user# just give him a dozen krispy kreme donuts and he'll be fine 🙄 </document>
		<document> #user# #user# what planet are you living on😅 </document>
		<document> #user# #user# welcome to communism👿 </document>
		<document> #user# notice no one really mentions it? </document>
		<document> #user# wow, that is earth shattering! 😂 </document>
		<document> #user# candace, too bad your morals doesn't rub off on the liberal freaks but when you're low life you just don't get it.🤮 </document>
		<document> #user# #user# yet, libs use the most atrocious language and are never suspended. </document>
		<document> #user# she's a huge disappointment. wish i could get my money back that i spent in her theme park.😠 </document>
		<document> #user# are you sure someone didn't physically attack romney? </document>
		<document> #user# allowing illegals in that are covid positive but calling the texas governor neanderthal? </document>
		<document> #user# requisite for being a liberal is passing a freak show😱 </document>
		<document> #user# dolly is a liberal who backed blm and criticized whites. anything she says doesn't surprise me😠 </document>
		<document> #user# eric keep tweeting, the libnuts are having meltdowns! 😅😂🤣 </document>
		<document> #user# someone got to him😁 </document>
		<document> #user# this man cannot call himself a catholic. no priest should administer communion to him👿 </document>
		<document> #user# i'm not sure about the male part but the moron is white. how he can make a statement like that and hold his head up is beyond me😠 </document>
		<document> #user# all the idiots on the left come up with this nonsense and the idiot leaders on the left go along with it😠 </document>
		<document> #user# because the radical left says so. their crap never ends, such a sick bunch of losers! </document>
		<document> #user# #user# #user# #user# mr. potato head, dr. seuss, etc. when does this nonsense end 🙄 </document>
		<document> #user# #user# #user# biden is an advocate for abortion, that is not christian 👿 </document>
		<document> #user# step down, you're destroying our country! </document>
		<document> #user# happy birthday david. 🎉🎂 </document>
		<document> #user# #user# send it to me on message. twitter is not allowing me to save it. </document>
		<document> #user# #user# if i ever get on gab will look for you. will miss you and your fur babies 😿 </document>
		<document> #user# #user# that's because the warped democrats are in charge. they're the most screwed up mental misfits 😱 </document>
		<document> #user# twitter has been removing my followers for years. use to remove between 10 and 30 a day. recently took 2500! </document>
		<document> #user# #user# #user# #user# the uglies on the left care because melania is beautiful! </document>
		<document> #user# #user# #user# she's not a medical doctor ding bat. stop putting a beautiful woman like melania down because you're ugly! </document>
		<document> #user# they both had covid, you're a liar and you have all these lefty idiots believing you. </document>
		<document> #user# because the left are more like commies. they are anti american. a sick bunch 👿 </document>
		<document> #user# don't forget to add, and they want everything free🙄 </document>
		<document> #user# did someone beat him up? </document>
		<document> #user# #user# another brain dead freak from l.a.😜 </document>
		<document> #user# #user# what about trump numbnuts 🙄 </document>
		<document> #user# tell him not to worry, he's only white😂 </document>
		<document> #user# #user# what is biden doing for you? </document>
		<document> #user# don't be, he would have gotten away with murder if it weren't for you! </document>
		<document> #user# yes, i am starting to lose some followers from yesterday but they already deleted 2500 a few months ago. </document>
		<document> #user# he is crazy🥺 </document>
		<document> #user# a press conference, he didn't know why he was in texas🙄 </document>
		<document> #user# how nice if someone gave that jerk a black eye! </document>
		<document> #user# he didn't even know why he was in texas 🤣 </document>
		<document> #user# where do all these liberal idiots come from on twitter 🤮 </document>
		<document> #user# #user# forgetting when he was elected too😉 </document>
		<document> #user# the democrats can't cheat then🙄 </document>
		<document> #user# #user# ted, ted, ted, yes she does she's on the right not the commie left. </document>
		<document> #user# because most of them want freebies and they're not getting them fast enough 🙄 </document>
		<document> #user# #user# we floridians love desantis. you're showing your ignorance 🙄 </document>
		<document> #user# #user# yes, makes florida even better! </document>
		<document> #user# #user# you can't beat florida! a red state with the best governor. n.y's leader are a disgrace 🤮 </document>
		<document> #user# sounds like he already is! </document>
		<document> #user# #user# listen moron you better worry about your buddy cuomo🙄 </document>
		<document> #user# thank you for being the best president. we miss you and feel the country's safety net is gone! </document>
		<document> #user# wow! give me a chair before i faint. pelosi actually admitted a democrat is guilty of something 🙄 </document>
		<document> #user# i am and many others! </document>
		<document> #user# #user# #user# you're talking to a jerk from the uk, don't waste your breath! </document>
		<document> #user# #user# #user# why are you foreigners so ignorant. looks like you have enough of your own problems so please, stfu! </document>
		<document> #user# #user# it's very annoying some loser wins by fraud.😠 </document>
		<document> #user# #user# it beats reading a teleprompter and still screwing up. you should be worried about biden not trump. </document>
		<document> #user# yes! we the people do not want rinos in our party. if the corrupt dems can stick together we should! </document>
		<document> #user# she also ran for the bottle to stop her shakes😅 </document>
		<document> #user# #user# liberal judges that are as bad as the rest of the demonrats! </document>
		<document> #user# bill, it's former president trump what's with the mr. 🙄 </document>
		<document> #user# #user# you're jealous because biden acts like a weakling. trump's strength gauls all you libnuts😂 </document>
		<document> #user# #user# barack obama! you're not stupid enough to think biden is making the decisions now are you😃😄😂 </document>
		<document> #user# #user# #user# commiefornia, makes sense why you are an idiot🙄 </document>
		<document> #user# watching a man speak instead of mousy joe is so refreshing. realize how really bad he is missed! </document>
		<document> #user# love our president trump! </document>
		<document> #user# i'm watching our great president trump and tweeting🙄 </document>
		<document> #user# i stand corrected. please accept my apology 😔 </document>
		<document> #user# #user# today is the 27th. biden was president a month ago. you feeling stupid yet, duh! </document>
		<document> #user# #user# our incredible president trump🥰 </document>
		<document> #user# #user# you foreign moron, stfu! </document>
		<document> #user# he loves his country! </document>
		<document> #user# #user# #user# shitter doesn't like free speech! </document>
		<document> #user# #user# yeah, cuomo looks pretty bad😠 </document>
		<document> #user# #user# i agree, cuomo is finished!! </document>
		<document> #user# #user# true. cuomo killed thousands in nursing homes an apology wouldn't cut it🤔 </document>
		<document> #user# #user# #user# #user# hey ding bat mary, why not hold cuomo responsible? oh you forgot that would make sense🤣 </document>
		<document> #user# #user# yeah, you voted for a guy that doesn't know where he is half the time. smart move numbnut😂 </document>
		<document> #user# for votes. libs don't care about them personally, just want to give them citizenship so they'll vote democratic 😠 </document>
		<document> #user# that's because she's a hollyweirdo commie👿 </document>
		<document> #user# #user# why you voted for the biggest racist there is, biden 🙄 </document>
		<document> #user# can't wait to hear him speak after listening to that weakling mouse biden🤮 </document>
		<document> #user# democrats, they're always looking for handouts 😠 </document>
		<document> #user# hopefully he or she is with a another loving owner😻 </document>
		<document> #user# #user# #user# he only promised to cure the virus to get elected and you numbnuts believed him😁😄😃😅😂 </document>
		<document> #user# in the middle of biden's speech, he asked where he was. this is not funny😠 </document>
		<document> #user# #user# #user# #user# he should have stayed on his peanut farm🙄 </document>
		<document> #user# #user# #user# biden is not fit to be president that is the problem! </document>
		<document> #user# #user# biden asked where he was in his speech in houston. he's mentally failing and they're scared! </document>
		<document> #user# yes! eat no red meat but chicken occasionally. mostly meatless dishes. true vegetarians do not eat any meat or dairy. </document>
		<document> #user# #user# as a jew you should be thanking trump for what he did for israel! why are you so ungrateful? 😠 </document>
		<document> #user# #user# since no one stops them, they'll continue to run the country into the ground. duh! </document>
		<document> #user# really? i like to think he's a democrat because he's an odd ball 😉 </document>
		<document> #user# unbelievable what they get away with😠 </document>
		<document> #user# he has to be a democrat😂 </document>
		<document> #user# still looks like a man with long hair🙄 </document>
		<document> #user# #user# yeah, that's how stupid the left is🙄 </document>
		<document> #user# #user# #user# #user# stir up your brain. he was not impeached, duh! </document>
		<document> #user# it's time to call it a day, you wore out your welcome. you're useless! </document>
		<document> #user# when you're a hollyweirdo looney tunes that's what you do😠 </document>
		<document> #user# incurable yeast infection is her problem 🤮 </document>
		<document> #user# #user# don't let this coward get away with what he's done. you are our hero! </document>
		<document> #user# #user# really? swalwell slept with a chinese spy, how dumb are you🙄 </document>
		<document> #user# #user# plastic surgery does wonders! </document>
		<document> #user# #user# #user# biden had five decades to do something but never accomplished anything except to get rich 🤑 </document>
		<document> #user# #user# biden claimed if he was elected, he would cure the covid😄😁😃😅🤣 </document>
		<document> #user# #user# #user# that's not hunter, where are his pictures? he was thrown out of the service for cocaine 🤔 </document>
		<document> #user# #user# i want to see biden's taxes since he's been ripping the country off for decades🙄 </document>
		<document> #user# yes, the demonrats are above the law😠 </document>
		<document> #user# #user# yes, she is definitely an idiot🙄 </document>
		<document> #user# #user# you missed your calling as a stand up comic😅 </document>
		<document> #user# #user# get your eyes checked 🤮 </document>
		<document> #user# #user# she was his baby sitter numbnuts and was married to someone else🙄 </document>
		<document> #user# i always say you know how to get the commie left out of their rat holes. listen to their meltdowns 😄😁😃😅🤣 </document>
		<document> #user# #user# yeah, only 75 million americans voted for trump. biden won by fraud let's face it! </document>
		<document> #user# we love your father. biden is like a weak puppy next to him. we went from a man to a mouse! </document>
		<document> #user# it was okay for her father to start a phoney war. wonder how she feels about that 🙄 </document>
		<document> #user# we the people do not care about cheney's opinion. trump 2024! </document>
		<document> #user# #user# yes, too bad! another turncoat 😠 </document>
		<document> #user# #user# #user# #user# #user# #user# think it will sink in his head🙄 </document>
		<document> #user# trump is a man and biden is a mouse😉 </document>
		<document> #user# #user# you're too stupid to respond to🙄 </document>
		<document> #user# #user# #user# #user# #user# #user# no, he's too dense😠 </document>
		<document> #user# #user# #user# jesus was a jew numbnuts. yes some jews have blue eyes, duh! </document>
		<document> #user# yes, tiger lives in my state. have been to his restaurant many times. </document>
		<document> #user# most of the libnuts are brain dead. none of them get it. they're all low iq individuals, no hope🤔 </document>
		<document> #user# their too stupid to know they were duped🙄 </document>
		<document> #user# #user# yeah the knew one wants to circle around when you ask her a question. wtf does that mean? </document>
		<document> #user# i lost 2500 followers. the more i can get the better. </document>
		<document> twitter took 2500 followers. any ideas how i can get them back? </document>
		<document> #user# #user# changing the subject always works with the left. have a nice day! </document>
		<document> #user# did our wires get crossed? </document>
		<document> #user# clooney dated ghislaine maxwell too. what does that tell you🙄 </document>
		<document> #user# #user# the rinos deserved a dump! </document>
		<document> #user# sounded like you were insulting florida. you repeated what someone who was said?? </document>
		<document> #user# why did you say "i'm sorry you feel that way"? could have fooled me🤔 </document>
		<document> #user# #user# at least you're an honest democrat, not too many of them🙄 </document>
		<document> #user# i've been to indiana. florida is paradise. indiana🤮 </document>
		<document> #user# #user# #user# everything that had nothing to do with covid! </document>
		<document> #user# #user# why didn't you discuss this with obama who started the cages 🤔 </document>
		<document> #user# #user# should have told obama who started the cages. what were you afraid of🤔 </document>
		<document> #user# #user# yeah, we noticed biden likes kids 🤮 </document>
		<document> #user# #user# you should have complained to obama who started the cages during his administration 🙄 </document>
		<document> #user# #user# #user# nice try you idiot? why not fact check it, what are you afraid of getting a little intelligent😅 </document>
		<document> #user# #user# are you aware that obama started the cages during his administration? why are all you lefties so brain dead🙄 </document>
		<document> #user# #user# #user# yeah, a little dementia is nothing 😅😂 </document>
		<document> #user# obama started the cages during his administration. why is that not mentioned?? </document>
		<document> #user# #user# #user# why didn't your boy biden go to texas the way trump did. why do you numbnuts give your evil party a pass👿 </document>
		<document> #user# #user# where did the flu go? i know there's a virus but think the dems have exaggerated the numbers since day one! </document>
		<document> #user# #user# #user# we have had not one family member or friend that have had the covid. feel very lucky! </document>
		<document> #user# reminds me of a walking cadaver 👽 </document>
		<document> #user# #user# #user# did he/she have his/her male organs removed? </document>
		<document> #user# #user# #user# #user# #user# she was a he practicing pediatrics. if that isn't scary, what is😠 </document>
		<document> #user# absolutely! everyone we are aware are commies are boycotted! </document>
		<document> #user# let's have another trial with him and ford. i defended this bum😠 </document>
		<document> #user# #user# he considers himself a catholic. wonder what the catholic church considers him. let's hear from the bishops, etc. </document>
		<document> #user# #user# don't you get earthquakes? ugh! </document>
		<document> #user# #user# maybe our president!! </document>
		<document> #user# #user# feel so lucky to live in florida with ron desantis as our governor!! </document>
	    
	<document> #user# nadler and aoc want him to resign but like his brother they have no shame🤮 </document>
		<document> #user# greta you upset all the commies on the left😅 </document>
		<document> #user# ben domench is an honest man and not afraid to speak out. love this guy! </document>
		<document> #user# #user# trump was not in a political position numbnuts 🙄 </document>
		<document> #user# because the left can't keep cheating with an id🙄 </document>
		<document> #user# #user# #user# if it wasn't for your courage, he would have gotten away with everything! </document>
		<document> #user# #user# #user# you commies are a joke😅 </document>
		<document> #user# #user# #user# that stimulus check was started by trump. who gave their check back on the commie left, duh! </document>
		<document> #user# #user# hard to think there can be that many stupid people in the country. they all seem to be in hollyweird too🙄 </document>
		<document> #user# yes, gas is up! why do you care you moron! </document>
		<document> #user# #user# where have you been, were you a bad boy 😉 </document>
		<document> #user# isn't that the truth!! </document>
		<document> #user# don't forget mr. potato head and dr. seuss 😂 </document>
		<document> #user# she was raised with money. her father is a director. she was their only child in that marriage, sure she had everything! </document>
		<document> #user# we should all go to gab. have you noticed all the people that left? </document>
		<document> #user# #user# not people, just conservatives! </document>
		<document> #user# they blocked me from responding to you😠 </document>
		<document> #user# next sunday, march 14th. </document>
		<document> #user# #user# austin is totally liberal! </document>
		<document> #user# #user# #user# i notice all the women that bash melania are homely as sin🥵 </document>
		<document> #user# #user# it's called marrying beneath you! </document>
		<document> #user# i attempted to reply to your tweet and twitter blocked me😠 </document>
		<document> #user# #user# #user# since you voted for biden we'll excuse your stupidity🙄 </document>
		<document> #user# can we sue swalwell for sleeping with a chinese spy? </document>
		<document> #user# trump with all his worldly knowledge seemed naive with some people. trusted the wrong ones. </document>
		<document> #user# #user# seems like all liberals can point their fingers at trump but not the idiot that's in office now🙄 </document>
		<document> #user# #user# biden was going to cure the virus if elected, what happened. #url# </document>
		<document> #user# #user# didn't biden promise to cure it if he was elected? 😃😂🤣 </document>
		<document> #user# #user# aren't they! 🙄 </document>
		<document> #user# that's because libnuts have no god in their lives, anything goes! </document>
		<document> #user# #user# isn't she from bostonia #url# </document>
		<document> #user# because it's funny #url# </document>
		<document> #user# #user# no, he's suppose to ask what he's doing there not take questions. duh! </document>
		<document> #user# if you looked like that, wouldn't you stfu 🙄 </document>
		<document> #user# #user# why would it give her the shakes 🙄 </document>
		<document> #user# #user# why not, you're no fun😠 </document>
		<document> #user# #user# #user# #user# there's no hope for michael moore😝 </document>
		<document> #user# #user# #user# #user# he could take a shower 🤔 </document>
		<document> #user# #user# #user# he'd be better keeping a low profile with his looks.🤮 </document>
		<document> #user# #user# just give him a dozen krispy kreme donuts and he'll be fine 🙄 </document>
		<document> #user# #user# what planet are you living on😅 </document>
		<document> #user# #user# welcome to communism👿 </document>
		<document> #user# notice no one really mentions it? </document>
		<document> #user# wow, that is earth shattering! 😂 </document>
		<document> #user# candace, too bad your morals doesn't rub off on the liberal freaks but when you're low life you just don't get it.🤮 </document>
		<document> #user# #user# yet, libs use the most atrocious language and are never suspended. </document>
		<document> #user# she's a huge disappointment. wish i could get my money back that i spent in her theme park.😠 </document>
		<document> #user# are you sure someone didn't physically attack romney? </document>
		<document> #user# allowing illegals in that are covid positive but calling the texas governor neanderthal? </document>
		<document> #user# requisite for being a liberal is passing a freak show😱 </document>
		<document> #user# dolly is a liberal who backed blm and criticized whites. anything she says doesn't surprise me😠 </document>
		<document> #user# eric keep tweeting, the libnuts are having meltdowns! 😅😂🤣 </document>
		<document> #user# someone got to him😁 </document>
		<document> #user# this man cannot call himself a catholic. no priest should administer communion to him👿 </document>
		<document> #user# i'm not sure about the male part but the moron is white. how he can make a statement like that and hold his head up is beyond me😠 </document>
		<document> #user# all the idiots on the left come up with this nonsense and the idiot leaders on the left go along with it😠 </document>
		<document> #user# because the radical left says so. their crap never ends, such a sick bunch of losers! </document>
		<document> #user# #user# #user# #user# mr. potato head, dr. seuss, etc. when does this nonsense end 🙄 </document>
		<document> #user# #user# #user# biden is an advocate for abortion, that is not christian 👿 </document>
		<document> #user# step down, you're destroying our country! </document>
		<document> #user# happy birthday david. 🎉🎂 </document>
		<document> #user# #user# send it to me on message. twitter is not allowing me to save it. </document>
		<document> #user# #user# if i ever get on gab will look for you. will miss you and your fur babies 😿 </document>
		<document> #user# #user# that's because the warped democrats are in charge. they're the most screwed up mental misfits 😱 </document>
		<document> #user# twitter has been removing my followers for years. use to remove between 10 and 30 a day. recently took 2500! </document>
		<document> #user# #user# #user# #user# the uglies on the left care because melania is beautiful! </document>
		<document> #user# #user# #user# she's not a medical doctor ding bat. stop putting a beautiful woman like melania down because you're ugly! </document>
		<document> #user# they both had covid, you're a liar and you have all these lefty idiots believing you. </document>
		<document> #user# because the left are more like commies. they are anti american. a sick bunch 👿 </document>
		<document> #user# don't forget to add, and they want everything free🙄 </document>
		<document> #user# did someone beat him up? </document>
		<document> #user# #user# another brain dead freak from l.a.😜 </document>
		<document> #user# #user# what about trump numbnuts 🙄 </document>
		<document> #user# tell him not to worry, he's only white😂 </document>
		<document> #user# #user# what is biden doing for you? </document>
		<document> #user# don't be, he would have gotten away with murder if it weren't for you! </document>
		<document> #user# yes, i am starting to lose some followers from yesterday but they already deleted 2500 a few months ago. </document>
		<document> #user# he is crazy🥺 </document>
		<document> #user# a press conference, he didn't know why he was in texas🙄 </document>
		<document> #user# how nice if someone gave that jerk a black eye! </document>
		<document> #user# he didn't even know why he was in texas 🤣 </document>
		<document> #user# where do all these liberal idiots come from on twitter 🤮 </document>
		<document> #user# #user# forgetting when he was elected too😉 </document>
		<document> #user# the democrats can't cheat then🙄 </document>
		<document> #user# #user# ted, ted, ted, yes she does she's on the right not the commie left. </document>
		<document> #user# because most of them want freebies and they're not getting them fast enough 🙄 </document>
		<document> #user# #user# we floridians love desantis. you're showing your ignorance 🙄 </document>
		<document> #user# #user# yes, makes florida even better! </document>
		<document> #user# #user# you can't beat florida! a red state with the best governor. n.y's leader are a disgrace 🤮 </document>
		<document> #user# sounds like he already is! </document>
		<document> #user# #user# listen moron you better worry about your buddy cuomo🙄 </document>
		<document> #user# thank you for being the best president. we miss you and feel the country's safety net is gone! </document>
		<document> #user# wow! give me a chair before i faint. pelosi actually admitted a democrat is guilty of something 🙄 </document>
		<document> #user# i am and many others! </document>
		<document> #user# #user# #user# you're talking to a jerk from the uk, don't waste your breath! </document>
		<document> #user# #user# #user# why are you foreigners so ignorant. looks like you have enough of your own problems so please, stfu! </document>
		<document> #user# #user# it's very annoying some loser wins by fraud.😠 </document>
		<document> #user# #user# it beats reading a teleprompter and still screwing up. you should be worried about biden not trump. </document>
		<document> #user# yes! we the people do not want rinos in our party. if the corrupt dems can stick together we should! </document>
		<document> #user# she also ran for the bottle to stop her shakes😅 </document>
		<document> #user# #user# liberal judges that are as bad as the rest of the demonrats! </document>
		<document> #user# bill, it's former president trump what's with the mr. 🙄 </document>
		<document> #user# #user# you're jealous because biden acts like a weakling. trump's strength gauls all you libnuts😂 </document>
		<document> #user# #user# barack obama! you're not stupid enough to think biden is making the decisions now are you😃😄😂 </document>
		<document> #user# #user# #user# commiefornia, makes sense why you are an idiot🙄 </document>
		<document> #user# watching a man speak instead of mousy joe is so refreshing. realize how really bad he is missed! </document>
		<document> #user# love our president trump! </document>
		<document> #user# i'm watching our great president trump and tweeting🙄 </document>
		<document> #user# i stand corrected. please accept my apology 😔 </document>
		<document> #user# #user# today is the 27th. biden was president a month ago. you feeling stupid yet, duh! </document>
		<document> #user# #user# our incredible president trump🥰 </document>
		<document> #user# #user# you foreign moron, stfu! </document>
		<document> #user# he loves his country! </document>
		<document> #user# #user# #user# shitter doesn't like free speech! </document>
		<document> #user# #user# yeah, cuomo looks pretty bad😠 </document>
		<document> #user# #user# i agree, cuomo is finished!! </document>
		<document> #user# #user# true. cuomo killed thousands in nursing homes an apology wouldn't cut it🤔 </document>
		<document> #user# #user# #user# #user# hey ding bat mary, why not hold cuomo responsible? oh you forgot that would make sense🤣 </document>
		<document> #user# #user# yeah, you voted for a guy that doesn't know where he is half the time. smart move numbnut😂 </document>
		<document> #user# for votes. libs don't care about them personally, just want to give them citizenship so they'll vote democratic 😠 </document>
		<document> #user# that's because she's a hollyweirdo commie👿 </document>
		<document> #user# #user# why you voted for the biggest racist there is, biden 🙄 </document>
		<document> #user# can't wait to hear him speak after listening to that weakling mouse biden🤮 </document>
		<document> #user# democrats, they're always looking for handouts 😠 </document>
		<document> #user# hopefully he or she is with a another loving owner😻 </document>
		<document> #user# #user# #user# he only promised to cure the virus to get elected and you numbnuts believed him😁😄😃😅😂 </document>
		<document> #user# in the middle of biden's speech, he asked where he was. this is not funny😠 </document>
		<document> #user# #user# #user# #user# he should have stayed on his peanut farm🙄 </document>
		<document> #user# #user# #user# biden is not fit to be president that is the problem! </document>
		<document> #user# #user# biden asked where he was in his speech in houston. he's mentally failing and they're scared! </document>
		<document> #user# yes! eat no red meat but chicken occasionally. mostly meatless dishes. true vegetarians do not eat any meat or dairy. </document>
		<document> #user# #user# as a jew you should be thanking trump for what he did for israel! why are you so ungrateful? 😠 </document>
		<document> #user# #user# since no one stops them, they'll continue to run the country into the ground. duh! </document>
		<document> #user# really? i like to think he's a democrat because he's an odd ball 😉 </document>
		<document> #user# unbelievable what they get away with😠 </document>
		<document> #user# he has to be a democrat😂 </document>
		<document> #user# still looks like a man with long hair🙄 </document>
		<document> #user# #user# yeah, that's how stupid the left is🙄 </document>
		<document> #user# #user# #user# #user# stir up your brain. he was not impeached, duh! </document>
		<document> #user# it's time to call it a day, you wore out your welcome. you're useless! </document>
		<document> #user# when you're a hollyweirdo looney tunes that's what you do😠 </document>
		<document> #user# incurable yeast infection is her problem 🤮 </document>
		<document> #user# #user# don't let this coward get away with what he's done. you are our hero! </document>
		<document> #user# #user# really? swalwell slept with a chinese spy, how dumb are you🙄 </document>
		<document> #user# #user# plastic surgery does wonders! </document>
		<document> #user# #user# #user# biden had five decades to do something but never accomplished anything except to get rich 🤑 </document>
		<document> #user# #user# biden claimed if he was elected, he would cure the covid😄😁😃😅🤣 </document>
		<document> #user# #user# #user# that's not hunter, where are his pictures? he was thrown out of the service for cocaine 🤔 </document>
		<document> #user# #user# i want to see biden's taxes since he's been ripping the country off for decades🙄 </document>
		<document> #user# yes, the demonrats are above the law😠 </document>
		<document> #user# #user# yes, she is definitely an idiot🙄 </document>
		<document> #user# #user# you missed your calling as a stand up comic😅 </document>
		<document> #user# #user# get your eyes checked 🤮 </document>
		<document> #user# #user# she was his baby sitter numbnuts and was married to someone else🙄 </document>
		<document> #user# i always say you know how to get the commie left out of their rat holes. listen to their meltdowns 😄😁😃😅🤣 </document>
		<document> #user# #user# yeah, only 75 million americans voted for trump. biden won by fraud let's face it! </document>
		<document> #user# we love your father. biden is like a weak puppy next to him. we went from a man to a mouse! </document>
		<document> #user# it was okay for her father to start a phoney war. wonder how she feels about that 🙄 </document>
		<document> #user# we the people do not care about cheney's opinion. trump 2024! </document>
		<document> #user# #user# yes, too bad! another turncoat 😠 </document>
		<document> #user# #user# #user# #user# #user# #user# think it will sink in his head🙄 </document>
		<document> #user# trump is a man and biden is a mouse😉 </document>
		<document> #user# #user# you're too stupid to respond to🙄 </document>
		<document> #user# #user# #user# #user# #user# #user# no, he's too dense😠 </document>
		<document> #user# #user# #user# jesus was a jew numbnuts. yes some jews have blue eyes, duh! </document>
		<document> #user# yes, tiger lives in my state. have been to his restaurant many times. </document>
		<document> #user# most of the libnuts are brain dead. none of them get it. they're all low iq individuals, no hope🤔 </document>
		<document> #user# their too stupid to know they were duped🙄 </document>
		<document> #user# #user# yeah the knew one wants to circle around when you ask her a question. wtf does that mean? </document>
		<document> #user# i lost 2500 followers. the more i can get the better. </document>
		<document> twitter took 2500 followers. any ideas how i can get them back? </document>
		<document> #user# #user# changing the subject always works with the left. have a nice day! </document>
		<document> #user# did our wires get crossed? </document>
		<document> #user# clooney dated ghislaine maxwell too. what does that tell you🙄 </document>
		<document> #user# #user# the rinos deserved a dump! </document>
		<document> #user# sounded like you were insulting florida. you repeated what someone who was said?? </document>
		<document> #user# why did you say "i'm sorry you feel that way"? could have fooled me🤔 </document>
		<document> #user# #user# at least you're an honest democrat, not too many of them🙄 </document>
		<document> #user# i've been to indiana. florida is paradise. indiana🤮 </document>
		<document> #user# #user# #user# everything that had nothing to do with covid! </document>
		<document> #user# #user# why didn't you discuss this with obama who started the cages 🤔 </document>
		<document> #user# #user# should have told obama who started the cages. what were you afraid of🤔 </document>
		<document> #user# #user# yeah, we noticed biden likes kids 🤮 </document>
		<document> #user# #user# you should have complained to obama who started the cages during his administration 🙄 </document>
		<document> #user# #user# #user# nice try you idiot? why not fact check it, what are you afraid of getting a little intelligent😅 </document>
		<document> #user# #user# are you aware that obama started the cages during his administration? why are all you lefties so brain dead🙄 </document>
		<document> #user# #user# #user# yeah, a little dementia is nothing 😅😂 </document>
		<document> #user# obama started the cages during his administration. why is that not mentioned?? </document>
		<document> #user# #user# #user# why didn't your boy biden go to texas the way trump did. why do you numbnuts give your evil party a pass👿 </document>
		<document> #user# #user# where did the flu go? i know there's a virus but think the dems have exaggerated the numbers since day one! </document>
		<document> #user# #user# #user# we have had not one family member or friend that have had the covid. feel very lucky! </document>
		<document> #user# reminds me of a walking cadaver 👽 </document>
		<document> #user# #user# #user# did he/she have his/her male organs removed? </document>
		<document> #user# #user# #user# #user# #user# she was a he practicing pediatrics. if that isn't scary, what is😠 </document>
		<document> #user# absolutely! everyone we are aware are commies are boycotted! </document>
		<document> #user# let's have another trial with him and ford. i defended this bum😠 </document>
		<document> #user# #user# he considers himself a catholic. wonder what the catholic church considers him. let's hear from the bishops, etc. </document>
		<document> #user# #user# don't you get earthquakes? ugh! </document>
		<document> #user# #user# maybe our president!! </document>
		<document> #user# #user# feel so lucky to live in florida with ron desantis as our governor!! </document>
	 