   
	<document> fourth wall i supposed to be talking in the 3rd person and beyond but mfers sneakily acting up ignorant bastards </document>
		<document> healing factor i can regenerate my limbs easily if u wanna be on that level u better act right </document>
		<document> super saiyan i aint even gotta try hard the stronger levels are just topping on the cake </document>
		<document> you fool im the nigga that whooped king frieza ass like it was nothing </document>
		<document> losing limbs any and everything can happen in hell just gotta deal heal live abd survive the horrors </document>
		<document> mutants spiderman unlimited vibes big changes but equipped to handle it all easily and have fun doing it </document>
		<document> eternal kingdom heaven will come soon enough but not sooner than u think </document>
		<document> karmic naturally so dont blame me its yall fault ignorant fools </document>
		<document> da shredder yall far beneath my level the magic kappa ninja turtles gon be setting yall right on a regular huh </document>
		<document> porn not corn lie as much as yall want i still see the truth with my own eyes </document>
		<document> fire god my spirit is lightning going beyond the strength of all others naturally </document>
		<document> soul we all have it </document>
		<document> will my fire is extremely strong the strongest </document>
		<document> sonya blade she can be the one only if she willing to be the one </document>
		<document> free u can give commission or permission either way im still me </document>
		<document> surrender cant teach u nothing u aint ready and willing to learn </document>
		<document> be like water soft but hard </document>
		<document> oblivion resisting killing yo punk ass for good bitch ass nigga </document>
		<document> ninja i wear tabi not socks </document>
		<document> butterfly effect this one life no matter what </document>
		<document> old ppl stop trying to fuck up ppls lives lying ass nigga </document>
		<document> stupid nigga bitch ass nigga sitting back trying to turn my own ppl on me while im fucking trying to heal i should kill u dead nigga </document>
		<document> rap u leave me no choice tony montana 🎶 </document>
		<document> corner im fucking u up bruh </document>
		<document> freewill aint nothing but balls of energy out here flesh dont make u solid u still pure gas </document>
		<document> kappa they gon be beating my fodder ninjas asses weak ass punks and i wont even be laughing on the outside 🤭 </document>
		<document> angel ultra instinct master naturally its innate within me cant be taken copied or followed </document>
		<document> nice guy pose 👍🏾 im coming back very strong and nothing can stop it </document>
		<document> reciprocation i match wats being given u think u can take from me and get away with it u wrong </document>
		<document> still stop trying to change me bitch ass niggas yall in the wrong </document>
		<document> technology in the safety of super genius convenience i will be saving the world </document>
		<document> tension trust i can feel a difference and whether its genuine or not </document>
		<document> gta vibes im a hood nigga with superpowers in real life imma live comfortably no matter wtf going on </document>
		<document> tools start from the beginning work with wat u got want for nothing gain wat u earn </document>
		<document> seriousness if u a fag play that role with other ppl not with me get real nigga </document>
		<document> generational if one diss they all gon cause im beyond time </document>
		<document> holy imma experience my life thru my full glory </document>
		<document> condemn dont put yall faults off on me </document>
		<document> faking u aint really me and u gon see </document>
		<document> still i was cool as a mfer and i am cool as a mfer </document>
		<document> soul im da one true essence of da world </document>
		<document> vibing i aint trying to check mfers playing no hard role mfers come correct everything gon be correct naturally </document>
		<document> respect if we gon be hanging out more u better know wats up bruh </document>
		<document> essence aint nothing but truth vibing from me </document>
		<document> transformation☯️transfiguration its all in one permanent change thru spiritual growth nothing shady about it u just cant see it yet </document>
		<document> transfiguration👤 i seemingly come from another place entirely it apparently seems but naw im just same ol me </document>
		<document> essence nigga been trying to steal my aura since day 1 now u realizing u just really aint got it huh bitch ass nigga </document>
		<document> targets they not demons im the demon that cant lose and wont miss ever if u the target u done for </document>
		<document> s🌀nic spikey aura flawless cutting precision locked on to any and all targets i dont and never miss ever </document>
		<document> spiderman super transformation but wat im finna turn into is coming real soon </document>
		<document> transfiguration👤 whatever i turn out to look like is a blessing in disguise imma slowly grow into </document>
		<document> cat claws a new anatomy unlike any other ever before or will be </document>
		<document> monster the popular claws are mines alone </document>
		<document> wolverine like a saiyan the very last and only of my kind </document>
		<document> miracle my blessings are my blessings simple as that quit hating and instead appreciate the circumstances of the life given to you </document>
		<document> concrete i cant change from loving my momma and font plan on it so i know yall in the wrong </document>
		<document> internal butterfly effect your thoughts and actions effect other ppl faster than u realize but once u realize it u have control </document>
		<document> circumstances alot of mistakes will be fixed easily </document>
		<document> slowness speed dont mean nothing if u cant control it </document>
		<document> training u might die but u better keep fighting for yo life nigga aint no quitting </document>
		<document> 2 face im scarface black☯️white </document>
		<document> ghost im on my shit in the front and behind the scenes i control the circumstances </document>
		<document> respect they not in the same bracket i dont give af wat u on bitch ass nigga stop playing </document>
		<document> mom just because ppl hold the same title dont mean they share the same bracket </document>
		<document> faith this real religious spiritual energy yall fucking with dawg extremely real shit real lives nigga </document>
		<document> heart yall trying to tear me from the wrong person i was designed to love her it keeps me sweet like i should be </document>
		<document> influence convince yourself of truth before trying to convince others </document>
		<document> president👤 i can be who yall need at anytime but never who yall want me to be </document>
		<document> bills bills bills im focusing on my civilized society life to stay afloat and be right with karma not wat yall thinking im thinking </document>
		<document> internal make the changes within yourself first and things will go accordingly naturally as they should </document>
		<document> strength of character being yourself is better than any barbaric victory u aint understanding the moral of eternal victory yet huh </document>
		<document> oxymoron if u not understanding im a natural master of taoism yet u too stupid </document>
		<document> mirror if u wrong u wrong u thought u was me and u wrong </document>
		<document> still i shouldn't have to tell a mfer to get out the way of my healing just fucking do it it dont matter wat u think thats my essence nigga </document>
		<document> brute that stupid shit gon get u killed </document>
		<document> noggin use that brain tool im not yo fucking brain </document>
		<document> effortlessly watch yo words and wat tf u say to me at all times </document>
		<document> comfort zone if my energy aint feeling it its just gon be that </document>
		<document> genuinely actions speak louder than words watch yo thoughts before u walk nigga </document>
		<document> comfort if u aint understanding genuinely u still disrespecting </document>
		<document> truth before i use my power yall gon respect my word i aint proving shit im just being me </document>
		<document> care yall aint gon change her and yall aint gon change me its set in stone im the enforcer </document>
		<document> kindness thats my love for my momma essence mfers playing with its going down </document>
		<document> off topic its clear yall aint getting the situation but yall need to get wit it </document>
		<document> one way my life is mines alone </document>
		<document> earth plane we not living the same lives just the living in the same existence and similar circumstances is all </document>
		<document> ideas my thoughts exactly </document>
		<document> basic im still arguing with u bitch ass niggas about my energy dawg </document>
		<document> connect if i swing it wont miss and u wont still be standing </document>
		<document> kind yall should learn to leave me alone with yall bullshit </document>
		<document> stupidity im waking up to ignorance constantly </document>
		<document> love this my energy u lying faggot bitch ass nigga plain and simple stop arguing the fact </document>
		<document> karmic yall fighting me about yall own mistakes stop being stupid with me its that fucking simple </document>
		<document> dead wrong yall niggas extremely ignorant dawg </document>
		<document> addiction i aint gotta be about nothing but my damn self thats yall ignorant mfers thinking something different </document>
		<document> mistakes thats karma at work at it been felt by all of us cause of mfers stupidity im not liking the shit not even a lil bit </document>
		<document> hades aint nobody the spirit cant nobody fill this void no one understands this like i do </document>
		<document> fail if u lose u lose escape jutsu hope u live to fight another day </document>
		<document> surrender imma make yall become yall selves </document>
		<document> still yall aint changing nothing cause yall cant fucking fools </document>
		<document> maintain better control yall selves even with bad habits </document>
		<document> weed yall wanna fo this shit right it will be </document>
		<document> zordon nigga disrespecting the boss u mfing idiot </document>
		<document> respect if u thought u was checking on me think again nigga </document>
		<document> reverse imma stop u from trying me even the little parts from now on learn yo place nigga </document>
		<document> shady that nigga acting hard as a mfer dawg u need to lose first bruh im at the top and u know it </document>
		<document> no help u on yo own like im on my own trying to stop u from acting like u fucking me nigga </document>
		<document> vibes u holding on to the wrong nigga essence u need to let my shit go asap </document>
		<document> karma aint nobody hurting u but yo own mistake </document>
		<document> revenge u chose wrong u dead wrong thats yo fault stop blaming other ppl u should've respected right </document>
		<document> lashing out yall very disrespectful and til the message is felt where yall quit disrespecting me like i cant retaliate im going tf off </document>
		<document> crackheaded thats that nigga vibe he was on the wrong path if not for me not the other way around it may seem deceptive but its accurate asf </document>
		<document> nuisance when u stop being a bitch nigga its gon come to reality cause mfers already know the difference between fake and real </document>
		<document> check im giving yall mfers every chance in the world to correct yall selves stop wasting my time realizing yall selves </document>
		<document> essence she got betrayal in her heart and its fucking up my heart she better start acting right her damn self </document>
		<document> mom she was a comfortable loving person </document>
		<document> dignifying u gain from certification my legend is mines alone it has nothing to do with someone else or others </document>
		<document> omnipotent i know all i need yo know in any given situation </document>
		<document> and then "is there no one else"-achilles boi hungry for more but no one brave enough to feed the lion huh </document>
		<document> strike str8 thru one shot boi </document>
		<document> plain weapons like zeus not using power just skill </document>
		<document> crossover one shot kill str8 thru the deltoid thats an unlucky mfer </document>
		<document> brad pitt huh im a hot missouri boy action type star huh </document>
		<document> butterfly effect i was already me right from the beginning </document>
		<document> escape mfers cant get me like i can get them </document>
		<document> ultimate hidden potential climb forever aint no limits </document>
		<document> sharingan countless other eye jutsu but none as powerful as this exclusive one </document>
		<document> precognition im faster than my own mind its a psychic skill ppl deal with it </document>
		<document> wow boy u a stupid mfer boi </document>
		<document> ultra instinct cant take my truth from me </document>
		<document> calm vibes i be on chill mode all the time </document>
		<document> set the record straight yall so stupid its ridiculous </document>
		<document> one way i dont fuck wit ppl that dont fuck wit me so stop fucking wit me </document>
		<document> blessed dont nobody deserve shit but its happening so u get it </document>
		<document> expression u can see emotion </document>
		<document> traumatizing they really dont know huh🤔 </document>
		<document> valor they dont believe but believe me its true </document>
		<document> slave minded they out they cotton picking minds </document>
		<document> so what gender discrimination girls are girls boys sre boys </document>
		<document> wildcat superhero boxing skills wanna learn huh 🙃 </document>
		<document> sad i be actually looking for ha but cant find ha thats bad 🙁 </document>
		<document> system it will dawg u so u better hang 10 </document>
		<document> dreadnaught untouchable dreadful strength i am death💀 </document>
		<document> fight club vibes quote "be glad this is not the tournament"-sub zero </document>
		<document> quote "the cold does not suit u" -sub zero </document>
		<document> slow as hell she'll catch up i guess huh☹️ </document>
		<document> quote "youre not ready for mortal kombat"-sub zero </document>
		<document> prostitution ho ass thot </document>
		<document> trifling yall some disgusting idiots bruh wtf up wit em lord sheesh </document>
		<document> oblivion yall like dying huh well not me imma live forever </document>
		<document> hating wtf yall doing to make me feel so damn bad </document>
		<document> air if the wind aint got my side it aint got nobody im the best naturally </document>
		<document> uh uh no disrespect but at the same time hell no🤣 </document>
		<document> nope i aint fucking wit yall uh uh i know u know now yall some fools boy😆😅😂 </document>
		<document> nope my eyes see i make my own choices based off me </document>
		<document> crazy ass mfer thats wat im talkin bout yall got me fucked up🤣🤣🤣 </document>
		<document> 🤣🤣🤣 better quiet that tough talk down </document>
		<document> twisted dont be trying to play me iont give af🤣 </document>
		<document> sub zero quote "you are this realms best" </document>
		<document> bite my tongue boy im itching to let shit out we barely scratched the surface </document>
		<document> chi forever in my grasp </document>
		<document> dangerous i understand but i dont at the same time hmph😑 </document>
		<document> no blame i made it clear enough u know where im headed so figure it out and stop making me mad </document>
		<document> 1987 butterfly effect wherever i go im coming back home yall aint getting away from me </document>
		<document> stl mfers crazy thinking they can take this vibe from im finna fuck yall up i promise nigga u gon forget u thought this wasn't mine </document>
		<document> baffled yall confusion is not my fault i cant know of i dont know u dont know ppl just aint smart its hurting me too apparently as u can see </document>
		<document> new day thats aight new things on the horizon let it go its all good </document>
		<document> spirit scared that ghost away huh😐 </document>
		<document> similarities even if i am the same im still different </document>
		<document> unknown standards can only be seen by set observationalists outside of that anything goes aint no telling wat can happen </document>
		<document> power level determined by individual ability level eh maybe u can maybe u cant is the translation to that huh </document>
		<document> new perspective remaster the master </document>
		<document> karma reality is reality </document>
		<document> foundation the mighty fight club coming up in our future huh </document>
		<document> loser the shit right gotta go thru to prove a fucking important point its seem simple but mfers blind asf huh </document>
		<document> genin i was born a master but we all start somewhere huh </document>
		<document> kage master level this shit dont mean god it can be many of these if u reach it but only one at thee ultimate level above all and thats me </document>
		<document> one god white haired kakashi kage level ninja i am only huh </document>
		<document> timing aint nobody else like me </document>
		<document> grandmaster sub zero im at the top spot at all times win or lose its fun </document>
		<document> amnesiac gotta remember shit cause ppl stupidly dont really understand and thats how reality is atm </document>
		<document> ignore dont even exist as a challenge dawg fuck all that talking shit </document>
		<document> new gen check yo own kind too wtf happened to yo spirit huh </document>
		<document> idiots yall fucking wack </document>
		<document> universal language english on another level tho </document>
		<document> identity👤 im that little brother of the family the youngest one if u didn't know or dont seem to remember </document>
		<document> da most high extremely hard to reach now cause like i said i been strong </document>
		<document> campaign let me do the damn thing wars my wats my wats my name awww🤣🤣🤣 chess make right moves play your pieces right </document>
		<document> mobile i cant wait to really get to moving around and making moves myself again </document>
		<document> karma ppl be lying too fucking much luckily the truth lives within me </document>
		<document> mastery they cant create on my level it can be felt and imma just play along and grow from there </document>
		<document> just now car crash karma im a force of nature u dont wanna fuck with fr </document>
		<document> bravery on a level beyond all others </document>
		<document> character chivalry will never die with me knight </document>
		<document> turbulence its a never ending cycle </document>
		<document> powerful no one will understand the force as well as me </document>
		<document> neo da chosen one be real cause im real fr </document>
		<document> truth i am pure fact </document>
		<document> sweet i know wat they think of me but i am beyond thoughts and opinions </document>
		<document> malleable equalize yourself no matter how powerful u are u are forever human </document>
	    
	<document> fourth wall i supposed to be talking in the 3rd person and beyond but mfers sneakily acting up ignorant bastards </document>
		<document> healing factor i can regenerate my limbs easily if u wanna be on that level u better act right </document>
		<document> super saiyan i aint even gotta try hard the stronger levels are just topping on the cake </document>
		<document> you fool im the nigga that whooped king frieza ass like it was nothing </document>
		<document> losing limbs any and everything can happen in hell just gotta deal heal live abd survive the horrors </document>
		<document> mutants spiderman unlimited vibes big changes but equipped to handle it all easily and have fun doing it </document>
		<document> eternal kingdom heaven will come soon enough but not sooner than u think </document>
		<document> karmic naturally so dont blame me its yall fault ignorant fools </document>
		<document> da shredder yall far beneath my level the magic kappa ninja turtles gon be setting yall right on a regular huh </document>
		<document> porn not corn lie as much as yall want i still see the truth with my own eyes </document>
		<document> fire god my spirit is lightning going beyond the strength of all others naturally </document>
		<document> soul we all have it </document>
		<document> will my fire is extremely strong the strongest </document>
		<document> sonya blade she can be the one only if she willing to be the one </document>
		<document> free u can give commission or permission either way im still me </document>
		<document> surrender cant teach u nothing u aint ready and willing to learn </document>
		<document> be like water soft but hard </document>
		<document> oblivion resisting killing yo punk ass for good bitch ass nigga </document>
		<document> ninja i wear tabi not socks </document>
		<document> butterfly effect this one life no matter what </document>
		<document> old ppl stop trying to fuck up ppls lives lying ass nigga </document>
		<document> stupid nigga bitch ass nigga sitting back trying to turn my own ppl on me while im fucking trying to heal i should kill u dead nigga </document>
		<document> rap u leave me no choice tony montana 🎶 </document>
		<document> corner im fucking u up bruh </document>
		<document> freewill aint nothing but balls of energy out here flesh dont make u solid u still pure gas </document>
		<document> kappa they gon be beating my fodder ninjas asses weak ass punks and i wont even be laughing on the outside 🤭 </document>
		<document> angel ultra instinct master naturally its innate within me cant be taken copied or followed </document>
		<document> nice guy pose 👍🏾 im coming back very strong and nothing can stop it </document>
		<document> reciprocation i match wats being given u think u can take from me and get away with it u wrong </document>
		<document> still stop trying to change me bitch ass niggas yall in the wrong </document>
		<document> technology in the safety of super genius convenience i will be saving the world </document>
		<document> tension trust i can feel a difference and whether its genuine or not </document>
		<document> gta vibes im a hood nigga with superpowers in real life imma live comfortably no matter wtf going on </document>
		<document> tools start from the beginning work with wat u got want for nothing gain wat u earn </document>
		<document> seriousness if u a fag play that role with other ppl not with me get real nigga </document>
		<document> generational if one diss they all gon cause im beyond time </document>
		<document> holy imma experience my life thru my full glory </document>
		<document> condemn dont put yall faults off on me </document>
		<document> faking u aint really me and u gon see </document>
		<document> still i was cool as a mfer and i am cool as a mfer </document>
		<document> soul im da one true essence of da world </document>
		<document> vibing i aint trying to check mfers playing no hard role mfers come correct everything gon be correct naturally </document>
		<document> respect if we gon be hanging out more u better know wats up bruh </document>
		<document> essence aint nothing but truth vibing from me </document>
		<document> transformation☯️transfiguration its all in one permanent change thru spiritual growth nothing shady about it u just cant see it yet </document>
		<document> transfiguration👤 i seemingly come from another place entirely it apparently seems but naw im just same ol me </document>
		<document> essence nigga been trying to steal my aura since day 1 now u realizing u just really aint got it huh bitch ass nigga </document>
		<document> targets they not demons im the demon that cant lose and wont miss ever if u the target u done for </document>
		<document> s🌀nic spikey aura flawless cutting precision locked on to any and all targets i dont and never miss ever </document>
		<document> spiderman super transformation but wat im finna turn into is coming real soon </document>
		<document> transfiguration👤 whatever i turn out to look like is a blessing in disguise imma slowly grow into </document>
		<document> cat claws a new anatomy unlike any other ever before or will be </document>
		<document> monster the popular claws are mines alone </document>
		<document> wolverine like a saiyan the very last and only of my kind </document>
		<document> miracle my blessings are my blessings simple as that quit hating and instead appreciate the circumstances of the life given to you </document>
		<document> concrete i cant change from loving my momma and font plan on it so i know yall in the wrong </document>
		<document> internal butterfly effect your thoughts and actions effect other ppl faster than u realize but once u realize it u have control </document>
		<document> circumstances alot of mistakes will be fixed easily </document>
		<document> slowness speed dont mean nothing if u cant control it </document>
		<document> training u might die but u better keep fighting for yo life nigga aint no quitting </document>
		<document> 2 face im scarface black☯️white </document>
		<document> ghost im on my shit in the front and behind the scenes i control the circumstances </document>
		<document> respect they not in the same bracket i dont give af wat u on bitch ass nigga stop playing </document>
		<document> mom just because ppl hold the same title dont mean they share the same bracket </document>
		<document> faith this real religious spiritual energy yall fucking with dawg extremely real shit real lives nigga </document>
		<document> heart yall trying to tear me from the wrong person i was designed to love her it keeps me sweet like i should be </document>
		<document> influence convince yourself of truth before trying to convince others </document>
		<document> president👤 i can be who yall need at anytime but never who yall want me to be </document>
		<document> bills bills bills im focusing on my civilized society life to stay afloat and be right with karma not wat yall thinking im thinking </document>
		<document> internal make the changes within yourself first and things will go accordingly naturally as they should </document>
		<document> strength of character being yourself is better than any barbaric victory u aint understanding the moral of eternal victory yet huh </document>
		<document> oxymoron if u not understanding im a natural master of taoism yet u too stupid </document>
		<document> mirror if u wrong u wrong u thought u was me and u wrong </document>
		<document> still i shouldn't have to tell a mfer to get out the way of my healing just fucking do it it dont matter wat u think thats my essence nigga </document>
		<document> brute that stupid shit gon get u killed </document>
		<document> noggin use that brain tool im not yo fucking brain </document>
		<document> effortlessly watch yo words and wat tf u say to me at all times </document>
		<document> comfort zone if my energy aint feeling it its just gon be that </document>
		<document> genuinely actions speak louder than words watch yo thoughts before u walk nigga </document>
		<document> comfort if u aint understanding genuinely u still disrespecting </document>
		<document> truth before i use my power yall gon respect my word i aint proving shit im just being me </document>
		<document> care yall aint gon change her and yall aint gon change me its set in stone im the enforcer </document>
		<document> kindness thats my love for my momma essence mfers playing with its going down </document>
		<document> off topic its clear yall aint getting the situation but yall need to get wit it </document>
		<document> one way my life is mines alone </document>
		<document> earth plane we not living the same lives just the living in the same existence and similar circumstances is all </document>
		<document> ideas my thoughts exactly </document>
		<document> basic im still arguing with u bitch ass niggas about my energy dawg </document>
		<document> connect if i swing it wont miss and u wont still be standing </document>
		<document> kind yall should learn to leave me alone with yall bullshit </document>
		<document> stupidity im waking up to ignorance constantly </document>
		<document> love this my energy u lying faggot bitch ass nigga plain and simple stop arguing the fact </document>
		<document> karmic yall fighting me about yall own mistakes stop being stupid with me its that fucking simple </document>
		<document> dead wrong yall niggas extremely ignorant dawg </document>
		<document> addiction i aint gotta be about nothing but my damn self thats yall ignorant mfers thinking something different </document>
		<document> mistakes thats karma at work at it been felt by all of us cause of mfers stupidity im not liking the shit not even a lil bit </document>
		<document> hades aint nobody the spirit cant nobody fill this void no one understands this like i do </document>
		<document> fail if u lose u lose escape jutsu hope u live to fight another day </document>
		<document> surrender imma make yall become yall selves </document>
		<document> still yall aint changing nothing cause yall cant fucking fools </document>
		<document> maintain better control yall selves even with bad habits </document>
		<document> weed yall wanna fo this shit right it will be </document>
		<document> zordon nigga disrespecting the boss u mfing idiot </document>
		<document> respect if u thought u was checking on me think again nigga </document>
		<document> reverse imma stop u from trying me even the little parts from now on learn yo place nigga </document>
		<document> shady that nigga acting hard as a mfer dawg u need to lose first bruh im at the top and u know it </document>
		<document> no help u on yo own like im on my own trying to stop u from acting like u fucking me nigga </document>
		<document> vibes u holding on to the wrong nigga essence u need to let my shit go asap </document>
		<document> karma aint nobody hurting u but yo own mistake </document>
		<document> revenge u chose wrong u dead wrong thats yo fault stop blaming other ppl u should've respected right </document>
		<document> lashing out yall very disrespectful and til the message is felt where yall quit disrespecting me like i cant retaliate im going tf off </document>
		<document> crackheaded thats that nigga vibe he was on the wrong path if not for me not the other way around it may seem deceptive but its accurate asf </document>
		<document> nuisance when u stop being a bitch nigga its gon come to reality cause mfers already know the difference between fake and real </document>
		<document> check im giving yall mfers every chance in the world to correct yall selves stop wasting my time realizing yall selves </document>
		<document> essence she got betrayal in her heart and its fucking up my heart she better start acting right her damn self </document>
		<document> mom she was a comfortable loving person </document>
		<document> dignifying u gain from certification my legend is mines alone it has nothing to do with someone else or others </document>
		<document> omnipotent i know all i need yo know in any given situation </document>
		<document> and then "is there no one else"-achilles boi hungry for more but no one brave enough to feed the lion huh </document>
		<document> strike str8 thru one shot boi </document>
		<document> plain weapons like zeus not using power just skill </document>
		<document> crossover one shot kill str8 thru the deltoid thats an unlucky mfer </document>
		<document> brad pitt huh im a hot missouri boy action type star huh </document>
		<document> butterfly effect i was already me right from the beginning </document>
		<document> escape mfers cant get me like i can get them </document>
		<document> ultimate hidden potential climb forever aint no limits </document>
		<document> sharingan countless other eye jutsu but none as powerful as this exclusive one </document>
		<document> precognition im faster than my own mind its a psychic skill ppl deal with it </document>
		<document> wow boy u a stupid mfer boi </document>
		<document> ultra instinct cant take my truth from me </document>
		<document> calm vibes i be on chill mode all the time </document>
		<document> set the record straight yall so stupid its ridiculous </document>
		<document> one way i dont fuck wit ppl that dont fuck wit me so stop fucking wit me </document>
		<document> blessed dont nobody deserve shit but its happening so u get it </document>
		<document> expression u can see emotion </document>
		<document> traumatizing they really dont know huh🤔 </document>
		<document> valor they dont believe but believe me its true </document>
		<document> slave minded they out they cotton picking minds </document>
		<document> so what gender discrimination girls are girls boys sre boys </document>
		<document> wildcat superhero boxing skills wanna learn huh 🙃 </document>
		<document> sad i be actually looking for ha but cant find ha thats bad 🙁 </document>
		<document> system it will dawg u so u better hang 10 </document>
		<document> dreadnaught untouchable dreadful strength i am death💀 </document>
		<document> fight club vibes quote "be glad this is not the tournament"-sub zero </document>
		<document> quote "the cold does not suit u" -sub zero </document>
		<document> slow as hell she'll catch up i guess huh☹️ </document>
		<document> quote "youre not ready for mortal kombat"-sub zero </document>
		<document> prostitution ho ass thot </document>
		<document> trifling yall some disgusting idiots bruh wtf up wit em lord sheesh </document>
		<document> oblivion yall like dying huh well not me imma live forever </document>
		<document> hating wtf yall doing to make me feel so damn bad </document>
		<document> air if the wind aint got my side it aint got nobody im the best naturally </document>
		<document> uh uh no disrespect but at the same time hell no🤣 </document>
		<document> nope i aint fucking wit yall uh uh i know u know now yall some fools boy😆😅😂 </document>
		<document> nope my eyes see i make my own choices based off me </document>
		<document> crazy ass mfer thats wat im talkin bout yall got me fucked up🤣🤣🤣 </document>
		<document> 🤣🤣🤣 better quiet that tough talk down </document>
		<document> twisted dont be trying to play me iont give af🤣 </document>
		<document> sub zero quote "you are this realms best" </document>
		<document> bite my tongue boy im itching to let shit out we barely scratched the surface </document>
		<document> chi forever in my grasp </document>
		<document> dangerous i understand but i dont at the same time hmph😑 </document>
		<document> no blame i made it clear enough u know where im headed so figure it out and stop making me mad </document>
		<document> 1987 butterfly effect wherever i go im coming back home yall aint getting away from me </document>
		<document> stl mfers crazy thinking they can take this vibe from im finna fuck yall up i promise nigga u gon forget u thought this wasn't mine </document>
		<document> baffled yall confusion is not my fault i cant know of i dont know u dont know ppl just aint smart its hurting me too apparently as u can see </document>
		<document> new day thats aight new things on the horizon let it go its all good </document>
		<document> spirit scared that ghost away huh😐 </document>
		<document> similarities even if i am the same im still different </document>
		<document> unknown standards can only be seen by set observationalists outside of that anything goes aint no telling wat can happen </document>
		<document> power level determined by individual ability level eh maybe u can maybe u cant is the translation to that huh </document>
		<document> new perspective remaster the master </document>
		<document> karma reality is reality </document>
		<document> foundation the mighty fight club coming up in our future huh </document>
		<document> loser the shit right gotta go thru to prove a fucking important point its seem simple but mfers blind asf huh </document>
		<document> genin i was born a master but we all start somewhere huh </document>
		<document> kage master level this shit dont mean god it can be many of these if u reach it but only one at thee ultimate level above all and thats me </document>
		<document> one god white haired kakashi kage level ninja i am only huh </document>
		<document> timing aint nobody else like me </document>
		<document> grandmaster sub zero im at the top spot at all times win or lose its fun </document>
		<document> amnesiac gotta remember shit cause ppl stupidly dont really understand and thats how reality is atm </document>
		<document> ignore dont even exist as a challenge dawg fuck all that talking shit </document>
		<document> new gen check yo own kind too wtf happened to yo spirit huh </document>
		<document> idiots yall fucking wack </document>
		<document> universal language english on another level tho </document>
		<document> identity👤 im that little brother of the family the youngest one if u didn't know or dont seem to remember </document>
		<document> da most high extremely hard to reach now cause like i said i been strong </document>
		<document> campaign let me do the damn thing wars my wats my wats my name awww🤣🤣🤣 chess make right moves play your pieces right </document>
		<document> mobile i cant wait to really get to moving around and making moves myself again </document>
		<document> karma ppl be lying too fucking much luckily the truth lives within me </document>
		<document> mastery they cant create on my level it can be felt and imma just play along and grow from there </document>
		<document> just now car crash karma im a force of nature u dont wanna fuck with fr </document>
		<document> bravery on a level beyond all others </document>
		<document> character chivalry will never die with me knight </document>
		<document> turbulence its a never ending cycle </document>
		<document> powerful no one will understand the force as well as me </document>
		<document> neo da chosen one be real cause im real fr </document>
		<document> truth i am pure fact </document>
		<document> sweet i know wat they think of me but i am beyond thoughts and opinions </document>
		<document> malleable equalize yourself no matter how powerful u are u are forever human </document>
	    
	<document> fourth wall i supposed to be talking in the 3rd person and beyond but mfers sneakily acting up ignorant bastards </document>
		<document> healing factor i can regenerate my limbs easily if u wanna be on that level u better act right </document>
		<document> super saiyan i aint even gotta try hard the stronger levels are just topping on the cake </document>
		<document> you fool im the nigga that whooped king frieza ass like it was nothing </document>
		<document> losing limbs any and everything can happen in hell just gotta deal heal live abd survive the horrors </document>
		<document> mutants spiderman unlimited vibes big changes but equipped to handle it all easily and have fun doing it </document>
		<document> eternal kingdom heaven will come soon enough but not sooner than u think </document>
		<document> karmic naturally so dont blame me its yall fault ignorant fools </document>
		<document> da shredder yall far beneath my level the magic kappa ninja turtles gon be setting yall right on a regular huh </document>
		<document> porn not corn lie as much as yall want i still see the truth with my own eyes </document>
		<document> fire god my spirit is lightning going beyond the strength of all others naturally </document>
		<document> soul we all have it </document>
		<document> will my fire is extremely strong the strongest </document>
		<document> sonya blade she can be the one only if she willing to be the one </document>
		<document> free u can give commission or permission either way im still me </document>
		<document> surrender cant teach u nothing u aint ready and willing to learn </document>
		<document> be like water soft but hard </document>
		<document> oblivion resisting killing yo punk ass for good bitch ass nigga </document>
		<document> ninja i wear tabi not socks </document>
		<document> butterfly effect this one life no matter what </document>
		<document> old ppl stop trying to fuck up ppls lives lying ass nigga </document>
		<document> stupid nigga bitch ass nigga sitting back trying to turn my own ppl on me while im fucking trying to heal i should kill u dead nigga </document>
		<document> rap u leave me no choice tony montana 🎶 </document>
		<document> corner im fucking u up bruh </document>
		<document> freewill aint nothing but balls of energy out here flesh dont make u solid u still pure gas </document>
		<document> kappa they gon be beating my fodder ninjas asses weak ass punks and i wont even be laughing on the outside 🤭 </document>
		<document> angel ultra instinct master naturally its innate within me cant be taken copied or followed </document>
		<document> nice guy pose 👍🏾 im coming back very strong and nothing can stop it </document>
		<document> reciprocation i match wats being given u think u can take from me and get away with it u wrong </document>
		<document> still stop trying to change me bitch ass niggas yall in the wrong </document>
		<document> technology in the safety of super genius convenience i will be saving the world </document>
		<document> tension trust i can feel a difference and whether its genuine or not </document>
		<document> gta vibes im a hood nigga with superpowers in real life imma live comfortably no matter wtf going on </document>
		<document> tools start from the beginning work with wat u got want for nothing gain wat u earn </document>
		<document> seriousness if u a fag play that role with other ppl not with me get real nigga </document>
		<document> generational if one diss they all gon cause im beyond time </document>
		<document> holy imma experience my life thru my full glory </document>
		<document> condemn dont put yall faults off on me </document>
		<document> faking u aint really me and u gon see </document>
		<document> still i was cool as a mfer and i am cool as a mfer </document>
		<document> soul im da one true essence of da world </document>
		<document> vibing i aint trying to check mfers playing no hard role mfers come correct everything gon be correct naturally </document>
		<document> respect if we gon be hanging out more u better know wats up bruh </document>
		<document> essence aint nothing but truth vibing from me </document>
		<document> transformation☯️transfiguration its all in one permanent change thru spiritual growth nothing shady about it u just cant see it yet </document>
		<document> transfiguration👤 i seemingly come from another place entirely it apparently seems but naw im just same ol me </document>
		<document> essence nigga been trying to steal my aura since day 1 now u realizing u just really aint got it huh bitch ass nigga </document>
		<document> targets they not demons im the demon that cant lose and wont miss ever if u the target u done for </document>
		<document> s🌀nic spikey aura flawless cutting precision locked on to any and all targets i dont and never miss ever </document>
		<document> spiderman super transformation but wat im finna turn into is coming real soon </document>
		<document> transfiguration👤 whatever i turn out to look like is a blessing in disguise imma slowly grow into </document>
		<document> cat claws a new anatomy unlike any other ever before or will be </document>
		<document> monster the popular claws are mines alone </document>
		<document> wolverine like a saiyan the very last and only of my kind </document>
		<document> miracle my blessings are my blessings simple as that quit hating and instead appreciate the circumstances of the life given to you </document>
		<document> concrete i cant change from loving my momma and font plan on it so i know yall in the wrong </document>
		<document> internal butterfly effect your thoughts and actions effect other ppl faster than u realize but once u realize it u have control </document>
		<document> circumstances alot of mistakes will be fixed easily </document>
		<document> slowness speed dont mean nothing if u cant control it </document>
		<document> training u might die but u better keep fighting for yo life nigga aint no quitting </document>
		<document> 2 face im scarface black☯️white </document>
		<document> ghost im on my shit in the front and behind the scenes i control the circumstances </document>
		<document> respect they not in the same bracket i dont give af wat u on bitch ass nigga stop playing </document>
		<document> mom just because ppl hold the same title dont mean they share the same bracket </document>
		<document> faith this real religious spiritual energy yall fucking with dawg extremely real shit real lives nigga </document>
		<document> heart yall trying to tear me from the wrong person i was designed to love her it keeps me sweet like i should be </document>
		<document> influence convince yourself of truth before trying to convince others </document>
		<document> president👤 i can be who yall need at anytime but never who yall want me to be </document>
		<document> bills bills bills im focusing on my civilized society life to stay afloat and be right with karma not wat yall thinking im thinking </document>
		<document> internal make the changes within yourself first and things will go accordingly naturally as they should </document>
		<document> strength of character being yourself is better than any barbaric victory u aint understanding the moral of eternal victory yet huh </document>
		<document> oxymoron if u not understanding im a natural master of taoism yet u too stupid </document>
		<document> mirror if u wrong u wrong u thought u was me and u wrong </document>
		<document> still i shouldn't have to tell a mfer to get out the way of my healing just fucking do it it dont matter wat u think thats my essence nigga </document>
		<document> brute that stupid shit gon get u killed </document>
		<document> noggin use that brain tool im not yo fucking brain </document>
		<document> effortlessly watch yo words and wat tf u say to me at all times </document>
		<document> comfort zone if my energy aint feeling it its just gon be that </document>
		<document> genuinely actions speak louder than words watch yo thoughts before u walk nigga </document>
		<document> comfort if u aint understanding genuinely u still disrespecting </document>
		<document> truth before i use my power yall gon respect my word i aint proving shit im just being me </document>
		<document> care yall aint gon change her and yall aint gon change me its set in stone im the enforcer </document>
		<document> kindness thats my love for my momma essence mfers playing with its going down </document>
		<document> off topic its clear yall aint getting the situation but yall need to get wit it </document>
		<document> one way my life is mines alone </document>
		<document> earth plane we not living the same lives just the living in the same existence and similar circumstances is all </document>
		<document> ideas my thoughts exactly </document>
		<document> basic im still arguing with u bitch ass niggas about my energy dawg </document>
		<document> connect if i swing it wont miss and u wont still be standing </document>
		<document> kind yall should learn to leave me alone with yall bullshit </document>
		<document> stupidity im waking up to ignorance constantly </document>
		<document> love this my energy u lying faggot bitch ass nigga plain and simple stop arguing the fact </document>
		<document> karmic yall fighting me about yall own mistakes stop being stupid with me its that fucking simple </document>
		<document> dead wrong yall niggas extremely ignorant dawg </document>
		<document> addiction i aint gotta be about nothing but my damn self thats yall ignorant mfers thinking something different </document>
		<document> mistakes thats karma at work at it been felt by all of us cause of mfers stupidity im not liking the shit not even a lil bit </document>
		<document> hades aint nobody the spirit cant nobody fill this void no one understands this like i do </document>
		<document> fail if u lose u lose escape jutsu hope u live to fight another day </document>
		<document> surrender imma make yall become yall selves </document>
		<document> still yall aint changing nothing cause yall cant fucking fools </document>
		<document> maintain better control yall selves even with bad habits </document>
		<document> weed yall wanna fo this shit right it will be </document>
		<document> zordon nigga disrespecting the boss u mfing idiot </document>
		<document> respect if u thought u was checking on me think again nigga </document>
		<document> reverse imma stop u from trying me even the little parts from now on learn yo place nigga </document>
		<document> shady that nigga acting hard as a mfer dawg u need to lose first bruh im at the top and u know it </document>
		<document> no help u on yo own like im on my own trying to stop u from acting like u fucking me nigga </document>
		<document> vibes u holding on to the wrong nigga essence u need to let my shit go asap </document>
		<document> karma aint nobody hurting u but yo own mistake </document>
		<document> revenge u chose wrong u dead wrong thats yo fault stop blaming other ppl u should've respected right </document>
		<document> lashing out yall very disrespectful and til the message is felt where yall quit disrespecting me like i cant retaliate im going tf off </document>
		<document> crackheaded thats that nigga vibe he was on the wrong path if not for me not the other way around it may seem deceptive but its accurate asf </document>
		<document> nuisance when u stop being a bitch nigga its gon come to reality cause mfers already know the difference between fake and real </document>
		<document> check im giving yall mfers every chance in the world to correct yall selves stop wasting my time realizing yall selves </document>
		<document> essence she got betrayal in her heart and its fucking up my heart she better start acting right her damn self </document>
		<document> mom she was a comfortable loving person </document>
		<document> dignifying u gain from certification my legend is mines alone it has nothing to do with someone else or others </document>
		<document> omnipotent i know all i need yo know in any given situation </document>
		<document> and then "is there no one else"-achilles boi hungry for more but no one brave enough to feed the lion huh </document>
		<document> strike str8 thru one shot boi </document>
		<document> plain weapons like zeus not using power just skill </document>
		<document> crossover one shot kill str8 thru the deltoid thats an unlucky mfer </document>
		<document> brad pitt huh im a hot missouri boy action type star huh </document>
		<document> butterfly effect i was already me right from the beginning </document>
		<document> escape mfers cant get me like i can get them </document>
		<document> ultimate hidden potential climb forever aint no limits </document>
		<document> sharingan countless other eye jutsu but none as powerful as this exclusive one </document>
		<document> precognition im faster than my own mind its a psychic skill ppl deal with it </document>
		<document> wow boy u a stupid mfer boi </document>
		<document> ultra instinct cant take my truth from me </document>
		<document> calm vibes i be on chill mode all the time </document>
		<document> set the record straight yall so stupid its ridiculous </document>
		<document> one way i dont fuck wit ppl that dont fuck wit me so stop fucking wit me </document>
		<document> blessed dont nobody deserve shit but its happening so u get it </document>
		<document> expression u can see emotion </document>
		<document> traumatizing they really dont know huh🤔 </document>
		<document> valor they dont believe but believe me its true </document>
		<document> slave minded they out they cotton picking minds </document>
		<document> so what gender discrimination girls are girls boys sre boys </document>
		<document> wildcat superhero boxing skills wanna learn huh 🙃 </document>
		<document> sad i be actually looking for ha but cant find ha thats bad 🙁 </document>
		<document> system it will dawg u so u better hang 10 </document>
		<document> dreadnaught untouchable dreadful strength i am death💀 </document>
		<document> fight club vibes quote "be glad this is not the tournament"-sub zero </document>
		<document> quote "the cold does not suit u" -sub zero </document>
		<document> slow as hell she'll catch up i guess huh☹️ </document>
		<document> quote "youre not ready for mortal kombat"-sub zero </document>
		<document> prostitution ho ass thot </document>
		<document> trifling yall some disgusting idiots bruh wtf up wit em lord sheesh </document>
		<document> oblivion yall like dying huh well not me imma live forever </document>
		<document> hating wtf yall doing to make me feel so damn bad </document>
		<document> air if the wind aint got my side it aint got nobody im the best naturally </document>
		<document> uh uh no disrespect but at the same time hell no🤣 </document>
		<document> nope i aint fucking wit yall uh uh i know u know now yall some fools boy😆😅😂 </document>
		<document> nope my eyes see i make my own choices based off me </document>
		<document> crazy ass mfer thats wat im talkin bout yall got me fucked up🤣🤣🤣 </document>
		<document> 🤣🤣🤣 better quiet that tough talk down </document>
		<document> twisted dont be trying to play me iont give af🤣 </document>
		<document> sub zero quote "you are this realms best" </document>
		<document> bite my tongue boy im itching to let shit out we barely scratched the surface </document>
		<document> chi forever in my grasp </document>
		<document> dangerous i understand but i dont at the same time hmph😑 </document>
		<document> no blame i made it clear enough u know where im headed so figure it out and stop making me mad </document>
		<document> 1987 butterfly effect wherever i go im coming back home yall aint getting away from me </document>
		<document> stl mfers crazy thinking they can take this vibe from im finna fuck yall up i promise nigga u gon forget u thought this wasn't mine </document>
		<document> baffled yall confusion is not my fault i cant know of i dont know u dont know ppl just aint smart its hurting me too apparently as u can see </document>
		<document> new day thats aight new things on the horizon let it go its all good </document>
		<document> spirit scared that ghost away huh😐 </document>
		<document> similarities even if i am the same im still different </document>
		<document> unknown standards can only be seen by set observationalists outside of that anything goes aint no telling wat can happen </document>
		<document> power level determined by individual ability level eh maybe u can maybe u cant is the translation to that huh </document>
		<document> new perspective remaster the master </document>
		<document> karma reality is reality </document>
		<document> foundation the mighty fight club coming up in our future huh </document>
		<document> loser the shit right gotta go thru to prove a fucking important point its seem simple but mfers blind asf huh </document>
		<document> genin i was born a master but we all start somewhere huh </document>
		<document> kage master level this shit dont mean god it can be many of these if u reach it but only one at thee ultimate level above all and thats me </document>
		<document> one god white haired kakashi kage level ninja i am only huh </document>
		<document> timing aint nobody else like me </document>
		<document> grandmaster sub zero im at the top spot at all times win or lose its fun </document>
		<document> amnesiac gotta remember shit cause ppl stupidly dont really understand and thats how reality is atm </document>
		<document> ignore dont even exist as a challenge dawg fuck all that talking shit </document>
		<document> new gen check yo own kind too wtf happened to yo spirit huh </document>
		<document> idiots yall fucking wack </document>
		<document> universal language english on another level tho </document>
		<document> identity👤 im that little brother of the family the youngest one if u didn't know or dont seem to remember </document>
		<document> da most high extremely hard to reach now cause like i said i been strong </document>
		<document> campaign let me do the damn thing wars my wats my wats my name awww🤣🤣🤣 chess make right moves play your pieces right </document>
		<document> mobile i cant wait to really get to moving around and making moves myself again </document>
		<document> karma ppl be lying too fucking much luckily the truth lives within me </document>
		<document> mastery they cant create on my level it can be felt and imma just play along and grow from there </document>
		<document> just now car crash karma im a force of nature u dont wanna fuck with fr </document>
		<document> bravery on a level beyond all others </document>
		<document> character chivalry will never die with me knight </document>
		<document> turbulence its a never ending cycle </document>
		<document> powerful no one will understand the force as well as me </document>
		<document> neo da chosen one be real cause im real fr </document>
		<document> truth i am pure fact </document>
		<document> sweet i know wat they think of me but i am beyond thoughts and opinions </document>
		<document> malleable equalize yourself no matter how powerful u are u are forever human </document>
	    
	<document> fourth wall i supposed to be talking in the 3rd person and beyond but mfers sneakily acting up ignorant bastards </document>
		<document> healing factor i can regenerate my limbs easily if u wanna be on that level u better act right </document>
		<document> super saiyan i aint even gotta try hard the stronger levels are just topping on the cake </document>
		<document> you fool im the nigga that whooped king frieza ass like it was nothing </document>
		<document> losing limbs any and everything can happen in hell just gotta deal heal live abd survive the horrors </document>
		<document> mutants spiderman unlimited vibes big changes but equipped to handle it all easily and have fun doing it </document>
		<document> eternal kingdom heaven will come soon enough but not sooner than u think </document>
		<document> karmic naturally so dont blame me its yall fault ignorant fools </document>
		<document> da shredder yall far beneath my level the magic kappa ninja turtles gon be setting yall right on a regular huh </document>
		<document> porn not corn lie as much as yall want i still see the truth with my own eyes </document>
		<document> fire god my spirit is lightning going beyond the strength of all others naturally </document>
		<document> soul we all have it </document>
		<document> will my fire is extremely strong the strongest </document>
		<document> sonya blade she can be the one only if she willing to be the one </document>
		<document> free u can give commission or permission either way im still me </document>
		<document> surrender cant teach u nothing u aint ready and willing to learn </document>
		<document> be like water soft but hard </document>
		<document> oblivion resisting killing yo punk ass for good bitch ass nigga </document>
		<document> ninja i wear tabi not socks </document>
		<document> butterfly effect this one life no matter what </document>
		<document> old ppl stop trying to fuck up ppls lives lying ass nigga </document>
		<document> stupid nigga bitch ass nigga sitting back trying to turn my own ppl on me while im fucking trying to heal i should kill u dead nigga </document>
		<document> rap u leave me no choice tony montana 🎶 </document>
		<document> corner im fucking u up bruh </document>
		<document> freewill aint nothing but balls of energy out here flesh dont make u solid u still pure gas </document>
		<document> kappa they gon be beating my fodder ninjas asses weak ass punks and i wont even be laughing on the outside 🤭 </document>
		<document> angel ultra instinct master naturally its innate within me cant be taken copied or followed </document>
		<document> nice guy pose 👍🏾 im coming back very strong and nothing can stop it </document>
		<document> reciprocation i match wats being given u think u can take from me and get away with it u wrong </document>
		<document> still stop trying to change me bitch ass niggas yall in the wrong </document>
		<document> technology in the safety of super genius convenience i will be saving the world </document>
		<document> tension trust i can feel a difference and whether its genuine or not </document>
		<document> gta vibes im a hood nigga with superpowers in real life imma live comfortably no matter wtf going on </document>
		<document> tools start from the beginning work with wat u got want for nothing gain wat u earn </document>
		<document> seriousness if u a fag play that role with other ppl not with me get real nigga </document>
		<document> generational if one diss they all gon cause im beyond time </document>
		<document> holy imma experience my life thru my full glory </document>
		<document> condemn dont put yall faults off on me </document>
		<document> faking u aint really me and u gon see </document>
		<document> still i was cool as a mfer and i am cool as a mfer </document>
		<document> soul im da one true essence of da world </document>
		<document> vibing i aint trying to check mfers playing no hard role mfers come correct everything gon be correct naturally </document>
		<document> respect if we gon be hanging out more u better know wats up bruh </document>
		<document> essence aint nothing but truth vibing from me </document>
		<document> transformation☯️transfiguration its all in one permanent change thru spiritual growth nothing shady about it u just cant see it yet </document>
		<document> transfiguration👤 i seemingly come from another place entirely it apparently seems but naw im just same ol me </document>
		<document> essence nigga been trying to steal my aura since day 1 now u realizing u just really aint got it huh bitch ass nigga </document>
		<document> targets they not demons im the demon that cant lose and wont miss ever if u the target u done for </document>
		<document> s🌀nic spikey aura flawless cutting precision locked on to any and all targets i dont and never miss ever </document>
		<document> spiderman super transformation but wat im finna turn into is coming real soon </document>
		<document> transfiguration👤 whatever i turn out to look like is a blessing in disguise imma slowly grow into </document>
		<document> cat claws a new anatomy unlike any other ever before or will be </document>
		<document> monster the popular claws are mines alone </document>
		<document> wolverine like a saiyan the very last and only of my kind </document>
		<document> miracle my blessings are my blessings simple as that quit hating and instead appreciate the circumstances of the life given to you </document>
		<document> concrete i cant change from loving my momma and font plan on it so i know yall in the wrong </document>
		<document> internal butterfly effect your thoughts and actions effect other ppl faster than u realize but once u realize it u have control </document>
		<document> circumstances alot of mistakes will be fixed easily </document>
		<document> slowness speed dont mean nothing if u cant control it </document>
		<document> training u might die but u better keep fighting for yo life nigga aint no quitting </document>
		<document> 2 face im scarface black☯️white </document>
		<document> ghost im on my shit in the front and behind the scenes i control the circumstances </document>
		<document> respect they not in the same bracket i dont give af wat u on bitch ass nigga stop playing </document>
		<document> mom just because ppl hold the same title dont mean they share the same bracket </document>
		<document> faith this real religious spiritual energy yall fucking with dawg extremely real shit real lives nigga </document>
		<document> heart yall trying to tear me from the wrong person i was designed to love her it keeps me sweet like i should be </document>
		<document> influence convince yourself of truth before trying to convince others </document>
		<document> president👤 i can be who yall need at anytime but never who yall want me to be </document>
		<document> bills bills bills im focusing on my civilized society life to stay afloat and be right with karma not wat yall thinking im thinking </document>
		<document> internal make the changes within yourself first and things will go accordingly naturally as they should </document>
		<document> strength of character being yourself is better than any barbaric victory u aint understanding the moral of eternal victory yet huh </document>
		<document> oxymoron if u not understanding im a natural master of taoism yet u too stupid </document>
		<document> mirror if u wrong u wrong u thought u was me and u wrong </document>
		<document> still i shouldn't have to tell a mfer to get out the way of my healing just fucking do it it dont matter wat u think thats my essence nigga </document>
		<document> brute that stupid shit gon get u killed </document>
		<document> noggin use that brain tool im not yo fucking brain </document>
		<document> effortlessly watch yo words and wat tf u say to me at all times </document>
		<document> comfort zone if my energy aint feeling it its just gon be that </document>
		<document> genuinely actions speak louder than words watch yo thoughts before u walk nigga </document>
		<document> comfort if u aint understanding genuinely u still disrespecting </document>
		<document> truth before i use my power yall gon respect my word i aint proving shit im just being me </document>
		<document> care yall aint gon change her and yall aint gon change me its set in stone im the enforcer </document>
		<document> kindness thats my love for my momma essence mfers playing with its going down </document>
		<document> off topic its clear yall aint getting the situation but yall need to get wit it </document>
		<document> one way my life is mines alone </document>
		<document> earth plane we not living the same lives just the living in the same existence and similar circumstances is all </document>
		<document> ideas my thoughts exactly </document>
		<document> basic im still arguing with u bitch ass niggas about my energy dawg </document>
		<document> connect if i swing it wont miss and u wont still be standing </document>
		<document> kind yall should learn to leave me alone with yall bullshit </document>
		<document> stupidity im waking up to ignorance constantly </document>
		<document> love this my energy u lying faggot bitch ass nigga plain and simple stop arguing the fact </document>
		<document> karmic yall fighting me about yall own mistakes stop being stupid with me its that fucking simple </document>
		<document> dead wrong yall niggas extremely ignorant dawg </document>
		<document> addiction i aint gotta be about nothing but my damn self thats yall ignorant mfers thinking something different </document>
		<document> mistakes thats karma at work at it been felt by all of us cause of mfers stupidity im not liking the shit not even a lil bit </document>
		<document> hades aint nobody the spirit cant nobody fill this void no one understands this like i do </document>
		<document> fail if u lose u lose escape jutsu hope u live to fight another day </document>
		<document> surrender imma make yall become yall selves </document>
		<document> still yall aint changing nothing cause yall cant fucking fools </document>
		<document> maintain better control yall selves even with bad habits </document>
		<document> weed yall wanna fo this shit right it will be </document>
		<document> zordon nigga disrespecting the boss u mfing idiot </document>
		<document> respect if u thought u was checking on me think again nigga </document>
		<document> reverse imma stop u from trying me even the little parts from now on learn yo place nigga </document>
		<document> shady that nigga acting hard as a mfer dawg u need to lose first bruh im at the top and u know it </document>
		<document> no help u on yo own like im on my own trying to stop u from acting like u fucking me nigga </document>
		<document> vibes u holding on to the wrong nigga essence u need to let my shit go asap </document>
		<document> karma aint nobody hurting u but yo own mistake </document>
		<document> revenge u chose wrong u dead wrong thats yo fault stop blaming other ppl u should've respected right </document>
		<document> lashing out yall very disrespectful and til the message is felt where yall quit disrespecting me like i cant retaliate im going tf off </document>
		<document> crackheaded thats that nigga vibe he was on the wrong path if not for me not the other way around it may seem deceptive but its accurate asf </document>
		<document> nuisance when u stop being a bitch nigga its gon come to reality cause mfers already know the difference between fake and real </document>
		<document> check im giving yall mfers every chance in the world to correct yall selves stop wasting my time realizing yall selves </document>
		<document> essence she got betrayal in her heart and its fucking up my heart she better start acting right her damn self </document>
		<document> mom she was a comfortable loving person </document>
		<document> dignifying u gain from certification my legend is mines alone it has nothing to do with someone else or others </document>
		<document> omnipotent i know all i need yo know in any given situation </document>
		<document> and then "is there no one else"-achilles boi hungry for more but no one brave enough to feed the lion huh </document>
		<document> strike str8 thru one shot boi </document>
		<document> plain weapons like zeus not using power just skill </document>
		<document> crossover one shot kill str8 thru the deltoid thats an unlucky mfer </document>
		<document> brad pitt huh im a hot missouri boy action type star huh </document>
		<document> butterfly effect i was already me right from the beginning </document>
		<document> escape mfers cant get me like i can get them </document>
		<document> ultimate hidden potential climb forever aint no limits </document>
		<document> sharingan countless other eye jutsu but none as powerful as this exclusive one </document>
		<document> precognition im faster than my own mind its a psychic skill ppl deal with it </document>
		<document> wow boy u a stupid mfer boi </document>
		<document> ultra instinct cant take my truth from me </document>
		<document> calm vibes i be on chill mode all the time </document>
		<document> set the record straight yall so stupid its ridiculous </document>
		<document> one way i dont fuck wit ppl that dont fuck wit me so stop fucking wit me </document>
		<document> blessed dont nobody deserve shit but its happening so u get it </document>
		<document> expression u can see emotion </document>
		<document> traumatizing they really dont know huh🤔 </document>
		<document> valor they dont believe but believe me its true </document>
		<document> slave minded they out they cotton picking minds </document>
		<document> so what gender discrimination girls are girls boys sre boys </document>
		<document> wildcat superhero boxing skills wanna learn huh 🙃 </document>
		<document> sad i be actually looking for ha but cant find ha thats bad 🙁 </document>
		<document> system it will dawg u so u better hang 10 </document>
		<document> dreadnaught untouchable dreadful strength i am death💀 </document>
		<document> fight club vibes quote "be glad this is not the tournament"-sub zero </document>
		<document> quote "the cold does not suit u" -sub zero </document>
		<document> slow as hell she'll catch up i guess huh☹️ </document>
		<document> quote "youre not ready for mortal kombat"-sub zero </document>
		<document> prostitution ho ass thot </document>
		<document> trifling yall some disgusting idiots bruh wtf up wit em lord sheesh </document>
		<document> oblivion yall like dying huh well not me imma live forever </document>
		<document> hating wtf yall doing to make me feel so damn bad </document>
		<document> air if the wind aint got my side it aint got nobody im the best naturally </document>
		<document> uh uh no disrespect but at the same time hell no🤣 </document>
		<document> nope i aint fucking wit yall uh uh i know u know now yall some fools boy😆😅😂 </document>
		<document> nope my eyes see i make my own choices based off me </document>
		<document> crazy ass mfer thats wat im talkin bout yall got me fucked up🤣🤣🤣 </document>
		<document> 🤣🤣🤣 better quiet that tough talk down </document>
		<document> twisted dont be trying to play me iont give af🤣 </document>
		<document> sub zero quote "you are this realms best" </document>
		<document> bite my tongue boy im itching to let shit out we barely scratched the surface </document>
		<document> chi forever in my grasp </document>
		<document> dangerous i understand but i dont at the same time hmph😑 </document>
		<document> no blame i made it clear enough u know where im headed so figure it out and stop making me mad </document>
		<document> 1987 butterfly effect wherever i go im coming back home yall aint getting away from me </document>
		<document> stl mfers crazy thinking they can take this vibe from im finna fuck yall up i promise nigga u gon forget u thought this wasn't mine </document>
		<document> baffled yall confusion is not my fault i cant know of i dont know u dont know ppl just aint smart its hurting me too apparently as u can see </document>
		<document> new day thats aight new things on the horizon let it go its all good </document>
		<document> spirit scared that ghost away huh😐 </document>
		<document> similarities even if i am the same im still different </document>
		<document> unknown standards can only be seen by set observationalists outside of that anything goes aint no telling wat can happen </document>
		<document> power level determined by individual ability level eh maybe u can maybe u cant is the translation to that huh </document>
		<document> new perspective remaster the master </document>
		<document> karma reality is reality </document>
		<document> foundation the mighty fight club coming up in our future huh </document>
		<document> loser the shit right gotta go thru to prove a fucking important point its seem simple but mfers blind asf huh </document>
		<document> genin i was born a master but we all start somewhere huh </document>
		<document> kage master level this shit dont mean god it can be many of these if u reach it but only one at thee ultimate level above all and thats me </document>
		<document> one god white haired kakashi kage level ninja i am only huh </document>
		<document> timing aint nobody else like me </document>
		<document> grandmaster sub zero im at the top spot at all times win or lose its fun </document>
		<document> amnesiac gotta remember shit cause ppl stupidly dont really understand and thats how reality is atm </document>
		<document> ignore dont even exist as a challenge dawg fuck all that talking shit </document>
		<document> new gen check yo own kind too wtf happened to yo spirit huh </document>
		<document> idiots yall fucking wack </document>
		<document> universal language english on another level tho </document>
		<document> identity👤 im that little brother of the family the youngest one if u didn't know or dont seem to remember </document>
		<document> da most high extremely hard to reach now cause like i said i been strong </document>
		<document> campaign let me do the damn thing wars my wats my wats my name awww🤣🤣🤣 chess make right moves play your pieces right </document>
		<document> mobile i cant wait to really get to moving around and making moves myself again </document>
		<document> karma ppl be lying too fucking much luckily the truth lives within me </document>
		<document> mastery they cant create on my level it can be felt and imma just play along and grow from there </document>
		<document> just now car crash karma im a force of nature u dont wanna fuck with fr </document>
		<document> bravery on a level beyond all others </document>
		<document> character chivalry will never die with me knight </document>
		<document> turbulence its a never ending cycle </document>
		<document> powerful no one will understand the force as well as me </document>
		<document> neo da chosen one be real cause im real fr </document>
		<document> truth i am pure fact </document>
		<document> sweet i know wat they think of me but i am beyond thoughts and opinions </document>
		<document> malleable equalize yourself no matter how powerful u are u are forever human </document>
	 