   
	<document> #user# this is pretty fucked up! </document>
		<document> #user# so you are saying that i shouldn't vote for either you or bill? </document>
		<document> #user# they are all traitors. </document>
		<document> #user# #user# #user# put on your covid mask, go color or pet you security llama. the grownups are busy. </document>
		<document> #user# he is politically dead to us now. </document>
		<document> #user# never surrender never retreat. </document>
		<document> #user# trapper you are a twit! you all didnt listen to 75 million americans so this what you get. shame on you! </document>
		<document> #user# guess they should have listened before it came to this. </document>
		<document> #user# not neo anytime sir. just everyday folks who you refuse to listen to. </document>
		<document> #user# remember sir, those are black folks too, regardless they are standing up for your rights to have an opinion. </document>
		<document> #user# #user# you know where you don't have to sit too closely with anyone else? your car. drive next time. </document>
		<document> #user# thank you senator. </document>
		<document> #user# #hashtag# #hashtag# don't send money to foreign countries while americans are suffering. </document>
		<document> #user# you can't beat a good oatmeal pecan cookie and i make the best. </document>
		<document> #user# #user# no you can see the clip on youtube. the chinese translated it. </document>
		<document> yep that sure looks like a guilty face doesn't it? #url# </document>
		<document> rt #user#: #user# #user# what about this? #url# </document>
		<document> #user# the photo is not gina by the way. </document>
		<document> #user# #user# that is fucked up! </document>
		<document> #user# release the hounds! </document>
		<document> #user# i stood up and clapped at your closing statement. well done. </document>
		<document> #user# i agree, declassify everything, dump all documents and fire the deep state! </document>
		<document> #user# i challenge you to do a flyover and troll the #hashtag# rally in #hashtag# in florida today. </document>
		<document> #user# if joe did not know as he said he was, then he is too stupid to be president. if he did know then he is a liar. </document>
		<document> #user# #user# so are the "voting police" going to drag millions of people out of their homes and force them to vote? </document>
		<document> #user# just because no laws were broken does not mean it was okay to peddle influence. </document>
		<document> #user# if he hasn't done shit in 47 years why do you think 4 more years is going to be different? </document>
		<document> #user# so all her body guards just have to stand in the pouring rain so she can stand up there being lame? wow </document>
		<document> #user# stop f--king around nancy. we need help out here!😖😡🤬 </document>
		<document> #user# wow! that is impressive. would that be awesome if he won california. </document>
		<document> i am done with #hashtag# i am moving to #hashtag# where i am not blocked or censored. twitter is dead, they just haven't realized it yet. rip </document>
		<document> rt #user#: #user# more info. is coming !!!!! #hashtag# govt is involved in all these. #hashtag# #hashtag# </document>
		<document> folks, this was today in toledo. it is now just sad. #url# </document>
		<document> #hashtag# mistake was that she generalized. </document>
		<document> #user# so ann, still not over being left behind by the trump train? just let it go and breathe. </document>
		<document> #user# here is a little gem for your saturday show. #user# </document>
		<document> at the #hashtag# no longer relevant #hashtag# said that no one pushes #hashtag# around, yeah no one but his nurse. </document>
		<document> #user# thank god the video cut off or next we would have seen the stay puft marshmallow come bounding out. #url# </document>
		<document> you have the option to #hashtag#. these brave girls have. #url# </document>
		<document> amen brothers! #hashtag# #url# </document>
		<document> this is why trump has requested all covid data be sent to the #hashtag# #hashtag# #url# </document>
		<document> just in case you are unsure, you can still choose to #hashtag# </document>
		<document> #user# say hello to your daddy when you get there. </document>
		<document> #user# fuck you!!! and your nose too. </document>
		<document> it is time for the republicans to "stand up, stand out and stand for" #user# #hashtag# </document>
		<document> #user# #user# when the swamp gets drained even those lounging on lillypads sink to the bottom. </document>
		<document> #user# beto needs to be reminded that we have ammo too. </document>
		<document> #user# good luck with that. </document>
		<document> #user# don't boycott the debate, use it as a platform to expose the dnc and media fraud that is happening again. </document>
		<document> #user# back in your cage monkey boy. </document>
		<document> #user# #user# this is a classic freudian slip. </document>
		<document> video tape is a beautiful thing. #url# </document>
		<document> #user# and you are still an ignorant #hashtag# </document>
		<document> are we going to stand for this without push back? #hashtag# #url# </document>
		<document> i don't see any difference at all. #hashtag# #url# </document>
		<document> #user# my wife and i both agree that you should not sign this bill! don't do it! #hashtag# </document>
		<document> #user# my welfare check again! </document>
		<document> rt #user#: when are the people behind the steele dossier going to go to jail for lying to the fbi? </document>
		<document> #user# close it. we demand to be heard. build the wall. maga </document>
		<document> these numbers make no sense. #url# </document>
		<document> #user# can you explain the math here? this makes no sense. #url# </document>
		<document> #user# we want a wall in our stockings. ho ho ho </document>
		<document> #user# we want the wall. </document>
		<document> #user# you don't have a clue do you? we like and agree with those people out here in flyover america. </document>
		<document> #user# we want the wall. </document>
		<document> #user# then give us the wall. done </document>
		<document> #user# then agree to build the wall. done </document>
		<document> new map: cost of illegal immigration, by state #url# via #user# united west </document>
		<document> ya just gotta watch this twice then retweet it. seriously! #url# </document>
		<document> #user# just finshed reading your book. loved it! </document>
		<document> #user# we had made up drinking games for the debates. not sure i can drink that much.🍷 </document>
		<document> #user# #user# #user# i don't care if they are left or right only that they are delicious! </document>
		<document> #user# i just read it. loved it. i found it interesting, and inspirational. </document>
		<document> #user# is he eating a fish sandwich with onions? because that would be way too much. </document>
		<document> #user# have a nerry christmas dana. we appreciate your work very much at our house. </document>
		<document> #user# #user# michellis acting like she is on an episode of "washington housewives". sad </document>
		<document> #user# #user# #user# we love you at our house leah! keep up the good works. </document>
		<document> she is the gift that keeps on giving. #url# </document>
		<document> #user# oh no you "di dant"! </document>
		<document> we aren't allowed to criticize #hashtag# because she is a "woman of color" but "incompetence has no color". #hashtag# </document>
		<document> #hashtag# equals #hashtag# it is time to take the down. </document>
		<document> who would have guessed that when #user# said we would get tired of all the #hashtag# that he was talking about the #hashtag# </document>
		<document> i wouldn't put it past #hashtag# or #hashtag# to be behind this. the timing is much too convenient. #url# </document>
		<document> #user# #user# what a sick mother fucker you are. </document>
		<document> #user# we are pissed off because we hate your smell of dog shit. </document>
		<document> where is the fbi investigation of blasey-ford? #url# </document>
		<document> daughter of cia assassin paymaster tries to bring down trump supreme court nominee kavanaugh - #url# via #user# </document>
		<document> no anger. no fear. no trama. not until 35 years later. ooookay? #url# </document>
		<document> #user# tony, do you know where this picture was taken? </document>
		<document> #user# ok joe, so what is you position now? make your position known. </document>
		<document> illegal aliens, illegal aliens, illegal aliens, #hashtag# #user# #hashtag# is a #hashtag# and your beard looks stupid but it fits for you. </document>
		<document> believe in something even if it makes you an idiot, #hashtag# #hashtag# #url# </document>
		<document> #user# oh i don't know, maybe those people ought to stop writing bad checks, and stealing shit. #hashtag# </document>
		<document> funniest ass beating of the day. #hashtag# way to go kid #url# </document>
		<document> does anyone really think mccain is an american hero compared to neil armstrong? </document>
		<document> #user# the winner of #hashtag# #user# for her amazing idea to document the undocumented. </document>
		<document> they say that #hashtag# , head of the new #hashtag# may run again in #hashtag# . that is a gift that #user# dreams about. </document>
		<document> i believe that the sleeping giant just got #hashtag# #url# </document>
		<document> #user# it is amazing what all you can get accomplished when you start your day with #hashtag# #url# </document>
		<document> #user# i saw that musical: "beautiful" it was great. pay for your own billboard. </document>
		<document> #user# #user# i would tell the ceo of yeti to remember whose trucks their coolers sit in the back of. </document>
		<document> i always wanted to get a #hashtag# cooler but now they don't interest me in the least. #hashtag# #hashtag# </document>
		<document> #user# amen potus. keep draining the swamp. i just love hearing the slimy creatures squeal. </document>
		<document> #user# nice fair and balanced #hashtag# arming teachers isn't about being a cop, it is about survival! #hashtag# is americans protecting freedom. </document>
		<document> #user# with the term women being banned from #hashtag# maybe we will also have to ban all of the el and la from spanish language. </document>
		<document> #user# a story that you may want to investigate &amp; report on is the open call for #hashtag# in #hashtag# the msm is silent. </document>
		<document> #user# i wonder, did rachael madcow do an entire segment on how wrong she was? </document>
		<document> #user# it is a good thing for joy b that we are christian. we have to forgive her. </document>
		<document> #user# just because you may believe you are #hashtag# doesn't mean it's true. we know it is lie &amp; you are disgusting. #hashtag# </document>
		<document> #user# the oakland coffee shop should put a sign outside that says they are a #hashtag# &amp; #hashtag# zone. that would end well, not! </document>
		<document> #user# don't forget to consider #hashtag# of new laws, ones that creates criminals out of normal gun owners. </document>
		<document> #user# i supported you thru thick &amp; thin but if you follow the dems &amp; the gun control crowd, i am through with you. #hashtag# </document>
		<document> #user# #hashtag# can be solved by putting small biometric gun safe in every classroom. perp can't tell which teachers have guns or not </document>
		<document> #user# #user# should only agree to interview with #hashtag# if ground rules are the same as #hashtag# interview with #hashtag# </document>
		<document> really #user# "deputy escapes death...again" just a bit over dramatic. the second time the car just drove away. #hashtag# </document>
		<document> #user# who rents more cars, the #hashtag# that want a #hashtag# or #hashtag# members? you made choice &amp; mine is #hashtag# </document>
		<document> i graduated in 1975 and we all had access to guns but nobody shot up schools. we have to focus on what's changed since then to solve problem </document>
		<document> #user# this might help to grapple with a trillion dollars. one trillion dollars = 621 miles of $100 bills stacked up. #hashtag# </document>
		<document> rt #user#: breaking: the democratic memo has just been leaked 👇 #hashtag# #url# </document>
		<document> #user# studio headlines like these are why we stopped watching you. </document>
		<document> #user# watching curling and drinking dw. perfection </document>
		<document> #user# #user# we are looking forward to seeing it. </document>
		<document> #user# don't let the prison door hit you on the ass on the way in. </document>
		<document> #user# still love you but sure you have come to regret that offhand comment. </document>
		<document> #user# could not care less about a movie! it's just a movie man. </document>
		<document> #user# #user# unfortunately those who threaten never go. maybe they are waiting for rosey and chealsy. </document>
		<document> just saw on #user# that #hashtag# are threatening to leave usa if #hashtag# isn't passed. #hashtag# #hashtag# </document>
		<document> #user# do you think that it is possible to get new pictures of #hashtag# &amp; #hashtag# ? it is time, please, please, please. #hashtag# </document>
		<document> #user# should turn the #hashtag# over to the #hashtag# to review &amp; redact. don't fall into the #hashtag# #hashtag# </document>
		<document> #user# don't forget about the second indianapolis tragedy with death of #hashtag# #hashtag# #hashtag# </document>
		<document> #user# your coffee is like taking aderol, one cup and i am good all day, but is delicious! </document>
		<document> #user# #user# #user# love these ladies! </document>
		<document> rt #user#: you could watch this forever and never stop smiling. #url# </document>
		<document> #user# is a pathetic. his fingerprints are on the #hashtag# not #hashtag# just sad &amp; broken old man. #hashtag# #url# </document>
		<document> #user# you nailed it on all counts! </document>
		<document> #hashtag# gives 100k employees $1000 bonus. doing the math for #user# that's $100 million worth of #hashtag# #hashtag# #hashtag# </document>
		<document> #user# got a hat this week! it rocks! </document>
		<document> mark my words #hashtag# &amp; #hashtag# are dirty and will soon be implicated. this corruption is deep &amp; wide &amp; far from over. #hashtag# #hashtag# </document>
		<document> #user# i means she is a beautiful, stylish, and tasteful women. why are you always trying to tear her down? sad </document>
		<document> #user# really? way to go positive! apparently the "lawmakes" you talk to are the ones sitting on their hands walking out or who stayed home. </document>
		<document> #user# #user# #user# we can only hope so. we hired trump to #hashtag# he is draining it. #hashtag# </document>
		<document> #user# that's how we know we are winning. #hashtag# </document>
		<document> #user# you need to broaden your information on manufacturing. sadly inaccurate. </document>
		<document> #user# looks like she is preoccupied with picking that $1000.00 crumb out of her teeth. </document>
		<document> #user# we can be tough on noko but sympathetic to the plight of its enslaved people. </document>
		<document> #user# #user# the voters will reveal how powerless they really are. </document>
		<document> #user# #user# loved every word. </document>
		<document> #user# #user# #user# we loved ever word. well done! </document>
		<document> #user# gets it and the dems don't. #hashtag# is the new mantra of our time. great #hashtag# &amp; full speed ahead. </document>
		<document> great job on #hashtag# #user# don't worry about the dems, they wouldn't support you even if you pardoned #hashtag# #hashtag# </document>
		<document> #user# you should #hashtag# directly after the #hashtag# to mute #hashtag# &amp; the democratic response. #hashtag# </document>
		<document> rt #user#: thiiiiis is gonna get ugly. #url# </document>
		<document> #user# #user# shifty schiff is shifting his pants right now because of that memo. must be a hell of a memo! </document>
		<document> #user# #user# he will probably end up in a park elsewhere after suicide. he'd better keep his gun. </document>
		<document> #user# yeah, i heard they were on too. </document>
		<document> #user# #user# schiff is such a dick. </document>
		<document> #user# i watched you on #hashtag# and have to ask, are stupid or just naive? regular people understand, you look pathetic. </document>
		<document> #user# watched you on #hashtag# today &amp; you knocked it out of the park. yes, the american people are interested &amp; want to know. thx </document>
		<document> #user# #user# #user# if people are not impressed by trump at that table they don't deserve an opinion. </document>
		<document> #user# #user# #user# bernard? get a clue! you obviously know zero about anything! </document>
		<document> #user# the 9th district wants the house to #hashtag# i am sick &amp; tired of the corruption &amp; deceit in #hashtag# #hashtag# </document>
		<document> #user# we still love you. </document>
		<document> it's very telling that there has not been a leak of the 4 page classified unmasking memo. 100's of republicans saw it but only one democrat. </document>
		<document> if #user# wanted to bring democrats to heel quickly, just don't pay furloughed government workers for days off during shutdown. </document>
		<document> did democrats protect #hashtag# elian gonzalez when bill clinton's swat team grabbed him at gunpoint and deported him to cuba? #hashtag# </document>
		<document> it is not about #hashtag# it is about #hashtag# no mystery, get an education, work hard and anyone can achieve their dream. </document>
		<document> if building the wall would have no effect on illegal immigration, why do the democrats protest so much? the wall will work. #hashtag# </document>
		<document> you did an excellent job on fox and friends. hope you get that seat. #user# </document>
		<document> i vote for you to take that old bay's seat. maybe wipe it down first though, it is probably musky. #url# </document>
		<document> wtf is this for? #url# </document>
		<document> click the pic to get the joke. #url# </document>
		<document> what obama had to say about imagration obviously he is a racist. #url# </document>
		<document> #user# 100% class act in the face of silly liberal drama. 🤐 </document>
		<document> #user# #user# #user# love this idea. </document>
		<document> #user# #user# to be fair she always looks like she is desperately trying to hold in a fart. </document>
		<document> #user# #user# you nailed it! </document>
		<document> #user# if i watch any channel but fox i feel like i have entered a bizzaro world dystopia </document>
		<document> #user# i don't know exactly what you said in your "private" #hashtag# meeting but thank you for saying it. this pc must be stopped </document>
		<document> #user# don't forget that surely the elites are taking their family vacations in exotic places like haiti and el salvador. </document>
		<document> rt #user#: keep calm and eat buffet 😂😂 #hashtag# #hashtag# #url# </document>
		<document> rt #user#: the moment you realize that oprah didn't bring you here for a free car... #url# </document>
		<document> watch harry reid admit to telling the fbi to lie to then candidate trump and disseminate fake news. #url# </document>
		<document> rt #user#: remember, when you're protesting sexual assault -- always dress like a pirate hooker ... #url# </document>
		<document> #user# #user# #user# but...i want a free car.😮 </document>
		<document> #user# maybe the real issue is why the hell they are spending that much. </document>
		<document> #user# it's a trick. you know that right? </document>
		<document> #user# do i get a free car? </document>
		<document> #user# #user# looks like a bad case of chlamydia in want of some ointment. </document>
		<document> #user# #user# some of us always believed you jb. </document>
		<document> #user# why aren't the dreamers mad that the democrats are using them as a weapon to bludgeon trump? </document>
		<document> #user# we turn off the half time show. too nasty, too political, too hollywood. just watch the game. </document>
		<document> #user# #user# she did and excellent job. </document>
		<document> #user# #user#books truth or fabrication, trump is still winning. </document>
		<document> #user# no but there are some folks at your network that really need some help over coming trump derangement syndrome </document>
		<document> rt #user#: hollywood has somehow managed to turn a scandal of its own making into three more hours of colossal self-righteousness. </document>
		<document> #user# so wrong on so many levels. his face says, "ahh...mom? are you down with this?" </document>
		<document> i bet that #hashtag# will have a hard time explaining this one away. or i suppose not since it is queen oprah. #url# </document>
		<document> looks like maybe a bad case of chlamydia! that's going to need some ointment. #url# </document>
		<document> #user# yes! directly! thank god for the trump agenda. #hashtag# dumping in necessary regulations, re investing in manufacturing, lower taxes </document>
		<document> rt #user#: obama in 2008: "hillary is a corrupt wallstreet mogul" obama in 2016: "no one is more fit to be president." 🤔 </document>
	    
	<document> #user# this is pretty fucked up! </document>
		<document> #user# so you are saying that i shouldn't vote for either you or bill? </document>
		<document> #user# they are all traitors. </document>
		<document> #user# #user# #user# put on your covid mask, go color or pet you security llama. the grownups are busy. </document>
		<document> #user# he is politically dead to us now. </document>
		<document> #user# never surrender never retreat. </document>
		<document> #user# trapper you are a twit! you all didnt listen to 75 million americans so this what you get. shame on you! </document>
		<document> #user# guess they should have listened before it came to this. </document>
		<document> #user# not neo anytime sir. just everyday folks who you refuse to listen to. </document>
		<document> #user# remember sir, those are black folks too, regardless they are standing up for your rights to have an opinion. </document>
		<document> #user# #user# you know where you don't have to sit too closely with anyone else? your car. drive next time. </document>
		<document> #user# thank you senator. </document>
		<document> #user# #hashtag# #hashtag# don't send money to foreign countries while americans are suffering. </document>
		<document> #user# you can't beat a good oatmeal pecan cookie and i make the best. </document>
		<document> #user# #user# no you can see the clip on youtube. the chinese translated it. </document>
		<document> yep that sure looks like a guilty face doesn't it? #url# </document>
		<document> rt #user#: #user# #user# what about this? #url# </document>
		<document> #user# the photo is not gina by the way. </document>
		<document> #user# #user# that is fucked up! </document>
		<document> #user# release the hounds! </document>
		<document> #user# i stood up and clapped at your closing statement. well done. </document>
		<document> #user# i agree, declassify everything, dump all documents and fire the deep state! </document>
		<document> #user# i challenge you to do a flyover and troll the #hashtag# rally in #hashtag# in florida today. </document>
		<document> #user# if joe did not know as he said he was, then he is too stupid to be president. if he did know then he is a liar. </document>
		<document> #user# #user# so are the "voting police" going to drag millions of people out of their homes and force them to vote? </document>
		<document> #user# just because no laws were broken does not mean it was okay to peddle influence. </document>
		<document> #user# if he hasn't done shit in 47 years why do you think 4 more years is going to be different? </document>
		<document> #user# so all her body guards just have to stand in the pouring rain so she can stand up there being lame? wow </document>
		<document> #user# stop f--king around nancy. we need help out here!😖😡🤬 </document>
		<document> #user# wow! that is impressive. would that be awesome if he won california. </document>
		<document> i am done with #hashtag# i am moving to #hashtag# where i am not blocked or censored. twitter is dead, they just haven't realized it yet. rip </document>
		<document> rt #user#: #user# more info. is coming !!!!! #hashtag# govt is involved in all these. #hashtag# #hashtag# </document>
		<document> folks, this was today in toledo. it is now just sad. #url# </document>
		<document> #hashtag# mistake was that she generalized. </document>
		<document> #user# so ann, still not over being left behind by the trump train? just let it go and breathe. </document>
		<document> #user# here is a little gem for your saturday show. #user# </document>
		<document> at the #hashtag# no longer relevant #hashtag# said that no one pushes #hashtag# around, yeah no one but his nurse. </document>
		<document> #user# thank god the video cut off or next we would have seen the stay puft marshmallow come bounding out. #url# </document>
		<document> you have the option to #hashtag#. these brave girls have. #url# </document>
		<document> amen brothers! #hashtag# #url# </document>
		<document> this is why trump has requested all covid data be sent to the #hashtag# #hashtag# #url# </document>
		<document> just in case you are unsure, you can still choose to #hashtag# </document>
		<document> #user# say hello to your daddy when you get there. </document>
		<document> #user# fuck you!!! and your nose too. </document>
		<document> it is time for the republicans to "stand up, stand out and stand for" #user# #hashtag# </document>
		<document> #user# #user# when the swamp gets drained even those lounging on lillypads sink to the bottom. </document>
		<document> #user# beto needs to be reminded that we have ammo too. </document>
		<document> #user# good luck with that. </document>
		<document> #user# don't boycott the debate, use it as a platform to expose the dnc and media fraud that is happening again. </document>
		<document> #user# back in your cage monkey boy. </document>
		<document> #user# #user# this is a classic freudian slip. </document>
		<document> video tape is a beautiful thing. #url# </document>
		<document> #user# and you are still an ignorant #hashtag# </document>
		<document> are we going to stand for this without push back? #hashtag# #url# </document>
		<document> i don't see any difference at all. #hashtag# #url# </document>
		<document> #user# my wife and i both agree that you should not sign this bill! don't do it! #hashtag# </document>
		<document> #user# my welfare check again! </document>
		<document> rt #user#: when are the people behind the steele dossier going to go to jail for lying to the fbi? </document>
		<document> #user# close it. we demand to be heard. build the wall. maga </document>
		<document> these numbers make no sense. #url# </document>
		<document> #user# can you explain the math here? this makes no sense. #url# </document>
		<document> #user# we want a wall in our stockings. ho ho ho </document>
		<document> #user# we want the wall. </document>
		<document> #user# you don't have a clue do you? we like and agree with those people out here in flyover america. </document>
		<document> #user# we want the wall. </document>
		<document> #user# then give us the wall. done </document>
		<document> #user# then agree to build the wall. done </document>
		<document> new map: cost of illegal immigration, by state #url# via #user# united west </document>
		<document> ya just gotta watch this twice then retweet it. seriously! #url# </document>
		<document> #user# just finshed reading your book. loved it! </document>
		<document> #user# we had made up drinking games for the debates. not sure i can drink that much.🍷 </document>
		<document> #user# #user# #user# i don't care if they are left or right only that they are delicious! </document>
		<document> #user# i just read it. loved it. i found it interesting, and inspirational. </document>
		<document> #user# is he eating a fish sandwich with onions? because that would be way too much. </document>
		<document> #user# have a nerry christmas dana. we appreciate your work very much at our house. </document>
		<document> #user# #user# michellis acting like she is on an episode of "washington housewives". sad </document>
		<document> #user# #user# #user# we love you at our house leah! keep up the good works. </document>
		<document> she is the gift that keeps on giving. #url# </document>
		<document> #user# oh no you "di dant"! </document>
		<document> we aren't allowed to criticize #hashtag# because she is a "woman of color" but "incompetence has no color". #hashtag# </document>
		<document> #hashtag# equals #hashtag# it is time to take the down. </document>
		<document> who would have guessed that when #user# said we would get tired of all the #hashtag# that he was talking about the #hashtag# </document>
		<document> i wouldn't put it past #hashtag# or #hashtag# to be behind this. the timing is much too convenient. #url# </document>
		<document> #user# #user# what a sick mother fucker you are. </document>
		<document> #user# we are pissed off because we hate your smell of dog shit. </document>
		<document> where is the fbi investigation of blasey-ford? #url# </document>
		<document> daughter of cia assassin paymaster tries to bring down trump supreme court nominee kavanaugh - #url# via #user# </document>
		<document> no anger. no fear. no trama. not until 35 years later. ooookay? #url# </document>
		<document> #user# tony, do you know where this picture was taken? </document>
		<document> #user# ok joe, so what is you position now? make your position known. </document>
		<document> illegal aliens, illegal aliens, illegal aliens, #hashtag# #user# #hashtag# is a #hashtag# and your beard looks stupid but it fits for you. </document>
		<document> believe in something even if it makes you an idiot, #hashtag# #hashtag# #url# </document>
		<document> #user# oh i don't know, maybe those people ought to stop writing bad checks, and stealing shit. #hashtag# </document>
		<document> funniest ass beating of the day. #hashtag# way to go kid #url# </document>
		<document> does anyone really think mccain is an american hero compared to neil armstrong? </document>
		<document> #user# the winner of #hashtag# #user# for her amazing idea to document the undocumented. </document>
		<document> they say that #hashtag# , head of the new #hashtag# may run again in #hashtag# . that is a gift that #user# dreams about. </document>
		<document> i believe that the sleeping giant just got #hashtag# #url# </document>
		<document> #user# it is amazing what all you can get accomplished when you start your day with #hashtag# #url# </document>
		<document> #user# i saw that musical: "beautiful" it was great. pay for your own billboard. </document>
		<document> #user# #user# i would tell the ceo of yeti to remember whose trucks their coolers sit in the back of. </document>
		<document> i always wanted to get a #hashtag# cooler but now they don't interest me in the least. #hashtag# #hashtag# </document>
		<document> #user# amen potus. keep draining the swamp. i just love hearing the slimy creatures squeal. </document>
		<document> #user# nice fair and balanced #hashtag# arming teachers isn't about being a cop, it is about survival! #hashtag# is americans protecting freedom. </document>
		<document> #user# with the term women being banned from #hashtag# maybe we will also have to ban all of the el and la from spanish language. </document>
		<document> #user# a story that you may want to investigate &amp; report on is the open call for #hashtag# in #hashtag# the msm is silent. </document>
		<document> #user# i wonder, did rachael madcow do an entire segment on how wrong she was? </document>
		<document> #user# it is a good thing for joy b that we are christian. we have to forgive her. </document>
		<document> #user# just because you may believe you are #hashtag# doesn't mean it's true. we know it is lie &amp; you are disgusting. #hashtag# </document>
		<document> #user# the oakland coffee shop should put a sign outside that says they are a #hashtag# &amp; #hashtag# zone. that would end well, not! </document>
		<document> #user# don't forget to consider #hashtag# of new laws, ones that creates criminals out of normal gun owners. </document>
		<document> #user# i supported you thru thick &amp; thin but if you follow the dems &amp; the gun control crowd, i am through with you. #hashtag# </document>
		<document> #user# #hashtag# can be solved by putting small biometric gun safe in every classroom. perp can't tell which teachers have guns or not </document>
		<document> #user# #user# should only agree to interview with #hashtag# if ground rules are the same as #hashtag# interview with #hashtag# </document>
		<document> really #user# "deputy escapes death...again" just a bit over dramatic. the second time the car just drove away. #hashtag# </document>
		<document> #user# who rents more cars, the #hashtag# that want a #hashtag# or #hashtag# members? you made choice &amp; mine is #hashtag# </document>
		<document> i graduated in 1975 and we all had access to guns but nobody shot up schools. we have to focus on what's changed since then to solve problem </document>
		<document> #user# this might help to grapple with a trillion dollars. one trillion dollars = 621 miles of $100 bills stacked up. #hashtag# </document>
		<document> rt #user#: breaking: the democratic memo has just been leaked 👇 #hashtag# #url# </document>
		<document> #user# studio headlines like these are why we stopped watching you. </document>
		<document> #user# watching curling and drinking dw. perfection </document>
		<document> #user# #user# we are looking forward to seeing it. </document>
		<document> #user# don't let the prison door hit you on the ass on the way in. </document>
		<document> #user# still love you but sure you have come to regret that offhand comment. </document>
		<document> #user# could not care less about a movie! it's just a movie man. </document>
		<document> #user# #user# unfortunately those who threaten never go. maybe they are waiting for rosey and chealsy. </document>
		<document> just saw on #user# that #hashtag# are threatening to leave usa if #hashtag# isn't passed. #hashtag# #hashtag# </document>
		<document> #user# do you think that it is possible to get new pictures of #hashtag# &amp; #hashtag# ? it is time, please, please, please. #hashtag# </document>
		<document> #user# should turn the #hashtag# over to the #hashtag# to review &amp; redact. don't fall into the #hashtag# #hashtag# </document>
		<document> #user# don't forget about the second indianapolis tragedy with death of #hashtag# #hashtag# #hashtag# </document>
		<document> #user# your coffee is like taking aderol, one cup and i am good all day, but is delicious! </document>
		<document> #user# #user# #user# love these ladies! </document>
		<document> rt #user#: you could watch this forever and never stop smiling. #url# </document>
		<document> #user# is a pathetic. his fingerprints are on the #hashtag# not #hashtag# just sad &amp; broken old man. #hashtag# #url# </document>
		<document> #user# you nailed it on all counts! </document>
		<document> #hashtag# gives 100k employees $1000 bonus. doing the math for #user# that's $100 million worth of #hashtag# #hashtag# #hashtag# </document>
		<document> #user# got a hat this week! it rocks! </document>
		<document> mark my words #hashtag# &amp; #hashtag# are dirty and will soon be implicated. this corruption is deep &amp; wide &amp; far from over. #hashtag# #hashtag# </document>
		<document> #user# i means she is a beautiful, stylish, and tasteful women. why are you always trying to tear her down? sad </document>
		<document> #user# really? way to go positive! apparently the "lawmakes" you talk to are the ones sitting on their hands walking out or who stayed home. </document>
		<document> #user# #user# #user# we can only hope so. we hired trump to #hashtag# he is draining it. #hashtag# </document>
		<document> #user# that's how we know we are winning. #hashtag# </document>
		<document> #user# you need to broaden your information on manufacturing. sadly inaccurate. </document>
		<document> #user# looks like she is preoccupied with picking that $1000.00 crumb out of her teeth. </document>
		<document> #user# we can be tough on noko but sympathetic to the plight of its enslaved people. </document>
		<document> #user# #user# the voters will reveal how powerless they really are. </document>
		<document> #user# #user# loved every word. </document>
		<document> #user# #user# #user# we loved ever word. well done! </document>
		<document> #user# gets it and the dems don't. #hashtag# is the new mantra of our time. great #hashtag# &amp; full speed ahead. </document>
		<document> great job on #hashtag# #user# don't worry about the dems, they wouldn't support you even if you pardoned #hashtag# #hashtag# </document>
		<document> #user# you should #hashtag# directly after the #hashtag# to mute #hashtag# &amp; the democratic response. #hashtag# </document>
		<document> rt #user#: thiiiiis is gonna get ugly. #url# </document>
		<document> #user# #user# shifty schiff is shifting his pants right now because of that memo. must be a hell of a memo! </document>
		<document> #user# #user# he will probably end up in a park elsewhere after suicide. he'd better keep his gun. </document>
		<document> #user# yeah, i heard they were on too. </document>
		<document> #user# #user# schiff is such a dick. </document>
		<document> #user# i watched you on #hashtag# and have to ask, are stupid or just naive? regular people understand, you look pathetic. </document>
		<document> #user# watched you on #hashtag# today &amp; you knocked it out of the park. yes, the american people are interested &amp; want to know. thx </document>
		<document> #user# #user# #user# if people are not impressed by trump at that table they don't deserve an opinion. </document>
		<document> #user# #user# #user# bernard? get a clue! you obviously know zero about anything! </document>
		<document> #user# the 9th district wants the house to #hashtag# i am sick &amp; tired of the corruption &amp; deceit in #hashtag# #hashtag# </document>
		<document> #user# we still love you. </document>
		<document> it's very telling that there has not been a leak of the 4 page classified unmasking memo. 100's of republicans saw it but only one democrat. </document>
		<document> if #user# wanted to bring democrats to heel quickly, just don't pay furloughed government workers for days off during shutdown. </document>
		<document> did democrats protect #hashtag# elian gonzalez when bill clinton's swat team grabbed him at gunpoint and deported him to cuba? #hashtag# </document>
		<document> it is not about #hashtag# it is about #hashtag# no mystery, get an education, work hard and anyone can achieve their dream. </document>
		<document> if building the wall would have no effect on illegal immigration, why do the democrats protest so much? the wall will work. #hashtag# </document>
		<document> you did an excellent job on fox and friends. hope you get that seat. #user# </document>
		<document> i vote for you to take that old bay's seat. maybe wipe it down first though, it is probably musky. #url# </document>
		<document> wtf is this for? #url# </document>
		<document> click the pic to get the joke. #url# </document>
		<document> what obama had to say about imagration obviously he is a racist. #url# </document>
		<document> #user# 100% class act in the face of silly liberal drama. 🤐 </document>
		<document> #user# #user# #user# love this idea. </document>
		<document> #user# #user# to be fair she always looks like she is desperately trying to hold in a fart. </document>
		<document> #user# #user# you nailed it! </document>
		<document> #user# if i watch any channel but fox i feel like i have entered a bizzaro world dystopia </document>
		<document> #user# i don't know exactly what you said in your "private" #hashtag# meeting but thank you for saying it. this pc must be stopped </document>
		<document> #user# don't forget that surely the elites are taking their family vacations in exotic places like haiti and el salvador. </document>
		<document> rt #user#: keep calm and eat buffet 😂😂 #hashtag# #hashtag# #url# </document>
		<document> rt #user#: the moment you realize that oprah didn't bring you here for a free car... #url# </document>
		<document> watch harry reid admit to telling the fbi to lie to then candidate trump and disseminate fake news. #url# </document>
		<document> rt #user#: remember, when you're protesting sexual assault -- always dress like a pirate hooker ... #url# </document>
		<document> #user# #user# #user# but...i want a free car.😮 </document>
		<document> #user# maybe the real issue is why the hell they are spending that much. </document>
		<document> #user# it's a trick. you know that right? </document>
		<document> #user# do i get a free car? </document>
		<document> #user# #user# looks like a bad case of chlamydia in want of some ointment. </document>
		<document> #user# #user# some of us always believed you jb. </document>
		<document> #user# why aren't the dreamers mad that the democrats are using them as a weapon to bludgeon trump? </document>
		<document> #user# we turn off the half time show. too nasty, too political, too hollywood. just watch the game. </document>
		<document> #user# #user# she did and excellent job. </document>
		<document> #user# #user#books truth or fabrication, trump is still winning. </document>
		<document> #user# no but there are some folks at your network that really need some help over coming trump derangement syndrome </document>
		<document> rt #user#: hollywood has somehow managed to turn a scandal of its own making into three more hours of colossal self-righteousness. </document>
		<document> #user# so wrong on so many levels. his face says, "ahh...mom? are you down with this?" </document>
		<document> i bet that #hashtag# will have a hard time explaining this one away. or i suppose not since it is queen oprah. #url# </document>
		<document> looks like maybe a bad case of chlamydia! that's going to need some ointment. #url# </document>
		<document> #user# yes! directly! thank god for the trump agenda. #hashtag# dumping in necessary regulations, re investing in manufacturing, lower taxes </document>
		<document> rt #user#: obama in 2008: "hillary is a corrupt wallstreet mogul" obama in 2016: "no one is more fit to be president." 🤔 </document>
	    
	<document> #user# this is pretty fucked up! </document>
		<document> #user# so you are saying that i shouldn't vote for either you or bill? </document>
		<document> #user# they are all traitors. </document>
		<document> #user# #user# #user# put on your covid mask, go color or pet you security llama. the grownups are busy. </document>
		<document> #user# he is politically dead to us now. </document>
		<document> #user# never surrender never retreat. </document>
		<document> #user# trapper you are a twit! you all didnt listen to 75 million americans so this what you get. shame on you! </document>
		<document> #user# guess they should have listened before it came to this. </document>
		<document> #user# not neo anytime sir. just everyday folks who you refuse to listen to. </document>
		<document> #user# remember sir, those are black folks too, regardless they are standing up for your rights to have an opinion. </document>
		<document> #user# #user# you know where you don't have to sit too closely with anyone else? your car. drive next time. </document>
		<document> #user# thank you senator. </document>
		<document> #user# #hashtag# #hashtag# don't send money to foreign countries while americans are suffering. </document>
		<document> #user# you can't beat a good oatmeal pecan cookie and i make the best. </document>
		<document> #user# #user# no you can see the clip on youtube. the chinese translated it. </document>
		<document> yep that sure looks like a guilty face doesn't it? #url# </document>
		<document> rt #user#: #user# #user# what about this? #url# </document>
		<document> #user# the photo is not gina by the way. </document>
		<document> #user# #user# that is fucked up! </document>
		<document> #user# release the hounds! </document>
		<document> #user# i stood up and clapped at your closing statement. well done. </document>
		<document> #user# i agree, declassify everything, dump all documents and fire the deep state! </document>
		<document> #user# i challenge you to do a flyover and troll the #hashtag# rally in #hashtag# in florida today. </document>
		<document> #user# if joe did not know as he said he was, then he is too stupid to be president. if he did know then he is a liar. </document>
		<document> #user# #user# so are the "voting police" going to drag millions of people out of their homes and force them to vote? </document>
		<document> #user# just because no laws were broken does not mean it was okay to peddle influence. </document>
		<document> #user# if he hasn't done shit in 47 years why do you think 4 more years is going to be different? </document>
		<document> #user# so all her body guards just have to stand in the pouring rain so she can stand up there being lame? wow </document>
		<document> #user# stop f--king around nancy. we need help out here!😖😡🤬 </document>
		<document> #user# wow! that is impressive. would that be awesome if he won california. </document>
		<document> i am done with #hashtag# i am moving to #hashtag# where i am not blocked or censored. twitter is dead, they just haven't realized it yet. rip </document>
		<document> rt #user#: #user# more info. is coming !!!!! #hashtag# govt is involved in all these. #hashtag# #hashtag# </document>
		<document> folks, this was today in toledo. it is now just sad. #url# </document>
		<document> #hashtag# mistake was that she generalized. </document>
		<document> #user# so ann, still not over being left behind by the trump train? just let it go and breathe. </document>
		<document> #user# here is a little gem for your saturday show. #user# </document>
		<document> at the #hashtag# no longer relevant #hashtag# said that no one pushes #hashtag# around, yeah no one but his nurse. </document>
		<document> #user# thank god the video cut off or next we would have seen the stay puft marshmallow come bounding out. #url# </document>
		<document> you have the option to #hashtag#. these brave girls have. #url# </document>
		<document> amen brothers! #hashtag# #url# </document>
		<document> this is why trump has requested all covid data be sent to the #hashtag# #hashtag# #url# </document>
		<document> just in case you are unsure, you can still choose to #hashtag# </document>
		<document> #user# say hello to your daddy when you get there. </document>
		<document> #user# fuck you!!! and your nose too. </document>
		<document> it is time for the republicans to "stand up, stand out and stand for" #user# #hashtag# </document>
		<document> #user# #user# when the swamp gets drained even those lounging on lillypads sink to the bottom. </document>
		<document> #user# beto needs to be reminded that we have ammo too. </document>
		<document> #user# good luck with that. </document>
		<document> #user# don't boycott the debate, use it as a platform to expose the dnc and media fraud that is happening again. </document>
		<document> #user# back in your cage monkey boy. </document>
		<document> #user# #user# this is a classic freudian slip. </document>
		<document> video tape is a beautiful thing. #url# </document>
		<document> #user# and you are still an ignorant #hashtag# </document>
		<document> are we going to stand for this without push back? #hashtag# #url# </document>
		<document> i don't see any difference at all. #hashtag# #url# </document>
		<document> #user# my wife and i both agree that you should not sign this bill! don't do it! #hashtag# </document>
		<document> #user# my welfare check again! </document>
		<document> rt #user#: when are the people behind the steele dossier going to go to jail for lying to the fbi? </document>
		<document> #user# close it. we demand to be heard. build the wall. maga </document>
		<document> these numbers make no sense. #url# </document>
		<document> #user# can you explain the math here? this makes no sense. #url# </document>
		<document> #user# we want a wall in our stockings. ho ho ho </document>
		<document> #user# we want the wall. </document>
		<document> #user# you don't have a clue do you? we like and agree with those people out here in flyover america. </document>
		<document> #user# we want the wall. </document>
		<document> #user# then give us the wall. done </document>
		<document> #user# then agree to build the wall. done </document>
		<document> new map: cost of illegal immigration, by state #url# via #user# united west </document>
		<document> ya just gotta watch this twice then retweet it. seriously! #url# </document>
		<document> #user# just finshed reading your book. loved it! </document>
		<document> #user# we had made up drinking games for the debates. not sure i can drink that much.🍷 </document>
		<document> #user# #user# #user# i don't care if they are left or right only that they are delicious! </document>
		<document> #user# i just read it. loved it. i found it interesting, and inspirational. </document>
		<document> #user# is he eating a fish sandwich with onions? because that would be way too much. </document>
		<document> #user# have a nerry christmas dana. we appreciate your work very much at our house. </document>
		<document> #user# #user# michellis acting like she is on an episode of "washington housewives". sad </document>
		<document> #user# #user# #user# we love you at our house leah! keep up the good works. </document>
		<document> she is the gift that keeps on giving. #url# </document>
		<document> #user# oh no you "di dant"! </document>
		<document> we aren't allowed to criticize #hashtag# because she is a "woman of color" but "incompetence has no color". #hashtag# </document>
		<document> #hashtag# equals #hashtag# it is time to take the down. </document>
		<document> who would have guessed that when #user# said we would get tired of all the #hashtag# that he was talking about the #hashtag# </document>
		<document> i wouldn't put it past #hashtag# or #hashtag# to be behind this. the timing is much too convenient. #url# </document>
		<document> #user# #user# what a sick mother fucker you are. </document>
		<document> #user# we are pissed off because we hate your smell of dog shit. </document>
		<document> where is the fbi investigation of blasey-ford? #url# </document>
		<document> daughter of cia assassin paymaster tries to bring down trump supreme court nominee kavanaugh - #url# via #user# </document>
		<document> no anger. no fear. no trama. not until 35 years later. ooookay? #url# </document>
		<document> #user# tony, do you know where this picture was taken? </document>
		<document> #user# ok joe, so what is you position now? make your position known. </document>
		<document> illegal aliens, illegal aliens, illegal aliens, #hashtag# #user# #hashtag# is a #hashtag# and your beard looks stupid but it fits for you. </document>
		<document> believe in something even if it makes you an idiot, #hashtag# #hashtag# #url# </document>
		<document> #user# oh i don't know, maybe those people ought to stop writing bad checks, and stealing shit. #hashtag# </document>
		<document> funniest ass beating of the day. #hashtag# way to go kid #url# </document>
		<document> does anyone really think mccain is an american hero compared to neil armstrong? </document>
		<document> #user# the winner of #hashtag# #user# for her amazing idea to document the undocumented. </document>
		<document> they say that #hashtag# , head of the new #hashtag# may run again in #hashtag# . that is a gift that #user# dreams about. </document>
		<document> i believe that the sleeping giant just got #hashtag# #url# </document>
		<document> #user# it is amazing what all you can get accomplished when you start your day with #hashtag# #url# </document>
		<document> #user# i saw that musical: "beautiful" it was great. pay for your own billboard. </document>
		<document> #user# #user# i would tell the ceo of yeti to remember whose trucks their coolers sit in the back of. </document>
		<document> i always wanted to get a #hashtag# cooler but now they don't interest me in the least. #hashtag# #hashtag# </document>
		<document> #user# amen potus. keep draining the swamp. i just love hearing the slimy creatures squeal. </document>
		<document> #user# nice fair and balanced #hashtag# arming teachers isn't about being a cop, it is about survival! #hashtag# is americans protecting freedom. </document>
		<document> #user# with the term women being banned from #hashtag# maybe we will also have to ban all of the el and la from spanish language. </document>
		<document> #user# a story that you may want to investigate &amp; report on is the open call for #hashtag# in #hashtag# the msm is silent. </document>
		<document> #user# i wonder, did rachael madcow do an entire segment on how wrong she was? </document>
		<document> #user# it is a good thing for joy b that we are christian. we have to forgive her. </document>
		<document> #user# just because you may believe you are #hashtag# doesn't mean it's true. we know it is lie &amp; you are disgusting. #hashtag# </document>
		<document> #user# the oakland coffee shop should put a sign outside that says they are a #hashtag# &amp; #hashtag# zone. that would end well, not! </document>
		<document> #user# don't forget to consider #hashtag# of new laws, ones that creates criminals out of normal gun owners. </document>
		<document> #user# i supported you thru thick &amp; thin but if you follow the dems &amp; the gun control crowd, i am through with you. #hashtag# </document>
		<document> #user# #hashtag# can be solved by putting small biometric gun safe in every classroom. perp can't tell which teachers have guns or not </document>
		<document> #user# #user# should only agree to interview with #hashtag# if ground rules are the same as #hashtag# interview with #hashtag# </document>
		<document> really #user# "deputy escapes death...again" just a bit over dramatic. the second time the car just drove away. #hashtag# </document>
		<document> #user# who rents more cars, the #hashtag# that want a #hashtag# or #hashtag# members? you made choice &amp; mine is #hashtag# </document>
		<document> i graduated in 1975 and we all had access to guns but nobody shot up schools. we have to focus on what's changed since then to solve problem </document>
		<document> #user# this might help to grapple with a trillion dollars. one trillion dollars = 621 miles of $100 bills stacked up. #hashtag# </document>
		<document> rt #user#: breaking: the democratic memo has just been leaked 👇 #hashtag# #url# </document>
		<document> #user# studio headlines like these are why we stopped watching you. </document>
		<document> #user# watching curling and drinking dw. perfection </document>
		<document> #user# #user# we are looking forward to seeing it. </document>
		<document> #user# don't let the prison door hit you on the ass on the way in. </document>
		<document> #user# still love you but sure you have come to regret that offhand comment. </document>
		<document> #user# could not care less about a movie! it's just a movie man. </document>
		<document> #user# #user# unfortunately those who threaten never go. maybe they are waiting for rosey and chealsy. </document>
		<document> just saw on #user# that #hashtag# are threatening to leave usa if #hashtag# isn't passed. #hashtag# #hashtag# </document>
		<document> #user# do you think that it is possible to get new pictures of #hashtag# &amp; #hashtag# ? it is time, please, please, please. #hashtag# </document>
		<document> #user# should turn the #hashtag# over to the #hashtag# to review &amp; redact. don't fall into the #hashtag# #hashtag# </document>
		<document> #user# don't forget about the second indianapolis tragedy with death of #hashtag# #hashtag# #hashtag# </document>
		<document> #user# your coffee is like taking aderol, one cup and i am good all day, but is delicious! </document>
		<document> #user# #user# #user# love these ladies! </document>
		<document> rt #user#: you could watch this forever and never stop smiling. #url# </document>
		<document> #user# is a pathetic. his fingerprints are on the #hashtag# not #hashtag# just sad &amp; broken old man. #hashtag# #url# </document>
		<document> #user# you nailed it on all counts! </document>
		<document> #hashtag# gives 100k employees $1000 bonus. doing the math for #user# that's $100 million worth of #hashtag# #hashtag# #hashtag# </document>
		<document> #user# got a hat this week! it rocks! </document>
		<document> mark my words #hashtag# &amp; #hashtag# are dirty and will soon be implicated. this corruption is deep &amp; wide &amp; far from over. #hashtag# #hashtag# </document>
		<document> #user# i means she is a beautiful, stylish, and tasteful women. why are you always trying to tear her down? sad </document>
		<document> #user# really? way to go positive! apparently the "lawmakes" you talk to are the ones sitting on their hands walking out or who stayed home. </document>
		<document> #user# #user# #user# we can only hope so. we hired trump to #hashtag# he is draining it. #hashtag# </document>
		<document> #user# that's how we know we are winning. #hashtag# </document>
		<document> #user# you need to broaden your information on manufacturing. sadly inaccurate. </document>
		<document> #user# looks like she is preoccupied with picking that $1000.00 crumb out of her teeth. </document>
		<document> #user# we can be tough on noko but sympathetic to the plight of its enslaved people. </document>
		<document> #user# #user# the voters will reveal how powerless they really are. </document>
		<document> #user# #user# loved every word. </document>
		<document> #user# #user# #user# we loved ever word. well done! </document>
		<document> #user# gets it and the dems don't. #hashtag# is the new mantra of our time. great #hashtag# &amp; full speed ahead. </document>
		<document> great job on #hashtag# #user# don't worry about the dems, they wouldn't support you even if you pardoned #hashtag# #hashtag# </document>
		<document> #user# you should #hashtag# directly after the #hashtag# to mute #hashtag# &amp; the democratic response. #hashtag# </document>
		<document> rt #user#: thiiiiis is gonna get ugly. #url# </document>
		<document> #user# #user# shifty schiff is shifting his pants right now because of that memo. must be a hell of a memo! </document>
		<document> #user# #user# he will probably end up in a park elsewhere after suicide. he'd better keep his gun. </document>
		<document> #user# yeah, i heard they were on too. </document>
		<document> #user# #user# schiff is such a dick. </document>
		<document> #user# i watched you on #hashtag# and have to ask, are stupid or just naive? regular people understand, you look pathetic. </document>
		<document> #user# watched you on #hashtag# today &amp; you knocked it out of the park. yes, the american people are interested &amp; want to know. thx </document>
		<document> #user# #user# #user# if people are not impressed by trump at that table they don't deserve an opinion. </document>
		<document> #user# #user# #user# bernard? get a clue! you obviously know zero about anything! </document>
		<document> #user# the 9th district wants the house to #hashtag# i am sick &amp; tired of the corruption &amp; deceit in #hashtag# #hashtag# </document>
		<document> #user# we still love you. </document>
		<document> it's very telling that there has not been a leak of the 4 page classified unmasking memo. 100's of republicans saw it but only one democrat. </document>
		<document> if #user# wanted to bring democrats to heel quickly, just don't pay furloughed government workers for days off during shutdown. </document>
		<document> did democrats protect #hashtag# elian gonzalez when bill clinton's swat team grabbed him at gunpoint and deported him to cuba? #hashtag# </document>
		<document> it is not about #hashtag# it is about #hashtag# no mystery, get an education, work hard and anyone can achieve their dream. </document>
		<document> if building the wall would have no effect on illegal immigration, why do the democrats protest so much? the wall will work. #hashtag# </document>
		<document> you did an excellent job on fox and friends. hope you get that seat. #user# </document>
		<document> i vote for you to take that old bay's seat. maybe wipe it down first though, it is probably musky. #url# </document>
		<document> wtf is this for? #url# </document>
		<document> click the pic to get the joke. #url# </document>
		<document> what obama had to say about imagration obviously he is a racist. #url# </document>
		<document> #user# 100% class act in the face of silly liberal drama. 🤐 </document>
		<document> #user# #user# #user# love this idea. </document>
		<document> #user# #user# to be fair she always looks like she is desperately trying to hold in a fart. </document>
		<document> #user# #user# you nailed it! </document>
		<document> #user# if i watch any channel but fox i feel like i have entered a bizzaro world dystopia </document>
		<document> #user# i don't know exactly what you said in your "private" #hashtag# meeting but thank you for saying it. this pc must be stopped </document>
		<document> #user# don't forget that surely the elites are taking their family vacations in exotic places like haiti and el salvador. </document>
		<document> rt #user#: keep calm and eat buffet 😂😂 #hashtag# #hashtag# #url# </document>
		<document> rt #user#: the moment you realize that oprah didn't bring you here for a free car... #url# </document>
		<document> watch harry reid admit to telling the fbi to lie to then candidate trump and disseminate fake news. #url# </document>
		<document> rt #user#: remember, when you're protesting sexual assault -- always dress like a pirate hooker ... #url# </document>
		<document> #user# #user# #user# but...i want a free car.😮 </document>
		<document> #user# maybe the real issue is why the hell they are spending that much. </document>
		<document> #user# it's a trick. you know that right? </document>
		<document> #user# do i get a free car? </document>
		<document> #user# #user# looks like a bad case of chlamydia in want of some ointment. </document>
		<document> #user# #user# some of us always believed you jb. </document>
		<document> #user# why aren't the dreamers mad that the democrats are using them as a weapon to bludgeon trump? </document>
		<document> #user# we turn off the half time show. too nasty, too political, too hollywood. just watch the game. </document>
		<document> #user# #user# she did and excellent job. </document>
		<document> #user# #user#books truth or fabrication, trump is still winning. </document>
		<document> #user# no but there are some folks at your network that really need some help over coming trump derangement syndrome </document>
		<document> rt #user#: hollywood has somehow managed to turn a scandal of its own making into three more hours of colossal self-righteousness. </document>
		<document> #user# so wrong on so many levels. his face says, "ahh...mom? are you down with this?" </document>
		<document> i bet that #hashtag# will have a hard time explaining this one away. or i suppose not since it is queen oprah. #url# </document>
		<document> looks like maybe a bad case of chlamydia! that's going to need some ointment. #url# </document>
		<document> #user# yes! directly! thank god for the trump agenda. #hashtag# dumping in necessary regulations, re investing in manufacturing, lower taxes </document>
		<document> rt #user#: obama in 2008: "hillary is a corrupt wallstreet mogul" obama in 2016: "no one is more fit to be president." 🤔 </document>
	    
	<document> #user# this is pretty fucked up! </document>
		<document> #user# so you are saying that i shouldn't vote for either you or bill? </document>
		<document> #user# they are all traitors. </document>
		<document> #user# #user# #user# put on your covid mask, go color or pet you security llama. the grownups are busy. </document>
		<document> #user# he is politically dead to us now. </document>
		<document> #user# never surrender never retreat. </document>
		<document> #user# trapper you are a twit! you all didnt listen to 75 million americans so this what you get. shame on you! </document>
		<document> #user# guess they should have listened before it came to this. </document>
		<document> #user# not neo anytime sir. just everyday folks who you refuse to listen to. </document>
		<document> #user# remember sir, those are black folks too, regardless they are standing up for your rights to have an opinion. </document>
		<document> #user# #user# you know where you don't have to sit too closely with anyone else? your car. drive next time. </document>
		<document> #user# thank you senator. </document>
		<document> #user# #hashtag# #hashtag# don't send money to foreign countries while americans are suffering. </document>
		<document> #user# you can't beat a good oatmeal pecan cookie and i make the best. </document>
		<document> #user# #user# no you can see the clip on youtube. the chinese translated it. </document>
		<document> yep that sure looks like a guilty face doesn't it? #url# </document>
		<document> rt #user#: #user# #user# what about this? #url# </document>
		<document> #user# the photo is not gina by the way. </document>
		<document> #user# #user# that is fucked up! </document>
		<document> #user# release the hounds! </document>
		<document> #user# i stood up and clapped at your closing statement. well done. </document>
		<document> #user# i agree, declassify everything, dump all documents and fire the deep state! </document>
		<document> #user# i challenge you to do a flyover and troll the #hashtag# rally in #hashtag# in florida today. </document>
		<document> #user# if joe did not know as he said he was, then he is too stupid to be president. if he did know then he is a liar. </document>
		<document> #user# #user# so are the "voting police" going to drag millions of people out of their homes and force them to vote? </document>
		<document> #user# just because no laws were broken does not mean it was okay to peddle influence. </document>
		<document> #user# if he hasn't done shit in 47 years why do you think 4 more years is going to be different? </document>
		<document> #user# so all her body guards just have to stand in the pouring rain so she can stand up there being lame? wow </document>
		<document> #user# stop f--king around nancy. we need help out here!😖😡🤬 </document>
		<document> #user# wow! that is impressive. would that be awesome if he won california. </document>
		<document> i am done with #hashtag# i am moving to #hashtag# where i am not blocked or censored. twitter is dead, they just haven't realized it yet. rip </document>
		<document> rt #user#: #user# more info. is coming !!!!! #hashtag# govt is involved in all these. #hashtag# #hashtag# </document>
		<document> folks, this was today in toledo. it is now just sad. #url# </document>
		<document> #hashtag# mistake was that she generalized. </document>
		<document> #user# so ann, still not over being left behind by the trump train? just let it go and breathe. </document>
		<document> #user# here is a little gem for your saturday show. #user# </document>
		<document> at the #hashtag# no longer relevant #hashtag# said that no one pushes #hashtag# around, yeah no one but his nurse. </document>
		<document> #user# thank god the video cut off or next we would have seen the stay puft marshmallow come bounding out. #url# </document>
		<document> you have the option to #hashtag#. these brave girls have. #url# </document>
		<document> amen brothers! #hashtag# #url# </document>
		<document> this is why trump has requested all covid data be sent to the #hashtag# #hashtag# #url# </document>
		<document> just in case you are unsure, you can still choose to #hashtag# </document>
		<document> #user# say hello to your daddy when you get there. </document>
		<document> #user# fuck you!!! and your nose too. </document>
		<document> it is time for the republicans to "stand up, stand out and stand for" #user# #hashtag# </document>
		<document> #user# #user# when the swamp gets drained even those lounging on lillypads sink to the bottom. </document>
		<document> #user# beto needs to be reminded that we have ammo too. </document>
		<document> #user# good luck with that. </document>
		<document> #user# don't boycott the debate, use it as a platform to expose the dnc and media fraud that is happening again. </document>
		<document> #user# back in your cage monkey boy. </document>
		<document> #user# #user# this is a classic freudian slip. </document>
		<document> video tape is a beautiful thing. #url# </document>
		<document> #user# and you are still an ignorant #hashtag# </document>
		<document> are we going to stand for this without push back? #hashtag# #url# </document>
		<document> i don't see any difference at all. #hashtag# #url# </document>
		<document> #user# my wife and i both agree that you should not sign this bill! don't do it! #hashtag# </document>
		<document> #user# my welfare check again! </document>
		<document> rt #user#: when are the people behind the steele dossier going to go to jail for lying to the fbi? </document>
		<document> #user# close it. we demand to be heard. build the wall. maga </document>
		<document> these numbers make no sense. #url# </document>
		<document> #user# can you explain the math here? this makes no sense. #url# </document>
		<document> #user# we want a wall in our stockings. ho ho ho </document>
		<document> #user# we want the wall. </document>
		<document> #user# you don't have a clue do you? we like and agree with those people out here in flyover america. </document>
		<document> #user# we want the wall. </document>
		<document> #user# then give us the wall. done </document>
		<document> #user# then agree to build the wall. done </document>
		<document> new map: cost of illegal immigration, by state #url# via #user# united west </document>
		<document> ya just gotta watch this twice then retweet it. seriously! #url# </document>
		<document> #user# just finshed reading your book. loved it! </document>
		<document> #user# we had made up drinking games for the debates. not sure i can drink that much.🍷 </document>
		<document> #user# #user# #user# i don't care if they are left or right only that they are delicious! </document>
		<document> #user# i just read it. loved it. i found it interesting, and inspirational. </document>
		<document> #user# is he eating a fish sandwich with onions? because that would be way too much. </document>
		<document> #user# have a nerry christmas dana. we appreciate your work very much at our house. </document>
		<document> #user# #user# michellis acting like she is on an episode of "washington housewives". sad </document>
		<document> #user# #user# #user# we love you at our house leah! keep up the good works. </document>
		<document> she is the gift that keeps on giving. #url# </document>
		<document> #user# oh no you "di dant"! </document>
		<document> we aren't allowed to criticize #hashtag# because she is a "woman of color" but "incompetence has no color". #hashtag# </document>
		<document> #hashtag# equals #hashtag# it is time to take the down. </document>
		<document> who would have guessed that when #user# said we would get tired of all the #hashtag# that he was talking about the #hashtag# </document>
		<document> i wouldn't put it past #hashtag# or #hashtag# to be behind this. the timing is much too convenient. #url# </document>
		<document> #user# #user# what a sick mother fucker you are. </document>
		<document> #user# we are pissed off because we hate your smell of dog shit. </document>
		<document> where is the fbi investigation of blasey-ford? #url# </document>
		<document> daughter of cia assassin paymaster tries to bring down trump supreme court nominee kavanaugh - #url# via #user# </document>
		<document> no anger. no fear. no trama. not until 35 years later. ooookay? #url# </document>
		<document> #user# tony, do you know where this picture was taken? </document>
		<document> #user# ok joe, so what is you position now? make your position known. </document>
		<document> illegal aliens, illegal aliens, illegal aliens, #hashtag# #user# #hashtag# is a #hashtag# and your beard looks stupid but it fits for you. </document>
		<document> believe in something even if it makes you an idiot, #hashtag# #hashtag# #url# </document>
		<document> #user# oh i don't know, maybe those people ought to stop writing bad checks, and stealing shit. #hashtag# </document>
		<document> funniest ass beating of the day. #hashtag# way to go kid #url# </document>
		<document> does anyone really think mccain is an american hero compared to neil armstrong? </document>
		<document> #user# the winner of #hashtag# #user# for her amazing idea to document the undocumented. </document>
		<document> they say that #hashtag# , head of the new #hashtag# may run again in #hashtag# . that is a gift that #user# dreams about. </document>
		<document> i believe that the sleeping giant just got #hashtag# #url# </document>
		<document> #user# it is amazing what all you can get accomplished when you start your day with #hashtag# #url# </document>
		<document> #user# i saw that musical: "beautiful" it was great. pay for your own billboard. </document>
		<document> #user# #user# i would tell the ceo of yeti to remember whose trucks their coolers sit in the back of. </document>
		<document> i always wanted to get a #hashtag# cooler but now they don't interest me in the least. #hashtag# #hashtag# </document>
		<document> #user# amen potus. keep draining the swamp. i just love hearing the slimy creatures squeal. </document>
		<document> #user# nice fair and balanced #hashtag# arming teachers isn't about being a cop, it is about survival! #hashtag# is americans protecting freedom. </document>
		<document> #user# with the term women being banned from #hashtag# maybe we will also have to ban all of the el and la from spanish language. </document>
		<document> #user# a story that you may want to investigate &amp; report on is the open call for #hashtag# in #hashtag# the msm is silent. </document>
		<document> #user# i wonder, did rachael madcow do an entire segment on how wrong she was? </document>
		<document> #user# it is a good thing for joy b that we are christian. we have to forgive her. </document>
		<document> #user# just because you may believe you are #hashtag# doesn't mean it's true. we know it is lie &amp; you are disgusting. #hashtag# </document>
		<document> #user# the oakland coffee shop should put a sign outside that says they are a #hashtag# &amp; #hashtag# zone. that would end well, not! </document>
		<document> #user# don't forget to consider #hashtag# of new laws, ones that creates criminals out of normal gun owners. </document>
		<document> #user# i supported you thru thick &amp; thin but if you follow the dems &amp; the gun control crowd, i am through with you. #hashtag# </document>
		<document> #user# #hashtag# can be solved by putting small biometric gun safe in every classroom. perp can't tell which teachers have guns or not </document>
		<document> #user# #user# should only agree to interview with #hashtag# if ground rules are the same as #hashtag# interview with #hashtag# </document>
		<document> really #user# "deputy escapes death...again" just a bit over dramatic. the second time the car just drove away. #hashtag# </document>
		<document> #user# who rents more cars, the #hashtag# that want a #hashtag# or #hashtag# members? you made choice &amp; mine is #hashtag# </document>
		<document> i graduated in 1975 and we all had access to guns but nobody shot up schools. we have to focus on what's changed since then to solve problem </document>
		<document> #user# this might help to grapple with a trillion dollars. one trillion dollars = 621 miles of $100 bills stacked up. #hashtag# </document>
		<document> rt #user#: breaking: the democratic memo has just been leaked 👇 #hashtag# #url# </document>
		<document> #user# studio headlines like these are why we stopped watching you. </document>
		<document> #user# watching curling and drinking dw. perfection </document>
		<document> #user# #user# we are looking forward to seeing it. </document>
		<document> #user# don't let the prison door hit you on the ass on the way in. </document>
		<document> #user# still love you but sure you have come to regret that offhand comment. </document>
		<document> #user# could not care less about a movie! it's just a movie man. </document>
		<document> #user# #user# unfortunately those who threaten never go. maybe they are waiting for rosey and chealsy. </document>
		<document> just saw on #user# that #hashtag# are threatening to leave usa if #hashtag# isn't passed. #hashtag# #hashtag# </document>
		<document> #user# do you think that it is possible to get new pictures of #hashtag# &amp; #hashtag# ? it is time, please, please, please. #hashtag# </document>
		<document> #user# should turn the #hashtag# over to the #hashtag# to review &amp; redact. don't fall into the #hashtag# #hashtag# </document>
		<document> #user# don't forget about the second indianapolis tragedy with death of #hashtag# #hashtag# #hashtag# </document>
		<document> #user# your coffee is like taking aderol, one cup and i am good all day, but is delicious! </document>
		<document> #user# #user# #user# love these ladies! </document>
		<document> rt #user#: you could watch this forever and never stop smiling. #url# </document>
		<document> #user# is a pathetic. his fingerprints are on the #hashtag# not #hashtag# just sad &amp; broken old man. #hashtag# #url# </document>
		<document> #user# you nailed it on all counts! </document>
		<document> #hashtag# gives 100k employees $1000 bonus. doing the math for #user# that's $100 million worth of #hashtag# #hashtag# #hashtag# </document>
		<document> #user# got a hat this week! it rocks! </document>
		<document> mark my words #hashtag# &amp; #hashtag# are dirty and will soon be implicated. this corruption is deep &amp; wide &amp; far from over. #hashtag# #hashtag# </document>
		<document> #user# i means she is a beautiful, stylish, and tasteful women. why are you always trying to tear her down? sad </document>
		<document> #user# really? way to go positive! apparently the "lawmakes" you talk to are the ones sitting on their hands walking out or who stayed home. </document>
		<document> #user# #user# #user# we can only hope so. we hired trump to #hashtag# he is draining it. #hashtag# </document>
		<document> #user# that's how we know we are winning. #hashtag# </document>
		<document> #user# you need to broaden your information on manufacturing. sadly inaccurate. </document>
		<document> #user# looks like she is preoccupied with picking that $1000.00 crumb out of her teeth. </document>
		<document> #user# we can be tough on noko but sympathetic to the plight of its enslaved people. </document>
		<document> #user# #user# the voters will reveal how powerless they really are. </document>
		<document> #user# #user# loved every word. </document>
		<document> #user# #user# #user# we loved ever word. well done! </document>
		<document> #user# gets it and the dems don't. #hashtag# is the new mantra of our time. great #hashtag# &amp; full speed ahead. </document>
		<document> great job on #hashtag# #user# don't worry about the dems, they wouldn't support you even if you pardoned #hashtag# #hashtag# </document>
		<document> #user# you should #hashtag# directly after the #hashtag# to mute #hashtag# &amp; the democratic response. #hashtag# </document>
		<document> rt #user#: thiiiiis is gonna get ugly. #url# </document>
		<document> #user# #user# shifty schiff is shifting his pants right now because of that memo. must be a hell of a memo! </document>
		<document> #user# #user# he will probably end up in a park elsewhere after suicide. he'd better keep his gun. </document>
		<document> #user# yeah, i heard they were on too. </document>
		<document> #user# #user# schiff is such a dick. </document>
		<document> #user# i watched you on #hashtag# and have to ask, are stupid or just naive? regular people understand, you look pathetic. </document>
		<document> #user# watched you on #hashtag# today &amp; you knocked it out of the park. yes, the american people are interested &amp; want to know. thx </document>
		<document> #user# #user# #user# if people are not impressed by trump at that table they don't deserve an opinion. </document>
		<document> #user# #user# #user# bernard? get a clue! you obviously know zero about anything! </document>
		<document> #user# the 9th district wants the house to #hashtag# i am sick &amp; tired of the corruption &amp; deceit in #hashtag# #hashtag# </document>
		<document> #user# we still love you. </document>
		<document> it's very telling that there has not been a leak of the 4 page classified unmasking memo. 100's of republicans saw it but only one democrat. </document>
		<document> if #user# wanted to bring democrats to heel quickly, just don't pay furloughed government workers for days off during shutdown. </document>
		<document> did democrats protect #hashtag# elian gonzalez when bill clinton's swat team grabbed him at gunpoint and deported him to cuba? #hashtag# </document>
		<document> it is not about #hashtag# it is about #hashtag# no mystery, get an education, work hard and anyone can achieve their dream. </document>
		<document> if building the wall would have no effect on illegal immigration, why do the democrats protest so much? the wall will work. #hashtag# </document>
		<document> you did an excellent job on fox and friends. hope you get that seat. #user# </document>
		<document> i vote for you to take that old bay's seat. maybe wipe it down first though, it is probably musky. #url# </document>
		<document> wtf is this for? #url# </document>
		<document> click the pic to get the joke. #url# </document>
		<document> what obama had to say about imagration obviously he is a racist. #url# </document>
		<document> #user# 100% class act in the face of silly liberal drama. 🤐 </document>
		<document> #user# #user# #user# love this idea. </document>
		<document> #user# #user# to be fair she always looks like she is desperately trying to hold in a fart. </document>
		<document> #user# #user# you nailed it! </document>
		<document> #user# if i watch any channel but fox i feel like i have entered a bizzaro world dystopia </document>
		<document> #user# i don't know exactly what you said in your "private" #hashtag# meeting but thank you for saying it. this pc must be stopped </document>
		<document> #user# don't forget that surely the elites are taking their family vacations in exotic places like haiti and el salvador. </document>
		<document> rt #user#: keep calm and eat buffet 😂😂 #hashtag# #hashtag# #url# </document>
		<document> rt #user#: the moment you realize that oprah didn't bring you here for a free car... #url# </document>
		<document> watch harry reid admit to telling the fbi to lie to then candidate trump and disseminate fake news. #url# </document>
		<document> rt #user#: remember, when you're protesting sexual assault -- always dress like a pirate hooker ... #url# </document>
		<document> #user# #user# #user# but...i want a free car.😮 </document>
		<document> #user# maybe the real issue is why the hell they are spending that much. </document>
		<document> #user# it's a trick. you know that right? </document>
		<document> #user# do i get a free car? </document>
		<document> #user# #user# looks like a bad case of chlamydia in want of some ointment. </document>
		<document> #user# #user# some of us always believed you jb. </document>
		<document> #user# why aren't the dreamers mad that the democrats are using them as a weapon to bludgeon trump? </document>
		<document> #user# we turn off the half time show. too nasty, too political, too hollywood. just watch the game. </document>
		<document> #user# #user# she did and excellent job. </document>
		<document> #user# #user#books truth or fabrication, trump is still winning. </document>
		<document> #user# no but there are some folks at your network that really need some help over coming trump derangement syndrome </document>
		<document> rt #user#: hollywood has somehow managed to turn a scandal of its own making into three more hours of colossal self-righteousness. </document>
		<document> #user# so wrong on so many levels. his face says, "ahh...mom? are you down with this?" </document>
		<document> i bet that #hashtag# will have a hard time explaining this one away. or i suppose not since it is queen oprah. #url# </document>
		<document> looks like maybe a bad case of chlamydia! that's going to need some ointment. #url# </document>
		<document> #user# yes! directly! thank god for the trump agenda. #hashtag# dumping in necessary regulations, re investing in manufacturing, lower taxes </document>
		<document> rt #user#: obama in 2008: "hillary is a corrupt wallstreet mogul" obama in 2016: "no one is more fit to be president." 🤔 </document>
	 