   
	<document> pete buttigieg in south carolina: america ‘was never as great as advertised’ #url# #hashtag# </document>
		<document> #user# will do. thanks beer! </document>
		<document> #user# thank you for the follow sir! </document>
		<document> #user# how do you overcome fear when being attacked by such evil people on a regular basis? </document>
		<document> #user# hi beer, can you help me out? i've been at 2700 for as long as i can remember </document>
		<document> rt #user#: donald trump jr. calls anti-israel sentiment among democrats "deeply troubling" | daily caller #url# </document>
		<document> #user# geez. is this real? </document>
		<document> #user# #user# got ya 👍 </document>
		<document> rt #user#: this! please retweet &amp; share the truth. hope this never happens to others. #hashtag# #url# </document>
		<document> rt #user#: ilhan omar is a product of koch brothers immigration policy. </document>
		<document> "youtube personality austin jones sentenced to 10 years on child pornography charges" #url# </document>
		<document> rt #user#: you raped a 14 year old girl &amp; got a slap on the wrist for it? wow! he deserves to be in jail! #url# </document>
		<document> rt #user#: this just happened. the president retweeted #user# and #user#. #url# </document>
		<document> these are not men #url# </document>
		<document> rt #user#: "better that we should die on our feet rather than live on our knees". </document>
		<document> rt #user#: "i will declassify soon" - #user# #user# #user# #user# </document>
		<document> rt #user#: i appreciate president trump tweeting about me. hopefully this will speed up executive action on regulating big tech. </document>
		<document> #user# #user# there are very bad people in this world and these days the majority tend to be on the left </document>
		<document> #user# twitter is creating martyrs. in the long run, this is a good thing. </document>
		<document> rt #user#: meanwhile hamas and muslim brotherhood, 2 terrorist orgs still have facebook and twitter. #url# </document>
		<document> #user# you are #hashtag# in my book </document>
		<document> rt #user#: watch for me on #user# podcast on may 5th. a brilliant woman, starting a movement. #url# </document>
		<document> #user# us mail could be compromised. i prefer homing pigeons </document>
		<document> #user# ha ha. accurate. that is how ny beaurocrats think these days... </document>
		<document> rt #user#: this is what happens once you disarm the people. the people of venezuela 🇻🇪 god be with you. #url# </document>
		<document> rt #user#: heinous! this is what socialist disarmament leaders do to people. #url# </document>
		<document> rt #user#: melisandre after the battle ended #hashtag# #hashtag# #url# </document>
		<document> #user# yep. looks like it's been planned for decades </document>
		<document> rt #user#: three socialists walk into a bar and say, "hey, drinks are on you!" #hashtag# #url# </document>
		<document> rt #user#: scotland is 96% white. this is completely normal. #url# </document>
		<document> rt #user#: pope francis is sending $500,000 dollars to help migrants in mexico who are trying to reach the united states. </document>
		<document> #user# you should ignore these trolls. they are scum </document>
		<document> rt #user#: hate hoax: family accused of staging anti-semitic attack on their own restaurant #url# </document>
		<document> rt #user#: meanwhile, in france..... #url# </document>
		<document> #user# i'm sorry for your loss </document>
		<document> rt #user#: thank you to everyone for the beautiful birthday wishes! </document>
		<document> rt #user#: after #user# found #hashtag# (respek) the gig was up. the rest was the biz we call 'show'. </document>
		<document> rt #user#: good. tommy robinson announces candidacy for european parliament ⁦#user#⁩ #url# </document>
		<document> #user# paul krugman is never right about anything so it looks like we are in great shape </document>
		<document> #user# i'd follow you twice if i could </document>
		<document> #user# dont judge me </document>
		<document> #user# working on the lucifer principle now. recommended by some really sharp dude here on twitter </document>
		<document> #user# gorilla mindset. winning bigly pre-suasion the power of now the power of positive thinking </document>
		<document> #user# trust the plan #hashtag# </document>
		<document> #user# #user# #user# do you think the rumors that pence is dirty are true? </document>
		<document> rt #user#: president #user# is working to end human trafficking. #url# #hashtag# #hashtag# </document>
		<document> rothschilds liquidating royal heirlooms in historic auction | zero hedge #url# </document>
		<document> one step closer to bankruptcy #hashtag# #hashtag# #url# </document>
		<document> #user# he's now a weird guy with a weird family </document>
		<document> rt #user#: satan rallying his forces for evil. #url# </document>
		<document> rt #user#: i guarantee that won’t last italian town to cover crosses at cemeteries so as not to offend muslims (video) </document>
		<document> #user# why is the stock going up? makes no sense </document>
		<document> is this article necessary? the problem with san francisco poop maps #url# #hashtag# </document>
		<document> #user# anyway to get a clearer copy </document>
		<document> rt #user#: why isn’t this is a huge story in the u.s.? #url# </document>
		<document> rt #user#: a message to my fellow americans. #url# </document>
		<document> rt #user#: solid point... extremists take note. #url# </document>
		<document> rt #user#: more people are killed for being christian than any other religion. </document>
		<document> #user# #user# and the ny times is owned by the drug cartel </document>
		<document> rt #user#: who says “easter worshippers”? people who don’t want to say “christians,” that’s who. #url# </document>
		<document> rt #user#: i have never heard the term “easter worshipper” until today. </document>
		<document> #user# not since jfk </document>
		<document> rt #user#: by “easter worshippers” she means christians😏 #url# </document>
		<document> #user# hell no. trump republican </document>
		<document> rt #user#: latest: at least 138 dead, hundreds injured as explosions rock churches, hotels on easter sunday in sri </document>
		<document> rt #user#: blood money: how qatar bought off the entire dc establishment #url# </document>
		<document> rt #user#: how much did his parents pay to get him into harvard?? #url# </document>
		<document> #user# yes and of those 3%, i think 1% are straight males </document>
		<document> rt #user#: i just noticed this article 😅 - liberals outraged by bikini photos of pro-trump dilbert creator's girlfriend </document>
		<document> #user# you lucky dog </document>
		<document> #user# #user# i'd care if it was an article about a missing patriot </document>
		<document> rt #user#: woah. jeez. yikes. barf. 🤢🤮 #url# </document>
		<document> rt #user#: generally speaking, would you consider the mainstream media to be pro-war or anti-war? </document>
		<document> #user# she is evil </document>
		<document> rt #user#: when someone shows you who they are, believe them. #url# </document>
		<document> some people did something #user# #url# </document>
		<document> rt #user#: i literally learned this self-defense move at a party last night. (i am completely serious.) #url# </document>
		<document> rt #user#: how is this woman walking the halls of congress. how. #url# </document>
		<document> #user# does this mean he's not running for president anymore? </document>
		<document> #user# by the way, i had to refollow you, twitter is at it again </document>
		<document> #user# agree. this is a rescue mission </document>
		<document> rt #user#: just a bad day for bad guys... #url# </document>
		<document> rt #user#: ted lieu's face while getting owned by candace owens. these guys did not know how to handle it. #url# </document>
		<document> #user# i don't like the way this vote is going. can i vote for bronson again? </document>
		<document> #user# pete buttplug is going to catch on </document>
		<document> rt #user#: a moment of prayer with senior military leadership at the white house🇺🇸 #user# #user# #url# </document>
		<document> the lifelog/facebook conspiracy blog #hashtag# #hashtag# #url# </document>
		<document> he's not sounding too confident these days #url# </document>
		<document> #user# this has happened to me too for a few years now, but i am limited to around 2700 </document>
		<document> #user# same here. you should follow her diet. you'll feel great </document>
		<document> rt #user#: is this verbal black face? #url# </document>
		<document> rt #user#: identity politics don’t work! please stop pandering #user# #url# </document>
		<document> #user# must stupid. ones are the top and evil and intelligent </document>
		<document> rt #user#: we. have. a. winner!!!!!!!!!!! #url# </document>
		<document> #user# i can't stop laughing at this. #hashtag# </document>
		<document> collusion? russians gave $35 million to company with john podesta on board #hashtag# #url# </document>
		<document> rt #user#: the new york public library is brainwashing your kids. #url# #hashtag# #hashtag# #hashtag# #hashtag# </document>
		<document> rt #user#: why are you flying?? stop destroying our world #url# </document>
		<document> donald trump, jr.: ‘it became a business model’ for media outlets to attack the president, push russia collusion #url# </document>
		<document> lindsey graham: ‘every day with president trump is christmas’ #hashtag# #hashtag# #url# </document>
		<document> #user# #user# have you never seen a bernie supporter before? </document>
		<document> rt #user#: i’d love to hear congressman omar or tlaibs response to this video... #url# </document>
		<document> #user# #user# #user# stop cat calling her </document>
		<document> #user# i'm surprised. i heard he likes them much, much younger </document>
		<document> low iq people actually think aoc is brilliant and nothing will ever change their mind... #hashtag# #hashtag# </document>
		<document> #user# - don lemon - joe scarborough - that lady on msnbc that looks like ralph macchio... </document>
		<document> #user# to me, it means a thing on your head that if removed, will get you stoned to death by men </document>
		<document> rt #user#: #user# #user# thank you- i just upped my followers by 100+ tonight! at 207 </document>
		<document> #user# chivalry is not dead </document>
		<document> rt #user#: trump is on fire and unpresidential...and they love it! </document>
		<document> #user# georgia is so lucky </document>
		<document> rt #user#: what country is the biggest threat to america today? </document>
		<document> #user# #user# here is the go fund me link #url# </document>
		<document> #user# #user# if there is any way we can get a collection going, i would love to help spread the word </document>
		<document> #user# obama in the cross hairs #hashtag# </document>
		<document> #user# she has a point. i'm just kidding, i have no idea what she means 🤣 </document>
		<document> #user# #user# what is this crazy puta talking about? </document>
		<document> rt #user#: guess who let #hashtag# off the hook? #url# </document>
		<document> rt #user#: 100% right rand paul: ‘absolutely’ subpoena obama officials on spygate. #url# </document>
		<document> #user# who are you again? </document>
		<document> #user# i think you know #url# </document>
		<document> #user# he needs to eat more fiber </document>
		<document> #user# avenatti dr dre's daughter aoc don lemon </document>
		<document> #user# too. much. winning. </document>
		<document> rt #user#: breaking news #user# claims she found a way to end world hunger #url# </document>
		<document> rt #user#: time to investigate the obama officials who concocted and spread the russian conspiracy hoax! </document>
		<document> #user# you always seem to be years ahead of the news..... </document>
		<document> rt #user#: how many of you are binge-watching cnn and msnbc today just for the comedy? 😂😂😂 </document>
		<document> rt #user#: -mueller report says no collusion -michael avenatti arrested -splc president resigned it's only 1:30 p.m on monday. </document>
		<document> rt #user#: has #user# seen this video? #url# </document>
		<document> rt #user#: can everybody stop calling us russian bots for being hot trump supporters now? #user# #url# </document>
		<document> rt #user#: what prosecutor would charge this as a crime? #url# </document>
		<document> rt #user#: this is the young man who was charged with a crime for stopping a 5 year old from being raped by a 17 year old. </document>
		<document> rt #user#: today is a good day for the good guys. </document>
		<document> rt #user#: can alex jones come back now? </document>
		<document> rt #user#: could not agree more. see you soon. #url# </document>
		<document> rt #user#: “we did not get as much out of the investigation as we putin.” </document>
		<document> #user# these beta males are really tough when they're typing on a computer </document>
		<document> rt #user#: obama is very quiet, wonder why? </document>
		<document> #user# great timing. just posted this. more pictures on the site #url# </document>
		<document> the new york public library is brainwashing your kids. #url# #hashtag# #hashtag# #hashtag# #hashtag# </document>
		<document> the new york public library is brainwashing our children #url# #url# </document>
		<document> #user# the republicans freed their slaves </document>
		<document> #user# #user# what's a "disenfranchised trump voter"? is that a real thing? </document>
		<document> #user# no thanks 😂 </document>
		<document> rt #user#: wonder if the media will report this horrible crime against a campus conservative? #url# </document>
		<document> #user# after donald trump jr's 2nd term i'll vote for you 😉 </document>
		<document> #user# she probably just realized she's the worst journalist of our lifetime 👍 </document>
		<document> rt #user#: i guess #hashtag# was right all along </document>
		<document> rt #user#: which journalist turned conspiracy theorist profited from 'russiagate' the most? </document>
		<document> #user# got you 👍 </document>
		<document> rt #user#: pucker up buttercup #url# </document>
		<document> #user# i've never seen ralph macchio so upset </document>
		<document> #user# this looks like a regular day on the nyc subway to me... </document>
		<document> #user# i do a lot of my kids homework. they are exhausted by the time they get home. i make sure they know the stuff though... </document>
		<document> rt #user#: time to hit back! </document>
		<document> #user# hour to two a day </document>
		<document> rt #user#: abortion is murder not self care! 60% of african american deaths are due to abortion. #url# </document>
		<document> #user# he's a traitor and a mass murderer. besides that, great guy </document>
		<document> #user# #user# so sorry to hear that scott </document>
		<document> rt #user#: this is for all who’ve been exposed to hate... #url# </document>
		<document> rt #user#: quite possibly the most difficult poll in the history of twitter. most detestable? </document>
		<document> #user# #user# #user# for me that's accurate </document>
		<document> #user# he's great. i was wondering why i haven't seen his tweets for a while </document>
		<document> those who are the loudest.... #url# </document>
		<document> #user# staten island, ny 👍 </document>
		<document> false flag to distract the public from what's coming #hashtag# #url# </document>
		<document> rt #user#: this is jaw-dropping. #url# </document>
		<document> rt #user#: great job ⁦#user#⁩ 🇺🇸💪🇺🇸💪🇺🇸 ivanka trump leads new campaign for 'good paying jobs,' fix education </document>
		<document> or e: q is trump? #url# </document>
		<document> illegal immigrant arrested after having sex with cow, say police #url# </document>
		<document> journalist accuses twitter of testing more extreme ‘shadowban’ technique on his account #url# </document>
		<document> rt #user#: don't worry johnny....it's a dry heat! 👎👎 bhahaha! #url# </document>
		<document> #user# #user# #user# mr conway is too ugly for her </document>
		<document> rt #user#: ladies which one do you prefer? #url# </document>
		<document> rt #user#: this is the kind of meme that is alarming, either because it’s so nuts or so true... #url# </document>
		<document> #user# sorry to hear that mike. similar genes in my family </document>
		<document> rt #user#: who did this? 😂 #url# </document>
		<document> rt #user#: worth the watch. #url# </document>
		<document> rt #user#: so precious. the world needs more people like number 50 👏👏 (via: #user#) #url# </document>
		<document> dr phil on the ben shapiro show awkward interview. dr phil seems nervous #hashtag# #url# </document>
		<document> rt #user#: nigerian muslim militants kill 120 christians in three weeks #url# </document>
		<document> #user# hi mike. when are you coming back to nyc </document>
		<document> #user# i got a 2.9 in college also. barely. was working too many hours part time. </document>
		<document> rt #user#: trump 2020 🇺🇸 #url# </document>
		<document> rt #user#: how many of you think fox news was wrong? #url# </document>
		<document> #user# damn you're persuasion skills. now i have to google it. </document>
		<document> rt #user#: 'pure genocide': over 6,000 nigerian christians slaughtered, mostly women and children #url# </document>
		<document> #user# #user# #user# if she were still alive you mean... </document>
		<document> rt #user#: because nobody could have seen this coming...? ffs!!!! #url# </document>
		<document> rt #user#: work hard find purpose spread love the rest will work itself out </document>
		<document> #user# hell get his. nvixm opens up that door to hollywood </document>
		<document> #user# i heard his name is francis </document>
		<document> #user# you are 100% right mike. i never liked mark cuban. he knows better </document>
		<document> someone wrote "die jew" on an rbg poster. the good news is she won't feel bad since she's been dead for weeks #url# </document>
		<document> and........he's a commie #url# </document>
		<document> #user# the worse their secrets the easier they are to control </document>
		<document> rt #user#: #user# get rid of all these traitors #url# </document>
		<document> rt #user#: don't use his name. don't share his video. don't share his manifesto. remember and pray for the victims. </document>
		<document> rt #user#: i will be dropping big news about mifsud today. </document>
	    
	<document> pete buttigieg in south carolina: america ‘was never as great as advertised’ #url# #hashtag# </document>
		<document> #user# will do. thanks beer! </document>
		<document> #user# thank you for the follow sir! </document>
		<document> #user# how do you overcome fear when being attacked by such evil people on a regular basis? </document>
		<document> #user# hi beer, can you help me out? i've been at 2700 for as long as i can remember </document>
		<document> rt #user#: donald trump jr. calls anti-israel sentiment among democrats "deeply troubling" | daily caller #url# </document>
		<document> #user# geez. is this real? </document>
		<document> #user# #user# got ya 👍 </document>
		<document> rt #user#: this! please retweet &amp; share the truth. hope this never happens to others. #hashtag# #url# </document>
		<document> rt #user#: ilhan omar is a product of koch brothers immigration policy. </document>
		<document> "youtube personality austin jones sentenced to 10 years on child pornography charges" #url# </document>
		<document> rt #user#: you raped a 14 year old girl &amp; got a slap on the wrist for it? wow! he deserves to be in jail! #url# </document>
		<document> rt #user#: this just happened. the president retweeted #user# and #user#. #url# </document>
		<document> these are not men #url# </document>
		<document> rt #user#: "better that we should die on our feet rather than live on our knees". </document>
		<document> rt #user#: "i will declassify soon" - #user# #user# #user# #user# </document>
		<document> rt #user#: i appreciate president trump tweeting about me. hopefully this will speed up executive action on regulating big tech. </document>
		<document> #user# #user# there are very bad people in this world and these days the majority tend to be on the left </document>
		<document> #user# twitter is creating martyrs. in the long run, this is a good thing. </document>
		<document> rt #user#: meanwhile hamas and muslim brotherhood, 2 terrorist orgs still have facebook and twitter. #url# </document>
		<document> #user# you are #hashtag# in my book </document>
		<document> rt #user#: watch for me on #user# podcast on may 5th. a brilliant woman, starting a movement. #url# </document>
		<document> #user# us mail could be compromised. i prefer homing pigeons </document>
		<document> #user# ha ha. accurate. that is how ny beaurocrats think these days... </document>
		<document> rt #user#: this is what happens once you disarm the people. the people of venezuela 🇻🇪 god be with you. #url# </document>
		<document> rt #user#: heinous! this is what socialist disarmament leaders do to people. #url# </document>
		<document> rt #user#: melisandre after the battle ended #hashtag# #hashtag# #url# </document>
		<document> #user# yep. looks like it's been planned for decades </document>
		<document> rt #user#: three socialists walk into a bar and say, "hey, drinks are on you!" #hashtag# #url# </document>
		<document> rt #user#: scotland is 96% white. this is completely normal. #url# </document>
		<document> rt #user#: pope francis is sending $500,000 dollars to help migrants in mexico who are trying to reach the united states. </document>
		<document> #user# you should ignore these trolls. they are scum </document>
		<document> rt #user#: hate hoax: family accused of staging anti-semitic attack on their own restaurant #url# </document>
		<document> rt #user#: meanwhile, in france..... #url# </document>
		<document> #user# i'm sorry for your loss </document>
		<document> rt #user#: thank you to everyone for the beautiful birthday wishes! </document>
		<document> rt #user#: after #user# found #hashtag# (respek) the gig was up. the rest was the biz we call 'show'. </document>
		<document> rt #user#: good. tommy robinson announces candidacy for european parliament ⁦#user#⁩ #url# </document>
		<document> #user# paul krugman is never right about anything so it looks like we are in great shape </document>
		<document> #user# i'd follow you twice if i could </document>
		<document> #user# dont judge me </document>
		<document> #user# working on the lucifer principle now. recommended by some really sharp dude here on twitter </document>
		<document> #user# gorilla mindset. winning bigly pre-suasion the power of now the power of positive thinking </document>
		<document> #user# trust the plan #hashtag# </document>
		<document> #user# #user# #user# do you think the rumors that pence is dirty are true? </document>
		<document> rt #user#: president #user# is working to end human trafficking. #url# #hashtag# #hashtag# </document>
		<document> rothschilds liquidating royal heirlooms in historic auction | zero hedge #url# </document>
		<document> one step closer to bankruptcy #hashtag# #hashtag# #url# </document>
		<document> #user# he's now a weird guy with a weird family </document>
		<document> rt #user#: satan rallying his forces for evil. #url# </document>
		<document> rt #user#: i guarantee that won’t last italian town to cover crosses at cemeteries so as not to offend muslims (video) </document>
		<document> #user# why is the stock going up? makes no sense </document>
		<document> is this article necessary? the problem with san francisco poop maps #url# #hashtag# </document>
		<document> #user# anyway to get a clearer copy </document>
		<document> rt #user#: why isn’t this is a huge story in the u.s.? #url# </document>
		<document> rt #user#: a message to my fellow americans. #url# </document>
		<document> rt #user#: solid point... extremists take note. #url# </document>
		<document> rt #user#: more people are killed for being christian than any other religion. </document>
		<document> #user# #user# and the ny times is owned by the drug cartel </document>
		<document> rt #user#: who says “easter worshippers”? people who don’t want to say “christians,” that’s who. #url# </document>
		<document> rt #user#: i have never heard the term “easter worshipper” until today. </document>
		<document> #user# not since jfk </document>
		<document> rt #user#: by “easter worshippers” she means christians😏 #url# </document>
		<document> #user# hell no. trump republican </document>
		<document> rt #user#: latest: at least 138 dead, hundreds injured as explosions rock churches, hotels on easter sunday in sri </document>
		<document> rt #user#: blood money: how qatar bought off the entire dc establishment #url# </document>
		<document> rt #user#: how much did his parents pay to get him into harvard?? #url# </document>
		<document> #user# yes and of those 3%, i think 1% are straight males </document>
		<document> rt #user#: i just noticed this article 😅 - liberals outraged by bikini photos of pro-trump dilbert creator's girlfriend </document>
		<document> #user# you lucky dog </document>
		<document> #user# #user# i'd care if it was an article about a missing patriot </document>
		<document> rt #user#: woah. jeez. yikes. barf. 🤢🤮 #url# </document>
		<document> rt #user#: generally speaking, would you consider the mainstream media to be pro-war or anti-war? </document>
		<document> #user# she is evil </document>
		<document> rt #user#: when someone shows you who they are, believe them. #url# </document>
		<document> some people did something #user# #url# </document>
		<document> rt #user#: i literally learned this self-defense move at a party last night. (i am completely serious.) #url# </document>
		<document> rt #user#: how is this woman walking the halls of congress. how. #url# </document>
		<document> #user# does this mean he's not running for president anymore? </document>
		<document> #user# by the way, i had to refollow you, twitter is at it again </document>
		<document> #user# agree. this is a rescue mission </document>
		<document> rt #user#: just a bad day for bad guys... #url# </document>
		<document> rt #user#: ted lieu's face while getting owned by candace owens. these guys did not know how to handle it. #url# </document>
		<document> #user# i don't like the way this vote is going. can i vote for bronson again? </document>
		<document> #user# pete buttplug is going to catch on </document>
		<document> rt #user#: a moment of prayer with senior military leadership at the white house🇺🇸 #user# #user# #url# </document>
		<document> the lifelog/facebook conspiracy blog #hashtag# #hashtag# #url# </document>
		<document> he's not sounding too confident these days #url# </document>
		<document> #user# this has happened to me too for a few years now, but i am limited to around 2700 </document>
		<document> #user# same here. you should follow her diet. you'll feel great </document>
		<document> rt #user#: is this verbal black face? #url# </document>
		<document> rt #user#: identity politics don’t work! please stop pandering #user# #url# </document>
		<document> #user# must stupid. ones are the top and evil and intelligent </document>
		<document> rt #user#: we. have. a. winner!!!!!!!!!!! #url# </document>
		<document> #user# i can't stop laughing at this. #hashtag# </document>
		<document> collusion? russians gave $35 million to company with john podesta on board #hashtag# #url# </document>
		<document> rt #user#: the new york public library is brainwashing your kids. #url# #hashtag# #hashtag# #hashtag# #hashtag# </document>
		<document> rt #user#: why are you flying?? stop destroying our world #url# </document>
		<document> donald trump, jr.: ‘it became a business model’ for media outlets to attack the president, push russia collusion #url# </document>
		<document> lindsey graham: ‘every day with president trump is christmas’ #hashtag# #hashtag# #url# </document>
		<document> #user# #user# have you never seen a bernie supporter before? </document>
		<document> rt #user#: i’d love to hear congressman omar or tlaibs response to this video... #url# </document>
		<document> #user# #user# #user# stop cat calling her </document>
		<document> #user# i'm surprised. i heard he likes them much, much younger </document>
		<document> low iq people actually think aoc is brilliant and nothing will ever change their mind... #hashtag# #hashtag# </document>
		<document> #user# - don lemon - joe scarborough - that lady on msnbc that looks like ralph macchio... </document>
		<document> #user# to me, it means a thing on your head that if removed, will get you stoned to death by men </document>
		<document> rt #user#: #user# #user# thank you- i just upped my followers by 100+ tonight! at 207 </document>
		<document> #user# chivalry is not dead </document>
		<document> rt #user#: trump is on fire and unpresidential...and they love it! </document>
		<document> #user# georgia is so lucky </document>
		<document> rt #user#: what country is the biggest threat to america today? </document>
		<document> #user# #user# here is the go fund me link #url# </document>
		<document> #user# #user# if there is any way we can get a collection going, i would love to help spread the word </document>
		<document> #user# obama in the cross hairs #hashtag# </document>
		<document> #user# she has a point. i'm just kidding, i have no idea what she means 🤣 </document>
		<document> #user# #user# what is this crazy puta talking about? </document>
		<document> rt #user#: guess who let #hashtag# off the hook? #url# </document>
		<document> rt #user#: 100% right rand paul: ‘absolutely’ subpoena obama officials on spygate. #url# </document>
		<document> #user# who are you again? </document>
		<document> #user# i think you know #url# </document>
		<document> #user# he needs to eat more fiber </document>
		<document> #user# avenatti dr dre's daughter aoc don lemon </document>
		<document> #user# too. much. winning. </document>
		<document> rt #user#: breaking news #user# claims she found a way to end world hunger #url# </document>
		<document> rt #user#: time to investigate the obama officials who concocted and spread the russian conspiracy hoax! </document>
		<document> #user# you always seem to be years ahead of the news..... </document>
		<document> rt #user#: how many of you are binge-watching cnn and msnbc today just for the comedy? 😂😂😂 </document>
		<document> rt #user#: -mueller report says no collusion -michael avenatti arrested -splc president resigned it's only 1:30 p.m on monday. </document>
		<document> rt #user#: has #user# seen this video? #url# </document>
		<document> rt #user#: can everybody stop calling us russian bots for being hot trump supporters now? #user# #url# </document>
		<document> rt #user#: what prosecutor would charge this as a crime? #url# </document>
		<document> rt #user#: this is the young man who was charged with a crime for stopping a 5 year old from being raped by a 17 year old. </document>
		<document> rt #user#: today is a good day for the good guys. </document>
		<document> rt #user#: can alex jones come back now? </document>
		<document> rt #user#: could not agree more. see you soon. #url# </document>
		<document> rt #user#: “we did not get as much out of the investigation as we putin.” </document>
		<document> #user# these beta males are really tough when they're typing on a computer </document>
		<document> rt #user#: obama is very quiet, wonder why? </document>
		<document> #user# great timing. just posted this. more pictures on the site #url# </document>
		<document> the new york public library is brainwashing your kids. #url# #hashtag# #hashtag# #hashtag# #hashtag# </document>
		<document> the new york public library is brainwashing our children #url# #url# </document>
		<document> #user# the republicans freed their slaves </document>
		<document> #user# #user# what's a "disenfranchised trump voter"? is that a real thing? </document>
		<document> #user# no thanks 😂 </document>
		<document> rt #user#: wonder if the media will report this horrible crime against a campus conservative? #url# </document>
		<document> #user# after donald trump jr's 2nd term i'll vote for you 😉 </document>
		<document> #user# she probably just realized she's the worst journalist of our lifetime 👍 </document>
		<document> rt #user#: i guess #hashtag# was right all along </document>
		<document> rt #user#: which journalist turned conspiracy theorist profited from 'russiagate' the most? </document>
		<document> #user# got you 👍 </document>
		<document> rt #user#: pucker up buttercup #url# </document>
		<document> #user# i've never seen ralph macchio so upset </document>
		<document> #user# this looks like a regular day on the nyc subway to me... </document>
		<document> #user# i do a lot of my kids homework. they are exhausted by the time they get home. i make sure they know the stuff though... </document>
		<document> rt #user#: time to hit back! </document>
		<document> #user# hour to two a day </document>
		<document> rt #user#: abortion is murder not self care! 60% of african american deaths are due to abortion. #url# </document>
		<document> #user# he's a traitor and a mass murderer. besides that, great guy </document>
		<document> #user# #user# so sorry to hear that scott </document>
		<document> rt #user#: this is for all who’ve been exposed to hate... #url# </document>
		<document> rt #user#: quite possibly the most difficult poll in the history of twitter. most detestable? </document>
		<document> #user# #user# #user# for me that's accurate </document>
		<document> #user# he's great. i was wondering why i haven't seen his tweets for a while </document>
		<document> those who are the loudest.... #url# </document>
		<document> #user# staten island, ny 👍 </document>
		<document> false flag to distract the public from what's coming #hashtag# #url# </document>
		<document> rt #user#: this is jaw-dropping. #url# </document>
		<document> rt #user#: great job ⁦#user#⁩ 🇺🇸💪🇺🇸💪🇺🇸 ivanka trump leads new campaign for 'good paying jobs,' fix education </document>
		<document> or e: q is trump? #url# </document>
		<document> illegal immigrant arrested after having sex with cow, say police #url# </document>
		<document> journalist accuses twitter of testing more extreme ‘shadowban’ technique on his account #url# </document>
		<document> rt #user#: don't worry johnny....it's a dry heat! 👎👎 bhahaha! #url# </document>
		<document> #user# #user# #user# mr conway is too ugly for her </document>
		<document> rt #user#: ladies which one do you prefer? #url# </document>
		<document> rt #user#: this is the kind of meme that is alarming, either because it’s so nuts or so true... #url# </document>
		<document> #user# sorry to hear that mike. similar genes in my family </document>
		<document> rt #user#: who did this? 😂 #url# </document>
		<document> rt #user#: worth the watch. #url# </document>
		<document> rt #user#: so precious. the world needs more people like number 50 👏👏 (via: #user#) #url# </document>
		<document> dr phil on the ben shapiro show awkward interview. dr phil seems nervous #hashtag# #url# </document>
		<document> rt #user#: nigerian muslim militants kill 120 christians in three weeks #url# </document>
		<document> #user# hi mike. when are you coming back to nyc </document>
		<document> #user# i got a 2.9 in college also. barely. was working too many hours part time. </document>
		<document> rt #user#: trump 2020 🇺🇸 #url# </document>
		<document> rt #user#: how many of you think fox news was wrong? #url# </document>
		<document> #user# damn you're persuasion skills. now i have to google it. </document>
		<document> rt #user#: 'pure genocide': over 6,000 nigerian christians slaughtered, mostly women and children #url# </document>
		<document> #user# #user# #user# if she were still alive you mean... </document>
		<document> rt #user#: because nobody could have seen this coming...? ffs!!!! #url# </document>
		<document> rt #user#: work hard find purpose spread love the rest will work itself out </document>
		<document> #user# hell get his. nvixm opens up that door to hollywood </document>
		<document> #user# i heard his name is francis </document>
		<document> #user# you are 100% right mike. i never liked mark cuban. he knows better </document>
		<document> someone wrote "die jew" on an rbg poster. the good news is she won't feel bad since she's been dead for weeks #url# </document>
		<document> and........he's a commie #url# </document>
		<document> #user# the worse their secrets the easier they are to control </document>
		<document> rt #user#: #user# get rid of all these traitors #url# </document>
		<document> rt #user#: don't use his name. don't share his video. don't share his manifesto. remember and pray for the victims. </document>
		<document> rt #user#: i will be dropping big news about mifsud today. </document>
	    
	<document> pete buttigieg in south carolina: america ‘was never as great as advertised’ #url# #hashtag# </document>
		<document> #user# will do. thanks beer! </document>
		<document> #user# thank you for the follow sir! </document>
		<document> #user# how do you overcome fear when being attacked by such evil people on a regular basis? </document>
		<document> #user# hi beer, can you help me out? i've been at 2700 for as long as i can remember </document>
		<document> rt #user#: donald trump jr. calls anti-israel sentiment among democrats "deeply troubling" | daily caller #url# </document>
		<document> #user# geez. is this real? </document>
		<document> #user# #user# got ya 👍 </document>
		<document> rt #user#: this! please retweet &amp; share the truth. hope this never happens to others. #hashtag# #url# </document>
		<document> rt #user#: ilhan omar is a product of koch brothers immigration policy. </document>
		<document> "youtube personality austin jones sentenced to 10 years on child pornography charges" #url# </document>
		<document> rt #user#: you raped a 14 year old girl &amp; got a slap on the wrist for it? wow! he deserves to be in jail! #url# </document>
		<document> rt #user#: this just happened. the president retweeted #user# and #user#. #url# </document>
		<document> these are not men #url# </document>
		<document> rt #user#: "better that we should die on our feet rather than live on our knees". </document>
		<document> rt #user#: "i will declassify soon" - #user# #user# #user# #user# </document>
		<document> rt #user#: i appreciate president trump tweeting about me. hopefully this will speed up executive action on regulating big tech. </document>
		<document> #user# #user# there are very bad people in this world and these days the majority tend to be on the left </document>
		<document> #user# twitter is creating martyrs. in the long run, this is a good thing. </document>
		<document> rt #user#: meanwhile hamas and muslim brotherhood, 2 terrorist orgs still have facebook and twitter. #url# </document>
		<document> #user# you are #hashtag# in my book </document>
		<document> rt #user#: watch for me on #user# podcast on may 5th. a brilliant woman, starting a movement. #url# </document>
		<document> #user# us mail could be compromised. i prefer homing pigeons </document>
		<document> #user# ha ha. accurate. that is how ny beaurocrats think these days... </document>
		<document> rt #user#: this is what happens once you disarm the people. the people of venezuela 🇻🇪 god be with you. #url# </document>
		<document> rt #user#: heinous! this is what socialist disarmament leaders do to people. #url# </document>
		<document> rt #user#: melisandre after the battle ended #hashtag# #hashtag# #url# </document>
		<document> #user# yep. looks like it's been planned for decades </document>
		<document> rt #user#: three socialists walk into a bar and say, "hey, drinks are on you!" #hashtag# #url# </document>
		<document> rt #user#: scotland is 96% white. this is completely normal. #url# </document>
		<document> rt #user#: pope francis is sending $500,000 dollars to help migrants in mexico who are trying to reach the united states. </document>
		<document> #user# you should ignore these trolls. they are scum </document>
		<document> rt #user#: hate hoax: family accused of staging anti-semitic attack on their own restaurant #url# </document>
		<document> rt #user#: meanwhile, in france..... #url# </document>
		<document> #user# i'm sorry for your loss </document>
		<document> rt #user#: thank you to everyone for the beautiful birthday wishes! </document>
		<document> rt #user#: after #user# found #hashtag# (respek) the gig was up. the rest was the biz we call 'show'. </document>
		<document> rt #user#: good. tommy robinson announces candidacy for european parliament ⁦#user#⁩ #url# </document>
		<document> #user# paul krugman is never right about anything so it looks like we are in great shape </document>
		<document> #user# i'd follow you twice if i could </document>
		<document> #user# dont judge me </document>
		<document> #user# working on the lucifer principle now. recommended by some really sharp dude here on twitter </document>
		<document> #user# gorilla mindset. winning bigly pre-suasion the power of now the power of positive thinking </document>
		<document> #user# trust the plan #hashtag# </document>
		<document> #user# #user# #user# do you think the rumors that pence is dirty are true? </document>
		<document> rt #user#: president #user# is working to end human trafficking. #url# #hashtag# #hashtag# </document>
		<document> rothschilds liquidating royal heirlooms in historic auction | zero hedge #url# </document>
		<document> one step closer to bankruptcy #hashtag# #hashtag# #url# </document>
		<document> #user# he's now a weird guy with a weird family </document>
		<document> rt #user#: satan rallying his forces for evil. #url# </document>
		<document> rt #user#: i guarantee that won’t last italian town to cover crosses at cemeteries so as not to offend muslims (video) </document>
		<document> #user# why is the stock going up? makes no sense </document>
		<document> is this article necessary? the problem with san francisco poop maps #url# #hashtag# </document>
		<document> #user# anyway to get a clearer copy </document>
		<document> rt #user#: why isn’t this is a huge story in the u.s.? #url# </document>
		<document> rt #user#: a message to my fellow americans. #url# </document>
		<document> rt #user#: solid point... extremists take note. #url# </document>
		<document> rt #user#: more people are killed for being christian than any other religion. </document>
		<document> #user# #user# and the ny times is owned by the drug cartel </document>
		<document> rt #user#: who says “easter worshippers”? people who don’t want to say “christians,” that’s who. #url# </document>
		<document> rt #user#: i have never heard the term “easter worshipper” until today. </document>
		<document> #user# not since jfk </document>
		<document> rt #user#: by “easter worshippers” she means christians😏 #url# </document>
		<document> #user# hell no. trump republican </document>
		<document> rt #user#: latest: at least 138 dead, hundreds injured as explosions rock churches, hotels on easter sunday in sri </document>
		<document> rt #user#: blood money: how qatar bought off the entire dc establishment #url# </document>
		<document> rt #user#: how much did his parents pay to get him into harvard?? #url# </document>
		<document> #user# yes and of those 3%, i think 1% are straight males </document>
		<document> rt #user#: i just noticed this article 😅 - liberals outraged by bikini photos of pro-trump dilbert creator's girlfriend </document>
		<document> #user# you lucky dog </document>
		<document> #user# #user# i'd care if it was an article about a missing patriot </document>
		<document> rt #user#: woah. jeez. yikes. barf. 🤢🤮 #url# </document>
		<document> rt #user#: generally speaking, would you consider the mainstream media to be pro-war or anti-war? </document>
		<document> #user# she is evil </document>
		<document> rt #user#: when someone shows you who they are, believe them. #url# </document>
		<document> some people did something #user# #url# </document>
		<document> rt #user#: i literally learned this self-defense move at a party last night. (i am completely serious.) #url# </document>
		<document> rt #user#: how is this woman walking the halls of congress. how. #url# </document>
		<document> #user# does this mean he's not running for president anymore? </document>
		<document> #user# by the way, i had to refollow you, twitter is at it again </document>
		<document> #user# agree. this is a rescue mission </document>
		<document> rt #user#: just a bad day for bad guys... #url# </document>
		<document> rt #user#: ted lieu's face while getting owned by candace owens. these guys did not know how to handle it. #url# </document>
		<document> #user# i don't like the way this vote is going. can i vote for bronson again? </document>
		<document> #user# pete buttplug is going to catch on </document>
		<document> rt #user#: a moment of prayer with senior military leadership at the white house🇺🇸 #user# #user# #url# </document>
		<document> the lifelog/facebook conspiracy blog #hashtag# #hashtag# #url# </document>
		<document> he's not sounding too confident these days #url# </document>
		<document> #user# this has happened to me too for a few years now, but i am limited to around 2700 </document>
		<document> #user# same here. you should follow her diet. you'll feel great </document>
		<document> rt #user#: is this verbal black face? #url# </document>
		<document> rt #user#: identity politics don’t work! please stop pandering #user# #url# </document>
		<document> #user# must stupid. ones are the top and evil and intelligent </document>
		<document> rt #user#: we. have. a. winner!!!!!!!!!!! #url# </document>
		<document> #user# i can't stop laughing at this. #hashtag# </document>
		<document> collusion? russians gave $35 million to company with john podesta on board #hashtag# #url# </document>
		<document> rt #user#: the new york public library is brainwashing your kids. #url# #hashtag# #hashtag# #hashtag# #hashtag# </document>
		<document> rt #user#: why are you flying?? stop destroying our world #url# </document>
		<document> donald trump, jr.: ‘it became a business model’ for media outlets to attack the president, push russia collusion #url# </document>
		<document> lindsey graham: ‘every day with president trump is christmas’ #hashtag# #hashtag# #url# </document>
		<document> #user# #user# have you never seen a bernie supporter before? </document>
		<document> rt #user#: i’d love to hear congressman omar or tlaibs response to this video... #url# </document>
		<document> #user# #user# #user# stop cat calling her </document>
		<document> #user# i'm surprised. i heard he likes them much, much younger </document>
		<document> low iq people actually think aoc is brilliant and nothing will ever change their mind... #hashtag# #hashtag# </document>
		<document> #user# - don lemon - joe scarborough - that lady on msnbc that looks like ralph macchio... </document>
		<document> #user# to me, it means a thing on your head that if removed, will get you stoned to death by men </document>
		<document> rt #user#: #user# #user# thank you- i just upped my followers by 100+ tonight! at 207 </document>
		<document> #user# chivalry is not dead </document>
		<document> rt #user#: trump is on fire and unpresidential...and they love it! </document>
		<document> #user# georgia is so lucky </document>
		<document> rt #user#: what country is the biggest threat to america today? </document>
		<document> #user# #user# here is the go fund me link #url# </document>
		<document> #user# #user# if there is any way we can get a collection going, i would love to help spread the word </document>
		<document> #user# obama in the cross hairs #hashtag# </document>
		<document> #user# she has a point. i'm just kidding, i have no idea what she means 🤣 </document>
		<document> #user# #user# what is this crazy puta talking about? </document>
		<document> rt #user#: guess who let #hashtag# off the hook? #url# </document>
		<document> rt #user#: 100% right rand paul: ‘absolutely’ subpoena obama officials on spygate. #url# </document>
		<document> #user# who are you again? </document>
		<document> #user# i think you know #url# </document>
		<document> #user# he needs to eat more fiber </document>
		<document> #user# avenatti dr dre's daughter aoc don lemon </document>
		<document> #user# too. much. winning. </document>
		<document> rt #user#: breaking news #user# claims she found a way to end world hunger #url# </document>
		<document> rt #user#: time to investigate the obama officials who concocted and spread the russian conspiracy hoax! </document>
		<document> #user# you always seem to be years ahead of the news..... </document>
		<document> rt #user#: how many of you are binge-watching cnn and msnbc today just for the comedy? 😂😂😂 </document>
		<document> rt #user#: -mueller report says no collusion -michael avenatti arrested -splc president resigned it's only 1:30 p.m on monday. </document>
		<document> rt #user#: has #user# seen this video? #url# </document>
		<document> rt #user#: can everybody stop calling us russian bots for being hot trump supporters now? #user# #url# </document>
		<document> rt #user#: what prosecutor would charge this as a crime? #url# </document>
		<document> rt #user#: this is the young man who was charged with a crime for stopping a 5 year old from being raped by a 17 year old. </document>
		<document> rt #user#: today is a good day for the good guys. </document>
		<document> rt #user#: can alex jones come back now? </document>
		<document> rt #user#: could not agree more. see you soon. #url# </document>
		<document> rt #user#: “we did not get as much out of the investigation as we putin.” </document>
		<document> #user# these beta males are really tough when they're typing on a computer </document>
		<document> rt #user#: obama is very quiet, wonder why? </document>
		<document> #user# great timing. just posted this. more pictures on the site #url# </document>
		<document> the new york public library is brainwashing your kids. #url# #hashtag# #hashtag# #hashtag# #hashtag# </document>
		<document> the new york public library is brainwashing our children #url# #url# </document>
		<document> #user# the republicans freed their slaves </document>
		<document> #user# #user# what's a "disenfranchised trump voter"? is that a real thing? </document>
		<document> #user# no thanks 😂 </document>
		<document> rt #user#: wonder if the media will report this horrible crime against a campus conservative? #url# </document>
		<document> #user# after donald trump jr's 2nd term i'll vote for you 😉 </document>
		<document> #user# she probably just realized she's the worst journalist of our lifetime 👍 </document>
		<document> rt #user#: i guess #hashtag# was right all along </document>
		<document> rt #user#: which journalist turned conspiracy theorist profited from 'russiagate' the most? </document>
		<document> #user# got you 👍 </document>
		<document> rt #user#: pucker up buttercup #url# </document>
		<document> #user# i've never seen ralph macchio so upset </document>
		<document> #user# this looks like a regular day on the nyc subway to me... </document>
		<document> #user# i do a lot of my kids homework. they are exhausted by the time they get home. i make sure they know the stuff though... </document>
		<document> rt #user#: time to hit back! </document>
		<document> #user# hour to two a day </document>
		<document> rt #user#: abortion is murder not self care! 60% of african american deaths are due to abortion. #url# </document>
		<document> #user# he's a traitor and a mass murderer. besides that, great guy </document>
		<document> #user# #user# so sorry to hear that scott </document>
		<document> rt #user#: this is for all who’ve been exposed to hate... #url# </document>
		<document> rt #user#: quite possibly the most difficult poll in the history of twitter. most detestable? </document>
		<document> #user# #user# #user# for me that's accurate </document>
		<document> #user# he's great. i was wondering why i haven't seen his tweets for a while </document>
		<document> those who are the loudest.... #url# </document>
		<document> #user# staten island, ny 👍 </document>
		<document> false flag to distract the public from what's coming #hashtag# #url# </document>
		<document> rt #user#: this is jaw-dropping. #url# </document>
		<document> rt #user#: great job ⁦#user#⁩ 🇺🇸💪🇺🇸💪🇺🇸 ivanka trump leads new campaign for 'good paying jobs,' fix education </document>
		<document> or e: q is trump? #url# </document>
		<document> illegal immigrant arrested after having sex with cow, say police #url# </document>
		<document> journalist accuses twitter of testing more extreme ‘shadowban’ technique on his account #url# </document>
		<document> rt #user#: don't worry johnny....it's a dry heat! 👎👎 bhahaha! #url# </document>
		<document> #user# #user# #user# mr conway is too ugly for her </document>
		<document> rt #user#: ladies which one do you prefer? #url# </document>
		<document> rt #user#: this is the kind of meme that is alarming, either because it’s so nuts or so true... #url# </document>
		<document> #user# sorry to hear that mike. similar genes in my family </document>
		<document> rt #user#: who did this? 😂 #url# </document>
		<document> rt #user#: worth the watch. #url# </document>
		<document> rt #user#: so precious. the world needs more people like number 50 👏👏 (via: #user#) #url# </document>
		<document> dr phil on the ben shapiro show awkward interview. dr phil seems nervous #hashtag# #url# </document>
		<document> rt #user#: nigerian muslim militants kill 120 christians in three weeks #url# </document>
		<document> #user# hi mike. when are you coming back to nyc </document>
		<document> #user# i got a 2.9 in college also. barely. was working too many hours part time. </document>
		<document> rt #user#: trump 2020 🇺🇸 #url# </document>
		<document> rt #user#: how many of you think fox news was wrong? #url# </document>
		<document> #user# damn you're persuasion skills. now i have to google it. </document>
		<document> rt #user#: 'pure genocide': over 6,000 nigerian christians slaughtered, mostly women and children #url# </document>
		<document> #user# #user# #user# if she were still alive you mean... </document>
		<document> rt #user#: because nobody could have seen this coming...? ffs!!!! #url# </document>
		<document> rt #user#: work hard find purpose spread love the rest will work itself out </document>
		<document> #user# hell get his. nvixm opens up that door to hollywood </document>
		<document> #user# i heard his name is francis </document>
		<document> #user# you are 100% right mike. i never liked mark cuban. he knows better </document>
		<document> someone wrote "die jew" on an rbg poster. the good news is she won't feel bad since she's been dead for weeks #url# </document>
		<document> and........he's a commie #url# </document>
		<document> #user# the worse their secrets the easier they are to control </document>
		<document> rt #user#: #user# get rid of all these traitors #url# </document>
		<document> rt #user#: don't use his name. don't share his video. don't share his manifesto. remember and pray for the victims. </document>
		<document> rt #user#: i will be dropping big news about mifsud today. </document>
	    
	<document> pete buttigieg in south carolina: america ‘was never as great as advertised’ #url# #hashtag# </document>
		<document> #user# will do. thanks beer! </document>
		<document> #user# thank you for the follow sir! </document>
		<document> #user# how do you overcome fear when being attacked by such evil people on a regular basis? </document>
		<document> #user# hi beer, can you help me out? i've been at 2700 for as long as i can remember </document>
		<document> rt #user#: donald trump jr. calls anti-israel sentiment among democrats "deeply troubling" | daily caller #url# </document>
		<document> #user# geez. is this real? </document>
		<document> #user# #user# got ya 👍 </document>
		<document> rt #user#: this! please retweet &amp; share the truth. hope this never happens to others. #hashtag# #url# </document>
		<document> rt #user#: ilhan omar is a product of koch brothers immigration policy. </document>
		<document> "youtube personality austin jones sentenced to 10 years on child pornography charges" #url# </document>
		<document> rt #user#: you raped a 14 year old girl &amp; got a slap on the wrist for it? wow! he deserves to be in jail! #url# </document>
		<document> rt #user#: this just happened. the president retweeted #user# and #user#. #url# </document>
		<document> these are not men #url# </document>
		<document> rt #user#: "better that we should die on our feet rather than live on our knees". </document>
		<document> rt #user#: "i will declassify soon" - #user# #user# #user# #user# </document>
		<document> rt #user#: i appreciate president trump tweeting about me. hopefully this will speed up executive action on regulating big tech. </document>
		<document> #user# #user# there are very bad people in this world and these days the majority tend to be on the left </document>
		<document> #user# twitter is creating martyrs. in the long run, this is a good thing. </document>
		<document> rt #user#: meanwhile hamas and muslim brotherhood, 2 terrorist orgs still have facebook and twitter. #url# </document>
		<document> #user# you are #hashtag# in my book </document>
		<document> rt #user#: watch for me on #user# podcast on may 5th. a brilliant woman, starting a movement. #url# </document>
		<document> #user# us mail could be compromised. i prefer homing pigeons </document>
		<document> #user# ha ha. accurate. that is how ny beaurocrats think these days... </document>
		<document> rt #user#: this is what happens once you disarm the people. the people of venezuela 🇻🇪 god be with you. #url# </document>
		<document> rt #user#: heinous! this is what socialist disarmament leaders do to people. #url# </document>
		<document> rt #user#: melisandre after the battle ended #hashtag# #hashtag# #url# </document>
		<document> #user# yep. looks like it's been planned for decades </document>
		<document> rt #user#: three socialists walk into a bar and say, "hey, drinks are on you!" #hashtag# #url# </document>
		<document> rt #user#: scotland is 96% white. this is completely normal. #url# </document>
		<document> rt #user#: pope francis is sending $500,000 dollars to help migrants in mexico who are trying to reach the united states. </document>
		<document> #user# you should ignore these trolls. they are scum </document>
		<document> rt #user#: hate hoax: family accused of staging anti-semitic attack on their own restaurant #url# </document>
		<document> rt #user#: meanwhile, in france..... #url# </document>
		<document> #user# i'm sorry for your loss </document>
		<document> rt #user#: thank you to everyone for the beautiful birthday wishes! </document>
		<document> rt #user#: after #user# found #hashtag# (respek) the gig was up. the rest was the biz we call 'show'. </document>
		<document> rt #user#: good. tommy robinson announces candidacy for european parliament ⁦#user#⁩ #url# </document>
		<document> #user# paul krugman is never right about anything so it looks like we are in great shape </document>
		<document> #user# i'd follow you twice if i could </document>
		<document> #user# dont judge me </document>
		<document> #user# working on the lucifer principle now. recommended by some really sharp dude here on twitter </document>
		<document> #user# gorilla mindset. winning bigly pre-suasion the power of now the power of positive thinking </document>
		<document> #user# trust the plan #hashtag# </document>
		<document> #user# #user# #user# do you think the rumors that pence is dirty are true? </document>
		<document> rt #user#: president #user# is working to end human trafficking. #url# #hashtag# #hashtag# </document>
		<document> rothschilds liquidating royal heirlooms in historic auction | zero hedge #url# </document>
		<document> one step closer to bankruptcy #hashtag# #hashtag# #url# </document>
		<document> #user# he's now a weird guy with a weird family </document>
		<document> rt #user#: satan rallying his forces for evil. #url# </document>
		<document> rt #user#: i guarantee that won’t last italian town to cover crosses at cemeteries so as not to offend muslims (video) </document>
		<document> #user# why is the stock going up? makes no sense </document>
		<document> is this article necessary? the problem with san francisco poop maps #url# #hashtag# </document>
		<document> #user# anyway to get a clearer copy </document>
		<document> rt #user#: why isn’t this is a huge story in the u.s.? #url# </document>
		<document> rt #user#: a message to my fellow americans. #url# </document>
		<document> rt #user#: solid point... extremists take note. #url# </document>
		<document> rt #user#: more people are killed for being christian than any other religion. </document>
		<document> #user# #user# and the ny times is owned by the drug cartel </document>
		<document> rt #user#: who says “easter worshippers”? people who don’t want to say “christians,” that’s who. #url# </document>
		<document> rt #user#: i have never heard the term “easter worshipper” until today. </document>
		<document> #user# not since jfk </document>
		<document> rt #user#: by “easter worshippers” she means christians😏 #url# </document>
		<document> #user# hell no. trump republican </document>
		<document> rt #user#: latest: at least 138 dead, hundreds injured as explosions rock churches, hotels on easter sunday in sri </document>
		<document> rt #user#: blood money: how qatar bought off the entire dc establishment #url# </document>
		<document> rt #user#: how much did his parents pay to get him into harvard?? #url# </document>
		<document> #user# yes and of those 3%, i think 1% are straight males </document>
		<document> rt #user#: i just noticed this article 😅 - liberals outraged by bikini photos of pro-trump dilbert creator's girlfriend </document>
		<document> #user# you lucky dog </document>
		<document> #user# #user# i'd care if it was an article about a missing patriot </document>
		<document> rt #user#: woah. jeez. yikes. barf. 🤢🤮 #url# </document>
		<document> rt #user#: generally speaking, would you consider the mainstream media to be pro-war or anti-war? </document>
		<document> #user# she is evil </document>
		<document> rt #user#: when someone shows you who they are, believe them. #url# </document>
		<document> some people did something #user# #url# </document>
		<document> rt #user#: i literally learned this self-defense move at a party last night. (i am completely serious.) #url# </document>
		<document> rt #user#: how is this woman walking the halls of congress. how. #url# </document>
		<document> #user# does this mean he's not running for president anymore? </document>
		<document> #user# by the way, i had to refollow you, twitter is at it again </document>
		<document> #user# agree. this is a rescue mission </document>
		<document> rt #user#: just a bad day for bad guys... #url# </document>
		<document> rt #user#: ted lieu's face while getting owned by candace owens. these guys did not know how to handle it. #url# </document>
		<document> #user# i don't like the way this vote is going. can i vote for bronson again? </document>
		<document> #user# pete buttplug is going to catch on </document>
		<document> rt #user#: a moment of prayer with senior military leadership at the white house🇺🇸 #user# #user# #url# </document>
		<document> the lifelog/facebook conspiracy blog #hashtag# #hashtag# #url# </document>
		<document> he's not sounding too confident these days #url# </document>
		<document> #user# this has happened to me too for a few years now, but i am limited to around 2700 </document>
		<document> #user# same here. you should follow her diet. you'll feel great </document>
		<document> rt #user#: is this verbal black face? #url# </document>
		<document> rt #user#: identity politics don’t work! please stop pandering #user# #url# </document>
		<document> #user# must stupid. ones are the top and evil and intelligent </document>
		<document> rt #user#: we. have. a. winner!!!!!!!!!!! #url# </document>
		<document> #user# i can't stop laughing at this. #hashtag# </document>
		<document> collusion? russians gave $35 million to company with john podesta on board #hashtag# #url# </document>
		<document> rt #user#: the new york public library is brainwashing your kids. #url# #hashtag# #hashtag# #hashtag# #hashtag# </document>
		<document> rt #user#: why are you flying?? stop destroying our world #url# </document>
		<document> donald trump, jr.: ‘it became a business model’ for media outlets to attack the president, push russia collusion #url# </document>
		<document> lindsey graham: ‘every day with president trump is christmas’ #hashtag# #hashtag# #url# </document>
		<document> #user# #user# have you never seen a bernie supporter before? </document>
		<document> rt #user#: i’d love to hear congressman omar or tlaibs response to this video... #url# </document>
		<document> #user# #user# #user# stop cat calling her </document>
		<document> #user# i'm surprised. i heard he likes them much, much younger </document>
		<document> low iq people actually think aoc is brilliant and nothing will ever change their mind... #hashtag# #hashtag# </document>
		<document> #user# - don lemon - joe scarborough - that lady on msnbc that looks like ralph macchio... </document>
		<document> #user# to me, it means a thing on your head that if removed, will get you stoned to death by men </document>
		<document> rt #user#: #user# #user# thank you- i just upped my followers by 100+ tonight! at 207 </document>
		<document> #user# chivalry is not dead </document>
		<document> rt #user#: trump is on fire and unpresidential...and they love it! </document>
		<document> #user# georgia is so lucky </document>
		<document> rt #user#: what country is the biggest threat to america today? </document>
		<document> #user# #user# here is the go fund me link #url# </document>
		<document> #user# #user# if there is any way we can get a collection going, i would love to help spread the word </document>
		<document> #user# obama in the cross hairs #hashtag# </document>
		<document> #user# she has a point. i'm just kidding, i have no idea what she means 🤣 </document>
		<document> #user# #user# what is this crazy puta talking about? </document>
		<document> rt #user#: guess who let #hashtag# off the hook? #url# </document>
		<document> rt #user#: 100% right rand paul: ‘absolutely’ subpoena obama officials on spygate. #url# </document>
		<document> #user# who are you again? </document>
		<document> #user# i think you know #url# </document>
		<document> #user# he needs to eat more fiber </document>
		<document> #user# avenatti dr dre's daughter aoc don lemon </document>
		<document> #user# too. much. winning. </document>
		<document> rt #user#: breaking news #user# claims she found a way to end world hunger #url# </document>
		<document> rt #user#: time to investigate the obama officials who concocted and spread the russian conspiracy hoax! </document>
		<document> #user# you always seem to be years ahead of the news..... </document>
		<document> rt #user#: how many of you are binge-watching cnn and msnbc today just for the comedy? 😂😂😂 </document>
		<document> rt #user#: -mueller report says no collusion -michael avenatti arrested -splc president resigned it's only 1:30 p.m on monday. </document>
		<document> rt #user#: has #user# seen this video? #url# </document>
		<document> rt #user#: can everybody stop calling us russian bots for being hot trump supporters now? #user# #url# </document>
		<document> rt #user#: what prosecutor would charge this as a crime? #url# </document>
		<document> rt #user#: this is the young man who was charged with a crime for stopping a 5 year old from being raped by a 17 year old. </document>
		<document> rt #user#: today is a good day for the good guys. </document>
		<document> rt #user#: can alex jones come back now? </document>
		<document> rt #user#: could not agree more. see you soon. #url# </document>
		<document> rt #user#: “we did not get as much out of the investigation as we putin.” </document>
		<document> #user# these beta males are really tough when they're typing on a computer </document>
		<document> rt #user#: obama is very quiet, wonder why? </document>
		<document> #user# great timing. just posted this. more pictures on the site #url# </document>
		<document> the new york public library is brainwashing your kids. #url# #hashtag# #hashtag# #hashtag# #hashtag# </document>
		<document> the new york public library is brainwashing our children #url# #url# </document>
		<document> #user# the republicans freed their slaves </document>
		<document> #user# #user# what's a "disenfranchised trump voter"? is that a real thing? </document>
		<document> #user# no thanks 😂 </document>
		<document> rt #user#: wonder if the media will report this horrible crime against a campus conservative? #url# </document>
		<document> #user# after donald trump jr's 2nd term i'll vote for you 😉 </document>
		<document> #user# she probably just realized she's the worst journalist of our lifetime 👍 </document>
		<document> rt #user#: i guess #hashtag# was right all along </document>
		<document> rt #user#: which journalist turned conspiracy theorist profited from 'russiagate' the most? </document>
		<document> #user# got you 👍 </document>
		<document> rt #user#: pucker up buttercup #url# </document>
		<document> #user# i've never seen ralph macchio so upset </document>
		<document> #user# this looks like a regular day on the nyc subway to me... </document>
		<document> #user# i do a lot of my kids homework. they are exhausted by the time they get home. i make sure they know the stuff though... </document>
		<document> rt #user#: time to hit back! </document>
		<document> #user# hour to two a day </document>
		<document> rt #user#: abortion is murder not self care! 60% of african american deaths are due to abortion. #url# </document>
		<document> #user# he's a traitor and a mass murderer. besides that, great guy </document>
		<document> #user# #user# so sorry to hear that scott </document>
		<document> rt #user#: this is for all who’ve been exposed to hate... #url# </document>
		<document> rt #user#: quite possibly the most difficult poll in the history of twitter. most detestable? </document>
		<document> #user# #user# #user# for me that's accurate </document>
		<document> #user# he's great. i was wondering why i haven't seen his tweets for a while </document>
		<document> those who are the loudest.... #url# </document>
		<document> #user# staten island, ny 👍 </document>
		<document> false flag to distract the public from what's coming #hashtag# #url# </document>
		<document> rt #user#: this is jaw-dropping. #url# </document>
		<document> rt #user#: great job ⁦#user#⁩ 🇺🇸💪🇺🇸💪🇺🇸 ivanka trump leads new campaign for 'good paying jobs,' fix education </document>
		<document> or e: q is trump? #url# </document>
		<document> illegal immigrant arrested after having sex with cow, say police #url# </document>
		<document> journalist accuses twitter of testing more extreme ‘shadowban’ technique on his account #url# </document>
		<document> rt #user#: don't worry johnny....it's a dry heat! 👎👎 bhahaha! #url# </document>
		<document> #user# #user# #user# mr conway is too ugly for her </document>
		<document> rt #user#: ladies which one do you prefer? #url# </document>
		<document> rt #user#: this is the kind of meme that is alarming, either because it’s so nuts or so true... #url# </document>
		<document> #user# sorry to hear that mike. similar genes in my family </document>
		<document> rt #user#: who did this? 😂 #url# </document>
		<document> rt #user#: worth the watch. #url# </document>
		<document> rt #user#: so precious. the world needs more people like number 50 👏👏 (via: #user#) #url# </document>
		<document> dr phil on the ben shapiro show awkward interview. dr phil seems nervous #hashtag# #url# </document>
		<document> rt #user#: nigerian muslim militants kill 120 christians in three weeks #url# </document>
		<document> #user# hi mike. when are you coming back to nyc </document>
		<document> #user# i got a 2.9 in college also. barely. was working too many hours part time. </document>
		<document> rt #user#: trump 2020 🇺🇸 #url# </document>
		<document> rt #user#: how many of you think fox news was wrong? #url# </document>
		<document> #user# damn you're persuasion skills. now i have to google it. </document>
		<document> rt #user#: 'pure genocide': over 6,000 nigerian christians slaughtered, mostly women and children #url# </document>
		<document> #user# #user# #user# if she were still alive you mean... </document>
		<document> rt #user#: because nobody could have seen this coming...? ffs!!!! #url# </document>
		<document> rt #user#: work hard find purpose spread love the rest will work itself out </document>
		<document> #user# hell get his. nvixm opens up that door to hollywood </document>
		<document> #user# i heard his name is francis </document>
		<document> #user# you are 100% right mike. i never liked mark cuban. he knows better </document>
		<document> someone wrote "die jew" on an rbg poster. the good news is she won't feel bad since she's been dead for weeks #url# </document>
		<document> and........he's a commie #url# </document>
		<document> #user# the worse their secrets the easier they are to control </document>
		<document> rt #user#: #user# get rid of all these traitors #url# </document>
		<document> rt #user#: don't use his name. don't share his video. don't share his manifesto. remember and pray for the victims. </document>
		<document> rt #user#: i will be dropping big news about mifsud today. </document>
	 