   
	<document> #user# they'll be perfect!!! </document>
		<document> #user# you need this??? </document>
		<document> #user# i want to watch! </document>
		<document> #user# i'd enjoy making it real for you!! 😘 </document>
		<document> #user# your legs will be pulled apart, while you beg. 😘 </document>
		<document> #user# her strap-on is thick and long!! 😘 </document>
		<document> #user# long and hard!! 😘 </document>
		<document> #user# deep and hard! 😘 </document>
		<document> #user# #user# i want to do it to you!! 😘 </document>
		<document> #user# that could be you! 😘 </document>
		<document> #user# very hot!! 😘 </document>
		<document> #user# that could be you!! 😘 </document>
		<document> #user# you'll moan, scream, and cry! 😘 </document>
		<document> #user# deep and hard! 😘 </document>
		<document> #user# i want to do this to you!! 😘 </document>
		<document> #user# whenever you want to be helpless, and used! 😘 </document>
		<document> happy valentine’s day everyone. i hope you all enjoy the day with someone special! we have all day to play! 😘 #url# </document>
		<document> #user# lets make your dream real!!! 😘 </document>
		<document> #user# now i know!!! </document>
		<document> #user# lets do it!! 😘 </document>
		<document> #user# i would enjoy milking your breasts, and after your mouth is filled, you'll drink your milk from the glass! 😘 </document>
		<document> #user# i want to watch! 😘 </document>
		<document> #user# she'll struggle to hold it, while he uses her! </document>
		<document> #user# i want to watch!! 😘 </document>
		<document> #user# i can give this to you, while you're playing with yourself! </document>
		<document> #user# i'll be first in line, after i prepare you to suck and swallow a dozen strangers. </document>
		<document> #user# you need it rough while you're controlled, and forced to open your mouth to suck until you swallow? </document>
		<document> #user# it needs to be pushed in deep, to stretch and fill you, until you're wet and ready for use by your master. </document>
		<document> #user# i want to slide my hand between your legs, while the milking machine is sucking, until you're pleading for an orgasm. </document>
		<document> #user# i want to watch while you do this, then play with after you're milked, and wet! </document>
		<document> #user# lets do it! </document>
		<document> #user# lets do it! 😘 </document>
		<document> #user# i would enjoy punishing you! </document>
		<document> #user# would you enjoy being naked and helpless, and forced to suck and swallow? 😘 </document>
		<document> #user# thank you!! 😘 </document>
		<document> #user# i can help with that! </document>
		<document> #user# i'll give you the dildos and watch! </document>
		<document> #user# i’ll take you out to lunch!! </document>
		<document> #user# i want to watch!! </document>
		<document> #user# my friends will stand in line, watching and waiting to use that ass! </document>
		<document> #user# i like knowing that! which are your favorites? </document>
		<document> #user# 😘 i want to watch! </document>
		<document> #user# #user# you could be her! 😘 </document>
		<document> #user# lets do it! 😘 </document>
		<document> #user# humiliated and used! 😘 </document>
		<document> #user# bound and helpless and screaming for more while you struggle! </document>
		<document> #user# lets do it! </document>
		<document> #user# let’s play out your medical and doctor fantasies! </document>
		<document> #user# lets do it!!! 😃 </document>
		<document> #user# do you anything that needs to be repaired? i’ll be at your house in an hour!!! </document>
		<document> #user# i want to be the buyer! </document>
		<document> #user# i'll take you there!!!! 😃 </document>
		<document> #user# would you like to try? </document>
		<document> #user# i have the white coat, and the latex gloves!! 😃 </document>
		<document> #user# i'll find that special group of guys! 😃 </document>
		<document> #user# lets do it! </document>
		<document> #user# if you need to be punished, we need to talk! </document>
		<document> #user# lets do it! </document>
		<document> #user# ready for use! </document>
		<document> #user# that will silence all of cries! </document>
		<document> #user# they do need to be slapped! </document>
		<document> #user# i want to watch her push that fist deeper into you, while you moan and whimper! </document>
		<document> #user# that's perfect for a slut! </document>
		<document> #user# i would enjoy being behind you! </document>
		<document> #user# i don't have any information about the clip. </document>
		<document> #user# i'm very happy to know that!! 😁 </document>
		<document> #user# i'm very happy to read you enjoy my twisted thoughts. which are your favorite fantasies? </document>
		<document> #user# thank you! 😘 </document>
		<document> #user# i believe i found it on #url# </document>
		<document> #user# in a good way, or bad?? </document>
		<document> #user# #user# i have all of the toys to make you struggle and cum while you’re helpless!! </document>
		<document> #user# after i punish them, i'll lick and suck them, to stop the pain! </document>
		<document> #user# i want to watch you squirm while i whip them! </document>
		<document> #user# let’s do it!! </document>
		<document> #user# would you enjoy? </document>
		<document> #user# and you would cum for hours, and beg for more, when i shut down the machine! 😁 </document>
		<document> #user# me too!!!! 😉 </document>
		<document> #user# i can be there to fuck you hard after you squirt, until you find a boyfriend! </document>
		<document> #user# thank you, its good to back writing again! </document>
		<document> #user# lets do it! i have the plugs! 😉 </document>
		<document> #user# is that a good or bad damn? </document>
		<document> #user# lets do it!! </document>
		<document> #user# you need someone to control you, and tease you, until you're broken and pleading for pleasure! </document>
		<document> #user# let’s do it! </document>
		<document> #user# whenever you're ready to have your breasts sucked! </document>
		<document> #user# let's do it! i want to watch! </document>
		<document> #user# #user# #user# #user# #user# #user# very nice picture! </document>
		<document> #user# we should try it! </document>
		<document> #user# i’ll make you eat it out of her pussy! </document>
		<document> #user# you would be the woman i want to meet!!!! </document>
		<document> #user# #user# the ropes tied around her wrists, and the foot of the bed </document>
		<document> #user# would you like to be in that position, helpless, while a dominant man uses the monster dildo to make you cum? </document>
		<document> #user# i'm very happy you're enjoying my fantasies! </document>
		<document> #user# i only have the clip. i do not have the name of the video </document>
		<document> #user# yes i will, covered with my cum! </document>
		<document> #user# i want to watch, if do make a mess! </document>
		<document> #user# happy birthday, princess. i should write a fantasy for you, so you can celebrate! </document>
		<document> #user# i only have the short clip, and not sure where it came from. </document>
		<document> #user# um, we need to talk!!! </document>
		<document> #user# #user# i like that!!! </document>
		<document> #user# i would enjoy having you helplessin the fantasies i write every day! </document>
		<document> #user# is that good or bad? </document>
		<document> #user# good or bad? </document>
		<document> #user# i want to meet your sister! </document>
		<document> #user# #user# great fantasies ! </document>
		<document> #user# let's make your dream real!!! </document>
		<document> #user# let’s do it!!!! </document>
		<document> #user# no, i want to watch her suffer! </document>
		<document> #user# i’m very happy you enjoy my fantasy! </document>
		<document> #user# let’s do it!! </document>
		<document> #user# let's do it! i have the vibrator to make you moan and squirm in public, each time you cum! </document>
		<document> #user# i dont have the name of the video. i only have the short clip. </document>
		<document> #user# you're such a slut! </document>
		<document> #user# any time you need it, let me know! </document>
		<document> #user# let's do it@ </document>
		<document> #user# i’ll fuck your ass, and use it for my cum dump. then you’ll suck my cock until its clean! </document>
		<document> #user# suck until you swallow!! fuck your face on my cock, slut! </document>
		<document> #user# let’s do it!! </document>
		<document> #user# that's what i want, slave! </document>
		<document> #user# eat the cum while it flows out of her ass! </document>
		<document> #user# i’ll suck and squeeze your breasts to make each other cum. then you’ll lick each other’s pussy to clean up after you cum. </document>
		<document> #user# i’d enjoy watching you on your knees, clean with your fingers and tongue </document>
		<document> #user# that looks perfect!!! </document>
		<document> #user# beautiful spanked ass! </document>
		<document> #user# please write the story and share with me </document>
		<document> #user# i'll clean the mirrors before we begin, so you have a clear view of yourself! </document>
		<document> #user# #user# let's do it! 😉 </document>
		<document> #user# is that good or bad? </document>
		<document> #user# you'll scream and struggle until you cum, and then beg for more! </document>
		<document> #user# while my cum drains from your ass, you’ll finger your pussy, until you cum on your fingers while i watch! </document>
		<document> #user# i’ll give her whatever she needs! </document>
		<document> #user# if you need any help with that, i would enjoy contributing my ideas and collaborating with you!! </document>
		<document> #user# no they don’t! </document>
		<document> #user# yes it should!!! </document>
		<document> #user# and so do the actions to please each other! </document>
		<document> #user# you can ping me anytime, or dm me, for more, whenever you want to play! </document>
		<document> #user# yes you may cum! </document>
		<document> #user# i have some very large anal beads to push up your ass, while i fuck your tight wet pussy with a long hard dildo cock </document>
		<document> #user# luricate both your pussy and ass hole </document>
		<document> #user# i hope your pussy can take more pounding, because my cock will be read after watching you eat cum! </document>
		<document> #user# yes you may! </document>
		<document> #user# and its very erotic for me to watch you watching my cum. my cock will get hard again! </document>
		<document> #user# push a finger up your ass! pump your fingers in your pussy and ass hole. </document>
		<document> #user# yes, use two fingers, or use a dildo to slowly fuck yourself! </document>
		<document> #user# i’ll give you what you need, and a hot of hot white cum pumped deep in your pussy! </document>
		<document> #user# my cock will get longer and harder while i listen to your moans </document>
		<document> #user# that’s what i want you to do, which i squeeze and suck your breasts until you squeal </document>
		<document> #user# i will do that! </document>
		<document> #user# i would enjoy telling you how to play, until you make yourself cum while i watch! would you enjoy having me watch you? </document>
		<document> #user# you only have to cum for me! </document>
		<document> #user# i want to give it all to you, to make you cum! </document>
		<document> #user# i’m looking forward to watching you cum, before i watch you suck my cock and swallow my cum! </document>
		<document> #user# i want to watch as you do! </document>
		<document> #user# i want to watch!!!! </document>
		<document> #user# i do want to watch you cum, and feel you cum on my fingers, while my cock is pushed up your ass </document>
		<document> #user# then you’ll crawl into your dog cage </document>
		<document> #user# open wide and swallow everything i pump in your mouth! </document>
		<document> #user# down on your knees while i crush your breasts with my hands, and pump my cock in your mouth and throat! </document>
		<document> #user# i may need to spank you ass to make you scream louder, so more of the neighbors watch you cum </document>
		<document> #user# i’ll suck your nipples and finger your clit while they watch, until you cum in the window for them </document>
		<document> #user# plugged and stretched until you cum and you walk. then made to stand in a window so the neighbors can see you. </document>
		<document> #user# that’s perfect. you always need to be yourself. you can’t be what other people want you to be, because it won’t last! </document>
		<document> #user# i like that! </document>
		<document> #user# that could be very interesting! </document>
		<document> #user# the slave always sets the limits in the relationship </document>
		<document> #user# i’ll enjoy that even more, than pushing you beyond your limits! </document>
		<document> #user# never! i want to take you to your limits! </document>
		<document> #user# i’ll like that! </document>
		<document> #user# i may lick your clit, while you pump that bottle in your pussy, and the finger in your ass, to make you cum! </document>
		<document> #user# i’m very happy to read that! </document>
		<document> #user# i hope i help you unleash your inner self every day! i want to make you wet and hot, until you need to play! </document>
		<document> #user# i’m very happy that i do!!!! </document>
		<document> #user# absolutely! i want to see the inner slut you struggle to keep hidden from others! </document>
		<document> #user# i want you to be a very bad girl while you play, so i can spank your firm ass, after you cum. </document>
		<document> #user# i want to watch you suck and swallow like a bad girl! </document>
		<document> #user# cum on my cock, my tight whore, while i punish your ass! </document>
		<document> #user# i will do that! </document>
		<document> #user# i’ll pump that warm cum on your face, and listen to you gag while i pump more cum down your throat! </document>
		<document> #user# i’ll spank your fucking ass until you cum, slave! </document>
		<document> #user# #user# enjoy your slave!! </document>
		<document> #user# you you may, before i suck your nipples </document>
		<document> #user# i would enjoy that! </document>
		<document> #user# i'll cum on your face, hair and breasts while you cum on your fingers </document>
		<document> #user# you need to be punished until you cum for me </document>
		<document> #user# then i will need you! </document>
		<document> #user# i wanthg to use your mouth every day until you swallow my load of cum </document>
		<document> #user# i would enjoy watching you play for hours, while you shudder each time you cum. </document>
		<document> #user# that long hard cock pumping in your ass and pussy will make you scream each time you cum! </document>
		<document> #user# i know you will, especially after the teacher makes you cry while she spanks your ass with the ruler! </document>
		<document> #user# um, let's do it! </document>
		<document> #user# would you enjoy being in her place? </document>
		<document> #user# i'll arrange a party for you!!! </document>
		<document> #user# naked, and in tight leather bondage </document>
		<document> #user# i'll arrange the parties every weekend!! </document>
		<document> #user# i like that!!!!! </document>
		<document> #user# yes it was </document>
		<document> #user# me too, my cock pounding deep in your tight ass until you squirt </document>
		<document> #user# bend over and grasp your ankles while i use your tight warm holes for cum dumps! </document>
		<document> #user# you'll scream and cum and beg for more! </document>
		<document> #user# kneel for me with your head down and ass up, so i can use your fuck holes for cum dumps! </document>
	    
	<document> #user# they'll be perfect!!! </document>
		<document> #user# you need this??? </document>
		<document> #user# i want to watch! </document>
		<document> #user# i'd enjoy making it real for you!! 😘 </document>
		<document> #user# your legs will be pulled apart, while you beg. 😘 </document>
		<document> #user# her strap-on is thick and long!! 😘 </document>
		<document> #user# long and hard!! 😘 </document>
		<document> #user# deep and hard! 😘 </document>
		<document> #user# #user# i want to do it to you!! 😘 </document>
		<document> #user# that could be you! 😘 </document>
		<document> #user# very hot!! 😘 </document>
		<document> #user# that could be you!! 😘 </document>
		<document> #user# you'll moan, scream, and cry! 😘 </document>
		<document> #user# deep and hard! 😘 </document>
		<document> #user# i want to do this to you!! 😘 </document>
		<document> #user# whenever you want to be helpless, and used! 😘 </document>
		<document> happy valentine’s day everyone. i hope you all enjoy the day with someone special! we have all day to play! 😘 #url# </document>
		<document> #user# lets make your dream real!!! 😘 </document>
		<document> #user# now i know!!! </document>
		<document> #user# lets do it!! 😘 </document>
		<document> #user# i would enjoy milking your breasts, and after your mouth is filled, you'll drink your milk from the glass! 😘 </document>
		<document> #user# i want to watch! 😘 </document>
		<document> #user# she'll struggle to hold it, while he uses her! </document>
		<document> #user# i want to watch!! 😘 </document>
		<document> #user# i can give this to you, while you're playing with yourself! </document>
		<document> #user# i'll be first in line, after i prepare you to suck and swallow a dozen strangers. </document>
		<document> #user# you need it rough while you're controlled, and forced to open your mouth to suck until you swallow? </document>
		<document> #user# it needs to be pushed in deep, to stretch and fill you, until you're wet and ready for use by your master. </document>
		<document> #user# i want to slide my hand between your legs, while the milking machine is sucking, until you're pleading for an orgasm. </document>
		<document> #user# i want to watch while you do this, then play with after you're milked, and wet! </document>
		<document> #user# lets do it! </document>
		<document> #user# lets do it! 😘 </document>
		<document> #user# i would enjoy punishing you! </document>
		<document> #user# would you enjoy being naked and helpless, and forced to suck and swallow? 😘 </document>
		<document> #user# thank you!! 😘 </document>
		<document> #user# i can help with that! </document>
		<document> #user# i'll give you the dildos and watch! </document>
		<document> #user# i’ll take you out to lunch!! </document>
		<document> #user# i want to watch!! </document>
		<document> #user# my friends will stand in line, watching and waiting to use that ass! </document>
		<document> #user# i like knowing that! which are your favorites? </document>
		<document> #user# 😘 i want to watch! </document>
		<document> #user# #user# you could be her! 😘 </document>
		<document> #user# lets do it! 😘 </document>
		<document> #user# humiliated and used! 😘 </document>
		<document> #user# bound and helpless and screaming for more while you struggle! </document>
		<document> #user# lets do it! </document>
		<document> #user# let’s play out your medical and doctor fantasies! </document>
		<document> #user# lets do it!!! 😃 </document>
		<document> #user# do you anything that needs to be repaired? i’ll be at your house in an hour!!! </document>
		<document> #user# i want to be the buyer! </document>
		<document> #user# i'll take you there!!!! 😃 </document>
		<document> #user# would you like to try? </document>
		<document> #user# i have the white coat, and the latex gloves!! 😃 </document>
		<document> #user# i'll find that special group of guys! 😃 </document>
		<document> #user# lets do it! </document>
		<document> #user# if you need to be punished, we need to talk! </document>
		<document> #user# lets do it! </document>
		<document> #user# ready for use! </document>
		<document> #user# that will silence all of cries! </document>
		<document> #user# they do need to be slapped! </document>
		<document> #user# i want to watch her push that fist deeper into you, while you moan and whimper! </document>
		<document> #user# that's perfect for a slut! </document>
		<document> #user# i would enjoy being behind you! </document>
		<document> #user# i don't have any information about the clip. </document>
		<document> #user# i'm very happy to know that!! 😁 </document>
		<document> #user# i'm very happy to read you enjoy my twisted thoughts. which are your favorite fantasies? </document>
		<document> #user# thank you! 😘 </document>
		<document> #user# i believe i found it on #url# </document>
		<document> #user# in a good way, or bad?? </document>
		<document> #user# #user# i have all of the toys to make you struggle and cum while you’re helpless!! </document>
		<document> #user# after i punish them, i'll lick and suck them, to stop the pain! </document>
		<document> #user# i want to watch you squirm while i whip them! </document>
		<document> #user# let’s do it!! </document>
		<document> #user# would you enjoy? </document>
		<document> #user# and you would cum for hours, and beg for more, when i shut down the machine! 😁 </document>
		<document> #user# me too!!!! 😉 </document>
		<document> #user# i can be there to fuck you hard after you squirt, until you find a boyfriend! </document>
		<document> #user# thank you, its good to back writing again! </document>
		<document> #user# lets do it! i have the plugs! 😉 </document>
		<document> #user# is that a good or bad damn? </document>
		<document> #user# lets do it!! </document>
		<document> #user# you need someone to control you, and tease you, until you're broken and pleading for pleasure! </document>
		<document> #user# let’s do it! </document>
		<document> #user# whenever you're ready to have your breasts sucked! </document>
		<document> #user# let's do it! i want to watch! </document>
		<document> #user# #user# #user# #user# #user# #user# very nice picture! </document>
		<document> #user# we should try it! </document>
		<document> #user# i’ll make you eat it out of her pussy! </document>
		<document> #user# you would be the woman i want to meet!!!! </document>
		<document> #user# #user# the ropes tied around her wrists, and the foot of the bed </document>
		<document> #user# would you like to be in that position, helpless, while a dominant man uses the monster dildo to make you cum? </document>
		<document> #user# i'm very happy you're enjoying my fantasies! </document>
		<document> #user# i only have the clip. i do not have the name of the video </document>
		<document> #user# yes i will, covered with my cum! </document>
		<document> #user# i want to watch, if do make a mess! </document>
		<document> #user# happy birthday, princess. i should write a fantasy for you, so you can celebrate! </document>
		<document> #user# i only have the short clip, and not sure where it came from. </document>
		<document> #user# um, we need to talk!!! </document>
		<document> #user# #user# i like that!!! </document>
		<document> #user# i would enjoy having you helplessin the fantasies i write every day! </document>
		<document> #user# is that good or bad? </document>
		<document> #user# good or bad? </document>
		<document> #user# i want to meet your sister! </document>
		<document> #user# #user# great fantasies ! </document>
		<document> #user# let's make your dream real!!! </document>
		<document> #user# let’s do it!!!! </document>
		<document> #user# no, i want to watch her suffer! </document>
		<document> #user# i’m very happy you enjoy my fantasy! </document>
		<document> #user# let’s do it!! </document>
		<document> #user# let's do it! i have the vibrator to make you moan and squirm in public, each time you cum! </document>
		<document> #user# i dont have the name of the video. i only have the short clip. </document>
		<document> #user# you're such a slut! </document>
		<document> #user# any time you need it, let me know! </document>
		<document> #user# let's do it@ </document>
		<document> #user# i’ll fuck your ass, and use it for my cum dump. then you’ll suck my cock until its clean! </document>
		<document> #user# suck until you swallow!! fuck your face on my cock, slut! </document>
		<document> #user# let’s do it!! </document>
		<document> #user# that's what i want, slave! </document>
		<document> #user# eat the cum while it flows out of her ass! </document>
		<document> #user# i’ll suck and squeeze your breasts to make each other cum. then you’ll lick each other’s pussy to clean up after you cum. </document>
		<document> #user# i’d enjoy watching you on your knees, clean with your fingers and tongue </document>
		<document> #user# that looks perfect!!! </document>
		<document> #user# beautiful spanked ass! </document>
		<document> #user# please write the story and share with me </document>
		<document> #user# i'll clean the mirrors before we begin, so you have a clear view of yourself! </document>
		<document> #user# #user# let's do it! 😉 </document>
		<document> #user# is that good or bad? </document>
		<document> #user# you'll scream and struggle until you cum, and then beg for more! </document>
		<document> #user# while my cum drains from your ass, you’ll finger your pussy, until you cum on your fingers while i watch! </document>
		<document> #user# i’ll give her whatever she needs! </document>
		<document> #user# if you need any help with that, i would enjoy contributing my ideas and collaborating with you!! </document>
		<document> #user# no they don’t! </document>
		<document> #user# yes it should!!! </document>
		<document> #user# and so do the actions to please each other! </document>
		<document> #user# you can ping me anytime, or dm me, for more, whenever you want to play! </document>
		<document> #user# yes you may cum! </document>
		<document> #user# i have some very large anal beads to push up your ass, while i fuck your tight wet pussy with a long hard dildo cock </document>
		<document> #user# luricate both your pussy and ass hole </document>
		<document> #user# i hope your pussy can take more pounding, because my cock will be read after watching you eat cum! </document>
		<document> #user# yes you may! </document>
		<document> #user# and its very erotic for me to watch you watching my cum. my cock will get hard again! </document>
		<document> #user# push a finger up your ass! pump your fingers in your pussy and ass hole. </document>
		<document> #user# yes, use two fingers, or use a dildo to slowly fuck yourself! </document>
		<document> #user# i’ll give you what you need, and a hot of hot white cum pumped deep in your pussy! </document>
		<document> #user# my cock will get longer and harder while i listen to your moans </document>
		<document> #user# that’s what i want you to do, which i squeeze and suck your breasts until you squeal </document>
		<document> #user# i will do that! </document>
		<document> #user# i would enjoy telling you how to play, until you make yourself cum while i watch! would you enjoy having me watch you? </document>
		<document> #user# you only have to cum for me! </document>
		<document> #user# i want to give it all to you, to make you cum! </document>
		<document> #user# i’m looking forward to watching you cum, before i watch you suck my cock and swallow my cum! </document>
		<document> #user# i want to watch as you do! </document>
		<document> #user# i want to watch!!!! </document>
		<document> #user# i do want to watch you cum, and feel you cum on my fingers, while my cock is pushed up your ass </document>
		<document> #user# then you’ll crawl into your dog cage </document>
		<document> #user# open wide and swallow everything i pump in your mouth! </document>
		<document> #user# down on your knees while i crush your breasts with my hands, and pump my cock in your mouth and throat! </document>
		<document> #user# i may need to spank you ass to make you scream louder, so more of the neighbors watch you cum </document>
		<document> #user# i’ll suck your nipples and finger your clit while they watch, until you cum in the window for them </document>
		<document> #user# plugged and stretched until you cum and you walk. then made to stand in a window so the neighbors can see you. </document>
		<document> #user# that’s perfect. you always need to be yourself. you can’t be what other people want you to be, because it won’t last! </document>
		<document> #user# i like that! </document>
		<document> #user# that could be very interesting! </document>
		<document> #user# the slave always sets the limits in the relationship </document>
		<document> #user# i’ll enjoy that even more, than pushing you beyond your limits! </document>
		<document> #user# never! i want to take you to your limits! </document>
		<document> #user# i’ll like that! </document>
		<document> #user# i may lick your clit, while you pump that bottle in your pussy, and the finger in your ass, to make you cum! </document>
		<document> #user# i’m very happy to read that! </document>
		<document> #user# i hope i help you unleash your inner self every day! i want to make you wet and hot, until you need to play! </document>
		<document> #user# i’m very happy that i do!!!! </document>
		<document> #user# absolutely! i want to see the inner slut you struggle to keep hidden from others! </document>
		<document> #user# i want you to be a very bad girl while you play, so i can spank your firm ass, after you cum. </document>
		<document> #user# i want to watch you suck and swallow like a bad girl! </document>
		<document> #user# cum on my cock, my tight whore, while i punish your ass! </document>
		<document> #user# i will do that! </document>
		<document> #user# i’ll pump that warm cum on your face, and listen to you gag while i pump more cum down your throat! </document>
		<document> #user# i’ll spank your fucking ass until you cum, slave! </document>
		<document> #user# #user# enjoy your slave!! </document>
		<document> #user# you you may, before i suck your nipples </document>
		<document> #user# i would enjoy that! </document>
		<document> #user# i'll cum on your face, hair and breasts while you cum on your fingers </document>
		<document> #user# you need to be punished until you cum for me </document>
		<document> #user# then i will need you! </document>
		<document> #user# i wanthg to use your mouth every day until you swallow my load of cum </document>
		<document> #user# i would enjoy watching you play for hours, while you shudder each time you cum. </document>
		<document> #user# that long hard cock pumping in your ass and pussy will make you scream each time you cum! </document>
		<document> #user# i know you will, especially after the teacher makes you cry while she spanks your ass with the ruler! </document>
		<document> #user# um, let's do it! </document>
		<document> #user# would you enjoy being in her place? </document>
		<document> #user# i'll arrange a party for you!!! </document>
		<document> #user# naked, and in tight leather bondage </document>
		<document> #user# i'll arrange the parties every weekend!! </document>
		<document> #user# i like that!!!!! </document>
		<document> #user# yes it was </document>
		<document> #user# me too, my cock pounding deep in your tight ass until you squirt </document>
		<document> #user# bend over and grasp your ankles while i use your tight warm holes for cum dumps! </document>
		<document> #user# you'll scream and cum and beg for more! </document>
		<document> #user# kneel for me with your head down and ass up, so i can use your fuck holes for cum dumps! </document>
	    
	<document> #user# they'll be perfect!!! </document>
		<document> #user# you need this??? </document>
		<document> #user# i want to watch! </document>
		<document> #user# i'd enjoy making it real for you!! 😘 </document>
		<document> #user# your legs will be pulled apart, while you beg. 😘 </document>
		<document> #user# her strap-on is thick and long!! 😘 </document>
		<document> #user# long and hard!! 😘 </document>
		<document> #user# deep and hard! 😘 </document>
		<document> #user# #user# i want to do it to you!! 😘 </document>
		<document> #user# that could be you! 😘 </document>
		<document> #user# very hot!! 😘 </document>
		<document> #user# that could be you!! 😘 </document>
		<document> #user# you'll moan, scream, and cry! 😘 </document>
		<document> #user# deep and hard! 😘 </document>
		<document> #user# i want to do this to you!! 😘 </document>
		<document> #user# whenever you want to be helpless, and used! 😘 </document>
		<document> happy valentine’s day everyone. i hope you all enjoy the day with someone special! we have all day to play! 😘 #url# </document>
		<document> #user# lets make your dream real!!! 😘 </document>
		<document> #user# now i know!!! </document>
		<document> #user# lets do it!! 😘 </document>
		<document> #user# i would enjoy milking your breasts, and after your mouth is filled, you'll drink your milk from the glass! 😘 </document>
		<document> #user# i want to watch! 😘 </document>
		<document> #user# she'll struggle to hold it, while he uses her! </document>
		<document> #user# i want to watch!! 😘 </document>
		<document> #user# i can give this to you, while you're playing with yourself! </document>
		<document> #user# i'll be first in line, after i prepare you to suck and swallow a dozen strangers. </document>
		<document> #user# you need it rough while you're controlled, and forced to open your mouth to suck until you swallow? </document>
		<document> #user# it needs to be pushed in deep, to stretch and fill you, until you're wet and ready for use by your master. </document>
		<document> #user# i want to slide my hand between your legs, while the milking machine is sucking, until you're pleading for an orgasm. </document>
		<document> #user# i want to watch while you do this, then play with after you're milked, and wet! </document>
		<document> #user# lets do it! </document>
		<document> #user# lets do it! 😘 </document>
		<document> #user# i would enjoy punishing you! </document>
		<document> #user# would you enjoy being naked and helpless, and forced to suck and swallow? 😘 </document>
		<document> #user# thank you!! 😘 </document>
		<document> #user# i can help with that! </document>
		<document> #user# i'll give you the dildos and watch! </document>
		<document> #user# i’ll take you out to lunch!! </document>
		<document> #user# i want to watch!! </document>
		<document> #user# my friends will stand in line, watching and waiting to use that ass! </document>
		<document> #user# i like knowing that! which are your favorites? </document>
		<document> #user# 😘 i want to watch! </document>
		<document> #user# #user# you could be her! 😘 </document>
		<document> #user# lets do it! 😘 </document>
		<document> #user# humiliated and used! 😘 </document>
		<document> #user# bound and helpless and screaming for more while you struggle! </document>
		<document> #user# lets do it! </document>
		<document> #user# let’s play out your medical and doctor fantasies! </document>
		<document> #user# lets do it!!! 😃 </document>
		<document> #user# do you anything that needs to be repaired? i’ll be at your house in an hour!!! </document>
		<document> #user# i want to be the buyer! </document>
		<document> #user# i'll take you there!!!! 😃 </document>
		<document> #user# would you like to try? </document>
		<document> #user# i have the white coat, and the latex gloves!! 😃 </document>
		<document> #user# i'll find that special group of guys! 😃 </document>
		<document> #user# lets do it! </document>
		<document> #user# if you need to be punished, we need to talk! </document>
		<document> #user# lets do it! </document>
		<document> #user# ready for use! </document>
		<document> #user# that will silence all of cries! </document>
		<document> #user# they do need to be slapped! </document>
		<document> #user# i want to watch her push that fist deeper into you, while you moan and whimper! </document>
		<document> #user# that's perfect for a slut! </document>
		<document> #user# i would enjoy being behind you! </document>
		<document> #user# i don't have any information about the clip. </document>
		<document> #user# i'm very happy to know that!! 😁 </document>
		<document> #user# i'm very happy to read you enjoy my twisted thoughts. which are your favorite fantasies? </document>
		<document> #user# thank you! 😘 </document>
		<document> #user# i believe i found it on #url# </document>
		<document> #user# in a good way, or bad?? </document>
		<document> #user# #user# i have all of the toys to make you struggle and cum while you’re helpless!! </document>
		<document> #user# after i punish them, i'll lick and suck them, to stop the pain! </document>
		<document> #user# i want to watch you squirm while i whip them! </document>
		<document> #user# let’s do it!! </document>
		<document> #user# would you enjoy? </document>
		<document> #user# and you would cum for hours, and beg for more, when i shut down the machine! 😁 </document>
		<document> #user# me too!!!! 😉 </document>
		<document> #user# i can be there to fuck you hard after you squirt, until you find a boyfriend! </document>
		<document> #user# thank you, its good to back writing again! </document>
		<document> #user# lets do it! i have the plugs! 😉 </document>
		<document> #user# is that a good or bad damn? </document>
		<document> #user# lets do it!! </document>
		<document> #user# you need someone to control you, and tease you, until you're broken and pleading for pleasure! </document>
		<document> #user# let’s do it! </document>
		<document> #user# whenever you're ready to have your breasts sucked! </document>
		<document> #user# let's do it! i want to watch! </document>
		<document> #user# #user# #user# #user# #user# #user# very nice picture! </document>
		<document> #user# we should try it! </document>
		<document> #user# i’ll make you eat it out of her pussy! </document>
		<document> #user# you would be the woman i want to meet!!!! </document>
		<document> #user# #user# the ropes tied around her wrists, and the foot of the bed </document>
		<document> #user# would you like to be in that position, helpless, while a dominant man uses the monster dildo to make you cum? </document>
		<document> #user# i'm very happy you're enjoying my fantasies! </document>
		<document> #user# i only have the clip. i do not have the name of the video </document>
		<document> #user# yes i will, covered with my cum! </document>
		<document> #user# i want to watch, if do make a mess! </document>
		<document> #user# happy birthday, princess. i should write a fantasy for you, so you can celebrate! </document>
		<document> #user# i only have the short clip, and not sure where it came from. </document>
		<document> #user# um, we need to talk!!! </document>
		<document> #user# #user# i like that!!! </document>
		<document> #user# i would enjoy having you helplessin the fantasies i write every day! </document>
		<document> #user# is that good or bad? </document>
		<document> #user# good or bad? </document>
		<document> #user# i want to meet your sister! </document>
		<document> #user# #user# great fantasies ! </document>
		<document> #user# let's make your dream real!!! </document>
		<document> #user# let’s do it!!!! </document>
		<document> #user# no, i want to watch her suffer! </document>
		<document> #user# i’m very happy you enjoy my fantasy! </document>
		<document> #user# let’s do it!! </document>
		<document> #user# let's do it! i have the vibrator to make you moan and squirm in public, each time you cum! </document>
		<document> #user# i dont have the name of the video. i only have the short clip. </document>
		<document> #user# you're such a slut! </document>
		<document> #user# any time you need it, let me know! </document>
		<document> #user# let's do it@ </document>
		<document> #user# i’ll fuck your ass, and use it for my cum dump. then you’ll suck my cock until its clean! </document>
		<document> #user# suck until you swallow!! fuck your face on my cock, slut! </document>
		<document> #user# let’s do it!! </document>
		<document> #user# that's what i want, slave! </document>
		<document> #user# eat the cum while it flows out of her ass! </document>
		<document> #user# i’ll suck and squeeze your breasts to make each other cum. then you’ll lick each other’s pussy to clean up after you cum. </document>
		<document> #user# i’d enjoy watching you on your knees, clean with your fingers and tongue </document>
		<document> #user# that looks perfect!!! </document>
		<document> #user# beautiful spanked ass! </document>
		<document> #user# please write the story and share with me </document>
		<document> #user# i'll clean the mirrors before we begin, so you have a clear view of yourself! </document>
		<document> #user# #user# let's do it! 😉 </document>
		<document> #user# is that good or bad? </document>
		<document> #user# you'll scream and struggle until you cum, and then beg for more! </document>
		<document> #user# while my cum drains from your ass, you’ll finger your pussy, until you cum on your fingers while i watch! </document>
		<document> #user# i’ll give her whatever she needs! </document>
		<document> #user# if you need any help with that, i would enjoy contributing my ideas and collaborating with you!! </document>
		<document> #user# no they don’t! </document>
		<document> #user# yes it should!!! </document>
		<document> #user# and so do the actions to please each other! </document>
		<document> #user# you can ping me anytime, or dm me, for more, whenever you want to play! </document>
		<document> #user# yes you may cum! </document>
		<document> #user# i have some very large anal beads to push up your ass, while i fuck your tight wet pussy with a long hard dildo cock </document>
		<document> #user# luricate both your pussy and ass hole </document>
		<document> #user# i hope your pussy can take more pounding, because my cock will be read after watching you eat cum! </document>
		<document> #user# yes you may! </document>
		<document> #user# and its very erotic for me to watch you watching my cum. my cock will get hard again! </document>
		<document> #user# push a finger up your ass! pump your fingers in your pussy and ass hole. </document>
		<document> #user# yes, use two fingers, or use a dildo to slowly fuck yourself! </document>
		<document> #user# i’ll give you what you need, and a hot of hot white cum pumped deep in your pussy! </document>
		<document> #user# my cock will get longer and harder while i listen to your moans </document>
		<document> #user# that’s what i want you to do, which i squeeze and suck your breasts until you squeal </document>
		<document> #user# i will do that! </document>
		<document> #user# i would enjoy telling you how to play, until you make yourself cum while i watch! would you enjoy having me watch you? </document>
		<document> #user# you only have to cum for me! </document>
		<document> #user# i want to give it all to you, to make you cum! </document>
		<document> #user# i’m looking forward to watching you cum, before i watch you suck my cock and swallow my cum! </document>
		<document> #user# i want to watch as you do! </document>
		<document> #user# i want to watch!!!! </document>
		<document> #user# i do want to watch you cum, and feel you cum on my fingers, while my cock is pushed up your ass </document>
		<document> #user# then you’ll crawl into your dog cage </document>
		<document> #user# open wide and swallow everything i pump in your mouth! </document>
		<document> #user# down on your knees while i crush your breasts with my hands, and pump my cock in your mouth and throat! </document>
		<document> #user# i may need to spank you ass to make you scream louder, so more of the neighbors watch you cum </document>
		<document> #user# i’ll suck your nipples and finger your clit while they watch, until you cum in the window for them </document>
		<document> #user# plugged and stretched until you cum and you walk. then made to stand in a window so the neighbors can see you. </document>
		<document> #user# that’s perfect. you always need to be yourself. you can’t be what other people want you to be, because it won’t last! </document>
		<document> #user# i like that! </document>
		<document> #user# that could be very interesting! </document>
		<document> #user# the slave always sets the limits in the relationship </document>
		<document> #user# i’ll enjoy that even more, than pushing you beyond your limits! </document>
		<document> #user# never! i want to take you to your limits! </document>
		<document> #user# i’ll like that! </document>
		<document> #user# i may lick your clit, while you pump that bottle in your pussy, and the finger in your ass, to make you cum! </document>
		<document> #user# i’m very happy to read that! </document>
		<document> #user# i hope i help you unleash your inner self every day! i want to make you wet and hot, until you need to play! </document>
		<document> #user# i’m very happy that i do!!!! </document>
		<document> #user# absolutely! i want to see the inner slut you struggle to keep hidden from others! </document>
		<document> #user# i want you to be a very bad girl while you play, so i can spank your firm ass, after you cum. </document>
		<document> #user# i want to watch you suck and swallow like a bad girl! </document>
		<document> #user# cum on my cock, my tight whore, while i punish your ass! </document>
		<document> #user# i will do that! </document>
		<document> #user# i’ll pump that warm cum on your face, and listen to you gag while i pump more cum down your throat! </document>
		<document> #user# i’ll spank your fucking ass until you cum, slave! </document>
		<document> #user# #user# enjoy your slave!! </document>
		<document> #user# you you may, before i suck your nipples </document>
		<document> #user# i would enjoy that! </document>
		<document> #user# i'll cum on your face, hair and breasts while you cum on your fingers </document>
		<document> #user# you need to be punished until you cum for me </document>
		<document> #user# then i will need you! </document>
		<document> #user# i wanthg to use your mouth every day until you swallow my load of cum </document>
		<document> #user# i would enjoy watching you play for hours, while you shudder each time you cum. </document>
		<document> #user# that long hard cock pumping in your ass and pussy will make you scream each time you cum! </document>
		<document> #user# i know you will, especially after the teacher makes you cry while she spanks your ass with the ruler! </document>
		<document> #user# um, let's do it! </document>
		<document> #user# would you enjoy being in her place? </document>
		<document> #user# i'll arrange a party for you!!! </document>
		<document> #user# naked, and in tight leather bondage </document>
		<document> #user# i'll arrange the parties every weekend!! </document>
		<document> #user# i like that!!!!! </document>
		<document> #user# yes it was </document>
		<document> #user# me too, my cock pounding deep in your tight ass until you squirt </document>
		<document> #user# bend over and grasp your ankles while i use your tight warm holes for cum dumps! </document>
		<document> #user# you'll scream and cum and beg for more! </document>
		<document> #user# kneel for me with your head down and ass up, so i can use your fuck holes for cum dumps! </document>
	    
	<document> #user# they'll be perfect!!! </document>
		<document> #user# you need this??? </document>
		<document> #user# i want to watch! </document>
		<document> #user# i'd enjoy making it real for you!! 😘 </document>
		<document> #user# your legs will be pulled apart, while you beg. 😘 </document>
		<document> #user# her strap-on is thick and long!! 😘 </document>
		<document> #user# long and hard!! 😘 </document>
		<document> #user# deep and hard! 😘 </document>
		<document> #user# #user# i want to do it to you!! 😘 </document>
		<document> #user# that could be you! 😘 </document>
		<document> #user# very hot!! 😘 </document>
		<document> #user# that could be you!! 😘 </document>
		<document> #user# you'll moan, scream, and cry! 😘 </document>
		<document> #user# deep and hard! 😘 </document>
		<document> #user# i want to do this to you!! 😘 </document>
		<document> #user# whenever you want to be helpless, and used! 😘 </document>
		<document> happy valentine’s day everyone. i hope you all enjoy the day with someone special! we have all day to play! 😘 #url# </document>
		<document> #user# lets make your dream real!!! 😘 </document>
		<document> #user# now i know!!! </document>
		<document> #user# lets do it!! 😘 </document>
		<document> #user# i would enjoy milking your breasts, and after your mouth is filled, you'll drink your milk from the glass! 😘 </document>
		<document> #user# i want to watch! 😘 </document>
		<document> #user# she'll struggle to hold it, while he uses her! </document>
		<document> #user# i want to watch!! 😘 </document>
		<document> #user# i can give this to you, while you're playing with yourself! </document>
		<document> #user# i'll be first in line, after i prepare you to suck and swallow a dozen strangers. </document>
		<document> #user# you need it rough while you're controlled, and forced to open your mouth to suck until you swallow? </document>
		<document> #user# it needs to be pushed in deep, to stretch and fill you, until you're wet and ready for use by your master. </document>
		<document> #user# i want to slide my hand between your legs, while the milking machine is sucking, until you're pleading for an orgasm. </document>
		<document> #user# i want to watch while you do this, then play with after you're milked, and wet! </document>
		<document> #user# lets do it! </document>
		<document> #user# lets do it! 😘 </document>
		<document> #user# i would enjoy punishing you! </document>
		<document> #user# would you enjoy being naked and helpless, and forced to suck and swallow? 😘 </document>
		<document> #user# thank you!! 😘 </document>
		<document> #user# i can help with that! </document>
		<document> #user# i'll give you the dildos and watch! </document>
		<document> #user# i’ll take you out to lunch!! </document>
		<document> #user# i want to watch!! </document>
		<document> #user# my friends will stand in line, watching and waiting to use that ass! </document>
		<document> #user# i like knowing that! which are your favorites? </document>
		<document> #user# 😘 i want to watch! </document>
		<document> #user# #user# you could be her! 😘 </document>
		<document> #user# lets do it! 😘 </document>
		<document> #user# humiliated and used! 😘 </document>
		<document> #user# bound and helpless and screaming for more while you struggle! </document>
		<document> #user# lets do it! </document>
		<document> #user# let’s play out your medical and doctor fantasies! </document>
		<document> #user# lets do it!!! 😃 </document>
		<document> #user# do you anything that needs to be repaired? i’ll be at your house in an hour!!! </document>
		<document> #user# i want to be the buyer! </document>
		<document> #user# i'll take you there!!!! 😃 </document>
		<document> #user# would you like to try? </document>
		<document> #user# i have the white coat, and the latex gloves!! 😃 </document>
		<document> #user# i'll find that special group of guys! 😃 </document>
		<document> #user# lets do it! </document>
		<document> #user# if you need to be punished, we need to talk! </document>
		<document> #user# lets do it! </document>
		<document> #user# ready for use! </document>
		<document> #user# that will silence all of cries! </document>
		<document> #user# they do need to be slapped! </document>
		<document> #user# i want to watch her push that fist deeper into you, while you moan and whimper! </document>
		<document> #user# that's perfect for a slut! </document>
		<document> #user# i would enjoy being behind you! </document>
		<document> #user# i don't have any information about the clip. </document>
		<document> #user# i'm very happy to know that!! 😁 </document>
		<document> #user# i'm very happy to read you enjoy my twisted thoughts. which are your favorite fantasies? </document>
		<document> #user# thank you! 😘 </document>
		<document> #user# i believe i found it on #url# </document>
		<document> #user# in a good way, or bad?? </document>
		<document> #user# #user# i have all of the toys to make you struggle and cum while you’re helpless!! </document>
		<document> #user# after i punish them, i'll lick and suck them, to stop the pain! </document>
		<document> #user# i want to watch you squirm while i whip them! </document>
		<document> #user# let’s do it!! </document>
		<document> #user# would you enjoy? </document>
		<document> #user# and you would cum for hours, and beg for more, when i shut down the machine! 😁 </document>
		<document> #user# me too!!!! 😉 </document>
		<document> #user# i can be there to fuck you hard after you squirt, until you find a boyfriend! </document>
		<document> #user# thank you, its good to back writing again! </document>
		<document> #user# lets do it! i have the plugs! 😉 </document>
		<document> #user# is that a good or bad damn? </document>
		<document> #user# lets do it!! </document>
		<document> #user# you need someone to control you, and tease you, until you're broken and pleading for pleasure! </document>
		<document> #user# let’s do it! </document>
		<document> #user# whenever you're ready to have your breasts sucked! </document>
		<document> #user# let's do it! i want to watch! </document>
		<document> #user# #user# #user# #user# #user# #user# very nice picture! </document>
		<document> #user# we should try it! </document>
		<document> #user# i’ll make you eat it out of her pussy! </document>
		<document> #user# you would be the woman i want to meet!!!! </document>
		<document> #user# #user# the ropes tied around her wrists, and the foot of the bed </document>
		<document> #user# would you like to be in that position, helpless, while a dominant man uses the monster dildo to make you cum? </document>
		<document> #user# i'm very happy you're enjoying my fantasies! </document>
		<document> #user# i only have the clip. i do not have the name of the video </document>
		<document> #user# yes i will, covered with my cum! </document>
		<document> #user# i want to watch, if do make a mess! </document>
		<document> #user# happy birthday, princess. i should write a fantasy for you, so you can celebrate! </document>
		<document> #user# i only have the short clip, and not sure where it came from. </document>
		<document> #user# um, we need to talk!!! </document>
		<document> #user# #user# i like that!!! </document>
		<document> #user# i would enjoy having you helplessin the fantasies i write every day! </document>
		<document> #user# is that good or bad? </document>
		<document> #user# good or bad? </document>
		<document> #user# i want to meet your sister! </document>
		<document> #user# #user# great fantasies ! </document>
		<document> #user# let's make your dream real!!! </document>
		<document> #user# let’s do it!!!! </document>
		<document> #user# no, i want to watch her suffer! </document>
		<document> #user# i’m very happy you enjoy my fantasy! </document>
		<document> #user# let’s do it!! </document>
		<document> #user# let's do it! i have the vibrator to make you moan and squirm in public, each time you cum! </document>
		<document> #user# i dont have the name of the video. i only have the short clip. </document>
		<document> #user# you're such a slut! </document>
		<document> #user# any time you need it, let me know! </document>
		<document> #user# let's do it@ </document>
		<document> #user# i’ll fuck your ass, and use it for my cum dump. then you’ll suck my cock until its clean! </document>
		<document> #user# suck until you swallow!! fuck your face on my cock, slut! </document>
		<document> #user# let’s do it!! </document>
		<document> #user# that's what i want, slave! </document>
		<document> #user# eat the cum while it flows out of her ass! </document>
		<document> #user# i’ll suck and squeeze your breasts to make each other cum. then you’ll lick each other’s pussy to clean up after you cum. </document>
		<document> #user# i’d enjoy watching you on your knees, clean with your fingers and tongue </document>
		<document> #user# that looks perfect!!! </document>
		<document> #user# beautiful spanked ass! </document>
		<document> #user# please write the story and share with me </document>
		<document> #user# i'll clean the mirrors before we begin, so you have a clear view of yourself! </document>
		<document> #user# #user# let's do it! 😉 </document>
		<document> #user# is that good or bad? </document>
		<document> #user# you'll scream and struggle until you cum, and then beg for more! </document>
		<document> #user# while my cum drains from your ass, you’ll finger your pussy, until you cum on your fingers while i watch! </document>
		<document> #user# i’ll give her whatever she needs! </document>
		<document> #user# if you need any help with that, i would enjoy contributing my ideas and collaborating with you!! </document>
		<document> #user# no they don’t! </document>
		<document> #user# yes it should!!! </document>
		<document> #user# and so do the actions to please each other! </document>
		<document> #user# you can ping me anytime, or dm me, for more, whenever you want to play! </document>
		<document> #user# yes you may cum! </document>
		<document> #user# i have some very large anal beads to push up your ass, while i fuck your tight wet pussy with a long hard dildo cock </document>
		<document> #user# luricate both your pussy and ass hole </document>
		<document> #user# i hope your pussy can take more pounding, because my cock will be read after watching you eat cum! </document>
		<document> #user# yes you may! </document>
		<document> #user# and its very erotic for me to watch you watching my cum. my cock will get hard again! </document>
		<document> #user# push a finger up your ass! pump your fingers in your pussy and ass hole. </document>
		<document> #user# yes, use two fingers, or use a dildo to slowly fuck yourself! </document>
		<document> #user# i’ll give you what you need, and a hot of hot white cum pumped deep in your pussy! </document>
		<document> #user# my cock will get longer and harder while i listen to your moans </document>
		<document> #user# that’s what i want you to do, which i squeeze and suck your breasts until you squeal </document>
		<document> #user# i will do that! </document>
		<document> #user# i would enjoy telling you how to play, until you make yourself cum while i watch! would you enjoy having me watch you? </document>
		<document> #user# you only have to cum for me! </document>
		<document> #user# i want to give it all to you, to make you cum! </document>
		<document> #user# i’m looking forward to watching you cum, before i watch you suck my cock and swallow my cum! </document>
		<document> #user# i want to watch as you do! </document>
		<document> #user# i want to watch!!!! </document>
		<document> #user# i do want to watch you cum, and feel you cum on my fingers, while my cock is pushed up your ass </document>
		<document> #user# then you’ll crawl into your dog cage </document>
		<document> #user# open wide and swallow everything i pump in your mouth! </document>
		<document> #user# down on your knees while i crush your breasts with my hands, and pump my cock in your mouth and throat! </document>
		<document> #user# i may need to spank you ass to make you scream louder, so more of the neighbors watch you cum </document>
		<document> #user# i’ll suck your nipples and finger your clit while they watch, until you cum in the window for them </document>
		<document> #user# plugged and stretched until you cum and you walk. then made to stand in a window so the neighbors can see you. </document>
		<document> #user# that’s perfect. you always need to be yourself. you can’t be what other people want you to be, because it won’t last! </document>
		<document> #user# i like that! </document>
		<document> #user# that could be very interesting! </document>
		<document> #user# the slave always sets the limits in the relationship </document>
		<document> #user# i’ll enjoy that even more, than pushing you beyond your limits! </document>
		<document> #user# never! i want to take you to your limits! </document>
		<document> #user# i’ll like that! </document>
		<document> #user# i may lick your clit, while you pump that bottle in your pussy, and the finger in your ass, to make you cum! </document>
		<document> #user# i’m very happy to read that! </document>
		<document> #user# i hope i help you unleash your inner self every day! i want to make you wet and hot, until you need to play! </document>
		<document> #user# i’m very happy that i do!!!! </document>
		<document> #user# absolutely! i want to see the inner slut you struggle to keep hidden from others! </document>
		<document> #user# i want you to be a very bad girl while you play, so i can spank your firm ass, after you cum. </document>
		<document> #user# i want to watch you suck and swallow like a bad girl! </document>
		<document> #user# cum on my cock, my tight whore, while i punish your ass! </document>
		<document> #user# i will do that! </document>
		<document> #user# i’ll pump that warm cum on your face, and listen to you gag while i pump more cum down your throat! </document>
		<document> #user# i’ll spank your fucking ass until you cum, slave! </document>
		<document> #user# #user# enjoy your slave!! </document>
		<document> #user# you you may, before i suck your nipples </document>
		<document> #user# i would enjoy that! </document>
		<document> #user# i'll cum on your face, hair and breasts while you cum on your fingers </document>
		<document> #user# you need to be punished until you cum for me </document>
		<document> #user# then i will need you! </document>
		<document> #user# i wanthg to use your mouth every day until you swallow my load of cum </document>
		<document> #user# i would enjoy watching you play for hours, while you shudder each time you cum. </document>
		<document> #user# that long hard cock pumping in your ass and pussy will make you scream each time you cum! </document>
		<document> #user# i know you will, especially after the teacher makes you cry while she spanks your ass with the ruler! </document>
		<document> #user# um, let's do it! </document>
		<document> #user# would you enjoy being in her place? </document>
		<document> #user# i'll arrange a party for you!!! </document>
		<document> #user# naked, and in tight leather bondage </document>
		<document> #user# i'll arrange the parties every weekend!! </document>
		<document> #user# i like that!!!!! </document>
		<document> #user# yes it was </document>
		<document> #user# me too, my cock pounding deep in your tight ass until you squirt </document>
		<document> #user# bend over and grasp your ankles while i use your tight warm holes for cum dumps! </document>
		<document> #user# you'll scream and cum and beg for more! </document>
		<document> #user# kneel for me with your head down and ass up, so i can use your fuck holes for cum dumps! </document>
	 