
  
    <document> Scientists just discovered that an asteroid may have ended 'Snowball Earth' 2.2 billion years ago… #URL# ></document>
    <document> Yang Says He Would ‘Pardon Trump’… There’s Just One Problem With That #URL# #URL# ></document>
    <document> 10 can't-miss sales to shop this weekend at The North Face, Wayfair, and more #URL# #URL# ></document>
    <document> Rep. Jerry Nadler And Trump’s Attorney, Pat Cipollone, Blast Each Other, Chief Justice Roberts Steps In…… #URL# ></document>
    <document> WATCH: Billionaire Dem 2020 Hopeful Thinks American Farmers Are Brainless Dopes #URL# #URL# ></document>
    <document> Best-dressed at the Grammys 2020: Ariana Grande, Lizzo and Lil Nas X turn heads on the red carpet… #URL# ></document>
    <document> WATCH: Pompous Pelosi’s Impeachment Ceremonies Backfire Badly #URL# #URL# ></document>
    <document> WHO declares coronavirus global emergency; State Department raises travel warning to highest level… #URL# ></document>
    <document> HISTORIC: Trump Gives Rush Limbaugh Medal Of Freedom In Middle Of SOTU Speech #URL# #URL# ></document>
    <document> As Americans sour on milk, could these famous dairy brands disappear from your fridge? #URL# #URL# ></document>
    <document> Sorry, Feminists: Bond Producer Says, ‘He Can Be Of Any Color, But He Is Male’ #URL# #URL# ></document>
    <document> Trump, William Barr and Roger Stone made for a turbulent week at DOJ: Here's what you need to know… #URL# ></document>
    <document> MSNBC’s Joy Reid Says In Trump’s America ‘Nazis Are Walking Around’ And People Are Afraid #URL# #URL# ></document>
    <document> Isn’t It A ‘Climate Crisis’? Liz Warren Hides Behind Staffers After She Steps Out Of A Private Jet (Video)… #URL# ></document>
    <document> FACT CHECK: Looking at Trump's claims in his State of Union address #URL# #URL# ></document>
    <document> Piers Morgan Lambasts ‘Smug, Sanctimonious Schiff’ Over ‘Impeachment Debacle’ #URL# #URL# ></document>
    <document> ‘Pocahontas’ Warren Is TANKING In The Polls, But She Has A Plan For That — Play The Woman Card!… #URL# ></document>
    <document> Oscars 2020: The winners list #URL# #URL# ></document>
    <document> A Glorious Weekend Filming With Fellow Deplorables In California #URL# #URL# ></document>
    <document> NASCAR vs NBA: What The Differences About Their Two Anthems Tell Us About America #URL# #URL# ></document>
    <document> New York Politicians Lied and Their Gun-Control Laws Failed Again #URL# #URL# ></document>
    <document> Ousted Recording Academy CEO alleges sexual harassment, corrupt Grammys voting #URL# #URL# ></document>
    <document> Lev Parnas accuses AG William Barr of conflict of interest, seeks special prosecutor #URL# #URL# ></document>
    <document> Beyoncé's Ivy Park line for adidas selling out online but available in select stores Saturday… #URL# ></document>
    <document> State of the Union: From a snub to a ripped speech to heavy campaign messaging, this was not your typical address… #URL# ></document>
    <document> Americanism: A Genuine Movement #URL# #URL# ></document>
    <document> Why Is Adam Schiff Covering Up Michael Atkinson’s Testimony? #URL# #URL# ></document>
    <document> DOJ Rules That At Least TWO Of The FISA Warrants Were ILLEGALLY Predicated #URL# #URL# ></document>
    <document> Terry Crews apologizes to Gabrielle Union after backlash for 'AGT' comments #URL# #URL# ></document>
    <document> Kansas City Chiefs are early favorites over San Francisco 49ers in Super Bowl LIV #URL# #URL# ></document>
    <document> Ex-priest convicted in Texas beauty queen's murder dies while serving life #URL# #URL# ></document>
    <document> Feds: Alleged leader of al-Qaida terrorist group arrested in Phoenix #URL# #URL# ></document>
    <document> Pro-Abortion Pete Asked By Pro-Life Democrat If Her Views Are Still Acceptable By The Party. Here’s What He Said…… #URL# ></document>
    <document> Oscars: Janelle Monáe, Chris Rock, Steve Martin skewer Academy Awards for lack of diversity #URL# #URL# ></document>
    <document> What current Lakers stars LeBron James and Anthony Davis learned from Kobe Bryant #URL# #URL# ></document>
    <document> ICYMI: Fox Super Bowl Ad Featuring Johnny Cash’s ‘Ragged Old Flag’ Was SPECTACULAR #URL# #URL# ></document>
    <document> Keto diet isn't the answer for weight loss, experts say. Here's what is #URL# #URL# ></document>
    <document> Review: The tear-jerking 'Good Place' series finale stays far away from the Bad Place #URL# #URL# ></document>
    <document> #HASHTAG# trends on Twitter after he walks out over impeachment question #URL# #URL# ></document>
    <document> Proposed rules for Trump's Senate impeachment trial could set up a heated debate on Tuesday #URL# #URL# ></document>
    <document> No, Senator, It Is NOT Congress’s Job To ‘Redistribute Wealth’ #URL# #URL# ></document>
    <document> Lying Billionaires and Gun Control #URL# #URL# ></document>
    <document> Brothers show off basketball skills with trick shots, crazy 3-pointers #URL# #URL# ></document>
    <document> Saudi Arabia: Another Examination #URL# #URL# ></document>
    <document> How Time Spent With Horses Can Be Good For Your Mental Health #URL# #URL# ></document>
    <document> WATCH: Hillary Says That She Has ‘The Urge’ To Take On Trump In 2020 #URL# #URL# ></document>
    <document> Life after basketball: Kobe Bryant's transition to Oscar, Emmy winner and AAU coach #URL# #URL# ></document>
    <document> Not So Broke After All: Hunter Biden Agrees To Temporary Child Settlement With Baby Mama #URL# #URL# ></document>
    <document> Democratic candidates talk pocketbook issues of health care, child care and higher education at Iowa debate… #URL# ></document>
    <document> Democrats Are Pressuring GOP Senators To Call Witnesses Using… Cakes?! #URL# #URL# ></document>
    <document> Media Outraged Over Trump Blasting Generals As ‘Dopes And Babies’ But Silent During Obama’s ‘Purge’… #URL# ></document>
    <document> Twitter Suspends Huge Pro-Trump Account For… Doing What Joe Biden Did At A Rally #URL# #URL# ></document>
    <document> PUSSIFICATION: Skinny Dork Taunts Big Guy… That Was A BAD Idea (Video) #URL# #URL# ></document>
    <document> SAG Awards 2020: Worst-dressed stars, from Renée Zellweger to Elisabeth Moss #URL# #URL# ></document>
    <document> VIDEO: A Black Conservative Pays Tribute to Rush Limbaugh #URL# #URL# ></document>
    <document> WATCH: Ted Cruz Lights Up Reporter For Suggesting His Young Kids Should Be In Prison #URL# #URL# ></document>
    <document> Still Winning: Latest Border Stats Show 8th Straight Month Of Improvement #URL# #URL# ></document>
    <document> Dark Money Group With Ties To AOC To Spend $500K On Ads Attacking Biden And Buttigieg #URL# #URL# ></document>
    <document> 5 things to look for in this year's Super Bowl commercials #URL# #URL# ></document>
    <document> Pigskin Pundit’s Superbowl Pick #URL# #URL# ></document>
    <document> Sparks Fly At Prayer Breakfast As Trump Takes Dead Aim At Pelosi And Romney #URL# #URL# ></document>
    <document> Impeachment Defense: Team Counters Schiff’s Emotions With A Barrage of Facts (Video) #URL# #URL# ></document>
    <document> 'Highly talented': Fake rowing résumé allegedly touts Lori Loughlin's daughter Olivia Jade #URL# #URL# ></document>
    <document> Great-grandmother celebrates 100th birthday with rendition of 'When You're Smiling' #URL# #URL# ></document>
    <document> Democrats Don’t Care About American Lives #URL# #URL# ></document>
    <document> Roger Stone should serve 7 to 9 years in prison for lying to Congress, prosecutors say #URL# #URL# ></document>
    <document> New Trump Art: You Tell ’em I’m Coming And America’s Coming With Me! #URL# #URL# ></document>
    <document> Brutally honest reviews and rankings of every Grammys 2020 performance #URL# #URL# ></document>
    <document> Debunking The 5 Favorite Lies Of The Dems And Their Impeachment Schiff Show #URL# #URL# ></document>
    <document> New Jersey authorities investigating four JV players for allegedly beating up coach after game… #URL# ></document>
    <document> IMPEACHMENT: Mitch McConnel’s Opening Remarks Set The Tone Of What Is To Come #URL# #URL# ></document>
    <document> DISGUSTING: House Democrats Block Vote Supporting Iranian Protesters #URL# #URL# ></document>
    <document> Goodbye Sammy, Our Patriot Greyhound #URL# #URL# ></document>
    <document> The 2010s Were A Decade Of Big Tech Abuses #URL# #URL# ></document>
    <document> Dems Will Dis Trump For His Runaway Spending… Here’s Why They’re Wrong #URL# #URL# ></document>
    <document> NASTY: CDC Names US Cities With Highest STD Rates … Is Yours On The List? #URL# #URL# ></document>
    <document> Review: Will Ferrell, Julia Louis-Dreyfus' 'Downhill' heads in the wrong direction from start… #URL# ></document>
    <document> LGBT: Trump Vs. Preachy Pete … And Potential Foreign Policy Implications #URL# #URL# ></document>
    <document> 49ers run wild on Packers for NFC title, set up Super Bowl matchup with Chiefs #URL# #URL# ></document>
    <document> Hey NEVERTRUMPKINS: DJT Declares Religious Freedom Day 2020 And There’s More #URL# #URL# ></document>
    <document> Formula for the NFL, Politics, Everyday Living: Do the Right Thing Every Time #URL# #URL# ></document>
    <document> Aerosmith drummer Joey Kramer won't be performing with group at the Grammys, judge says #URL# #URL# ></document>
    <document> WATCH: Warren Says Trump’s Judicial Appointments Are Homophobic, Racist, Sexist, And Anti-Voter… #URL# ></document>
    <document> Jesus Empowers People Most Religious Folks Would Pass On #URL# #URL# ></document>
    <document> Husband Claims He Threw $1M Cash In A Bonfire Rather Than Pay His Ex And Kids #URL# #URL# ></document>
    <document> Ilhan Omar Offended By Ted Cruz’s Statement On Faith And Patriotism… Cruz Takes Her To School… #URL# ></document>
    <document> China's coronavirus outbreak has made adopting a child a 'crushing' experience for US families… #URL# ></document>
    <document> Hey Socialists: We Dare You To Watch This “Tear Down This Wall” Speech Writer’s Interview (Video)… #URL# ></document>
    <document> It is All Fake News #URL# #URL# ></document>
    <document> NAVARRO: Trump Gained UNPRECEDENTED Concessions From China In This Trade Deal #URL# #URL# ></document>
    <document> Obnoxious Jerk Harasses Retail Worker … MAGA Twitter Comes To Her Rescue #URL# #URL# ></document>
    <document> Undying love: Years after losing cancer battle, he still gets wife Valentine's Day flowers #URL# #URL# ></document>
    <document> Weddings chain Noah's Event Venue closes abruptly, stranding up to 7,500 brides and grooms #URL# #URL# ></document>
    <document> The Oscars' 10 worst best-picture winners ever, ranked (we're talking about you, 'Crash') #URL# #URL# ></document>
    <document> Controversial Thriller Where Liberal ‘Elites’ Kidnap And Hunt ‘Deplorables’ To Be Released In March… #URL# ></document>
    <document> Watch: This Powerful Trump Superbowl Ad Even Impressed Some Democrats! #URL# #URL# ></document>
    <document> John Kapoor, founder of Insys Therapeutics, sentenced to 66 months in landmark fentanyl bribery case… #URL# ></document>
    <document> Chick Who Invoked Red Flag Law In Colorado Gets Arrested For Perjury #URL# #URL# ></document>
    <document> WHOA! Did CNN’s Alisyn Camerota Just Criticize Adam Schiff On The Air? (VIDEO) #URL# #URL# ></document>
    <document> Google Wants More Government Regulation. Here’s Why. #URL# #URL# ></document>
  
</author>
<Document> Scientists have discovered that an asteroid may have ended "Snowball Earth" 2.2 billion years ago… #URL# ></Document>
    <document> Yang Says "Forgive Trump"...the Only Problem #URL# #URL# ></document>
    <document> 10 Must-Have Shopping Deals This Weekend At The North Face, Wayfair & More #URL# #URL# ></document>
    <document> Congressman Jerry Nadler and Trump Attorney Pat Cipollone Attack Each Other, Supreme Court Chief Justice Roberts Intervenes… #URL# ></document>
    <document> WATCH: Billionaire Dem 2020 Hopeful Thoughts, American Farmers Are Brainless Drugs #URL# #URL# ></document>
    <Documentation> Best Dressed at the Grammy Awards 2020: Ariana Grande, Lizzo, Lil Nas X on the Red Carpet… #URL# ></Documentation>
    <document> See: Arrogant Pelosi's Impeachment Ceremony Backfired Badly #URL# #URL# ></document>
    <Document> WHO declares coronavirus a global emergency. State Department raises travel warning to highest level… #URL# ></document>
    <document> Historical: Trump awarded Rush Limbaugh Medal of Freedom during SOTU speech #URL# #URL# ></document>
    <documentation> Could these famous dairy brands disappear from your fridge like Americans turn their milk sour? #URL# #URL# ></documentation>
    <document> Sorry Feminist: Bond Producer Says 'He Could Be Any Color But He's A Man' #URL# #URL# ></document>
    <document> Trump, William Barr, and Roger Stone had a tumultuous week at DOJ: Here's what you need to know... #URL# ></document>
    <document> MSNBC's Joy Reid says 'Nazis are on the prowl' in Trump's America, people fear #URL# #URL# ></document>
    <document> Isn't the 'climate crisis'? Liz Warren hides behind staff after stepping off private jet (video)… #URL# ></document>
    <document> Fact Check: See Trump's Allegations in the State of the Union Address #URL# #URL# ></document>
    <document> Piers Morgan Lambert 'self-righteous, pious Schiff' over 'impeachment debacle' #URL# #URL# ></document>
    <Document> “Pocahontas” Warren is tanking in the polls, but she has a plan for it — play the women card!… #URL# ></Document>
    <document> Oscars 2020: Winner List #URL# #URL# ></document>
    <document> Fabulous Weekend Shoot with Fellow Sad People in California #URL# #URL# ></document>
    <document> NASCAR vs NBA: What the Two National Anthems Tell Us About America #URL# #URL# ></document>
    <document> New York Politicians Lie, Gun Law Fails Again #URL# #URL# ></document>
    <document> Outcast Recording Academy CEO Alleges Sexual Harassment, Corrupt Grammy Voting #URL# #URL# ></document>
    <document> Lev Parnas accuses AG William Barr of conflict of interest, seeking special counsel #URL# #URL# ></document>
    <document> Beyoncé's Ivy Park line in adidas is sold out online, but available in select stores Saturday... #URL# ></document>
    <Documentation> The State of the Union Address: From cynicism to torn speeches to heavy campaign messages, thisNot your typical address... #URL# ></document>
    <document> Americanism: The True Movement #URL# #URL# ></document>
    <Document> Why Adam Schiff Covered Up Michael Atkinson's Testimony? #URL# #URL# ></Document>
    <document> DOJ rule that at least two of the FISA warrants were illegally predicated #URL# #URL# ></document>
    <document> Terry Crews apologizes to Gabrielle Union after backlash over "AGT" comments #URL# #URL# ></document>
    <document> Kansas City Chiefs are early favorites over San Francisco 49ers in Super Bowl LIV #URL# #URL# ></document>
    <document> Ex-priest convicted of murdering Texas beauty queen dies in prison #URL# #URL# ></document>
    <document> Federal Reserve: Al Qaeda Terrorist Group Suspect Arrested in Phoenix #URL# #URL# ></document>
    <Document> Pete, a pro-abortionist, was asked by a pro-abortion Democrat if his views were acceptable to the party. Here's what he said... #URL# ></document>
    <document> Academy Awards: Janelle Monáe, Chris Rock and Steve Martin Win Academy Awards for Lack of Diversity #URL# #URL# ></document>
    <document> What current Lakers stars LeBron James and Anthony Davis learned from Kobe Bryant #URL# #URL# ></document>
    <document> ICYMI: Fox Super Bowl ad featuring Johnny Cash's 'Ragged Old Flag' was spectacular #URL# #URL# ></document>
    <documentation> The keto diet is not the answer to weight loss, experts say.
    <document> Review: The tearful 'Good Place' series finale is far from Bad Place #URL# #URL# ></document>
    <document> Twitter's #HASHTAG# trend after Trump resigned over impeachment #URL# #URL# ></document>
    <document> Trump's proposed impeachment trial rules in the Senate could spark heated debate on Tuesday #URL# #URL# ></document>
    <document> No, Senator, "Wealth Redistribution" is not the job of Congress #URL# #URL# ></document>
    <document> Lying Billionaires and Gun Control #URL# #URL# ></document>
    <document> Brothers Show Off Basketball Skills With Trick Shots, Crazy 3-Pointers #URL# #URL# ></document>
    <document> Saudi Arabia: Another Exam #URL# #URL# ></document>
    <document> How Time With Horses Benefits Mental Health #URL# #URL# ></document>
    <document> See: Hillary says she has an 'urge' to challenge Trump in 2020 #URL# #URL# ></document>
    <document> Life After Basketball: Kobe Bryant's Transition To The Oscars, Emmy Winner, AAU Coach #URL# #URL# ></document>
    <document> Not so bankrupt after all: Hunter Biden agrees to temporary child settlement with Baby Mama #URL# #URL# ></document>
    <document>Democratic Candidates Discuss Health Care, Parenting, Higher Education Pocket Issues During Iowa Debate… #URL# ></document>
    <Document> Democrats Pressing Republican Senators to Call Witnesses… Cake?! #URL# #URL# ></Document>
    <Document> Media outraged by Trump accusing generals of 'dope and babies' but kept quiet during Obama's 'purge'… #URL# ></document>
    <document> Twitter Suspends Huge Trump Supporter's Account…Doing What Joe Biden Did At Rally #URL# #URL# ></document>
    <document> PUSSIFICATION: Skinny Dork Teases The Big Guy...it Was A Bad Idea (Video) #URL# #URL# ></document>
    <document> SAG Awards 2020: The Worst Dressed Stars, From Renée Zellweger to Elisabeth Moss #URL# #URL# ></document>
    <document> Video: Black conservatives pay tribute to Rush Limbaugh #URL# #URL# ></document>
    <document> WATCH: Ted Cruz slams reporter for suggesting his young children should be in jail #URL# #URL# ></document>
    <document> Still Winning: Latest Border Stats Show 8th Straight Month of Improvement #URL# #URL# ></document>
    <document> Black money group linked to AOC spends $500,000 on ads attacking Biden and Buttigieg #URL# #URL# ></document>
    <document> 5 things to look out for in this year's Super Bowl commercials #URL# #URL# ></document>
    <document> Pigskin Pundit's Super Bowl Picks #URL# #URL# ></document>
    <document> Prayer breakfast sparks fire as Trump targets Pelosi and Romney #URL# #URL# ></document>
    <document> Impeachment Defense: Team Counters Schiff's Emotions with Barrage of Facts (Video) #URL# #URL# ></document>
    <document> "Very Talented": Fake Rowing Resume Suspected Promoting Lori Loughlin's Daughter Olivia Jade #URL# #URL# ></document>
    <document> Celebrate your 100th birthday and play 'When You're Smiling' #URL# #URL# ></document>
    <document> Democrats Don't Care About American Lives #URL# #URL# ></document>
    <document> Roger Stone should serve 7-9 years in prison for lying to Congress, prosecutors say #URL# #URL# ></document>
    <Document> New Trump Art: You Tell America Come With Me When I Come! #URL# #URL# ></Document>
    <document> Candid Reviews and Rankings of Every Performance at the 2020 Grammy Awards #URL# #URL# ></document>
    <document> Debunking the Democrats' 5 Favorite Lies and Their Impeachment Schiff Show #URL# #URL# ></document>
    <Document> New Jersey Authorities Are Investigating Four JV Players For Allegedly Punching Coach After Game… #URL# ></Document>
    <document> Impeachment: Mitch McConnel's Opening Remarks Set Direction #URL# #URL# ></document>
    <document> Offensive: House Democrats Block Vote in Support of Iran Protesters #URL# #URL# ></document>
    <document>Goodbye Sammy Patriot Greyhound #URL# #URL# ></document>
    <document> The 2010s Are a Decade of Massive Technology Abuse #URL# #URL# ></document>
    <document> Democrats Will Disown Trump For His Runaway Spending…Here's Why They're Wrong #URL# #URL# ></document>
    <document> NASTY: CDC Names U.S. Cities With Highest Rate Of STDs…Is Your City On The List? #URL# #URL# ></document>
    <document> Review: Will Ferrell, Julia Louis-Dreyfus's "Downhill" Goes Wrong From The Beginning... #URL# ></document>
    <Document> LGBT: Trump vs. Preaching Pete…and Potential Foreign Policy Implicationsons #URL# #URL# ></document>
    <document> 49ers rampage against Packers for his NFC title, setting Super Bowl matchup against Chiefs #URL##URL#> </document>
    <document> Hey NEVERTRUMPKINS: DJT Declares Religious Freedom Day 2020, And More #URL# #URL# ></document>
    <document> The Formulas of NFL, Politics, and Everyday Life: Doing the Right Thing Every Time #URL# #URL# ></document>
    <document> Aerosmith drummer Joey Kramer won't perform with group at Grammys, judge says #URL# #URL# ></document>
    <document> See: Warren says Trump judge appointments are homophobic, racist, sexist and anti-vote… #URL# ></document>
    <document> Jesus Empowers People Most Religious People Tell #URL# #URL# ></document>
    <document> Husband claims he threw $1 million in cash in bonfire instead of paying ex-boyfriend and kids #URL# #URL# ></document>
    <document> Ilhan Omar is offended by Ted Cruz's statements about faith and patriotism... Cruz takes her to school... #URL# ></document>
    <document> China's coronavirus outbreak has made adoption a 'devastating' experience for US families... #URL# ></document>
    <document> Dear Socialists: Check out this interview (video) with the 'tear down the wall' speechwriter... #URL# ></document>
    <document> All fake news #URL# #URL# ></document>
    <document> Navarro: Trump Gets Unprecedented Concessions From China In This Trade Deal #URL# #URL# ></document>
    <document> Obnoxious jerk harasses retail employee… MAGA Twitter comes to her rescue #URL# #URL# ></document>
    <document> Undying Love: Still Giving My Wife Flowers on Valentine's Day, Years After a Lost Battle with Cancer #URL# #URL# ></document>
    <document> Wedding chain Noah's Event Venue shuts down unexpectedly, leaving up to 7,500 brides and grooms stranded #URL# #URL# ></document>
    <document> Ranking the 10 Worst Picture Oscar Winners (I mean 'Crash') #URL# #URL# ></document>
    <document> Controversial thriller about liberal 'elite' kidnapping and hunting 'deplorable' set for release in March… #URL# ></document>
    <Document> See: This Powerful Trump Super Bowl Ad Impressed Even Some Democrats! #URL# #URL# ></Document>
    <document> Insys Therapeutics Founder John Kapoor Sentenced to 66 Months in Landmark Fentanyl Bribery Case… #URL# ></document>
    <document> Chick Who Triggered Red Flag Law In Colorado Arrested For Perjury #URL# #URL# ></document>
    <Document> Whoa! Did CNN's Alisyn Camerota Just Criticize Adam Schiff On Air? (Video) #URL# #URL# ></document>
    <Documentation> Google wants more government regulation. This is why. #URL# #URL# ></Document>
  
</author>