
  
    <document> Anna Kournikova And Enrique Iglesias Welcome Baby Girl – See The First Photos  #HASHTAG# #HASHTAG#  #URL# ></document>
    <document> #USER# #USER# Good Morning! Your chance to see #USER# and win an amazing #HASHTAG# Prize Pack comin… #URL# ></document>
    <document> Happy #HASHTAG# ! #USER# #USER#  ** Extreme Cold Warning  Today: Sunny. High -8 (feeling like -30 thi… #URL# ></document>
    <document> RT #USER#: Today marks my one year anniversary on #HASHTAG#! 🎉 I never expected to be here, but I’m so happy I am. Thank you for a… ></document>
    <document> RT #USER#: Happy Birthday to one of the nicest guys you'll ever meet ... my good buddy ... #USER#!!! Wooooo!!! #URL#… ></document>
    <document> RT #USER#: #USER#  #USER# #USER#  HAPPY BIRTHDAY TONY!!!!!!!!!!!!! Also the guy at work Kevin's birthday too.... He's… ></document>
    <document> RT #USER#: #USER# #USER# #USER# #USER# Keeping me warm while doing my deliveries! ></document>
    <document> . #USER# is here with an all WAYBACK edition of the #HASHTAG#! Turn. It. UP!   #USER# #USER# #HASHTAG# ></document>
    <document> .#USER# &amp; #USER# are taking you home with the #HASHTAG#! Powered by #USER# &amp;… #URL# ></document>
    <document> See you TONIGHT at #USER# with #USER# for #HASHTAG# inside the newly renovated room PRIVILE… #URL# ></document>
    <document> .#USER#: You gonna check this out??  #URL# ></document>
    <document> RT #USER#: #USER# #USER# #USER# Happy Birthday! ></document>
    <document> RT #USER#: HAPPY BIRTHDAY TONY!!! Wishing you all the best today and always!!! Have an amazing day my friend!!! #USER# 🎉🎂💯☺️… ></document>
    <document> .#USER# #USER# Loooookout for #HASHTAG# producer #USER# cruising along the 401 Eastbound at some p… #URL# ></document>
    <document> #USER# #USER# #HASHTAG# now playing inside the #HASHTAG# #USER# Listen live at #URL# ></document>
    <document> [Watch] The Ragtime Gals: Thong Song With #USER#  #HASHTAG# #HASHTAG#  #URL# ></document>
    <document> .#USER# is coming to the #USER# for his 'One Lisn World Tour' on May 11th &amp; 12th...  both shows are SOLD… #URL# ></document>
    <document> Listen to Z103.5 Mornings with #USER# &amp; #USER# &amp; afternoons with #USER# all week to win tickets to s… #URL# ></document>
    <document> RT #USER#: #USER# #USER# #USER# #USER# Happy Birthday Tony. Cheers to all the best ></document>
    <document> RT #USER#: #USER# happy bday #HASHTAG# #HASHTAG# ></document>
    <document> RT #USER#: Tomorrow on #HASHTAG#, we’re playing your #HASHTAG# requests! All. Morning. Long. ❤️🔥😍#USER# #USER# ht… ></document>
    <document> RT #USER#: #USER# #USER# #USER# #USER# Omg so many waybacks I loved it. Danced and sang #URL# ></document>
    <document> NEW #USER# #HASHTAG# #HASHTAG# ... You digging it?  #USER# #USER# #HASHTAG# ></document>
    <document> RT #USER#: Happy Birthday #USER# 🎈🎁🎉❤🤗 have a fabulous day. ❤🎈🎁🎉🤗 ></document>
    <document> RT #USER#: Buon compleanno Tony #USER# tanti auguri #HASHTAG# salute 🍷🍸🍹 can I get a EUROOOOOOOOOOOOO WOO #URL#… ></document>
    <document> RT #USER#: Happy Birthday #USER# #HASHTAG#  Wooooo 🎂🎁🎂🎁 ></document>
    <document> Happy #HASHTAG#! #USER# &amp; #USER# are taking you WAY BACK powered by #USER#!  Listen Li… #URL# ></document>
    <document> RT #USER#: #USER# #USER# Buon Compleanno.🍺 ></document>
    <document> RT #USER#: Happy #HASHTAG# from me ... and Michael Bolton. XO #URL# ></document>
    <document> RT #USER#: #USER# #USER# Happy birthday tony ></document>
    <document> RT #USER#: #USER# happy birthday tony many more to come enjoy your day 😘🤗 ></document>
    <document> #USER# #USER# The M&amp;M'S Chocolate Bar is now available in dark just in time for #HASHTAG#! Mmmmm!!!!!… #URL# ></document>
    <document> It's a good morning to join Z1035 Mornings with #USER# &amp; #USER# powered by #URL#!  Liste… #URL# ></document>
    <document> An #HASHTAG# Sequel Is In The Works  #HASHTAG# #HASHTAG# #URL# ></document>
    <document> .#USER#: What do you think of #USER#'s new album #HASHTAG#??🔥🔥 Fave song??  #URL# ></document>
    <document> RT #USER#: #USER# #USER# Tony I’ve loved you since the first time I heard you on the radio which I think must have an ea… ></document>
    <document> RT #USER#: #USER# #USER# Happy birthday to the coolest guy on radio! Love from Calgary! 😘😍🤗 ></document>
    <document> RT #USER#: Listen Thursday to WIN #HASHTAG# Prize Pack including TIX to see #USER# live at Scotiabank Arena Friday plus 1 ni… ></document>
    <document> RT #USER#: #USER# #USER# Happy birthday to the legendary one that gets the job done! ></document>
    <document> #USER# #HASHTAG# Wicked #HASHTAG# for my birthday in full effect right now #USER# with my bu… #URL# ></document>
    <document> We're about to spoil you for Valentine's Day...🥰🥰  We want to send you to see  #USER#  on Friday!😍😍  &amp; that's… #URL# ></document>
    <document> .#USER#: Sophie Turner &amp; Joe Jonas Are Expecting Their First Child! #URL# ></document>
    <document> RT #USER#: BIG TUNE! #HASHTAG# in 1999 on our year end #HASHTAG# countdown now playing! #HASHTAG# #HASHTAG#. YOU just might hear #USER# singing… ></document>
    <document> RT #USER#: #USER# #USER# #USER# Happy birthday to us tony. I'm celebrating with you ></document>
    <document> .#USER#: [Video] Check Out The Music Video For "My Oh My" #URL# ></document>
    <document> RT #USER#: #USER# HAPPY BIRTHDAY SWEETIE!!!! Hope you have a fantabulous one!! Xoxo ></document>
    <document> .#USER#: Looks like she's dating again!  #URL# ></document>
    <document> RT #USER#: #USER# happy birthday my friend !!! ></document>
    <document> Hilary Duff Teams Up With Husband Matthew Koma On Her First Song In Five Years  #HASHTAG# #HASHTAG#  #URL# ></document>
    <document> #USER# #USER# #HASHTAG# #USER# hosts the 2020 #HASHTAG# in March and he wants to ge… #URL# ></document>
    <document> RT #USER#: #USER# #USER# Happy Birthday to the one &amp; only Monaco man 😊🎉🎊👌🏼🙌🏼Wishing you all the best, along with plent… ></document>
    <document> RT #USER#: #USER# #USER# Habby Birthday Tony. A Habs W against the Booins tonight would cap off your special day #HASHTAG# ></document>
    <document> . #USER#: It's February 12 ... #USER#'s birthday! Happy Birthday TONY!  Today: Mix of sun and cloud. High… #URL# ></document>
    <document> IN LESS THAN 24 HOURS...  WE ARE GIVING YOU THE BIGGEST VALENTINE'S DAY PRIZE IN THE CITY...🥰🥰  We want to send you… #URL# ></document>
    <document> Good morning!  #USER# #USER#  Today: Periods of snow: 2 cm.  High 1, falling to -5 this afternoon. Tonight… #URL# ></document>
    <document> RT #USER#: Happy birthday #USER# and happy #HASHTAG# to you and #USER# as well! #USER# ></document>
    <document> #USER# #HASHTAG# now playing! #HASHTAG# #USER# #USER# #HASHTAG# ></document>
    <document> .#USER# - one of the BIGGEST EDM &amp; dubstep acts in the world is coming to Toronto including a BRAND NEW audiovis… #URL# ></document>
    <document> TOMORROW WE ARE GIVING YOU THE BIGGEST VALENTINE'S DAY PRIZE IN THE CITY...🥰🥰  We want to send you to see… #URL# ></document>
    <document> Join #USER# at #USER# on Thursday for #HASHTAG# from 8pm-12am! See you there!🥂 #URL# ></document>
    <document> -20 right now and feeling like -29 but The #HASHTAG# with #USER# is on your radio and heating up #HASHTAG# with… #URL# ></document>
    <document> The Weeknd Announces Title Of New Album  #HASHTAG# #HASHTAG# #URL# ></document>
    <document> ALL DAY TODAY...  WE ARE GIVING YOU THE BIGGEST VALENTINE'S DAY PRIZE IN THE CITY...🥰🥰  We want to send you to see… #URL# ></document>
    <document> RT #USER#: #USER# #USER# #USER# Happy Birthday Tony! 🎉🎂 ></document>
    <document> [Video] Robert Pattinson’s #HASHTAG# Camera Test  #HASHTAG# #HASHTAG#  #URL# ></document>
    <document> RT #USER#: #USER# To one of our fav dj's Tony Happy Birthday Have a great day. Enjoy 🥳🎂🎉🎈🎈 ></document>
    <document> RT #USER#: #USER# #USER# #USER# Thank you. Love you guys in the morning 😀 ></document>
    <document> RT #USER#: #USER# #USER# Happy Birthday Tony#USER# ></document>
    <document> RT #USER#: Happy Birthday to a great friend and legend #USER# ></document>
    <document> RT #USER#: Happy Birthday 🎂 to the best radio personality #USER# have a good one! #HASHTAG# ></document>
    <document> .#USER#: So here for this!😍🔥  #URL# ></document>
    <document> RT #USER#: Happy birthday #HASHTAG#  #HASHTAG# #HASHTAG#  #USER# ></document>
    <document> #USER# We just did. More this afternoon. Good luck! ></document>
    <document> .#USER#: Damn😳😳 Would you do this??  #URL# ></document>
    <document> RT #USER#: Happy Birthday 🥳 #USER# all the best !!! 🎉🥳🎂🥂💙 ></document>
    <document> .#USER#: #USER# is opening up about that song...  #URL# ></document>
    <document> RT #USER#: #HASHTAG# #HASHTAG# now playing! #HASHTAG# #USER# #HASHTAG# #USER# ></document>
    <document> Listen to #USER# between 4-5pm TODAY to win THE BIGGEST VALENTINE'S DAY GRAND PRIZE PACKAGE IN THE CITY!😍😍  T… #URL# ></document>
    <document> ALL DAY TODAY...  WE ARE GIVING YOU THE BIGGEST VALENTINE'S DAY PRIZE IN THE CITY...🥰🥰  We want to send you to see… #URL# ></document>
    <document> RT #USER#: OMG! Are you listening? What a #HASHTAG# on my birthday! #USER# ></document>
    <document> Billie Eilish's #HASHTAG# theme song will be out tonight at 7 ET.  #HASHTAG# #HASHTAG# ></document>
    <document> RT #USER#: #USER# happy birthday Monaco man #HASHTAG# ></document>
    <document> RT #USER#: #USER# #USER# Happy Birthday Tony🎂🎉🥳many more Amazing Ones 💙😘 ></document>
    <document> RT #USER#: #USER# happy birthday to the Best In The World . #URL# ></document>
    <document> RT #USER#: #USER# #USER# Happy Birthday, #USER# ! ></document>
    <document> RT #USER#: #USER# happy birthday to such a wonderful guy and best radio dj host. Enjoy your special day #URL# ></document>
    <document> RT #USER#: HammeR’s #HASHTAG#: “Set goals. Stay quiet about them. Smash the crap out of them. Clap for your self. Repeat. Compet… ></document>
    <document> #USER# #USER# Happy #HASHTAG#! Feel the love! ❤️ Request your fav love song or a track with the word… #URL# ></document>
    <document> .#USER#: Taking your requests for Valentines Day all day today! Call or text 416-798-1035 or tweet me #URL# ></document>
    <document> .#USER#: Kobe Bryant and Gianna Bryant Have Been Laid To Rest #URL# ></document>
    <document> See you this Sunday for LADIES LOVE THE 80’S featuring JOEE LIVE!🎉🎉 Ft. #USER# playing 80’s, 90’s &amp; today's party… #URL# ></document>
    <document> RT #USER#: #USER# #USER# Happy Birthday Tony!! ></document>
    <document> RT #USER#: Happy birthday to The Man, The Icon,  The Legend, #USER#   Happy birthday bro.  🍻 ></document>
    <document> RT #USER#: #USER# #USER# Happy Birthday Tony!!! We all love you!!! ></document>
    <document> See you TOMORROW NIGHT at #USER# with #USER# for #HASHTAG# inside the newly renovated room… #URL# ></document>
    <document> Join #USER# this Saturday for his BIRTHDAY BASH happening at #USER# on Saturday!🎉💃 Dirty Martini Oakvi… #URL# ></document>
    <document> RT #USER#: HammeR’s #HASHTAG#: “It’s better to look back on life &amp; say, “I can’t believe I did that, than to look back &amp; say, “I… ></document>
    <document> RT #USER#: #USER#  👏👏👏 Friday used to be my favorite day but I think it's now the Wednesday morning drive with Z103.5 ></document>
    <document> RT #USER#: Happy Birthday #USER# #URL# ></document>
    <document> .#USER#: What do you buy someone who basically has everything? a $10,000 popsicle that HE CAN'T EVEN EAT. Tot… #URL# ></document>
  
</author>
<document> Anna Kournikova and Enrique Iglesias welcome baby girl – see first photo #HASHTAG# #HASHTAG# #URL# ></document>
    <documentation> #USER# #USER# Good morning! Here's your chance to meet #USER# and win amazing #HASHTAG# prize packs... #URL# ></document>
    <Documentation> Happy #HASHTAG# ! #USER# #USER# ** Today's Frost Warning: Sunny. high -8 (this feels like -30… #URL# ></document>
    <document> RT #USER#: Today is #HASHTAG#'s 1 year anniversary! Thank you... ></document>
    <document> RT #USER#: Happy birthday to one of the nicest guys you've ever met...my good buddy... #USER#!!!WOW! ! ! #URL#… ></document>
    <Documentation> RT #USER#: #USER# #USER# #USER# Happy Birthday Tony!!!!!!!!!!!! Also happy birthday to Kevin, the guy at work….he… ></document>
    <document> RT #USER#: #USER# #USER# #USER# #USER# Stay warm during delivery! ></documentation>
    <Document> . #USER# IS HERE WITH ALL WAYBACK VERSIONS OF #HASHTAG#! that. Up! #USER# #USER# #HASHTAG# ></document>
    <documentation> .#USER# &amp; #USER# takes you home with #HASHTAG#! Powered by #USER# &amp;… #URL# ></document>
    <document> See you tonight at #USER# with #USER# on #HASHTAG# in the newly renovated room PRIVILE... #URL# ></document>
    <document> .#USER#: Check this?? #URL# ></document>
    <document> RT #USER#: #USER# #USER# #USER# Happy Birthday! ></documentation>
    <document> RT #USER#: Happy Birthday Tony!!! ! ! Have a great day! #USER# 🎉🎂💯☺️… ></document>
    <document> .#USER# #USER# Loooookout for #HASHTAG# Producer #USER# Cruising along 401 Eastbound at some point... #URL# ></document>
    <document> #USER# #USER# #HASHTAG# Playing in #HASHTAG# Listen Live at #USER# #URL# ></document>
    <document> [Watch] The Ragtime Gals: Thong Song With #USER# #HASHTAG# #HASHTAG# #URL# ></document>
    <Document> .#USER# will participate in #USER#'s "One Lisn World Tour" on May 11th. 12th…Both performances sold out… #URL# ></document>
    <document> Listen to Z103.5 Mornings with #USER# &amp; All afternoon with #USER# &amp; #USER# all week... #URL# ></document>
    <document> RT #USER#: #USER# #USER# #USER# #USER# Happy Birthday Tony. best cheers ></document>
    <Document> RT #USER#: #USER# Happy Birthday #HASHTAG# #HASHTAG# ></document>
    <document> RT #USER#: Playing your #HASHTAG# request on #HASHTAG# tomorrow! Everything. morning. length. ❤️🔥😍#USER# #USER# ht… ></document>
    <document> RT #USER#: #USER# #USER# #USER# #USER# Omg I'm glad there were so many waybacks. Dancing and singing #URL# ></document>
    <document> NEW #USER# #HASHTAG# #HASHTAG# ... Are you digging? #USER# #USER# #HASHTAG# ></document>
    <document> RT #USER#: Happy Birthday #USER# 🎈🎁🎉❤🤗 Have a great day. ❤🎈🎁🎉🤗 ></document>
    <document> RT #USER#: Buon compleanno Tony #USER# tanti auguri #HASHTAG# salute 🍷🍸🍹 can I get a EUROOOOOOOOOOOOOO #URL#… ></document>
    <document> RT #USER#: Happy Birthday #USER# #HASHTAG# Wooooo 🎂🎁🎂🎁 ></document>
    <documentation> Happy #HASHTAG#! #USER# &amp; #USER# will get you where you came from thanks to #USER#! Listen Li… ​​#URL# ></document>
    <document> RT #USER#: #USER# #USER# Buon Compleanno.🍺 ></document>
    <document> RT #USER#: #HASHTAG# from me ...and from Michael Bolton. XO #URL# ></document>
    <document> RT #USER#: #USER# #USER# Happy Birthday Tony ></document>
    <document> RT #USER#: #USER# HAPPY BIRTHDAY Tony, come more and have a great day😘🤗 ></document>
    <documentation> #USER# #USER# M&M'S Chocolate Bar is now available in the dark in time for #HASHTAG#! Hmmm!!!!!!!!… #URL# ></document>
    <documentation> Join Z1035 Mornings with #USER# and say good morning. #USER# has #URL#! List… #URL# ></document>
    <document> #HASHTAG# sequel in progress #HASHTAG# #HASHTAG# #URL# ></document>
    <document> .#USER#: What do you think of #USER#'s new album #HASHTAG#??🔥🔥 Favorite song?? #URL# ></document>
    <document> RT #USER#: #USER# #USER# Tony I've loved you since I first heard you on the radio... ></document>
    <document> RT #USER#: #USER# #USER# Happy birthday to the coolest guy on radio! Love from Calgary! 😘😍🤗></document>
    <document> RT #USER#: To win the #HASHTAG# prize pack including TIX, listen Thursday and watch #USER# live on Friday at Scotiabank Arena... ></document>
    <document> RT #USER#: #USER# #USER# Happy birthday to a legend who gets the job done! ></documentation>
    <document> #USER# #HASHTAG# Wicked #HASHTAG# My birthday is now fully valid #USER# with my friends... #URL# ></document>
    <document> I'm going to pamper you on Valentine's Day...🥰🥰 I want to go see #USER# on Friday!😍😍 &amp; That's... #URL# ></document>
    <Document> .#USER#: Sophie Turner &amp; Joe Jonas Expecting First Child! #URL# ></Document>
    <Document> RT #USER#: BIG TUNE! #HASHTAG# End of 1999 #HASHTAG# Countdown! #hashtag# #hashtag#. You might hear #USER# singing... ></document>
    <documentation> RT #USER#: #USER# #USER# #USER# Happy birthday to us tony. I am celebrating with you ></document>
    <document> .#USER#: [VIDEO] Check out the music video for "My Oh My" #URL# ></document>
    <document> RT #USER#: #USER# Happy Birthday!!!! Thank you! Xoxo ></documentation>
    <document> .#USER#: Looks like she's dating again! #URL# ></document>
    <document> RT #USER#: #USER# happy birthday my friend!!! ></document>
    <document> Hilary Duff teams up with husband Matthew Koma for her first song in five years #HASHTAG# #HASHTAG# #URL# ></document>
    <document> #USER# #USER# #HASHTAG# #USER# will host the 2020 #HASHTAG# in March and he... #URL# ></document>
    <document> RT #USER#: #USER# #USER# Happy Birthday & Mona Onlyco man 😊🎉🎊👌🏼🙌🏼 Best wishes to all of you... ></document>
    <document> RT #USER#: #USER# #USER# Happy Birthday Tony. Hubbs' W against Booins tonight will cap off your special day #HASHTAG# ></document>
    <Document> . #USER#: It's February 12th... It's #USER#'s birthday! Happy Birthday, TONY! Today: A mix of sun and clouds. High… #URL# ></document>
    <document> In 24 hours... we're giving away the city's biggest Valentine's Day prize...🥰🥰 I want to send you... #URL# ></document>
    <documentation> Good morning! #USER# #USER# Today: Snow duration: 2 cm. High 1, down to -5 this afternoon. Tonight… #URL# ></document>
    <documentation> RT #USER#: #USER# Happy birthday. Congratulations to you and #USER# on #HASHTAG#! #USER# ></document>
    <document> #USER# #HASHTAG# Now playing! #HASHTAG# #USER# #USER# #HASHTAG# ></document>
    <document> .#USER# - one of the biggest EDM &amp; Dubstep acts from around the world come to Toronto, including the latest audiovisuals… #URL# ></document>
    <document> Tomorrow we give you the biggest Valentine's Day prize in town...🥰🥰 We would love to see you and send... #URL# ></document>
    <Documentation> Join #USER# at #USER# Thursdays for #HASHTAG# from 8pm to 12am! See you soon!🥂 #URL# ></document>
    <document> It's -20 now and I'm feeling -29 but #HASHTAG# with #USER# is on your radio and #HASHTAG# with… #URL# is hot ></document>
    <document> The Weeknd announces new album title #HASHTAG# #HASHTAG# #URL# ></document>
    <document> All day today... we're giving you the biggest Valentine's Day prize in town.
    <Document> RT #USER#: #USER# #USER# #USER# Happy Birthday Tony! 🎉🎂 ></Document>
    <document> [Video] Robert Pattinson's #HASHTAG# camera test #HASHTAG# #HASHTAG# #URL# ></document>
    <document> RT #USER#: #USER# To one of our favorite djs, Tony Happy Birthday Have a great day. Enjoy 🥳🎂🎉🎈🎈 ></document>
    <documentation> RT #USER#: #USER# #USER# #USER# Thank you. I love you since morning 😀 ></document>
    <document> RT #USER#: #USER# #USER# Happy Birthday Tony#USER# ></document>
    <document> RT #USER#: Happy birthday to our great friend and legend #USER# ></document>
    <Documentation> RT #USER#: Happy Birthday 🎂 Have a great day #USER#, the best radio personality! #HASHTAG# ></document>
    <document> .#USER#: Here you go 😍🔥 #URL# ></document>
    <document> RT #USER#: Happy Birthday #HASHTAG# #HASHTAG# #HASHTAG# #USER# ></document>
    <document> #USER# Just did it. more this afternoon. Good luck! ></documentation>
    <document> .#USER#: damn 😳😳 are you doing this?? #URL# ></document>
    <document> RT #USER#: Happy Birthday 🥳 #USER# Congratulations!!! 🎉🥳🎂🥂💙 ></document>
    <document> .#USER#: #USER# published the song... #URL# ></document>
    <Document> RT #USER#: #HASHTAG# #HASHTAG# Now Playing! #HASHTAG# #USER# #HASHTAG# #USER# ></document>
    <Documentation> Listen to #USER# between 4pm and 5pm today wWith the biggest Valentine's Day prize package in town!😍😍 T… #URL# ></document>
    <document> All day today... we're giving you the biggest Valentine's Day prize in town.
    <documentation> RT #USER#: OMG! Are you listening? #HASHTAG# on my birthday! #USER# ></document>
    <Documentation> Billie Eilish's #HASHTAG# theme song is out tonight on 7 ET. #HASHTAG# #HASHTAG# ></document>
    <document> RT #USER#: #USER# Happy Birthday Monaco Man #HASHTAG# ></document>
    <document> RT #USER#: #USER# #USER# HAPPY BIRTHDAY TONY 🎂🎉🥳 SO MANY AMAZING PEOPLE 💙😘 ></document>
    <document> RT #USER#: #USER# Happy birthday to the world's number one. #URL# ></document>
    <document> RT #USER#: #USER# #USER# Happy birthday, #USER# ! ></document>
    <document> RT #USER#: #USER# Happy birthday, great guy and best radio DJ host. Enjoy your special day #URL# ></document>
    <Documentation> RT #USER#: HammeR's #HASHTAG#: "Set goals. Keep quiet about them. Smash the crap out of them. Clap for yourself. Repeat. Compete... ></document>
    <Document> #USER# #USER# Happy #HASHTAG#! Feel the love! ❤️ Request your favorite love song or track… #URL# ></document>
    <document> .#USER#: We're taking Valentine's Day requests all day today! Call or text us at 416-798-1035 or tweet us with #URL# ></document>
    <document> .#USER#: Kobe Bryant and Gianna Bryant Resting #URL# ></document>
    <document> See you this Sunday at LADIES LOVE THE 80'S featuring JOEE LIVE! #USER# Playing the 80's, 90's &amp; 90's Party Today... #URL# ></document>
    <Document> RT #USER#: #USER# #USER# Happy Birthday Tony!! ></Document>
    <document> RT #USER#: Happy Birthday to The Man, The Icon and The Legend, #USER# Happy Birthday. 🍻></documentation>
    <Document> RT #USER#: #USER# #USER# Happy Birthday Tony!!!We all love you!!!></Document>
    <document> See you tomorrow night at #USER#, #USER# for #HASHTAG#, in our newly renovated room... #URL# ></document>
    <document> Join us for the BIRTHDAY BASH this Saturday at #USER#!🎉💃 Dirty Martini Oakvi… #URL# ></document>
    <Documentation> RT #USER#: HammeR's #HASHTAG#: Says "You should look back on your life &amp;". "I... ></document>
    <document> RT #USER#: #USER# 👏👏👏 Friday was my favorite day, now Wednesday morning I drive the Z103.5 ></document>
    <document> RT #USER#: Happy Birthday #USER# #URL# ></document>
    <document> .#USER#: What would a person who has basically everything buy? $10,000 popsicles that he can't even eat. Total… #URL# ></document>
  
</author>