
  
    <document> I DID NOT LISTEN TO ALL OF THE CRAP YEASTERDAY, BUT I NEVER HEARD ONE TIME ABOUT THE WHISTLEBLOWER OR IG... ></document>
    <document> Funny how that works, the Mexican government started helping us with the Border after Trump says we will cut all funding to them. ></document>
    <document> How do we know that the money we raise on our birthday fundraisers actually go to the fund? What % goes to them? ></document>
    <document> Hillary Clinton says 'nobody likes' Bernie Sanders and won't commit to backing him if he's the Democratic nominee #URL# ></document>
    <document> WHY DO WE WANT HUNTER TO TESTIFY, WHY NOT THE WHISTLE BLOWER AND ADAM SCHIFF? ></document>
    <document> THE AMERICAN PEOPLE ARE TIRED OF THE COMMUNIST BACKED BY CHINESE, RUSSIANS, IRANIANS,AND SOROS TRYING TO IMPEACH OUR PRESIDENT? ></document>
    <document> Watch President Trump's full speech at the Davos World Economic Forum #URL# ></document>
    <document> Geraldo Rivera praises Trump as ‘civil rights leader’: ‘This rising tide is lifting all boats’ #URL# ></document>
    <document> MR. PRESIDENT GET BACK HOME AND SMACK YOUR TEAM AROUND. WE NEED HUNGRY LIONS IN THOSE CHAMBERS. ></document>
    <document> By judge Roberts admonishing both sides, did he hand the dems a win? I think he did... ></document>
    <document> WHERE IS THE WHISTLE BLOWER, SHINE THE LIGHT ON HIM!!!!!!!!!!!!!!!!!!!!!!!!!!!!!!!!!!!!!!! ></document>
    <document> WHEN DEMS TALK ABOUT OUR PRESIDENT CUTTING HEALTH CARE, HE IS. HE WANTS ALL REFUGEES AND ILEGALS OFF IT. ></document>
    <document> 'Epstein Did Not Kill Himself' Truck Spotted During Virginia Gun Rally - National File #URL# ></document>
    <document> Martin Luther King, Jr. Quotes #URL# ></document>
    <document> NEW SCORE RATING SYSTEM, (FICO): IF YOU HAVE A LOT OF DEBT, AS LONG AS YOU PAY THE MINIMUMS YOUR CREDIT SCORES WILL GO UP!!! ></document>
    <document> REMEMBER, THE IG CHANGED THE WORDING TO ALLOW  SECOND HAND KNOWLEDGE FOR THE WHISTLE BLOWER ACT. ></document>
    <document> Donald J Trump has fulfilled Martin Luther King Jr DREAMS. ></document>
    <document> DEMS ARE WIL SACRIFCE HUNTER, BUT NOT THE WHISTLE BLOWER. THEY GET ALL SHAKY, DEFENSIVE, MAKE UP LIES ABOUT HIS PROTECTIONS. ></document>
    <document> The Chiefs' star quarterback spends his free time building houses for veterans #URL# ></document>
    <document> Virginia 2A: Black Guy Waving Trump Flag, 'I Am Governor Ralph Northam and I Am in Blackface Today' #URL# ></document>
    <document> Local gun-rights supporters headed to Richmond to participate in gun-rights rally #URL# ></document>
    <document> CAN YOU JUST PLEAD THE 5TH AND WALK AWAY? JUST SAY I WILL NEVER ANSWER YOUR STUPID QUESTIONS AND JUST GO BACK TO WORK? ></document>
    <document> WHERE IS ALL THE EXCULPATORY EVIDENCE THE HOUSE HAD. DID THEY GIVE ANY OF IT TO THE SENATE? ></document>
    <document> Father Confront Warren on Free College: The People Who Did the Right Thing Get Screwed #URL# ></document>
    <document> Historic: Trump Will Become 1st President to Attend March for Life #URL# ></document>
    <document> Catholic Church Bulletin: “It’s a Mortal Sin” to Vote for a Pro-Abortion Democrat #URL# ></document>
    <document> EVEN IF YOU SUCK AT YOUR JOB YOU SHOULD STILL BE GETTING A RAISE!!! ></document>
    <document> Almost Thirty Percent Of All U.S. Circuit Judges Are Now Trump Appointees #URL# ></document>
    <document> AOC SAYS THE DEMOCRAT PARTY IS NOT A LEFT PARTY, ITS A CENTER CONSERVATIVE PARTY. ></document>
    <document> The best time to get an understanding with DC politicians would be when they are all gathered under one roof.  Just sayin ></document>
    <document> LMAO, CRYING CHUCK STILL BELIEVES MILLIONS AND MILLIONS AND MILLIONS OF PEOPLE ARE WATCHING HIM. WHEN IT IS ONLY ABOUT 300K! ></document>
    <document> When researching on our search engines, it would seem they were all put together by the Chinese and Russians to control US. ></document>
    <document> Barr Finds FBI Kept Spying On Trump Aide For MONTHS On Insufficient Evidence, INVALID Warrants #URL# ></document>
    <document> SHOULD WE HAVE WITNESSES IN THE SENATE TRIAL OR END THIS CRAP SHOW? ></document>
    <document> Shampeachment - Shiff Lies, Nadler Cries - Pray These Traitors Are Arrested #URL# ></document>
    <document> lmao, pencilneck sure looks lie a fish out of water today! ></document>
    <document> How is one to one witness ratio in the senate fair, when the house dems called all and republicans got 0? ></document>
    <document> LOL, DEMS STILL THINK WE MIGHT CHANGE OUR MINDS ABOUT THE GUILT OF THIS GREAT PRESIDENT? ></document>
    <document> DEMONCRATS ARE OPENLY ADMITTING ON TV, THAT THEY ARE MEDDLING IN THE 2020 ELECTION, BY SAYING VOTERS CAN NOT BE TRUSTED. ></document>
    <document> VIDEO: Virginia Rally Attendees Pick Trash Up After Themselves - National File #URL# ></document>
    <document> FBI: Hundreds of Bureau Agents Took Bribes from CNN, NY Times, NBC News and More; Wray Looks the Other Way to Prote… #URL# ></document>
    <document> OUR GREAT PRESIDENT WAS NOT IMPEACHED BY THE CONGRESS OF THE UNITED STATES. IT WAS THE CORRUPT DEMS ONLY!!! ></document>
    <document> LMAO, POCHOHANTIS IS LYING AGAIN WHEN SHE SAYS NO ONE LIKES BERNIE. MILLIONS LOVE COMMUNISM AND HIM. ></document>
    <document> GOP's McCain and Romney Were on the FBI's Radar for Funding Trump Dossier; Then Comey Pulled the Plug on the Probe… #URL# ></document>
    <document> OBAMA GROUP HATES THE HILARY GROUP, AND BOTH THOSE GROUPS HATE THE BERNIE GROUP. THEY ALL HATE EACH OTHER. SO MUCH HATE!!! ></document>
    <document> JUST SO YOU KNOW REPUBLICANS CAN CALL THE WHISTLE BLOWER, ADAM SCHIFF AND THE IG AND GIVE DEMS NO WITNESS!!! ></document>
    <document> Left fears black voters are fleeing from the Democratic Party #URL# ></document>
    <document> Obama feels Sanders is unfit to battle Trump – and he has told people he might say so publicly #URL# ></document>
    <document> VA Sheriffs show up and join VA gun rights rally (Photos) #URL# ></document>
    <document> " ... I pledge my loyalty to my President and my country and vow to defend them from enemies, both foreign and dome… #URL# ></document>
    <document> With Obama’s Approval, Russia Selling 130 Tons of Uranium to Iran #URL# ></document>
    <document> I believe there could be a mini civil war, but it will be, we the people against DC politicians. ></document>
    <document> LMAO, DON'T EVER FORGET, OUR GREAT PRESIDENT IS A STREET FIGHTER AND WOULD LOVE TO GO BARE KNUCKLES WITH THESE COMMUNISTS! ></document>
    <document> WHEN YOU ACCEPT A FRIEND REQUEST, DO YOU UNFOLLOW THEM? ></document>
    <document> 91% of Virginia Counties Have Risen Up Against State Democrats' Gun Control Push #URL# ></document>
    <document> Cable news was once a soap opera, it is now a sitcom. ></document>
    <document> Mitch can strip any senator from a committee seat anytime he wants. ></document>
    <document> Buttigieg tells forum of black voters that he prefers Popeyes chicken to Chick-fil-A #URL# ></document>
    <document> President Trump and First Lady Melania celebrate their 15th wedding anniversary #URL# ></document>
    <document> Pro-life Christian NFL QB-turned baseball player Tim Tebow marries Leigh Nel-Peters #URL# ></document>
    <document> OFFICIAL NUMBERS: 22k+ Virginians rallied to support the Second Amendment, ZERO arrests #URL# ></document>
    <document> Obama Gave Amnesty to Gen Suleimani as Part of a Deal - John Kerry Admits Violating Logan Act #URL# ></document>
    <document> I WILL NOT TOLERATE THE MEDIA SHAPING THE NARRATIVE ON MY PAGE. WHERE IS THE WHISTLEBLOWER? ></document>
    <document> THE LOWEST PAID WORKERS ARE ACTUALLY MAKING THE LARGEST WAGE GAINS. 3 TIMES FASTER THAN THE TOP 1%!!!!!!!! ></document>
    <document> SO WE CALL WITNESSES AND THEY CLAIM THE 5TH OR EXECUTIVE PRIVILEGE, JUST MORE WASTED TIME. ></document>
    <document> Swedes Vote Climate Policy Biggest Waste of Tax Payer Money in 2019 #URL# ></document>
    <document> I AM BETTING ON RED TO WIN THIS SUPERBOWL, FOR SURE!!! ></document>
    <document> ALL JOHN BOLTON SAID WAS THAT HE WOULD COMPLY, LMAO, BUT SO WOULD THE PRESIDENT. ></document>
    <document> EVEN IF YOU HAVE YOUR HEAD BURRIED IN THE SAND, YOU WILL SEE THE CORRUPTION OF DC POLITICIANS VERY SOON. MORE IN YOUR FACE WINNING ></document>
    <document> Massive Movement To Overthrow George Soros Explodes In Macedonia #URL# ></document>
    <document> OUR CREDIT SCORES  NATION WIDE ARE THE BEST THEY HAVE EVER BEEN! WIN WIN WIN ></document>
    <document> Cobra_Girl ❤️🇺🇸🇮🇹🇵🇷 ❤️ on Twitter #URL# ></document>
    <document> BREAKING: Trump Demands Schiff Be Investigated For Treason #URL# ></document>
    <document> I WISH OUT GREAT PRESIDENT WOULD WRITE AN EXECUTIVE ORDER, STATING NO MORE FREE CHOCOLATE IN THE SENATE BREAK ROOM. ></document>
    <document> Do we need a new upgraded rating system on cartoons about sexual content? ></document>
    <document> ROBERTS AFTER TEN HOURS SAYS YOU SHOULD NOT TALK LIKE THAT. WHY NOT IN THE FIRST COMMNENT? ></document>
    <document> Trump attorney Pat Cipollone destroys Dems’ impeachment case in Senat trial argument #URL# ></document>
    <document> FISA COURT ADMITS THE LAST TWO OF THE 4 WARRANTS WERE ILEGAL. THE FIRST TWO ARE NEXT. ></document>
    <document> SHOULD OUR PRESIDENT ACCEPT RAND PAULS INVITATION TO SIT IN THE FRONT ROW AND WATCH THESE HOUSE MANAGERS SQUIRM? ></document>
    <document> 1909 Vintage Harley Police Motorcycle, The earliest police model in existence. - National Motorcycle Museum #URL# ></document>
    <document> When you hear our president say the words snap back, it does not mean 5 years from now, it means SNAP BACK!!! ></document>
    <document> HAD A FRIEND TELL ME SHE FELT LIKE IT WAS THE AMERICAN PATRIOT THAT IS BEING IMPEACHED. THAT IS THEIR PLAN, WE WILL WIN WIN WIN!!! ></document>
    <document> IF DEMS GET 4 RINOS TO ALLOW WITNESSES, IT DOES NOT MEAN DEMS MUST GET TO CALL ONE. ></document>
    <document> The media savaged Trump when he claimed Puerto Rico officials were mismanaging disaster aid. But he was right #URL# ></document>
    <document> FBI Arrests Former Top Puerto Rico Officials In Government Corruption Scandal #URL# ></document>
    <document> HEY FOX NEWS, HOW MUCH TIME ARE YOU GOING TO GIVE CRYING CHUCK? HE SAYS THE SAY THING EVERY THIRTY SECONDS AND YOU KEEP AIRING IT. ></document>
    <document> CNN Reporter Informs Iranian Protesters They're Supposed To Be Shouting 'Death To America' #URL# ></document>
    <document> Schiff earns 4 Pinocchios from the Washington Post #URL# ></document>
    <document> RT #USER#: .#USER# "CBS News reported last night that a Trump confidant said that GOP Senators were warned 'vote against your presi… ></document>
    <document> THE WHISTLE BLOWER IS A DIRTY LITTLE SWAMP RAT WHO WORKS FOR JOE BIDEN! WHO IS REALLY MEDDLING IN THE 2020 ELECTION? ></document>
    <document> SMOKING GUN: Adam Schiff Directly Connected to $7.4 Billion Burisma Corruption Scandal… Details Developing ></document>
    <document> THE MEDIA WOULD RATHER TALK ABOUT HUNTER THAN THE WHISTLEBLOWER.  THAT IS A FACT, WHY IS THAT? ></document>
    <document> I WILL KEEP SAYING IT!!!  WAR IS COMING IN THE DEMONCRAT PARTY!!!!! ></document>
    <document> THEY ARE DOING THEIR BEST TO SHAPE THE NARATIVE, WHERE IS PEOPLE WHO STARTED THIS THING? PISS ON HUNTER. ></document>
    <document> WE SURE BEAT THE T-TOTAL CRAP OUT OF THE MEDIAS FAKE NARRATIVE ON THE EPSTEIN SUICIDE, DIDN'T WE? ></document>
    <document> NANCY PELOSI CORRUPTION EXPOSED organized by Patriots For Trump #URL# ></document>
    <document> Pollak: Did Adam Schiff Out Himself as Leaker to Washington Post? ></document>
    <document> DC POLITICIANS STILL THINK WE GET OUR NEWS FROM THE MSM!!! ></document>
    <document> REPUBLICANS, DO NOT TRADE WITH THE DEVIL, YOU HAVE ALL THE CARDS. START ACTING LIKE IT!!!! ></document>
    <document> IF SHEPPARD SMITH WAS STILL HERE, HE WOULD BE CALLING FOR HUNTER BIDEN TOO. ></document>
  
</author>
<document> I haven't heard all the crap from yesterday, but I've never heard of whistleblowers or IG... ></document>
    <document> Funnily enough, the Mexican government started helping us at the border after Trump said he would cut all funding to them. ></documentation>
    <documentation> How do you know that the money you raise from your birthday fundraiser is actually going to the fund? What percentage of them go to them? ></documentation>
    <document>Hillary Clinton says Bernie Sanders 'nobody likes' and won't endorse him if he's the Democratic candidate #URL# ></document>
    <Document> Why would you want Hunter to testify? Why would you not want Whistleblower and Adam Schiff to testify? ></Document>
    <Document> Are Americans tired of the Chinese, Russians, Iranians and Soros-backed communists trying to impeach the President of the United States? ></Document>
    <document> See Trump's full speech at the World Economic Forum in Davos #URL# ></document>
    <Document> Gerard Rivera Praises Trump as 'Civil Rights Leader': 'This Rise Is Lifting All Ships' #URL# ></Document>
    <Documentation> Mr. President go home and wave your team. That chamber needs a hungry lion. ></documentation>
    <document> Did Judge Roberts' admonition to both sides lead the Democrats to victory? I think he did...></document>
    <Document> Where is the whistleblower, shine a light on him!!!!!!!!!!!!!!!!!!!!!!!!!!!!!!!!!!!! ! !!! ></documentation>
    <Document> When Democrats talk about cutting health care costs for the president, he is. He wants to get rid of all refugees and illegal immigrants. ></documentation>
    <document> 'Epstein didn't kill himself' truck found in Virginia shootout - National File #URL# ></document>
    <document> Martin Luther King Jr. Quotes #URL# ></document>
    <Documentation> New Scoring System (FICO): Even if you have a lot of debt, pay the minimum amount and your credit score will go up!!! ></Document>
    <Documentation> Remember, IG has changed the language to allow for secondary knowledge of the Whistleblower Act. ></documentation>
    <Document> Donald J Trump has made Martin Luther King Jr.'s dream come true. ></documentation>
    <Documentation> DEMS IS A WIL SACRIFCE HUNTER, BUT NOT A Whistleblower. They all become volatile, defensive, and lie about his protection. ></documentation>
    <document> Chiefs star quarterback spends his spare time building homes for veterans #URL# ></document>
    <document> Virginia 2A: Negro waving Trump flag, saying "I'm Governor Ralph Northam and I'm in blackface today" #URL# ></document>
    <document> Local gun rights advocates head to Richmond to attend gun rights rally #URL# ></document>
    <Documentation> Could you please walk away for the fifth time? Are you saying that I will never answer your stupid questions and just get back to work? ></documentation>
    <Document> Where is all the evidence of innocence that the house had? Did they give it to the Senate? ></document>
    <Document> Dad Confronts Warren at Free College: What People Did Right Gainedmessed up #URL# ></document>
    <document> Historical: Trump Becomes First President to Join March for Life #URL# ></document>
    <document> Catholic Church Bulletin: Voting for a Pro-Abortion Democrat is a ``Deadly Sin'' #URL# ></document>
    <Document> Even if the job doesn't go well, you should get a raise!!! ></Document>
    <document> Nearly 30% of U.S. Circuit Judges Appointed by President Trump #URL# ></document>
    <Document> The AOC says the Democrats are the Central Conservative Party, not the Left Party. ></documentation>
    <Documentation> The best time to get to know DC's politicians is when they're all under one roof. just say ></document>
    <Documentation> LMAO, crying Chuck still believes millions, millions, millions of people are watching him. When it's about 300K! ></documentation>
    <documentation> Looking through our search engine, they all seem to have been put together by China and Russia to rule the United States. ></documentation>
    <document> Barr finds FBI spying on Trump aide for months with insufficient evidence, invalid warrant #URL# ></document>
    <Document> Should I testify in the Senate trial or end this silly show? ></Document>
    <document> Disgrace - Schiff's Lie, Nadler's Cry - I hope these traitors are caught #URL# ></document>
    <documentation> LOL, pencil necks sure look like fish out of water today! ></documentation>
    <Document> When House Democrats called everyone and Republicans had 0, what about a 1:1 witness ratio in the Senate? ></Document>
    <document> LOL, DEMS still think we might change our minds about this great presidential sin? ></document>
    <Document> Democrats on TV openly admit to interfering in the 2020 election by saying voters can't be trusted. ></documentation>
    <document> Video: Virginia Rally Participants Pick Up Their Own Garbage - National File #URL# ></document>
    <Document> FBI: Hundreds of Agents Take Bribes from CNN, NY Times, NBC News, etc. Wray looks another way to protect… #URL# ></document>
    <document> Our great president was not impeached by the US Congress. It was only corrupt democrats!!! ></document>
    <Documentation> LMAO, Pochohantis is lying again. Millions of people love communism and him. ></documentation>
    <Document> Republicans McCain and Romney were on the FBI's radar for funding Trump's dossier. Then Comey unplugged the probe... #URL# ></document>
    <document> The Obama group hates the Hillary group and both of these groups hate the Bernie group.They all hate each other. I hate it so much!!! ></document>
    <Document> Know that Republicans can call Whistleblower, Adam Schiff, IG and not give DEMS a witness!!!></Document>
    <document> Left Concerns Black Voters Are Running Away from Democrats #URL# ></document>
    <Document> Obama tells People he feels Sanders is unfit to fight Trump - and he may say soPublicly #URL# ></document>
    <document>VA Sheriff shows up to join his VA gun rights rally (picture) #URL#></document>
    <document> "...I pledge allegiance to the President and my country, and to defend them against both foreign and Dome enemies... #URL# ></document>
    <document> With Obama's approval, Russia sells 130 tons of uranium to Iran #URL# ></document>
    <Documentation> I believe there could be a small civil war, and it will. ></documentation>
    <document> LMAO, never forget, our great president is a street fighter and wants to go bare knuckles with these communists!></document>
    <document> If you accept a friend request, do you want to unfollow? ></document>
    <document> 91% of Virginia counties oppose state Democrats' push for gun control #URL# ></document>
    <Documentation> Cable news was once a soap opera, now it's a sitcom. ></documentation>
    <Document> Mitch can remove a senator from a committee seat at any time.></Document>
    <document> Buttigieg says he prefers Popeyes chicken to Chick-fil-A on black voter forum #URL# ></document>
    <document> President Trump and First Lady Melania Celebrate 15th Wedding Anniversary #URL# ></document>
    <Document> Pro-Life Christian NFL QB Turned Baseball Player Tim Tebow Marries Lee Nell-Peters #URL# ></Document>
    <document> Official Figures: Over 22,000 Virginians Rally to Support Second Amendment, Zero Arrests #URL# ></document>
    <document> Obama pardoned General Suleimani as part of deal - John Kerry pleads guilty to violating Logan Act #URL# ></document>
    <document> I will not tolerate the media forming the narrative of my page.Where's the whistleblower? ></documentation>
    <Documentation> The lowest paid workers actually get the biggest wage increases. 3x faster than Top 1%!!!!!!!! ></Document>
    <document> So we called witnesses and they claimed fifth or executive privilege and wasted even more time. ></documentation>
    <document> Sweden's voting climate policy was the biggest waste of taxpayer money in 2019 #URL# ></document>
    <Documentation> Bet on red to win this Super Bowl. ></documentation>
    <document> All JOHN BOLTON said was that he would follow the LMAO, but so would the president. ></documentation>
    <Documentation> You'll soon see the corruption of DC politicians, even if your head is in the sand. Win on more fronts ></document>
    <document>Massive Movement to Overthrow George Soros Explodes in Macedonia #URL# ></document>
    <Document> Nationwide Credit Scores are Best Ever! Win-Win-Win></Document>
    <document> Cobra_Girl ❤️🇺🇸🇮🇹🇵🇷 ❤️ on Twitter #URL# ></document>
    <document>BREAKING: Trump Calls for Investigation of Schiff for Treason #URL# ></document>
    <Document> I would like a great president to write an executive order saying no more free chocolates will be served in the Senate break room.></Document>
    <documentation> Need a new upgrade?Cartoon rating system for sexual content? ></Document>
    <Documentation> Roberts 10 hours later says we shouldn't talk like that. Why not join the First Committee? ></document>
    <document> Trump Attorney Pat Cipollone Drops Democratic Impeachment Case in Senate #URL# ></document>
    <Documentation> The FISA Court found that the last two of the four guarantees were unlawful. The first two are: ></documentation>
    <Document> Should our President accept Rand Paul's invitation to sit front row and watch these house managers writhe? ></Document>
    <Documentation> 1909 Vintage Harley Police Bike, the oldest surviving police model. - National Motorcycle Museum #URL# ></document>
    <Document> When the President hears the word Snapback, he means Snapback, not 5 years from now!!! ></Document>
    <Documentation> A friend told me it looks like the American Patriots are being impeached. That's their plan. ></documentation>
    <document> Even if the DEMS gets 4 RINOS to allow witnesses, it doesn't mean the DEMS has to call one. ></documentation>
    <document> Media lashed out at Trump when he claimed Puerto Rican officials mismanaged disaster aid...but he was right #URL# ></document>
    <document> FBI Arrests Former Puerto Rican Official in Government Corruption Scandal #URL# ></document>
    <Documentation> Hey Fox News, how long are you going to give a crying Chuck? He says SAY THING every 30 seconds and you keep it airing. ></documentation>
    <document> CNN Reporter Informs Iranian Protesters About To Shout "Death To America" ​​#URL# ></document>
    <document> Schiff wins 4 Pinocchios from The Washington Post #URL# ></document>
    <document> RT #USER#: .#USER# "CBS News reported last night that Republican Senators 'vote against your president...></document>
    <Document> The whistleblower is the dirty little swamp rat who works for Joe Biden! Who is really interfering in the 2020 election? ></Document>
    <Document> Smoking Guns: Adam Schiff Is Directly Involved In $7.4 Billion Burisma Corruption Scandal…Details In Development ></Document>
    <Documentation> The media would rather talk about hunters than whistleblowers.It's a fact. why? ></documentation>
    <Document> I keep saying!!!War is coming to the Democrats!!!!! ></Document>
    <documentation> They are doing their best to shape the story. Where are the people who started this thing? Piss the hunter. ></documentation>
    <Document> Surely you beat the T-TOTAL crap out of the media fake narrative about Epstein's suicide, right? ></Document>
    <document> NANCY PELOSI CORRUPTION EXPOSED #URL# ></document> Hosted by Patriots for Trump
    <Document> Pollack: Did Adam Schiff publicize himself as a Washington Post leaker? ></Document>
    <Document> DC Politicians Think We Get Our News From MSM!!! ></Document>
    <Documentation> Republicans, don't make deals with the devil. you have everythingcard. Start acting like it!!!! ></documentation>
    <Document> If Shepard Smith was still here, he would have called Hunter Biden too.></Document>
  
</author>