
  
    <document> A Crochet Journal: A Journal for Crochet Projects➼BUY NOW➼ #URL# #URL# ></document>
    <document> Homasy 2 in 1 Stick Vacuum &amp; Handheld Vacuum, Lightweight Corded Vacuum Cleaner Bagless with HEPA Filtration,12Kpa… #URL# ></document>
    <document> Detects AFib or Normal Hear… #URL# ></document>
    <document> Betsey Johnson Women's Rose Gold Heart Safety Pin Earrings➼BUY NOW➼ #URL# #URL# ></document>
    <document> CafePress got fufu? Bib Cute Cloth Baby Bib, Toddler Bib➼BUY NOW➼ #URL# #URL# ></document>
    <document> Betsey Johnson"Cubic Zirconia Critter" Cubic Zirconia and Butterfly Long Drop Earrings➼BUY NOW➼… #URL# ></document>
    <document> JunDa Car Phone Holder 360-Degree Rotation Cell Phone Holder Suitable for 4 to 7 inch Smartphones,Rotating Dashboar… #URL# ></document>
    <document> Kenneth Cole New York "Shiny Earrings" Small Silver Circle Drop Earrings➼BUY NOW➼ #URL# #URL# ></document>
    <document> Anne Klein Gold Tone Button Clip-on Earrings➼BUY NOW➼ #URL# #URL# ></document>
    <document> Betsey Johnson Women's Crystal Rhodium Crystal Stud Medium Earrings Crystal Stud Earrings➼BUY NOW➼… #URL# ></document>
    <document> Callez 3.5mm Cell Phone Headset Dual, Corded Truck Driver Headsets with Microphone Noise Canceling for iPhone Samsu… #URL# ></document>
    <document> BLUEWIND Bike Seat, Most Comfortable Bicycle Seat Memory Foam Waterproof Bicycle Saddle - Dual Shock Absorbing with… #URL# ></document>
    <document> Kate Spade New York Kate Spade Earrings (Black/Diamond)➼BUY NOW➼ #URL# #URL# ></document>
    <document> Cuisinart TOA-60 Convection Toaster Air Fryer, One Size, Silver➼BUY NOW➼ #URL# #URL# ></document>
    <document> Apple iPhone 6 Plus, GSM Unlocked, 16GB - Space Gray (Renewed)➼BUY NOW➼ #URL# #URL# ></document>
    <document> Pandora Signature Hoop Silver Earrings 290558CZ➼BUY NOW➼ #URL# #URL# ></document>
    <document> GIAUMA Car Phone Mount Air Vent Cell Phone Holder Cradle with Anti-Scratch Clip Universal Compatible with iPhone Sa… #URL# ></document>
    <document> Starry Night Over The Rhone by Vincent Van Gogh - Laminated Fine Art Poster - Wall Art Painting Print - 18" x 24"➼B… #URL# ></document>
    <document> Lucky Brand Turquoise Hoop Earrings, Silver, One Size➼BUY NOW➼ #URL# #URL# ></document>
    <document> PANDORA Dazzling Droplets Stud Earrings, Sterling Silver, Clear Cubic Zirconia, One Size➼BUY NOW➼… #URL# ></document>
    <document> Yoobure 10 Silent Quartz Decorative Wall Clock Non-Ticking Classic Digital Clock Battery Operated Round Easy to Rea… #URL# ></document>
    <document> Kate Spade New York Women's Small Square Studs Earrings Cream One Size➼BUY NOW➼ #URL# #URL# ></document>
    <document> Quikrete High Gloss Sealer gal - 2pack➼BUY NOW➼ #URL# #URL# ></document>
    <document> Betsey Johnson Mystic Baroque Queens Blue and Gold Moon and Star Drop Earrings➼BUY NOW➼ #URL# #URL# ></document>
    <document> Nine West Silver-Tone Crystal Drop Earrings➼BUY NOW➼ #URL# #URL# ></document>
    <document> Nokia 6 - 32 GB - Dual Sim Unlocked Smartphone (AT&amp;T/T-Mobile/Metropcs/Cricket/Mint) - Update To Android 9.0 PIE -… #URL# ></document>
    <document> IslandsePlant Stand Rack Shelf Flower Pots Holder Display Rack Utility Shelf Rack (Red)➼BUY NOW➼… #URL# ></document>
    <document> Lasko 4930 Oscillating High Velocity Tower Fan with Remote Control - Features Built-in Timer and Louvered Air Flow… #URL# ></document>
    <document> Volferda Cell Phone Signal Booster for AT&amp;T Verizon T-Mobile 2G 3G 4G, U.S.Cellular 2G 4G Dual Band 2 Band 5 Mobile… #URL# ></document>
    <document> CamKix Camera Shutter Remote Control with Bluetooth Wireless Technology - Create Amazing Photos and Videos Hands-Fr… #URL# ></document>
    <document> Jteman 5-in-1 Bluetooth Spearker 3D HD Mobile Phone Screen Magnifier Amplifier Movie Video Cell Phone Enlarger Scre… #URL# ></document>
    <document> AB Traps Pro-Quality Live Animal Humane Trap Catch and Release Rats Mouse Mice Rodents and Similar Sized Pests - Sa… #URL# ></document>
    <document> 1MORE Wireless Over-Ear Headphones Bluetooth Comfortable Earphones with Bass Control, Durable Headband, Noise Cance… #URL# ></document>
    <document> A Little Bit of Everything Journal - A Journal for Everyday: Stay Organized, Get Creative, Plan Your Day, Write it… #URL# ></document>
    <document> Nine West "Metal Motion" Tri-Tone Shaky Drop Earrings➼BUY NOW➼ #URL# #URL# ></document>
    <document> Mobile Phone Strong Compatibility Touch Screen Stylus Ballpoint Metal Handwriting Pen Suitable For Mobilephone➼BUY… #URL# ></document>
    <document> Panasonic NB-G110P Toaster Oven FlashXpress with Double Infrared Heating and Removable 9-Inch Inner Baking Tray, Si… #URL# ></document>
    <document> Raddzo Women's Plus Size Cotton Capri Cropped Leggings Lace Trim Soft Tights Pants, Black, XXL➼BUY NOW➼… #URL# ></document>
    <document> Robert Lee Morris "Spun Metal" Two-Tone Wire Wrapped Hoop Earrings➼BUY NOW➼ #URL# #URL# ></document>
    <document> BISSELL Cleanview Rewind Pet Deluxe Upright Vacuum Cleaner, 24899, Green➼BUY NOW➼ #URL# #URL# ></document>
    <document> Submersible Clean Water Sump Pump 0.5hp, 1560GPH, 28'Head, Thermoplastic to avoid corrosion, Thermal Protector, Cop… #URL# ></document>
    <document> Photography Photo Portrait Studio 600W Day Light Umbrella Continuous Lighting Kit by LimoStudio, LMS103➼BUY NOW➼… #URL# ></document>
    <document> Cell Phone Holder for Car Vent, Happiere 4 in 1 Function Phone Ring Holder Finger Kickstand, 360° Rotation and 90°F… #URL# ></document>
    <document> Hicarer 40 Pieces 11.5mm Glass Cabochons Earrings And 40 Pieces Earring Wire Hooks 12mm Round Post Cup Tray Earring… #URL# ></document>
    <document> Guardair Long John 75LJ018AA Safety Air Blow Gun OSHA Compliant Alloy Nozzle with 18-Inch Aluminum Extension➼BUY NO… #URL# ></document>
    <document> Anmytek Iron Color Wall Light Fixture Swing Arm Wall Lamp Industrial Retro Rustic Loft Antique Wall Lamp Edison Vin… #URL# ></document>
    <document> Arama Cell Phone Headset w/Lightweight Secure-Fit Headband, Pro Noise Canceling Mic and in-line Controls 3.5mm Head… #URL# ></document>
    <document> lucky brand two tone double layer earrings➼BUY NOW➼ #URL# #URL# ></document>
    <document> Neewer 43-inch / 110cm 5-in-1 Collapsible Multi-Disc Light Reflector with Bag - Translucent, Silver, Gold, White an… #URL# ></document>
    <document> weBoost Drive 4G-X (470510) Cell Phone Signal Booster, Cell Signal Booster for Car &amp; Truck - Verizon, AT&amp;T, T-Mobil… #URL# ></document>
    <document> Hamilton Beach 31508 6 Slice Capacity Toaster Oven➼BUY NOW➼ #URL# #URL# ></document>
    <document> Jewels of Rome: Match gems to restore the city➼BUY NOW➼ #URL# #URL# ></document>
    <document> The Rise and Fall of Nokia Mobile➼BUY NOW➼ #URL# #URL# ></document>
    <document> Pandora Regal Hearts Silver Stud Earrings 297693➼BUY NOW➼ #URL# #URL# ></document>
    <document> HABA Monza - A Car Racing Beginner's Board Game Encourages Thinking Skills - Ages 5 and Up (Made in Germany)➼BUY NO… #URL# ></document>
    <document> Betsey Johnson Cubic Zirconia Pave Heart and Skull Duo Set of Stud Earrings➼BUY NOW➼ #URL# #URL# ></document>
    <document> Eurolux Percolator Coffee Maker Pot - 12 Cups ></document>
    <document> Kijaro  Dual Lock Portable Camping and Sports Chair➼BUY NOW➼ #URL# #URL# ></document>
    <document> MIAHART 150 Set Earring Cards, Earring Display Cards with Self-Sealing Bags for Stud Earrings Dangle Earring Holder… #URL# ></document>
    <document> BEWISHOME Jewelry Box for Women 35 Compartments Jewelry Organizer - 6 Necklace Hooks, 2 Layers - Jewelry Boxes Disp… #URL# ></document>
    <document> Kenneth Cole New York "Woven Item" Topaz Woven Faceted Bead Drop Earrings➼BUY NOW➼ #URL# #URL# ></document>
    <document> 4 Triggers Mobile Game Controller with Cooling Fan for PUBG/Fotnite [6 Finger Operation] YOBWIN L1R1 L2R2 Gaming Gr… #URL# ></document>
    <document> Kenmore 99059 Compact Mini Refrigerator, 4.5 cu. ft. in Black➼BUY NOW➼ #URL# #URL# ></document>
    <document> LapGear MyDesk Lap Desk - Cool Gray - Fits up to 15.6 Inch laptops - Style No. 44435➼BUY NOW➼… #URL# ></document>
    <document> Betsey Johnson "Cubic Zirconia Critter" Cubic Zirconia and Butterfly Double Mismatch Drop Earring➼BUY NOW➼… #URL# ></document>
    <document> Orcbee  _Fashionable and Simple Opening 26 Letters with Diamond Ring Ladies Jewelry (R)➼BUY NOW➼… #URL# ></document>
    <document> Betsey Johnson "Skeletons After Dark" Pave Cat Stud Earring➼BUY NOW➼ #URL# #URL# ></document>
    <document> Lucky Brand Silver-Tone and Faux Turquoise Hoop Earrings➼BUY NOW➼ #URL# #URL# ></document>
    <document> PANDORA Timeless Elegance Stud Earrings, PANDORA Rose, Clear Cubic Zirconia, One Size➼BUY NOW➼… #URL# ></document>
    <document> Elle gets a mobile phone: Cyber safety can be fun [Internet safety for kids] (Diary of Elle) (Volume 1)➼BUY NOW➼… #URL# ></document>
    <document> Shift Racing Barbolt Flexfit Hat - Electric Blue 15744-029-S/M➼BUY NOW➼ #URL# #URL# ></document>
    <document> kate spade new york Small Stud Earrings - Glitter Opal➼BUY NOW➼ #URL# #URL# ></document>
    <document> Cell Phone Signal Booster for Car, Truck, Vehicle Use, Multiple Band Repeater Kit for All Carriers Verizon AT&amp;T 2G… #URL# ></document>
    <document> WiFi Display Dongle, 2.4G+5G Mobilephone Computer 4K HD Wireless Projector, TV HDMI Display Receiver, Screen Mirror… #URL# ></document>
    <document> wedding ring set Two Rings His Hers Couples Matching Rings Women's 2pc White Gold Filled Square CZ Wedding Engageme… #URL# ></document>
    <document> Classics Pe Single Stone Drop Earrings, Rose Gold➼BUY NOW➼ #URL# #URL# ></document>
    <document> DEWALT DW4764 10-Inch by .060-Inch Premium XP4 Tile Blade Wet➼BUY NOW➼ #URL# #URL# ></document>
    <document> BLU VIVO XI+ - 6.2" Full HD+ Smartphone GSM Unlocked and Verizon Compatible, 128GB+6GB RAM, AI Dual Cameras -Silver… #URL# ></document>
    <document> Sooyee Clear 3 Vertical Drawer Earring Display Stand Organizer(Holds 108 Pairs), Jewelry Hanger Storage Box➼BUY NOW… #URL# ></document>
    <document> Complete English Grammar Rules: Examples, Exceptions, Exercises, and Everything You Need to Master Proper Grammar (… #URL# ></document>
    <document> Aputure AL-M9 Amaran LED Mini Light on Camera Video Light, Black➼BUY NOW➼ #URL# #URL# ></document>
    <document> Range Kleen CW6009 Stainless Steel Pot Rack Bookshelf, 12 by 36 by 10-Inch➼BUY NOW➼ #URL# #URL# ></document>
    <document> OUKITEL C12 Android 8.1 Unlocked Cell Phones, 6.18" 18:9 Full-Screen Display 3300mAh Battery Global 3G Android Smar… #URL# ></document>
    <document> PANDORA Hearts Of Pandora Hoop Earrings, Sterling Silver, Clear Cubic Zirconia, One Size➼BUY NOW➼… #URL# ></document>
    <document> QIAYA Selfie Light Ring Lights LED Circle Light Cell Phone Laptop Camera Photography Video Lighting Clip On Recharg… #URL# ></document>
    <document> Stylemaster Twill and Birch Bryce Chenille Scalloped Valance with Cording, 55 by 17-Inch, Sea Breeze➼BUY NOW➼… #URL# ></document>
    <document> Two Earring Back Replacements |14K Solid White Gold ></document>
    <document> Skypatio Electic Parasol Patio Heater, Folding Electric Outdoor Umbrella Space Heater,3 Infrared Heating Lamps for… #URL# ></document>
    <document> FOUFIT 85437 Poop Emoji Plush Dog Toy with Squeaker➼BUY NOW➼ #URL# #URL# ></document>
    <document> 4 Pack Rectangular Plastic Trays, Heavyweight Disposable Serving Party Platters, 9" X 13", Assorted Colors➼BUY NOW➼… #URL# ></document>
    <document> Most Expensive Mobile Phones in the World➼BUY NOW➼ #URL# #URL# ></document>
    <document> Betsey Johnson"Dark Shadows" Pave Skull Long Drop Earrings➼BUY NOW➼ #URL# #URL# ></document>
    <document> LDC Magnetic Phone Car Mount Cell Phone Holder 360 Magnetic Phone Holder Car Phone Mount Cell Phone Car Mount Phone… #URL# ></document>
    <document> Betsey Johnson Women's Creepshow Spider Non-Matching Drop Earrings Pink/Antique Gold Drop Earrings➼BUY NOW➼… #URL# ></document>
    <document> 6 Pack- EMF Protection Cell Phone Anti Radiation Protector Sticker, Negative Ions EMF Blocker for Mobile Phones,Lap… #URL# ></document>
    <document> Brew Coffee On Fire, Grill or St… #URL# ></document>
    <document> Haolide Wireless Mobile Game Controllers Gamepad for 4-6Inch Android iOS Phone➼BUY NOW➼ #URL# #URL# ></document>
    <document> Orfeld Cordless Vacuum Cleaner, 2 in 1 Stick Vacuum with Digital Motor, 17 kPa Powerful Suction &amp; LED Brush for Hom… #URL# ></document>
    <document> PORI JEWELERS Sterling Silver Cushion Cut Halo Solitaire Engagement Ring- 2.45 Cttw CZ (White, 7)➼BUY NOW➼… #URL# ></document>
    <document> Garden Radiance GRP3500SS Dancing Flames Stainless Steel Pyramid Patio Heater➼BUY NOW➼ #URL# #URL# ></document>
  
</author>
<document> Crochet Journal: Journal of Crochet Projects ➼ Buy Now ➼ #URL# #URL# ></document>
    <Documentation> Homasy 2 in 1 Stick Vacuum & Vacuum Handheld Vacuum, Lightweight Corded Vacuum, Bagless, HEPA Filter, 12Kpa… #URL# ></document>
    <document> Detect atrial fibrillation or normal hearing… #URL# ></document>
    <document> Betsy Johnson Women's Rose Gold Heart Safety Pin Earrings➼Buy Now➼ #URL# #URL# ></document>
    <Document> CafePress Fufu? Bib Cute Cloth Baby Bib, Toddler Bib ➼Buy Now➼ #URL# #URL# ></document>
    <document> Betsey Johnson"Cubic Zirconia Critter" Cubic Zirconia and Butterfly Long Drop Earring➼Buy Now➼… #URL# ></document>
    <document> JunDa Car Phone Holder 360 Degree Rotating Cell Phone Holder Fits 4 to 7 Inch Smartphones, Rotating Dashboard… #URL# ></document>
    <document> Kenneth Cole New York "Shiny Earrings" Small Silver Circle Drop Earrings ➼Buy Now➼ #URL# #URL# ></document>
    <document> Anne Klein Gold Tone Button Clip-On Earrings➼BUY NOW➼ #URL# #URL# ></document>
    <document> Betsey Johnson Women's Crystal Rhodium Crystal Stud Medium Earrings Crystal Stud Earrings ➼Buy Now➼… #URL# ></document>
    <Document> Callez 3.5mm Cell Phone Headset Dual Corded Truck Driver Headset with Mic Noise Canceling iPhone Samsung… #URL# ></document>
    <Document> BLUEWIND Bike Seat, Most Comfortable Bike Seat Memory Foam Waterproof Bike Saddle - Double Shock Absorption… #URL# ></document>
    <document> Kate Spade New York Kate Spade Earrings (Black/Diamond)➼BUY NOW➼ #URL# #URL# ></document>
    <document> Cuisinart TOA-60 Convection Toaster Air Fryer, One Size, Silver➼Buy Now➼ #URL# #URL# ></document>
    <document> Apple iPhone 6 Plus, GSM Unlocked, 16GB - Space Gray (Renewal)➼Buy Now➼ #URL# #URL# ></document>
    <document> Pandora Signature Hoop Silver Earrings 290558CZ➼Buy Now➼ #URL# #URL# ></document>
    <document> GIAUMA Car Phone Mount Air Vent Cell Phone Holder Cradle with Anti-Scratch Clip iPhone Sa… #URL# ></document>
    <document> Starry Night Over The Rhone By Vincent Van Gogh - Laminated Fine Art Poster - Wall Art Painting Print - 18" x 24"➼B… #URL# ></document>
    <document> Lucky Brand Turquoise Hoop Earrings, Silver, One Size➼Buy Now➼ #URL# #URL# ></document>
    <document> PANDORA Dazzling Droplets Stud Earrings, Sterling Silver, Clear Cubic Zirconia, One Size➼Buy Now➼… #URL# ></document>
    <document> Yoobure 10 Quiet Quartz Decorative Wall Clock Timeless Classic Digital Clock Battery Operated Round Easy to… #URL# ></document>
    <document> Kate Spade New York Women's Small Square Stud Earrings Cream One Size➼Buy Now➼ #URL# #URL# ></document>
    <document> Quikrete High Gloss Sealer gal - 2pack➼BUY NOW➼ #URL# #URL# ></document>
    <document> Betsey Johnson Mystic Baroque Queens Blue and Gold Moon and Star Drop Earring➼Buy Now➼ #URL# #URL# ></document>
    <Documentation> Nine West Silvertone Crystal Drop Earrings➼Buy Now➼ #URL# #URL#></documentation>
    <Document> Nokia 6 - 32 GB - Dual SIM Unlocked Smartphone (AT&T/T-Mobile/Metropcs/Cricket/Mint) - Update to Android 9.0 PIE -… #URL# ></document>
    <document> IslandsePlant Stand Rack Shelf Flower Pots Holder Display Rack Utility Shelf Rack (Red)➼BUY NOW➼… #URL# ></document>
    <Documentation> Lasko 4930 Oscillating High Speed ​​Tower Fan with Remote Control - Features Built-in Timer and Louvered Airflow… #URL# ></Documentation>
    <Document> Volferda Cell Phone Signal Booster for AT&T Verizon T-Mobile 2G 3G 4G, U.S.Cellular 2G 4G Dual Band 2 Band 5 Mobile… #URL# ></document>
    <document> CamKix Camera Shutter Remote Control with Bluetooth Wireless Technology - Create Stunning Photos and Videos Hands Free… #URL# ></document>
    <document> Jteman 5-in-1 Bluetooth Spearker 3D HD Cell Phone Screen Magnifier Amplifier Movie Video Cell Phone Magnifier… #URL# ></document>
    <document> AB Traps Pro-Quality Live Animal Humane Trap Catch and Release Rats Mouse Mouse Rodents and Similar-sized Pests - Sa… #URL# ></document>
    <Document> 1MORE Wireless Over-Ear Headphones Bluetooth Comfortable Earbuds, Bass Control, Durable Headband, Noise Canceling… #URL# ></Document>
    <document> A Little Bit of Everything Journal - Daily Journal: Stay Organized, Be Creative, Plan Your Day, Write... #URL# ></document>
    <document> Nine West "Metal Motion" Tritone Shaky Drop Earrings➼Buy Now➼ #URL# #URL# ></document>
    <document> Mobile Phone Strong Compatibility Touch Screen Touch Screen Stylus Ballpoint Pen Metal Handwriting Pen Suitable Mobile Phone➼BUY… #URL# ></document>
    <document> Panasonic NB-G110P Toaster Oven FlashXpress Dual Infrared Heating and Removable 9" Inner Baking Tray, Sh… #URL# ></document>
    <document> Raddzo Women's Plus Size Cotton Capri Cropped Leggings Lace Trim Soft Tights Pants, Black, XXL➼BUY NOW➼… #URL# ></document>
    <document> Robert Lee Morris "Spun Metal" Two Tone Wire Wrap Hoop Earrings➼Buy Now➼ #URL# #URL# ></document>
    <document> BISSELL Cleanview Rewind Pet Deluxe Upright Vacuum, 24899, Green ➼ BUY NOW ➼ #URL# #URL# ></document>
    <Documentation> Submersible Clean Water Sump Pump 0.5hp, 1560GPH, 28' Head, Thermoplastics to Prevent Corrosion, Thermal Protector, Cup… #URL# ></Documentation>
    <Documentation> Photography Portrait Studio 600W Daylight Umbrella Continuous Lighting Kit LimoStudio, LMS103➼Buy Now➼… #URL# ></Document>
    <Document> Cell Phone Holder for Car Air Vent, Happiere 4 in 1 Function Phone Ring Holder Finger Kickstand, 360° Rotation, 90°F… #URL# ></document>
    <document> Hicarer 40 11.5mm Glass Cabochon Earrings and 40 Earring Wire Hook 12mm Round Post Cup Tray Earrings… #URL# ></document>
    <Documentation> Buy Guardair Long John 75LJ018AA Safety Air Blow Gun OSHA Compliant Alloy Nozzle with 18 inch Aluminum Extension ➼NO… #URL# ></Documentation>
    <Reference> Anmytek Iron Color Wall Light Swing Arm Wall Lamp Industrial Retro Rustic Loft AntiqueWall Lamp Edison Vin… #URL# ></document>
    <Document> Arama Cell Phone Headset, Lightweight, Secure Fit Headband, Pro Noise Canceling Mic, Inline Control 3.5mm Head… #URL# ></Document>
    <document>Lucky Brand Two Tone Double Layer Earrings➼BUY NOW➼ #URL# #URL# ></document>
    <document> Neewer 43" / 110cm 5-in-1 Foldable Multi-Disc Light Reflector with Bag - Translucent, Silver, Gold, White… #URL# ></document>
    <Documentation> weBoost Drive 4G-X (470510) Cell Phone Signal Booster, Car Cell Signal Booster Truck - Verizon, AT&amp;T, T-Mobil… #URL# ></document>
    <document> Hamilton Beach 31508 6 Slice Capacity Toaster Oven➼Buy Now➼ #URL# #URL# ></document>
    <document> Gems of Rome: Match Gems to Rebuild City➼Buy Now➼ #URL# #URL# ></document>
    <document> The Rise and Fall of Nokia Mobile ➼ Buy Now ➼ #URL# #URL# ></document>
    <document> Pandora Legal Hearts Silver Stud Earrings 297693➼Buy Now➼ #URL# #URL# ></document>
    <document> HABA Monza - A Board Game for Car Racing Beginners to Cultivate Thinking - Ages 5+ (Made in Germany) ➼ Buy NO… #URL# ></document>
    <document> Betsy Johnson Cubic Zirconia Pavé Heart and Skull Duo Stud Earring Set ➼Buy Now➼ #URL# #URL# ></document>
    <document> Eurolux Percolator Coffee Maker Pot - 12 Cups ></document>
    <document> Kijaro Dual Lock Portable Camping and Sports Chair➼Buy Now➼ #URL# #URL# ></document>
    <document> MIAHART 150 Sets Earring Card, Earring Display Card with Self Seal Bag for Stud Earring Dangle Earring Holder… #URL# ></document>
    <document> BEWISHOME Jewelry Box for Women 35 Compartment Jewelry Organizer - 6 Necklace Hooks, 2 Layers - Jewelry Box Dispenser… #URL# ></document>
    <document> Kenneth Cole New York "Woven Item" Topaz Woven Faceted Bead Drop Earrings➼Buy Now➼ #URL# #URL# ></document>
    <document> 4 Triggers Mobile Game Controller with Cooling Fan for PUBG/Fotnite [6 Finger Control] YOBWIN L1R1 L2R2 Gaming Gr… #URL# ></document>
    <Documentation> Kenmore 99059 Compact Mini Fridge, 4.5 cu. ft. in Black➼Buy Now➼ #URL# #URL# ></document>
    <document> LapGear MyDesk Lap Desk - Cool Gray - Fits Laptops up to 15.6" - Style #44435➼Buy Now➼… #URL# ></document>
    <document> Betsey Johnson "Cubic Zirconia Critter" Cubic Zirconia and Butterfly Double Mismatch Drop Earring➼Buy Now➼… #URL# ></document>
    <document> Orcbee _ Fashionable Simple Opening 26 Letter Diamond Ring Ladies Jewelry (R)➼BUY NOW➼… #URL# ></document>
    <document> Betsey Johnson "Skeletons After Dark" Pave Cat Stud Earring➼Buy Now➼ #URL# #URL# ></document>
    <document> Lucky Brand Silvertone and Faux Turquoise Hoop Earrings➼Buy Now➼ #URL# #URL# ></document>
    <document> Pandora Timeless Elegance Stud Earrings, Pandora Rose, Clear Cubic Zirconia, One Size➼Buy Now➼… #URL# ></document>
    <document> Elle gets a mobile phone: Cyber ​​safety can be fun [Children's Internet Safety] (Elle's Diary) (Volume 1)➼Buy Now➼… #URL# ></docuMento>
    <document> Shift Racing Barbolt Flexfit Hat - Electric Blue 15744-029-S/M➼Buy Now➼ #URL# #URL# ></document>
    <document> kate spade new york Small Stud Earrings - Glitter Opal➼Buy Now➼ #URL# #URL# ></document>
    <document> Cell Phone Signal Booster for Cars, Trucks, Vehicles, Multi-Band Repeater Kit for All Carriers Verizon AT&amp;T 2G… #URL# ></document>
    <document> WiFi Display Dongle, 2.4G+5G Cell Phone Computer 4K HD Wireless Projector, TV HDMI Display Receiver, Screen Mirror… #URL# ></document>
    <document> Wedding Ring Set 2 Rings Him Her Couple Matching Rings Women 2pc White Gold Filled Square CZ Marriage Engagement… #URL# ></document>
    <document> Classics Pe Single Stone Drop Earrings, Rose Gold ➼Buy Now➼ #URL# #URL# ></document>
    <Document> DEWALT DW4764 10" x .060" Premium XP4 Tile Blade Wet ➼ BUY NOW ➼ #URL# #URL# ></Document>
    <Document> BLU VIVO XI+ - 6.2" Full HD+ Smartphone GSM Unlocked, Verizon Compatible, 128GB+6GB RAM, AI Dual Camera - Silver… #URL# ></document>
    <Document> Sooyee Clear 3 Vertical Drawer Earring Display Stand Organizer (Holds 108 Pairs), Jewelry Hanger Storage Box ➼Buy Now… #URL# ></Document>
    <document> Full English grammar rules: examples, exceptions, exercises, and everything you need to master proper grammar (… #URL# ></document>
    <document> Aputure AL-M9 Amaran LED Mini Light on Camera Video Light, Black➼Buy Now➼ #URL# #URL# ></document>
    <document> Range Kleen CW6009 Stainless Steel Pot Rack Bookcase, 12 x 36 x 10 inches ➼Buy Now➼ #URL# #URL# ></document>
    <Document> OUKITEL C12 Android 8.1 Unlocked Phone, 6.18 Inch 18:9 Full Screen Display 3300mAh Battery Global 3G Android Smart… #URL# ></Document>
    <document> PANDORA Hearts Of Pandora Hoop Earrings, Sterling Silver, Clear Cubic Zirconia, One Size➼Buy Now➼… #URL# ></document>
    <document> QIAYA Selfie Light Ring Light LED Circle Light Cell Phone Laptop Camera Photo Video Lighting Clip-on Charging… #URL# ></document>
    <document> Stylemaster Twill and Birch Bryce Chenille Scalloped Valance with Cording, 55 x 17-Inch, Sea Breeze➼BUY NOW➼… #URL# ></document>
    <document> 2 Earring Back Replacements |14K Solid White Gold ></document>
    <document> Skypatio Electic Parasol Patio Heater, Foldable Electric Outdoor Umbrella Space Heater, 3 Infrared Heating Lamps… #URL# ></document>
    <document> FOUFIT 85437 Poop Emoji Plush Dog Toy Bark➼Buy Now➼ #URL# #URL# ></document>
    <Document> 4-Pack Rectangular Plastic Trays, Heavyweight Disposable Serving Party Platters, 9" X 13", Assorted Colors ➼Buy Now➼… #URL# ></Document>
    <document> World's Most Expensive Mobile Phone ➼ Buy Now ➼ #URL# #URL# ></document>
    <document> Betsey Johnson"Dark Shadows" Pave Skull Long Drop Earrings➼Buy Now➼ #URL# #URL# ></document>
    <Document> LDC Magnetic Phone Car Phone Holder 360 Magnetic Cell Phone Holder Car Phone Mount Mobile Phone Car Phone… #URL# ></document>
    <documentationment> Betsey Johnson Women's Creepshow Spider Mismatched Drop Earrings Pink/Antique Gold Drop Earrings ➼Buy Now➼… #URL# ></document>
    <document> 6 Pack - EMF Protection Cell Phone Radiation Protector Sticker, Negative Ion EMF Blocker for Cell Phone, Wrap… #URL# ></document>
    <document> Brew coffee over an open fire, grill, or stand #URL# ></document>
    <document> Haolide Wireless Mobile Game Controller Gamepad 4-6 Inch Android iOS Phone➼Buy Now➼ #URL# #URL# ></document>
    <Document> Orfeld Cordless Vacuum Cleaner 2 in 1 Stick Vacuum Cleaner with Digital Motor 17kPa Powerful Suction & LED Brush for Vacuum… #URL# ></document>
    <Document> PORI JEWELERS Sterling Silver Cushion Cut Halo Solitaire Engagement Ring - 2.45 Cttw CZ (White, 7)➼Buy Now➼… #URL# ></document>
    <document> Garden Radiance GRP3500SS Dancing Flames Stainless Steel Pyramid Patio Heater➼Buy Now➼ #URL# #URL# ></document>
  
</author>