
  
    <document> Did Hina Khan’s entry as Komolika in Parth Samthaan-Erica Fernandes’ Kasautii Zindagii Kay 2 impress you? – vote now #URL# ></document>
    <document> How Meghan Markle’s Australian Royal Tour Style Compares to Kate Middleton’s #URL# ></document>
    <document> Jeffrey Dean Morgan, Connie Nielsen Starring in ‘Postcard Killings’ – MovieMagic #URL# ></document>
    <document> Mel Gibson, Charlie Hunnam Join ‘Waldo’ – MovieMagic #URL# ></document>
    <document> Ayushmann Khurrana’s Badhaai Ho is turning out to be a BLOCKBUSTER at the box office #URL# ></document>
    <document> Sushant Singh Rajput &amp; Sara Ali Khan’s Endearing Chemistry Says A Lot Amidst Their Silence! #URL# ></document>
    <document> After Working With Ranveer Singh, Arshad Warsi Now Understands Why Deepika Padukone Is In Love With Him! #URL# ></document>
    <document> “Health, Fitness Is Of Top Priority For Me &amp; My Family” #URL# ></document>
    <document> Reel Shakeela, Richa Chadha, To Unite With Real One In The Film! #URL# #URL# ></document>
    <document> Fox Releases Midseason Premiere Dates – MovieMagic #URL# ></document>
    <document> REVEALED: Pankaj Tripathi to play the role of a farmer who became a legend #URL# ></document>
    <document> Megyn Kelly Increasingly Unlikely To Get Full Payout Of $69M Contract From NBC #URL# ></document>
    <document> Kip Pardue’s Role On ‘The Runaways’ In Limbo After Sexual Misconduct Allegations #URL# ></document>
    <document> Donald Trump Continues Fake News Crusade During Fox News Interview #URL# ></document>
    <document> Nicki Minaj Says She Didn’t Leak Cardi B’s Number – MovieMagic #URL# ></document>
    <document> Priyanka Chopra looks like the happiest bride ever at her bridal shower #URL# #URL# ></document>
    <document> Zero Trailer Launch + Shah Rukh Khan’s Birthday: Mannat Turns To ‘Jannat’! #URL# ></document>
    <document> Holliday Grainger, Callum Turner Cast in BBC Drama ‘The Capture’ – MovieMagic #URL# ></document>
    <document> Jack And Dil Music Review #URL# ></document>
    <document> 10 Crazy-Epic Celebrity Halloween 2018 Costumes You Can’t Miss #URL# ></document>
    <document> Is sequel to Priyanka Chopra and Kangana Ranaut’s Fashion on the cards? Director Madhur Bhandarkar answers #URL# ></document>
    <document> Shah Rukh Khan’s Breakthrough Performance &amp; 4 Other Things To Watch Out For! #URL# #URL# ></document>
    <document> Lena Dunham Set To Pen Syrian Refugee Survival Film For Paramount #URL# ></document>
    <document> 15 New Ways to Wear Velvet This Season #URL# ></document>
    <document> Tripling 2, Dolly Kitty Aur Woh Chamakte Sitare #URL# ></document>
    <document> Pharrell Williams Threatens LAwsuit After Donald Trump Plays ‘Happy’ At Rally #URL# ></document>
    <document> The page is temporarily unavailable #URL# ></document>
    <document> Amit Sadh introduces girlfriend Annabel DaSilva as his ‘significant other’ and we are left wondering! #URL# ></document>
    <document> Life In A… Metro Sequel Was A Rumour; Anurag Basu Finally Confirms! #URL# ></document>
    <document> Kedarnath first poster out: Sara Ali Khan to debut on December 7, ahead of Ranveer Singh’s Simmba! #URL# ></document>
    <document> TUESDAY TRIVIA! Srimanthudu, Kick, Arya and many other films that were rejected by Jr NTR and turned out to be bloc… #URL# ></document>
    <document> Pharrell Williams Tells Trump Not to Play ‘Happy’ at Rallies – MovieMagic #URL# ></document>
    <document> Outfest Legacy Awards Honor ‘Pose,’ Sony Picture Classics – MovieMagic #URL# ></document>
    <document> Page not found – Movie Magic #URL# ></document>
    <document> ‘It’ Director Andy Muschietti Boards ‘Attack on Titan’ – MovieMagic #URL# ></document>
    <document> Slay or Nay: Priyanka Chopra in Anna Sui outside her apartment in NYC #URL# #URL# ></document>
    <document> Kedarnath Poster: Sushant Singh Rajput rescues Sara Ali Khan from nature’s wrath proving that true love can overcom… #URL# ></document>
    <document> Sony Pictures Registers $209M Q2 Profit, Boosts Full-Year Outlook #URL# ></document>
    <document> Jon Bernthal, Evan Peters, Charlie Plummer, Josh Gad Join Snow Ponies #URL# ></document>
    <document> The Bigg Boss Anup Jalota – Jasleen Matharu gimmick that backfired #URL# ></document>
    <document> Tour the Spooky Chilling Adventures of Sabrina House With Lucy Davis #URL# ></document>
    <document> World Series Ratings Fall 23 Percent From 2017 – MovieMagic #URL# ></document>
    <document> Sanju’s 34.75 Cr VS Thugs Of Hindostan, 2.0 &amp; Zero; Your Bet On The Biggest… #URL# ></document>
    <document> REVEALED: Here are the details of the Priyanka Chopra – Nick Jonas wedding that is expected to happen in Jaipur… #URL# ></document>
    <document> 5 Frames Of Her That Will Make You Watch This Promo More Than Once! #URL# #URL# ></document>
    <document> Salman Khan Wants To Shorten This Film By 20-25 Minutes? #URL# ></document>
    <document> Baazaar Is Ordinary On Monday, Badhaai Ho Keeps The Celebrations On! #URL# ></document>
    <document> Nick Stoller Sells Four Comedies To CBS, ABC &amp; Fox #URL# #URL# ></document>
    <document> Slay or Nay: Mouni Roy in Anamika Khanna for MAMI Film Festival 2018 Brunch #URL# #URL# ></document>
    <document> Married at First Sight’s Shawniece Jackson and Jephte Pierre Get Real About Parenthood #URL# ></document>
    <document> Kedarnath Teaser: Sara Ali Khan – Sushant Singh Rajput’s KISS sets the tone to showcase their intense chemistry… #URL# ></document>
    <document> Malaika Arora speaks about Me Too movement – Here’s why she considers it more of a noise and less of a change #URL# ></document>
    <document> Slay or Nay: Sonakshi Sinha in Romy Collection for an event #URL# ></document>
    <document> Daler Mehendi &amp; Mika Singh’s Brother Amarjeet Singh Passes Away! #URL# ></document>
    <document> Warner Bros lands Peter Jackson WWI Documentary ‘They Shall Not Grow Old’ #URL# #URL# ></document>
    <document> SAG-AFTRA Responds to Sarah Scott Sexual Harrassment Complaint – MovieMagic #URL# ></document>
    <document> Kasautii Zindagii Kay 2: Hina Khan signs as Akshara instead of Komolika on the log sheet of the show #URL# ></document>
    <document> LEAKED PHOTOS! Ranveer Singh and Sara Ali Khan shoot for a peppy dance number for Simmba #URL# #URL# ></document>
    <document> ‘Nanette’ Producer Guesswork Teams With Sharon Horgan’s Merman For Sky Comedy ‘Frayed’ #URL# ></document>
    <document> Kajol Roped In As An Ambassador For A Hair Colouring Brand! #URL# ></document>
    <document> EXCLUSIVE: Taapsee Pannu on trolling the trolls – I just want to show mirror to them #URL# ></document>
    <document> Anurag Basu: I have nowhere mentioned that the movie that I am shooting now is a sequel of Life… In A Metro #URL# ></document>
    <document> Priyanka Chopra and Nick Jonas to debut as a couple on KJo’s Koffee with Karan season finale? #URL# ></document>
    <document> Which Outlets Trump Considers ‘Enemy of the People’ – MovieMagic #URL# ></document>
    <document> Peter Farrelly’s ‘Green Book’ Set to Open Revamped Cairo Film Festival – MovieMagic #URL# ></document>
    <document> Shakeela roped in for a cameo in her biopic #URL# ></document>
    <document> ‘Performance’: 50th Anniversary Of Mick Jagger’s British Crime Drama #URL# #URL# ></document>
    <document> Kedarnath teaser: Sara Ali Khan and Sushant Singh’s hot chemistry beats nature’s cold fury -watch video #URL# ></document>
    <document> Bigg Boss 12: Anup Jalota wants to do Kanyadaan for Jasleen Matharu while she pines for her ‘boyfriend’… #URL# ></document>
    <document> Kedarnath teaser OUT: Sara Ali Khan delivers her first on screen KISS with Sushant Singh Rajput (watch video) #URL# ></document>
    <document> What Will Happen In Chilling Adventures of Sabrina Season 2? #URL# ></document>
    <document> Budget Breaking! Priyanka Chopra, Kareena Kapoor Khan, Janhvi Kapoor and Kangana Ranaut’s style choices that will m… #URL# ></document>
    <document> Daler Mehndi &amp; Mika Singh’s Brother Amarjeet Singh Passes Away! #URL# ></document>
    <document> Cute, protective, goofy – As Ranveer Singh gets set to marry Deepika Padukone, let’s rewind to some pics that are b… #URL# ></document>
    <document> LEAKED PHOTOS: From a simple man to muscular heartthrob, Salman Khan transforms for two different eras in Bharat… #URL# ></document>
    <document> Aamir Khan’s Mantra Of Success! #URL# ></document>
    <document> Arshad Warsi to have a cameo in the remix of Aankh Maare in Rohit Shetty’s Simmba – read tweet #URL# ></document>
    <document> Margarethe von Trotta’s Journey – MovieMagic #URL# ></document>
    <document> Fox News Ripped By Matt Drudge Over “Bizarre” Synagogue Shooting Segment #URL# ></document>
    <document> Sony Pictures Scores Profits of $211 Million in Second Quarter – MovieMagic #URL# ></document>
    <document> ‘The Edge Of Seventeen’ Pilot Based On Movie Ordered By YouTube #URL# #URL# ></document>
    <document> [WATCH] ‘Boy Erased’ Review: Joel Edgerton’s Family Drama Hits Right Notes #URL# ></document>
    <document> Exclusive! Anup Jalota requests Kesar Matharu if he can do Jasleen’s Kanyadaan #URL# ></document>
    <document> Ava Duvernay Working on Prince Documentary for Netflix – MovieMagic #URL# ></document>
    <document> Listen up Dhanush fans! First look of Maari 2 will be out on THIS day – all deets here #URL# ></document>
    <document> Thugs of Hindostan: Amitabh Bachchan and Aamir Khan shoot amongst snakes, bats and a palki in Thailand… #URL# ></document>
    <document> Ekta Kapoor reveals the REAL reason she chose Hina Khan as Komolika and it involves Vidya Balan #URL# ></document>
    <document> Ava DuVernay Directed Prince Docu In The Works At Netflix #URL# ></document>
    <document> Meghan Markle pregnancy: Prince Harry reveals the adorable nickname for his little one and we cannot stop grinning #URL# ></document>
    <document> Gajraj Rao of Badhaai Ho believes in miracles #URL# ></document>
    <document> Shveta Salve dons a bikini, LASHES out at haters with a cigarette in one hand, drink in another #URL# ></document>
    <document> AR Rahman to compose music for the Tamil remake of Pink starring Ajith? – here are the details #URL# ></document>
    <document> How Ellie Kemper Feels About Doing a Reboot of The Office #URL# ></document>
    <document> Mannat gets decked up as Shah Rukh Khan gears for double celebration #URL# #URL# ></document>
    <document> Justin Chadwick Teams With Me+You On Story Of Young Cancer Survivor #URL# ></document>
    <document> Veteran Marathi Composer Yeshwant Deo Passes Away At 91 #URL# ></document>
    <document> When Pankaj Tripathi thought Chorus was some big famous singer in Mumbai #URL# #URL# ></document>
    <document> 22 Films For Which Shah Rukh Khan Was The FIRST Choice! #URL# ></document>
    <document> Anushka Sharma has an open door policy for new musicians #URL# ></document>
    <document> Bigg Boss 12: Rohit Suchanti’s mom SLAMS all the homophobics making fun of his body #URL# ></document>
  
</author>
<Document> Was Hina Khan's entry as Komolika in Parth Samthaan-Erica Fernandes' Kasautii Zindagii Kay 2 impressive? – Vote now #URL# ></document>
    <document>Comparing Meghan Markle's Australian Royal Tour style to Kate Middleton's #URL# ></document>
    <document> Postcard Killings starring Jeffrey Dean Morgan and Connie Nielsen – MovieMagic #URL# ></document>
    <document> Mel Gibson, Charlie Hunnam Join 'Waldo' – MovieMagic #URL# ></document>
    <document> Ayushmann Khurrana's Badhaai Ho is a huge box office success #URL# ></document>
    <Documentation> Sushant Singh Rajput &amp; Sara Ali Khan's adorable chemistry says a lot in silence! #URL# ></Documentation>
    <document> After working with Ranveer Singh, Arshad Warsi understands why Deepika Padukone is in love with him! #URL# ></document>
    <document> "Health and fitness are my top priorities. My family." #URL# ></document>
    <document> Reel Shakeela, Richa Chadha, To unite with the real one in the film! #URL# #URL# ></document>
    <document> Fox releases midseason premiere dates – MovieMagic #URL# ></document>
    <document> Revealed: Pankaj Tripathi Plays Legendary Farmer #URL# ></document>
    <document> Megyn Kelly increasingly unlikely to receive full $69 million deal from NBC #URL# ></document>
    <document>Kip Pardue's role in 'The Runaways' in Limbo following sexual misconduct allegations #URL# ></document>
    <document> Donald Trump Continues Fake News Crusade During Fox News Interview #URL# ></document>
    <document> Nicki Minaj says she never gave out Cardi B's phone number – MovieMagic #URL# ></document>
    <document> Priyanka Chopra looks like the happiest bride ever at a bridal shower #URL# #URL# ></document>
    <document> Zero Trailer Launch + Shah Rukh Khan's Birthday: Mannat Transforms into Jannat! #URL# ></Document>
    <document> Holliday Grainger, Callum Turner to star in BBC drama The Capture – MovieMagic #URL# ></document>
    <document> Jack and Dill Music Review #URL# ></document>
    <document> 10 Crazy Epic Celebrity Halloween Costumes for 2018 #URL# ></document>
    <Documentation> Is Priyanka Chopra and Kangana Ranaut's fashion sequel in the cards?
    <Documentation> Shah Rukh Khan's Breakthrough Performance &amp; ;Four Other Notes #URL# #URL# ></Documentation>
    <document> Lena Dunham contributed Syrian refugee survival film to Paramount #URL# ></document>
    <document> 15 new ways to wear velvet this season #URL# ></document>
    <document> Tripleling 2, Dolly Kitty Aur Woh Chamakte Sitare #URL# ></document>
    <document> Pharrell Williams threatens lawsuit after Donald Trump plays 'Happy' at rally #URL# ></document>
    <document> This page is temporarily unavailable #URL# ></document>
    <document> Amit Sad introduces girlfriend Anabel DaSilva as his "significant other" and we wonder! #URL# ></document><document> A sequel to Life In A… Metro was rumored. Anurag Bas finally confirmed! #URL# ></document>
    <document> Kedarnath First Poster Revealed: Sara Ali Khan Debuts December 7th, Ahead of Ranveer Singh's Simmba! #URL# ></document>
    <Document> TUESDAY TRIVIA! Srimanthudu, Kick, Arya and many other movies rejected by Jr NTR and turned out to be block… #URL# ></document>
    <document> Pharrell Williams tells President Trump not to blow 'happy' at rallies – MovieMagic #URL# ></document>
    <document> Outfest Legacy Awards Honor Sony Picture Classics' "Pose" – MovieMagic #URL# ></document>
    <document> page not found – Movie Magic #URL# ></document>
    <document> "It" Director Andy Muschietti Joins "Attack on Titan" – MovieMagic #URL# ></document>
    <document>Kill or not: Priyanka Chopra in Anna Sui outside her apartment in NYC #URL# #URL# ></document>
    <document> Kedarnath Poster: Sushant Singh Rajput rescues Sara Ali Khan from nature's wrath, proving that true love can overcome… #URL# ></document>
    <Document> Sony Pictures Posts Second Quarter Profit of $209 Million, Boosts Full-Year Outlook #URL# ></Document>
    <document> Jon Bernthal, Evan Peters, Charlie Plummer, and Josh Gad Join Snow Pony #URL# ></document>
    <document> The Bigg Boss Anup Jalota – Jasleen Matharu Gimmick Backfired #URL# ></document>
    <document> Join Lucy Davis on a spooky and chilling adventure at Sabrina House #URL# ></document>
    <document> World Series Ratings Down 23% From 2017 – MovieMagic #URL# ></document>
    <Document> Sanju's 34.75 Cr VS Thugs Of Hindostan, 2.0 &amp;
    <Document> Revealed: Here are the details of Priyanka Chopra and Nick Jonas' upcoming wedding in Jaipur… #URL# ></Document>
    <documentation> Her 5 frames that will make you want to watch this promo again and again! #URL# #URL# ></documentation>
    <documentation> Salman Khan wants to shorten this movie by 20-25 minutes? #URL# ></documentation>
    <Documentation> The Bazaar is mediocre on Monday and Badai Ho continues the celebrations! #URL# ></document>
    <Document> Nick Stoller sells 4 comedies to CBS, ABC and US TV stations Fox #URL# #URL# ></document>
    <document> Slay or Nay: Anamika Khanna's Mouni Roy for MAMI Film Festival 2018 Branch #URL# #URL# ></document>
    <document> First Sight's Shawniece Jackson and Jephte Pierre Marry and Realize Parenthood #URL# ></document>
    <document> Kedarnath Teaser: Sara Ali Khan – Sushant Singh Rajput's KISS sets the tone to showcase their intense chemistry… #URL# ></document>
    <document> Malaika Arora talks about the Me Too movement – ​​here's why she thinks it's just a hype, not a change #URL# ></document>
    <document> Slay or Nay: Sonakshi Sinha in Romy Collection for an event #URL# ></document>
    <Documentation> Daler Mehendi &amp; Mika Singh's brother Amarjeet Singh has passed away! #URL# ></document>
    <Documentation> Warner Bros. Lands Peter Jackson WWI Documentary “They Shall Not Grow Old”#URL# #URL# ></Document>
    <document> SAG-AFTRA Responds to Sarah Scott Sexual Harassment Complaint – MovieMagic #URL# ></document>
    <documentation> Kasautii Zindagii Kay 2: Hina Khan signs as Akshara instead of Komolika on show log sheet #URL# ></document>
    <Documentation> Leaked Photos! Ranveer Singh and Sara Ali Khan go after Simmba's exuberant dance number #URL# #URL# ></document>
    <document> 'Nanette' Producer Guesswork Teams With Sharon Hogan's Merman for Sky Comedy 'Frayed' #URL# ></document>
    <document> Kajol appears as an ambassador for a hair color brand! #URL# ></document>
    <document> Exclusive: About vandalism by Taapsee Pannu – I just want to show them a mirror #URL# ></document>
    <document> Anurag Basu: Nowhere does it say that the movie I'm filming is a sequel to Life... In A Metro #URL# ></document>
    <Document> Will Priyanka Chopra and Nick Jonas debut as a couple in KJo's Koffee with Karan season finale? #URL# ></Document>
    <document> Media Trump sees as "enemies of the people" – MovieMagic #URL# ></document>
    <document> Peter Farrelly's 'Green Book' kicks off with revamped Cairo Film Festival – MovieMagic #URL# ></document>
    <document> Shakeela made a cameo in her biopic #URL# ></document>
    <document> "Performance": 50th Anniversary of Mick Jagger's British Crime Drama #URL# #URL# ></document>
    <document> Kedarnath Teaser: Sara Ali Khan and Sushant Singh's Hot Chemistry Beats Nature's Cold Fury - Watch Video #URL# ></document>
    <document> Bigg Boss 12: Anup Jalota wants to do Kanyadaan for Jasleen Matharu, but she misses her "boyfriend"... #URL# ></document>
    <document> Kedarnath Teaser Revealed: Sara Ali Khan Gives First KISS On Screen With Sushant Singh Rajput (Watch Video) #URL# ></document>
    <Documentation> What happens in the chilling adventures of Sabrina Season 2? #URL# ></Documentation>
    <Document> Over budget! Priyanka Chopra, Kareena Kapoor Khan, Janhvi Kapoor, and Kangana Ranaut's stylistic choices are… #URL# ></document>
    <Documentation> Daler Mehndi &amp; Mika Singh's brother Amarjeet Singh has passed away! #URL# ></document>
    <document> Cute, protective and goofy – Ranveer Singh is ready to marry Deepika Padukone so let's rewind to some pics… #URL# ></document>
    <document> Leaked Photos: From simple man to muscular heartthrob, Salman Khan transforms into two different eras in Bharat… #URL# ></document>
    <document> Aamir Khan's mantra for success! #URL# ></document>
    <document> Arshad Warsi cameo on Aankh Maare remix for Rohit Shetty's Simmba - read tweet #URL# ></document>
    <document> The Journey of Margarete von Trotta – MovieMagic #URL# ></document>
    <document> Matt Drudge rips Fox News on 'weird' synagogue shooting #URL# ></document>
    <Document> Sony Pictures Earns $211 Million in Second Quarter - MovieMagic #URL# ></Document>
    <Document> "The Edge Of Seven"Pilot based on YouTube ordered movie #URL# #URL# ></document>
    <document> [WATCH] 'Boy Erased' Review: Joel Edgerton's Family Drama Hits the Right Note #URL# ></document>
    <Document> Exclusive! Anup Jalota asks Kesar Matharu if he can do Jasleen's Kanyadaan #URL# ></document>
    <document> Ava Duvernay working on Prince documentary for Netflix – MovieMagic #URL# ></document>
    <Documentation> Dhanush fans, listen up. A first look at Maari 2 is out today – full details here #URL# ></document>
    <document> Hindustan Thugs: Amitabh Bachchan and Aamir Khan Shoot Among Snakes, Bats and Palki in Thailand… #URL# ></document>
    <document> Ekta Kapoor reveals the real reason he chose Hina Khan as Komolika, and it involves Vidya Balan #URL# ></document>
    <document> Prince Docu Directed by Ava DuVernay is Now Available on Netflix #URL# ></document>
    <doc> Meghan Markle pregnant: Prince Harry reveals adorable nickname for his little one and can't stop grinning #URL# ></doc>
    <document> Gajraj Rao of Badhaai Ho Believe in Miracles #URL# ></document>
    <document> Shveta Salve wears bikini, cigarette in one hand, whips asshole, smokes another #URL# ></document>
    <document> AR Rahman composes music for pink Tamil remake starring Ajith? – Learn more here #URL# ></document>
    <document> How Ellie Kemper Feels About Rebooting Office #URL# ></document>
    <document> Manat ready for Shah Rukh Khan's double celebration #URL# #URL# ></document>
    <document> Justin Chadwick teams up with Me+You to tell the story of a young cancer survivor #URL# ></document>
    <document> Veteran Marathi Composer Yeshwant Deo Dies at 91 #URL# ></document>
    <document> When Pankaj Tripathi thought Chorus was a famous singer in Mumbai #URL# #URL# ></document>
    <Documentation> 22 Movies Shah Rukh Khan Was First Picked! #URL# ></Documentation>
    <document> Anushka Sharma has an open door policy for new musicians #URL# ></document>
    <document> Bigg Boss 12: Rohit Suchanthi's mother makes fun of his body and denounces homophobia #URL# ></document>
  
</author>