
  
    <document> Watch the New Salem Season 3 Trailer #URL# #HASHTAG# ></document>
    <document> Dad Sets Inspiring Example for Daughter, World in General #URL# #HASHTAG# ></document>
    <document> Beyoncé will headline this year's Tidal X benefit show because who else can? #URL# ></document>
    <document> Talking self-driving cars, IPOs, and what’s next, with True Ventures #URL# ></document>
    <document> The Trade Desk finishes strong at $30.10 per share after its first day on NASDAQ #URL# ></document>
    <document> Global Over The Top Market By Content Type, By Platform, By Deployment Model, By Service Type, By User Type, Compe… #URL# ></document>
    <document> Corey Feldman: What If I Had Committed Suicide After Today Show Performance? #URL# #HASHTAG# ></document>
    <document> Chris Pratt Finally Snaps: Find Out Why! #URL# #HASHTAG# ></document>
    <document> Brad Pitt "Married a Lunatic" &amp; "Lives on Whiskey," Celebrity Sources Say #URL# #HASHTAG# ></document>
    <document> Is technology really the solution for developing countries to prosper? #URL# ></document>
    <document> Pogoplug unlimited cloud storage service is shutting down on September 28 #URL# ></document>
    <document> Waze launches Bluetooth beacons to avoid tunnel blackouts #URL# ></document>
    <document> Little girl's pep talk gives us serious confidence goals #URL# ></document>
    <document> App Developers: It’s Time to Focus on Retention Strategies (Report) #URL# ></document>
    <document> Rob Kardashian pulls off platinum blonde as well as his sisters #URL# ></document>
    <document> Stephen Colbert skewers Donald Trump Jr. for his idiotic Skittles analogy #URL# ></document>
    <document> Clarity Connect™ cloud contact center solution for Office 365 and Skype for Business is now available #URL# ></document>
    <document> Blizzard is phasing out the ‘#URL#’ name #URL# ></document>
    <document> CenturyLink Schedules Third Quarter 2016 Earnings Conference Call #URL# ></document>
    <document> This running back has the NFL's funniest Twitter avatar by far #URL# ></document>
    <document> Beats has a new pair of stylish wired headphones for you wireless haters #URL# ></document>
    <document> Twitter’s new transparency report is disclosure done right #URL# ></document>
    <document> Donald Trump: The N-Word is HILARIOUS...When Don King Says It #URL# #HASHTAG# ></document>
    <document> Watch This Ash vs. Evil Dead Behind the Scenes Trailer Tour! #URL# #HASHTAG# ></document>
    <document> The State of Communications and Collaboration in the Enterprise--How Companies are Embracing Digital Transformation #URL# ></document>
    <document> Jana Kramer: Is Husband Mike Caussin a Sex Addict? #URL# #HASHTAG# ></document>
    <document> Meet the new C-level executives born of smart cities #URL# ></document>
    <document> DigitalTown looks to ease pain of smart city transformation #URL# ></document>
    <document> Chan Zuckerberg Initiative commits to investing $3 billion to cure diseases #URL# ></document>
    <document> Disney is already lowering box-office expectations for Star Wars: Rogue One #URL# ></document>
    <document> Protests erupt in Charlotte following the shooting of Keith Lamont Scott. #URL# ></document>
    <document> Kailyn Lowry: Buh-Bye Javi Marroquin, Hello New Boyfriend! #URL# #HASHTAG# ></document>
    <document> This may be the perfect wireless headphone design (for now) #URL# ></document>
    <document> Aria Systems launches automotive recurring revenue platform #URL# ></document>
    <document> WhatsApp Adds User Tagging to Group Chats #URL# ></document>
    <document> Cybersecurity is threatening America’s military supremacy #URL# ></document>
    <document> 3 reasons chatbots can’t replace B2B customer support agents yet #URL# ></document>
    <document> HP's Sprocket might not be the best instant printer, but it's definitely the most fun #URL# ></document>
    <document> Warner CEO Jeff Bewkes Says DC Films Have Room for Improvement #URL# #HASHTAG# ></document>
    <document> Joby proves that selfie sticks can, indeed, get sillier #URL# ></document>
    <document> Mark Zuckerberg's new $3 billion goal: Curing all disease #URL# ></document>
    <document> Angelina Jolie and Brad Pitt Divorce: How Much is at Stake? #URL# #HASHTAG# ></document>
    <document> Scientists teach machines to hunt and kill humans — in Doom deathmatch mode #URL# ></document>
    <document> Want to know how many times ancient humans migrated out of Africa? Check their genes #URL# ></document>
    <document> CodeFights Unveils Code Arcade To Make Honing Your Skills A Thrilling Game #URL# ></document>
    <document> Tinder's iMessage app involves swiping but not dating #URL# ></document>
    <document> Londoners wait in line for hours to get a taste of In-N-Out Burger #URL# ></document>
    <document> UPCOMING WEBINAR: Customer Generated Content – 7 Things Marketers Should Know #URL# ></document>
    <document> Escape prison with the hero of ‘Shawshank Redemption’ in this 8-bit film #URL# ></document>
    <document> Rome set to drop 2024 Olympics bid, improving LA's chances #URL# ></document>
    <document> Blizzard kills the classic #URL# brand after 20 years #URL# ></document>
    <document> Emma Watson takes her fight for gender equality to universities #URL# ></document>
    <document> Why ‘there’s a chatbot for that’ is now a thing #URL# ></document>
    <document> We now know exactly how many times Trump has tweeted his favorite insults #URL# ></document>
    <document> Bots are waging passive-aggressive war on Wikipedia #URL# ></document>
    <document> Mark Zuckerberg and Priscilla Chan announce $3 billion initiative to ‘cure all diseases’ #URL# ></document>
    <document> Megawati Instructs PDIP Members to Support Ahok-Djarot #URL# ></document>
    <document> Tumblr Now Supports Apple Live Photos on the Web #URL# ></document>
    <document> How to keep your Google Allo messages secure and private #URL# ></document>
    <document> Instagram Introduces “Save as Draft” Feature #URL# ></document>
    <document> 22 Celebrity Weddings We Did NOT See Coming #URL# #HASHTAG# ></document>
    <document> Star Wars: Battlefront’s Death Star DLC is out — watch us play #URL# ></document>
    <document> Blizzard is getting rid of the #URL# name #URL# ></document>
    <document> The 16 countries in the 'Overwatch' World Cup #URL# ></document>
    <document> Uncharted 4: A Thief’s End new multiplayer DLC makes murder photogenic #URL# ></document>
    <document> A Dark Tower TV series featuring Idris Elba is in the works #URL# ></document>
    <document> Rocana to Lead Customer Experience Forum at TC3 Summit 2016 #URL# ></document>
    <document> Instanet Solutions adds another 12,000+ subscribers Deep in the Heart of Texas #URL# ></document>
    <document> Meet Grand Admiral Thrawn in a New Star Wars Rebels Clip #URL# #HASHTAG# ></document>
    <document> QUIZ: Which cocktail garnish fits your personality? #URL# ></document>
    <document> The Dodgers just trolled Madison Bumgarner with these t-shirts #URL# ></document>
    <document> Facebook Announces Several Measurement Products, Integrations #URL# ></document>
    <document> Jason Calacanis on the new #URL#, the state of the media and what's interesting to investors #URL# ></document>
    <document> YouTube Announces #HASHTAG# ‘Get Out the Vote’ Campaign #URL# ></document>
    <document> Amazon hires CEO of conversational commerce startup Angel.ai #URL# ></document>
    <document> Oliver Queen Surveys Star City in Arrow Season 5 Poster #URL# #HASHTAG# ></document>
    <document> Watch the Phantasm: Ravager Trailer #URL# #HASHTAG# ></document>
    <document> Gwent: The Witcher Card Game gets stress tests #URL# ></document>
    <document> DreamWorks Cancels Horror Movie Haunted, Fires Director #URL# #HASHTAG# ></document>
    <document> Don King uses N-word while introducing Donald Trump #URL# ></document>
    <document> 10 great 'Survivor' moments, as told by two former castaways #URL# ></document>
    <document> Chelsea Handler calls Angelina Jolie 'a f*cking lunatic' #URL# ></document>
    <document> Why You Should Never Take A Photo Of Your Boarding Pass #URL# ></document>
    <document> The Brangelina breakup has made 'By the Sea' into a too-real masterpiece #URL# ></document>
    <document> Climate change poses a major security risk to the U.S. today, intelligence report warns #URL# ></document>
    <document> Facebook Announces Several Measurement Products, Integrations #URL# ></document>
    <document> The Tension Experience: A live theater show that seriously messes with your head #URL# ></document>
    <document> Up close with Oakley Radar Pace, the wearable that may help you forget Google Glass #URL# ></document>
    <document> ReplyBuy brings artificial intelligence concierge service to sports and entertainment market #URL# ></document>
    <document> Head back to 'Shawshank Redemption' prison in 8-bit-style short #URL# ></document>
    <document> NYC bombing suspect's eBay and YouTube accounts give insight into his mind #URL# ></document>
    <document> A Visit to the X-Mansion for the X-Men: Apocalypse Blu-ray Junket #URL# #HASHTAG# ></document>
    <document> Even your toaster is about to be smarter than you #URL# ></document>
    <document> Microsoft releases new Windows 10 preview with Maps improvements and USB Audio 2.0 support #URL# ></document>
    <document> Global Cloud Services Brokerage (CSB) Industry #URL# ></document>
    <document> The Fallen Movie Trailer is Finally Here! #URL# #HASHTAG# ></document>
    <document> Insider Tips for Maximizing Your Budget with Media Tours #URL# ></document>
    <document> Chelsea Manning prepares defense against charges stemming from suicide attempt #URL# ></document>
    <document> An artist fixed that Jumanji set photo #URL# ></document>
    <document> Indonesia's taxman going after Google and other tech giants - The Straits Times #URL# ></document>
  
</author>
<document> Watch the New Salem Season 3 Trailer #URL# #HASHTAG# ></document>
    <document> Dad Leads Daughter Inspirational Example, Worldwide #URL# #HASHTAG# ></document>
    <Document> Who else could Beyoncé headline this year's Tidal X benefit show? #URL# ></Document>
    <document> Talking Self-Driving Cars, IPOs and Next Steps with True Ventures #URL# ></document>
    <document> Trade Desk Closes Strong at $30.10 per Share After First Day on NASDAQ #URL# ></document>
    <document> Competitive global over-the-top markets by content type, platform, deployment model, service type, user type… #URL# ></document>
    <document> Corey Feldman: What if you killed yourself after performing today's show? #URL# #hashtag# ></document>
    <documentation> Chris Pratt finally snaps: find out why! #URL# #hashtag# ></documentation>
    <Document> Brad Pitt “Marries a Madman” & “Living on Whiskey,” Celebrities Talk #URL# #HASHTAG# ></document>
    <Documentation> Is Technology Really the Solution to Thrive in Developing Countries? #URL# ></Documentation>
    <document> Pogoplug Unlimited Cloud Storage Service Ends September 28th #URL# ></document>
    <document> Waze Fires Bluetooth Beacons to Avoid Tunnel Outages #URL# ></document>
    <document> Girl pep talk gives us some serious confidence goals #URL# ></document>
    <document> App Developers: It's Time to Focus on Retention Strategy (Report) #URL# ></document>
    <document> Rob Kardashian pulls off platinum blonde and his sisters #URL# ></document>
    <document> Stephen Colbert criticizes Donald Trump Jr.'s ludicrous Skittles analogy #URL# ></document>
    <document> Clarity Connect™ Cloud Contact Center Solution for Office 365 and Skype for Business Now Available #URL# ></document>
    <document> Blizzard is phasing out the name "#URL#" #URL# ></document>
    <document> CenturyLink Schedules Third Quarter 2016 Earnings Conference Call #URL# ></document>
    <document> This running back has the NFL's funniest Twitter avatar #URL# ></document>
    <document> Beats offers stylish new wired headphones for those of you who hate wireless #URL# ></document>
    <document> Twitter's New Transparency Report Correctly Discloses #URL# ></document>
    <document> Donald Trump: N-Word is HILARIOUS...When Don King Is It #URL# #HASHTAG# ></document>
    <document> Check out this Ash vs. Evil Dead Behind the Scenes Trailer Tour! #URL# #hashtag# ></document>
    <document> The State of Communication and Collaboration in the Enterprise -- How Businesses Are Embracing Digital Transformation #URL# ></document>
    <document> Jana Kramer: Is my husband Mike Caussin a sex addict? #URL# #hashtag# ></document>
    <document> Meet the new C-level executives born out of smart cities #URL# ></document>
    <document> DigitalTown seeks to ease the pain of smart city transformation #URL# ></document>
    <Document> Chan Zuckerberg Initiative Pledges InvestmentInvesting $3 Billion to Cure Disease #URL# ></document>
    <document> Disney Already Lowers Box Office Forecasts For Star Wars: Rogue One #URL# ></document>
    <Document> Protests erupt in Charlotte after shooting of Keith Lamont Scott. #URL# ></document>
    <documentation> Kailyn Lowry: goodbye Javi Marroquin, hello new boyfriend! #URL# #hashtag# ></documentation>
    <document> This could be the perfect wireless headphone design (for now) #URL# ></document>
    <document> Aria Systems Launches Automotive Recurring Revenue Platform #URL# ></document>
    <document> WhatsApp adds user tagging to group chats #URL# ></document>
    <document> Cybersecurity Threatens America's Military Superiority #URL# ></document>
    <document> 3 Reasons Chatbots Still Can't Replace B2B Customer Support Agents #URL# ></document>
    <document> HP's Sprocket may not be the best instant printer, but it's definitely the most fun #URL# ></document>
    <document> Warner CEO Jeff Bewkes says DC Films has room for improvement #URL# #HASHTAG# ></document>
    <document> Joby proves selfie sticks can actually be stupid #URL# ></document>
    <document> Mark Zuckerberg's New $3 Billion Goal: Cure All Diseases #URL# ></document>
    <documentation> Angelina Jolie and Brad Pitt's divorce: how much is at stake? #URL# #hashtag# ></documentation>
    <document> Scientists Teach Machines How to Hunt and Kill Humans — #URL# ></document> in Doom Deathmatch Mode
    <document> Want to know how many times ancient humans migrated out of Africa? Check your genes #URL# ></document>
    <document> CodeFights Publishes Code Arcade, Hones Skills Into Thrilling Games #URL# ></document>
    <document> Tinder's iMessage App Has Swipe Functionality, But No Dating #URL# ></document>
    <document> Londoners line up for hours to taste an In-N-Out Burger #URL# ></document>
    <document> Upcoming Webinar: Customer Generated Content – ​​7 Things Every Marketer Should Know #URL# ></document>
    <document> Break Out Of Prison With The Shawshank Redemption Hero In This 8-Bit Movie #URL# ></document>
    <document> Rome to drop bid for 2024 Olympics, increasing chances for LA #URL# ></document>
    <document> Blizzard kills classic #URL# brand after 20 years #URL# ></document>
    <document> Emma Watson Calls for Gender Equality at College #URL# ></document>
    <document> Why "there's a chatbot for that" is a hot topic right now #URL# ></document>
    <document> Find out exactly how many times Trump tweeted his favorite insults #URL# ></document>
    <document> Bots wage a passive attack war on Wikipedia #URL# ></document>
    <document> Mark Zuckerberg and Priscilla Chan Announce $3 Billion Initiative to “Cure All Diseases” #URL# ></document>
    <document> Megawati instructs PDIP members to support Ahok-Djarot #URL# ></document>
    <document> Tumblr Supports Apple Live Photos on the Web #URL# ></document>
    <Documentation> How to keep your Google Allo messages safed Private #URL# ></document>
    <document> Instagram Introduces “Save As Draft” Feature #URL# ></document>
    <document> 22 celebrity weddings #URL# #HASHTAG# ></document>
    <document> Star Wars: Battlefront's Death Star DLC has been released — see #URL# in play ></document>
    <document> Blizzard removes the name #URL# #URL# ></document>
    <document> 16 Nations in the Overwatch World Cup #URL# ></document>
    <document> Uncharted 4: A Thief's End New Multiplayer DLC Makes Murder Scenes Photogenic #URL# ></document>
    <document> Dark Tower TV series featuring Idris Elba is in the works #URL# ></document>
    <document> Rocana Leads Customer Experience Forums at TC3 Summit 2016 #URL# ></document>
    <document> Instanet Solutions Adds 12,000+ Subscribers to Heart of Texas #URL# ></document>
    <document> Meet Grand Admiral Thrawn in New Star Wars Rebels Clip #URL# #HASHTAG# ></document>
    <document> Quiz: Which Cocktail Garnish Fits Your Personality? #URL# ></document>
    <document> Dodgers trolled Madison Bumgarner with this t-shirt #URL# ></document>
    <document> Facebook announces several measurement products, integrations #URL# ></document>
    <document> New #URL# by Jason Karakanis, State of the Media, Interesting for Investors #URL# ></document>
    <document> YouTube Announces #HASHTAG# “Get Out the Vote” Campaign #URL# ></document>
    <document> Amazon Hires CEO of Conversational Commerce Startup Angel.ai #URL# ></document>
    <Documentation> Oliver Queen Exploring Star City in Arrow Season 5 Poster #URL# #HASHTAG# ></Documentation>
    <Documentation> Watch the Phantasm: Ravager Trailer #URL# #HASHTAG# ></Documentation>
    <document> GWENT: The Witcher Card Game Stress Test #URL# ></document>
    <document> DreamWorks Cancels Horror Movie 'Haunted', Fires Director #URL# #HASHTAG# ></document>
    <document> Don King uses the N-word when introducing Donald Trump #URL# ></document>
    <document> 10 Awesome 'Survivor' Moments Told by Two Ex-Drifters #URL# ></document>
    <document> Chelsea Handler calls Angelina Jolie a 'fucking lunatic' #URL# ></document>
    <document> Why you shouldn't take a photo of your boarding pass #URL# ></document>
    <document> Brangelina's breakup makes 'By the Sea' an all too real masterpiece #URL# ></document>
    <document> Climate change poses major security risks to US today, intelligence report warns #URL# ></document>
    <document> Facebook announces several measurement products, integrations #URL# ></document>
    <document> The Tension Experience: A Mind-Blending Live Theater Show #URL# ></document>
    <document> An Up-close Look at Oakley Radar Pace, a Wearable That Helps You Forget Google Glass #URL# ></document>
    <document> ReplyBuy Brings Artificial Intelligence Concierge Service to Sports and Entertainment Market #URL# ></document>
    <Document> Back to "The Shawshank Redemption"#URL# ></document>
    <document> NYC bombing suspect's eBay and YouTube accounts explore his mind #URL#></document>
    <document> A Visit to the X-Mansion for the X-Men: Apocalypse Blu-ray Junket #URL# #HASHTAG# ></document>
    <document> Your Toaster Will Be Smarter Than You #URL# ></document>
    <documentation> Microsoft releases new Windows 10 preview with map improvements and support for USB Audio 2.0 #URL# ></documentation>
    <document> Global Cloud Services Brokerage (CSB) Industry #URL# ></document>
    <document> Fallen movie trailer is finally here! #URL# #hashtag# ></document>
    <document> Insider tips for getting the most out of your budget on your media tour #URL# ></document>
    <document> Chelsea Manning prepares defense against accusations resulting from attempted suicide #URL# ></document>
    <document> Artist fixes Jumanji set photo #URL# ></document>
    <document> Indonesian Tax Office Targets Google, Other Tech Giants - The Straits Times #URL# ></document>
  
</author>