
  
    <document> Gruesome ISIS video shows Turkish soldiers that they captured being burned alive #URL# #URL# ></document>
    <document> VIDEO: French Police Officers Attacked, Set Afire by Muslim Mob #URL# #URL# ></document>
    <document> An apocalyptic vision’ ISIS app teaches CHILDREN about blowing up Big Ben and Eiffel Tower #URL# #URL# ></document>
    <document> TRY NOT TO PUKE: The Obamas last Christmas address is so full of lies and nonsense, it’s almost comical… #URL# ></document>
    <document> Trump: Berlin rampage ‘proves’ Muslim ban proposal ‘100% correct’ #URL# #URL# ></document>
    <document> MEDIA SILENCE: 16 hurt in yet another Muslim terror attack at a church in the Philippines #URL# #URL# ></document>
    <document> RT #USER#: I am happy to announce that we have paid the fees to list in CB. Thanks to the first investors who trusted us and our projec… ></document>
    <document> Israeli PM Netanyahu lashes out at Obama after the latter intentionally abandoned Israel at the UN, breaking…… #URL# ></document>
    <document> Black Teen Murders White Classmate, Takes “Selfie” With the Body… No Media Outrage #URL# #URL# ></document>
    <document> WARNING TO WESTERN WORLD: Germany has 7,000 jihad terror suspects, can’t keep track of them all… #URL# ></document>
    <document> Obama Ends Immigrant Fingerprint and Registration Program For Muslim ‘Refugees’ Infuriating America… #URL# ></document>
    <document> White House On Defense After Being Exposed as Architect of Anti-Israel U.N. Action #URL# #URL# ></document>
    <document> #USER# hello withdrwl in ltc how long? ></document>
    <document> RT #USER#: We officially announce that we are listed in #USER#. We are very happy to list in this great exchange, you can buy yo… ></document>
    <document> After Reading This, You Will Never Use Your Phone In A Toilet Again! #URL# #URL# ></document>
    <document> #USER# I made a withdrawal for an amount of 6.06720117 Litecoin which check up with email and checking everyt… #URL# ></document>
    <document> ISIS-LINKED GROUP CALLS FOR NEW YEAR’S EVE ATTACKS #URL# #URL# ></document>
    <document> Italy: Schoolchildren BANNED from singing Silent Night over fears it will OFFEND Muslims #URL# #URL# ></document>
    <document> RT #USER#: Follow all the activity in our ANN. Many positive comments, support us too. #URL# ></document>
    <document> Trump: Berlin rampage ‘proves’ Muslim ban proposal ‘100% correct’ #URL# #URL# ></document>
    <document> FU OBAMA: As a response to the absurd UN resolution that Obama helped get passed, Jerusalem set to approve 5,600…… #URL# ></document>
    <document> Black Teen Murders White Classmate, Takes “Selfie” With the Body… No Media Outrage #URL# #URL# ></document>
    <document> Israel and Syria are still at war, so why are Israeli medical staff treating Syrians? – AND WHY IS THE MEDIA…… #URL# ></document>
    <document> PUTIN DOES IT; Syria ready for truce, Assad stays, US is left out and humiliated #URL# #URL# ></document>
    <document> Fury as Charlie Sheen says Trump should be the next celebrity to die prompting backlash from web users calling him…… #URL# ></document>
    <document> NATO Auditor Who Discovered US Funds ISIS Found Dead Under Bizarre Circumstances – Family Absolutely Says He Was…… #URL# ></document>
    <document> Barack Obama Says Reparations to Blacks for Slavery “A Good Argument” #URL# #URL# ></document>
    <document> Barack Obama Says Reparations to Blacks for Slavery “A Good Argument” #URL# #URL# ></document>
    <document> Woman beaten with stick in India for resisting sexual assault (VIDEO) #URL# #URL# ></document>
    <document> NEW ISIS HITLIST: Now jihadis target THOUSANDS of churches in New Year terror plot #URL# #URL# ></document>
    <document> German cop faces CRIMINAL CHARGES for calling Angela Merkel ‘INSANE’ Due to Her Muslim Immigration Policy… #URL# ></document>
    <document> U.S. Fighter Pilots Wear EPIC Item While Bombing ISIS To Ashes On Christmas Day #URL# #URL# ></document>
    <document> Israeli PM Netanyahu lashes out at Obama after the latter intentionally abandoned Israel at the UN, breaking…… #URL# ></document>
    <document> MEDIA SILENCE: 16 hurt in yet another Muslim terror attack at a church in the Philippines #URL# #URL# ></document>
    <document> U.S. Fighter Pilots Wear EPIC Item While Bombing ISIS To Ashes On Christmas Day #URL# #URL# ></document>
    <document> Trump warns UN after Israel vote: ‘Things will be different’ soon – Is Defunding the Israel Hating Body His Next…… #URL# ></document>
    <document> FU OBAMA: As a response to the absurd UN resolution that Obama helped get passed, Jerusalem set to approve 5,600…… #URL# ></document>
    <document> PUTIN DOES IT; Syria ready for truce, Assad stays, US is left out and humiliated #URL# #URL# ></document>
    <document> #USER# hello how can withdral ltc? ></document>
    <document> OUCH: A NY Trump associate and fellow billionaire calls Michelle Obama a male ape #URL# #URL# ></document>
    <document> EUROPE IN SHOCK: Man dresses as ISIS fighter and ‘walks straight across German border controls’… #URL# ></document>
    <document> RT #USER#: Officially we are on waiting list to be listed in CB this makes us very happy, Remember that the first investors always win… ></document>
    <document> Fury as Charlie Sheen says Trump should be the next celebrity to die prompting backlash from web users calling him…… #URL# ></document>
    <document> NATO Auditor Who Discovered US Funds ISIS Found Dead Under Bizarre Circumstances – Family Absolutely Says He Was…… #URL# ></document>
    <document> Gruesome ISIS video shows Turkish soldiers that they captured being burned alive #URL# #URL# ></document>
    <document> #USER# hello the emails to confirm the withdrawal on your platform are not arriving I can not withdraw ></document>
    <document> 50% of All Colon Cancer Deaths Could Be Avoided If Everyone Did These 10 Natural Things #URL# #URL# ></document>
    <document> After Reading This, You Will Never Use Your Phone In A Toilet Again! #URL# #URL# ></document>
    <document> White House On Defense After Being Exposed as Architect of Anti-Israel U.N. Action #URL# #URL# ></document>
    <document> Unbelievable!!! Hillary’s Delusion: ‘I’m Going to Run Again in 2020’ #URL# #URL# ></document>
    <document> 10 Lies Secretary of State Kerry Told During His Big Middle East Peace Speech #URL# #URL# ></document>
    <document> Jerusalem orders to cancel all aid programs to resolution co-sponsor Senegal #URL# #URL# ></document>
    <document> ISLAMIC TERROR? Terrorism not ruled after Russian military plane crashes into Black Sea killing 92 people… #URL# ></document>
    <document> NEW ISIS HITLIST: Now jihadis target THOUSANDS of churches in New Year terror plot #URL# #URL# ></document>
    <document> SHOCKER=&gt; Berlin Christmas Market Killer Fled to Mosque for Protection After Massacre (Photos)… #URL# ></document>
    <document> On Vacation, Donald Trump Announces 8,000 New Jobs for the United States #URL# #URL# ></document>
    <document> Unbelievable!!! Hillary’s Delusion: ‘I’m Going to Run Again in 2020’ #URL# #URL# ></document>
    <document> Ever Wondered What The Half Moon Shape On Your Nails Mean? #URL# #URL# ></document>
    <document> Delusional Congresswoman Thinks Hillary Lost Because Democrats are Too Nice #URL# #URL# ></document>
    <document> OUCH: A NY Trump associate and fellow billionaire calls Michelle Obama a male ape #URL# #URL# ></document>
    <document> Jihad in the White House: Obama Scraps National Security Program to Screen Visitors From Middle Eastern Countries… #URL# ></document>
    <document> RT #USER#: We are closer, we have sold another MN. We continue in the first phase, and we hope to receive more support from investors.… ></document>
    <document> Highlights of Muslim Leaders’ Christmas Messages #URL# #URL# ></document>
    <document> ABSURDITY: French mayor tried for hate crimes for saying large number of Muslims in his city was “problem”… #URL# ></document>
    <document> ISLAMIC TERROR? Terrorism not ruled after Russian military plane crashes into Black Sea killing 92 people… #URL# ></document>
    <document> Trump Just Sent a 2-Minute Christmas Message That Will Save America #URL# #URL# ></document>
    <document> Muslim students demand prayer rooms in every ‘major building’ #URL# #URL# ></document>
    <document> Trump warns UN after Israel vote: ‘Things will be different’ soon – Is Defunding the Israel Hating Body His Next…… #URL# ></document>
    <document> RT #USER#: We are pleased to announce that we are coming from the first sales goal to be listed. Since the launch of the blockchain we… ></document>
    <document> RT #USER#: The investors that needed security to invest in us here have it, WE WILL BE IN CB SOON. There are few nodes left to be bough… ></document>
    <document> WARNING TO WESTERN WORLD: Germany has 7,000 jihad terror suspects, can’t keep track of them all… #URL# ></document>
    <document> BUSTED: Now We Know Who Harassed Ivanka Trump… And It’s Driving Liberals NUTS #URL# #URL# ></document>
    <document> Delusional Congresswoman Thinks Hillary Lost Because Democrats are Too Nice #URL# #URL# ></document>
    <document> #USER# Hello how can withdrawl my ltc? ></document>
    <document> EUROPE IN SHOCK: Man dresses as ISIS fighter and ‘walks straight across German border controls’… #URL# ></document>
    <document> RT #USER#: UservCoin $USERV has been added to the MNO platform.  #URL#  ☑️  Accurate Stats ☑️  Monitoring Enabled  #HASHTAG#… ></document>
    <document> ISIS listed US churches for Muslims to attack during the Christmas season #URL# #URL# ></document>
    <document> ‘Israel to stop funding UN institutions’ #URL# #URL# ></document>
    <document> Italy: Schoolchildren BANNED from singing Silent Night over fears it will OFFEND Muslims #URL# #URL# ></document>
    <document> On Vacation, Donald Trump Announces 8,000 New Jobs for the United States #URL# #URL# ></document>
    <document> US Congress Threatens to Defund UN over Anti-Israel Vote that has Left Many In BOTH Parties Furious at Obama… #URL# ></document>
    <document> TRY NOT TO PUKE: The Obamas last Christmas address is so full of lies and nonsense, it’s almost comical… #URL# ></document>
    <document> German cop faces CRIMINAL CHARGES for calling Angela Merkel ‘INSANE’ Due to Her Muslim Immigration Policy… #URL# ></document>
    <document> Israel and Syria are still at war, so why are Israeli medical staff treating Syrians? – AND WHY IS THE MEDIA…… #URL# ></document>
    <document> An apocalyptic vision’ ISIS app teaches CHILDREN about blowing up Big Ben and Eiffel Tower #URL# #URL# ></document>
    <document> ‘Israel to stop funding UN institutions’ #URL# #URL# ></document>
    <document> Obama Ends Immigrant Fingerprint and Registration Program For Muslim ‘Refugees’ Infuriating America… #URL# ></document>
    <document> RT #USER#: We mention 😀UservCoin(USERV)😍 on our Recent News area! Let us know if you want to get listed on #URL#… ></document>
    <document> Woman beaten with stick in India for resisting sexual assault (VIDEO) #URL# #URL# ></document>
    <document> SHOCKER=&gt; Berlin Christmas Market Killer Fled to Mosque for Protection After Massacre (Photos)… #URL# ></document>
    <document> Highlights of Muslim Leaders’ Christmas Messages #URL# #URL# ></document>
    <document> Jihad in the White House: Obama Scraps National Security Program to Screen Visitors From Middle Eastern Countries… #URL# ></document>
    <document> Muslims Are FURIOUS After Trump Election, Make Final Ultimatum: STOP Trump Or We’re Going Home!… #URL# ></document>
    <document> BUSTED: Now We Know Who Harassed Ivanka Trump… And It’s Driving Liberals NUTS #URL# #URL# ></document>
    <document> 10 Lies Secretary of State Kerry Told During His Big Middle East Peace Speech #URL# #URL# ></document>
    <document> 50% of All Colon Cancer Deaths Could Be Avoided If Everyone Did These 10 Natural Things #URL# #URL# ></document>
    <document> VIDEO: French Police Officers Attacked, Set Afire by Muslim Mob #URL# #URL# ></document>
    <document> US Congress Threatens to Defund UN over Anti-Israel Vote that has Left Many In BOTH Parties Furious at Obama… #URL# ></document>
    <document> ABSURDITY: French mayor tried for hate crimes for saying large number of Muslims in his city was “problem”… #URL# ></document>
    <document> Trump Just Sent a 2-Minute Christmas Message That Will Save America #URL# #URL# ></document>
  
</author>
<document> Terrifying ISIS video of Turkish soldiers caught burning alive #URL# #URL# ></document>
    <document> Video: French police attacked, set fire to Muslim mob #URL# #URL# ></document>
    <document> Post-apocalyptic vision ISIS app teaches kids about blowing up Big Ben and Eiffel Tower #URL# #URL# ></document>
    <document> Please don't throw up: The Obamas' final Christmas speech is full of lies and nonsense, almost comical... #URL# ></document>
    <document> Trump: Riots in Berlin "Prove" Proposal to Ban Muslims "100% Correct" #URL# #URL# ></document>
    <document> Media Silence: 16 Injured in Muslim Terrorist Attack on Philippine Church #URL# #URL# ></document>
    <document> RT #USER#: We would like to inform you that we have paid your fee to be listed on CB. Thank you to our first investors for trusting us and our project… ></document>
    <document> Israeli Prime Minister Netanyahu lashed out at and defeated Obama after he deliberately deserted Israel at the UN… #URL# ></document>
    <document> Black teen kills white classmate, takes 'selfie' with body... Don't get media wrath #URL# #URL# ></document>
    <document> Warning to the Western world: Germany has 7,000 suspected jihadists and it is not possible to track them all… #URL# ></document>
    <document> President Obama Ends Immigrant Fingerprint Registration Program for Muslim 'Refugees' Enrages America… #URL# ></document>
    <document> White House Defends After Exposed as Architect of Anti-Israel UN Action #URL# #URL# ></document>
    <document> #USER# hello withdrwl in ltc how long? ></document>
    <document> RT #USER#: Officially announces that you have been registered as #USER#. We are very happy to be listed on this wonderful exchange. Available for purchase... ></document>
    <documentation> After reading this, you will never use your phone in the bathroom again! #URL# #URL# ></documentation>
    <document> #USER# I have withdrawn 6.06720117 Litecoin amount. This is checked by email, checking everything… #URL# ></document>
    <document> ISIS affiliated group calling for New Year's Eve attacks #URL# #URL# ></document>
    <document> Italy: Schoolchildren banned from singing Silent Night for fear of offending Muslims #URL# #URL# ></document>
    <document> RT #USER#: Follow all ANN activity. Many positive comments, please support us too. #URL# ></document>
    <document> Trump: Riots in Berlin "Prove" Proposal to Ban Muslims "100% Correct" #URL# #URL# ></document>
    <document> FU OBAMA: In response to the absurd UN resolution Obama helped pass, Jerusalem decided to approve 5,600... #URL# ></document>
    <document> Black teen kills white classmate, takes 'selfie' with body... Don't get media wrath #URL# #URL# ></document>
    <document> Why are Israeli medical staff treating Syrians when Israel and Syria are still at war? – Why the media… #URL# ></document>
    <Documentation> Putin does it. Syria ready for truce, Assad stays, US left behind and humiliated #URL# #URL# ></document>
    <document> Charlie Sheen was outraged when he said Trump should be the next celebrity to die, sparking backlash from web users who called him... #URL# ></document>
    <Document> NATO Auditor Who Found US Funds ISIS Found Dead Under Strange Circumstances – Family Says He… #URL# ></document>
    <document> Barack Obama says black reparations for slavery are a 'good argument' #URL# #URL# ></document>
    <document> Barack Obama says black reparations for slavery are a 'good argument' #URL# #URL# ></document>
    <document> Woman beaten with stick after resisting sexual assault in India (VIDEO) #URL# #URL# ></document>
    <document> ISIS New Hitlist: Jihadists Now Target Thousands of Churches in New Year Terror Plot #URL# #URL# ></document>
    <document> German police face criminal charges for calling Angela Merkel 'insane' because of her Muslim immigration policies... #URL# ></document>
    <document> US fighter pilots wear EPIC items while bombing ISIS over Christmas #URL# #URL# ></document>
    <document> Israeli Prime Minister Netanyahu lashed out at and defeated Obama after he deliberately deserted Israel at the UN… #URL# ></document>
    <document> Media Silence: 16 Injured in Muslim Terrorist Attack on Philippine Church #URL# #URL# ></document>
    <document> US fighter pilots wear EPIC items while bombing ISIS over Christmas #URL# #URL# ></document>
    <Document> Trump Warns UN After Israel Vote: 'Things Will Change Soon' – Denying Funding for His Next Israeli Hate Group... #URL# ></ document>
    <document> FU OBAMA: In response to the absurd UN resolution Obama helped pass, Jerusalem decided to approve 5,600... #URL# ></document>
    <Documentation> Putin does it. Syria Prepares Truce, Assad Stays, America Left and Humiliated #URL# #URL# ></document>
    <document> #USER# hi how can I withdraw ltc? ></document>
    <document> OUCH: NY Trump Fellow Billionaire Fellow Calls Michelle Obama A Male Ape #URL# #URL# ></document>
    <document> Europe in shock: Man dresses up as ISIS fighter and 'walks straight through German border control'… #URL# ></document>
    <document> RT #USER#: Officially we are on the waiting list to be listed on CB.This makes us very happy.
    <document> Charlie Sheen was outraged when he said Trump should be the next celebrity to die, sparking backlash from web users who called him... #URL# ></document>
    <Document> NATO Auditor Who Found US Funds ISIS Found Dead Under Strange Circumstances – Family Says He… #URL# ></document>
    <document> Terrifying ISIS video of Turkish soldiers caught burning alive #URL# #URL# ></document>
    <document> #USER# Hello, I didn't receive a withdrawal confirmation email on your platform I can't withdraw ></document>
    <document> 50% of colon cancer deaths could be avoided if everyone did these 10 natural things #URL# #URL# ></dDescription>
    <documentation> After reading this, you will never use your phone in the bathroom again! #URL# #URL# ></documentation>
    <document> White House Defends After Exposed as Architect of Anti-Israel UN Action #URL# #URL# ></document>
    <document> INCREDIBLE!!! HILLARY'S FANTASY: "I'M RUNNING AGAIN IN 2020" #URL# #URL# ></document>
    <document> 10 Lies Kerry Told in Middle East Peace Speech #URL# #URL# ></document>
    <document> Jerusalem Orders to Cancel All Aid Programs to Senegal, Co-Sponsor of Settlement #URL# #URL# ></document>
    <Document> Islamic Terrorism? Terror is out of control after Russian military plane crashes into Black Sea, killing 92… #URL# ></document>
    <document> ISIS New Hitlist: Jihadists Now Target Thousands of Churches in New Year Terror Plot #URL# #URL# ></document>
    <Document> SHOCKER=&gt;Berlin Christmas market killer flees to mosque for protection after massacre (photo)… #URL# ></document>
    <document> While on vacation, Donald Trump announces 8,000 new jobs in the US #URL# #URL# ></document>
    <document> INCREDIBLE!!! HILLARY'S FANTASY: "I'M RUNNING AGAIN IN 2020" #URL# #URL# ></document>
    <Documentation> Ever wondered what the half-moon shape on your nail means? #URL# #URL# ></Documentation>
    <document> Delusional Congressman thinks Hillary lost because Democrats were too kind #URL# #URL# ></document>
    <document> OUCH: NY Trump Fellow Billionaire Fellow Calls Michelle Obama A Male Ape #URL# #URL# ></document>
    <document> White House Jihad: Obama Destroys National Security Program to Screen Visitors from Middle Eastern Countries… #URL# ></document>
    <document> RT #USER#: We're getting closer. Sold another MN. We are still in the first phase and hope for more support from our investors.… ></document>
    <document> Highlights of Muslim Leaders' Christmas Messages #URL# #URL# ></document>
    <document> Absurdity: A French mayor was put on trial in a hate crime for saying his city's majority of Muslims were a 'problem'... #URL# ></document>
    <Document> Islamic Terrorism? Terror is out of control after Russian military plane crashes into Black Sea, killing 92… #URL# ></document>
    <document> Trump sent a 2-minute Christmas message to save America #URL# #URL# ></document>
    <document> Muslim Students Require Prayer Rooms in All "Main Buildings" #URL# #URL# ></document>
    <Document> Trump Warns UN After Israel Vote: 'Things Will Change Soon' – Denying Funding for His Next Israeli Hate Group... #URL# ></ document>
    <document> RT #USER#: We are happy to announce that we are coming from the first sales target listed. Since the beginning of blockchain, we have... ></document>
    <Documentation> RT #USER#: Investors who needed security to invest in us here have it. … ></document>
    <Document> Warning to the Western World: Germany has 7,000 suspected jihadists.No need to keep track of them all... #URL# ></document>
    <document>Arrested: Found out who harassed Ivanka Trump...and it's her NUTS #URL##URL# driving liberals></document>
    <document> Delusional Congressman thinks Hillary lost because Democrats were too kind #URL# #URL# ></document>
    <document> #USER# Hi, how do I withdraw my LTC? ></document>
    <document> Europe in shock: Man dresses up as ISIS fighter and 'walks straight through German border control'… #URL# ></document>
    <document> RT #USER#: UservCoin $USERV added to MNO platform. #URL# ☑️Precise Statistics ☑️Monitoring Enabled #HASHTAG#… ></document>
    <document> ISIS Lists US Churches Muslims Attack During Christmas Season #URL# #URL# ></document>
    <document> "Israel to stop funding UN agencies" #URL# #URL# ></document>
    <document> Italy: Schoolchildren banned from singing Silent Night for fear of offending Muslims #URL# #URL# ></document>
    <document> While on vacation, Donald Trump announces 8,000 new jobs in the US #URL# #URL# ></document>
    <document> US Congress threatens to cut UN funding over anti-Israel vote, leaving many in both parties furious with Obama… #URL# ></document>
    <document> Please don't throw up: The Obamas' final Christmas speech is full of lies and nonsense, almost comical... #URL# ></document>
    <document> German police face criminal charges for calling Angela Merkel 'insane' because of her Muslim immigration policies... #URL# ></document>
    <document> Why are Israeli medical staff treating Syrians when Israel and Syria are still at war? – Why the media… #URL# ></document>
    <document> Post-apocalyptic vision ISIS app teaches kids about blowing up Big Ben and Eiffel Tower #URL# #URL# ></document>
    <document> "Israel to stop funding UN agencies" #URL# #URL# ></document>
    <document> President Obama Ends Immigrant Fingerprint Registration Program for Muslim 'Refugees' Enrages America… #URL# ></document>
    <documentation> RT #USER#: 😀UservCoin(USERV)😍 mentioned in the recent news area! Let us know if you'd like us to be on your #URL#… ></document>
    <document> Woman beaten with stick after resisting sexual assault in India (VIDEO) #URL# #URL# ></document>
    <Document> SHOCKER=&gt;Berlin Christmas market killer flees to mosque for protection after massacre (photo)… #URL# ></document>
    <document> Highlights of Muslim Leaders' Christmas Messages #URL# #URL# ></document>
    <document> White House Jihad: Obama Destroys National Security Program to Screen Visitors from Middle Eastern Countries… #URL# ></document>
    <document>Muslims are outraged after Trump win, making final ultimatum: stop Trump or go home!… #URL# ></document>
    <document>Arrested: Found Who Harassed Ivanka Trump… And It's Driving Liberals NUTS #URL# #URL# ></document>
    <document> 10 Lies Kerry Told in Middle East Peace Speech #URL# #URL# ></document>
    <document> 50% of the totalColon cancer deaths could be avoided if everyone did these 10 natural things #URL# #URL# ></document>
    <document> Video: French police attacked, set fire to Muslim mob #URL# #URL# ></document>
    <document> US Congress threatens to cut UN funding over anti-Israel vote, leaving many in both parties furious with Obama… #URL# ></document>
    <document> Absurdity: A French mayor was put on trial in a hate crime for saying his city's majority of Muslims were a 'problem'... #URL# ></document>
    <document> Trump sent a 2-minute Christmas message to save America #URL# #URL# ></document>
  
</author>