
  
    <document> Axcept – The fastest automated UI testing tool #URL# ></document>
    <document> Mojo Vision's miniature display actually made me excited about AR          #URL# ></document>
    <document> The Unintended Consequences of IoT (Internet of Things) Deployment #URL# ></document>
    <document> Emerging Collaborative Tribes, Networks and Collectives  #URL# ></document>
    <document> Three Tips on Organizational Change #URL# ></document>
    <document> Lazy Jar – It's like a gym where you only pay if you don't go #URL# ></document>
    <document> This War of the Worlds uses holograms, giant Martians to make you feel tiny          #URL# ></document>
    <document> Video Friday: Robot Blows Up a Land Mine #URL# ></document>
    <document> How Trust Can Be A Competitive Advantage #URL# ></document>
    <document> New Optimization Chip Tackles Machine Learning, 5G Routing #URL# ></document>
    <document> Hubble Sees a Galaxy Bucking the Trend via NASA #URL# #URL# ></document>
    <document> TunnelHero – The world's most personal and secretive VPN service #URL# ></document>
    <document> ProveSource – Turn your website into a busy place using social proof #URL# ></document>
    <document> Human Reflexes Help MIT's HERMES Rescue Robot Keep Its Footing #URL# ></document>
    <document> #USER# Now sort out Stamp Duty Boris so we can get the property market moving! ></document>
    <document> CoinsCrate – Track cryptocurrency prices, markets, volumes and much more #URL# ></document>
    <document> Even if You Predict the Future Perfectly You Still Won’t Capitalize On It #URL# ></document>
    <document> Don Draper is (Finally) Dead #URL# ></document>
    <document> #URL# – Send spoiler anonymously over call and WhatsApp to your friends as GoT airs #URL# ></document>
    <document> Proxyman – A modern and intuitive HTTP debugging proxy #URL# ></document>
    <document> The New ‘Golden Age’ of Medicine #URL# ></document>
    <document> City Life Awaits Drones in Final Year of NASA Research via NASA #URL# #URL# ></document>
    <document> Klokki for Mac – Rules-based automatic time-tracking #URL# ></document>
    <document> Storyling – Learn Languages With Captivating Stories #URL# ></document>
    <document> Local – Hyperlocal Quora with focus on small businesses and freelancers #URL# ></document>
    <document> DeepMind Deploys Self-taught Agents To Beat Humans at Quake III #URL# ></document>
    <document> Branding Compass – Quickly discover the best words, colors, fonts and visuals for your brand #URL# ></document>
    <document> PowerPrice – An intelligent price and inventory management system #URL# ></document>
    <document> Jezero Crater, Mars 2020's Landing Site via NASA #URL# #URL# ></document>
    <document> Lead Pilot – Get interest leads for your business on autopilot #URL# ></document>
    <document> Docompile – Automate documents easily using a powerful API #URL# ></document>
    <document> #URL# – Enabling personalized micro conversions through conversational interfaces #URL# ></document>
    <document> Best Father's Day gifts to combat dad bod          #URL# ></document>
    <document> Samsung Galaxy Watch Active review: A cheaper, round-faced alternative to the Apple Watch          #URL# ></document>
    <document> NuCode – No code community and product discovery app #URL# ></document>
    <document> Cronhooks – Schedule one time or recurring webhooks #URL# ></document>
    <document> #URL# – Turn static websites into web apps #URL# ></document>
    <document> Matterbase 2.0 – An better time-based workflow #URL# ></document>
    <document> Produck – Work management platform for PMs and Makers #URL# ></document>
    <document> John F. Kennedy and the Race to the Moon via NASA #URL# #URL# ></document>
    <document> Combining lean startup and agile with a design-led approach reduces business risk #URL# ></document>
    <document> The fine art of inNOvation #URL# ></document>
    <document> Are You Ready for the Biggest Economic and Social Shift of the Past 100 Years? #URL# ></document>
    <document> UC Berkeley's "Hyper-Aggressive Pogo-Stick" Robot Now Works Outdoors #URL# ></document>
    <document> Remindee – Remind &amp; convert past visitors, months after their visit #URL# ></document>
    <document> Listouts – Out your lists as social proof to boost conversions #URL# ></document>
    <document> One Thing You Won’t Find in Any Book on Entrepreneurship #URL# ></document>
    <document> PerShop – Shop All Your Favorite Brands in One App #URL# ></document>
    <document> Varjo XR-1 is an AR headset so fast, Volvo test drives cars while wearing it          #URL# ></document>
    <document> Carrom – HR, Benefits and Payroll for remote teams #URL# ></document>
    <document> SLS Begins Insulation Process for Booster Segments for Second Flight via NASA #URL# #URL# ></document>
    <document> Top 20 Innovation Articles of April 2019 #URL# ></document>
    <document> Intuition is Essential for Innovation #URL# ></document>
    <document> How to Travel at (Nearly) the Speed of Light via NASA #URL# #URL# ></document>
    <document> Abyssale – Automatically generated banners ads #URL# ></document>
    <document> Testvox – Provides mobile app functionality, performance and compatibility tests #URL# ></document>
    <document> Smooper – Connect, Consult &amp; Hire Social Media Experts #URL# ></document>
    <document> Video Friday: This Robot Is Learning to Slice Onions #URL# ></document>
    <document> Ezylead – All your sales leads in one app #URL# ></document>
    <document> Zenpost – A content marketing team in your pocket #URL# ></document>
    <document> Mindwave – Journal for founders &amp; makers #URL# ></document>
    <document> How to Foster an Appetite for Risk by Using Ambiguity as a Resource #URL# ></document>
    <document> HQ – Eliminate tab switching to boost productivity #URL# ></document>
    <document> Digital Transformation Is Human Transformation #URL# ></document>
    <document> From Day Into Night on the International Space Station via NASA #URL# #URL# ></document>
    <document> Spocket – Dropshipping marketplace serving 30,000 merchants #URL# ></document>
    <document> Watch the HyQReal Robot Pull an Airplane #URL# ></document>
    <document> Instantly Design – Magical AI-powered logo maker #URL# ></document>
    <document> #USER# now sort out stamp duty Boris please!!! ></document>
    <document> signmesh – Collect and share knowledge to build the culture of innovation #URL# ></document>
    <document> RT #USER#: How will brands create value in the new consumer ecosystem? #USER# explores. #HASHTAG# #HASHTAG# #HASHTAG#… ></document>
    <document> Keyn – Securely login without remembering a single password #URL# ></document>
    <document> Apple Watch comparison: Series 3 vs. Series 4 which should you buy?          #URL# ></document>
    <document> #URL# – The easiest way to organize your work, team and projects #URL# ></document>
    <document> When Innovation Goes Wrong, We Shouldn’t Blame Technology, But Ourselves #URL# ></document>
    <document> Grow – The platform for personal Growth #URL# ></document>
    <document> iRobot Completely Redesigns Its Floor Care Robots With New m6 and s9 #URL# ></document>
    <document> Affable StoryTeller – Clip and Save Instagram stories before they disappear #URL# ></document>
    <document> Gist – Turn data into browsable, interactive visualizations #URL# ></document>
    <document> AlgoDaily – Software career strategy and interview questions #URL# ></document>
    <document> Innovation is the Means, Not an End in Itself #URL# ></document>
    <document> Preface – Find freelancers and get estimates for your project #URL# ></document>
    <document> Surround Sound - Orion Service Module for Artemis 1 Undergoes Acoustic Tests via NASA #URL# #URL# ></document>
    <document> HodlBot – Create any crypto portfolio, backtest performance, execute it automatically #URL# ></document>
    <document> RT #USER#: What. a. win!  England have beaten New Zealand to reach the #USER# final 🙌🌹  #HASHTAG# #HASHTAG# #HASHTAG# https… ></document>
    <document> Smartlook – Qualitative analytics for websites and mobile apps #URL# ></document>
    <document> The Art of Physician Entrepreneurship #URL# ></document>
    <document> Buddy the Social Robot is Somehow Not Dead Yet #URL# ></document>
    <document> Boooom – Design Management and Leadership Jobs #URL# ></document>
    <document> My Brand New Logo – Online logo maker that creates professional logos for everyone #URL# ></document>
    <document> Secalerts – Alerts of vulnerabilities (CVEs) that match your software stack #URL# ></document>
    <document> nReal's Magic Leap-like AR smartglasses cost $499, arriving by end of year          #URL# ></document>
    <document> NASA is Going Green, in Space via NASA #URL# #URL# ></document>
    <document> Amazon is working on a wearable that can read your emotions, report says          #URL# ></document>
    <document> Tanzania’s Homegrown Drone Industry Takes Off on Bamboo Wings #URL# ></document>
    <document> Tiny Robots Carry Stem Cells Through a Mouse #URL# ></document>
    <document> #USER# Is there something wrong with your app at the moment? Can't add my flight? ></document>
    <document> StudioYou – Scheduling, sales, and marketing tool for fitness studios and gyms #URL# ></document>
    <document> International Intrapreneurship Conference at Orange #URL# ></document>
    <document> Convertify – Convert your website to an app (iOS &amp; Android) #URL# ></document>
  
</author>
<document> Axcept – The Fastest Automated UI Testing Tool #URL# ></document>
    <document> Mojo Vision's miniature display really got me excited about AR #URL# ></document>
    <document> Unintended Consequences of IoT (Internet of Things) Adoption #URL# ></document>
    <document> New Coalition Tribes, Networks, Groups #URL# ></document>
    <document> 3 Tips for Organization Change #URL# ></document>
    <document> Lazy Jar – Like a gym you only pay for when you don't go #URL# ></document>
    <document> This space war uses holograms and giant Martians to make you feel small #URL# ></document>
    <document> Video Friday: Robots Destroy Landmines #URL# ></document>
    <document> How Trust Becomes a Competitive Advantage #URL# ></document>
    <document> New optimization chip to tackle machine learning, 5G routing #URL# ></document>
    <document> Hubble Space Telescope Sees Trend-Bending Galaxies Via NASA #URL# #URL# ></document>
    <document> TunnelHero – The World's Most Personal and Confidential VPN Service #URL# ></document>
    <document> ProveSource – Turn your website into a buzzing place with social proof #URL# ></document>
    <document> Human reflexes help keep MIT's HERMES rescue robot on foot #URL# ></document>
    <document> #USER# Now, let's organize the stamp duty Boris and move the real estate market!></document>
    <document> CoinsCrate – Track Cryptocurrency Prices, Markets, Trading Volumes & More #URL# ></document>
    <document> Even if you predicted the future perfectly, you can't live with it #URL# ></document>
    <document> Don Draper is (Finally) Dead #URL# ></document>
    <document> #URL# – Once GoT airs, send spoilers to your friends anonymously on calls and WhatsApp #URL# ></document>
    <document> Proxyman – Modern Intuitive HTTP Debugging Proxy #URL# ></document>
    <document> The New "Golden Age" of Medicine #URL# ></document>
    <document> City Life Waiting for Drones in Final Year of NASA Research by NASA #URL# #URL# ></document>
    <document> Klokki for Mac – Automatic Rule-Based Time Tracking #URL# ></document>
    <document> Storyling – Learn Languages ​​with Engaging Stories #URL# ></document>
    <document> Local – Hyperlocal Quora #URL# ></document> Focused on Small Businesses and Freelancers
    <document> DeepMind Deploys Self-Taught Agents to Beat Humans in Quake III #URL# ></document>
    <document> Branding Compass – Quickly find the perfect words, colors, fonts and visuals for your brand #URL# ></document>
    <document> PowerPrice – Intelligent Pricing and Inventory Management System #URL# ></document>
    <document> Jezero Crater via NASA, 2020 Mars Landing Site #URL# #URL# ></document>
    <document> Lead Pilot – Get Leads Interested in Your Business with Autopilot #URL# ></document>
    <document> Docompile – Easily automate documents with a powerful API #URL# ></document>
    <document> #URL# – enable personalized micro-cVersion change via conversational interface #URL# ></document>
    <document> Best Father's Day Gifts to Fight Dad #URL# ></document>
    <document> Samsung Galaxy Watch Active review: A cheap, rounded alternative to the Apple Watch #URL# ></document>
    <document> NuCode – No Code Community and Product Discovery App #URL# ></document>
    <document> Cronhooks – Schedule one-time or recurring webhooks #URL# ></document>
    <document> #URL# – Convert a static website to a web app #URL# ></document>
    <document> Matterbase 2.0 – Better Time-Based Workflows #URL# ></document>
    <document> Produck – Work Management Platform for PMs and Makers #URL# ></document>
    <document> John F. Kennedy and the Race to the Moon via NASA #URL# #URL# ></document>
    <document> Combining Lean Startup and Agile with a Design-Driven Approach to Reduce Business Risk #URL# ></document>
    <document> The art of inNOvation #URL# ></document>
    <documentation> Are you ready for the biggest economic and social change in the last 100 years? #URL# ></documentation>
    <document> UC Berkeley's 'Very Aggressive Pogostick' Robot Now Works Outdoors #URL# ></document>
    <document> Remindee – Remind & convert past visitors months after their visit #URL# ></document>
    <document> Listouts – List out as social proof to drive conversions #URL# ></document>
    <document> ONE THING NOT IN ANY BOOK ON ENTREPRENEURSHIP #URL# ></document>
    <document> PerShop – Shop All Your Favorite Brands in One App #URL# ></document>
    <document> The Varjo XR-1 is a very fast AR headset. Volvo puts this on to test cars #URL# ></document>
    <document> Carrom – HR, Benefits & Payroll for Remote Teams #URL# ></document>
    <document> SLS begins booster segment insulation process for second flight via NASA #URL# #URL# ></document>
    <document> Top 20 Innovation Articles of April 2019 #URL# ></document>
    <document> Intuition is essential for innovation #URL# ></document>
    <document> How to Travel (Almost) at the Speed ​​of Light via NASA #URL# #URL# ></document>
    <document> Abyssale – Auto-generated banner ad #URL# ></document>
    <document> Testvox – Provides functional, performance and compatibility testing for mobile apps #URL# ></document>
    <Document> Smooper – Hire Connections, Consulting & Social Media Experts #URL# ></document>
    <document> Video Friday: This robot is learning to slice onions #URL# ></document>
    <document> Ezylead – All Sales Leads in One App #URL# ></document>
    <document> Zenpost – The Content Marketing Team in Your Pocket #URL# ></document>
    <document> Mindwave – Journal Maker for Founders and Entrepreneurs #URL# ></document>
    <document> How to use ambiguity as a resource to increase risk appetite #URL# ></document>
    <document> Headquarters – Eliminate Tab Switching and Increase Productivity #URL# ></document>
    <Documentation> Digital Transformation is Human Transformation #URL# ></Documentation>
    <document> Day to Night on the International Space Station via NASA #URL# #URL# ></document>
    <document> Spocket – Dropshipping Marketplace Serving 30,000 Merchants #URL# ></document>
    <document> Watch the HyQReal robot pull the plane #URL# ></document>
    <document> Instantly Design – Magical AI Powered Logo Maker #URL# ></document>
    <documentation> #USER# sort out the stamp duty. ></documentation>
    <document> signmesh – Collecting and sharing knowledge to build a culture of innovation #URL# ></document>
    <document> RT #USER#: How will brands create value in the new consumer ecosystem? #USER# explores. #HASHTAG# #HASHTAG# #HASHTAG#… ></document>
    <document> Keyn – Log in securely without remembering a single password #URL# ></document>
    <Document> Apple Watch Comparison: Series 3 vs. Series 4 Which Should You Buy? #URL# ></Document>
    <document> #URL# – The easiest way to organize your work, teams and projects #URL# ></document>
    <document> When innovation goes wrong, we shouldn't blame the technology, but we shouldn't blame ourselves #URL# ></document>
    <document> Grow – Platform for Personal Growth #URL# ></document>
    <document> iRobot completely redesigns floor care robots with new m6 and s9 #URL# ></document>
    <document> Affable StoryTeller – Clip & Save Instagram Stories Before They Disappear #URL# ></document>
    <document> Gist – Turn your data into a browsable, interactive visualization #URL# ></document>
    <document> AlgoDaily – Software Career Strategy & Interview Questions #URL# ></document>
    <document> Innovation is a means, not an end in itself #URL# ></document>
    <document> Getting started – find freelancers and get project quotes #URL# ></document>
    <document> Surround Sound - Orion Service Module for Artemis 1 Undergoes Acoustic Testing by NASA #URL# #URL# ></document>
    <document> HodlBot – Create Crypto Portfolios, Backtest Performance and Run Automatically #URL# ></document>
    <Documentation> RT #USER#: What. of. win! England defeated New Zealand to advance to the #USER# final🙌🌹 #HASHTAG# #HASHTAG# #HASHTAG# https… ></document>
    <document> Smartlook – Qualitative Analysis of Websites and Mobile Apps #URL# ></document>
    <document> Physician Entrepreneurship #URL# ></document>
    <document> Why isn't my social robot partner dead yet #URL# ></document>
    <document> Boooom – Design Management and Leadership Jobs #URL# ></document>
    <document> My Brand New Logo – Online Logo Maker to Create Professional Logos for Everyone #URL# ></document>
    <document> Secalerts – Alerts for Vulnerabilities (CVEs) Matching Your Software Stack #URL# ></document>
    <document> nReal's Magic Leap-Like AR Smartglasses Priced at $499, Available by Year End #URL# ></document>
    <document> NASA goes to space via NASA eco-friendly #URL# #URL# ></document>
    <document> Amazon is working on wearables that can read your emotions, report says#URL# ></document>
    <document> Tanzania's domestic drone industry takes off with bamboo wings #URL# ></document>
    <document> Tiny Robot Delivers Stem Cells Through Mouse #URL# ></document>
    <document> #USER# Is there something wrong with the app right now? Can't you add flights? ></document>
    <document> StudioYou – Scheduling, Sales and Marketing Tools for Fitness Studios and Gyms #URL# ></document>
    <document>International Intrapreneurship Conference at Orange #URL#></document>
    <document> Convertify – Convert Website to App (iOS &amp; Android) #URL# ></document>
  
</author>