
  
    <document> 2020 Film Independent Spirit Awards Winners Announced: op honors were handed out today at the 35th Film Independent… #URL# ></document>
    <document> Cast &amp; Crew reaches agreeement to buy Media Services: Cast &amp; Crew, which provides payroll and human resources, acco… #URL# ></document>
    <document> Academy Museum of Motion Pictures to open on Dec. 14th : During tonight’s (2/9) 92nd Academy Awards® ceremony, Tom… #URL# ></document>
    <document> Rep Report for February 14, 2020: Chicago-based production company Strange Loop Studios has signed Yvette Lubinsky… #URL# ></document>
    <document> Producer Francesca Pistorio of Contagious Builds a Bridge To Milan: Since January 2019, Italian-born Francesca Pist… #URL# ></document>
    <document> Coloma-Blaszyk, Frank, Wagner, Martinez Launch The A Team: A Creative (Co)Lab: Award-winning creatives Nikki Coloma… #URL# ></document>
    <document> Now available... This week's SHOOT &gt;e.dition, for the latest entertainment and commercial production industry news… #URL# ></document>
    <document> Historian Doris Kearns Goodwin Turns TV Producer With Docuseries "Washington": George Washington is the leading man… #URL# ></document>
    <document> UCLA Study: Diversity Progresses For Actors, Stagnates For Jobs Behind The Scenes: Film roles were more plentiful f… #URL# ></document>
    <document> "The Farewell" Wins Best Feature At Film Independent Spirit Awards: At a Film Independent Spirit Awards that often… #URL# ></document>
    <document> Miguel Arteta: Miguel Arteta is a Puerto Rican director known for his feature films Alexander and the Terrible, Hor… #URL# ></document>
    <document> Prosecutor: Harvey Weinstein Viewed Victims As "Complete Disposables": Harvey Weinstein believed he was so powerful… #URL# ></document>
    <document> Universal will release controversial "Hunt" film in March: Universal Pictures said Tuesday that it will release the… #URL# ></document>
    <document> Fox News Tops Nielsens During Week Of Trump's Acquittal: The week President Donald Trump was acquitted in his impea… #URL# ></document>
    <document> Milestone Oscars For "Parasite" Break Through Language, Cultural Barriers: Before Bong Joon Ho's "Parasite" made hi… #URL# ></document>
    <document> Stink Films Expands Representation of Director Matilda Finn To Now Include U.S. Market: Stink Films has expanded it… #URL# ></document>
    <document> Clyde Brothers: Directors. Writers. Producers. Actual Brothers. They work on all their projects as a duo, creating… #URL# ></document>
    <document> Sophia Banks: Sophia is a fierce filmmaker and director. A sci-fi lover and inventor of new filmmaking techniques,… #URL# ></document>
    <document> Friday, for the latest entertainment and commercial production industry news of th… #URL# ></document>
    <document> VES Takes Exception To Oscars Joke Attributing "Cats" Failure To VFX: It was inevitable that somebody on Oscars nig… #URL# ></document>
    <document> Entertainment Industry Professionals Mentoring Alliance to host launch event: The Entertainment Industry Profession… #URL# ></document>
    <document> Grammy-Nominated Director Savanah Leaf Signs With Park Pictures: Bicoastal production company Park Pictures has sig… #URL# ></document>
    <document> Defense Rests As Harvey Weinstein Declines To Testify: The defense rested its case Tuesday in Harvey Weinstein's ra… #URL# ></document>
    <document> Oscars viewership plunges to record low: ABC's telecast of the Academy Awards hit an all-time low in the ratings, w… #URL# ></document>
    <document> German filmmaker Vilsmaier, known for "Stalingrad," dies at 81: Joseph Vilsmaier, a German filmmaker whose striking… #URL# ></document>
    <document> Sense of History Felt At ACE Session Featuring Oscar-Nominated Editors: There was a clear sense of history at the A… #URL# ></document>
    <document> Director Chris Stanford Joins Rocket Film For Spots: Rocket Film has signed director Chris Stanford for U.S. commer… #URL# ></document>
    <document> Review: Writer-Director Stella Meghie's "The Photograph": This Valentine's Day, there's certain to be the usual flo… #URL# ></document>
    <document> mcgarrybowen promotes Shuttleworth, Ross to key strategic roles: Jennifer Zimmerman, global chief strategy officer… #URL# ></document>
    <document> Director Adrian Elliot’s Boundary-Bending Comedy "This Isn’t Me" to Screen at SXSW: This Isn’t Me, an audacious new… #URL# ></document>
    <document> Vida - Season 2 Trailer #URL# ></document>
    <document> Rodeo Show Signs Director Aaron Kodz For Commercials: Production company Rodeo Show has added director Aaron Kodz t… #URL# ></document>
    <document> Renault - Love The City #URL# ></document>
    <document> Monday, for the latest entertainment and commercial production industry news of th… #URL# ></document>
    <document> American University of Cairo - Be The Future #URL# ></document>
    <document> Visual Effects Society New York To Host 6th Annual Awards Celebration: Today, the New York Section of the Visual Ef… #URL# ></document>
    <document> Curatorial Committee For 2020 AICP Show Announced: Matt Miller, President and CEO of AICP, and Ali Brown, President… #URL# ></document>
    <document> EditShare Academy 2020: An Introduction from our CEO, Conrad Clemson on the launch of the EditShare Academy 2020.… #URL# ></document>
    <document> Actor-comedian Orson Bean, 91, hit and killed by car in LA: Orson Bean, the witty actor and comedian, was hit and k… #URL# ></document>
    <document> Terence Neale Directs "Option 2" For BMW, Goodby Silverstein &amp; Partners: Goodby Silverstein &amp; Partners (GS&amp;P) turne… #URL# ></document>
    <document> 72andSunny, Instrument, CPB, Redscout, Hecho Studios Team To Form Constellation: Five MDC Partners shops--72andSunn… #URL# ></document>
    <document> AICP Show Sets Lineup of Global Ambassadors and Committees: Matt Miller, president and CEO of AICP, and Ali Brown,… #URL# ></document>
    <document> KTNV, Las Vegas, Teams with Stephen Arnold Music to Promote “Good Morning Las Vegas”: Las Vegas television station… #URL# ></document>
    <document> BAFTA-Winning Director John Crowley Signs With RSA Films: RSA Films has added award-winning theatre and film direct… #URL# ></document>
    <document> Actor Jussie Smollett faces 6 new charges in Chicago: Actor Jussie Smollett was indicted Tuesday for a second time… #URL# ></document>
    <document> AJA ships HDR Image Analyzer 12G with 8K support: AJA Video Systems is now shipping HDR Image Analyzer 12G, the pow… #URL# ></document>
    <document> Weinstein Lawyer Claims Prosecutors Have Created "Alternate Universe": Harvey Weinstein's lawyer told jurors Thursd… #URL# ></document>
    <document> Review: Nat Faxon and Jim Rash's "Downhill": The foreign-language film remake has never been the most esteemed sort… #URL# ></document>
    <document> Washington Square Films Signs Director Jakob Ström For U.S. Representation: Director Jakob Ström has joined NY-base… #URL# ></document>
    <document> Durable Goods Adds Director Sam Ciaramitaro To Its Roster: Durable Goods has signed director and producer Sam Ciara… #URL# ></document>
    <document> Erica Hoholick named chief client officer at 22squared: Erica Hoholick has joined 22squared in the new role of chie… #URL# ></document>
    <document> Franco Garuti: Italio-Argentine director &amp; producer, passionate about visual arts, team leadership and creative thi… #URL# ></document>
    <document> Jorell O'Dell: Known for his groundbreaking work in developing the technology behind the AntigravityCam, Jorel is a… #URL# ></document>
    <document> Tara Maloney joins Framestore as head of production in NY: Oscar-winning creative studio Framestore has appointed T… #URL# ></document>
    <document> "Birds Of Prey" Flies Below Expectations But Still Wins Weekend Box Office: "Birds of Prey," the DC Comics' Harley… #URL# ></document>
    <document> "Sonic" Gets Off To Fast Box Office Start; "Parasite" Enjoys Oscars Boost: The redesigned "Sonic the Hedgehog" show… #URL# ></document>
    <document> SYFY WIRE Rebrand: BLOCK &amp; TACKLE: "SYFY WIRE takes fandom seriously… but themselves, not so much. As the premier p… #URL# ></document>
    <document> Entertainment Industry Professionals Mentoring Alliance (EIPMA) To Host Open House For Educators, Students and Youn… #URL# ></document>
    <document> Full board of France's Cesar film awards steps down: The entire leadership of the Cesar Awards, France's version of… #URL# ></document>
    <document> Street Talk for February 14, 2020: London-based production house Spindle has added to its roster the Coyle-Larner B… #URL# ></document>
    <document> "Joker," "The Mandalorian" Win Top Film, TV Campaign Honors At ICG Publicists Awards: Joker (Warner Bros.) and The… #URL# ></document>
    <document> Comics, Fandom and Fan-Made Aesthetics Power BLOCK &amp; TACKLE's SYFY WIRE Rebrand: Global multiplatform media brand S… #URL# ></document>
    <document> Darius Rucker's "Wagon Wheel" underscores changing face of country music: Country singer Darius Rucker couldn't qui… #URL# ></document>
    <document> mcgarrybowen promotes Lucia Grillo to U.S. chief operating officer: Lucia Grillo has been promoted to U.S. chief op… #URL# ></document>
    <document> "Joker" and "The Mandalorian" Publicity Campaigns Win Top Honors at The 57th Annual ICG Publicists Awards: The Inte… #URL# ></document>
    <document> Edie Falco Talks "Tommy," CBS Series In Which She Portrays L.A. Police Chief: In her role in the news CBS drama "To… #URL# ></document>
    <document> Wednesday, for the latest entertainment and commercial production industry news of… #URL# ></document>
    <document> ICG AND ADG (IA Locals 600, 800) Collaborate With HPA Tech Retreat Panel In Rancho Mirage: For the third straight y… #URL# ></document>
    <document> Thursday, for the latest entertainment and commercial production industry news of… #URL# ></document>
    <document> VFX Pioneer Digital Domain Officially Opens its Latest Studio in Montréal: Today, Digital Domain, the Academy Award… #URL# ></document>
    <document> KTNV: Good Morning Las Vegas: Set to an upbeat, original anthem produced by Stephen Arnold Music, the campaign pays… #URL# ></document>
    <document> "1917," "Patrick Melrose," "Honeyland" Among Nominees For IMAGO Cinematography Awards: IMAGO, the International Fed… #URL# ></document>
    <document> Vagabond Production Services Expands To Panama: Led by the vision of Founder/Managing Director Lorenzo Benedick, Pa… #URL# ></document>
    <document> Pam &amp; Gela - Juicy Couture #URL# ></document>
    <document> Jako Giacomini: He goes by #USER#. Andrea is an award-winning filmmaker &amp; storyteller based in Los Angeles, CA. H… #URL# ></document>
    <document> "Parasite" director Bong Joon Ho greeted by applause in South Korea: Director Bong Joon Ho smiled and waved at a wa… #URL# ></document>
    <document> Maxon Customers Recognized in 2020 Award Season: Maxon, the leading technology developer of professional 3D modelin… #URL# ></document>
    <document> Logan &amp; Sons Signs Directorial Duo Atanasio + Martinez For Spots, Branded Content: Logan &amp; Sons, the live-action di… #URL# ></document>
    <document> JAMM Celebrates Five Epic Years With 2020 Showreel: From collaborating with Sony Tri-Star on their new intro to cre… #URL# ></document>
    <document> The Best Work You May Never See: Partizan, Friends Electric, adam&amp;eveDDB Go On "Jetpack" Adventure For Great Wester… #URL# ></document>
    <document> "Parasite" Feasts On Oscars With 4 Wins, Including Best Picture and Director: Subtitle this: “Parasite” is the firs… #URL# ></document>
    <document> Good Company Signs Director Maxime Quoilin For Spots, Branded Content, Music Videos: Bicoastal creative studio Good… #URL# ></document>
    <document> LD Entertainment, Roadside Attractions acquire North American rights to Julie Taymor's "The Glorias": LD Entertainm… #URL# ></document>
    <document> Deutsch LA names Kelsey Karson SVP, group strategy director on Taco Bell: Deutsch LA has hired Kelsey Karson as SVP… #URL# ></document>
    <document> Now available... Brand New__s for February 12, 2020, for the latest entertainment and commercial production publici… #URL# ></document>
    <document> Facebook To Allow Paid "Branded Content" Political Messages That Aren't Ads: Facebook decided Friday to allow a typ… #URL# ></document>
    <document> Lewis Rothenberg Steps Down From IATSE Local 600 Presidency: The International Cinematographer’s Guild, IATSE Local… #URL# ></document>
    <document> Benetton fires famed photographer over insensitive remarks: Photographer Oliviero Toscani made a career out of prov… #URL# ></document>
    <document> Christian Siriano - Girls Skate #URL# ></document>
    <document> Sohonet Levels Up Remote Post Collaboration For Studios with Introduction of ClearView Pivot: Sohonet, the global e… #URL# ></document>
    <document> ShoulderHill Entertainment Expands Production Capabilities with Acquisition of One Letter Films: Award-winning dire… #URL# ></document>
    <document> Tuesday, for the latest entertainment and commercial production industry news of t… #URL# ></document>
    <document> 2020 AICP Show Sets Curatorial Committee: Matt Miller, president and CEO of AICP, and Ali Brown, president and exec… #URL# ></document>
    <document> Greg Robbins: A NYC based director, editor, writer, and producer specializing in luxury brands and automotive video… #URL# ></document>
    <document> Top Spot of the Week: BBDO NY, Director Benjamin Mege "Give Time" To American Red Cross, American Cancer Society: O… #URL# ></document>
    <document> Defense Witness Denies Trapping Weinstein Accuser: In the strongest defense testimony yet, a Mexican model and actr… #URL# ></document>
    <document> MediaMonks Hires Creative Directors For LA, NY &amp; Europe, ACD In London: MediaMonks has expanded its worldwide creat… #URL# ></document>
    <document> Droga5, SMUGGLER Director Jaron Albertin "Breathe" For Harley Davidson: Droga5 NY’s first piece of work for Harley… #URL# ></document>
    <document> Series Creator Winsberg Cites Dad's Illness As Inspiring "Zoey's Extraordinary Playlist": The zestfully titled, son… #URL# ></document>
    <document> BBDO NY, Director Peter Thwaites, The Mill Take A "Fun Ride" For American Family Insurance: Peter Thwaites of The C… #URL# ></document>
  
</author>
<document> The winners of the 2020 Film Independent Spirit Awards have been announced.
    <Document> Cast & Crew Agrees To Acquire Media Services: Cast & Crew, Providing Payroll And Human Resources, … #URL# ></document>
    <document> Academy Museum of Motion Pictures Opens December 14: At the 92nd Academy Awards tonight (2/9), Tom will… #URL# ></document>
    <document> REPRESENTATIVE REPORT FEBRUARY 14, 2020: Chicago-based production house Strange Loop Studios has signed Yvette Lubinsky… #URL# ></document>
    <document> Contagious producer Francesca Pistorio builds a bridge to Milan: Since January 2019, Italian-born Francesca Pistorio… #URL# ></document>
    <document> Coloma-Blaszyk, Frank, Wagner and Martinez Launch A Team: A Creative (Co)Lab: Award Winning Creative Nikki Coloma… #URL# ></document>
    <document> Now available... This week's SHOOT &gt;e.dition, breaking news in the entertainment and commercial production industry... #URL# ></document>
    <document> Historian Doris Kearns Goodwin Turns Television Producer on Documentary "Washington": George Washington Leads… #URL# ></document>
    <document> UCLA Study: Actor Diversity Advances, Backstage Work Diversity Stagnates: Movie Roles Are More… #URL# ></document>
    <document> "Farewell" Wins Best Feature Film at the Film Independent Spirit Awards: At the Film Independent Spirit Awards… #URL# ></document>
    <document> Miguel Arteta: Miguel Arteta is a Puerto Rican-born director best known for his feature film Alexander and the Terrible Terror… #URL# ></document>
    <Document> Prosecutor: Harvey Weinstein Seen Victim as 'Completely Disposable': Harvey Weinstein Believed He Was So Powerful… #URL# ></document>
    <Documentation> Universal to Release Controversial Movie "Hunt" in March: Universal Pictures on Tuesday, … #URL# ></Document>
    <document> Fox News Surpasses Nielsen in Trump Acquittal Week: The Week President Donald Trump Was Acquitted of His Impeachment… #URL# ></document>
    <document> Breakthrough Oscars for 'Parasite' Breaks Language, Cultural Barriers: Before Bong Joon Ho's 'Parasite' Comes… #URL# ></document>
    <document> Stink Films Expands Director Matilda Finn's Representation To Include US Market: Stink Films Expands It... #URL# ></document>
    <Documentation> Clyde Brothers: Director. Writer. producer. real brothers. They worked as a duo on all projects and … #URL# ></document>
    <Documentation> Sophia Banks: Sophia is a fierce filmmaker and director. Sci-fi enthusiast and inventor of new filmmaking techniques… #URL# ></document>
    <document> Friday, the latest entertainment and commercial production industry news… #URL# ></document>
    <Document> VES Makes Oscar Jokes an Exception, Blames “Cat” for VFX Failure: Someone at Oscar Inevitably Nigged… #URL# ></Document><document> Entertainment Industry Professionals Mentoring Alliance Hosts Launch Event: The Entertainment Industry Profession… #URL# ></document>
    <document> Grammy-nominated director Savanah Leaf signs with Park Pictures: Bicoastal's production company Park Pictures signs… #URL# ></document>
    <document> Defense Adjourned as Harvey Weinstein Refuses to Testify: Defense Advocates Adjourned Its Case Tuesday in Harvey Weinstein's Court… #URL# ></document>
    <document> Oscar Ratings Plunge To Record Low: ABC's Oscars Telecast Hits All-Time Lowest Ratings,… #URL# ></document>
    <documentation> German filmmaker Wilsmeier, best known for 'Stalingrad', dies at 81: German filmmaker Josef Wilsmeier died with his impressive… #URL# ></document>
    <document> A sense of history at an ACE session featuring Academy Award-nominated editors: A… #URL# ></document>
    <document> Director Chris Stanford to Star in Spot on Rocket Films: Rocket Films will feature director Chris Stanford in a US commercial… #URL# ></document>
    <document> Review: Writer-Director Stella Meggy's 'The Photograph': This Valentine's Day, there should be a routine... #URL# ></document>
    <document> mcgarrybowen promotes Ross' Shuttleworth to key strategic role: Jennifer Zimmerman, Global Chief Strategy Officer… #URL# ></document>
    <document> Adrian Elliott's Boundary-Bending Comedy "This Isn't Me" Debuts at SXSW: This Isn't Me, A Fearless New… #URL# ></document>
    <document> Vida - Season 2 Trailer #URL# ></document>
    <document> Rodeo Show signs commercial with director Aaron Kotz: Production company Rodeo Show has added director Aaron Kotz to… #URL# ></document>
    <document> Renault - Love The City #URL# ></document>
    <document> Monday, the latest entertainment and commercial production industry news… #URL# ></document>
    <document> American University of Cairo - Be The Future #URL# ></document>
    <document> Visual Effects Society New York Hosts Sixth Annual Awards Celebration: Today, the New York Section of Visual Effects… #URL# ></document>
    <Document> The Curatorial Board for the 2020 AICP Show has been announced: AICP President and CEO Matt Miller and President Ali Brown … #URL# ></document>
    <document> EditShare Academy 2020: CEO Conrad Clemson on the launch of EditShare Academy 2020.… #URL# ></document>
    <documentation> Actor and comedian Orson Bean, 91, killed by car in LA: Witty actor and comedian Orson Bean was run over… #URL# ></document>
    <Documentation> Terence Neale Directs "Option 2", BMW, Goodby Silverstein &amp; Partners: Goodby Silverstein &amp; Partners (GS&amp;P) Turns… #URL# ></document>
    <document> 72andSunny, Instrument, CPB, Redscout, Hecho Studios Team Form Constellation: Five MDC Partners Shops -- 72andSunn… #URL# ></document>
    <Documentation> AICP Show Sets Lineup of Global Ambassadors and Commissions: AICP President and CEO Matt Miller,And Ali Brown, … #URL# ></document>
    <document> KTNV Las Vegas Teams With Stephen Arnold Music To Promote "Good Morning Las Vegas": Las Vegas TV Station… #URL# ></document>
    <document> BAFTA-winning director John Crowley signs with RSA Films: RSA Films has added award-winning theater and film director… #URL# ></document>
    <document> Actor Jussie Smollett faces six new charges in Chicago: Actor Jussie Smollett was indicted for a second time on Tuesday… #URL# ></document>
    <Documentation> AJA ships HDR Image Analyzer 12G with 8K support: AJA Video Systems ships HDR Image Analyzer 12G.
    <Document> Weinstein Attorney Claims Prosecutors Created 'Alternate Universe': Harvey Weinstein Attorney Tells Jurors Thursday… #URL# ></document>
    <document> Review: Nat Faxon and Jim Rash's "Downhill": A Foreign Language Remake Has Never Been Critically Appreciated… #URL# ></document>
    <document> Washington Square Films Signs Director Jakob Strom and Representing the United States: Director Jakob Strom has joined NY Base… #URL# ></document>
    <document>Durable Goods Adds Director Sam Ciaramitaro to Roster: Durable Goods Signs Director and Producer Sam Ciara... #URL# ></document>
    <document> Erica Hoholick Appointed Chief Client Officer at 22squared: Erica Hoholick has joined 22squared as a new role chie… #URL# ></document>
    <Documentation> Franco Garuti: Italian-Argentinian Director & Producer, Passion for Visual Arts, Team Leadership, Creative… #URL# ></document>
    <document> Jorell O'Dell: Known for his breakthrough work in developing the technology behind AntigravityCam, Jorel... #URL# ></document>
    <document> Tara Maloney Joins Framestore as Head of Production in NY: Oscar-winning Creative Studio Framestore T… #URL# ></document>
    <document> 'Birds Of Prey' Underperforms Expectations, But Still Wins Weekend Box Office: 'Birds Of Prey,' DC Comics' Harley… #URL# ></document>
    <Documentation> "Sonic" is doing well at the box office. 'Parasite' Enjoys Oscar Boost: Redesigned 'Sonic The Hedgehog' Show… #URL# ></document>
    <Documentation> SYFY WIRE REBRAND: BLOCK & TACKLE: "SYFY WIRE takes fandom seriously...but not so much themselves. As a premier p... #URL# ></document>
    <document> Entertainment Industry Professionals Mentoring Alliance (EIPMA) Hosts Open House for Educators, Students and Youth… #URL# ></document>
    <document> Entire Board of French César Film Awards Resigns: All Executives of French César Awards... #URL# ></document>
    <document> Street Talks 14 February 2020: London-based production company Spindle has added Coyle-Larner B to its roster… #URL# ></document>
    <document> “Joker,” “The Mandalorian” Win Best Film and TV Campaign at ICG Publicist Awards: Joker (Warner Bros.) and… #URL# ></document>
    <Documentation> Aesthetics of comics, fandoms, and fan-made Power BLOCK & Tackle's SYFY WIRE Rebrand: Global multi-platform media brand S… #URL# ></document>
    <document> Darius Rucker's "Wagon Wheel" Highlights Country Music's Transformation: Country Singer Darius Rucker Couldn't Quit... #URL# ></document>
    <document> mcgarrybowen promoted Lucia Grillo to US Chief Operating Officer: Lucia Grillo promoted to US Chief Operating Officer… #URL# ></document>
    <document> Advertising campaigns for "Joker" and "The Mandalorian" win top honors at 57th Annual ICG Publicist Awards: The Intel… #URL# ></document>
    <document> Edie Falco Talks "Tommy," CBS Series, In which she shows a L.A. Police Chief: In her role in the news CBS Drama "To… #URL# ></document>
    <document> Latest news in the entertainment and commercial production industry on Wednesday… #URL# ></document>
    <document> ICG and ADG (IA Locals 600, 800) Collaborate with Rancho Mirage's HPA Tech Retreat Panel: For Third Year in a Row… #URL# ></document>
    <document> Latest news in the entertainment and commercial production industry Thursday… #URL# ></document>
    <document> VFX Pioneers Digital Domain Officially Opens Newest Studio in Montreal: Today Digital Domain Wins Academy Award… #URL# ></document>
    <Document> KTNV: Good Morning Las Vegas: To the tune of an upbeat original anthem produced by Steven Arnold Music, the campaign… #URL# ></Document>
    <document> “1917,” “Patrick Melrose,” and “Honeyland” Nominated for IMOGO Cinematography Awards: IMO, the International Fed… #URL# ></document>
    <document> Vagabond Production Services Expands to Panama: Led by the Vision of Founder/Managing Director Lorenzo Benedick, Pa… #URL# ></document>
    <Document> Pam &amp; Gela - Juicy Couture #URL# ></document>
    <Documentation> Jako Giacomini: He goes by #USER#. Andrea is an award-winning filmmaker and filmmaker. Storyteller based in Los Angeles, California. H… #URL# ></document>
    <document> 'Parasite' director Bong Joon-ho received applause in South Korea: Bong Joon-ho smiled and waved... #URL# ></document>
    <Document> Maxon Customer Recognized in 2020 Awards Season: Maxon is a leading technology developer in professional 3D modeling… #URL# ></document>
    <Document> Logan &amp; Logan Sons directing duo Atanasio + Martinez and contracted sons, live-action film… #URL# ></document>
    <document> JAMM Celebrates Five Epic Years at Showreel 2020: From collaborating with Sony Tri-Star on a new intro to creating… #URL# ></document>
    <document> Best You've Never Seen: Partizan, Friends Electric, adam&amp;eveDDB Go On "Jetpack" Adventure for Great Wester… #URL# ></document>
    <document> "Parasite" Wins 4 Academy Awards, Including Best Picture and Best Director: Subtitle: "Parasite" First... #URL# ></document>
    <document> Good Company Signs Spot, Branded Content and Music Video Director Maxime Quoilin: Bicoastal Creative Studio Good… #URL# ></document>
    <Document> LD entertainment, roadside attractions acAcquiring North American rights to Julie Taymor's "The Glorias": LD Entertainm… #URL# ></document>
    <document> Deutsch LA Appoints Her Kelsey Karson, Taco Bell's Group Strategy Director, As Her SVP: Deutsch LA Has Hired Her Kelsey Karson As Her SVP…#URL#></document>
    <document> Now available... Brand New__s… #URL# ></document> for the latest entertainment and commercial production launch on February 12, 2020
    <document> Facebook Allows Paid “Branded Content” Political Messages That Are Not Ads: Facebook decided on Friday to allow the type… #URL# ></document>
    <document> Louis Rosenberg Resigns as President of IATSE Local 600: The International Cinematographer's Guild, IATSE Local… #URL# ></document>
    <documentation> Benetton fires famous photographer for insensitive remarks: Photographer Oliviero Toscani turned professional into a career… #URL# ></documentation>
    <document> Christian Siriano - Girls Skate #URL# ></document>
    <document> Sohonet Introduces ClearView Pivot to Level Up Remote Post Collaboration for Studios: Sohonet Global e… #URL# ></document>
    <document> ShoulderHill Entertainment Expands Production Capabilities with Acquisition of One Letter Films: Award-Winning Dia… #URL# ></document>
    <document> Latest entertainment and commercial production industry news on Tuesday… #URL# ></document>
    <Document> 2020 AICP Show Set Curation Committee: AICP President and CEO Matt Miller and President and Executive Officer Ari Brown… #URL# ></Document>
    <document> Greg Robbins: New York-based director, editor, writer and producer specializing in luxury brand and automotive videos… #URL# ></document>
    <Document> Top Spots of the Week: BBDO NY, Benjamin Image Director, American Red Cross, American Cancer Society "Give Time": O… #URL# ></Document>
    <Document> Defense Witness Denies Weinstein Accused Trap: Mexican Model and Actor In Strongest Defense Testimony Ever… #URL# ></Document>
    <Document> MediaMonks Hires Creative Directors in LA, NY and New York ACD in London, Europe: MediaMonks Expands Global Creations… #URL# ></document>
    <document> Droga5, SMUGGLER Director Jaron Albertin "Breathe" For Harley Davidson: Droga5 NY's first Harley piece… #URL# ></document>
    <document> Series creator Winsberg cites his father's illness as a moving "Zoey's Extraordinary Playlist."
    <Documentation> BBDO NY, Director Peter Thwaites, The Mill, Join American Family Insurance "Fun Journey": Peter Thwaites of The C… #URL# ></Document>
  
</author>