 
	<document> #user# #user# i do this 😃 make batches for my 8 grandchildren who will come for grandma’s chicken soup any time 😃 </document>
		<document> #user# #user# anti israel antisemites as usual 😡 </document>
		<document> #user# which other countries have been seen to do, they would be condemned, quite rightly for a lack of ‘proportionality’. because they use military intelligence to identify where the missiles launchers, factories, arms caches, underground tunnels, engineers, hamas commanders.... </document>
		<document> #hashtag# they said every year as they pay tribute to the jewish lives, innocent men, women and children murdered in the #hashtag#. then they stood and watched as their jewish colleagues were vilified and hounded out. </document>
		<document> #user# mazeltov 🎉🍷 please g-d by us for next year in uk 🍷 </document>
		<document> football association and oliver dowden sec of state dcms. pm boris johnson.: ban racists for life from all football matches in england* - sign the petition! #url# via #user#

#hashtag# </document>
		<document> this is hysterical considering how many times he has been pictured with terrorist supporters and their flags. i would have said #hashtag# but being jewish i am not supposed to understand #hashtag# 🤷‍♀️ #url# </document>
		<document> #user# #hashtag# may 34 year old matilda’s memory always be a blessing 🙏🏼 #url# </document>
		<document> #user# up 🤦🏽‍♀️ oh for an edit tab! </document>
		<document> #user# refuah shlema it is very good they have caught it early ❤️‍🩹 </document>
		<document> #user# #user# i’m blocked - i just responded to the ‘animal’ tweet? </document>
		<document> this is so important to our understanding of racism and discrimination. if we are so entrenched in our own sense of virtue and belief that we are ‘right’, we will never truly listen, understand or empathise with others. #url# </document>
		<document> the eu’s vaccine catastrophe is a crisis of its own making the spectator “european medicines agency doesn’t seem to be in any great hurry to approve vaccines. it still hasn’t passed the oxford jab, though it is one of those that eu has ordered in quantity” #url# </document>
		<document> #user# yes, that’s exactly it, tracy, how can this be happening in europe again? one evil madman destroying innocent people’s lives, while the world watches in horror? 😢 </document>
		<document> #user# this isn’t the first time they have deliberately misled over language, according to them yahudi in arabic means ‘israeli’ not jew, therefore buying into the antisemitic propaganda that it’s ok to call for the murder of ‘israelis’ #url# </document>
		<document> ‘we won the argument’ ‘let me finish’ ‘sniff’ ‘all forms of racism’ ‘my mother was at cable st’ #hashtag#  #url# #url# </document>
		<document> #user# #user# #user# #user# #user# #user# #user# #user# #user# #user# just amazing 🤩 happy birthday lily 🎉🎂❤️ </document>
		<document> #user# you do know that according to u.k. leader of the opposition, jeremy corbyn,  jews don’t understand #hashtag# ? </document>
		<document> #user# #user# #user# nicole’s right, labour might be a ‘broad church’ but they spend more time factional in fighting than on challenging tories. a few of us met with labour mp to voice our concerns about corbyn in 2017, he said it was the same on the doorstep. then they won the argument, but not ge19 </document>
		<document> #user# #user# well if labour had a leader with a backbone they would be. he asked all mps not to do this. this has empowered and legitimised antisemitism in a way i have never seen before! and we are scared for us and our children - it’s even in mainstream schools! </document>
		<document> #user# well done 👍🏼looking good! </document>
		<document> the #hashtag# is not up for debate in the same way that #hashtag# is not up for debate. both happened and are historic reminders of the evil mankind are capable of. #url# </document>
		<document> #user# #user# i agree, but just to hear that young man who may or may not have ever met anyone jewish, flag this up to keir starmer is heartwarming isn’t it? for so long we were scared that as there were so few of us we may not be heard, it is great to hear it firsthand 😀 </document>
		<document> #user# then there is this of course…..but the ngos don’t report this on behalf of the palestinians do they? #url# </document>
		<document> #user# you may like to think it’s ‘unconscious bias’ because that’s the latest buzz word maybe? it isn’t - listen to those who understand about #hashtag# nothing ‘unconscious’ about it whatsoever - it’s blatant unadulterated #hashtag# </document>
		<document> #user# #user# #user# #user# and ah - three schools in or adjacent to jewish community- mainly the ones with jewish students. </document>
		<document> #user# it surely is - and even we - although jewish - can see the #hashtag# in this! </document>
		<document> #user# #user# i am a proud zionist who believes that we deserve a safe home. </document>
		<document> #user# that the world chose to turn it’s back on the 6 million jews being systematically murdered is to their eternal shame! </document>
		<document> #user# #user# i love that you are both so happy together 💖💖💖💖 may you have many more happy healthy fulfilled years together 💖💖💖💖 </document>
		<document> #user# mazeltov- wishing you many more happy years together 💖 </document>
		<document> #user# pretty sure israeli police will clamp down pretty hard on israelis taking part in this! </document>
		<document> #user# #user# #user# #user# #user# #user# hmm some ‘history’ teacher - who doesn’t understand history? #url# </document>
		<document> may i please get 2 followers to copy and re-post this tweet? 

i'm trying to demonstrate that someone is always listening.

#hashtag#  

dial: 116 123

just two. any two. copy, not retweet! </document>
		<document> #user# #user# #user# #user# well, we have certainly seen and heard from jihadis in uk this past week! </document>
		<document> #user# #user# absolutely- he stood up for the jewish female mps who were being bullied and subjected to endless #hashtag#. our leeds mps were nowhere to be seen. he is a man of principle, a mensch! </document>
		<document> #user# bearing in mind that many of these youngsters have attended jewish primary schools, where security guards, electronic gates are the norm &amp; id cards are required for school pick ups. at certain times ‘lock down’ drills are carried out! today they will learn more about why this is. </document>
		<document> #user# #user# #user# #user# #user# #user# yes - i find that really hard to relate to. </document>
		<document> #user# can i ask a question? how is your finger lee? </document>
		<document> #user# #user# #user# #user# #user# #user# #user# i kept tagging mendozawoman at first 🤦🏽‍♀️ and that is another account 🤣 </document>
		<document> #user# #user# there is ‘some truth’ but like most people invested in #hashtag# you fail to acknowledge that these are responses to some of the most heinous terrorist murders of civilians. </document>
		<document> #user# if they have, you can be pretty certain that #hashtag# have an arms cache hidden there. so perhaps much better for the children to be elsewhere, as there are often launchers nearby too. perhaps the children would be safer in one of the luxury hotels seen on youtube? </document>
		<document> #user# i am so sorry 😞 there are no words to convey how tragic all this is. 💔🌻🇺🇦 </document>
		<document> #user# about bloody time! </document>
		<document> #user# that is horrendous, so sorry to hear this simon. they must be traumatised! </document>
		<document> #user# #user# i hope she falls off that fence she is sitting on! problem is there will be so many more like her. anti racist party my a*** meh. #hashtag# </document>
		<document> #user# #user# #user# so pleased i can reply to you to say i totally agree with matzo. you have been amazing, standing strong against so much #hashtag# with dignity. you are an inspiration ❤️ </document>
		<document> #user# 🤣 that pose 🤣 who does she think she is? 🤣🤣🤣 not a good look for 70 somethings, unless it’s a comedy routine 😉 </document>
		<document> #user# aw - that means so much ❤️ thank you lord ❤️ </document>
		<document> #user# #user# #user# think they have joined ranks to become the people’s front of judea or the judea people’s front or similar 🙄 </document>
		<document> oh dear - i thought his twitter handle was about peace? #user# hmmmmm #url# </document>
		<document> #user# #user# except we aren’t 😡 rich </document>
		<document> #hashtag# on and on and on they go, from whence they come the world doesn’t want to know. #hashtag# #url# </document>
		<document> #user# #user# #user# you actually believe palestinians are being supported by condemning them to a life under terrorism? what is wrong with you people? try listening to palestinians like #user# for a change. instead of using any opportunity to promote #hashtag# </document>
		<document> #user# #user# i understand but all the evidence from the demos this past week and especially yesterday, only condemn israel - what about #hashtag# ? but these cars are part of a palestinian convoy. </document>
		<document> #user# absolutely, you must, there are so few of us you really do have the power. it would be top of my list to visit! 💪🏿 </document>
		<document> tell all your friends.......time to send a message that we all stand with our jewish friends. #url# via #user# </document>
		<document> i really hope the antisemite in chief’s cult continue to post their filthy far right/far left tropes, insults, vitriol, threats etc to jewish people and/or their supporters. they are all being archived as evidence of labour’s stance &amp; will be produced in court. keep them coming. </document>
		<document> #user# #user# #user# #user# #user# well his close colleague #user# has explained that her very big charedi community wear “costumes”. does that constitute doing lots for jewish community? better than laying wreaths for terrorists, i guess 🤷‍♀️#hashtag# </document>
		<document> #user# #user# #user# #user# yep - that was my take too! </document>
		<document> #user# block them yonah - life’s too short 💙 </document>
		<document> #user# mazeltov stephen- got mine too, my jab is on thursday. 💙💉 </document>
		<document> #user# #user# #user# #user# #user# #user# their credibility is already at rock bottom, what people have seen and heard in their towns and cities over the past few days is not going to be a vote winner 😉 </document>
		<document> #user# #user# just about to say the same 🤣 </document>
		<document> #user# thank you #user# for making us feel as though #hashtag# </document>
		<document> #user# #user# #user# #user# #user# #user# so many people who abhor naziism are totally oblivious to this! #url# </document>
		<document> #user# me too - this does seem to be a “thing” before major announcements are made with this government. </document>
		<document> #user# #user# lots in this thread. #url# </document>
		<document> #hashtag# jewish people still need to socially distance from #hashtag# #url# </document>
		<document> #user# smile 😀👍🏼 </document>
		<document> you quite correctly said it wasn’t uk gov, it was individual efforts that enabled jewish children to come here. however, do you have any idea of the entrenched antisemitism there was in uk in 1940s and 50s? #url# </document>
		<document> #user# grass roots activists #user# #user# #user# #user# #user# in uk also #user# #user# #user# and dozens of others, too many mention, as well as orgs #user# #user# #user# </document>
		<document> #user# i am in the north and i always have mayo on my chips 😀 </document>
		<document> #user# more fall outs? oh goody #url# </document>
		<document> #user# #user# not according to 2016 parliamentary select committee or ehrc 😉 is it reading or comprehension you have difficulty with? not a great look for an academic! </document>
		<document> #user# #user# any comment? given it is being mooted the terrorist is british? #hashtag# #hashtag# by omission or commission is #hashtag# #url# </document>
		<document> #user# #user# but survived it and lived to 93 - a great age. may his memory always be a blessing. </document>
		<document> #user# me neither 🙄 </document>
		<document> #user# #user# #hashtag# on behalf of me and the 280 thousand strong jews in uk jewish communities - love it and it is said that we don’t understand #hashtag# #hashtag# </document>
		<document> #user# #user# a quick #hashtag# check would have sufficed! but surely #user# has more extensive research resources? or do they just prefer to contribute to #hashtag# conspiracy stories? #url# </document>
		<document> #user# sheesh - i panicked for 10 seconds there! 🤣 chanukah never starts in october 🤣 </document>
		<document> #hashtag# in light of recent upsurge in horrendous worldwide #hashtag# due in part if not entirely, to irresponsible terrorist support, our blood is on your hands. and so is the blood of palestinians. #hashtag# </document>
		<document> #user# #user# i downloaded years ago - it’s been nonstop for days 😔 </document>
		<document> #user# #user# #user# #user# h/t to #user# #url# </document>
		<document> #user# #user# #user# #user# #user# #user# of course not, but all this discussion stemmed from uk labour’s motion against israel and those who support it which is antisemitic. </document>
		<document> #user# #hashtag# the oldest virus 🦠 mutating from century to century #url# </document>
		<document> #user# #user# #user# i screenshot the sections of this relating ucu, david when this was tweeted. i found them chilling. i’m relieved i never joined a union when i worked as a uni lecturer and equally relieved i never needed union support. i have so much respect for you going through this. </document>
		<document> villiers keeps up the pressure for boycott of un durban iv conference | theresa villiers mp #url# </document>
		<document> #user# #user# #user# #user# #user# #user# perhaps you should read it yourself? </document>
		<document> #user# #user# forgot to say is it lbc? 😉 </document>
		<document> #user# #user# it was more so in certain geographical areas in the 1990s 😃 not so much now, as the demographics have changed 😉 </document>
		<document> #user# that reflects society we are not considered an ethnic minority anywhere- housing, jobs, education forms - i always put other. we have always been “other” ironic really considering we have so much power #hashtag# #hashtag# </document>
		<document> #user# #user# why would anyone question flying the british flag? it isn’t a political statement unless people make it one. we are brits, we live here, it’s our flag - end of. if people feel a greater allegiance to another country and its flag - go live there! </document>
		<document> jeremy corbyn finally makes a grovelling apology for downplaying anti-semitism within labour | “the point i wished to make was that the vast majority of labour party members were and remain committed anti-racists deeply opposed to anti-semitism. “ #url# </document>
		<document> #url#“national union of journalists has distanced itself from one of its senior members, who claimed two jewish labour mps and an ex-councillor do not have “human blood”. this is what #hashtag# legitimised #user# unions next for investigation? </document>
		<document> #url# “britain’s late chief rabbi jonathan sacks and the board of deputies of british jews have called corbyn an antisemite. the current chief rabbi, ephraim mirvis, said corbyn was “complicit in prejudice” against jews.” is this #hashtag# ? </document>
		<document> #user# “although the fitness to practise committee had found that mr ali’s words were offensive, it did not find that the words had been antisemitic, and the panel let him off with only a formal warning.” is this some kind of evasion re #hashtag#? miller’s result was similar? </document>
		<document> #user# thank you for everything tracy ❤️ we stand with you, proud to be jewish and female. 🙏🏼 </document>
		<document> #user# #user# according to #user# report there isn’t much support from uk unis! plenty of #hashtag# though. #url# </document>
		<document> #user# outside my house up north just now 🤣 </document>
		<document> #url#
“there are fears among professors and students that if ucl goes back on its commitment to ihra there will be a uk-wide “domino effect”, leaving jewish students open to intimidation and harassment on campuses.” #hashtag# </document>
		<document> hmm and riddled with #hashtag# the party that puts palestine before the nhs and social care. i am sure the u.k. palestinian community will be very grateful while you support the leadership of me terror groups to murder jews. #hashtag# #url# </document>
		<document> #user# it was the end of the week...and my bp meds had to be “authorised” to be administered intravenously or via food tube. what transpired was that due to the weekend junior cover, poor communication, nhs systems my bp recorded at 215/175 sending everyone into a spin..... </document>
		<document> #user# #user# #user# #user# yes, 3000 which in comparison to london, manchester and leeds is small and isn’t representative of all uk jewry. </document>
		<document> #user# no words 😢🇺🇦🌻 </document>
		<document> #user# check out this account for more info on #hashtag# #url# </document>
		<document> #user# the kind of guy that would do this? and lie about it? this guy? #url# </document>
		<document> #user# thank goodness 🙏🏼 </document>
		<document> #user# 🤣🤣🤣good luck with your move </document>
		<document> #user# i love israel 🇮🇱💙💙💙💙💙 #url# </document>
		<document> #user# he is so defensive- he knows he is trying to defend the indefensible! of all the pms we never had - he must rank the most popular! </document>
		<document> #user# thank you 🙏🏼 just for future reference it is #hashtag# please feel free to ask any questions you may have 😀 </document>
		<document> #user# keep safe 🙏🏼 </document>
		<document> do not cite our dead to promote your political ideologies and ignorance using stereotypes. instead of promoting your book, perhaps you should read others #hashtag# by #user# and #hashtag# by #user# would be a good start. </document>
		<document> #user# well, if they want to risk their lives for the sake of a flag - so be it! i am sure it will send a very strong message to #hashtag# 🇮🇱🙄 </document>
		<document> #user# #user# 🤦🏽‍♀️ just when you thought they couldn’t sink any lower........... </document>
		<document> #user# the jews became israelis and the arabs were still arabs retaining their names and identities from their tribal areas. that’s not to say they didn’t have a right to live there but they weren’t known as palestinians. </document>
		<document> there is no such thing as the “wrong” type of jew. there are though jewish people who despite much academic discourse and research who cannot compute #hashtag# from the hard left. they can only perceive right wing a/s because that fits their skewed world view. 🤷🏽‍♀️ #url# </document>
		<document> #url# “he targeted a synagogue in order to free a woman who did not hide her hatred of jews. we know that a leading figure in the same organization that advocated siddiqui’s cause put synagogues &amp; other major jewish organizations on a list of “enemies”#hashtag# </document>
		<document> #user# this is just unbearable, that poor little girl 😢 this is what campaigners should be protesting against! child abuse, slavery and trafficking! </document>
		<document> #user# 🤣🤣🤣 in true mossad style..........🤣 </document>
		<document> #user# #user# #user# great news - whoever it was! kudos to them. </document>
		<document> #user# #user# but given tacit approval by corbyn and his cult, together with all those who remain silent or try to claim ‘it’s all about israel’ which is equally despicable. this includes msm and police. </document>
		<document> #user# her memory should always be a blessing, sending thoughts and prayers 💙 </document>
		<document> #user# so sorry for your loss. hold on to your cherished memories of her, they will help you through the stormy sea of grief and bereavement. </document>
		<document> #user# #user# so pleased you have put him straight 😀👍🏼 he is now blocked along with his 153 followers 😉 </document>
		<document> #user# #user# great news - thanks for keeping us updated (shrugs) </document>
		<document> goverment: expel baroness shami chakrabarti from the lords for the dishonest report on antisemitism - sign the petition! #url# via #user# </document>
		<document> #user# may her memory always be for a blessing 💔 baruch dayan haemet 🙏🏼 </document>
		<document> #user# #user# #user# #user# i agree gillian, inclined to agree with blair, no point in tweaking here and there. </document>
		<document> #user# #user# tell me this is a wind up? they aren’t serious- are they? 🤦🏻‍♀️ </document>
		<document> #user# i don’t think they understand that most people don’t see the world in terms of left or right? most of us just want to live our lives enjoying our children/grandchildren/pets, supporting charities, opposing injustice in our own way &amp; caring for others, without antisemitism? </document>
		<document> #user# how can they claim anything they are inciting and enabling it! and #user# is condoning it! </document>
		<document> #user# #user# thank you nate ❤️ i hope this thread about grief helps others going through bereavement and loss in isolation during #hashtag# ❤️ </document>
		<document> #user# what is even more disturbing is that #user# have ignored #hashtag# reported by most pro jewish accounts for the past 18 months. in addition these accounts are being removed. #hashtag# and #hashtag# ? </document>
		<document> #user# french, italian, greek, israeli, jewish. </document>
		<document> #user# #user# oh yes - but their main focus are the palestinian communities in their constituencies 😉 </document>
		<document> #user# #user# #user# #user# nah - i think the hand of israel 🇮🇱 </document>
		<document> #user# #user# #user# with a security guard checking parents/grandparents id cards? </document>
		<document> #user# #user# #user# #user# 3) zionists can be identified across the political spectrum. we believe, as jewish people that the term zionist is often used to discriminate against us as jews. sure, some jewish people are antisemitic/antizionist - that doesn’t make them right. </document>
		<document> #user# #user# #user# #user# #user# #user# #user# but these sources are cited by so many on sm that they are seen as credible by many. </document>
		<document> #user# being jewish i am not sure i am supposed to understand #hashtag# do you think #user# can help? #hashtag# hard left or far right? </document>
		<document> #user# all well and good, but will this terror supporting event, look at anything to help actual palestinians rather than their terrorist/terror supporters? #hashtag# #hashtag# </document>
		<document> #url# “daubings also contained triple parentheses, a symbol known as “the echo” that was initially used by neo-nazis to indicate that a person or concept is jewish.” #hashtag# </document>
		<document> #user# #user# #user# #user# #user# apology accepted, do watch the video, there other sources too. it does explain why some palestinians/arabs call their shops ‘hitler’, fly the swastika and use heil hitler salutes. </document>
		<document> #user# i think there are more on you tube 😀 so much love can be found through shared music 💖 </document>
		<document> #user# #user# i note that i have been placed very close to the eye of the storm 😉 i remain one of your most nefarious agents. 😉 </document>
		<document> #user# it’s hardly surprising really, this is taught widely as the truth, if at all and repeated in the west by ken livingston and his antisemitic ilk #hashtag#  #url# </document>
		<document> #url# “and he praised ‘shahids’ – a term used by hamas for both civilians killed in conflict, militants who die in combat and suicide bombers.” how ironic 🙄 counter terrorism? hmmmmm </document>
		<document> #user# #user# #user# #user# because some hard left supporters will join others to discredit israel/idf in any way. personally, i don’t read haaretz because i can’t trust them. of course mistakes are made and idf are human, the big difference is that if they are found to have broken their strict codes </document>
		<document> #user# #user# #user# #user# #user# #user# #user# thank you #user# i have been following for a while. to all my followers please follow to thank him for all his support and see beautiful baby pics ❤️ </document>
		<document> #user# things may cool somewhat after the next day or two.............😉 </document>
		<document> how corbyn breathed anti-semitism into the labour party “on corbyn’s denial of the ehrc report, freeman says that labour members “really don’t believe they are anti-semites, because they do not believe anti-semitism is a legitimate form of prejudice.” #url# </document>
		<document> #user# is the idea that palestinian workers who are vaccinated by israel then have to purchase these, so the palestinian leadership can claim they did the vaccinations? </document>
		<document> #user# #user# #user# and this……. #url# </document>
		<document> #url#  “indian-heritage labour members have been bullied by fellow labour activists, with derogatory comments alongside labels such as ‘hindutva’ - a term used in the same way zionist is sometimes deployed in a disparaging way when referencing jewish people” </document>
		<document> #user# #user# #user# i didn’t get the impression the vaccinations excluded anyone, but they will prioritise health/social care workers, vulnerable people of all ages? </document>
		<document> this is just one part of jewish history that #hashtag# chooses to overlook in his skewed worldview. luckily we jews know history- with or without #hashtag# #hashtag# #hashtag#out  #url# </document>
		<document> #user# #user# and if you felt so strongly about the plight of palestinians, this was a good opportunity to ask questions on their behalf. but it’s never about their well-being is it? #hashtag# instead of #hashtag# #hashtag# </document>
		<document> #user# #user# odd how some people can only view the world in extremes - either extreme left or extreme right - both espouse views that appear to motivated by hate for others...........😉 </document>
		<document> #url# “the group said it would target the jewish members in order to take “action against the individuals”, referring to them as “zionist trolls”. corbyn’s legacy of #hashtag# also known as “kinder, gentler politics” 😉 </document>
		<document> who says british jews don’t understand #hashtag# #hashtag# #url# </document>
		<document> corbyn couldn't have done it without 'moderates' like jess phillips | the spectator #url# </document>
		<document> #user# maybe he could compile a list of his n(j)ew customers? 😉 </document>
		<document> history of jews that #user# might be well advised to watch as we know our history as jews in israel and the diaspora. we understand only too well, his support begins and ends with his mother at #hashtag# #hashtag#  #url# </document>
		<document> #user# #user# aman gaza is judenfrei - jews are not allowed to enter. </document>
		<document> #user# #user# there absolutely is and after the disgraceful spectacles of #hashtag# , supposedly pro palestinian demos yesterday, it comes as no surprise! how any pro palestinian supporters can condone #hashtag# killing their own people is beyond me! </document>
		<document> #user# why allow this shameless propaganda? from a corbynite shill. #url# </document>
		<document> #user# #user# #user# #user# i agree it’s not ‘fair’ and these people are in an invidious situation not helped by anyone who is exploiting them. </document>
		<document> #user# #user# only those who have heard of her - which i am guessing isn’t many 🤣🤣🤣🤣 </document>
		<document> “here’s what i do know: my fellow british jews were right. i was wrong. from now on, jeremy corbyn has my loud and implacable opposition.” you see us oldies do know a thing or two about history - and #hashtag# #hashtag# and do you really want a pm who is a bit dim? #url# </document>
		<document> #user# what is she called? is she on here? </document>
		<document> #user# #user# camel massacres - that’s a new one? are the camels aware? 🐫🐫🐫🐫🐫 </document>
		<document> #user# we had problems with this when my daughter was pregnant and feeling very  sick - we resolved it by taking half a dose? </document>
		<document> #user# #user# for everyone to see - until they are suspended for targeted harassment 🙄 #hashtag# </document>
		<document> #user# #user# hi shelagh - shouldn’t face coverings be compulsory? this would help supermarket staff - if those who are exempt from masks have to wear a visor or scarf? but no face covering no entry! </document>
		<document> #user# yes - i will too - there are so many things to remember him for, none of them honourable. and impossible to recount in one tweet! or even several! 🙄 </document>
		<document> #user# i am “sure” you would 😉 but this is #hashtag# to say the least and is #hashtag# given your lifelong alliances with regimes whose aim is to murder jews! along with nearly three hundred thousand others in uk, we hoped never to see your hypocrisy again. #hashtag# #hashtag# </document>
		<document> #user# not enough characters to fully explain and i guess it sounds irrational to anyone else, but my g/parents and other relatives are buried there. my dad in another town and mother still alive, will be buried abroad. so a bit of a historical family tradition, which we are so short of </document>
		<document> #user# #user# for a more inclusive read, that develops a more academic approach #user# #hashtag# is also an excellent book. </document>
		<document> #user# #user# #user# #user# #user# #user# #user# #user# #user# #user# #user# #user# #user# #user# #user# #user# #user# #user# #user# #user# #user# #user# #user# #user# #user# #user# #user# #user# #user# apologies to anyone i have missed. please add them to this thread. 
#user# #user# #user# #user# #user# </document>
		<document> #user# #user# #user# i shouldn’t have to! if you are on here intruding on someone’s tl who knows far more than you, research it - i am not your google. </document>
		<document> #user# #user# #user# there is nothing ‘self evident’ about jewish people being antisemitic, indeed some are. but they are in the minority. see #user# #user# for evidence of this. given that one israeli pm is reputed to have said that every israeli thinks they are pms cont </document>
		<document> #user# hi - mystery solved, i have had to disable ‘child safe’ in virgin web safe and that has resolved it. not really happy about that, but we don’t have children living with us. </document>
		<document> #user# it isn’t just the left, this #hashtag# is endemic. at the moment it’s the ‘left’ especially those who consider themselves ‘anti racist’ basking in their antisemitic virtue, who are louder. but their #hashtag# frequently echos the sentiments from nazis in 1930s. #hashtag# </document>
		<document> #user# #user# #user# #user# his claim that non jewish people make assumptions and draw conclusions about jewish people’s ethnic or religious affiliations is correct. for example the neturei karta are often ‘wheeled out’ as examples of ‘acceptable’ jews by hard left campaigners is an example of this. </document>
		<document> #user# #user# #user# the chance to give money to this self centred greedy man, who instead of donating to charities or families in need, is exhorting gullible, hate filled people to fund his racism, jew hatred and what was #hashtag# </document>
		<document> #user# #user# omar barghouti 😉 do as i say, not as i have done………with his degree from israeli university! </document>
		<document> #user# #user# #user# #user# #user# #user# #user# #user# #user# my goodness-if #user# are condoning this - what conclusions are we supposed to draw from this #user# ? </document>
		<document> #user# i can relate to this, as a child i grew up with french students, cousins,  who lived with us. they were former ‘hidden children’ smuggled from convent to convent to avoid the gestapo in occupied france. i was just a couple of years older than them when their dad found them. </document>
		<document> #user# erm - listen to those who state what they mean - not what you think they mean?  #url# </document>
		<document> #user# the modern #hashtag# specially designed to stoke hate. i saw it on posters for a demo in bradford. from the #hashtag# organisers! </document>
		<document> who says joos don’t get #hashtag# ? nothing more than a jewish antisemite 🤦🏽‍♀️ #url# </document>
		<document> #user# yes, devastating, tragic news. may his memory always be for a blessing 💔 </document>
		<document> #user# #user# #user# no it’s posting lies about israel that is the problem, you are the one doing this! </document>
		<document> #user# #user# #user# #user# she won’t though, she made it very clear, it won’t be mentioned again. she doesn’t want to learn or help educate others about #hashtag# </document>
		<document> #user# does #user# know this? are the rates of pay for these agents higher? </document>
		<document> #hashtag# #hashtag# on air unchallenged. a double take by one of the presenters makes it so much worse somehow - doesn’t it? #hashtag# but #hashtag# #url# </document>
		<document> #user# #user# yeh, i know sweetheart, but thank you for allowing me to chip in and tell how bloody amazing you are ❤️ </document>
		<document> #user# #user# take heart from the knowledge that these jobs are likely to be short lived. too many people now know corbyn is   a terrorist loving, old white millionaire who is grifting. #hashtag# </document>
	  <document> #user# #user# I do this 😃 make batches for my 8 grandkids who come to grandma's chicken soup anytime 😃 </document>
<document> #user# #user# anti-Israel anti-Semites as always 😡 </document>
<document> #user# what other countries have done, they would rightly be condemned for lack of "proportionality". because they use military intelligence to determine where rocket launchers, factories, arsenals, underground tunnels, engineers, Hamas commanders... </document> are located
<document> #hashtag# they said every year when paying tribute to Jewish life, innocent men, women and children who were murdered in #hashtag#. then they stood and watched as their jewish colleagues were slandered and hunted down. </document>
<document> #user# mazeltov 🎉🍷 g-d from us for next year in the UK 🍷 </document>
<document> football association and oliver dowden sec of state dcms. pm boris johnson.: ban racists for life from all football matches in england* - sign the petition! #url# via #user#

#Hashtag# </Document>
<Document> This is hysterical given the number of times he's been pictured with terrorist supporters and their flags. I would have said #hashtag#, but as a Jew I shouldn't understand #hashtag# 🤷‍♀️ #url# </document>
<document> #user# #hashtag# May the memory of 34 year old Matilda always be a blessing 🙏🏼 #url# </document>
<document> #user# up 🤦🏽‍♀️ oh for an edit tab! </document>
<document> #user# refuah shlema, it's very good that you recognized it early ❤️‍🩹 </document>
<Document> #user# #user# I'm blocked - I just replied to the "animal" tweet? </document>
<document> this is so important to our understanding of racism and discrimination. If we are so ingrained in our own sense of virtue and belief that we are "right," we will never truly listen, understand, or empathize with others. #url# </document>
<document> the eu vaccine disaster is a crisis in its own right, telling viewers “the european medicines agency appears to be in no hurry to approve vaccines. it still hasn't passed the oxford jab despite being one of those the eu has ordered in bulk #url# </document>
<document> #user# Yes, that's it, Tracy, how can this happen again in Europe? An evil madman destroying the lives of innocent people while the world looks on in horror? 😢 </document>
<document> #user# this isn't the first time they've intentionally misled about the language, according to them, Yahudi means "Israel" in Arabic, not Jew, and therefore believes the anti-Semitic propaganda that it's okay to go to the Murder of "Israelis" go to ' #url# </document>
<Document> "We won the argument" "Let me finish" "Sniffing out all forms of racism" "My mother was in the cable station" #hashtag# #url# #url# </document>
<document> #user# #user# #user# #user# #user# #user# #user# #user# #user# #user# just amazing 🤩 happy birthday lily 🎉🎂❤️ </document>
<document> #user# You know that according to u.k. Opposition leader Jeremy Corbyn, Jews don't understand #hashtag#? </document>
<document> #user# #user# #user# Nicole is right, Labor may be a 'broad church' but they spend more time factional fighting than challenging Tories. A few of us met with the Labor Secretary in 2017 to voice our concerns about Corbyn. He said it was the same on the doorstep. then they have won the argument, but not succeeded19 </document>
<document> #user# #user# Well, if labor had a leader with backbone, it would be them. he asked all MPs not to do so. This has empowered and legitimized anti-Semitism in a way I have never seen before! and we fear for ourselves and our children - even in mainstream schools! </document>
<document> #user# well done 👍🏼 looks good! </document>
<document> the #hashtag# is not up for debate, just like the #hashtag# is not up for debate. Both happened and are historical reminders of the evil that humanity is capable of. #url# </document>
<document> #user# #user# I agree, but just to hear that youngMan who may or may not have ever met anyone Jewish, report this to Keir Starmer, is heartwarming isn't it? We've been afraid for so long that since we were so few we wouldn't be heard, it's great to hear it firsthand 😀 </document>
<document> #user# then of course there is…..but the NGOs are not reporting this on behalf of the Palestinians, are they? #url# </document>
<document> #user# You might want to think it's "unconscious bias" because that might be the latest buzzword? it's not - listen to those who don't understand anything "unconscious" about #hashtag# - it's a unadulterated #hashtag# </document>
<document> #user# #user# #user# #user# and ah - three schools in or adjacent to the Jewish community - mainly the ones with Jewish students. </document>
<document> #user# certainly is - and even we - although Jewish - can see the #hashtag# in it! </document>
<Document> #user# #user# I am a proud Zionist who believes we deserve a safe home. </document>
<document> #user# that the world has decided to turn its back on the 6 million Jews who are being systematically murdered is to its eternal shame! </document>
<document> #user# #user# I love that you two are so happy together 💖💖💖💖 may you have many more happy, healthy and fulfilling years together 💖💖💖💖 </document>
<document> #user# mazeltov- I wish you many more happy years together 💖 </document>
<document> #user# is pretty sure that the Israeli police will crack down pretty hard on Israelis who take part! </document>
<document> #user# #user# #user# #user# #user# #user# hmm any history teacher – who doesn't understand history? #url# </document>
<document> may I please get 2 followers to copy and repost this tweet?

I try to show that someone is always listening.

#Hashtag#

Dial: 116 123

only two. no matter which two. copy, don't retweet! </document>
<document> #user# #user# #user# #user# Well, we've certainly seen and heard of jihadists in the UK over the past week! </document>
<document> #user# #user# absolutely - he has stood up for the Jewish female MPs who have been bullied and subjected to endless #hashtag#. our leeds mps were nowhere to be seen. he is a man of principles, a man! </document>
<document> #user# considering many of these youth attended Jewish elementary schools where security guards, electronic gates are the norm &amp; IDs are required for school pickups. at certain times "lockdown" exercises are carried out! today you will learn more about why that is. </document>
<document> #user# #user# #user# #user# #user# #user# yes – I find that really hard to understand. </document>
<document> #user# can I ask a question? how is your finger </document>
<document> #user# #user# #user# #user# #user# #user# #user# i always tagged mendozawoman first 🤦🏽‍♀️ and this is another account 🤣 </document>
<document> #user# #user# there is "some truth," but like most people who have invested in #hashtag#, you fail to acknowledge that these are answers to some of the most heinous terrorist killings of civilians. </document>
<document> #user# If so, you can be pretty sure that #hashtag# has a weapon cache hidden there. so maybe much better for the kids to be somewhere else as there are often launchers nearby too. maybe the kids would be safer in one of the luxury hotels on youtube? </document>
<document> #user# I'm so sorry 😞 there are no words to express how tragic this all is. 💔🌻🇺🇦 </document>
<document> #user# about damn time! </document>
<document> #user# That's horrible, I'm so sorry to hear that Simon. You must be traumatized! </document>
<document> #user# #user# I hope she falls off the fence she's sitting on! The problem is that there will be as many as they are. anti-racist party my a*** meh. #Hashtag# </Document>
<document> #user# #user# #user# so pleased to reply to you to say I totally agree with Matzo. You were awesome and stood up to so much #hashtag# with dignity. You'rean inspiration ❤️ </document>
<document> #user# 🤣 this pose 🤣 who does it think it is? 🤣🤣🤣 not a good look for 70 year olds unless it's a comedy routine 😉 </document>
<document> #user# aw - that means so much ❤️ thank you sir ❤️ </document>
<document> #user# #user# #user# believe that they have united to become the People's Front of Judea or the Judean People's Front or something like that 🙄 </document>
<document> oh dear - I thought his twitter handle was about peace? #user# hmmmmm #url# </document>
<document> #user# #user# unless we're not 😡 rich </document>
<document> #hashtag# on and on and on they go, where they come from the world doesn't want to know. #Hashtag# #URL# </document>
<document> #user# #user# #user# Do you actually believe that the Palestinians will be supported by condemning them to a life of terrorism? what's the matter with you people? For a change, try listening to Palestinians like #user#. instead of taking every opportunity to promote #hashtag# </document>
<document> #user# #user# I understand, but all the evidence from the demos over the past week and especially yesterday only condemns Israel - what about #hashtag# ? but these cars are part of a Palestinian convoy. </document>
<document> #user# absolutely you must, there are so few of us that you really have the power. It would be high on my list to visit! 💪🏿 </document>
<Document> Tell all your friends...... Time to send a message that we all stand by our Jewish friends. #url# via #user# </document>
<Document> I really hope that the cult of anti-Semite bosses will continue to post their dirty far right/far left tropes, insults, contempt, threats, etc. to Jewish people and/or their supporters. they are all archived as evidence of labor attitude &amp; will be presented in court. let her come </document>
<Document> #user# #user# #user# #user# #user# Well, his close colleague #user# has stated that their very large Charedi community wears "costumes". does that mean doing a lot for the jewish community? better than laying wreaths for terrorists I think 🤷‍♀️#hashtag# </document>
<document> #user# #user# #user# #user# yes – that was my opinion too! </document>
<document> #user# block her yonah - life is too short 💙 </document>
<document> #user# mazeltov stephen- got mine too, my jab is on thursday. 💙💉 </document>
<document> #user# #user# #user# #user# #user# #user# their credibility is already at rock bottom, what people have seen and heard in their cities and towns in the last few days will not be a Vote Winner 😉 </document>
<document> #user# #user# is saying the same thing right now 🤣 </document>
<document> #user# thank you #user# for making us feel like #hashtag# </document>
<Document> #user# #user# #user# #user# #user# #user# so many people who detest Nazism are completely unaware of it! #url# </document>
<document> #user# Me too - seems like a "thing" before major announcements are made with this government. </document>
<document> #user# #user# much in this thread. #url# </document>
<document> #hashtag# Jewish people still need to socially distance themselves from #hashtag# #url# </document>
<document> #user# smile 😀👍🏼 </document>
<Document> You quite rightly said that it wasn't the British government, it was individual efforts that made it possible for Jewish children to come here. However, do you have any idea of ​​the ingrained anti-Semitism that existed in Britain in the 1940s and 50s? #url# </document>
<document> #user# grassroots activists #user# #user# #user# #user# #user# in the UK also #user# #user# #user# and dozens of others, too many to mention, as well as organizations # user# #user# #User# </Document>
<document> #user# I'm in the north and I always have mayo on my chips 😀 </document>
<document> #user# More failures? oh good #url# </document>
<document> #user# #user# not according to the parliamentary committee 2016 or ehrc 😉 do you have reading or understanding difficulties? not a great look for an academic! </document>
<document> #user# #user# any comment?Given the terrorist is British? #hashtag# #hashtag# by omission or commission is #hashtag# #url# </document>
<document> #user# #user# but survived and lived to be 93 years old - a great age. May his memory always be a blessing. </document>
<document> #user# Me neither 🙄 </document>
<document> #user# #user# #hashtag# on behalf of myself and the 280,000 strong jews in british jewish communities - i love it and it says we don't understand #hashtag# #hashtag# </document>
<document> #user# #user# a quick #hashtag# check would have been enough! but surely #user# has more extensive research resources? or do they just prefer to contribute to #hashtag# conspiracy stories? #url# </document>
<document> #user# sheesh - I panicked for 10 seconds! 🤣 Hanukkah never begins in October 🤣 </document>
<document> #hashtag# Our blood is on your hands in the face of the recent upsurge of appalling global #hashtag#, which has been attributed in part, if not entirely, to irresponsible terrorist support. and so is the blood of the Palestinians. #Hashtag# </Document>
I downloaded <document> #user# #user# years ago - non-stop for days 😔 </document>
<document> #user# #user# #user# #user# goes to #user# #url# </document>
<document> #user# #user# #user# #user# #user# #user# Of course not, but all these discussions arose out of the British Labor Party's anti-Semitic motion against Israel and its supporters. </document>
<document> #user# #hashtag# the oldest virus 🦠 mutated from century to century #url# </document>
<document> #user# #user# #user# I'm screenshotting the sections of this context with ucu, david when this was tweeted. I found her chilled. I'm relieved that I never joined a union when I was a university lecturer and relieved that I never needed union support. I have so much respect for you going through this. </document>
<document> villiers keeps up pressure to boycott un durban iv conference | Theresa Villiers mp #url# </document>
<document> #user# #user# #user# #user# #user# #user# Maybe you should read it yourself? </document>
<document> #user# #user# forgot to say is it lbc? 😉 </document>
<document> #user# #user# was more likely in certain geographic areas in the 1990s 😃 not so much now that demographics have changed 😉 </document>
<document> #user# that reflects society, we are not considered an ethnic minority anywhere - housing, jobs, forms of education - I always say others. We've always been "different" considering we have so much power #hashtag# #hashtag# </document>
<document> #user# #user# why would anyone question the raising of the British flag? It's not a political statement unless people make it one. we're british, we live here, it's our flag - end of. if people feel more connected to another country and its flag - go live there! </document>
<Document> Jeremy Corbyn finally humbly apologizes for downplaying anti-Semitism within Labor Party | “The point I wanted to make was that the vast majority of Labor Party members were and remain committed anti-racists who deeply reject anti-Semitism. “ #url# </document>
<document> #url#"The national union of journalists has distanced itself from one of its senior members who claimed that two Jewish workers MPs and a former city councilman did not have "human blood". Is this the #hashtag# next to legitimize #user unions to investigate? </document>
<document> #url# “Britain's late Chief Rabbi Jonathan Sacks and the British Jewish Council of Representatives have called Corbyn an anti-Semite. The current chief rabbi, Ephraim Mirvis, said Corbyn was "complicit in prejudice" against Jews." is that #hashtag# ? </document>
<Document> #User# "Although the Practice Eligibility Committee had determined that Mr. Ali's words were offensive, it did not determine that the words were anti-Semitic and the panel only released him with a formal warning." Is that some kind of workaround regarding #hashtag#? Miller's result was similar? </document>
<document> #user# thanks for everything tracy ❤️ we are standing byMay, proud to be Jewish and female. 🙏🏼 </document>
<document> #user# #user# according to #user# report there is not much support from UK Unis! but lots of #hashtag#. #url# </document>
<document> #user# just outside my house up north 🤣 </document>
<document> #url#
"there are fears among professors and students that there will be a uk-wide 'domino effect' if ucl withdraws its commitment to ihra, exposing jewish students to intimidation and harassment on campus." #hashtag# </document>
<document> hmm and peppered with #hashtag# the party that puts palestine before nhs and social welfare. I am sure that the UK and the Palestinian community will be very grateful to you for supporting the leadership of my terror groups in killing Jews. #Hashtag# #URL# </document>
<document> #user# it was the end of the week... and my bp meds needed to be "authorized" for IV or feeding tube. What turned out was that due to the junior covers over the weekend, poor communication and the NHS systems, my bp was recorded at 215/175 and sending everyone spinning..... </document>
<document> #user# #user# #user# #user# Yes, 3000, which is small compared to London, Manchester and Leeds and not representative of all British Jews. </document>
<document> #user# no words 😢🇺🇦🌻 </document>
<document> #user# Check out this account for more info on #hashtag# #url# </document>
<document> #user# the guy who would do that? and lie about it? this guy? #url# </document>
<document> #user# thank goodness 🙏🏼 </document>
<document> #user# 🤣🤣🤣Good luck with your move </document>
<document> #user# I love Israel 🇮🇱💙💙💙💙💙 #url# </document>
<Document> #user# He's so defensive - he knows he's trying to defend the untenable! Of all the PMs we've never had, he's probably the most popular! </document>
<document> #user# thanks 🙏🏼 for future reference only it's #hashtag# please feel free to ask your questions 😀 </document>
Keep <document> #user# safe 🙏🏼 </document>
<document> do not quote our dead to promote your political ideologies and ignorance with stereotypes. Instead of promoting your book, maybe you should read others. #hashtag# of #user# and #hashtag# of #user# would be a good place to start. </document>
<document> #user# Well, if you want to risk your life for a flag - so be it! I'm sure it will send a very strong message to #hashtag# 🇮🇱🙄 </document>
<document> #user# #user# 🤦🏽‍♀️ just when you thought they couldn't sink any lower...... </document>
<document> #user# the jews became israelis and the arabs were still arabs who kept their names and identities from their tribal areas. That doesn't mean they didn't have a right to live there, but they weren't known as Palestinians. </document>
<document> there is no “wrong” type of jew. However, there are jewish people who, despite much academic discourse and research, cannot calculate #hashtags# from the hard left. they can only perceive rights a/s because it suits their crooked world view. 🤷🏽‍♀️ #url# </document>
<document> #url# “he aimed at a synagogue to free a woman who did not hide her hatred of jews. We know that a leader in the same organization that championed Siddiqui's cause, synagogues &amp; other major Jewish organizations on a list of "enemies"#hashtag# </document>
<document> #user# this is just unbearable, poor little girl 😢 activists should protest against this! Child abuse, slavery and human trafficking! </document>
<document> #user# 🤣🤣🤣 in true Mossad style..........🤣 </document>
<document> #user# #user# #user# great news - whoever it was! kudos to her. </document>
<document> #user# #user#, but with the tacit approval of Corbyn and his cult, along with all those who remain silent or try to claim "it's all about Israel," which is equally despicable. this includes msm and police. </document>
<document> #user# their memory should always be a blessing and send thoughts and PRayers 💙 </document>
<Document> #user# I'm sorry for your loss. Hold onto your cherished memories of her, they will help you through the stormy sea of ​​sorrow and grief. </document>
<document> #user# #user# so pleased you got him right 😀👍🏼 he is now banned along with his 153 followers 😉 </document>
<document> #user# #user# great news - thanks for keeping us posted (shrugs) </document>
<Document> Government: Baroness Shami Chakrabarti Expelled from Lords for Dishonest Report on Antisemitism - Sign the Petition! #url# via #user# </document>
<document> #user# may their memory always be a blessing 💔 baruch dayan haemet 🙏🏼 </document>
<document> #user# #user# #user# #user# I agree Gillian, tend to agree with Blair, no point tweaking here and there. </document>
<document> #user# #user# tell me is that a twist? they don't mean it - do they? 🤦🏻‍♀️ </document>
<document> #user# I don't think you understand that most people don't see the world in terms of left or right? Most of us just want to live our lives, enjoy our children/grandchildren/pets, support charities, fight injustice in our own way &amp; Caring for others without anti-Semitism? </document>
<document> #user# how can they claim something they instigate and enable! and #user# tolerates it! </document>
<document> #user# #user# thanks Nate ❤️ I hope this thread on grief helps others cope with grief and loss in isolation during #hashtag# ❤️ </document>
<document> #user# More disturbingly, for the past 18 months, #user# has ignored #hashtag# reported by most pro-Jewish accounts. also, these accounts will be removed. #hashtag# and #hashtag# ? </document>
<Document> #user# French, Italian, Greek, Israeli, Jewish. </document>
<document> #user# #user# oh yes - but their primary focus is on the Palestinian communities in their constituencies 😉 </document>
<document> #user# #user# #user# #user# no – I think the hand of Israel 🇮🇱 </document>
<Document> #user# #user# #user# with a security guard checking parent/grandparent IDs? </document>
<Document> #user# #user# #user# #user# 3) Zionists can be identified across the political spectrum. we, as jewish people, believe that the term zionist is often used to discriminate against us as jews. Sure, some Jews are anti-Semites/anti-Zionists - that doesn't prove them right. </document>
<document> #user# #user# #user# #user# #user# #user# #user# but these sources are cited by so many on sm that they are believed by many to be credible. </document>
<document> #user# Being Jewish, I'm not sure if I should understand #hashtag#. Do you think #user# can help? #hashtag# far left or far right? </document>
<document> #user# All well and good, but will this pro-terror event consider anything to help the actual Palestinians rather than their terrorists/terrorist supporters? #hashtag# #hashtag# </document>
<document> #url# "Smearings also included triple brackets, a symbol known as 'the echo', originally used by neo-Nazis to indicate that a person or concept is Jewish." #Hashtag# </document >
<Document> #user# #user# #user# #user# #user# Sorry accepted, watch the video, there are other sources too. It explains why some Palestinians/Arabs call their shops "Hitler", wear the swastika and use Hitler salutes. </document>
<document> #user# I believe there is more on You Tube 😀 so much love can be found through music together 💖 </document>
<document> #user# #user# I realize I've been placed very close to the eye of the storm 😉 I remain one of your most nefarious agents. 😉 </document>
<document> #user# it's hardly surprising really, this is widely taught as the truth, if anything, and repeated in the West by ken livingston and his anti-Semitic guy #hashtag# #url# </document>
<document> #url# "and he praised 'shahids' - a term used by Hamas for civilians killed in conflicts, militants who die in combatand suicide bombers.” how ironic 🙄 counter-terrorism? hmmm </document>
<document> #user# #user# #user# #user# because some extreme left supporters will join others to discredit israel/idf in any way. I personally don't read Haaretz because I can't trust them. Of course mistakes are made and IDFs are people, the big difference is that when they are found to have broken their strict codes </document>
<Document> #user# #user# #user# #user# #user# #user# #user# thanks #user# I've been following for a while. to all my followers please follow him to thank him for all his support and see beautiful baby pictures ❤️ </document>
<document> #user# Things may cool down a bit after the next day or two.............😉 </document>
<document> how corbyn breathed antisemitism into the labor party "on corbyn's denial of the ehrc report, freeman says labor members "don't really believe they are antisemites because they don't believe antisemitism is a legitimate form of prejudice."# url# </document>
<document> #user# is the idea that Palestinian workers who are vaccinated by Israel then have to buy them so the Palestinian leadership can claim they did the vaccinations? </document>
<document> #user# #user# #user# and that……. #url# </document>
<document> #url# "Members of the Indian labor movement have been harassed by fellow labor activists, with derogatory comments alongside labels such as 'Hindutva' - a term used in the same way Zionist is sometimes used in a derogatory manner when referring to Jews Reference is made to ” </document>
<document> #user# #user# #user# I didn't get the impression that vaccinations exclude anyone, but will they prioritize health/social workers, vulnerable people of all ages? </document>
<document> this is just a part of Jewish history that #hashtag# overlooks in its distorted worldview. Fortunately, we Jews know the story - with or without #hashtag# #hashtag# #hashtag#out #url# </document>
<document> #user# #user# and if you care so much about the plight of the Palestinians, this was a good opportunity to ask questions on their behalf. but it's never about their welfare, is it? #hashtag# instead of #hashtag# #hashtag# </document>
<document> #user# #user# strange how some people can only see the world in extremes - either extreme left or extreme right - both holding views apparently motivated by hatred of others........ 😉 </document>
<Document> #url# “The group said it would target the Jewish members to take “measures against the individuals” and labeled them “Zionist trolls”. Corbyn's legacy of #hashtag# aka "kinder, softer politics" 😉 </document>
<document> who says british jews don't understand #hashtag# #hashtag# #url# </document>
<document> corbyn couldn't have done it without 'moderate' like jess phillips | the viewer #url# </document>
<document> #user# could he maybe compile a list of his new customers? 😉 </document>
<document> history of the jews which #user# should take a good look at since we know our history as jews in israel and the diaspora. we understand all too well, his support begins and ends with his mother at #hashtag# #hashtag# #url# </document>
<document> #user# #user# aman gaza is judenfrei - jews are not allowed to enter. </document>
<document> #user# #user# absolutely exists and after the nefarious spectacle of #hashtag# ostensibly for Palestinian demos yesterday, it's no surprise! How any pro-Palestinian supporters condone killing their own people with #hashtag# is beyond me! </document>
<document> #user# why allow this shameless propaganda? from a corbynite sill. #url# </document>
<document> #user# #user# #user# #user# I agree that it's not "fair" and these people are in a vicious situation that isn't being helped by anyone who is exploiting them. </document>
<document> #user# #user# only those who have heard of her - which I'm guessing not many 🤣🤣🤣🤣 </document>
<document> “here is what i know: my british jews were right. I was wrong. From now on, Jeremy Corbyn has my loud and relentless defiance.” See, we oldies know a thing or two about history - and #hashtag# #hashtag# and you really want a pm that's a little silly? #url# </document>
<document> #user# what's her name? is she here? </document>
<document> #user# #user# Camel massacre – is that new? are the camels aware? 🐫🐫🐫🐫🐫 </document>
<document> #user# we had problems with this when my daughter was pregnant and felt very ill - we solved it by taking half a dose? </document>
<document> #user# #user# visible to everyone - until banned for targeted harassment 🙄 #hashtag# </document>
<document> #user# #user# hello Shelagh - shouldn't face coverings be mandatory? that would help supermarket workers - if those exempt from masks have to wear a visor or scarf? but no entry without a face covering! </document>
<document> #user# yes - I will too - there are so many things to remember, none of them honorably. and impossible to tell in a tweet! or even several! 🙄 </document>
<document> #user# I'm "sure" you would 😉 but that's a #hashtag# to say the least and is a #hashtag# given your lifelong alliances with regimes whose goal is to murder jews! Along with nearly three hundred thousand others in Britain, we hoped never to see your hypocrisy again. #hashtag# #hashtag# </document>
<document> #user# not enough characters to fully explain it and I think it sounds irrational to everyone else, but my G/parents and other relatives are buried there. My father in another city and my mother who is still alive are buried abroad. so a bit of a historical family tradition that we miss so much </document>
<document> #user# #user# for a more comprehensive read that develops a more academic approach, #user# #hashtag# is also an excellent book. </document>
<Document> #user# #user# #user# #user# #user# #user# #user# #user# #user# #user# #user# #user# #user# #user# #user# #user # #user# #user# #user# #user# #user# #user# #user# #user# #user# #user# #user# #user# #user# Sorry to everyone I missed. please add them to this thread.
#user# #user# #user# #user# #user# </document>
<document> I shouldn't have to #user# #user# #user#! If you're breaking into someone's tl here who knows far more than you do, research it - I'm not your google. </document>
<document> #user# #user# #user# It's not "taken for granted" that Jews are anti-Semitic, some actually are. but they are in the minority. see #user# #user# for evidence of this. since an israeli pm supposedly said that every israel thinks they are pms cont </document>
<document> #user# hello - Mystery solved, I had to disable "Parental Controls" in Virgin Web Safe and that solved it. not really happy about it but we don't have any kids living with us. </document>
<document> #user# it's not just links, this #hashtag# is endemic. Right now, it's the “left,” especially those who call themselves “anti-racists” and bask in their anti-Semitic virtue, who are louder. but their #hashtag# often reflects Nazi feelings in the 1930s. #Hashtag# </Document>
<document> #user# #user# #user# #user# his claim that non-Jewish people make assumptions and draw conclusions about the ethnic or religious affiliation of Jewish people is correct. For example, the neturei karta are often “rolled out” as examples of “acceptable” jews by radical left activists is one example. </document>
<document> #user# #user# #user# a chance to give money to this self-centered, greedy man who, instead of donating to charities or families in need, is admonishing gullible, hateful people to share their racism, hatred of Jews and what was # hashtag# </document>
<document> #user# #user# omar barghouti 😉 do as i say, not as i did......with his degree from israeli university! </document>
<document> #user# #user# #user# #user# #user# #user# #user# #user# #user# my goodness – if #users# put up with it- what conclusions should we draw from this #user#? </document>
<document> #user# i can understand that, as a child i grew up with french students, cousins ​​who lived with us. They were former "hidden children" who were smuggled from monastery to monastery to avoid the Gestapo in occupied France. I was only a few years older than her when her father found her. </document>
<document> #user# um - listen to those who say what they mean - and not what you think they mean? #url# </document>
<document> #user# the modern #hashtag# specifically designed to incite hatred. I saw it on posters for a Bradford demo. from the #hashtag# organizers! </document>
<document> who says joos don't get #hashtag#? nothing more than a Jewish anti-Semite 🤦🏽‍♀️ #url# </document>
<document> #user# Yes, devastating, tragic news. May his memory always be a blessing 💔 </document>
<document> #user# #user# #user# no, posting lies about Israel is the problem, you're the one doing it! </document>
<document> #user# #user# #user# #user# but she won't, she made it very clear, it won't be mentioned again. She doesn't want to learn or help educate others about #hashtag# </document>
<document> #user# does #user# know that? Are the pay rates higher for these agents? </document>
<Document> #hashtag# #hashtag# unchallenged on air. a double look from one of the moderators somehow makes it a lot worse - doesn't it? #hashtag# but #hashtag# #url# </document>
<document> #user# #user# Yes, I know honey, but thanks for allowing me to step in and say how freaking awesome you are ❤️ </document>
<document> #user# #user# take heart in the knowledge that these jobs are likely to be short-lived. Too many people now know that Corbyn is a terror-loving old white millionaire who is being duped. #Hashtag# </Document>