 
	<document> #user# #user# i agree but i don't think the actual case was relevent to them. they see state run healthcare as a way for the government to have ultimate control over life and death. </document>
		<document> #user# #user# yes because women fighting for the rights and protections of women and girls are exactly like the nazis. there's literally no difference. #hashtag# #hashtag# </document>
		<document> #user# yes let's. i'm sure 'history' is going to decide that male and female don't exist. that babies are made by magic and that all these whingey women just had to identify as 'not women' in order to be treated as actual humans. hurrah #hashtag# #hashtag# </document>
		<document> #user# it's not all about you though is it. you don't get to tell all women that they are wrong to be worried or scared about male bodied people. 

them being trans is irrelevant. being born male is what makes them dangerous. </document>
		<document> #user# #user# #user# the law is a little muddy. it's based on the fact that when it was written they honestly thought it would only be a tiny handful of people (recorded in hansard as such).

a big issue is many services/business getting 'ahead of the law' and ignoring women.

women are fighting back </document>
		<document> #user# it's almost as if they know that if any logic were applied, most wouldn't even be there. </document>
		<document> #user# would this still apply if changing documents were not possible? 

is it purely 'we will allow you to do x but only if you do y first' that is the problem in this instance? if they said x is not possible, then coercion would not apply.

or is there a right to change gender markers </document>
		<document> #user# both sexes can't get pregnant.

$12 is a lot if you have nothing

again, not everyone has the choice if they have sex or not. not everyone will know they've had a contraceptive fail. </document>
		<document> #user# #user# considering the concern over low uptake of cervical smear tests, i doubt having to worry that the female hcp you were promised turns out to be male will be of much help. </document>
		<document> #user# #user# #user# #user# #user# stop trying to burst his bubble. he needs it for strategic purposes. #hashtag# </document>
		<document> #user# #user# it reads more like she let him down in some way or that he mis-guidedly tried to help her but was rebuffed. </document>
		<document> #user# #user# #user# #user# how? 

how do we improve things for women and girls when they are being told that being a woman is about pink and frilly? when they being told that if they want to be taken seriously, play with toy cars, have short hair they are probably boys. how the hell is that not misogyny? </document>
		<document> #user# #user# explaining to children about gd is fair.

telling them children can be born in the wrong body or that sex is a spectrum or that women can have penises. is a lie. </document>
		<document> #user# #user# the fact you've had to say woman *without a uterus* yet simply transwoman betrays the fact that you know and understand the difference. </document>
		<document> #user# yeah. there's no cross over between tras and incels is there. nope. not at all. not even close. #hashtag# #hashtag# </document>
		<document> #user# you are sooo healthy. anyone who says otherwise is a bigot. </document>
		<document> #user# #user# #user# the gender is irrelevant but the sex isn't. humans cannot change sex. classifying this as a female crime skews statistics and obfuscates the nature of male violence. 

if this person escaped &amp; the police described them as a woman who may dress as a man, would recognise them as ♀ </document>
		<document> #user# #user# it wouldn't really bother me. it does happen to me. i have short hair and often wear baggy clothes so i've been assumed to be male. i usually just smile. it isn't an issue. 

my son gets it more often than me. </document>
		<document> #user# #user# do we have any indication of what they mean by the generational divide.

i'm 40. am i an oldie? in the middle? what? </document>
		<document> #user# #user# far right multitasking </document>
		<document> #user# i think you'll find flowers, rainbows and glitter maketh a woman #hashtag# </document>
		<document> #user# #user# doesn't fit their ideology does it. can't be off message. </document>
		<document> #user# #user# #user# #user# #user# 3rd gamete? </document>
		<document> #user# #user# how long before a woman who sees a bloke in the women's, gets changed anyway because 'woke' and 'doesn't want to offend' , gets assaulted then bloke claims she obviously wanted it because she took her clothes off in front of him? then let off because 'she probably did' </document>
		<document> #user# #user# #user# #user# #user# #user# #user# #user# #user# #user# #user# #user# so you don't think lesbians stating facts about what lesbians are is hateful?

good to know. </document>
		<document> #user# i think people are less likely to read articles that might challenge their world view.

also, if you believe an article is only going to rehash something you have already dismissed, why would you bother? it may be revolutionary but 🤷🏻‍♀️ </document>
		<document> #user# #user# #user# it isn't neutral though.

a woman spoke about the abuse she had endured and why she felt it important to be able to talk about it with reference to being female.

and your school dropped her. 

sometimes when you try to sit on the fence you just get splinters in your arse. </document>
		<document> #user# #user# because if they think evils might be thrown, they're thoughts turn the evils from non-corporeal day dreams into solid lumps of eye evil.

#hashtag#
#hashtag# </document>
		<document> #user# #user# #user# #user# #user# #user# back left

only use the front when i absolutely have to.

children aren't so small anymore but it's habit. </document>
		<document> #user# #user# #user# #user# #user# #user# if you can't define women, how can you legal protect women, their rights, dignity, privacy or safety? </document>
		<document> #user# #user# #user# #user# how?

i did ask this earlier in the thread.

what is it that connects women and transwomen that excludes men? </document>
		<document> #user# sorry, i'll reword that. he was arrested for breach of the peace while streaming live outside of the court which has an ongoing case involving reporting restrictions. it is important that the case is not jeopardised. </document>
		<document> #user# #user# #user# #user# they'd need to clarify transphobic since it is all encompassing </document>
		<document> #user# #user# #user# seahorses are horses
seahorses are horses
seahorses are horses </document>
		<document> #user# and how does 'woman means looking like one' help actual women with issues resulting from the biological reality of being born female? </document>
		<document> #user# #user# castrating men does not make gay or transwomen. i think that's probably homophobic and transphobic so will done for squeezing both in there. </document>
		<document> #user# because why do the work when you can make women do it and who cares if it puts them in actual danger.

#hashtag# </document>
		<document> #user# so the moral of the story is, don't shag stupid, vapid men... like him.

#hashtag# </document>
		<document> #user# #user# #user# #user# #user# yes it is.

misogyny isn't something you avoid only when you like the people you are taking to. hth </document>
		<document> #user# #user# #user# humans can't change sex. 

there is no such thing as a lady brain. 

they're is no way to live, act or behave as a woman outside of gender stereotypes unless you walk  the earth in a female meat suit. 

are you expecting science to find a sexed soul or womany node? </document>
		<document> #user# #user# i was surprised they'd included it tbh </document>
		<document> #user# but we don't record hate crimes against women as there isn't a law about it. we have no idea what the statistics are for this as nobody seems to think it's important enough or really a thing. </document>
		<document> #user# #user# #user# #user# #user# #user# he needs to hurry up. i've got things to do and i can't hang about. i need to know how to woman correctly. </document>
		<document> #user# look at it as in-home extreme survival skills training. 

i had 15s of mako mermaids on repeat for about 18 months.

still makes twitch. </document>
		<document> #user# #user# #user# the problem is, people with nefarious intentions are not stupid. they can use our own weapons against us. </document>
		<document> which is nothing at all like women being told what a woman is by persons born male. nope. not the same at all #hashtag# #hashtag# #url# </document>
		<document> #user# i don't think everyone would but i think more would then i would like to imagine. </document>
		<document> #user# #user# eat chocolate
order m&amp;s knickers
check emails </document>
		<document> #user# what do you think 'pretending to be transwomen' would entail? 

i'll give you a clue.... absolutely nothing. </document>
		<document> #user# i'm very suprised because i didn't realise it was still going. </document>
		<document> #user# #user# #user# #user# #user# #user# nice that you've returned with abusive language

i don't think knowing you exist is 'a piece of shit' response but ok.

you may think i'm wrong and you're entitled to believe that, however the problems of 50% of the world's population are often based on their sex so 🤷🏻 </document>
		<document> look! nobody cares about what sex anyone is anymore. nnthis will come as a relief to the millions of humans around the world previously known as women and girls.nn#hashtag# #url# </document>
		<document> #user# #user# in what way are transmen men? </document>
		<document> #user# #user# #user# #user# #user# #user# #user# why? what evidence is there that being gay or lesbian means that you are a threat to others?

being born male on the other hand, oh so much data and evidence. </document>
		<document> #user# i've seen studies that it does not create violence not 'does enable already violent persons or create apathy' . </document>
		<document> #user# #user# yes there are shared avenues that oppressed people share but pretending one thing is another, to keep one group happy at the expense of the other, does neither group any favours. </document>
		<document> #user# #user# #user# you'd think at least one person #user# hq would think, 'this can't be right'

#hashtag# </document>
		<document> #user# #user# #user# #user# #user# #user# #user# #user# #user# #user# #user# #user# #user# #user# and yet you conflated the two </document>
		<document> #user# #user# why should any girl or parent have to fight for basic sex based accommodations? 

leas have already made clear that any girl who feels uncomfortable will have to be sepetated from her friends and 'educated about her transphobia'

rights are in conflict. it's not difficult to see </document>
		<document> #user# #user# #user# #user# ah but women don't count. if we could just get back to making babies and staying quiet, everything will be hunky dory. #hashtag# #hashtag# </document>
		<document> #user# #user# no. i get to state to the hospital/medical setting that i require a female hcp. it's got nothing to do with an individual hcp. they should then either provide me with one or say they have no female staff. simples </document>
		<document> #user# it's useful if you're trying to find ideas for stuff. </document>
		<document> #user# i read it more like terf only dinner parties.

you'll have to define woman as the secret code to get in but after that it'll be like a speak easy... 

but with puddings..

i like puddings </document>
		<document> #user# #user# it's entirely about biology.

women are oppressed, harassed, raped and killed because of their biology.

pretending it doesn't exist is misogynistic and homophobic. </document>
		<document> #user# #user# terf is a slur. 

i'm not here to answer for other people. 

again, i'm not the one peddling misogyny and homophobia. </document>
		<document> #user# #user# i honestly don't feel lectured. if people are going to engage honestly, i will take the time. also i'm waiting for the bodyguard to start. 😂 </document>
		<document> #user# #user# #user# what does one carry to be recognised as a man? it could make the lives of women all over the world easier if we had something to carry as a talisman against misogyny. </document>
		<document> do people ever think that 'educate yourself' may be in some cases self defeating considering the vast swathes of false and misleading information?

how do you know you're not encouraging a person to digest more incorrect information? </document>
		<document> #user# #user# #user# #user# sorry. you think male and female are incorrect personal beliefs? </document>
		<document> #user# interesting his use of 'non-transwomen' rather than just women. shifting the focus away from actual women. soon there will only be men non-men, transwomen and non-transwomen. </document>
		<document> #user# #user# i entirely agree with you but tas would argue that if you had a meeting for women/females you can't exclude them as they are also women/females according to them. </document>
		<document> #user# #user# #user# i think that very much depends on which lesbians you talk to. many very much agree with her.

you don't need to be gay to know that lesbians are same sex attracted though.

i'm also not sure how doing 'nothing of note' for lesbians would mean that something wasn't trans inclusive </document>
		<document> #user# apart from the pinterest bit, i don't do any of those things. #hashtag# </document>
		<document> #user# #user# #user# #user# #user# that's discrimination though. it literally is. they're is a debate to be had about the actual design of the cake (we had something similar here) but there is no material difference to him in making the cake. </document>
		<document> #user# #user# #user# #user# #user# #user# #user# but i only asked you one question. in what way is a transwoman female? i have my answer. i'm asking what yours is. </document>
		<document> #user# #user# #user# #user# we have a much better idea of the long term effects of taking birth control and of not taking birth control. we can present sufficient information and then assess if a young person understands. 

pcos is a hormonal imbalance not an identity disorder. </document>
		<document> #user# #user# #user# why are you bringing children with dsds into a discussion about if humans can change sex?

you're gonna need a bigger field to grow all that wheat for your strawmen </document>
		<document> #user# i don't like it. it creates idioms in real time. 

it assumes everyone has a shared understanding of the term (which they haven't) and therefore hides the problem. 

if a white woman is being racist, say a white women is being racist. no ambiguity there. </document>
		<document> #user# #user# #user# #user# no one person is ever responsible for an entire group. however there is a big difference between somebody saying a person can't change sex and being accused of inciting violence &amp; somebody explaining what violent acts they would like to act out and it being called self defence. </document>
		<document> #user# #user# what people choose to do with their physicality is not my business.

what i object to is the concept that woman exists as a nebulous concept or essence.

if i do not have an inner gender then either i am not a woman or inner gender does not define woman. it cannot be both. </document>
		<document> #user# #user# #user# #user# #user# #user# tbf you're doing a really good job of showing exactly why men can't be feminists.

you take the label and think you've got an equal seat at the table. that you can school women in what feminism should be.

just sit the hell down </document>
		<document> #user# #user# #user# #user# umm i did. check your responses.

yes words have meanings. that's exactly the point. woman, girl, female have specfic meanings. making those words meaningless does not help women and girls. </document>
		<document> #user# #user# my dd's school have said there won't be any ppe for staff unless they personally want it. </document>
		<document> #user# #user# #user# #user# #user# #user# #user# cis requires that i accept my second class place in the human race. i do not accept gender stereotypes and therefore i do not accept the label cis. 

it is people born male that are a threat. what those male people think about themselves is irrelevant. </document>
		<document> if the aim was to make an educational film for teenagers about consent that was clear and informative, they have failed.

they have failed so so so hard. #url# </document>
		<document> #user# it can but i mean it as a marshmallow sweet. i'll see if i can get a picture. </document>
		<document> #user# i think we all understand where you're coming from.

it really doesn't put you in a good light though. </document>
		<document> #user# my grandfather grew up incredibly poor.

never threw anything away, including things that really really needed to be thrown out and were single use. (like really single use)

he used to hide food too </document>
		<document> #user# can we assume that the local vicar is just being difficult and doesn't really need to raise money for charity if he refuses to have a bj booth at the christmas fair? </document>
		<document> #user# the gc movement didn't start with linehan. 

do you want to discuss gender critical feminism and how the concepts gender identity impacts women (and actually men too) or just linehan? i'm not his mum so i don't have much to add. </document>
		<document> #user# this is so true. i'd kid myself that on the days i power through, i was just not being a lazy arse. thereby defacto being very lazy the rest of the time

took over a year of therapy to get to the point where i realised i had to stop &amp; recuperate because i was exhausted due to pd </document>
		<document> #user# #user# ours too. however, under self id the toilets would be available to either sex also. 

recent government report stated that more assaults occurred in mixed sex facilities than single sex ones. </document>
		<document> #user# tbh since i'm now identifying as a man, i'm going to have to have a long conversation with my husband about how this means he's now in a gay relationship. #hashtag# #hashtag# </document>
		<document> #user# maybe it should be the denton discrimination impact scale </document>
		<document> #user# #user# #user# #user# #user# #user# #user# #user# #user# #user# #user# i meant the fathers go in with them. </document>
		<document> i want a government that protects me during a pandemic as much as boris johnson protects dominic cummings any day of the week. </document>
		<document> #user# not that it seems to improve conviction rates </document>
		<document> just replied to a 'transwomen are women' post on facebook under my actual name. ahhhhhhh. feel very nervous. probably lost a friend (not a close one) but hey ho #hashtag# </document>
		<document> #user# #user# hence why they react with such fury when women talk about things they do naturally like have vaginas or periods or vaginary periods. like a red rag to a bull*

*excuse the pun </document>
		<document> #user# agreed and agreed. my eldest has asd and it worries me that tests in the future will mean that children like him are aborted due to poor information from the nhs and lack of education, social, community support. however, i would not take that choice away from another woman. </document>
		<document> #user# #user# #user# #user# #user# #user# #user# me too. i don't know anyone who wouldn't be. </document>
		<document> #user# #user# #user# ok. i read your comment as if you were trying to suggest that women commit sex based crime at such a rate as to get anywhere near to the male rate. therefore minimising the prevalence of male crime, in a 'women do it too' fashion. if i've misread that i apologise. </document>
		<document> #user# #user# #user# #user# #user# #user# #user# so... to get this straight... me not having a problem with men or black people makes me a bigot? </document>
		<document> #user# indeed. less so one that changes through time and by culture. </document>
		<document> #user# #user# #user# #user# plenty of other women spend copious amounts of time collecting data on women who are murdered.

others have also collated data on trans deaths.

i just wondered if anyone had bothered to collect data on trans deaths that were not being treated as trans. </document>
		<document> #user# i'm not sure how you square this circle. how would the hospital operate? would they have to have no abortions when she is on shift? </document>
		<document> #user# #user# acceptable bullying

control

self preservation </document>
		<document> #user# omg that's species essentialism #hashtag# </document>
		<document> #user# #user# #user# #user# they'd classify it as hate on both sides and do nothing </document>
		<document> #user# i sat on one once so my rates are a little higher. </document>
		<document> #user# #user# i'd say sam-witch but i'm from ooop north </document>
		<document> #user# they seem to have agreed a fall back position of staying in the customs union /single market of all else fails. i give this about 5 minutes before it gets ripped apart. </document>
		<document> #user# #user# i hear they may have boxes </document>
		<document> #user# #user# of course!

the fact that i forgot this quintessential feature of womanhood betrays my female privilege.

i shall take myself off to the naughty corner until i have learned my lesson*

*reader, she stayed in the corner forevermore </document>
		<document> #user# i would offer an alternative but i'm not sure which things are real or constructed. </document>
		<document> #user# #user# #user# #user# #user# #user# #user# there are only two sexes and a small number of intersex conditions. those 72 are genders which has no real meaning and are closer to 'personality' than anything else. i have no hope of remembering all the pronouns 😂 </document>
		<document> #user# #user# it's why i left the party. </document>
		<document> #user# indeed. tis the answer we've all been waiting for.

as soon as we get the message out that everyone human on the planet should identify as a straight, able bodied, white man; discrimination and oppression will be a thing of the past. hurrah 🎉🎉 </document>
		<document> #user# #user# #user# it entirely is. you've decided male people, who are statistically a danger to women, should have unimpeded access to female only spaces. women should be shamed into ignoring their own boundaries and risk assessment.nnsounds super feminist to me #hashtag# </document>
		<document> #user# #user# disagreement is fine. 

however it is not the same as 'i'm going to shame you for having boundaries and also remove protections based on sex' </document>
		<document> #user# shaving your legs and wearing a skirt.

possibly with the correct brand of purse. </document>
		<document> #user# #user# so what is it they think they are recording here?

10 = either sex
11 = either sex
12 = either sex but doesn't like the words male or female
13 = either sex but wants to keep it a secret </document>
		<document> 'bodies with vaginas' 🤨nnyep. referring to women by their body parts is totes going to rectify millenia of neglect.nnbuckle up everyone. this is going to be a fast ride.nn#hashtag# #hashtag# #url# </document>
		<document> #user# omnishambles always </document>
		<document> #user# #user# #user# yes because the very real impact of removing the rights and protections of women will have no impact on anybody at all #hashtag# </document>
		<document> #user# #user# #user# is it wrong that i read that as mr t would? </document>
		<document> #user# #user# done x </document>
		<document> #user# therefore anyone who disagrees with what i think and say is against 'good' things, is also not of the left and therefore 'bad'. they are the enemy. </document>
		<document> #user# that's bisexual though surely? </document>
		<document> #user# if they do that, the rest of us can just carry on as normal. </document>
		<document> #user# things can always be worse </document>
		<document> #user# #user# #user# #user# a government spokesman said she still had british citizenship but that they would not help her get back. 

can british born person, have their citizenship revoked and be left stateless? </document>
		<document> #user# #user# that's exactly how words work </document>
		<document> #user# #user# #user# you are quite right.

my logic is extremely lacking

i will take time out to reflect* upon my actions

*drink hot chocolate and eat muffins </document>
		<document> #user# i was once told i walked like john wayne. no idea what it was supposed to mean. </document>
		<document> #user# #user# i agree but i think many people use religion as a shield because just saying 'i don't agree' doesn't seem to hold too much weight. </document>
		<document> #user# #user# #user# #user# #user# go on then. i'm waiting </document>
		<document> #user# #user# #user# i'm sure all young trans people aren't a homogenous lump and may have had different experiences to others. </document>
		<document> #user# rock buns </document>
		<document> #user# #user# #user# you're admitting that the root oppression there is being female. </document>
		<document> #user# what if the pronouns are shouted really loudly? </document>
		<document> #user# #user# #user# #user# #user# #user# bloody women. banging on about biology. when will they learn to shut up? #hashtag# </document>
		<document> #user# #user# #user# #user# #user# well quite. which is why i know that population statistics on the number of men and women in this country (indeed the world) are woefully inaccurate. </document>
		<document> #user# i am a feminist and i have a few questions about the </document>
		<document> #user# they are chigots #hashtag# </document>
		<document> #user# #user# have they? was just having this discussion and we didn't know if there even was a process.

thank you </document>
		<document> #user# #user# #user# #user# #user# #user# 😂😂😂

nope

we need sexed bodies to make babies no matter what we think about it.

we know male seahorses give birth because.... they produce the smaller gametes!

literally is the definition.

is this your first day? </document>
		<document> #user# #user# #user# how long does a statutory declaration take? 

what would violating that declaration look like? 

~50% of current trans prisoners are in for sex based crimes so obviously they don't mind being mapped. 

how do we protect female spaces if we cannot challenge males who enter? </document>
		<document> #user# i've said no for your survey but it's like i would wear one but i always feel like an imposter. </document>
		<document> #user# #user# #user# #user# #user# why do you think we have sexed bodies at all? for a laugh? to make babies. sex is binary because we have people who could produce eggs and people who could produce sperm in order to make those babies. there are only two options and then people with intersex conditions. </document>
		<document> #user# #user# #user# i don't think anything about you other than you make statements and get upset when people ask you to back them up. it really is that simple. </document>
		<document> #user# it's there anyone who honestly (and i mean honestly) thinks this is going well? </document>
		<document> #user# while making out that teachers and unions and especially teacher unions are to blame.

sometimes i'm not even sure they know what they are blaming schools for. they just know they must have done something so they should stick the boot in anyway. </document>
		<document> #user# #user# #user# #user# #user# i can see you (in a helpful way not a creepy way) </document>
		<document> #user# not drowned. just hiding in a pile of washing. alive. </document>
		<document> #user# #user# #user# #user# #user# periods that are more authentic than actual women no doubt </document>
		<document> #user# #user# #user# #user# #user# #user# #user# it isn't about where we hold the line but that we dare to hold it at all. 

we can retreat from woman and stay fast at female but soon that will fall too and the attacks on it started long before now. </document>
		<document> #user# #user# #user# ahh but you see women don't actually matter not like real people do. real people like men #hashtag# #hashtag# #hashtag# </document>
		<document> #user# #user# #user# #user# #user# oh dear. don't appropriate intersexed conditions to support trans dogma. intersex isn't trans. 

surgery cannot change a persons sex. 

so you don't have any evidence of people changing sex. </document>
		<document> #user# #user# that would sting a bit i reckon </document>
		<document> #user# #user# #user# #user# #user# somebody misgendered by son at the pool the other day. we are all still here. </document>
		<document> #user# #user# it's a minefield and it isn't pleasent even when you know where the biggest issues are. 

it's taken me years to really start getting into conversations because the pile ons in my early attempts were horrible. 

i'd cut him some slack and maybe follow a few gc feminists. </document>
		<document> because we've always understood women to be lesser humans, let's forget the last few years and get back to our regular programming. #hashtag# #url# </document>
		<document> #user# #user# #user# so in your mind, understanding that women exist directly means that transwomen do not? and vice versa. 

from those two options you choose to erase women for the benefit of those born male. </document>
		<document> #user# #user# #user# #user# #user# what are you on about? are you projecting? yeah. i think you are projecting. </document>
		<document> #user# i don't fit in the chart #hashtag# </document>
		<document> #user# #user# omg have you invalidated my salad? 

i've now fainted because of this literal violence.

*faints*

see i'm actually on the floor now.

all fainted.

#hashtag# </document>
		<document> #user# #user# ah but you'll find the malevolent ones *are* trans until they do something criminal and then they aren't trans. unless nobody cares about the actual victims then trans become the true victims of a hateful society etc etc etc </document>
		<document> #user# #user# #user# why will transmen likely lose? why? why? why? if they are men they will be on an equal footing surely. </document>
		<document> #user# #user# i'm in the ne of england. i heard the fireworks last night and it just made me feel sad. we are going to be one of the worst hit. 😔 </document>
		<document> #user# #user# #user# women shouldn't be allowed to discuss matters that affect them. omg you're so woke #hashtag# </document>
		<document> #user# #user# i've had my feet nibbled but i have not been converted. sorry. </document>
		<document> #user# this is true. sometimes things just morph into the same problem with a different face, a worse problem or get better. it's mostly a roll of the dice i think as to which it will be. </document>
		<document> #user# it's interesting because they know damn well that people don't realise most transwomen are intact.

it took helen an age to get one of the polling companies to take on the questionnaire because they all refused to touch it or wanted to change the wording so as to hide the meaning </document>
		<document> #user# surely all names are non-binary since expecting anyone to choose a name that fits into neither or both binary categories is forcing them to live as binary adjacent by using binary-normative expectations.nn#hashtag# #hashtag# </document>
		<document> #user# there's been plenty about these last few days. i'm assuming a few had water spilled on them and they multiplied. </document>
		<document> #user# they ain't gonna make them. they'll just steal them from women without money. far cheaper. then be celebrated for 'womb liberation' </document>
		<document> #user# i agree but what counts as transphobic currently is not workable. </document>
		<document> #user# #user# #user# this doesn't actually answer why you decided to push this topic on a threat about mn and childbirth. 

anyhoo, how can women have autonomy if they must include males in everything? how do we equalise pay or increase female representation when males can be counted as female/women? </document>
		<document> #user# i read it as masking #hashtag# </document>
		<document> #user# i think the point is that the only thing that could possibly make it through parliament is may's plan which very few actually want whether they be remainer or brexiteer. something has to shift and a vote on one of 3 options is the most plausible. </document>
		<document> #user# *infomercial*nnhey you, yes you! nnare you a man who loves being a misogynist? nnare you really not too fussed on gay men and lesbians either? nnwell then being a tra is the hobby for you. nnyou get to be abusive to women and have all the woke cookies you want 👍👍nn#hashtag# </document>
		<document> #user# #user# #user# #user# #user# tbh the right thing would have been if when they realised dc had a specfic problem, recognised it and communicated to the public that this kind of action was reasonable so it could help other families.

but they didn't. </document>
		<document> #user# #user# no it's shouting and it makes your arguments look weak. 

if we are what we define ourselves to be i suggest you tell girls who would like an education or to not sit in huts when on their period or child brides to define out of that situation. will that work do you think? </document>
		<document> #user# are you saying people should be nice to you or the universe will get revenge? </document>
		<document> #user# #user# #user# #user# new guinea wave feminism </document>
		<document> #user# #user# it isn't.

being afraid to say which humans might make use of such a service is. </document>
		<document> #user# i know. it's just very frustrating. </document>
		<document> #user# #user# #user# #user# yeah because women and girls are never treated less than anyone else.nndenying the reality of sex will have no impact on women's legal rights or identifying discrimination.nn#hashtag# #hashtag# </document>
		<document> #user# no. not for me. i follow plenty i don't agree with. i want to see what people say from their own view point. i can't say there are many i 100% agree with on everything. that's part of the learning curve of understanding humanity. people are complex. </document>
		<document> #user# had you not heard of the gender lottery? i lost my ticket and am still waiting to be assigned. i'm hoping to get an answer before i'm 50. </document>
		<document> #user# #user# #user# that was the thing that jumped out at me from the nolan investigation.

one side couldn't even discuss its own terminology and got confused.

the other was clear, concise and could back up points with either evidence or explanation.

i bet you can't guess which was which 🤣 </document>
		<document> #user# #user# if they were truly women, people in power wouldn't be paying any attention. </document>
		<document> #user# #user# no i'm not. they are no threat to me and can use the men's. women's toilets are there for a reason. lesbians being challenged in female spaces is a result of gen id telling women that no space is safe and that they must be on their guard. </document>
		<document> #user# #user# #user# #user# #user# yes but it's the evidence that i'm questioning here. where has it come from? how robust is it? i've seen some very big claims made by people who couldn't back it up. 

downplaying isn't helpful but overstating can be very dangerous with regards to suicide. </document>
		<document> #user# #user# yes they have a certain function which they will never have if they are created for a transwoman. it may help them to feel better but they are not the same. a birth certificate is not produce by doctors. what do you think doctors use to identify a male or female baby? </document>
		<document> #user# #user# #user# yes. i'm being very england centric 😉

bizarrely, now that i'm thinking about it, for me

the north = north of yorkshire upwards + scotland

ooop north = north of england

i appreciate that's probably only true in my brain 😁😂 </document>
		<document> #user# #user# #user# #user# #user# jumping the fence isn't the same as knocking it down. </document>
		<document> #user# #user# #user# #user# they have zero problem because they've thrown women under the bus for woke cookies. 

i know it's hard not centering males in literally everything but for sake of women and girls we need to have a movement that's just about us. </document>
		<document> #user# #user# what is gender identity? what is it that people think they are identifying with? </document>
	  <document> #user# #user# I agree, but I don't think the actual case was relevant to them. They see public health care as a way for the government to have ultimate control over life and death. </document>
<document> #user# #user# yes, because women fighting for the rights and protection of women and girls are just like the Nazis. there is literally no difference. #hashtag# #hashtag# </document>
<document> #user# Yes, let's. I am sure that "history" will decide that male and female do not exist. that babies are made by magic and that all those whiny women had only to identify themselves as "non-women" to be treated as real people. hooray #hashtag# #hashtag# </document>
<document> #user# it's not just about you, is it? You can't tell all women that it's wrong to worry or fear men with male bodies.

The fact that they are trans doesn't matter. Being born male makes them dangerous. </document>
<document> #user# #user# #user# the law is a little muddy. it's based on the fact that when it was written they honestly thought it would only be a tiny handful of people (recorded in Hansard as such).

A big problem is that many services/companies are "rushing ahead of the law" and ignoring women.

Women fight back</document>
<document> #user# it's almost as if you know that most wouldn't even be there if any logic were applied. </document>
<document> #user# would this also apply if changing documents was not possible?

In this case, is it just “we allow you to do x, but only if you do y first” the problem? If they said x was not possible, coercion would not apply.

or is there a right to change the gender label </document>
<Document> #user# both sexes cannot get pregnant.

$12 is a lot if you don't have anything

Again, not everyone has a choice about having sex or not. not everyone will know that they have had a birth control failure. </document>
<document> #user# #user# Given the concern at the low uptake of cervical swabs, I doubt I need to worry if the female HCP you were promised turns out to be a male, a great help will be. </document>
<document> #user# #user# #user# #user# #user# stop trying to burst his bubble. he needs them for strategic purposes. #Hashtag# </Document>
<document> #user# #user# it reads more like she somehow failed him or that he mistakenly tried to help her but was rejected. </document>
<document> #user# #user# #user# #user# how?

How do we make things better for women and girls when they are told that womanhood is all about pink and ruffles? when they're told that if they want to be taken seriously, they play with toy cars, they have short hair, they're probably boys. how the hell isn't that misogyny? </document>
<document> #user# #user# Explaining gd to children is fair.

tell them that children can be born in the wrong body, or that sex is a spectrum, or that women can have penises. is a lie </document>
<document> #user# #user# The fact that you had to say woman *without a uterus* but simply trans woman betrays the fact that you know and understand the difference. </document>
<document> #user# yes. there is no cross between tras and incels. nope. not at all. not nearly. #hashtag# #hashtag# </document>
<document> #user# you are sooo healthy. Anyone who says otherwise is a fanatic. </document>
<document> #user# #user# #user# Gender is irrelevant, but gender is not. Humans cannot change gender. the classification as a female crime skews the statistics and obscures the nature of male violence.

if that person escaped &amp; police described her as a woman allowed to dress as a man would recognize her as ♀</document>
<document> #user# #user# it wouldn't really bother me. it happens to me I have short hair and often wear baggy clothing, so I was mistaken for male. usually i just smile. it's not a problem.

My son gets it more often than me. </document>
<document> #user# #user# we have a clue as to what that isy mean with the gap between the generations.

I'm 40. Am I an oldie? in the middle? What? </document>
<document> #user# #user# Multitasking on the far right </document>
<document> #user# I think you will find flowers, rainbows and glitter that make a woman #hashtag# </document>
<document> #user# #user# doesn't fit their ideology, it does. Message cannot be turned off. </document>
<Document> #user# #user# #user# #user# #user# 3. Gamete? </document>
<document> #user# #user# how long does it take for a woman who sees a guy in the women's restroom to get changed anyway because she "woke up" and "doesn't want to offend", attacked then the guy claims that she obviously wanted it because she undressed in front of him? then let go because 'she probably did' </document>
<document> #user# #user# #user# #user# #user# #user# #user# #user# #user# #user# #user# #user# so you don't think lesbians state facts about what Lesbians are hateful?

good to know. </document>
<document> #user# I think people are less likely to read articles that might challenge their worldview.

also, if you think an article is just rehashing something you've already discarded, why bother? it may be revolutionary but 🤷🏻‍♀️ </document>
<document> #user# #user# But #user# is not neutral.

One woman spoke about the abuse she had suffered and why she felt it was important to be able to speak out about it in relation to her womanhood.

and your school dropped them.

Sometimes when you try to sit on the fence you just get splinters up your ass. </document>
<document> #user# #user# because when they think evil might be hurled, their thoughts turn the evil from non-physical daydreams into solid blobs of eye evil.

#Hashtag#
#Hashtag# </Document>
<Document> #user# #user# #user# #user# #user# #user# back left

only use the front when I absolutely have to.

Kids aren't that small anymore, but it's a habit. </document>
<Document> #user# #user# #user# #user# #user# #user# If you cannot define women, how can you legally protect women, their rights, dignity, privacy or safety? </document>
<document> #user# #user# #user# #user# how?

I asked that earlier in the thread.

What connects women and trans women that excludes men? </document>
<document> #user# Sorry, I'll rephrase that. He was arrested for breach of the peace while being streamed live outside the court, which has an ongoing case with reporting restrictions. it is important that the case is not jeopardized. </document>
<document> #user# #user# #user# #user# you would need to clarify transphobia as it is all inclusive </document>
<Document> #user# #user# #user# Seahorses are horses
Seahorses are horses
Seahorses are horses </document>
<document> #user# and how does "female means to look like one" help real women with problems arising from biological reality to be born female? </document>
<document> #user# #user# Neutering men does not make gay or trans women. I think that's probably homophobic and transphobic so it's done to squeeze both of them in there. </document>
<document> #user# Because why do the work when you can get women to do it and who cares if it puts them in actual danger.

#Hashtag# </Document>
<document> #user#, so the moral of the story is don't screw stupid, vain men... like him.

#Hashtag# </Document>
<Document> #user# #user# #user# #user# #user# Yes, that's it.

Misogyny isn't something you avoid just by liking the people you go to. hth </document>
<Document> #user# #user# #user# Humans cannot change gender.

There is no such thing as a woman's brain.

You are no way to live, act or behave as a woman outside of gender stereotypes unless you walk the earth in a female flesh suit.

Do you expect science to find a gendered soul or female knot? </document>
<document> #user# #user# I was surprised they included it tbh </document>
<document> #user#, but we do not record hate crimes against women as there is no law to do so. We have no idea what the stats aree for it since no one seems to think it's important enough or really a thing. </document>
<document> #user# #user# #user# #user# #user# #user# he needs to hurry. I have things to do and I can't hang around. I need to know how to properly make a woman. </document>
<document> #user# Think of it as extreme home survival training.

I had 15 second mako mermaids on repeat for about 18 months.

still twitching. </document>
<document> #user# #user# #user# the problem is that people with nefarious intentions are not stupid. They can use our own weapons against us. </document>
<document>, which has nothing to do with women being told what a woman is by male born persons. nope. not at all like #hashtag# #hashtag# #url# </document>
<document> #user# I don't think everyone would do this, but I think more would do it than I would imagine. </document>
<document> #user# #user# eats chocolate
order m&amp;s knickers
Check email </document>
<document> #user# what do you think it would mean to "pretend to be trans"?

I'll give you a hint....absolutely nothing. </document>
<document> #user# I'm very surprised because I didn't know it was still running. </document>
<document> #user# #user# #user# #user# #user# #user# glad you came back with offensive language

I don't think knowing you exist is a piece of shit answer, but ok.

You may think I'm wrong, and you have a right to think so, but the problems of 50% of the world's population are often based on their gender, so 🤷🏻 </document>
<document> look! Nobody cares what gender someone is anymore. nnthis will be a relief to the millions of people around the world previously known as women and girls.nn#hashtag# #url# </document>
<document> #user# #user# how are trans men men? </document>
<document> #user# #user# #user# #user# #user# #user# #user# why? What evidence is there that being gay or lesbian means you pose a threat to others?

on the other hand being born male oh so much data and evidence. </document>
<document> #user# I have seen studies that it does not induce violence and does not "empower already violent individuals or induce apathy". </document>
<document> #user# #user# Yes, there are common ways that downtrodden people share, but pretending one thing is another to keep one group happy at the expense of the other does neither group a favor. </document>
<document> #user# #user# #user# you would think at least one person #user# hq would think 'that can't be right'

#Hashtag# </Document>
<document> #user# #user# #user# #user# #user# #user# #user# #user# #user# #user# #user# #user# #user# #user# and yet you have this merged two </document>
<document> #user# #user# Why would a girl or parent have to fight for basic gender adjustments?

leas have already made it clear that any girl who is unwell must be separated from her friends and "educated about her transphobia".

Rights are in conflict. it's not hard to see </document>
<Document> #user# #user# #user# #user# ah, but women don't count. If we could just make babies again and keep calm, everything will be fine. #hashtag# #hashtag# </document>
<document> #user# #user# no i need to tell the hospital/medical environment that i need a female hcp. it has nothing to do with an individual hcp. they should then either provide me with one or say they don't have any female staff. simply </document>
<document> #user# It's useful when trying to come up with ideas for things. </document>
<document> #user# I read it more like terf just dinner parties.

You have to define woman as a secret code to get in, but after that it will be like an easy talk...

but with pudding..

I like pudding </document>
<document> #user# #user# it's all about biology.

Women are oppressed, bullied, raped and killed because of their biology.

pretending it doesn't exist is misogynistic and homophobic. </document>
<document> #user# #user# terf is a slur.

I am not aI'm not here to answer for others.

Again, I'm not the one to peddle misogyny and homophobia. </document>
<document> #user# #user# I honestly don't feel taught. If people genuinely get involved, I'll take the time. Also, I'm waiting for the bodyguard to start. 😂 </document>
<Document> #user# #user# #user# what do you wear to be recognized as a man? It could make life easier for women around the world if we could take something with us as a talisman against misogyny. </document>
<document> Do people ever think that "educate yourself" can be self-defeating in some cases given the vast swaths of false and misleading information?

How do you know that you are not encouraging a person to digest even more incorrect information? </document>
<document> #user# #user# #user# #user# Sorry. Do you think male and female are false personal beliefs? </document>
<document> #user# interesting his use of “non-trans women” and not just women. Shifting focus away from real women. soon there will be only men, non-men, trans women and non-trans women. </document>
<document> #user# #user# I totally agree with you, but tas would argue that if you had a female/female meetup you can't exclude them since they think they are female/female too. </document>
<document> #user# #user# #user# I think it depends a lot on which lesbians you are talking to. many agree with her very much.

However, you don't have to be gay to know that lesbians are attracted to same-sex people.

Also, I'm not sure how "doing nothing special" for lesbians means that something isn't trans-inclusive </document>
<document> #user# Aside from the Pinterest bit, I don't do any of that. #Hashtag# </Document>
<document> #user# #user# #user# #user# #user# but that is discrimination. it's literal. There's some debate as to the actual design of the cake (we had something similar here), but for him there's no significant difference in how the cake was made. </document>
<document> #user# #user# #user# #user# #user# #user# #user# but I just asked you one question. How is a trans woman female? i have my answer I ask what is yours. </document>
<document> #user# #user# #user# #user# we have a much better idea of ​​the long-term effects of using birth control and not taking birth control. We can present sufficient information and then assess whether a young person understands.

PCOS is a hormonal imbalance, not an identity disorder. </document>
<document> #user# #user# #user# Why are you bringing children with American Idol into a discussion about whether people can change gender?

You need a bigger field to grow all the wheat for your straw men </document>
<document> I don't like #user#. it creates idioms in real time.

It assumes that everyone has a common understanding of the term (which they don't) and therefore hides the problem.

If a white woman is racist, say a white woman is racist. no ambiguity there. </document>
<document> #user# #user# #user# #user# nobody is ever responsible for an entire group. However, there is a big difference between someone saying that a person cannot change gender and being accused of inciting violence &amp; someone declares what violent acts they want to perform, and it's called self-defense. </document>
<document> #user# #user# what people do with their bodies is none of my business.

what i object to is the concept that woman exists as a nebulous concept or essence.

if i don't have an inner gender, then i'm either not a woman or the inner gender doesn't define a woman. it cannot be both. </document>
<document> #user# #user# #user# #user# #user# #user# tbf You do a really good job of showing exactly why men can't be feminists.

You take the label and think you have an equal seat at the table. that you can teach women what feminism should be.

just sit down</document>
<document> #user# #user# #user# #user# um I have. check your answers.

Yes WCommands have meanings. That's exactly the point. Woman, girl, woman have specific meanings. Making those words meaningless does not help women and girls. </document>
<document> #user# #user# My DD's school said there will be no PPE for staff unless they personally request it. </document>
<document> #user# #user# #user# #user# #user# #user# #user# cis requires that I accept my second-rate place in the human race. i don't accept gender stereotypes and therefore i don't accept the label cis.

It is male-born people who pose a threat. What these men think of themselves is irrelevant. </document>
<document> If the goal was to make an educational film for teenagers about consent that is clear and informative, they have failed.

You failed so so so hard. #url# </document>
<document> #user# it can, but I mean it as a marshmallow candy. I'll see if I can get a picture. </document>
<document> #user# I think we all understand where you're coming from.

it really doesn't put you in a good light. </document>
<document> #user# my grandfather grew up incredibly poor.

never threw anything away, including things that really really needed to be thrown away and were single use. (like really one time use)

he also used to hide food </document>
<document> #user# if he refuses to have a BJ stall at the Christmas market, can we assume that the local vicar is just struggling and doesn't really need to raise money for charity? </document>
<document> #user# the GC movement didn't start with linehan.

do you want to discuss gender critical feminism and how the concepts of gender identity affect women (and actually men) or just linehan? I'm not his mother so I don't have much to add. </document>
<document> #user# this is so true. i would imagine that on the days i push through, i just wasn't a lazy ass. this actually makes you very lazy the rest of the time

took over a year of therapy to get to the point where i realized i had to stop &amp; recover because I was exhausted because of pd </document>
<document> #user# #user# ours too. However, under self-identification, the toilets would also be available to both sexes.

A recent government report found that more assaults occurred in mixed-sex facilities than in single-sex facilities. </document>
<document> #user# tbh, now that I identify as a man, I will have to have a long conversation with my husband about what it means that he is now in a gay relationship. #hashtag# #hashtag# </document>
<document> #user# maybe it should be the Denton Discrimination Impact Scale </document>
<document> #user# #user# #user# #user# #user# #user# #user# #user# #user# #user# #user# I meant the fathers go in with them. </document>
<Document> I want a government that will protect me during a pandemic the same way Boris Johnson protects Dominic Cummings any day of the week. </document>
<document> #user# not that it seems to improve conviction rates </document>
<document> just responded to a “trans women are women” post on Facebook using my real name. ahhhhhh. feel very nervous. probably lost a friend (not a close one) but hey ho #hashtag# </document>
<document> #user# #user# hence why they react with such anger when women talk about things they naturally do like vaginas or periods or having vaginal periods. like a red rag for a bull*

*Excuse the pun </document>
<document> #user# consented and agreed. my eldest has asd and it worries me that in the future testing will result in children like him being aborted from the nhs due to poor information and a lack of education, social and community support. However, I would not deprive another woman of this choice. </document>
<document> #user# #user# #user# #user# #user# #user# #user# Me too. I don't know anyone who wouldn't be. </document>
<document> #user# #user# #user# ok. I read your comment as if to imply that women commit sex crimes at rates approaching that of men. therefore minimizing the preValence of male delinquency, in a "women do it too" manner. if I missed that, I apologise. </document>
<document> #user# #user# #user# #user# #user# #user# #user# so... to get this straight... does it make me a fanatic that I don't have a problem with men or black people? </document>
<document> #user# indeed. less one that changes over time and through culture. </document>
<Document> #user# #user# #user# #user# Many other women spend a lot of time collecting data on murdered women.

others have also collected data on trans deaths.

I was just wondering if anyone bothered to collect data on trans deaths that weren't treated as trans. </document>
<document> #user# I'm not sure how you square this circle. How would the hospital work? wouldn't they have to have abortions if she was on shift? </document>
<document> #user# #user# acceptable bullying

control

Self-Preservation </document>
<document> #user# omg, that's species essentialism #hashtag# </document>
<document> #user# #user# #user# #user# they would classify it as hatred on both sides and do nothing </document>
<document> #user# I sat on one once, so my prices are a bit higher. </document>
<document> #user# #user# I would say Sam-Witch but I'm from Ooop North </document>
<document> #user# They seem to have settled on a fallback position to stay in the customs union/single market if all else fails. I give this about 5 minutes before it tears apart. </document>
<document> #user# #user# I heard they have boxes</document>
<document> #user# #user# of course!

The fact that I have forgotten this fundamental characteristic of femininity betrays my feminine privilege.

I'll hide in the naughty corner until I've learned my lesson*

*Reader, she stayed forever in the corner </document>
<document> #user# I would offer an alternative, but I'm not sure which things are real or constructed. </document>
<document> #user# #user# #user# #user# #user# #user# #user# There are only two genders and a small number of intersex states. These 72 are genders that have no real meaning and are closer to “personality” than anything else. I have no hope of remembering all the pronouns 😂 </document>
<document> #user# #user# that's why I left the party. </document>
<document> #user# indeed. This is the answer we've all been waiting for.

once we spread the message that every person on the planet should identify as a straight, able-bodied, white male; Discrimination and oppression are a thing of the past. Hooray 🎉🎉 </document>
<document> #user# #user# #user# is all of it. They decided that male people, who are statistically a danger to women, should have unhindered access to female-only spaces. Women should be shamed for ignoring their own boundaries and risk assessment.nnSounds super feminist to me #hashtag# </document>
<document> #user# #user# Disagreement is okay.

However, it is not the same as "I will shame you for having boundaries and also remove protections based on gender"</document>
<Document> #user# shaves his legs and wears a skirt.

possibly with the correct purse brand. </document>
<document> #user# #user# so what do you think you're recording here?

10 = both sexes
11 = both sexes
12 = both sexes, but likes neither male nor female
13 = both genders, but wants to keep it secret </document>
<Document> 'Body with vaginas' 🤨nnyep. Referring to women by their body parts will correct millennia of neglect. Buckle up everyone. this is gonna be a quick ride.nn#hashtag# #hashtag# #url# </document>
<document> #user# omnishambles always </document>
<document> #user# #user# #user# yes, because the very real effects of the abolition of women's rights and protection will not affect anyone #hashtag# </document>
<document> #user# #user# #user# is it wrong that I read this the way Mr. T would? </document>
<document> #user# #user# does x </document>
<document> #user# that means anyoneAnyone who doesn't agree with what I think and say is against "good" things and is not leftist and therefore "evil". You are the enemy. </document>
<document> #user# that's definitely bisexual, isn't it? </document>
<document> #user# if they do that, the rest of us can carry on as normal. </document>
<document> #user# it can always get worse </document>
<Document> #user# #user# #user# #user# a government spokesman said she still has British citizenship but that they would not help her come back.

Can a UK born person be stripped of their citizenship and remain stateless? </document>
<document> #user# #user# this is how words work </document>
<document> #user# #user# #user# you are right.

My logic is extremely flawed

i take time to think about my actions*

*drink hot chocolate and eat muffins</document>
<document> #user# I was once told I walk like John Wayne. no idea what that should mean. </document>
<document> #user# #user# I agree, but I think a lot of people use religion as a shield because it doesn't seem like just saying "I don't agree" carries too much weight. </document>
<document> #user# #user# #user# #user# #user# then continue. I'm waiting </document>
<document> #user# #user# #user# I am sure that all young trans people are not a homogenous blob and may have had different experiences than others. </document>
<document> #user# Rock Bun </document>
<document> #user# #user# #user# you admit that the basic oppression there is female. </document>
<document> #user# What if the pronouns are shouted very loudly? </document>
<document> #user# #user# #user# #user# #user# #user# damn women. banging on biology. When will they learn to shut up? #Hashtag# </Document>
<document> #user# #user# #user# #user# #user# well. That's why I know that vital statistics on the number of men and women in this country (actually the world) are woefully inaccurate. </document>
<document> #user# I'm a feminist and I have a few questions about </document>
<document> #user# you are chigots #hashtag# </document>
<document> #user# #user# do you have? just had this discussion and we didn't know if there was even a process.

thanks</document>
<Document> #user# #user# #user# #user# #user# #user# 😂😂😂

nope

We need gender specific bodies to make babies no matter what we think about it.

We know male seahorses give birth because... they produce the smaller gametes!

literal is the definition.

is this your first day </document>
<document> #user# #user# #user# how long does an affidavit take?

What would a breach of this statement look like?

~ 50% of current trans prisoners are incarcerated for sex crimes, so obviously they don't mind being charted.

How do we protect female spaces when we cannot challenge men entering? </document>
<document> #user# I said no to your poll but it's like wearing one but I always feel like an imposter. </document>
<document> #user# #user# #user# #user# #user# why do you think we have gendered bodies at all? to laugh? to make babies. Sex is binary because we have humans that could produce eggs and humans that could produce sperm to make those babies. There are only two options and then people with intersex conditions. </document>
<document> #user# #user# #user# I don't think anything of you other than making statements and getting upset when people ask you to support them. It is really that easy. </document>
<document> #user# does anyone honestly (and I mean honestly) think this is going well? </document>
<document> #user#, while teachers and unions, and teachers unions in particular, are to blame.

Sometimes I'm not even sure they know what they blame schools for. All they know is that they must have done something, so they should put the boot in anyway. </document>
<document> #user# #user# #user# #user# #user# I can see you (in a helpful, not a spooky way) </document><document> #user# not drowned. just hidden in a pile of laundry. lively. </document>
<document> #user# #user# #user# #user# #user# Periods that are without a doubt more authentic than real women </document>
<document> #user# #user# #user# #user# #user# #user# #user# it's not about where we hold the line, it's that we dare to hold it at all.

We can withdraw from the woman and stay with the woman, but soon that too will fall and the attacks on it have begun long before that. </document>
<document> #user# #user# #user# ahh but you see women don't really matter, not like real people. real people like men #hashtag# #hashtag# #hashtag# </document>
<document> #user# #user# #user# #user# #user# oh dear. do not appropriate intersex terms to support transdogma. Intersex is not trans.

Surgery cannot change a person's gender.

So you have no evidence that people change gender. </document>
<document> #user# #user# that would sting a bit I think </document>
<document> #user# #user# #user# #user# #user# someone was mistaken by their son at the pool the other day. we are all still here. </document>
<document> #user# #user# it's a minefield and it's not pleasant even if you know where the biggest problems lie.

It took me years to really get into conversation because the build ups were terrible on my first attempts.

I would ease up on him a bit and maybe some GC feminists would follow. </document>
<document> because we have always understood women as inferior human beings, we forget the last few years and go back to our regular program. #Hashtag# #URL# </document>
<document> #user# #user# #user# In your opinion, understanding that women directly exist means that trans women don't? and vice versa.

Of these two options, you choose to eliminate women in favor of the male-born. </document>
<document> #user# #user# #user# #user# #user# what are you talking about? do you project Yes. I think you are projecting. </document>
<document> #user# I don't fit in the chart #hashtag# </document>
<document> #user# #user# omg did you invalidate my salad?

I have now passed out from this literal violence.

*faints*

See I'm actually on the floor now.

everyone fainted.

#Hashtag# </Document>
<document> #user# #user# ah, but you'll find that the bad guys are trans until they do something criminal, and then they're not trans. If no one cares about the actual victims, trans people become true victims of a hateful society, etc. etc. </document>
<document> #user# #user# #user# why are trans men likely to lose? Why? Why? Why? if they are men, they will certainly have equal rights. </document>
<document> #user# #user# i am in the north of england. I heard the fireworks last night and it just made me sad. we will be one of the worst hit. 😔 </document>
<document> #user# #user# #user# Women should not be allowed to discuss matters that affect them. omg you woke up like this #hashtag# </document>
<document> #user# #user# I've been biting my feet, but I haven't been converted. Forgiveness. </document>
<document> #user# this is true. Sometimes things just turn into the same problem with a different face, a worse problem, or get better. It's mostly a dice roll I guess what it will be. </document>
<document> #user# it's interesting because you know damn well that people don't realize that most trans women are intact.

it took helen forever to get one of the survey companies to adopt the questionnaire because they all refused to touch it or wanted to change the wording to hide the meaning</document>
<document> #user# Certainly all names are non-binary, since the expectation that someone will choose a name that fits neither or both binary categories forces them to live as binary contiguous using binary normative expectations .nn#hashtag# #hashtag# </document>
<document> #user# has been busy in the last few days. I suppose water was spilled on some and they multiplied. </document>
<document> #user# they she won't do it. They will only steal them from women with no money. far cheaper. then be celebrated for the "Womb Liberation" </document>
<document> #user# I agree, but what counts as transphobic is currently not practical. </document>
<document> #user# #user# #user# this doesn't really answer why you decided to take this topic forward because of a threat about MN and childbirth.

Anyway, how can women have autonomy when they have to involve men in everything? How do we equalize pay or increase women's representation when men can be counted as women/women? </document>
<document> #user# I read it as a masking #hashtag# </document>
<document> #user# I think the point is that the only thing that could possibly make it through Parliament is May's plan, which very few, whether they are Rest or Brexiteers, really want. something has to shift and a vote on one of 3 options is most plausible. </document>
<Document> #user# *Infomercial*nnhey you, yes you! Are you a man who loves to be misogynistic? Don't you make too much of a fuss about gay men and lesbians, either? Well then being tra is the hobby for you. You can be abusive to women and have all the bright cookies you want 👍👍nn#hashtag# </document>
<document> #user# #user# #user# #user# #user# tbh the right thing would have been if when they realized dc had a specific problem they recognized it and let the public know that this kind of action that was reasonable it could help other families.

but they didn't. </document>
<document> #user# #user# no, it screams and makes your arguments look weak.

If we are what we are I suggest you say girls who want an education or shouldn't sit in huts during their period or child brides to get out of this situation. will this work do you think? </document>
<document> #user# are you saying people should be nice to you or the universe will take revenge? </document>
<document> #user# #user# #user# #user# New Guinea Wave Feminism </document>
<Document> #user# #user# is not.

Being afraid to say which people might use such a service is. </document>
<document> #user# I know. it's just very frustrating. </document>
<document> #user# #user# #user# #user# Yes, because women and girls are never treated worse than others. Hashtag# </document>
<Document> #User#No. not for me. I follow many that I disagree with. I want to see what people say from their own point of view. I can't say there are many that I agree 100% with on everything. this is part of the learning curve to understand humanity. people are complex. </document>
<document> #user# have you never heard of the gender lottery? I lost my ticket and am still waiting for assignment. I'm hoping for an answer before I'm 50. </document>
<document> #user# #user# #user# that's what struck me from the Nolan investigation.

one side could not even discuss their own terminology and became confused.

the other was clear, concise, and could support points with either evidence or explanation.

I bet you can't guess which was which 🤣 </document>
<document> #user# #user# if they really were women, people in power wouldn't care. </document>
<document> #user# #user# no I'm not. they are no threat to me and can use men's. Women's restrooms are there for a reason. That lesbians are challenged in female spaces is the result of a genetic identity that tells women that no space is safe and that they need to be on their guard. </document>
<document> #user# #user# #user# #user# #user# yes, but it is the evidence I am questioning here. where does it come from? how sturdy is it? I've seen some very big claims made by people who couldn't back them up.

Downplaying isn't helpful, but exaggerating can be very dangerous when it comes to suicide. </document>
<document> #user# #user# Yes, they have a specific function that they will never haveif they were created for a trans woman. it can help them feel better, but they are not the same. Doctors do not issue a birth certificate. What do you think doctors use to identify a male or female baby? </document>
<document> #user# #user# #user# yes. I'm very England-centric 😉

bizarre, now that I think about it, for me

the north = north of yorkshire up + scotland

ooop north = north of england

I know that's probably only true in my brain 😁😂 </document>
<document> #user# #user# #user# #user# #user# Jumping over the fence is not the same as tearing it down. </document>
<document> #user# #user# #user# #user# they have no problem because they threw women under the bus for bright cookies.

I know it's hard not to center men in literally everything, but for the sake of women and girls, we need a movement that's all about us. </document>
<document> #user# #user# what is gender identity? What do people think they identify with? </document>