 
	<document> the mission begins now. block all hexagon pfps. #url# </document>
		<document> imagine ironically bringing up the fake concept of "agism" #url# </document>
		<document> you have a gear in your name so i assume you're just being secretive as usual

the fact you're mocking lolicons in the first place while using ironic terminology like "troglodyte" and "leftist" shows #url# </document>
		<document> yes, ban them from the internet. that majorally causes the "trauma" they claim to get looking up their favorite things and then seeing stuff they don't like to blame it on the adults. not to mention existential depression and addiction. #url# </document>
		<document> tfw defending pedophilia causes you to think fiction is cope </document>
		<document> sometimes i worry how unprofessional i or my account looks when verified or professional accounts follow me. </document>
		<document> why tf does twitter keep doing this to me

everytime i dig through followers it just makes them disappear for whatever fuckig reason, as if some sort of security measure #url# </document>
		<document> "waaaaa waaa i hate smoltubers and lolicons they're pedos" -op #url# </document>
		<document> #user# jokes aside, i wouldn't disrespect scott's religion by doing things to his characters that he wouldn't approve off. </document>
		<document> a large issue that hurts me is that i've been seeing a few "idol" friends of mine liking tweets of antis/fancops mocking proship/profic accounts i follow such as #user#. i get a unnerved feeling seeing someone like a tweet trying to completely misarticulate a tweet- (1/3) </document>
		<document> #user# idk if following them back is really a good idea though.

i had a stress meltdown because of a pro-child molester that harassed me, and was also approached by a old pedophile user from before, who hates lolicons. </document>
		<document> he called himself "jesus" as a means of larping judge hearings and admitted to molesting his mom. </document>
		<document> #user# the thing here is ironically obligatory because he's part of a clique of unironic pedophiles who retweet lolicon but slam lolicons who rightfully out them and call them outnnthey don't like that normal non-pedophilic lolicons aren't the same as them </document>
		<document> well fuck you, rapists don't get free passes #url# </document>
		<document> s-shosho had bad dream last night.. *coooo.. </document>
		<document> how do you be "sexually attracted to the features of children" dude.

petit women exist. #url# </document>
		<document> -belly stuffing/water belly inflation </document>
		<document> you shouldn't be paying jack shit for that. 

no wonder anyone who has sexual attraction to non consenting individuals always has the lowest lives #url# </document>
		<document> she insulted/ostracized loli tubers/smoltubers. and pulled shit about lolicons. #url# </document>
		<document> #user# if only i could transfer everything from my copy of lbp3 </document>
		<document> they're still doing dbfz dlc what the fuck???? </document>
		<document> #user# #user# #user# #user# #user# #user# pedos use fiction that they seek interest in because they want to scapegoat the law.. but they'll eventually get tired of it.

no, nobody else who are non-pedos that consume the fiction are that. watch what you spit out without regarding that csa survivors cope with such media. </document>
		<document> discord was full of creepy groomed kids who acted like horny zombies making ships and kids as young as 12 being there (when they shouldn't be for gods sake) and amor even siding with a groomer. 

i can't do much, but what the community can start doing is gatekeeping. </document>
		<document> segregation and the act of child rape are two different things #url# </document>
		<document> #user# that's a water bed worth cuddling. </document>
		<document> #user# #user# #user# &gt;demon girl

again...... you need help. </document>
		<document> this is too good already, we need more games like this

no, not like fortnite, that fucking sucks #url# </document>
		<document> whenever i'm in my friend's curious cat profiles, i try to think of the fairest or funniest things to say

9/10 i'm too afraid to say the things because i swear it won't work out

as one has stated, i'm super awkward. ☹️ </document>
		<document> why do minor stans have the worst profile layouts and tweets #url# </document>
		<document> #user# i'm pretty sure the reason they bring that up is because of the nsfw accounts who follow 17+ accs out of cluelessness or the adults who have to discipline the kids because of them bitching like complete babies. </document>
		<document> lolicon isn't pedophilia. the artform is unbroadly seen as obscene on a moral stance, and conflated between the realms of fantasy and reality.

many argue on multiple stances-
"it's literally a child"-what child? are they real?
"theyr'e attracted to childlike bod-" petit women. #url# </document>
		<document> tell that to the majority of the csa survivor community. #url# </document>
		<document> assuming all e-dating goes bad/wrong is cringe #url# </document>
		<document> #user# #user# #user# "literal child porn" you're basically saying children consent to porn even though they can't stop saying that lmfao </document>
		<document> which one of you ordered the pizza with chocolate sprinkles and clam sauce? #url# </document>
		<document> this isn't really about rape and moreso pedophiles, who seem to really want to justify their attraction as "normal and healthy" #url# </document>
		<document> the application of electric currents or heavy pressure i looked around the room at the numerous inventions eloquent testimony of a tireless ingenuity "sir, it is lamentable that mass agricultural development is [not] speeded by fuller use of your marvelous mechanisms would it not </document>
		<document> #user# #user# #user# #user# you've been shown you aren't mature enough to handle outside online spaces that don't focus on nesscitant safety/ the necessity of safety for "children".
by bitching about adult content you've lead yourself astray to concequences of your actions.

this ain't no playground cowboy. </document>
		<document> pain 

too much pain

must soothe with ladies </document>
		<document> #user# idk how some of my old friends decided to like this tweet so uh

listen dude, nobody in the thread has a attraction to children or is defending it.
the tweet is mocking dbz virgins for getting mad at artist for drawing porn of fictional characters. </document>
		<document> you can't actually be saying this with a etika-clause pfp #url# </document>
		<document> i think we're going to need clarification on how 2006 planet classifications are "wrong". #url# </document>
		<document> "blah blah hate on pedophiles is bad blah pedophiles deserve love"nndid you hear about that one dude with pedophilia who hated it and wanted to chemically castrate himself #url# </document>
		<document> #user# 5$ lefty:
-close-range stand
-has the ability to decapitate any person by biting them
-can turn into goo
-will disable for 10 hours if the user is given 5$
-has a 90% chance to summon a clone of markiplier that only laughs for 10 mins </document>
		<document> the autistic urge to buy all 4 power rangers pudgy pig figures from hasbro lighting collection, bandai retro, classic retro, and funko pop </document>
		<document> those people obviously don't know better, because that's how they get more marginalized by moral cuckolds.

taking offense to fictional material doesn't solve anything. #url# </document>
		<document> #user# this is hypocrisy lmfao

"child sexual attraction is acceptable"

"don't be hornyposting if you're a minor!" </document>
		<document> "lolisho is illegal"

then these people pull the first thing that comes up #url# </document>
		<document> #user# literally how did he not see that i was replying to a pedophile against their fallacies </document>
		<document> #user# &gt;be me
&gt;first app i ever chose
&gt;not know that topic-strict communities exist
&gt;go to smash amino
&gt;the mods are confusingly unreasonable and toxic
&gt;community has bot and rule issues
&gt;banned for speaking up against a scam poll made  by a jackass user and the leader himself
&gt;regret. #url# </document>
		<document> "friends"

you have 0 followers and all you've been doing since account creation is starting virtue signal over a fucking demon girl with big tits who happens to still be "biologically 14-16"

nobody is laughing at anybody except you. #url# </document>
		<document> saying this to the arkansas dude i used to follow </document>
		<document> -those really sexy size differences where the guy is a pratical smol boy and the girl is like

6ft or so with a giant pair of tits and thiccness as much as a bowl of oatmeal </document>
		<document> from what i solely identified, people who moral crusade against transgressive media (particularly anime lolis/shotas) have seemingly only of 3 arguements: #url# </document>
		<document> every time someone casually drops the most overtly offensive racist xenophobic tweets because of the fiction japan makes, i lose 9 braincells #url# </document>
		<document> t-tya heehe... shosho don't have to worry about beiing issue for other grown ups. </document>
		<document> no children should be allowed in your vicinity for god help they're told you're a pro-pedophile #url# </document>
		<document> 2020: "lolicons are pedophiles!"n"but being sexually attracted to real children is a-okay!"nn2022: "anime is for pedophiles! and i'm a pedo who likes anime!" </document>
		<document> #user# they just brought up a 4chan "study" from some autiscuck who "reads too much loli" claiming artists who draw loli are pedophiles, and showing a picture of some lolicon media with a hidden message or some shit.nni'm tired of this. </document>
		<document> -growth/inflation sounds: gurgle... creakkk.. groan.... stretchh... grrrgrg....pshh....pft.... etc etc. </document>
		<document> #user# #user# god help them if they think their autism led them to make this conclusion </document>
		<document> #user# it isnnit was a fucking troll pedo from 2020 who ratioed me in a poll when i encountered themnnalso the same person that said to me "lolicons are pedophiles!" but yet admitted to being one themselves </document>
		<document> #user# huh... looks interesting. what are you developing it on? </document>
		<document> #user# they're really scared of you bcs you're a horny 32 year old with fetishes </document>
		<document> #user# no offense roxx, but tbf, i've been noticing you've been following alot of ironic pedophiles and larping pedos for seemingly no good reason. i wouldn't follow said users simply because they share ideals or you're trying to understand them. </document>
		<document> #user# #user# #user# you can't be saying this with a kid sasuke pfp. </document>
		<document> #user# h-how bottom heavy exactly?* kya </document>
		<document> #user# huh....

i guess we're getting warner land instead of disneyland. </document>
		<document> fun fact: most people who mock and or berrate lolicons are projecting pedophiles 99.9% (ex.) of the time. </document>
		<document> #user# i'm pretty sure newgrounds is adults only. </document>
		<document> "you see good sir, not every pedophile is a pedophile, there are child molesters, and child exploiters, and those who photograph csem. those aren't pedophiles.nnow listen as i proceed to longfully list off why molesting and sexualizing kids is perfectly acceptable and legal." #url# #url# </document>
		<document> #user# 10/10 legs

needs more thigh thicc though imo </document>
		<document> "invalid"

the only one invalid here is you dude, who thinks that because i'm disapproving of your sick mental condition that you think i'm "invalid" #url# </document>
		<document> #user# weird for them to groom children and animals then bring up religion and purity and then bring up ageplay.

like.. i think the entirety of the ageplay community (includes actual csa victims) would not want to associate with some creepy pedo dog fucking lady one bit. </document>
		<document> #user# #user# oh yea, the dolls being called loli is misinformative misuse of complicated foriegn terminology. knowing how it was used when a article was made on a dutch pedophile creating baby sex dolls. </document>
		<document> user is autistic but has a bunch of bullshit on her carrd lol </document>
		<document> nobody except genuine predators and morons trace actual children from real life

ex- that one predatory lesbian/transfem artist who traced someone's baby for diaperfur art </document>
		<document> -by a deer. 
bulma flashed her naked vagina and tits at roshi.
so on. 

like, jesus christ. both anti-lolicons/anti-r34 and dbz virgins are so fucking dumb. i can't imagine coming up with the blandest tweets using serious terms to call out a innocent person. please stop. </document>
		<document> &gt;looks like adult, is underage, is "adult"

bullshit #url# </document>
		<document> #user# okay then that means people who play gta are violent murderersnnand furries are zoophiles </document>
		<document> #user# off topic here but i'm sorry about something recent that has been going on regarding your change to a 18+ acc and the thing with the trans stuff. 

i don't think you're in the wrong here at all, you're innocent.

you're a wonderful wonderful artist pup-chan, don't forget it. </document>
		<document> #user# i bet playstation removed it for their regulations lol </document>
		<document> #user# miitopia is good 

i'm not doing ksa just yet </document>
		<document> #user# #user# i however don't trust the claims of any "non offenders" who are questionably open about their attraction and wish to glorify it on the web. that's what vito is trying to pull here basically, as he watched cuties and praised it. 
those are just pedophiles wishing to be punched. </document>
		<document> the proper viewpoint i wish for pedophiles to look towards is not seeking acceptance online. it worsens the condition. #url# </document>
		<document> #user# the thing that bothers me is how these types of shamers exist because:
1. they were specifically abused using the material, leading them to believe it's seriously negative, and that they should despise it without understanding
2. they were groomed to despise it </document>
		<document> asian artist: draws literally something

twitter:
omg this person drew *pedophilia*/*zoophilia/*gore*/"*child porn*"/*mlm fetishization*/*lesbian erasure*/*bad thing* canc3l them #url# </document>
		<document> i'm not a kid anymore so kids aren't the prime interest in me anymore. i can't have minors meddling in my business as such. (2/2**) </document>
		<document> #user# they think anime depictions being different from real life "makes no sense" </document>
		<document> #user# #user# "durr.. white racism isn't possible becuz they invented it.. durrr.. </document>
		<document> "twitter is 13+, which means it's for kids! and i don't care about my stupid parents not giving a good watch over me so i casually find porn to complain about! i got severely traumatized waaaaaa" </document>
		<document> #user# 3. mystery song (god glitcher)
2. bugged
1. triple trouble </document>
		<document> #user# "she's still a child"

what fucking child has body changing superpowers and is a demon dude

stop being fucking schizophrenic </document>
		<document> tldr- survivors shaming other survivors for how they cope says alot about the shamer than the victim coping innocently lmao. they could be "psuedo-groomed" to shame someone if they happen to use something they were abused with. </document>
		<document> me: i love tiddies and big girlsnnthem: *rants on about political sides while arguing in favor of child molesters and csem while "mocking" lolicons in the worst possible way* </document>
		<document> honestly. this whole generation has been a mistake. i ironically want it to be back to the time evangelicals called everything "satantic" instead of moral crusaders calling everything "pedophilic".

this is giving me such bad stress. </document>
		<document> #user# muta probably is too pussy to admit his fallacies/conflicting opinions. </document>
		<document> #user# #user# the tweet about necrophilia was him comparing non-consent not mattering between a dead actress and a child. </document>
		<document> twitter is suspending your accounts because you violate their policies dumb fuck #url# </document>
		<document> #user# i missed when disney didn't overtly steal every ip they could get their hands on and weren't too stingy of copyright. </document>
		<document> ???????????????

you literally called me a trog in one of your ad hominem tweets you dumbfuck #url# </document>
		<document> that's basically the emphasis of the qrt you made to that dbz artist

it's not really "saying shit" if you complained about how they were basically wasted talent because they drew porn of pan (which most of us don't give a shit about) #url# </document>
		<document> if you've checked in within my carrd bio, or know me best.. just please bear with me that this b-day marks my final time with being negatively infantalized. i no longer will have to suffer the title i've hated for so many years. 
for those who trust me, it's your choice to stay. </document>
		<document> 3. whilist somewhat true, i'd digress. pedophiles do have a heavy reputation of breaking on their promises, and will tend to heavily act on urges. #url# </document>
		<document> "duhhh but if someone likes a fict character that kid it bad and illegal!"

cool. lets see what happens when later they ban violent video games. </document>
		<document> #user# #user# #user# #user# #user# #user# already seeing a contradiction here...

people have common rape fantasies, but it's not a sign they approve of or endorse/desire rape irl. 

you literally said gta doesn't cause violence... but then proceed to say fiction in a sexual sense of taboo is bad and "will lead to irl". </document>
		<document> #user# #user# this is bringing up "cartoon pedophilia"... which is apparently "movies and shows featuring pedophiles".... not japanese loli... </document>
		<document> he literally deleted the tweets and privated

lol #url# </document>
		<document> they also called the us a "human rights country" or something lol </document>
		<document> women literally made some of the most notorious anime girl designs

a fucking woman created bayonetta #url# </document>
		<document> boob. butt. thigh. hip. tall. the perfect girl combination. </document>
		<document> #user# it's not real lmao 

i don't even live in the uk aka unus kuckold </document>
		<document> #user# #user# "half-breed men dni"nnyea that's kinda really discriminative towards mixed race people. </document>
		<document> north korea is suprisingly more painfully ironic than the films made around them. #url# </document>
		<document> #user# i suggest you back out of the whole "lolicons are pedos" con booth before the con jacks your career. </document>
		<document> #user# #user# #user# #user# #user# #user# like.. it's okay to find fictional taboo stuff gross and what not... but you can't go saying senseless things without knowing that people who have had a history of trauma will use such dark fiction to cope.

take this image: #url# </document>
		<document> jojo- jotaro
jobro- ceasar
antagonist- dio
arc- bohemian rhapsody (stone ocean)
outfit- jotaro part 3
stand ability- bohemian rhapsody
stand design- bohemian rhapsody
fight- bohemian rhapsody
opening- part 1 #url# </document>
		<document> you have to be the most kind of fucking stupid to blackwash someone's pfp as a own </document>
		<document> to sound like it's bad when the art in question is of a fucking anime character. the art even had to be from a artist who was dogpiled by a bunch of virgin dbz fans who hated that he drew pan porn. like... dbz literally had multiple scenes like that. pan got her tits sucked- </document>
		<document> #user# #user# #user# #user# #user# a majority of the genshin character ages are unexplained and or unknown. many cope shit to age check or guess that the loli characters like klee are 8-10 years old. 
they even claim venti (who is a god of thousands of years) is still physically underage as well as traveler. </document>
		<document> #user# #user# #user# oh yea those scripted moments in lego games where you can manipulate where they play with the wrong characters

just like how i had steven spielberg and mr. dna running with the survivor group in lego jurassic park's story  mode </document>
		<document> the problem is that you'd rather bitch about anime girls being "molested" than real kids being abused says alot about you. putting drawings before real human beings simply because "but they're normalizing child abuse" is not valid. </document>
		<document> yall ever played the pr samurai game: rangers together samurai forever? childhood memories man.. </document>
		<document> finally i can access discord nsfw channels now

it's not even my b-day yet but whoop </document>
		<document> #user# #user# they're basically saying when it doesn't have age gap or loli it's bad

but how they're making the point is ironic because they're not calling it "lolicon", they're a real pedophile. </document>
		<document> #user# ah??

did you fix a virus issue or something?? </document>
		<document> ugh.. i had to fucking block that chizu guy finally. got tired of him trying to use ambiguity, 4-chan, and ubran dictionary to prove his point. 

whether he gets banned or not, i hope to never see  him again. </document>
		<document> #user# that would be a perfect size f--ffor you
i agree

kya,.. need big girlsss... </document>
		<document> 7. largely centered by seeing someone/(or my gf really) in a massive bodily state. they tower over me, their plump large body looming over my smallness. then i'm gently played with, cuddled, snuggled, pampered. basically be dommed softly by a huge girl. </document>
		<document> #user# affor. trans moot has been judged by others bf and has large issues being able to talk with someone who isn't transphobic and is able to actually help her :(. i really want to help her but can't do as much, and would love if she got the help she needed. </document>
		<document> #user# "duhhh mastodon won't ban me! they're decentralized" </document>
		<document> people misgendered omocat and they don't know toby literally made homestruck albums about incest lmfao #url# </document>
		<document> hot take: all pedophiles should be chemically castrated and banned from the internet. </document>
		<document> the fbi isn't going to help your crybaby vitrtue signal dumbass #url# </document>
		<document> #user# weird how this specifically joins them to hate monger </document>
		<document> probably my most favorite episode of the entire dsq series was "pet peeve". i loved the mutant dino-pets, and it was something i probably watched alot for the plot points and jokes. ironically enough i don't know how the "hey good looking" line didn't become a meme somehow. (4/?) </document>
		<document> #user# #user# #user# #user# this would mean that pedophiles and child molesters aren't technically too different lmao </document>
		<document> #user# so this is basically the "all gays are pedos" monger but in reverse.nnwhat a bunch of clowns them antis are. </document>
		<document> #user# well the anti just went up and said "twitter is the only place where you'll see people defend their attractions to children" and the thing in question is a fancop mocking account making fun of dbz virgins for getting mad at a dbz artist having drawn pan porn </document>
		<document> #user# #user# idk how you came up with "support pedophilia" but you really don't need to be on the internet. </document>
		<document> what shosho wishes for:
*1k followers
*more mutuals that have huge boobs/thighs/booties/bellies
*more mutuals that are tall (pref. female)
*to be shorter
*oneechan mutuals
*mommy mutuals
*attention </document>
		<document> again, the "trauma" kids get from seeing stuff they aren't supposed to is chalked up to bad parenting, the same reason kids become aggressive and abnormal from excessive gaming or mature games. 

it's not the fault of those who provide the services, it's themselves, and parenting #url# </document>
		<document> i hate flat chests 
i hate flat chests 
i hate flat chests 
i hate flat chests 
i hate flat chests 
i hate flat chests 
i hate flat chests 
i hate flat chests 
i hate flat chests #url# </document>
		<document> #user# ps- if you want some junk in the trunk, i'd advise looking at weight gain remedies, specifically ones for gaining fat in the specific places. and granted, ones that do say it won't give belly fat and such. those exist. </document>
		<document> me when my gf finally comes get me and takes me to her place after i'm done with school and my parents leave her to care for me

#url# </document>
		<document> can somebody pls report him so that weird fucking blackwashed pfp of gregory from fnaf sb goes away </document>
		<document> 1. okay, cool, i have a trans gf, but the issue here is pedophiles glorificating their condition online instead of seeking to aim their behavior towards treatmentnn2. idk man i'd be scared knowing there are pedophiles in my neighborhood that'd want to fuck men3. then help them. #url# </document>
		<document> i've been manhassled by at least 4 fucking pedophilic incels who can't get bitches because they want kidsnnwhy did god create these fucking excuses of shit sacksnnwhy are they pedophiles. why pedophiles.nnno more. this needs to be cracked down on.nadd a feature to report pedos </document>
		<document> fictional "children" look nothing like nor are "children".nnyou're implying as if anyone who consumes fiction with such are pedophiles. #url# </document>
		<document> well i'mma go to sleep now guys

i have tried my new grooming kit you may have seen before, it works pretty well. shaved my tummy and arms. 

goodnight now, boob night. </document>
		<document> #user# seems so, bcs peach and daisy are nude at the end </document>
		<document> going to bed guys gn

promote me to others so they can find shosho ig </document>
		<document> i can link a thread where a shitload of people rallying lolicon turned out to be complete demons themselves </document>
		<document> 9. (skipped the last one because it's too vague)nok, because they're begging to be abused by both molesters and acting pedophiles. #url# </document>
		<document> 1. and?????? unless you're not underage i don't think i'd approve that. not to mention that being normal attracted but defending pedophiles is not okay.nn2. and???? #url# </document>
		<document> #user# amor, the founder of the fungang and bob and bosip mod was exposed as abusing his team into overworking, and acted innapropriately with minors. he even drew porn of some of his friends characters (the friends were minors) without permission. </document>
		<document> -soft dominant older girls, the ones that have huge tits and thicc bodies and use it to seduce smaller guys </document>
		<document> fancops excuses are straight up trash too-

&gt;they thrown in memes that make no sense or were contradicted
&gt;google searches ooct in 3 seconds
&gt;a "lawfirm" site from california that has no idea how the us constitution works
&gt;logical fallacies

 stop crying like a bitch. #url# </document>
		<document> someone get me the sauce on this thumbnail

please

#url# </document>
		<document> #user# that's not a pokemon! that's a g𝐚𝐲 l𝐮𝐢𝐠𝐢 </document>
		<document> #user# bruh

imagine making a blocklist but not blocking the people in question </document>
		<document> fuck you , nobody in the autistic community owns you #url# </document>
		<document> in conclusion: pedophiles fucking suck. children cannot consent to sexual relationships. fuck off. </document>
		<document> #hashtag# look ma im becoming a (ßįğ şħ0ť) #url# </document>
		<document> "evil" tf2 be like:
-trolldiers are the undermined player stereotype instead of f2p
-demoknights are hated
-f2ps are showered with free unusuals because "they're in poverty"
-hacker bots exist but suck ass instead of terrorizing players, only using soft mic-spam
-medics suck </document>
		<document> -heavily seductive sounding female voices, particularly ones that are high pitched. </document>
		<document> this is coming from someone who is "autistic" and reads too much "loli" #url# </document>
		<document> #user# dw i'm sure pope didn't care enough to get genocide </document>
		<document> i'm autistic and can understand most jokes well #url# </document>
		<document> you left a long hiatus since having been banned and creeping away to some obscure twitter bootleg before coming back and now decide to change methods of owning to claiming big lolicon figures came out as pedophiles secretly (according to you, a pedophile who says lolis are pedos) </document>
		<document> very great art and artstyle, very nice and sweet, but i have a hadr time connecting knowing i was only temporarily mutuals before a follow clearing. i miss being mutuals. #url# </document>
		<document> #user# #user# oh shit we're doing a anti-pax rebellion now? </document>
		<document> my oneesan friend is apparently really eager to try and get super thicc. </document>
		<document> as for kfdp, well.... it's way more closer to a sentai ko fever dream than dsq. 
unlike dsq, which had mutant teens who could turn into dinosaurs, kfdp featured a group of mutant dinosaurs that survived extinction, and turned into humanoids. it's basically fucking tmnt. (7/?) </document>
		<document> #user# we've reach peak official shitposting </document>
		<document> where the fuck are all these pro-pedos coming from crawling out of the depths of dark twitter </document>
		<document> #user# i mean, rex technically still got in somehow. i'm still glad for that. in the final smash, intro, victory, and taunts. </document>
		<document> i don't think even anyone knows what the fuck "pthc" is nor wants to care about it </document>
		<document> #user# #user# #user# ching chong is from the chinesennooga booga is from the european aboriginals and africansnntacos chimichangoes is from the southern mexicans and spaniards </document>
		<document> even now this still fucking sounds like fire #url# </document>
		<document> &gt;"borderline"
nope lol

you literally mentioned having a little partner #url# </document>
		<document> i have friends

just not enough

bold of you to immediately assume that #url# </document>
		<document> kapwing finally fucking added the ability login/sign up using email as opposed to facebook and google, now my newest videos shouldn't have that dastardly watermark in there. </document>
		<document> &gt;"animated characters can consent duur hurr" #url# </document>
		<document> #user# #user# tbf the ratio of dominant alpha males to submissive males is underrated </document>
		<document> nobody puts urban slang on wikipedia #url# </document>
		<document> #user# #user# that's just the canon age of the characters, but it's arbitrary to reality. 

jack to lolis, hate on practically the same thing from a shonen anime, defend real csem
kind of sad hypocrisy for a neckbeard if you ask me. </document>
		<document> #user# how are you blocked by a majority of the most shittiest accounts on this site including rando gimmicks/stan accs? </document>
		<document> #user# sure, she's not a complete midget, but she still has developmental issues. 

i literally saw a (chigago p.d.?) episode where this dude had a girlfriend of age who had psuedo-dwarfism. he was assaulted by mistake for taking her for a walk. </document>
		<document> so uh that dude in the picture has multiple pro-map tags so yea, please block them

nevermind the weird fake flags #url# </document>
		<document> godammit i wanted to buy the doom slayer mii costume but i was short 1 cent

curse you taxes </document>
		<document> i bet the fucking map community ironically supports and celebrates this #url# </document>
		<document> &gt;"canonically underage"

&gt;ralsei isn't even human nor real #url# </document>
		<document> #user# #user# does this dude even know he's the hypocrite lol? </document>
		<document> but you literally said anime is for pedophilesnnso you contradicted yourself #url# </document>
		<document> none of the artists who draw lolicon are drawing "children", they're drawing depictions of humans resembling young individuals.nnthey're not pedophiles dumbfuck. #url# </document>
		<document> still reminiscing back to phisnom (creator of fnaf +) being abliest because he thinks mentally disabled people "shouldn't be on the internet" and blocks them for following him </document>
		<document> just a fyi guys i'm not going to sleep if i'm yawing it's way early for that </document>
		<document> i'm obligated to say that pedophiles saying they "wouldn't ever offend or harm a child" is massive cope if they're literally romantically/sexually attracted to them </document>
		<document> the "evidence" you provide is not only invalid and irrelevant, but completely out of the question. you're not making anything easier for yourself. #url# </document>
	  <Document> The mission begins now. Block all hexagonal pfps. #url# </document>
<document> Imagine ironically bringing up the wrong concept of "agism" #url# </document>
<document> you have a gear in your name so I assume you're just being mysterious as usual

the fact that you primarily make fun of lolicons while using ironic terminology like "cave dwellers" and "linkers" shows #url# </document>
<Document> Yes, ban them from the internet. this mainly causes the "trauma" they claim of looking up their favorite things and then seeing things they don't like, blaming adults for it. not to mention existential depression and addiction. #url# </document>
<document> tfw defends pedophilia and makes you think fiction is manageable</document>
<document> Sometimes I worry about how unprofessional I or my account will look when verified or professional accounts are following me. </document>
<document> why does twitter keep doing this to me

Every time I go through followers they just disappear for some damn reason as if it was some kind of #url# </document> security measure
<document> "waaaaa waaa i hate smoltubers and lolicons they are pedos" -op #url# </document>
<document> #user# Jokes aside, I wouldn't disregard Scott's religion by doing things to his characters that he wouldn't approve of. </document>
<document> A big issue that hurts me is that I see a few "idol" friends of mine who like tweets from antis/fancops mocking proship/professional accounts I follow such as: e.g. #user#. I get an unnerved feeling when I see someone like a tweet trying to completely mispronounce a tweet - (1/3)</document>
<document> #user# idk if following them is really a good idea.

I had a stress breakdown due to a child molester molesting me and was also approached by an old pedophile user from before who hates lolicons. </document>
<Document> He called himself "Jesus" to trick judge hearings and admitted to abusing his mother. </document>
<document> #user# this thing is ironically mandatory because he's part of a clique of unironic pedophiles who retweet lolicons but beat up lolicons who rightly outed and challenged them. They don't like that regular non-pedophile lolicons aren't the same as them</document>
<document> Screw it, rapists don't get free tickets #url# </document>
<document> s-shosho had a bad dream last night.. *coooo.. </document>
<document> how do you feel "sexually attracted to children's facial features", dude.

There are little women. #url# </document>
<document> - belly filling/water belly inflation </document>
<document> you shouldn't pay shit for that.

No wonder someone who has sexual attraction to dissenting people always has the lowest life #url# </document>
<document> she insulted/ostracized loli tubers/smoltuber. and pulled shit over Lolicons. #url# </document>
<document> #user# if only I could transfer everything from my copy of lbp3 </document>
<document> they still make dbfz dlc what the heck???? </document>
<document> #user# #user# #user# #user# #user# #user# Pedos use fiction they're interested in because they want to make the law a scapegoat...but they'll eventually tire of it.

no, no one else who is non-pedos consuming the fiction is. watch what you spit out ignoring csa survivors getting by with such media. </document>
<document> discord was full of creepy neat kids acting like horny zombies building ships and kids as young as 12 years old being there (when for goodness sake they shouldn't be) and Cupid even looking at put a groomer's side.

There's not much I can do, but what the community can do is gatekeeping. </document>
<document> Segregation and child rape are two different things #url# </document>
<document> #user# this is a water bed to cuddle up with. </document>
<Document> #user# #user# #user# &gt;Demon Girl

again......you need help. </document>
<document> that's too good, we need moregames like this

no not like fortnite that sucks #url# </document>
<document> Whenever I'm on my friends' curious cat profiles, I try to think of the prettiest or funniest things to say

9/10 I'm too scared to say things because I swear it won't work

Like I said, I'm super clumsy. ☹️ </document>
<document> why do smaller stans have the worst profile layouts and tweets #url# </document>
<document> #user# I'm pretty sure the reason they bring this up is because of the nsfw accounts following 17+ Accs out of ignorance or the adults having to discipline the kids because they like complete babies bitch. </document>
<document> lolicon is not pedophilia. The art form is generally seen as obscene in relation to a moral stance and fused between the realms of fantasy and reality.

Many argue on several positions –
"it's literally a child" - what child? are they real?
"They are attracted to children's bodies-" petite women. #url# </document>
<Document> tell that to the majority of CSA survivors. #url# </document>
<document> assuming that all e-dating will go bad/fake scares #url# </document>
<document> #user# #user# #user# "literal child pornography" They're basically saying kids consent to porn even though they can't stop saying so lmfao</document>
<document> Which one of you ordered the pizza with chocolate sprinkles and clam sauce? #url# </document>
<document> This isn't really about rape and even more so about pedophiles who seem genuinely trying to justify their attraction as "normal and sane" #url# </document>
<Document> The Application of Electric Current or Strong Pressure I looked around the room at the numerous inventions that are eloquent testament to tireless ingenuity.</document>
<document> #user# #user# #user# #user# You have been shown not to be mature enough to act outside of online spaces that do not address the necessary safety/need for children's safety " focus.
By complaining about adult content, you have made yourself suffer consequences for your actions.

This isn't a playground cowboy. </document>
<document> pain

too much pain

must calm down with ladies</document>
<document> #user# idk how some of my old friends decided to like this tweet so much, uh

Listen dude, no one on this thread has an attraction to children or defends them.
The tweet mocks DBZ virgins for being mad at artists for drawing porn of fictional characters. </document>
<document> you can't actually say that with an etika clause pfp #url# </document>
<Document> I think we will need some clarification on how the 2006 planetary classifications are "wrong". #url# </document>
<document> "blah blah hating pedophiles is bad blah pedophiles deserve love"nnnn have you heard about this one guy with pedophilia who hated it and wanted to chemically castrate himself #url# </document>
<Document> #user# 5$ lefty:
-stand close range
- has the ability to decapitate any person by biting them
-can turn into slime
- will be disabled for 10 hours if $5 is given to the user
- has a 90% chance to summon a Markiplier clone that only laughs for 10 minutes</document>
<document> the autistic urge to buy all 4 Power Rangers chubby pig figures from the Hasbro Lighting Collection, Bandai Retro, Classic Retro and Funko Pop </document>
<document> these people obviously don't know any better, as this further marginalizes them from moral cuckolds.

Insulting fictional material doesn't solve anything. #url# </document>
<document> #user# this is hypocrisy lmfao

"Sexual attraction to children is acceptable"

"don't be horny if you're underage!" </document>
<document> "lolisho is illegal"

then these people pull the first thing that comes up #url# </document>
<document> #user# literally how could he not see that I replied to a pedophile against their deceptions </document>
<Document> #User# &gt;Be me
&gt;ffirst app I have ever chosen
&gt;not knowing that topic-specific communities exist
> go to Smash Amino
&gt;the mods are confusingly unreasonable and toxic
&gt;Community has issues with bots and rules
&gt;banned for speaking out against a scam poll conducted by a donkey user and the leader himself
&gt; regret. #url# </document>
<document> "friends"

You have 0 followers and all you've done since account creation is start the virtue signal about a fucking big titted demon girl who still happens to be "biological 14-16".

no one laughs at anyone but you. #url# </document>
<document> says this to the guy I used to follow from Arkansas </document>
<document> - those really sexy size differences where the guy is a handy little boy and the girl is like that

6 feet or so with a huge pair of tits and as thick as a bowl of oatmeal </document>
<document> From what I alone have identified, people waging a moral crusade against transgressive media (anime lolis/shotas in particular) seem to have only 3 arguments: #url# </document>
<document> Every time someone casually tweets the most patently offensive racist xenophobic tweets about the fiction that Japan makes, I lose 9 brain cells #url# </document>
<document> t-tya heehe... Shosho don't have to worry about being a problem for other adults. </document>
<document> No children should be around you asking for God's help, they will be told you are a pro-pedophile #url# </document>
<Document> 2020: "Lolicons are pedophiles!"n"but being sexually attracted to real kids is a-okay!"nn2022: "Anime is for pedophiles! and I'm a pedo who likes anime!" </document>
<document> #user# they just brought up a 4chan "study" of an autiscuck who "reads loli too much" and claims artists who draw loli are pedophiles, and an image from some lolicon media with a hidden one embassy or any shit shows.nni i'm tired of it. </document>
<document> -Growth/inflation sounds: gurgle...creakkk..moaning....stretchh...grrrgrg....pshh....pft....etc etc. </document>
<document> #user# #user# God help you if you think your autism has led you to this conclusion </document>
<document> #user# it wasn't some fucking troll pedo from 2020 who rated me in a poll when I met himnn also the same person who said to me "lolicons are pedophiles!" but still admitted to be one myself </document>
<document> #user# huh... looks interesting. what are you developing it on? </document>
<document> #user# they are really scared of you because you are a horny 32 year old with fetishes </document>
<document> #user# No offense to Roxx, but tbf, I've noticed that you follow a lot of ironic pedophiles and larping pedos for seemingly no good reason. I would not follow these users just because they share ideals or you are trying to understand them. </document>
<document> #user# #user# #user# you can't say that with a kid Sasuke pfp. </document>
<document> #user# h-how bottom heavy exactly?* kya </document>
<document> #user# huh....

I guess we're getting Warner Land instead of Disneyland. </document>
<document> Fun Fact: Most people who mock and/or abuse Lolicons are projecting pedophiles 99.9% (eg) of the time. </document>
<document> #user# I'm pretty sure Newgrounds is for adults only. </document>
<Document> “You see, good sir, not every pedophile is a pedophile, there are child molesters and child exploiters and those who photograph Csem. These are not pedophiles children is perfectly acceptable and legal." #url# #url# </dokument>
<document> #user# 10/10 legs

but needs more thigh thickness imo </document>
<document> "invalid"

the only one invalid here is you thinking that you think i'm "invalid" #url# </document> for disapproving of your sick mental state
<document> #user# weird for them to nurture children and animals, then address religion and purity, and then address ageplay.

like.. i thInk The entire ageplay community (including actual CSA victims) wouldn't want to associate with a creepy pedo bitch one bit. </document>
<document> #user# #user# oh yes, the dolls named Loli are a misleading abuse of complicated alien terminology. knowing how it was used when an article was made about a Dutch pedophile making baby sex dolls. </document>
<document> user is autistic but has a bunch of bullshit on her card lol </document>
<Document> No one but real predators and idiots are chasing real real life kids

Take this one predatory lesbian/trans artist who tracked someone's baby for diaper fur art</document>
<document> -from a deer.
bulma showed roshi her naked vagina and her tits.
soon.

like Jesus Christ. Both anti-Lolicons/anti-R34 and DBZ virgins are so damn dumb. I can't imagine writing the most boring tweets in serious terms to denounce an innocent person. please stop. </document>
<document> &gt; looks like an adult, is a minor, is "adult"

Bullshit #url# </document>
<document> #user# okay, so that means people who play GTA are violent killers and furries are zoophiles </document>
<document> #user# Off-topic here, but I'm sorry about something that happened recently regarding your move to an 18+ acc and the trans stuff.

I don't think you're wrong here, you're innocent.

You are a wonderful, wonderful artist, Pup-Chan, don't forget it. </document>
<document> #user# I bet Playstation removed it because of their regulations lol </document>
<Document> #user# miitopia is good

I'm not doing ksa </document> yet
<document> #user# #user# However, I don't trust the claims of any "non-doers" who questionably openly present their attraction and want to glorify them on the net. that's what vito is basically trying to tease out here as he observes and praises sweets.
these are just pedophiles who want to be beaten. </document>
<Document> The correct stance I would like to take to pedophiles is not to seek acceptance online. it worsens the condition. #url# </document>
<document> #user# What bothers me is how these types of scrapers exist because:
1. They were specifically abused with the material, leading them to believe that it is seriously negative and that they should despise it without understanding it
2. You were prepared to despise it </document>
<document> Asian artist: literally draws something

chirp:
Oh my god this person drew *pedophilia*/*zoophilia/*gore*/"*child porn*"/*mlm fetishization*/*lesbian annihilation*/*bad thing*. Delete them #url# </document>
<Document> I'm not a child anymore, so children are no longer my main interest. I cannot allow minors to interfere in my business. (2/2**) </document>
<document> #user# They think that anime depictions that differ from real life "make no sense" </document>
<document> #user# #user# "durr.. white racism is not possible because they invented it.. durrr.. </document>
<document> "Twitter is 13+ which means it's for kids! and I don't care that my stupid parents don't take good care of me so I casually find porn to complain about! I got heavy traumatized, waaaaaa" </document >
<document> #user# 3rd mystery song (God Glitcher)
2. wiretapped
1. Triple Trouble </document>
<document> #user# "she's just a kid"

What damn kid has body altering superpowers and is a demon type

Stop being schizophrenic as fuck </document>
<document> tldr- Survivors who shame other survivors for how they handle it says a lot about the shamer than the victim who handles it innocently, lmao. They could be "pseudo-groomed" to embarrass someone if they happen to use something they've been abused with. </document>
<document> me: i love tiddies and big girlsnntthem: *rants about political sites while arguing for child molesters and csem while "ridiculing" lolicons in the worst possible way* </document>
<document> honest. This whole generation was a mistake. I ironically waIt's not meant to be back to the days when evangelicals called everything "satanic" instead of moral crusaders calling everything "pedophile."

this gives me so much stress. </document>
<document> #user# muta is probably too cowardly to admit his errors/conflicting opinions. </document>
<document> #user# #user# the tweet about necrophilia was that he compared non-consent between a dead actress and a child. </document>
<document> Twitter is suspending your accounts for violating their policies, stupid #url# </document>
<document> #user# I missed it when Disney didn't openly steal every IP they could get their hands on and wasn't too stingy with copyright. </document>
<document> ???????????????

you literally called me a trough in one of your ad hominem tweets, you stupid #url# </document>
<document>, that's basically the pronunciation of the qrt you sent to this dbz artist

It's not really "saying shit" when you're complaining that they were basically wasted talent drawing pan-porn (which most of us don't give a shit about) #url# </document>
<document> if you've checked into my bio, or know me best, please bear with me that this b-day marks my last time with a negative infantilization. I will no longer have to endure the title I hated for so many years.
For those who trust me, staying is your choice. </document>
<document> 3. Although something is true, I would digress. Pedophiles have a reputation for breaking promises and tend to have strong urge responses. #url# </document>
<document> "Duhhh, but if someone likes a fictional character, that's bad and illegal!"

Cool. Let's see what happens when they later ban violent video games. </document>
<document> #user# #user# #user# #user# #user# #user# already sees a contradiction here...

People share rape fantasies in common, but it's not a sign that they condone or advocate/desire rape.

You literally said GTA doesn't cause violence... but then you go on to say that fiction is bad in the sexual taboo sense and "will lead to IRL". </document>
<document> #user# #user# this brings up "cartoon pedophilia"...which appears to be "movies and shows featuring pedophiles"...not Japanese loli...</document>
<Document> He literally deleted and privatized the tweets

lol #url# </document>
<document> They also called the US a "human rights country" or something lol </document>
<Document> Women have literally made some of the most notorious anime girl designs

A damn woman created Bayonetta #url# </document>
<document> chest. Butt. Leg. Hips. large. the perfect girl combination. </document>
<document> #user# it's not a real lmao

I don't even live in the UK aka unus cuckold </document>
<document> #user# #user# "Mixed race people dni"nnyea, that's quite discriminatory towards mixed race people. </document>
<Document> North Korea is surprisingly more painfully ironic than the films made around it. #url# </document>
<document> #user# I suggest you get out of this whole lolicons are pedos scam before the scam ruins your career. </document>
<document> #user# #user# #user# #user# #user# #user# like... it's okay to find fictional taboo stuff gross and what not... but you can't say pointless things without it know people who have had trauma in the past will use such dark fictions to cope.

Take this image: #url# </document>
<document> jojo-jotaro
jobro-Caesar
antagonist- dio
Arc-Bohemian Rhapsody (Stone Ocean)
Outfit - Jotaro Part 3
Stamina – Bohemian Rhapsody
Booth Design – Bohemian Rhapsody
Fight - Bohemian Rhapsody
Opening - Part 1 #url# </document>
<document> you have to be a damn stupid to redact someone's pfp as your </document>
<document> sounds like it would be bad if the graphic in question is from a damn anime character. The art even had to be from an artist who was being stalked by a bunch of virgin DBZ fans who hated that he was drawing pan-porn. like... dbz literally had multiple scenes like this. Pan got her tits sucked- </document>
<document> #user# #user# #user# #user# #user# much of the age of the Genshin characters is unclear and/or unknown. Many get along with the age check or estimate that the loli characters like Klee are 8-10 years old.
They even claim that Venti (who is a god of thousands of years) is still physically a minor and a traveller. </document>
<document> #user# #user# #user# oh yes, those scripted moments in Lego games where you can manipulate where they play with the wrong characters

just like i had steven spielberg and mr. DNA runs with the Survivor group in Lego Jurassic Park story mode </document>
<document> the problem is that you would rather bitch about anime girls being "harassed" than real kids being abused says a lot about you. Putting drawings in front of real people just because "but they normalize child abuse" is not valid. </document>
<document> have you ever played the pr samurai game: rangers together samurai forever? childhood memories man.. </document>
<document> Finally I can access Discord nsfw channels now

it's not even my birthday, but whoops </document>
<document> #user# #user# They're basically saying if there's no age difference or loli, it's bad

but how they put that in a nutshell is ironic because they don't call it "Lolicon", they are a real pedophile. </document>
<document> #user# ah??

did you fix a virus problem or something?? </document>
<Document> Ugh.. I finally had to block that Chizu guy. got fed up with trying to use ambiguity, 4-chan and ubran dictionary to prove his point.

whether he gets banned or not i hope never to see him again. </document>
<document> #user# that would be a perfect size for you
I agree

kya,... need big girls... </document>
<Document> 7. largely centered by seeing someone/(or my girlfriend really) in a massive physical state. they tower over me, their thick, tall body towering over my smallness. then I am tenderly played with, cuddled, cuddled, spoiled. basically being gently dominated by a huge girl. </document>
<Document> #user#. trans moot has been judged by other bfs and has a lot of trouble talking to someone who is not transphobic and can actually help her :(. i really want to help her but can't do that much and would love if she could help got what she needed.</document>
<document> #user# "Duhhh Mastodon won't ban me! They're decentralized" </document>
<document> People misinterpreted omocat and they don't know that Toby literally made homestrunk albums about incest lmfao #url# </document>
<Document> Hot Take: All pedophiles should be chemically castrated and banned from the internet. </document>
<document> the fbi will not help your crybaby vitrtue to signal dumbass #url# </document>
<document> #user# weird how this specifically gets them to spread hate </document>
<document> probably my favorite episode of the entire dsq series was "pet peeve". I loved the mutant dino pets, and it was something I probably watched a lot for the plot points and jokes. Ironically, I don't know why the "hey, handsome" line didn't somehow become a meme. (4/?) </document>
<document> #user# #user# #user# #user# this would mean that technically pedophiles and child molesters are not too different lmao </document>
<document> #user#, so this is basically the "all gays are paedos" dealer but vice versa.nnwhat a bunch of clowns they antis are. </document>
<document> #user# Well, the anti just went up and said, "Twitter is the only place you're going to see people defending their attraction to children," and the thing in question is a fancop mock account that itself makes fun of dbz virgins for getting angry at a dbz artist who drew pan-porn </document>
<document> #user# #user# I know how you came up with "supporting pedophilia", but you really don't need to be on the internet. </document>
<Document> what Shosho wishes:
*1,000 followers
*more mutuals with huge boobs/thighs/booties/tummies*more large mutuals (preferably female)
* be shorter
*oneechan mutuals
*Mum mutual
*Attention </document>
<document> Again, the "trauma" children get when they see things they are not supposed to see is blamed on poor parenting, the same reason excessive play or adult games make children aggressive and abnormal.

It is not the fault of those providing the services but themselves and the parenting #url# </document>
<Document> I hate flat chests
I hate flat breasts
I hate flat breasts
I hate flat breasts
I hate flat breasts
I hate flat breasts
I hate flat breasts
I hate flat breasts
I hate flat chests #url# </document>
<document> #user# ps- if you want some junk in the trunk I would advise you to look into weight gain remedies, specifically remedies to gain fat in specific areas. and admittedly, those who say there is no such thing as belly fat and such. that exist. </document>
<document> me when my girlfriend finally come pick me up and take me to her apartment after i finish school and my parents leave her to take care of me

#url# </document>
<document> can someone please report him to get rid of this weird fucking blackwashed pfp by gregory from fnaf sb </document>
<Document> 1. Ok cool I have a trans girlfriend but the problem here is that pedophiles are glamorizing their condition online rather than trying to direct their behavior toward treatmentnn2. Idk man I would be scared if I knew there are pedophiles in my neighborhood who want to fuck men. then help them. #url# </document>
<Document> I've been molested by at least 4 fucking pedophile incels who can't have bitches because they want kids. Why did God create these fucking excuses of shitbags? Why are they pedophiles? why pedophiles.nnnot anymore. this needs to be cracked down on. Add a function to report pedos </document>
<document> fictional "children" do not look like this, nor are they "children". They insinuate that anyone who consumes fiction with such is a pedophile. #url# </document>
<Document> Well, I'm going to bed now, folks

I tried my new grooming kit that you may have seen before, it works pretty well. shaved my stomach and arms.

Good night, boob night. </document>
<document> #user# seems like bcs peach and daisy end up naked </document>
<document> goes to bed guys gn

Tell others about me so they can find Shosho ig </document>
<document> I can link a thread where a bunch of people who gather lolicon turned out to be complete demons themselves</document>
<document> 9. (skipped last one because it's too vague)nok because they are begging to be abused by both molesters and trafficking pedophiles. #url# </document>
<document> 1st and?????? Unless you're a minor, I wouldn't condone it. Not to mention that it's not okay to defend pedophiles but to be dressed normally.nn2. And???? #url# </document>
<Document> #user# amor, the founder of the Fungang and Bob and Bosip mods, was exposed for abusing his team to overhaul and inappropriately dealing with minors. He even drew pornography of some of his friends' characters (the friends were minors) without permission. </document>
<document> - gently dominant older girls who have huge tits and thick bodies that they use to seduce smaller guys</document>
<Document> Fancops excuses are also absolute rubbish-

>You've thrown in memes that don't make sense or have been countered
>Google searches in 3 seconds
&gt;a "law firm" site from California that has no idea how the US Constitution works
&gt; logical fallacies

 stop crying like a bitch #url# </document>
<document> Someone bring me the sauce on this thumbnail

You're welcome

#url# </document>
<document> #user# this is not a Pokemon! this is a g𝐚𝐲 l𝐮𝐢𝐠𝐢 </document>
<document> #user# bruh

Imagine you create a block list but don't block those people </document>
<document> Screw you, nobody in the autistic community owns your #url# </document>
<Document> Finally, pedophiles suck. Children cannot consent to sexual relations. Fuck off. </documentt>
<document> #hashtag# look ma i'm going to a (ßįğ şħ0ť) #url# </document>
<document> "evil" tf2 be like:
-trolldiers are the subverted player stereotype instead of f2p
- Demoknights are hated
-f2ps are showered with free unusuals because "they are in poverty"
-Hacker bots exist but they suck ass instead of terrorizing players by just using soft mic spam
-Paramedics suck </document>
<document> - strongly seductive sounding female voices, especially those that are high pitched. </document>
<document> this is coming from someone who is "autistic" and reads "loli" #url# </document> too much
<document> #user# dw I'm sure Pope didn't care enough about getting genocide </document>
<document> I am autistic and can understand most jokes #url# </document>
<Document> You've come a long way since getting banned and holed up in an obscure Twitter bootleg before coming back and now deciding to change methods of ownership to claim that big lolicon figures secretly came out as pedophiles (according to you a pedophile saying lolis are pedos)</document>
<document> Very great art and art style very nice and sweet but I had a hard time connecting knowing I was only temporary mutual before following me. I miss being a mutual. #url# </document>
<document> #user# #user# Oh shit, are we going to have an anti-pax rebellion? </document>
<document> my oneesan friend seems really keen on trying to get super fat. </document>
<document> as for kfdp, well... it's much closer to a sentai-ko fever dream than dsq.
Unlike dsq, which had mutant teenagers that could turn into dinosaurs, kfdp featured a group of mutant dinosaurs that survived extinction and turned into humanoids. it's basically damn tmnt. (7/?) </document>
<document> #user# we have reached the peak of the official shitposting </document>
<document> where the heck are all these pro pedos crawling up from the depths of dark twitter </document>
<document> #user# I mean, technically, rex got in somehow. I'm still happy about that. in the final smash, intro, win and taunts. </document>
<document> I don't even think anyone knows what the heck "pthc" is, nor cares </document>
<document> #user# #user# #user# ching chong is from the chinesennooga booga is from the european natives and africansnntacos chimichangoes is from the southern mexicans and spanish </document>
<document> even now that sounds like damn fire #url# </document>
<document> > "borderline"
nope lol

You literally mentioned having a small partner #url# </document>
<Document> I have friends

just not enough

brave of you to immediately assume that #url# </document>
<document> kapwing finally added the ability to subscribe/login via email, unlike facebook and google, now my latest videos shouldn't have that sneaky watermark anymore. </document>
<document> >"animated characters can agree duur hurr" #url# </document>
<document> #user# #user# tbf the ratio of dominant alpha males to submissive males is underestimated </document>
<document> Nobody uses Wikipedia #url# </document> with urban slang
<document> #user# #user# this is just the canon ages of the characters, but it's arbitrary for reality.

Jack to lolis, hate to defend practically the same thing from a shonen anime, real csem
kinda sad hypocrisy for a halterneck if you ask me. </document>
<document> #user# how do you get blocked from a majority of the shittiest accounts on this site including rando gimmicks/stan accs? </document>
<document> #user# Sure, she's not a complete dwarf, but she still has developmental issues.

I literally saw a (Chigago p.d.?) episode where this guy had a legal age girlfriend who had pseudo-dwarfism. He was accidentally attacked for taking her for a walk. </document>
<document> so, uh, the guy in the picture has multiple per-map tags, so yes, please block them

Forget the weird fake flags #url# </document>
<document> damn I wanted to buy thisDoom Slayer Mii costume but I was 1 cent short

Damn taxes </document>
<document> I bet the fucking map community ironically supports and celebrates this #url# </document>
<document> > "canonical minor"

&gt;ralsei is neither human nor real #url# </document>
<document> #user# #user# does this guy even know he's the hypocrite lol? </document>
<document> but you literally said anime is for pedophiles so you contradicted yourself #url# </document>
<Document> None of the artists who draw Lolicon draw "children", they draw depictions of people that resemble young individuals. They are not pedophile fools. #url# </document>
<document> still remembers that phisnom (creator of fnaf+) is the most skilled because he thinks that people with intellectual disabilities "shouldn't be on the internet" and prevents them from following him</document>
<document> FYI guys, I won't sleep if I yawn, it's way too early for that</document>
<document> I am obliged to say that pedophiles who say they "would never offend or hurt a child" get along massively when they are literally romantically/sexually attracted to them</document>
<Document> The "evidence" you have presented is not only invalid and irrelevant, it is completely out of the question. you don't make things easier for yourself. #url# </document>