  <documents>    <document> Courtney B. Vance is joining us via satellite; Cynthia Erivo is again with us, again via satellite from Japan. They… #URL#      <document> RT #USER#: All TV shows set in Portland, no matter how solid, strengthen my desire never to move to Portland.      <document> Kim Kardashian West and Paris Hilton on TV projects that show their serious sides: TV press tour #URL#      <document> Paris Hilton is now here for a panel devoted to #HASHTAG# documentary about her, called #HASHTAG#. Promises to re… #URL#      <document> Oscars 2020 red carpet coverage: When, what channels, how to watch online #URL#      <document> ‘The Bachelor’ 2020: How to watch Episode 7, Season 24, online without cable #URL#      <document> TV show about kids trying to remake Oregon-filmed movie, ‘The Goonies,’ gets a pilot order  #URL#      <document> Get a first look at Portland’s returning ‘Top Chef’ hopeful in Season 17 preview  #URL#      <document> Oscars 2020; Oscars red carpet coverage; ‘Homeland’; ‘For Life’: TV This Week #URL#      <document> 'I welcome the criticism,' says Reese Witherspoon, especially 'constructive criticism,' adds Jennifer Aniston, re:… #URL#      <document> #USER# Wow. I don't drive super often in that area, and now I'm glad. That's a lot of red light-running!      <document> Billy Crudup says he hopes they don't get his character's backstory in S 2; the character's interesting because we… #URL#      <document> Kumail Nanjiani back in the olden days: #URL#      <document> Portland’s KGW wants to shake up local TV news with ‘The Story With Dan Haggerty’ #URL#      <document> Reese Witherspoon says it's important to watch all 10 eps of #HASHTAG#, adds, 'We have a lot more to explore.' #HASHTAG# #HASHTAG#      <document> Portland-based ‘Simpsons’ veteran blasts Mike Pompeo for using a ‘Simpsons’ image to mock Nancy Pelosi #URL#      <document> Oscars 2020 show: A few surprises can’t save a mostly predictable, overlong snooze (review) #URL#      <document> RT #USER#: You do kind of wonder how ABC News feels about this. #URL#      <document> David Blaine is doing a magic trick to promote his upcoming #HASHTAG# show, joined by a TCA member &amp; guest assistant Paris Hilton. #HASHTAG#      <document> Jennifer Aniston calls director Mimi Leder, 'our fearless leader.'  Adds that Leder has her own inside-TV perspecti… #URL#      <document> Danny Pudi says he enjoyed playing a character who is 'universally hated' in 'Mythic Quest: Raven's Banquet.' #HASHTAG# #HASHTAG#      <document> ‘The Bachelor’ 2020: How to watch Episode 5, Season 24 online without cable #URL#      <document> Kim Kardashian West is here to talk about her new #HASHTAG# documentary, #HASHTAG# which premieres April 5. #HASHTAG#      <document> My assistant is helping me watch #HASHTAG# screeners. Not sure what she thinks, but I’m interested. #URL#      <document> Super Bowl 54; ‘The Masked Singer’; Oregonians on ‘Lego Masters’; ‘’The Sinner’; ‘Briarpatch’: TV This Week #URL#      <document> Oregon’s ‘Bearded Builders’ team on competing in TV’s ‘Lego Masters’: ‘The challenges were so intense’ #URL#      <document> RT #USER#: Hank Azaria will no longer voice Apu on The Simpsons #URL# #URL#      <document> Skipping the 2020 Super Bowl? Here’s what to watch instead #URL#      <document> 'I think Boise has it right, I'd rather welcome a bunch of refugees than Californians,' Kumail Nanjiana says (sort… #URL#      <document> In ’Shrill’ Season 2, the characters deepen, but the Portland-filmed comedy remains kind-hearted (review) #URL#      <document> Why are the #HASHTAG# having artists onstage singing without introductions? We have relative oldies like Eminem mixin… #URL#      <document> When are 2020 ‘Puppy Bowl’ and ‘Kitten Bowl’ on?: Date, time, TV channels, how to stream #URL#      <document> How to watch Trump’s State of the Union 2020: Time, TV channels, how to stream online #URL#      <document> RT #USER#: If you're looking to explore the film legacy of Kirk Douglas: Paths of Glory. The Bad and the Beautiful. Spartacus. Ace…      <document> Kumail Nanjiani &amp; Emily V. Gordon, writers &amp; exec producers, are joining us via satellite from London; they look ki… #URL#      <document> Though its originals are new, #HASHTAG#+ is extending votes of confidence with plenty of renewals. #HASHTAG#, f… #URL#      <document> Now Elton John gets the no-intro treatment as he sings his nominated song. It's as if the #HASHTAG# are saying, take… #URL#      <document> It's the last day (finally) of #HASHTAG# but the room isn't empty but instead at a dull roar because Apple TV+ is pres… #URL#      <document> RT #USER#: #USER# "I'm wearing all white so I hope there's no blood involved," she jokes before Blaine sews his lips togethe…      <document> ‘Little People, Big World’ 2020: Oregon’s Roloff family returns, with the farm’s future at stake #URL#      <document> Red carpet looks aren't important when it comes to creative achievement, but just as a small suggestion: Al Pacino, get a haircut, please.      <document> USA Network’s 'Briarpatch' brings high style to a down-and-dirty story (Review) #URL#      <document> Suzan-Lori Parks is an executive producer &amp; showrunner; she's here, with Anthony Hemingway, director &amp; executive pr… #URL#      <document> RT #USER#: #USER# McElhenney says they'll keep doing #HASHTAG# as long as people watch it, says they are "live action cartoon c…      <document> Saturday at #HASHTAG# has so far included Doris Kearns Goodwin talking about new miniseries, #HASHTAG#, about the 1s… #URL#      <document> Shaian Jordan, who plays young Aretha, is with Courtney B. Vance, via satellite from the set. #HASHTAG# #HASHTAG# #HASHTAG#      <document> Kumail Nanjiani says that growing up in Pakistan, his idea of U.S. came from pop culture images, heavy on L.A. &amp; N.… #URL#      <document> RT #USER#: On Facebook you'd think JLo's Super Bowl performance was the opening of the seventh seal. On Twitter you'd think it obliter…      <document> RT #USER#: Mayor #USER# is hosting a series of community conversations about homelessness. The next one is tonight in Northeast…      <document> #HASHTAG# 2020: How to watch this week’s bonus, Episode 6, Season 24, online without cable #URL#      <document> Sean Hannity’s Super Bowl interview with Donald Trump draws protests: ‘A campaign commercial, not an interview’ #URL#      <document> RT #USER#: Contents of Abraham Lincoln’s pockets at moment of assassination, 1865, Ford’s Theatre—not shown to public for 111 years:…      <document> Oregon’s ‘Gold Rush’ veteran returns for Season 2 of ‘Dave Turin’s Lost Mine’ on Discovery #URL#      <document> Jennifer Aniston says the beauty of streaming services is they don't get ratings, but #HASHTAG# is happy with… #URL#      <document> Asked about show's take on #HASHTAG#, Jennifer Aniston says the show's of course about that, but also power dynamics,… #URL#      <document> 2020 #HASHTAG# Awards red carpet: How to watch the coverage online without cable #URL#      <document> RT #USER#: Okay you convinced me I’ll join the Australian military #URL#      <document> ‘Project Runway’ 2020: How to watch Episode 7, Season 18 online without cable  #URL#      <document> RT #USER#: Does the cast know anyone like Crudup's character and if so, could they name them? Witherspoon cracks up and says, "I w…      <document> Coming Feb. 7: 'Mythic Quest: Raven's Banquet,' a comedy about video game developers, co-created by Rob McElhenney,… #URL#      <document> Coming March 6 to #HASHTAG# is a reimagined reboot of #HASHTAG#. #HASHTAG#      <document> Final #HASHTAG# panel of the day is for 'Genius: Aretha,' first in the franchise to focus on a woman. Cyn… #URL#      <document> RT #USER#: William Murphy reacts to the death of Kobe Bryant: “Who isn't a fan of Kobe Bryant?... What better night to raise up music in…      <document> Adult dogs and cats have their day in ‘Puppy Bowl Presents: The Dog Bowl,’ and ‘Cat Bowl II' #URL#      <document> ‘The Bachelor’ 2020: How to watch Episode 3, Season 24 online without cable #URL#      <document> Another exciting evening at home. #HASHTAG# #URL#      <document> Conservative radio host Rush Limbaugh announces he has advanced lung cancer #URL#      <document> Jennifer Aniston adds that they've heard good things from people in the TV business about #HASHTAG# &amp; that it… #URL#      <document> More Portland TV news changes, as KOIN debuts new morning show on KRCW-TV #URL#      <document> Will Netflix invade the weirdly early 2020 Oscars?  #URL#      <document> Paris Hilton says there are many misconceptions about her. 'I've been judged on a character I created at the beginn… #URL#      <document> Bad news, ‘Outlander’ fans: After ‘Power’ finale, Comcast is dropping Starz from cable packages #URL#      <document> ‘The Conners’ live, election-themed shows for East and West Coast viewers: How to watch online and on TV #URL#      <document> RT #USER#: Thanks to #USER# for making the time for a Q&amp;A. #URL#      <document> RT #USER#: Fellow journos, abroad and especially here in the US: if you have a story we should be looking at, drop me a line at ronan…      <document> RT #USER#: BREAKING: Sheriff says records show nine people were killed when helicopter crashed in California. Sources tell #USER# that Kobe Bryan…      <document> Renewal news: #HASHTAG# orders Season 2 for 'Avenue 5,' comedy set in the future starring Hugh Laurie, from Armando Iannucci ('Veep').      <document> RT #USER#: Oregon’s governor, a member of Congress and two district attorneys pushed Wednesday for investigations of wrongdoing by poli…      <document> ‘The Bachelor’ 2020: How to watch Episode 4, Season 24 online without cable #URL#      <document> Tickets go on sale at 5 pm tonight: ‘The Masked Singer - The Live Tour’ brings the bonkers show to Portland #URL#      <document> ‘Star Trek: Picard’; ‘9-1-1: Lone Star’; ‘Awkwafina is Nora from Queens’; ‘Curb Your Enthusiasm’: TV This Week #URL#      <document> #USER# No host is one thing, but no information is another. Very weird!      <document> How to watch ‘Puppy Bowl’ and ‘Kitten Bowl’ 2020 online without cable #URL#      <document> My assistant in her usual spot as she helps me catch up with TV. #URL#      <document> RT #USER#: A Clouded leopard close up.. #URL#      <document> RT #USER#: And yet there’s only one Les Schwab -- only one company on that scale anywhere in the region -- and any change at the tire c…      <document> David Blaine's trick involved him sewing his mouth shut and then  producing a playing card, as a TCA member and Par… #URL#      <document> ‘Star Trek: Picard’: Patrick Stewart soars in a series that appeals to more than superfans #URL#      <document> RT #USER#: Mercy Corps guilty of ‘missteps’ in dismissing request to revisit sex abuse complaint against co-founder, investigation find…      <document> Hulu’s ‘High Fidelity’: Zoë Kravitz stars in a reboot with a charming new spin #URL#      <document> When are the 2020 Oscars? Date, time, TV channel, how to watch online #URL#      <document> RT #USER#: If you're watching The Big Game™ this weekend, why not try some Food™? Whether crunchy or creamy, meaty or wheaty, noth…      <document> Portland-filmed Disney Plus ‘Timmy Failure’ movie is a smart, quirky family treat (review) #URL#      <document> What TV show is on after Super Bowl 2020? #URL#      <document> More teevee news: 'The Good Fight' Season 4 will premiere April 9 on #HASHTAG#      <document> Press Releases That Make Me Reluctant To Watch Dept.: "MARK CUBAN, DR. PHIL, RYAN SEACREST, PIERS MORGAN AND LISA V… #URL#      <document> ‘The Bachelor’ 2020: How to watch this week’s bonus, Episode 6, Season 24, online without cable #URL#      <document> ‘Outlander’; ‘Last Week Tonight With John Oliver’; ‘El Camino: A Breaking Bad Movie’: TV This Week #URL#      <document> #HASHTAG# cast &amp; EPS are heading to the #HASHTAG# awards soon, but Jennifer Aniston, Reese Witherspoon, Billy Crud… #URL#      <document> Lake Oswego math teacher to compete on ‘Jeopardy!’ Friday #URL#    </documents></author><documents> <document> Courtney B. Vance joins us via satellite; Cynthia Erivo is with us again, again via satellite from Japan. They… #URL# <document> RT #USER#: All TV shows set in Portland, no matter how solid, reinforce my desire never to move to Portland. <document> Kim Kardashian West and Paris Hilton on TV Projects Showing Their Serious Sides: TV Press Tour #URL# <document> Paris Hilton is now here for a panel dedicated to the #HASHTAG# documentary about her, called #HASHTAG #. Promises to re… #URL# <document> 'The Bachelor' 2020 Red Carpet Coverage: When, Which Channels, How To Watch Online #URL# <document> 'The Bachelor' 2020: How To Watch Episode 7, Season 24, online without cable # URL# <document> TV show about kids trying to remake Oregon-based movie 'The Goonies' gets pilot order #URL# <document> Get first look at Portland's comeback, promising "Top Chef" Season 17 Preview #URL # <document> Oscars 2020; Oscars red carpet coverage; 'homeland'; "For Life": TV This Week #URL# <document> "I welcome criticism," says Reese Witherspoon, especially "constructive criticism," adds Jennifer Aniston, regarding:... #URL# <document> #USER #Wow. I don't drive in that area very often, and now I'm happy. That's a lot of red light racing! <document> Billy Crudup says he hopes they don't understand the backstory of his character in S 2; the character is interesting because we... #URL# <document> Kumail Nanjiani in the old days: #URL# <document> Portland's KGW wants to shake up local news with "The Story With Dan Haggerty" #URL# <document > Reese Witherspoon says it's important to watch all 10 episodes of #HASHTAG#, adds: "We have so much more to explore." #HASHTAG# #HASHTAG# <document> Portland-based 'Simpsons' veteran criticizes Mike Pompeo for using a 'Simpsons' image to make fun of Nancy Pelosi #URL# <document> Oscars 2020 show: some surprises can't save mostly predictable show, snooze too long (review) #URL# <document> RT #USER#: Wondering how ABC News feels about this. #URL# <document> David Blaine is doing a magic trick to promote his upcoming show #HASHTAG#, joined by a member of the TCA &amp; guest assistant Paris Hilton. #HASHTAG# <document> Jennifer Aniston calls director Mimi Leder, 'our fearless leader.' He adds that Leder has his own perspective within TV… #URL# <document> Danny Pudi says he enjoyed playing a character who is 'universally hated' in 'Mythic Quest: Raven's Banquet'. #HASHTAG# #HASHTAG# <document> 'The Bachelor' 2020: How to Watch Episode 5, Season 24 Online Without Cable #URL# <document> Kim Kardashian West is here to talk about her new #HASHTAG# documentary, #HASHTAG # which will debut on April 5th. #HASHTAG# <document> My assistant is helping me watch #HASHTAG# screeners. I'm not sure what you think, but I'm interested. #URL# <document> Super Bowl 54; "The Masked Singer"; Oregonians on "Lego Masters"; ''The sinner'; 'Briarpatch': TV ThisWeek #URL# <document> Oregon's "Bearded Builders" team on TV competition "Lego Masters": "The challenges were so intense" #URL# <document> RT #USER#: Hank Azaria will no longer be the voice of Apu in The Simpsons #URL# #URL# <document> Skipping Super Bowl 2020? Here's what to watch instead #URL# <document> 'I think Boise is right, I'd rather welcome a bunch of refugees than Californians,' says Kumail Nanjiana (order… #URL# <document> In Season 2 of 'Shrill' , characters deepen, but Portland-filmed comedy remains kindhearted (review) #URL# <document> Why does the #HASHTAG# have performers on stage singing no introductions? > When "Puppy Bowl" and "Kitten Bowl" in 2020?: Date, Time, TV Channels, How to Stream #URL# <document> How to Watch Trump's State of the Union 2020: Time, TV Channels, How to Stream Online #URL# <document> RT #USER#: If you are looking to explore the cinematic legacy of Kirk Douglas: Paths of Glory.The Bad and the Beautiful.Spartacus.Ace… <document> Kumail Nanjiani &amp; Emily V. Gordon, writers and executive producers, yes they're joining us via satellite from London; they look like ki… #URL# <document> Also if the originals are new, #HASHTAG#+ is extending the votes of trust with numerous renewals. #HASHTAG#, f… #URL# <document> Now Elton John gets the no intro treatment as he sings his nominated song. It's like the #HASHTAG# is saying, get... #URL# <document> It's the last day (finally) of #HASHTAG# but the room is not empty but rather a dull bang as Apple TV+ is pres… # URL # <document> RT #USER#: #USER# "I'm wearing all white, so I hope there's no blood involved," she jokes before Blaine sews his lips together... <document> 'Little People , Big World' 2020: Oregon's Roloff family returns, with the future of the farm at stake #URL# <document> Red carpet looks don't matter when it comes to creative accomplishments, but just a little tip: Al Pacino, cut hair, please. <document> USA Network's 'Briarpatch' Brings Style to Sleazy Story (Review) #URL# <document> Suzan-Lori Parks is an executive producer &amp; showrunners; here she is, with Anthony Hemingway, director &amp; executive pr… #URL# <document> RT #USER#: #USER# McElhenney says they will keep doing #HASHTAG# as long as people watch it, says they are "live action cartoon c... <document> Saturday at #HASHTAG # so far has included Doris Kearns Goodwin discussing the new miniseries, #HASHTAG#, on the 1... #URL# <document> Shaian Jordan, who plays young Aretha, is with Courtney B. Vance, via satellite from the set. # HASHTAG # #HASHTAG# #HASHTAG# <document> Kumail Nanjiani says growing up in Pakistan, his idea of ​​the United States came from pop culture imagery, heavy on L.A. and N.… #URL# <document> RT #USER# : On Facebook you would think JLo's Super Bowl performance was the opening of the seventh sealTwitter would you think he deleted... <document> RT #USER#: Mayor #USER# is hosting a series of community conversations about homelessness. Next is tonight in the Northeast… <document> #HASHTAG# 2020: How To Watch This Week's Bonus Episode 6 Season 24 Online Without Cable #URL# <document> Sean's Super Bowl Interview Hannity with Donald Trump sparks protest: 'An advertising campaign, not an interview' #URL# <document> RT #USER#: Contents of Abraham Lincoln's Pockets at Time of Assassination, 1865, Ford's Theater—not shown to public for 111 Years:... <document>Oregon Gold Rush' Veteran Returns For 'Dave Turin's Lost Mine' Season 2 On Discovery #URL# <document> Jennifer Aniston Says Beauty Of Streaming Services is that they don't get ratings, but #HASHTAG# is happy with… #URL# <document > When asked about the show's interpretation of #HASHTAG#, Jennifer Aniston says the show is obviously about that, but also about the dynamics of power,… #URL# <document> #HASHTAG# 2020 Awards Red Carpet: How to Watch Online Coverage without cable #URL # <document> RT #USER#: Ok, you convinced me that I will join the Australian military #URL# <document> 'Project Runway' 2020: How to watch episode 7, season 18 online without cable #URL# <document> RT #USER#: Does the cast know of anyone like the Crudup character and if so, could you name them? Witherspoon bursts out laughing and says, "I wish... <document> Out February 7th: 'Mythic Quest: Raven's Banquet', a comedy about game developers, co-created by Rob McElhenney,... #URL# < document> Releasing March 6 to #HASHTAG# is a reimagined reboot of #HASHTAG# #HASHTAG# <document> The final #HASHTAG# panel of the day is for "Genius: Aretha," the first in the series to focus on a woman. Cyn… #URL# <document> RT #USER#: William Murphy reacts to Kobe Bryant's death: "Who isn't a fan of Kobe Bryant?... What better night to turn up the music in... < document> Adult Cats and Dogs Have Their Day on 'Puppy Bowl Presents: The Dog Bowl' and 'Cat Bowl II' #URL# <document> "The Bachelor" 2020: How to Watch Episode 3, Season 24 Online Without Cable #URL# <document> Another Emotional Evening #HASHTAG# #URL# <document> Conservative Radio Host Rush Limbaugh Announces He Has Advanced Lung Cancer #URL# <document> Jennifer An Histon adds that they've heard good things from m people in the TV industry about #HASHTAG# &amp; What a… #URL# <document> More Portland TV News Changes, As KOIN Debuts New Morning Show on KRCW-TV #URL# <document> Will Netflix Invade Early 2020 Oscar Weird? #URL# <document> Paris Hilton says there are many misconceptions about her. 'I was judged on a character I created early on... #URL# <document> Bad news, 'Outlander' fans: After 'Power' finale, Comcast is dropping Starz from cable packages # URL# <document> 'Conners' Election Themed Live Programs for East and West Coast Viewers: How to Watch Online and on TV #URL# <document> RT #USER#: Thanks to #USER# for taking the time for a Q&A. #URL# <document> RT #USER#: Fellow journalists, overseas and especially here in the US: If you have a story we should look into, email me at ronan... <document> RT #USER#: BREAKING: Sheriff he says records show nine people died when the helicopter crashed in California. Sources tell #USER# that Kobe Bryan… <document> Renewal news: #HASHTAG# orders second season of 'Avenue 5' future comedy starring Hugh Laurie, by Armando Iannucci ('Veep'). <document> RT #USER#: Oregon governor, congressman and two district attorneys pushed Wednesday for police investigation into wrongdoing… <document> 'The Bachelor' 2020: How to watch episode 4, Season 24 Online Without Cable #URL# <document> Tickets go on sale 5:00pm tonight: 'The Masked Singer - The Live Tour' Brings the Mad Show to Portland #URL# <document> 'Star Trek : Picard'; '9-1-1: Lone Star'; "Awkwafina is Nora from Queens"; "Curb Your Enthusiasm": TV This Week #URL# <document> #USER# No host is one thing, but no information is another. Very strange! <document> How to Watch "Puppy Bowl" & "Kitten Bowl" 2020 Online Without Cable #URL# <document> My assistant in her usual seat helping me watch TV. #URL# <document> RT #USER#: A clouded leopard in the foreground. and any changes to the gum c… <document> David Blaine's trick involved sewing his mouth shut and then producing a playing card, as a member of the TCA and Par… #URL# <document> 'Star Trek: Picard': Patrick Stewart soars in series that appeals to more than superfans Find… <document>Hulu' 'High Fidelity': Zoë Kravitz Stars In Reboot With Fascinating New Ride #URL# <document>When Are The Oscars 2020? Date, time, TV channel, how to watch it online #URL# <document> RT #USER#: If you're watching The Big Game™ this weekend, why not try some Food™? Whether it's crunchy or creamy, meaty or grainy, nothing... <document> Portland-shot Disney Plus movie 'Timmy Failure' is a smart and quirky family gift (review) #URL# <document> What TV show is airing after Super Bowl 2020? #URL# <document> More news from teevee: 'The Good Fight' Season 4 Premieres April 9 on #HASHTAG# <document> Press releases that make me reluctant to watch the department: "MARK CUBAN, DR PHIL, RYAN SEACREST, PIERS MORGAN & LISA V… #URL# <document> 'The Bachelor' 2020: How To Watch This Week's Bonus Episode 6 Season 24 Online Without Cable #URL# <document> 'Outlander' ; 'Last Week Tonight With John Oliver'; 'El Camino: A Breaking Bad Movie': TV This Week #URL# <document> #HASHTAG# cast &amp; EPS head to #HASHTAG# awardIt's early, but Jennifer Aniston, Reese Witherspoon, Billy Crud... #URL# <document> Lake Oswego math teacher will participate in "Jeopardy!" Friday #URL# </documents></author><Documents> <Document> Courtney B. Vance joins us via satellite; Cynthia Erivo is with us again, again via satellite from Japan. You… #URL# <Document> RT #USER#: Any TV show set in Portland, no matter how solid, reinforces my desire never to move to Portland. <document> Kim Kardashian West and Paris Hilton on TV projects showing their serious side: TV Press Tour #URL# <document> Paris Hilton is here now for a panel dedicated to the #HASHTAG# documentary entitled # HASHTAG# dedicated. Promises to re… #URL# <document> Oscars 2020 red carpet coverage: when, which channels, how to watch online #URL# <document> 'The Bachelor' 2020: How to watch episode 7, season 24, online without Cable # URL# <document> TV show about kids trying to remake Oregon-set movie 'The Goonies' gets pilot #URL# <document> Get a first look at Portland's returning 'Top Chef' hopeful in the preview of season 17 #URL # <document> Oscars 2020; Oscars red carpet coverage; 'Homeland'; "For Life": TV This Week #URL# <document> "I welcome the criticism," says Reese Witherspoon, especially "constructive criticism," adds Jennifer Aniston, re: ... #URL# <document> #USER# Wow. I don't drive in the area that often and I'm happy now. That's a lot of red light racing! <Document> Billy Crudup says he hopes they don't get his character's backstory in S2; The character is interesting because we... #URL# <document> Kumail Nanjiani back to the old days: #URL# <document> Portland-based KGW aims to shake up local TV news with The Story With Dan Haggerty. #URL# <document> Reese Witherspoon says it's important to watch all 10 episodes of #HASHTAG#, adding, "We still have a lot more to discover." #HASHTAG# #HASHTAG# <document> The Portland-based Simpsons veteran slams Mike Pompeo for using Simpsons pic to mock Nancy Pelosi , too long a snooze (review) #URL# <document> RT #USER#: You're kind of wondering how ABC News thinks about it. #URL# <document> David Blaine pulls a magic trick to promote his upcoming #HASHTAG# show alongside a TCA member &amp; Guest Assistant Paris Hilton. #HASHTAG# <document> Jennifer Aniston calls director Mimi Leder "our fearless leader". Adds that Leder has her own insider TV perspective... #URL# <document> Danny Pudi says he enjoyed playing a character who is "universally hated" in Mythic Quest: Raven's Banquet. #HASHTAG# #HASHTAG# <document> 'The Bachelor' 2020: How to watch Episode 5, Season 24 online without cable #URL# <document> Kim Kardashian West talks about her new #HASHTAG# documentary #HASHTAG# the premiere here on April 5th. #HASHTAG# <document> My assistant helps me view #HASHTAG# screeners. I'm not sure what she's thinking, but I'm interested. #URL# <document> Super Bowl 54; "The Masked Singer"; Oregonians at Lego Masters; ''The sinner'; ‘Briarpatch’: TV DiesWeek #URL# <document> Oregon's Bearded Builders team on participating in "Lego Masters" on TV: "The challenges were so intense" #URL# <document> RT #USER#: Hank Azaria will no longer join Apu speak the Simpsons #URL# #URL# <document> Skip Super Bowl 2020? Here's what to look at instead: #URL# <document> "I think Boise's right, I'd rather welcome a bunch of refugees than Californians," says Kumail Nanjiana (sort... #URL# <document> In "Shrill" Season 2 , characters deepen but Portland-shot comedy stays kindhearted (review) #URL# <document> Why does #HASHTAG# let artists sing on stage without introducing themselves?We've got relative oldies like Eminem who are mixing… #URL# <document> When will Puppy Bowl and Kitten Bowl air in 2020?: Date, time, TV channels, how to stream #URL# <document> How to watch Trump's 2020 State of the Union : Time, TV channels, how to stream online #URL# <document> RT #USER# : If you want to explore the film legacy of Kirk Douglas: Paths of Glory The Bad and the Beautiful Spartacus Ace… <document> Kumail Nanjiani & Emily V. Gordon, Writers & Executive Producers, join us via satellite from London, they look fine s … #URL# <document> Although the originals are new, #HASHTAG#+ extends votes of confidence with numerous innovations. #HASHTAG#, f… #URL# <document> Now Elton John gets the no-intro treatment while singing his nominated song. It's as if the #HASHTAG# are saying, take… #URL# <document> It's (finally) the last day of #HASHTAG#, but the space isn't empty, it's dull thumping because Apple TV+ pres… #URL # <document> RT #USER#: #USER# "I'm wearing all white, so I hope there's no blood involved," she jokes before Blaine sews his lips together... <document> "Little People, Big World" 2020 : Oregon's Roloff Family Returns, Farm's Future At Stake #URL# <document> Red carpet looks aren't important when it comes to creative achievement, but just a little suggestion: Al Pacino, please don't cut the hair. <Document> USA Network's 'Briarpatch' Brings Style to a Seedy Story (Review) #URL# <Document> Suzan-Lori Parks is Executive Producer &amp; showrunner; She's Here, with Anthony Hemingway, Director &amp; executive pr… #URL# <document> RT #USER#: #USER# McElhenney says they'll keep doing #HASHTAG# as long as people see it, says they're "live-action cartoon c… <document > Saturday at #HASHTAG # has been with Doris Kearns Goodwin to talk about the new miniseries #HASHTAG#, about the 1s… #URL# <document> Shaian Jordan, who plays young Aretha, is with Courtney B. Vance per Satellite from the set #HASHTAG # #HASHTAG# #HASHTAG# <document> Kumail Nanjiani says his idea of ​​America growing up in Pakistan came from pop culture images heavily influenced by L.A. and N... #URL # <Document> RT #USER#: On Facebook You'd think JLo's performance in the Super Bowl was the opening of the seventh sealTwitter, you'd think it would be wiped out... <Document> RT #USER#: Mayor #USER# is hosting a series of community talks about homelessness. Next one is tonight in the Northeast... <Document> #HASHTAG# 2020: How to Watch This Week's Bonus Episode 6 Season 24 Online Wireless #URL# <Document> Sean Hannity's Super Bowl interview with Donald Trump sparks protests: 'A campaign spot, not an interview' #URL# <document> RT #USER#: Contents of Abraham Lincoln's pockets at time of assassination, 1865, Ford's Theater - not shown publicly for 111 years: . .. <Document> Oregon's 'Gold Rush' veteran returns for Season 2 of 'Dave Turin's Lost Mine' on Discovery #URL# <Document> Jennifer Aniston says the beauty of streaming services is that they don't get reviews, but #HASHTAG# is happy with... #URL# <document> When asked about the show's take on #HASHTAG#, Jennifer Aniston says the show is obviously about that, but also about power dynamics,... #URL# <document> #HASHTAG# Awards 2020 Red Carpet: How to Watch Coverage Online Wireless an #URL# <document> RT #USER#: Okay, you've convinced me to join the Australian m ilitary #URL# <document> 'Project Runway' 2020: How to watch Episode 7, Season 18 online without cable #URL# <document> RT #USER#: Do the cast members know anyone like Crudup's character, and if so, could they name him? them? Witherspoon breaks down and says, “I w… <document> out on February 7th: 'Mythic Quest: Raven's Banquet', a comedy about video game developers co-created by Rob McElhenney,… #URL# <document> out on March 6th #HASHTAG# is a reimagined reboot of #HASHTAG#. #HASHTAG# <document> The final #HASHTAG# panel of the day is for Genius: Aretha, the first in the franchise to focus on a woman. Cyn… #URL# <Document> RT #USER#: William Murphy Responds to Kobe Bryant's Death: 'Who isn't a fan of Kobe Bryant? ... What better night to make music in... <document> Adult dogs and cats have their day in 'Puppy Bowl Presents: The Dog Bowl' and 'Cat Bowl II' #URL# <document> 'The Bachelor' 2020 : How to watch Episode 3, Season 24 online without cable #URL# <document> Another exciting evening #HASHTAG# #URL# <document> Conservative radio host Rush Limbaugh announces he has advanced lung cancer. #URL# <document> Jennifer Aniston adds that she's heard good things about #HASHTAG# &amp; that it... #URL# <document> More Portland TV news is changing as KOIN debuts its new morning show on KRCW-TV #URL# <document> Will Netflix conquer the oddly early Oscars of 2020? #URL# <document> Paris Hilton says there are many misconceptions about her. "I was judged on a character I created in the beginning... #URL# <document> Bad news, Outlander fans: After the "Power" finale, Comcast is removing Starz from cable packages #URL# <document> "The Conner's Live Election-Themed Broadcasts for East and West Coast Viewers: Watch Online and TV #URL# <Document> RT #USER#: Thanks to #USER# for taking the time for a Q&amp;A. #URL# <document> RT #USER#: Colleagues overseas and especially here in the US: If you have a story you want us to look at, drop me a message at Ronan... <document> RT #USER#: BREAKING : Sheriff says records show nine people were killed when helicopter crashed in California. Sources tell #USER# that Kobe Bryan... <Document> Renewal News: #HASHTAG# orders season 2 of "Avenue 5", a future comedy starring Hugh Laurie, from Armando Iannucci ("Veep"). <Document> RT #USER#: Oregon's governor, a member of Congress and two district attorneys on Wednesday pushed investigations into police misconduct... <Document> 'The Bachelor' 2020: How to watch Episode 4, Season 24 online untethered #URL# <document> Tickets go on sale tonight at 5pm: 'The Masked Singer - The Live Tour' brings the zany show to Portland #URL# <document> 'Star Trek: Picard'; "9-1-1: Lonely Star"; "Awkwafina is Nora from Queens"; "Fight Your Enthusiasm": TV This Week #URL# <document> #USER# No host is one thing, but no information is another. Very strange! <document> How to watch Puppy Bowl and Kitten Bowl 2020 online without cable #URL# <document> My assistant at her usual place as she helps me catch up with the TV. #URL# <document> RT #USER#: A Smoke Jaguar up close. #URL# <document> RT #USER#: And yet there is only one Les Schwab - only one company of this magnitude in the region - and every change on the hoop c... <document> David Blaine's trick was to sew his mouth shut and then produce a playing card, as a TCA member and par... #URL# <document> "Star Trek: Picard": Patrick Stewart flies up in a series that won't just appeal to superfans #URL# <document> RT #USER#: Mercy Corps has been found guilty of "missteps" in dismissing a motion for reconsideration of its co-founder's sex abuse complaint, investigation finds … <document> Hulu's 'High Fidelity': Zoë Kravitz stars in a reboot with a charming new twist #URL# <document> When are the Oscars 2020? Date Time TV Channel Online View #URL# <Document> RT #USER#: If you're watching The Big Game™ this weekend, why not try some Food™? Crispy or creamy, meaty or wheaty, nothing... <document> Set in Portland, Disney Plus movie Timmy Failure is a smart, quirky family treat (review) #URL# <document> What TV show is on after the Super Bowl 2020? #URL# <document> More teevee news: Season 4 of The Good Fight premieres April 9th ​​under #HASHTAG# <document> PIERS MORGAN AND LISA V… #URL# <Document> The Bachelor 2020: How to Watch This Week's Bonus Episode 6 Season 24 Online Wireless #URL# <Document> 'Outlander', 'Last Week Tonight With John Oliver'; 'El Camino: A Breaking Bad Movie': TV This Week #URL# <document> #HASHTAG# Cast &amp; EPS are heading for the #HASHTAG# Awards coming soon, but Jennifer Aniston, Reese Witherspoon, Billy Crud... #URL# <document> Lake Oswego math teacher joins Friday's "Jeopardy!" #URL# </documents></author><documents> <document> Courtney B. Vance joins us via satellite; Cynthia Erivo is with us again via satellite from Japan. They are… #URL# <document> RT #USER#: All the TV shows set in Portland, no matter how solid, reinforce my desire to never move to Portland. <document> Kim Kardashian West and Paris Hilton in TV projects showing their serious side: TV press tour #URL# <document> Paris Hilton is here for the panel #HASHTAG# devoted to the #HASHTAG# documentary about herself. Promises again… #URL# <document> Oscar 2020 red carpet coverage: When, what channels, how to watch online #URL# <document> 'The Bachelor' 2020: Episode 7, Season 24, how to watch online over the air # URL# <document> TV show about children trying to remake 'The Goonies' filmed in Oregon receives pilot order #URL# <document> Portland's returning 'Top Chef' see hopeful debut in Season 17 preview #URL # <document> Oscar 2020; Oscar red carpet coverage; "Homeland"; "For Life": TV This Week #URL# <document> Reese Witherspoon says "I welcome criticism", especially "constructive criticism" by Jennifer Aniston, re:… #URL# <document> #USER# Wow. I don't drive very often in that area and now I am satisfied. That's too many red lights! <document> Billy Crudup says he hopes they don't get his character's background in S 2; character is interesting because we… #URL# <document> Kumail Nanjiani in the old days: #URL# <document> Portland's KGW wants to rock local TV news with 'The Story With Dan Haggerty' #URL# <document> Reese Witherspoon, He says it's important to watch all 10 episodes of #HASHTAG# and adds: "We have a lot more to discover." #HASHTAG# #HASHTAG# <document> scolds Portland-based 'Simpsons' veteran Mike Pompeo for using 'Simpsons' image to make fun of Nancy Pelosi #URL# <document> 2020 Oscar Awards: An often predictable event no surprise , excessively long snooze (review) #URL# <document> RT #USER#: You really wonder what ABC News thinks about this. #URL# <document> David Blaine, a member of TCA &amp; guest assistant Paris Hilton. #HASHTAG# <document> Jennifer Aniston calls director Mimi Leder 'our fearless leader'. He adds that Leder has his own in-TV perspective… #URL# <document> Danny Pudi says he enjoys playing a 'universally hated' character in 'Mythic Quest: Raven's Banquet'. #HASHTAG# #HASHTAG# <document> How to watch The Bachelor' 2020: Episode 5, Season 24 online over the air #URL# <document> Kim Kardashian West is here to talk about the new #HASHTAG# documentary #HASHTAG#. It will be released on April 5th. #HASHTAG# <document> My assistant helps me watch #HASHTAG# demos. I'm not sure what you're thinking, but I'm interested. #URL# <document> Super Bowl 54; "The Masked Singer"; Oregonians in "Lego Masters"; "Sinner"; "Briarpatch": TV ThisWeek #URL# <document> Oregon's "Bearded Builders" team competing in TV's "Lego Masters": "The challenges were intense" #URL# <document> RT #USER#: Hank Azaria is now Apu' on The Simpsons #URL# #URL# <document> Are you skipping the 2020 Super Bowl? Here's what to watch instead #URL# <document> "I think Boise is right, I'd rather accept a bunch of refugees than Californians," says Kumail Nanjiana (order… #URL# <document> In Season 2 of 'Shrill', the characters get deeper, but Portland The comedy filmed in ' continues to be kind hearted (review) #URL# <document> #HASHTAG# why do artists sing on stage without promotion? We have relatively old songs like Eminem mixin... #URL# <document > 2020 'Puppy Bowl' and when will 'Kitten Bowl' air?: Date, time, TV channels, how to stream #URL# <document> How to watch Trump's State of the Union 2020: Time, TV channels, how to stream online #URL# <document> RT #USER#: If you want to explore the film legacy of Kirk Douglas: Paths of Glory The Bad and the Beautiful Spartacus Ace… <document> Kumail Nanjiani & Emily V. Writers and executive producers Gordon join us via satellite from London; that… #URL# <document> Even though the originals are new , #HASHTAG#+, it gives a vote of confidence with many renewals. #HASHTAG#, f… #URL# <document> Elton John is treated as non-entry while singing the candidate song. It's like #HASHTAG# says, al... #URL# <document> It's the last day of #HASHTAG# (finally) but the room is not empty, there's a muffled hum because Apple TV+ is prestigious #URL # <document> RT #USER#: #USER# "I'm wearing all white, I hope there's no blood," Blaine jokes before sewing his lips together... <document> 'Little People, Big World' 2020: Oregon's Roloff family returns, the farm's future is at stake #URL# <document> Red carpet looks are not important when it comes to creative success, just a small suggestion: Al Pacino, get a haircut, please. <document> USA Network's 'Briarpatch' brings high style to a suggestive story (Review) #URL# <document> Suzan-Lori Parks, executive producer &amp; showrunner; it's here, Anthony Hemingway, director &amp; admin pr… #URL# <document> RT #USER#: #USER# McElhenney says they will keep doing #HASHTAG# as long as people watch it, "live action cartoon c... <document> they're on #HASHTAG on Saturday says # so far Doris Kearns has featured Goodwin's talk about the new miniseries, #HASHTAG#, about 1s… #URL# <document> Shaian Jordan, who plays young Aretha, with Courtney B. Vance via satellite from set #HASHTAG # #HASHTAG# #HASHTAG# <document> Kumail Nanjiani says the idea for the US growing up in Pakistan comes from L.A. and N.-dominated pop culture images… #URL# <document> RT #USER#: Facebook JLo's Super Bowl You would think that his performance was the opening of the seventh seal.You'd think it destroyed Twitter… <document> RT #USER#: Mayor #USER# hosts a series of community conversations about homelessness. Next up tonight in the Northeast… <document> #HASHTAG# 2020: This week's bonus, Episode 6, Season 24, how to watch online over the air #URL# <document> Sean Hannity's Super Bowl interview with Donald Trump draws protest: " Campaign ad, not interview' #URL# <document> RT #USER#: Inside Abraham Lincoln's pockets at the time of the assassination, 1865, Ford Theater—Not shown to the public in 111 years:… <document> Oregon's 'Gold Rush' Veteran, Returning on Discovery for Season 2 of 'Dave Turin's Lost Mine #URL# <document> Jennifer Aniston says the beauty of streaming services is their lack of ratings, but #HASHTAG# is happy with... #URL# <document > The show's # When asked about her coverage of HASHTAG#, Jennifer Aniston said that the show is all about that, of course, but it's also about power dynamics... #URL# <document> 2020 #HASHTAG# Red carpet awards: How to watch news online without cable #URL # <document> RT #USER#: OK, he convinced me to join my Australian n ilitary #URL# <document> 'Project Runway' 2020: How to watch Episode 7, Season 18 online over the air #URL# <document> RT #USER#: Do players know someone who likes Crudup's character and if they do Can they give a name? to them? Witherspoon laughs and says, "I... <document> coming February 7: 'Mythic Quest: Raven's Banquet,' a comedy about video game developers co-produced by Rob McElhenney,… #URL# <document> March 6 The transition to #HASHTAG# is a reimagining of #HASHTAG# #HASHTAG# <document> The final #HASHTAG# panel of the day is for 'Genius: Aretha', the first in the series to focus on a woman Cyn… #URL# < document> RT #USER#: William Murphy reacts to Kobe Bryant death: "Who isn't a Kobe Bryant fan?... What could be a better night to turn up the music... <document> Presents 'Puppy Bowl' of adult dogs and cats : One day at The Dog Bowl' and 'Cat Bowl II #URL# <document> How to watch 'The Bachelor' 2020: Episode 3, Season 24 online without cable #URL# <document> Another exciting evening # HASHTAG# #URL# <document> Conservative radio host Rush Limbaugh announces advanced lung cancer #URL# <document> Jennifer Aniston, since yesterday adding that i heard good things in the TV business #HASHTAG# &amp; o… #URL# <document> KOIN launches new morning show on KRCW-TV, more changes in Portland TV news #URL# <document> Will Netflix weirdly invade the Oscars in early 2020? #URL# <document> Paris Hilton says she has a lot of misconceptions about her. "I was initially judged by a character I created... #URL# <document> Bad news, 'Outlander' fans: After 'Power' finale, Comcast removes Starz from their cable packages #URL# <document> 'The Conners' East and election-themed live shows for West Coast viewers: How to watch online and on TV #URL# <document> RT #USER#: Thanks to #USER# for taking the time for Q&A. #URL# <document> RT #USER#: Journalists abroad and especially here in the USA: if you have a story we need to look at, write me a line from ronan… <document> RT #USER#: ABSOLUTELY: Sheriff, the records are He said it showed nine people died when the helicopter crashed in California. Sources to #USER# by Kobe Bryan... <document> Renewal: #HASHTAG# has ordered Season 2 for the future comedy "Avenue 5" starring Hugh Laurie from Armando Iannucci ("Veep") . <document> RT #USER#: Oregon governor, a Congressman, and two district attorneys pushed for police misconduct investigation Wednesday... <document> 'The Bachelor' 2020: Chapter 4, 24. # <document> Tickets go on sale tonight at 5pm: 'The Masked Singer - The Live Tour' brings a crazy show to Portland #URL# <document> 'Star Trek: Picard'; '9-1-1: Lone Star'; "Awkwafina is Nora from Queens"; "Lower Your Enthusiasm": TV This Week #URL# <document> #USER# No server is one thing, but no information is another. Pretty odd! <document> How to watch 'Puppy Bowl' and 'Kitten Bowl' 2020 online without cable #URL# <document> My assistant is in her usual place, helping me catch up with the TV. #URL# <document> RT #USER#: A cloudy leopard close up.. #URL# <document> RT #USER#: And yet there is only one Les Schwab -- only one company of this scale anywhere in the region -- and rubber c… <document> David Blaine's number, a TCA member and Par… #URL# <document> 'Star Trek: Picard': Patrick Stewart had his mouth shut as he ascended and then produced a playing card. #URL# <document> RT #USER# in a series that appeals to more than just superfans: Mercy Corps guilty of taking "wrong steps" by refusing to re-examine sexual abuse complaint against co-founder, investigation finds… <document> Hulu's 'High Loyalty ': Zoë Kravitz takes part in reboot with a fascinating new spin #URL# <document> When are the 2020 Oscars? Date, time, TV channel, how to watch online #URL# <document> RT #USER#: If you're watching The Big Game™ this weekend, why not try some Food™? Crispy or creamy, meaty or wheatish, nothing… <document> Disney Plus movie "Timmy Failure" filmed in Portland is a smart, interesting family feast (review) #URL# <document> Which TV show after Super Bowl 2020 there is? #URL# <document> More teevee news: Season 4 of 'The Good Fight' will air on #HASHTAG# <document> on April 9. Press Releases That Make Me Reluctant to Watch Department: "MARK CUBAN, DR. PHIL, RYAN SEACREST, PIERS MORGAN AND LISA V… #URL# <document> 'The Bachelor' 2020: This week's bonus, Episode 6, Season 24, over-the-air how to watch online #URL# <document> 'Outlander'; 'Last Week Tonight With John Oliver'; "El Camino: A Breaking Bad Movie": TV This Week #URL# <document> #HASHTAG# cast and EPS, #HASHTAG # goes to the prizeSoon but Jennifer Aniston, Reese Witherspoon, Billy Crud… #URL# <document> Lake Oswego will be competing for math teacher 'Jeopardy'! Friday #URL# </documents></author><documents> <document> Courtney B. Vance is participating via satellite. Cynthia Erivo is with us again via satellite from Japan. They… #URL# <document> RT #USER#: Every TV show set in Portland reinforces my desire to never move to Portland, no matter how solid . <DOCUMENT> Kim Kardashian West and Paris Hilton Get Serious About TV Project: TV Press Tour #URL# <DOCUMENT> Paris Hilton specializes in #HASHTAG# documentaries about her called #HASHTAG# Participate in panel discussions. Repromise… #URL# <document> Oscars 2020 red carpet coverage: when, which channel and how to watch online URL# <document> Kid trying to remake 'The Goonies' filmed in Oregon Our TV Show Gets Pilot Orders #URL# <doc> Premieres 'Top Chef' Returning To Portland Expected For Season 17 Previews #URL # <doc> Oscars 2020; Oscar Red Carpet The coverage of. "Homeland"; "For Life": TV This Week #URL# <document> "Criticism is welcome," says Reese Witherspoon, especially "constructive criticism," adds Jennifer Aniston. I don't drive in the area often, but I'm happy now. That's a lot of red lights running! <Documentation> Billy Crudup has stated that he hopes to not get his character's backstory in S2. Here's why this character is interesting... #URL# <document> Kumail Nanjiani Back in the day: #URL# <document> Portland's KGW is about to shake up local TV news with 'The Story With Dan Haggerty' #URL# <document> Reese Witherspoon says it's important to watch all 10 episodes of #HASHTAG#, adding, "There's still a lot to explore." #HASHTAG# #HASHTAG# <doc> Portland-based 'The Simpsons' veteran slams Mike Pompeo for using 'The Simpsons' image to mock Nancy Pelosi #URL# <doc> 2020 Oscar Show: Some Surprise Can't Save The Most Predictable, Snooze Too Long (Review) #URL# <document> RT #USER#: Just wondering how ABC News feels about this I think #URL# <document> David Blaine is TCA Member & Guest Assistant Paris Hilton. #HASHTAG# <Documentation> Jennifer Aniston calls director Mimi Leder "our fearless leader". Ledder adds that she has her own point of view within TV… #URL# <Documentation> Danny Pudi to Play "Universally Hated" Character in Mythic Quest: Raven's Banquet #HASHTAG# #HASHTAG# <document> 'The Bachelor' 2020: How To Watch Episode 5, Season 24 Online Without Cable #URL# <document> Kim Kardashian West Tells Her I'm here to talk about the new #HASHTAG# documentary #HASHTAG# of the #HASHTAG# <document> Assistant is helping me see the #HASHTAG# screener. I don't know what she's thinking, but I'm curious. #URL# <Document> Super Bowl 54. "Masked Singer"; Oregonian in "Lego Masters"; "Sinner"; "Briar Patch": TV ThisThe Week #URL# <document> Oregon's 'Bearded Builders' Team Joins TV's 'Lego Masters': 'The Challenge Was So Intense' #URL# <document> RT #USER#: Hank Azaria Is The Simpsons #URL# #URL# <document> Skip Super Bowl 2020? #URL# <document> “I think Boise is right. We want to welcome the refugees of 'Kumail Nanjiana,' says Kumail Nanjiana (sort of… , characters deepen, but comedy filmed in Portland remains heartfelt (review) #URL# <documentation> WHY #HASHTAG# So artists singing on stage without an introduction? There are relatively old ones like Eminem's mixins… #URL# <documentation> When is 2020's 'Puppy Bowl' and 'Kitten Bowl'? ?: Date, Time, TV Channel, Streaming Method online #URL# <document> RT #USER#: If you want to explore the cinematic legacy of Kirk Douglas: Path of Glory, Bad and Beautiful, Spartacus, Ace… <document > Kumail Nanjiani &amp; Emily V. Writer and Executive Producer Gordon joins via satellite from London, #HASHTAG#+ expands vote of confidence with many updates.#HASHTAG#, f… # URL# <documentation> Elton John gets the no intro treatment while singing his nominated songs, just like #HASHTAG# says... #URL# <documentation> Today is the final day of #HASHTAG# Day (finally), but the room isn't empty, Apple TV+ is playing instead... I hope not,' she joked before Blaine sewed her lips together.The Roloff family is back and the farm's future is at stake. #URL# <documentation> Regarding creative achievements Well, red carpet looks don't matter, but just a little suggestion: Cut your hair, Al Pacino. <document> USA Network's "Briarpatch" Brings High Style to a Down and Dirty Story ) #URL# <document> Suzan-Lori Parks is Executive Producer and Showrunner; here she is. Executive Public Relations… #URL# <document> RT #USER#: #USER# # So far Doris Kearns Goodwin talking about new miniseries #HASHTAG#, about a second… #URL# <document> Young Shaian Jordan, who plays Aretha of the , says it was born from pop culture imagery with a heavy emphasis on L.A. and N.… #URL# <document> RT #USER#: JLo's Super Bowl performance was the opening of the Seventh Seal on Facebook. I thinkTwitter You'd think you'd erase it... <document> RT #USER#: Mayor #USER# hosts a series of community conversations about homelessness. Next up tonight in the Northeast… <doc> #HASHTAG# 2020: BONUS OF THE WEEK, Episode 6, Season 24, How To Watch Online Without Cable #URL# <doc> Sean Hannity's Super Bowl With Donald Trump interview attracts outcry: 'it's not an interview, it's a campaign commercial' #URL# <document> RT #USER#: The Moment of Assassination, 1865, Contents of Abraham Lincoln's Pocket at Ford's Theater - Published for 111 Years No:… <document> Oregon 'Gold Rush' Jennifer Aniston Says The Beauty Of Streaming Services Is Lack Of Reputation, But #HASHTAG# Is Happy… #URL# <document> > Asked about the show's take on #HASHTAG#, Jennifer Aniston talks about the show, of course, but also power dynamics... #URL# <documentation> 2020 #HASHTAG# Awards Red Carpet: Online Without Cable HOW TO WATCH COVERAGE AT #URL # <document> RT #USER#: OK, YOU CONFIRMED THAT I WILL BE JOINING AUSTRALIA'S Military #URL# <document> 'Project Runway' 2020: Episode 7. How To Watch Season 18 Online Without Cable #URL# <document> RT #USER#: Does the cast know someone like the Crudup character? they? Witherspoon keeps saying: To #HASHTAG# is a reimagined reboot of #HASHTAG#. #HASHTAG# <documentation> Today's final #HASHTAG# panel is the franchise's first female-focused "Genius: Aretha". Cyn… #URL# <document> RT #USER#: William Murphy reacts to Kobe Bryant's death. A Day in the Life of 'Puppy Bowl Presents: The Dog Bowl' and 'Cat Bowl II' #URL# <document> How to Watch 'The Bachelor' 2020: Episode 3, Season 24 Online Without Cable #URL# <document> Another Exciting Night #HASHTAG# #URL# <document> Conservative Radio Host Rush Limbaugh Announces He Has Advanced Lung Cancer #URL# <document> Jennifer Aniston Says Good Things About #HASHTAG# &amp;amp;amp;#HASHTAG# added that he heard m people in the television industry. It was… #URL# <doc> Portland TV news changed even more as KOIN debuted a new morning show on KRCW-TV #URL# <doc> #URL# <doc> Paris Hilton says a lot about her "I was judged on the first character I created… #URL# <documentation> Bad news, 'Outlander' fans: After the 'Power' finale, Comcast announced Starz from the cable package. Deleting #URL# <document>Conners Live Election-Themed Show for East and West Coast Audiences: How to Watch Online and on TV #URL# <document> RT #USER#: Thanks to #USER# for making time for Q&A. #URL# <document> RT #USER#: Journalists abroad, especially here in the US: If you have an article of note, contact ronan… <document> RT #USER#: BREAKING: In California The sheriff said nine people were killed in the helicopter crash. Sources say #USER# is Kobe Bryant… <document> Renewal News: #HASHTAG# orders Season 2 of futuristic comedy "Avenue 5" by Armando Iannucci ("Veep") starring Hugh Laurie Did. <Document> RT #USER#: Oregon Governor, Congressman and 2 District Attorneys Pushed Police Misconduct Investigation Wednesday… <Document> “The Bachelor” 2020: Without Cable Episode 4 , How to Watch Season 24 Online #URL # <document> Tickets go on sale tonight at 5pm: 'The Masked Singer - The Live Tour' Brings The Bonkers Show To Portland #URL# <document> "Star Trek: Picard"; "9-1-1: Lone Star"; "Awkwafina is Queen's Nora"; "Keep Your Enthusiasm Down": TV Show of the Week #URL# <Document> #USER# Hosts and Info is a different thing. Very strange! <document> How to watch 2020's "Puppy Bowl" and "Kitten Bowl" online without cable #URL# <document> My assistant in the usual spot helps me catch up on TV. #URL# <document> RT #USER#: Clouded leopard close-up.. #URL# <document> RT #USER#: And yet, there is only one Les Schwab -- nowhere else in the region is there a company of that size. There's only one -- and a tire change c… <document> David Blaine's trick was to sew mouths together as a member of the TCA and then play cards... #URL# <document> 'Star Trek : Picard': Patrick Stewart soars In a series that appeals to superfans and beyond #URL# <document> RT #USER#: Mercy Corps 'in dismissing request to reconsider sexual abuse allegations against co-founder Guilty of 'Mistakes', In Investigation… <document> Hulu's 'High Fidelity' ': Zoe Kravitz Reboots with Charming New Spin #URL# <document> When are the 2020 Oscars? Date, Time , TV Channels, How To Watch Online #URL# <document> RT #USER#: If you're watching The Big Game™ this weekend, why not try Food™? Crunchy, creamy, meaty. Whether it's stuff or wheat... <document> Disney Plus' 'Timmy Failure' movie shot in Portland is a smart, quirky family treat (review) #URL# <document> After Super Bowl 2020 What TV shows will air? #URL# <documentation> More TB News: The Good Fight season 4 premieres April 9th ​​on #HASHTAG# <documentation>. PIERS MORGAN AND LISA V… #URL# <document> 'The Bachelor' 2020: Bonuses of the Week, Episode 6, Season 24, How to Watch Online Without Cable #URL# <document> 'Outlander'; 'Last Week Tonight With John Oliver'; 'El Camino: A Breaking Bad Movie': TV This Week #URL# <document> #HASHTAG# Cast & EPS Head To #HASHTAG# AwardsJennifer Aniston, Reese Witherspoon, Billy Crudd...