  <documents>    <document> Conservative Reporter Goes Undercover At Women's March, Brilliantly Exposes Protesters (Watch) #URL#      <document> Have You Ever Heard of the 'Shotgun Shell From Hell?' #URL#      <document> Washington can't agree on anything except spending your money #URL#      <document> THIS IS A FEW OF THE... #URL#      <document> Trump’s reelection campaign kicks off ‘in the name of Jesus Christ’ #URL#      <document> YouTube is censoring Transgender Regret Videos! An LGBTQ lobby is reporting vids to stop awareness! #URL#      <document> Biden's Brother's Firm Received $1.5 Billion In Government Contracts, Had Zero Experience #URL#      <document> Deployed Dad Sends A Smelly T-Shirt Home For His Dog, And He Adorably Freaks Out #URL#      <document> Proof Puerto Rico Had The Hurricane Supplies But Didnt Distribute Them To The People #URL#      <document> Prof. Natelson: "We have a runaway convention right now... it's called Congress" #URL#      <document> Joe Biden’s Brother Frank Linked to Projects Receiving $54,000,000 in Taxpayer Loans from the Obama Administration—… #URL#      <document> Civil War II: Gun control could push Virginia counties to join West Virginia #URL#      <document> Why are the younger Veterans avoiding the Veteran Service Organizations? #URL#      <document> Black pastor calls Trump more ‘pro-black’ than Obama #URL#      <document> First they went after guns. Now they're trying to change the way the President is elected. #URL#      <document> Stray Lab retriever hides in the corner and shakes at busy Texas shelter • Pet Rescue Report #URL#      <document> WHERE FREEDOM IS GIVEN YOU BY ONE PERSON, OR TAKEN AWAY BY THE SAME. #URL#      <document> Weapons, flags but no violence: Massive pro-gun rally in Virginia capital #URL#      <document> Democrats Asked Ukraine To Investigate Trump In 2018 #URL#      <document> Image of New Father Praying Over His Newborn Baby Goes Viral #URL#      <document> Pelosi hands out souvenir pens, Dems slammed for gloating as House delivers Trump impeachment articles #URL#      <document> THE DEMISE OF THE AMERICAN FAMILY AND THE MORAL DECAY OF THE AMERICAN YOUTH. THE PROGRESSIVE PLAN FOR YOU. #URL#      <document> IMPEACHMENT TRIAL BEGINS IN SENATE: Adam Schiff Caught in Lie about Trump, Ukraine Meeting #URL#      <document> Virginia 2A: Black Guy Waving Trump Flag, 'I Am Governor Ralph Northam and I Am in Blackface Today' #URL#      <document> A SMALL STEP IN THE SAVING OF AMERICA.   PROGRESSIVE DEMONCRAT COMMUNISM OR THE CONTINUED FREEDOM OF THE PEOPLE. #URL#      <document> Pennsylvania governor tells Trump his state will keep welcoming refugees #URL#      <document> There Are 46 Million Slaves in the World — Here's Where They're Found #URL#      <document> Image: Who is chelsea clinton's father? #URL#      <document> Pro-life group gives Trump ‘Courageous Witness for Life’ Award #URL#      <document> TO POUND SOME COMMON SENSE INTO A DEMONCRAT, BUT IT RARELY EVER WORKS SUCCESSFULLY.  BUT IS FUN TRYING. #URL#      <document> Salty nanoparticles slip into cancer cells to wreak destruction #URL#      <document> Retiree to Spend Rest of Life at Holiday Inn, Since It's Cheaper Than a Senior Home #URL#      <document> Undercover Video Shows Bernie Staffer Wants to Kill the Rich, Put Republicans In Camps #URL#      <document> Protesters wear 'Make Hong Kong Great Again' hats to ask Donald Trump for help #URL#      <document> NBC News: It May Be Illegal to Vote for President Trump and the Government Should Take Action #URL#      <document> 11-Year-Old Boy Speed-Crochets Unbelievable Masterpieces For Charity #URL#      <document> FROM GEORGE TAKEI, A PERSON WITH MANY LIGHT YEARS OF SPACE TRAVEL. #URL#      <document> Glenn Beck Presents: Ukraine: The Final Piece #URL# via #USER#      <document> Matteo Salvini: Muslim Migration Is ‘Main Cause’ of Antisemitism #URL#      <document> People. Stop Pissing me OFF #URL#      <document> 2020's first big test? Not Iowa, but a tiny Texas House race #URL#      <document> How Voters Turned Virginia From Deep Red to Solid Blue #URL#      <document> Shannon Lilly CBS 6 on Twitter #URL#      <document> Dog With Chain Reportedly Embedded in Neck Deserves Justice - Animal Petitions #URL#      <document> Democrats Latest Klan Rally They Called a 'Debate' #URL#      <document> SHAPIRO: The Alexandria Ocasio-Cortez School of Economics #URL#      <document> Anti-Gun Activist David Hogg Declares Virginia Gun-Rights Rally Is Full of White Supremacists #URL#      <document> Top Democratic senator warns FBI against giving Republicans records from ex-DNC consultant #URL#      <document> CDC Admits 98 Million Americans Were Given Cancer Virus Via The Polio Shot #URL#      <document> AS MUCH AS I CARE ABOUT THE SYMBOL OF FREEDOM OF THIS COUNTRY, SOMETHING IS JUST NOT RIGHT HERE. THESE PEOPLE ARE V… #URL#      <document> Cat dies after Texas animal hospital accidentally gives her euthanasia drug instead of vaccine #URL#      <document> AND THIS IS NEW JERSEY. #URL#      <document> I am 76 and I feel exactly the same way. #URL#      <document> Is Trump Responsible for Russian Demise?      <document> The 2020 Democratic field is outraising Trump by a huge margin — that didn't happen to Obama or Bush #URL#      <document> Entire county board arrested following citizens arrest by 2 military veterans #URL#      <document> A BIG Rifle - A BIG Bullet - A BIG BANG: The Anzio 20mm Sniper Rifle #URL#      <document> Little Girl And Her Disabled Great Dane Are The Most Adorable Besties – Dog Dispatch #URL#      <document> North Carolina Sheriff’s Deputy DESTROYS anti-2A arguments at 2nd Amendment sanctuary meeting #URL#      <document> 3 young men invite elderly widow to sit with them after seeing her dining alone #URL#      <document> Democrat Presidential Candidate Pete Buttigieg: “You’re Not Free” if You Can’t Kill Your Baby in Abortion #URL#      <document> Jay Sekulow Demolishes Adam Schiff on Executive Privilege -- by Quoting Him      <document> Northam to Limit Crowd Size at Gun Rights Rally #URL#      <document> She Only Bitches When She Breathes #URL#      <document> THE DEEPSTATE INVESTIGATING THE DEEPSTATE.  WHAT COULD BE WRONG WITH THIS? #URL#      <document> JUST ANOTHER EXAMPLE OF WHAT THE DEMONCRATS THINK OF AMERICA AND THE PEOPLE THEY REPRESENT. #URL#      <document> Senator, thousands of 2A supporters demand Virginia governor be removed from office #URL#      <document> Warehouse full of unused emergency supplies sparks uproar in Puerto Rico #URL#      <document> THIS IS NOT ALLOWED IN THE UNITED STATES, AS PER THE CONSTITUTION. BUT THE CONSTITUTION IS NOT ADHERED TO MUCH ANYM… #URL#      <document> Rudy Giuliani threatens to go public with Biden corruption allegations #URL#      <document> BREAKING: Warren's Son In Law Produced Iranian Government Funded Film #URL#      <document> Another Sanders Campaign Staffer Caught on Camera Promoting Violence • Liberty Hub #URL#      <document> Major Virginia pro-gun rally ends peacefully with zero incidents #URL#      <document> Clearview app lets strangers find your name, info with snap of a photo, report says #URL#      <document> 'Global warming the greatest scam in history' claims founder of Weather Channel #URL#      <document> LIAR = A TYPICAL DEMOCRAT. #URL#      <document> Vows of Peace, Fears of Violence at Virginia Gun Rally #URL#      <document> President Trump: “Every Child, Born and Unborn, is a Sacred Gift From God” #URL#      <document> 80-Year-Old Tortoise Becomes A First-Time Mom #URL#      <document> ‘Truly horrific’ photos of starving lions at Sudan zoo prompt global outcry #URL#      <document> ONE OF THE WAYS THEY BECOME MILLIONAIRES, AT YOUR EXPENSE.  ALSO THE REASON THEY HATE TRUMP FOR TRYING TO STOP IT. #URL#      <document> Disney introduces kids to world of demons, witchcraft in new ‘The Owl House’ show #URL#      <document> 20MM VS TITANIUM - WILL TITANIUM STOP A CANNON? #URL#      <document> GANGS ARE DOING THE SAME THING TO PENN SQUARE AS THE DID TO CROSSROADS MALL. #URL#      <document> Rod Rosenstein admits to leaking text messages between Peter Strzok, Lisa Page #URL#      <document> Ex-Treasury employee pleads guilty to leaking Trump team info, after dramatic bust with flash drive in hand #URL#      <document> Mass. couple pursues car listed in 11-year-old girl’s Amber Alert, leading to suspect’s capture #URL#      <document> Report: Schiff Aide, Whistleblower Wanted To “Take Out” Trump. What Did Schiff Know and When Did He Know It? #URL#      <document> 🔥Act now: #HASHTAG#: Calling for the resignation of VA Governor Ralph Northam #URL#      <document> Co-workers of alleged whistleblower say they heard him plotting Trump's removal in 2017: Report #URL#      <document> WHEN THE PEOPLE ARE FED UP WITH THE ONES WHO RUN THE GOVERNMENT, FREEDOM SOMETIMES HAPPENS.  BUT THEN SO DID CHINA… #URL#      <document> 100% Net Profits Donated to the Australian Red Cross ❤️ #URL#      <document> East St. Louis woman who raised 12 children and helped feed the hungry dies at 105 #URL#      <document> Sen. Lee: It was unfair that Justice Roberts punished GOP for Dems' rude behavior #URL#      <document> Woman Throws Disabled Dog Out Of Car, Kicks Him Face-First Into The Ground #URL#      <document> Schweizer: Warren, Klobuchar Have 'Cashed in' from Corruption      <document> Image: Arkansas Baptist State Convention · Events · Sanctity of Human ... #URL#      <document> Northam Declares ‘State of Emergency’ – Hides Behind ARMED GUARDS As Citizens Descend On Richmond To Defend Their R… #URL#      <document> Pelosi Steals Closer To $5 Billion From Social Security To Pay For Impeachment - Not $2.4 Billion #URL#      <document> Sen. Cotton: Pelosi impeaching Trump for 'unforgivable sin' of beating Hillary #URL#    </documents></author><documents> <document> Conservative Reporter Goes Undercover at Women's March, Brilliantly Exposes Protesters (Watch) #URL# <document> Ever hear of the 'bullet from hell?' #URL# <document> Washington can't agree on anything except spending your money #URL# <document> THESE ARE SOME OF THE... #URL# <document> Trump's re-election campaign kicks off "in the name of Jesus Christ' #URL# <document> YouTube is censoring transgender regret videos! An LGBTQ lobby is flagging videos to stop awareness! #URL# <document> Biden's brother's company received 1, $5B in Government Contracts, Had No Experience #URL# <document> Deployed Dad Sends Home Smelly Shirt For His Dog, And He Freaks Out Adorably #URL# <document> Try Puerto Rico Had Supplies For The hurricane but didn't distribute them to the people Projects receiving $54,000,000 in taxpayer loans from Obama administration—… #URL# <document> Civil War II: Gun control could push Virginia counties to join West Virginia #URL# <document> Why i ve Do younger Terans avoid Veteran Service Organizations? #URL# <document> Black pastor calls Trump more "pro-black" than Obama #URL# <document> They went for guns first. Now they are trying to change the way the president is elected. #URL# <document> Stray Lab retriever hides in corner and shivers in crowded Texas shelter • Pet Rescue Report #URL# <document> WHERE FREEDOM IS GIVEN OR TAKEN FROM ONE. #URL# <document> Guns, Flags, But No Violence: Massive Pro-Gun Demonstration in Virginia Capital #URL# <document> Democrats Call on Ukraine to Investigate Trump in 2018 #URL# <document> Image of New Father praying for newborn Goes Viral #URL# <document> Pelosi hands out souvenir pens, Dems banged to gloat as House delivers articles on Trump's impeachment #URL# <document> THE DEATH OF THE AMERICAN FAMILY AND THE MORAL DECAY OF AMERICAN YOUTH. THE PROGRESSIVE PLAN FOR YOU. #URL# <document> SENATE IMPEACHMENT TRIAL BEGINS: Adam Schiff Caught Lying About Trump, Ukraine Meeting #URL# <document> Virginia 2A: Black Guy Waving Trump Flag, "I'm Governor Ralph Northam and I'm in Blackface today" #URL# <document> A LITTLE STEP IN SAVING AMERICA. PROGRESSIVE DEMOCRATIC COMMUNISM OR CONTINUOUS FREEDOM OF THE PEOPLE. #URL# <document> Pennsylvania governor tells Trump his state will continue to welcome refugees #URL# <document> There are 46 million slaves in the world: that's where they are #URL# <document> Image: Who is Chelsea Clinton's father? #URL# <document> Pro-life group awards Trump 'Brave Witness for Life' award #URL# <document> IMMERSE COMMON SENSE IN DEMOCRATIC BUT IT RARELY WORKSCESSIVELY. BUT IT'S FUN TRYING. #URL# <document> Salted nanoparticles slip into cancer cells to wreak havoc #URL# <document> Retiree will spend rest of life at Holiday Inn, as it's cheaper than a senior home #URL# <document> Video below coverage shows Bernie Staffer wants to kill the rich, put Republicans in camps #URL# <document> Protesters wear hats that read "Make Hong Kong Great Again" to ask Donald Trump for help #URL# <document> NBC News: it may be illegal to vote for President Trump and the government should act #URL# <document> 11-year-old boy Fast Crochets Incredible Masterpieces for Charity #URL# <document> BY GEORGE TAKEI, A PERSON WITH MANY LIGHT-YEARS OF SPACE TRAVEL. #URL# <document> Glenn Beck Presents: Ukraine: Final Piece #URL# via #USER# <document> Matteo Salvini: Muslim Migration Is 'Root Cause' of Anti-Semitism #URL# <document> People. Stop pissing me off #URL# <document> The first big test of 2020? Not Iowa, but a tiny Texas House breed #URL# <document> How voters turned Virginia from deep red to solid blue #URL# <document> Shannon Lilly CBS 6 on Twitter #URL# <document> According to reportedly, dog with chain stuck around neck Deserves Justice - Animal Petitions #URL# <document> Latest Klan Democratic Rally Called a "Debate" #URL# <document> SHAPIRO: Alexandria Ocasio School of Business- Cortez #URL# <document> Anti-Gun Activist David Hogg Says Virginia Gun Rights Rally Is Filled With White Supremacists #URL# <document> Top Democratic Senator Warns FBI From Giving Documents To Republicans by Former DNC Counsel #URL# <document> CDC Admits 98 Million Americans Were Given Cancer Virus Via Polio Vaccine # URL# <document> AS LONG AS I CARE ABOUT THIS COUNTRY'S SIGN OF FREEDOM , SOMETHING IS WRONG HERE. THESE PEOPLE ARE V… #URL# <document> Cat Dies After Texas Animal Hospital Accidentally Gives Her a Euthanasia Drug Instead of Vaccine #URL# <document> AND THIS IS NEW JERSEY. #URL# <document> I'm 76 and I feel exactly the same way. #URL# <document> Is Trump responsible for Russia's demise? <document> 2020 Democratic camp is outpacing Trump by a huge margin - that didn't happen to Obama or Bush #URL# <document> Entire County Board Shut Down After 2 Military Vets Arrest Citizens #URL# <document> A BIG Bullet - A BIG BANG: The Anzio 20mm Sniper Rifle #URL# <document> The little girl and her disabled Great Dane are best friends – Dog Dispatch #URL# <document> The Deputy Sheriff of the North Carolina DESTROYS Anti-2A Arguments at 2nd Amendment Shrine Meeting #URL# <document> 3 young men invite elderly widow to sit with them after watching her dine alone #URL# <document> Democratic candidate for presidency Pete Buttigieg: 'You're not free' if you can't Kill your baby with abortion #URL# <document> Jay Sekulow demolishes Adam Schiff on Executive Privilege -- Suing Lui <document> Northam to limit crowd size at gun rights rally #URL# <document> He only complains when he breathes #URL# <document> DEEP STATE INVESTIGATES DEEP STATE. WHAT COULD BE WRONG WITH THIS? #URL# <document> JUST ANOTHER SAMPLE OF WHAT DEMOCRATICS THINK ABOUT AMERICA AND THE PEOPLE THEY REPRESENT. #URL# <document> Senator, Thousands of 2A Supporters Demand Virginia Governor Removed From Office #URL# <document> Warehouse Full of Unused Emergency Supplies Causes Uproar in Puerto Rico #URL# <document> THIS IT IS NOT PERMITTED IN THE UNITED STATES AS CONSTITUTED. BUT THE CONSTITUTION IS NOT RESPECTED BY ANYTHING... #URL# <document> Rudy Giuliani threatens to go public with Biden's corruption allegations #URL# <document> BREAKING: Warren's son-in-law produced a film financed by the Iranian government # URL# <document> Another Sanders campaign staffer caught on camera promoting violence • Liberty Hub #URL# <document> Virginia pro-gun rally ends peacefully with zero incidents #URL# <document> Clearview app lets strangers find your name, info with one snap of a photo, report says #URL# <document> 'Global warming is biggest scam in history' Weather Channel founder declares #URL# <document> LIAR = A TYPICAL DEMOCRATIC. #URL# <document> Vows for peace, fears of violence at Virginia Gun Rally #URL# <document> President Trump: "Every child, born and unborn, is a sacred gift from God" #URL# <document> 80 years old -Old tortoise becomes first-time mom #URL# <document> 'Truly awful' photos of hungry lions at Sudan zoo spark global outcry #URL# <document> ONE WAY THEY BECOME MILLIONAIRES, AT YOUR EXPENSE . ALSO THE REASON HE HATE TRUMP FOR TRYING TO STOP HIM. #URL# <document> Disney introduces children to the world of demons and witchcraft in new show "The Owl House" #URL# <document> 20MM VS TITANIUM - WILL TITANIUM STOP A CANNON? #URL# <document> THE GANGS ARE DOING IN PENN SQUARE THE SAME THING THEY DID IN CROSSROADS MALL. #URL# <document> Rod Rosenstein admits to leaking text messages between Peter Strzok and Lisa Page #URL# <document> Former Treasury employee pleads guilty to leaking Trump team information after dramatic Arrest With Flash Drive In Hand #URL# <Document> Mass. Couple Pursue Car Listed In Amber Alert Of 11-Year-Old Girl, Leading To Capture Of Suspect #URL# <Document> Report: Schiff Aide, Whistleblower Wanted' eliminate" Trump. What did Schiff know and when did he know it? #URL# <document> 🔥Act Now: #HASHTAG#: Calling for VA Gov. Ralph Northam to resign #URL# <document> Colleagues of alleged whistleblower say they overheard him plotting to remove Trump in 2017: Report #URL # <document> WHEN THE PEOPLE GET TIRED OF THOSE WHO RUN THE GOVERNMENT, SOMETIMES FREEDOM HAPPENS. BUT THEN CHINA DID TOO... #URL# <document> 100% net profits donated to the Australian Red Cross ❤️ #URL#<document> East St. Louis woman who raised 12 children and helped feed the hungry dies at 105 #URL# <document> Sen. Lee: It's not fair that Judge Roberts chastised GOP for behavior rude Democrats #URL# <document> Woman Throws disabled dog out of car, hits him face to the ground #URL# <document> Schweizer: Warren and Klobuchar 'cash out' from corruption <document> Image: Arkansas Baptist State Convention #URL# <document> Northam declares a "state of emergency" – hiding behind ARMED GUARDS as citizens descend on Richmond to defend their R... #URL# <document> Pelosi steals more than $5 billion Social Security Dollars To Pay For Impeachment - Not $2.4 Billion #URL# <document> Sen. Cotton: Pelosi Slams Trump For 'Unforgivable Sin' Of Beating Hillary #URL# </documents></ author><documents> <document> Conservative Reporter Goes Undercover at Women's March, Brilliantly Exposes Protesters (Watch) #URL# <document> Have you ever heard of the 'shotgun shell from hell'? #URL# <document> Washington can't agree on anything except spending your money #URL# <document> THESE ARE SOME OF THE... #URL# <document> Trump's re-election campaign begins "in the name of Jesus Christ." ' #URL# <document> YouTube censors transgender Regret videos! An LGBTQ lobby reports videos to stop awareness! #URL# <document> Biden's brother's company got $1.5 billion in government contracts, had zero experience #URL# <document> Dad on the job sends his dog home a smelly t-shirt and he freaks out #URL # <document> Evidence Puerto Rico had the hurricane supplies but didn't distribute them to the people #URL# <document> Prof. Natelson: "We're having a runaway gathering right now...it's called Congress" #URL# < Document> Joe Biden's brother Frank links projects that receive $54,000,000 in tax loans from Obama administration - ... #URL# <Document> Second Civil War: Gun control could push Virginia counties to join West Virginia #URL# <Document> Why Are Younger Veterans Avoiding Veteran Service Organizations? #URL# <document> Black pastor calls Trump 'pro-black' as Obama #URL# <document> First they went after guns. Now they are trying to change the way the President is elected. #URL# <document> Stray labrador retriever hides in the corner and shivers at a busy Texas animal shelter • Animal Rescue Report #URL# <document> WHERE LIBERTY IS GIVEN OR TAKEN BY A PERSON. #URL# <document> Guns, flags, but no violence: Massive pro-gun rally in Virginia capital #URL# <document> Democrats urged Ukraine to investigate Trump in 2018 #URL# <document> Image of a new father , Praying For His Newborn Baby Goes Viral #URL# <document> Pelosi hands out souvenir pens, Dems is slammed for gloating as House delivers Trump impeachment articles #URL# <document> THE DOWNLINE OF THE AMERICAN FAMILY AND THE MORAL DECAY OF THE AMERICAN FAMILY YOUTH. THE ADVANCED PLAN FOR YOU. #URL# <document> IMPEACHMENT PROCEEDING BEGINS IN SENATE: Adam Schiff caught lying about Trump, meeting in Ukraine #URL# <document> Virginia 2A: Black man waves Trump flag, “I am Governor Ralph Northam and am today in Blackface” #URL# <document> ONE SMALL STEP TO SAVE AMERICA. PROGRESSIVE DEMONCRATIC COMMUNISM OR THE CONTINUED FREEDOM OF PEOPLE. #URL# <document> The governor of Pennsylvania tells Trump that his state will continue to accept refugees. #URL# <Document> There are 46 million slaves in the world - find them here. #URL# <document> Image: Who is Chelsea Clinton's father? ? #URL# <document> Pro-life group gives Trump Courageous Witness for Life award #URL# <document> TO BRING COMMON SENSE TO A DEMONRATE BUT IT RARELY WORKSABSOLUTELY. BUT FUN TO TRY. #URL# <document> Salty nanoparticles hatch inside cancer cells to wreak havoc #URL# <document> Retiree spends the rest of his life at Holiday Inn because it's cheaper than a retirement home #URL# <document> Undercover video shows what Bernie Staffer wants to put Republicans in camps to kill the rich #URL# <document> Protesters wear Make Hong Kong Great Again hats to ask Donald Trump for help #URL# <document> NBC News: It can be illegal to vote for President Trump and the government should act #URL# <document> 11-year-old boy crocheting incredible masterpieces for charity #URL# <document> BY GEORGE TAKEI, A PERSON WITH MANY EASY YEARS IN SPACE. #URL# <document> Glenn Beck Presents: Ukraine: The Final Piece #URL# via #USER# <document> Matteo Salvini: Muslim Migration Is ‘Main Cause’ of Antisemitism #URL# <document> People. Stop pissing me off #URL# <document> The first big test of 2020? Not Iowa, but a tiny home race in Texas #URL# <document> How voters colored Virginia from deep red to deep blue #URL# <document> Shannon Lilly CBS 6 on Twitter #URL# <document> Dog with chain allegedly embedded in neck Deserved Justice - Animal Petitions #URL# <document> Democrats' last Klan rally they called a "debate" #URL# <document> SHAPIRO: The Alexandria Ocasio-Cortez School of Economics #URL# <document> The anti-gun Activist David Hogg declares Virginia Gun-Rights Rally full of white supremacists #URL# <document> Top Democrat Senator warns FBI against giving ex-DNC adviser records to Republicans #URL# <document> CDC admits, that 98 million Americans have been infected with the cancer virus through the polio vaccine # URL# <document> AS MUCH INTERESTS AS I INTEREST IN THIS COUNTRY'S SYMBOL OF FREEDOM, SOMETHING IS WRONG HERE. THESE PEOPLE ARE V… #URL# <document> Cat dies after Texas animal hospital accidentally gave her euthanasia drug instead of vaccine #URL# <document> AND THIS IS NEW JERSEY. #URL# <document> I'm 76 and I feel the same way. #URL# <document> Is Trump responsible for Russia's decline? <Document> 2020 Democrat field outstrips Trump by a wide margin — it didn't happen to Obama or Bush #URL# <Document> Entire precinct executive arrested after two military veterans arrested citizens #URL# <Document> A big gun - A BIG Bullet - A BIG BANG: Anzio's 20mm Sniper Rifle #URL# <document> Little Girl and Her Disabled Great Dane Are the Most Adorable Besties - Dog Dispatch #URL# <document> North Carolina Deputy Sheriff DESTROYS Anti -2A arguments at 2nd Amendment Sanctuary meeting #URL# <document> 3 young men invite an elderly widow to sit with them after seeing her eating alone #URL# <document> Democratic presidential candidate Pete Buttigieg: " You are not free” if you can't kill your baby at abortion #URL# <document> Jay Sekulow demolishes Adam Schiff on Executive Privilege -- by quoting him <document> Northam to limit crowd size at gun rights rally #URL# <document> She only grumbles when she breathes #URL# <document> THE DEEPSTATE INVESTIGATE THE DEEPSTATE. WHAT COULD BE WRONG WITH IT? #URL# <document> JUST ANOTHER EXAMPLE OF WHAT THE DEMOCRATS OF AMERICA AND THE PEOPLE THEY REPRESENT THINK. #URL# <document> Senator, Thousands of 2A supporters demand Virginia governor be removed from office #URL# <document> Warehouse full of unused emergency supplies sparks riots in Puerto Rico #URL# <document> THIS IS IN NOT ALLOWED IN THE UNITED STATES, UNDER THE CONSTITUTION. BUT MUCH WILL NOT COMPLY WITH THE CONSTITUTION... #URL# <document> Rudy Giuliani threatens to go public with Biden's corruption allegations #URL# <document> BREAKING: Warren's son-in-law produced an Iranian government-funded film #URL# <document> Another Sanders campaign worker caught on camera promoting violence • Liberty Hub #URL# <document> Major gun rally in Virginia ends peacefully without incident #URL# <document> Clearview app lets strangers find your name, information with snapshot of photo, report says #URL# <document> "Global warming the biggest scam in history" claims Weather Channel founder #URL# <document> LIAR = A TYPICAL DEMOCRAT. #URL# <Document> Vows of Peace, Fear of Violence at Virginia Gun Rally #URL# <Document> President Trump: "Every Child, Born and Unborn, Is a Sacred Gift of God" #URL# <Document> 80-Year-Old Turtle becomes mother for the first time #URL# <document> 'Really appalling' photos of starving lions at Sudan Zoo spark global outrage #URL# <document> ONE OF THE WAYS YOU WILL BECOME A MILLIONAIRE, AT YOUR COST. ALSO THE REASON YOU HATE TRUMP TO STOP IT. #URL# <document> Disney introduces kids to the world of demons and witchcraft in new show The Owl House #URL# <document> GANGS DO SAME AT PENN SQUARE THAT DID AT CROSSROADS MALL. #URL# <document> Rod Rosenstein admits to passing text messages between Peter Strzok and Lisa Page. #URL# <Document> Ex-finance worker pleads guilty to flash drive in hand after dramatic bankruptcy in leaking info on Trump team #URL# <Document> Mass. couple chases car caught in US Amber Alert 11-year-old girl is listed, leading to suspect's arrest #URL# <document> Report: Schiff Aide, whistleblower wanted to 'take out' Trump. What did Schiff know and when did he know? #URL# <Document> 🔥Act now: #HASHTAG#: Call for Virginia Gov. Ralph Northam to resign #URL# <Document> Alleged whistleblower's associates say they heard him plotting Trump's ouster in 2017: Report #URL # < document> WHEN THE PEOPLE RUN THE GOVERNMENT, SOMETIMES THERE IS FREEDOM. BUT CHINA THEN ALSO... #URL# <document> 100% net profits donated to the Australian Red Cross ❤️ #URL#<Document> East St. Louis woman who raised 12 children and helped feed the hungry dies at 105 #URL# <Document> Senator Lee: It was unfair that Judge Roberts fined GOP for Dems' rude behavior #URL# <Document> Woman throws disabled dog out of car, kicks him face first into the ground #URL# <Document> Swiss: Warren, Klobuchar 'cash in' from corruption <Document> Image: Arkansas Baptist State Convention · Events · Sanctity of Human .. #URL# <document> Northam declares "State of Emergency" - hiding behind ARMED GUARDIANS as citizens descend on Richmond to claim their r... #URL# <document> Pelosi steals nearly $5 billion from Social Security to pay for impeachment - No $2.4 billion #URL# <documents> Sen. Cotton: Pelosi sues Trump for 'unforgivable sin' of hitting Hillary #URL# </documents></author><documents> <document> Conservative Reporter Brilliantly Reveals Protesters by Going Undercover at March (Watch) #URL# <document> Ever Heard of 'The Shotgun Bullet From Hell'? #URL# <document> Washington can't agree on anything but spending your money #URL# <document> A FEW OF THESE... #URL# <document> Trump's re-election campaign begins "in the name of Jesus Christ" #URL# <document> YouTube Censors Transgender Regret Videos! An LGBTQ lobby is reporting videos to stop awareness! #URL# <document> Biden's Brother's Firm Gets $1.5 Billion In Government Contracts, Has Zero Experience #URL# <document> Sent Home A Smelly T-Shirt For Deployed Dad Dog And Goes Adorably Crazy #URL# <document> Evidence Puerto Rico Had Hurricane Materials But Didn't Distribute It To The Public #URL# <document> Natelson: "We have a meeting that's getting out of hand right now... it's Congress" #URL# <document> Joe Biden's Brother Frank Linked to Projects Receiving $54,000,000 in Taxpayer Loans from the Obama Administration—… #URL# <document> II . Civil War: Gun control could push Virginia states to join West Virginia #URL# <document> Why do young Veterans avoid Veterans Service Organizations? #URL# <document> Black pastor calls Trump more "pro-black" than Obama #URL# <document> They went after guns first. Now they are trying to change the way the President is elected. #URL# <document> Stray Lab retriever hiding in the corner and shivering in the corner in a dense Texas shelter • Pet Rescue Report #URL# <document> WHERE FREEDOM IS GRANTED TO YOU BY OR TAKEN BY THE SAME PERSON. #URL# <document> Guns, flags but no violence: Massive pro-gun rally in Virginia's capital #URL# <document> Democrats Ask Ukraine to Investigate Trump in 2018 #URL# <document> Prayer for Newborn Baby Image of Eden New Dad Goes Viral #URL# <document> Pelosi distributes commemorative pens, Dems brag as House delivers articles incriminating Trump. PROGRESSIVE PLAN FOR YOU. #URL# <document> Impeachment Trial Begins in Senate: Adam Schiff Caught Lying About Trump and Ukraine Meeting #URL# <document> Virginia 2A: Black Man Waving Trump Flag, "I'm Governor Ralph Northam and Today is Blackface" I'm here" #URL# <document> ONE SMALL STEP TO SAVE AMERICA. PROGRESSIVE DEMOCRATIC COMMUNISM OR THE PERMANENT FREEDOM OF THE PEOPLE. #URL# <document> Pennsylvania governor tells Trump his state will continue to welcome refugees #URL# <document> There Are 46 Million Slaves in the World — Here They Are #URL# <document> Image: Who is Chelsea clinton's father? #URL# <document> Pro-life group awards Trump 'Brave Witness to Life' #URL# <document> TO LOAD A LITTLE SENSE TO A DEMONCRA, BUT RARE EVER WORKS SUCCESSFULLYDEFINITELY. BUT IT'S FUN TO TRY. #URL# <document> Salty nanoparticles enter cancer cells causing destruction #URL# <document> Retiree Will Spend The Rest Of His Life At Holiday Inn Because It's Cheaper Than A Senior's Home #URL# <document> The Secret That Bernie Staffer Wants Video Killing the Rich, Putting Republicans in Camps #URL# <document> Protesters wear 'Make Hong Kong Great Again' hats to ask Donald Trump for help #URL# <document> NBC News: Voting for President Trump May Be Illegal and Government Must Take Action #URL# <document> 11 Year Old Boy Quick Crochet Incredible Masterpieces for Philanthropy #URL# <document> SPACE TRAVEL IN MANY LIGHT YEARS FROM GEORGE TAKEI. #URL# <document> Glenn Beck Presents: Ukraine: Final Track #URL# via #USER# <document> Matteo Salvini: Muslim Immigration, Anti-Semitism #URL# <document> Is People's 'Main Cause'. Stop Making Me Angry #URL# <document> The first big quiz of 2020? Not Iowa, but a small Texas House breed #URL# <document> How Voters Turn Virginia From Dark Red to Dark Blue #URL# <document> Shannon Lilly on Twitter CBS 6 #URL# <document> Dog with Chain Buried Around Neck Reported Right to Justice - Animal Petitions #URL# <document> Latest Clan Rally Called 'Discussion' by Democrats #URL# <document> SHAPIRO: Alexandria Ocasio-Cortez School of Economics #URL# <document> Anti-gun Activist David Hogg Announces Virginia Gun Rights Rally White Full of Suprematists #URL# <document> Top Democratic senator warns FBI not to hand over former DNC adviser's records to Republicans #URL# <document> CDC Admits 98 Million Americans to Cancer Through Polio Vaccine # URL# <document> HOW MUCH I CARE ABOUT THE SYMBOL OF FREEDOM IN THIS COUNTRY, SOMETHING IS NOT RIGHT HERE. THESE PEOPLE V… #URL# <document> Cat died after a Texas animal hospital accidentally gave euthanasia instead of a vaccine #URL# <document> AND THIS IS THE NEW JERSEY. #URL# <document> I'm 76 years old and I feel exactly the same way. #URL# <document> Is Trump Responsible for Russia's Collapse? <document> The 2020 Democratic field outstrips Trump by a large margin - it didn't happen to Obama or Bush #URL# <document> Entire county board arrested after citizens arrested by 2 veterans #URL# <document> BIG Rifle - A BIG Bullet - A BIG EXPLOSION: Anzio 20mm Sniper Rifle #URL# <document> Little Girl and Disabled Great Dane Best Friends – Dog Dispatch #URL# <document> Deputy North Carolina Sheriff DESTROYS anti-2A arguments 2. At change shelter meeting #URL# <document> 3 young men invite elderly widow to sit next to them after seeing her alone at dinner #URL# <document> Democratic Presidential Candidate Pete Buttigieg: "You're not free" if you can't. Kill Your Baby During Abortion #URL# <document> Jay Sekulow Smashes Adam Schiff at Executive Pridespicable -- To Limit Crowd At Gun Rights Rally By Citing Her <document> Northam #URL# <document> She Only Swears When She Breathes #URL# <document> THE DEEP STATE REVIEWING THE DEEP STATE. WHAT CAN BE WRONG WITH THAT? #URL# <document> ANOTHER EXAMPLE OF WHAT DEMOCRATS THINK ABOUT AMERICA AND THE PEOPLE THEY REPRESENT. #URL# <document> Senator, thousands of 2A supporters demand impeachment of Virginia governor #URL# <document> Warehouse full of unused emergency supplies causes turmoil in Puerto Rico #URL# <document> THIS IS NOT ALLOWED IN THE UNITED STATES, CONSTITUTIONAL ACCORDING TO. BUT DUE TO ANYTHING ON THE CONSTITUTION… #URL# <document> Rudy Giuliani threatens to go public with Biden's corruption allegations #URL# <document> BREAKING: Warren's Son-in-law Makes Iranian Government-Funded Movie #URL# <document> Another Sanders Campaign Officer Caught On Camera While Encouraging Violence • Liberty Hub #URL# <document> Pro-big guns rally in Virginia ends peacefully with zero incidents #URL# <document> Clearview app allows strangers to find your name, photo attached information, report #URL# says <document> The founder of the Weather Channel #URL# claims 'Global warming is the biggest hoax in history' <document> LIAR = A TYPICAL DEMOCRAT. #URL# <document> Pledges of Peace, Fears of Violence at Virginia Armed Rally #URL# <document> President Trump: "Every Child, Born and Unborn, is a Sacred Gift from God" #URL# <document> 80 Years-Old Turtle First Time Mother Happened #URL# <document> 'really terrifying' photos of starving lions in Sudan zoo get global backlash #URL# <document> ONE OF THE WAYS TO BECOME A MILLIONARY OVER THE COSTS OF BECOME A MILLIONARY. ALSO THE REASON THEY HATE TRUMP FOR TRYING TO STOP HIM. #URL# <document> Disney introduces children to the world of demons and wizardry in new 'House of the Owl' show #URL# <document> TITANIUM VS. 20MM - WILL TITANIUM STOP A BALL? #URL# <document> GANGS DO TO PENN SQUARE THE SAME THING DONE TO CROSSROADS MALL. #URL# <document> Rod Rosenstein admits to leaking text messages between Peter Strzok and Lisa Page #URL# <document> Ex-Treasury employee with flash drive pleads guilty to leaking information about Trump team after dramatic bankruptcy #URL# <document > Massive couple chases car listed in 11-year-old girl's Amber Alert, leading to suspect's arrest #URL# <document> Report: Deputy Schiff Wants to "Expel" Trump. What Did Schiff Know and When Did He Know? #URL# <document> 🔥Act now: #HASHTAG#: Call for VA Governor Ralph Northam's resignation #URL# <document> Colleagues of the alleged whistleblower said they heard he was planning Trump's impeachment in 2017 : Report #URL# <document> SOMETIMES FREEDOM HAPPENS WHEN THE PEOPLE GOVERN THE GOVERNMENTS. BUT THEN CHINA SUCCESSFUL… #URL# <document> 100% Net Profit Donated to Australian Red Cross ❤️ #URL#<document> Raising 12 children and helping feed the hungry, East St. Louis woman died at 105 #URL# <document> Sen. Lee: It was unfair that Judge Roberts punished the GOP for Dems' rude behavior #URL# <document> Woman Throws Disabled Dog Out of Car, Hits Face First #URL# <document> Schweizer: Warren, Klobuchar 'Money' from Corruption < document> Image: Arkansas Baptist State Convention · Events · Divinity of Man .. . #URL# <document> Northam Declares 'State of Emergency' – Hiding Behind Armed Guards As Citizens Descend to Richmond to Defend Their Rights… #URL# <document> Pelosi Approaches $5 Billion from Social Security to pay impeachment costs - Not 2, $4B #URL# <document> Senator Cotton: Pelosi accuses Trump of the 'unforgivable sin' of beating Hillary #URL# </documents></author><documents> <document> Conservative Reporter Infiltrates Women's March, Exposed Protesters (Watch) #URL# <document> Ever heard of "Shotgun Shells From Hell"? #URL# <doc> Washington Can't Agree To Anything But Spend Your Money' #URL# <doc> YouTube Censors Transgender Regret Videos! LGBTQ Lobby To Stop Recognition #URL# <document> Biden brothers firm received $1.5 billion in government contracts but had zero experience #URL# <document> Placed dad , sent home a stinky t-shirt for the dog and he freaked out adorable #URL# <document> Proof Puerto Rico had hurricane supplies but didn't distribute them to people #URL# <document> Professor Natelson: "We now have a runaway convention...it's called Congress" #URL# <documentation> Joe Biden's Brother Frank Linked to $54,000,000 in Taxpayer Loans from Obama Administration Projects to Receive —… #URL# <doc> Second Civil War: Gun Control May Add Virginia Counties to West Virginia #URL# <doc> Why Young Veterans Avoid Veterans Services Organizations #URL# <document> Black pastors call Trump 'pro-black' more than Obama #URL# <document> First they aimed their guns. I'm trying to change #URL# <documentation> Stray Lab retrievers hide in corners and sway in busy Texas shelters • Pet Rescue Report #URL# <documentation> Is freedom given or taken away by one person? #URL# <document> Weapons, Flags, No Violence: Massive Gun Rally in Virginia State Capital #URL# <document> Democrats Asked Ukraine to Investigate Trump in 2018 # URL# <document> Image of new father praying for newborn baby goes viral #URL# <document> Democrats groan as Pelosi hands out souvenir pens and House delivers Trump impeachment articles Deprecated in #URL# <documentation> The Demise of the American Family and the Decline of American Youth Morals.Progressive Plans for You. #URL# <document> Senate Impeachment Trial Begins: Adam Schiff Caught Lies About Trump #URL# <document> One Small Step To Save America. Progressive democratic communism or the continuation of people's freedom? #URL# <document> Pennsylvania governor tells Trump his state will continue to welcome refugees #URL# <document> There are 46 million slaves in the world - here's where they are # URL# <document> Image: Who is Chelsea Clinton's father?? #URL# <document> Pro-Life Group Gives Trump 'Courageous Witness to Life' AwardWithout permission. But it's fun to try. #URL# <document> Salty Nanoparticles Infiltrate Cancer Cells and Cause Destruction #URL# <document> Retirees spend the rest of their holidays in Holiday Inns because they're cheaper than seniors' homes #URL #<document> Secret video Bernie staff wants to kill rich people and put Republicans in camps #URL# <document> Protesters wear 'Make Hong Kong Great Again' hats to help Donald Trump #URL# <doc> NBC News: Voting for President Trump May Be Illegal and Government Should Take Action #URL# <doc> 11-Year-Old Boy With Speed ​​Crochet for Charity Creating Incredible Masterpieces #URL# <document> From George Takei, The Man Who Traveled Lightyears Of Space #URL# <document> Glenn Beck Presents: Ukraine: The Final Piece #URL# via #USER# <document> Matteo Salvini: Muslim migration is the 'major cause' of anti-Semitism #URL# <document> People. #URL# <document> The first big challenge of 2020? House Election in Little Texas, Not Iowa #URL# <document> How voters turned Virginia from dark red to deep blue #URL# <document> Shannon Lilly CBS 6 on Twitter #URL# <document> Reportedly , a dog with a chain embedded in its neck deserves justice - animal petition #URL# <document> Democrats' latest clan rally they called a "debate" #URL# <document> SHAPIRO: Alexandria Ocasio Cortez School of Economics #URL# <document> Anti-gun activist David Hogg declares Virginia gun rights rally full of white supremacists #URL# <document> Top Democratic senator records ex-DNC consultant as Republican #URL# <document> CDC admits 98 million Americans contracted cancer virus from polio injections # URL# <document> Freedom in this country Something is wrong, as much as you care about symbols. These people… #URL# <document> Cat dies after Texas animal hospital mistakenly gives euthanasia instead of vaccine #URL# <document> And this is New Jersey. #URL # <documentation> I'm 76 and feel exactly the same. #URL# <document> Is Trump Responsible for the End of Russia? <document> 2020 Democrats Lead by a Wide margin over Trump — It Didn't Happen to Obama or Bush #URL# <document> Entire County Commission Arrested Following Citizen's Arrest by Two Veterans #URL# <document> A BIG Rifle - A BIG Bullet - A BIG BANG: Anzio 20mm Sniper Rifle Amendment Article 2 Sanctuary Meeting # URL# <document> Three young men invite an elderly widow to sit with her after seeing her eating alone #URL# <document> Democratic Presidential Candidate Pete Buttigieg: If You Can't "You're Not Free" Kill Your Baby in Abortion #URL# <document> Jay Sekulow Demolishes Adam Schiff at Executive Roundtablevilege -- quoting him <document> Northam limits crowd size at gun rights rally #URL# <document> She only bitches when she breathes #URL# <document> Investigating Deep State . What's wrong with this? #URL# <documentation> Another example of what Democrats think about America and the people they represent. #URL# <Document> Senators Thousands of 2A Supporters Demand Virginia Governor Be Removed #URL# <Document> Warehouse Full of Disused Emergency Supplies Causes Riot in Puerto Rico #URL# < Documentation > This is not allowed in the US, per the Constitution. But this constitution has not been observed by any country… #URL# <document> Rudy Giuliani threatens to make Biden corruption allegations public #URL# <document> BREAKING: Warren's son-in-law in Iran #URL# <document> Sanders Campaign Staff Caught On Camera Promoting Another Violence • Liberty Hub #URL# <document> Zero Incidents At Major Gun Protests In Virginia End peacefully with #URL# <document> Clearview app allows strangers to find your name, information and reports in your photo snaps Says #URL# <document> “Global warming is the biggest in history Scam of "Weather Channel Founder Claims #URL# <Document> Liar = Typical Democrat. #URL# <document> Pledge of Peace, Horror of Violence in Virginia Shootout #URL# <document> President Trump: ``Every child, born and unborn, is a sacred gift from God'' #URL # <document> 80-Year-Old Turtle Becomes First Mother #URL# <Document> 'Truly Horrifying' Photos of Starving Lions in Sudan Zoo Cause Global Outcry #URL# <Document> One of the ways they can become millionaires at your expense.It's also why they hate Trump for trying to stop it. #URL# <documentation> Disney introduces children to the world of demons and sorcery in new "House of Owls" show #URL# <documentation> 20MM VS Titanium - Can Titanium Stop Cannons? #URL# <documentation> The gang is doing to Penn Square what they did to Crossroads Mall. #URL# <documentation> Rod Rosenstein admits to leaking text messages between Peter Strzok and Lisa Page> Massachusetts couple steals car mentioned in 11-year-old girl's Amber Alert #URL# <Document> Reported to Track down and Arrest Suspect: Advisor Schiff, Whistleblower Wanted to “Take Out” Trump. What does Schiff know and when did he know it? #URL# <document> 🔥ACT NOW: #Hashtag#: VA Governor Ralph Northam Calls for Resign #URL# <document> Whistleblower A colleague of the alleged person says he heard him plotting to remove Trump in 2017: Report #URL# <document> may be born. But so did China...<Document> East St. Louis Woman Who Raised 12 Children, Feeding The Hungry Dies At 105 #URL# <Document> Senator Lee: Judge Roberts Calls Republicans Disrespectful Behavior Of Democrats It was unfair to punish #URL# <document> Disabled woman throws dog out of car and kicks her face into the ground #URL# <document> Schweitzer: Warren, Klobuchar "cash out of corruption" <document> Image: Arkansas Baptist State Convention · Event · The Sanctity of Man . Landing in Richmond to Save Lives... $2.4 Billion #URL# <document> Sen. Cotton: Pelosi Impeaches Trump, Beats Hillary 'Unforgivable Sins' #URL# </documents></author >