  <documents>    <document> RT #USER#: #HASHTAG# can’t get 50 people to show up. The amount of voter fraud it will take to steal the presidency from #USER#…      <document> RT #USER#: Virginia House Of Delegates Passes Gun Ban, Confiscation Bill #URL#      <document> RT #USER#: The human brain is able to multitask, using both hands plus a robot arm simultaneously #URL#      <document> RT #USER#: DC Fellas gas up and get lots of free stuff from a white guy. Including his car!  PLUS, new song from Allan the Barbersh…      <document> Poll: Top Six Dem Candidates Beat Trump In Head-To-Head With Bloomberg Holding Largest Margin And Biden Imploding… #URL#      <document> Florida teacher sparks outrage after reportedly demanding to know if 5th graders are lesbians #URL#      <document> RT #USER#: Nigerian Lawmakers: Foreign Governments May Be Funding Boko Haram #URL#      <document> RT #USER#: Radical and Ignorant Squad Leader Rashida Tlaib Detained by Police During Detroit Airport Protest #URL#…      <document> RT #USER#: Epic! 🇺🇸 #HASHTAG# #URL#      <document> RT #USER#: This truck driver is my hero. #URL#      <document> RT #USER#: President Trump rolling up to the Daytona 500 tomorrow #URL#      <document> RT #USER#: This “can teach anyone” quip is ignorant. Farmers are electricians plumbers, mechanics, scientists, vets, engineers &amp; H2O/s…      <document> RT #USER#: Bloomberg Pledges To Investigate ICE And End Trump Policies In Newly Unveiled Immigration Plan Jason Hopkins on February 10, 20…      <document> RT #USER#: "I have a problem with some of the tweets. I’m happy to say, in fact, the president has never asked me to do anything in…      <document> Stop releasing jihadists from prison - #URL#      <document> RT #USER#: TOUGH GUYS FOR TRUMP! #URL#      <document> SEATTLE CITY COUNCIL GOES CRAZY: Citizens create, sing song to murdered trees... #URL#      <document> RT #USER#: Hmmmm...  What do you guys think is wrong with Speaker Pelosi here?! 🤔🤔 #URL#      <document> RT #USER#: BREAKING:  A 34 year old New Hampshire man was arrested today after assaulting a 15 year old boy wearing a MAGA hat  He…      <document> RT #USER#: .#USER# makes the case that the Democratic candidates are just like characters on "The Office," except not fun to wat…      <document> RT #USER#: When Jerome Powell started his testimony today, the Dow was up 125, &amp; heading higher. As he spoke it drifted steadily…      <document> Sawant: Amazon support of state head tax is ‘bottom line political calculus’ #URL#      <document> Holding state government accountable: #URL# - via:wahousegop      <document> RT #USER#: 🏳️‍🌈🏳️‍🌈🏳️‍🌈🏳️‍🌈🏳️‍🌈🏳️‍🌈🏳️‍🌈 "#USER# is objectively the most pro-gay president in history" #URL#…      <document> RT #USER#: The Constitution gives the federal government *zero* power over education.  #USER# says #USER#'s latest b…      <document> RT #USER#: Predictions  are a sure fire way to wind up with egg on your face, but I’m convinced she’s going to run. Democrats befo…      <document> RT #USER#: This robot has human-like fingers that perform immensely complex tasks, like unscrewing bottles #URL#      <document> RT #USER#: .#USER# won the #HASHTAG# before the race even started. #URL#      <document> RT #USER#: “Its just the flu everyone!” #URL#      <document> RT #USER#: Epic! 🤣 How cool is this?!? #URL#      <document> RT #USER#: MUST WATCH: The best Obama and Trump impression ever!  This guy is brilliant! 🤣🤣   #URL#      <document> RT #USER#: All the money in the world can’t undo this  “The way you get guns out of the kids’ hands is to throw them up against the wall…      <document> RT #USER#: This tiny robotic spider might one day perform surgeries inside your body #URL#      <document> RT #USER#: Step aside Heelys, e-skates are here! #URL#      <document> EX-MAYOR PETE: Buttigieg is a lot of things but MODERATE is not one #URL#      <document> RT #USER#: This is sheer evil.   It’s murder of a child born alive.   No one supporting this can say they care about humanity. http…      <document> RT #USER#: Last week the Fake News said that a section of our powerful, under construction, Southern Border Wall “fell over”, try…      <document> RT #USER#: You can now charge your phone without an outlet #URL#      <document> #URL#  How to defend the Republic against the Deep State.      <document> RT #USER#: Securing our elections has bipartisan consensus. But why should we make the electoral process more vulnerable to attac…      <document> When New York City Was the Capital of American Communism #URL#      <document> RT #USER#: New ‘Anti-Zionist Jewish Organization’ at Harvard Sparks Controversy #URL# via #USER# https://t…      <document> RT #USER#: “It’s flatly unacceptable behavior,” Michelle Lujan Grisham spokesman Tripp Stelnicki said. “There is no space for this…      <document> RT #USER#: Hey #USER# care to comment about this report?? #URL#      <document> 2nd Amendment Assaults Are Underway Around The Country #URL# #USER#      <document> RT #USER#: Must be on his way to one of this 3 houses.  Socialism pays well, apparently. #URL#      <document> RT #USER#: New Hampshire man arrested after allegedly assaulting pro-Trump teen at polling site #URL#      <document> RT #USER#: With Bernie as the front-runner of the Democrat candidates right now, it’s a good time to revisit some of the times he PRAISED…      <document> RT #USER#: And a lovely good morning from #HASHTAG#’s district in San Francisco!  #URL#      <document> RT #USER#: Rest In Peace SFC Antonio R. Rodriguez and SFC Javier J. Gutierrez.   Our country owes an enormous debt of gratitude for y…      <document> RT #USER#: Alexandria Ocasio-Cortez Lands Dream Gig: Guest Judge On ‘RuPaul’s Drag Race’ #URL#      <document> RT #USER#: This fully electric moped can speed up to 63 mph #URL#      <document> Fighting Global Anti-Semitism with Special Envoy Elan Carr - #URL#      <document> RT #USER#: CAR GOES FLYING: A suspected DUI driver slammed into a roundabout in Long Beach, launching the vehicle several feet into the air…      <document> Here's a list of the meme accounts that sold out to Mike Bloomberg #URL# via #USER#      <document> RT #USER#: DEPORTATION IS NOT RACIST!  Deporting illegals has nothing to do with race.   If a white lady name Tammy is here illegally…      <document> Gun control bills to watch in the 2020 Washington legislative session #URL# via #USER#      <document> RT #USER#: "Too many white people in here."  Viral video captures racially charged speech from student:  #URL#      <document> RT #USER#: BREAKING: The Justice Department has charged four Chinese military hackers with breaking into the computer networks of Equifax and…      <document> RT #USER#: The ride-share company moved fast to stop the virus' spread #URL#      <document> RT #USER#: What qualifications were required for this..👇👇👇 #URL#      <document> RT #USER#: Offering full expensing is one of the most valuable tax changes Arizona could make to improve tax competitiveness and ma…      <document> RT #USER#: WATCH: President #USER# “When All Is Said And Done, My Greatest Accomplishment As President Will Have Been T…      <document> WA Superintendent: Active shooter drills more ‘traumatizing’ than they’re worth #URL#      <document> Amazon wants to question Trump over loss of ‘war cloud’ contract #URL#      <document> RT #USER#: #HASHTAG#: Two snowmobilers who were missing after an avalanche north of Vail Sunday morning were found deceased, accord…      <document> RT #USER#: Is this the Daytona 500 or a Trump rally? Looks the same to me. Seeing this same energy across Upstate New York! #HASHTAG# #…      <document> How They Voted: 19th, 20th District Lawmakers Vote on Death Penalty, Sex-Ed, Clean Fuels and More #URL# via #USER#      <document> RT #USER#: It's one thing to hear about this cheating scandal it's quite another when you actually read the fake resume. It reall…      <document> RT #USER#: Land movement is threatening 356th Drive near SR 202 in the Fall City area.   Out of an abundance of caution, we are aski…      <document> RT #USER#: BREAKING:  AG Bill Barr is announcing sweeping new crackdowns on sanctuary policies  This is huge.  America should be a…      <document> RT #USER#: SHOCK VIDEO: #USER# just saw Omar Khadr on his Air Canada flight — and the Halifax police threatened to arrest hi…      <document> RT #USER#: "I’m happy that the president is really backing the issue."   #USER# was not offended that #USER#'s crimi…      <document> RT #USER#: Donald Stratton, 1 of last 3 remaining Pearl Harbor survivors, dies at 97 #URL#      <document> RT #USER#: It’s been a busy news week, to say the least ..  Joe diGenova former U.S. district attorney for D.C. weighs in on Roger S…      <document> RT #USER#: A lightweight, prefabricated concrete roof is just a taste of the coming revolution in architecture #URL#      <document> RT #USER#: Speeches are fine but there are unique moments when leaders can show true concern.  Bloomberg didn't go to scene of Bronx fire…      <document> RT #USER#: Just some more fellas attacking cops at school in Charleston.  Washington Post says it is all Trump’s fault.  If so, tha…      <document> ‘Committee on the Present Danger: China’ commends Secretary Pompeo for his warning to the Governors - #URL#      <document> RT #USER#: Zero Hedge, which had more than 670,000 followers, was permanently suspended from Twitter #URL#      <document> They had a beachcombing blast on the coast after old munitions washed ashore #URL#      <document> RT #USER#: Audio of #USER#’s 2015 #USER# speech where he explains that “you can just Xerox (copy)” the descriptio…      <document> RT #USER#: Teacher: “Security, security, she’s got a brick.”  And she used it on the head of a fella in school.  Washington Post: T…      <document> Inslee’s out-of-state travel schedule will cost an extra $1.3 million, state troopers say #URL#      <document> RT #USER#: If you don’t support #HASHTAG#, prepare to be harassed by those “Bernie Bros.”  🤦🤣#URL#      <document> RT #USER#: WHAT YOU'LL NEVER SEE ON CORRUPT DEMOCRAT PARTY MEDIA: Legal Immigrants Proudly Supporting #USER# #USER# and…      <document> RT #USER#: Great time in Manchester, NH tonight! Always amazing to see this much love from so many patriotic Americans.  Thanks gu…      <document> RT #USER#: Please retweet!   Today is a great day. #USER# and Republicans will sweep the floor across the country this No…      <document> RT #USER#: Give those glutes a break #URL#      <document> CORONAVIRUS DEATH TOLL: China lying about numbers, death rate...&amp; whistleblower video proves it #URL#      <document> RT #USER#: What an amazing rally tonight in Manchester, NH! It’s feeling a lot like #HASHTAG# of President #USER#! ht…      <document> RT #USER#: Cynthia Nixon speaking at a Bernie rally:  "We have made do with crumbs for so long and Bernie has said, 'Hey, we're starv…      <document> RT #USER#: Omg! Leaked audio of Mike Bloomberg talking about the high crime rates among urban minorities.   “And the way to get th…      <document> RT #USER#: The Trump 2020 car at the #HASHTAG#    #URL#      <document> RT #USER#: NEW: Increasing number of professors exposed as having connection to communist government in China  #URL#…      <document> RT #USER#: Can you tell these works of art were made by robots? #URL#      <document> RT #USER#: Goodbye used coffee grounds, hello reusable coffee cup #URL#      <document> RT #USER#: This floating park is made entirely out of plastic debris #URL#      <document> RT #USER#: If they’re sending us a plague that will devastate our country, we should respond in kind and send them our feminists. ht…      <document> RT #USER#: #USER# #USER# #USER# Do you seriously believe these girls had a conflict because they disagre…    </documents></author><documents> <document> RT #USER#: #HASHTAG# fails to get 50 people to introduce themselves. The amount of voter fraud needed to steal the presidency from #USER#... <document> RT #USER#: Virginia House Of Delegates Pass Gun Ban, Confiscation Bill #URL# <document> RT #USER# : The human brain is capable of multitasking, using both hands plus a robotic arm at the same time #URL# <document> RT #USER#: DC Fellas fill up and get loads of free stuff from a white guy. Including his car! ALSO, new song by Allan the Barbersh… <document> Poll: Top six dem candidates beat Trump heads-up with Bloomberg holding the largest margin and Biden imploding… #URL# <document > Florida teacher sparks outrage after demanding to know if 5th graders are lesbians #URL# <document> RT #USER#: Nigerian lawmakers: Foreign governments could fund Boko Haram #URL# <document> RT # USER#: Radical and Ignorant Squad Leader Rashida Tlaib Arrested by Police During Detroit Airport Protest #URL#… <document> RT #USER#: Epic! 🇬🇧 #HASHTAG# #URL# <document> RT #USER#: This trucker is my hero. #URL# <document> RT #USER#: President Trump arrives at the Daytona 500 tomorrow #URL# <document> RT #USER#: This "he can teach anyone" joke is ignorant. Farmers are electricians, plumbers, mechanics, scientists, veterinarians, engineers and engineers. H2O/s… <document> RT #USER#: Bloomberg pledges to investigate ICE and end Trump policies in newly unveiled immigration plan Jason Hopkins Feb 10, 20… <document> RT #USER#: " I have a problem with some of the tweets, I'm happy to say that, in fact, the president has never asked me to do anything in... <document> Stop freeing jihadists from prison - #URL# <document> RT #USER#: TOUGH GUYS FOR TRUMP! # URL# <document> SEATTLE CITY COUNCIL IS INSANE: Citizens create, sing songs to murdered trees… #URL# <document> RT #USER#: Hmmmm… What do you think is wrong with speaker Pelosi here?! 🤔🤔 #URL# <document> RT #USER#: BREAKING: A 34-year-old New Hampshire man was arrested today after assaulting a 15-year-old boy wearing a MAGA hat He... <document> RT #USER#: .#USER# claims that Democratic candidates are just like the characters in "The Office", except they are not div fun to watch... <document> RT #USER#: When Jerome Powell began his testimony a day, the Dow was up 125, &amp; head higher. Things drifted as he spoke… <document> Sawant: Amazon's support for state tax is a 'fundamental political calculation' #URL# <document> Holding state government accountable: #URL# - via:wahousegop <document> RT #USER# : 🏳️‍🌈🏳️‍🌈🏳️‍🌈🏳️‍🌈🏳️‍🌈🏳️‍🌈🏳️‍🌈 "#USER# is objectively the most pro-gay president in history" #URL#… <document > RT #USER#: The Constitution gives the federal government *zero* power over education. #USER# says the last b... by #USER# <document> RT #USER#: Predictions are a surefire way to end up with an egg on your face, but I'm convinced it's going to ra. Democrats befo… <document> RT #USER#: This robot has human-like fingers that perform extremely complex tasks, like unscrewing bottles #URL# <document> RT #USER#: .#USER# won the #HASHTAG# before the race even started. #URL# <document> RT #USER#: "It's just the flu at all!" #URL# <document> RT #USER#: Epic! 🤣 How cool is he?!? #URL# <document> RT #USER#: MUST SEE: Best Obama and Trump impression ever! This guy is brilliant! 🤣🤣 #URL# <document> RT #USER#: All the money in the world can't undo this "The way you get guns out of children's hands is to throw them against the wall... <document> RT # USER#: This tiny robotic spider could one day perform surgery inside your body #URL# <document> RT #USER#: Step aside Heelys, e-skates have arrived! #URL# <document> EX-MAYOR PETE: Buttigieg is a lot of things but MODERATE is not one #URL# <document> RT #USER#: This is pure evil. It is the murder of a child born alive. No one who supports it can say they care http... <document> RT #USER#: Fake News said last week that a section of our mighty southern border wall under construction has "fallen", prove... <document> RT #USER #: You can now charge your dead-end phone #URL# <document> #URL# How To Defend The Republic Against The Deep State <document> RT #USER#: Ensuring Our Elections Has Bipartisan Consensus saint. But why should we make the electoral process more vulnerable to attack... <document> When New York City Was the Capital of American Communism #URL# <document> RT #USER#: New 'Jewish Anti-Zionist Organization' at Harvard Sparks Controversy # URL# via #USER# https://t… <document> RT #USER#: “This is highly unacceptable behavior,” said Tripp Stelnicki, spokesperson for Michelle Lujan Grisham. “There is no room for that… <document> RT #USER#: Hey #USER# would you like to comment on this report?? #URL# <document> 2nd amendment attacks are happening across the country #URL# #USER# <document> RT #USER#: Must be targeting one of these 3 homes. Socialism pays well, apparently. #URL# <document> RT #USER#: New Hampshire man arrested after allegedly assaulting pro-Trump teenager at polling station #URL# <document> RT #USER#: With Bernie favored among Democratic candidates right now, It's a good time to revisit some of the times he praised... <document> RT #USER#: And a nice hello from the #HASHTAG# district in San Francisco! #URL# <document> RT #USER#: Rest in peace SFC Antonio R. Rodriguez and SFC Javier J. Gutierrez. Our country owes you a huge debt of gratitude... <document> RT #USER#: Alexandria Ocasio-Cortez Lands Dream Gig: Guest Judge on "RuPaul's Drag Race" #URL# <document> RT #USER#: This all-electric moped can accelerate to 100km/h #URL# <document> Fighting Global Anti-Semitism with Special Envoy Elan Carr - #URL# <document> RT #USER#: THE CAR IS FLYING: A Suspected Driver in a state of intoxicationd at a roundabout in Long Beach, launching the vehicle several feet in the air... <document> Here is a list of meme accounts sold to Mike Bloomberg #URL# via #USER# <document> RT #USER#: DEPORTATION IS NON RACIST! The expulsion of illegal immigrants has nothing to do with race. If a white woman named Tammy is here illegally... <document> Gun Control Laws to Watch in the 2020 Washington Legislative Session #URL# via #USER# <document> RT #USER#: "Too Many Whites in Here ." Viral video captures student's racist speech: #URL# <document> RT #USER#: BREAKING: The Justice Department has accused four Chinese military hackers of hacking into computer networks at Equifax and… <document> RT #USER# : The ride-share company moved quickly to stop the spread of the virus #URL# <document> RT #USER#: What qualifications were required for this..👇👇👇 #URL# <document> RT #USER# : Offering full spending is one of the most valuable tax changes Arizona could make to improve fiscal competitiveness and but... <document> RT #USER#: WATCH: President #USER# "When all is said and done , my greatest achievement as president will have been T... <document> WA Superintendent: Active shooter wields more 'traumatizers' than it's worth #URL# <document> Amazon wants to question Trump over 'cloud' contract loss of war" #URL# <document> RT #USER#: #HASHTAG#: Two snowmobiles available ersi after an avalanche north of Vail Sunday morning were f he's dead, deal... <document> RT #USER#: Is this the Daytona 500 or a Trump rally? Seems the same to me. See this same energy throughout upstate New York! #HASHTAG# #… <document> How They Voted: 19th, 20th District Legislatures Vote on Death Penalty, Sex Education, Clean Fuels & More #URL# via #USER# <document> RT #USER#: One thing to be hearing about this cheating scandal is quite another when you actually read the fake resume. Is it really... <document> RT #USER#: Overland movement is threatening 356th Drive near SR 202 in the Fall City area. Out of an excess of caution, we ask... <document> RT #USER#: BREAKING: AG Bill Barr is announcing sweeping new crackdowns on sanctuary policies This is huge. America should be a… <document> RT #USER#: SHOCK VIDEO: #USER# just saw Omar Khadr on his Air Canada flight — and the Halifax police threatened to arrest him… <document> RT #USER#: "I'm happy that the president is really championing this issue." #USER# took no offense to #USER#'s crimes... <document> RT #USER#: Donald Stratton, one of last 3 Pearl Harbor survivors, dies at 97 #URL# <document> RT #USER #: It's been a busy week of news, to say the least.. Joe diGenova, former US District Attorney for DC, chimes in on Roger S... <document> RT #USER#: A Lightweight, Precast Concrete Roof it's just a taste of the impending revolution in architecture # URL# <document> RT #USER#: Speeches are fine but there are unique moments where they leaders can show real concern. Bloomberg didn't go to the fire site in the Bronx... <document> RT #USER#: Just more guys attacking cops at school in Charleston. The Washington Post says it's all Trump's fault. If so, tha… <document> “Committee on Current Danger: China” commends Secretary Pompeo for his warning to governors - #URL# <document> RT #USER#: Zero Hedge, who had more than 670,000 followers , has been permanently suspended from Twitter #URL# <document> They made an explosion on the beach after old ammunition washed ashore #URL# <document> RT #USER#: audio of #USER# speech by #USER# of the 2015 explaining that " you can just photocopy (copy)" the description... <document> RT #USER#: Teacher: "Security, security, has a brick." And he used it on a boy's head at school. Washington Post: T... <document> Inslee's out-of-state travel program will cost $1.3 million more, state troopers say #URL# <document> RT #USER#: If you don't support #HASHTAG# , prepare to be harassed by those "Bernie Bros." 🤦🤣#URL# <document> RT #USER#: WHAT YOU WILL NEVER SEE ON CORRUPTED DEMOCRATIC PARTY MEDIA: Legal immigrants proudly supporting #USER# #USER# and... <document> RT #USER#: Great moment in Manchester, NH tonight! It's always amazing to see so much love from so many patriotic Americans. Thanks gu… <document> RT #USER#: Please retweet! Today is a great day. #USER# and Republicans will sweep the floor across the country this No... <document> RT #USER#: Give those glutes a break #URL# <document> CORONAVIRUS DEATH TOLL: China lies about numbers, death rate ...&amp; Tip video proves it #URL# <document> RT #USER#: What an amazing gathering tonight in Manchester, NH! Sounds very #HASHTAG# from #USER# president! ht… <document> RT #USER#: Cynthia Nixon speaking at a Bernie rally: “We've been settling for crumbs for so long and Bernie said, 'Hey, we're starving… <document> RT #USER# #: Oh my gosh Leaked audio of Mike Bloomberg discussing high crime rates among urban minorities #: NEW: Growing number of professors exposed as connected to communist government in China #URL#… <document> RT #USER#: Can you tell that these artworks were made by robots? #URL# <document> RT #USER#: Goodbye used coffee grounds, hello reusable coffee cup #URL# <document> RT #USER#: This floating park is done entirely of plastic debris #URL# <document> RT #USER#: If they send us a plague that will devastate our country, we should respond in kind and send them our feminists.ht… <document> RT #USER#: #USER # #USER# #USER# Do you seriously believe in These girls have had a conflict because they disagree... </documents></author><documents> <document> RT #USER#: #HASHTAG# cannot spawn 50 people. The amount of voter fraud it would take to steal the presidency from #USER#... <document> RT #USER#: Virginia House of Delegates Passes Gun Ban, Confiscation Act #URL# <document> RT #USER#: The human brain is multitasking -able to use both hands and a robotic arm at the same time #URL# <document> RT #USER#: DC fellas step on the gas and get loads of free stuff from a white guy. Including his car! PLUS, new song by Allan the Barbersh... <document> Poll: Top 6 DEM candidates beat Trump neck-and-neck with Bloomberg Holdings largest lead and Biden implodes... #URL# <document> Florida teacher solves Outrage after reportedly demanding to know if fifth graders are lesbians #URL# <Document> RT #USER#: Nigerian lawmakers: Foreign governments could fund Boko Haram #URL# <Document> RT #USER#: Radicals and Ignorant Squad Leader Rashida Tlaib Arrested by Detroit Airport Police Protest #URL#… <Document> RT #USER#: Epic! 🇺🇸 #HASHTAG# #URL# <document> RT #USER#: This truck driver is my hero. #URL# <document> RT #USER#: President Trump rolls into the Daytona 500 tomorrow #URL# <document> RT #USER#: This "everyone can teach" joke is ignorant. Farmers are Electricians, Plumbers, Mechanics, Scientists, Vets, Engineers &amp; H2O/s… <Document> RT #USER#: Bloomberg pledges to investigate ICE and end Trump policy in newly revealed immigration plan Jason Hopkins on Feb 10, 20… <Document> RT #USER#: “I have a Problem with some of I'm happy to say the President has never asked me to do anything in... <document> Stop the release of jihadists from prison - #URL# <document> URL# <document> SEATTLE CITY COUNCIL GOING CRAZY: Citizens create, sing songs to murdered trees... #URL# <document> RT #USER#: Hmmmm... What do you think is wrong with Speaker Pelosi here?! 🤔🤔 #URL# <document> RT #USER#: BREAKING: A 34-year-old New Hampshire man was arrested today after assaulting a 15-year-old boy with a MAGA hat. He... <Document> RT #USER#: .#USER# argues that the Democratic candidates are just like characters in The Office, except they're not fun to look at... <Document> RT #USER#: Als Jerome Powell's testimony began day the Dow rose 125 &amp; direction higher. As he spoke, it steadily drifted... <Document> Sawant: Amazon support of state head tax is "bottom line political calculation" : 🏳️‍🌈🏳️‍🌈🏳️‍🌈🏳️‍🌈🏳️‍🌈🏳️‍🌈🏳️‍🌈🏳️‍🌈🏳️"#🏳️" USER# is objectively the most gay-friendly President in history" #URL#USER <document:> The #.USER# The Constitution gives the federal government *zero* power over education. #USER# says #USER#'s latest b... <document> RT #USER#: Predictions are a sure way to end up egg in the face, but I'm convinced they rU.N. Democrats before... <document> RT #USER#: This robot has human-like fingers that perform immensely complex tasks like unscrewing bottles #URL# <document> RT #USER#: .#USER# has the #HASHTAG# before the Race won even started. #URL# <Document> RT #USER#: "It's all just the flu!" #URL# <Document> RT #USER#: Epic! 🤣 How cool is that?!? #URL# <document> RT #USER#: MUST WATCH: The best Obama and Trump impression ever! This guy is brilliant! 🤣🤣 #URL# <document> RT #USER#: No money in the world can undo that. USER#: This tiny robotic spider could someday perform surgeries in your body #URL# <document> RT #USER#: Step aside, Heelys, E-Skates are here! #URL# <document> EX-MAYOR PETE: Buttigieg is many things, but MODERATE is not one. #URL# <document> RT #USER#: This is just plain nasty. It's the murder of a liveborn child. No one who supports this can say they care about humanity. http… <document> RT #USER#: Last week there was fake news that a section of our massive southern border wall under construction had 'collapsed', try… <document> RT #USER#: You can now your Top up your phone without exiting #URL# <document> #URL# How to defend the Republic against the Deep State. <Document> RT #USER#: Securing our elections has a bipartisan consensus. But why should we make the electoral process more vulnerable to attack... <document> When New York City Was the Capital of American Communism #URL# <document> RT #USER#: New 'Anti-Zionist Jewish Organization' at Harvard Sparks Controversy # URL# via #USER# https://t… <document> RT #USER#: "It is absolutely unacceptable behavior," said Tripp Stelnicki, spokesman for Michelle Lujan Grisham. "There's no room for that... <Document> RT #USER#: Hey #USER# would you like to comment on this report? #URL# <Document> Attacks on the 2nd amendment are ongoing across the country #URL# #USER# <Document> RT #USER#: Must be on the way to one of these 3 houses. Apparently socialism pays well. #URL# <document> RT #USER#: New Hampshire man arrested after allegedly assaulting pro-Trump teens at polling station #URL# <document> RT #USER#: With Bernie as the current Democratic frontrunner, It is a good time to revisit some of the times he praised... <Document> RT #USER#: And good morning from the #HASHTAG# neighborhood of San Francisco! #URL# <Document> RT #USER#: Rest in Peace SFC Antonio R. Rodriguez and SFC Javier J. Gutierrez. Our country owes you a tremendous debt of gratitude... <Document> RT #USER#: Alexandria Ocasio-Cortez Land's Dream Gig: Guest judge on RuPaul's Drag Race #URL# <Document> RT #USER#: This all-electric moped can go up to 63 mph accelerate #URL# <document> Fighting Global Anti-Semitism with Special Envoy Elan Carr - #URL# <document> RT #USER#: CAR GOES FLYING: A suspected DUI driver slamsinto a roundabout in Long Beach, throwing the vehicle several feet into the air... <document> Here is a list of meme accounts sent to Mike Bloomberg #URL# via #USER# <document> RT #USER#: DEPORTATION IS NOT RACIST! The deportation of illegal immigrants has nothing to do with race. If a white lady named Tammy is here illegally... <Document> Gun Control Laws to See in Washington 2020 Legislative Session #URL# via #USER# <Document> RT #USER#: "Too many white people in here." Virales Video captures racially charged speech by student: #URL# <document> RT #USER#: BREAKING: The Justice Department has charged four Chinese military hackers with breaking into Equifax's computer networks and... <document> RT #USER#: The ridesharing company acted quickly to stop the spread of the virus #URL# <Document> RT #USER#: What qualifications were needed for one of the most valuable tax changes Arizona could make to improve fiscal competitiveness and... <Document> RT #USER#: WATCH: President #USER# “When all is said and done, my greatest accomplishment as President T... <Document> WA Superintendent: Active Sagittarius engages in more “traumatizing” exercises than they do #URL# <document> Amazon to question Trump over loss of 'war cloud' treaty #URL# <document> RT #USER#: #HASHTAG#: Two snowmobilers missing Sunday morning after an avalanche north of Vail, were f Ound deceased, agreement... <document> RT #USER#: Is this the Daytona 500 or a Trump rally? Looks the same to me. Seeing the same energy in upstate New York! #HASHTAG# #… <document> As they voted: 19th and 20th district lawmakers vote on death penalty, sex education, clean fuels and more #URL# via #USER# <document> RT #USER#: It is Thing to hear about this cheating scandal is quite another thing when you actually read the fake resume. It really is... <Document> RT #USER#: Land movements are threatening 356th Drive near SR 202 in the Fall City area. As a precaution, we ask... <Document> RT #USER#: BREAKING: AG Bill Barr announces a sweeping new crackdown on safeguards. That's huge. America Should Be A... <Document> RT #USER#: SHOCKVIDEO: #USER# just saw Omar Khadr on his Air Canada flight - and Halifax Police threatened to arrest him... <Document> RT #USER#: "I am glad the President really supports the issue." #USER# was not offended that the crime of #USER# … <document> RT #USER#: Donald Stratton, one of the last 3 remaining survivors of Pearl Harbor, dies in the Age 97 #URL# <Document> RT #USER#: It's been a busy news week, to say the least... Joe DiGenova, former US District Attorney for D.C., interjects Roger S.... <Document> RT #USER# : A lightweight, precast concrete roof is just a foretaste of the coming revolution in architecture # URL# <Document> RT #USER#: Talking is fine, but there are unique moments when they're delivereders can show genuine concern. Bloomberg didn't go to the Bronx fire scene... <Document> RT #USER#: Just a few more guys attacking cops at the Charleston school. The Washington Post says it's all Trump's fault. If so, then... <Document> Committee on Present Danger: China Praises Minister Pompeo for Warning to Governors - #URL# <Document> RT #USER#: Zero Hedge, which had more than 670,000 followers, was Permanently Suspended from Twitter #URL# <document> They had a beachcombing flotsam explosion after old munitions washed ashore #URL# <document> RT #USER#: Audio of #USER#'s 2015 #USER# speech , in which he explains that "You can just copy (copy)" the description... <document> RT #USER#: Teacher: "Security, security, she's got a brick." And she used it on a guy's head in the school. Washington Post: T... <document> Inslee's out-of-state travel plan will cost an additional $1.3 million, state police officers say #URL# <document> RT #USER#: If you don't endorse #HASHTAG#, prepare to be harassed by this “Bernie Bros.” 🤦🤣#URL# <document> RT #USER#: WHAT YOU WILL NEVER SEE IN THE CORRUPT DEMOCRATIC PARTY MEDIA: Legal immigrants proudly support #USER# #USER# and… <document> RT #USER #: Great time in Manchester, NH tonight! It's always amazing to see so much love from so many patriotic Americans. Thank you gu… <Document> RT #USER#: Please retweet! Today is a great day. #USER# and Republicans are going to sweep that no across the country... <Document> RT #USER#: Give those glutes a rest #URL# <Document> CORONAVIRUS DEATHS: China lies about numbers, death toll...whistleblower video proves it es #URL# <document> RT #USER#: What an amazing rally tonight in Manchester, NH! It feels a lot like #HASHTAG# from President #USER#! ht… <document> RT #USER#: Cynthia Nixon speaks at a Bernie rally: “We've been content with crumbs for so long and Bernie said, 'Hey, we're starving... <document> RT #USER#: Omg Leaked audio of Mike Bloomberg speaking about the high crime rates among urban minorities: "And the way to get that... <document> RT #USER#: Trump's 2020 car at #HASHTAG# #URL# <document> RT." #USER #: NEW: More and more professors exposed for links to the communist government in China #URL#… <document> RT #USER#: Can you tell that these artworks were made by robots? #URL# <document> RT #USER#: Goodbye used coffee grounds, hello reusable coffee mug #URL# <document> RT #USER#: This floating park is made entirely of plastic waste #URL# <document> RT #USER#: If they us a plague that will devastate our country, we should respond in kind and send them our feminists These girls had a conflict because they disagreed... </documents></author><documents> <document> RT #USER#: #HASHTAG# Unable to get 50 people to come. The amount of voter fraud required to steal the Presidency from #USER#… <document> RT #USER#: Virginia House of Delegates Passes Weapons Prohibition, Confiscation Act #URL# <document> RT #USER#: The human brain simultaneously holds both hands and a robot can multitask using his arm #URL# <document> RT #USER#: DC Fellas steps up and gets a bunch of free stuff from a white man. Including his car! ALSO, new song by Barbersh Allan... <document> Poll: Top Six Dem Candidates Beat Trump Head-to-Head with Bloomberg's Biggest Wife and Biden's Collapse... #URL# <document> A Florida teacher sparks anger after being reported she wants to know If 5th graders is lesbian #URL# <document> RT #USER#: Nigerian Lawmakers: Foreign Governments May Be Funding Boko Haram #URL# <document> RT #USER#: Radical and Ignorant Squad Leader Rashida Tlaib Detained by Police During Detroit Airport Protest #URL#… <document> RT #USER#: Legend! 🇺🇸 #HASHTAG# #URL# <document> RT #USER#: This truck driver is my hero. #URL# <document> RT #USER#: President Trump prepares for the Daytona 500 tomorrow #URL# <document> RT #USER#: This "can teach anyone" joke is ignorant. Farmers, electricians, plumbers, mechanics, scientists, veterinarians, engineers &amp; H2O/s… <document> RT #USER#: Bloomberg Promises to Research ICE and End Trump Policies in Jason Hopkins' Newly Unveiled Immigration Plan on Feb. 10, 20... <document> RT #USER#: "Some I have a problem with Tweets I'm happy to say, actually, the president didn't ask me to do anything... <document> Stop releasing jihadists from prison - #URL# <document> RT #USER#: DIFFICULT MEN FOR TRUMP!#! # <document> SEATTLE CITY COUNCIL GOING MAD: Citizens create, sing to trees that have been slaughtered... #URL# <document> RT #USER#: Hmmmm... What do you think Speaker Pelosi is up to here?! 🤔🤔 #URL# < document> RT #USER#: LAST MINUTE: A 34-year-old New Hampshire man was arrested today after attacking a 15-year-old boy wearing a MAGA hat. He… <document> RT #USER#: .#USER# Democrat candidates just like "The Office It suggests they're like the characters in ", just not fun to watch... <document> RT #USER#: Jerome Powell When the day has passed, the Dow 125, &amp; going higher Drifted steadily as I spoke… <document> Sawant: Amazon's state head tax support 'it's a political account after all' #URL# <document> Holding state government accountable: #URL# - via:wahousegop <document> RT #USER # : 🏳️‍🌈🏳️‍🌈🏳️‍🌈🏳️‍🌈🏳️‍🌈🏳️‍🌈🏳️‍🌈 "#USER# is objectively the most pro-gay president in history" #URL#… <document> RT #USER#: Constitution, federal gives the government *zero* authority over education. #USER# is the last part of #USER#... <doc> RT #USER# says: Predictions are a surefire way to end up with an egg in your face, but I'm pretty sure it'sFame. Democrats befo… <document> RT #USER#: This robot has human-like fingers that perform extremely complex tasks like unscrewing bottles #URL# <document> RT #USER#: .#USER# won #HASHTAG# before the race has already started . #URL# <document> RT #USER#: "Everybody has the flu!" #URL# <document> RT #USER#: Epic! 😂 How cool is that?!? #URL# <document> RT #USER#: MUST WATCH: Best Obama and Trump impression ever! This guy is great! 🤣🤣 #URL# <document> RT #USER#: No money in the world can take that back “The way to take guns from kids' hands is to throw them against the wall... <document> RT # USER#: This tiny robotic spider could one day perform surgeries inside your body #URL # <document> RT #USER#: Step aside Heelys, the inline skates are here! #URL# <document> FORMER MAYOR PETE: Buttigieg is many things but CONTROLLER is not one thing #URL# <document> RT #USER#: This is utter evil. It is the murder of a child born alive. No one who supports this can say that they care about humanity. http… <document> RT #USER#: Last week Fake News said part of our mighty Southern Boundary Wall under construction has been "overturned", try… <document> RT #USER#: Now you can charge your phone no exit #URL# <document> #URL# How to defend the Republic against the Deep State. <document> RT #USER#: Two parties agree on securing our elections. But why make the electoral process more vulnerable to attack… <document> When New York City is the Capital of American Communism #URL# <document> RT #USER#: New 'Jewish Anti-Zionist Organization' at Harvard Raises Controversy # URL# via #USER# https://t… <document> RT #USER#: "This is absolutely unacceptable behavior," said Michelle Lujan Grisham spokesperson Tripp Stelnicki. “There is no room for this… <document> RT #USER#: Hey #USER# do you want to comment on this report?? #URL# <document> 2nd Amendment Attacks Continue Nationwide #URL# #USER# <document> RT #USER#: It must go to one of these 3 houses. It seems that socialism pays well. #URL# <document> RT #USER#: New Hampshire man arrested for allegedly attacking a pro-Trump teenager on election site #URL# <document> RT #USER#: With Bernie now at the forefront of the Democratic candidates, some of the times he PRAISE good time to revisit… <doc> RT #USER#: And good morning from #HASHTAG#'s area in San Francisco! #URL# <document> RT #USER#: Rest in Peace SFC Antonio R. Rodriguez and SFC Javier J. Gutierrez. Our country owes you a huge debt of gratitude… <document> RT #USER#: Alexandria Ocasio-Cortez Collects the Dream Gig: Guest Jury on 'RuPaul's Drag Race' #URL# <document> RT #USER#: This all-electric moped Can reach 100 km/h #URL# <document> Fighting Global Antisemitism with Special Envoy Elan Carr - #URL# <document> RT #USER#: CAR IS FLYING: A suspicious DUI driver slammed Entered a roundabout in Long Beach, threw the car several meters into the air... <document> Here is a list of meme accounts sold to Mike Bloomberg #URL# via RT #USER#: EXPORT IS NOT RACIAL ! Deporting outlaws has nothing to do with race. If a white lady named Tammy is here illegally… <document> gun control bills to watch at the 2020 Washington legislative session #USER# <document> #URL# via RT #USER#: "Too many white people here." Viral video captures conversation from student accused of racism: #URL# <document> RT #USER#: BREAKING: The Justice Department accused four Chinese military hackers of hacking into Equifax's computer networks and... <document> RT #USER#: car sharing company took swift action to stop the spread of the virus #URL# <document> RT #USER#: What qualifications were required for this..👇👇👇 #URL# <document> RT #USER#: Offering full cost is one thing. Arizona's tax competitiveness one of the most valuable tax changes he can make to improve... <document> RT #USER#: WATCH: President #USER# "When All's Said and Done, My Greatest Achievement as President T... <document> WA Inspector: Active hitman, more than worth it more "traumatic" drills #URL# <document> Amazon wants to question Trump about loss of "war cloud" contract #URL# <document> RT #USER#: #HASHTAG#: Avalanche north of Vail Sunday morning Two snowmobiles lost as a result of which died tragically. transcending… <document> RT #USER#: Is this the Daytona 500 or a Trump rally? It looks the same to me. Seeing the same energy in Upstate New York! #HASHTAG# #… <document> How They Voted: 19th, 20th District MPs Vote For The Death Penalty, Sex Education, Clean Fuels & More #USER# <document> via RT #USER# #URL#: Need to be heard Something about this cheating scandal is quite different when you actually read the fake resume. Really… <document> RT #USER#: Land movement threatens 356th Drive near SR 202 in the Fall City area. We ask for the utmost caution… <doc> RT #USER#: LAST MINUTE: AG Bill Barr announcing extensive new push for shelter policies This is huge. America is a… <document> RT #USER#: SHOCK VIDEO: #USER# just saw Omar Khadr on an Air Canada flight — and the Halifax police threatened to arrest him... <document> RT #USER#: "I am the President's I'm really happy that he supports it." #USER# is not offended by #USER#'s guilt... <document> RT #USER#: Donald Stratton, one of the last 3 survivors of Pearl Harbor, dies at 97 #URL# <document> RT #USER#: It's been a busy news week to say the least.. Joe diGenova, USA's D.C. focuses on former district attorney Roger S... <document> RT #USER#: A light, precast concrete roof, just a taste of the upcoming revolution in architecture # URL# <document> RT #USER#: The conversations are good but the direction is unique there are momentsThey can show genuine interest. Bloomberg didn't go to the site of the Bronx fire… <document> RT #USER#: Just a few more people attacking cops at school in Charleston. The Washington Post says it's all Trump's fault. If so, this… <document> 'Current Danger Committee: China' commends Secretary Pompeo for warning to Governors - #URL# <document> RT #USER#: Zero Hedge with 670,000+ followers permanently shut down Twitter' Suspended from #URL# <document> They had a beach explosion on the shore after old ammunition washed ashore #URL# <document> RT #USER#: Audio of #USER#'s 2015 #USER# speech here " You can photocopy the description (you can copy it) )”... <document> RT #USER#: Teacher: "Safety, security, he has a brick." And he used it in the head of a friend at school Washington Post: T… <document> State police #URL# <document> says, Inslee's out-of-state travel program will cost an extra $1.3 million RT #USER#: If you don't support #HASHTAG#, get ready to be harassed by "Bernie Bros." 🤦🤣#URL# <document> RT #USER #: WHAT YOU WILL NEVER SEE IN THE CORRUPTED PARTY MEDIA: #USER# #USER# and… <document> RT #USER#: Manchester' We had a great time in NH tonight! It's always great to see this much love from so many patriotic Americans. Thanks gu… <document> RT #USER#: Please retweet! Today is a nice day. #USER# and Republicans will sweep across the country this time No... <doc> RT #USER#: Take a break from those hips #URL# <doc> CORONAVIRUS DEATH: China numbers lie about death rate...&amp; whistleblower video proves it #URL# <document> RT #USER#: What an amazing rally tonight in Manchester, NH! It's a lot like President #USER#'s #HASHTAG#! ht… <document> RT #USER#: Speaking at a Bernie rally, Cynthia Nixon: "We've had crumbs for a long time and Bernie said, 'Hey, we're hungry... <document> RT #USER#: Oh my! Mike Bloomberg's urban minorities #: NEW: A growing number of professors revealed to have ties to the communist government in China #URL#… <document> RT #USER#: Can you say these artworks were made by robots? #URL# < document> RT #USER #: Goodbye used coffee grounds, hello reusable coffee cups #URL# <document> RT #USER#: This floating park is all made of plastic waste #URL# <document> RT #USER#: It's going to destroy us a country We must respond kindly to the plague and send our feminists.ht… <document> RT #USER#: #USER# #USER# #USER# girls had a disagreement because they disagreed... </documents></writer><documents> <document> RT #USER#: #HASHTAG# does not allow 50 people to join. The amount of voter fraud required to take the presidency from #USER#… <document> RT #USER#: Virginia Congressman passes gun ban, confiscation bill #URL# <document> RT #USER#: human Brain can multitask, use both hands and robotic arm at the same time #URL# <document> RT #USER#: DC Fellas fills up gas and gets lots of free stuff from white dudes . Including his car! Plus, Alan the Barbersh's new song… <Document> Poll: Top 6 Democrats Beat Trump, Bloomberg Maintains Highest Profit Margins, Biden Implodes… #URL# <document> Florida teacher outraged after reportedly demanding to know if 5th grader is lesbian #URL# <document> RT #USER#: Radical and ignorant squad leader Rashida Tlab detained by police at Detroit airport protest #URL#… <document> RT #USER# : Epic! 🇺🇸 #HASHTAG# #URL# <document> RT #USER#: This truck driver is my hero. #URL# <document> RT #USER#: President Trump Attending Tomorrow's Daytona 500 #URL# <document> RT #USER#: This "anybody can tell" irony is ignorant. Farmers are electricians, plumbers, mechanics, scientists, veterinarians, engineers, and farmers. H2O/s… <DOCUMENT> RT #USER#: Bloomberg vows to probe ICE and end Trump policy in newly announced immigration plan Jason Hopkins on Feb. 10, 2020…In fact, President never asked me to do anything. URL# <Document> The Seattle City Council is full of madness: Citizens create and sing songs to the murdered trees. 🤔🤔 #URL# <document> RT #USER#: BREAKING NEWS: A 34-year-old New Hampshire man was arrested today after assaulting a 15-year-old boy wearing a MAGA hat. He claims that… <document> RT #USER#: .#USER#Democrats are like the characters in "The Office," except they're not fun to watch... <document> RT #USER#: The Dow rose 125 that day when Jerome Powell began testifying. pointing upwards. It was drifting steadily as he spoke… <document> Sawant: Amazon's support for state tax is the 'final political calculation' #URL# <document> Holding state governments accountable: #URL# - via:wahousegop <document> RT #USER# : 🏳️‍🌈🏳️‍🌈🏳️‍🌈🏳️‍🌈🏳️‍🌈🏳️‍🌈🏳️‍🌈 “#USER# is the most gay president in history. There is." #URL#… <document> RT #USER#: The Constitution gives the federal government "zero" power over education. #USER# RT #USER#'s latest b… <document> #USER#: Prediction is a surefire way to egg in your face, but I'm sure she'll go runited nations. Democrats befo… <document> RT #USER#: This robot has human-like fingers and performs very complex tasks like unscrewing bottles #URL# <document> RT #USER# : .#USER# Won #HASHTAG# before the race started. #URL# <document> RT #USER#: "Everyone just got the flu!" #URL# <document> RT #USER#: Epic! 🤣 How cool is this?!? #URL# <document> RT # USER#: MUST SEE: Best Obama and Trump Impressions! This guy is awesome! 🤣🤣 #URL# <document> RT #USER#: All the money in the world can't undo this. USER#: This little robotic spider may one day perform surgery inside your body #URL# <document> RT #USER#: Heelys aside, e-skates are here! #URL# < Document> Former Mayor Pete: Buttigieg has many but not one moderation #URL# <Document> RT #USER#: This is sheer evil. It is the murder of a child born alive. Anyone who supports this cannot say they care about humanity. http… <document> RT #USER#: Last week, Fake News said that part of the mighty southern border wall under construction had "collapsed." No outlets #URL# <Documentation> #URL# How to Defend the Republic from the Deep State. <document> RT #USER#: There is bipartisan consensus in securing our election. But why should the election process be more vulnerable to attack… URL# via #USER# https://t… <document> RT #USER#: “This is totally unacceptable behavior,” says Michelle Lujan Grisham spokesperson Tripp Stelnicki said. "There is no space for this… <document> RT #USER#: Hey #USER# would you like to comment on this report?? #URL# <document> Second Amendment attacks ongoing nationwide #URL# #USER# <document> RT #USER#: You must be heading to one of these three houses, apparently socialism is profitable #URL# <document> RT #USER#: New Hampshire man arrested for allegedly assaulting pro-Trump teen at polling place #URL# <document> RT #USER#: Bernie is now the frontrunner for the Democratic nomination, he praises It's a good time to revisit some of the times we spent... <document> RT #USER#: And a lovely GOOD MORNING from the #HASHTAG# district of San Francisco! #URL# <document> RT #USER#: RIP Sleep SFC Antonio R. Rodriguez and SFC Javier J. Gutierrez. Our nation owes a huge debt of gratitude to y… <document> RT #USER#: Alexandria Ocasio-Cortez Lands Dream Gig: "RuPaul's Drag Race #URL# <document> RT #USER#: This Fully Electric Moped #URL# <document> Fighting Global Anti-Semitism with Special Envoy Elan CarrRan into a Long Beach roundabout and launched a vehicle several feet into the air..not racist! Deportation of illegal immigrants has nothing to do with race. If a white woman named Tammy is here illegally… <Document> Notable Gun Control Bills in Washington Congress 2020 #URL# via #USER# <Document> RT #USER#: ``White people here Viral video captures student's racist remarks: #URL# <Document> RT #USER#: BREAKING NEWS: Department of Justice reveals 4 Chinese soldiers hacked into Equifax's computer network Prosecuting hackers and… <documentation> RT #USER#: Rideshare companies moved swiftly to stop the spread of the virus #URL# <documentation> RT #USER#: What entitles this Was it necessary.. 👇👇👇 #URL# <document> RT #USER#: Offering full copayment is one thing Arizona can do to improve tax competitiveness and grow businesses Most Valuable Tax Reform Examples <document> RT #USER#: WATCH: President #USER# "When all is done, my greatest achievement as President is T… <document> > WA Superintendent: Active 's shooters train more 'traumatic' than worth #URL# <document> Amazon wants to question Trump about loss of 'War Cloud' contract #URL# <document> RT #USER#: #HASHTAG#: Two snowmobiles have gone missing after an avalanche struck north of Vail on Sunday morning. Deceased, agree… <document> RT #USER#: Is this the Daytona 500 or a Trump rally? It looks the same to me. This same energy can be seen in Upstate New York! #HASHTAG# #… <Documentation> How They Vote: 19th and 20th Wards vote for the death penalty, sex education, clean fuels and more #URL# via #USER# <document> RT #USER#: One Thing to Hear About this cheating scandal is a whole different story than if you actually read a fake resume. Seriously... <document> RT #USER#: Land movement is threatened on 356th Drive near SR 202 in the Fall City area. With due diligence, we ask… <document> RT #USER#: BREAKING: AG Bill Barr announces sweeping new crackdown on sanctuary policy. America is… <document> RT #USER#: Shocking video: #USER# just saw Omar Khadr on an Air Canada flight — and Halifax police threatened to arrest… <document> RT # USER#: "I'm glad the President really supports this issue." #USER# wasn't offended by #USER#'s crimes… <documentation> RT #USER#: Pearl Harbor Donald Stratton, one of the last three survivors of the attack, dies at age 97 #URL# <document> RT #USER#: It's over, busy news week to say the least.. Joe diGenova Former Washington, D.C. U.S. District Attorney Joins Roger S… URL# <document> RT #USER#: Good Speech, but Has Unique Leading MomentsYou can show genuine interest. Bloomberg didn't go to the Bronx fires… <documentation> RT #USER#: Just more people attacking cops in Charleston schools. The Washington Post says it's all Trump's fault. If so... <document> "Commission on Current Dangers: China" Praises Secretary of State Pompeo for Warning Governor - #URL# <document> RT #USER#: Has over 670,000 followers Zero Hedge Permanently Suspended From Twitter #URL# <documentation> They had beachcombing explosions on shore after old ammunition washed up on shore #URL# <documentation> RT #USER#: #USER#'s In audio from his 2015 #USER# speech, he explains: Xerox (copy) just do" explanation... <documentation> RT #USER#: Teacher: "Security, security, she's got a brick." Used. Washington Post: T… <document> Inslee's out-of-state travel schedule costs an additional $1.3 million, state trooper says #URL# <document> RT #USER#: #HASHTAG# If you don't support harassment from those "Bernie Bros." 🤦🤣#URL# <document> RT #USER#: Things you will never see in the corrupt Democratic media: #USER# #USER# and… <document> RT #USER#: Great time in Manchester tonight NH! It's always amazing to see so much love from so many patriotic Americans. Thanks gu… <documentation> RT #USER#: Retweet! #USER# and Republicans, this No… <document> RT #USER#: Give your ass a rest #URL# <document> CORONAVIRUS DEATH TOLL: CHINA LIES ABOUT NUMBERS, DEATH RATES.. .&amp;; Whistleblower videos prove it. It's like #USER# president's #HASHTAG#! ht… <Documentation> RT #USER#: Cynthia Nixon speaking at Barney's rally: "We've put up with breadcrumbs for so long, but Barney said 'Hey, we're starving...' Was… <document> RT #USER#: Omg Leaked audio of Mike Bloomberg talking about high crime rates among minorities in urban areas. “And… <document> RT #USER#: The Trump 2020 car at the #HASHTAG# #URL# <document> RT #USER #: NEW: Increasing number of professors exposed for ties to China's Communist government #URL#… <document> RT #USER#: THESE ART Can you say the piece was made by a robot? #URL# <document> RT #USER#: Say goodbye to used coffee grounds hello reusable coffee cups Plague ravaging our nation, we are kind should respond to and send feminists.ht… <document> RT #USER#: #USER# #USER# #USER#These girls were at odds because they disagreed... </documents> </author>