  <documents>    <document> #USER# #USER# #USER# #USER# #USER# #USER# #USER# #USER# #USER#… #URL#      <document> #USER# #USER# #USER# #USER# #USER# #USER# #USER# #USER# #USER# #USER# Yup.      <document> #USER# #USER# #USER# #USER# #USER# #USER# #USER# #USER# #USER#… #URL#      <document> #USER# 10-4, Pat! I am Blocking Estee.      <document> #USER# #USER# #USER# #USER# #USER# #USER# #USER# #USER# #USER#… #URL#      <document> #USER# #USER# #USER# How about if I wear my T-shirt &amp; chonies?🤣      <document> #USER# TWO words, AP: Swamp Dweller!      <document> #USER# #USER# #USER# #USER# #USER# #USER# #USER# #USER# #USER#… #URL#      <document> #USER# #USER# If I got a dime for EVERY time I misspoke...      <document> #USER# Sister, we R all here to die, eventually.      <document> #USER# #USER# #USER# #USER# #USER# #USER# #USER# #USER# #USER#… #URL#      <document> #USER# Illegals bring MANY diseases into our USA!😒      <document> #USER# #USER# #USER# #USER# #USER# #USER# #USER# #USER# #USER#… #URL#      <document> #USER# #USER# just Tweeted that Marcia Clark asked OJ Simpson to try the gloves on, during his jury trial.… #URL#      <document> #USER# #USER# #USER# #USER# #USER# #USER# #USER# #USER# #USER#… #URL#      <document> #USER# #USER# #USER# #USER# #USER# #USER# #USER# #USER# #USER#… #URL#      <document> #USER# #USER# #USER# #USER# #USER# #USER# #USER# #USER# Led by #USER#!      <document> #USER# #USER# #USER# #USER# #USER# #USER# #USER# #USER# #USER# 10-4!      <document> #USER# #USER# #USER# #USER# #USER# #USER# #USER# #USER# #USER#… #URL#      <document> #USER# #USER# #USER# #USER# #USER# #USER# #USER# #USER# #USER#… #URL#      <document> #USER# #USER# IDIOTS, like Schiff for brains, fortunately, R a RARE prosecutorial breed.      <document> #USER# #USER# #USER# I missed ALL my Twitter family, too, T!      <document> #USER# #USER# #USER# #USER# #USER# #USER# #USER# #USER# AMEN, Rocky!      <document> #USER# #USER# #USER# #USER# #USER# #USER# #USER# #USER#… #URL#      <document> #USER# Dems R full of "spit!"      <document> #USER# Evidence of Biden corruption is HIGHLY relevant!      <document> #USER# #USER# #USER# Kind of, sister Claudia.      <document> #USER# #USER# #USER# #USER# #USER# #USER# #USER# #USER# #USER# #USER#… #URL#      <document> #USER# #USER# #USER# #USER# #USER# #USER# #USER# #USER# RIP, brothers!      <document> #USER# SADLY, Schiff for brains is a former AUSA. He KNOWS better!      <document> #USER# #USER# #USER# #USER# They R!      <document> #USER# #USER# #USER# #USER# #USER# #USER# #USER# #USER# #USER#… #URL#      <document> #USER# #USER# #USER# #USER# #USER# #USER# #USER#' legal team has an EZ job.… #URL#      <document> #USER# #USER# #USER# #USER# #USER# #USER# #USER# #USER# #USER#… #URL#      <document> #USER# #USER# #USER# #USER# #USER# #USER# #USER# #USER# #USER#… #URL#      <document> #USER# TY, Helen. Recovering from a stroke.      <document> #USER# ANY ethical lawyer DESPISES "lawyers" who pull BS like this!😒      <document> #USER# #USER# #USER# #USER# #USER# #USER# 10-4, brother!      <document> #USER# The ONLY purpose of government is to protect the People! (Thomas Jefferson)      <document> #USER# #USER# That's what we CA LE pros call wackos: 5150's. CA Welfare &amp; Institutions Code sectio… #URL#      <document> #USER# #USER# Now that I'm back @ Twitter, Mary insisted I talk about the "impeachment" BS ##USER#… #URL#      <document> #USER# #USER# #USER# must fire this Adam Henry!🙄      <document> #USER# #USER# #USER# #USER# #USER# #USER# #USER# #USER#… #URL#      <document> #USER# #USER# #USER# #USER# #USER# #USER# #USER# #USER# #USER#… #URL#      <document> #USER# #USER# #USER# #USER# #USER# #USER# #USER# #USER# #USER#… #URL#      <document> #USER# Dems keep this "spit" up? Will B 100%!      <document> #USER# Isn't Rob O'Neil the former USN Seal who offed Bin Laden?      <document> #USER# #USER# #USER# #USER# #USER# #USER# #USER# #USER# #USER#… #URL#      <document> #USER# Hi Mamieanne. Recovering from a stroke.      <document> #USER# #USER# How about CHEAP vodka?      <document> #USER# #USER# 68%? Schiff for brains.🙄      <document> #USER# NO required proof, per Article II, Section IV of our U.S. Constitution! NO Bribery, Treason, or ANY othe… #URL#      <document> #USER# Juan Williams? IDIOT! 2nd point: How ib THE hell can Dems running against #USER# in 2020 also B "fair"… #URL#      <document> #USER# Send "mayor" Pete to MX!🙄      <document> #USER# This "professor" is an IDIOT!      <document> #USER# #USER# #USER# #USER# #USER# #USER# #USER# #USER# #USER#… #URL#      <document> #USER# #USER# #USER# #USER# #USER# #USER# #USER# LOVES #USER#!😊      <document> #USER# #USER# Public defenders used to kid that my "iron heart" would set off the courthouse' metal detector.      <document> #USER# #USER# #USER# #USER# 10-4, Lou! Some DA's do, too.😊      <document> #USER# #USER# #USER# #USER# #USER# #USER# #USER# #USER#… #URL#      <document> #USER# #USER# #USER# #USER# #USER# #USER# #USER# #USER# #USER#… #URL#      <document> #USER# #USER# It's ONLY some dirt bags @ the top, Jessy.      <document> #USER# #USER# #USER# #USER# #USER# #USER# #USER# #USER# #USER#… #URL#      <document> #USER# #USER# #USER# #USER# #USER# #USER# #USER# #USER#… #URL#      <document> #USER# #USER# #USER# #USER# #USER# #USER# #USER# #USER#… #URL#      <document> #USER# #USER# #USER# #USER# #USER# #USER# #USER# #USER#… #URL#      <document> #USER# #USER# #USER# #USER# #USER# #USER# #USER# #USER# #USER#… #URL#      <document> #USER# SLOWLY getting my health back.      <document> #USER# #USER# I am a retired county DA. Only fed job I ever held was @ the USPS, back in college. NO… #URL#      <document> #USER# #USER# #USER# #USER# #USER# #USER# #USER# #USER# #USER#… #URL#      <document> #USER# #USER# It's obvious that Durham &amp; Barr R up to something.😊      <document> #USER# #USER# #USER# #USER# #USER# #USER# #USER# #USER# #USER#… #URL#      <document> #USER# That IS speculation. Inadmissible in ANY U.S. courtroom!      <document> #USER# #USER# Why did Shep Smith get fired? Go to this link: The real reason why Shepard Smith is le… #URL#      <document> #USER# One wrongful termination lawsuit, please?      <document> #USER# #USER# #USER# #USER# #USER# #USER# #USER# #USER# #USER#… #URL#      <document> #USER# #USER# #USER# #USER# #USER# #USER# #USER# #USER# #USER#… #URL#      <document> #USER# #USER# #USER# #USER# #USER# #USER# #USER# #USER# #USER#… #URL#      <document> #USER# #USER# #USER# #USER# #USER# #USER# #USER# #USER# #USER# #USER#… #URL#      <document> #USER# #USER# #USER# #USER# #USER# #USER# #USER# #USER# #USER#… #URL#      <document> #USER# #USER# #USER# HELL YEAH, Gonz. Chris is part of our U.S. public safety family!      <document> #USER# #USER# #USER# #USER# #USER# #USER# #USER# #USER# #USER#… #URL#      <document> #USER# Who IS this vulgarian JACKASS?🙄      <document> #USER# #USER# #USER# #USER# #USER# #USER# #USER# #USER#… #URL#      <document> #USER# #USER# #USER# #USER# #USER# #USER# #USER# #USER#… #URL#      <document> #USER# #USER# #USER# Darden did NOT need Clarke's permission to say anything that STUPID, Joe. What… #URL#      <document> #USER# #USER# #USER# #USER# #USER# #USER# #USER# #USER# #USER#… #URL#      <document> #USER# #USER# U.S. AG Barr just said that Epstein's death was suicide. Barr ROCKS. But? He's WRONG. Broken… #URL#      <document> #USER# TY, Gayle. I had NO idea!😒      <document> #USER# See, folks? THIS is what coppers do!      <document> #USER# My Latina wife makes a sign of the cross on #USER#' forehead EVERY time she sees him on TV!      <document> #USER# #USER# Worst part, Jessy? Schiff is a former Asst U.S. Attorney, aka an AUSA!      <document> #USER# #USER# #USER# #USER# #USER# #USER# #USER# #USER#… #URL#      <document> #USER# #USER# #USER# #USER# #USER# #USER# #USER# #USER# #USER#… #URL#      <document> #USER# #USER# #USER# #USER# #USER# #USER# #USER# #USER# #USER#… #URL#      <document> #USER# #USER# #USER# #USER# #USER# #USER# #USER#… #URL#      <document> #USER# Don't BOTH look evil, Cru?      <document> #USER# #USER# #USER# #USER# #USER# #USER# #USER# #USER# #USER#… #URL#      <document> #USER# #USER# #USER# #USER# #USER# #USER# #USER# #USER# #USER#… #URL#      <document> #USER# #USER# #USER# #USER# #USER# #USER# #USER# #USER# #USER#… #URL#    </documents></author><documents> <document> #USER# #USER# #USER# #USER# #USER# #USER# #USER# #USER# #USER#… #URL# <document> #USER# #USER# #USER# # USER# #USER# #USER# #USER# #USER# #USER# #USER# Yes. <document> #USER# #USER# #USER# #USER# #USER# #USER# #USER# #USER# # USER#… #URL# <document> #USER# 10-4, Pat! I'm blocking Estee. <document> #USER# #USER# #USER# #USER# #USER# #USER# #USER# #USER# #USER#… #URL# <document> #USER# #USER# #USER# What if I wear my shirt &amp; chonies?🤣 <document> #USER# TWO words, AP: Swamp dweller! <document> #USER# #USER# #USER# #USER# #USER# #USER# #USER# #USER# #USER#… #URL# <document> #USER# #USER# If I had a dime for EVERY time that I misspoke... <document> #USER# Sister, we are all here to die sooner or later. <document> #USER# #USER# #USER# #USER# #USER# #USER# #USER# #USER# #USER#… #URL# <document> #USER# Illegals bring A LOT of disease to our USA!😒 <document> #USER# #USER# #USER# #USER# #USER# #USER# #USER# #USER# #USER#… #URL# <document> #USER# #USER# just tweeted that Marcia Clark has asked OJ Simpson to try on gloves, during his jury trial.… #URL# <document> #USER# #USER# #USER# #USER# #USER# #USER# #USER# #USER# #USER# … #URL# <document> #USER# #USER# #USER# #USER# #USER# #USER# #USER# #USER# #USER#… #URL# <document> #USER# #USER# #USER# #USER# #USER # #USER# #USER# #USER# Driven by #USER#! <document> #USER# #USER# #USER# #USER# #USER# #USER# #USER# #USER# #USER# 10-4! <document> #USER# #USER# #USER# #USER# #USER# #USER# #USER# #USER# #USER#… #URL# <document> #USER# #USER# #USER# #USER# # USER# #USER# #USER# #USER# #USER#… #URL# <document> #USER# #USER# IDIOTS, like Schiff for brains, fortunately, R a rare breed of prosecutors. <document> #USER# #USER# #USER# I also missed ALL my family on Twitter, T! <document> #USER# #USER# #USER# #USER# #USER# #USER# #USER# #USER# AMEN, Rocky! <document> #USER# #USER# #USER# #USER# #USER# #USER# #USER# #USER#… #URL# <document> #USER# Dems R full of "spit!" <document> #USER# Evidence of Biden corruption is HIGHLY relevant! <document> #USER# #USER# #USER# More or less, Sister Claudia. <document> #USER# #USER# #USER# #USER# #USER# #USER# #USER# #USER# #USER# #USER#… #URL# <document> #USER# #USER# #USER# # USER# #USER# #USER# #USER# #USER# RIP, brothers! <document> #USER# SAD, Schiff for brains is a former AUSA. KNOWS better! <document> #USER# #USER# #USER# #USER# R! <document> #USER# #USER# #USER# #USER# #USER# #USER# #USER# #USER# #USER#… #URL# <document> #USER# #USER# #USER# #USER# # USER# #USER# The #USER# legal team has a job EZ.… #URL# <document> #USER# #USER# #USER# #USER# #USER# #USER# #USER# #USER# #USER # … #URL# <document> #USER# #USER# #USER# #USER# #USER# #USER# #USER# #USER# #USER#… #URL# <document> #USER# TY, Helen. Recovering from a stroke. <document> #USER# ANY ethical lawyer DESPISEs "lawyers" who suckthis!😒 <document> #USER# #USER# #USER# #USER# #USER# #USER# 10-4, brother! <document> #USER# The ONLY purpose of government is to protect the People! (Thomas Jefferson) <document> #USER# #USER# This is what we CA LE professionals call crazy: 5150's. CA Welfare &amp; Institutions Section Code… #URL# <document> #USER# #USER# Now that I'm back on Twitter, Mary insisted I talk about "impeachment" BS ##USER#… #URL# <document> #USER# # USER# #USER# needs to fire this Adam Henry!🙄 <document> #USER# #USER# #USER# #USER# #USER# #USER# #USER# #USER#… #URL# <document> #USER# # USER# #USER# #USER# #USER# #USER# #USER# #USER# #USER#… #URL# <document> #USER# #USER# #USER# #USER# #USER# #USER# #USER # # USER# #USER#… #URL# <document> #USER# Do dems keep "spitting"? 100% B! <document> #USER# Isn't Rob O'Neil the former USN Seal who took out Bin Laden? <document> #USER# #USER# #USER# #USER# #USER# #USER# #USER# #USER# #USER#… #URL# <document> #USER# Hi Mamieanne. Recovering from a stroke. <document> #USER# #USER# And the CHEAP vodka? <document> #USER# #USER# 68%? Schiff for brains.🙄 <document> #USER# NO proof required, according to Article II, Section IV of our US Constitution! NO bribery, treason or ANY other... #URL# <document> #USER# Juan Williams? IDIOT! 2nd point: how the hell can the Dems run against #USER# in 2020 even B "fair"… #URL# <document> #USER# Send "mayor" Pete to MX!🙄 <document> #USER# This "professor" he's an IDIOT! <document> #USER# #USER# #USER# #USER# #USER# #USER# #USER# #USER# #USER#… #URL# <document> #USER# #USER# #USER# #USER# # USER# #USER# #USER# LOVES #USER#!😊 <document> #USER# #USER# Public defenders joked that my "iron heart" would set off the courthouse metal detector. <document> #USER# #USER# #USER# #USER# 10-4, Lou! Even some DAs.😊 <document> #USER# #USER# #USER# #USER# #USER# #USER# #USER# #USER#… #URL# <document> #USER# #USER# #USER# #USER # #USER# #USER# #USER# #USER# #USER#… #URL# <document> #USER# #USER# It's JUST some dirty bags @ up, Jessy. <document> #USER# #USER# #USER# #USER# #USER# #USER# #USER# #USER# #USER#… #URL# <document> #USER# #USER# #USER# #USER# # USER# #USER# #USER# #USER#… #URL# <document> #USER# #USER# #USER# #USER# #USER# #USER# #USER# #USER#… #URL# <document> # USER# #USER# #USER# #USER# #USER# #USER# #USER# #USER#… #URL# <document> #USER# #USER# #USER# #USER# #USER# #USER# #USER # #USER# #USER#… #URL# <document> #USER# SLOWLY recovering my health. <document> #USER# #USER# I am a retired district attorney. The only job I ever had was at USPS in college. NO… #URL# <document> #USER# #USER# #USER# #USER# #USER# #USER# #USER# #USER# #USER#… #URL# <document> #USER# #USER# It's obvious that Durham &amp; Barr R to something.😊 <document> #USER# #USER# #USER# #USER# #USER# #USER# #USER# #USER# #USER#… #URL# <document> #USER# That IS specultion. Inadmissible in ANY US courtroom! <document> #USER# #USER# Why was Shep Smith fired? Go to this link: The real reason Shepard Smith was left... #URL# <document> #USER# A wrongful termination suit, please? <document> #USER# #USER# #USER# #USER# #USER# #USER# #USER# #USER# #USER#… #URL# <document> #USER# #USER# #USER# #USER# # USER# #USER# #USER# #USER# #USER#… #URL# <document> #USER# #USER# #USER# #USER# #USER# #USER# #USER# #USER# #USER#… # URL# <document> #USER# #USER# #USER# #USER# #USER# #USER# #USER# #USER# #USER# #USER#… #URL# <document> #USER# #USER# #USER # #USER# #USER# #USER# #USER# #USER# #USER#… #URL# <document> #USER# #USER# #USER# HELL YEAH, Gonz. Chris is part of our US Public Safety family! <document> #USER# #USER# #USER# #USER# #USER# #USER# #USER# #USER# #USER#… #URL# <document> #USER# Who Is This Raunchy JACKASS?🙄 <document> #USER# #USER# #USER# #USER# #USER# #USER# #USER# #USER#… #URL# <document> #USER# #USER# #USER# #USER# #USER# #USER# # USER# #USER#… #URL# <document> #USER# #USER# #USER# Darden did NOT need Clarke's permission to say anything that STUPID, Joe. What… #URL# <document> #USER# #USER# #USER# #USER# #USER# #USER# #USER# #USER# #USER#… #URL# <document> #USER# #USER# US AG Barr just said Epstein's death was a suicide. Barr ROCKS. But? He's WRONG. Broken... #URL# <document> #USER# TY, Gayle. I had NO idea! 😒 <document> #USER# Do you see people? THIS is what cops do! <document> #USER# My Latina wife crosses #USER#'s forehead EVERY time she sees him on TV! <document> #USER# #USER# The worst part, Jessy? Schiff is a former United States Attorney, also known as AUSA! <document> #USER# #USER# #USER# #USER# #USER# #USER# #USER# #USER#… #URL# <document> #USER# #USER# #USER# #USER# #USER# # USER# #USER# #USER# #USER#… #URL# <document> #USER# #USER# #USER# #USER# #USER# #USER# #USER# #USER# #USER#… #URL# < document> #USER# #USER# #USER# #USER# #USER# #USER# #USER#… #URL# <document> #USER# BOTH look evil, Cru? <document> #USER# #USER# #USER# #USER# #USER# #USER# #USER# #USER# #USER#… #URL# <document> #USER# #USER# #USER# #USER# # USER# #USER# #USER# #USER# #USER#… #URL# <document> #USER# #USER# #USER# #USER# #USER# #USER# #USER# #USER# #USER#… # URL# </documents></author><documents> <document> #USER# #USER# #USER# #USER# #USER# #USER# #USER# #USER# #USER#… #URL# <document> #USER# #USER# #USER# # USER# #USER# #USER# #USER# #USER# #USER# #USER# Yes. <document> #USER# #USER# #USER# #USER# #USER# #USER# #USER# #USER# #USER#… #URL# <document> #USER# 10-4, Pat! I'm blocking Estee. <document> #USER# #USER# #USER# #USER# #USER# #USER# #USER# #USER# #USER#… #URL# <document> #USER# #USER# #USER# How about when I wear my shirt &amp; Chonies?🤣 <document> #USER# TWO words, AP: swamp dwellers! <document> #USER# #USER# #USER# #USER# #USER# #USER# #USER# #USER# #USER#… #URL# <document> #USER# #USER# If I get a dime for EVERYONE would times I got it wrong... <Document> #USER# Sister, we are all here to die someday. <Document> #USER# #USER# #USER# #USER# #USER# #USER# #USER# #USER# #USER#… #URL# <document> #USER# Illegals bring MANY diseases to our USA!😒 < document> #USER# #USER# #USER# #USER# #USER# #USER# #USER# #USER# #USER#… #URL# <document> #USER# #USER# just tweeted that Marcia Clark OJ Simpson asked to try on the gloves during his jury trial.… #URL# <Document> #USER# #USER# #USER# #USER# #USER# #USER# #USER# #USER# #USER#… #URL# < document> #USER# #USER# #USER# #USER# #USER# #USER# #USER# #USER# #USER#… #URL# <document> #USER# #USER# #USER# #USER# #USER # #USER# #USER# #USER# Led by #USER#! <Document> #USER# #USER# #USER# #USER# #USER# #USER# #USER# #USER# #USER# 10-4! <document> #USER# #USER# #USER# #USER# #USER# #USER# #USER# #USER# #USER#… #URL# <document> #USER# #USER# #USER# #USER# # USER# #USER# #USER# #USER# #USER#… #URL# <document> #USER# #USER# IDIOTS, like Schiff for smarts, fortunately R a RARE prosecutor's office. <document> #USER# #USER# #USER# I missed my ENTIRE Twitter family too, T! <Document> #USER# #USER# #USER# #USER# #USER# #USER# #USER# #USER# AMEN, Rocky! <document> #USER# #USER# #USER# #USER# #USER# #USER# #USER# #USER#… #URL# <document> #USER# Dems R full of "spit"! <Document> #USER# Evidence of Biden corruption is HIGHLY relevant! <Document> #USER# #USER# #USER# Kind of like Nurse Claudia. <document> #USER# #USER# #USER# #USER# #USER# #USER# #USER# #USER# #USER# #USER#… #URL# <document> #USER# #USER# #USER# # USER# #USER# #USER# #USER# #USER# RIP, brothers! <document> #USER# Sadly, Schiff for Brains is a former AUSA. He KNOWS better! <document> #USER# #USER# #USER# #USER# you R! <document> #USER# #USER# #USER# #USER# #USER# #USER# #USER# #USER# #USER#… #URL# <document> #USER# #USER# #USER# #USER# # USER# #USER# The legal team of #USER# has an EZ job.… #URL# <document> #USER# #USER# #USER# #USER# #USER# #USER# #USER# #USER# #USER # … #URL# <document> #USER# #USER# #USER# #USER# #USER# #USER# #USER# #USER# #USER#… #URL# <document> #USER# TY, Helen. recovery from a stroke. <document> #USER# EVERY ethical lawyer DESPONSES "lawyers" who like BSthat!😒 <Document> #USER# #USER# #USER# #USER# #USER# #USER# 10-4, brother! <document> #USER# The ONLY purpose of the government is to protect the people! (Thomas Jefferson) <Document> #USER# #USER# That's what we call CA LE professionals crazy people: 5150s. CA Welfare &amp; Institutions Code sectio… #URL# <document> #USER# #USER# Now that I'm @twitter again, Mary insisted I speak about the "impeachment" BS ##USER#… #URL# <document> #USER # # speaking USER# #USER# gotta fire that Adam Henry!🙄 <document> #USER# #USER# #USER# #USER# #USER# #USER# #USER# #USER#… #URL# <document> # USER# # USER# #USER# #USER# #USER# #USER# #USER# #USER# #USER#… #URL# <document> #USER# #USER# #USER# #USER# #USER# #USER # #USER # #USER# #USER#… #URL# <document> #USER# Dems, are you keeping this spit up? Want B 100%! <document> #USER# Isn't Rob O'Neil the former USN Seal who killed Bin Laden? <Document> #USER# #USER# #USER# #USER# #USER# #USER# #USER# #USER# #USER#… #URL# <document> #USER# Hello Mamieanne. recovery from a stroke. <document> #USER# #USER# How about cheap vodka? <Document> #USER# #USER# 68%? Schiff for brains.🙄 <document> #USER# NO proof required under Article II, Section IV of our US Constitution! NO bribery, treason or ANY other... #URL# <document> #USER# Juan Williams? IDIOT! 2nd point: How the hell can Dems 2020 run "fairly" against #USER# also B... #URL# <Document> #USER# Send "Mayor" Pete to MX!🙄 <Document> #USER# This "Professor" is an idiot! <document> #USER# #USER# #USER# #USER# #USER# #USER# #USER# #USER# #USER#… #URL# <document> #USER# #USER# #USER# #USER# # USER# #USER# #USER# LOVES #USER#!😊 <document> #USER# #USER# Public defenders used to joke that my "iron heart" would set off the courthouse metal detector. <Document> #USER# #USER# #USER# #USER# 10-4, Lou! Some DAs do that too.😊 <Document> #USER# #USER# #USER# #USER# #USER# #USER# #USER# #USER#… #URL# <document> #USER# #USER# #USER# #USER# #USER# #USER# #USER# #USER# #USER#… #URL# <document> #USER# #USER# There are ONLY some scumbags at the top Jessy. <document> #USER# #USER# #USER# #USER# #USER# #USER# #USER# #USER# #USER#… #URL# <document> #USER# #USER# #USER# #USER# # USER# #USER# #USER# #USER#… #URL# <document> #USER# #USER# #USER# #USER# #USER# #USER# #USER# #USER#… #URL# <document> # USER# #USER# #USER# #USER# #USER# #USER# #USER# #USER#… #URL# <document> #USER# #USER# #USER# #USER# #USER# #USER# #USER # #USER# #USER#… #URL# <document> #USER# SLOWLY getting better. <Document> #USER# #USER# I am a retired prosecutor. The only job I ever had was with the USPS back in college. NO… #URL# <document> #USER# #USER# #USER# #USER# #USER# #USER# #USER# #USER# #USER#… #URL# <document> #USER# #USER# It is evident that Durham &amp; Barr R is up to something.😊 <document> #USER# #USER# #USER# #USER# #USER# #USER# #USER# #USER# #USER#… #URL# <document> #USER#nation. Inadmissible in EVERY US courtroom! <document> #USER# #USER# Why was Shep Smith fired? Go to this link: The real reason Shepard Smith is fired... #URL# <document> #USER# A wrongful termination lawsuit, please? <document> #USER# #USER# #USER# #USER# #USER# #USER# #USER# #USER# #USER#… #URL# <document> #USER# #USER# #USER# #USER# # USER# #USER# #USER# #USER# #USER#… #URL# <document> #USER# #USER# #USER# #USER# #USER# #USER# #USER# #USER# #USER#… # URL# <document> #USER# #USER# #USER# #USER# #USER# #USER# #USER# #USER# #USER# #USER#… #URL# <document> #USER# #USER# #USER # #USER# #USER# #USER# #USER# #USER# #USER#… #URL# <document> #USER# #USER# #USER# HELL YEAH, Gonz. Chris is part of our US Public Safety family! <Document> #USER# #USER# #USER# #USER# #USER# #USER# #USER# #USER# #USER#… #URL# <document> #USER# Who IS this vulgar JACKASS?🙄 <document> #USER# #USER# #USER# #USER# #USER# #USER# #USER# #USER#… #URL# <document> #USER# #USER# #USER# #USER# #USER# #USER# # USER# #USER#… #URL# <document> #USER# #USER# #USER# Darden did NOT need Clarke's permission to say anything STUPID, Joe. What… #URL# <document> #USER# #USER# #USER# #USER# #USER# #USER# #USER# #USER# #USER#… #URL# <document> #USER# #USER# U.S. AG Barr only said that Epstein's death was suicide. Barr ROCKS. But? He's wrong. Broke... #URL# <document> #USER# TY, Gayle. I had NO idea!😒 <Document> #USER# You see guys? THIS is what copper does! <Document> #USER# My Latina wife makes the sign of the cross on #USER#'s forehead EVERY time she sees him on TV! <Document> #USER# #USER# The worst, Jessy? Schiff is a former Assistant US Attorney, also known as AUSA! <document> #USER# #USER# #USER# #USER# #USER# #USER# #USER# #USER#… #URL# <document> #USER# #USER# #USER# #USER# #USER# # USER# #USER# #USER# #USER#… #URL# <document> #USER# #USER# #USER# #USER# #USER# #USER# #USER# #USER# #USER#… #URL# < document> #USER# #USER# #USER# #USER# #USER# #USER# #USER#… #URL# <document> #USER# Don't they BOTH look mean, Cru? <document> #USER# #USER# #USER# #USER# #USER# #USER# #USER# #USER# #USER#… #URL# <document> #USER# #USER# #USER# #USER# # USER# #USER# #USER# #USER# #USER#… #URL# <document> #USER# #USER# #USER# #USER# #USER# #USER# #USER# #USER# #USER#… # URL# </documents></author><documents> <document> #USER# #USER# #USER# #USER# #USER# #USER# #USER# #USER# #USER#… #URL# <document> #USER# #USER# #USER# # USER# #USER# #USER# #USER# #USER# #USER# #USER# Yes. <document> #USER# #USER# #USER# #USER# #USER# #USER# #USER# #USER# #USER#… #URL# <document> #USER# 10-4, Pat! I'm Blocking Estee. <document> #USER# #USER# #USER# #USER# #USER# #USER# #USER# #USER# #USER#… #URL# <document> #USER# #USER# #USER# wear my shirt &amp; chonies?🤣 <document> #USER# TWO words, AP: Swamp Resident! <document> #USER# #USER# #USER# #USER# #USER# #USER# #USER# #USER# #USER#… #URL# <document> #USER# #USER# EVERYTHING is wrong even if I have a penny when I speak... <document> #USER# Sister, we are all here to die eventually. <document> #USER# #USER# #USER# #USER# #USER# #USER# #USER# #USER# #USER#… #URL# <document> #USER# Illegals bring MANY diseases to our USA!😒 < document> #USER# #USER# #USER# #USER# #USER# #USER# #USER# #USER# #USER#… #URL# <document> #USER# #USER# just by Marcia Clark OJ Simpson during the jury trial to try on the gloves.… #URL# <document> #USER# #USER# #USER# #USER# #USER# #USER# #USER# #USER# #USER#… #URL# < document> #USER# #USER# #USER# #USER# #USER# #USER# #USER# #USER# #USER#… #URL# <document> #USER# #USER# #USER# #USER# #USER # #USER# #USER# #USER# led by #USER#! <document> #USER# #USER# #USER# #USER# #USER# #USER# #USER# #USER# #USER# 10-4! <document> #USER# #USER# #USER# #USER# #USER# #USER# #USER# #USER# #USER#… #URL# <document> #USER# #USER# #USER# #USER# # USER# #USER# #USER# #USER# #USER#… #URL# <document> #USER# #USER# Idiots with brains just like Schiff, fortunately, a RARE type of prosecutor. <document> #USER# #USER# #USER# I miss ALL my Twitter family too T! <document> #USER# #USER# #USER# #USER# #USER# #USER# #USER# #USER# Amen, Rocky! <document> #USER# #USER# #USER# #USER# #USER# #USER# #USER# #USER#… #URL# <document> #USER# Dems R full "spit!" <document> #USER# Evidence of Biden's corruption is VERY IMPORTANT! <document> #USER# #USER# #USER# Sort of like a sister to Claudia. <document> #USER# #USER# #USER# #USER# #USER# #USER# #USER# #USER# #USER# #USER#… #URL# <document> #USER# #USER# #USER# # USER# #USER# #USER# #USER# #USER# RIP brothers! <document> #USER# Unfortunately for brains, Schiff is an old AUSA. HE KNOWS better! <document> #USER# #USER# #USER# #USER# They are R! <document> #USER# #USER# #USER# #USER# #USER# #USER# #USER# #USER# #USER#… #URL# <document> #USER# #USER# #USER# #USER# # The USER# #USER# #USER#' legal team has an EZ job.… #URL# <document> #USER# #USER# #USER# #USER# #USER# #USER# #USER# #USER# #USER# … #URL# <document> #USER# #USER# #USER# #USER# #USER# #USER# #USER# #USER# #USER#… #URL# <document> #USER# TY, Helen. Relief from paralysis. <document> #USER# ANY ethical lawyer is PROTECTED from BS-like "lawyers"this!😒 <document> #USER# #USER# #USER# #USER# #USER# #USER# 10-4, bro! <document> #USER# The ONLY purpose of the government is to protect the people! (Thomas Jefferson) <document> #USER# #USER# This is what we CA LE pros call crazy: the 5150s. CA Prosperity &amp; Organization Code section… #URL# <document> #USER# #USER# Now that I'm back on @ Twitter, Mary insisted I talk about "blame" BS ##USER#… #URL# <document> #USER# #USER # #USER# This Man should fire Henry!🙄 <document> #USER# #USER# #USER# #USER# #USER# #USER# #USER# #USER#… #URL# <document> #USER# # USER# #USER# #USER# #USER# #USER# #USER# #USER# #USER#… #URL# <document> #USER# #USER# #USER# #USER# #USER# #USER# #USER # #USER# #USER#… #URL# <document> #USER# Do brews keep this "spit"? B will be 100%! <document> #USER# Isn't Rob O'Neil the former USN Seal that killed Bin Laden? <document> #USER# #USER# #USER# #USER# #USER# #USER# #USER# #USER# #USER#… #URL# <document> #USER# Hi Mamieanne. Relief from paralysis. <document> #USER# #USER# How about CHEAP vodka? <document> #USER# #USER# 68%? Schiff for the Brain.🙄 <document> #USER# Part II of our US Constitution. According to Article IV, no evidence required! NO Bribery, Betrayal or ANYTHING… #URL# <document> #USER# Juan Williams? IDIOT! Point 2: How can Dems compete against #USER# in 2020 B is "fair"… #URL# <document> #USER# send "mayor" Pete to MX!🙄 <document> #USER # This "professor" is an IDIOT! <document> #USER# #USER# #USER# #USER# #USER# #USER# #USER# #USER# #USER#… #URL# <document> #USER# #USER# #USER# #USER# # USER# #USER# LOVES #USER# #USER#!😊 <document> #USER# #USER# Public defenders used to tease that my "iron heart" would turn on the courthouse metal detector. <document> #USER# #USER# #USER# #USER# 10-4, Lou! So are some DAs.😊 <document> #USER# #USER# #USER# #USER# #USER# #USER# #USER# #USER#… #URL# <document> #USER# #USER# #USER# #USER# #USER# #USER# #USER# #USER# #USER#… #URL# <document> #USER# #USER# Some bags of dirt on top ONLY, Jessy. <document> #USER# #USER# #USER# #USER# #USER# #USER# #USER# #USER# #USER#… #URL# <document> #USER# #USER# #USER# #USER# # USER# #USER# #USER# #USER#… #URL# <document> #USER# #USER# #USER# #USER# #USER# #USER# #USER# #USER#… #URL# <document> # USER# #USER# #USER# #USER# #USER# #USER# #USER# #USER#… #URL# <document> #USER# #USER# #USER# #USER# #USER# #USER# #USER # #USER# #USER#… #URL# <document> #USER# I'm slowly getting my health back. <document> #USER# #USER# I am a retired district attorney. The only federal job I ever had was at the USPS when I was in college. NO… #URL# <document> #USER# #USER# #USER# #USER# #USER# #USER# #USER# #USER# #USER#… #URL# <document> #USER# #USER# Open Durham &amp; Barr R up to one thing.😊 <document> #USER# #USER# #USER# #USER# #USER# #USER# #USER# #USER# #USER#… #URL# <document> #USER# This is speculativeation Inadmissible in ANY US courtroom! <document> #USER# #USER# Why was Shep Smith fired? Go to this link: Why is Shepard Smith le… #URL# <document> #USER# A wrongful termination lawsuit, please? <document> #USER# #USER# #USER# #USER# #USER# #USER# #USER# #USER# #USER#… #URL# <document> #USER# #USER# #USER# #USER# # USER# #USER# #USER# #USER# #USER#… #URL# <document> #USER# #USER# #USER# #USER# #USER# #USER# #USER# #USER# #USER#… # URL# <document> #USER# #USER# #USER# #USER# #USER# #USER# #USER# #USER# #USER# #USER#… #URL# <document> #USER# #USER# #USER # #USER# #USER# #USER# #USER# #USER# #USER#… #URL# <document> #USER# #USER# #USER# HELL YES, Gonz. Chris is part of our US public safety family! <document> #USER# #USER# #USER# #USER# #USER# #USER# #USER# #USER# #USER#… #URL# <document> #USER# WHO IS this pretty WOOD?🙄 <document> # USER# #USER# #USER# #USER# #USER# #USER# #USER# #USER#… #URL# <document> #USER# #USER# #USER# #USER# #USER# #USER# #USER # #USER#… #URL# <document> #USER# #USER# #USER# Darden DID NOT need Clarke's permission to say something so STUPID, Joe. What… #URL# <document> #USER# #USER# #USER# #USER# #USER# #USER# #USER# #USER# #USER#… #URL# <document> #USER# #USER# US NETWORK Barr just said Epstein's death was a suicide. Barr ROCKS. However? IT IS WRONG. Corrupted… #URL# <document> #USER# TY, Gayle. I had NO idea!😒 <document> #USER# Look guys? That's what cops do! <document> #USER# EVERY time my Latina wife sees her on TV, she makes a cross on #USER#'s forehead! <document> #USER# #USER# The worst part, Jessy? Schiff is a former US Attorney General aka AUSA! <document> #USER# #USER# #USER# #USER# #USER# #USER# #USER# #USER#… #URL# <document> #USER# #USER# #USER# #USER# #USER# # USER# #USER# #USER# #USER#… #URL# <document> #USER# #USER# #USER# #USER# #USER# #USER# #USER# #USER# #USER#… #URL# < document> #USER# #USER# #USER# #USER# #USER# #USER# #USER#… #URL# <document> #USER# They both look bad, Cru? <document> #USER# #USER# #USER# #USER# #USER# #USER# #USER# #USER# #USER#… #URL# <document> #USER# #USER# #USER# #USER# # USER# #USER# #USER# #USER# #USER#… #URL# <document> #USER# #USER# #USER# #USER# #USER# #USER# #USER# #USER# #USER#… # URL# </documents></author><document> <document> #USER# #USER# #USER# #USER# #USER# #USER# #USER# #USER# #USER#… #URL# <document> #USER# #USER# #USER# # USER# #USER# #USER# #USER# #USER# #USER# #USER# Yes. <document> #USER# #USER# #USER# #USER# #USER# #USER# #USER# #USER# #USER#… #URL# <document> #USER# 10-4, Pat! I'm blocking Esther. <document> #USER# #USER# #USER# #USER# #USER# #USER# #USER# #USER# #USER#… #URL# <document> #USER# #USER# #USER#my t-shirt chonies?🤣 <document> #USER# TWO words, AP: Swamp Dweller! <document> #USER# #USER# #USER# #USER# #USER# #USER# #USER# #USER# #USER #… #URL# <document> #USER# #USER#When I say it wrong... <document> #USER# Sister, we're all here to die eventually. <document> #USER# #USER# #USER# #USER# #USER# #USER# #USER# #USER# #USER#… #URL# <document> #USER# Traitors bring many diseases to America <document> #USER# #USER# #USER# #USER# #USER# #USER# #USER# #USER# #USER#… #URL# <document> #USER# #USER# Marsha Clark tweeted that he asked OJ Simpson to try on gloves during a jury trial.… #URL# <document> #USER# #USER# #USER# #USER# #USER# #USER# #USER# # USER# #USER#… #URL# <Document> #USER# #USER# #USER# #USER# #USER# #USER# #USER# #USER# #USER#… #URL# <Document> #USER# # USER# #USER# #USER# #USER # #USER# #USER# #USER# #USER#Lead! <Document> #USER# #USER# #USER# #USER# #USER# #USER# #USER# #USER# #USER# 10-4! <Document> #USER# #USER# #USER# #USER# # USER# #USER# #USER# #USER# #USER#… #URL# <Document> #USER# #USER# #USER# #USER# # USER# #USER# #USER# #USER# #USER#… # URL# <document> #USER# #USER# Like an idiot, brain schiff, fortunately, R is a rare prosecutor breed. <document> #USER# #USER# #USER# I miss the whole Twitter family too, T! <document> #USER# #USER# #USER# #USER# #USER# #USER# #USER# #USER # Amen, Rocky! <document> #USER# #USER# #USER# #USER# #USER# #USER# #USER# #USER#… #URL# <document> #USER# Dems R full of spitting <document> #USER# Evidence of Biden's corruption is very important! <document> #USER# #USER# #USER# Kind of like the Claudia sisters. <document> #USER# #USER# #USER# #USER# #USER# #USER# #USER# #USER# #USER# #USER#… #URL# <document> #USER# #USER# #USER# # USER# #USER# #USER# #USER# #USER# RIP, Brothers! He knows better! <documentation> #USER# #USER# #USER# #USER# They R! <documentation> #USER# #USER# #USER# #USER# #USER# #USER# #USER# #USER# #USER#… # URL# <document> #USER# #USER# #USER# #USER# # USER# #USER# #USER#' legal team has a EZ job.… #URL# <document> #USER# #USER# #USER# #USER# #USER# #USER# #USER# #USER# #USER# … #URL# <Document> #USER# #USER# #USER# #USER# #USER# #USER# #USER# #USER# # USER#… #URL# <documentation> #USER# TY, Helen. Stroke recovery. <Document> #USER# Ethical lawyers despise "lawyers" who pull like BSthis!😒 <document> #USER# #USER# #USER# #USER# #USER# #USER# 10-4 Brother! <Document> #USER# The government's only purpose is to protect the people! (Thomas Jefferson) <Document> #USER# #USER# That's what we CA LE experts call Wacko: 5150's. CA Welfare and Benefits Institutions Code Section… #URL# <document> #USER# #USER# Back on Twitter, Mary insisted I talk about "impeachment" BS ##USER#… #URL# < document> #USER# # USER# #USER# must fire this Adam Henry!🙄 <document> #USER# #USER# #USER# #USER# #USER# #USER# #USER# # USER#… #URL# <document> #USER# # USER# #USER# #USER# #USER# #USER# #USER# #USER# #USER#… #URL# <document> #USER# #USER# # USER# #USER# #USER# #USER# #USER # #USER# #USER#… #URL# <Document> #USER# Will the Democrats keep spitting this spit? B 100%! <document> #USER# Wasn't Rob O'Neal the former USN SEAL who attacked bin Laden? <document> #USER# #USER# #USER# #USER# #USER# #USER# #USER# #USER # #USER#… #URL# <document> #USER# Hello. Recovery from stroke. <document> #USER# #USER# How about some CHEAP vodka? <document> #USER# #USER# 68%? 🙄 <document> #USER# No proof required! No bribery, treason or anything else… #URL# <document > #USER# Juan Williams? Point 2: How can Democrats running for #USER# in 2020 B "Fair" … #URL# <Document> #USER# Send "Mayor" Pete to MX!🙄 <Document> #USER # This "professor" is an idiot! <documentation> #USER# #USER# #USER# #USER# #USER# #USER# #USER# #USER# #USER#… #URL# <documentation> #USER# #USER# #USER# #USER# # USER# #USER# #USER# LOVES #USER#! <documentation> #USER# #USER# #USER# #USER# 10-4, Lou! So do some DAs 😊 <document> #USER# #USER# #USER# #USER# #USER# #USER# #USER# #USER#… #URL# <document> #USER# #USER# #USER # #USER# #USER# #USER# #USER# #USER# #USER#… #URL# <document> #USER# #USER# That's just a piece of trash @ up, Jesse. <documentation> #USER# #USER# #USER# #USER# #USER# #USER# #USER# #USER# #USER#… #URL# <documentation> #USER# #USER# #USER# #USER# # USER# #USER# #USER# #USER#… #URL# <documentation> #USER# #USER# #USER# #USER# #USER# #USER# #USER# #USER#… #URL# <documentation> # USER# #USER# #USER# #USER# #USER# #USER# #USER# #USER#… #URL# <Document> #USER# #USER# #USER# #USER# #USER# #USER# #USER # #USER# #USER#… #URL# <Document> #USER# You are slowly regaining your health. <documentation> #USER# #USER# I am a retired County DA. The only job I ever had was @ USPS back in college. NO… #URL# <Document> #USER# #USER# #USER# #USER# #USER# #USER# #USER# #USER# #USER#… #URL# <Document> #USER# #USER# Of course Durham & Barr R up to something.😊 <document> #USER# #USER# #USER# #USER# #USER# #USER# #USER# #USER# #USER#… #URL# <document> #USER# That IS speculchange. Not admissible in US courts. <document> #USER# #USER# Why was Shepard Smith fired? Visit this link: The real reason why Shepard Smith is le… #URL# <document> #USER# <document> #USER# #USER# #USER# #USER# #USER# #USER# #USER# #USER# #USER#… #URL# <document> #USER# #USER# #USER# #USER# # USER# # USER# #USER# #USER# #USER#… #URL# <Document> #USER# #USER# #USER# #USER# #USER# #USER# #USER# #USER# #USER#… # URL# < document> #USER# #USER# #USER# #USER# #USER# #USER# #USER# #USER# #USER# #USER#… #URL# <document> #USER# #USER# #USER # #USER # #USER# #USER# #USER# #USER# #USER#… #URL# <documentation> #USER# #USER# #USER# Yeah, Gonz. Chris is part of the US Public Safety family! <document> #USER# #USER# #USER# #USER# #USER# #USER# #USER# #USER# #USER#… #URL# <document> #USER# Who is this vulgar JACKASS?🙄 <document > #USER# #USER# #USER# #USER# #USER# #USER# #USER# #USER#… #URL# <documentation> #USER# #USER# #USER# #USER# #USER# #USER# # USER# #USER#… #URL# <document> #USER# #USER# #USER# Darden doesn't need Clark's permission, fool, Joe. What… #URL# <documentation> #USER# #USER# #USER# #USER# #USER# #USER# #USER# #USER# #USER#… #URL# <documentation> #USER# #USER# U.S. AG Burr said Epstein's death was a suicide. bar rocks. but? he is wrong Broken… #URL# <Document> #USER# TY, Gale. I had no idea!😒 <documentation> #USER# Hey guys? <document> #USER# Latina wife puts a cross sign on #USER#'s forehead #USER# Every time I see him on TV! <document> #USER# #USER# The worst part, Jesse? Former US Assistant Attorney, also known as AUSA. <documentation> #USER# #USER# #USER# #USER# #USER# #USER# #USER# #USER#… #URL# <documentation> #USER# #USER# #USER# #USER# #USER# # USER# #USER# #USER# #USER#… #URL# <Document> #USER# #USER# #USER# #USER# #USER# #USER# #USER# #USER# #USER#… #URL# < document> #USER# #USER# #USER# #USER# #USER# #USER# #USER#… #URL# <document> #USER# Don't they both look evil, Cru? <document> #USER# #USER# #USER# #USER# #USER# #USER# #USER# #USER# #USER#... #URL# <Document> #USER# #USER# #USER# #USER# # USER# #USER# # USER# #USER# #USER#… #URL# <document> #USER# #USER# #USER# #USER# #USER# #USER# #USER# #USER# #USER#… # URL# </documents> </author>