  <documents>    <document> #HASHTAG#: i play. Baby &amp; Toddler Flap Sun Protection Swim Hat #URL# #URL#      <document> #HASHTAG#: Levi’s Men’s 501 Original-Fit Jean #URL#      <document> #HASHTAG#: Utopia Kitchen Non-Stick Knife Set Color-Coded and Cutting Board #URL# #URL#      <document> #HASHTAG#: Instant Pot IP-DUO60 7-in-1Multi-Use Programmable Pressure Cooker, 6 Quart 1000W #URL# #URL#      <document> #HASHTAG#: Under Armour Men’s Tech Short Sleeve T-Shirt #URL# #URL#      <document> #HASHTAG#: Crocs Unisex Classic Clog #URL# #URL#      <document> #HASHTAG#: Lucky Brand Women’s Eyelet Peasant Top #URL# #URL#      <document> #HASHTAG#: Champion Men’s Jersey Short With Pockets #URL# #URL#      <document> #HASHTAG#: BLACK + DECKER CHV1410L 16V Cordless Lithium Hand Vac #URL# #URL#      <document> #HASHTAG#: Watermelon Slicer Cutter Corer &amp; Server – Multipurpose All In One Stainless Steel Knife – Melon &amp; Fruit Slicer… #URL#      <document> #HASHTAG#: Hanes Men’s Long Sleeve Cool Dri T-Shirt UPF 50+ (Pack of 2) #URL#      <document> #HASHTAG#: Utopia Kitchen Non-Stick Knife Set Color-Coded and Cutting Board #URL# #URL#      <document> #HASHTAG#: Watermelon Slicer Cutter Corer &amp; Server – Multipurpose All In One Stainless Steel Knife – Melon &amp; Fruit Slicer… #URL#      <document> #HASHTAG#: Hanes Men’s ComfortSoft T-Shirt (Pack of 4) #URL# #URL#      <document> #HASHTAG#: ThermoPro TP03A Digital Food Cooking Thermometer Instant Read Meat Thermometer for… #URL# #URL#      <document> #HASHTAG#: Sanuk Women’s Yoga Sling 2 Flip Flop #URL# #URL#      <document> #HASHTAG#: Under Armour Men’s Tech Short Sleeve T-Shirt #URL# #URL#      <document> #HASHTAG#: Champion Men’s Jersey Short With Pockets #URL# #URL#      <document> #HASHTAG#: LiBa Mildew Resistant Anti-Bacterial PEVA 8G Shower Curtain Liner, 72×72 Clear – Non… #URL# #URL#      <document> #HASHTAG#: Hanes Men’s 5-Pack Ultimate FreshIQ Boxer with ComfortFlex Waistband Brief –… #URL# #URL#      <document> #HASHTAG#: Under Armour Men’s Tech Short Sleeve T-Shirt #URL# #URL#      <document> #HASHTAG#: LL Womens Boat Neck Dolman Top – Made in USA #URL# #URL#      <document> #HASHTAG#: URPOWER 2nd Version Essential Oil Diffuser, 100ml Aroma Essential Oil Cool Mist… #URL# #URL#      <document> #HASHTAG#: Yazer Wool Dryer Balls, 10 – Pieces, White #URL# #URL#      <document> #HASHTAG#: ASICS Men’s GEL Venture 5 Trail Running Shoe #URL# #URL#      <document> #HASHTAG#: Stride Rite Made 2 Play Phibian Sneaker Sandal Water Shoe (Toddler/Little Kid/Big Kid) #URL#      <document> #HASHTAG#: Levi’s Men’s 501 Original-Fit Jean #URL# #URL#      <document> #HASHTAG#: Hanes Men’s Long Sleeve Cool Dri T-Shirt UPF 50+ (Pack of 2) #URL# #URL#      <document> #HASHTAG#: Chapin 20000 Poly Lawn and Garden Sprayer For Fertilizer, Herbicides and Pesticides, 1 Gallon #URL#      <document> #HASHTAG#: Hanes Men’s ComfortSoft T-Shirt (Pack of 4) #URL# #URL#      <document> #HASHTAG#: Lucky Brand Women’s Eyelet Peasant Top #URL# #URL#      <document> #HASHTAG#: Champion Men’s Long Mesh Short With Pockets #URL# #URL#      <document> #HASHTAG#: Instant Pot IP-DUO60 7-in-1Multi-Use Programmable Pressure Cooker, 6 Quart 1000W #URL# #URL#      <document> #HASHTAG#: ASICS Men’s GEL Venture 5 Trail Running Shoe #URL# #URL#      <document> #HASHTAG#: Instant Pot IP-DUO60 7-in-1Multi-Use Programmable Pressure Cooker, 6 Quart 1000W #URL# #URL#      <document> #HASHTAG#: Levi’s Men’s 505 Regular Fit Jean #URL# #URL#      <document> #HASHTAG#: Champion Men’s Long Mesh Short With Pockets #URL# #URL#      <document> #HASHTAG#: Milumia Women’s Button Up Split Floral Print Flowy Party Maxi Dress #URL# #URL#      <document> #HASHTAG#: Levi’s Men’s 501 Original-Fit Jean #URL# #URL#      <document> #HASHTAG#: Watermelon Slicer Cutter Corer &amp; Server – Multipurpose All In One Stainless Steel… #URL# #URL#      <document> #HASHTAG#: Hanes Men’s 5-Pack Ultimate FreshIQ Boxer with ComfortFlex Waistband Brief –… #URL# #URL#      <document> #HASHTAG#: ATESSON Fidget Spinner Toy Ultra Durable Stainless Steel Bearing High Speed 5-7 Min… #URL# #URL#      <document> #HASHTAG#: URPOWER 2nd Version Essential Oil Diffuser, 100ml Aroma Essential Oil Cool Mist… #URL# #URL#      <document> #HASHTAG#: Champion Men’s Long Mesh Short With Pockets #URL# #URL#      <document> #HASHTAG#: Hanes Men’s X-Temp Performance Polo Shirt #URL#      <document> #HASHTAG#: BLACK+DECKER AF-100-3ZP 30ft 0.065″ Line String Trimmer Replacement Spool, 3-Pack #URL# #URL#      <document> #HASHTAG#: ASICS Men’s GEL Venture 5 Trail Running Shoe #URL# #URL#      <document> #HASHTAG#: Levi’s Men’s 501 Original-Fit Jean #URL# #URL#      <document> #HASHTAG#: Hanes Men’s ComfortSoft T-Shirt (Pack of 4) #URL# #URL#      <document> #HASHTAG#: Lanmo Womens Swing Tunic Tops Loose Fit Comfy Flattering T Shirt #URL# #URL#      <document> #HASHTAG#: BLACK+DECKER AF-100-3ZP 30ft 0.065″ Line String Trimmer Replacement Spool, 3-Pack #URL#      <document> #HASHTAG#: BLACK + DECKER CHV1410L 16V Cordless Lithium Hand Vac #URL# #URL#      <document> #HASHTAG#: Lucky Brand Women’s Eyelet Peasant Top #URL#      <document> #HASHTAG#: Watermelon Slicer Cutter Corer &amp; Server – Multipurpose All In One Stainless Steel Knife… #URL# #URL#      <document> #HASHTAG#: Hanes Men’s ComfortSoft T-Shirt (Pack of 4) #URL# #URL#      <document> #HASHTAG#: Levi’s Men’s 501 Original-Fit Jean #URL# #URL#      <document> #HASHTAG#: Chapin 20000 Poly Lawn and Garden Sprayer For Fertilizer, Herbicides and Pesticides,… #URL# #URL#      <document> #HASHTAG#: Lucky Brand Women’s Eyelet Peasant Top #URL# #URL#      <document> #HASHTAG#: Chapin 20000 Poly Lawn and Garden Sprayer For Fertilizer, Herbicides and Pesticides,… #URL# #URL#      <document> #HASHTAG#: Champion Men’s Jersey Short With Pockets #URL# #URL#      <document> #HASHTAG#: Watermelon Slicer Cutter Corer &amp; Server – Multipurpose All In One Stainless Steel Knife… #URL# #URL#      <document> #HASHTAG#: Crocs Unisex Classic Clog #URL# #URL#      <document> #HASHTAG#: LL Womens Boat Neck Dolman Top – Made in USA #URL# #URL#      <document> #HASHTAG#: Under Armour Men’s Tech Short Sleeve T-Shirt #URL# #URL#      <document> #HASHTAG#: Hanes Men’s ComfortSoft T-Shirt (Pack of 4) #URL# #URL#      <document> #HASHTAG#: ASICS Men’s GEL Venture 5 Trail Running Shoe #URL# #URL#      <document> #HASHTAG#: Hanes Men’s 5-Pack Ultimate FreshIQ Boxer with ComfortFlex Waistband Brief –… #URL# #URL#      <document> #HASHTAG#: AUSELILY Women’s Sleeveless Pockets Casual Swing T-shirt Dresses #URL#      <document> #HASHTAG#: Lanmo Womens Swing Tunic Tops Loose Fit Comfy Flattering T Shirt #URL# #URL#      <document> #HASHTAG#: Lucky Brand Women’s Eyelet Peasant Top #URL# #URL#      <document> #HASHTAG#: Lanmo Womens Swing Tunic Tops Loose Fit Comfy Flattering T Shirt #URL# #URL#      <document> #HASHTAG#: ThermoPro TP03A Digital Food Cooking Thermometer Instant Read Meat Thermometer for… #URL# #URL#      <document> #HASHTAG#: Brita Replacement Water Filter for Pitchers, 3 Count #URL# #URL#      <document> #HASHTAG#: Levi’s Men’s 501 Original-Fit Jean #URL#      <document> #HASHTAG#: Yazer Wool Dryer Balls, 10 – Pieces, White #URL#      <document> #HASHTAG#: Hanes Men’s Long Sleeve Cool Dri T-Shirt UPF 50+ (Pack of 2) #URL# #URL#      <document> #HASHTAG#: Hanes Men’s 5-Pack Ultimate FreshIQ Boxer with ComfortFlex Waistband Brief –… #URL# #URL#      <document> #HASHTAG#: Champion Men’s Long Mesh Short With Pockets #URL# #URL#      <document> #HASHTAG#: Hanes Men’s X-Temp Performance Polo Shirt #URL# #URL#      <document> #HASHTAG#: Yazer Wool Dryer Balls, 10 – Pieces, White #URL# #URL#      <document> #HASHTAG#: Queen Size SafeRest Premium Hypoallergenic Waterproof Mattress Protector – Vinyl Free #URL# #URL#      <document> #HASHTAG#: Hoover FloorMate Deluxe Hard Floor Cleaner, FH40160PC – Corded #URL# #URL#      <document> #HASHTAG#: Yazer Wool Dryer Balls, 10 – Pieces, White #URL# #URL#      <document> #HASHTAG#: Watermelon Slicer Cutter Corer &amp; Server – Multipurpose All In One Stainless Steel Knife… #URL# #URL#      <document> #HASHTAG#: Champion Men’s Long Mesh Short With Pockets #URL# #URL#      <document> #HASHTAG#: Champion Men’s Long Mesh Short With Pockets #URL# #URL#      <document> #HASHTAG#: ATESSON Fidget Spinner Toy Ultra Durable Stainless Steel Bearing High Speed 5-7 Min… #URL# #URL#      <document> #HASHTAG#: Utopia Kitchen Non-Stick Knife Set Color-Coded and Cutting Board #URL# #URL#      <document> #HASHTAG#: AUSELILY Women’s Sleeveless Pockets Casual Swing T-shirt Dresses #URL#      <document> #HASHTAG#: AUSELILY Women’s Sleeveless Pockets Casual Swing T-shirt Dresses #URL#      <document> #HASHTAG#: Weber 7416 Rapidfire Chimney Starter #URL# #URL#      <document> #HASHTAG#: Champion Men’s Long Mesh Short With Pockets #URL# #URL#      <document> #HASHTAG#: Crocs Unisex Classic Clog #URL# #URL#      <document> #HASHTAG#: Ozeri Pronto Digital Multifunction Kitchen and Food Scale, Elegant Black #URL# #URL#      <document> #HASHTAG#: ASICS Men’s GEL Venture 5 Trail Running Shoe #URL# #URL#      <document> #HASHTAG#: AUSELILY Women’s Sleeveless Pockets Casual Swing T-shirt Dresses #URL#      <document> #HASHTAG#: RockDove Two-Tone Memory Foam Slippers for Men, Breathable Waffle Texture Spring… #URL# #URL#      <document> #HASHTAG#: Levi’s Men’s 505 Regular Fit Jean #URL# #URL#      <document> #HASHTAG#: Brita Replacement Water Filter for Pitchers, 3 Count #URL# #URL#      <document> #HASHTAG#: Levi’s Men’s 505 Regular Fit Jean #URL# #URL#    </documents></author><documents> <document> #HASHTAG#: game. Baby and Toddler Kids Sunscreen Bath Hat #URL# #URL# <document> #HASHTAG#: Levi's Men's 501 Original-Fit Jean #URL# <document> #HASHTAG#: Utopia Kitchen Color-Coded Non-Stick Knife Set and chopping board # URL# #URL# <document> #HASHTAG#: Instant Pot IP-DUO60 7-in-1 Multi-Purpose Programmable Pressure Cooker, 6 Quart 1000W #URL# #URL# <document> #HASHTAG#: Under Armor Men's Tech Short Sleeve T-Shirt #URL# #URL# <document> #HASHTAG#: Crocs Unisex Classic Clog #URL# #URL# <document> #HASHTAG#: Lucky Brand Women's Eyelet Peasant Top #URL# #URL# <document > #HASHTAG #: Champion Men's Short Jersey with Pockets #URL# #URL# <document> #HASHTAG#: BLACK + DECKER CHV1410L 16V Cordless Lithium Hand Vac #URL# #URL# <document> #HASHTAG#: Watermelon Slicer Cutter Corer &amp; Server - All in One Stainless Steel Utility Knife - Melon &amp; Fruit Cutter… #URL# <document> #HASHTAG#: Hanes UPF 50+ Men's Cool Dri Long Sleeve T-Shirt (2-Pack) #URL# <document> #HASHTAG#: Utopia Non-Stick Kitchen Knife Set with Code Color and Cutting Board #URL# #URL# <document> #HASHTAG#: Watermelon Slicer Cutter Corer &amp; Server - All in One Stainless Steel Utility Knife - Melon &amp; Fruit Slicer… #URL# <document> #HASHTAG#: Men's Hanes ComfortSoft T-Shirt (4-Pack) #URL# #URL# <document> #HASHTAG#: ThermoPro TP03A Digital Cooking Thermometer Food Thermometer instant read meat for… #URL# #URL# <document> #HASHTAG#: Sanuk Women's Yoga Sling 2 Flip Flop #URL# #URL# <document> #HASHTAG#: Under Armor Men's Short Sleeve Technical T-Shirt #URL # #URL# <document> #HASHTAG#: Champion Men's Short Shirt with Pockets #URL# #URL# <document> #HASHTAG#: LiBa Antibacterial Mildew Resistant PEVA 8G Shower Curtain Liner, 72×72 Transparent – ​​Not ... #URL# #URL# <document > #HASHTAG#: Hanes Men's Ultimate FreshIQ Boxer 5 Pack with ComfortFlex Waistband Briefs –… #URL# #URL# <document> #HASHTAG#: Technical T-Shirt Under Armor Men's Short Sleeves #URL# #URL# <document> #HASHTAG#: LL Women's Dolman Boat Neck Top – Made in USA #URL# #URL# <document> <document> #HASHTAG#: Yazer Wool Dryer Bal ls, 10 – Pieces, White #URL# #URL# <document> #HASHTAG#: ASICS GEL Venture 5 Men's Trail Running Shoes #URL# #URL# <document> #HASHTAG# : Stride Rite Made 2 Play Phibian Sneaker Sandal Water Shoe (Toddler/Toddler/Big Kid) #URL# <document> #HASHTAG#: Levi's Men's 501 Original-Fit Jean #URL# #URL# <document> #HASHTAG#: Cool Dri Long Sleeve T-Shirt Hanes Men's UPF 50+ (2 Pack) #URL# #URL# <document> #HASHTAG#: Chapin 20000 Poly Lawn and Garden Sprayer for Fertilizers, Herbicides and Pesticides, 1 Gallon #URL# <document> #HASHTAG#: Hanes Men's ComfortSoft T-Shirt (4-Pack) #URL# #URL# <document> #HASHTAG#: Lucky Brand Women's Eyelet Peasant Top #URL# #URL# <document> #HASHTAG#: Champion Men's Long Mesh Short With Tasche #URL# #URL# <document> #HASHTAG#: Instant Pot IP-DUO60 7-in-1Multipurpose Programmable Pressure Cooker, 6 Quart 1000 W #URL# #URL# <document> #HASHTAG#: ASICS GEL Venture 5 Men's Trail Running Shoes #URL# #URL# <document> #HASHTAG#: Instant Pot IP-DUO60 7-in-1Multi - Uses Programmable Pressure Cooker, 6 Quart 1000 W #URL# #URL# <document> #HASHTAG#: Levi's Men's 505 Regular Fit Jean #URL# #URL# <document> #HASHTAG#: Champion Men's Long Mesh Short With Tasche #URL# #URL# <document> #HASHTAG#: Women's Milumia Split Button Maxi Dress in Fluid Floral Print #URL# #URL# <document> #HASHTAG#: Men's Levi's 501 Original-Fit Jean #URL# # URL# <document> #HASHTAG#: Watermelon Slicer Core Cutter &amp; Server – All in One Stainless Steel Utility… #URL# #URL# <document> #HASHTAG#: Hanes Ultimate FreshIQ Men's Boxer Briefs with ComfortFlex 5 Pack –… #URL# #URL# <document> #HASHTAG#: ATESSON Fidget Spinner Toy Ultra Strong Stainless Steel Bearing High Speed ​​5-7 min... > #HASHTAG#: Champion Men's Mesh Long Shorts with Pockets #URL# #URL# <document> #HASHTAG#: Hanes X Polo -Temp Performance Men's #URL# <document> #HASHTAG#: BLACK+DECKER AF-100- 3ZP 30ft 0.065″ Line String Trimmer Spare Spool, 3 Pack #URL# #URL# <document> #HASHTAG#: ASICS Men's GEL Venture 5 Trail Running Original-Fit Jean #URL# #URL# <document> #HASHTAG#: Men's Hanes ComfortSoft Tee (4-Pack) #URL# #URL# <document> #HASHTAG#: Tee Lanmo Women's Swing T-Shirt #URL# #URL# <document> #HASHTAG#: BLACK+DECKER AF-100-3ZP 30ft 0.065″ Replacement Spool for String Trimmers, Pack of 3 #URL# <document> #HASHTAG#: BLACK + DECKER CHV1410L 16V Cor dless Lithium Hand Vac #URL# #URL# <document> #HASHTAG#: Lucky Brand Women's Eyelet Peasant Top #URL# <document> #HASHTAG#: Watermelon Slicer Cutter Corer &amp; Server – All in One Stainless Steel Utility Knife... #URL# #URL# <document> #HASHTAG#: Men's Hanes ComfortSoft T-Shirt (4 Pack) #URL# #URL# <document> #HASHTAG# : Levi's Men's 501 Original-Fit Jean #URL# #URL# <document> #HASHTAG#: Chapin 20000 Poly Lawn and Garden Sprayer for Fertilizers, Herbicides and Pesticides,... #URL# #URL# <document> #HASHTAG# : Lucky Brand Women's Eyelet Peasant Top #URL# #URL# <document> #HASHTAG#: Chapin 20000 Poly Lawn and Garden Sprayer for Fertilizers, Herbicides and Pesticides,… #URL# #URL# <document> #HASHTAG#: Mesh Champion men's short with pockets #URL # #URL# <document> #HASHTAG#: Watermelon Slicer Cutter Corer &amp; Server – All in One Stainless Steel Utility Knife… #URL# #URL# <document> #HASHTAG#: Crocs Unisex Classic Clog #URL# #URL# <document> #HASHTAG#: LL Womens Boat Neck Dolman Top – Made in USA #URL# #URL# <document> #HASHTAG#: Under Armor Men's Tech #URL# Short Sleeve T-Shirt #URL# <document> #HASHTAG#: Hanes Men's ComfortSoft T-Shirt (4 Pack) #URL# #URL# <document> #HASHTAG#: ASICS GEL Trail Running Shoes Men's Venture 5 #URL# #URL# <document> #HASHTAG#: 5 Pack Hanes Ultimate FreshIQ Men's Boxer Briefs with ComfortFlex Waistband Briefs –... #URL# #URL# <document> #HASHTAG#: AUSELILY T Women's Casual Sleeveless T-Shirt with Pockets #URL# <document> #HASHTAG#: Lanmo Women's Long Sleeve Tee with Flattering Relaxed Fit #URL# #URL# <document> #HASHTAG#: Eyelet Peasant Top Women's Lucky Brand #URL# #URL# <document> #HASHTAG#: Lanmo Women's Swing Tunic Loose, comfortable and flattering T-shirt #URL# #URL# <document> #HASHTAG#: ThermoPro TP03A Digital Body Thermometer cooking food Thermometer for instant-read meat for r… #URL# #URL# <document> #HASHTAG#: Brita Carafe Replacement Water Filter, 3 Count #URL# #URL# <document> #HASHTAG#: Levi's Men's 501 Original -Fit Jean #URL# <document> #HASHTAG#: Yazer Wool Dryer Balls, 10 – Pieces, White #URL# <document> #HASHTAG#: Hanes Men's UPF 50+ Long Sleeve Cool Dri T-Shirt (Pack of 2) #URL# #URL# <document> #HASHTAG#: Hanes Ultimate FreshIQ 5 Pack Men's Boxer Shorts with ComfortFlex Waistband Briefs –… #URL# #URL# <document> #HASHTAG#: Champion Men's Shorts with pockets #URL# #URL# <document> #HASHTAG# : Hanes Men's X-Temp Performance Polo Shirt #URL# #URL# <document> #HASHTAG#: Yazer Wool Dryer Balls, 10 – Pieces, White #URL# # URL# <document> #HASHTAG#: Queen Size SafeRest Premium Hypoallergenic Waterproof Mattress Protector – Vinyl Free #URL# #URL# <document> #HASHTAG#: Hoover FloorMate Deluxe Hard Floor Cleaner, FH40160PC – Corded #URL# #URL# <document> #HASHTAG#: Yazer Wool Dryer Balls, 10 – Pie ces, White #URL# #URL# <document> #HASHTAG#: Watermelon Slicer Cutter Corer &amp; Server – All in one stainless steel utility knife… #URL# #URL# <document> #HASHTAG#: Champion men's long mesh shorts with pockets #URL# #URL# <document> #HASHTAG#: Mesh shorts Champion men's spinner with pockets #URL# #URL# <document> #HASHTAG#: ATESSON Fidget Spinner Toy Ultra-strong stainless steel bearing High speed 5-7 min… #URL# #URL# <document> #HASHTAG#: Utopia Kitchen Non-Stick Knife Set Color -Coding & Cutting Board #URL# #URL# <document> #HASHTAG#: AUSELILY Women's Pockets Sleeveless Swing Casual T-Shirt #URL# <document> #HASHTAG#: AUSELILY T #URL #URL # <document> #HASHTAG#: Weber 7416 Rapidfire Chimney Starter #URL# #URL# <document> #HASHTAG#: Champion Men's Long Mesh Short With Tasches #URL # #URL# <document> #HASHTAG#: Crocs Unisex Classic Clog #URL# #URL# <document> #HASHTAG#: Ozeri Pronto Multifunction digital kitchen and food scale, elegant black #URL# #URL# <document> #HASHTAG#: ASICS GEL Venture 5 Trail Running Shoe for men #URL# #URL# <document> #HASHTAG#: AUSELILY Women's Sleeveless Casual Swing T-Shirt Dresses #URL# <document> #HASHTAG#: Men's RockDove Two-Tone Memory Foam Slides, Breathable Waffle Texture Spring… #URL# #URL# <document> #HASHTAG#: Levi's 505 Regular Men's Fit Jeans # URL# #URL# <document> #HASHTAG#: Brita Replacement Water Filter for Jugs, 3 Count #URL# #URL# <document> #HASHTAG#: Levi's Men's 505 Regular Fit Jean #URL # #URL# </documents> </author><Documents> <Document> #HASHTAG#: I'm playing. Baby &amp; Toddler Sunscreen Swim Cap with Flap #URL# #URL# <document> #HASHTAG#: Men's Levi's 501 Original-Fit Jean #URL# <document> #HASHTAG#: Utopia Kitchen Color-Coded Non-Stick Knife Set with Cutting Board # URL# #URL# <Document> #HASHTAG#: Instant Pot IP-DUO60 Programmable 7-in-1 Multipurpose Pressure Cooker 6 Quart 1000W #URL# #URL# <Document> #HASHTAG#: Under Armor Men's Tech Short Sleeve T -Shirt #URL# #URL# <Document> #HASHTAG#: Crocs Unisex Classic Clog #URL# #URL# <Document> #HASHTAG#: Lucky Brand Women's Eyelet Peasant Top #URL# #URL# <Document> #HASHTAG # : Champion Men's Jersey Shorts with Pockets #URL# #URL# <Document> #HASHTAG#: BLACK + DECKER CHV1410L 16V Cordless Lithium Handheld Vacuum Cleaner #URL# #URL# <Document> #HASHTAG#: Watermelon Slicer Cutter Corer &amp; Server - Multipurpose All-in-One Stainless Steel Knife - Melon &amp; Fruit Slicer… #URL# <document> #HASHTAG#: Hanes Men's Long Sleeve Cool Dri T-Shirt UPF 50+ (2-Pack) #URL# <document> #HASHTAG#: Utopia Kitchen Non-Stick Knife Set Color Coded and cutting board #URL# #URL# <document> #HASHTAG#: Watermelon Slicer Cutter Corer &amp; Server - Multipurpose All-in-One Stainless Steel Knife - Melon &amp; Fruit slicer… #URL# <document> #HASHTAG#: Hanes Men's ComfortSoft T-Shirt (4-pack) #URL# #URL# <document> #HASHTAG#: ThermoPro TP03A Digital Food Cooking Thermometer Instant Read Meat Thermometer for… #URL # #URL# <Document> #HASHTAG#: Sanuk Women's Yoga Sling 2 Flip Flop #URL# #URL# <Document> #HASHTAG#: Under Armor Men's Tech Short Sleeve T-Shirt #URL# #URL# <Document> # HASHTAG#: Champion Men's Jersey Shorts with Pockets #URL# #URL# <Document> #HASHTAG#: LiBa Mildew Resistant Antibacterial PEVA 8G Shower Curtain Insert 72x72 Clear – Not… #URL# #URL# <Document > #HASHTAG #: Hanes Ultimate FreshIQ Boxer Shorts with ComfortFlex Waistband 5 Pack for Men -… #URL# #URL# <Document> #HASHTAG#: Under Armor Men's Tech Short Sleeve T-Shirt #URL# #URL# < Document> #HASHTAG#: LL Womens Dolman Boat Neck Top - Made in USA #URL# #URL# <Document> #HASHTAG#: URPOWER 2nd Version Essential Oil Diffuser, 100ml Aroma Essential Oil Cool Mist … #URL# #URL# <do cument> #HASHTAG#: Yazer Wool Dryer Balls, 10 – Pieces, White #URL# #URL# <document> #HASHTAG#: ASICS Men's GEL Venture 5 Trail Running Shoe #URL# #URL# <document> #HASHTAG# : Stride Rite Made 2 Play Phibian Sneaker Sandal Water Shoe (Toddler/Little Kid/Big Kid) #URL# <document> #HASHTAG#: Men's Levi's 501 Original-Fit Jean #URL# #URL# <document> #HASHTAG#: Hanes Men's Long Sleeve Cool Dri T-Shirt UPF 50+ (2-Pack) #URL# #URL# <document> #HASHTAG#: Chapin 20000 Poly Lawn and Garden Sprayer For Fertilizer, Herbicides and Pesticides, 1 Gallon #URL# <document> # HASHTAG#: Hanes Men's ComfortSoft T-Shirt (4-pack) #URL# #URL# <document> #HASHTAG#: Lucky Brand Women's Eyelet Peasant Top #URL# #URL# <document> #HASHTAG#: Men's Champion Long Mesh Short with Pockets #URL# #URL# <document> #HASHTAG#: Instant Pot IP-DUO60 7-in-1 Multipurpose Programmable Print Cooker, 6 Quart 1000W #URL# #URL# <Document> #HASHTAG#: ASICS Men's GEL Venture 5 Trail Running Shoe #URL# #URL# <Document> #HASHTAG#: Instant Pot IP-DUO60 7-in-1Multi Use Programmable Pressure Cooker, 6 Quart 1000W #URL# #URL# <document> #HASHTAG#: Levi's Men's 505 Regular Fit Jean #URL# #URL# <document> #HASHTAG#: Champion Men's Long Mesh Short With Pockets #URL# #URL# <document> #HASHTAG#: Milumia Women's Button Up Split Flower Print Flowy Party Maxi Dress #URL# #URL# <document> #HASHTAG#: Levi's Men's 501 Original-Fit Jean #URL# #URL# <document> # HASHTAG#: Watermelon Slicer Cutter Corer &amp; Server - Multipurpose All-in-One Stainless Steel... #URL# #URL# <document> #HASHTAG#: Hanes Men's Ultimate FreshIQ 5-Pack Boxers with ComfortFlex Waistband -... #URL# #URL# <document > #HASHTAG#: ATESSON Fidget Spinner Toy, Ultra Durable Stainless Steel Bearing, High Speed, 5-7 Minutes... #URL# #URL# <Document> #HASHTAG#: URPOWER 2nd Version, Essential Oil Diffuser, 100ml Aroma, Essential Oil, cool mist... #URL# #URL# <document> #HASHTAG#: Champion Long Mesh Short With Pockets #URL# #URL# <document> #HASHTAG#: Hanes Men's X-Temp Performance Polo Shirt #URL# <document> #HASHTAG#: BLACK+DECKER AF-100- 3ZP 30ft 0.065″ Line String Trimmer Replacement Spool, 3-Pack #URL# #URL# <document> #HASHTAG#: ASICS Men's GEL Venture 5 Trail Running Shoe #URL# #URL # <document> #HASHTAG#: Levi's Men's 501 Original-Fit Jean #URL# #URL# <document> #HASHTAG#: Men's Hanes ComfortSoft T-Shirt (4-Pack) #URL# #URL# <document> # HASHTAG#: Lanmo Womens Swing Tunic Tops Loose fitting, comfortable, flattering t-shirt #URL# #URL# <document> #HASHTAG#: BLACK+DECKER AF-100-3ZP 30ft 0.065″ Replacement Spool for Line Trimmer, 3-Pack #URL# <document> #HASHTAG#: BLACK + DECKER CHV1410L 16V Cordless Lithium Handheld Vacuum Cleaner #URL# #URL# <Document> #HASHTAG#: Lucky Brand Women's Eyelet Peasant Top #URL# <Document> #HASHTAG#: Watermelon Slicer Cutter Corer &amp; Server - Multi-Purpose All-in-One Stainless Steel Knife… #URL# #URL# <Document> #HASHTAG#: Men's Hanes ComfortSoft T-Shirt (4-Pack) #URL# #URL# <Document> #HASHTAG#: Levi's Men's 501 Original-Fit Jean #URL# #URL# <Document> #HASHTAG#: Chapin 20000 Poly Lawn and Garden Sprayer for fertilizers, herbicides and pesticides,… #URL# #URL# <Document> #HASHTAG#: Lucky Brand Women's Eyelet Peasant Top #URL# #URL# <document> #HASHTAG#: Chapin 20000 polystyrene lawn and garden sprayer for fertilizers, herbicides and pesticides,… #URL# #URL# <document> #HASHTAG#: Champion men's jersey with Pocket #URL# #URL# <document> #HASHTAG#: Watermelon Slicer Cutter Corer &amp; Server - multipurpose all-in-one stainless steel knife... #URL# #URL# <document> #HASHTAG#: Crocs Unisex Classic Clog #URL# #URL# <document> #HASHTAG#: Women's LL Dolman Boat Neck Top - Made in the USA #URL# #URL# <document> #HASHTAG #: Under Armor Men's Tech Short Sleeve T-Shirt #URL# #URL# <document> #HASHTAG#: Men's Hanes ComfortSoft T-Shirt (4-pack) #URL# #URL# <document> #HASHTAG#: ASICS Men's GEL Venture 5 Trail Running Shoe... #URL# <document> #HASHTAG#: Lanmo Womens Swing Tunic Tops Loose Fit Comfy Fittering T Shirt #URL# #URL# <document> #HASHTAG#: Lucky Brand Women's Eyelet Peasant Top # URL# #URL# <document> # HASHTAG#: Lanmo Womens Swing Tunic Tops Loose Fit Comfy Flattering T Shirt #URL# #URL# <document> #HASHTAG#: ThermoPro TP03A Digital Food Cooking Thermometer Instant Read Meat Thermometer fo r… # URL# #URL# <document> #HASHTAG#: Brita Replacement Water Filter for Jugs, 3 Count #URL# #URL# <document> #HASHTAG#: Levi's Men's 501 Original Fit Jean #URL# <document> #HASHTAG# : Yazer Wool Dryer Balls, 10 – Pieces, White #URL# <document> #HASHTAG#: Hanes Men's Long Sleeve Cool Dri T-Shirt UPF 50+ (2 Pack) #URL# #URL# <document> #HASHTAG#: Hanes Ultimate FreshIQ Boxer Shorts with ComfortFlex Waistband Men's 5-Pack -… #URL# #URL# <Document> #HASHTAG# : Champion Men's Pocket Longline Mesh Shorts #URL# #URL# <Document> #HASHTAG# : Hanes Men's X-Temp Performance Polo Shirt # URL# #URL# <Document> #HASHTAG#: Yazer Wool Dryer Balls, 10 – Pieces, White #URL# #URL# <Document> #HASHTAG#: Queen Size SafeRest Premium Hypoallergenic Waterproof Mattress Protector - Vinyl Free #URL# #URL# <Document> #HASHTAG#: Hoover FloorMate Deluxe Hard Floor Cleaner, FH40160PC - Corded #URL# #URL# <Document> #HASHTAG#: Yazer Wool Dryer Balls, 10 - Pieces, White #URL# #URL# <Document> #HASHTAG #: Watermelon Slicer Cutter Corer &amp; Server - Multipurpose all-in-one stainless steel knife... #URL# #URL# <document> #HASHTAG#: Champion Long Mesh Short With Pockets #URL# #URL# <document> #HASHTAG#: Champion Long Mesh Short With Pockets #URL# #URL# <document> #HASHTAG#: ATESSON Fidget Spinner Toy Ultra Durable Stainless Steel Bearing High Speed ​​5-7 Min… #URL# #URL# <document> #HASHTAG#: Utopia Kitchen Non-Stick Knife Set Color -Coded and Cutting Board #URL# #URL# <document> #HASHTAG#: AUSELILY Women's Sleeveless Pockets Casual Swing T-shirt dresses #URL# <document> #HASHTAG#: AUSELILY Women's Sleeveless Pockets Casual Swing T-shirt dresses #URL # <document> #HASHTAG#: Weber 7416 Rapidfire Chimney Starter #URL# #URL# <document> #HASHTAG#: Champion Men's Long Mesh Short With Pockets #URL# #URL# <document> #HASHTAG#: Crocs Unisex Classic Clog # URL# #URL# <document> #HASHTAG#: Ozeri Pronto Digital Multifunction Kitchen and Food Scale, Elegant Black #URL# #URL# <document> #HASHTAG#: ASICS Men's GEL Venture 5 Trail Running Shoe #URL# #URL# <document> #HASHTAG#: AUSELILY Women's Sleeveless Pockets Casual Swing T-Shirt Dresses #URL# <document> #HASHTAG#: RockDove Two-Tone Memory Foam Slippers for Men, Breathable Waffle Texture Spring… #URL# #URL# <document> #HASHTAG#: Levi's Men's 505 Regular Fit Jean # URL# #URL# <document> #HASHTAG#: Brita Replacement Jug Water Filter 3 Count #URL# #URL# <document> #HASHTAG#: Levi's Men's 505 Regular Fit Jean #URL# #URL# </ documents> </author><documents> <document> #HASHTAG#: I'm playing. Baby &amp; Sunscreen Swimming Cap with Cover for Little Kids #URL# #URL# <document> #HASHTAG#: Levi's 501 Original-Fit Jean Men #URL# <document> #HASHTAG#: Utopia Kitchen Non-Stick Knife Set Color Coded & Cutting Board # URL # #URL# <document> #HASHTAG#: Instant Pot IP-DUO60 7-in-1 Multi-Purpose Programmable Pressure Cooker, 6 Quart 1000W #URL# #URL# <document> #HASHTAG#: Under Armor Men's Technical Short Sleeve T -Shirt #URL# #URL# <document> #HASHTAG#: Crocs Unisex Classic Slippers #URL# #URL# <document> #HASHTAG#: Lucky Brand Women's Eyelet Peasant Top #URL# #URL# <document> #HASHTAG # : Champion Short Men's Jersey with Pocket #URL# #URL# <document> #HASHTAG#: BLACK + DECKER CHV1410L 16V Wireless Lithium Handheld Vacuum Cleaner #URL# #URL# <document> #HASHTAG#: Watermelon Slicer Cutter Scaler &amp; Server – Multi-Purpose All-in-One Stainless Steel Knife – Melon &amp; Fruit Slicer… #URL# <document> #HASHTAG#: Hanes Men's Long Sleeve Cool Dri T-Shirt UPF 50+ (Pack of 2) #URL# <document> #HASHTAG#: Utopia Kitchen Non-Stick Knife Set Color Coded and Cutting Board #URL# #URL# <document> #HASHTAG#: Watermelon Slicer Cutter Scaler &amp; Server – Multi-Purpose All-in-One Stainless Steel Knife – Melon &amp; Fruit Slicer… #URL# <doc> #HASHTAG#: Hanes Men's ComfortSoft T-Shirt (Pack of 4) #URL# #URL# <doc> #HASHTAG#: ThermoPro TP03A Digital Cooking Thermometer Instant-Read Meat Thermometer… # URL# #URL# <document> #HASHTAG#: Sanuk Women's Yoga Sling 2 Flip Flops #URL# #URL# <document> #HASHTAG#: Under Armor Men's Technical Short Sleeve T-Shirt #URL# #URL# <document> # HASHTAG#: Champion Short Men's Jersey With Pocket #URL# #URL# <document> #HASHTAG#: LiBa Mold Resistant Anti-Bacterial PEVA 8G Shower Curtain Liner, 72×72 Transparent – ​​Non… #URL# #URL# <document > # HASHTAG#: ComfortFlex Belt Hanes Men's 5-pack Ultimate FreshIQ Boxer Briefs –… #URL# #URL# <document> #HASHTAG#: Under Armor Men's Tech Short Sleeved T-Shirt #URL# #URL# <document> #HASHTAG# : LL Women's Boat Collar Stuffed Top – Made in USA #URL# #URL# <document> #HASHTAG#: URPOWER 2nd Edition Essential Oil Diffuser, 100ml Aroma Essential Oil Cold Mist… #URL# #URL# <document> #HASHTAG #: Yazer Wool Drying Balls, 10 Pieces, Mr. az #URL# #URL# <document> #HASHTAG#: ASICS GEL Venture 5 Trail Running Shoes #URL# #URL# <document> #HASHTAG# : Stride Rite Made 2 Play Phibian Sneaker Sandal Water Shoes (Toddler/Young Kids/Old Kids) #URL# <document> #HASHTAG#: Levi's Men's 501 Original-Fit Jean #URL# #URL# <document> #HASHTAG#: Hanes Men's Long Sleeve Cool Dri T-Shirt UPF 50+ (2' li Pack) #URL# #URL# <document> #HASHTAG#: Chapin 20000 Poly Lawn and Garden Sprayer for Fertilizers, Herbicides and Pesticides, 1 Gallon #URL# < document> #HASHTAG#: Hanes ComfortSoft Men's T-Shirt (Pack 4) Package) #URL# #URL# <document> #HASHTAG#: Lucky Brand Female Eyeet Peasant Top #URL# #URL# <document> #HASHTAG#: Champion Men's Long Mesh Short Pocket #URL# #URL# <document> #HASHTAG#: Instant Cap IP-DUO60 7-in-1 Multi-Purpose Programmable Pressure Cooker , 6 Quart 1000W #URL# #URL# <document> #HASHTAG#: ASICS Men's GEL Venture 5 Trail Running Shoe #URL# #URL# <document> #HASHTAG#: Instant Pot IP-DUO60 7-in-1 Multi- Use Programmable Pressure Cooker, 6 Quarts 1000W #URL# #URL# <document> #HASHTAG#: Levi's Men's 505 Regular Cut Jean #URL# #URL# <document> #HASHTAG#: Champion Men's Long Mesh Short Pocket #URL# # URL# <document> #HASHTAG#: Milumia Buttoned Split Floral Print Flowy Party Maxi Dress #URL# #URL# <document> #HASHTAG#: Levi's Men's 501 Original-Fit Jean #URL# #URL# <document> #HASHTAG# : Watermelon Slicer Cutter & Scaler &amp; Server – Multi-Purpose All-in-One Stainless Steel… #URL# #URL# <document> #HASHTAG#: Hanes Men's 5-Pack Ultimate FreshIQ Boxer Panties with ComfortFlex Belt –… #URL# #URL# <document> #HASHTAG#: ATESSON Hand Spinner Toy Ultra Durable Stainless Steel Bearing High Speed ​​5-7 Minutes… > #HASHTAG#: Champion Mens Long Fishnet Shorts With Pockets #URL# #URL# <document> #HASHTAG#: Hanes X-Temp Performance Men's Polo Shirt #URL # <document> #HASHTAG#: BLACK+DECKER AF-100- 3ZP 30ft 0.065" Trimmer Spare Spool, 3-Pack #URL# #URL# <document> #HASHTAG#: ASICS Men's GEL Venture 5 Trail Running Shoes #URL# #URL# <document> #HASHTAG#: Levi's Men's 501 Original-Fit Jean #URL# #URL# <document> #HASHTAG#: Hanes Men's ComfortSoft T-Shirt (4-Pack) #URL# #URL# < document> #HASHTAG#: Lanmo Women's Swing Tunic Tops Loose Fit Comfy Flamboyant T Shirt #URL# #URL# <document> #HASHTAG#: BLACK+DECKER AF-100-3ZP 30ft 0.065" Liner Trimmer Replacement Reel, Triple Package #URL# <document> #HAS HTAG#: BLACK + DECKER CHV1410L 16V Cordless Lithium Handheld Vacuum Cleaner #URL# #URL# <document> #HASHTAG#: Lucky Brand Female Eyelet Peasant Top #URL# <document> #HASHTAG#: Watermelon Slicer Cutter Cutter &amp; Server – Multi-Purpose All-in-One Stainless Steel Blade… #URL# #URL# <document> #HASHTAG#: Hanes Men's ComfortSoft T-Shirt (Pack of 4) #URL# #URL# <document> #HASHTAG#: Levi's Men's 501 Original-Fit Jean #URL# #URL# <document> #HASHTAG#: Chapin 20000 Poly Lawn and Garden Sprayer for Fertilizer, Herbicides and Pesticides,… #URL# #URL# <document> #HASHTAG#: Lucky Brand Female Eyelet Villager Top #URL# #URL# <document> #HASHTAG#: Chapin 20000 Poly Lawn and Garden Sprayer for Fertilizer, Herbicides and Pesticides,… #URL# #URL# <document> #HASHTAG#: Short Champion Men's Jersey with Pockets # URL # #URL# <document> #HASHTAG#: Watermelon Slicer Cutter Scaler &amp; Server – Versatile All-in-One Stainless Steel Blade… #URL# #URL# <document> #HASHTAG#: Crocs Unisex Classic Clog #URL# #URL# <document> #HASHTAG#: LL Women's Boat Collar Stuffed Top – Made in USA #URL# #URL# <document> #HASHTAG#: Under Armor Men Technology Short Sleeve T-Shirt #URL# #URL# <document> #HASHTAG#: Hanes Men's ComfortSoft T-Shirt (Pack of 4) #URL# #URL# <document> #HASHTAG#: ASICS Men's GEL Venture 5 Trail Running Shoes #URL # #URL# <document> #HASHTAG#: Hanes Men's 5-Pack Ultimate FreshIQ Boxer Panties with ComfortFlex Belt –… #URL# #URL# <document> #HASHTAG#: AUSELILY Women's Sleeveless Pockets Comfortable Rocking T-Shirts #URL# < document> #HASHTAG#: Lanmo Women's Swing Tunic Tops Loose Fit Casual Pride T Shirt #URL# #URL# <document> #HASHTAG#: Lucky Brand Women's Eyelet Peasant Top #URL# #URL# <document> # HASHTAG#: Lanmo Womens Swing Tunic Tops Loose Fit Comfortable Compliment T Shirt #URL# #URL# <document> #HASHTAG#: ThermoPro TP03A Digital Cooking Thermometer Instant-Read Meat Thermometer r… #URL# #URL# <document> #HASHTAG #: Brita Replacement Water Filter for Jugs, Number 3 #URL# #URL# <document> #HASHTAG#: Levi's Men's 501 Original-Fit Jean #URL# <document> #HASHTAG#: Yazer Wool Dryer Balls, 10 Pieces, White #URL# <document> #HASHTAG#: Hanes Men's Long Sleeve Cool Dri T-Shirt UPF 50+ (Pack of 2) #URL# #URL# <document> #HASHTAG#: Hanes Men's 5-Pack Ultimate FreshIQ with ComfortFlex Belt Boxer Panties –… #URL# #URL# <document> #HASHTAG#: Champion Men's Long Mesh Short Pockets #URL# #URL# <document> #HASHTAG# : Hanes Men's X-Temp Performance Polo Shirt #URL# #URL# <document> #HASHTAG#: Yazer Wool Dryer Balls, 10 – Pieces, White #URL# #URL# <document> #HASHTAG#: Queen Size SafeRest Premium Hypoallergenic Waterproof Mattress – Vinyl Free #URL# #URL# <document> #HASHTAG#: Hoover FloorMate Deluxe Hard Floor Cleaner, FH40160PC – Drawstring #URL# #URL# <document> #HASHTAG#: Yazer Wool Dryer Balls, 10 – Pie ces, White #URL# #URL# <document> #HASHTAG# : Watermelon Slicer Cutter & Scaler &amp; Server – Multi-Purpose All-in-One Stainless Steel Knife… #URL# #URL# <document> #HASHTAG#: Champion Men's Long Mesh Short Pocket #URL# #URL# <document> #HASHTAG#: Champion Men's Long Mesh Short Pocket # URL# #URL# <document> #HASHTAG#: ATESSON Hand Spinner Toy Ultra Durable Stainless Steel Bearing High Speed ​​5-7 Minutes... #URL# #URL# <document> #HASHTAG#: Utopia Kitchen Non-Stick Knife Set Color - Coded & Cutting Board #URL# #URL# <document> #HASHTAG#: AUSELILY Women's Sleeveless Casual Rocking T-Shirt Dresses with Pockets #URL# <document> #HASHTAG#: AUSELILY Women's Sleeveless Pockets Casual Rocking T-Shirt Dresses #URL # <document> # HASHTAG#: Weber 7416 Rapidfire Chimney Launcher #URL# #URL# <document> #HASHTAG#: Champion Men's Long Mesh Short Pocket #URL# #URL# <document> #HASHTAG#: Crocs Unisex Classic Slippers #URL# #URL# <document> #HASHTAG#: Özeri Pronto Digital Multifunctional Kitchen and Dining Scale, Elegant Black #URL# #URL# <document> #HASHTAG#: ASICS Men's GEL Venture 5 Trail Running Shoes #URL# #URL# <document> #HASHTAG#: AUSELILY Women's Sleeveless Pockets Casual Swing T-shirt Dresses #URL# <document> #HASHTAG#: Men's RockDove Bi-Color Memory Foam Slippers, Breathable Waffle Textured Bow… #URL# #URL# <document> #HASHTAG#: Levi's Men's 505 Regular-Fit Jeans Trousers # URL# #URL# <document> #HASHTAG#: Brita Replacement Water Filter for Jugs, #3 #URL# #URL# <document> #HASHTAG#: Levi's Men's 505 Regular Fit Jean #URL# #URL# </ documents> </author><documents> <document> #HASHTAG#: play. Baby &amp; Toddler Flap Sun Protection Swim Hat #URL# #URL# <document> #HASHTAG#: Levi's Men's 501 Original-Fit Jean #URL# <document> #HASHTAG#: Utopia Kitchen Nonstick Knife Set Color Coding and Cutting Board # URL# #URL# <document> #HASHTAG#: Instant Pot IP-DUO60 7-in-1 Multi-Use Programmable Pressure Cooker, 6 Quart 1000W #URL# #URL# <document> #HASHTAG#: Under Armor Men's Tech Short Sleeve T-Shirt #URL# #URL# <document> #HASHTAG#: Crocs Unisex Classic Clog #URL# #URL# <document> #HASHTAG#: Lucky Brand Women's Eyelet Peasant Top #URL# #URL# <document> #HASHTAG # : Champion Men's Jersey Short With Pockets #URL# #URL# <document> #HASHTAG#: BLACK + DECKER CHV1410L 16V Cordless Lithium Hand Vac #URL# #URL# <document> #HASHTAG#: Watermelon Slicer Cutter Corer &amp; Server – Multipurpose All-In-One Stainless Steel Knife – Melon & Knife Fruit Slicer… #URL# <Documentation> #HASHTAG#: Hanes Men's Long Sleeve Cool Dry T-Shirt UPF 50+ (Pack of 2) #URL# <Documentation> #HASHTAG#: Utopia Kitchen Nonstick Knife Set Color Coded and Cutting Board #URL# #URL# <document> #HASHTAG#: Watermelon Slicer Cutter Core Laura &amp; Server – Multipurpose All-in-One Stainless Steel Knife – Melon & Knife Fruit Slicer… #URL# <document> #HASHTAG#: Hanes Men's ComfortSoft T-Shirt (Pack of 4) #URL# #URL# <document> # HASHTAG#: ThermoPro TP03A Digital Food Cooking Thermometer Instant Read Meat Thermometer for… # URL# #URL# <document> #HASHTAG#: Sanuk Women's Yoga Sling 2 Flip Flop #URL# #URL# <document> #HASHTAG#: Under Armor Men's Tech Short Sleeve T-Shirt #URL# #URL# <document> #HASHTAG#: Champion Men's Jersey Short With Pockets #URL# #URL# <document> #HASHTAG#: LiBa Mildew Resistant Antibacterial PEVA 8G Shower Curtain Liner, 72×72 Clear – Non… #URL# #URL# <document> > #HASHTAG#: Hanes Men's 5-Pack Ultimate FreshIQ Boxer with ComfortFlex Westband Brief –… #URL# #URL# <document> #HASHTAG#: Under Armor Men's Tech Short Sleeve T-Shirt #URL# #URL# <document> #HASHTAG#: LL Womens Boat Neck Dolman Top – Made in USA #URL# #URL# <document> #HASHTAG#: URPOWER 2nd Version Essential Oil Diffuser, 100ml Aroma Essential Oil Cool Mist… #URL# #URL# <document> #HASHTAG#: Yazer Wool Dryer Bal ls, 10 – Pieces, White #URL# #URL# <document> #HASHTAG#: ASICS Men's GEL Venture 5 Trail Running Shoe #URL# #URL# <document> #HASHTAG# : Stride Rite Made 2 Play Phibian Sneaker Sandal Water Shoe (Toddler/Little Kid/Big Kid) #URL# <document> #HASHTAG#: Levi's Men's 501 Original-Fit Jean #URL# #URL# <document> #HASHTAG#: Hanes Men's Long Sleeve Cool Dry T-Shirt UPF 50 + (2 Pack) #URL# #URL# <document> #HASHTAG#: Chapin 20000 Poly Lawn and Garden Sprayer For Fertilizer, Herbicides and Pesticides, 1 Gallon #URL# < document> #HASHTAG#: Hanes Men's ComfortSoft T- Shirt (Pack of 4) #URL# #URL# <document> #HASHTAG#: Lucky Brand Women's Eyeet Peasant Top #URL# #URL# <document> #HASHTAG#: Champion Men's Long Mesh Short With Pockets #URL# #URL# <document> #HASHTAG#: Instant Pot IP-DUO60 7-in-1 Multi-Use Programmable Pressure Cooker, 6 Quart 1000W #URL# #URL# <Documentation> #HASHTAG#: Asics Men's GEL Venture 5 Trail Running Shoes #URL# #URL# <Documentation> #HASHTAG#: Instant Pot IP-DUO60 7-in-1Multi- Uses Programmable Pressure Cooker, 6 Quart 1000W #URL# #URL# <document> #HASHTAG#: Levi's Men's 505 Regular Fit Jean #URL# #URL# <document> #HASHTAG#: Champion Men's Long Mesh Short with Pockets #URL# #URL# <document> #HASHTAG#: Milumia Women's Button Up Split Floral Print Flowy Party Maxi Dress #URL# #URL# <document> #HASHTAG#: Levi's Men's 501 Original-Fit Jean #URL# #URL# <document> #HASHTAG#: Watermelon Slicer Cutter Corer & Server – Multipurpose All-in-One Stainless Steel… #URL# #URL# <document> #HASHTAG#: Hanes Men's 5-Pack Ultimate FreshIQ Boxer with ComfortFlex Westband Brief –… #URL# #URL# <Documentation> #HASHTAG#: ATESON Fidget Spinner Toy Super Durable Stainless Bearings High Speed ​​5-7 Minutes… > #Hashtag#: Champion Mens Long Mesh Shorts Pockets #URL# #URL# <Document> #Hashtag#: Hanes Men's X-Temp Performance Polo Shirt #URL# <Document> #Hashtag#: BLACK+DECKER AF-100- 3ZP 30ft 0.065″ Line String Trimmer Replacement Spool, 3-pack #URL# #URL# <Document> #Hashtag#: Asics Men's GEL Venture 5 Trail Running Shoes #URL# #URL# <Document> #Hashtag#: Levi's Men's 501 Original-Fit Jean #URL # #URL# <document> #HASHTAG#: Hanes Men's ComfortSoft T-Shirt (Pack of 4) #URL# #URL# <document> #HASHTAG#: Lanmo Womens Swing Tunic Tops Loose Fit Comfy Flattering T Shirt #URL# # URL# <document> #HASHTAG#: BLACK+DECKER AF-100-3ZP 30ft 0.065″ Line String Trimmer Replacement Spool, 3-Pack #URL# <document> #HASHTAG#: BLACK + DECKER CHV1410L 16V Cordless Lithium Handbag #URL# #URL# <Documentation> #HASHTAG#: Lucky Brand Women's Grommet Peasant Top Server – Multipurpose All-In-One Stainless Steel Knife… #URL# #URL# <Documentation> #HASHTAG#: Hanes Men's ComfortSoft T-Shirt (Pack of 4) #URL # #URL# <document> #HASHTAG#: Levi's Men's 501 Original-Fit Jean #URL# #URL# <document> #HASHTAG#: Chapin 20000 Poly Lawn and Garden Sprayer For Fertilizer, Herbicides and Pesticides,… #URL# #URL# <document> #HASHTAG#: Lucky Brand Women's Eyelet Peasant Top #URL# #URL# <document> #HASHTAG#: Chapin 20000 Poly Lawn and Garden Sprayer for Fertilizer, Herbicides and Pesticides,… #URL# #URL# <document> #HASHTAG#: Champion Men's Jersey Short With Pockets #URL # #URL# <document> #HASHTAG#: Watermelon Slicer Cutter Corer &amp; Server – Multipurpose All-in-One Stainless Steel Knife… #URL# # URL# <document> #HASHTAG#: Crocs Unisex Classic Clog #URL# #URL# <document> #HASHTAG#: LL Womens Boat Neck Dolman Top – Made in USA #URL# #URL# <document> #HASHTAG#: Under Armor Men's Tech Short Sleeve T-Shirt #URL# #URL# <Document> #HASHTAG#: Hanes Men's Comfort Soft T-Shirt (4 Pack) #URL# #URL# <Document> #HASHTAG#: Asics Men's GEL Venture 5 Trail Running Shoes#URL # #URL# <document> #HASHTAG#: Hanes Men's 5-Pack Ultimate FreshIQ Boxer with ComfortFlex Westband Brief –… #URL# #URL# <document> #HASHTAG#: AUSELILY Women's Sleeveless Pockets Casual Swing T-shirt Dresses #URL # <document> #HASHTAG#: Lanmo Womens Swing Tunic Tops Loose Fit Comfy Flattering T Shirt #URL# #URL# <document> #HASHTAG#: Lucky Brand Women's Eyelet Peasant Top #URL# #URL# <document> # HASHTAG# : Lanmo Womens Swing Tunic Tops Loose Fit Comfy Flattering T Shirt #URL# #URL# <document> #HASHTAG#: ThermoPro TP03A Digital Food Cooking Thermometer Instant Read Meat Thermometer for… #URL# #URL# <document> # HASHTAG#: Brita Replacement Water Filter for Pitcher, 3 Count #URL# #URL# <Documentation> #HASHTAG#: Levi's Men's 501 Original Fit Jeans #URL# <document> #HASHTAG#: Yazer Wool Dryer Balls, 10 – Pieces, White #URL# <document> #HASHTAG#: Hanes Men's Long Sleeve Cool Dri T-Shirt UPF 50+ (Pack of 2) #URL# #URL# <document> #HASHTAG#: Hanes Men's 5-Pack Ultimate FreshIQ Boxer with ComfortFlex Westband Brief –… #URL# #URL# <document> #HASHTAG#: Champion Men's Long Mesh Shorts With Pockets #URL # #URL# <document> #HASHTAG# : Hanes Men's X-Temp Performance Polo Shirt #URL# #URL# <document> #HASHTAG#: Yazer Wool Dryer Balls, 10 – Pieces, White #URL# #URL# <document > #HASHTAG#: Queen Size SafeRest Premium Hypoallergenic Waterproof Mattress Protector – Vinyl Free #URL# #URL# <document> #HASHTAG#: Hoover FloorMate Deluxe Hard Floor Cleaner, FH40160PC – Coded #URL# #URL# <document> # HASHTAG#: Yazer Wool Dryer Balls, 10 – Pices, White #URL# #URL# <document> #HASHTAG#: Watermelon Slicer Cutter Corer &amp; Server – Multipurpose All-in-One Stainless Steel Knife… #URL# #URL# <document> #Hashtag#: Champion Men's Long Mesh With Short Pockets #URL# #URL# <Document> #Hashtag#: Champion Men's Long Mesh With Short Pockets #URL# # URL# <document> #HASHTAG#: ATESON Fidget Spinner Toy Super Durable Stainless Steel Bearings High Speed ​​5-7 Minutes… #URL# #URL# <document> #HASHTAG#: Utopia Kitchen Non-Stick Knife Set Color-Coded and Cutting Board #URL# #URL# <document> #HASHTAG#: AUSELILY Women's Sleeveless Pockets Casual Swing T-shirt Dresses #URL# <document> #HASHTAG#: AUSELILY Women's Sleeveless Pockets Casual Swing T-shirt Dresses #URL # <document> #HASHTAG#: Weber 7416 Rapidfire Chimney Starter #URL# #URL# <document> #HASHTAG#: Champion Men's Long Mesh Short With Pockets #URL# #URL# <document> #HASHTAG#: Crocs Unisex Classic Clog #URL# # URL# <Document> #HASHTAG#: Ozeli Pronto Digital Multifunction Kitchen and Food Scale, Elegant Black #URL# #URL# <document> #HASHTAG#: ASICS Men's GEL Venture 5 Trail Running Shoe #URL# #URL# <document> #HASHTAG#: AUSELILY Women's Sleeveless Pockets Casual Swing T-shirt Dresses #URL# <document> #HASHTAG#: Men's RockDove Two-Tone Memory Foam Slippers, Breathable Waffle Texture Springs… #URL# #URL# <document> #HASHTAG#: Levi's Men's 505 Regular Fit Jeans # URL# #URL# <document> #HASHTAG#: Brita Replacement Purifiers for Pitchers, 3 pcs #URL# #URL# <document> #HASHTAG#: Levi's Men's 505 Regular Fit Jeans #URL# #URL# </ documents> </author>