   
	<document> when things change somebody came in and changed them... don’t let that go over your head 💯 </document>
		<document> i’m going to start my apartment application sometime this month </document>
		<document> “it’s the little things that matter jimmy, it’s the little things that get you caught” don’t let that go over your head 💯 </document>
		<document> rt #user#: don’t be afraid to start over </document>
		<document> sometimes u build people up for the next person 🤷🏽‍♂️ it’s life </document>
		<document> which brand got this feature 👀 #url# </document>
		<document> where the good nail spots in broward 🤔 </document>
		<document> throw away is always a vibe no matter the time or place </document>
		<document> when u fuckin on that nigga i hope u thinking about me </document>
		<document> when u know u got the fbi behind you, u feel like u can say what ever u want #url# </document>
		<document> come on #hashtag# </document>
		<document> rt #user#: just don’t spoil em everyday spoil em on holidays since it’s about the day 🤷🏾‍♂️ </document>
		<document> he got so many lombardi trophies he sees them as toys 🤣 #url# </document>
		<document> mf’s a take you for as dumb as you let them 🤷🏽‍♂️ </document>
		<document> nigga let him know it was joke so quick 🤣🤣 #url# </document>
		<document> rt #user#: #user# a future dogecoin $doge billionaire </document>
		<document> rt #user#: bought some dogecoin for lil x, so he can be a toddler hodler </document>
		<document> rt #user#: nah fuck that it’s saving time i’m sticking to the code </document>
		<document> rt #user#: elon with the alley-oop to bitcoin! $tsla 🤝 $btc #url# </document>
		<document> rt #user#: #hashtag# is at .085 cents retweet and share 🚀 #hashtag# </document>
		<document> rt #user#: 250 likes and later this week ill put out a 3rd stock impersonally buying </document>
		<document> rt #user#: here goes another day of y’all acting crazy and we can’t even sign into our trade account😭 </document>
		<document> why mf’s always taking me for an idiot 🤔 </document>
		<document> rt #user#: #user# im a "with or without you" kind of person </document>
		<document> u seen how the police was ready to shoot back? shit crazy #url# </document>
		<document> this what i like to see but with more rubber bullets #url# </document>
		<document> lmao all the black people in dc should be taking advantage of this 💀 #url# </document>
		<document> rt #user#: i’m trying do 6 figures legal money this year. </document>
		<document> it’s in the bible #url# </document>
		<document> bro this stealing a room shit is top 5 funniest shit i ever heard 💀💀💀 #url# </document>
		<document> so females need to fuck in they tax bracket as well?? #url# </document>
		<document> rt #user#: this shit was so funny #url# </document>
		<document> rt #user#: wbmkenos - get to the bag </document>
		<document> come on man my guy kd is the goat </document>
		<document> rt #user#: first it was “girl how he look?” now it’s “girl he got money?” </document>
		<document> “dad, dad, noah’s trash” 💀💀💀 #url# </document>
		<document> i’m so happy a girl said this.... now i don’t feel bad #url# </document>
		<document> i pay very close attention to detail so when something changes i notice it off rip </document>
		<document> wait.... y’all can’t? #url# </document>
		<document> i need those light blue amiris with the black leather patches 👀 </document>
		<document> i can’t wait to have my little set up like this 🙏🏽 #url# </document>
		<document> so when you find it hold on to it #url# </document>
		<document> these the only carolers i wanna hear this year #url# </document>
		<document> i’ll do something strange for these 👀 #url# </document>
		<document> i notice everything #url# </document>
		<document> i haven’t eaten tgi in so long i forgot i love it </document>
		<document> y’all lgbtq people are really over doing it now #url# </document>
		<document> i never been a dumb nigga i just let certain things go cause i don’t have 100% of the truth </document>
		<document> rt #user#: my cousin deadass like me 💯 </document>
		<document> #user# i think ima do a surprise pop up soon 🤫 </document>
		<document> #user# oh nahhh if it’s a girl i’m talking to then u got 24 hours before i pop up with a new bae </document>
		<document> 🙏🏽 jesus we need answers #url# </document>
		<document> idc if we ain’t talk in months.... if you ain’t do no flakey shit then me and you still rocking 100% the same #url# </document>
		<document> rt #user#: my girl gon get the world 🙏🏽 </document>
		<document> rt #user#: facts af rt </document>
		<document> if a bitch holding you down in hard times and u come up and leave her, you a bitch </document>
		<document> he a fuck nigga 🤷🏽‍♂️ #url# </document>
		<document> at some point you just gotta stop talking and show a mf </document>
		<document> #user# i feel bad lol </document>
		<document> a lot of yal goin broke to look rich for broke people 😪.... a simple retweet just wasn’t enough for me ‼️ #url# </document>
		<document> rt #user#: if i post the location best believe i already left. 😭 </document>
		<document> rt #user#: ion trust you niggaz, stay tf from round me. </document>
		<document> y’all be so green 💀💀💀 #url# </document>
		<document> rt #user#: if they had led with this there woulda been a voluntary nationwide lockdown in march </document>
		<document> it’s the “idc” at the end #url# </document>
		<document> god always shows me exactly what i need to see, with perfect timing </document>
		<document> ain’t no way #url# </document>
		<document> she look like weezy wtf baby #url# </document>
		<document> the way you say things has a lot of meaning in what your saying </document>
		<document> rt #user#: my guard forever up. ion trust shit💯 </document>
		<document> i wish i knew how to talk </document>
		<document> i’m ready for it 🙏🏽 #url# </document>
		<document> i be on point </document>
		<document> bitches always think they so slick 💀 </document>
		<document> i needed this 💀 #url# </document>
		<document> biden is about to flip georgia prepare for the civil war </document>
		<document> don’t be dumb... secure the bag 💰 </document>
		<document> rt #user#: please share!!! she’s in the baton rouge, la area!! </document>
		<document> all this showed me is that chief is the goat #url# </document>
		<document> rt #user#: bills so ass </document>
		<document> leave it to broward to welcome the rat #url# </document>
		<document> he should have shot the one standing there #url# </document>
		<document> nahhhh she came tf thru #url# </document>
		<document> rt #user#: hi, speed. join us today at 10:00 a.m. pdt on #url# #hashtag# </document>
		<document> rt #user#: that bih caught a charlie horse😂 </document>
		<document> living my life like i do now.... #url# </document>
		<document> there’s no way..... #url# </document>
		<document> don’t do something your gonna regret... i wish i hadn’t </document>
		<document> they was snapping ngl #url# </document>
		<document> i swear i seen like 3 niggas #url# </document>
		<document> last day to register‼️‼️‼️ #url# </document>
		<document> rt #user#: this how laker fans expect you to hoop against them #url# </document>
		<document> damn homie rip 💀🤣 #url# </document>
		<document> what the fuck #url# </document>
		<document> rt #user#: just so that yall stay protected even while alone #url# </document>
		<document> baby you gotta know that i'm just out here doin what i gotta do for me and you and we eatin.. so bitch why the fuck is you trippin?? </document>
		<document> “give him his stuff, yo booty out! “ i’m crying 😭 #url# </document>
		<document> rt #user#: that 1 guy that you never know if he's homeless or a real parking attendant 😂😂😂 #url# </document>
		<document> and this why i buy my own shit 💀 #url# </document>
		<document> i wish y’all knew how hard i laughed 😭 #url# </document>
		<document> i’m crying 💀 #url# </document>
		<document> niggas cant fight no more 🤦🏽‍♂️ #url# </document>
		<document> lmaooo vibe y’all od now #url# </document>
		<document> rt #user#: just released my new tracksuits ! rt to help me find my next customer! 🔥 #url# </document>
		<document> you ain’t never hearing no click clack #hashtag# </document>
		<document> your a coon #url# </document>
		<document> shit wild 🤦🏽‍♂️ #url# </document>
		<document> fucked up profiles to many inquiries </document>
		<document> m13 monolithic'll knock your soul out. in real life, i got the same shit that's in my loadout ‼️💯 </document>
		<document> rt #user#: just in case y’all forgot who killed breonna taylor #url# </document>
		<document> rt #user#: you know they from broward 🔥🔥😂😂🌴🌴🌴🕺🏿 #url# </document>
		<document> rt #user#: #user# #user# chill we gotta remember boosie tech just came home lol tht nigga dnt know 😂😂😂 </document>
		<document> rt #user#: posting here too‼️ #url# </document>
		<document> there’s no way this is what they meant #url# </document>
		<document> wow bitches are different 🤦🏽‍♂️ #url# </document>
		<document> you know it’s crazy out here when a nigga is shocked u ain’t touch 100 yet 😂😂😂 </document>
		<document> this is lovely #url# </document>
		<document> rt #user#: it costs $0 to retweet an artist 😤✨🔊⁉️💕🌀🥺😣 #url# </document>
		<document> rt #user#: she took these off a altima </document>
		<document> rt #user#: the fact that the counter chant to “black lives matter” is “usa” tells you what you need to know </document>
		<document> rt #user#: protests are still happening. cops are still reacting with violence. don’t forget. keep looking. </document>
		<document> rt #user#: remember when this movie was about car racing? </document>
		<document> rt #user#: please let me know if you have any info regarding this case that can help out the mother 🙏🏽 #url# </document>
		<document> rt #user#: i fuck with vans heavily #url# </document>
		<document> rt #user#: just gonna *ahem* exquiseeeee me leave this here #url# </document>
		<document> 38 on me and i’m feeling so so special </document>
		<document> soooo all y’all just gone get the q60? i’m happy for y’all and all but damn i wanted that car 😒 </document>
		<document> you approach my car like this..... lol #url# </document>
		<document> some one tell her eat a dick #url# </document>
		<document> rt #user#: just bc the media has stopped showing it doesn’t means it has stopped. </document>
		<document> i feel safer knowing these thugs are behind bars #url# </document>
		<document> y’all confederates lost the first war and y’all gone definitely loose the second one </document>
		<document> rt #user#: prime example of why harriet couldn't free all the slaves 🤦🏾‍♀️ </document>
		<document> rt #user#: if we stay quiet about this we are fuckin hoes </document>
		<document> rt #user#: lol depends on what i’m cookin duh </document>
		<document> rt #user#: y’all don’t be wanting to understand folks. y’all be wanting to argue. </document>
		<document> good shit reavis #url# </document>
		<document> rt #user#: bill gates: 💳 go buy me coke and buy something for yourself too. me: #url# </document>
		<document> rt #user#: it takes seconds to retweet: $50,000 reward for help finding missing fort hood soldier vanessa guillen. </document>
		<document> this the type of propaganda i wanna see in the text books in the future #url# </document>
		<document> smartest thing he ever said #url# </document>
		<document> rt #user#: violence and burning shit down is 3 - 0 rn. </document>
		<document> rt #user#: for the record: cops aren’t supposed to kill guilty people either. </document>
		<document> bro this shit just made my day 🤣 #url# </document>
		<document> rt #user#: y’all see this shit ??? #url# </document>
		<document> rt #user#: 1 dead, 1 transported following shooting in little haiti #url# </document>
		<document> rt #user#: 🌚i had too! #url# </document>
		<document> rt #user#: american taxpayers spend $107,575,000,000 more on police than public housing. pass it on. </document>
		<document> rt #user#: what she wears isn’t my decision to make. i just date women that won’t even think about going outside like that instead </document>
		<document> rt #user#: i’m surprised a lot of people have never seen the 1995 film panther. this is one of the best scenes. ✊🏾✊🏾 </document>
		<document> chick fil a cancelled??? ikrave here i come </document>
		<document> i need more of this content on my tl #url# </document>
		<document> i can see why some of y’all ain’t go to college 🤣🤣🤣🤣🤣 y’all still saying this is 1 #url# </document>
		<document> rt #user#: we love to see it. now charge &amp; convict the bitch </document>
		<document> rowdy did a feat thru a jail phone 🐐🐐🐐 </document>
		<document> rt #user#: i tried to follow his footsteps now i got court next week😒 </document>
		<document> rt #user#: no cap 7’s starting to look like 3.5’s 😭😭 </document>
		<document> rt #user#: start killing the police.. cause i’m tired of these niggas killing us. </document>
		<document> no matter what the media tries to tell y’all.... i would never kill my self... some one murdered me ‼️ </document>
		<document> that’s why oklahoma getting they shit smacked 🤣 #url# </document>
		<document> free this man... some one start a go fund me #url# </document>
		<document> rt #user#: bruh in green said... “bitch i got it off the muscle, he wanna fight i wanna tussle”..😂😂 </document>
		<document> the best part about it all is the little black girl being pulled around by the white man ✊🏽 #url# </document>
		<document> i suggest we shoot first 🤷🏽‍♂️ #url# </document>
		<document> rt #user#: i guess the lockdown is over. may the best immune system win.😭 </document>
		<document> i’m fucking growing cause lord knows 🙏🏽 </document>
		<document> rt #user#: aye.. these new rappers got yall forgetting wayne has a kid with lauren london. 😂 cmon </document>
		<document> rt #user#: starbucks is cancelled ‼️‼️ #url# </document>
		<document> rt #user#: portland march has both directions of i-84 #url# </document>
		<document> if their controllers are bigger then i’ll switch #url# </document>
		<document> rt #user#: nah we cant allow this to happen forget about what happened on the tl focus on what matters now. #hashtag# </document>
		<document> rt #user#: niggas wake up at the crack of dawn, post on ig “early bird gets the worm” then sit down and turn the game on😂😂😂😂😭😭😭 </document>
		<document> rt #user#: i’m so sick of this shit. cps is not doing their job. they have failed another innocent baby yet again. </document>
		<document> one thing i never been was a dumb nigga </document>
		<document> lmao this just showed me i need my own car 🤦🏽‍♂️ </document>
		<document> people be to sneaky for me 😂 </document>
		<document> nahh u held your own 💯💯💯 #url# </document>
		<document> rt #user#: make this viral!!! make this happen!!! </document>
		<document> rt #user#: it's still got a shine on it #url# </document>
		<document> rt #user#: y’all boys gotta chill #url# </document>
		<document> we need another future feat. #url# </document>
		<document> rt #user#: when you need a new car, but you’re not sure about your credit 🤣 #url# </document>
		<document> rt #user#: nobody: hennessy: you could whoop 7 niggas by yourself me: #url# </document>
		<document> i peep everything ‼️ even when there ain’t shit to peep 🤣 </document>
		<document> rt #user#: day 2 of seattle’s 30 day tear gas ban </document>
		<document> rt #user#: it’s really fucked up when bush talking shit </document>
		<document> rt #user#: george w. bush reportedly opposes donald trump’s reelection. more: #url# #url# </document>
		<document> this seem like it was made for white officers to be allowed to rape black women #url# </document>
		<document> aye chill out #url# </document>
		<document> somebody should have beat tf outta him #url# </document>
		<document> rt #user#: arrest the cops who killed #hashtag# </document>
		<document> rt #user#: medic area in disarray after apd came through stabbing water bottles and tipping over tables. #hashtag# </document>
		<document> rt #user#: #user# here's the unblurred video #url# </document>
		<document> rt #user#: racists getting their a$$ whooped: a thread ❤️ #url# </document>
		<document> rt #user#: meanwhile the top story on uk media is about a white rich girl who went missing 13 years ago... #url# </document>
		<document> rt #user#: so fuck chick fil a even more now #url# </document>
		<document> rt #user#: mark your calendars!! #url# </document>
		<document> rt #user#: how do you know he didn't have a pre-existing fire? </document>
		<document> rt #user#: rib dinners for sale, $14 a plate .. yeen gotta buy one but a simple rt won’t hurt 🤞🏾 #url# </document>
		<document> rt #user#: they raised 137k in 12 hours for homie...we can take care of ourselves. </document>
	 