
	
		<document> Indeed a great and genuine person #URL# ></document>
		<document> Annual Milad Conference by Canadian Muslim Friends by Shahid Mughal ></document>
		<document> I posted a new video to Facebook #URL# ></document>
		<document> A proud friendship of sixty years MAshallah ></document>
		<document> Darcy Browning speaking about commercial real estate at Remax Gold — at Remax Gold Realty Inc. #URL# ></document>
		<document> Indeed a great person ></document>
		<document> Hon Marco Mendocino Minister of Immigration Refugees and Citizenship at Mp Iqra Khalid office ></document>
		<document> The Fire chief — attending Mayor Crombie's New Year's Levee at 300 City Centre Drive, Mississauga, On #URL# ></document>
		<document> I posted a new video to Facebook #URL# ></document>
		<document> A great friend — celebrating friendship ></document>
		<document> A great educated and very polite friend.......a proud frienship of 40 years.... #URL# ></document>
		<document> My beautiful Lahore ></document>
		<document> I posted a new video to Facebook #URL# ></document>
		<document> at Brampton City Hall #URL# ></document>
		<document> A great friend #URL# ></document>
		<document> Ten minutes In 2020 ></document>
		<document> Exactly one hour 59 minutes In 2020 ></document>
		<document> Exactly 3 hours 2020 ></document>
		<document> Exactly 4 hours 2020 ></document>
		<document> Exactly 4 hours 48 minutes left in 2020 ></document>
		<document> let us listen ></document>
		<document> So help us my Lord — at Merciful Redeemer Parish - Mississauga #URL# ></document>
		<document> drinking coffee at Al-Omda Dundas Lounge #URL# ></document>
		<document> So help me my Lord — at Eden United Church, Mississauga, Ontario #URL# ></document>
		<document> I posted a new video to Facebook #URL# ></document>
		<document> Congratulations Denise Gordon-Mohamud vice chair of DIAC city of Mississauga Thanks Hassan Zaidi and Ather Aali for delicious Paya Dinner ></document>
		<document> A very happy birthday 🥳 Dr Ali Irfan Malik — at Erin Mills, Mississauga #URL# ></document>
		<document> Holiday spirit from Remax Gold — at Remax Gold Realty Inc. #URL# ></document>
		<document> Merry Christmas 🎄 open house by MPP Sheref Sabawy — at 4141 Sladeview Cresent #URL# ></document>
		<document> Great pictures by Waqas Gondal at Jirga — drinking coffee at Tim Hortons #URL# ></document>
		<document> Happy looks Angry looks Pictures courtesy Waqas Gondal — drinking coffee at Tim Hortons #URL# ></document>
		<document> A very happy birthday 🥳 Shahzada Benazir We all love you 😍 Jirga — at Tim Hortons #URL# ></document>
		<document> great efforts keep it up ></document>
		<document> I posted a new video to Facebook #URL# ></document>
		<document> A very hardworking Sabir Gaya — at Village Taste Restaurant #URL# ></document>
		<document> I posted a new video to Facebook #URL# ></document>
		<document> We are great friends but agree to disagree Proud of you 👍 #URL# ></document>
		<document> I posted a new video to Facebook #URL# ></document>
		<document> Congratulations our great MP Iqra Khalid Erin Mills We are proud of you — in Ottawa #URL# ></document>
		<document> Faiz Day by Committee of Progressive Pakistani Canadian — at Mississauga Burnhamthorpe #URL# ></document>
		<document> Proudly standing with you A great friend #URL# ></document>
		<document> I posted a new video to Facebook #URL# ></document>
		<document> Hardworking woman at work — at Remax Gold Realty Inc. #URL# ></document>
		<document> call me for best rates irfan malik 416 890 6601 insurance is your protection ></document>
		<document> Call me for best quotes.... Irfan Malik 416 890 6601 Insurance is tour protection ></document>
		<document> Woman Empowerment Why me ></document>
		<document> Lest we Forget Every Canadian must have Poppy on Remembrance day My salute to great veterans of Canadian Forces ></document>
		<document> I posted a new video to Facebook #URL# ></document>
		<document> 6 years ago today #URL# ></document>
		<document> I posted a new video to Facebook #URL# ></document>
		<document> a very educated and successful businessman #URL# ></document>
		<document> I posted a new video to Facebook #URL# ></document>
		<document> Meet and greet for new Peel Police Chief Nishan Duraiappah at Haroon Khan residance — in Mississauga #URL# ></document>
		<document> Proud of you 👍 #URL# ></document>
		<document> A very happy birthday 🥳 Imran Hijazi from Jirga — at Tim Hortons #URL# ></document>
		<document> A successful experience — in Mississauga #URL# ></document>
		<document> I posted a new video to Facebook #URL# ></document>
		<document> I posted a new video to Facebook #URL# ></document>
		<document> PPP central Toronto executive meeting — at Student Biryani #URL# ></document>
		<document> Nadeem Mian a great community activist. we should never forget your handwork for community for jealousy we stand with you ></document>
		<document> Listen Carefully and do it ></document>
		<document> I posted a new video to Facebook #URL# ></document>
		<document> My Mayor at #HASHTAG# food drive — at Chua Phap Van #URL# ></document>
		<document> I posted a new video to Facebook #URL# ></document>
		<document> My twin brother — celebrating friendship ></document>
		<document> The best food Enjoy your culture ></document>
		<document> I miss you Barry abu May Allah award you a better place in janat ul firdous ameen ></document>
		<document> Happy Thanksgiving Lunch by MPP Deepak Anand — in Mississauga #URL# ></document>
		<document> Memories warm you up from the inside. But they also tear you apart ></document>
		<document> A great woman and excellent friend ></document>
		<document> I posted a new video to Facebook #URL# ></document>
		<document> I posted a new video to Facebook #URL# ></document>
		<document> Safdar Warraich arranged his annual bbq at his residence — in Brampton #URL# ></document>
		<document> I posted a new video to Facebook #URL# ></document>
		<document> Canadian Fundraising for Canadians Hospitals and charitable institutions only ></document>
		<document> Very proud of You Sir ></document>
		<document> Five years rental warranty ></document>
		<document> Proud of you sir #URL# ></document>
		<document> I posted a new video to Facebook #URL# ></document>
		<document> Education and health by Irfanbabamalik Broker Remax Gold realty inc 416 890 6601 Montessori/School ></document>
		<document> Why mortgage insurance is necessary ??? why not to protect your Future ></document>
		<document> Why mortgage insurance is important? By Irfan Malik 4168906601 for best rates ></document>
		<document> I posted a new video to Facebook #URL# ></document>
		<document> I posted a new video to Facebook #URL# ></document>
		<document> Our Trustee — celebrating friendship ></document>
		<document> 7 point test Money and growth together Call me to join — at WFG #URL# ></document>
		<document> Pre Construction Projects ></document>
		<document> A very happy birthday to a great friend and an amazing woman #URL# ></document>
		<document> Pakistan day 14th August celebration by overseas Pakistanis Alliance of North America — at Toshka Grill &amp; Lounge #URL# ></document>
		<document> Pakistan day 14th August celebration by overseas Pakistanis Alliance of North America — at Toshka Grill &amp; Lounge #URL# ></document>
		<document> I posted a new video to Facebook #URL# ></document>
		<document> Pakistan Independence Day celebration by Pak Poineers Community Organization of Canada — at Iceland Arena #URL# ></document>
		<document> I posted a new video to Facebook #URL# ></document>
		<document> A very decent friend #URL# ></document>
		<document> Help Humanity Organization by Ghazal Qureshi — at Capitol Banquet Centre #URL# ></document>
		<document> Help Humanity Organization by Ghazal Qureshi — at Capitol Banquet Centre #URL# ></document>
		<document> My cute and beautiful Buddy A best friend — at Erin Mills, Mississauga #URL# ></document>
		<document> we are proud of you....great ></document>
		<document> Steven Del Duca speaking at meeting arranged by Meher Mahmud — in Brampton #URL# ></document>
		<document> MAshallah congratulations Imran Malik And Nazia Feroz on birth of your baby girl Fatima Ali ></document>
		<document> “Will to win “ Come join us WFG Money and growth together — at WFG #URL# ></document>
		<document> Great 👍 You are doing an amazing job ></document>
		<document> Happy birthday Musaddiq Ikram and Nizam Ghouri May god bless you always Best wishes from Jirga — at Tim Hortons #URL# ></document>
		<document> No family left behind WFG training in progress Join us — at WFG #URL# ></document>
		<document> Donations and Charity for Canadian Charities,Hospitals , food-banks only Think Canadian Be Canadian ></document>
		<document> Ex Federal Minister Rana Farooq visited Jirga today — drinking coffee at Tim Hortons #URL# ></document>
		<document> Your Printing Needs and Solutions......by Irfan Baba Malik Broker Re/Max Gold Realty inc. 416 890 6601 ></document>
		<document> I posted a new video to Facebook #URL# ></document>
		<document> No family left behind Training session WFG Join me to earn money 💰 — at WFG #URL# ></document>
		<document> My lovely late night buddy ></document>
		<document> Proud of you #URL# ></document>
		<document> Happy birthday Ather Aali and Qaiser Dar from Jirga Courtesy Iqbal Bhatti — at Tim Hortons #URL# ></document>
		<document> Fundraising season has started Please only donate for Canadian charities and hospitals and food band ></document>
		<document> Happy birthday 🥳 Mian Nadeem — in Brampton #URL# ></document>
		<document> Objections Handling training Join me if you want to make your career Call now 416 890 6601 — at WFG #URL# ></document>
		<document> A very happy birthday 🥳 #URL# ></document>
		<document> “It is not the man who has too little, but the man who craves more, that is poor.” ... Good Morning Canada 🇨🇦 ></document>
		<document> Sohail Tanvir International Cricketer visited Jirga A great honour for us — at Tim Hortons #URL# ></document>
		<document> WFG training “No family left behind “ Please join my team Call me right now for one to one meeting — at WFG #URL# ></document>
		<document> Don’t give up your dreams Good Morning Canada 🇨🇦 ></document>
		<document> Mayor Bonnie Crombie speaking at Ahmedia Mosque A Reception for Mayor Bonnie Crombie ></document>
		<document> I posted a new video to Facebook #URL# ></document>
		<document> Special Pakistan Day Iftar dinner by ch Ch Javed Gujar ></document>
		<document> All Pakistanis candidates will be on stage ></document>
		<document> Iftar dinner by Shafqat Ali Thanks 🙏 ></document>
		<document> A sign of a good leader is not how many followers you have. But how many true leaders you create: Mahatma Gandhi 🌹🌿🙏🏼 ></document>
		<document> Iftar dinner and ice cream by Shafiq Raja — at D Spot Dessert Cafe #URL# ></document>
		<document> Honourable Noor Alam Khan MNA from Peshawar visited jirga A great honour for us — at Tim Hortons #URL# ></document>
		<document> New lots in Paris Ontario Please contact me 416-890-6601 — in Paris #URL# ></document>
		<document> A great visionary friend #URL# ></document>
		<document> A very talented woman #URL# ></document>
		<document> I posted a new video to Facebook #URL# ></document>
		<document> Thanks Shahroz Yousaf Chaudhry for a wonderful iftar dinner 🥘 ></document>
		<document> I posted a new video to Facebook #URL# ></document>
		<document> Thanks 🙏 Ch Ch Javed Gujar sahib — drinking with friends at D Spot Dessert Cafe #URL# ></document>
		<document> I posted a new video to Facebook #URL# ></document>
		<document> WFG Join my team ></document>
		<document> I posted a new video to Facebook #URL# ></document>
		<document> A very courageous woman and my dear sister #URL# ></document>
		<document> I posted a new video to Facebook #URL# ></document>
		<document> A genuine leader is not a searcher for consensus but a molder of consensus. Good Morning Canada 🇨🇦 ></document>
		<document> I posted a new video to Facebook #URL# ></document>
		<document> Women Empowerment — at Continental Grand Buffet #URL# ></document>
		<document> I posted a new video to Facebook #URL# ></document>
		<document> I posted a new video to Facebook #URL# ></document>
		<document> Some Changes Coming to the Celebration Square Water Feature in Mississauga #URL# ></document>
		<document> Every parting gives a foretaste of death, every reunion a hint of the resurrection. Good Morning Canada 🇨🇦 ></document>
		<document> Be a good neighbour while doing your major renovation #URL# ></document>
		<document> A great friend #URL# ></document>
		<document> Very proud to be a friend with a very professional photographer . #URL# ></document>
		<document> I posted a new video to Facebook #URL# ></document>
		<document> We are proud of you Shehzad Haq for creating awareness Students Visa for Pakistani students ></document>
		<document> Special guests in Jirga — drinking coffee at Tim Hortons #URL# ></document>
		<document> Milad Mikael is the conservative candidate from Mississauga Centre #URL# ></document>
		<document> Human Concern International Working to change our world ></document>
		<document> Human Concern International Working to change our world #URL# ></document>
		<document> Human Concern International Working to change our world #URL# ></document>
		<document> Human Concern International Working to change our world #URL# ></document>
		<document> A very positive step #URL# ></document>
		<document> Shalom Happy Passover My great Jewish friends ></document>
		<document> President Jirga Mohammad Latif Awan a very happy birthday 🥳 #URL# ></document>
		<document> Awards BYOA (buy your own awards) ></document>
		<document> PPP Canada is hosting Fateh Khawani for Shaheed Zulfiqar Ali Bhutto today 6pm ></document>
		<document> Wolves can loose their teeth but not NATURE*🐻🐻🐻 ></document>
		<document> Leaders are built in field not in drawing ✍️ rooms ></document>
		<document> A very happy birthday Naveed Qureshi Thanks for a delicious dinner — eating dinner at Toshka Grill &amp; Lounge #URL# ></document>
		<document> RockaPop Live By NJ Malik #URL# ></document>
		<document> All MPs and MPPs must support An independent city of Mississauga to respect people opinion ></document>
		<document> Stand up for MISSISSAUGA An Independent City ></document>
		<document> Pak Poineers community organization multicultural Pakistan Day — at Swagat Banquet Hall #URL# ></document>
		<document> Pak Poineers community organization multicultural Pakistan Day #URL# ></document>
		<document> I posted a new video to Facebook #URL# ></document>
		<document> 23 March Pakistan Resolution Day breakfast by Swagat banquet hall — at Swagat Banquet Hall #URL# ></document>
		<document> eating lunch at McDonald's Canada #URL# ></document>
		<document> I posted a new video to Facebook #URL# ></document>
		<document> Muslim Council of Peel &amp; DawaNet hosted a vigil at Celebration Square to honour the lives lost and to stand up against hate and terrorism ></document>
		<document> Call it a terrorism not simply a hate crimes or murders New Zealand 🇳🇿 ></document>
		<document> We strongly condemn the brutal attack on mosques in New Zealand ></document>
		<document> I posted a new video to Facebook #URL# ></document>
		<document> We should be VOICE for VOICELESS ></document>
		<document> I posted a new video to Facebook #URL# ></document>
		<document> at Mississauga Valley Community Centre #URL# ></document>
		<document> MP Iqra Khalid speaking at Gender Equality and Abuse session of UICM #URL# ></document>
		<document> “We must learn to live together as brothers or perish together as fools" Martin Luther King Jr. ></document>
		<document> Hon. Jean Augustine speaking at International Women day breakfast by Mayor Bonnie Crombie #URL# ></document>
		<document> A practical work towards women empowerment and family values ></document>
		<document> A very decent and humble person My great afternoon buddy with a very professional vision #URL# ></document>
		<document> A wonderful coverage of Peace Rally by CP 24 Congratulations organizers #URL# ></document>
		<document> I posted a new video to Facebook #URL# ></document>
		<document> Pakistan is a great peace loving country ></document>
		<document> We are arranging a Peace rally Please wait for details ></document>
		<document> Sense should prevail War can’t solve any problem It can only destroy both ></document>
		<document> I posted a new video to Facebook #URL# ></document>
		<document> NDP Leader Jagmeet Singh wins federal seat in high-stakes Burnaby South byelection ></document>
		<document> I posted a new video to Facebook #URL# ></document>
		<document> I posted a new video to Facebook #URL# ></document>
		<document> at Solel Congregation of Mississauga #URL# ></document>
		<document> Proud to be part of this powerful financial group WFG Road to success Please join me Inbox please — at WFG #URL# ></document>
		<document> Family day walkathon on 24th February Volunteer training session Snapd North Mississauga Media Partner #URL# ></document>
		<document> We Pakistani Canadians will stand together and united ></document>
	
</author><document> A great and sincere person indeed #URL# ></document>
<Document> Annual Milad Conference of Canadian Muslim Friends of Shahid Mughal ></Document>
<document> I posted a new video on Facebook #URL# ></document>
<document> A proud friendship of sixty years MAshallah ></document>
<Document> Darcy Browning Talks Commercial Real Estate at Remax Gold — at Remax Gold Realty Inc. #URL# ></Document>
<document> A great person indeed ></document>
<Document> Hon Marco Mendocino Minister of Immigration, Refugees and Citizenship in MP Iqra Khalid's office ></Document>
<document> The Fire Chief - attends Mayor Crombie's New Year's Eve levee at 300 City Center Drive, Mississauga at #URL# ></document>
<document> I posted a new video on Facebook #URL# ></document>
<document> A great friend - a celebration of friendship ></document>
<document> A superbly educated and very polite friend....a proud friendship of 40 years.... #URL# ></document>
<Document> My beautiful Lahore ></Document>
<document> I posted a new video on Facebook #URL# ></document>
<document> at Brampton City Hall #URL# ></document>
<document> A good friend #URL# ></document>
<document> Ten minutes in 2020 ></document>
<document> Exactly one hour 59 minutes in 2020 ></document>
<Document> Exactly 3 hours 2020 ></Document>
<Document> Exactly 4 hours 2020 ></Document>
<document> Exactly 4 hours 48 minutes left in 2020 ></document>
<document> let's listen ></document>
<document> So help us my Lord - in the parish of Merciful Redeemer - Mississauga #URL# ></document>
<Document> having coffee at Al-Omda Dundas Lounge #URL# ></Document>
<document> So help me Lord - at Eden United Church, Mississauga, Ontario #URL# ></document>
<document> I posted a new video on Facebook #URL# ></document>
<document> Congratulations Denise Gordon-Mohamud, Vice Chair of the DIAC City of Mississauga. Thank you Hassan Zaidi and Ather Aali for the delicious Paya dinner ></document>
<Document> Happy Birthday 🥳 Dr. Ali Irfan Malik – at Erin Mills, Mississauga #URL# ></document>
<Document> Holiday spirit from Remax Gold - at Remax Gold Realty Inc. #URL# ></Document>
<document> Merry Christmas 🎄 MPP Sheref Sabawy Open House – in 4141 Sladeview Cresent #URL# ></document>
<document> Great pics of Waqas Gondal in Jirga - having coffee at Tim Horton's #URL# ></document>
<document> Happy Looks Angry Looks Images courtesy of Waqas Gondal — having coffee at Tim Horton's #URL# ></document>
<document> Happy Birthday 🥳 Shahzada Benazir We all love you 😍 Jirga — at Tim Horton's #URL# ></document>
<document> Great efforts keep it up ></document>
<document> I posted a new video on Facebook #URL# ></document>
<document> A very hardworking Sabir Gaya - at Village Taste Restaurant #URL# ></document>
<document> I posted a new video on Facebook #URL# ></document>
<document> We are good friends but agree to disagree. Proud of you 👍 #URL# ></document>
<documentnt> I posted a new video on Facebook #URL# ></document>
<document> Congratulations to our great MP Iqra Khalid Erin Mills. We're proud of you - in Ottawa #URL# ></document>
<Document> Pakistani Canadian Progressive Committee Faiz Day - in Mississauga Burnhamthorpe #URL# ></Document>
<document> Standing proudly by your side A great friend #URL# ></document>
<document> I posted a new video on Facebook #URL# ></document>
<Document> Hardworking lady at work - at Remax Gold Realty Inc. #URL# ></Document>
<Document> Call me for the best prices. Irfan Malik 416 890 6601 Insurance is your protection ></Document>
<Document> Call me for Best Deals.... Irfan Malik 416 890 6601 Insurance is Travel Protection ></Document>
<document> Woman Empowerment Why I ></document>
<document> Lest we forget Every Canadian must have poppy on Remembrance Day Salute to the great veterans of the Canadian Armed Forces ></document>
<document> I posted a new video on Facebook #URL# ></document>
<Document> 6 years ago today #URL# ></Document>
<document> I posted a new video on Facebook #URL# ></document>
<Document> a very educated and successful businessman #URL# ></Document>
<document> I posted a new video on Facebook #URL# ></document>
<Document> Meet and greet new Peel Police Commissioner Nishan Duraiappah at Haroon Khan's residence - in Mississauga #URL# ></document>
<Document> Proud of you 👍 #URL# ></Document>
<document> Happy Birthday 🥳 Imran Hijazi from Jirga — at Tim Horton's #URL# ></document>
<document> A successful experience - in Mississauga #URL# ></document>
<document> I posted a new video on Facebook #URL# ></document>
<document> I posted a new video on Facebook #URL# ></document>
<Document> PPP Executive Meeting in downtown Toronto - at Student Biryani #URL# ></document>
<Document> Nadeem Mian, a great community activist. we should never forget your work for community for envy we stand by you ></document>
<document> Listen carefully and do it ></document>
<document> I posted a new video on Facebook #URL# ></document>
<document> My Mayor at the #HASHTAG# Food Drive - at Chua Phap Van #URL# ></document>
<document> I posted a new video on Facebook #URL# ></document>
<document> My Twin Brother - Celebrating Friendship ></document>
<document> The best food Enjoy your culture ></document>
<document> I miss you Barry abu. May Allah grant you a better place in Janat ul Firdous Ameen ></document>
<document> Happy Thanksgiving Lunch by MPP Deepak Anand - in Mississauga #URL# ></document>
<Document> Memories warm you from within. But they also tear you up ></document>
<document> A great wife and excellent friend ></document>
<document> I posted a new video on Facebook #URL# ></document>
<document> I posted a new video on Facebook #URL# ></document>
<Document> Safdar Warraich hosted his annual barbecue at his home - in Brampton #URL# ></Document>
<document> I posted a new video on Facebook #URL# ></document><document> Canadian fundraising for Canadian hospitals and non-profit organizations only ></document>
<document> Very proud of you sir ></document>
<Document> Five Year Rental Guarantee ></Document>
<Document> Proud of you Sir #URL# ></Document>
<document> I posted a new video on Facebook #URL# ></document>
<Document> Education and Health by Irfanbabamalik Broker Remax Gold Realty Inc. 416 890 6601 Montessori/School></Document>
<Document> Why is Mortgage Insurance Necessary??? why not protect your future ></document>
<Document> Why is mortgage insurance important? From Irfan Malik 4168906601 for best prices ></document>
<document> I posted a new video on Facebook #URL# ></document>
<document> I posted a new video on Facebook #URL# ></document>
<document> Our Trustee - Celebration of Friendship ></document>
<document> 7 Point Test Money and Growth Together Call me to join — at WFG #URL# ></document>
<Document> Preliminary Projects ></Document>
<document> Happy Birthday to an amazing friend and amazing woman #URL# ></document>
<Document> Pakistan Day Celebration on August 14 by Pakistan Alliance of North America Overseas - at Toshka Grill &amp; Lounge #URL# ></document>
<Document> Pakistan Day Celebration on August 14 by Pakistan Alliance of North America Overseas - at Toshka Grill &amp; Lounge #URL# ></document>
<document> I posted a new video on Facebook #URL# ></document>
<Document> Celebration of Pakistan Independence Day by the Pak Poineers Community Organization of Canada — at Iceland Arena #URL# ></document>
<document> I posted a new video on Facebook #URL# ></document>
<document> A very decent friend #URL# ></document>
<Document> Help Humanity Organization by Ghazal Qureshi - at Capitol Banquet Center #URL# ></Document>
<Document> Help Humanity Organization by Ghazal Qureshi - at Capitol Banquet Center #URL# ></Document>
<document> My cute and beautiful Buddy A best friend – at Erin Mills, Mississauga #URL# ></document>
<document> we are proud of you...great ></document>
<Document> Steven Del Duca speaks at a meeting in Brampton arranged by Meher Mahmud #URL# ></Document>
<document> MAshallah congratulates Imran Malik and Nazia Feroz on the birth of their baby girl Fatima Ali ></document>
<document> "Will to win" Come to us WFG money and growth together - under WFG #URL# ></document>
<document> Awesome 👍 You're doing a great job ></document>
<document> Happy Birthday Musaddiq Ikram and Nizam Ghouri May God bless you always. Best wishes from Jirga — at Tim Horton's #URL# ></document>
<document> No Family Left Behind WFG Training Underway Join us at WFG #URL# ></document>
<document> Donations and charitable giving to Canadian charities, hospitals and panels only Think Canadian Be Canadian ></document>
<document> Former Federal Minister Rana Farooq visited Jirga today - had coffee at Tim Horton's #URL# ></document>
<Document> Your Printing Needs and Solutions...... by Irfan Baba Malik Broker Re/Max Gold Realty Inc. 416 890 6601 ></document>
<document> I posted a new video on Facebook #URL# ></document>
<document> No Family Left Behind Training Session WFG Make Money With Me 💰 — at WFG #URL# ></document>
<document> My lovely late night buddy ></document>
<Document> Proud of you #URL# ></Document>
<Document> Happy Birthday Ather Aali and Qaiser Dar by Jirga Courtesy Iqbal Bhatti — at Tim Horton's #URL# ></document>
<document> Donation Season Has Begun Please donate only to Canadian charities and hospitals and the Food Band ></document>
<Document> Happy Birthday 🥳 Mian Nadeem - in Brampton #URL# ></Document>
<document> Objection Handling Training Join me if you want a career. Call now at 416.890.6601 — at WFG #URL# ></document>
<document> Happy birthday 🥳 #URL# ></document>
<Document> "Poor is not the man who has too little, but the man who longs for more." ... Good morning Canada 🇨🇦 ></document>
<Document> Sohail Tanvir International Cricketer Visited Jirga A great honor for us — at Tim Horton's #URL# ></Document>
<Document> WFG No Family Left Behind Training Please join my team. Call me now for a one-on-one meeting — at WFG #URL# ></document>
<document> Don't give up on your dreams Good morning Canada 🇨🇦 ></document>
<Document> Mayor Bonnie Crombie speaks at Ahmedia Mosque A reception for Mayor Bonnie Crombie ></Document>
<document> I posted a new video on Facebook #URL# ></document>
<document> Special Pakistan Day Iftar Dinner by Ch. Javed Gujar ></document>
<document> All Pakistani candidates will be on stage ></document>
<document> Shafqat Ali Iftar Dinner Thanks 🙏 ></document>
<document> A sign of a good leader isn't how many followers you have. But how many true leaders does one create: Mahatma Gandhi 🌹🌿🙏🏼 ></document>
<Document> Iftar Dinner and Shafiq Raja Ice Cream - at D Spot Dessert Cafe #URL# ></Document>
<Document> The Honorable Noor Alam Khan MNA from Peshawar attended the Jirga A great honor for us — at Tim Horton's #URL# ></Document>
<document> New lots in Paris Ontario Please contact me at 416-890-6601 — in Paris #URL# ></document>
<document> A great visionary friend #URL# ></document>
<document> A very talented woman #URL# ></document>
<document> I posted a new video on Facebook #URL# ></document>
<document> Thank you Shahroz Yousaf Chaudhry for a wonderful iftar dinner 🥘 ></document>
<document> I posted a new video on Facebook #URL# ></document>
<document> Thank you 🙏 Ch Ch Javed Gujar Sahib - drinks with friends at D Spot Dessert Cafe #URL# ></document>
<document> I posted a new video on Facebook #URL# ></document>
<document> WFG Join my team ></document>
<document> I posted a new video on Facebook #URL# ></document>
<document> A very brave woman and my dear sister #URL# ></document>
<document> I posted a new video on Facebook #URL# ></document>
<Document> A true leader does not seek consensusbut a shaper of consensus. Good morning Canada 🇨🇦 ></document>
<document> I posted a new video on Facebook #URL# ></document>
<document> Women Empowerment – ​​at the Continental Grand Buffet #URL# ></document>
<document> I posted a new video on Facebook #URL# ></document>
<document> I posted a new video on Facebook #URL# ></document>
<document> Some changes to the Celebration Square Water feature in Mississauga #URL# ></document>
<Document> Every farewell is a foretaste of death, every meeting a hint of resurrection. Good morning Canada 🇨🇦 ></document>
<document> Be a good neighbor while you do your big renovation #URL# ></document>
<document> A good friend #URL# ></document>
<Document> Very proud to be friends with a very professional photographer. #URL# ></document>
<document> I posted a new video on Facebook #URL# ></document>
<document> We are proud of you Shehzad Haq for raising awareness about student visa for Pakistani students ></document>
<document> Special Guests in Jirga - Having coffee at Tim Horton's #URL# ></document>
<Document> Milad Mikael is the Conservative nominee for the Mississauga Center #URL# ></Document>
<document> Human Concern International Working to change our world ></document>
<Document> Human Concern International Working to change our world #URL# ></Document>
<Document> Human Concern International Working to change our world #URL# ></Document>
<Document> Human Concern International Working to change our world #URL# ></Document>
<document> A very positive move #URL# ></document>
<document> Shalom Happy Passover My Great Jewish Friends ></document>
<document> President Jirga Mohammad Latif Awan happy birthday 🥳 #URL# ></document>
<document> Awards BYOA (buy your own awards) ></document>
<document> PPP Canada hosts Fateh Khawani for Shaheed Zulfiqar Ali Bhutto at 18:00 today ></document>
<document> Wolves can lose their teeth, but not NATURE*🐻🐻🐻 ></document>
<document> Leaders are built in the field, not in drawing spaces ✍️ ></document>
<document> Happy birthday, Naveed Qureshi. Thank you for a delicious dinner - Dinner at Toshka Grill &amp; Lounge #URL# ></document>
<Document> RockaPop Live by NJ Malik #URL# ></Document>
<document> All MPs and MPPs must support an independent city of Mississauga to respect people's opinions ></document>
<document> Stand up for MISSISSAUGA, an independent city ></document>
<Document> Pak Poineers Community Organization, Multicultural Pakistan Day - at Swagat Banquet Hall #URL# ></Document>
<Document> Pak Poineers Community Organization Multicultural Pakistan Day #URL# ></Document>
<document> I posted a new video on Facebook #URL# ></document>
<Document> March 23 Pakistan Resolution Day Breakfast at Swagat Banquet Hall — at Swagat Banquet Hall #URL# ></document>
<document> at lunch at McDonald's Canada #URL# ></document>
<document> I posted a new video on Facebook #URL# ></document>
<document> Muslon the Council of Peel &amp; DawaNet held a vigil in Celebration Square to honor the lives lost and stand up against hatred and terrorism ></document>
<document> Call it a terrorism not just hate crimes or murders New Zealand 🇳🇿 ></document>
<document> We strongly condemn the brutal attack on mosques in New Zealand ></document>
<document> I posted a new video on Facebook #URL# ></document>
<document> We should be VOICE for VOICELESS ></document>
<document> I posted a new video on Facebook #URL# ></document>
<document> at the Mississauga Valley Community Center #URL# ></document>
<Document> MP Iqra Khalid speaks at UICM session on Gender Equality and Abuse #URL# ></Document>
<document> “We must learn to live together as brothers or perish together as fools” Martin Luther King Jr. ></document>
<Document> Hon. Jean Augustine speaks at Mayor Bonnie Crombie's International Women's Day breakfast #URL# ></document>
<Document> A practical work on women's empowerment and family values ​​></Document>
<document> A very decent and humble person My great afternoon pal with a very professional vision #URL# ></document>
<document> Wonderful coverage of the CP 24 Peace Rally Congratulations to the organizers #URL# ></document>
<document> I posted a new video on Facebook #URL# ></document>
<document> Pakistan is a large peace-loving country ></document>
<document> We are organizing a peace rally. Please wait for details ></document>
<document> Reason should prevail War cannot solve any problem It can only destroy both ></document>
<document> I posted a new video on Facebook #URL# ></document>
<Document> NDP leader Jagmeet Singh wins federal seat in high-stakes state of Burnaby South by election></Document>
<document> I posted a new video on Facebook #URL# ></document>
<document> I posted a new video on Facebook #URL# ></document>
<document> at the Solel Congregation in Mississauga #URL# ></document>
<document> Proud to be part of this powerful financial group WFG Road to success Please join me inbox — at WFG #URL# ></document>
<Document> Family Day Walkathon on February 24 Volunteer Training Snapd North Mississauga Media Partner #URL# ></document>
<document> We Pakistani Canadians will stand together and be united ></document>

</author>