
	
		<document> #USER# #USER# “If voting made any difference they wouldn't let us do it.” ― Mark Twain Seems to be an old problem! ></document>
		<document> RT #USER#: In my city, we can't have plastic straws, but face masks are mandated. Makes sense, huh? #HASHTAG# ></document>
		<document> RT #USER#: New Study Confirms Lockdowns Don’t Reduce Covid Deaths - #URL# ></document>
		<document> RT #USER#: Why the State Won’t Tolerate Christianity’s Moral Code By Zachary Yost #URL# #URL# ></document>
		<document> #USER# She owns the term #HASHTAG# ></document>
		<document> RT #USER#: WATCH: Examining COVID DNA #URL# ></document>
		<document> RT #USER#: Israeli Study: Aspirin Helps Protect against Covid-19 #URL# ></document>
		<document> RT #USER#: Wear a mask ... because science #URL# ></document>
		<document> RT #USER#: The Biggest COVID-19 Vaccine Skeptics? Frontline Health Care Workers #URL# via #USER# ></document>
		<document> RT #USER#: OKLAHOMA OPENS! Governor Lifts All CoVID Restrictions, Says the ‘Standard for Normal is Freedom’ #URL# ></document>
		<document> RT #USER#: I'm glad I had a childhood before technology took over ></document>
		<document> RT #USER#: Trudeau's view on human life; you're suffering? Okay, we have a solution for that - die. #URL# ></document>
		<document> RT #USER#: “There are some ideas so absurd that only an intellectual could believe them.” ― George Orwell ></document>
		<document> RT #USER#: Curfew all men after 6pm. We live in a clown world. 🤡 #URL# ></document>
		<document> RT #USER#: Most important interview in HISTORY! Tune in now! Live on #USER# #URL# ></document>
		<document> RT #USER#: The Trudeau government works for China 🇨🇳 #URL# ></document>
		<document> RT #USER#: But the people forcing this on children have the nerve to call ME a 'conspiracy theorist'. #URL# ></document>
		<document> RT #USER#: Has any media company published as much disinformation and fear porn about the pandemic as the CBC? Example 432: ></document>
		<document> RT #USER#: This is what an ethical Doctor sounds like. #URL# ></document>
		<document> RT #USER#: So this is what -40% vaccine effectiveness looks like in the real world: #URL# #URL# ></document>
		<document> RT #USER#: “Justice will not be served until those who are unaffected are as outraged as those who are.” ― Benjamin Franklin ></document>
		<document> RT #USER#: B117 variant is between 30 and 100% more deadly than previous dominant variants, researchers say. #URL# ></document>
		<document> RT #USER#: This idiot Trudeau just keeps delivering incompetence! 😂 “We will continue to stand up for American Jobs!” ❤️🇺🇸 ></document>
		<document> #USER# #HASHTAG# I think I mentioned this first! ></document>
		<document> RT #USER#: Said the man who died unexpectedly just months into his 4th term as president. #URL# ></document>
		<document> RT #USER#: When it comes to Covid, you will never know the real numbers. EVER ></document>
		<document> RT #USER#: The Constitution does not matter to #USER# ... #URL# ></document>
		<document> #USER# #USER# Poor women must be devastated after looking at the #HASHTAG# statistics or #HASHTAG# or #HASHTAG# in Canada. ></document>
		<document> RT #USER#: Uh oh . . . #URL# ></document>
		<document> RT #USER#: “If voting made any difference they wouldn't let us do it.” ― Mark Twain ></document>
		<document> RT #USER#: Dr. Tam: We need community and religious leaders to promote the vaccine to gain "vaccines confidence" ></document>
		<document> Colorado's marijuana potency law: Concentrates -- shatter, wax and oil -- are harming teens #URL# ></document>
		<document> RT #USER#: .#USER# is right! #URL# ></document>
		<document> RT #USER#: FULL REPORT from #USER#: #URL# #HASHTAG# #HASHTAG# #HASHTAG# ></document>
		<document> RT #USER#: Businesses Still Can’t Reopen But The CDC Allows Migrant Shelters At The Border To Operate At Full Capacity ></document>
		<document> RT #USER#: Iran - an Islamist country. #URL# ></document>
		<document> RT #USER#: A chemist froze himself at -273.15°C, everyone said he was crazy but he was 0K. ></document>
		<document> RT #USER#: The CDC is an inept federal bureaucracy with no authority to take freedoms or give them back. #URL# ></document>
		<document> RT #USER#: Trust the science, right? #URL# ></document>
		<document> RT #USER#: Happy IWD to mothers everywhere: The Importance and Sanctity of Motherhood – REALity #URL# ></document>
		<document> #USER# 'most likely' doesn't reflect facts. ></document>
		<document> RT #USER#: “We're certainly working on the idea of vaccine passports with our G7 partners." PREVIOUS STORY: ></document>
		<document> RT #USER#: What consent really means and why you can't have consent alongside coercion. #URL# ></document>
		<document> RT #USER#: The mysterious separation and beautiful movements of trees #URL# ></document>
		<document> #USER# 'Social Speaker for Twitter' reads your timeline for you. iOS app ></document>
		<document> RT #USER#: I’ve realised why my cooking has been so disastrous recently. You can cook well or look at Twitter but not both ></document>
		<document> RT #USER#: The minimum wage for an eliminated job is $0. ></document>
		<document> RT #USER#: SPENCER FERNANDO: Imagine what the Tories would be saying if Trudeau had hired a former Huawei VP ></document>
		<document> RT #USER#: After Being Injected with "MRNA Technology"... All Animals "Died Upon Reinfection" (Dr. Lee Merritt) ></document>
		<document> RT #USER#: #USER# #USER# They forgot to mention the anal swab when you arrive. ></document>
		<document> RT #USER#: We should’ve let them leave in 95 #HASHTAG# #URL# ></document>
		<document> #USER# El Rushbo did them in for me. #URL# ></document>
		<document> RT #USER#: Derek Sloan: The Great Purge Has Begun #HASHTAG# #HASHTAG# #HASHTAG# #URL# #URL# ></document>
		<document> RT #USER#: This is very well put. And terrifying. And makes me want to switch universes. #URL# ></document>
		<document> RT #USER#: This is a very good analysis of relevance to the TX cold wave #URL# ></document>
		<document> RT #USER#: Good article from #USER# and #USER# #URL# ></document>
		<document> RT #USER#: Renewable energy 'creates more pollutants than fossil fuel': Bernardi | Sky News Australia #URL# ></document>
		<document> RT #USER#: Congress as a fortress.. are public officials using security as an excuse to distance us from them? ></document>
		<document> RT #USER#: This interaction is all about exerting control over someone. ☕️ #URL# ></document>
		<document> RT #USER#: #USER# The only pipeline that Quebec supports .. #URL# ></document>
		<document> RT #USER#: Those fever scanners that everyone is using to fight COVID can be wildly inaccurate, researchers say - ></document>
		<document> RT #USER#: This man ended up committing suicide. #URL# ></document>
		<document> RT #USER#: "There’s no place for the state in the bedrooms of the nation" - Pierre Trudeau #URL# ></document>
		<document> RT #USER#: NHS doctors are giving antidepressants to children as young as FIVE, new figures reveal #URL# ></document>
		<document> RT #USER#: This is the result of shutting down all information counter to the narrative that COVID will kill us all. ></document>
		<document> RT #USER#: But I don't want my vehicle off the road. #URL# ></document>
		<document> RT #USER#: It’s starting to make sense. Here we go. Dr de Villa and family #HASHTAG# #URL# ></document>
		<document> RT #USER#: Progressives are the most aggressively stupid people ever to walk the Earth. #URL# ></document>
		<document> RT #USER#: ER visits involving children down, but some worry statistics don't paint the full picture. #URL# ></document>
		<document> RT #USER#: Scenes from Washington, D.C. tonight. #URL# ></document>
		<document> RT #USER#: The Southern Poverty Law Center is a hate group. #URL# ></document>
		<document> RT #USER#: BREAKING: China makes COVID-19 anal swab test mandatory for foreigners ></document>
		<document> RT #USER#: Mammograms are picking up swelling in women's breasts following the Covid vaccine #URL# ></document>
		<document> RT #USER#: From a reader. #URL# ></document>
		<document> RT #USER#: You're not a moral being just because you follow the rules. Don't confuse morality with obedience. ></document>
		<document> RT #USER#: The times, they are a-changin’ #URL# ></document>
		<document> RT #USER#: Texas is now as open as Florida and the media is going wild. The big thing is masks. They want you masked up for life. ></document>
		<document> RT #USER#: Good to note and investigate..... #URL# ></document>
		<document> RT #USER#: Prison Hotels and Government Jailors #URL# ></document>
		<document> RT #USER#: The future of work might not be at the office, or even at the kitchen table — it could be in the backyard. ></document>
		<document> #USER# The long lost twin sister of Ernest Borgnine. ></document>
		<document> RT #USER#: Prisoner diary: My time in hotel quarantine | The Spectator Australia - #URL# ></document>
		<document> RT #USER#: LIFE IN 2021: Amazon Changes Phone Icon After Users Complained It Resembled Adolf Hitler #URL# ></document>
		<document> RT #USER#: Canadian Tire does Not Need Our Money which is what Trudeau is giving away #URL# ></document>
		<document> RT #USER#: What the state is. What the state is not. What the state fears. #URL# #URL# ></document>
		<document> The Year of Disguises – AIER #URL# How #HASHTAG# work. Why #HASHTAG# spread the virus. Why #HASHTAG# are petri-dishes. ></document>
		<document> RT #USER#: Twitter ‘manipulated algorithm’ to silence Donald Trump | Sky News Australia #URL# ></document>
		<document> RT #USER#: The Problem Is Systemic Victimhood, Not Systemic Racism By Annie Holmquist #URL# ></document>
		<document> #USER# #USER# #USER# She could work in denture advertising! ></document>
		<document> RT #USER#: Everyone should do this. I know I will #URL# ></document>
		<document> RT #USER#: Send yours to 80 Wellington Street, Ottawa, ON K1A0A2 “Resign” #URL# ></document>
		<document> RT #USER#: Any response, muzzle mavens? #URL# ></document>
		<document> RT #USER#: With Pandemic Ending, People Who Yell At Others To Wear Masks In Danger Of Never Feeling Important Again ></document>
		<document> RT #USER#: See my latest blog post: A Super Video on “Identity Socialism”, #URL# ></document>
		<document> RT #USER#: "The difference between death and taxes is, death doesn't get worse every time Congress meets." – Will Rogers ></document>
		<document> RT #USER#: At least it’s vegan! #URL# ></document>
		<document> RT #USER#: “We will not tolerate government mandated child abuse”! #URL# ></document>
		<document> RT #USER#: Real church is banned in BC but this new-age religious ceremony is just fine, I guess. #URL# ></document>
		<document> #USER# Let me rephrase: Just how bad did it get with #HASHTAG#? ></document>
		<document> RT #USER#: For those who are fighting masks in schools: #URL# ></document>
		<document> RT #USER#: Every Canadian should send the free post card back to Trudeau and write “resign” on the back! ❤️🇨🇦 #URL# ></document>
		<document> RT #USER#: Best thing you'll see this weekend😂 #URL# ></document>
		<document> RT #USER#: “If you don't read the newspaper, you're uninformed. If you read the newspaper, you're misinformed.” ― Mark Twain ></document>
		<document> #USER# “Madness is something rare in individuals — but in groups, parties, peoples, and ages, it is the rule.” ― Friedrich Nietzsche ></document>
		<document> RT #USER#: These playful illusions by Helga Stentzel were all created with ordinary household objects. #URL# ></document>
		<document> RT #USER#: Correct. People in nursing homes die within 5 months, on average. Very different from assisted living. ></document>
		<document> RT #USER#: And yet there are some nurseries insisting all the staff wear face masks at work. #URL# ></document>
		<document> RT #USER#: If COVID-19 has taught us anything, it’s that government has WAY TOO MUCH power. ></document>
		<document> RT #USER#: Please explain..... (sources are cited, no excuses) #URL# #URL# ></document>
		<document> RT #USER#: You won’t see this on Canadian news! Wow! 👀 #URL# ></document>
		<document> RT #USER#: How many people have seen and heard these experts and see what’s really going on??? Thank you #USER# ></document>
		<document> #USER# I'd travel there to NOT get one if I have to. ></document>
		<document> RT #USER#: Great opportunity to propagate civil disobedience! Forget your MASK! #URL# ></document>
		<document> RT #USER#: If people are serious about minimizing harm from COVID this is what it's all about: #URL# ></document>
		<document> RT #USER#: Student suspended from education program for saying, ‘a man is a man, a woman is a woman’ HOMESCHOOL ></document>
		<document> #USER# The 'modellers' are causing all problems. ></document>
		<document> RT #USER#: Bogus survey. Just kids makin' sh*t up. Kids are not reliable sources. #URL# ></document>
		<document> RT #USER#: Democrats question #USER#’s mental fitness. #URL# ></document>
		<document> RT #USER#: Looking at you Dr. Fauci. #URL# ></document>
		<document> RT #USER#: "Useless laws weaken the necessary laws." – Montesquieu #URL# ></document>
		<document> RT #USER#: And it's happening all across the West... Must be a coincidence! #URL# ></document>
		<document> RT #USER#: A must read #URL# ></document>
		<document> #USER# Maybe in total snow precipitation but not on the ground. ></document>
		<document> RT #USER#: Whitehorse hasn't seen this much snow in nearly half a century #URL# #URL# ></document>
		<document> #USER# Is this how you take mugshots now? ></document>
		<document> #USER# Will it apply to their #HASHTAG# #HASHTAG#? ></document>
		<document> RT #USER#: BREAKING: Alberta government to introduce recall and referendum acts, fulfilling major campaign promises ></document>
		<document> #USER# Stabbing disease from arm to arm. ></document>
		<document> RT #USER#: We had those at our elementary school in the late 1960s. Line up kids. #URL# ></document>
		<document> RT #USER#: Brilliant statement by Naomi Wolf on TV last night #URL# ></document>
		<document> RT #USER#: Masks in schools is utterly nonsensical - where's the evidence for it? Great work #USER# #USER# ></document>
		<document> RT #USER#: You asked, we've answered. Keep your questions coming and we'll address them in our #HASHTAG# posts. ></document>
		<document> RT #USER#: Study Reveals Most Millennials Don’t Have Kids Because Their Parents Can’t Afford It #URL# ></document>
		<document> RT #USER#: See my latest blog post: How Does All Of This End?, #URL# ></document>
		<document> RT #USER#: United Airlines Unveils New Environmentally Friendly Single-Engine Boeing 777 #URL# ></document>
		<document> #USER# Has any reporter ever asked Fraudci if he is certified insane? ></document>
		<document> RT #USER#: The entire live music industry will be over. #URL# ></document>
		<document> RT #USER#: Ireland to ban LNG terminals for the purpose of harming the US fracking industry. #URL# ></document>
		<document> RT #USER#: “A newspaper is a device for making the ignorant more ignorant and the crazy crazier.” ― H.L. Mencken ></document>
		<document> RT #USER#: We are all in this together. #URL# ></document>
		<document> RT #USER#: Inuvik pellet project aims to turn waste carboard into warmth #URL# #URL# ></document>
		<document> RT #USER#: From vaccines to pipelines to clean water on reserves, why Canada can't seem to get anything done #URL# ></document>
		<document> RT #USER#: Nunavut schools had 1,000 violent incidents last year, CBC investigation reveals #URL# ></document>
		<document> RT #USER#: Very important questions raised here. #URL# ></document>
		<document> #USER# 'Could be' is their insurance to always put the blame on someone or something else. ></document>
		<document> RT #USER#: Didn't we cancel Christmas so we wouldn't have to lockdown in January? #URL# ></document>
		<document> RT #USER#: Here's the whole article from Stanford #URL# #URL# ></document>
		<document> RT #USER#: 'It's caused utter devastation': Gordon Ramsay reveals he's lost £57M during the Covid pandemic #URL# ></document>
		<document> RT #USER#: Solar panels in Sahara could boost renewable energy but damage the global climate – here’s why #URL# ></document>
		<document> RT #USER#: This was delivered today to a house by Health Canada #URL# ></document>
		<document> RT #USER#: Hasbro Releases Exciting New 'Fauci Says' Game #URL# ></document>
		<document> RT #USER#: It is fascinating how science changes according to the needs of politicians. #URL# ></document>
		<document> #USER# #USER# #USER# Here is how it works. Like it or hate it. Your choice. #URL# ></document>
		<document> RT #USER#: If they reported daily diarrhea cases, no one would ever leave their house without a diaper on. #URL# ></document>
		<document> RT #USER#: Irish COVID deaths in the winter have been substantial and yet no excess deaths... #URL# ></document>
		<document> RT #USER#: Health officials can’t explain Dr. Tam’s “rocket ship” modelling #URL# ></document>
		<document> RT #USER#: By rejoining the Paris accord, Biden is signing on for more grid chaos. #URL# ></document>
		<document> RT #USER#: "Every vote must count" - except for the other 149,999,000 #URL# ></document>
		<document> RT #USER#: I second the motion. #URL# ></document>
		<document> RT #USER#: Why did Democratic governors kill so many of their senior citizens ahead of the 2020 election? #URL# ></document>
		<document> RT #USER#: I noticed that too. #URL# ></document>
		<document> RT #USER#: Anybody worried about the Canada variant of communism? Because it seems to be rapidly spreading. #USER# ></document>
		<document> RT #USER#: I love #USER#! Why can't Wyoming have a smart governor like South Dakota #USER# ? #URL# ></document>
		<document> #USER# Is there a drive to get more #HASHTAG# born #HASHTAG# into politics? Why not? #HASHTAG# #HASHTAG# ></document>
		<document> RT #USER#: This can’t be good. And yet government is subsidizing.... #URL# ></document>
		<document> #USER# huh? ‘genuine‘? ‘help‘? ></document>
		<document> RT #USER#: Trudeau Shifts Into Election Mode As He Accuses Conservatives Of Hurting Minority Groups. #URL# ></document>
		<document> RT #USER#: *Impressive drop in global temperature anomalies in recent days and increase in Northern Hemisphere snow mass* ></document>
		<document> RT #USER#: #USER# #USER# #USER# Planet Plutocracy. Working on behalf of the most evil people on our planet. ></document>
		<document> #USER# #HASHTAG# = Lower Income Country Enough already! #HASHTAG# ></document>
		<document> RT #USER#: It was called dangerous disinformation, wasn't it? #URL# ></document>
		<document> #USER# With over 2000 organized crime gangs in #HASHTAG#, this will garner a lot of votes next election. #HASHTAG# #HASHTAG# #HASHTAG# ></document>
		<document> RT #USER#: This is a classic and deserves to be circulated again. Feel free to keep it going! #URL# ></document>
		<document> RT #USER#: So why do you not address gun violence by gang bangers in your new legislation? #URL# ></document>
		<document> RT #USER#: #USER# #USER# Meanwhile, in Texas . . . $900 bucks #URL# ></document>
		<document> RT #USER#: Due to unprecedented man-made global warming, the average temperature across the earth is below normal. ></document>
		<document> RT #USER#: Canada's National Firearms Association is willing to help the airsoft and paintball enthusiasts #URL# ></document>
		<document> #USER# #USER# #USER# Take a hint for your new lenses. Where are the good sales from the past? ></document>
		<document> RT #USER#: The new Panasonic Lumix S 70-300mm f/4.5-5.6 O.I.S. lens for L-mount is now $250 off at Adorama: ></document>
		<document> RT #USER#: Dennis Prager reflects on the iconic life of Rush Limbaugh. #URL# ></document>
		<document> RT #USER#: Environmentalists will never admit to this reality. #URL# ></document>
		<document> RT #USER#: States with no statewide Covid emergency orders: 1. Alaska That’s it. #URL# ></document>
		<document> RT #USER#: Rush Limbaugh's wife Kathryn announces on his radio show that he passed away this morning #URL# ></document>
		<document> RT #USER#: BREAKING NEWS: Court dismisses BC government application for injunction against churches #URL# ></document>
		<document> RT #USER#: It's as bad as you'd expect. #URL# ></document>
		<document> RT #USER#: Rush Limbaugh dies aged 70 one year after announcing Stage IV lung cancer diagnosis #URL# ></document>
		<document> #USER# Finally an emoji that looks like our #HASHTAG#, if one overlooks that he doesn't own a comb. ></document>
		<document> RT #USER#: Former OPP Commish ⤵️⤵️⤵️⤵️🇨🇦 #URL# ></document>
		<document> RT #USER#: #USER# Tyranny is being snuck in under the cover of "crisis". ></document>
		<document> RT #USER#: It’s almost like 98% of Canadian journalists have been rented out by Justin Trudeau. And 99% of law professors. ></document>
		<document> RT #USER#: Hotel quarantine plan in chaos: Experts fear rooms will become Covid infection hotspots due to ventilation issues ></document>
		<document> RT #USER#: Hotel quarantine plan in chaos: Experts fear rooms will become Covid infection hotspots due to ventilation issues ></document>
		<document> RT #USER#: You don’t often see a lawyer commit a murder live on national TV. I couldn’t look away: #URL# ></document>
		<document> RT #USER#: Vitamin C and zinc WON'T help you fight off Covid, study reveals #URL# ></document>
		<document> RT #USER#: The pro-life Canadian publication #USER# has been kicked off of YouTube with its entire catalogue vaporized. ></document>
		<document> #USER# I hope it's just a beer-gut, otherwise it's going to be a strictly formula baby. ></document>
		<document> RT #USER#: The #USER# would be stink'n popular if they took a truly Conservative stand on cultural matters. ></document>
		<document> Horrible if true! #URL# ></document>
		<document> #USER# #HASHTAG# have asked #HASHTAG# this question for over a year now. Same in the UK, Germany etc. ></document>
		<document> RT #USER#: Why is Biden allowing in illegals without a Covid test but wants to close travel to Florida? 🧐 ></document>
	
</author><document> #USER# #USER# "If voting made a difference, they wouldn't let us do it." ― Mark Twain Seems to be an old problem! ></document>
<Document> RT #USER#: We can't have plastic straws in my city, but face masks are mandatory. Makes sense right? #HASHTAG# ></document>
<document> RT #USER#: New study confirms lockdowns are not reducing Covid deaths - #URL# ></document>
<Document> RT #USER#: Why the State Won't Tolerate Christianity's Moral Code by Zachary Yost #URL# #URL# ></document>
<document> #USER# You own the term #HASHTAG# ></document>
<Document> RT #USER#: WATCH: Examining COVID-DNA #URL# ></Document>
<Document> RT #USER#: Israeli Study: Aspirin Helps Protect against Covid-19 #URL# ></document>
<document> RT #USER#: Wear a mask...because science #URL# ></document>
<Document> RT #USER#: The Biggest COVID-19 Vaccine Skeptics? Frontline health workers #URL# via #USER# ></document>
<Document> RT #USER#: OKLAHOMA OPENS! Governor lifts all CoVID restrictions, says 'Standard for normalcy is freedom' #URL# ></document>
<document> RT #USER#: I'm glad I had a childhood before technology took over ></document>
<Document> RT #USER#: Trudeau's perspective on human life; you suffer? Okay, we have a solution for that - die. #URL# ></document>
<Document> RT #USER#: "There are some ideas so absurd that only an intellectual could believe them." ― George Orwell ></document>
<Document> RT #USER#: Curfew for all men after 6pm. We live in a clown world. 🤡 #URL# ></Document>
<Document> RT #USER#: Most important interview in HISTORY! Tune in now! Live on #USER# #URL# ></document>
<Document> RT #USER#: The Trudeau government works for China 🇨🇳 #URL# ></Document>
<Document> RT #USER#: But the people who force this on kids have the gall to call ME a "conspiracy theorist." #URL# ></document>
<Document> RT #USER#: Has any media outlet published as much disinformation and fear porn about the pandemic as the CBC? Example 432: ></document>
<Document> RT #USER#: That's what an ethical doctor sounds like. #URL# ></document>
<document> RT #USER#: So this is what a -40% vaccine efficacy looks like in the real world: #URL# #URL# ></document>
<Document> RT #USER#: "Justice will not be served until those unaffected are as outraged as those who are." ― Benjamin Franklin ></document>
<document> RT #USER#: The B117 variant is between 30 and 100% deadlier than previous dominant variants, researchers say. #URL# ></document>
<Document> RT #USER#: That idiot Trudeau just keeps delivering incompetence! 😂 "We will continue to stand up for American jobs!" ❤️🇺🇸 ></Document>
<Document> #USER# #HASHTAG# I think I mentioned that first! ></document>
<Document> RT #USER#: Said the man who died unexpectedly just months into his fourth term as president. #URL# ></document>
<Document> RT #USER#: When it comes to Covid, you'll never know the real numbers. ALWAYS ></document>
<Document> RT #USER#: The constitution doesn't fitter to #USER# ... #URL# ></document>
<document> #USER# #USER# Poor women must be devastated after looking at #HASHTAG# stats or #HASHTAG# or #HASHTAG# in Canada. ></document>
<Document> RT #USER#: Uh oh . . . #URL# ></document>
<Document> RT #USER#: "If voting made a difference, they wouldn't let us do it." ― Mark Twain ></document>
<Document> RT #USER#: Dr. Tam: We need community and religious leaders to promote the vaccine to gain “confidence in vaccines” ></document>
<Document> Colorado's Marijuana Potency Law: Concentrates -- Chips, Wax, and Oil -- Harm Teens #URL# ></document>
<Document> RT #USER#: .#USER# is right! #URL# ></document>
<Document> RT #USER#: FULL REPORT of #USER#: #URL# #HASHTAG# #HASHTAG# #HASHTAG# ></document>
<document> RT #USER#: Businesses still can't reopen, but CDC allows migrant shelters at the border to operate at full capacity ></document>
<Document> RT #USER#: Iran - an Islamist country. #URL# ></document>
<Document> RT #USER#: A chemist froze himself at -273.15°C, everyone said he was crazy, but he was 0K. ></document>
<Document> RT #USER#: The CDC is an incompetent federal bureaucracy with no authority to take or return liberties. #URL# ></document>
<Document> RT #USER#: Trust science, right? #URL# ></document>
<Document> RT #USER#: Happy IWD to Mothers Everywhere: The Importance and Sacredness of Motherhood - REALity #URL# ></document>
<document> #USER# 'most likely' does not reflect any facts. ></document>
<Document> RT #USER#: "We are certainly working with our G7 partners on the idea of ​​vaccination cards." PREVIOUS STORY: ></document>
<Document> RT #USER#: What consent really means and why one cannot have consent alongside coercion. #URL# ></document>
<document> RT #USER#: The mysterious separation and beautiful movement of trees #URL# ></document>
<document> #USER# Social Speaker for Twitter reads your timeline for you. iOS app ></document>
<Document> RT #USER#: I've realized why my kitchen has been so disastrous lately. You can cook well or watch Twitter but not both ></document>
<Document> RT #USER#: The minimum wage for a canceled job is $0. ></document>
<document> RT #USER#: SPENCER FERNANDO: Imagine what the Tories would say if Trudeau had hired a former Huawei VP ></document>
<Document> RT #USER#: After being injected with "MRNA technology"... all animals "died after reinfection" (Dr. Lee Merritt) ></document>
<Document> RT #USER#: #USER# #USER# You forgot to mention the anal swab when you arrived. ></document>
<document> RT #USER#: We should have let her go 95 #HASHTAG# #URL# ></document>
<Document> #USER# El Rushbo did it for me. #URL# ></document>
<Document> RT #USER#: Derek Sloan: The Great Purge has begun #HASHTAG# #HASHTAG# #HASHTAG# #URL# #URL# ></document>
<Document> RT #USER#: That's very well put. And frightening. And makes me want to switch universes. #URL# ></document>
<Document> RT #USER#: This iIt's a very good relevance analysis for the TX cold wave #URL# ></document>
<Document> RT #USER#: Good article by #USER# and #USER# #URL# ></document>
<Document> RT #USER#: Renewable energy “produces more pollutants than fossil fuels”: Bernardi | Sky News Australia #URL# ></document>
<document> RT #USER#: Congress as a fortress.. are officials using security as an excuse to distance us from them? ></document>
<Document> RT #USER#: This interaction is about exercising control over someone. ☕️ #URL# ></document>
<Document> RT #USER#: #USER# The only Quebec supported pipeline .. #URL# ></document>
<document> RT #USER#: Those fever scanners everyone uses to fight COVID can be wildly inaccurate, researchers say - ></document>
<Document> RT #USER#: This man ended up committing suicide. #URL# ></document>
<Document> RT #USER#: "There is no place for the state in the bedrooms of the nation" - Pierre Trudeau #URL# ></document>
<Document> RT #USER#: NHS doctors give antidepressants to children aged FIVE, new figures reveal #URL# ></document>
<Document> RT #USER#: This is the result of shutting down all information contrary to the narrative that COVID will kill us all. ></document>
<Document> RT #USER#: But I don't want to take my vehicle off the road. #URL# ></document>
<Document> RT #USER#: It's starting to make sense. Here we go. dr de Villa and family #HASHTAG# #URL# ></document>
<Document> RT #USER#: Progressives are the most aggressive and stupidest people to ever walk the earth. #URL# ></document>
<Document> RT #USER#: ER visits with children down, but some worry stats don't paint the full picture. #URL# ></document>
<Document> RT #USER#: Scenes from Washington, D.C. tonight. #URL# ></document>
<Document> RT #USER#: The Southern Poverty Law Center is a hate group. #URL# ></document>
<document> RT #USER#: BREAKING: China makes COVID-19 anal swab test mandatory for foreigners ></document>
<document> RT #USER#: Mammograms show swelling in women's breasts after Covid vaccine #URL# ></document>
<Document> RT #USER#: From a reader. #URL# ></document>
<Document> RT #USER#: You are not a moral being just because you follow the rules. Don't confuse morality with obedience. ></document>
<document> RT #USER#: Times keep changing #URL# ></document>
<Document> RT #USER#: Texas is now as open as Florida and the media is raging. The big thing is masks. They want you masked for life. ></document>
<Document> RT #USER#: Good to note and examine..... #URL# ></document>
<Document> RT #USER#: Prison Hotels and Government Jailors #URL# ></document>
<Document> RT #USER#: The future of work might not be in the office or even at the kitchen table - it might be in the backyard. ></document>
<Document> #USER# The long-lost twin sister of Ernest Borgnine. ></document>
<Document> RT #USER#: Prisoner Diary: My Time in Hotel Quarantine | The Spectator Australiaa - #URL#></document>
<document> RT #USER#: LIFE IN 2021: Amazon changes phone icon after users complain that it resembles Adolf Hitler #URL# ></document>
<Document> RT #USER#: Canadian Tire doesn't need our money, which Trudeau is giving away #URL# ></document>
<Document> RT #USER#: What the status is. What the state is not. What the state fears. #URL# #URL# ></document>
<Document> The Year of Disguises - AIER #URL# How #HASHTAG# works. Why #HASHTAG# spreads the virus. Why #HASHTAG# are petri dishes. ></document>
<Document> RT #USER#: Twitter 'rigged algorithm' to silence Donald Trump | Sky News Australia #URL# ></document>
<Document> RT #USER#: The problem is systemic victimhood, not systemic racism By Annie Holmquist #URL# ></document>
<document> #USER# #USER# #USER# She could work in denture advertising! ></document>
<Document> RT #USER#: Everyone should do this. I know I will #URL# ></document>
<Document> RT #USER#: Send your document to 80 Wellington Street, Ottawa, ON K1A0A2 "Resignation" #URL# ></document>
<Document> RT #USER#: Any answer, muzzle connoisseur? #URL# ></document>
<document> RT #USER#: With the end of the pandemic, people who yell at others to wear masks risk never feeling important again ></document>
<document> RT #USER#: See my latest blog post: A Super Video on “Identity Socialism”, #URL# ></document>
<Document> RT #USER#: "The difference between death and taxes is that death doesn't get worse every time Congress meets." - Will Rogers ></document>
<Document> RT #USER#: At least it's vegan! #URL# ></document>
<Document> RT #USER#: "We will not tolerate any government mandated child abuse"! #URL# ></document>
<Document> RT #USER#: Real church is forbidden in BC but this modern day religious ceremony is good I think. #URL# ></document>
<document> #USER# Let me rephrase: How bad did #HASHTAG# get? ></document>
<document> RT #USER#: For those fighting against masks in schools: #URL# ></document>
<document> RT #USER#: Every Canadian should return the free postcard to Trudeau and write "Resign" on the back! ❤️🇨🇦 #URL# ></document>
<document> RT #USER#: The best you'll see this weekend😂 #URL# ></document>
<Document> RT #USER#: "Those who don't read the newspaper are uninformed. Whoever reads the newspaper is misinformed.” ― Mark Twain ></document>
<document> #USER# "Insanity is something rare in individuals - but in groups, parties, peoples and age groups it is the rule." ― Friedrich Nietzsche ></document>
<Document> RT #USER#: These playful illusions by Helga Stentzel were all created using common household items. #URL# ></document>
<Document> RT #USER#: Right. People in nursing homes die within 5 months on average. Very different from assisted living. ></document>
<Document> RT #USER#: And yet there are some nurseries that insist all staff wear face masks at work. #URL# ></document>
<Document> RT #USER#: If COVID-19 has taught us anything, it's that the government has WAY TOO MUCH power. ></document>
<document> RT #USER#: Please explain... (sources are cited, no excuses) #URL# #URL# ></document>
<Document> RT #USER#: You won't see this on Canadian news! Wow! 👀 #URL# ></document>
<Document> RT #USER#: How many people have seen and heard these experts and see what's really going on??? Thank you, #USER# ></document>
<document> #USER# I would travel there to get NONE if I had to. ></document>
<Document> RT #USER#: Great opportunity to promote civil disobedience! Forget your MASK! #URL# ></document>
<document> RT #USER#: If people are serious about minimizing the harm from COVID, this is about: #URL# ></document>
<Document> RT #USER#: Student suspended from education program for saying “A man is a man, a woman is a woman” HOMESCHOOL ></document>
<document> #USER# The 'modelers' cause all the problems. ></document>
<Document> RT #USER#: Fake poll. Only kids do shit. Children are not reliable sources. #URL# ></document>
<Document> RT #USER#: Democrats question #USER#'s mental fitness. #URL# ></document>
<Document> RT #USER#: I'm looking at you, Dr. fauci #URL# ></document>
<Document> RT #USER#: "Useless laws weaken necessary laws." – Montesquieu #URL# ></document>
<Document> RT #USER#: And it's happening all over the west... Must be a coincidence! #URL# ></document>
<document> RT #USER#: A must read #URL# ></document>
<document> #USER# Maybe in total snowfall, but not on the ground. ></document>
<document> RT #USER#: Whitehorse hasn't seen this much snow in almost half a century #URL# #URL# ></document>
<document> #USER# Are you taking mugshots like that now? ></document>
<document> #USER# Does it apply to their #HASHTAG# #HASHTAG#? ></document>
<document> RT #USER#: BREAKING: Alberta government introduces recall and referendum laws and fulfills key campaign promises ></document>
<Document> #USER# Stinging disease from arm to arm. ></document>
<Document> RT #USER#: We had these at our elementary school in the late 1960s. raise children. #URL# ></document>
<document> RT #USER#: Brilliant statement from Naomi Wolf last night on TV #URL# ></document>
<Document> RT #USER#: Masks in schools are completely nonsensical - where is the evidence? Great work #USER# #USER# ></document>
<Document> RT #USER#: You asked, we answered. Keep your questions open and we'll address them in our #HASHTAG# posts. ></document>
<document> RT #USER#: Study shows most millennials don't have children because their parents can't afford it #URL# ></document>
<document> RT #USER#: See my latest blog post: How Does It All End?, #URL# ></document>
<Document> RT #USER#: United Airlines unveils new eco-friendly single-engine Boeing 777 #URL# ></Document>
<document> #USER# Has a reporter ever asked Fraudci if he was declared insane? ></document>
<Document> RT #USER#: The entire live music industry will be over. #URL# ></document>
<document> RT#USER#: Ireland wants to ban LNG terminals to hurt US fracking industry. #URL# ></document>
<Document> RT #USER#: "A newspaper is a means of making the ignorant more ignorant and the insane more insane." ― H.L. Mencken ></document>
<Document> RT #USER#: We're all in this together. #URL# ></document>
<document> RT #USER#: Inuvik pellet project aims to convert waste cardboard into heat #URL# #URL# ></document>
<document> RT #USER#: From vaccines to pipelines to clean water in reserves, why Canada can't seem to achieve anything #URL# ></document>
<Document> RT #USER#: Schools in Nunavut had 1,000 violent incidents last year, CBC investigation reveals #URL# ></document>
<Document> RT #USER#: Very important issues raised here. #URL# ></document>
<document> #USER# 'Could be' is her assurance that she always blames someone or something else. ></document>
<document> RT #USER#: Didn't we cancel Christmas so we wouldn't have to lock down in January? #URL# ></document>
<document> RT #USER#: Here is the full article from Stanford #URL# #URL# ></document>
<document> RT #USER#: 'It's wreaked havoc': Gordon Ramsay reveals he's lost £57million during the Covid pandemic #URL# ></document>
<document> RT #USER#: Solar panels in the Sahara might boost renewable energy but harm the global climate - here's why #URL# ></document>
<Document> RT #USER#: This was delivered to a home today by Health Canada #URL# ></document>
<document> RT #USER#: Hasbro Releases Exciting New Fauci Says Game #URL# ></document>
<Document> RT #USER#: It's fascinating how science changes according to the needs of politicians. #URL# ></document>
<Document> #USER# #USER# #USER# This is how it works. Like it or hate it. Your decision. #URL# ></document>
<Document> RT #USER#: If they reported daily cases of diarrhea, nobody would ever leave their house without a diaper. #URL# ></document>
<Document> RT #USER#: The number of Irish COVID deaths over the winter has been significant and yet there are no excess deaths... #URL# ></document>
<document> RT #USER#: Health officials can't tell Dr. Don't explain Tam's "rocketship" model #URL# ></document>
<Document> RT #USER#: By rejoining Paris Agreement, Biden underwrites more net chaos. #URL# ></document>
<document> RT #USER#: "Every vote must count" - except for the other 149,999,000 #URL# ></document>
<Document> RT #USER#: I agree to the request. #URL# ></document>
<Document> RT #USER#: Why did Democratic governors kill so many of their seniors ahead of the 2020 election? #URL# ></document>
<Document> RT #USER#: I noticed that too. #URL# ></document>
<Document> RT #USER#: Anyone worried about the Canadian version of Communism? Because it seems to be spreading fast. #USER# ></document>
<Document> RT #USER#: I love #USER#! Why can't Wyoming have a smart governor like South Dakota #USER# ? #URL# ></document>
<document> #USER# Are there efforts to bring more #HASHTAG# born #HASHTAG# into politics? Whynot? #HASHTAG# #HASHTAG# ></document>
<Document> RT #USER#: That can't be good. And yet the government subsidizes.... #URL# ></document>
<document> #USER# right? 'Really'? 'Help'? ></document>
<Document> RT #USER#: Trudeau goes into voting mode as he accuses Conservatives of harming minority groups. #URL# ></document>
<document> RT #USER#: *Impressive decrease in global temperature anomalies in recent days and increase in snow cover in Northern Hemisphere* ></document>
<Document> RT #USER#: #USER# #USER# #USER# Planet Plutocracy. Working for the most evil people on our planet. ></document>
<document> #USER# #HASHTAG# = Lower income country Enough already! #HASHTAG# ></document>
<Document> RT #USER#: It was called dangerous disinformation, wasn't it? #URL# ></document>
<document> #USER# With over 2000 organized crime gangs in #HASHTAG#, this will garner plenty of votes in the next elections. #HASHTAG# #HASHTAG# #HASHTAG# ></document>
<Document> RT #USER#: This is a classic and deserves to be circulated again. Feel free to keep going! #URL# ></document>
<document> RT #USER#: Why don't you address gun violence by gangbangers in your new legislation? #URL# ></document>
<Document> RT #USER#: #USER# #USER# Meanwhile in Texas . . . $900 dollars #URL# ></document>
<Document> RT #USER#: Due to unprecedented man-made global warming, the average temperature on Earth is below normal. ></document>
<document> RT #USER#: Canada's National Firearms Association is ready to help airsoft and paintball enthusiasts #URL# ></document>
<Document> #USER# #USER# #USER# Take a note for your new lenses. Where are the good sales from the past? ></document>
<Document> RT #USER#: The new Panasonic Lumix S 70-300mm f/4.5-5.6 O.I.S. Lens for L mount is now $250 cheaper at Adorama: ></document>
<Document> RT #USER#: Dennis Prager reflects on the iconic life of Rush Limbaugh. #URL# ></document>
<Document> RT #USER#: Environmentalists will never admit this reality. #URL# ></document>
<Document> RT #USER#: States without statewide Covid emergency orders: 1. Alaska That's it. #URL# ></document>
<document> RT #USER#: Rush Limbaugh's wife Kathryn announces on his radio show that he passed away this morning #URL# ></document>
<Document> RT #USER#: BREAKING NEWS: Court Denies BC Government's Request for Injunction Against Churches #URL# ></document>
<Document> RT #USER#: It's as bad as you'd expect. #URL# ></document>
<Document> RT #USER#: Rush Limbaugh dies at the age of 70, one year after being diagnosed with stage IV lung cancer #URL# ></document>
<document> #USER# Finally an emoji that looks like our #HASHTAG# when you forget you don't have a comb. ></document>
<Document> RT #USER#: Former OPP Commish ⤵️⤵️⤵️⤵️🇨🇦 #URL# ></document>
<Document> RT #USER#: #USER# Tyranny is smuggled in under the guise of "crisis". ></document>
<Document> RT #USER#: It's almost like 98% of Canadian journalists have been hired by themJustin Trudeau. And 99% of law professors. ></document>
<document> RT #USER#: Hotel quarantine plan in chaos: Experts fear rooms will become Covid infection hotspots due to ventilation issues ></document>
<document> RT #USER#: Hotel quarantine plan in chaos: Experts fear rooms will become Covid infection hotspots due to ventilation issues ></document>
<Document> RT #USER#: It's not often that you see a lawyer committing a murder live on national television. I couldn't look away: #URL# ></document>
<document> RT #USER#: Vitamin C and zinc WILL NOT help you ward off Covid, study reveals #URL# ></document>
<Document> RT #USER#: Canadian pro-life publication #USER# has been removed from YouTube with its entire catalog vaporized. ></document>
<document> #USER# I hope it's just a beer belly, otherwise it will be a pure formula baby. ></document>
<Document> RT #USER#: The #USER# would be damn popular if they took a truly conservative stance on cultural matters. ></document>
<Document> Terrible if true! #URL# ></document>
<Document> #USER# #HASHTAG# has been asking #HASHTAG# this question for over a year. The same applies to Great Britain, Germany etc. ></document>
<Document> RT #USER#: Why does Biden let illegals in without a Covid test but wants to close trips to Florida? 🧐 ></document>

</author>