
	
		<document> #USER# #USER#, I joined today! ></document>
		<document> The #HASHTAG# protest moves to Parliament #HASHTAG# #HASHTAG# #URL# ></document>
		<document> Tommy Robinson protest moves onto the streets of London #HASHTAG# #HASHTAG# #URL# ></document>
		<document> Tommy Robinson going into court with #USER# #HASHTAG# #HASHTAG# #HASHTAG# #URL# ></document>
		<document> Tommy Robinson Q&amp;A #HASHTAG# #URL# ></document>
		<document> Tommy Robinson Q &amp; A. #HASHTAG# #URL# ></document>
		<document> RT #USER#: OH. MY. GOD. 😡😡😡 #URL# ></document>
		<document> Tommy Robinson arrives to expose the BBC #HASHTAG# #URL# ></document>
		<document> Tommy Robinson arrives to expose the BBC #HASHTAG# #URL# ></document>
		<document> Tommy Robinson exposes the BBC in Manchester #HASHTAG# #URL# ></document>
		<document> Tommy Robinson exposes the BBC #HASHTAG# #URL# ></document>
		<document> #USER# That’s the fucking nuts mate!!!!!! But I will be the prick that points out the Union Flag is upside down 😬 ></document>
		<document> #USER# Not sure mate, you going? ></document>
		<document> #USER# Definitely mate 👊🇬🇧 ></document>
		<document> A trailer for the new series- The Real Tommy Robinson. #URL# #HASHTAG# #HASHTAG# #URL# ></document>
		<document> #USER# It seems it’s ok for it to be up if they can make money from it #URL# ></document>
		<document> We have failed them. #URL# ></document>
		<document> RT #USER#: Lest We Forget 😔 #HASHTAG# #URL# ></document>
		<document> #USER# So she basically has a problem with every other woman alive 😂😂 ></document>
		<document> Tommy Robinson arrives at Downing Street with the #HASHTAG# petition! 👊🇬🇧 #HASHTAG# #HASHTAG# #HASHTAG# #HASHTAG# ></document>
		<document> Danny Tommo LIVE at Speakers Corner #HASHTAG# #HASHTAG# #HASHTAG# #URL# ></document>
		<document> Neighbours transform their street into 'Poppy Road' #URL# ></document>
		<document> “Grenade O’Connor” should be added straight to a terrorist watch list 🙈😂 #URL# ></document>
		<document> #USER# If keeping Londoners safe is your top priority, then you should RESIGN immediately. ></document>
		<document> #USER# #USER# #USER# It’s a joke, the lefts story yesterday/today was Tommy had bought himself a mansion with donated money 😂 ></document>
		<document> Tommy Robinson Invited to America to address members of Congress 🇬🇧🇺🇸👊 #HASHTAG# #HASHTAG# #HASHTAG# #URL# ></document>
		<document> Tommy Robinson is LIVE on Facebook right now! #HASHTAG# #HASHTAG# #URL# #URL# ></document>
		<document> Who thinks we should do a demo at speakers corner? #HASHTAG# #HASHTAG# #URL# ></document>
		<document> 🎵Oh Tommy Tommy 🎵 🎶 Tommy Tommy Tommy Tommy Robinson 🎶 #HASHTAG# #HASHTAG# #HASHTAG# #HASHTAG# #URL# ></document>
		<document> #USER# Well I’m in London and the tweet was put up 37 mins ago, so that would make it 14.26, would it not?!? #URL# ></document>
		<document> Pictures from the demonstration at the Old Bailey today 👊🇬🇧 #HASHTAG# #HASHTAG# #HASHTAG# #URL# ></document>
		<document> LIVE on #HASHTAG#: Tommy Robinson LIVE on stage at the Old Bailey!! #HASHTAG# #HASHTAG# #HASHTAG# #URL# ></document>
		<document> Tommy Robinson LIVE on stage at the Old Bailey!! #HASHTAG# #HASHTAG# #HASHTAG# #URL# ></document>
		<document> LIVE on #HASHTAG#: Tommy Robinson LIVE on stage at the Old Bailey!! #HASHTAG# #HASHTAG# #URL# ></document>
		<document> LIVE on #HASHTAG#: Tommy Robinson LIVE at the Old Bailey!! #HASHTAG# #HASHTAG# #URL# ></document>
		<document> LIVE on #HASHTAG#: Tommy Robinson LIVE on stage at the Old Bailey!! #HASHTAG# #HASHTAG# #URL# ></document>
		<document> Tommy Robinson LIVE at the Old Bailey!! #HASHTAG# #HASHTAG# #URL# ></document>
		<document> LIVE on #HASHTAG#: Tommy Robinson’s trial is being adjourned... again! #HASHTAG# #HASHTAG# #HASHTAG# #URL# ></document>
		<document> LIVE on #HASHTAG#: Tommy Robinson trial LIVE at the Old Bailey #HASHTAG# #HASHTAG# #HASHTAG# #URL# ></document>
		<document> Tommy Robinson trial LIVE at the Old Bailey #HASHTAG# #HASHTAG# #HASHTAG# #URL# ></document>
		<document> Tommy Robinson trial LIVE at the Old Bailey #HASHTAG# #HASHTAG# #HASHTAG# #URL# ></document>
		<document> #USER# #USER# #USER# Because a degree in transgender unicorns will really help you stack shelves at Sainsbury’s won’t it 🤦‍♂️ ></document>
		<document> RT #USER#: Who do you trust? ></document>
		<document> They can’t discharge us all! Quality lads 👌 #HASHTAG# #HASHTAG# #HASHTAG# #HASHTAG# #URL# ></document>
		<document> RT #USER#: Young Muslim boys tell Dutch volunteer: ‘If we dominate here, all of you will be beheaded’ #URL# ></document>
		<document> Give #USER# a follow! Twitter keeps shutting down his accounts, so you know he says the right things 😉 ></document>
		<document> RT #USER#: #USER# Pakistan: Proud member of UN Human Rights Council #URL# ></document>
		<document> An article from the Rotherham Advertiser in 1975 #HASHTAG# #HASHTAG# #HASHTAG# #URL# ></document>
		<document> RT #USER#: Retweet If You Agree #URL# ></document>
		<document> EPIC DAILY FAIL: MailOnline Smears DFLA Using Pictures of Antifa #HASHTAG# #HASHTAG# #HASHTAG# #URL# ></document>
		<document> #USER# Me and a mate listened to it a few times and thought it was a bit of a mixture 🤔. We’ll have to wait for some more video to come out ></document>
		<document> RT #USER#: #USER# #USER# Video failing to load. Theres a surprise.. 👆🏻🤔 #URL# ></document>
		<document> Stand with our lads! We are all supporting #HASHTAG# #HASHTAG# #HASHTAG# #HASHTAG# #HASHTAG# #URL# ></document>
		<document> RT #USER#: The UK's double standards.. #HASHTAG# #HASHTAG# #URL# ></document>
		<document> 🎶 Oh Tommy Tommy 🎶 #HASHTAG# #HASHTAG# #HASHTAG# #HASHTAG# #URL# ></document>
		<document> RT #USER#: Tommy live-streaming now, petition at over 90k 👊🏻🇬🇧 ></document>
		<document> RT #USER#: I binned Sky off years ago....urge everyone to do the same!! Hit em where it hurts #HASHTAG# ✌ ></document>
		<document> RT #USER#: There I was walking along the White cliffs of Dover and I came across this chap #HASHTAG# #URL# ></document>
		<document> Not all heroes wear capes 👊🇬🇧 #HASHTAG# #HASHTAG# #HASHTAG# #HASHTAG# #URL# ></document>
		<document> Say no to sharia law! #HASHTAG# #HASHTAG# #HASHTAG# #HASHTAG# #URL# ></document>
		<document> #USER# That’s harsh! Good old Twitter, nice to see the bias censoring is stopping ></document>
		<document> #USER# #USER# Can’t believe I watched neighbours 🙈😂 #URL# ></document>
		<document> Tommy Robinson apologises to anyone that met him last night 😂😂 🍻🍺🍾🥂🥃🤪 #HASHTAG# #HASHTAG# #HASHTAG# #URL# ></document>
		<document> Tommy Robinson and #USER# in Germany today ✌️ #HASHTAG# #HASHTAG# #HASHTAG# #HASHTAG# #URL# ></document>
		<document> Teenager stabbed multiple times by “4 or 5 individuals wearing face coverings” on Thursday evening in Harrow. #URL# ></document>
		<document> The first fight in Harrow, Londonistan on Thursday night. #HASHTAG# #HASHTAG# #URL# ></document>
		<document> Tommy Robinson in Germany 🇩🇪 #HASHTAG# #HASHTAG# #HASHTAG# #HASHTAG# #URL# ></document>
		<document> #USER# #USER# That is the number of likes, you can like and follow or just follow pages. #HASHTAG# #URL# ></document>
		<document> Tommy Robinson exposing Sky News lies and propaganda - “I will take them to court for this” #URL#… #URL# ></document>
		<document> RT #USER#: Spread the word for THE 23rd.....loud and clear Tommy needs you here!!! ✌ #HASHTAG# #HASHTAG# ></document>
		<document> The knifeman that stabbed 3 in the German town of Ravensburg today. #HASHTAG# #HASHTAG# #URL# ></document>
		<document> With #USER# for drinks after Tommy Robinson’s trial ✌️🇬🇧 #URL# ></document>
		<document> #USER# #USER# #USER# Adjourned until next month ✌️🇬🇧 ></document>
		<document> RT #USER#: Big crowd that’s been here for hours. #URL# ></document>
		<document> Tommy Robinson leaving the Old Bailey LIVE #HASHTAG# #HASHTAG# #HASHTAG# #HASHTAG# #HASHTAG# #URL# ></document>
		<document> LIVE on #HASHTAG#: Tommy Robinson leaving the Old Bailey LIVE #HASHTAG# #HASHTAG# #HASHTAG# #URL# ></document>
		<document> LIVE on #HASHTAG#: Tommy Robinson leaving the Old Bailey LIVE #HASHTAG# #HASHTAG# #HASHTAG# #URL# ></document>
		<document> Tommy Robinson leaving the Old Bailey LIVE #HASHTAG# #HASHTAG# #HASHTAG# #HASHTAG# #HASHTAG# #URL# ></document>
		<document> Tommy Robinson at the Old Bailey LIVE #HASHTAG# #HASHTAG# #HASHTAG# #HASHTAG# #HASHTAG# #URL# ></document>
		<document> Tommy Robinson at the Old Bailey LIVE #HASHTAG# #HASHTAG# #HASHTAG# #HASHTAG# #HASHTAG# #URL# ></document>
		<document> Good luck Tommy. We are all behind you 🇬🇧 #HASHTAG# #HASHTAG# #HASHTAG# #HASHTAG# #HASHTAG# #URL# ></document>
		<document> Tommy Robinson at the Old Bailey LIVE #HASHTAG# #HASHTAG# #HASHTAG# #HASHTAG# #HASHTAG# #URL# ></document>
		<document> Tommy Robinson at the Old Bailey LIVE#HASHTAG# #HASHTAG# #HASHTAG# #HASHTAG# #HASHTAG# #URL# ></document>
		<document> Tommy Robinson at the Old Bailey LIVE#HASHTAG# #HASHTAG# #HASHTAG# #HASHTAG# #HASHTAG# #URL# ></document>
		<document> Tommy Robinson at the Old Bailey #HASHTAG# #HASHTAG# #HASHTAG# #HASHTAG# #HASHTAG# #URL# ></document>
		<document> Tommy Robinson at the Old Bailey LIVE#HASHTAG# #HASHTAG# #HASHTAG# #HASHTAG# #HASHTAG# #URL# ></document>
		<document> RT #USER#: My thoughts and prayers are with #HASHTAG# today as he faces court once again. Australia stands with you brother. 🇦🇺🇬🇧 ></document>
		<document> Enjoy lads. See you soon mate, good luck Tommy 👊🏻✌🏻🇬🇧 #HASHTAG# #HASHTAG# #HASHTAG# #HASHTAG# #URL# ></document>
		<document> #USER# Not spoken to him yet mate, will have to leave about 7 to make sure we’re there by 9 ✌🏻🇬🇧 ></document>
		<document> #USER# I’ll be live streaming the day for those that can’t make it ✌🏻🇬🇧 #HASHTAG# #HASHTAG# #HASHTAG# #HASHTAG# ></document>
		<document> A sneak preview of Corbyn’s speech... #HASHTAG# #HASHTAG# #URL# ></document>
		<document> #USER# I’ll change it, nice one! ></document>
		<document> Tommy Robinson is LIVE on Facebook #HASHTAG# #HASHTAG# #URL# ></document>
		<document> #USER# #USER# #USER# And a pig or two ></document>
		<document> Tommy Robinson’s new video... “Why I love Australia” 🇦🇺 #HASHTAG# #HASHTAG# #HASHTAG# #HASHTAG# #HASHTAG# #URL# ></document>
		<document> RT #USER#: Can Londoners get another go at voting for #USER# Only the one they blindly voted for is shit. ></document>
		<document> #USER# -2020... my mistake! ></document>
		<document> RT #USER#: Mmmmhmmmm well .... he said it. #USER# did it! Did the impossible. Thank you President Trump! ></document>
		<document> #USER# *Most days 😂😂😂 Hope you’re ok, chin up ✌🏻 ></document>
		<document> RT #USER#: Dirty, savage cunts. As are the vile sub human scum who fund it. #URL# ></document>
		<document> #USER# What he said ⬇️ #URL# ></document>
		<document> #USER# I expect so mate ></document>
		<document> #USER# Yeah mate, I’ll be there. You? ></document>
		<document> #USER# That’s amazing, thank you for sharing! ></document>
		<document> RT #USER#: Here’s what I had to say about the burka nine years ago. Wouldn’t change a word now. #HASHTAG# #HASHTAG# ></document>
		<document> #USER# So what you’re saying is Boris should shut his mouth, for the good of diversity? #HASHTAG# #HASHTAG# ></document>
		<document> Should Boris Johnson say sorry for burka comments? My answer: NO - it's simply free speech. What do you think? #URL# ></document>
		<document> RT #USER#: No more rapes on our streets ❤ #URL# ></document>
		<document> RT #USER#: He describes it pretty bang on doesn't he. #USER# #USER# #URL# ></document>
		<document> UK activist Tommy Robinson speaks out after prison release #HASHTAG# #HASHTAG# #HASHTAG# #URL# ></document>
		<document> Tommy Robinson: I Was Kept in Solitary Confinement 23.5 Hours a Day #URL# #HASHTAG# #HASHTAG# ></document>
		<document> ITV This Morning: Eamonn Holmes and Nick Ferrari CLASH over Tommy Robinson #HASHTAG# #HASHTAG# #URL# ></document>
		<document> Raheem Kassam schools BBC on Tommy Robinson, Islam, urges Farage return #URL# #HASHTAG# #HASHTAG# #HASHTAG# ></document>
		<document> RT #USER#: Who do you trust the most? ></document>
		<document> Brilliant! 😂 #HASHTAG# #URL# ></document>
		<document> Today is Tommy Robinson day! #HASHTAG# #HASHTAG# #HASHTAG# #HASHTAG# #URL# ></document>
		<document> RT #USER#: #USER# #USER# When is the FREED Tommy rally? #USER# ></document>
		<document> Not long now! I feel nervous, I can’t imagine how Tommy feels. #HASHTAG# #HASHTAG# #HASHTAG#RobinsonNow #URL# ></document>
		<document> RT #USER#: Project Fear now available in a bag for a limited time only. Linekers Sour Grape. #HASHTAG# #URL# ></document>
		<document> Well done #USER#, a good first day! #HASHTAG# #HASHTAG# #URL# ></document>
		<document> RT #USER#: Police vans and media vans at the Tommy Robinson appeal. #URL# ></document>
		<document> RT #USER#: Today’s the day! #HASHTAG# 🎶Oh Tommy Tommy! 🎶 #HASHTAG# #HASHTAG# #URL# ></document>
		<document> Today, justice free speech and common sense WILL prevail #HASHTAG# #HASHTAG# #HASHTAG# #URL# ></document>
		<document> RT #USER#: Let Justice Prevail #HASHTAG# #URL# ></document>
		<document> RT #USER#: #HASHTAG# we are with you 🇬🇧❤️🇬🇧❤️ ></document>
		<document> Today’s the day! #HASHTAG# 🎶Oh Tommy Tommy! 🎶 #HASHTAG# #HASHTAG# #URL# ></document>
		<document> Update from #USER# about Tommy’s court case on Wednesday. #HASHTAG# #HASHTAG# #HASHTAG# #URL# ></document>
		<document> RT #USER#: France celebrates winning the World Cup! Oh wait.. #URL# ></document>
		<document> The French won the #HASHTAG#, but they’ve lost their country. #HASHTAG#Final #HASHTAG# #HASHTAG# #URL# ></document>
		<document> The crowd at the #HASHTAG# protest today 🇬🇧 #URL# ></document>
		<document> #USER# I was one person over to the right of this picture!! 🇬🇧🇺🇸✌🏻 ></document>
		<document> LIVE on #HASHTAG#: Free Tommy Protest LIVE right now, RT &amp; get the message out #HASHTAG# #HASHTAG# #HASHTAG# #URL# ></document>
		<document> Should Donald Trump be welcome in the UK? My answer: Yes. What do you think? #HASHTAG# #HASHTAG# #HASHTAG# #URL# ></document>
		<document> They think it’s all over for May... it is now!!! 👋🏻 #HASHTAG# #URL# ></document>
		<document> #USER# Where’s this?!? 🏴󠁧󠁢󠁥󠁮󠁧󠁿✌🏻 ></document>
		<document> Tommy’s appeal has been CANCELLED #HASHTAG# #HASHTAG# #URL# ></document>
		<document> Good lad Jamie Vardy (top right) #HASHTAG# #HASHTAG#Robinson #HASHTAG#RobinsonNow #URL# ></document>
		<document> Protest this Saturday anyone? Now is the time we ALL get on the streets #HASHTAG# #HASHTAG# #HASHTAG# #URL# ></document>
		<document> Picking up more support on the train journey home! #HASHTAG# #HASHTAG# #HASHTAG# #URL# ></document>
		<document> The train home... #HASHTAG# #HASHTAG# #URL# ></document>
		<document> Trafalgar Square right now #HASHTAG# #HASHTAG# #URL# ></document>
		<document> Putting the lefts banners in the bin where they belong!!! #HASHTAG# #HASHTAG# #URL# ></document>
		<document> Police protecting the lefts banners after they ran away when the event finished!! #HASHTAG# #HASHTAG# #URL# ></document>
		<document> God save the Queen!! #HASHTAG# #HASHTAG# #URL# ></document>
		<document> #HASHTAG# #HASHTAG# #USER# is speaking now! #URL# ></document>
		<document> LIVE on #HASHTAG#: #HASHTAG# #HASHTAG# #URL# ></document>
		<document> LIVE on #HASHTAG#: #HASHTAG# #HASHTAG# #URL# ></document>
		<document> LIVE on #HASHTAG#: #HASHTAG# #HASHTAG# #URL# ></document>
		<document> #USER# Signal is shit, I can’t livestream and have loads trying to upload at the moment ></document>
		<document> RT #USER#: Thank you London Metro Police and Dutch diplomatic police for protecting me today! #HASHTAG# #URL# ></document>
		<document> #HASHTAG# #HASHTAG# #USER# is speaking now! #URL# ></document>
		<document> RT #USER#: He needs no introduction. #URL# ></document>
		<document> Watch on #HASHTAG#: #HASHTAG# #HASHTAG# #URL# ></document>
		<document> Oh Tommy Tommy! #HASHTAG# #HASHTAG# #URL# ></document>
		<document> I can’t get a signal to live stream, I’ll keep trying! #HASHTAG# #HASHTAG# #URL# ></document>
		<document> Trafalgar Square right now! #HASHTAG# #HASHTAG# #URL# ></document>
		<document> Police using their usual tactics...the march is on, they will not stop us!! #HASHTAG# #HASHTAG# #HASHTAG# #URL# ></document>
		<document> RT #USER#: Graffiti has changed a bit in East London!! Bit disturbing this!! #HASHTAG# #HASHTAG# #URL# ></document>
		<document> #USER# I’m not there yet! About 15 mins away! ></document>
		<document> #USER# I’ll live stream via periscope on my page ✌️🇬🇧 ></document>
		<document> #USER# I’ll live stream via periscope on my page ✌️🇬🇧 ></document>
		<document> #USER# #USER# On my page✌️🇬🇧 ></document>
		<document> The main man has been let in and is on his way!! #HASHTAG# #HASHTAG# #HASHTAG# #URL# ></document>
		<document> Morrissey says the treatment of far-right activist #HASHTAG# is 'shocking' #HASHTAG# #URL# ></document>
		<document> Who on earth would be “Rampaging” at Berlin Cathedral? 🤔 #URL# ></document>
		<document> #USER# I don’t know if he’s on Twitter, this is his Facebook page #URL# #HASHTAG# ></document>
		<document> Geert Wilders will be at the #HASHTAG# protest, will you? #HASHTAG# #HASHTAG# #URL# ></document>
		<document> Peckham shooting: Man 'shot in face' as London violence continues to rage #HASHTAG# #URL# ></document>
		<document> Meghan Markle's sister calls for #HASHTAG# to be freed from prison #HASHTAG# #HASHTAG# #URL# ></document>
		<document> Are you a thought criminal? #HASHTAG# #HASHTAG# #HASHTAG# #URL# ></document>
		<document> #USER# The point is it’s being reported on, even the leftie rags! #HASHTAG# ></document>
		<document> Two police officers shot dead by attacker in #HASHTAG# Belgium #URL# ></document>
		<document> People are gathering at the #HASHTAG# protest in Tel Aviv! #HASHTAG# #HASHTAG# #URL# ></document>
		<document> Now has 352,000 signatures!!! Please sign and RT if you haven’t already #HASHTAG# #HASHTAG#Robinson #URL# ></document>
		<document> #USER# It would take 50 just to try and lift you wouldn’t it, chunk? ></document>
		<document> Hundreds of Aussies rally for #HASHTAG# in Melbourne! #HASHTAG# #URL# ></document>
		<document> Live now #USER# talks to #USER# #HASHTAG# #URL# ></document>
		<document> RT #USER#: Oh Tommy Tommy Tommy Tommy Tommy Tommy Robinson! Let's make Twitter sing it! #HASHTAG# ></document>
		<document> Now has 280,000 signatures!!! Please sign if you haven’t already #HASHTAG# #HASHTAG#Robinson #URL# ></document>
		<document> Update on Tommy please RT #HASHTAG# #HASHTAG# #HASHTAG# #URL# ></document>
		<document> Media SILENCE as THOUSANDS protest for #HASHTAG# #HASHTAG# #HASHTAG# #HASHTAG# #URL# ></document>
		<document> RT #USER#: Support #HASHTAG# at #HASHTAG# this Sunday 1PM #HASHTAG# #HASHTAG# #URL# ></document>
		<document> And this is just the beginning!!! #HASHTAG# #HASHTAG# #HASHTAG# #URL# ></document>
		<document> #HASHTAG# protest in Victoria Park Gardens #HASHTAG# #URL# ></document>
		<document> #HASHTAG# protest making our way to Victoria Park Gardens #HASHTAG# #URL# ></document>
		<document> #HASHTAG# protest now moving to Victoria Park Gardens #HASHTAG# #USER# #URL# ></document>
		<document> #HASHTAG# protest now moving to Victoria Park Gardens #HASHTAG# #URL# ></document>
		<document> #HASHTAG# protest now moving to Victoria Park Gardens #URL# ></document>
		<document> #HASHTAG# protest now moving to Victoria Park Gardens #HASHTAG# #URL# ></document>
		<document> Sit down protest at #HASHTAG# event #HASHTAG# #HASHTAG# #HASHTAG# #URL# ></document>
		<document> What happened to the right of assembly? #HASHTAG# #HASHTAG# #URL# ></document>
		<document> #HASHTAG# #HASHTAG# Support Tommy here- #URL# #URL# ></document>
		<document> #HASHTAG# protest at Downing Street #HASHTAG# #URL# ></document>
		<document> Downing Street right now!!!! #HASHTAG# #HASHTAG# #URL# ></document>
		<document> #HASHTAG# protest at Downing Street right now #HASHTAG# #URL# ></document>
		<document> Downing Street right now #HASHTAG# #HASHTAG# #URL# ></document>
		<document> #HASHTAG# event now just down the road in Victoria Tower Gardens #HASHTAG# #URL# ></document>
		<document> Doesn’t look like it will be as long as 10 years now. #HASHTAG# #HASHTAG# #HASHTAG# #HASHTAG# #URL# ></document>
		<document> Does Tommy Robinson represent mainstream British opinion? #HASHTAG# #HASHTAG# #HASHTAG# #URL# ></document>
		<document> EVERYONE that supports #HASHTAG# must be in London tomorrow #HASHTAG# #HASHTAG# #URL# ></document>
	
</author><document> #USER# #USER#, I joined today! ></document>
<Document> The #HASHTAG# protest moves to Parliament #HASHTAG# #HASHTAG# #URL# ></document>
<Document> Tommy Robinson protest takes to the streets of London #HASHTAG# #HASHTAG# #URL# ></document>
<Document> Tommy Robinson goes to court with #USER# #HASHTAG# #HASHTAG# #HASHTAG# #URL# ></document>
<Document> Tommy Robinson Questions and Answers #HASHTAG# #URL# ></Document>
<Document> Tommy Robinson Q &amp; A. #HASHTAG# #URL# ></document>
<Document> RT #USER#: OH. MY. GOD. 😡😡😡 #URL# ></document>
<Document> Tommy Robinson arrives to unveil the BBC #HASHTAG# #URL# ></Document>
<Document> Tommy Robinson arrives to unveil the BBC #HASHTAG# #URL# ></Document>
<Document> Tommy Robinson exposes the BBC in Manchester #HASHTAG# #URL# ></Document>
<Document> Tommy Robinson reveals the BBC #HASHTAG# #URL# ></Document>
<document> #USER# That's the freakin' lunatic buddy!!!!!! But I'll be the idiot pointing out that the Union flag is upside down 😬 ></document>
<document> #USER# Not sure buddy, are you going? ></document>
<document> #USER# Definitely buddy 👊🇬🇧 ></document>
<Document> A trailer for the new series – The Real Tommy Robinson. #URL# #HASHTAG# #HASHTAG# #URL# ></document>
<document> #USER# Seems ok if they can make money from it #URL# ></document>
<Document> We failed them. #URL# ></document>
<Document> RT #USER#: Lest we forget 😔 #HASHTAG# #URL# ></document>
<document> #USER# So basically she has a problem with every other woman alive 😂😂 ></document>
<Document> Tommy Robinson arrives at Downing Street with the #HASHTAG# petition! 👊🇬🇧 #HASHTAG# #HASHTAG# #HASHTAG# #HASHTAG# ></document>
<Document> Danny Tommo LIVE at Speakers Corner #HASHTAG# #HASHTAG# #HASHTAG# #URL# ></document>
<document> Neighbors turn their street into "Poppy Road" #URL# ></document>
<Document> "Grenade O'Connor" should be added directly to a terrorist watchlist 🙈😂 #URL# ></Document>
<document> #USER# If the safety of Londoners is your number one priority, then you should RESIGN immediately. ></document>
<document> #USER# #USER# #USER# It's a joke, the left story yesterday/today was that Tommy bought a villa with donated money 😂 ></document>
<Document> Tommy Robinson has been invited to America to address members of Congress 🇬🇧🇺🇸👊 #HASHTAG# #HASHTAG# #HASHTAG# #URL# ></document>
<Document> Tommy Robinson is LIVE on Facebook right now! #HASHTAG# #HASHTAG# #URL# #URL# ></document>
<document> Who thinks we should do a demo in Speakers Corner? #HASHTAG# #HASHTAG# #URL# ></document>
<Document> 🎵Oh Tommy Tommy 🎵 🎶 Tommy Tommy Tommy Tommy Robinson 🎶 #HASHTAG# #HASHTAG# #HASHTAG# #HASHTAG# #URL# ></document>
<document> #USER# Well I'm in London and the tweet was uploaded 37 minutes ago so it would be 14:26 right?!? #URL# ></document>
<document> Pictures from today's demonstration at the Old Bailey 👊🇬🇧 #HASHTAG# #HASHTAG# #HASHTAG# #URL# ></document><Document> LIVE on #HASHTAG#: Tommy Robinson LIVE on stage at the Old Bailey!! #HASHTAG# #HASHTAG# #HASHTAG# #URL# ></document>
<Document> Tommy Robinson LIVE on stage at the Old Bailey!! #HASHTAG# #HASHTAG# #HASHTAG# #URL# ></document>
<Document> LIVE on #HASHTAG#: Tommy Robinson LIVE on stage at the Old Bailey!! #HASHTAG# #HASHTAG# #URL# ></document>
<Document> LIVE on #HASHTAG#: Tommy Robinson LIVE at the Old Bailey!! #HASHTAG# #HASHTAG# #URL# ></document>
<Document> LIVE on #HASHTAG#: Tommy Robinson LIVE on stage at the Old Bailey!! #HASHTAG# #HASHTAG# #URL# ></document>
<Document> Tommy Robinson LIVE at the Old Bailey!! #HASHTAG# #HASHTAG# #URL# ></document>
<Document> LIVE on #HASHTAG#: Tommy Robinson's trial adjourned...again! #HASHTAG# #HASHTAG# #HASHTAG# #URL# ></document>
<Document> LIVE on #HASHTAG#: Tommy Robinson trial LIVE at the Old Bailey #HASHTAG# #HASHTAG# #HASHTAG# #URL# ></document>
<Document> Tommy Robinson trial LIVE at the Old Bailey #HASHTAG# #HASHTAG# #HASHTAG# #URL# ></document>
<Document> Tommy Robinson trial LIVE at the Old Bailey #HASHTAG# #HASHTAG# #HASHTAG# #URL# ></document>
<document> #USER# #USER# #USER# Because a degree in transgender unicorns will really help you stack shelves at Sainsbury's, won't it 🤦‍♂️ ></document>
<Document> RT #USER#: Who do you trust? ></document>
<document> You can't fire us all! Quality guys 👌 #HASHTAG# #HASHTAG# #HASHTAG# #HASHTAG# #URL# ></document>
<Document> RT #USER#: Young Muslim boys tell a Dutch volunteer: "If we dominate here, you will all be beheaded." #URL# ></document>
<Document> Follow #USER#! Twitter keeps shutting down his accounts so you know he's saying the right things 😉 ></document>
<Document> RT #USER#: #USER# Pakistan: Proud Member of UN Human Rights Council #URL# ></document>
<Document> A 1975 Rotherham Advertiser article #HASHTAG# #HASHTAG# #HASHTAG# #URL# ></document>
<Document> RT #USER#: Retweet if you agree with #URL# ></document>
<document> EPIC DAILY FAIL: MailOnline defames DFLA with images of Antifa #HASHTAG# #HASHTAG# #HASHTAG# #URL# ></document>
<document> #USER# Me and a buddy listened to it a few times and found it a bit mixed 🤔. We'll have to wait for another video to come out ></document>
<Document> RT #USER#: #USER# #USER# Failed to load video. There's a surprise.. 👆🏻🤔 #URL# ></document>
<document> Stand by our boys! We all support #HASHTAG# #HASHTAG# #HASHTAG# #HASHTAG# #HASHTAG# #URL# ></document>
<Document> RT #USER#: The UK Double Standard.. #HASHTAG# #HASHTAG# #URL# ></document>
<Document> 🎶 Oh Tommy Tommy 🎶 #HASHTAG# #HASHTAG# #HASHTAG# #HASHTAG# #URL# ></document>
<document> RT #USER#: Tommy is streaming live now, petition over 90,000 👊🏻🇬🇧 ></document>
<document> RT #USER#: I phased out Sky years ago... urge everyone to do the same!! Hit 'em where it hurts #HASHTAG# ✌ ></document>
<Document> RT #USER#: I walked along the WhiteCliffs of Dover and I came across this guy #HASHTAG# #URL# ></document>
<document> Not all heroes wear capes 👊🇬🇧 #HASHTAG# #HASHTAG# #HASHTAG# #HASHTAG# #URL# ></document>
<Document> Say No to Sharia! #HASHTAG# #HASHTAG# #HASHTAG# #HASHTAG# #URL# ></document>
<Document> #USER# This is hard! Good old Twitter, nice to see the bias censorship is over ></document>
<document> #USER# #USER# Can't believe I was watching neighbors 🙈😂 #URL# ></document>
<Document> Tommy Robinson apologizes to everyone who met him last night 😂😂 🍻🍺🍾🥂🥃🤪 #HASHTAG# #HASHTAG# #HASHTAG# #URL# ></document>
<document> Tommy Robinson and #USER# in Germany today ✌️ #HASHTAG# #HASHTAG# #HASHTAG# #HASHTAG# #URL# ></document>
<Document> A teenager was stabbed multiple times by "4 or 5 people wearing face coverings" in Harrow on Thursday night. #URL# ></document>
<Document> The first fight in Harrow, Londonistan on Thursday evening. #HASHTAG# #HASHTAG# #URL# ></document>
<Document> Tommy Robinson in Germany 🇩🇪 #HASHTAG# #HASHTAG# #HASHTAG# #HASHTAG# #URL# ></Document>
<document> #USER# #USER# This is the number of likes you can like and follow or simply follow pages. #HASHTAG# #URL# ></document>
<Document> Tommy Robinson exposes Sky News lies and propaganda - 'I will take them to court for this' #URL#… #URL# ></Document>
<document> RT #USER#: Spread the word for the 23rd... loud and clear Tommy needs you here!!! ✌ #HASHTAG# #HASHTAG# ></document>
<Document> The stabber who stabbed three people to death in the German city of Ravensburg today. #HASHTAG# #HASHTAG# #URL# ></document>
<document> With #USER# for drinks after Tommy Robinson's trial ✌️🇬🇧 #URL# ></document>
<Document> #USER# #USER# #USER# Adjourned until next month ✌️🇬🇧 ></document>
<Document> RT #USER#: A large crowd who have been here for hours. #URL# ></document>
<Document> Tommy Robinson is leaving Old Bailey LIVE #HASHTAG# #HASHTAG# #HASHTAG# #HASHTAG# #HASHTAG# #URL# ></document>
<Document> LIVE on #HASHTAG#: Tommy Robinson is leaving Old Bailey LIVE #HASHTAG# #HASHTAG# #HASHTAG# #URL# ></document>
<Document> LIVE on #HASHTAG#: Tommy Robinson is leaving Old Bailey LIVE #HASHTAG# #HASHTAG# #HASHTAG# #URL# ></document>
<Document> Tommy Robinson is leaving Old Bailey LIVE #HASHTAG# #HASHTAG# #HASHTAG# #HASHTAG# #HASHTAG# #URL# ></document>
<Document> Tommy Robinson at the Old Bailey LIVE #HASHTAG# #HASHTAG# #HASHTAG# #HASHTAG# #HASHTAG# #URL# ></document>
<Document> Tommy Robinson at the Old Bailey LIVE #HASHTAG# #HASHTAG# #HASHTAG# #HASHTAG# #HASHTAG# #URL# ></document>
<document> Good luck Tommy. We all have your back 🇬🇧 #HASHTAG# #HASHTAG# #HASHTAG# #HASHTAG# #HASHTAG# #URL# ></document>
<Document> Tommy Robinson at the Old Bailey LIVE #HASHTAG# #HASHTAG# #HASHTAG# #HASHTAG# #HASHTAG# #URL# ></document>
<Document> Tommy Robinson at the Old Bailey LIVE#HASHTAG# #HASHTAG# #HASHTAG# #HASHTAG# #HASHTAG# #URL# ></document>
<Document> Tommy Robinson at the Old Bailey LIVE#HASHTAG# #HASHTAG# #HASHTAG# #HASHTAG# #HASHTAG# #URL# ></document>
<Document> Tommy Robinson at the Old Bailey #HASHTAG# #HASHTAG# #HASHTAG# #HASHTAG# #HASHTAG# #URL# ></document>
<Document> Tommy Robinson at the Old Bailey LIVE#HASHTAG# #HASHTAG# #HASHTAG# #HASHTAG# #HASHTAG# #URL# ></document>
<Document> RT #USER#: My thoughts and prayers are with #HASHTAG# today as he faces another trial. Australia is with you brother. 🇦🇺🇬🇧 ></Document>
<Document> Have fun guys. See you soon mate, good luck Tommy 👊🏻✌🏻🇬🇧 #HASHTAG# #HASHTAG# #HASHTAG# #HASHTAG# #URL# ></document>
<document> #USER# Not spoken to him yet mate, need to go around 7 to make sure we get there by 9 ✌🏻🇬🇧 ></document>
<document> #USER# I will be live streaming the day for those who don't make it ✌🏻🇬🇧 #HASHTAG# #HASHTAG# #HASHTAG# #HASHTAG# ></document>
<Document> A preview of Corbyn's speech... #HASHTAG# #HASHTAG# #URL# ></document>
<document> #USER# I'll change it, nice! ></document>
<Document> Tommy Robinson is LIVE on Facebook #HASHTAG# #HASHTAG# #URL# ></document>
<document> #USER# #USER# #USER# And a pig or two ></document>
<document> Tommy Robinson's new video... "Why I Love Australia" 🇦🇺 #HASHTAG# #HASHTAG# #HASHTAG# #HASHTAG# #HASHTAG# #URL# ></document>
<Document> RT #USER#: Can Londoners try to vote for #USER# again? Only the one they blindly voted for sucks. ></document>
<Document> #USER# -2020... my mistake! ></document>
<document> RT #USER#: Mmmmhmmmm well...he said it. #USER# did it! done the impossible. Thank you President Trump! ></document>
<document> #USER# *Most days 😂😂😂 Hope you're fine, cheer up ✌🏻 ></document>
<Document> RT #USER#: Dirty wild cunts. As does the vile, subhuman scum that funds it. #URL# ></document>
<Document> #USER# What he said ⬇️ #URL# ></Document>
<document> #USER# I assume buddy ></document>
<document> #USER# Yes, mate, I'll be there. You? ></document>
<document> #USER# This is amazing, thanks for sharing! ></document>
<Document> RT #USER#: Here's what I had to say about the burqa nine years ago. Wouldn't change a word now. #HASHTAG# #HASHTAG# ></document>
<document> #USER# So you're saying Boris should shut up for the sake of diversity? #HASHTAG# #HASHTAG# ></document>
<Document> Should Boris Johnson apologize for burqa comments? My answer: NO - it's just freedom of expression. What do you think? #URL# ></document>
<Document> RT #USER#: No more rape on our streets ❤ #URL# ></Document>
<Document> RT #USER#: It describes it pretty well, doesn't it? #USER# #USER# #URL# ></document>
<Document> British activist Tommy Robinson speaks out after being released from prison #HASHTAG# #HASHTAG# #HASHTAG# #URL# ></document>
<Document> Tommy Robinson: I was held in solitary confinement for 23.5 hours a day #URL# #HASHTAG# #HASHTAG# ></document>
<document> ITV This Morning: Eamonn Holmes and Nick Ferrari CLASH over Tommy Robinson #HASHTAG# #HASHTAG# #URL# ></document>
<Document> Raheem Kassam Schools BBC on Tommy Robinson, Islam, asks Farage to return #URL# #HASHTAG# #HASHTAG# #HASHTAG# ></document>
<Document> RT #USER#: Who do you trust the most? ></document>
<document> Awesome! 😂 #HASHTAG# #URL# ></document>
<Document> Today is Tommy Robinson Day! #HASHTAG# #HASHTAG# #HASHTAG# #HASHTAG# #URL# ></document>
<document> RT #USER#: #USER# #USER# When is the FREED Tommy rally? #USER# ></document>
<Document> Not for long! I'm nervous, I can't imagine how Tommy is feeling. #HASHTAG# #HASHTAG# #HASHTAG#RobinsonNow #URL# ></document>
<Document> RT #USER#: Project Fear now available in a bag for a limited time only. Lineker's sour grape. #HASHTAG# #URL# ></document>
<document> Well done #USER#, a good first day! #HASHTAG# #HASHTAG# #URL# ></document>
<Document> RT #USER#: Police car and media car at Tommy Robinson Appeal. #URL# ></document>
<Document> RT #USER#: Today is the day! #HASHTAG# 🎶Oh Tommy Tommy! 🎶 #HASHTAG# #HASHTAG# #URL# ></document>
<document> Today, justice, free speech and common sense WILL prevail #HASHTAG# #HASHTAG# #HASHTAG# #URL# ></document>
<document> RT #USER#: Let justice prevail #HASHTAG# #URL# ></document>
<document> RT #USER#: #HASHTAG# we are with you 🇬🇧❤️🇬🇧❤️ ></document>
<Document> Today is the day! #HASHTAG# 🎶Oh Tommy Tommy! 🎶 #HASHTAG# #HASHTAG# #URL# ></document>
<Document> Update from #USER# on Tommy's trial on Wednesday. #HASHTAG# #HASHTAG# #HASHTAG# #URL# ></document>
<Document> RT #USER#: France celebrates winning the World Cup! Oh wait... #URL# ></document>
<Document> The French won the #HASHTAG# but they lost their country. #HASHTAG#Final #HASHTAG# #HASHTAG# #URL# ></document>
<document> The crowd at today's #HASHTAG# protest 🇬🇧 #URL# ></document>
<Document> #USER# I was a person to the right of this picture!! 🇬🇧🇺🇸✌🏻 ></document>
<document> LIVE on #HASHTAG#: Free Tommy Protest Now LIVE, RT &amp; Get the message #HASHTAG# #HASHTAG# #HASHTAG# #URL# ></document>
<Document> Should Donald Trump be welcome in the UK? My answer: yes. What do you think? #HASHTAG# #HASHTAG# #HASHTAG# #URL# ></document>
<document> They think it's all over for May... it's now!!! 👋🏻 #HASHTAG# #URL# ></document>
<Document> #USER# Where is this?!? 🏴🏻🏻 ></document>
<document> Tommy's appeal has been CANCELED #HASHTAG# #HASHTAG# #URL# ></document>
<Document> Good boy Jamie Vardy (top right) #HASHTAG# #HASHTAG#Robinson #HASHTAG#RobinsonNow #URL# ></document>
<Document> Can anyone protest this Saturday? Now it's time for us ALL to take to the streets #HASHTAG# #HASHTAG# #HASHTAG# #URL# ></document>
<document> Get more support on the train journey home! #HASHTAG# #HASHTAG# #HASHTAG# #URL# ></document>
<Document> The train home... #HASHTAG# #HASHTAG# #URL# ></document>
<Document> Trafalgar Square right now #HASHTAG# #HASHTAG# #URL# ></document>
<document> Throw the left banners in the trash where they belong!!! #HASHTAG# #HASHTAG# #URL# ></document>
<documentnt> Police protect leftist banners after they ran away at the end of the event!! #HASHTAG# #HASHTAG# #URL# ></document>
<Document> God save the Queen!! #HASHTAG# #HASHTAG# #URL# ></document>
<Document> #HASHTAG# #HASHTAG# #USER# speaks now! #URL# ></document>
<Document> LIVE on #HASHTAG#: #HASHTAG# #HASHTAG# #URL# ></document>
<Document> LIVE on #HASHTAG#: #HASHTAG# #HASHTAG# #URL# ></document>
<Document> LIVE on #HASHTAG#: #HASHTAG# #HASHTAG# #URL# ></document>
<document> #USER# Signal sucks, I can't live stream and am currently trying to upload many times ></document>
<Document> RT #USER#: Thank you London Underground Police and Dutch Diplomatic Police for protecting me today! #HASHTAG# #URL# ></document>
<Document> #HASHTAG# #HASHTAG# #USER# speaks now! #URL# ></document>
<Document> RT #USER#: He needs no introduction. #URL# ></document>
View <document> on #HASHTAG#: #HASHTAG# #HASHTAG# #URL# ></document>
<Document> Oh Tommy Tommy! #HASHTAG# #HASHTAG# #URL# ></document>
<document> I can't get a signal for the live stream, I'll keep trying! #HASHTAG# #HASHTAG# #URL# ></document>
<Document> Trafalgar Square now! #HASHTAG# #HASHTAG# #URL# ></document>
<Document> The police are using their usual tactics...the march is on, they won't stop us!! #HASHTAG# #HASHTAG# #HASHTAG# #URL# ></document>
<Document> RT #USER#: Graffiti has changed a bit in East London!! Something disturbing!! #HASHTAG# #HASHTAG# #URL# ></document>
<Document> #USER# I'm not there yet! About 15 minutes away! ></document>
<document> #USER# I will be live streaming via periscope on my page ✌️🇬🇧 ></document>
<document> #USER# I will be live streaming via periscope on my page ✌️🇬🇧 ></document>
<Document> #USER# #USER# On my page✌️🇬🇧 ></document>
<Document> The Captain has been admitted and is on his way!! #HASHTAG# #HASHTAG# #HASHTAG# #URL# ></document>
<Document> Morrissey says treatment of far-right activist #HASHTAG# is 'shocking' #HASHTAG# #URL# ></document>
<document> Who on earth would "riot" at Berlin Cathedral? 🤔 #URL# ></document>
<document> #USER# I don't know if he's on twitter, this is his facebook page #URL# #HASHTAG# ></document>
<Document> Geert Wilders will be at the #HASHTAG# protest, right? #HASHTAG# #HASHTAG# #URL# ></document>
<Document> Peckham shooting: Man 'shot in the face' as violence rages on in London #HASHTAG# #URL# ></document>
<Document> Meghan Markle's sister calls for the release of #HASHTAG# from prison #HASHTAG# #HASHTAG# #URL# ></document>
<Document> Are you a thought criminal? #HASHTAG# #HASHTAG# #HASHTAG# #URL# ></document>
<document> #USER# The point is that it gets reported, even the leftist rags! #HASHTAG# ></document>
<Document> Two police officers shot dead by attacker in #HASHTAG# Belgium #URL# ></Document>
<Document> People gather at #HASHTAG# protest in Tel Aviv! #HASHTAG# #HASHTAG# #URL# ></document>
<Document> now has 352,000 signatures!!! Please sign and RT if younot yet #HASHTAG# #HASHTAG#Robinson #URL# ></document>
<document> #USER# It would cost 50 just to try and lift you, wouldn't it, hunk? ></document>
<Document> Hundreds of Aussies demonstrate for #HASHTAG# in Melbourne! #HASHTAG# #URL# ></document>
<Document> Live now #USER# talks to #USER# #HASHTAG# #URL# ></document>
<Document> RT #USER#: Oh Tommy Tommy Tommy Tommy Tommy Robinson! Let's sing Twitter! #HASHTAG# ></document>
<Document> now has 280,000 signatures!!! If you haven't already, please sign #HASHTAG# #HASHTAG#Robinson #URL# ></document>
<document> Update on Tommy please RT #HASHTAG# #HASHTAG# #HASHTAG# #URL# ></document>
<Document> Media SILENCE as THOUSANDS protest for #HASHTAG# #HASHTAG# #HASHTAG# #HASHTAG# #URL# ></document>
<document> RT #USER#: Support #HASHTAG# at #HASHTAG# this Sunday at 1pm #HASHTAG# #HASHTAG# #URL# ></document>
<document> And this is just the beginning!!! #HASHTAG# #HASHTAG# #HASHTAG# #URL# ></document>
<Document> #HASHTAG# Protest at Victoria Park Gardens #HASHTAG# #URL# ></Document>
<Document> #HASHTAG# Protest on the way to Victoria Park Gardens #HASHTAG# #URL# ></Document>
<Document> #HASHTAG# Protest now moves to Victoria Park Gardens #HASHTAG# #USER# #URL# ></document>
<Document> #HASHTAG# protest now moves to Victoria Park Gardens #HASHTAG# #URL# ></Document>
<Document> #HASHTAG# protest now moves to Victoria Park Gardens #URL# ></Document>
<Document> #HASHTAG# protest now moves to Victoria Park Gardens #HASHTAG# #URL# ></Document>
<document> Take a stand against the #HASHTAG# event #HASHTAG# #HASHTAG# #HASHTAG# #URL# ></document>
<Document> What happened to the right of assembly? #HASHTAG# #HASHTAG# #URL# ></document>
<document> #HASHTAG# #HASHTAG# Support Tommy here - #URL# #URL# ></document>
<Document> #HASHTAG# Downing Street protest #HASHTAG# #URL# ></Document>
<Document> Downing Street now!!!! #HASHTAG# #HASHTAG# #URL# ></document>
<document> #HASHTAG# is protesting at Downing Street #HASHTAG# #URL# ></document>
<Document> Downing Street straight #HASHTAG# #HASHTAG# #URL# ></document>
<document> #HASHTAG# Event just down the road in Victoria Tower Gardens #HASHTAG# #URL# ></document>
<Document> Doesn't look like 10 years now. #HASHTAG# #HASHTAG# #HASHTAG# #HASHTAG# #URL# ></document>
<Document> Does Tommy Robinson represent mainstream British opinion? #HASHTAG# #HASHTAG# #HASHTAG# #URL# ></document>
<document> EVERYONE supporting #HASHTAG# needs to be in London tomorrow #HASHTAG# #HASHTAG# #URL# ></document>

</author>