
  
    <document> Skeleton Makeup Tutorial Halloween 2016: The Prettiest Skeleton Costume How-To: How to get skeleton makeup fo... #URL# ></document>
    <document> Taraji P. Henson's *Benjamin Button* Salary Was Less Than 2 Percent of Brad Pitt's: Taraji P. Henson opens up... #URL# ></document>
    <document> my everyday style: all laced up for fall!: Lace up tops, sweaters, shoes... you name it! This fall season is ... #URL# ></document>
    <document> What It's Really Like to Raise a Child with Down Syndrome: Model Amanda Booth clears up stereotypes about her... #URL# ></document>
    <document> Chrissy Teigen Shows You How to Look Sexy During Sweater Season: She stepped out in an off-the-shoulder sweat... #URL# ></document>
    <document> my everyday style: a major announcement!: Did I click bait you with that awesome post title!!?? I had to. Jus... #URL# ></document>
    <document> Melania Trump Has Had Enough of Donald in SNL's Lemonade Parody: She's not sorry. #URL# ></document>
    <document> Meet the Inspiring Girls of the New CNN Documentary 'We Will Rise': Nearly 50 girls from Morocco and Liberia ... #URL# ></document>
    <document> 14 Truly Affordable Gifts for Boss's Day: Great gifts for kissing up to the boss in style—they only look expensive. #URL# ></document>
    <document> "The Contour Song:" Finally, an Anthem for Everyone Who Sucks at Makeup: The Contour Song is the super catchy... #URL# ></document>
    <document> Dianna Agron's $20,000 Valentino Wedding Dress Is Anything But Bridal: The bride didn’t wear white: When Dian... #URL# ></document>
    <document> How to Defuse Conflicts With Coworkers: You're ticked at a coworker and the last thing on your mind is to for... #URL# ></document>
    <document> The Presidential Debate Sparked Some Golden Craigslist Casual Encounter Ads: For the final presidential debat... #URL# ></document>
    <document> Amanda Seyfried Opens Up About Her Struggles With Mental Illness: Amanda Seyfried opens up about her struggle... #URL# ></document>
    <document> Mermaid Makeup Tutorial Halloween 2016: The Prettiest Mermaid Costume to Try: Mermaid makeup is making a spla... #URL# ></document>
    <document> The Best Beauty Products You Can Get at Forever21: The beauty aisle at Forever21 has cute hair, makeup, skin ... #URL# ></document>
    <document> How *Crazy Ex-Girlfriend*'s Rachel Bloom Survived the Worst Depression of Her Life: Rachel Bloom, TV’s Crazy ... #URL# ></document>
    <document> loving + wanting at the Shopbop sale!: The Shopbop sale is going on now and friends, it's pretty epic!  The e... #URL# ></document>
    <document> Melania Trump Says Donald Was "Egged On" By Billy Bush: The hopeful first lady dismissed her husband's "grab ... #URL# ></document>
    <document> Hillary Clinton Wants to Double the Tax Credit for Parents of Young Children. Here's What That Means: The Cli... #URL# ></document>
    <document> How to Hold Your Handbag Like a Celebrity: Looking for newfangled ways to carry your favorite handbags this s... #URL# ></document>
    <document> Why I Left My Multi-Million Dollar Events Business: Paige Chenault had a multimillion-dollar events business,... #URL# ></document>
    <document> Dancing With the Stars 2016 Results: Was Pitbull Out of Line for His Comment About Jana Kramer's Outfit?: Amb... #URL# ></document>
    <document> crazy for camel!: Creamy, gorgeous camel is a go-to fall color for my wardrobe.  Every time I am shopping it ... #URL# ></document>
    <document> Olivia Wilde and Jason Sudeikis Had a Baby Girl! See Her First Photo: Olivia Wilde and Jason Sudeikis are pro... #URL# ></document>
    <document> Fall 2016 Denim Trends: The Best Jeans for Women: Game-changing styles that knock straightforward skinny jean... #URL# ></document>
    <document> 30 Outfit-Making Fall Bags Under $300: From satin backpacks to minimalist mini bags, there's something for everyone. #URL# ></document>
    <document> Meet Mindy Finn, the 35-Year Old Candidate for Vice President: Finn talks about following Geraldine Ferraro a... #URL# ></document>
    <document> 17 Tiny Things You Can Buy on Amazon, Because Tiny Is Always Better: Behold these miniature items that every ... #URL# ></document>
    <document> Two Women Are Claiming Donald Trump Sexually Assaulted Them: Two women speak out against Donald Trump for sex... #URL# ></document>
    <document> A Halloween Website Is Selling a Totally Inappropriate 'Kim Kardashian Robbery' Costume: Halloween retailer c... #URL# ></document>
    <document> The Big Bang Theory "The Cohabitation Experimentation" Recap: Sheldon and Amy Move in Together: Sheldon and A... #URL# ></document>
    <document> PSA: You Can See All Eight Harry Potter Movies in IMAX Theaters This Week: All eight Harry Potter movies are ... #URL# ></document>
    <document> 13 Signs You’re a Good—Or Bad—Boss: Give your performance a review. #URL# ></document>
    <document> Amber Tamblyn: Yes, Misogyny Exists—And It’s The Gift That Keeps On Grabbing: The actress, who recently revea... #URL# ></document>
    <document> Target’s Home Decor Is Getting a Gorgeous Modern Refresh: If you’re partial to modern decor, you’ve probably ... #URL# ></document>
    <document> Kim Kardashian Reappears on Social Media With a Subtle Statement: Kim Kardashian quietly returned to Twitter ... #URL# ></document>
    <document> Beyoncé Performed With a Bleeding Ear at Tidal X: 1015 Because She's Beyoncé: Beyoncé's earring ripped out du... #URL# ></document>
    <document> Trump Supporters Tweet to #HASHTAG# After Realizing Only Men Can Win Him the Election: Donald Trump supp... #URL# ></document>
    <document> my everyday fall style: a blazer for fall!: Nothing says fall style to me more than a blazer.  It's the first... #URL# ></document>
    <document> The Best Fall Hairstyle for You, According to Your Horoscope: If you're in need of some fall hairstyle inspir... #URL# ></document>
    <document> Women Share Why Planned Parenthood Is Vital on Its 100th Birthday: In celebration of Planned Parenthood's 100... #URL# ></document>
    <document> 15 Clever Things You Need to Decorate If You Have a Teeny-Tiny Apartme: Whether it’s furniture with hidden st... #URL# ></document>
    <document> Khloe Kardashian Broke Her Family's Silence on Kim's Robbery: The Kardashians have been keeping to themselves... #URL# ></document>
    <document> The Best Unicorn Halloween Costume Ideas That Are Blowing Up on Pinterest: The best unicorn halloween costume... #URL# ></document>
    <document> A Piece of Kim Kardashian's Stolen Jewelry Was Recovered: A passerby found her cross pendant on the sidewalk ... #URL# ></document>
    <document> Texting Using Only Proper Grammar for a Week Was the Hardest Thing I've Ever Done: Texting using only proper ... #URL# ></document>
    <document> Miley Cyrus Talking About Her Pansexuality Is Both Amazing and Important: Miley Cyrus doesn't want you to put... #URL# ></document>
    <document> The Smithsonian Needs $300,000 to Save Dorothy's Ruby Slippers: The Smithsonian Institute, which has housed t... #URL# ></document>
    <document> The "Vote for Hillary" Plea Every Sanders Supporter Needs to Hear: Bernie Sanders' deputy campaign manager, R... #URL# ></document>
    <document> This Calvin Klein-Inspired T-Shirt Is The Only Political Fashion Statement You Need: The political fashion st... #URL# ></document>
    <document> Kendall Jenner Is Accepting Applications From Aspiring Models—In Selfie Form: The reality TV star turned mode... #URL# ></document>
    <document> Demi Lovato Has Long, Blond Hair Now, and She Looks Amazing: New season, new look: Demi Lovato showed off her... #URL# ></document>
    <document> The Sweet Reason Why Barack Obama Doesn't Wear His Wedding Ring: Now you won't freak out the next time you se... #URL# ></document>
    <document> The Samsung Galaxy Note 7 Has Been Banned From All U.S. Flights: The FAA officially banned the Samsung Galaxy... #URL# ></document>
    <document> Twitter Reclaims Donald Trump's 'Nasty Woman' Debate Comment With Badass Messages of Feminism: The Internet t... #URL# ></document>
    <document> I'm Embarrassed to Tell Dates That I'm Married But Separated: I am actively dating but it's hard to admit som... #URL# ></document>
    <document> on my radar: October 2016!: Today I am pulling together a few things from around the web that are on my radar... #URL# ></document>
    <document> Pat McGrath’s Metalmorphosis 005 Metallic Makeup Kit Is Everything: Makeup artist Pat McGrath is launching a ... #URL# ></document>
    <document> American Horror Story Season 6 Episode 5 Recap: Introducing Evan Peters as Edward Phillip Mott: American Horr... #URL# ></document>
    <document> Why I Quit Using the Word Just in My Emails: Shortly after starting my first full-time job, I realized I'd de... #URL# ></document>
    <document> Chronically Late People Excuses: Why I'll Never Actually "See Ya In 10": Why are chronically late people alwa... #URL# ></document>
    <document> You Have to See the Season One KUWTK Throwback Pic Kylie Posted: 2007 feels like a lifetime ago. #URL# ></document>
    <document> my everyday style: cozy layers!: There is NOTHING better than a cool and gloomy fall weekend where you can bu... #URL# ></document>
    <document> All the Nobel Prizes Went to Men This Year, and People Aren't Happy: Reminder: It's 2016. #URL# ></document>
    <document> Harry Potter Makeup You Can Actually Buy Really Exists!: Harry Potter makeup isn't just a thing out of a fair... #URL# ></document>
    <document> my everyday style: pink + grey!: I'm definitely having a moment with pink this fall.  I love pink any time of... #URL# ></document>
    <document> 15 Cult-Favorite Korean Beauty Products You Can Buy on Amazon: You don't need a plane ticket to get the best ... #URL# ></document>
    <document> George and Amal Clooney's New Condo Has an Insane Number of Windows: The building won't be completed until 20... #URL# ></document>
    <document> Hillary Clinton’s Debate Response About Abortion Is Exactly the One Wo: In an eloquent response, Hillary Clin... #URL# ></document>
    <document> Sugar Skull Makeup: An Easy Tutorial for Day of the Dead: How to do Sugar Skull makeup for Dia de los Muertos... #URL# ></document>
    <document> YouTube Star Ingrid Nilsen Explains Why This Election Is So Important and What We Can Learn from We the Voter... #URL# ></document>
    <document> Nightclub Mogul Noah Tepperberg and Melissa Wood Had the Wedding of the Year: Hospitality mogul Noah Tepperbe... #URL# ></document>
    <document> Wouldn't It Be Nice If Employers Gave Us "Unsick" Days?: One company wants to make sure its employees have ti... #URL# ></document>
    <document> Yep, Pumpkin Spice Outfits Are a Thing This Fall: Yep, Pumpkin Spice Outfits Are a Thing This Fall. Pumpkin s... #URL# ></document>
    <document> Shailene Woodley Livestreamed Getting Arrested in North Dakota: Actress Shailene Woodley was peacefully prote... #URL# ></document>
    <document> Take a Tour of the U.S. Capitol Through the Eyes of a High School Girl: Girls from Communities in Schools and... #URL# ></document>
    <document> How One Italian Psychologist Is Helping to Protect Refugees: Roberta Laganà never thought she'd work with tra... #URL# ></document>
    <document> Blonde Hair Colors: "Soft Roots" Will Help Make Your Roots Less Obvious: Roots are a big problem for women wi... #URL# ></document>
    <document> This Cape-Wearing Toddler Is School Picture Day Goals: Three-year-old Kaylieann Steinbach's school picture is... #URL# ></document>
    <document> 25 Political TV Shows and Movies to Watch When You Need a Break From the 2016 Election: From the funny to the... #URL# ></document>
    <document> The Best Celebrity Couples Halloween Costumes Ever: These 30 celebrity couples, including Kim Kardashian and ... #URL# ></document>
    <document> Happy Six-Month Birthday, Luna! Here's How Chrissy Teigen and John Legend Marked the Occasion: Chrissy Teigen... #URL# ></document>
    <document> Why Am I Bleeding?: An OB/GYN explains your erratic periods, blood after sex, and any other unusual bleeding ... #URL# ></document>
    <document> Here's the Real Reason Why You Reuse Passwords (Plus An Easy Way to Kick the Habit): None of our passwords ar... #URL# ></document>
    <document> How to Navigate Inviting Coworkers to Your Wedding: There's something pretty exciting about heading to work a... #URL# ></document>
    <document> This *Clueless* Plot Mistake Will Drive You Nuts: Did you ever notice this glaring plot hole in the movie Clu... #URL# ></document>
    <document> Here’s Your Exclusive First Look at Vera Wang’s New Wedding Dresses for David's Bridal: The new White by Vera... #URL# ></document>
    <document> Here's What I Think We Should Do About #HASHTAG#: Why #HASHTAG# is such a tough thing to fi... #URL# ></document>
    <document> Rihanna and Drake Might Have Broken Up, but Here's Why You Shouldn't Freak Out: Say it ain't so! Rihanna and ... #URL# ></document>
    <document> The Best French Beauty Brands You Can Score on Amazon: The best French beauty brands don't require a plane ti... #URL# ></document>
    <document> 6 Skin Care Secrets Every Model Knows: How do models get such incredible skin? Well, genetics for one. But th... #URL# ></document>
    <document> What to Wear to Work This Fall: 5 Power Pairings to Try: Revive your office wardrobe with these easy outfit f... #URL# ></document>
    <document> Two Women Tried Weed Tampons to Get Rid of Menstrual Cramps: Can Foria's cannabis suppositories actually ease... #URL# ></document>
    <document> Instagram's New Update Lets You to Help Friends With Eating Disorders or Suicidal Thoughts: The social media ... #URL# ></document>
    <document> Dating App Culture Is Being Reconsidered, and We're All About It: The culture of swiping on dating apps has l... #URL# ></document>
    <document> This Vision of an "Optimal" Board of Directors Is Seriously Sexist: Gender diversity in board membership is n... #URL# ></document>
    <document> The Most Feminist Horror Movies of All Time: Not all horror movies are misogynistic garbage. Here are 18 scar... #URL# ></document>
    <document> Do People Actually Enjoy Watching Horror Movies?: With Halloween 2016 approaching, I investigate why people l... #URL# ></document>
    <document> Shop Paint, Furniture, Rugs and More From Fixer Upper's Joanna Gaines and Magnolia Home Furniture: The HGTV s... #URL# ></document>
  
</author>
<document> Halloween 2016 Skeleton Makeup Tutorial: The Cutest Skeleton Costume How-To: How to do skeleton makeup for... #URL# ></document>
    <document> Taraji P. Henson's *Benjamin Button* salary was less than 2% of Brad Pitt's salary: Taraji P. Henson opens... #URL# ></document>
    <document> my everyday style: all lace up for fall!: lace up tops, sweaters, shoes… you name it! This fall season is ... #URL# ></document>
    <document> What it's really like raising a child with Down syndrome: Model Amanda Booth clarifies stereotypes about her... #URL# ></document>
    <document> Chrissy Teigen shows you how to look sexy during sweater season: she stepped out with a sweat on her shoulders... #URL# ></document>
    <document> my everyday style: big announcement!: I baited you with that awesome post title!!?? I had to. Just... #URL# ></document>
    <document> Melania Trump has had enough of Donald in SNL's Lemonade spoof: she doesn't mind. #URL# </document>
    <document> Meet the girls who inspired the new CNN documentary "We Will Rise": nearly 50 girls from Morocco and Liberia ... #URL# </document>
    <document> 14 Really Affordable Boss Day Gifts: Great gifts for kissing the boss in style — they just look expensive. #URL# </document>
    <document> "The Contour Song:" Finally an anthem for everyone who sucks with makeup: The Contour Song is super catchy... #URL# ></document>
    <document> Dianna Agron's $20,000 Valentino Wedding Dress Is Anything But Nuptial: The Bride Wasn't Wearing White: When Dian... #URL# ></document>
    <document> How to defuse conflicts with colleagues: You're angry with a colleague and the last thing on your mind is to... #URL# ></document>
    <document>Presidential debate sparked some golden dating ads on Craigslist: For the final presidential debate... #URL# </document>
    <document> Amanda Seyfried Talks About Her Struggle With Mental Illness: Amanda Seyfried Talks About Her Struggle... #URL# ></document>
    <document>Halloween 2016 Mermaid Makeup Tutorial: The cutest mermaid costume to try: Mermaid makeup is making a spl... #URL# ></document>
    <document> The best beauty products you can find at Forever21: Forever21's beauty department has beautiful hair, makeup and skin... #URL# ></document>
    <document> How *Crazy Ex-Girlfriend*'s Rachel Bloom Survived the Worst Depression of Her Life: Rachel Bloom, TV's Crazy... #URL# ></document>
    <document> love + want at the Shopbop Sale!: The Shopbop Sale is on now and friends, it's pretty epic! The e... #URL# ></document>
    <document> Melania Trump says Donald was 'prodded' by Billy Bush: First lady hopeful rejected 'taking... #URL# </document>
    <document> Hillary Clinton wants to double the tax credit for parents of young children. Here's what it means: The Cli... #URL# ></document>
    <document> How to hold your handbag like a celebrity: looking for a new wayTo carry your favorite handbags with you, this s... #URL# ></document>
    <document> Why I Quit My Multi-Million Dollar Event Business: Paige Chenault Had a Multi-Million Dollar Event Business,... #URL# </document>
    <document> Dancing with the Stars 2016 Results: Was Pitbull out of place for his comment on Jana Kramer's outfit?: Amb... #URL# ></document>
    <document> crazy about camel!: Gorgeous creamy camel is a fall color for my wardrobe. Every time I buy it... #URL# ></document>
    <document> Olivia Wilde and Jason Sudeikis have had a baby girl! Check out her first photo: Olivia Wilde and Jason Sudeikis are pros... #URL# ></document>
    <document> Fall 2016 Denim Trends: Best Jeans for Women: Revolutionary styles that beat plain skinny jeans… #URL# ></document>
    <document> 30 Fall Suit Bags Under $300: From satin backpacks to minimalist mini purses, there's something for everyone. #URL# </document>
    <document> Meet 35-year-old vice presidential candidate Mindy Finn: Finn talks following Geraldine Ferraro and… #URL# </document>
    <document> 17 Little Things You Can Buy on Amazon, Why Tiny Is Always Better: Check out these miniature items that every ... #URL# ></document>
    <document> Two women accuse Donald Trump of sexually assaulting them: Two women sue Donald Trump for sex... #URL# ></document>
    <document> Halloween Website Selling Totally Inappropriate 'Kim Kardashian Heist' Costume: Halloween Retailer c... #URL# ></document>
    <document> The Big Bang Theory "The Conhabitation Experimentation" Summary: Sheldon and Amy move in together: Sheldon and A... #URL# ></document>
    <document> PSA: You can see all eight Harry Potter films in IMAX theaters this week: all eight Harry Potter films are... #URL# </document>
    <document> 13 signs you're a good or bad boss: Review your performance. #URL# </document>
    <document> Amber Tamblyn: Yes, misogyny exists, and it's the gift that keeps grabbing: the actress, who recently revealed... #URL# ></document>
    <document> Home Furnishings at Target is getting a gorgeous modern update: If you like modern furnishings, you probably have ... #URL# ></document>
    <document> Kim Kardashian reappears on social media with a subtle statement: Kim Kardashian has quietly returned to Twitter... #URL# </document>
    <document> Beyoncé performed with a bloody ear at Tidal X: 1015 Because she is Beyoncé: Beyoncé's earring was ripped off in... #URL# ></document>
    <document> Trump supporters tweet #HASHTAG# after realizing only men can win him in election: Donald Trump sup... #URL# ></document>
    <document> my everyday fall style: a blazer for fall!: Nothing says fall style to me more than a blazer. It's the first... #URL# </document>
    <document> The best autumn hairstyle for you, according to your horoscope: If you need inspiration for an autumn hairstyle... #URL# ></document>
    <document> Women share why Planned Parenthood is vital on its 100th birthday: celebrating 100 years of Planned Parenthood... #URL# ></document>
    <document> 15 clever things you need to decorate if you have a tiny apartment: whether it's furniture with hidden details... #URL# ></document>
    <document> Khloe Kardashian broke her family's silence about Kim's robbery: the Kardashians kept to themselves... #URL# ></document>
    <document> The best unicorn Halloween costume ideas that are exploding on Pinterest: The best unicorn Halloween costume... #URL# ></document>
    <document> A piece of Kim Kardashian's stolen jewelry has been recovered: a passerby found her cross pendant on the sidewalk... #URL# ></document>
    <document> Sending messages using only correct grammar for a week was the hardest thing I've ever done: sending messages using only correct grammar... #URL# ></document>
    <document> Miley Cyrus talking about her pansexuality is both surprising and important: Miley Cyrus doesn't want you to put... #URL# ></document>
    <document> Smithsonian Needs $300,000 to Save Dorothy's Ruby Slippers: The Smithsonian Institute, which hosted... #URL# ></document>
    <document> The "Vote for Hillary" plea every Sanders supporter needs to hear: Bernie Sanders' Deputy Campaign Manager R... #URL# ></document>
    <document> This Calvin Klein inspired t-shirt is the only political fashion statement you need - political fashion... #URL# ></document>
    <document> Kendall Jenner accepts nominations from aspiring models, in the form of selfies: the reality star has moved into fashion... #URL# </document>
    <document> Demi Lovato Now Has Long Blonde Hair And Looks Great: New Season, New Look: Demi Lovato showed off her... #URL# ></document>
    <document> The Sweet Reason Barack Obama Isn't Wearing His Wedding Ring: Now You Won't Get Mad The Next Time You See... #URL# </document>
    <document> Samsung Galaxy Note 7 banned from all flights in US: The FAA has officially banned the Samsung Galaxy... #URL# ></document>
    <document> Twitter reclaims Donald Trump's 'bad woman' debate commentary with tough messages about feminism: Internet t... #URL# ></document>
    <document> I'm ashamed to tell people I'm married but separated: I'm actively dating but it's hard to admit it... #URL# ></document>
    <document> on my radar: October 2016!: Today I'm picking up a few things from around the web that are on my radar... #URL# ></document>
    <document> Pat McGrath's Metalmorphosis 005 Metallic Makeup Kit is it all: Makeup artist Pat McGrath is launching a ... #URL# ></document>
    <document>American Horror Story Season 6 Episode 5 Recap: Introducing Evan Peters as Edward Phillip Mott: American Horror... #URL# </document>
    <document> Why I stopped using the word only in my emails: Shortly after starting my first full-time job, I realized I would de... #URL# ></document>
    <document> Apologies for Chronically Late People: Why I'll Never "Actually See Me in 10": Why They're Chronically late people always... #URL# ></document>
    <document> You Must See Season 1 KUWTK Kylie Throwback Photos Released: 2007 seems like a lifetime ago. #URL# </document>
    <document> My Everyday Style: Cozy Layers!: There's NOTHING better than a cool, somber fall weekend where you can shop... #URL# ></document>
    <document> This year all the Nobel prizes went to men and people are not happy: Reminder: it's 2016. #URL# </document>
    <document> The Harry Potter Makeup You Can Buy Really Exists!: Harry Potter makeup isn't just something from a fairground... #URL# ></document>
    <document> my everyday style: pink + grey!: this fall I will definitely have fun with pink. Love pink anytime than... #URL# </document>
    <document> 15 Cult Favorite Korean Beauty Products You Can Buy On Amazon - You Don't Need A Plane Ticket To Get The Best... #URL# ></document>
    <document> George and Amal Clooney's new apartment building has an insane number of windows: the building won't be completed until the 20th... #URL# ></document>
    <document> The response to Hillary Clinton's abortion debate is just right: In an eloquent response, Hillary Clin... #URL# ></document>
    <document> Sugar Skull Makeup: Easy Day of the Dead Tutorial: How to make Sugar Skull makeup for Dia de los Muertos... #URL# </document>
    <document> YouTube star Ingrid Nilsen explains why this election is so important and what we voters can learn from... #URL# </document>
    <document> Nightclub mogul Noah Tepperberg and Melissa Wood celebrated the wedding of the year: hospitality mogul Noah Tepperbe... #URL# ></document>
    <document> Wouldn't it be nice if employers gave us "sick" days?: A company wants to make sure its employees have t... #URL# ></document>
    <document> Yes, Pumpkin Spice Dresses are a thing for this fall: Yes, Pumpkin Spice Dresses are a thing for this fall. Pumpkin s... #URL# </document>
    <document> Shailene Woodley live streamed arrest in North Dakota: Actress Shailene Woodley was peacefully protected... #URL# ></document>
    <document> Tour the US Capitol Through the Eyes of a High School Girl: Community Girls in Schools and... #URL# </document>
    <document> How an Italian Psychologist Helps Protect Refugees: Roberta Laganà Never Thought She'd Work With Among... #URL# ></document>
    <document> Blonde Hair Colors: "Soft Roots" Will Help Make Your Roots Less Conspicuous: Roots are a big deal for women with... #URL# ></document>
    <document> This boy in a cape is photographed at school Objectives: The school photo of three-year-old Kaylieann Steinbach is... #URL# ></document>
    <document> 25 Political TV Shows & Movies To Watch When You Need A Break From The 2016 Election: From Funny To... #URL# </document>
    <document>The Best Celebrity Couple Halloween Costumes Ever: These 30 Celebrity Couples, Including Kim Kardashian and ... #URL# </document>
    <document> Happy six month birthday, Luna! Here is How Chrissy Teigen and John Legend celebrated the occasion: Chrissy Teigen... #URL# ></document>
    <document> Why Do I Bleed?: An obstetrician/gynecologist explains about irregular periods, blood after sex, and any other unusual bleeding... #URL# ></document>
    <document> Here's the real reason you reuse passwords (as well as an easy way to kick the habit): none of our passwords are... #URL# ></document>
    <document>How to navigate inviting co-workers to your wedding: There is something quite exciting about going to work a... #URL# ></document>
    <document> This *clueless* plot error will blow your mind: have you ever noticed this obvious plot hole in the movie Clu... #URL# ></document>
    <document> Here's your exclusive first look at Vera Wang's new wedding dresses for David's Bridal: Vera's new white... #URL# </document>
    <document> Here's what I think we should do about #HASHTAG#: Why #HASHTAG# is such a hard thing to find... #URL# ></document>
    <document> Rihanna and Drake may have broken up, but here's why you shouldn't freak out: say you don't! Rihanna and ... #URL# ></document>
    <document> The best French beauty brands you can get on Amazon - The best French beauty brands do not require a plane to... #URL# ></document>
    <document> 6 Skincare Secrets Every Model Knows: How do models get such amazing skin? Well, genetics for one. But... #URL# </document>
    <document> What to wear to work this fall: 5 powerful combinations to try: Spice up your office wardrobe with these easy outfits... #URL# ></document>
    <document> Two women tried herbal tampons to get rid of menstrual cramps: Foria cannabis suppositories can really relieve... #URL# ></document>
    <document> Instagram's new update lets you help friends with eating disorders or suicidal thoughts - social media ... #URL# ></document>
    <document> Dating App Culture Gets Reconsidered And We Cover It All: Swiping Culture On Dating Apps Has… #URL# ></document>
    <document> This vision of an "optimal" board is seriously sexist: gender diversity in board membership is not... #URL# ></document>
    <document> The Most Feminist Horror Movies of All Time: Not all horror movies are misogynistic trash. Here are 18 scars... #URL# </document>
    <document> Do people really like watching horror movies?: As Halloween 2016 approaches, I investigate why people… #URL# ></document>
    <document> Shop Paint, Furniture, Carpet and More from Joanna Gaines and Magnolia Home Furniture at Fixer Upper: The HGTV s... #URL# ></document>
  
</author><document> Skeleton Makeup Tutorial Halloween 2016: The Most Beautiful Skeleton Costume How-To: How to get Skeleton Makeup for... #URL# ></document>
    <Document> Taraji P. Henson's *Benjamin Button* salary was less than 2 percent of Brad Pitt's: Taraji P. Henson opens ... #URL# ></Document>
    <document> my everyday style: all laced up for fall!: lace up tops, sweaters, shoes... whatever! This fall season is... #URL# ></document>
    <document> What it's really like to raise a child with Down Syndrome: Model Amanda Booth dispels prejudices about her... #URL# ></document>
    <document> Chrissy Teigen shows you how to look sexy during sweater season: She stepped out in an off-the-shoulder sweat... #URL# ></document>
    <document> my everyday style: an important announcement!: did I lure you with that awesome post title!!?? I had to. Just... #URL# ></document>
    <Document> Melania Trump Fed Up With Donald In SNL Lemonade Parody: She's Not Sorry. #URL# ></document>
    <document> Meet the inspiring girls of the new CNN documentary We Will Rise: Almost 50 girls from Morocco and Liberia... #URL# ></document>
    <document> 14 Really Affordable Gifts for Boss's Day: Great gifts to kiss the boss in style - they just look expensive. #URL# ></document>
    <document> "The Contour Song:" Finally an anthem for everyone who sucks at applying makeup: The Contour Song is a super catchy tune... #URL# ></document>
    <document> Dianna Agron's $20,000 Valentino wedding dress is anything but bridal: The bride didn't wear white: When Dian... #URL# ></document>
    <document> How to defuse conflicts with co-workers You have a snag with a co-worker and the last thing on your mind is for... #URL# ></document>
    <document> The Presidential Debate triggered some Golden Craigslist Casual Encounter Ads: For the final Presidential Debate... #URL# ></document>
    <Document> Amanda Seyfried shares her struggle with mental illness: Amanda Seyfried shares her struggle... #URL# ></document>
    <document> Mermaid Makeup Tutorial Halloween 2016: The prettiest mermaid costume to try: Mermaid makeup makes a splash... #URL# ></document>
    <document> The best beauty products you can get at Forever21: The beauty section at Forever21 has cute hair, makeup, skin... #URL# ></document>
    <Document> How Rachel Bloom from *Crazy Ex-Girlfriend* survived the worst depression of her life: Rachel Bloom, TV's Crazy... #URL# ></document>
    <Document> Loving + Wanting at the Shopbop Sale!: The Shopbop Sale is on now and friends it's pretty epic! The e... #URL# ></document>
    <document> Melania Trump Says Donald Was 'Goed On' By Billy Bush: The First Lady Hopeful Rejected Her Husband's 'Grave'... #URL# ></document>
    <Document> Hillary Clinton wants to double tax credit for parents of young children. This means the following: The cli... #URL# ></document>
    <Document> How to Hold Your Purse Like a Star: Looking for New WaysHow to carry your favorite handbags... #URL# ></document>
    <Document> Why I Left My Multimillion Dollar Events Business: Paige Chenault had a multimillion dollar events business,... #URL# ></document>
    <document> Results of Dancing With the Stars 2016: Was Pitbull out of line with his comment on Jana Kramer's outfit?: Amb... #URL# ></document>
    <document> crazy for camel!: Creamy, beautiful camel is an absolute fall color for my wardrobe. Every time I buy it... #URL# ></document>
    <Document> Olivia Wilde and Jason Sudeikis have had a baby girl! See their first photo: Olivia Wilde and Jason Sudeikis are pros... #URL# ></document>
    <document> Fall 2016 Denim Trends: The Best Jeans for Women: Game-Changing Styles Reminiscent of Straightforward Skinny Jeans... #URL# ></document>
    <document> 30 Outfit-Making Fall Bags Under $300: From satin backpacks to minimalistic mini bags, there's something for everyone. #URL# ></document>
    <document> Meet Mindy Finn, the 35-year-old vice presidential candidate: Finn talks about following Geraldine Ferraro... #URL# ></document>
    <document> 17 tiny things to buy on Amazon because tiny is always better Check out these miniature items that everyone... #URL# ></document>
    <document> Two women claim they were sexually assaulted by Donald Trump: Two women speak out against Donald Trump over sex... #URL# ></document>
    <document> A Halloween website is selling a totally inappropriate Kim Kardashian Heist costume: Halloween vendor c... #URL# ></document>
    <document> The Big Bang Theory "The Cohabitation Experimentation" Summary: Sheldon and Amy move in together: Sheldon and A... #URL# ></document>
    <document> PSA: You can see all eight Harry Potter movies in IMAX theaters this week: All eight Harry Potter movies are... #URL# ></document>
    <document> 13 signs you're a good – or bad – boss: Evaluate your performance. #URL# ></document>
    <document> Amber Tamblyn: Yes, misogyny exists — and it's the gift that keeps wrapping: The actress who recently revealed... #URL# ></document>
    <document> Target's interiors get a gorgeous modern makeover: If you're into modern decor, you probably have... #URL# ></document>
    <document> Kim Kardashian resurfaces on social media with a subtle statement: Kim Kardashian quietly returned to Twitter... #URL# ></document>
    <document> Beyoncé appeared on Tidal X: 1015 with a bleeding ear because she is Beyoncé: Beyoncé's earring was ripped out because... #URL# ></document>
    <document> Trump supporters tweet #HASHTAG# after realizing only men can win him the election: Donald Trump supports... #URL# ></document>
    <document> my everyday fall style: a blazer for fall!: Nothing says fall style to me like a blazer. It's the first... #URL# ></document>
    <document> The best fall hairstyle for you according to your horoscope: If you need fall hairstyle inspiration… #URL# ></document>
    <document> Women Share Why Planned Parenthood is crucial on its 100th birthday: In celebration of Planned Parenthood's 100th birthday... #URL# ></document>
    <document> 15 clever things to decorate if you have a tiny apartment: whether it's furniture with hidden st... #URL# ></document>
    <Document> Khloe Kardashian broke her family's silence on Kim's robbery: The Kardashians kept to themselves... #URL# ></document>
    <document> The best unicorn halloween costume ideas exploding on pinterest: The best unicorn halloween costume… #URL# ></document>
    <document> A stolen piece of Kim Kardashian jewelry has been found: A passer-by found her cross pendant on the sidewalk... #URL# ></document>
    <document> Texting for a week using just the right grammar was the hardest thing I've ever done: texting with just the right... #URL# ></document>
    <document> Miley Cyrus opening up about her pansexuality is both amazing and important: Miley Cyrus doesn't want you to put... #URL# ></document>
    <Document> The Smithsonian needs $300,000 to save Dorothy's Ruby Slippers: The Smithsonian Institute that hosted... #URL# ></document>
    <document> The "vote for Hillary" plea every Sanders supporter needs to hear: Bernie Sanders' assistant campaign manager, R... #URL# ></document>
    <document> This Calvin Klein-inspired t-shirt is the only political fashion statement you need: the political fashion st... #URL# ></document>
    <document> Kendall Jenner accepting applications from aspiring models — in selfie form: The reality TV star switched modes… #URL# ></document>
    <document> Demi Lovato now has long blonde hair and she looks amazing: New season, new look: Demi Lovato showed her... #URL# ></document>
    <document> The cute reason why Barack Obama doesn't wear his wedding ring: Now don't freak out the next time you see... #URL# ></document>
    <document> The Samsung Galaxy Note 7 has been banned from all US flights: The FAA has officially banned the Samsung Galaxy... #URL# ></document>
    <document> Twitter is calling back Donald Trump's comment on the Nasty Woman debate with hard-hitting messages from feminism: The internet is t... #URL# ></document>
    <document> I'm embarrassed to share dates that I'm married but separated: I'm actively dating, but it's hard to admit some... #URL# ></document>
    <document> on my radar: October 2016!: Today I'm gathering a few things from around the internet that are on my radar... #URL# ></document>
    <document> Pat McGrath's Metalmorphosis 005 Metallic Makeup Kit Is Everything: Makeup artist Pat McGrath launches a... #URL# ></document>
    <document> American Horror Story Season 6 Episode 5 Summary: Evan Peters as Edward Phillip Mott: American Horr... #URL# ></document>
    <document> Why I stopped using the word just in my emails: Not long after I started my first full-time job, I realized I had to... #URL# ></document>
    <document> People's Chronically Belated Excuses: Why I'll Actually Never See Me Again in 10: Why Are ChronicAlly always late people... #URL# ></document>
    <document> You must see the KUWTK Season 1 throwback pic Kylie Posted: 2007 feels like ages ago. #URL# ></document>
    <document> my everyday style: Cozy Layers!: There's NOTHING better than a cool and gloomy fall weekend to go shopping... #URL# ></document>
    <document> All the Nobel prizes went to men this year and people are not happy: As a reminder, it's 2016. #URL# ></document>
    <document> Harry Potter makeup you can actually buy really exists!: Harry Potter makeup isn't just a thing from a trade show... #URL# ></document>
    <document> My Everyday Style: Pink + Gray!: I'm definitely having a moment with pink this fall. I love pink anytime from... #URL# ></document>
    <document> 15 Popular Korean Beauty Products You Can Buy From Amazon: You don't need a plane ticket to get the best... #URL# ></document>
    <document> George and Amal Clooney's new condo has an insane number of windows: the building won't be finished until 20... #URL# ></document>
    <document> Hillary Clinton's debate response on abortion is just the one where: In an eloquent response, Hillary Clin... #URL# ></document>
    <document> Sugar Skull Makeup: An Easy Tutorial for Day of the Dead: How to do Sugar Skull Makeup for Dia de los Muertos... #URL# ></document>
    <document> YouTube star Ingrid Nilsen explains why this election is so important and what we can learn from us voters... #URL# ></document>
    <document> Nightclub mogul Noah Tepperberg and Melissa Wood celebrated the wedding of the year: hospitality mogul Noah Tepperberg... #URL# ></document>
    <document> Wouldn't it be nice if employers gave us "sick" days?: A company wants to make sure its employees have time... #URL# ></document>
    <document> Yep, pumpkin spice outfits are hot this fall: Yep, pumpkin spice outfits are hot this fall. Pumpkins... #URL# ></document>
    <Document> Livestream of Shailene Woodley's Arrest in North Dakota: Actress Shailene Woodley was peacefully arrested... #URL# ></document>
    <document> Take a tour of the US Capitol through the eyes of a high school girl: girls from communities in schools and... #URL# ></document>
    <document> How an Italian psychologist is helping to protect refugees: Roberta Laganà never thought she would be working with Tra... #URL# ></document>
    <document> Blonde Hair Color: "Soft Roots" Help Make Your Hair Roots Less Obvious: Hair roots are a big problem for women with... #URL# ></document>
    <document> This caped toddler is School Photo Day Goals: Three-year-old Kaylieann Steinbach's school photo is... #URL# ></document>
    <document> 25 Political TV Shows And Movies To Watch When You Need A Break From The 2016 Election: From Funny To... #URL# ></document>
    <document> Best Celebrity Couple Halloween Costumes Ever: These 30 celebrity couples, including Kim Kardashian and... #URL# ></document>
    <Document> Happy Six Month Birthday Luna! Here is How Chrissy Teigen and John Legend marked the occasion: Chrissy Teigen... #URL# ></document>
    <document> Why am I bleeding?: An OB/GYN explaining your irregular periods, blood after sex, and any other unusual bleeding... #URL# ></document>
    <document> Here's the real reason you're reusing passwords (and an easy way to break the habit): None of our passwords are... #URL# ></document>
    <document> How to navigate Inviting colleagues to your wedding: There's something pretty exciting about going to work as... #URL# ></document>
    <document> This *unsuspecting* plot flaw will drive you insane: Have you ever noticed this blatant plot hole in the movie Clu... #URL# ></document>
    <document> Here's your exclusive first look at Vera Wang's new wedding dresses for David's Bridal: The new White by Vera... #URL# ></document>
    <document> Here's what I think we should do about #HASHTAG#: Why #HASHTAG# is so hard to find... #URL# ></document>
    <Document> Rihanna and Drake may have broken up, but here's why you shouldn't freak out: Say it's not! Rihanna and ... #URL# ></document>
    <document> The best French beauty brands to score on Amazon: The best French beauty brands don't need a plane... #URL# ></document>
    <document> 6 Skincare Secrets Every Model Knows: How Do Models Get Such Incredible Skin? Well, genetics for one. But this... #URL# ></document>
    <document> What to wear to work this fall: 5 combinations to try Liven up your office wardrobe with these simple outfits for... #URL# ></document>
    <document> Two women tried weed tampons to get rid of menstrual cramps: Can Foria's cannabis suppositories actually relieve... #URL# ></document>
    <document> Instagram's new update lets you help friends with eating disorders or suicidal thoughts: social media... #URL# ></document>
    <document> Dating app culture is being reconsidered, and we're all in: The culture of swiping on dating apps has... #URL# ></document>
    <document> This vision of an "optimal" board of directors is seriously sexist: gender diversity in board membership is n... #URL# ></document>
    <Document> The Most Feminist Horror Movies of All Time: Not all horror movies are misogynistic garbage. Here are 18 scars... #URL# ></document>
    <document> Do people really enjoy watching horror movies?: As Halloween 2016 approaches, I'm investigating why people l... #URL# ></document>
    <document> Shop paint, furniture, rugs and more from Joanna Gaines and Magnolia Home Furniture from Fixer Upper: The HGTV s... #URL# ></document>
  
</author>