
  
    <document> Pelosi: Cant Attend NFL Playoff Game Because I Have Responsibility To "Save Our Country From Peril"  #URL# ></document>
    <document> Trump told brazen lies about Social Security during his SOTU address #URL# ></document>
    <document> Swalwell calls out Trump after video of president during national anthem #URL# ></document>
    <document> Results from Iowa caucuses delayed because of 'inconsistencies' – Caucus updates #URL# via #USER# ></document>
    <document> State of the Union: President Trump stretched and distorted facts about economy, jobs #URL# via #USER# ></document>
    <document> State of the Union fact check: What's true and what's false in Trump's address #URL# via #USER# ></document>
    <document> Conservative demolishes Republicans over impeachment debacle: ‘I hope democracy survives — and the GOP does not’ #URL# ></document>
    <document> What Did — And Didn’t — Go Down In The Iowa Caucuses #URL# ></document>
    <document> ‘Vengeance is coming’: Rick Wilson warns the SOTU will be a ‘seething mass of horrors’ once Trump is acquitted #URL# ></document>
    <document> Lindsey Graham faces revolt from GOP lawmakers over plan to investigate whistleblower: WaPo reporter #URL# ></document>
    <document> WATCH: Dershowitz says charges against Trump aren't impeachable. Many legal experts disagree #URL# ></document>
    <document> The #HASHTAG# Attacks Are No Help to Bernie Sanders Either #URL# via #USER# ></document>
    <document> Caucus 101: Learn about the Nevada caucus #URL# ></document>
    <document> Trump says Dems don’t care about red states — but he can’t remember which red state is home to a major city: op-ed #URL# ></document>
    <document> Here's everything you need to know about Nevada’s upcoming presidential caucus #URL# via #USER# ></document>
    <document> Susan Collins’ Campaign Is Being Helped by a Mysterious Hawaii Company #URL# via #USER# ></document>
    <document> Ken Starr Mentions DeflateGate During Donald Trump Impeachment Trial Closing Argument #URL# ></document>
    <document> Chris Matthews expresses worries: Democrats 'need to find' candidate who can beat Trump #URL# ></document>
    <document> John Bolton refused to give a statement under oath during impeachment trial: Adam Schiff #URL# ></document>
    <document> WATCH: Trump fan melts down after seeing sign calling president a ‘sexual predator’ #URL# ></document>
    <document> Fox News Host Grills Mayor Pete: How Can You Call Trump Racist After Super Bowl Ad? #URL# via #USER# ></document>
    <document> ‘Vapid propaganda’: Fox Sports faces fan backlash after Sean Hannity segment ‘ruins’ Super Bowl #URL# ></document>
    <document> Fact-checking statements by #USER# in Wildwood, NJ, that needed a fact-check #URL# via #USER# ></document>
    <document> Just a fraction of voters want to block witnesses in Trump's impeachment trial — but Republicans are likely to bloc… #URL# ></document>
    <document> Trump's acquittal in impeachment 'trial' is a glimpse of America's imploding empire #URL# ></document>
    <document> AP FACT CHECK: Trump's claims in his State of Union address #URL# ></document>
    <document> CDC Tests Three Patients in NYC for Coronavirus: Health Officials #URL# ></document>
    <document> The Final Day To Qualify for $10K! #URL# ></document>
    <document> Our Final Forecast For The Iowa Caucuses #URL# ></document>
    <document> Donald Trump Jr. calls for Mitt Romney to be expelled from GOP after senator votes to convict President Trump #URL# ></document>
    <document> Big Bad Socialism? America already has wildly popular ‘socialist’ programs — and even Trump-worshiping right winger… #URL# ></document>
    <document> Trump nears acquittal as spotlight shines on undecideds #URL# ></document>
    <document> Buttigieg proved that he can put together a coalition that reaches beyond the left. #URL# via #USER# ></document>
    <document> Undocumented immigrants pay millions of dollars in state taxes — even in the reddest states #URL# via #USER# ></document>
    <document> Trump impeachment: Fears that Senate acquittal will give presidents far more power #URL# ></document>
    <document> The Beat With Ari... #URL# via #USER# ></document>
    <document> Senator who voted down evidence leaves Chuck Todd speechless by recommending everyone read Bolton’s book #URL# ></document>
    <document> The View’s Whoopi Goldberg challenges Meghan McCain to explain why Rush Limbaugh deserves Medal of Freedom #URL# ></document>
    <document> Sanders campaign blasts DNC debate rules change as an attempt to let Bloomberg ‘buy his way onto the stage’ #URL# ></document>
    <document> Iowa crowd goes wild as MSNBC’s Mika denounces Joni Ernst as a ‘useful idiot’ #URL# ></document>
    <document> Romney’s Vote is More Than Symbolic #URL# via #USER# ></document>
    <document> Big Bad Socialism? America already has wildly popular ‘socialist’ programs — and even Trump-worshiping right winger… #URL# ></document>
    <document> WHIP COUNT: Here are the senators who voted for and against convicting Trump in his impeachment trial… #URL# ></document>
    <document> This is why Senator Lamar Alexander sacrificed his legacy for Donald Trump #URL# ></document>
    <document> Rush Limbaugh reveals that he's fighting advanced lung cancer #URL# via #USER# ></document>
    <document> Iowa Democratic Party reveals reason for lack of caucus results: ‘We have experienced a delay’ #URL# ></document>
    <document> Iowa Momentum Shifts in Final Frantic Hours #URL# via #USER# ></document>
    <document> Bernie Sanders goes on the attack, reviving memories of 2016 #URL# via #USER# ></document>
    <document> Republican Joni Ernst pledges to impeach Joe Biden if he’s elected #URL# ></document>
    <document> Trump Nightmare: Rebelling Ex-Aides Testify At Trial ></document>
    <document> Watch live: Senate impeachment trial of President Trump #URL# via #USER# ></document>
    <document> Senate votes down motion to consider witnesses in Trump impeachment trial #URL# ></document>
    <document> Republican Senators Laugh Off Trump Jr.’s Cry To Boot Romney From The Party #URL# via #USER# ></document>
    <document> Iowa Caucuses on the First Day of What’s Poised to be The Ugliest Democratic Primary Fight Ever #URL# via #USER# ></document>
    <document> Conservative demolishes Republicans over impeachment debacle: ‘I hope democracy survives — and the GOP does not’ #URL# ></document>
    <document> The Iowa caucus wasn't 'rigged' by an app. Democracy is just a bit undemocratic. #URL# via #USER# ></document>
    <document> Who Will Win the Super Bowl Ad Battle Between Trump and Bloomberg? #URL# via #USER# ></document>
    <document> LIVE: Iowa Caucus in the 2020 Democratic Primary - ABC News Live #URL# via #USER# ></document>
    <document> Watch: Fox &amp; Friends defends Trump wrongly claiming Super Bowl champs ‘represented the great state of Kansas’ #URL# ></document>
    <document> Nancy Pelosi explains why she ripped up Trump’s speech after State of the Union address #URL# ></document>
    <document> Conservative lays into senators for suggesting Trump learned his lesson: He has done ‘literally nothing’ to suggest… #URL# ></document>
    <document> McConnell's tactics could win the impeachment trial but lose him the Senate #URL# via #USER# ></document>
    <document> New Evidence Shows Pressure Campaign Started Earlier With Prior Ukraine Prez #URL# via #USER# ></document>
    <document> Rush Limbaugh says he has advanced lung cancer #URL# ></document>
    <document> Internet buries GOP lobbyist Matt Schlapp for insisting Trump was right about the Kansas City Chiefs #URL# ></document>
    <document> ‘It’s not over’: Washington Post editorial board calls on Congress to redouble oversight of Trump #URL# ></document>
    <document> “HELP!!!” Internal #HASHTAG# Emails Show Government Officials Panicked Over Trump’s “Doctored” Hurricane Map… #URL# ></document>
    <document> Block placed on email details about Trump hold on Ukraine aid: report #URL# ></document>
    <document> Trump lies about deadly coronavirus in Super Bowl interview: ‘We’ve pretty much shut it down’ #URL# ></document>
    <document> New study suggests Donald Trump’s ‘fake news’ attacks are backfiring #URL# ></document>
    <document> Senate Acquits Trump Leaving The Presidency Unbound And Unaccountable #URL# via #USER# ></document>
    <document> Leonard Pitts: Hillary Clinton was right about those ‘deplorables’, via #USER# #URL# ></document>
    <document> Nadler: We’ll ‘likely’ subpoena John Bolton even after the Senate votes to cover up Trump’s actions #URL# ></document>
    <document> Iowa Senator Joni Ernst says Republicans could immediately push to impeach Joe Biden over his work in Ukraine as vi… #URL# ></document>
    <document> Trump shares then deletes tweet praising Chiefs for representing 'Great State of Kansas' #URL# ></document>
    <document> Hours before Super Bowl, Bloomberg slams ‘pathological’ Trump for lying about obesity and ‘spray-on tan’ #URL# ></document>
    <document> Trump wins Iowa GOP caucuses #URL# ></document>
    <document> Republicans want to either rule America — or destroy it for everyone else: columnist #URL# ></document>
    <document> Trump impeachment trial live updates: Closing arguments ahead of acquittal vote  - ABC News - #URL# via #USER# ></document>
    <document> Watch: Fox &amp; Friends defends Trump wrongly claiming Super Bowl champs ‘represented the great state of Kansas’ #URL# ></document>
    <document> ‘Today the Republican Party has died’: Former GOP candidate burns party to the ground in scathing op-ed #URL# ></document>
    <document> WATCH LIVE: Trump’s impeachment trial resumes as both sides begin closing arguments #URL# ></document>
    <document> Trump reignites claim Mexico will be paying for his border wall: "Soon you will find out" #URL# ></document>
    <document> Here are 20 of the most racist things Rush Limbaugh has ever said #URL# ></document>
    <document> ‘Move for a mistrial’: Legal analyst says Adam Schiff must end Senate trial before GOP acquits Trump #URL# ></document>
    <document> 3 winners and 3 losers from the impeachment and acquittal of Donald Trump  #URL# via #USER# ></document>
    <document> The View’s Whoopi Goldberg challenges Meghan McCain to explain why Rush Limbaugh deserves Medal of Freedom #URL# ></document>
    <document> Bernie Bros mobs never went away after 2016 — just ask their victims #URL# via #USER# ></document>
    <document> Mitt Romney will vote to convict Donald Trump for abuse of power. “This has been the most difficult decision I have… #URL# ></document>
    <document> Biden says he will compete 'every step of the way' regardless of Iowa results #URL# ></document>
    <document> Trump congratulates Chiefs on Super Bowl win, praises Kansas, not Missouri #URL# via #USER# ></document>
    <document> Dershowitz: 'Any citizen' would find Ukraine quid pro quo 'troubling if it were proved' #URL# ></document>
    <document> ‘Triggered much?’ Donald Trump Jr. torn apart for pushing bogus claim that Pelosi can be jailed for ripping SOTU sp… #URL# ></document>
    <document> Here’s a roadmap for fixing the broken impeachment process: conservative columnist #URL# ></document>
    <document> Shakira &amp; J. Lo's FULL Pepsi Super Bowl LIV Halftime Show #URL# via #USER# ></document>
    <document> Joe Biden and Bernie Sanders are taking opposite paths to 2020 financial dominance in Pennsylvania #URL# ></document>
    <document> Trump Jr. says Romney 'should be expelled' from the GOP #URL# ></document>
    <document> Hannity Was Set To Play Early Role In Response To Impeachment Inquiry #URL# via #USER# ></document>
    <document> Rashida Tlaib walks back boos aimed at Hillary Clinton at event for Sanders' campaign - ABC News - #URL# via #USER# ></document>
    <document> The Trump Administration Just Declared Coronavirus A Public Health Emergency In The US #URL# via #USER# ></document>
  
</author>
<document> Pelosi: I can't participate in the NFL playoffs because I have a responsibility to "save our country from danger" #URL# </document>
    <document> Trump told blatant lies about Social Security during his speech at SOTU #URL# </document>
    <document> Swalwell calls Trump after video of the president during the national anthem #URL# </document>
    <document> Iowa caucus results delayed due to "inconsistencies" – Caucus updates #URL# via #USER# </document>
    <document> State of the Union: President Trump stretched and distorted facts about the economy and jobs #URL# via #USER# </document>
    <document>State of the Union fact check: What is true and what is false in Trump's address #URL# via #USER# </document>
    <document>Conservatives Demolish Republicans Over Impeachment Debacle: 'I Hope Democracy Survives, And The GOP Doesn't' #URL#></document>
    <document> What Happened - and What Didn't Happen - at the Iowa Caucuses #URL# ></document>
    <document> "Revenge is Coming": Rick Wilson Warns SOTU Will Be a "Seething Mass of Horrors" Once Trump is Absolved #URL# ></document>
    <document>Lindsey Graham addresses revolt from GOP lawmakers over plan to investigate whistleblower: WaPo reporter #URL# </document>
    <document> WATCH: Dershowitz says allegations against Trump are not impeachable. Many legal experts disagree with #URL# </document>
    <document> #HASHTAG# attacks do not help Bernie Sanders nor #URL# via #USER# </document>
    <document> Caucus 101: Learn more about the Nevada caucus #URL# </document>
    <document> Trump says Democrats don't care about red states, but can't remember which red state is home to a big city: editorial #URL# </document>
    <document> Here's everything you need to know about the upcoming Nevada presidential caucus #URL# via #USER# </document>
    <document> Susan Collins campaign is helped by a mysterious company in Hawaii #URL# via #USER# </document>
    <document> Ken Starr quotes DeflateGate during closing argument in Donald Trump impeachment trial #URL# </document>
    <document> Chris Matthews Expresses Concern: Democrats 'Need to Find' Candidate Who Can Beat Trump #URL# </document>
    <document> John Bolton refused to give a statement under oath during impeachment trial: Adam Schiff #URL# </document>
    <document> WATCH: Trump Fan Melts After Seeing Sign Calling President a 'Sexual Predator' #URL# ></document>
    <document> Fox News Host Grills Mayor Pete: How Can You Call Trump Racist After Super Bowl Commercial? #URL# via #USER# ></document>
    <document>"Vapid Propaganda": Fox Sports Faces Backlash From Fans After Sean Hannity Segment "Ruins" Super Bowl #URL#></document>
    <document> #USER# fact check filings in Wildwood, NJ requesting a #URL# fact check via #USER# </document>
    <document> Only a fraction of voters want to block witnesses in Trump's impeachment trial, but Republicans are likely to block... #URL# ></document>
    <document> Trump's acquittal in the impeachmentnt 'process' is a taste of the implosion of the American empire #URL# ></document>
    <document> AP FACT CHECK: Trump's State of the Union Address #URL# </document>
    <document>CDC tests three patients in New York for coronavirus: health officials #URL# </document>
    <document> Last day to qualify for $10K! #URL# </document>
    <document> Our final prediction for the Iowa caucuses #URL# </document>
    <document> Donald Trump Jr. calls for Mitt Romney to be expelled from GOP after Senator votes to convict President Trump #URL# ></document>
    <document> Big Bad Socialism? America already has very popular "socialist" programs - and even the Trump-worshipping right wing... #URL# ></document>
    <document> Trump moves closer to acquittal as spotlight shines on undecided #URL# </document>
    <document> Buttigieg has shown that he can put together a coalition that goes beyond the left. #URL# via #USER# ></document>
    <document> Undocumented immigrants pay millions of dollars in state taxes, even in the reddest states #URL# via #USER# </document>
    <document> Trump Impeachment: Fears Senate acquittal will give presidents far more power #URL# </document>
    <document> The Beat With Ari... #URL# via #USER# ></document>
    <document> Senator who voted against evidence leaves Chuck Todd speechless by recommending everyone read Bolton's book #URL# </document>
    <document>The View's Whoopi Goldberg challenges Meghan McCain to explain why Rush Limbaugh deserves the Medal of Freedom #URL# </document>
    <document>Sanders campaign blasts DNC debate rule change in bid to let Bloomberg "pick his way onto the stage" #URL#></document>
    <document> Iowa crowd goes wild when MSNBC's Mika denounces Joni Ernst as a "useful idiot" #URL# </document>
    <document> Romney's vote is more than symbolic #URL# via #USER# </document>
    <document> Big Bad Socialism? America already has very popular "socialist" programs - and even the Trump-worshipping right wing... #URL# ></document>
    <document> WHIP COUNT: Here are the Senators who voted for and against Trump's conviction in his impeachment trial... #URL# ></document>
    <document> This is why Senator Lamar Alexander sacrificed his legacy for Donald Trump #URL# </document>
    <document> Rush Limbaugh reveals he is battling advanced lung cancer #URL# via #USER# </document>
    <document> Iowa Democratic Party reveals reason for lack of caucus results: 'We've been delayed' #URL# </document>
    <document>Iowa's Momentum Changes in Final Frenzy Hours #URL# via #USER# </document>
    <document> Bernie Sanders goes on the attack, reviving 2016 memories #URL# via #USER# </document>
    <document>Republican Joni Ernst pledges to impeach Joe Biden if elected #URL# </document>
    <document>Trump's Nightmare: Former Rebel Aides Testify at Trial</document>
    <document> Watch Live: President Trump's Senate Impeachment Trial #URL# via #USER# </document>
    <document> Senate votes down motion to consider witnesses in Trump impeachment trial #URL#></document>
    <document> Republican senators laugh at Trump Jr.'s cry to remove Romney from party #URL# via #USER# </document>
    <document> Iowa Caucus on the first day of what should be the ugliest Democratic primary battle ever #URL# via #USER# </document>
    <document>Conservatives Demolish Republicans Over Impeachment Debacle: 'I Hope Democracy Survives, And The GOP Doesn't' #URL#></document>
    <document> The Iowa caucus was not "rigged" by an app. Democracy is just a little undemocratic. #URL# via #USER# ></document>
    <document> Who will win the Super Bowl ad battle between Trump and Bloomberg? #URL# via #USER# ></document>
    <document> LIVE: Iowa Caucus in 2020 Democratic Primary - ABC News Live #URL# via #USER# </document>
    <document> Watch: Fox &amp; Friends defends Trump by falsely claiming Super Bowl champions "represented the great state of Kansas" #URL# ></document>
    <document> Nancy Pelosi explains why she tore up Trump's speech after the State of the Union address #URL# </document>
    <document> Conservative Slams Senators For Suggesting Trump Learned Lesson: He Did "Literally Nothing" To Suggest... #URL# ></document>
    <document> McConnell's tactics could win impeachment trial but lose him Senate #URL# via #USER# </document>
    <document> New evidence shows pressure campaign started earlier with former Prez Ukraine #URL# via #USER# </document>
    <document> Rush Limbaugh says he has advanced stage lung cancer #URL# </document>
    <document> The Internet Buries GOP Lobbyist Matt Schlapp For Insisting Trump Was Right About The Kansas City Chiefs #URL# </document>
    <document> "It's Not Over": Washington Post Editorial Board Asks Congress to Double Oversight of Trump #URL# </document>
    <document> “HELP!!!” Internal #HASHTAG# emails show government officials panicking over Trump's "faked" hurricane map... #URL# ></document>
    <document> Block placed on email details of Trump suspension on Ukraine aid: report #URL# </document>
    <document> Trump lies about deadly coronavirus in Super Bowl interview: 'We basically shut it down' #URL# </document>
    <document> Donald Trump's "fake news" attacks are backfiring #URL# </document>, new study suggests
    <document> Senate acquits Trump leaving Presidency free and irresponsible #URL# via #USER# </document>
    <document> Leonard Pitts: Hillary Clinton was right about those "deplorables", via #USER# #URL# </document>
    <document> Nadler: We will "probably" sue John Bolton after Senate vote to cover up Trump's actions #URL# </document>
    <document> Iowa Senator Joni Ernst says Republicans could push immediately to impeach Joe Biden for his work in Ukraine as you... #URL# ></document>
    <document> Trump shares then deletes tweet praising Chiefs for representing the "Great State of Kansas" #URL# </document>
    <document> Hours before the Super Bowl, Bloomberg accuses Trump "pathological" for lying about obesity and "spray tan" #URL# ></document>
    <document> Trump wins Iowa GOP caucuses #URL# </document>
    <document>Republicans want to rule America or destroy it for everyone else: columnist #URL# </document>
    <document> Live Updates on Trump Impeachment Trial: Closing Arguments Before Absolution Vote - ABC News - #URL# via #USER# </document>
    <document> Watch: Fox &amp; Friends defends Trump by falsely claiming Super Bowl champions "represented the great state of Kansas" #URL# ></document>
    <document>"GOP is dead today": Former GOP nominee razes party in scathing op-ed #URL#></document>
    <document> WATCH LIVE: Trump Impeachment Trial Resumes as Both Sides Begin to Shut Down Discussions #URL# </document>
    <document> Trump rekindles claim that Mexico will pay for its border wall: 'You'll find out soon' #URL# ></document>
    <document> Here are the 20 most racist things Rush Limbaugh has ever said #URL# </document>
    <document> 'Misjudicial move': Legal analyst says Adam Schiff must end Senate trial before GOP acquits Trump #URL# ></document>
    <document> 3 winners and 3 losers from the impeachment and acquittal of Donald Trump #URL# via #USER# </document>
    <document>The View's Whoopi Goldberg challenges Meghan McCain to explain why Rush Limbaugh deserves the Medal of Freedom #URL# </document>
    <document> Bernie Bros mobs never disappeared after 2016 — just ask their victims #URL# via #USER# </document>
    <document> Mitt Romney to vote to convict Donald Trump of abuse of power. "This was the hardest decision I made... #URL# ></document>
    <document> Biden says he will compete "every step of the way" regardless of Iowa results #URL# </document>
    <document> Trump congratulates Chiefs on Super Bowl win, praises Kansas, not Missouri #URL# via #USER# </document>
    <document> Dershowitz: "Any citizen" would find Ukraine quid pro quo "worrying if proven" #URL# ></document>
    <document> "Activated a lot?" Donald Trump Jr. Smashed For Pushing Bogus Claim Pelosi May Be Jailed For Copying SOTU Sp... #URL# ></document>
    <document> Here's a roadmap for fixing the disrupted impeachment trial: Conservative columnist #URL# </document>
    <document> Shakira &amp; J. Lo's FULL Pepsi Super Bowl LIV Halftime Show #URL# via #USER# </document>
    <document> Joe Biden and Bernie Sanders are taking opposite paths to 2020 financial dominance in Pennsylvania #URL# </document>
    <document> Trump Jr. says Romney 'should be kicked out' of GOP #URL# </document>
    <document> Hannity was to play an initial role in response to impeachment request #URL# via #USER# </document>
    <document> Rashida Tlaib responds to Hillary Clinton boos at Sanders campaign event - ABC News - #URL# via #USER# ></document>
    <document> The Trump administration just declared the coronavirus to be public HeMedical Emergency in the United States #URL# via #USER# ></document>
  
</author><document> Pelosi: Cannot attend NFL playoff game because I am responsible for "saving our country from danger" #URL# ></document>
    <Document> Trump told blatant lies about Social Security during his SOTU address #URL# ></document>
    <Document> Swalwell calls out Trump for a video of the President during the national anthem #URL# ></document>
    <document> Iowa Caucuses results delayed due to "inconsistencies" - Caucus updated #URL# via #USER# ></document>
    <Document> State of the Union: President Trump has stretched and distorted facts about economy, jobs, #URL# via #USER# ></document>
    <Document> State of the Union fact check: What's true and what's false about Trump's address #URL# via #USER# ></document>
    <Document> Conservative demolishes Republican over impeachment debacle: "I hope democracy survives - and GOP doesn't" #URL# ></document>
    <document> What Got - and What Didn't - Go Down in the Iowa Caucuses? #URL# ></document>
    <document> "Vengeance is coming": Rick Wilson warns that SOTU will be a "seething mass of terror" once Trump is acquitted #URL# ></document>
    <Document> Lindsey Graham faces revolt from GOP MPs over plan to probe whistleblowers: WaPo reporter #URL# ></document>
    <Document> WATCH: Dershowitz says charges against Trump are non-appealable. Many legal experts disagree with #URL# ></document>
    <document> The #HASHTAG# attacks don't help Bernie Sanders. Either #URL# via #USER# ></document>
    <document> Caucus 101: Learn about the Nevada Caucus #URL# ></document>
    <Document> Trump says Dems don't care about red states - but he can't remember which red state is home to a major city: op-ed #URL# ></document>
    <document> Here's everything you need to know about Nevada's upcoming presidential election #URL# via #USER# ></document>
    <Document> Susan Collins' campaign is being sponsored by a mysterious Hawaiian company #URL# via #USER# ></document>
    <document> Ken Starr mentions DeflateGate during the closing argument of Donald Trump's impeachment trial #URL# ></document>
    <document> Chris Matthews expresses concern: Democrats "need" to find a candidate who can beat Trump #URL# ></document>
    <Document> John Bolton refused to testify under oath during impeachment trial: Adam Schiff #URL# ></Document>
    <document> WATCH: Trump fan melts after seeing sign calling president a 'sexual predator' #URL# ></document>
    <document> Fox News host grills Mayor Pete: How can you call Trump racist after Super Bowl ad? #URL# via #USER# ></document>
    <document> "Vapid propaganda": Fox Sports faces fan backlash after Sean Hannity "ruins" the Super Bowl #URL# ></document>
    <Document> fact-check statements by #USER# in Wildwood, NJ that required a fact-check #URL# about #USER# ></document>
    <Document> Only a fraction of voters want to block witnesses in Trump's impeachment trial - but Republicans are likely to block... #URL# ></document>
    <Document> Trump's acquittal in the Impeachment "trial" is a glimpse of America's imploding empire #URL# ></document>
    <Document> AP FACT CHECK: Trump's claims in his State of Union address #URL# ></document>
    <Document> CDC tests three NYC patients for coronavirus: health officials #URL# ></Document>
    <document> The last day to qualify for $10,000! #URL# ></document>
    <document> Our final prognosis for the Iowa caucuses #URL# ></document>
    <Document> Donald Trump Jr. calls for Mitt Romney to be expelled from GOP after Senator votes to condemn President Trump #URL# ></document>
    <Document> Big Bad Socialism? America already has very popular “socialist” programs – and even Trump-worshipping far right… #URL# ></document>
    <document> Trump faces acquittal as undecided take center stage #URL# ></document>
    <Document> Buttigieg has proven he can build a coalition that extends beyond the left. #URL# via #USER# ></document>
    <Document> Undocumented immigrants pay millions of dollars in state taxes — even in the reddest states #URL# via #USER# ></document>
    <document> Trump's impeachment trial: Fears Senate acquittal will give Presidents far more power #URL# ></document>
    <Document> The Beat With Ari... #URL# via #USER# ></document>
    <document> Senator who rejected evidence leaves Chuck Todd speechless by recommending everyone read Bolton's book #URL# ></document>
    <Document> The View's Whoopi Goldberg challenges Meghan McCain to explain why Rush Limbaugh deserves the Medal of Freedom #URL# ></document>
    <document> Sanders' campaign alleges a change in DNC debate rules to let Bloomberg "buy his way onto the stage" #URL# ></document>
    <document> Crowds go wild in Iowa as MSNBC's Mika denounces Joni Ernst as a "useful jerk" #URL# ></document>
    <Document> Romney's vote is more than symbolic #URL# via #USER# ></document>
    <Document> Big Bad Socialism? America already has very popular “socialist” programs – and even Trump-worshipping far right… #URL# ></document>
    <document> WHIP COUNT: Here are the senators who voted for and against convicting Trump in his impeachment trial... #URL# ></document>
    <document> That's why Senator Lamar Alexander sacrificed his legacy for Donald Trump #URL# ></document>
    <Document> Rush Limbaugh announces he is battling advanced lung cancer #URL# via #USER# ></document>
    <Document> The Iowa Democratic Party announces the reason for the lack of caucus results: "We have experienced a delay" #URL# ></document>
    <document> Iowa momentum shifts in recent hectic hours #URL# via #USER# ></document>
    <document> Bernie Sanders attacks and brings back memories of 2016 #URL# via #USER# ></document>
    <Document> Republican Joni Ernst promises to impeach Joe Biden if elected #URL# ></Document>
    <document> Trump Nightmare: Rebellious ex-helpers testify in court ></document>
    <Document> Watch Live: Senate Impeachment Trial Against President Trump #URL# via #USER# ></document>
    <Document> Votes in the Senate dSelf-proposal to consider witnesses in Trump's impeachment trial #URL# ></document>
    <Document> Republican senators laugh at Trump Jr.'s cry to kick Romney out of the party #URL# via #USER# ></document>
    <document> Iowa caucuses on day one of what is likely to be the ugliest Democratic primary ever #URL# via #USER# ></document>
    <Document> Conservative demolishes Republican over impeachment debacle: "I hope democracy survives - and GOP doesn't" #URL# ></document>
    <Document> The Iowa caucus was not "rigged" by an app. Democracy is just a bit undemocratic. #URL# via #USER# ></document>
    <document> Who Will Win the Super Bowl Ad Battle Between Trump and Bloomberg? #URL# via #USER# ></document>
    <Document> LIVE: Iowa Caucus in the 2020 Democratic Primary – ABC News Live #URL# via #USER# ></document>
    <Document> PM: Fox &amp; Friends defends Trump by falsely claiming Super Bowl champions "represent the great state of Kansas" #URL# ></document>
    <Document> Nancy Pelosi explains why she ripped up Trump's speech after State of the Union address #URL# ></Document>
    <document> Conservative is suing senators for claiming Trump has learned his lesson: He did "literally nothing" to propose... #URL# ></document>
    <document> McConnell's tactics could win the impeachment trial but lose him the Senate's #URL# via #USER# ></document>
    <document> New evidence shows that the print campaign started earlier with the previous Ukraine Prez #URL# via #USER# ></document>
    <document> Rush Limbaugh says he has advanced lung cancer #URL# ></document>
    <Document> The internet buries GOP lobbyist Matt Schlapp for insisting Trump was right about the Kansas City Chiefs #URL# ></Document>
    <Document> 'It's Not Over Yet': Washington Post editorial board urges Congress to double down on Trump oversight #URL# ></document>
    <Document> "HELP!!!" Internal #HASHTAG# emails reveal government officials panicked over Trump's "corrected" hurricane map... #URL# ></document>
    <Document> Blocking of email details about Trump's withholding of aid to Ukraine: Report #URL# ></Document>
    <Document> Trump lies in Super Bowl interview about deadly coronavirus: 'We pretty much shut it down' #URL# ></document>
    <document> New study suggests Donald Trump's 'fake news' attacks backfire #URL# ></document>
    <Document> Senate Acquits Trump to Leave Presidency Unbound and Unaccountable #URL# via #USER# ></document>
    <Document> Leonard Pitts: Hillary Clinton was right about these "unfortunate ones," via #USER# #URL# ></document>
    <document> Nadler: We'll "probably" subpoena John Bolton even after the Senate votes to cover up Trump's actions #URL# ></document>
    <document> Iowa Senator Joni Ernst says Republicans may immediately push to impeach Joe Biden over his work in Ukraine as vi... #URL# ></document>
    <Document> Trump shares and then deletes the tweet praising the Chiefs for representing the "Great State of Kansas" #URL# ></document>
    <Document> hours before Super Bowl, Bloomberg criticizes the 'pathological' Trump for lying about obesity and 'spray tanning' #URL# ></document>
    <Document> Trump Wins Iowa GOP Caucuses #URL# ></document>
    <Document> Republicans either want to rule America – or destroy it for everyone else: Columnist #URL# ></Document>
    <Document> Trump Impeachment Trial Live Updates: Closing Arguments Before Acquittal - ABC News - #URL# via #USER# ></document>
    <Document> PM: Fox &amp; Friends defends Trump by falsely claiming Super Bowl champions "represent the great state of Kansas" #URL# ></document>
    <Document> 'Today the Republican Party Died': Former GOP nominee burns party down in scathing comment #URL# ></Document>
    WATCH <document> LIVE: Trump's impeachment trial continues as both sides begin closing arguments #URL# ></document>
    <document> Trump reignites claims that Mexico will pay for its border wall: "Soon you'll find out" #URL# ></document>
    <document> Here are 20 of the most racist things Rush Limbaugh has ever said #URL# ></document>
    <document> 'Move for a mistrial': Legal analyst says Adam Schiff must complete Senate trial before GOP acquits Trump #URL# ></document>
    <Document> 3 winners and 3 losers in the impeachment and acquittal of Donald Trump #URL# via #USER# ></document>
    <Document> The View's Whoopi Goldberg challenges Meghan McCain to explain why Rush Limbaugh deserves the Medal of Freedom #URL# ></document>
    <document> Bernie Bros mobs never went away after 2016 - just ask their victims #URL# via #USER# ></document>
    <Document> Mitt Romney will vote to condemn Donald Trump for abuse of power. "That was the hardest decision I've ever made... #URL# ></document>
    <document> Biden says he will compete "every step of the way" regardless of the Iowa results #URL# ></document>
    <document> Trump congratulates Chiefs on Super Bowl win, praises Kansas, not Missouri #URL# via #USER# ></document>
    <Document> Dershowitz: "Any citizen" would find Ukraine's quid pro quo "disturbing if proven" #URL# ></document>
    <Document> “Triggered a lot?” Donald Trump Jr. torn for making false claim that Pelosi can be jailed for ripping SOTU sp… #URL# ></document>
    <Document> Here's a roadmap to fixing the failed impeachment trial: Conservative Columnist #URL# ></Document>
    <Document> Shakira &amp; J.Lo's FULL Pepsi Super Bowl LIV Halftime Show #URL# via #USER# ></document>
    <document> Joe Biden and Bernie Sanders take opposite paths to financial dominance in Pennsylvania in 2020 #URL# ></document>
    <Document> Trump Jr. Says Romney "should be expelled from the GOP" #URL# ></Document>
    <document> Hannity should play an early role in responding to the impeachment request #URL# via #USER# ></document>
    <Document> Rashida Tlaib returns boos at Hillary Clinton at event for Sanders' campaign - ABC News - #URL# via #USER# ></document>
    <Document> The Trump administration has just declared the coronavirus a public healthalth stats in the US #URL# via #USER# ></document>
  
</author>