
  
    <document> The breakup phone cleanse: How we move on in a digital world #URL# ></document>
    <document> 'Harry Potter: Hogwarts Mystery' let's you live your Hogwarts dreams #URL# ></document>
    <document> Amazon is giving Alexa a kid-friendly personality #URL# ></document>
    <document> Get an Instant Pot on sale for just $56, which is a *great* deal #URL# ></document>
    <document> OnePlus 6 will be unveiled in all of its glory on May 16 #URL# ></document>
    <document> Amazon is giving Alexa a kid-friendly personality #URL# ></document>
    <document> Mercedes-Maybach concept car is electric, ultra-luxurious, and ready for tea time #URL# ></document>
    <document> Save $100 on an iPad mini 4 at Walmart #URL# ></document>
    <document> How to get your hands on 'God of War' and limited edition merchandise #URL# ></document>
    <document> This robot pizza company's delivery trucks can now bake 120 pizzas per hour #URL# ></document>
    <document> 'Black Mirror' has taken a part of London into the 1980s #URL# ></document>
    <document> Student artist installs 'cry closet' at university library #URL# ></document>
    <document> Referee apologises for missing handball, instantly becomes meme #URL# ></document>
    <document> Referee apologises for missing handball, instantly becomes meme #URL# ></document>
    <document> Watch space dust shoot around a comet as it tumbles through our solar system #URL# ></document>
    <document> It's National DNA Day, which means AncestryDNA, 23andMe, Living DNA, and more are on sale #URL# ></document>
    <document> You might enjoy 'Infinity War' more if you're not a hardcore Marvel fan #URL# ></document>
    <document> How to get your hands on 'God of War' and limited edition merchandise #URL# ></document>
    <document> 'Coco' and more of what's coming to Netflix in May #URL# ></document>
    <document> All the very weird stuff you need to start an 'oddly satisfying' Instagram account #URL# ></document>
    <document> This robot pizza company's delivery trucks can now bake 120 pizzas per hour #URL# ></document>
    <document> Listen up: Lots of Bose headphones are currently on sale #URL# ></document>
    <document> People are horny as hell for the new 'Venom' trailer #URL# ></document>
    <document> Listen up: Lots of Bose headphones are currently on sale #URL# ></document>
    <document> 5 easy ways to clean your tech products #URL# ></document>
    <document> Highly resourceful woman has the wildest birth story of all time #URL# ></document>
    <document> Here's why the alt-right loves Kanye West #URL# ></document>
    <document> Watch space dust shoot around a comet as it tumbles through our solar system #URL# ></document>
    <document> It's National DNA Day, which means AncestryDNA, 23andMe, Living DNA, and more are on sale #URL# ></document>
    <document> The Ultimate Lego Millennium Falcon is back in stock for Amazon Prime members only #URL# ></document>
    <document> 'Simpsons' actor Hank Azaria said he's ready to step aside as Apu #URL# ></document>
    <document> Google gun emoji becomes water pistol #URL# ></document>
    <document> Why does everyone who's ever ghosted me still watch my Instagram Stories? #URL# ></document>
    <document> This robot pizza company's delivery trucks can now bake 120 pizzas per hour #URL# ></document>
    <document> Here&amp;#HASHTAG#;s why you&amp;#HASHTAG#;re getting all those terms of service update emails #URL# ></document>
    <document> Mercedes-Maybach concept car is electric, ultra-luxurious, and ready for tea time #URL# ></document>
    <document> Referee apologises for missing handball, instantly becomes meme #URL# ></document>
    <document> 2-year-old drummer is way, way too good at his instrument #URL# ></document>
    <document> 'Coco' and more of what's coming to Netflix in May #URL# ></document>
    <document> Mark Ruffalo shares the time Disney yelled at him for 'Thor: Ragnarok' spoilers #URL# ></document>
    <document> Everyone (except Microsoft) is using the water pistol emoji now #URL# ></document>
    <document> Amazon is giving Alexa a kid-friendly personality #URL# ></document>
    <document> Google's big Gmail update makes your inbox smarter and more secure #URL# ></document>
    <document> Google's big Gmail update makes your inbox smarter and more secure #URL# ></document>
    <document> WhatsApp is banning teens under 16 in Europe ahead of privacy law changes #URL# ></document>
    <document> People are horny as hell for the new 'Venom' trailer #URL# ></document>
    <document> 5 easy ways to clean your tech products #URL# ></document>
    <document> For your entertainment, a long list of the funniest yearbook quotes #URL# ></document>
    <document> The breakup phone cleanse: How we move on in a digital world #URL# ></document>
    <document> 'Harry Potter: Hogwarts Mystery' let's you live your Hogwarts dreams #URL# ></document>
    <document> The 'big story coming' tweets need to end #URL# ></document>
    <document> For your entertainment, a long list of the funniest yearbook quotes #URL# ></document>
    <document> OnePlus 6 will be unveiled in all of its glory on May 16 #URL# ></document>
    <document> The 'big story coming' tweets need to end #URL# ></document>
    <document> It's National DNA Day, which means AncestryDNA, 23andMe, Living DNA, and more are on sale #URL# ></document>
    <document> Here&amp;#HASHTAG#;s why you&amp;#HASHTAG#;re getting all those terms of service update emails #URL# ></document>
    <document> The breakup phone cleanse: How we move on in a digital world #URL# ></document>
    <document> Fancy a French farm for free? #URL# ></document>
    <document> How to get your hands on 'God of War' and limited edition merchandise #URL# ></document>
    <document> Mark Ruffalo shares the time Disney yelled at him for 'Thor: Ragnarok' spoilers #URL# ></document>
    <document> Pets with human names deserve their time to shine #URL# ></document>
    <document> Congrats to Ben Platt on joining John Krasinski and Emily Blunt's marriage #URL# ></document>
    <document> Subscription service Setapp is aiming to become the Netflix for Mac apps #URL# ></document>
    <document> John Travolta is unrecognizable as stalker in Fred Durst movie 'Moose' #URL# ></document>
    <document> Here's why the alt-right loves Kanye West #URL# ></document>
    <document> Amazon daily deals for Wednesday, April 25: Instant Pots, Bose headphones, AncestryDNA kits… #URL# ></document>
    <document> Here's why the alt-right loves Kanye West #URL# ></document>
    <document> Mark Ruffalo shares the time Disney yelled at him for 'Thor: Ragnarok' spoilers #URL# ></document>
    <document> 'Black Mirror' has taken a part of London into the 1980s #URL# ></document>
    <document> 9 drunk shopping purchases that you'll feel good about in the morning #URL# ></document>
    <document> Galileo: UK plan to launch rival to EU sat-nav system #URL# ></document>
    <document> WhatsApp is banning teens under 16 in Europe ahead of privacy law changes #URL# ></document>
    <document> BuzzFeed partners with Netflix for documentary series #URL# ></document>
    <document> Google's big Gmail update makes your inbox smarter and more secure #URL# ></document>
    <document> 'Coco' and more of what's coming to Netflix in May #URL# ></document>
    <document> 2-year-old drummer is way, way too good at his instrument #URL# ></document>
    <document> Watch space dust shoot around a comet as it tumbles through our solar system #URL# ></document>
    <document> The 'big story coming' tweets need to end #URL# ></document>
    <document> Here&amp;#HASHTAG#;s why you&amp;#HASHTAG#;re getting all those terms of service update emails #URL# ></document>
    <document> All the very weird stuff you need to start an 'oddly satisfying' Instagram account #URL# ></document>
    <document> Google's Gmail gets self-destruct option ahead of GDPR #URL# ></document>
    <document> TSB is 'up and running' - for some #URL# ></document>
    <document> You might enjoy 'Infinity War' more if you're not a hardcore Marvel fan #URL# ></document>
    <document> Tensions are rising in 'Dear White People' Volume 2 trailer #URL# ></document>
    <document> 9 drunk shopping purchases that you'll feel good about in the morning #URL# ></document>
    <document> 'Black Mirror' has taken a part of London into the 1980s #URL# ></document>
    <document> 9 drunk shopping purchases that you'll feel good about in the morning #URL# ></document>
    <document> Everyone (except Microsoft) is using the water pistol emoji now #URL# ></document>
    <document> The Ultimate Lego Millennium Falcon is back in stock for Amazon Prime members only #URL# ></document>
    <document> Save $100 on an iPad mini 4 at Walmart #URL# ></document>
    <document> 'Harry Potter: Hogwarts Mystery' let's you live your Hogwarts dreams #URL# ></document>
    <document> Amazon Alexa to reward kids who say: 'Please' #URL# ></document>
    <document> Congrats to Ben Platt on joining John Krasinski and Emily Blunt's marriage #URL# ></document>
    <document> Amazon daily deals for Wednesday, April 25: Instant Pots, Bose headphones, AncestryDNA kits… #URL# ></document>
    <document> For your entertainment, a long list of the funniest yearbook quotes #URL# ></document>
    <document> WhatsApp is banning teens under 16 in Europe ahead of privacy law changes #URL# ></document>
    <document> 5 easy ways to clean your tech products #URL# ></document>
    <document> Mercedes-Maybach concept car is electric, ultra-luxurious, and ready for tea time #URL# ></document>
    <document> 'Avengers: Infinity War' cast play a hilariously awkward guessing game #URL# ></document>
    <document> Pets with human names deserve their time to shine #URL# ></document>
  
</author>
<document> Cleaning Up Your Phone After a Breakup: How We Get Along in a Digital World #URL# </document>
    <document> 'Harry Potter: Hogwarts Mystery' lets you live out your Hogwarts dreams #URL# </document>
    <document> Amazon is giving Alexa a kid-friendly personality #URL# ></document>
    <document> Get an Instant Pot on sale for just $56, which is a *great* deal #URL# </document>
    <document> OnePlus 6 will be unveiled in all its glory on May 16 #URL# </document>
    <document> Amazon is giving Alexa a kid-friendly personality #URL# ></document>
    <document>Mercedes-Maybach concept car is electric, ultra-luxurious and ready for tea time #URL# </document>
    <document> Save $100 on an iPad mini 4 at Walmart #URL# </document>
    <document> How to Get Your Hands on "God of War" and Limited Edition Merchandise #URL# </document>
    <document> Robot pizza company's delivery vans can now cook 120 pizzas per hour #URL# </document>
    <document> 'Black Mirror' brought a part of London into the 80s #URL# </document>
    <document> Student artist installs 'cry closet' in university library #URL# </document>
    <document> Referee apologizes for missing handball, immediately becomes meme #URL# </document>
    <document> Referee apologizes for missing handball, immediately becomes meme #URL# </document>
    <document> Watch space dust shoot around a comet as it rolls through our solar system #URL# </document>
    <document>It's National DNA Day, which means AncestryDNA, 23andMe, Living DNA, and more are up for sale #URL# </document>
    <document> You may like 'Infinity War' more if you're not a die-hard Marvel fan #URL# </document>
    <document> How to Get Your Hands on "God of War" and Limited Edition Merchandise #URL# </document>
    <document> 'Coco' and more on Netflix in May #URL# </document>
    <document> All the Very Weird Things You Need to Start an "Eerily Satisfying" Instagram Account #URL# </document>
    <document> Robot pizza company's delivery vans can now cook 120 pizzas per hour #URL# </document>
    <document> Listen: Many Bose headphones are currently for sale #URL# </document>
    <document>People are horny as hell about new 'Venom' trailer #URL# </document>
    <document> Listen: Many Bose headphones are currently for sale #URL# </document>
    <document> 5 Easy Ways to Clean Your Tech Products #URL# </document>
    <document> A very enterprising woman has the craziest birth story of all time #URL# </document>
    <document> That's why the alt-right loves Kanye West #URL# </document>
    <document> Watch space dust shoot around a comet as it rolls through our solar system #URL# </document>
    <document>It's National DNA Day, which means AncestryDNA, 23andMe, Living DNA, and more are up for sale #URL# </document>
    <document> The latest Lego Millennium Falcon is available again only for Amazon Prime members #URL# </document>
    <document> 'Simpsons' actr Hank Azaria said he is ready to step down as Apu #URL#></document>
    <document> Google Pistol Emoji becomes a water pistol #URL# </document>
    <document> Why does everyone who ghosted me still watch my Instagram Stories? #URL# </document>
    <document> Robot pizza company's delivery vans can now cook 120 pizzas per hour #URL# </document>
    <document> Here's&amp;#HASHTAG#;why&amp;#HASHTAG#;you get all those #URL# terms of service update emails </document>
    <document>Mercedes-Maybach concept car is electric, ultra-luxurious and ready for tea time #URL# </document>
    <document> Referee apologizes for missing handball, immediately becomes meme #URL# </document>
    <document> The 2-year-old drummer is way too good with his instrument #URL# </document>
    <document> 'Coco' and more on Netflix in May #URL# </document>
    <document> Mark Ruffalo shares the moment Disney yelled at him over 'Thor: Ragnarok' spoilers #URL# </document>
    <document> Everyone (except Microsoft) now uses the #URL# </document> water gun emoji
    <document> Amazon is giving Alexa a kid-friendly personality #URL# ></document>
    <document> Google's big Gmail update makes your inbox smarter and more secure #URL# </document>
    <document> Google's big Gmail update makes your inbox smarter and more secure #URL# </document>
    <document> WhatsApp bans teenagers under 16 in Europe ahead of privacy law changes #URL# </document>
    <document>People are horny as hell about new 'Venom' trailer #URL# </document>
    <document> 5 Easy Ways to Clean Your Tech Products #URL# </document>
    <document> For your entertainment, a long list of the funniest quotes from the yearbook #URL# </document>
    <document> Cleaning Up Your Phone After a Breakup: How We Get Along in a Digital World #URL# </document>
    <document> 'Harry Potter: Hogwarts Mystery' lets you live out your Hogwarts dreams #URL# </document>
    <document> 'Big story coming' tweets must end with #URL# </document>
    <document> For your entertainment, a long list of the funniest quotes from the yearbook #URL# </document>
    <document> OnePlus 6 will be unveiled in all its glory on May 16 #URL# </document>
    <document> 'Big story coming' tweets must end with #URL# </document>
    <document>It's National DNA Day, which means AncestryDNA, 23andMe, Living DNA, and more are up for sale #URL# </document>
    <document> Here's&amp;#HASHTAG#;why&amp;#HASHTAG#;you get all those #URL# terms of service update emails </document>
    <document> Cleaning Up Your Phone After a Breakup: How We Get Along in a Digital World #URL# </document>
    <document> Fancy a free French farmhouse? #URL# </document>
    <document> How to Get Your Hands on "God of War" and Limited Edition Merchandise #URL# </document>
    <document> Mark Ruffalo shares the moment Disney yelled at him over 'Thor: Ragnarok' spoilers #URL# </document>
    <document> Animals with human names deserve their time to shine #URL# </docuchin>
    <document>Congratulations to Ben Platt on joining John Krasinski and Emily Blunt's wedding #URL# </document>
    <document> Subscription service Setapp aims to become the Netflix app for Mac #URL# </document>
    <document> John Travolta is unrecognizable as a stalker in the Fred Durst film "Moose" #URL# ></document>
    <document> That's why the alt-right loves Kanye West #URL# </document>
    <document>Amazon Daily Deals Wednesday April 25th: Instant Pots, Bose Headphones, AncestryDNA Kits... #URL# ></document>
    <document> That's why the alt-right loves Kanye West #URL# </document>
    <document> Mark Ruffalo shares the moment Disney yelled at him over 'Thor: Ragnarok' spoilers #URL# </document>
    <document> 'Black Mirror' brought a part of London into the 80s #URL# </document>
    <document> 9 drunk purchases you'll feel good about in the morning #URL# </document>
    <document> Galileo: UK plans to launch rival to EU satellite navigation system #URL# </document>
    <document> WhatsApp bans teenagers under 16 in Europe ahead of privacy law changes #URL# </document>
    <document> BuzzFeed collaborates with Netflix on the documentary series #URL# </document>
    <document> Google's big Gmail update makes your inbox smarter and more secure #URL# </document>
    <document> 'Coco' and more on Netflix in May #URL# </document>
    <document> The 2-year-old drummer is way too good with his instrument #URL# </document>
    <document> Watch space dust shoot around a comet as it rolls through our solar system #URL# </document>
    <document> 'Big story coming' tweets must end with #URL# </document>
    <document> Here's&amp;#HASHTAG#;why&amp;#HASHTAG#;you get all those #URL# terms of service update emails </document>
    <document> All the Very Weird Things You Need to Start an "Eerily Satisfying" Instagram Account #URL# </document>
    <document> Google Gmail gets self-destruct option before GDPR #URL# </document>
    <document> TSB is 'up and running' - for some #URL# </document>
    <document> You may like 'Infinity War' more if you're not a die-hard Marvel fan #URL# </document>
    <document> Tensions are rising in trailer for volume 2 of 'Dear White People' #URL# </document>
    <document> 9 drunk purchases you'll feel good about in the morning #URL# </document>
    <document> 'Black Mirror' brought a part of London into the 80s #URL# </document>
    <document> 9 drunk purchases you'll feel good about in the morning #URL# </document>
    <document> Everyone (except Microsoft) now uses the #URL# </document> water gun emoji
    <document> The latest Lego Millennium Falcon is available again only for Amazon Prime members #URL# </document>
    <document> Save $100 on an iPad mini 4 at Walmart #URL# </document>
    <document> 'Harry Potter: Hogwarts Mystery' lets you live out your Hogwarts dreams #URL# </document>
    <document> Amazon Alexa rewards childrenwhich say: "Please" #URL# ></document>
    <document>Congratulations to Ben Platt on joining John Krasinski and Emily Blunt's wedding #URL# </document>
    <document>Amazon Daily Deals Wednesday April 25th: Instant Pots, Bose Headphones, AncestryDNA Kits... #URL# ></document>
    <document> For your entertainment, a long list of the funniest quotes from the yearbook #URL# </document>
    <document> WhatsApp bans teenagers under 16 in Europe ahead of privacy law changes #URL# </document>
    <document> 5 Easy Ways to Clean Your Tech Products #URL# </document>
    <document>Mercedes-Maybach concept car is electric, ultra-luxurious and ready for tea time #URL# </document>
    <document> 'Avengers: Infinity War' Cast Plays Hilarious Guessing Game #URL# </document>
    <document> Pets with human names deserve their time to shine #URL# </document>
  
</author><document> The breakup phone cleanse: How we move on in a digital world #URL# ></document>
    <document> Harry Potter: Hogwarts Mystery lets you live your Hogwarts dreams #URL# ></document>
    <document> Amazon gives Alexa a kid-friendly personality #URL# ></document>
    <document> Get an Instant Pot on sale for only $56 which is a *great* deal #URL# ></document>
    <document> OnePlus 6 will be unveiled in all its glory on May 16th #URL# ></document>
    <document> Amazon gives Alexa a kid-friendly personality #URL# ></document>
    <document> Mercedes-Maybach concept car is electric, ultra-luxe and ready for tea time #URL# ></document>
    <document> Save $100 on an iPad mini 4 at Walmart #URL# ></document>
    <document> How to get God of War and limited edition merchandise #URL# ></document>
    <document> This robotic pizza company's delivery trucks can now bake 120 pizzas per hour #URL# ></document>
    <document> Black Mirror took part of London back to the 1980s #URL# ></document>
    <document> Student artist installs "Howling Closet" at University Library #URL# ></document>
    <Document> Referee apologizes for missing handball, immediately becomes a meme #URL# ></document>
    <Document> Referee apologizes for missing handball, immediately becomes a meme #URL# ></document>
    <document> Watch space dust swirl around a comet as it tumbles through our solar system #URL# ></document>
    <document> It's National DNA Day, which means AncestryDNA, 23andMe, Living DNA and more are on sale #URL# ></document>
    <document> You might like Infinity War better if you're not a die-hard Marvel fan #URL# ></document>
    <document> How to get God of War and limited edition merchandise #URL# ></document>
    <document> Coco and more from Netflix in May #URL# ></document>
    <document> All the very weird things you need to start an "oddly satisfying" Instagram account #URL# ></document>
    <document> This robotic pizza company's delivery trucks can now bake 120 pizzas per hour #URL# ></document>
    <document> Attention: Many Bose headphones are currently on sale #URL# ></document>
    <document> People are horny as hell for the new Venom trailer #URL# ></document>
    <document> Attention: Many Bose headphones are currently on sale #URL# ></document>
    <document> 5 easy ways to clean your tech products #URL# ></document>
    <document> Very imaginative woman has the wildest birth story ever #URL# ></document>
    <document> This is why alt-right love Kanye West #URL# ></document>
    <document> Watch space dust swirl around a comet as it tumbles through our solar system #URL# ></document>
    <document> It's National DNA Day, which means AncestryDNA, 23andMe, Living DNA and more are on sale #URL# ></document>
    <document> The Ultimate Lego Millennium Falcon is back in stock, only for Amazon Prime members #URL# ></document>
    Trade <document> 'Simpsons'r Hank Azaria said he was ready to step down as Apu #URL# ></document>
    <document> Google gun emoji becomes water gun #URL# ></document>
    <document> Why is everyone who has ever ghosted me still looking at my Instagram Stories? #URL# ></document>
    <document> This robotic pizza company's delivery trucks can now bake 120 pizzas per hour #URL# ></document>
    <document> This is why you get all these Terms of Service update emails #URL# ></document>
    <document> Mercedes-Maybach concept car is electric, ultra-luxe and ready for tea time #URL# ></document>
    <Document> Referee apologizes for missing handball, immediately becomes a meme #URL# ></document>
    <document> The 2-year-old drummer has mastered his instrument far, far too well #URL# ></document>
    <document> Coco and more from Netflix in May #URL# ></document>
    <Document> Mark Ruffalo shares how Disney yelled at him for Thor: Ragnarok spoilers #URL# ></document>
    <document> Everyone (except Microsoft) now uses the water gun emoji #URL# ></document>
    <document> Amazon gives Alexa a kid-friendly personality #URL# ></document>
    <document> Google's major Gmail update makes your inbox smarter and more secure #URL# ></document>
    <document> Google's major Gmail update makes your inbox smarter and more secure #URL# ></document>
    <Document> WhatsApp bans teenagers under 16 in Europe from privacy law changes #URL# ></Document>
    <document> People are horny as hell for the new Venom trailer #URL# ></document>
    <document> 5 easy ways to clean your tech products #URL# ></document>
    <document> For your entertainment, a long list of the funniest yearbook quotes #URL# ></document>
    <document> The breakup phone cleanse: How we move on in a digital world #URL# ></document>
    <document> Harry Potter: Hogwarts Mystery lets you live your Hogwarts dreams #URL# ></document>
    <document> The "Big Story Coming" tweets must end with #URL# ></document>
    <document> For your entertainment, a long list of the funniest yearbook quotes #URL# ></document>
    <document> OnePlus 6 will be unveiled in all its glory on May 16th #URL# ></document>
    <document> The "Big Story Coming" tweets must end with #URL# ></document>
    <document> It's National DNA Day, which means AncestryDNA, 23andMe, Living DNA and more are on sale #URL# ></document>
    <document> This is why you get all these Terms of Service update emails #URL# ></document>
    <document> The breakup phone cleanse: How we move on in a digital world #URL# ></document>
    <document> Fancy a free French farm? #URL# ></document>
    <document> How to get God of War and limited edition merchandise #URL# ></document>
    <Document> Mark Ruffalo shares how Disney yelled at him for Thor: Ragnarok spoilers #URL# ></document>
    <document> Pets with human names deserve their time to shine #URL# ></document>
    <document> Congratulations to Ben Platt on joining the marriage of John Krasinski and Emily Blunt #URL# ></document>
    <document> Subscription service Setapp aims to become Netflix for Mac apps #URL# ></document>
    <document> John Travolta is unrecognizable as a stalker in the Fred Durst film Moose #URL# ></document>
    <document> This is why alt-right love Kanye West #URL# ></document>
    <document> Daily Amazon Deals for Wednesday April 25th: Instant Pots, Bose headphones, AncestryDNA kits... #URL# ></document>
    <document> This is why alt-right love Kanye West #URL# ></document>
    <Document> Mark Ruffalo shares how Disney yelled at him for Thor: Ragnarok spoilers #URL# ></document>
    <document> Black Mirror took part of London back to the 1980s #URL# ></document>
    <document> 9 drunken purchases that will make you feel good in the morning #URL# ></document>
    <Document> Galileo: UK plans to launch rival to EU navigation system #URL# ></Document>
    <Document> WhatsApp bans teenagers under 16 in Europe from privacy law changes #URL# ></Document>
    <document> BuzzFeed partners with Netflix for documentary series #URL# ></document>
    <document> Google's major Gmail update makes your inbox smarter and more secure #URL# ></document>
    <document> Coco and more from Netflix in May #URL# ></document>
    <document> The 2-year-old drummer has mastered his instrument far, far too well #URL# ></document>
    <document> Watch space dust swirl around a comet as it tumbles through our solar system #URL# ></document>
    <document> The "Big Story Coming" tweets must end with #URL# ></document>
    <document> This is why you get all these Terms of Service update emails #URL# ></document>
    <document> All the very weird things you need to start an "oddly satisfying" Instagram account #URL# ></document>
    <document> Google's Gmail gets self-destruct option before GDPR #URL# ></document>
    <document> TSB is 'up and running' - for some #URL# ></document>
    <document> You might like Infinity War better if you're not a die-hard Marvel fan #URL# ></document>
    <document> Tensions mount in Dear White People Volume 2 trailer #URL# ></document>
    <document> 9 drunken purchases that will make you feel good in the morning #URL# ></document>
    <document> Black Mirror took part of London back to the 1980s #URL# ></document>
    <document> 9 drunken purchases that will make you feel good in the morning #URL# ></document>
    <document> Everyone (except Microsoft) now uses the water gun emoji #URL# ></document>
    <document> The Ultimate Lego Millennium Falcon is back in stock, only for Amazon Prime members #URL# ></document>
    <document> Save $100 on an iPad mini 4 at Walmart #URL# ></document>
    <document> Harry Potter: Hogwarts Mystery lets you live your Hogwarts dreams #URL# ></document>
    <Document> Amazon Alexa to reward childrensaying: 'Please' #URL# ></document>
    <document> Congratulations to Ben Platt on joining the marriage of John Krasinski and Emily Blunt #URL# ></document>
    <document> Daily Amazon Deals for Wednesday April 25th: Instant Pots, Bose headphones, AncestryDNA kits... #URL# ></document>
    <document> For your entertainment, a long list of the funniest yearbook quotes #URL# ></document>
    <Document> WhatsApp bans teenagers under 16 in Europe from privacy law changes #URL# ></Document>
    <document> 5 easy ways to clean your tech products #URL# ></document>
    <document> Mercedes-Maybach concept car is electric, ultra-luxe and ready for tea time #URL# ></document>
    <document> The cast of Avengers: Infinity War play an incredibly hilarious guessing game #URL# ></document>
    <document> Pets with human names deserve their time to shine #URL# ></document>
  
</author>