
  
    <document> LATE SHOW ME MORE: Happy Valentine’s Day! #URL# #URL# ></document>
    <document> NCIS Cast: Real Life Partners 2020 Revealed! | ⭐OSSA #URL# #URL# ></document>
    <document> This Taco Shop Wants You to Burn Your Ex’s Clothes – Lights Out with David Spade #URL# #URL# ></document>
    <document> Netflix Is A Joke #URL# #URL# ></document>
    <document> A BOT REVIEWS: Grease #URL# #URL# ></document>
    <document> Cole Sprouse Totally LOVED Cats (Exclusive) #URL# #URL# ></document>
    <document> Virginia vs. North Carolina Men’s Basketball Highlights (2019-20) #URL# #URL# ></document>
    <document> Blue Bloods – You May Get Your Wish #URL# #URL# ></document>
    <document> Jimmy Carr – Making People Laugh #URL# #URL# ></document>
    <document> NBA announces it is renaming All-Star Game MVP Award to the Kobe Bryant MVP Award ></document>
    <document> The Problem With Domestic Violence Charities ></document>
    <document> The Bold and the Beautiful – Will Thomas Be Exposed? (Preview) #URL# #URL# ></document>
    <document> Outlander’ Cast Reveals What to Expect This Season #URL# #URL# ></document>
    <document> Your Parents Are Slowly Losing Their Minds. Andrew Sleighter – Full Special #URL# #URL# ></document>
    <document> Jon Batiste Sings Classic Valentine’s Day Black History Month Love Songs #URL# #URL# ></document>
    <document> Zoey Deutch Keeps Getting Zooey Deschanel’s Emails #URL# #URL# ></document>
    <document> Relive the Stadium Series as the Kings and Avs take flight #URL# #URL# ></document>
    <document> Buddy Hield WINS NBA 3-PT Contest! | Highlights #URL# #URL# ></document>
    <document> How the Miss Americana Filmmakers Captured Taylor Swift Behind the Scenes in Miss Americana |Netflix… #URL# ></document>
    <document> Chuck Todd Says People Of Color Love Billionaires &amp; Not Bernie! #URL# #URL# ></document>
    <document> How The Times Makes Visual Investigations | NYTimes #URL# #URL# ></document>
    <document> Myla Dalbesio – Uncovered – Sports Illustrated Swimsuit 2017 #URL# #URL# ></document>
    <document> UNC’s Cole Anthony Bloodied and Frustrated After Taking Elbow to Face vs. UVA ACC Digital Network… #URL# ></document>
    <document> Oliver Hudson On ‘Splitting Up Together,’ Goldie &amp; Kate, &amp; His Instagram #URL# #URL# ></document>
    <document> Alicia Keys – Fallin’ in the Live Lounge #URL# #URL# ></document>
    <document> Gwyneth Paltrow Explains Her Much-Publicized Goop Candle to John Legend #URL# #URL# ></document>
    <document> Issa Rae, Lakeith Stanfield And Stella Meghie Talk Jay-Z, Pet Peeves And “The Photograph” #URL# #URL# ></document>
    <document> Eddie Murphy Chased Down An Ice Cream Truck ></document>
    <document> Ro-Mantic’ Conversations with Keke Palmer and Ro James #URL# #URL# ></document>
    <document> Jim Norton &amp; Sam Roberts #URL# #URL# ></document>
    <document> Happy Valentine’s Day 2020! #URL# #URL# ></document>
    <document> Evander Kane Issued Elbowing Penalty For Dangerous Hit On Neal Pionk #URL# #URL# ></document>
    <document> Netflix Is A Joke #URL# #URL# ></document>
    <document> Lizzo talks self-confidence: ‘I am curvy and I am perfect. I’m beautiful’ #URL# #URL# ></document>
    <document> Monologue: Rich Daddy Pays For It ></document>
    <document> MLB Pinch Hitters Hitting Walk Off Home Runs Compilation #URL# #URL# ></document>
    <document> Olivia Wilde on Directing: “The Fear of Being a Bitch is a Real Thing” #URL# #URL# ></document>
    <document> What Do You Think of Dirty Work? #URL# #URL# ></document>
    <document> Necessary Realness: We Stan Zendaya &amp; Jacob Elordi ></document>
    <document> Logan Paul MIND BLOWN! by Ryan Garcia SCARY KNOCKOUT vs Francisco Fonseca #URL# #URL# ></document>
    <document> UNC Men’s Basketball: Heels Fall to ‘Hoos on Last Second 3 #URL# #URL# ></document>
    <document> Survivor – How The Legendary Survivor Castaways Will Change Their Strategies For Season 40 #URL# #URL# ></document>
    <document> The First Time Jerry Seinfeld’s Parents Saw His Stand-Up ></document>
    <document> Skills Challenge Recap: ‘The Real One Is Tomorrow’ #URL# #URL# ></document>
    <document> Real Time with Bill Maher (HBO) #URL# #URL# ></document>
    <document> The Late NightCap: Trump Can’t Prove He Can Actually Read #URL# #URL# ></document>
    <document> UFC Rio Rancho: Jan Blachowicz Octagon Interview #URL# #URL# ></document>
    <document> Beyond Scared Straight: You’re Coming with ME: Top 8 Fights &amp; Showdowns from Season 8 | A&amp;E #URL# #URL# ></document>
    <document> Maple Leafs Post Game – February 15, 2020 #URL# #URL# ></document>
    <document> Gone in a Flash l 20/20 l PART 1 #URL# #URL# ></document>
    <document> The BEST DUNKS From The NBA Rising Stars Game! ></document>
    <document> Sanders campaigns in Texas, as he heads to Nevada #URL# #URL# ></document>
    <document> Pat Connaughton is excited to prove his doubters wrong in the dunk contest ></document>
    <document> Who’s The New Guy? #URL# #URL# ></document>
    <document> The Tragic Life of Shia LaBeouf #URL# #URL# ></document>
    <document> Season 12 Ep. 8: Valentine’s Day Gift Highlight | FXX #URL# #URL# ></document>
    <document> New to YouTube: Rude buffet customer bullies overweight woman l First broadcast on 6/13/2014 #URL# #URL# ></document>
    <document> Man City banned from UEFA Champions League ></document>
    <document> Brendan Schaub talks “Cheer” with Whitney (GFY HIGHLIGHTS) #URL# #URL# ></document>
    <document> A surprisingly disappointing off-season for the Cubs ></document>
    <document> 2020 NBA Rising Stars: Eric Paschall Highlights #URL# #URL# ></document>
    <document> How “2 Girls 1 Cup” Ruined Gavin Matts’s Life – Bill Burr Presents: The Ringers #URL# #URL# ></document>
    <document> Coronavirus-quarantined cruise passengers battle illness, boredom #URL# #URL# ></document>
    <document> The Making Of The Rihanna Book #URL# #URL# ></document>
    <document> Aaron Gordon’s Best #HASHTAG#’s #URL# #URL# ></document>
    <document> Thomas Mattice vs. Isaac Cruz: Highlights ></document>
    <document> Is Liverpool’s lack of goals concerning ahead of Champions League play? ></document>
    <document> Pete Alonso: ‘I want to be celebrating on a parade float, drunk as hell’ #URL# #URL# ></document>
    <document> Will Arnett On Jason Bateman’s Car Commercials – CONAN on TBS #URL# #URL# ></document>
    <document> Gervonta Davis Responds to a fan saying he should stay away from ryan garcia #URL# #URL# ></document>
    <document> Vevo – Hot This Week: February 14, 2020 (The Biggest New Music Videos) #URL# #URL# ></document>
    <document> Hawaii Five-0 – She’s Not a Killer #URL# #URL# ></document>
    <document> ELISABETH MOSS On What She Learned From JENNIFER ANISTON on Privacy ★ 2020 (The Invisible Man)… #URL# ></document>
    <document> News from Yankees spring training, Feb. 15 #URL# #URL# ></document>
    <document> Prosecutors argue Weinstein victims did not consent #URL# #URL# ></document>
    <document> Harry Styles &amp; Stephen Fry pause for thought on Radio 2 Breakfast #URL# #URL# ></document>
    <document> Alex Nylander Pounces On Giveaway, Undresses Dave Rittich To Score #URL# #URL# ></document>
    <document> Constance Wu Explains Mistress Day: The Lesser-Known Valentine’s Holiday #URL# #URL# ></document>
    <document> MLB Best Deflection Plays Compilation #URL# #URL# ></document>
    <document> Sam Smith Reviews Billie Eilish’s Bond Song, ‘No Time To Die’ 🍸 ></document>
    <document> Bloomberg and The Legacy of Stop-and-Frisk – Between the Scenes ></document>
    <document> Tampa Bay Vipers vs. Seattle Dragons ></document>
    <document> Cody Bellinger responds to the Houston Astros’ weak apology ></document>
    <document> Valentine’s Day Jokes Compilation #URL# #URL# ></document>
    <document> Star Trek: Picard – Elnor &amp; The Qowat Milat #URL# #URL# ></document>
    <document> Day in the Life: Shaun Anderson #URL# #URL# ></document>
    <document> Maple Leafs @ Senators 02/15/20 #URL# #URL# ></document>
    <document> Bam Adebayo hopes whoever bet on him to win skills completion, buys something expensive ></document>
    <document> The Time Maury Povich Got Fired from Being a News Anchor – You Up w/ Nikki Glaser (February 6, 2019)… #URL# ></document>
    <document> Antonio Brown Says He’ll Meet With NFL Teams At Combine, ‘I’m Excited’ ></document>
    <document> Luka Doncic Postgame Interview – NBA Rising Stars – 2020 NBA All-Star Weekend #URL# #URL# ></document>
    <document> Malcolm X: Minister &amp; Human Rights Activist | Biography #URL# #URL# ></document>
    <document> Jeff Ross Roasts the Inside Guys ></document>
    <document> Anthony Joshua Gives His Prediction for Wilder vs Fury 2 ></document>
    <document> Justin Bieber Raises Money For LA Nonprofit With New ‘Intentions’ Music Video #URL# #URL# ></document>
    <document> VT Men’s Basketball – Post Game Press Conference vs PITT – 2/15/2020 #URL# #URL# ></document>
    <document> Tarvarus McFadden takes back a pick-six for the first TD in Vipers history ></document>
    <document> Thank You Notes: Viral Photo of Trump’s Tan Line, Candlelight Dinners #URL# #URL# ></document>
    <document> Race Recap: Gragson wins as field crashes at Daytona #URL# #URL# ></document>
    <document> The Graham Norton Show #URL# #URL# ></document>
  
</author>
<document> LATE SHOW ME MORE: Happy Valentine's Day! #URL# #URL# </document>
    <document> NCIS: Real Life Partners 2020 Cast Revealed! | ⭐OSSA #URL# #URL# ></document>
    <document> This Taco Shop Wants You to Burn Your Ex's Clothes - Lights Out with David Spade #URL# #URL# </document>
    <document> Netflix is ​​a joke #URL# #URL# </document>
    <document> A REVIEW BOT: Grease #URL# #URL# </document>
    <document> Cole Sprouse Totally LOVED Cats (exclusive) #URL# #URL# </document>
    <document>Virginia vs. North Carolina Men's Basketball Highlights (2019-20) #URL# #URL# </document>
    <document> Blue Blood - You could fulfill your wish #URL# #URL# </document>
    <document> Jimmy Carr – Making People Laugh #URL# #URL# </document>
    <document>NBA Announces It Is Renaming All-Star Game MVP Award to Kobe Bryant MVP Award</document>
    <document>The problem with domestic violence charities</document>
    <document> The Bold and the Beautiful: Will Thomas Be Unmasked? (Preview) #URL# #URL# ></document>
    <document> Outlander cast reveals what to expect this season #URL# #URL# </document>
    <document> Your parents are slowly losing their minds. Andrew Sleighter – Full Special #URL# #URL# ></document>
    <document>Jon Batiste Sings Classic Valentine's Black History Month Love Songs #URL# #URL# </document>
    <document> Zoey Deutch continues to receive emails from Zooey Deschanel #URL# #URL# </document>
    <document> Relive the Stadium Series as Kings and Avs take flying #URL# #URL# </document>
    <document> Buddy Hield WINS NBA 3-PT Contest! | Highlight #URL# #URL# ></document>
    <document> How the Miss Americana filmmakers caught Taylor Swift behind the scenes at Miss Americana |Netflix... #URL# ></document>
    <document> Chuck Todd Says Black People Love Billionaires and Not Bernies! #URL# #URL# </document>
    <document> How The Times conducts visual investigations | NYTimes #URL# #URL# ></document>
    <document> Myla Dalbesio – Uncovered – Sports Illustrated Swimsuit 2017 #URL# #URL# </document>
    <document>UNC's Cole Anthony bloodied and frustrated after taking elbow to face against UVA ACC Digital Network... #URL#></document>
    <document> Oliver Hudson on 'Splitting Up Together', Goldie &amp; Kate, &amp; Your Instagram #URL# #URL# </document>
    <document> Alicia Keys – Fallin' in the Live Lounge #URL# #URL# </document>
    <document> Gwyneth Paltrow explains her much-hyped Candela Goop to John Legend #URL# #URL# </document>
    <document> Issa Rae, Lakeith Stanfield and Stella Meghie discuss Jay-Z, Pet Peeves and "The Photograph" #URL# #URL# ></document>
    <document>Eddie Murphy chased after an ice cream truck</document>
    <document> Romantic conversations with Keke Palmer and Ro James #URL# #URL# </document>
    <document> Jim Norton &amp; Sam Roberts #URL# #URL# ></document>
    <document> Happy Valentine's Day 2020! #URL# #URL# </document>
    <document> Evander Kane Issued ElboPenalty from the wing for a dangerous shot on Neal Pionk #URL# #URL# ></document>
    <document> Netflix is ​​a joke #URL# #URL# </document>
    <document> Lizzo talks about self-confidence: 'I'm curvy and I'm perfect. I am beautiful' #URL# #URL# </document>
    <document> Monologue: Rich Daddy Pays for It </document>
    <document> MLB Pinch Hitters Hitting Walk Off Home Run Compilation #URL# #URL# </document>
    <document> Olivia Wilde on directing: "The fear of being a bitch is real" #URL# #URL# </document>
    <document> What do you think about dirty work? #URL# #URL# </document>
    <document> Necessary Reality: Us Stan Zendaya &amp; Giacobbe Elordi </document>
    <document> Logan Paul WRONG! by Ryan Garcia SCARY KNOCKOUT vs. Francisco Fonseca #URL# #URL# </document>
    <document>UNC Men's Basketball: Heels Drop on "Hoos on Last Second 3 #URL# #URL# </document>
    <document> Survivor – How the Legendary Castaway Survivors Will Change Their Strategies for Season 40 #URL# #URL# </document>
    <document>The first time Jerry Seinfeld's parents saw his stand-up </document>
    <document> Skills Challenge Summary: "Real is Tomorrow" #URL# #URL# </document>
    <document> Live with Bill Maher (HBO) #URL# #URL# </document>
    <document> The Late NightCap: Trump can't prove he can actually read #URL# #URL# </document>
    <document> UFC Rio Rancho: Jan Blachowicz Octagon interview #URL# #URL# </document>
    <document>Beyond Scared Straight: Will You Come With ME: Top 8 Fights &amp; Clashes from Season 8 | A&amp;E #URL# #URL# ></document>
    <document> Maple Leafs Post Game – February 15, 2020 #URL# #URL# </document>
    <document> Gone in a Flash l 20/20 l PART 1 #URL# #URL# </document>
    <document> The best dunks in the NBA Rising Stars game! >></document>
    <document> Sanders campaigns in Texas, on his way to Nevada #URL# #URL# </document>
    <document>Pat Connaughton thrilled to prove his doubters wrong in dunk contest</document>
    <document> Who's the new guy? #URL# #URL# </document>
    <document> The tragic life of Shia LaBeouf #URL# #URL# </document>
    <document> Season 12 Ep. 8: Valentine's Day Gift Highlight | FXX #URL# #URL# </document>
    <document> New on YouTube: A rude buffet customer bullies an overweight woman l First broadcast on 06/13/2014 #URL# #URL# </document>
    <document>Man City banned from UEFA Champions League</document>
    <document> Brendan Schaub discusses "Cheer" with Whitney (GFY HIGHLIGHTS) #URL# #URL# </document>
    <document>A surprisingly disappointing offseason for the Cubs</document>
    <document> NBA 2020 Rising Stars: Eric Paschall Highlights #URL# #URL# </document>
    <document> How "2 Girls 1 Cup" Ruined Gavin Matts' Life – Bill Burr Presents: The Ringers #URL# #URL# ></document>
    <document>Coronavirus quarantined cruise passengers battle sickness and boredom #URL# #URL# </document>
    <document> The making of Rihanna's book #URL# #URL# </document>
    <document> Aaron Gordon's Best #HASHTAG# #URL# #URL# </document>
    <document>Thomas Mattice vs. Isaac Cruz: Highlights</document>
    <document> Does Liverpool's lack of goals affect their Champions League game? >></document>
    <document> Pete Alonso: "I want to party on a parade float, drunk as hell" #URL# #URL# </document>
    <document> Will Arnett on Jason Bateman's car commercial – CONAN on TBS #URL# #URL# </document>
    <document> Gervonta Davis responds to a fan saying she should stay away from ryan garcia #URL# #URL# </document>
    <document> Vevo – Hot This Week: February 14, 2020 (Biggest New Music Videos) #URL# #URL# </document>
    <document> Hawaii Five-0 – It's not a killer #URL# #URL# </document>
    <document> ELISABETH MOSS On what she learned from JENNIFER ANISTON about privacy ★ 2020 (The Invisible Man)… #URL# ></document>
    <document> Yankees Spring Training News, February 15 #URL# #URL# </document>
    <document> Prosecutors argue that Weinstein's victims do not have consent #URL# #URL# </document>
    <document> Harry Styles &amp; Stephen Fry pauses for reflection on Radio 2 Breakfast #URL# #URL# </document>
    <document> Alex Nylander pounces on homage, strips Dave Rittich to score #URL# #URL# </document>
    <document> Constance Wu Explains Mistress's Day: The Lesser Known Valentine's Day #URL# #URL# </document>
    <document> MLB Best Deflection Plays Compilation #URL# #URL# </document>
    <document> Sam Smith Reviewing Billie Eilish's Bond Song, "No Time To Die" 🍸 </document>
    <document> Bloomberg and the Stop-and-Frisk Legacy – Behind the Scenes </document>
    <document>Tampa Bay Vipers vs. Seattle Dragons</document>
    <document>Cody Bellinger responds to Houston Astros lame apology</document>
    <document> Collection of Valentine's Jokes #URL# #URL# </document>
    <document> Star Trek: Picard – Elnor &amp; Qowat Milat #URL# #URL# ></document>
    <document> Day in the Life: Shaun Anderson #URL# #URL# </document>
    <document> Maple Leafs @ Senators 02/15/20 #URL# #URL# </document>
    <document> Bam Adebayo hopes that whoever bet on him to win skill completion buys something expensive</document>
    <document> The Time Maury Povich Was Fired for Being a News Host – You Up w/ Nikki Glaser (February 6, 2019)… #URL# ></document>
    <document>Antonio Brown Says He Will Meet NFL Teams at the Combine, "I'm Excited"</document>
    <document> Post-game interview with Luka Doncic – NBA Rising Stars – NBA All-Star Weekend 2020 #URL# #URL# </document>
    <document> Malcolm X: Minister &amp; Human Rights Activist | Biography #URL# #URL# ></document>
    <document>Jeff Ross Roasting the Inland Boys</document>
    <document>Anthony Joshua makes his prediction for Wilder vs Fury 2 </document>
    <document> Justin Bieber raises money for Los Angeles nonprofit with new music video "Intentions" #URL# #URL# </document>
    <document> Men's Basketball VT – Post gamePress conference against PITT – 02/15/2020 #URL# #URL# ></document>
    <document> Tarvarus McFadden takes back a pick-six for the first touchdown in Vipers history </document>
    <document> Thank You Notes: Viral Photo of Trump's Tan, Candlelight Dinners #URL# #URL# </document>
    <document> Race recap: Gragson wins as field crashes at Daytona #URL# #URL# ></document>
    <document> The Graham Norton Show #URL# #URL# </document>
  
</author><document> LATE SHOW ME MORE: Happy Valentine's Day! #URL# #URL# ></document>
    <document> NCIS Cast: Real Life Partners 2020 Revealed! | ⭐OSSA #URL# #URL# ></document>
    <document> This Taco Shop Wants You To Burn Your Ex's Clothes - Lights Out David Spade #URL# #URL# ></document>
    <Document> Netflix is ​​a joke #URL# #URL# ></Document>
    <document> A BOT REVIEWS: Grease #URL# #URL# ></document>
    <document> Cole Sprouse Totally LOVED Cats (Exclusive) #URL# #URL# ></document>
    <document> Virginia vs. North Carolina Men's Basketball Highlights (2019-20) #URL# #URL# ></document>
    <document> Blue Bloods - You May Get Your Wish #URL# #URL# ></document>
    <Document> Jimmy Carr - Making People Laugh #URL# #URL# ></Document>
    <document> The NBA announces that it is renaming the All-Star Game MVP Award to the Kobe Bryant MVP Award ></document>
    <document> The problem with domestic violence charities></document>
    <document> The Brave and the Handsome – Will Thomas be Exposed? (Preview) #URL# #URL# ></document>
    <document> Outlander cast reveals what to expect this season #URL# #URL# ></document>
    <Document> Your parents are slowly losing their minds. Andrew Sleighter - Full Special #URL# #URL# ></document>
    <document> Jon Batiste Sings Classic Valentine's Day Black History Month Love Songs #URL# #URL# ></document>
    <document> Zoey Deutch continues to receive emails from Zooey Deschanel #URL# #URL# ></document>
    <document> Relive the Stadium Series as the Kings and Avs take off #URL# #URL# ></document>
    <Document> Buddy Hield WINS NBA 3-PT Competition! | Highlights #URL# #URL# ></document>
    <document> How Miss Americana filmmakers captured Taylor Swift behind the scenes of Miss Americana|Netflix... #URL# ></document>
    <Document> Chuck Todd Says People of Color Love Billionaires &amp; Not Bernie! #URL# #URL# ></document>
    <Document> How the Times Conducts Visual Investigations | NYTimes #URL# #URL# ></document>
    <Document> Myla Dalbesio – Uncovered – Sports Illustrated Swimsuit 2017 #URL# #URL# ></document>
    <document> UNC's Cole Anthony is bloodied and frustrated after elbowing UVA ACC Digital Network... #URL# ></document>
    <Document> Oliver Hudson on "Splitting Up Together", Goldie &amp; Kate, &amp; His Instagram #URL# #URL# ></document>
    <Document> Alicia Keys - Fallin' in the Live Lounge #URL# #URL# ></document>
    <document> Gwyneth Paltrow explains her much publicized Goop candle #URL# #URL# ></document> to John Legend
    <Document> Issa Rae, Lakeith Stanfield and Stella Meghie discuss Jay-Z, Pet Peeves and The Photograph #URL# #URL# ></document>
    <document> Eddie Murphy chased an ice cream truck ></document>
    <document> Ro-Mantic’ Conversations with Keke Palmer and Ro James #URL# #URL# ></document>
    <Document> Jim Norton &amp; Sam Roberts #URL# #URL# ></document>
    <document> Happy Valentine's Day 2020! #URL# #URL# ></document>
    <Document> Evander Kane edited ElboWing penalty for dangerous hit on Neal Pionk #URL# #URL# ></document>
    <Document> Netflix is ​​a joke #URL# #URL# ></Document>
    <Document> Lizzo speaks with confidence: "I'm curvy and I'm perfect. I'm beautiful' #URL# #URL# ></document>
    <document> Monologue: Rich Daddy pays for this ></document>
    <document> MLB Pinch Hitters Hitting Walk Off Home Runs Compilation #URL# #URL# ></document>
    <document> Olivia Wilde on directing "The Fear of Being a Bitch is a Real Thing" #URL# #URL# ></document>
    <document> What do you think of dirty work? #URL# #URL# ></document>
    <Document> Required Authenticity: We Stan Zendaya &amp; Jacob Elordi ></document>
    <Document> Logan Paul Awesome! by Ryan Garcia SCARY KNOCKOUT vs. Francisco Fonseca #URL# #URL# ></document>
    <document> UNC Men's Basketball: Heels Fall to 'Hoos on Last Second 3 #URL# #URL# ></document>
    <document> Survivor - How the legendary Survivor Castaways will change their strategies for Season 40 #URL# #URL# ></document>
    <document> The first time Jerry Seinfeld's parents saw his standup ></document>
    <document> Skills Challenge Summary: "The Real One Is Tomorrow" #URL# #URL# ></document>
    <document> Realtime with Bill Maher (HBO) #URL# #URL# ></document>
    <document> The Late NightCap: Trump can't prove he can actually read #URL# #URL# ></document>
    <Document> UFC Rio Rancho: Jan Blachowicz Octagon Interview #URL# #URL# ></Document>
    <Document> Beyond Scared Straight: You Come With Me: Top 8 Fights &amp; Showdowns from Season 8 | A&amp;E #URL# #URL# ></document>
    <document> Maple Leafs Post Game – February 15, 2020 #URL# #URL# ></document>
    <document> Lightning Fast l 20/20 l PART 1 #URL# #URL# ></document>
    <document> The BEST DUNKS from the NBA Rising Stars Game! ></document>
    <document> Sanders campaigns in Texas while heading to Nevada #URL# #URL# ></document>
    <document> Pat Connaughton is looking forward to proving his doubters wrong in the Dunk Contest ></document>
    <document> Who's the new guy? #URL# #URL# ></document>
    <Document> The Tragic Life of Shia LaBeouf #URL# #URL# ></Document>
    <Document> Episode Season 12. 8: Valentine's Day Gift Highlight | FXX #URL# #URL# ></document>
    <document> New on YouTube: Rude buffet customer bullies overweight woman l First broadcast on 06/13/2014 #URL# #URL# ></document>
    <Document> Manchester City banned from UEFA Champions League ></Document>
    <Document> Brendan Schaub speaks "Cheer" with Whitney (GFY HIGHLIGHTS) #URL# #URL# ></document>
    <document> A surprisingly disappointing off-season for the Cubs ></document>
    <document> 2020 NBA Rising Stars: Eric Paschall Highlights #URL# #URL# ></document>
    <document> How 2 Girls 1 Cup ruined the life of Gavin Matts - Bill Burr Presents: The Ringers #URL# #URL# ></document>
    <document> Cruise ship passengers in coronavirus quarantine battle disease and boredom #URL# #URL# ></document>
    <document> The Making Of The Rihanna Book #URL# #URL# ></document>
    <document> Aaron Gordon's Best #HASHTAG#'s #URL# #URL# ></document>
    <Document> Thomas Mattice vs. Isaac Cruz: Highlights ></Document>
    <Document> Is Liverpool's lack of goals ahead of Champions League game a concern? ></document>
    <document> Pete Alonso: "I want to party drunk as hell on a float" #URL# #URL# ></document>
    <document> Will Arnett on Jason Bateman's car commercial - CONAN on TBS #URL# #URL# ></document>
    <document> Gervonta Davis responds to a fan who says to stay away from Ryan Garcia #URL# #URL# ></document>
    <document> Vevo – Hot This Week: February 14, 2020 (Biggest New Music Videos) #URL# #URL# ></document>
    <document> Hawaii Five-0 – She's Not a Killer #URL# #URL# ></document>
    <Document> ELISABETH MOSS on what she learned from JENNIFER ANISTON about Privacy ★ 2020 (The Invisible Man)… #URL# ></Document>
    <document> Yankees Spring Training Update, Feb. 15 #URL# #URL# ></document>
    <document> Prosecutors argue Weinstein victims did not consent #URL# #URL# ></document>
    <Document> Harry Styles &amp; Stephen Fry pauses to think at Radio 2 Breakfast #URL# #URL# ></document>
    <document> Alex Nylander pounces on Giveaway and undresses Dave Rittich to score #URL# #URL# ></document>
    <document> Constance Wu explains Lovers' Day: The Lesser-Known Valentine's Day #URL# #URL# ></document>
    <document> MLB Best Deflection Plays Compilation #URL# #URL# ></document>
    <document> Sam Smith reviews Billie Eilish's Bond song "No Time To Die" 🍸 ></document>
    <Document> Bloomberg and the Legacy of Stop-and-Frisk - Between the Scenes ></Document>
    <Document> Tampa Bay Vipers vs. Seattle Dragons ></Document>
    <document> Cody Bellinger Responds to Houston Astros' Weak Apology ></document>
    <document> Compilation of jokes for Valentine's Day #URL# #URL# ></document>
    <Document> Star Trek: Picard – Elnor &amp; The Qowat Milat #URL# #URL# ></document>
    <document> Day in the life: Shaun Anderson #URL# #URL# ></document>
    <Document> Maple Leafs @ Senators 02/15/20 #URL# #URL# ></document>
    <document> Bam Adebayo hopes that whoever bets on him to win the Skills degree will buy something expensive ></document>
    <document> The time Maury Povich was fired as a news anchor – You Up w/ Nikki Glaser (February 6, 2019)… #URL# ></document>
    <document> Antonio Brown says he will meet with NFL teams at Combine, "I'm excited" ></document>
    <document> Luka Doncic Postgame Interview – NBA Rising Stars – 2020 NBA All-Star Weekend #URL# #URL# ></document>
    <Document> Malcolm X: Minister &amp; human rights activist | Biography #URL# #URL# ></document>
    <document> Jeff Ross roasts the boys from the inside ></document>
    <document> Anthony Joshua gives his prediction for Wilder vs. Fury 2 ></document>
    <document> Justin Bieber raises money for LA nonprofits with new music video 'Intentions' #URL# #URL# ></document>
    <Document> VT Men's Basketball – After the GamePress conference vs. PITT – 02/15/2020 #URL# #URL# ></document>
    <document> Tarvarus McFadden grabs a pick-six for the first TD in Vipers history ></document>
    <document> Thank You Notes: Viral Photo of Trump's Tan Line, Candlelight Dinners #URL# #URL# ></document>
    <document> Race Recap: Gragson Wins in Field Crash at Daytona #URL# #URL# ></document>
    <document> The Graham Norton Show #URL# #URL# ></document>
  
</author>