
  
    <document> New post added at #URL# - Kailyn Lowry Reveals She Is Not Broken Up With Baby Daddy Chris... #URL# ></document>
    <document> New post added at #URL# - Top Shots (week of Sept. 24, 2017) #URL# ></document>
    <document> New post added at #URL# - Princess Charlene tries some side-swept bangs in Monaco: twee or cute? #URL# ></document>
    <document> New post added at #URL# - Daddy Yankee Donates $1 Million to Puerto Rico in Hurricane Relief Aid #URL# ></document>
    <document> New post added at #URL# - Travis Scott Spoiling Kylie With Jewelry, Foot Massages And... #URL# ></document>
    <document> New post added at #URL# - Justin ‘Bobby’ Brescia Explains Why He Wore Combat Boots to the Beach #URL# ></document>
    <document> New post added at #URL# - Hugh Hefner Remembered For His Civil Rights Work, But Also For... #URL# ></document>
    <document> New post added at #URL# - Kaley Cuoco's Furry Family: Meet Her and Karl Cook’s Many Pets #URL# ></document>
    <document> New post added at #URL# - Hugh Hefner Photos Show Mogul Frail Months Before Death #URL# ></document>
    <document> New post added at #URL# - Kim Kardashian confirms third child with Kanye West is on the way via... #URL# ></document>
    <document> New post added at #URL# - 50 Cent Claims Trump Offered Him $500,000 For A Campaign Appearance #URL# ></document>
    <document> New post added at #URL# - Sarah Jessica Parker just confirmed Sex and the City 3 is not happening #URL# ></document>
    <document> New post added at #URL# - Kevin Hart Gets A Whipping in Chicken Costume On Set of New Movie #URL# ></document>
    <document> New post added at #URL# - Gigi Hadid Commando Cleavage in Revealing White Dress #URL# ></document>
    <document> New post added at #URL# - Funny GIF Of The Day: Monkeying Around #URL# ></document>
    <document> New post added at #URL# - Dove Cameron Looks Stunning for 'Schön!' - See the Pics! #URL# ></document>
    <document> New post added at #URL# - Idris Elba Reveals He Auditioned to Play Gaston in Beauty and the Beast #URL# ></document>
    <document> New post added at #URL# - TMZ Live: Rob Kardashian &amp; Blac Chyna: Money War! #URL# ></document>
    <document> New post added at #URL# - O.J.'s Release May Be Blocked ... Prison Doesn't Want 'Another Diana' #URL# ></document>
    <document> New post added at #URL# - Crystal Hefner Probably Won’t Inherit Anything From Hef’s Estate #URL# ></document>
    <document> New post added at #URL# - O.J. Simpson Could Be Released From Prison by Sunday #URL# ></document>
    <document> New post added at #URL# - The 3 Best Sales Happening This Weekend and Exactly What to Buy #URL# ></document>
    <document> New post added at #URL# - Krystle Lina Pokies and Cleavage Leading Her Wicked Hot Body in L.A. #URL# ></document>
    <document> New post added at #URL# - Demi Lovato Reveals Her Main Reason for Getting Sober #URL# ></document>
    <document> New post added at #URL# - Will the end of ‘Fixer Upper’ mean huge problems for HGTV? #URL# ></document>
    <document> New post added at #URL# - Demi Lovato Reveals Christina Aguilera ‘Really Inspired’ Her New Album #URL# ></document>
    <document> New post added at #URL# - Adam Brody Is 'OK' with Always Being Known as 'The O.C.'s Seth Cohen! #URL# ></document>
    <document> New post added at #URL# - Blanca Blanco Bikini in Malibu #URL# ></document>
    <document> New post added at #URL# - BØRNS: 'Sweet Dreams' Stream, Lyrics &amp; Download - Listen Here! #URL# ></document>
    <document> New post added at #URL# - Gwen Stefani: 'Santa Baby' - Stream, Lyrics &amp; Download! #URL# ></document>
    <document> New post added at #URL# - Camila Cabello Dedicates 'Havana' to the Dreamers on 'Today' - Watch! #URL# ></document>
    <document> New post added at #URL# - Open Post: Hosted By The Long Shafts Of The Warwick Rowers #URL# ></document>
    <document> New post added at #URL# - Alexi Lalas: Team USA Soccer Players Should Be Required to Stand #URL# ></document>
    <document> People Now Friday September 29, 2017 #URL# ></document>
    <document> New post added at #URL# - Construction Starts on Models of Trump’s US-Mexico Border Wall #URL# ></document>
    <document> New post added at #URL# - Charli XCX Performs 'Boys' While Surrounded by Boys on 'Fallon' (Video) #URL# ></document>
    <document> New post added at #URL# - Blac Chyna Says She’s Determined “To Get... #URL# ></document>
    <document> New post added at #URL# - “Lt. Gen. Jay Silveria is a better leader than Donald Trump” links #URL# ></document>
    <document> New post added at #URL# - Cynthia Bailey’s Ex Peter Thomas Confronts Her New Man, Begs Her... #URL# ></document>
    <document> New post added at #URL# - Taraji P. Henson proudly does her own laundry: ‘That keeps me normal’ #URL# ></document>
    <document> New post added at #URL# - Lynda Carter Had Time For James Cameron #URL# ></document>
    <document> New post added at #URL# - Kylie Jenner Reportedly Jets Off To Texas To Break Pregnancy... #URL# ></document>
    <document> New post added at #URL# - Camilla Forchhammer Christensen Sexy for Glamour Italy August 2017 #URL# ></document>
    <document> New post added at #URL# - Why Mario Batali Says Gwyneth Paltrow Is His Favorite Sous Chef #URL# ></document>
    <document> New post added at #URL# - Everything We Know About the Possibility of a Sex and the City Reunion #URL# ></document>
    <document> New post added at #URL# - Amber Heard was making out with some mysterious, hunky Aussie rando #URL# ></document>
    <document> New post added at #URL# - Sam Heughan Launches Barbour Signature Collection In NYC! #URL# ></document>
    <document> New post added at #URL# - Bruce Willis Will Return for New 'Die Hard' Movie: Report #URL# ></document>
    <document> New post added at #URL# - Hugh Hefner Didn’t Leave His Wife, Crystal Harris, Anything In His Will #URL# ></document>
    <document> New post added at #URL# - Grey &amp; Avril Lavigne: 'Wings Clipped' - Stream, Lyrics &amp; Download! #URL# ></document>
    <document> New post added at #URL# - FULL EPISODE ></document>
    <document> New post added at #URL# - Luke Bryan Announces He and Lionel Richie Are Joining 'American Idol' #URL# ></document>
    <document> New post added at #URL# - Tony and October Gonzalez Make an Impressive Game Day Dish: Watch #URL# ></document>
    <document> New post added at #URL# - 'SNL' Veteran Bobby Moynihan Reveals The Last Time He Was Embarrassed! #URL# ></document>
    <document> New post added at #URL# - Chicago Circus Skips Elephants, Brings Rescue Pit Bulls Into the Ring #URL# ></document>
    <document> New post added at #URL# - After A ‘Devastating Loss’ Blake Shelton And Gwen... #URL# ></document>
    <document> New post added at #URL# - “American Idol” Finally Has A Full Judge Line-Up #URL# ></document>
    <document> New post added at #URL# - There's a 'Men in Black' Spinoff Coming In 2019 #URL# ></document>
    <document> New post added at #URL# - Kelly Clarkson &amp; Vanessa Hudgens Inspire Youth at WE Day 2017 #URL# ></document>
    <document> New post added at #URL# - Ariel Winter Cleavage a Do Wacka Do #URL# ></document>
    <document> New post added at #URL# - Colin Kaepernick Channels Tupac, 'Me Against the World' #URL# ></document>
    <document> New post added at #URL# - Khloe Kardashian And Kylie Jenner Plan To Do A Nude Pregnancy... #URL# ></document>
    <document> New post added at #URL# - 44 Stars and Their Baby Bumps #URL# ></document>
    <document> New post added at #URL# - Blac Chyna Will Join Amber Rose's SlutWalk, 'I Got Rob in My Sights!!!' #URL# ></document>
    <document> New post added at #URL# - Michael Jordan Takes Hot Wife to Dinner In Rare $400 Air Jordans #URL# ></document>
    <document> New post added at #URL# - Zooey Deschanel Claims She’s “Changed... #URL# ></document>
    <document> New post added at #URL# - Kate Mara Lesbian Topless Debut in This Week's Mr. Skin Minute (VIDEO) #URL# ></document>
    <document> New post added at #URL# - Gabourey Sidibe Stuns In Silver Dress At ‘Empire’... #URL# ></document>
    <document> New post added at #URL# - Lynda Carter Put Wonder Woman Critic James Cameron In His Place #URL# ></document>
    <document> New post added at #URL# - NBA's Dennis Schroder Arrested for Battery In ATL #URL# ></document>
    <document> New post added at #URL# - Jimmy Kimmel Reveals the Newest Kardashian Spin-Off Show - Watch Now! #URL# ></document>
    <document> New post added at #URL# - Birthday Sluts #URL# ></document>
    <document> New post added at #URL# - Football star Mario Balotelli welcomes second child #URL# ></document>
    <document> New post added at #URL# - 'American Idol' Set to Announce Lionel Richie and Luke Bryan as Judges #URL# ></document>
    <document> New post added at #URL# - Jennifer Lawrence Revealing Cleavage In 'Red Sparrow' Trailer (VIDEO) #URL# ></document>
    <document> New post added at #URL# - Jared Leto: Jackass of All Trades #URL# ></document>
    <document> New post added at #URL# - Bella Hadid Lounging in Her Undies in Elle #URL# ></document>
    <document> New post added at #URL# - Hot Slut Of The Day! #URL# ></document>
    <document> New post added at #URL# - Ellen Page has Kristen Wiig’s name tattooed on her arm #URL# ></document>
    <document> New post added at #URL# - Tennessee Man Allegedly Rips Woman’s Eyes Out in Attack #URL# ></document>
    <document> New post added at #URL# - The 'Sex &amp; The City 3' Movie Is Officially Not Happening - Find Out Why! #URL# ></document>
    <document> New post added at #URL# - Dennis Schroder Initiated Fight at Hookah Bar, Cops Say #URL# ></document>
    <document> New post added at #URL# - Lynda Carter Fires Back at James Cameron&amp;apos;s &amp;apos;Thuggish&amp;apos;... #URL# ></document>
    <document> New post added at #URL# - Ariel Winter calls out Inside Edition for interviewing her estranged mom #URL# ></document>
    <document> New post added at #URL# - Why Twitter Is Going Nuts Over Dr. Seuss #URL# ></document>
    <document> New post added at #URL# - Ryan Seacrest Leaving Kelly Ripa And ‘Live’?... #URL# ></document>
    <document> New post added at #URL# - Matthew Rhys Said the Sweetest Things About Partner Keri Russell #URL# ></document>
    <document> New post added at #URL# - UFC's Tony Ferguson: Hey Werdum, I'll Seriously Beat Your Ass #URL# ></document>
    <document> New post added at #URL# - Tina Knowles: Beyonce's Twins Are 'Amazing,' Blue Ivy 'Prayed for Them' #URL# ></document>
    <document> New post added at #URL# - Heidi Klum Fungus Enthusiast and Other Fine Things to Ogle #URL# ></document>
    <document> New post added at #URL# - Lana Del Rey &amp; Jhene Aiko Unite After Announcing 'LA to the Moon Tour'! #URL# ></document>
    <document> New post added at #URL# - Hugh Hefner's Sons Get Together for Dinner to Mourn Father's Death #URL# ></document>
    <document> New post added at #URL# - Bruce Willis Set To Return For New “Die Hard” Movie #URL# ></document>
    <document> New post added at #URL# - Ian Somerhalder &amp; Nikki Reed Go Mountain Biking to Start Off Their Day #URL# ></document>
    <document> New post added at #URL# - Rob Kardashian is Paying Chyna $20k a Month, But There's a Catch #URL# ></document>
    <document> New post added at #URL# - Holly Willoughby celebrates her son Chester's birthday with sweet photo #URL# ></document>
    <document> New post added at #URL# - Jared Leto Denied He Gave Used Condoms To The “Suicide Squad” Cast #URL# ></document>
    <document> New post added at #URL# - Savannah Guthrie Defends Megyn Kelly Amid Her Today Show Scandal #URL# ></document>
    <document> New post added at #URL# - NFL's Sean Smith Pleads Not Guilty to Felony Assault #URL# ></document>
    <document> New post added at #URL# - Tim Tebow &amp; Savannah Chrisley: We're Not Dating, Just Friends! #URL# ></document>
  
</author>
<document> New post added to #URL# - Kailyn Lowry reveals she didn't break up with dad Chris... #URL# </document>
    <document> New post added to #URL# - Top Shots (week of September 24, 2017) #URL# </document>
    <document> New post added to #URL# - Princess Charlene tries out side bangs in Monaco: twee or cute? #URL# </document>
    <document> New post added to #URL# - Daddy Yankee donates $1 million to Puerto Rico in hurricane relief #URL# </document>
    <document> New post added to #URL# - Travis Scott spoils Kylie with jewellery, foot massages and... #URL# ></document>
    <document> New post added to #URL# - Justin "Bobby" Brescia explains why he wore combat boots to the beach #URL# </document>
    <document> New post added to #URL# - Hugh Hefner remembered for his civil rights work, but also for... #URL# ></document>
    <document> New post added to #URL# - Kaley Cuoco's Furry Family: Meet Her and Karl Cook's Many Pets #URL# </document>
    <document> New post added to #URL# - Hugh Hefner photos show the tycoon's frailty months before his death #URL# </document>
    <document> New post added to #URL# - Kim Kardashian confirms third child with Kanye West is on the way via... #URL# </document>
    <document> New post added to #URL# - 50 Cent claims Trump offered him $500,000 for campaign appearance #URL#></document>
    <document> New post added to #URL# - Sarah Jessica Parker just confirmed that Sex and the City 3 will not be available #URL# </document>
    <document> New post added to #URL# - Kevin Hart gets whipped in chicken suit on set of new film #URL# </document>
    <document> New post added to #URL# - Gigi Hadid Commando Decolleté in Revealing White Dress #URL# </document>
    <document> New post added to #URL# - Funny GIF of the day: Monkeying Around #URL# </document>
    <document> New post added to #URL# - Dove Cameron is stunning for 'Schön!' - Look at the pictures! #URL# </document>
    <document> New post added to #URL# - Idris Elba reveals he auditioned to play Gaston in Beauty and the Beast #URL# </document>
    <document> New post added to #URL# - TMZ Live: Rob Kardashian &amp; Blac Chyna: Money War! #URL# </document>
    <document> New post added to #URL# - The O.J. may be locked... Prison doesn't want "another Diana" #URL#></document>
    <document> New post added to #URL# - Crystal Hefner probably won't inherit anything from Hef's estate #URL# </document>
    <document> New post added to #URL# - O.J. Simpson could be released from prison by Sunday #URL# ></document>
    <document> New post added to #URL# - Top 3 sales going on this weekend and exactly what to buy #URL# </document>
    <document> New post added to #URL# - Krystle Lina Pokies and Cleavage Leading Her Wicked Hot Body in L.A. #URL# </document>
    <document> New post added to #URL# - Demi Lovato reveals the main reason she got sober #URL# </document>
    <document> New post added to #URL# - The end of "FixerDoes the top mean huge trouble for HGTV? #URL# </document>
    <document> New post added to #URL# - Demi Lovato reveals her 'Really Inspired' Christina Aguilera about her new album #URL# ></document>
    <document> New post added to #URL# - Adam Brody is "okay" with always being known as "Seth Cohen of The O.C.!" #URL# </document>
    <document> New post added to #URL# - Blanca Blanco Bikini in Malibu #URL# </document>
    <document> New post added to #URL# - BØRNS: 'Sweet Dreams' Stream, Lyrics &amp; Download - Listen Here! #URL# </document>
    <document> New post added to #URL# - Gwen Stefani: 'Santa Baby' - Streams, Lyrics &amp; Downloading! #URL# </document>
    <document> New post added to #URL# - Camila Cabello dedicates 'Havana' to the Dreamers on 'Today' - Watch! #URL# </document>
    <document> New post added to #URL# - Open Post: Hosted By The Long Shafts Of The Warwick Rowers #URL# </document>
    <document> New post added to #URL# - Alexi Lalas: Team USA soccer players should be required to stand #URL# </document>
    <document> People Now Friday, September 29, 2017 #URL# </document>
    <document> New post added to #URL# - Trump US-Mexico Border Wall Models Building Begins #URL# </document>
    <document> New post added to #URL# - Charli XCX performs "Boys" while surrounded by boys in "Fallon" (video) #URL#></document>
    <document> New post added to #URL# - Blac Chyna says she is determined to "get... #URL# </document>
    <document> New post added to #URL# - “Lt. General Jay Silveria is a better leader than Donald Trump” link #URL# ></document>
    <document> New post added to #URL# - Cynthia Bailey's ex Peter Thomas confronts her new man, begs her... #URL# ></document>
    <document> New post added to #URL# - Taraji P. Henson Proudly Doing Laundry: "This Keeps Me Normal" #URL# </document>
    <document> New post added to #URL# - Lynda Carter had time for James Cameron #URL# </document>
    <document> New post added to #URL# - Kylie Jenner would have left for Texas to terminate her pregnancy... #URL# ></document>
    <document> New post added to #URL# - Camilla Forchhammer Christensen Sexy for Glamor Italia August 2017 #URL# </document>
    <document> New post added to #URL# - Why Mario Batali says Gwyneth Paltrow is his favorite sous chef #URL# </document>
    <document> New post added to #URL# - Everything we know about the possibility of a Sex and the City reunion #URL# </document>
    <document> New post added to #URL# - Amber Heard was making out with a mysterious rando Aussie muscle #URL# </document>
    <document> New post added to #URL# - Sam Heughan launches Barbour Signature Collection in New York! #URL# </document>
    <document> New post added to #URL# - Bruce Willis will return for new movie "Die Hard": Report #URL# </document>
    <document> New post added to #URL# - Hugh Hefner left his wife, Crystal Harris, nothing in his will #URL#></document>
    <document> New post added to #URL# - Gray &amp; Advthe Lavigne: 'Wings Clipped' - Stream, Lyrics &amp; Downloading! #URL# </document>
    <document> New post added to #URL# - FULL EPISODE </document>
    <document> New post added to #URL# - Luke Bryan Announces He and Lionel Richie Will Join "American Idol" #URL# </document>
    <document> New post added to #URL# - Tony and October Gonzalez prepare a fantastic game day dish: see #URL# </document>
    <document> New post added to #URL# - 'SNL' veteran Bobby Moynihan reveals last time he was embarrassed! #URL# </document>
    <document> New post added to #URL# - Chicago Circus jumps elephants, brings rescue pit bulls to the ring #URL# </document>
    <document> New post added to #URL# - After a "devastating loss" Blake Shelton and Gwen... #URL# ></document>
    <document> New post added to #URL# - "American Idol" finally has full lineup for judges #URL# </document>
    <document> New post added to #URL# - There is a "Men in Black" spin-off coming in 2019 #URL# </document>
    <document> New post added to #URL# - Kelly Clarkson &amp; Vanessa Hudgens inspires young people at WE Day 2017 #URL# </document>
    <document> New post added to #URL# - Ariel Winter Cleavage a Do Wacka Do #URL# </document>
    <document> New post added to #URL# - Colin Kaepernick channels Tupac, 'Me Against the World' #URL# </document>
    <document> New post added to #URL# - Khloe Kardashian and Kylie Jenner plan naked pregnancy... #URL# ></document>
    <document> New post added to #URL# - 44 stars and their bumps #URL# </document>
    <document> New post added to #URL# - Blac Chyna to join Amber Rose's SlutWalk, 'Got Rob in my sights!!!' #URL# </document>
    <document> New post added to #URL# - Michael Jordan takes his hot wife to dinner in rare $400 Air Jordans #URL# </document>
    <document> New post added to #URL# - Zooey Deschanel says she has "changed... #URL# </document>
    <document> New post added to #URL# - Kate Mara's topless lesbian debut in this week's Mr. Skin Minute (VIDEO) #URL# </document>
    <document> New post added to #URL# - Gabourey Sidibe dazzles in silver dress at the "Empire"... #URL# ></document>
    <document> New post added to #URL# - Lynda Carter put Wonder Woman critic James Cameron in his place #URL# </document>
    <document> New post added to #URL# - NBA Dennis Schroder arrested for battery in ATL #URL# </document>
    <document> New post added to #URL# - Jimmy Kimmel Reveals Brand New Kardashian Spin-Off - Watch Now! #URL# </document>
    <document> New post added to #URL# - Birthday Sluts #URL#></document>
    <document> New post added to #URL# - Soccer star Mario Balotelli welcomes second child #URL# </document>
    <document> New post added to #URL# - "American Idol" announced for the announcement of Lionel Richie and Luke Bryan as judges #URL# </document>
    <document> New post added to #URL# - Jennifer Lawrence reveals cleavage in 'Red Sparrow' trailer (VIDEO) #URL# </document>
    <document> New post added to #URL#- Jared Leto: Jackass of All Trades #URL# ></document>
    <document> New post added to #URL# - Bella Hadid in her underwear in Elle #URL# </document>
    <document> New post added to #URL# - Hot Slut Of The Day! #URL# </document>
    <document> New post added to #URL# - Ellen Page has Kristen Wiig's name tattooed on her arm #URL# </document>
    <document> New post added to #URL# - Tennessee man allegedly rips out woman's eyes during #URL# attack </document>
    <document> New post added to #URL# - The 'Sex &amp; The City 3 Movie Officially Won't Be Produced - Find Out Why! #URL# </document>
    <document> New post added to #URL# - Dennis Schroder started fight at hookah bar, cops say #URL# </document>
    <document> New post added to #URL# - Lynda Carter shoots back at James Cameron&amp;apos;s &amp;apos;Thuggish&amp;apos;... #URL# ></document>
    <document> New post added to #URL# - Ariel Winter calls Inside Edition for interviewing her estranged mother #URL# </document>
    <document> New post added to #URL# - Why Twitter is going crazy over Dr. Seuss #URL# </document>
    <document> New post added to #URL# - Ryan Seacrest leaving Kelly Ripa and "Live"?... #URL# ></document>
    <document> New post added to #URL# - Matthew Rhys said the sweetest things about partner Keri Russell #URL# </document>
    <document> New post added to #URL# - UFC's Tony Ferguson: Hey Werdum, I'll really beat you #URL# </document>
    <document> New post added to #URL# - Tina Knowles: Beyonce's twins are "awesome", Blue Ivy "prayed for them" #URL#></document>
    <document> New post added to #URL# - Heidi Klum fond of mushrooms and other cool things for Ogle #URL# </document>
    <document> New post added to #URL# - Lana Del Rey &amp; Jhene Aiko Unite After Announcing 'LA to the Moon Tour'! #URL# </document>
    <document> New post added to #URL# - Hugh Hefner's children gather for dinner to mourn their father's death #URL# </document>
    <document> New post added to #URL# - Bruce Willis ready to return for new movie "Die Hard" #URL# </document>
    <document> New post added to #URL# - Ian Somerhalder &amp; Nikki Reed mountain biking to start the day #URL# ></document>
    <document> New post added to #URL# - Rob Kardashian pays Chyna $20,000 a month, but there's a problem #URL#></document>
    <document> New post added to #URL# - Holly Willoughby celebrates her son Chester's birthday with a sweet photo #URL# </document>
    <document> New post added to #URL# - Jared Leto denied giving used condoms to cast of "Suicide Squad" #URL#></document>
    <document> New post added to #URL# - Savannah Guthrie defends Megyn Kelly during scandal on her show today #URL# </document>
    <document> New post added to #URL# - NFL Sean Smith pleads not guilty to felony assault #URL#></document>
    <document> New post added to #URL# - Tim Tebow &amp; Savannah Chrisley: We're not dating, just friends! #URL# </document>
  
</author><document> New post added at #URL# - Kailyn Lowry reveals she's not broken up with baby daddy Chris... #URL# ></document>
    <Document> New post added at #URL# - Top Shots (Week of September 24, 2017) #URL# ></Document>
    <document> New post added at #URL# - Princess Charlene tries a side pony in Monaco: cute or cute? #URL# ></document>
    <document> New post added at #URL# - Daddy Yankee donates $1 million to Puerto Rico for hurricane relief #URL# ></document>
    <document> New post added at #URL# - Travis Scott spoils Kylie with jewelry, foot massages and... #URL# ></document>
    <document> New post added at #URL# - Justin "Bobby" Brescia explains why he wore combat boots on the beach #URL# ></document>
    <Document> New post added at #URL# - Hugh Hefner will be remembered for his civil rights work, but also for... #URL# ></Document>
    <document> New post added at #URL# - Kaley Cuoco's Furry Family: Meet Her and Karl Cook's Many Pets #URL# ></document>
    <document> New post added at #URL# - Hugh Hefner photos show mogul frail months before death #URL# ></document>
    <document> New post added at #URL# - Kim Kardashian confirms third child is on the way with Kanye West via... #URL# ></document>
    <document> New post added at #URL# - 50 cent claims Trump offered him $500,000 to campaign #URL# ></document>
    <document> New post added at #URL# - Sarah Jessica Parker just confirmed that Sex and the City 3 is not happening #URL# ></document>
    <document> New post added at #URL# - Kevin Hart being whipped in a chicken suit on the set of the new movie #URL# ></document>
    <document> New post added at #URL# - Gigi Hadid commando cleavage in revealing white dress #URL# ></document>
    <document> New post added at #URL# - Funny GIF of the day: Monkeying Around #URL# ></document>
    <document> New post added at #URL# - Dove Cameron looks stunning for 'Beautiful!' - Look at the pictures! #URL# ></document>
    <document> New post added at #URL# - Idris Elba reveals he auditioned for the role of Gaston in Beauty and the Beast #URL# ></document>
    <Document> New post added at #URL# - TMZ Live: Rob Kardashian &amp; Blac Chyna: Money War! #URL# ></document>
    <document> New post added at #URL# - O.J.'s release may be blocked... Prison doesn't want 'another Diana' #URL# ></document>
    <Document> New post added at #URL# - Crystal Hefner is unlikely to inherit anything from Hef's estate #URL# ></Document>
    <Document> Added new post at #URL# - O.J. Simpson could be out of prison by Sunday #URL# ></document>
    <document> Added new post at #URL# - Top 3 sales this weekend and exact buy recommendations #URL# ></document>
    <document> New post added at #URL# - Krystle Lina pokies and cleavage show off her wicked hot body in LA #URL# ></document>
    <document> New post added at #URL# - Demi Lovato reveals her main reason for being sober #URL# ></document>
    <Document> Added new post at #URL# - Will the end of "FixerUpper mean big problems for HGTV? #URL# ></document>
    <document> New post added at #URL# - Demi Lovato reveals Christina Aguilera's new album "Really Inspired" #URL# ></document>
    <Document> New post added at #URL# - Adam Brody is "okay" with always being known as "Seth Cohen of the O.C."! #URL# ></document>
    <Document> New post added at #URL# - Blanca Blanco Bikini in Malibu #URL# ></Document>
    <Document> New post added at #URL# - BØRNS: 'Sweet Dreams' Stream, Lyrics &amp; Download - Listen Here! #URL# ></document>
    <Document> New post added at #URL# - Gwen Stefani: 'Santa Baby' - Stream, Lyrics &amp; Download! #URL# ></document>
    <document> New post added at #URL# - Camila Cabello dedicates "Havana" to the dreamers in Today - Watch! #URL# ></document>
    <Document> Added new post at #URL# - Open Post: Hosted by The Long Shafts Of The Warwick Rowers #URL# ></Document>
    <document> New post added at #URL# - Alexi Lalas: Team USA soccer players should be required to stand #URL# ></document>
    <Document> People Now Friday, September 29, 2017 #URL# ></Document>
    <document> New post added at #URL# – Construction begins on models of Trump's US-Mexico border wall #URL# ></document>
    <document> Added new post at #URL# - Charli XCX plays "Boys" while surrounded by boys in "Fallon" (video) #URL# ></document>
    <document> New post added at #URL# - Blac Chyna says she's determined to get "... #URL# ></document>
    <Document> New post added at #URL# - “Lt. Gen. Jay Silveria is a better leader than Donald Trump links #URL# ></document>
    <document> New post added at #URL# - Cynthia Bailey's ex Peter Thomas confronts her new husband, begging her... #URL# ></document>
    <document> New post added at #URL# - Taraji P. Henson proudly doing her own laundry: "It keeps me sane" #URL# ></document>
    <Document> Added new post at #URL# - Lynda Carter had time for James Cameron #URL# ></Document>
    <document> New post added at #URL# - Kylie Jenner is reportedly flying to Texas to end the pregnancy... #URL# ></document>
    <document> New post added at #URL# - Camilla Forchhammer Christensen Sexy for Glamor Italy August 2017 #URL# ></document>
    <document> New post added at #URL# - Why Mario Batali says Gwyneth Paltrow is his favorite sous chef #URL# ></document>
    <document> New post added at #URL# - Everything we know about the possibility of a Sex and the City reunion #URL# ></document>
    <document> New post added at #URL# - Amber Heard made out with a mysterious handsome Aussie rando #URL# ></document>
    <document> New post added at #URL# - Sam Heughan launches Barbour Signature Collection in NYC! #URL# ></document>
    <document> New post added at #URL# - Bruce Willis returns for new Die Hard movie: report #URL# ></document>
    <document> New post added at #URL# - Hugh Hefner did not leave his wife Crystal Harris, all in his will #URL# ></document>
    <Document> Added new post at #URL# - Gray &amp; Avril Lavigne: 'Wings Clipped' - streaming, lyrics &amp; Download! #URL# ></document>
    <Document> Added new post at #URL# - FULL EPISODE ></Document>
    <document> New post added at #URL# - Luke Bryan announces he and Lionel Richie are joining American Idol #URL# ></document>
    <document> New post added at #URL# - Tony and October Gonzalez prepare an impressive game day meal: Check out #URL# ></document>
    <document> New post added at #URL# - 'SNL' veteran Bobby Moynihan reveals the last time he was embarrassed! #URL# ></document>
    <document> New post added at #URL# - Chicago Circus skips elephants, brings rescue pit bulls into ring #URL# ></document>
    <Document> New post added at #URL# - After a 'devastating loss' of Blake Shelton and Gwen... #URL# ></Document>
    <document> New post added at #URL# - American Idol finally has a full judges lineup #URL# ></document>
    <document> New post added at #URL# - In 2019 there will be a Men in Black spinoff #URL# ></document>
    <Document> New post added at #URL# - Kelly Clarkson &amp; Vanessa Hudgens inspires youth at WE Day 2017 #URL# ></document>
    <document> New post added at #URL# – Ariel Winter Cleavage a Do Wacka Do #URL# ></document>
    <document> New post added at #URL# - Colin Kaepernick Channels Tupac, "Me Against the World" #URL# ></document>
    <Document> New post added at #URL# - Khloe Kardashian and Kylie Jenner planning nude pregnancy... #URL# ></Document>
    <document> New post added at #URL# - 44 stars and their baby bumps #URL# ></document>
    <Document> Added new post at #URL# - Blac Chyna will be taking part in Amber Rose's SlutWalk, "I've got my eye on Rob!!!" #URL# ></document>
    <document> New post added at #URL# - Michael Jordan takes hot wife to dinner in rare $400 Air Jordans with #URL# ></document>
    <document> New post added at #URL# - Zooey Deschanel claims it is "changed... #URL# ></document>
    <document> New post added at #URL# - Kate Mara's topless lesbian debut in this week's Mr. Skin Minute (VIDEO) #URL# ></document>
    <document> New post added at #URL# - Gabourey Sidibe stuns in silver dress at Empire... #URL# ></document>
    <document> New post added at #URL# - Lynda Carter has put Wonder Woman critic James Cameron in his place #URL# ></document>
    <document> New post added at #URL# - NBA's Dennis Schroder arrested for battery in ATL #URL# ></document>
    <document> New Post Added at #URL# - Jimmy Kimmel Reveals the Latest Kardashian Spin-Off Show - Watch Now! #URL# ></document>
    <Document> New post added at #URL# - Birthday Sluts #URL# ></Document>
    <document> New post added at #URL# - Soccer star Mario Balotelli welcomes second child #URL# ></document>
    <document> New post added at #URL# - 'American Idol' to announce Lionel Richie and Luke Bryan as judges #URL# ></document>
    <document> New post added at #URL# - Jennifer Lawrence reveals her cleavage in Red Sparrow trailer (VIDEO) #URL# ></document>
    <Document> Added new post at #URL#- Jared Leto: Jack of all trades #URL# ></document>
    <document> New post added at #URL# - Bella Hadid relaxing in her lingerie in Elle #URL# ></document>
    <Document> Added new post at #URL# - Hot Bitch of the Day! #URL# ></document>
    <document> New post added at #URL# - Ellen Page tattooed Kristen Wiig's name on her arm #URL# ></document>
    <document> Added new post at #URL# - Tennessee man allegedly rips out woman's eyes in attack #URL# ></document>
    <Document> Added new post at #URL# - The 'Sex &amp; The City 3' Movie Is Officially Canceled - Find Out Why! #URL# ></document>
    <document> New post added at #URL# - Dennis Schroder initiated brawl in hookah bar, cops say #URL# ></document>
    <Document> Added new post at #URL# - Lynda Carter fires back at James Cameron's 'Thuggish'... #URL# ></document>
    <document> New post added at #URL# - Ariel Winter calls Inside Edition for an interview with her estranged mother #URL# ></document>
    <Document> Added new post at #URL# - Why Twitter is crazy about Dr. Seuss is #URL# ></Document>
    <Document> New post added at #URL# - Ryan Seacrest leaving Kelly Ripa and 'alive'?... #URL# ></document>
    <document> New post added at #URL# - Matthew Rhys said the cutest things about his partner Keri Russell #URL# ></document>
    <document> New post added at #URL# - UFC's Tony Ferguson: Hey Werdum, I'll give you a serious ass slap #URL# ></document>
    <document> New post added at #URL# - Tina Knowles: Beyoncé's twins are 'amazing', Blue Ivy 'prayed for them' #URL# ></document>
    <document> New post added at #URL# – Heidi Klum Fungus Enthusiast and other nice things to ogle #URL# ></document>
    <Document> New post added at #URL# - Lana Del Rey &amp; Jhene Aiko Unite After Announcing LA to the Moon Tour! #URL# ></document>
    <document> New post added at #URL# - Hugh Hefner's sons gather for dinner to mourn father's death #URL# ></document>
    <document> New post added at #URL# - Bruce Willis returns for new Die Hard movie #URL# ></document>
    <Document> New post added at #URL# - Ian Somerhalder &amp; Nikki Reed starts the day with her mountain bike #URL# ></document>
    <document> New post added at #URL# - Rob Kardashian pays Chyna $20,000 a month, but there's a catch #URL# ></document>
    <document> New post added at #URL# - Holly Willoughby celebrates her son Chester's birthday with a cute photo #URL# ></document>
    <document> New post added at #URL# - Jared Leto denied giving used condoms to the 'Suicide Squad' cast #URL# ></document>
    <document> New post added at #URL# - Savannah Guthrie defends Megyn Kelly amid her scandal on The Today Show #URL# ></document>
    <document> New post added at #URL# - NFL's Sean Smith pleads not guilty to felony assault #URL# ></document>
    <Document> Added new post at #URL# - Tim Tebow &amp; Savannah Chrisley: We're not dating, just friends! #URL# ></document>
  
</author>