
  
    <document> RT #USER#: #USER# Don't pretend to care for America, you only care for your interests - which are anti-American. ></document>
    <document> #USER# #USER# #USER# That was your right to do so. Making you do it is taking your rights away just like owning a gun ></document>
    <document> RT #USER#: #USER# #USER# #USER# #USER# Yes. It will be with utmost sadness that we will read of the tragic s… ></document>
    <document> RT #USER#: #USER# #USER# HA! Bloomberg wouldn't last a year in office! He would "suicide" in the first quarter! Hillary will do… ></document>
    <document> RT #USER#: Biden thinks illegals are a gift to Society? What his drinking or smoking?🤔I forgot his democrat and illegals are a gift to… ></document>
    <document> RT #USER#: #USER# There is no limit to the amount of taxpayer money House Democrats are willing to spend to take down and remov… ></document>
    <document> RT #USER#: #USER# Have we ever had a congresswomen marry her brother? Just saying. ></document>
    <document> #USER# #USER# #USER# Thats a deep subject. ></document>
    <document> Trump Supporter Cleaning San Francisco Silences Liberal Critics With A Simple Question (VIDEO) #URL# via #USER# ></document>
    <document> RT #USER#: Roger Stone demands a NEW trial after jury foreperson was revealed to be virulent anti-Trump Democrat.  What are the odds… ></document>
    <document> #USER# #USER# Yep just keep them coming you people are the best promotional ads for Trump. Trump 2020 ></document>
    <document> Why did we send money down there to keep them there   more wasted money. BUSTED: Biden Admits Obama Kept Kids In Ca… #URL# ></document>
    <document> Lil Bloomberg  considering picking Hillery as his running mate in 2020 Demo race to help take on Trump' He must have a death wish. ></document>
    <document> Wounded Veteran Chose His Service Dog To Be The Best Man At His Wedding #URL# ></document>
    <document> #USER# #USER# Could very well be ></document>
    <document> RT #USER#: A caller wanted to talk to Rush Limbaugh's producer after they were done talking.   After the break, Rush got emotional as… ></document>
    <document> RT #USER#: #USER# This impeachment, as any honest and thinking person knows, is a complete hoax, concocted by the liberal estab… ></document>
    <document> That would great living right in the middle  the Judge can hand that down. No guards no guns no servants etc etc et… #URL# ></document>
    <document> #USER# #USER# #USER# It's called communism ></document>
    <document> They're creating a whole department to shield the identity's have dared non existent whistle blowers. You know they… #URL# ></document>
    <document> RT #USER#: #USER# Um yes we have Einstein. #USER# delivered his State of the Union on January 19th he was impeached on Decemb… ></document>
    <document> RT #USER#: #USER# #USER# #USER# #USER# God I am so upset right now Trump gave an incredible speech for those… ></document>
    <document> RT #USER#: #USER# #USER# #USER# #USER# #USER# #USER# #USER# If she was doing exactly what the other prot… ></document>
    <document> RT #USER#: ✖Rule of law, rule of law, rule of law #USER# please STFU ✖You guys just don't get it, NO 1 BELIEVES ANYTHING YOU SAY… ></document>
    <document> #USER# #USER# The media is communistic controlled they will make him a saint ></document>
    <document> #USER# #USER# #USER# Hummmm there isn't a law against abortion they are killing babies every day where have you been ></document>
    <document> RT #USER#: #USER# I'm so sorry to hear about President Bloomberg's impending suicide from 2 self-inflicted gun shots to the back of th… ></document>
    <document> RT #USER#: #USER# President #USER# has made America great again. His tax, regulatory, trade, and America first, free… ></document>
    <document> RT #USER#: #USER# #USER# #USER# #USER# #USER# #USER# #USER# Rashida is above the law. Impeach her. ></document>
    <document> RT #USER#: I didn’t even know the DNC had a war room! And shouldn’t the little climate gremlin be addressing fake climate change? So… ></document>
    <document> Rush Visibly Emotional After Caller Offers To Donate His Own Lung To Help Him Fight Cancer #URL# ></document>
    <document> #USER# #USER# #USER# #USER# How can you say that when he takes 1 dollar to make it leg… #URL# ></document>
    <document> RT #USER#: #USER# Praying forRush 🙏🏻❤️ #URL# ></document>
    <document> RT #USER#: #USER# #USER# #USER# #USER# #USER# #USER# #USER# So the others got arrested and she gets off… ></document>
    <document> #USER# #USER# #USER# #USER# #USER# #USER# #USER# ann/salaries/high/$108,697/low as $21… #URL# ></document>
    <document> RT #USER#: #USER# #USER# #USER# You've done more for SF than any politician.  You should run for Congress in tha… ></document>
    <document> RT #USER#: #USER# Alternative headline: “Michael Bloomberg Exhibits Suicidal Tendencies.” #HASHTAG# ></document>
    <document> RT #USER#: #USER# #USER# This person has absolutely no idea what she is talking about and should not hold any office wh… ></document>
    <document> RT #USER#: Has Catturd seen this yet? I want him to make up some new lyrics! #URL# ></document>
    <document> #USER# #USER# #USER# #USER# Planned Parenthood does it everyday. ></document>
    <document> Nadler Finds 'Another Quid Pro Quo' Hiding in Plain Sight #URL# ></document>
    <document> Vietnam Pastor Eats Insects, Mice And Frogs To Survive In Jail #URL# via #USER# Portal ></document>
    <document> RT #USER#: Daly reminder: Followers of God Cannot vote democrat the party of:  Baby murder Infanticide Socialism Same sex marriage… ></document>
    <document> RT #USER#: Let’s make it happen folks. #USER# wants this vid to go viral—grant him that wish.   He’s worked tirelessly since… ></document>
    <document> #USER# #USER# He must have a death wish ></document>
    <document> Louder with Crowder #URL# via #USER# ></document>
    <document> RT #USER#: #USER# 1) Bloomberg buys election  2) Hillary becomes VP 3) Bloomberg is found with 2 in the back of the head. Investigati… ></document>
    <document> RT #USER#: #USER# #USER# When Bill was #HASHTAG# she pulled all the strings. I think she’s finally realized she’s never going to win a pre… ></document>
    <document> #USER# #USER# #USER# I really think she is dumb because you don't ask a dumb question unless you are dumb ></document>
    <document> #USER# #USER# #USER# Thank you for being such a wonderful promoter for Trump. Trump will b… #URL# ></document>
    <document> RT #USER#: Kevin McCarthy:   Adam Schiff is a 'Liar'   #URL# ></document>
    <document> GOP candidate Kimberly Klacik believes pro-Trump agenda can flip Elijah Cummings's district red  #URL# ></document>
    <document> RT #USER#: #USER# We can never thank Rush enough! ></document>
    <document> #USER# #USER# Big of him or short he won't have to pay taex there ></document>
    <document> RT #USER#: #USER# #USER# #USER# #USER# It’s very sad that Pelosi is so full of HATE that her constituen… ></document>
    <document> REBUTTAL: We Need Borders and Here’s Why ></document>
    <document> RT #USER#: Hold my beer while I take this roundabout.   100 miles an hour   A drunk woman walks away from this....  #URL#… ></document>
    <document> RT #USER#: The deep state appears to be encouraging Antifa. At the same time, Trump's support is increasing rapidly. Are they creating… ></document>
    <document> #USER# #USER# He doesn't even have to have suicidal tendencies. They will make one up ></document>
    <document> RT #USER#: #USER# #USER# #USER# If this had been a trial in federal court; the judge would have dismissed it with… ></document>
    <document> RT #USER#: #USER# #USER# Only someone with suicidal tendencies would hire Clinton as VP. He probably already has a gun rigge… ></document>
    <document> RT #USER#: #USER# “Pick me Mike.  You’ll be completely safe.” #URL# ></document>
    <document> #USER# #USER# #USER# #USER# #USER# He won't work for a dollar he is a dem ></document>
    <document> RT #USER#: #USER# #USER# I think you are underestimating Hill Dog's craven nature and lifelong commitment to being evil.  She… ></document>
    <document> Beaten And Thrown Out By Family, Harassed By Community, For Believing In Jesus Christ; The Story Of Sadiq Sharif… #URL# ></document>
    <document> RT #USER#: #USER# #USER# #USER# #URL# ></document>
    <document> RT #USER#: Why do the facts never mean anything the Democrats? #URL# ></document>
    <document> RT #USER#: When will #HASHTAG# declare he will work for $1 like #USER#?!  #USER# is worth $62 Billion!  The 1st thing #HASHTAG#… ></document>
    <document> #USER# #USER# #USER# #USER# And that is..................? ></document>
    <document> You will pay more taxes. You will not be delighted about it. And you will not get anything in return that will make… #URL# ></document>
    <document> RT #USER#: Figures. Anyone connected to Soros is evil #URL# ></document>
    <document> #USER# #USER# #USER# You need a trip to the WH that would be wonderful for you Scott. Got… #URL# ></document>
    <document> RT #USER#: An orangutan at a conservation forest in Indonesia was photographed stretching out its hand to a warden, in a photo tha… ></document>
    <document> RT #USER#: Yes, she said it. Watch &amp; listen: #USER# “what difference does it make” 😪😢😪😢 #URL# ></document>
    <document> 7 Things You Probably Didn't Know About Peter Pan #URL# ></document>
    <document> RT #USER#: #USER# Extremely successful President Trump will make history being the first President to be impeached and then reelected i… ></document>
    <document> #USER# #USER# Why because he tells the truth? ></document>
    <document> #USER# Look it up omar don't you know how to educate your self. ></document>
    <document> RT #USER#: #USER# “I’ll be a benevolent dictatuh, promise.” #URL# ></document>
    <document> RT #USER#: #USER# It's disgraceful that millions of taxpayer dollars are being wasted because of House Democrats, who concocted… ></document>
    <document> RT #USER#: #USER# #USER# #USER# #USER# #USER# #USER# #USER# Oh so she got special treatment. Seems to b… ></document>
    <document> RT #USER#: #HASHTAG# ALERT!  JOIN the FASTEST GROWING CONSERVATIVES NETWORK ON TWITTER! COME WITH US! NO TICKET REQUIRED! ☦️… ></document>
    <document> #USER# #USER# That will at least point them out ></document>
    <document> Brazil’s President Publicly Declares His Faith in Jesus Christ, Says ‘Brazil Belongs to God’ #URL# via #USER# Portal ></document>
    <document> #USER# #USER# #USER# #USER# Communist orange juice not yet anyway ></document>
    <document> Trey Gowdy Shreds Democrats for Calling for AG Barr's Resignation #URL# ></document>
    <document> #USER# #USER# Too bad it was in the house, you got cheated ha had to sit there in all white and laugh and p… #URL# ></document>
    <document> 6 Things You Didn't Know About Utah #URL# ></document>
    <document> RT #USER#: #USER# The swamp is a lot deeper than what most think. For over 30 years it has been festering and growing in our g… ></document>
    <document> RT #USER#: #USER# #USER# #USER# #USER# #USER# #USER# #USER# So the others got arrested, but she didn't? ></document>
    <document> RT #USER#: #USER# No matter what the Democrats in congress, their socialists supporters, and their mainstream media allies say,… ></document>
    <document> RT #USER#: #USER# #USER# #USER# #USER# #USER# #USER# #USER# Honestly how embarrassing is that?! She’s… ></document>
    <document> RT #USER#: I was cleaning up the streets of San Francisco &amp; this young woman became very aggressive.   I don’t know what came over m… ></document>
    <document> RT #USER#: #USER# #USER# I imagine she could arrange that. ></document>
    <document> RT #USER#: Racing fans are showing their support for #USER# ahead of the president’s #HASHTAG# visit this Sunday 🇺🇸🏁 htt… ></document>
    <document> RT #USER#: #USER# #USER# #USER# #USER# The best thing the government Can do for the economy and it’s people i… ></document>
    <document> #USER# #USER# He is already loosing ></document>
    <document> She’s a democrat.  Nothing will happen to her .  They will cover up for her, I’m  sure !! Rep Omar Marriage Scandal… #URL# ></document>
    <document> RT #USER#: #USER# #USER# #USER# #USER#, you will have your well-deserved place in history and wi… ></document>
    <document> Nobody  ever says anything about what she spends. Nancy Pelosi Charged The Air Force Nearly $200k To Fly Her Family… #URL# ></document>
  
</author>
<document> RT #USER#: #USER# Don't pretend to care about America, just care about your own interests - which are anti-American. >></document>
    <document> #USER# #USER# #USER# It was your right to do so. Making you do it is depriving you of your rights just like owning a gun </document>
    <document> RT #USER#: #USER# #USER# #USER# #USER# Yes. It will be with great sadness that we will read about the tragic s... ></document>
    <document> RT #USER#: #USER# #USER# HA! Bloomberg wouldn't last a year in office! He allegedly "committed suicide" in the first quarter! Hillary will... </document>
    <document> RT #USER#: Does Biden think illegal immigrants are a gift to society? What are you drinking or smoking?🤔 I forgot your democrat and illegal immigrants are a gift for... </document>
    <document> RT #USER#: #USER# There is no limit to the amount of taxpayer money House Democrats are willing to spend to bring down and remove... </document>
    <document> RT #USER#: #USER# Have we ever had a congresswoman marry her brother? I'm just saying. >></document>
    <document> #USER# #USER# #USER# This is a deep topic. >></document>
    <document> Trump supporter cleaning up San Francisco silences liberal critics with simple question (VIDEO) #URL# via #USER# ></document>
    <document> RT #USER#: Roger Stone calls for NEW trial after jury foreman revealed to be virulent anti-Trump Democrat. What are the odds... </document>
    <document> #USER# #USER# Yea keep them coming you people are the best ads for Trump. Trump 2020 </document>
    <document> Why did we send money over there to keep it there more wasted money. ENOUGH: Biden admits Obama kept the kids in Ca... #URL# ></document>
    <document> Lil Bloomberg is considering casting Hillery as his running mate in the 2020 demo race to help tackle Trump's Must Have a Death Wish. >></document>
    <document> Wounded veteran chose his guide dog as best man at his wedding #URL# </document>
    <document> #USER# #USER# Could very well be </document>
    <document> RT #USER#: A caller wanted to speak to Rush Limbaugh's producer after they finished talking. After the break, Rush got excited because... </document>
    <document> RT #USER#: #USER# This impeachment, as any honest and thoughtful person knows, is a complete hoax, concocted by the liberal establishment... ></document>
    <document> It would be great to live right in the middle that the judge can hand down. No guards no guns no servants etc etc et… #URL# ></document>
    <document> #USER# #USER# #USER# It's called communism </document>
    <document> They're setting up an entire department to protect the identity of daring non-existent whistleblowers. Did you know that... #URL# </document>
    <document> RT #USER#: #USER# Erm yes, we have Einstein. #USER# pronounced his State of the Union on January 19 and was impeached on December... ></document>
    <document> RT #USER#: #USER# #USER# #USER# #USER# God I'm so shocked right now Trump gave an amazing speech for those... </document>
    <document> RT #USER#: #USER# #USER# #USER# #USER# #USER# #USER# #USER# If he was doing exactly what the other prot... ></document>
    <document> RT #USER#: ✖Rule of law, rule of law, rule of law #USER# please STFU ✖You guys just don't understand, NOBODY 1 BELIEVES ANYTHING ABOUT YOU... ></document>
    <document> #USER# #USER# The media is controlled by the communists they will holy </document>
    <document> #USER# #USER# #USER# Hummmm there is no law against abortion they are killing babies every day where have you been ></document>
    <document> RT #USER#: #USER# I am so sorry to hear of President Bloomberg's impending suicide by 2 self-inflicted gunshots to the back of the... </document>
    <document> RT #USER#: #USER# President #USER# has made America great again. Its taxes, regulations, trade and America first, free... </document>
    <document> RT #USER#: #USER# #USER# #USER# #USER# #USER# #USER# #USER# Rashida is above the law. Impeach her. >></document>
    <document> RT #USER#: I didn't even know the DNC had a war room! And shouldn't the little climate gremlin address fake climate change? So... ></document>
    <document> Rush visibly excited after caller offers to donate his lung to help fight cancer #URL# </document>
    <document> #USER# #USER# #USER# #USER# How can you tell when it takes 1 dollar to make it... #URL# ></document>
    <document> RT #USER#: #USER# Pray for Rush 🙏🏻❤️ #URL# </document>
    <document> RT #USER#: #USER# #USER# #USER# #USER# #USER# #USER# #USER# So the others have been arrested and she is leaving... </document>
    <document> #USER# #USER# #USER# #USER# #USER# #USER# #USER# ann/salaries/high/$108,697/low as $21… #URL# ></document>
    <document> RT #USER#: #USER# #USER# #USER# You have done more for SF than any other politician. You should run for Congress in that... </document>
    <document> RT #USER#: #USER# Alternative title: "Michael Bloomberg exhibits suicidal tendencies". #HASHTAG# </document>
    <document> RT #USER#: #USER# #USER# This person has absolutely no idea what he is talking about and shouldn't hold any office that... </document>
    <document> RT #USER#: Has Catturd seen it yet? I want you to come up with new lyrics! #URL# </document>
    <document> #USER# #USER# #USER# #USER# Planned Parenthood does this every day. >></document>
    <document> Nadler finds "another quid pro quo" hidden in plain sight #URL#></document>
    <document> Vietnam shepherd eats bugs, mice and frogs to survive in prison #URL# via #USER# portal </document>
    <document> RT #USER#: Daily Reminder: Followers of God Cannot Vote Democrat the Party of: Child Murder Infanticide Socialism Same-Sex Marriage... </document>
    <document> RT #USER#: Let's make this happen folks. #USER# wants this video to go viral: fulfill it. He has worked tirelessly since... </document>
    <document> #USER# #USER# Must have a death wish </document>
    <document> Stronger with Crowder #URL# via #USER# </document>
    <document> RT #USER#: #USER# 1) Bloomberg buys election 2) Hillary becomes VP 3) Bloomberg sits with 2 in the back of his head. Investigate... </document>
    <document> RT #USER#: #USER# #USER# When Bill was #HASHTAG# he pulled all the strings. I think he's finally figured out that he's never going to win a pre... </document>
    <document> #USER# #USER# #USER# I really think she's stupid because you don't ask a stupid question unless you're stupid </document>
    <document> #USER# #USER# #USER# Thank you for being such a wonderful advocate for Trump. Trump will be… #URL# </document>
    <document> RT #USER#: Kevin McCarthy: Adam Schiff is a 'liar' #URL# </document>
    <document>Republican nominee Kimberly Klacik believes pro-Trump agenda could flip Elijah Cummings district red #URL#></document>
    <document> RT #USER#: #USER# We can't thank Rush enough! >></document>
    <document> #USER# #USER# Big or small who won't have to pay taxes there </document>
    <document> RT #USER#: #USER# #USER# #USER# #USER# It is very sad that Pelosi is so full of HATE that her constituen... ></document>
    <document> REFUTATION: We need boundaries and here's why</document>
    <document> RT #USER#: Hold my beer as I take this roundabout. 100 miles per hour A drunk woman walks away from this.... #URL#… ></document>
    <document> RT #USER#: Deep state seems to be encouraging Antifa. At the same time, Trump's support is rapidly increasing. They are creating... </document>
    <document> #USER# #USER# Must not even be suicidal. They will invent one </document>
    <document> RT #USER#: #USER# #USER# #USER# Had this been a federal court case; the judge would have filed it with... </document>
    <document> RT #USER#: #USER# #USER# Only someone suicidal would hire Clinton as vice president. He probably already has a firearm... </document>
    <document> RT #USER#: #USER# “Choose me Mike. You will be completely safe. #URL# </document>
    <document> #USER# #USER# #USER# #USER# #USER# Won't work for a dollar it's a dem </document>
    <document> RT #USER#: #USER# #USER# I think you are underestimating Hill Dog's cowardly nature and lifelong commitment to being evil. She... ></document>
    <document> Beaten and thrown out of the family, harassed by the community, for having believed in Jesus Christ; The story of Sadiq Sharif… #URL# ></document>
    <document> RT #USER#: #USER# #USER# #USER# #URL# </document>
    <document> RT #USER#: Why do facts never mean anything to Democrats? #URL# </document>
    <document> RT #USER#: When will #HASHTAG# declare that it will work for $1 as #USER#?! #USER# is worth $62 billion! The first thing is #HASHTAG#... </document>
    <document> #USER# #USER# #USER# #USER# And that is...............? >></document>
    <document> You will pay more taxes. You won't be happy about it. And you won't get anything in return that makes you... #URL# ></document>
    <document> RT #USER#: Digits. Anyone connected tor Soros is evil #URL# ></document>
    <document> #USER# #USER# #USER# You need a trip to the WH that would be wonderful for you Scott. I have... #URL# ></document>
    <document> RT #USER#: An orangutan in a protected forest in Indonesia was photographed extending his hand to a guardian, in a photo that... </document>
    <document> RT #USER#: Yes, he said that. Watch and watch listen: #USER# "what difference does it make" 😪😢😪😢 #URL# </document>
    <document> 7 things you probably didn't know about Peter Pan #URL# </document>
    <document> RT #USER#: #USER# The highly successful President Trump will go down in history by being the first president to be impeached and reelected in... </document>
    <document> #USER# #USER# Why why tell the truth? >></document>
    <document> #USER# Search omar you don't know how to educate yourself. >></document>
    <document> RT #USER#: #USER# "I'll be a benevolent dictation, I promise." #URL# </document>
    <document> RT #USER#: #USER# It is shameful that millions of taxpayers' dollars are being wasted on House Democrats who invented... ></document>
    <document> RT #USER#: #USER# #USER# #USER# #USER# #USER# #USER# #USER# Oh, so he got some special treatment. It looks like b... </document>
    <document> RT #USER#: #HASHTAG# WARNING! JOIN THE FASTEST GROWING NETWORK OF CONSERVATORY ON TWITTER! COME WITH US! NO TICKET NEEDED! ☦️... ></document>
    <document> #USER# #USER# This will at least point to them </document>
    <document> The president of Brazil publicly declares his faith in Jesus Christ, stating that "Brazil belongs to God" #URL# via the #USER# portal </document>
    <document> #USER# #USER# #USER# #USER# Communist orange juice not yet anyway </document>
    <document> Trey Gowdy destroys Democrats for calling for AG Barr to resign #URL# </document>
    <document> #USER# #USER# Too bad he was in the house, you were cheated he had to sit there all white and laugh and p… #URL# ></document>
    <document> 6 Things You Didn't Know About Utah #URL# </document>
    <document> RT #USER#: #USER# The swamp is much deeper than you think. For over 30 years it has continued to rot and grow in our g… </document>
    <document> RT #USER#: #USER# #USER# #USER# #USER# #USER# #USER# #USER# So the others have been arrested, but haven't you? >></document>
    <document> RT #USER#: #USER# No matter what Democrats in Congress, their socialist supporters, and their mainstream media allies say,... </document>
    <document> RT #USER#: #USER# #USER# #USER# #USER# #USER# #USER# #USER# Honestly how embarrassing is that?! She is... </document>
    <document> RT #USER#: Cleaning up the streets of San Francisco &amp; this young woman has become very aggressive. I don't know what happened to m... </document>
    <document> RT #USER#: #USER# #USER# I guess you could arrange this. >></document>
    <document> RT #USER#: Racing fans are showing their support for #USER# ahead of the president's #HASHTAG# visit this Sunday 🇺🇸🏁 htt… ></docuchin>
    <document> RT #USER#: #USER# #USER# #USER# #USER# The best thing the government can do for the economy is the people who... </document>
    <document> #USER# #USER# Already leaking </document>
    <document> She is a Democrat. Nothing will happen to her. They will cover it I'm sure!! Rep. Omar Marriage Scandal… #URL# ></document>
    <document> RT #USER#: #USER# #USER# #USER# #USER#, you will have your deserved place in history and with... </document>
    <document> Nobody ever says anything about what they spend. Nancy Pelosi charged the Air Force nearly $200,000 to fly her family... #URL# ></document>
  
</author><Document> RT #USER#: #USER# Don't pretend to care about America, you only care about your interests - which are anti-American. ></document>
    <document> #USER# #USER# #USER# That was your right to do so. Forcing you to do so takes away your rights, just like owning a gun ></document>
    <Document> RT #USER#: #USER# #USER# #USER# #USER# Yes. It is with great sadness that we read of the tragic events... ></document>
    <Document> RT #USER#: #USER# #USER# HA! Bloomberg wouldn't last a year! He would "suicide" in the first quarter! Hillary will do it... ></document>
    <Document> RT #USER#: Biden thinks illegals are a gift to society? What is he drinking or smoking?
    <document> RT #USER#: #USER# There is no limit to the amount of taxpayer money House Democrats are willing to spend to eliminate... ></document>
    <Document> RT #USER#: #USER# Have we ever had a congresswoman marry her brother? Just say. ></document>
    <Document> #USER# #USER# #USER# This is a deep subject. ></document>
    <Document> Trump supporter cleaning up San Francisco silences liberal critics with a simple question (VIDEO) #URL# via #USER# ></document>
    <Document> RT #USER#: Roger Stone calls for NEW trial after jury foreman revealed to be virulent anti-Trump Democrat. What are the odds... ></document>
    <document> #USER# #USER# Yeah keep it up, you guys are the best ads for Trump. Trump 2020 ></document>
    <Document> Why did we send money there to keep them there, more wasted money. BUSTED: Biden admits Obama kept kids in jail... #URL# ></document>
    <Document> Lil Bloomberg is considering picking Hillery as his running mate in the 2020 demo race to help take on Trump. He must have a death wish. ></document>
    <document> Wounded veteran chose his service dog as best man at his wedding #URL# ></document>
    <document> #USER# #USER# Could very well be ></document>
    <Document> RT #USER#: A caller wanted to speak to the producer of Rush Limbaugh after they were done talking. After the break, Rush got emotional like... ></document>
    <document> RT #USER#: #USER# This impeachment trial, as any honest and thinking person knows, is a complete hoax concocted by the liberal establishment... ></document>
    <Document> That would be great to live in the middle of, the judge can pass it on. No guards, no weapons, no servants, etc. etc. etc. #URL# ></document>
    <document> #USER# #USER# #USER# It's called Communism ></document>
    <Document> They set up an entire department to protect the daring, non-existent whistleblowers of identity. You know them... #URL# ></document>
    <Document> RT #USER#: #USER# Um yeah, we have Einstein. #USER# delivered his State of the Union address on January 19th, he was indicted in December… ></document>
    <document> RT #USER#: #USER# #USER# #USER# #USER# God I'm just so upset that Trump gave an incredible speech for this... ></document>
    <Document>RT #USER#: #USER# #USER# #USER# #USER# #USER# #USER# #USER# If she did exactly what the other prote... ></document>
    <Document> RT #USER#: ✖Rule of law, rule of law, rule of law #USER# please STFU ✖You guys just don't get it, NO ONE BELIEVES EVERYTHING YOU SAY... ></document>
    <document> #USER# #USER# The media is communist controlled, they will make him a saint ></document>
    <document> #USER# #USER# #USER# Hummmm there is no law against abortion they kill babies every day where have you been ></document>
    <document> RT #USER#: #USER# I am so sorry to hear of President Bloomberg's imminent suicide by two self-inflicted shots in the back of the... ></document>
    <Document> RT #USER#: #USER# President #USER# made America great again. Its Tax, Regulatory, Trade and America First Free... ></document>
    <Document> RT #USER#: #USER# #USER# #USER# #USER# #USER# #USER# #USER# Rashida is above the law. blame her ></document>
    <Document> RT #USER#: I didn't even know the DNC had a war room! And shouldn't the little climate gremlin address false climate change? So... ></document>
    <document> Rush visibly emotional after caller offers to donate his own lungs to help him fight cancer #URL# ></document>
    <document> #USER# #USER# #USER# #USER# How can you say that when he takes $1 to make it... #URL# ></document>
    <Document> RT #USER#: #USER# Praying forRush 🙏🏻❤️ #URL# ></document>
    <Document> RT #USER#: #USER# #USER# #USER# #USER# #USER# #USER# #USER# So the others got arrested and she gets away... ></document>
    <Document> #USER# #USER# #USER# #USER# #USER# #USER# #USER# ann/salaries/high/$108.697/low as $21… #URL# ></document>
    <Document> RT #USER#: #USER# #USER# #USER# You've done more for SF than any politician. You should run for Congress in this... ></document>
    <Document> RT #USER#: #USER# Alternative headline: "Michael Bloomberg Shows Suicidal Tendency." #HASHTAG# ></document>
    <document> RT #USER#: #USER# #USER# This person has absolutely no idea what they're talking about and shouldn't hold a position where... ></document>
    <Document> RT #USER#: Has Catturd seen this yet? I want him to invent some new lyrics! #URL# ></document>
    <Document> #USER# #USER# #USER# #USER# Planned Parenthood does it every day. ></document>
    <Document> Nadler finds "another Quid Pro Quo" hiding in plain sight #URL# ></Document>
    <Document> Pastor from Vietnam Eats Insects, Mice and Frogs to Survive in Prison #URL# via #USER# Portal ></document>
    <Document> RT #USER#: Daily Reminder: Followers of God Cannot Democratize the Party of: Baby Murder Infanticide Socialism Same Sex Marriage... ></Document>
    <Document> RT #USER#: Make it happen folks. #USER# wants this video to go viral - grant him that wish. He has been working tirelessly since... ></document>
    <document> #USER# #USER# He must have a death wish ></document>
    <Document> Louder with Crowder #URL# via #USER# ></Document>
    <Document> RT #USER#: #USER# 1) Bloomberg buys election 2) Hillary becomes VP 3) Bloomberg is found with 2 in mind. Examine... ></document>
    <document> RT #USER#: #USER# #USER# When Bill was #HASHTAG#, she pulled all the strings. I think she finally realized that she will never win a pre... ></document>
    <document> #USER# #USER# #USER# I really think she's stupid because you don't ask a stupid question if you're not stupid ></document>
    <document> #USER# #USER# #USER# Thank you for being such a wonderful promoter for Trump. Trump will b… #URL# ></document>
    <Document> RT #USER#: Kevin McCarthy: Adam Schiff is a "liar" #URL# ></document>
    <document> GOP candidate Kimberly Klacik believes pro-Trump agenda can turn Elijah Cummings' District Red #URL# ></document>
    <document> RT #USER#: #USER# We can never thank Rush enough! ></document>
    <document> #USER# #USER# Big or small, he doesn't have to pay any fees there ></document>
    <document> RT #USER#: #USER# #USER# #USER# #USER# It is very sad that Pelosi is so full of HATE that her constituents... ></document>
    <document> CONTRADICTION: We need borders and here's why ></document>
    <Document> RT #USER#: Hold my beer while I take this roundabout. 100 miles an hour A drunk woman walks away from it.... #URL#... ></document>
    <Document> RT #USER#: The deep state appears to be encouraging Antifa. At the same time, Trump's support is growing rapidly. Create … ></document>
    <document> #USER# #USER# He doesn't even have to be suicidal. They will come up with a ></document>
    <Document> RT #USER#: #USER# #USER# #USER# If this had been a federal court trial; the judge would have dismissed it with … ></document>
    <document> RT #USER#: #USER# #USER# Only someone with suicidal thoughts would hire Clinton as VP. He probably already has some turret gear... ></document>
    <Document> RT #USER#: #USER# "Pick me, Mike. You will be perfectly safe." #URL# ></document>
    <document> #USER# #USER# #USER# #USER# #USER# He doesn't work for a dollar, he's a dem ></document>
    <document> RT #USER#: #USER# #USER# I think you underestimate Hill Dog's cowardly nature and lifelong commitment to being evil. You… ></document>
    <Document> beaten and kicked out by family, harassed by community for believing in Jesus Christ; The story of Sadiq Sharif… #URL# ></document>
    <Document> RT #USER#: #USER# #USER# #USER# #URL# ></document>
    <Document> RT #USER#: Why don't facts ever matter to Democrats? #URL# ></document>
    <Document> RT #USER#: When will #HASHTAG# declare that he will work like #USER# for $1?! #USER# is worth $62 billion! The first #HASHTAG#… ></document>
    <Document> #USER# #USER# #USER# #USER# And this is ...................? ></document>
    <Document> You pay more taxes. You won't be happy about that. And you don't get anything in return that does... #URL# ></document>
    <Document> RT #USER#: Numbers. Everyone connected to Soros is evil #URL# ></document>
    <Document> #USER# #USER# #USER# You need a trip to WH that would be wonderful for you, Scott. Got … #URL# ></document>
    <document> RT #USER#: An orangutan in a protection forest in Indonesia was photographed reaching out to a guard in a photo that... ></document>
    <Document> RT #USER#: Yes, she said so. View &amp; hear: #USER# "what a difference it makes" 😪😢😪😢 #URL# ></document>
    <document> 7 things you probably didn't know about Peter Pan #URL# ></document>
    <document> RT #USER#: #USER# The hugely successful President Trump will make history by being the first President to be impeached and then re-elected... ></document>
    <document> #USER# #USER# Why, because he's telling the truth? ></document>
    <document> #USER# Check out Omar, don't you know how to educate yourself? ></document>
    <Document> RT #USER#: #USER# "I'll be a benevolent dictation, I promise." #URL# ></document>
    <document> RT #USER#: #USER# It's shameful that millions of taxpayers' dollars are wasted because House Democrats came up with... ></document>
    <document> RT #USER#: #USER# #USER# #USER# #USER# #USER# #USER# #USER# Oh, so she got special treatment. Seems b... ></document>
    <document> RT #USER#: #HASHTAG# ALARM! JOIN THE FASTEST GROWING NETWORK OF CONSERVATIVES ON TWITTER! COME WITH US! NO TICKET REQUIRED! ☦️… ></Document>
    <document> #USER# #USER# At least that's what she'll show ></document>
    <Document> Brazil's President Publicly Proclaims His Faith in Jesus Christ, Saying "Brazil Belongs to God" #URL# via #USER# Portal ></document>
    <Document> #USER# #USER# #USER# #USER# Not yet communist orange juice anyway ></document>
    <Document> Trey Gowdy slams Democrats for demanding AG Barr resign #URL# ></document>
    <document> #USER# #USER# Too bad it was in the house, you got scammed, had to sit there all in white and laugh and p… #URL# ></document>
    <document> 6 things you didn't know about Utah #URL# ></document>
    <document> RT #USER#: #USER# The swamp is much deeper than most people think. It has been fermenting and growing in our G... ></document> for over 30 years
    <Document> RT #USER#: #USER# #USER# #USER# #USER# #USER# #USER# #USER# So the others got arrested but they didn't? ></document>
    <document> RT #USER#: #USER# No matter what the Democrats in Congress, their Socialist supporters, and their allies in the mainstream media say... ></document>
    <document> RT #USER#: #USER# #USER# #USER# #USER# #USER# #USER# #USER# Honestly, how embarrassing is that?! She is... ></document>
    <Document> RT #USER#: I've covered the streets of San Francisco &amp; This young woman became very aggressive. I don't know what came over me... ></document>
    <Document> RT #USER#: #USER# #USER# I imagine she could arrange that. ></document>
    <document> RT #USER#: Racing fans show their support for #USER# ahead of the President's #HASHTAG# visit this Sunday 🇺🇸🏁 htt… ></document>
    <document> RT #USER#: #USER# #USER# #USER# #USER# The best government can do for business and its people is... ></document>
    <document> #USER# #USER# He's already losing ></document>
    <Document> She is a Democrat. Nothing will happen to her. They will cover her I'm sure!! Rep Omar Marriage Scandal… #URL# ></document>
    <document> RT #USER#: #USER# #USER# #USER# #USER#, you will have your well-deserved place in history and with... ></document>
    <Document> No one ever says anything about what she spends. Nancy Pelosi asked the Air Force for nearly $200,000 to fly her family... #URL# ></document>
  
</author>