 >
	<document> bpc, itpf join hands to celebrate india national tourism day #url# #url# </document>
		<document> pokemon legends: arceus has a first player mode....sort of #url# #url# </document>
		<document> farmers, opposition protest spain's rural policies #url# #url# </document>
		<document> washington trooper who defied state vaccine mandate and told gov to 'kiss my a--' dies from covid-19 #url# #url# </document>
		<document> shang-chi star simu liu reveals he contracted covid-19 this year, encourages vaccines #url# #url# </document>
		<document> cops investigating assault of homeless man along jalan bukit bintang #url# #url# </document>
		<document> msnbc deletes tweet slamming conservatives for favoring affirmative action when it benefits them #url# #url# </document>
		<document> chicago gun shop sees skyrocketing sales following lockdowns, crime spikes #url# #url# </document>
		<document> portuguese socialists' lead for jan. 30 election narrows, poll shows #url# #url# </document>
		<document> covid strikes kiribati: one of the last uninfected places on earth #url# #url# </document>
		<document> solving a superconducting mystery with more precise computations #url# #url# </document>
		<document> dozens of states side with epic in apple app store appeal #url# #url# </document>
		<document> china manufacturing activity grows at slower pace in january #url# #url# </document>
		<document> growing concerns about crime in old harbour #url# </document>
		<document> the 10 best manga to read in 2022, as recommend by japanese bookstores #url# #url# </document>
		<document> cops to step up covid-19 sop checks throughout cny #url# #url# </document>
		<document> new atom-level insight into drug-target residence time #url# #url# </document>
		<document> -china names speed skater, skeleton athlete as games flag-bearers #url# #url# </document>
		<document> omicron hong kong: ethnic minority leaders urge members to get tested as sham shui po cluster grows, but chief imam warns ‘no community group should be blamed’ #url# #url# </document>
		<document> davita loses bid to dismiss doj's criminal antitrust charges #url# #url# </document>
		<document> u.n. human rights chief calls on myanmar to restore civilian rule #url# #url# </document>
		<document> lecture series throws light on gandhian philosophy #url# #url# </document>
		<document> ‘police probe into the death of girl student is flawed’ #url# #url# </document>
		<document> gasparillo fire leaves woman, son homeless #url# #url# </document>
		<document> joel embiid scores 26 points, leads 76ers past lakers #url# #url# </document>
		<document> hong kong christmas cracker project teaches teens about business, gets ethnic minority and international school students working together #url# #url# </document>
		<document> bitcoin needs to flip $38k-$40k area, gaining sustainable bullish momentum #url# </document>
		<document> biden voter 'disgusted' with the president, says dem party has become 'unrecognizable' #url# #url# </document>
		<document> eli dhaniram-gopaul, 8, discovers passion for drawing #url# #url# </document>
		<document> wine industry badly needs to attract millenials, new report finds #url# #url# </document>
		<document> covid-19: over 120,000 policemen fully vaccinated, says igp #url# #url# </document>
		<document> goodheart | manchester peace coalition charting a way forward for at-risk communities #url# </document>
		<document> homeless camps are often blamed for crime but experts say it's not so simple #url# #url# </document>
		<document> don mclean of 'american pie' fame tells fox news digital, 'i did the right thing with my life' #url# #url# </document>
		<document> kremlin’s neo-traditionalism deepening divide between russians and north caucasians – oped #url# #url# </document>
		<document> live: macron to speak with putin as moscow insists ‘doesn’t want war’ in ukraine #url# #url# </document>
		<document> six rockets target baghdad airport, damaging two planes #url# #url# </document>
		<document> ready to join prc protest, say ptd employees #url# #url# </document>
		<document> hungarian roma are translating amanda gorman; her poetry speaks to their experience #url# #url# </document>
		<document> trs, bjp ruling by fear: revanth #url# #url# </document>
		<document> dc and wb never objected to peacemaker's superman poop joke says gunn #url# #url# </document>
		<document> gov’t agencies looking into ‘kill plot’ vs bongbong marcos #url# #url# </document>
		<document> isis members in hol camp kill heyva sor a kurd medical worker #url# #url# </document>
		<document> immunotherapy before surgery may benefit patients with liver cancers #url# #url# </document>
		<document> two veterans awarded $55m each over defective earplugs that caused hearing loss #url# #url# </document>
		<document> tamil nadu government doctors say their demands haven’t been fulfilled #url# #url# </document>
		<document> marvel's daredevil showrunner and cast react to the shows return to the top on netflix #url# #url# </document>
		<document> taliban’s victory, baloch militancy, and pakistan’s choices #url# #url# </document>
		<document> one of the most pirated tv shows of 2021 wasn't even a new series #url# #url# </document>
		<document> north carolina man would rather 'die free' than get vaccine needed for life-saving transplant #url# #url# </document>
		<document> new research shows how covid-19 has made life harder for south african women #url# #url# </document>
		<document> ny giants hire brian daboll, bills offensive coordinator, as head coach #url# #url# </document>
		<document> 3 olive ridley turtles found dead in villupuram #url# #url# </document>
		<document> rajkummar rao's reaction to wife patralekhaa's post about him #url# #url# </document>
		<document> flurry of missile tests displays north korea’s more diverse arsenal #url# #url# </document>
		<document> ‘guilty’ taylor banned for three and a half years #url# #url# </document>
		<document> afghan activists ask about whereabouts of two women as taliban talks with west continue #url# #url# </document>
		<document> mighty mighty bosstones split after nearly 40 years #url# #url# </document>
		<document> portugal heads to the polls in decisive parliamentary elections, analysts predict a tie #url# #url# </document>
		<document> indonesia markets to close on feb. 1 for lunar new year holiday #url# #url# </document>
		<document> my hero academia reaches staggering new manga milestone #url# #url# </document>
		<document> ukraine calls on west to be 'vigilant and firm' with russia, uk to offer more nato troops #url# #url# </document>
		<document> seat-sharing talks with dmk smooth, says alagiri #url# #url# </document>
		<document> nomination of some sena candidates in up rejected illegally: sanjay raut #url# #url# </document>
		<document> russia and nato locked in high-risk standoff in mediterranean and black seas #url# #url# </document>
		<document> sdf fighters besiege the remaining isis members in hesekê #url# #url# </document>
		<document> ingraham: liberals claim every political move is 'for the children' but the truth is 'dark and sinister' #url# #url# </document>
		<document> the return of inflation in us and western europe – oped #url# #url# </document>
		<document> mann ki baat | about 60% youth in 15-18 age group vaccinated against covid-19: pm modi #url# #url# </document>
		<document> all power units at nuclear power plants simultaneously launched for the first time in ukraine #url# #url# </document>
		<document> portugal’s ruling socialists and far-right party chega eye gains in snap legislative elections #url# #url# </document>
		<document> sdf: 300 isis members surrendered in sina prison in heseke #url# #url# </document>
		<document> blizzard boss teases upcoming news on diablo, overwatch, and warcraft #url# #url# </document>
		<document> indigenous people could be expelled from land for new capital: ngo #url# #url# </document>
		<document> guardians of the galaxy star reacts to james gunn's grim news for vol. 3 #url# #url# </document>
		<document> sc judges have seen social media of being a medium to launch attacks on them #url# #url# </document>
		<document> fancied qatar face iran test for a place in final #url# #url# </document>
		<document> st james police seize two high-powered rifles, ammunition #url# </document>
		<document> west indies aim to clinch t20 series against england #url# #url# </document>
		<document> power issue leaves several westmoreland communities without water #url# </document>
		<document> new zealand pm ardern is self isolating after exposure to covid positive case #url# #url# </document>
		<document> btc miner greenidge power plant permit gets delayed #url# #url# </document>
		<document> wwe royal rumble 2022 live blog: match card and preview #url# #url# </document>
		<document> iran won’t release us prisoners as part of nuclear deal #url# #url# </document>
		<document> 4 districts gear up for urban local body polls #url# #url# </document>
		<document> toyota retains global sales crown, expands lead over vw on chip crisis management #url# #url# </document>
		<document> 'we have nothing left': snowstorm leaves syrian refugees without shelter #url# #url# </document>
		<document> destiny 2: xur location for january 28-february 1 #url# #url# </document>
		<document> ohio promises $2.1bn in incentives to lure chipmaker intel #url# #url# </document>
		<document> tom brady to retire from the nfl after legendary career: report #url# #url# </document>
		<document> vague guidelines, not lack of funding, blamed for hong kong schools’ failure to develop ethnic minority students’ language skills #url# #url# </document>
		<document> watch: medvedev calls official 'small cat' in rant at australian open #url# #url# </document>
		<document> highest resolution view of the heart of a blazar achieved #url# #url# </document>
		<document> harris aide meets dem hispanic caucus, expresses 'deep regret' over tweet on illegal immigrants #url# #url# </document>
		<document> cops cripple online fraud syndicate with arrest of nine #url# #url# </document>
		<document> leaked photo shows f-35 floating in south china sea after failed landing on us aircraft carrier #url# #url# </document>
		<document> malaysian firms facing u.s. bans over forced labour summoned by ministry #url# #url# </document>
		<document> the challenge of the anglo-saxon world order – oped #url# #url# </document>
		<document> india's forex reserves fall to $634.28 billion #url# #url# </document>
		<document> private sector employees in ft must be given additional paid public holiday, says labour dept #url# #url# </document>
		<document> pandemic’s unequal toll on people of color underlines u.s. health inequities #url# #url# </document>
		<document> cambodia to host summit of asean foreign ministers from feb 16 #url# #url# </document>
		<document> baja blast trends as mountain dew reveals alcoholic version #url# #url# </document>
		<document> se asian women athletes contend with biased media coverage #url# #url# </document>
		<document> ukraine asks switzerland to identify culprits who used protonmail for cyber attacks #url# #url# </document>
		<document> researcher combines climate change and land use data to predict watershed impact #url# #url# </document>
		<document> link between workplace sexual harassment and women's negative self-views may be weakening #url# #url# </document>
		<document> slain nypd officer jason rivera mourned in st. patrick's funeral #url# #url# </document>
		<document> allowing aliens to vote in new york city violates state law and devalues citizenship #url# #url# </document>
		<document> review: driving a 1955 porsche 356 a 1600 speedster is a continuous shot of adrenaline #url# #url# </document>
		<document> new yorkers want gun violence to end. a controversial police unit returns to help #url# </document>
		<document> border patrol agents arrest three sex offenders, eight gang members attempting to enter us #url# #url# </document>
		<document> heavy traffic on major highways as cny travels begin #url# #url# </document>
		<document> demon slayer season 2 shares new tengen flashback for the anime #url# #url# </document>
		<document> cdc: new hiv infections stay high among hispanic gay and bisexual men of color #url# #url# </document>
		<document> plus one improvement exams begin today #url# </document>
		<document> londonderry: families march, remember "bloody sunday" victims #url# #url# </document>
		<document> 3rd edition of build your house expo to open in march #url# #url# </document>
		<document> multimedia ministry will step up engagement to help creative industry players, says annuar musa #url# #url# </document>
		<document> what are the reasons behind the 'great resignation' in the us? #url# #url# </document>
		<document> syrian refugees deported from turkey for 'provocative' banana-eating #url# #url# </document>
		<document> aiadmk condemns attack on gcc official; urges action against dmk mla k.p. shankar #url# #url# </document>
		<document> japan: pregnant women with coronavirus facing hospital bed shortage #url# #url# </document>
		<document> two more isis members arrested by sdf in heseke #url# #url# </document>
		<document> nato chief says no plans to send combat troops to ukraine if russia invades #url# #url# </document>
		<document> strap in for highs and lows with the pandemic novel 'how high we go in the dark' #url# #url# </document>
		<document> qatar envoy lays foundation for building mosque in ivory coast #url# #url# </document>
		<document> tom brady retirement may have domino effect on bucs roster #url# #url# </document>
		<document> peace in kurdistan campaign protests ban on kurdish publications and music #url# #url# </document>
		<document> new eu framework 'will not solve' plight of roma people in europe, says activist #url# #url# </document>
		<document> two teens killed in crash with lorry #url# #url# </document>
		<document> lego celebrates 64th birthday of lego brick #url# #url# </document>
		<document> nhl roundup: maple leafs tally 5 third-period goals in win #url# #url# </document>
		<document> kxp airport city, pos aviation sign mou on air cargo handling at kedah aerotropolis #url# #url# </document>
		<document> army personnel detain four illegal immigrants near tanjung sedili, johor #url# #url# </document>
		<document> study finds high rates of heart disease among hispanic men, women #url# #url# </document>
		<document> kitchen hacks: 5 substitutes to replace vanilla extract in your baking #url# #url# </document>
		<document> army nabs five illegal immigrants in forest near kota tinggi #url# #url# </document>
		<document> future of pm johnson is assured, foreign secretary truss says #url# #url# </document>
		<document> racial minorities 'systematically excluded' from geology and climate change sciences #url# #url# </document>
		<document> nadal aims for slam history, medvedev wants to crash the party #url# #url# </document>
		<document> robredo: probe allegations that a senator is behind delay in marcos dq case #url# #url# </document>
		<document> tsa confirms it allows illegal immigrants to use arrest warrants as id in airports #url# #url# </document>
		<document> lebanon's president sees no reason to delay polls after hariri exit #url# #url# </document>
		<document> sen. marsha blackburn: our duty is to make sure we have constitutionalists that go to the supreme court #url# #url# </document>
		<document> taliban hold first talks in europe since afghan takeover #url# #url# </document>
		<document> google says android tablets are the future, starts staffing up new division #url# #url# </document>
		<document> jimmy butler scores 26 points, heat hold off late clippers rally #url# #url# </document>
		<document> goldman sachs expecting five rate hikes this year #url# #url# </document>
		<document> attack on titan reveals final season eren jaeger statue #url# #url# </document>
		<document> adeeba, michelle yeoh in forbes’ over-50s prominent asian women’s list #url# #url# </document>
		<document> hideo kojima is rumored to be working on a vr game #url# #url# </document>
		<document> fears for african refugees as coronavirus hits crowded rome squat #url# #url# </document>
		<document> people remember bapu but have forgotten khadi, pm revived it: amit shah #url# #url# </document>
		<document> centrifuge becomes the 9th parachain slot on polkadot: report #url# #url# </document>
		<document> truckers to converge on ottawa for protest against vaccine mandates #url# #url# </document>
		<document> 'where is this going to lead?': roma people in europe face coronavirus disaster #url# #url# </document>
		<document> j’can businessman among 100 most influential people of african descent #url# </document>
		<document> sec approved bstx to make blockchain settlements on markets #url# #url# </document>
		<document> top sundance prize goes to 'midwives,' about a buddhist midwife and her muslim trainee #url# #url# </document>
		<document> canadian pm justin trudeau moved to undisclosed location as trucker protest descends on ottawa #url# #url# </document>
		<document> budget 2022: police to receive rm13mil to beef up sexual, women and child investigation division (d11) #url# #url# </document>
		<document> can evs proliferate with or without build back better act? #url# #url# </document>
		<document> "avoid war or situation would be...": us' warning to russia on ukraine #url# #url# </document>
		<document> barty 'humbled' after joining tennis royalty #url# #url# </document>
		<document> biden stresses support for more police funding in shift from progressives #url# #url# </document>
		<document> do-it-all brian kilmeade adds to fox duties when ‘one nation’ debuts saturday at 8 pm #url# #url# </document>
		<document> wwe's wrestlemania 38 sign caught fire again after brock lesnar won the 2022 men's royal rumble #url# #url# </document>
		<document> ukrainian president downplays u.s. assessment of imminent invasion #url# </document>
		<document> data suggest qatar has reached peak of covid third wave: moph #url# #url# </document>
		<document> gran turismo 7 leaker provides update on delay rumors #url# #url# </document>
		<document> no "under the table deal" with bjp over reunion in maharashtra: shiv sena #url# #url# </document>
		<document> uas teachers set15-day deadline for removal of vice- chancellor #url# </document>
		<document> kevin mccarthy shares shocking facts about fentanyl #url# #url# </document>
		<document> mexican village, home to thousands of migrating pelicans, hopes to attract tourists #url# #url# </document>
		<document> chinese ai team claims big win in battle to teach dogfights to drones #url# #url# </document>
		<document> the african refugees and migrants trapped inside yemen's war #url# #url# </document>
		<document> after takeover by tata, air india’s assets may return to kerala govt. #url# </document>
		<document> up polls won't have surprise result, gujarat will, claims akhilesh yadav #url# #url# </document>
		<document> vehicle seized for reckless driving in lusail #url# #url# </document>
		<document> hbku’s qbri concludes internship programme for high school students #url# #url# </document>
		<document> award-winning ben affleck movie leaving hbo max this week #url# #url# </document>
		<document> covidukraine: 24,508 new cases over last 24hrs #url# #url# </document>
		<document> taiwan president expresses empathy for ukraine’s situation #url# #url# </document>
		<document> why tech cooperation will reshape south korea-u.s. relations #url# #url# </document>
		<document> boomerang stock market spins wildly, ends up going nowhere #url# #url# </document>
		<document> ps4 and ps5 players surprised with free psn gift #url# #url# </document>
		<document> armed forces veterans, orang asli among 800 appointed as wildlife rangers #url# #url# </document>
		<document> residents displaced amid isis attacks in hesekê return home #url# #url# </document>
		<document> 2fa app with 10,000 google play downloads loaded well-known banking trojan #url# #url# </document>
		<document> in tripura, transgenders allege cops made them strip to "prove gender" #url# #url# </document>
		<document> rain, thunderstorms expected in several states next week, says metmalaysia #url# #url# </document>
		<document> the secret to a lasting marriage? god, says franco laurel #url# </document>
		<document> uk pm to visit ukraine, hold call with russian president putin next week #url# #url# </document>
		<document> hosts india forced to withdraw from women's asian cup #url# #url# </document>
		<document> why omicron is crushing hospitals — even though cases are often milder than delta #url# #url# </document>
		<document> will smeed takes psl by storm. watch his humongous six vs peshawar zalmi #url# #url# </document>
		<document> claiming covid costs, and 4 other questions about filing your taxes this year #url# #url# </document>
		<document> paris museums celebrate ‘utterly eclectic’ french designer yves saint laurent #url# #url# </document>
		<document> pay dues or be declared insolvent: supreme court to spicejet #url# #url# </document>
	 >
<document> bpc, itpf join hands to celebrate national tourism day india #url# #url# </document>
<document> pokemon legends: arceus has a first player mode....sort of like #url# #url# </document>
<document> farmers, opposition protests against Spanish rural policies #url# #url# </document>
<document>Washington Police officer who defied state vaccination mandate and told government to "kiss my ass" has died of covid-19 #url# #url# </document>
<document> shang-chi star simu liu reveals contracted covid-19 this year, encourages vaccines #url# #url# </document>
<document> cops investigating assault of homeless man along jalan bukit bintang #url# #url# </document>
<document> msnbc deletes tweets criticizing conservatives for encouraging affirmative action when it benefits them #url# #url# </document>
<document> Chicago gun store sees sales skyrocket following lockouts and crime spikes #url# #url# </document>
<document> the initiative of the Portuguese socialists for jan. 30 elections narrow, poll shows #url# #url# </document>
<document> covid hits kiribati: one of the last uninfected places on earth #url# #url# </document>
<document> solve a superconducting mystery with more precise calculations #url# #url# </document>
<document> Dozens of States Side with Epic Appeal in Apple's App Store #url# #url# </document>
<document> China's manufacturing activity grows at slower pace in January #url# #url# </document>
<document> growing crime concerns in old port #url# </document>
<document> the 10 best manga to read in 2022, recommended by Japanese bookstores #url# #url# </document>
<document> cops to step up covid-19 checks across cny #url# #url# </document>
<document> new atom-level insight into drug target dwell time #url# #url# </document>
<document> -china appoints speed skaters, skeleton athletes as standard bearers of the games #url# #url# </document>
<document> omicron hong kong: Ethnic minority leaders urge members to get tested as sham shui po cluster grows, but chief imam warns 'no community group should be blamed' #url# #url# </ document>
<document> davita loses bid to dismiss doj antitrust criminal charges #url# #url# </document>
<document> u.n. human rights chief calls on Myanmar to restore civilian rule #url# #url# </document>
<document> lecture series sheds light on Gandhian philosophy #url# #url# </document>
<document> "Police investigation into student's death is flawed" #url# #url# </document>
<document> gasparillo fire leaves woman, son homeless #url# #url# </document>
<document> joel embiid scores 26 points, leads 76ers past lakers #url# #url# </document>
<document> hong kong christmas cracker project teach teenagers business, make students from ethnic minorities and international schools work together #url# #url# </document>
<document>Bitcoin Must Turn Around $38k-$40k Area, Gaining Sustainable Bullish Momentum #url# </document>
<document> Biden voter 'disgusted' by president, says dem party has become 'unrecognizable' #url# #url# </document>
<document> 8-year-old eli dhaniram-gopaul discovers a passion for drawing #url# #url# </document>
<document> The wine industry is desperate to attract millennials, according to a new report #url# #url# </document>
<document> covid-19: over 120,000 police fully vaccinated, says igp #url# #url# </document>
<document> good heart | manchester peace coalition charts way forward for at-risk communities #url# </document>
<document> Homeless camps are often accused of crimes, but experts say it's not that simple #url# #url# </document>
<document> don mclean of 'american pie' fame tells fox news digital, 'i did the right thing in my life' #url# #url# </document>
<document> the Kremlin's neo-traditionalism deepening the divide between Russians and North Caucasians – oped #url# #url# </document>
<document> live: Macron to talk to Putin as Moscow insists it "doesn't want war" in Ukrainian #url# #url# </document>
<document> Six rockets hit Baghdad airport, damaging two planes #url# #url# </document>
<document> ready to join prc protest, ptd employees say #url# #url# </document>
<document> roma hungarian translating amanda gorman; her poem is about their experience #url# #url# </document>
<document> trs, bjp ruling by fear: revanth #url# #url# </document>
<document> dc and wb never balked at peacemaker superman poop joke says gunn #url# #url# </document>
<document> Government agencies investigating 'kill plot' vs bongbong marcos #url# #url# </document>
<document> isis members in hol camp kill heyva sor a kurdish doctor #url# #url# </document>
<document> Immunotherapy before surgery may benefit patients with liver tumors #url# #url# </document>
<document> Two Veterans Received $55 Million Each For Defective Earplugs That Caused Hearing Loss #url# #url# </document>
<document> Tamil Nadu government doctors say their demands have not been met #url# #url# </document>
<document> daredevil Marvel showrunner and cast react to shows returning to top on Netflix #url# #url# </document>
<document> Taliban victory, Baloch militancy and Pakistan's choices #url# #url# </document>
<document> one of the most pirated tv series of 2021 wasn't even a new series #url# #url# </document>
<document>North Carolina man would rather "die free" than receive vaccine needed for life-saving transplant #url# #url# </document>
<document> COVID-19 has made life more difficult for South African women, new research shows #url# #url# </document>
<document>ny giants hire bills offensive coordinator brian daboll as head coach #url# #url# </document>
<document> 3 olive ridley turtles found dead in villupuram #url# #url# </document>
<document> rajkummar rao's reaction to wife patralekhaa's post about him #url# #url# </document>
<document> missile test barrage shows North Korea's most diverse arsenal #url# #url# </document>
<document> "guilty" taylor banned for three and a half years #url# #url# </document>
<document> Afghan activists ask whereabouts of two women as talks between the Taliban and the West continue #url# #url# </document>
<document> mighty bosses split after almost 40 years #url# #url# </document>
<document> Portugal goes to polls for decisive parliamentary elections, analysts predict a draw #url# #url# </document>
<document> Indonesian markets will close in February. 1 for the Lunar New Year holiday #url# #url# </document>
<document> My Hero Academia Reaches Stunning New Manga Milestone #url# #url# </document>
<document> ukraine asks west to be 'vigilant and resolute' with russia, uk must offer more nato troops #url# #url# </document>
<document> seat sharing talks with dmk are smooth, says alagiri #url# #url# </document>
<document> nomination of some candidates without in up illegally refused: sanjay raut #url# #url# </document>
<document> russia and nato stuck in high stakes standoff in mediterranean and black seas #url# #url# </document>
<document> SDF fighters besiege remaining ISIS members in hesekê #url# #url# </document>
<document> ingraham: Liberals say every political move is 'for the kids' but the truth is 'dark and sinister' #url# #url# </document>
<document> the return of inflation in the US and Western Europe – oped #url# #url# </document>
<document> mann ki baat | about 60% of young people aged 15-18 vaccinated against covid-19: pm modi #url# #url# </document>
<document> all power units of nuclear power plants launched simultaneously for the first time in ukraine #url# #url# </document>
<document> Portugal's ruling socialists and far-right Chega party win eye in early legislative elections #url# #url# </document>
<document> sdf: 300 isis members surrendered in Sina prison in Heseke #url# #url# </document>
<document> the blizzard boss anticipates the next news on diablo, overwatch and warcraft #url# #url# </document>
<document> indigenous people may be expelled from land for new capital: ngo #url# #url# </document>
<document> guardians of thegalaxy star reacts to sad news from james gunn for vol. 3 #url# #url# </document>
<document> sc judges saw social media as a means to launch attacks against them #url# #url# </document>
<document> the imaginary qatar faces the iran test for a place in the final #url# #url# </document>
<document> St James Police Seize Two High Power Rifles, #url# Ammunition </document>
<document> west indies aim to win t20 series against england #url# #url# </document>
<document> Power problem leaves several Westmoreland communities without water #url# </document>
<document> New Zealand prosecutor Ardern self-isolates after being exposed to a positive case of covid #url# #url# </document>
<document> btc miner greenidge power plant permit is delayed #url# #url# </document>
<document> wwe royal rumble 2022 live blog: match card and preview #url# #url# </document>
<document> Iran will not release us prisoners as part of nuclear deal #url# #url# </document>
<document> 4 Districts Prepare for Urban Local Government Surveys #url# #url# </document>
<document> toyota retains global sales crown, expands lead over vw in chip crisis management #url# #url# </document>
<document> 'We Have Nothing Left': Snowstorm Leaves Syrian Refugees Without Shelter #url# #url# </document>
<document> fate 2: xur location for Jan 28-Feb 1 #url# #url# </document>
<document> Ohio Pledges $2.1 Billion Incentives To Attract Intel Chipmakers #url# #url# </document>
<document> tom brady to retire from nfl after legendary career: report #url# #url# </document>
<document> Vague guidelines, not lack of funding, blamed on Hong Kong schools' failure to develop language skills of ethnic minority students #url# #url# </document>
<document> see: medvedev officially calls 'little cat' rant at australian open #url# #url# </document>
<document> reached high resolution view of a blazar's heart #url# #url# </document>
<document> Harris Assistant Meets Hispanic Caucus, Expresses 'Deep Regret' Over Illegal Immigrants Tweet #url# #url# </document>
<document> Cops cripple online fraud syndicate with arrests of nine #url# #url# </document>
<document> Leaked photo shows F-35 floating in the South China Sea after botched landing on US aircraft carrier #url# #url# </document>
<document>Malaysian companies face US forced labor bans summoned by ministry #url# #url# </document>
<document> the challenge of the Anglo-Saxon world order – oped #url# #url# </document>
<document> India's foreign exchange reserves fall to $634.28 billion #url# #url# </document>
<document> private sector employees in ft must be given additional paid public holidays, says labor department #url# #url# </document>
<document> Pandemic's uneven toll on people of color underscores we health inequalities #url# #url# </document>
<document> Cambodia to host ASEAN foreign ministers meeting from February 16 #url# #url# </document>
<document> Baja Blast trends as Mountain Dew reveals the alcoholic version #url# #url# </document>
<document> These Asian Female Athletes Face Skewed Media Coverage #url# #url# </document>
<document> ukraine asks switzerland to identify culprits who used protonmail for cyber attacks #url# #url# </document>
<document> researcher combines climate change and land use data to predict impact of watersheds #url# #url# </document>
<document> the link between sexual harassment in the workplace and women's negative self-esteem may be weakening #url# #url# </document>
<document> killed NYPD officer jason rivera cried in st. patrick's funeral #url# #url# </document>
<document>allowing foreigners to vote in New York City violates state law and devalues ​​citizenship #url# #url# </document>
<document> review: driving a 1955 porsche 356 a 1600 speedster is a constant rush of adrenaline #url# #url# </document>
<document> New Yorkers want to end gun violence. controversial police unit comes to the rescue #url# </document>
<document> Border Patrol officers arrest three sex offenders, eight gang memberstrying to enter us #url# #url# </document>
<document> heavy traffic on major highways at the start of travel #url# #url# </document>
<document> Demon Slayer season 2 shares new tengen flashback for anime #url# #url# </document>
<document> cdc: New HIV infections remain high among gay and bisexual Hispanic men of color #url# #url# </document>
<document> plus one improvement exams start today #url# </document>
<document> londonderry: families march, remember the victims of "Bloody Sunday" #url# #url# </document>
<document> The third edition of build your house expo will open in March #url# #url# </document>
<document> Media ministry will step up efforts to help creative industry players, says annuar musa #url# #url# </document>
<document> what are the reasons for the 'great resignation' in the US? #url# #url# </document>
<document> Syrian refugees deported from Turkey for eating 'provocative' bananas #url# #url# </document>
<document> aiadmk condemns attack on gcc official; urges action against dmk mla k.p. shankar #url# #url# </document>
<document> japan: pregnant women with coronavirus facing shortage of hospital beds #url# #url# </document>
<document> two more isis members arrested by sdf at heseke #url# #url# </document>
<document> NATO chief says he has no plans to send combat troops to Ukraine if Russia invades #url# #url# </document>
<document> Prepare for ups and downs with the pandemic novel 'How High We Go in the Dark' #url# #url# </document>
<document> The Qatari envoy lays the foundations for the construction of a mosque in the Ivory Coast #url# #url# </document>
<document> tom brady's retirement could have a domino effect on the bucs squad #url# #url# </document>
<document> campaign for peace in kurdistan protests against the ban on Kurdish publications and music #url# #url# </document>
<document> New EU framework 'won't solve' plight of Roma in Europe, says activist #url# #url# </document>
<document> two teenagers killed in truck crash #url# #url# </document>
<document> lego celebrates the 64th birthday of the lego brick #url# #url# </document>
<document> nhl recap: Maple Leafs score 5 goals in third period to win #url# #url# </document>
<document> kxp airport city, pos aviation sign mou on air cargo handling at kedah aerotropolis #url# #url# </document>
<document> Army personnel arrest four illegal immigrants near tanjung seats, johor #url# #url# </document>
<document> study finds high rates of heart disease among Hispanic men and women #url# #url# </document>
<document> kitchen hacks: 5 substitutes to replace vanilla extract in your kitchen #url# #url# </document>
<document> Army captures five illegal immigrants in forest near Kota Tinggi #url# #url# </document>
<document> pm johnson's future is assured, says foreign secretary truss #url# #url# </document>
<document> racial minorities 'systematically excluded' from geology and climate change science #url# #url# </document>
<document> nadal aims for slam history, medvedev wants to spoil the party #url# #url# </document>
<document> robredo: probe allegations that a senator is late in marcos dq case #url# #url# </document>
<document> tsa confirms it allows illegal immigrants to use arrest warrants as identity documents at airports #url# #url# </document>
<document> Lebanon's president sees no reason to delay polls after Hariri exit #url# #url# </document>
<document> sen. marsha blackburn: our duty is to make sure constitutionalists go to the supreme court #url# #url# </document>
<document> Taliban hold first talks in Europe after Afghan takeover #url# #url# </document>
<document> google says android tablets are the future, start creating a new division #url# #url# </document>
<document> Jimmy Butler scores 26 points, Heat holds off late Clippers rally #url# #url# </document>
<document> Goldman Sachs expects five rate hikes this year #url# #url# </document>
<document> Attack on Titan Reveals Final Season Eren Jaeger Statue #url# #url# </document><document> adeeba, michelle yeoh in Forbes list of prominent Asian women over 50 #url# #url# </document>
<document> Hideo Kojima is rumored to be working on a VR game #url# #url# </document>
<document> African refugee fears as coronavirus hits crowded Rome squat #url# #url# </document>
<document> people remember bapu but forgot khadi, pm brought him back: amit shah #url# #url# </document>
<document> centrifuge becomes ninth parachain slot on polkadot: report #url# #url# </document>
<document>Truck drivers converge in Ottawa to protest vaccine mandates #url# #url# </document>
<document> 'Where is all this going?': Europe's Roma face the coronavirus disaster #url# #url# </document>
<document> j'can businessman among the 100 most influential people of African descent #url# </document>
<document> sec approved bstx to transact blockchain on #url# #url# </document> marketplaces
<document> Sundance first prize goes to "midwives", about a Buddhist midwife and her Muslim apprentice #url# #url# </document>
<document> Canadian prosecutor justin trudeau moved to undisclosed location as trucker protests sweep through ottawa #url# #url# </document>
<document> Budget 2022: Police to receive RM13 million to strengthen Sexual, Women and Children Investigation Division (d11) #url# #url# </document>
<document> Can EVS proliferate with or without rebuilding a better act? #url# #url# </document>
<document> "avoid war or the situation would be...": our warning to russia about ukraine #url# #url# </document>
<document> barty 'humiliated' after joining tennis royalty #url# #url# </document>
<document> biden highlights support for more police funding to replace progressives #url# #url# </document>
<document> do-it-all brian kilmeade adds to fox duties as 'one nation' debuts saturday at 8pm #url# #url# </document>
<document> WWE Wrestlemania 38 Cartel Catches Back on Fire After Brock Lesnar Wins 2022 Men's Royal Rumble #url# #url# </document>
<document>Ukrainian president downplays US assessment of imminent invasion #url# </document>
<document> data suggests qatar has reached peak of third wave of covid: moph #url# #url# </document>
<document> gran turismo 7 leaker provides updates on delay rumors #url# #url# </document>
<document> no "under the table" deal with bjp on maharashtra meeting: shiv sena #url# #url# </document>
<document> UAS Teachers Set 15 Day Deadline For Vice-Rector Removal #url# </document>
<document> kevin mccarthy shares shocking facts about fentanyl #url# #url# </document>
<document> Mexican village, home to thousands of migrating pelicans, hopes to attract tourists #url# #url# </document>
<document>Chinese AI team claims major battle victory to teach aerial combat to drones #url# #url# </document>
<document> African refugees and migrants trapped in war in Yemen #url# #url# </document>
<document> after the takeover by tata, air india assets may revert to the government of kerala. #url# </document>
<document> polls won't have surprise results, gujarat does, says akhilesh yadav #url# #url# </document>
<document> vehicle impounded for reckless driving in lusail #url# #url# </document>
<document> hbku's qbri concludes internship program for high school students #url# #url# </document>
<document> award winning ben affleck film coming to hbo max this week #url# #url# </document>
<document> covidukraine: 24,508 new cases in the last 24 hours #url# #url# </document>
<document> taiwan president empathizes with ukraine situation #url# #url# </document>
<document> why technology cooperation will reshape south korea-us relationships #url# #url# </document>
<document> Stock market boomerangs, ends up going nowhere #url# #url# </document>
<document> ps4 and ps5 players surprised with a free psn gift #url# #url# </document>
<document> Armed Forces Veteran, Orang Asli Among 800 Nominated Wildlife Rangers #url# #url# </document>
<document> residents displaced during Isis attacks in hesekê go home #url# #url# </document>
<document> 2fa app with 10,000 downloads from Google Play uploaded notorious banking trojan #url# #url# </document>
<document> in tripura, transgenders say policemen forced them to strip to "try on gender" #url# #url# </document>
<document> rain, thunderstorms expected in several states next week, says metmalaysia #url# #url# </document>
<document> the secret to a lasting marriage? god, says frank laurel #url# </document>
<document> pm british to visit ukraine hold call with russian president putin next week #url# #url# </document>
<document> hosts india forced to withdraw from women's asian cup #url# #url# </document>
<document> why omicron is crushing hospitals, even though cases are often milder than delta #url# #url# </document>
<document> will smeed storm psl. see his giant six against peshawar zalmi #url# #url# </document>
<document> covid expense claim and 4 more questions about tax return this year #url# #url# </document>
<document> paris museums celebrate "utterly eclectic" french designer yves saint laurent #url# #url# </document>
<document> pay dues or default: supreme court at spicejet #url# #url# </document>>
<document> bpc, itpf join hands to celebrate Indian National Tourism Day #url# #url# </document>
<document> pokemon legends: arceus has a first player mode.... kind of #url# #url# </document>
<document> Peasants, opposition protest Spain's rural policy #url# #url# </document>
<document> Washington soldier who defied state vaccination mandate and told government to kiss my A-- dies of covid-19 #url# #url# </document>
<document> Shang Chi star Simu Liu announces he contracted Covid-19 this year and encourages vaccines #url# #url# </document>
<document> Police officers investigate attack on homeless people along Jalan Bukit Bintang #url# #url# </document>
<document> msnbc deletes tweets criticizing conservatives for favoring positive action when benefiting #url# #url# </document>
<document> Chicago Gun Store Sees Sales Jump After Lockdowns and Crime Spikes #url# #url# </document>
<Document> Leadership of the Portuguese Socialists for jan. 30 vote narrowed, poll shows #url# #url# </document>
<document> Covid meets Kiribati: one of the last uninfected places on earth #url# #url# </document>
<document> Solving a superconducting mystery with more precise calculations #url# #url# </document>
<document> Dozens of states support Epic in Apple's App Store #url# #url# </document>
<document> China's manufacturing activity grows more slowly in January #url# #url# </document>
<document> growing concern about crime in the old port #url# </document>
<document> the 10 best manga to read in 2022 as recommended by Japanese bookstores #url# #url# </document>
<document> Cops to step up Covid-19 SOP checks throughout cny #url# #url# </document>
<document> new atomic-level insights into drug target residence time #url# #url# </document>
<document> -china names speed skaters and skeleton athletes as flag bearers of the games #url# #url# </document>
<document> omicron hong kong: Ethnic minority leaders urge members to get tested as sham shui po cluster grows, but top imam warns 'no community group should be blamed' #url# #url # </document>
<document> Davita loses bid to dismiss Doj's antitrust charges #url# #url# </document>
<document> and so on Human rights chief urges Myanmar to restore civilian rule #url# #url# </document>
<document> lecture series illuminates the Gandhian philosophy #url# #url# </document>
<document> "Police investigation into student death is flawed" #url# #url# </document>
<document> Gasparillo fire renders wife and son homeless #url# #url# </document>
<document> Joel Embiid scores 26 points and leads the 76ers past Lakers #url# #url# </document>
<document> Hong Kong Christmas Cracker Project teaches teenagers about business, gets ethnic minority and international students to work together #url# #url# </document>
<document> Bitcoin needs to flip the $38k-$40k range and gain sustained bullish momentum #url# </document>
<document> Biden voters 'disgusted' by President, says party 'blurred' #url# #url# </document>
<document> eli dhaniram-gopaul, 8, discovers his passion for drawing #url# #url# </document>
<document> Wine industry urgently needs to attract millennials, new report finds #url# #url# </document>
<document> covid-19: over 120,000 police officers fully vaccinated, says igp #url# #url# </document>
<document> good heart | Manchester Peace Coalition, charting a way forward for vulnerable communities #url# </document>
<document> Homeless camps are often blamed for crimes, but experts say it's not that simple #url# #url# </document>
<document> American Pie's Don Mclean tells Fox News Digital, "I've done the right thing with my life" #url# #url# </document>
<document> Kremlin's neo-traditionalism widens the divide between Russians and North Caucasians – oped #url# #url# </document>
<document> live: Macron speaks to Putin as Moscow insists it 'doesn't want war' in Ukraine #url# #url# </document>
<Document> Six missiles hit Baghdad airport, damaging two planes #url# #url# </document>
<document> ready to join PRC protest, say ptd staff #url# #url# </document>
<Document> Translating Hungarian Roma Amanda Gorman; Her poetry speaks to her experience #url# #url# </document>
<document> trs, bjp ruled by fear: revanth #url# #url# </document>
<document> dc and wb never objected to Peacemaker's Superman poop joke, says gunn #url# #url# </document>
<document> Government agencies dealing with "Kill Plot" vs. Bongbong Marcos #url# #url# </document>
<document> isis members in hol camp kill heyva sor, a kurdish medical worker #url# #url# </document>
<document> Immunotherapy before surgery can help patients with liver cancer #url# #url# </document>
<document> Two Veterans Paid $55M Each for Defective Earbuds That Resulted in Hearing Loss #url# #url# </document>
<document> Tamil Nadu government doctors say their demands have not been met #url# #url# </document>
<document> Marvel's daring showrunner and cast react to the shows returning to the top on Netflix #url# #url# </document>
<document> victory of the taliban, baloch militancy and pakistan's decisions #url# #url# </document>
<document> One of the most pirated TV shows of 2021 wasn't even a new series #url# #url# </document>
<document> North Carolina man would rather "die free" than get the vaccine needed for life-saving transplant #url# #url# </document>
<document> New research reveals how Covid-19 has made life difficult for South African women #url# #url# </document>
<document> New York Giants Hire Brian Daboll, Bill's Offensive Coordinator, as Head Coach #url# #url# </document>
<document> 3 olive ridley turtles found dead in Villupuram #url# #url# </document>
<document> rajkummar rao's reaction to ms patralekhaa's post about him #url# #url# </document>
<document> a spate of missile tests reveals North Korea's more diverse arsenal #url# #url# </document>
<document> "guilty" Taylor banned for three and a half years #url# #url# </document>
<document> Afghan activists ask whereabouts of two women as Taliban talks with West continue #url# #url# </document>
<document> Mighty Mighty Bosstones separates after almost 40 years #url# #url# </document>
<document> Portugal to vote in crucial general election, analysts predict draw #url# #url# </document>
<document> indonesian markets close on feb. 1 for New Year holiday #url# #url# </document>
<document> my hero academia hits stunning new manga milestone #url# #url# </document>
<document> ukraine calls on west to be 'vigilant and firm' towards russia and uk to offer more nato troops #url# #url# </document>
<document> Seat sharing talks with dmk smooth, says alagiri #url# #url# </document>
<document> nomination of some sena candidates in up illegally rejected: sanjay raut #url# #url# </document>
<document> Russia and NATO locked in high-risk standoff in Mediterranean and Black Sea #url# #url# </document>
<document> sdf fighters besiege the remaining isis members in hesekê #url# #url# </document>
<document> ingraham: Liberals claim every political move is 'for the children', but the truth is 'murky and sinister' #url# #url# </document>
<document> the return of inflation in us and Western Europe – oped #url# #url# </document>
<document> man ki baat | approx. 60% young people in the age group 15-18 vaccinated against Covid-19: pm modi #url# #url# </document>
<document> for the first time in ukraine all engines in nuclear power plants started simultaneously #url# #url# </document>
<document> Portugal's ruling Socialists and far-right Chega party win early parliamentary elections #url# #url# </document>
<document> sdf: 300 isis members surrendered in sina prison in heseke #url# #url# </document>
<document> Blizzard boss announces upcoming Diablo, Overwatch and Warcraft news #url# #url# </document>
<document> tribal peoples could be forced off the land for new capital: ngo #url# #url# </document>
<Document> Guardian ofGalaxy Star reacts to James Gunn's somber news for Vol. 3 #url# #url# </dokument>
<document> sc Judges have seen that social media is a medium to launch attacks against #url# #url# </document>
<document> imagined that Qatar has to face the Iran test to get a place in the final #url# #url# </document>
<Document> St James Police seize two high powered rifles, ammunition #url# </document>
<document> west indies looking to win t20 series against england #url# #url# </document>
<document> Electricity problem leaves several Westmoreland communities without water #url# </document>
<document> New Zealand PM Ardern is in self-isolation after being exposed to covid positive case #url# #url# </document>
<document> BTC Miner Greenidge power plant permit delayed #url# #url# </document>
<document> WWE Royal Rumble 2022 Live Blog: Game Map and Preview #url# #url# </document>
<document> Iran will not release us prisoners under the nuclear deal #url# #url# </document>
<document> 4 districts prepare for urban community surveys #url# #url# </document>
<document> toyota retains global sales crown, expands lead over vw on chip crisis management #url# #url# </document>
<document> 'we have nothing left': Blizzard leaves Syrian refugees homeless #url# #url# </document>
<document> Destiny 2: xur location for January 28th - February 1st #url# #url# </document>
<document> Ohio pledges $2.1 billion in incentives to attract Intel chipmakers #url# #url# </document>
<document> tom brady retires from the nfl after a legendary career: report #url# #url# </document>
<document> vague guidelines, no lack of funding, blamed for failure of hong kong schools to develop language skills of ethnic minority students #url# #url# </document>
<document> watch: medvedev officially shouts "little cat" in rant at australian open #url# #url# </document>
<document> reached the highest resolution of a blazar's heart #url# #url# </document>
<document> Harris' aide meets with Hispanic caucus and expresses "deep regret" over tweet about illegal immigrants #url# #url# </document>
<document> Cops take down online fraud syndicate and arrest nine #url# #url# </document>
<Document> Leaked photo shows F-35 floating in South China Sea after failed landing on US aircraft carrier #url# #url# </document>
<document> malaysian firms face u.s. Bans on Forced Labor Ordered by Ministry #url# #url# </document>
<document> the challenge of the Anglo-Saxon world order – oped #url# #url# </document>
<document> India's foreign exchange reserves fall to $634.28 billion #url# #url# </document>
<document> Private sector workers in FT must be given extra paid holiday, Department of Labor says #url# #url# </document>
<Document> Pandemic's unequal toll on people of color highlights US. health injustices #url# #url# </document>
<document> Cambodia to host ASEAN Foreign Ministers Summit starting February 16 #url# #url# </document>
<document> Baja blast trends as Mountain Dew unveils alcoholic version #url# #url# </document>
<document> These Asian athletes struggle with biased media coverage #url# #url# </document>
<document> ukraine asks switzerland to identify the culprits who used protonmail for cyberattacks #url# #url# </document>
<document> researchers combine climate change and land-use data to predict watershed impacts #url# #url# </document>
<document> Link between sexual harassment at work and women's negative self-image may undermine #url# #url# </document>
<Document> Slain NYPD officer Jason Rivera mourned at St. Patrick's funeral #url# #url# </document>
<document> Allowing foreigners to vote in New York City violates state law and invalidates citizenship #url# #url# </document>
<document> Review: Driving a 1955 Porsche 356 a 1600 Speedster is a continuous adrenaline rush #url# #url# </document>
<Document> New Yorkers want gun violence to end. a controversial police force returns to help #url# </document>
<Document> Border Patrol agents arrest three sex offenders, eight gang memberstry to type us #url# #url# </document>
<document> heavy traffic on major highways at the start of CNY travel #url# #url# </document>
<document> Season 2 of Demon Slayer shares a new Tengen flashback for anime #url# #url# </document>
<document> cdc: new hiv infections among hispanic gay and bisexual men of color remain high #url# #url# </document>
<document> plus One Improvement Exams start today #url# </document>
<document> Londonderry: Families march to remember 'Bloody Sunday' victims #url# #url# </document>
<document> 3rd edition of Build Your House Fair opens in March #url# #url# </document>
<document> Multimedia Ministry will increase its commitment to help creative industry players, says annuar Musa #url# #url# </document>
<document> what are the reasons for the “great resignation” in the usa? #url# #url# </document>
<document> syrian refugees deported from turkey for "provocative" banana eating #url# #url# </document>
<document> aiadmk condemns attack on gcc officials; calls for action against dmk mla k.p. shankar #url# #url# </document>
<document> Japan: Pregnant women with coronavirus face hospital bed shortage #url# #url# </document>
<document> two other isis members arrested by sdf in heseke #url# #url# </document>
<document> NATO chief says no plans to send combat troops to Ukraine if Russia invades #url# #url# </document>
<document> buckle up for the ups and downs with the pandemic novel how high we go in the dark #url# #url# </document>
<document> Qatari envoy lays foundation stone for mosque construction in Ivory Coast #url# #url# </document>
<document> Tom Brady's retirement could have a knock-on effect on the Bucs list #url# #url# </document>
<document> Peace in Kurdistan campaign protests ban on Kurdish publications and music #url# #url# </document>
<document> new eu framework will not solve plight of roma in europe, says activist #url# #url# </document>
<document> two teenagers killed in truck crash #url# #url# </document>
<document> Lego celebrates the 64th birthday of the Lego brick #url# #url# </document>
<document> NHL Summary: Maple Leafs to score 5 goals in the third half in a win #url# #url# </document>
<document> KXP Airport City, POS Aviation Sign MOU for air cargo handling at Kedah Aerotropolis #url# #url# </document>
<document> Army personnel arrest four illegal immigrants near Tanjung Sedili, Johor #url# #url# </document>
<document>Study finds high rates of heart disease among Hispanic men, women #url# #url# </document>
<document> Kitchen Hacks: 5 Substitutes to Replace Vanilla Extract in Your Baking #url# #url# </document>
<document> Army arrest five illegal immigrants in forest near Kota Tinggi #url# #url# </document>
<document> PM Johnson's future is secure, says Secretary of State Truss #url# #url# </document>
<document> Racial minorities "systematically excluded" from climate change geology and science #url# #url# </document>
<document> Nadal aims for Slam history, Medvedev wants to crash the party #url# #url# </document>
<document> robredo: investigating allegations that a senator was behind delays in the Marcos dq case #url# #url# </document>
<document> tsa confirms that it allows illegal immigrants to use arrest warrants as ID in airports #url# #url# </document>
<document> Lebanese President sees no reason to postpone polls after Hariri's departure #url# #url# </document>
<document> sen. Marsha Blackburn: Our duty is to make sure we have constitutional lawyers going to the Supreme Court #url# #url# </document>
<document> Taliban hold first talks in Europe since Afghan takeover #url# #url# </document>
<document> Google says Android tablets are the future and begins staffing a new division #url# #url# </document>
<document> jimmy butler scores 26 points, heat stroke vs late clippers rally #url# #url# </document>
<document> Goldman Sachs expects five rate hikes this year #url# #url# </document>
<document> attack on titan unveils final season statue of Eren Jaeger #url# #url# </document><document> adeeba, michelle yeoh in Forbes' List of Celebrity Asian Women Over 50 #url# #url# </document>
<document> Hideo Kojima is said to be working on a VR game #url# #url# </document>
<document> fears for African refugees as coronavirus hits overcrowded squats in Rome #url# #url# </document>
<document> People remember bapu but forgot khadi, pm revived it: amit shah #url# #url# </document>
<document> Centrifuge becomes the 9th parachain slot on Polkadot: report #url# #url# </document>
<document> Truckers come to Ottawa to protest vaccination regulations #url# #url# </document>
<document> "Where will this lead?": Roma in Europe face a coronavirus disaster #url# #url# </document>
<document> j'can businessman among the 100 most influential people of African descent #url# </document>
<document> sec has approved bstx to conduct blockchain settlements on the #url# #url# </document> markets
<document> Top Sundance Award goes to "Midwives," about a Buddhist midwife and her Muslim trainee #url# #url# </document>
<document> Canadian PM Justin Trudeau has relocated to undisclosed location as trucker protests hit Ottawa #url# #url# </document>
<document>-Budget 2022: Police receive RM13 million to increase department for sexual investigations, women and children (d11) #url# #url# </document>
<document> can evs proliferation perform better with or without a build back? #url# #url# </document>
<document> "Avoid war or situation would be...": our warning to Russia on Ukraine #url# #url# </document>
<document> barty 'humbled' himself after joining tennis royalty #url# #url# </document>
<document> biden highlights support for more police funding, alternating from progressive #url# #url# </document>
<document> All-rounder Brian Kilmeade is stepping up Fox's duties when "One Nation" debuts Saturday at 8pm #url# #url# </document>
<document> WWE's Wrestlemania 38 shield caught fire again after Brock Lesnar won the 2022 Men's Royal Rumble #url# #url# </document>
<Document> Ukrainian President downplays US assessment of impending invasion #url# </document>
<document> data suggests Qatar has reached peak of third Covid wave: moph #url# #url# </document>
<document> Gran Turismo 7 leaker provides update on delay rumors #url# #url# </document>
<document> no "deal under the table" with bjp on reunification in Maharashtra: shiv sena #url# #url# </document>
<document> UA teachers set a 15-day deadline for removing Vice Chancellor #url# </document>
<document> Kevin McCarthy shares shocking facts about fentanyl with #url# #url# </document>
<document> Mexican village, home to thousands of migratory pelicans, hopes to attract tourists #url# #url# </document>
<document> Chinese AI Team Claims Major Victory in Battle to Teach Drones Air Combat #url# #url# </document>
<document> the african refugees and migrants trapped in the yemen war #url# #url# </document>
<Document> Following Tata takeover, Air India assets could return to Kerala government. #url# </document>
<document> Up polls will not have a surprising result, Gujarat will, claims Akhilesh Yadav #url# #url# </document>
<document> Vehicle impounded for reckless driving in Lusail #url# #url# </document>
<document> hbku’s qbri completes internship program for high school students #url# #url# </document>
<document> Ben Affleck's award-winning film is leaving HBO Max this week #url# #url# </document>
<document> covidukraine: 24,508 new cases in the last 24 hours #url# #url# </document>
<document> President of Taiwan expresses sympathy for situation in Ukraine #url# #url# </document>
<Document> why South Korea-U.S. technical cooperation will refactor relationships #url# #url# </document>
<document> Boomerang purse spinning wildly and going nowhere #url# #url# </document>
<document> PS4 and PS5 players surprise with free PSN gift #url# #url# </document>
<document> Veterans of the Armed Forces Orang Asli among 800 appointed as Game Wardens #url# #url# </document>
<Document> Residents displaced during IS attacks return home in hesekê #url# #url# </document>
<document> 2fa app loaded with 10,000 Google Play downloads known banking trojan #url# #url# </document>
<document> in tripura, transgender people claim that cops made them undress to "prove gender" #url# #url# </document>
<document> Rain, thunderstorms expected in several states next week, says Metmalaysia #url# #url# </document>
<document> the secret of a lasting marriage? god, says franco laurel #url# </document>
<document> uk pm on visit to ukraine, phone call with russian president putin next week #url# #url# </document>
<document> Hosts India forced to withdraw from Women's Asian Cup #url# #url# </document>
<document> why omicron destroys hospitals - although cases are often milder than Delta #url# #url# </document>
<document> will take smeed psl by storm. Check out his massive six against Peshawar Zalmi #url# #url# </document>
<document> Reimbursement of Covid expenses and 4 more questions on filing your taxes this year #url# #url# </document>
<document> Parisian museums celebrate 'absolutely versatile' French designer Yves Saint Laurent #url# #url# </document>
<document> Pay fees or be declared bankrupt: Supreme Court to spicejet #url# #url# </document>