 >
	<document> if trump wants to ban muslims, how about group responsible for 400+ years of murder, mayhem, genocide, thievery here in us? *cough* #hashtag# </document>
		<document> #user# white men: the last group it's ok to disparage. #hashtag# </document>
		<document> #hashtag# #hashtag# #hashtag#us #hashtag# your super catholic wonderful high school friends outed you. did you really fuck the whole team? "late for a date, call renate." did you get ffff'd? boofed? and you signed a letter for him! </document>
		<document> #user# #user# hatred of ignorance  &amp; ignorant twits like you. </document>
		<document> when muslims half a world away commit violence, 1.6b people are expected to apologize. so why not atheists? #hashtag# #hashtag# </document>
		<document> .#user# must be so pissed he's trending as #hashtag# ah, crazy times. </document>
		<document> #user# #user# but his side is "winning." your side is going to the way of the dodo bird. thank god. </document>
		<document> this. formerly interned japanese americans stand up against muslim hate #url# </document>
		<document> 😡 why i’m fighting my teachers union #url# via wsj #hashtag# #hashtag# #user# #user# </document>
		<document> department of justice sues school to keep girl &amp; her service dog together - urdogs #url# #hashtag# </document>
		<document> outlaw biker gangs prize u.s. soldiers, feds say #url# </document>
		<document> all these refugees in europe raping everybody. so glad americans don't do that here. women are super safe in the usa. #hashtag# </document>
		<document> #user# it refers to the govt shutting you up, not your employer firing you. or the twitterverse attacking you. </document>
		<document> south carolina has a law to protect the traitor's rag? america goddamn. #url# </document>
		<document> the #user# has given a 🖕🏽 to vets and tradition by not honoring #hashtag# with flags at half mast. where’s the outrage? trump is just a spoiled brat who can’t get over himself. it’s all about him. </document>
		<document> #user# #user# even scalia said "we also recognize another important limitation on the right to keep and carry arms." other amendments have had limitations placed on them, why is the 2nd off limits? </document>
		<document> no más bebés: mexican immigrant women sued after they were sterilized while giving birth at la co-usc med ctr during the late 60s/early 70s. </document>
		<document> #user# again, you haven't read it, you're going with verses on memes that are taken out of context. want to learn something or not? </document>
		<document> #user# #user# wow. i’ll bet you get lots of converts with this. way to bring people to god. </document>
		<document> #user# #user# #user# there's no wall on the southern mexican border. it's fake news. the pix are from israel. #hashtag# </document>
		<document> oh, wow. turning white babies into muslims? the horror! #hashtag# #url# </document>
		<document> #user# #user# #user# even if that means a certain death. personal problem, right? #hashtag# #hashtag# right? </document>
		<document> i have 1 new followers from usa last week. see #url# #url# </document>
		<document> #user# #user# #user# #user# btw, as a divorced straight catholic, i can't marry in the church w/o an annulment. </document>
		<document> #user# #user# and you? a disgrace to every american. </document>
		<document> think this is what the politicians are referring to when they talk about how great the usa is? we're #hashtag#! #hashtag# #url# </document>
		<document> and i'll bet the tx christians who hate #hashtag# w/vitriol prolly fear "#hashtag#." #hashtag# </document>
		<document> those who support #hashtag#, remember that jesus said nothing about homosexuality, but he did say no to divorce. #hashtag#? </document>
		<document> states i've visited. adding ma in april! #url# #hashtag# </document>
		<document> i ❤️ it when i get in the car and #hashtag# is playing my favorite #hashtag# song: heartbreaker. 🎶💯 </document>
		<document> #user# #user# #user# #user# #user# the white guy telling everyone their reality. i’m shocked! shocked! 😮 </document>
		<document> labor day is inconvenient for the people who run this country #url# via #user# </document>
		<document> dog lovers boycott pro bowl sponsors as #hashtag# continues to honor #hashtag# #url# via #user# #hashtag# #hashtag# #hashtag# #hashtag# </document>
		<document> #user# #user# #user# #user# why bother when you can call cops and have the offending tribute, i mean passenger, forcibly removed? it's great pr. #hashtag# </document>
		<document> #user# #user#  there's your problem:  you see race.  be more like the white folks who don't. :d #hashtag# </document>
		<document> #user# your ridiculous opinion makes it easy to erode civil rights when you say it's not problem to be unjustly accused or stopped. </document>
		<document> #user# #user# #user# la raza lawyers assn isn't "neo-mexican separatists." stop making up crap. </document>
		<document> i totally missed falwell jr saying it's time to end muslims. yeah, that's what jesus said to do... #hashtag# #url# </document>
		<document> #hashtag# this is who we are, this is who we've always been. it didn't start with 45. we were founded on slavery &amp; genocide. #url# </document>
		<document> still in some pain. no good way to get up from sitting/laying down. coughing is difficult too. was nauseous on/off yesterday, hopefully gone </document>
		<document> watching docs again on the maya &amp; aztecs in my classes strengthen opinion we're much more native than many mexicans want to admit. </document>
		<document> trump says vets stole 💰. like he cares about you! 😂 #url# #url# </document>
		<document> #user# #user# they should have their own t-shirt that says "any man can grab my pussy any time he wants. that's what it's there for." </document>
		<document> obama is not anti-semitic for calling out the israel lobby’s warmongering #url# </document>
		<document> #user# #user# and are you really saying iran had no right to shoot down a us drone that was in their air space? how fucking stupid is that?  do you advocate the us ignoring foreign drones in our air space??????? </document>
		<document> #user# speaking of shame..he's so ashamed of not being white i actually feel sorry for him. i can't imagine being so self-loathing. </document>
		<document> #user# #user# yes, the conflict is that palestinians still exist, they haven't gone away like we hoped. oppression, occupation, apartheid, ethnic cleansing are not conflicts. gtfoh. </document>
		<document> #user# the us excels at sowing instability abroad while ignoring its own citizens; always has. fy. </document>
		<document> re: tx chef feeding homeless.  that's certainly not what jesus would have done. he'd only be going after gays. #hashtag# </document>
		<document> human excrement: chazz lindsey #url# </document>
		<document> but he doesn't have to watch spain win anymore either. #url# </document>
		<document> #user# #user# oh, wow. they purposely left out "white" babies. hah! </document>
		<document> #user# #user# #user# #user# #user# #user# #user# israeli youth chanting "arabs to the ovens" in e. jeru. </document>
		<document> there is nothing 'israeli' about shawarma, hummus, falafel, or arayes #url# </document>
		<document> #user# but they feel your pain. they're white liberals. they understand better than you do. #hashtag# </document>
		<document> #user# #user# #user# #user# #user# #user# #user# #user# #user# #user# i would guess that most people seeking asylum, from central america, or anywhere else, don't go their governments &amp; fill out paperwork. that's not how the process works. </document>
		<document> #hashtag# black heavyweight champ jack johnson successfully defended his title. race riots ensued. #url# #url# </document>
		<document> #user# why the hell do poor people need to eat?  f*** that sh**. we have a military and private prisons to fund!  #hashtag# </document>
		<document> 'huge error': former us military chief admits iraq invasion spawned isis - #url# shocking! </document>
		<document> gang-rape victim pardoned by saudi king after being sentenced to 200 lashes #url#  sa: our friends &amp; a pox unto the world </document>
		<document> #user# #user# #user# 400+ years of violence, murder, thieving in us caused by white men. what to do with them? #hashtag# </document>
		<document> #hashtag# i hate obama &amp; i'm willing to cut off my nose to spite my face. </document>
		<document> trump dancing with the saudis, says islam is "one of the world's greatest religions." he's muslim. just like obama. #hashtag# 🤣🤣🤣 </document>
		<document> #user# #user# #user# #user# i think matthew 23 spells it out. you should read what jesus said about many things. like adulterers. liars. rich. oh, look! trump! </document>
		<document> disney gator attack: 2-year-old boy found dead.  #hashtag# #url# </document>
		<document> my followers are in usa(89%), uk.(2%)... get your map too: #url# #url# </document>
		<document> to help us veterans charity, george bush charged $100k #url# what a swell guy! #hashtag# </document>
		<document> #hashtag# iraq turned out so well. what could possibly go wrong? </document>
		<document> "i have never killed a man, but i have read many obituaries with great pleasure." ~clarence darrow #hashtag# </document>
		<document> a challenge to nea prez #user# to stop straightening her hair. check out #user# &amp; free those curls! powerful women can have curls! </document>
		<document> i'm a trafficker...a trafficker of knowledge. i'm a teacher &amp; i'm #hashtag#.  #hashtag# #url# great ad campaign! </document>
		<document> a good christian, she knows her nt. #hashtag# mn woman smashes muslim in face w/mug for speaking swahili @ applebee’s #url# </document>
		<document> my remark about all atheists needing to apologize for #hashtag# is #hashtag# due to expectations of non-whites to do it. </document>
		<document> the #user# clerk says "everyone's at lunch," leaving one line open. hey, numbnuts, you can control who goes to lunch &amp; when. grrr.... </document>
		<document> #user# saw a video of a kid found under rubble after syrian airstrike. guess what rescuers shouted? not rocket science 2 understand. </document>
		<document> #user# i hear one of the kids has been accepted to a cincinnati school. anyone know which one to inundate with tweets? </document>
		<document> if you don't like images of dead babies washing up on shore (even if they're muslim #hashtag#), then maybe you </document>
		<document> the death of teachers in oaxaca &amp; michoacán are the direct result of the mexican govt suppressing the voice of the teachers. </document>
		<document> “#user#: conservatives call for lynching of obama #hashtag# #url#” /but i'm sure it's not racism. #hashtag# </document>
		<document> thanksgiving proves white ppl are back-stabbing murderous refugees &amp; natives should've killed 'em. right? #hashtag# #url# </document>
		<document> civilwar (w/ lyrics) - #hashtag# feat. #hashtag#, #hashtag#.. #url# via #user# still applies today. </document>
		<document> #user# the full commercial shows him returning, saying he decided to be safe &amp; spent the night w/friends. no more sad puppy. </document>
		<document> #user# #user# so you admit shitting on the constitution is ok, to make "the country safe"? traitor. </document>
		<document> #user# i know. i'm trying to give my white friends the benefit of the doubt. til they post crap like that &amp; refuse to read my posts. </document>
		<document> "for i was a stranger and you welcomed me." we must welcome refugees #url# #hashtag# #hashtag# </document>
		<document> i dislike both of them. they haven't supported labor &amp; education like dems are supposed to.  #url# </document>
		<document> i'll bet if they did this on anniversary of uss liberty &amp; used "jew" as a password, twitter would disable them. #url# </document>
		<document> #hashtag# should be trending. along with #hashtag# </document>
		<document> #user# #user# #user# yeah, jesus was very pro gun, weapon, war. #url# </document>
		<document> #user# #user# #user# #user# and people like you never see racism. those kids were shouting “build the wall!” and calling the veteran “tonto.” fuck them. and you for sticking up for racists. </document>
		<document> trump openly defying jesus &amp; his teaching on divorce w/3 wives.mt 19:1-9 how could any christian support this? inquiring minds want to know. </document>
		<document> #user# do you only hire dog killers? is that a pre-req for employment? </document>
		<document> so we not only need to fear scary angry black women, now we need to fear #hashtag# women? oh, lord. i can't keep up. #hashtag# </document>
		<document> the saudi princess and the multi-million dollar shopping spree #url# via #user# disgusting. </document>
		<document> wait. nothing new. obama was a kenyan marxist commie socialist witch doctor muslim. right? #hashtag# how did this fuckwit get so far? #url# </document>
		<document> #user# saw ur tweets on #hashtag#, aka ignorant american jackasses.  but now i see ur a terrorist: الله أكبر #hashtag# #hashtag# </document>
		<document> a professor spoke about whiteness at #user# students burned her book. #url#  why might poc be critical of white folks? as if there's anything in the history of the us for whites to deserve to be criticized. #hashtag# #hashtag# #hashtag# #user# </document>
		<document> honest government ad | #hashtag#: flatten the curve #url# via #user# please watch #hashtag# </document>
		<document> #user# then why'd u use "der aryans," nitwit? gee people might think ur white from that. u don't know what racist means, obviously. bgone </document>
		<document> #user# #user# #user# my problem is people like you who have zero reading comprehension. her comment: "the so called moral, religious right can judge people on tattoos?" that's exactly what the photo says. "...is using a photo of my tattoos to make me seem "radical."  sheesh. wtf? </document>
		<document> in new book, pope francis says he is worried about homosexuality in the priesthood #url# a little late for that, francis! </document>
		<document> #user# yeah, but aren't those ppl black &amp; brown? who else are cops gonna wail on?  white kids?  bwahahaha!  #hashtag# </document>
		<document> #user# a few weeks. i'm still popping pills &amp; in pain. :( but bored. </document>
		<document> after 8 yrs, 18% of americans &amp; 43% repubs still think obama is muslim. willful ignorance. really wanna be sisyphus? #url# </document>
		<document> do you really think trump is unaware that ca's corporate farmers are the largest employer of the undocumented? </document>
		<document> #user# #user# #user# and will change nothing. you don't bring in a billion dollars. </document>
		<document> listening to #user# at the petaluma progressive festival. speak it! #url# </document>
		<document> epn promised that his neoliberal reforms would bring prosperity to #hashtag#, that gas prices would go down. nada. </document>
		<document> trump kissing some major saudi ass. trumpmonkies are having a meltdown. aww, he's as big a lying 🤥 whore as any politician. shocking. </document>
		<document> maryam, mother of jesus, in the qu'ran #url# studying the qu'ran as a #hashtag#. </document>
		<document> new #hashtag# slogan: “we don’t refer to other countries as shitholes. please vote for us.” our country is doomed any way you look at it. </document>
		<document> the obscene moral hypocrisy on brussels: why are terror attacks against civilians in the middle east ignored? #url# #user# </document>
		<document> #user# yeah, but black on black crime is much worse cuz they're black &amp; it gives credence to white fears of black people. #hashtag# </document>
		<document> did you know: abortions are provided for free by the single payer healthcare system of israel. </document>
		<document> #user# watch this video and learn about the real mlk, not the one whose quotes you cherry pick. today, remember mlk in his totality, not the pablum one we're fed and that allows rwnjs to quote him and claim him as their own. #url# </document>
		<document> jesus may weep, but the gop applauds. and we know they're the best christians ever. #hashtag# #url# </document>
		<document> story on social media of your employee bre sparks strangling a cat &amp; laughing about it. true? #user#  #user# </document>
		<document> teachers unions are synonymous with evil, apparently. i'm sorry, america. #hashtag# </document>
		<document> #user# #user# there won't be a revolution, no matter how bad it gets cuz we're sheeple. </document>
		<document> but this mainly applies to black folks. gee, and here i thought we were "post-racial." #hashtag# #url# </document>
		<document> "#user# was among several big-city police chiefs who drew national praise for marching with protesters and calling for reforms to improve police accountability..."
lies. always lies. #hashtag# #hashtag# #url# </document>
		<document> #user# #user# he was a socialist!!!!!! you obviously don't know mlk. educate yourself. start here by listening to mlk himself. #url# </document>
		<document> according to fusion’s reporting, “perpetrators can be coyotes, other migrants, bandits, or even government authorities.” #user# </document>
		<document> #hashtag# #hashtag# hard to believe since he gives his own wife the heebie jeebies. #url# </document>
		<document> #user# #user# #user# i have close friends there. they're fine and said it's not that bad as portrayed in the media. </document>
		<document> #user# #user# actually, only since 1948. and if you have no problems giving others' homes away, give yours to local native americans. put your money where your mouth is or stfu. </document>
		<document> measure a. major failure, and a major show of no-confidence in our bos. #hashtag# </document>
		<document> #user# no, la raza means community, my people, as used in la raza bar assn, nclr, etc. it's not meant as superior, like people claim. </document>
		<document> this is what a pos looks and smells like. and he works at cnn. #url# </document>
		<document> israel plans to build 1,400 new units in jewish settlements #url# /paving the road to peace! #hashtag# </document>
		<document> #user# #user# oh, you pointy-headed liberal! spelling don't mean nothing when you got guns up the wazoo! #hashtag#. </document>
		<document> oh, gee. i'm shocked. shocked.  #url# </document>
		<document> #user# it's only terrorists when it's muslims. white perps are just "crazy." get with it! #hashtag# </document>
		<document> poor little snowflake. why waste county jail on him when there's plenty of brown folks who could be there?n#url# #hashtag# </document>
		<document> fort bend county shooting that left three dead started with 'family meeting' #url# via #user# </document>
		<document> "the american people are sick and tired of hearing about your damn emails!" right on #hashtag#! #hashtag# </document>
		<document> #user# #user# now why don't you go engage your 21 follwers and leave me alone. </document>
		<document> so #hashtag# thinks that vietnam deferments &amp; going to boarding school &amp; marching around in a uniform was like being in the military? smh </document>
		<document> wtf? this passes for discourse w/rwnjs. "la raza" what? "la raza" who? #user# #user# #url# </document>
		<document> #user# #user# can you also point out that he admitted that? he asked that the people who do own it remove it. can you point that out? </document>
		<document> #user# #user# #user# most of us still need to fear white guys w/guns. #url# </document>
		<document> redistribution of wealth by obama? yeah. everything is going to the wealthy! #url# </document>
		<document> open carry tx suing police after being arrested for not complying w/officers #url# yeah. read that again. #hashtag# </document>
		<document> #user# no. i just had hernia surgery, and am on r &amp; r for 4-6 weeks. you? </document>
		<document> #user# #user# #user# #user# #user# careful, your racism is showing. they're "savages hell bent on destruction" but the insurrectionists hell bent on trashing and killing are "patriots," who  beat a cop to death with a fire extinguisher. </document>
		<document> israel destroys palestinian homes after announcing new settlements: #url# hardly a road to peace... </document>
		<document> nevada goper on syrian refugees: 'i'll fly to paris &amp; shoot 'em' myself #url# bet she's a "christian" too. </document>
		<document> since we bombed these countries into smithereens, maybe we should help more w/the crisis we helped create. #user# </document>
		<document> texass. 50-year prison sentence for stealing ribs #url# obviously not the white affluenza kid. this is a poor black man. </document>
		<document> #user# #user# wait. if it's driven by capitalism, how can it be leftist? doesn't make sense. you're stretching. </document>
		<document> we need a picture of her husband. ruin his spy career. #url# </document>
		<document> #user# #user# hmmm, then why did priests &amp; bishops cover up pedophilia in the church? or did they not think it was evil? </document>
		<document> bernie supporters protesting? lead out. delegates are ticked off. #hashtag# #hashtag# #url# </document>
		<document> #user# #user# #user# very rich coming from a brit. your people fucked over the world with no apologies. </document>
		<document> #user# to host group classified as hate group by splc. 🖕🏽 #url# #url# </document>
		<document> #hashtag# this guy's on fire. parker, parker, parker! grand slam! 3 home runs in one game! </document>
		<document> #user# then fuck off and tweet to your 400 followers. i didn't seek you out!  asshole </document>
		<document> #user# u stand for a racist xenophobe who hates mexicans. got it. now go &amp; pretend ur better than other brown people, mr 4th gen. </document>
		<document> #user# all weiner has to do is convert to christianity and say he's healing. the fake shithole christians will be supporting him in no time! </document>
		<document> #user# #user# #user# my guy sleeps until about 9:30-10, but doesn't start work til btwn 11 &amp; 3, depending on shift. </document>
		<document> those little blue devils, the smurfs, are next. their funny hats look muslim to me! #hashtag# #hashtag# #url# </document>
		<document> #user# cnn said ivanka's hubby usually writes the speeches. did he set up melania? </document>
		<document> #hashtag# is dead. finally. huzzah! huzzah! unfortunately, there will be a funeral instead of just throwing him out with the trash. if there's a hell, he'll burn forever. </document>
		<document> fox guest: charleston shooter is 'a product of the left wing' (video) #user# #url# where do these people come from? </document>
		<document> 18 things #hashtag# can teach us about love #url# #hashtag# via #user# </document>
		<document> who let him out? go back under your rock. #url# </document>
		<document> #user# why was that vile racist piece of shit excuse for a human allowed to remain on the flight????? maybe because you’re a pos airline????? </document>
		<document> #user# #user# nah, that part is for godless communists. #hashtag# </document>
		<document> because he's a self-hating mexican? question: did his dad do the raping? #hashtag# #url# </document>
		<document> #hashtag#: it’s ok to feel overwhelmed and be unproductive | psychology today #url# "i’ll say it again: if you’re feeling like all of this is too much—it’s because it is." </document>
		<document> read: he mentioned guns &amp; race. oh, the horror. #url# </document>
		<document> #user# #user# but they wanted to have their cake &amp; eat it too. wilson agreed. so much for law &amp; order. </document>
		<document> moderator asks candidates to be specific when describing hellscape country will become if not elected #url# via #user# </document>
		<document> these christians attacking tx guv for his #hashtag# post are the same people who demand we be tolerant of their beliefs. #hashtag# </document>
		<document> and you're an idiot.  i'm a catholic, and i actually know my religion. #user# </document>
		<document> #user# #user# work permit part is contentious </document>
		<document> #user# #user# gtf outta here w/your "hates jews" bs, just because the world is waking up to zionist terrorism. </document>
		<document> #user# botched those places? we never should have been in iraq &amp; afghanistan. oh, yeah, bush lied. libya/egypt are their own fault </document>
		<document> #user# #user# #user# what's his definition of "working"? </document>
		<document> oh, the horror. he's a muslim lover. and this after washing that muslim woman's feet on holy thursday. #hashtag# #url# </document>
		<document> where did he say that? link, please. or is it just in your head? #user# </document>
		<document> and this. #url# </document>
		<document> #user# #user# #user# us and our all powerful unions are the scourge of the earth. god, i wish i could retire from this shitshow. </document>
		<document> #user# #user# how'd they clean it up so fast to start letting people in? its a miracle! </document>
		<document> because that's how #hashtag# roll. #hashtag# #url# </document>
		<document> what time is it in europe? 11pm? brussels isn't in flames? or any other capitals? dc? </document>
		<document> so much for "pro-life" gop. lying hypocrites. #url# </document>
		<document> beware the offensive bad word. you know, unlike the unoffensive "mexicans are rapists" comment. #hashtag# #url# </document>
		<document> #user# destroy it and get fired! good riddance. </document>
		<document> jon stewart: difference between atlanta cheating &amp; wall st scandals is who got punished #url# &amp; the color of their skin? </document>
		<document> #user# is this real? she's not embarrassed to admit she didn't pay attention to the news that predicted this stuff? willful ignorance. </document>
		<document> #user# satanyahu is beating the drums of war &amp; riling up the christian zionists, who hate obama. </document>
		<document> #hashtag# &amp; #hashtag#: it's not a "black thing," it's a christian thing. the victims were murdered in a church...(1/2) </document>
		<document> #user# #user# oh, jesus mary &amp; joseph. i need to go lie down now. </document>
		<document> wasn't done by a muslim, so who cares? besides, they're mexicans who won't be coming up here. #hashtag# #url# </document>
		<document> #user# #user# "however, department of homeland security lawyers appealed the ruling and continued to push for ybarra's deportation." since 2011. obama. </document>
		<document> this is an outrage. an outrage. ignoring this crap and remaining silent emboldens racists &amp; says it's ok. #url# </document>
		<document> #user# #user# #user# nothing changes because the gop &amp; dems like things the way they are. $$$$$$$$$$ </document>
		<document> "he's a mexican. we're building a wall between here and mexico." #url# </document>
		<document> mudscum immigrant bakery?  wtf are your babbling about? don't like immigrants? think they're mudscum? try mt 25:36. #user# </document>
	 >
<document> if Trump wants to ban Muslims, how about a group responsible for over 400 years of murder, mayhem, genocide, theft here in us? *cough* #hashtag# </document>
<document> #user# white men: the last group must be discredited. #hashtag# </document>
<document> #hashtag# #hashtag# #hashtag#us #hashtag# your super catholic wonderful high school friends have discovered you. did you really fuck the whole team? "Late for an appointment, call Renate." have you been ffff'd? boofed? and you signed a letter for him! </document>
<document> #user# #user# hate for ignorance &amp; ignorant idiots like you. </document>
<document> when Muslims on the other side of the world commit violence, 1.6 billion people are expected to apologize. so why not atheist? #hashtag# #hashtag# </document>
<document> .#user# must be so pissed it's trending like #hashtag# ah, crazy times. </document>
<document> #user# #user# but his part is "winning". your side is going in the way of the dodo bird. That's good. </document>
<document> this. formerly interned Japanese Americans oppose Muslim hatred #url# </document>
<document> 😡 why am I fighting my teachers union #url# via wsj #hashtag# #hashtag# #user# #user# </document>
<document> Justice Department sues school to keep girl &amp; his guide dog together - urdogs #url# #hashtag# </document>
<document>outlawed motorcycle gangs reward US soldiers, feds say #url# </document>
<document> all these refugees in europe rape everyone. so glad Americans don't do that here. women are super safe in the US. #hashtag# </document>
<document> #user# refers to the government that silenced you, not your employer that fired you. or the twitterverse attacking you. </document>
<document> Does South Carolina have a law to protect the traitor's rag? damn America. #url# </document>
<document> #user# gave a 🖕🏽 to veterans and tradition by not honoring the #hashtag# with flags at half-mast. where is the outrage? Trump is just a spoiled brat who can't get over himself. it's all about him. </document>
<document> #user# #user# Scalia also said "we also recognize another important limitation on the right to keep and bear arms." other amendments have had limitations, why is the 2nd one prohibited? </document>
<document> no más bebés: Mexican immigrant women reported after being sterilized during childbirth at the co-usc med ctr in the late 1960s and early 1970s. </document>
<document> #user# again, you didn't read that, you're going with lines about memes that are taken out of context. do you want to learn something or not? </document>
<document> #user# #user# wow. I bet you will get many converts with this one. way to bring people to God. </document>
<document> #user# #user# #user# There is no wall on Mexico's southern border. it is fake news. the pix are from Israel. #hashtag# </document>
<document> oh wow. to turn white children into Muslims? horror! #hashtag# #url# </document>
<document> #user# #user# #user# even if that means certain death. personal problem, right? #hashtag# #hashtag# right? </document>
<document> I got 1 new follower from USA last week. see #url# #url# </document>
<document> #user# #user# #user# #user# btw, as a divorced straight Catholic, I can't get married in church without an annulment. </document>
<document> #user# #user# and you? a disgrace to every American. </document>
<document> Do you think this is what politicians are referring to when they talk about how big the United States is? we are #hashtag#! #hashtag# #url# </document>
<document> and I bet tx christians who hate #hashtag# with vitriol probably fear #hashtag#. #hashtag# </document>
<document> those who support #hashtag#, remember that Jesus said nothing about homosexuality, but said no to divorce. #hashtag#? </document>
<document> states that I have visited. adding but in April! #url# #hashtag# </document>
<document> i ❤️ when I get in my car and #hashtag# plays my favorite #hashtag# song: Heartthrob. 🎶💯 </document>
<document> #user# #user# #user# #user# #user# the white boy who tells everyone his reality. I'm shocked! shocked! 😮 </document>
<document> Labor day is inconvenient for people running this country #url# via #user# </document>
<document> Dog Lovers Boycott Pro Bowl Sponsors As #hashtag# Continues To Honor #hashtag# #url# Via #user# #hashtag# #hashtag# #hashtag# #hashtag# </document>
<document> #user# #user# #user# #user# why bother when you can call the police and have the offending toll, I mean the passenger, forcibly removed? it's great pr. #hashtag# </document>
<document> #user# #user# there is your problem: see breed. be more like white people who don't. :d #hashtag# </document>
<document> #user# your ridiculous opinion makes it easy to erode civil rights when you say it's okay to be wrongly accused or arrested. </document>
<document> #user# #user# #user# the assn lawyer race is not "neo-mexican separatists". stop bullshitting. </document>
<document> I totally missed falwell jr saying it's time to end muslims. yes, that's what Jesus said to do... #hashtag# #url# </document>
<document> #hashtag# this is who we are, this is who we've always been. it didn't start with 45. we were founded on bondage and slavery. genocide. #url# </document>
<document> still suffers a little. not a good way to get up from sitting/lying down. even coughing is difficult. it was nauseous on/off yesterday, hopefully gone</document>
<document> looking again at the maya &amp; the Aztecs in my classes reinforce the view that we are far more native than many Mexicans care to admit. </document>
<document> Trump says vets stole 💰. like he takes care of you! 😂 #url# #url# </document>
<document> #user# #user# should have their shirt saying "any man can grab my pussy anytime he wants. That's what it's for." </document>
<document> obama not anti-Semitic for exposing Israel lobby warmonger #url# </document>
<document> #user# #user# and are you really saying that Iran had no right to shoot down an American drone that was in their airspace? how fucking stupid is that? you argue that we ignore foreign drones in our airspace??????? </document>
<document> #user# talks about shame..he's so ashamed of not being white that I really feel sorry for him. I can't imagine being that disgusting with myself. </document>
<document> #user# #user# yes, the conflict is that the Palestinians still exist, they are not gone as we hoped. oppression, occupation, apartheid, ethnic cleansing are not conflicts. gtfoh. </document>
<document> #user# the United States excels at sowing instability abroad by ignoring its own citizens; He has always. fy. </document>
<document> re:tx chef feeding the homeless. it is certainly not what Jesus would have done. he only chased gays. #hashtag# </document>
<document> human excrement: chazz lindsey #url# </document>
<document> but he no longer even has to watch Spain win. #url# </document>
<document> #user# #user# oh wow. they purposely left out "white" children. ha! </document>
<document> #user# #user# #user# #user# #user# #user# #user# young Israelis singing "the Arabs in the ovens" in e. jeru. </document>
<document> there is nothing 'Israeli' about shawarma, hummus, falafel or arayes #url# </document>
<document> #user# but they feel your pain. they are white liberals. they understand better than you. #hashtag# </document>
<document> #user# #user# #user# #user# #user# #user# #user# #user# #user# #user# I guess most asylum seekers, from Central America or from anywhere else, don't go their governments &amp; fill out documents. that's not how the process works. </document>
<document> #hashtag# black heavyweight champion jack johnson successfully defended his title. race riots followed. #url# #url# </document>
<document> #user# why the hell do poor people need to eat? Fuck that shit. we have military and private prisons to finance! #hashtag# </document>
<document> 'huge error': formum, US military leader admits Iraqi invasion spawned ISIS - #url# shocking! </document>
<document> Gang rape victim pardoned by Saudi king after being sentenced to 200 lashes #url# sa: our friends &amp; a smallpox for the world </document>
<document> #user# #user# #user# More than 400 years of violence, murder, theft in us caused by white men. what to do with them? #hashtag# </document>
<document> #hashtag# i hate obama &amp; I'm willing to cut off my nose to spite my face. </document>
<document> trump dances with saudis, says islam is 'one of the biggest religions in the world'. he is muslim. just like Obama. #hashtag# 🤣🤣🤣 </document>
<document> #user# #user# #user# #user# I think Matthew 23 spells it out clearly. you should read what Jesus said about many things. like adulterers. Liars. rich. Oh look! trump! </document>
<document> disney gator attack: 2-year-old boy found dead. #hashtag# #url# </document>
<document> my followers are in usa(89%), uk.(2%)... get your map too: #url# #url# </document>
<document> to help us veterans charity, George Bush charged $100,000 #url# nice guy! #hashtag# </document>
<document> #hashtag# iraq went very well. What could go wrong? </document>
<document> "I have never killed a man, but I have read many obituaries with great pleasure." ~clarence darrow #hashtag# </document>
<document> a challenge to nea prez #user# to stop straightening his hair. check out #user# &amp; release those curls! powerful women can have curls! </document>
<document> I am a trafficker... a knowledge trafficker. i am a teacher &amp; they are #hashtag#. #hashtag# #url# excellent advertising campaign! </document>
<document> a good Christian, knows her nt. #hashtag# mn woman smashes Muslim in the face with cup for speaking Swahili @applebee's #url# </document>
<document> my observation about all atheists having to apologize for #hashtag# is #hashtag# because of non-white expectations to do so. </document>
<document> the #user# clerk says "everyone for lunch", leaving one line free. Hey, stupid, you can control who goes to lunch and who goes to dinner. When. grrr.... </document>
<document> #user# saw a video of a child found under rubble after a Syrian airstrike. guess what the rescuers shouted? not rocket science 2 understand. </document>
<document> #user# I heard that one of the kids got accepted into a school in Cincinnati. does anyone know which ones to flood with tweets? </document>
<document> if you don't like images of dead children washing up on shore (even if they are Muslim #hashtag#), then maybe you </document>
<document> the death of teachers in oaxaca &amp; michoacán are the direct result of the Mexican government's suppression of the teachers' voice. </document>
<document> “#user#: Conservatives call for lynching obama #hashtag# #url#” / but I'm sure it's not racism. #hashtag# </document>
<document> thanksgiving proves that white people are backstabbing murderous refugees and the natives should have killed them. Right? #hashtag# #url# </document>
<document> civilwar (with lyrics) - #hashtag# feat. #hashtag#, #hashtag#.. #url# via #user# still applies today. </document>
<document> #user# full commercial shows him returning, saying he decided to get safe and be safe. we spent the night with friends. no more sad puppy. </document>
<document> #user# #user# so you admit shitting on the constitution is okay, to make "the country safe"? traitor. </document>
<document> #user# I know. I'm trying to give my white friends the benefit of the doubt. until they post bullshit like that &amp; refuse to read my posts. </document>
<document> "because I was a stranger and you took me in." we need to welcome refugees #url# #hashtag# #hashtag# </document>
<document> I don't like both. did not support the work &amp; education like dems should. #url# </document>
<document> I bet if they did it on the anniversary of the USS Liberty &amp; used "jew" as a password, twitter would disable them. #url# </document>
<document> #hashtag# should be trending. with#hashtag# </document>
<document> #user# #user# #user# yes, jesus was very pro-gun, guns, war. #url# </document>
<document> #user# #user# #user# #user# and people like you never see racism. those children shouted "build the wall!" and calling the veteran "dumb". fuck them. and you for defending racists. </document>
<document> trumps openly challenging jesus &amp; his teaching on divorce with 3 wives.mt 19:1-9 how could a Christian support this? curious minds want to know. </document>
<document> #user# do you only hire dog killers? is it a pre-requisite for employment? </document>
<document> so not only do we have to fear scary angry black women, now we have to fear #hashtag# women? Oh Lord. I can't keep up. #hashtag# </document>
<document> the saudi princess and multimillion dollar shopping #url# via #user# disgusting. </document>
<document> wait. nothing new. obama was a Kenyan Marxist socialist communist Muslim witch doctor. Right? #hashtag# how did this asshole get this far? #url# </document>
<document> #user# saw your tweets on #hashtag#, aka ignorant American idiots. but now i see that you are a terrorist: الله أكبر #hashtag# #hashtag# </document>
<document> a professor told #user# about whiteness students burned her book. #url# why might poc be critical of white people? as if there is something in US history that white people deserve to be criticized for. #hashtag# #hashtag# #hashtag# #user# </document>
<document> honest government announcement | #hashtag#: flatten #url# curve via #user# see #hashtag# </document>
<document> #user# then why did you use "der aryans", idiot? Damn, people might think you're white for that. You don't know what racism means, of course. bgone </document>
<document> #user# #user# #user# my problem is people like you who lack reading comprehension. his comment: "Can the so-called moral, religious right judge people on tattoos?" it is just what the photo says. "...is using a photo of my tattoos to make me look 'radical'. sheesh. wtf? </document>
<document> in new book, pope francis says he is concerned about homosexuality in the priesthood #url# a bit late for that, francis! </document>
<document> #user# yes, but those people are not black &amp; brown? Who else will the cops complain about? white children? bhahahaha! #hashtag# </document>
<document> #user# few weeks. i'm still taking pills &amp; in pain. :( but bored. </document>
<document> after 8 years, 18% of Americans &amp; 43% of Republicans still think Obama is a Muslim. willful ignorance. Do you really want to be Sisyphus? #url# </document>
<document> do you really think Trump is unaware that corporate farmers in ca are the largest employer of the undocumented? </document>
<document> #user# #user# #user# and nothing will change. you don't carry a billion dollars. </document>
<document> listening to #user# at the petaluma progressive festival. Say that! #url# </document>
<document> epn promised that his neoliberal reforms would bring prosperity to #hashtag#, that gas prices would fall. nada. </document>
<document> Trump kissing the ass of a prominent Saudi. the trumpmonkies are having a meltdown. aww, she's a bitch 🤥 as liar as any politician. shocking. </document>
<document> maryam, mother of jesus, in the quran #url# studying the quran as #hashtag#. </document>
<document> new #hashtag# tagline: “we don't refer to other countries as assholes. please vote for us.” our country is doomed any way you look at it. </document>
<document> obscene moral hypocrisy about brussels: why are terrorist attacks against civilians in the middle east ignored? #url# #user# </document>
<document> #user# yes, but black on black crime is so much worse because they are black &amp; it lends credence to white fears of black people. #hashtag# </document>
<document> did you know: abortions are provided free of charge by the single-payer Israeli healthcare system. </document>
<document> #user# watch this video and learn about the real mlk, not theone whose quotes you choose. today, it resembles mlk in its entirety, not the pablum we are fed on and which allows rwnjs to quote it and claim it as its own. #url# </document>
<document> jesus may cry, but the gop applauds. and we know they are the best Christians ever. #hashtag# #url# </document>
<document> social media story of your employee bre sparks strangling a cat &amp; laughing about it. REAL? #user# #user# </document>
<document> teachers unions are evil, it seems. I'm sorry America. #hashtag# </document>
<document> #user# #user# there won't be a revolution, no matter how bad it gets because we are sheep. </document>
<document> but this applies mainly to black people. Damn, and here I thought we were "post-racial." #hashtag# #url# </document>
<document> "#user# was among several major city police chiefs who received national praise for marching with protesters and calling for reforms to improve police accountability..."
lies. always lies. #hashtag# #hashtag# #url# </document>
<document> #user# #user# was a socialist!!!!!! obviously you don't know mlk. educate yourself. start here by listening to mlk itself. #url# </document>
<document> according to fusion reports, "perpetrators may be coyotes, other migrants, bandits, or even government authorities." #user# </document>
<document> #hashtag# #hashtag# hard to believe as it creeps his wife out. #url# </document>
<document> #user# #user# #user# I have close friends there. they are fine and said its not that bad as described in the media. </document>
<document> #user# #user# actually, only since 1948. and if you don't mind giving away other people's homes, give yours to the local Native Americans. put your money where your mouth is or stfu. </document>
<document> measure a. big failure, and a big show of distrust in our boss. #hashtag# </document>
<document> #user# no, la raza means community, my people, as used in la raza bar assn, nclr, etc. doesn't mean superior, as people say. </document>
<document> This is what a pos looks and smells like. and works at cnn. #url# </document>
<document> Israel plans to build 1,400 new units in Jewish settlements #url# / paving the way for peace! #hashtag# </document>
<document> #user# #user# oh you stubborn liberal! spelling means nothing when you got guns in your wazoo! #hashtag#. </document>
<document> oh damn. I'm shocked. shocked. #url# </document>
<document> #user# are only terrorists when they are Muslims. white criminals are just "crazy". go with it! #hashtag# </document>
<document> poor little snowflake. why waste the county jail on him when there are a lot of black people who could be there?n#url# #hashtag# </document>
<document> Fort Bend County shooting resulting in three deaths started with "family reunion" #url# via #user# </document>
<document> "Americans are sick and tired of hearing about your damn emails!" right on #hashtag#! #hashtag# </document>
<document> #user# #user# now why don't you go engage your 21 followers and leave me alone. </document>
<document> so #hashtag# think Vietnam postpone &amp; go to college &amp; Was marching in uniform like being in the army? sm </document>
<document> wtf? this goes without saying w/rwnjs. "the race" what? "the race" who? #user# #user# #url# </document>
<document> #user# #user# can you also point out that he admitted it? he demanded that people who own it remove it. can you point it out? </document>
<document> #user# #user# #user# Most of us still need to fear white people with guns. #url# </document>
<document> Obama's Redistribution of Wealth? Yes. everything goes to the rich! #url# </document>
<document> open carry tx to sue police after being arrested for failing to comply with officers #url# yeah. read it again. #hashtag# </document>
<document> #user# n. i just had hernia surgery and am on r &amp; r for 4-6 weeks.You? </document>
<document> #user# #user# #user# #user# #user# watch out, your racism shows. they are "savages bent on destroying", but the insurrectionists bent on destroying and killing are "patriots", who beat a policeman to death with a fire extinguisher. </document>
<document> Israel destroys Palestinian homes after announcing new settlements: #url# hardly a road to peace... </document>
<document> nevada goper on syrian refugees: 'flight to paris &amp; shoot him yourself #url# I bet she's a "Christian" too. </document>
<document> since we've blown these countries to smithereens, maybe we should help more with the crisis we helped create. #user# </document>
<document>texas. Sentenced to 50 years in prison for stealing ribs #url# obviously not the white flu guy. this is a poor black man. </document>
<document> #user# #user# wait. if it is led by capitalism, how can it be leftist? it does not make sense. you are stretching. </document>
<document> we need a photo of your husband. ruin his career as a spy. #url# </document>
<document> #user# #user# hmmm then why do you priests &amp; do bishops hide pedophilia in the church? or didn't they think it was evil? </document>
<document> bernie supporters protesting? take out. delegates are marked. #hashtag# #hashtag# #url# </document>
<document> #user# #user# #very wealthy user# from an Englishman. your people fucked the world without excuses. </document>
<document> #user# to host group classified as hate group by splc. 🖕🏽 #url# #url# </document>
<document> #hashtag# this guy is on fire. parker, parker, parker! big hit! 3 home runs in one game! </document>
<document> #user# then fuck you and tweet your 400 followers. I didn't look for you! asshole </document>
<document> #user# you represent a racist xenophobe who hates Mexicans. Done. now go &amp; pretend you're better than other black people mister 4th generation. </document>
<document> #user# all weiner has to do is convert to christianity and say he is healing. shitty fake christians will be claiming that in no time! </document>
<document> #user# #user# #user# my boyfriend sleeps until about 9:30-10, but doesn't start work until 11 &amp; 3, depending on the shift. </document>
<document> the blue devils, the smurfs, are next. their funny hats look Muslim to me! #hashtag# #hashtag# #url# </document>
<document> #user# cnn said that ivanka's husband usually writes speeches. did he create melania? </document>
<document> #hashtag# is dead. Finally. huh! huh! unfortunately there will be a funeral instead of throwing it away with the garbage. if there is a hell, it will burn forever. </document>
<document> fox guest: charleston shooter is 'a product of the left wing' (video) #user# #url# where are these people from? </document>
<document> 18 things #hashtag# can teach us about love #url# #hashtag# via #user# </document>
<document> who released it? go back under your rock. #url# </document>
<document> #user# why did that vile piece of racist shit allow a human being to stay on the flight????? maybe because you are a pos airline????? </document>
<document> #user# #user# nah, that part is for godless communists. #hashtag# </document>
<document> Why is he a self-hating Mexican? question: did your father commit the rape? #hashtag# #url# </document>
<document> #hashtag#: It's okay to feel overwhelmed and be unproductive | psychology today #url# "I repeat: if you feel that all this is too much, it is because it is." </document>
<document> read: mentioned guns &amp; competition. oh, the horror. #url# </document>
<document> #user# #user# but they wanted to have their cake &amp; eat it too. Wilson agreed. so much for the law &amp; order. </document>
<document> moderator asks candidates to be specific when describing hellish country it will become if not elected #url# via #user# </document>
<document> these christians attacking tx guv for his #hashtag# post is the samepeople who ask us to be tolerant of their beliefs. #hashtag# </document>
<document> and you are an idiot. I am catholic and I know my religion. #user# </document>
<document> #user# #user# part of the work permit is controversial </document>
<document> #user# #user# gtf get out of here with your "hate Jews" bs, just because the world is waking up to Zionist terrorism. </document>
Did <document> #user# screw up those places? We never should have been in Iraq &amp; afghanistan. oh yes, Bush lied. libya/egypt are their fault </document>
<document> #user# #user# #user# what is your definition of "work"? </document>
<document> oh, the horror. he is a muslim lover. and this after having washed the feet of that Muslim woman on Holy Thursday. #hashtag# #url# </document>
<document> where did he say that? link please. or is it just in your head? #user# </document>
<document> and this. #url# </document>
<document> #user# #user# #user# we and our all-powerful unions are the scourge of the earth. God, I wish I could retire from this shit show. </document>
<document> #user# #user# how did they clean it up so fast to let people in? it's a miracle! </document>
<document> because that's how #hashtag# works. #hashtag# #url# </document>
<document> what time is it in europe? 11pm? Isn't Brussels on fire? or other capitals? A.D? </document>
<document> so much for "pro-life" gop. hypocritical liars. #url# </document>
<document> beware of offensive swear words. you know, unlike the inoffensive "Mexicans are rapists" comment. #hashtag# #url# </document>
<document> #user# destroy it and get fired! good riddance. </document>
<document> jon stewart: difference between atlanta cheating &amp; wall st scandals is who was punished #url# &amp; the color of their skin? </document>
Is <document> #user# true? Aren't you embarrassed to admit that you didn't pay attention to the news involving this stuff? willful ignorance. </document>
<document> #user# satanyahu is beating the drums of war &amp; irritating the Christian Zionists, who hate Obama. </document>
<document> #hashtag# &amp; #hashtag#: It's not a "black thing", it's a Christian thing. the victims were murdered in a church...(1/2) </document>
<document> #user# #user# oh, jesus maria &amp; Joseph. now I have to go and lie down </document>
<document> was not made by a Muslim, so who cares? moreover, they are Mexicans who will not come here. #hashtag# #url# </document>
<document> #user# #user# "However, Department of Homeland Security lawyers appealed the ruling and continued to push for ybarra's deportation." since 2011. obama. </document>
<document> this is an outrage. an outrage. ignoring this bullshit and staying silent encourages racists &amp; he says it's fine. #url# </document>
<document> #user# #user# #user# doesn't change anything because the gop &amp; dems like things the way they are. $$$$$$$$$$ </document>
<document> "He's a Mexican. We're building a wall between here and Mexico." #url# </document>
<document> mud immigrant bakery? what you mean? you don't like immigrants? do you think they are mud? try mt 25:36. #user# </document>>
<Document> If Trump wants to ban Muslims, how about a group responsible for over 400 years of murder, chaos, genocide and theft here within us? *cough* #hashtag# </document>
<document> #user# white males: the last group to be vilified. #Hashtag# </Document>
<document> #hashtag# #hashtag# #hashtag#us #hashtag# your super catholic wonderful high school friends outed you. Did you really fuck the whole team? "Too late for a date, call Renate." did you get ffff'd? booed? and you signed a letter for him! </document>
<document> #user# #user# hatred of ignorance &amp; Ignorant idiots like you. </document>
<Document> When Muslims around the world turn violent, 1.6 billion people are expected to apologize. So why not atheists? #hashtag# #hashtag# </document>
<document> .#user# must be so pissed off it shows up as #hashtag# ah crazy times. </document>
<document> #user# #user# but his side "wins". Your site walks the path of the dodo bird. Thank God. </document>
<document> this. Formerly interned Japanese-Americans stand up against Muslim hatred #url# </document>
<document> 😡 why I'm fighting my teachers union #url# via wsj #hashtag# #hashtag# #user# #user# </document>
<Document> Justice Department sues school, girls &amp; their service dog together - urdogs #url# #hashtag# </document>
<Document> Outlaw Biker Gangs Price US soldiers, federal agencies say #url# </document>
<Document> all these refugees in Europe are raping everyone. so glad the Americans don't do that here. Women are super safe in the US. #Hashtag# </Document>
<document> #user# refers to the government silencing you, not your employer firing you. or the Twitterverse attacks you. </document>
<Document> South Carolina has a law to protect the traitor's rag? America damn. #url# </document>
<Document> the #user# gave a 🖕🏽 to vets and tradition by not honoring #hashtag# with flags at half mast. Where's the outrage? Trump is just a spoiled brat who can't get over himself. it's all about him. </document>
<document> #user# #user# even Scalia said, "We also recognize another important limitation on the right to possess and bear arms." other changes have limitations imposed, why is the 2nd blocked? </document>
<document> no más bebés: Mexican immigrant women sued after being sterilized at birth at La co-usc med ctr in the late 60s/early 70s. </document>
<document> #user# again, you haven't read it, you're going over memes with verses taken out of context. learn something or not? </document>
<document> #user# #user# wow. I bet you get a lot of conversions with it. way of bringing people to God. </document>
<document> #user# #user# #user# There is no wall on the southern Mexican border. it's fake news. the pictures are from israel. #Hashtag# </Document>
<document> oh wow. Turning White Babies into Muslims? the horror! #Hashtag# #URL# </document>
<document> #user# #user# #user# even if it means certain death. Personal problem, right? #hashtag# #hashtag# right? </document>
<document> I got 1 new followers from USA last week. see #url# #url# </document>
<document> #user# #user# #user# #user# By the way, as a divorced Catholic, I can't get married in a church without an annulment. </document>
<document> #user# #user# and you? Shame on every American. </document>
<document> do you think politicians refer to this when they talk about how great the usa is? we are #hashtag#! #Hashtag# #URL# </document>
<Document> and I bet the TX Christians who hate #hashtag# with vitriol probably fear "#hashtag#". #Hashtag# </Document>
<document> Those who support #hashtag# remember that Jesus said nothing about homosexuality, but he said no to divorce. #Hashtag#? </document>
<document> indicates what I visited. add ma in april! #url# #hashtag# </document>
<document> I ❤️ it when I get in the car and #hashtag# plays my favorite #hashtag# song: heartbreaker. 🎶💯 </document>
<document> #user# #user# #user# #user# #user# the white man who tells everyone his reality. I am shocked! shocked! 😮 </document>
<document> Labor Day is inconvenient for the people running this country #url# over #user# </document>
<document> Dog lovers boycott Pro Bowl sponsors as #hashtag# continues to honor #hashtag# #url# via #user# #hashtag# #hashtag# #hashtag# #hashtag# </document>
<document> #user# #user# #user# #user# why bother when you can call the police and have the offending tribute, I mean passenger, forcibly removed? it's great PR. #Hashtag# </Document>
<document> #user# #user# There's your problem: you see races. be more like the whites who don't. :d #hashtag# </document>
<document> #user# Your ridiculous opinion makes it easy to undermine civil liberties when you say being wrongly accused or stopped is not a problem. </document>
<Document> #user# #user# #user# La Raza Lawyers Assn is not a "neo-Mexican separatist". Stop making up crap. </document>
<Document> I totally missed Falwell Jr. when he said it was time to end the Muslims. Yes, that's what Jesus said... #hashtag# #url# </document>
<document> #hashtag# we are, we always have been. It didn't start at 45. We were founded on slavery &amp; Genocide. #url# </document>
<Document> is still in pain. not a good way to get up from sitting/lying down. Coughing is also difficult. was bad on/off yesterday, hopefully gone </document>
<document> sees documents on the Maya &amp; Aztecs in my class reinforce the notion that we are much more indigenous than many Mexicans are willing to admit. </document>
<Document>Trump Says Vets Stole 💰. like he cares about you! 😂 #url# #url# </document>
<document> #user# #user# they should have their own t-shirt that says "Any man can grab my pussy whenever he wants. That's what it's for." </document>
<document> Obama is not anti-Semitic for calling out the Israel Lobby's warmongering #url# </document>
<document> #user# #user# and are you really saying that Iran had no right to shoot down a US drone that was in their airspace? How dumb is that? are you advocating that the US ignore foreign drones in our airspace??????? </document>
<document> #user# talks about shame... he's so ashamed of not being white that I actually feel sorry for him. I can't imagine hating myself like that. </document>
<document> #user# #user# Yes, the conflict is that there are still Palestinians, they have not disappeared as hoped. Oppression, occupation, apartheid, ethnic cleansing are not conflicts. gtfoh. </document>
<document> #user# the US is characterized by sowing instability abroad while ignoring its own citizens; has always. fy. </document>
<Document> to: TX cook feeds homeless. Jesus certainly would not have done that. he would only target gays. #Hashtag# </Document>
<Document> Human excrement: Chazz Lindsey #url# </Document>
<document> but he doesn't have to watch spain win anymore either. #url# </document>
<document> #user# #user# oh wow. They intentionally left out "white" babies. Ha! </document>
<Document> #user# #user# #user# #user# #user# #user# #user# Israeli youth sings "Arabs to the furnaces" in e. Jeru. </document>
<document> there is nothing 'Israeli' about shawarma, hummus, falafel or arayes #url# </document>
<document> #user# but they feel your pain. they are white liberals. they understand better than you. #hashtag# </document>
<Document> #user# #user# #user# #user# #user# #user# #user# #user# #user# #user# I would guess that most people seeking asylum are from Central America or elsewhere , don't go their governments &amp; fill out paperwork. that's not how the process works. </document>
<document> #hashtag# Black Heavyweight Champion Jack Johnson successfully defended his title. race riots broke out. #url# #url# </document>
<document> #user# why the hell do poor people have to eat? Fuck the shit. We need to fund a military and private prisons! #Hashtag# </Document>
<document> 'big error': formhe US military chief admits Iraq invasion spawned Isis - #url# shocking! </document>
<Document> Gang rape victim pardoned by Saudi King after being sentenced to 200 lashes #url# sa: our friends &amp; a pox for the world </document>
<Document> #user# #user# #user# Over 400 years of violence, murder, theft in us caused by white men. what to do with them #Hashtag# </Document>
<Document> #hashtag# I hate Obama &amp; I'm willing to cut off my nose to tease my face. </document>
<Document> Trump dances with the Saudis and says Islam is 'one of the greatest religions in the world'. he is muslim just like Obama. #hashtag# 🤣🤣🤣 </document>
<document> #user# #user# #user# #user# I think Matthew 23 spells it out. You should read what Jesus said about many things. like adulterers. Liar. rich. Oh look! Trump card! </document>
<Document> Disney Gator attack: 2-year-old boy found dead. #Hashtag# #URL# </document>
<document> My followers are in US (89%), UK (2%)... Get your map too: #url# #url# </document>
<document> George Bush charged $100,000 to help us veterans #url# what a great guy! #Hashtag# </Document>
<document> #hashtag# iraq has become so good. what could possibly go wrong? </document>
<document> "I have never killed a human being, but I have read many obituaries with great pleasure." ~clarence darr #hashtag# </document>
<document> a request to nea prez #user# to stop straightening her hair. see #user# &amp; Free those curls! Strong women can have curly hair! </document>
<Document> I am a trader...a trader of knowledge. I am a teacher &amp; I am #hashtag#. #hashtag# #url# great advertising campaign! </document>
<Document> a good Christian, she knows her stuff. #hashtag# Woman hits Muslim woman in face with cup for speaking Swahili @applebee’s #url# </document>
<document> my comment about all atheists having to apologize for #hashtag# is #hashtag# because of the expectation of non-whites to do so. </document>
<document> The #user# employee says "everybody's at lunch" and leaves a line open. Hey fools, you can control who goes to lunch &amp; If. grrr.... </document>
<Document> #user# saw video of a child found under rubble after a Syrian airstrike. Guess what the rescuers shouted? don't understand rocket science 2. </document>
<document> #user# I heard that one of the children was accepted into a school in Cincinnati. Anyone know which one to flood with tweets? </document>
<document> If you don't like pictures of dead babies washing ashore (even if it's a Muslim #hashtag#), then maybe you do </document>
<document> the deaths of teachers in oaxaca &amp; Michoacán are the direct result of the Mexican government's suppression of the voice of teachers. </document>
<Document> "#user#: Conservatives call for lynching Obama #hashtag# #url#" /but I'm sure it's not racism. #Hashtag# </Document>
<Document> Thanksgiving Proves White People Are Backhand Murderous Fugitives &amp; Natives should have killed them. To the right? #Hashtag# #URL# </document>
<document> civil war (w/ lyrics) - #hashtag# feat. #hashtag#, #hashtag#.. #url# via #user# is still valid today. </document>
<document> #user# the full commercial shows him returning and says he's decided to be safe &amp; spent the night with friends. no more sad puppy. </document>
<document> #user# #user# So you agree it's okay to shit on the Constitution to keep "the country safe"? Traitor. </document>
<document> #user# I know. I try to give my white friends the benefit of the doubt. until they post crap like that &amp; refuse to read my posts. </document>
<Document> "For I was a stranger and you took me in." we must welcome refugees #url# #hashtag# #hashtag# </document>
<Document> I don't like either of them. they didn't support work &amp; Education like Dems are supposed to. #url# </document>
<document> I bet if they do this on the anniversary of US liberty &amp; "jew" as a password, Twitter would disable them. #url# </document>
<document> #hashtag# should be trending. along with#Hashtag# </Document>
<Document> #user# #user# #user# Yes, Jesus was very much for guns, guns, war. #url# </document>
<document> #user# #user# #user# #user# and people like you never see racism. These kids shouted, "Build the wall!" and called the veteran "tonto." fuck her and you for standing up for racists. </document>
<Document> Trump openly defies Jesus &amp; his teaching about the divorce with 3 wives. mt 19:1-9 how could any christian support this? Curious people want to know. </document>
<document> #user# do you only hire dog killers? is this a requirement for employment? </document>
<document> so not only do we have to fear scary angry black women, now we have to fear #hashtag# women? oh God. I can't keep up. #Hashtag# </Document>
<Document> The Saudi princess and the multi-million dollar shopping spree #url# via #user# Disgusting. </document>
<document> waiting. nothing new. Obama was a Kenyan Marxist Communist Socialist Witch Doctor Muslim. To the right? #hashtag# how did this moron get this far? #url# </document>
<document> #user# saw your tweets on #hashtag# aka ignorant American donkeys. but now I see you as a terrorist: الله أكبر #hashtag# #hashtag# </document>
<document>, a professor spoke about being white when #user# students burned their book. #url# why might poc be critical of white people? as if there was anything in usa history that white people deserved to be criticized for. #hashtag# #hashtag# #hashtag# #user# </document>
<Document> Honest Government Ad | #hashtag#: Flatte the curve #url# via #user# please note #hashtag# </document>
<document> #user# why did you use "der aryans" then, fool? Gee people might think you're white. You obviously don't know what racist means. bgone </document>
<document> #user# #user# #user# My problem is people like you who don't have reading comprehension. her comment: "the so-called moral, religious right can condemn tattooed people?" that's exactly what the photo says. "...uses a photo of my tattoos to make me look 'radical'." Gosh. wtf? </document>
<Document> in new book, Pope Francis says he is concerned about homosexuality in the priesthood #url# a bit late for that, Francis! </document>
<document> #user# Yes, but aren't these people black &amp; brown? who else are the cops going to sue? white kids? bwahaha! #Hashtag# </Document>
<document> #user# a few weeks. I still swallow pills &amp; Be in pain. :( but bored. </document>
<document> after 8 years, 18% of Americans &amp; 43% of repubs still believe obama is muslim. willful ignorance. Do you really want to be Sisyphus? #url# </document>
<Document> Do you really think Trump doesn't know that CA farmers are the largest employer of undocumented people? </document>
<document> #user# #user# #user# and doesn't change anything. They don't bring in a billion dollars. </document>
<document> listens to #user# at the Petaluma Progressive Festival. Say it! #url# </document>
<Document> epn promised that its neoliberal reforms #hashtag# would bring prosperity, that gas prices would fall. Nada. </document>
<Document> Trump kisses a big Saudi in the ass. Trumpmonkies are having a meltdown. aww he is as big a lying 🤥 whore as any politician. shocking. </document>
<Document> Maryam, mother of Jesus, in the Quran #url# study of the Quran as #hashtag#. </document>
<Document> New #hashtag# slogan: “We don't call other countries shitholes. Please vote for us.” Our country is doomed any way you look at it. </document>
<document> the obscene moral hypocrisy in brussels: why are terrorist attacks against civilians in the middle east ignored? #url# #user# </document>
<document> #user# Yes, but black-on-black crime is much worse because it's black &amp; it lends credibility to white fears of blacks. #Hashtag# </Document>
<Document> Did you know: Abortion is provided free of charge by Israel's single-payer health care system. </document>
<document> #user# watch this video and learn more about the real mlk, not theone whose quotes you choose. remember mlk today in its entirety, not the mishmash we're fed, and that allows rwnjs to quote it and claim it as their own. #url# </document>
<Document> Jesus may cry but the Gop applauds. and we know that they are the best Christians of all time. #Hashtag# #URL# </document>
<document> Social media story of your co-worker strangling a cat &amp; laugh about it. TRUE? #user# #user# </document>
<Document> Teacher unions seem to be synonymous with evil. I'm sorry America. #Hashtag# </Document>
<document> #user# #user# there will be no revolution no matter how bad it gets because we are sheep. </document>
<document>, but that's mostly for black people. gosh, and this is where I thought we were "post-racial". #Hashtag# #URL# </document>
<document> "#user# was among several metropolitan police chiefs who have been lauded nationally for marching with protesters and calling for reforms to improve police accountability..."
Lie. always lies. #hashtag# #hashtag# #url# </document>
<document> #user# #user# he was a socialist!!!!!! you obviously don't know mlk. educate yourself Start here by listening to mlk yourself. #url# </document>
<Document> According to Fusion's reporting, "perpetrators can be coyotes, other migrants, bandits, or even government agencies." #User# </Document>
<document> #hashtag# #hashtag# hard to believe as he gives his own wife hell. #url# </document>
<document> #user# #user# #user# I have close friends there. they are fine and said it was not as bad as the media made it out to be. </document>
<document> #user# #user# actually only since 1948. and if you don't mind giving someone else's home away, give your home to local Native Americans. Put your money where your mouth is or stfu. </document>
<Document> Action a. a great failure and a great distrust of our bosses. #Hashtag# </Document>
<document> #user# no, la raza means community, my people, as used in la raza bar assn, nclr, etc. it is not meant to be superior as people claim. </document>
<document> this is how a pos sees and smells and he works at cnn. #url# </document>
<Document> Israel plans to build 1,400 new housing units in Jewish settlements #url# /paving the way to peace! #Hashtag# </Document>
<document> #user# #user# oh, you sharp-witted liberal! Spelling means nothing if you have guns in the wazoo! #Hashtag#. </document>
<document> oh my. I am shocked. shocked. #url# </document>
<document> #user# it's only terrorists if it's muslims. White offenders are just "crazy". come with it! #Hashtag# </Document>
<document> Poor little snowflake. why waste the county jail on him when there are a lot of brown people that could be there?n#url# #hashtag# </document>
<document> The Fort Bend County shooting that killed three people began with "family reunion" #url# over #user# </document>
<document> "the American people are sick of hearing about your damn emails!" right on the #hashtag#! #Hashtag# </Document>
<document> #user# #user# Now why don't you go to your 21 followers and leave me alone? </document>
<document> so #hashtag# thinks Vietnam is delaying &amp; go to boarding school &amp; Marching around in uniform was like being in the military? smh </document>
<document> wtf? this passes as a discourse with rwnjs. "la raza" what? "la raza" who? #User# #User# #URL# </Document>
<document> #user# #user# can you also point out that he admitted that? He asked the people who own it to remove it. can you point it out </document>
<document> #user# #user# #user# most of us still have to fear white guys with guns. #url# </document>
<Document> Obama's Redistribution of Wealth? Yes. Everything goes to the rich! #url# </document>
<Document> Open Carry TX sues police after being arrested for disobeying officers #url# yes. read that again. #Hashtag# </Document>
<Document> #User#No. I just had hernia surgery and am on R&amp; r for 4-6 weeks.You? </document>
<document> #user# #user# #user# #user# #user# Be careful, your racism is showing. They are "savages bent on destruction" but the insurgents bent on destruction and killing are "patriots" beating a policeman to death with a fire extinguisher. </document>
<document> Israel demolishes Palestinian homes after announcing new settlements: #url# hardly a path to peace... </document>
<Document> Nevada Goper on Syrian Refugees: “Flying to Paris &amp; shoot her yourself #url# bet she's a "Christian" too. </document>
<Document> Since we bombed these countries to pieces, maybe we should help more with the crisis we helped create. #User# </Document>
<document> Texas. 50 years in prison for stealing ribs #url# obviously not the white affluenza child. This is a poor black man. </document>
<document> #user# #user# wait. if it's driven by capitalism, how can it be leftist? makes no sense. you stretch </document>
<document> we need a picture of her husband. ruin his spy career. #url# </document>
<document> #user# #user# hmmm why did priests &amp; Bishops cover up pedophilia in the church? or did they not consider it evil? </document>
<document> bernie supporters protest? escort out Delegates are ticked off. #hashtag# #hashtag# #url# </document>
<document> #user# #user# #user# very rich, comes from a Brit. Your people have screwed the world with no apology. </document>
<document> #user# to host a group that has been classified as a hate group by splc. 🖕🏽 #url# #url# </document>
<document> #hashtag# this guy is on fire. Parker, Parker, Parker! Grand Slam! 3 home runs in one game! </document>
<document> #user# then fuck off and tweet to your 400 followers. I wasn't looking for you! asshole </document>
<Document> #user# You stand for a racist xenophobe who hates Mexicans. have it. now go &amp; Act like you're better than other brown people, Mr. 4th Gen.</doc>
<document> #user# all weiner has to do is convert to christianity and say he's healing. The fake motherfucker Christians will be backing him up in no time! </document>
<document> #user# #user# #user# my guy sleeps until about 9:30-10 but doesn't start work until between 11 &amp; 3, depending on the shift. </document>
<Document> Those little blue devils, the Smurfs, are next. Your funny hats look Muslim to me! #hashtag# #hashtag# #url# </document>
<document> #user# cnn said Ivanka's husband usually writes the speeches. Did he start Melania? </document>
<document> #hashtag# is dead. Finally. Hooray! Hooray! Unfortunately there will be a funeral instead of just throwing him out with the trash. If there is a hell it will burn forever. </document>
<document> fox guest: Charleston Shooter is 'a left wing product' (video) #user# #url# where are these people from? </document>
<document> 18 things #hashtag# can teach us about #url# #hashtag# about #user# </document>
<document> who let him out? Go back under your rock. #url# </document>
<document> #user# why was this vile racist bullshit excuse used for allowing a human to stay on the flight????? Maybe because you are a POS airline????? </document>
<document> #user# #user# no, this part is for godless communists. #Hashtag# </Document>
<Document> because he's a Mexican who hates himself? Question: Did his father commit the rape? #Hashtag# #URL# </document>
<document> #hashtag#: It's okay to feel overwhelmed and unproductive | Psychology Today #url# "I'll repeat it again: If you feel like this is all too much - it's because it is." </Document>
<Document> read: He mentioned weapons &amp; race. Ah, the terror. #url# </document>
<document> #user# #user# but they wanted their cake &amp; eat it too. Wilson agreed. so much for law &amp; Command. </document>
The moderator of <document> asks the candidates to be precise in describing the Hellscape country if it is not chosen #url# via #user# </document>
<document> These Christians attacking tx guv for his #hashtag# post are the samePeople who demand that we be tolerant of their beliefs. #Hashtag# </Document>
<document> and you're an idiot. I am catholic and actually know my religion. #User# </Document>
<document> #user# #user# part of the work permit is disputed </document>
<document> #user# #user# gtf out with your "hate Jews" bs just because the world is waking up to Zionist terrorism. </document>
<document> #user# messed up these places? we would never have been in iraq &amp; Afghanistan. oh yes, bush lied. Libya/Egypt themselves to blame </document>
<document> #user# #user# #user# what is his definition of "work"? </document>
<document> oh, the horror. He is a muslim lover. and that after washing the feet of this muslim woman on holy thursday. #Hashtag# #URL# </document>
<document> where did he say that? link please or is it just in your head? #User# </Document>
<document> and the. #url# </document>
<Document> #user# #user# #user# we and our almighty unions are the scourge of the earth. God I wish I could get off this shit show. </document>
<document> #user# #user# how did they clean it up so quickly to let people in? It's a miracle! </document>
<document> because that's how #hashtag# rolls. #Hashtag# #URL# </document>
<Document> What time is it in Europe? 23 o'clock? Brussels isn't on fire? or other capitals? direct current? </document>
<document>, so much for the pro-life gop. lying hypocrites. #url# </document>
<document> beware of the offensive bad word. You know, as opposed to the innocuous "Mexicans are rapists" comment. #Hashtag# #URL# </document>
<document> #user# destroy it and get fired! Goodbye forever. </document>
<document> jon stewart: difference between atlanta cheating &amp; Wall Street scandals is who was fined #url# &amp; the color of their skin? </document>
<document> #user# is this real? Isn't she embarrassed to admit that she didn't heed the news that predicted this stuff? willful ignorance. </document>
<document> #user# satanyahu beats the drums of war &amp; upset the christian zionists who hate obama. </document>
<document> #hashtag# &amp; #hashtag#: It's not a "black thing", it's a Christian thing. the victims were murdered in a church...(1/2) </document>
<document> #user# #user# oh jesus maria &amp; Joseph. I have to lie down now. </document>
<document> was not made by a Muslim, so who cares? Besides, it's Mexicans who don't come up here. #Hashtag# #URL# </document>
<document> #user# #user# "However, attorneys for the Department of Homeland Security appealed the verdict and continued to press for Ybarra's deportation." since 2011. obama. </document>
<Document>, that's cheeky. an outrage. ignoring this crap and keeping silent encourages racists &amp; says it's ok. #url# </document>
<document> #user# #user# #user# nothing changes because gop &amp; Dems like things the way they are. $$$$$$$$$$ </document>
<Document> "He's Mexican. We're building a wall between here and Mexico." #url# </document>
<Document> Immigrant Mud Baking? What are you talking about? don't like immigrants? Do you think they are mud? try mt 25:36. #User# </Document>