 
	<document> yeap the confederatards trying do this i heard about this central america decended form the mayans and guess who the mayans ? mexicans infact large mexican was joining the confederatards including brainwashed blacks and mixed race of black decent yeah aa need wake up go to seusa #url# </document>
		<document> metro atlanta chamber doing the metro atlanta action for racial black equity
atlanta wealth building initiative, united way of greater atlanta, metro atlanta chamber and federal reserves bank of atlanta said close major wealth gap and pass crimesslavery of black reparations must </document>
		<document> 😆 mjb their ? wow 😆 my brother homie ain't lying #url# </document>
		<document> raleigh nc to ? oh i forgot north carolina having high liberal population growth...

but what set atlanta apart is bro this gentrification shit been going on literally few years right after mlk go assassinated. #url# </document>
		<document> that's what things start "possibly" you should said never i don't want allie with them people nor alot of us want to... #url# </document>
		<document> summerville augusta ga is a 3.4 square miles affluent neighborhood...

as 2020 its majority black....

summerville augusta ga part of largest zip code 30904 #url# </document>
		<document> how the heck 20% of population is so loud than the rest of the city? form renters to black\africans...nnwtf #url# </document>
		<document> midtown is a lot of black professionals but i know 1 of them personally he moving to irondale ga to buy him a mini mansion #url# #url# </document>
		<document> i know clarkston ga do j don't know about south atlanta limits probably south metro atlanta i know stonecrest ga has a large ethiopian and eritrean population including east africans. #url# </document>
		<document> in i know blacks talking about houston texas better than atlanta???? lmfaoo yall need our organization like omg look at this houston texas is a illusion #url# </document>
		<document> 40. "east atlanta love letter" by 6lack ft. future (rapper), from east atlanta love letter 2018
&amp; </document>
		<document> a #user# when they going legalized gambling? and build mini gamble &amp; entertainment resorts cities?? </document>
		<document> you forgot about morehouse school of medicine and emory university #url# </document>
		<document> but not necessarily for a region or country as it ignores migration. a population that has been growing in the past will have a higher proportion of young people. as it is younger people who have children, there is large time lag between the point at which </document>
		<document> indeed a surviving mighty lineage 

caricom for caribbeans 
various african countries get their reparations form their colonizers 

while we native aasfreedman reparations is for us not black immigrants that recently came who definitely got no half ethnic native black american #url# </document>
		<document> the 1811 german coast uprising, which took place in rural southeast louisiana, at that time the territory of orleans, early in 1811, involved up to 500 insurgent slaves. it was suppressed by local militias and a detachment of the united states army. in retaliation for the deaths #url# </document>
		<document> #user# awwsw mannn here this go he was antiwest same as saddam hussein that doesn't means these people is our friends a.... eumelaninated africansdiaspora  need wake up....... </document>
		<document> freaking stalkers and goddam weirdos a.... 

lol i over protective 😆🤣 #url# </document>
		<document> back story: when i went to therrell high school in southwest neighborhood of atlantaga i was in summer school lol this is the hood but mixture of incomes you got working class on eastside of neighborhood like hiddenvillage apartments, crystal at cascade
&amp; the life at greenbriar #url# </document>
		<document> georgia gov invest $100-150billion  of black georgians everytime the gdp increase </document>
		<document> as i always say because of the chattahoochee river valley.... more likely by 2050 or 2060 florida, alabama and georgia we a megastate as it always should been on that south carolina and southeast be united as one state.. #url# </document>
		<document> the area is enclosed in red are more likely majority black or significant that what i'm saying they be leaving the limits but setting surrounding areas that's upper middle class\middle class black\africans #url# #url# </document>
		<document> that's one state tell folks form northeast and midwest more importantly black population in kentucky and west virginia #url# </document>
		<document> the disrespect is insane these spicy caucasians better sit tf down and better recognize a in the wrong area of the lake with that. #url# </document>
		<document> not going happened texas 35-40 million blacks and florida 25 million blacks to be super fucking majority and have state power and authority over the land yall need leave this to experts yall fuck up our chances start listening this not a joke this our future. #url# </document>
		<document> hispanic caucas exclusively benefit for hispanic 

caribbean caucas exclusively benefit for people of caribbean decent 

haitian caucas exclusively benefit for people of haitian decent 

bro these nationalitiesethnicities benefit their fucking group tf ? black caucus need change #url# </document>
		<document> crazy thing is asians and hispanic (mexicans) have majority states as population we aa larger than asians and mexicans but we don't have no super majority black state the southeast of interstate 8520 to delawaremaryland  we can be majority of state level if we migrated to seusa #url# </document>
		<document> nun 😆 🤣 😂 

#user# did you know musk growing empire get 5 billion dollars 
in government subsidies lmfaoo #url# </document>
		<document> especially their kids mannnnnnnnnng mays high school is one of them... #url# </document>
		<document> in 2010 fayetteville ga black population was 33% now 2020 it's 44% infact the safest county in metro atlanta is fayette county ga. yeah their now over 8.34k black\africans predominantly middle-upper middle\wealthy.nnfayetteville ga also where trilith studios located. #url# #url# </document>
		<document> actually that's wrong modern day punt would be in modern day eritreanorthern ethiopia and more likely nara people and kunama people who are more related to nubians who decended from ancient punties....

ancient opone civilization was in somalia #url# #url# </document>
		<document> it is yet another thing to note that at least 90 percent of the people living in concentrated poverty in atlanta are black, compared to no more than 5 percent of white people.
#hashtag# 

not hispaniclatino but really black soo stop the black and so called brown even bipoc #url# </document>
		<document> iheartmedia 10,000 black owned business need be 5050 or 5545 blackmens or blackwomens of black family owned of metro atlanta. atlanta wealth building initiative 1,000 blackowned business in 1,000 days should be the same thing in metro atlanta soo now that'd 11k black metro a #url# </document>
		<document> i was about go crazy on a n"ggga in my dm....... ain't no handouts it's force labor, murder, human trafficking, eugenics, wealth gap and raped form 1526-1555 $100-83.3trillion of black americans #hashtag# 
#hashtag# #hashtag# </document>
		<document> get him tf out he a puppet eu fool #url# </document>
		<document> lmfaoo 😆 i can't i i stop lmfaoo i i i can't stop laughing soooo dan hard mannnnnnnnnng lmaoo #url# </document>
		<document> their less than 55 or more four-year colleges and universities in the state of georgia in again vast majority in metro atlanta.

the largest university on earth is uga by area. #url# </document>
		<document> texas is little mexico the immigration policy is not for black immigrants it's for spicy caucasians not black immigrants remember the haitians at the texas border it's hispanics really tell them gtfoh them border patrol is majority mexican that whipping them haitians </document>
		<document> south-view cemetery 🔥 please visit south view  if you visiting the a limits 

7 uncommon places to learn about black history in atlanta #url# </document>
		<document> augusta ga do have majority black upper middle-middle class areas zip 30815 is one of them also not to far is whitney s dr, augusta, ga 30904.nnalso zip 30909 upper middle\middle class black\africans of augusta ga #url# </document>
		<document> yeap well queen it's a good day to be alive seeing his fraud ass being destroyed 🙏🏾✊🏾❤💪🏾 #url# </document>
		<document> yeah fulton county ga is majority black but it's finna be more diverse and dense for now in southeast megaregion #url# </document>
		<document> lmfaoo seriously? chimpanzees was 461 million 

oh yeah 👌🏾 yeah look up "zero population growth" we know what yall trying do..... #url# </document>
		<document> 🧡 most importantly eumelainated africans need each others #url# </document>
		<document> also we black alannuhlien\southeasterns don't got shit to do with westerners\southwesterners lmfaoo nnwee wuzzz aborigines americans innnnnnnn innnnnnnn shidddddeehhh #url# </document>
		<document> same with texas and oklahoma hell they might aswell throw in new mexico and arizona because the confederatards had them states as territories to #url# </document>
		<document> parker hudson rainer &amp; dobbs llp , partners in change, quality care for children, inc., reliable heating &amp; air, rollins, rotary districts 6900, rotary districts 6910, rotary districts 6920, rsui indemnity company, sheltering arms early education and family centers, </document>
		<document> black\africans spread across georgia not metro atlanta the future most powerful ports going be in southeast megaregion aka chattel slave homeland our autonomous region of us.... #url# </document>
		<document> uhmmmm i say buckhead city ga be largest gated community let make them give us $400million yeah $196million ain't 💩to them soo yeah $400million 
#user# #user# #user# 
thank you guys for leaving 🙏🏾 wish the buckhead city ga success #url# </document>
		<document> yeah i really don't like the blood plague zombies i really thought they do like a massive horde but a i got trick i haven't played that game over 2 years... i like sod1 than sod2  tbh i hope sod3 changes i like the wildlife being in the game i hope it's 1 big world not multiples #url# </document>
		<document> ellenwood ga 30294 is a 32 square miles area of part dekalb county ga and clayton county ga..... my maternal brothers grandmother and auntie live in ellenwood ga it's a majority blackafrican middle-upper middle class area.

atlanta harvest is first outdoor grocery store in metro #url# </document>
		<document> 😆🤣 like seriously i be watching zombie movies like crazy like i watch all legendary george a. romero z movies my favorite i'd dawn of the dead 1978, day of the dead 1985, land of the dead 2005 and diary of the dead 2007 #url# </document>
		<document> scarface is nowhere near the kingofthesouth i respect your opinion infact he ain't southern he more western..

their alot of artist can take that title form louisiana,georgia, south carolina, mississippi, tennessee and alabama.

andré3000 is one of top contender made dirtysouth #url# </document>
		<document> ‘they profited off our backs!’ experts in reparations movement unite, strategize at summit
anisah muhammad, contributing writer anisah muhammad, contributing writer

co-convener michael muhammad explained four immediate areas of restitution and presented calculations of how much </document>
		<document> upper middle\middle class black\africans form augusta ga going up to zip code 30813nnthis get larger across the csra region </document>
		<document> i love to bring more my people over here *same with whites did theirs* power is numbers but good chuck of them don't have a panafricanist consciousness they will unite with the latinos "spicycaucasians" than nativeaafreedman because they both immigrants that we won't understand #url# </document>
		<document> mixture of middleupper middle area was everywhere especially cascade parc blvd sw atlantaga, dale ln sw atlantaga, mt gilead rd sw atlantaga, childress dr sw atlantaga, harbin rd sw atlantaga, adams dr sw atlantaga, key dr sw atlantaga and mcmurray dr sw atlantaga #url# </document>
		<document> the southeast is our solution to the extremely lacked of black agenda problems like seriously blackafrican americans need have a massive migration towards the southeast aka #user# #url# </document>
		<document> club circuit, with any luck rising to perform at decatur street's famed 81 theatre." 

a few list of songs about atlanta 👇🏾

1. "preachin' the blues" by bessie smith
2. "atlanta, g.a.", pop/big band song written by sunny skylar and artie shaftel 1945 </document>
		<document> fort stewart or fort benning in #hashtag# need get abandoned so it can turn into a future massive film &amp; production studio in the southeast megalopolis with playsets of 5 cities of 10 to 20 acres, 15 townsvillages, 20 suburban areas, 5 rural areas and 6 forestcountryside areas </document>
		<document> folks just be funny as hell i hardly do anything i just make predictions (85% accuracy) lol </document>
		<document> #hashtag# for decended of great ancestors of black atlantans ? #url# </document>
		<document> i'm good i not allowing illegal immigrants flood my state thry can go to the southwest and west coast #url# </document>
		<document> dam some jamaicans skin bleaching to ? gessh #url# </document>
		<document> can't wait all these highways get cover up and build more #url# </document>
		<document> morehouse college to share $2m gift from ralph lauren foundation #url# via #user# </document>
		<document> their are exaggerated flaws in this tweet for most part their 4.6 million black immigrants and majority of them not marrying with freedmennativeaa yes their some but not all plus most what you said is wrong no disrespect  i was vibing with a senegalese brother at my job btw.. #url# </document>
		<document> actually 500 years ago sto trying erase us #hashtag# 
#hashtag# #url# </document>
		<document> it by hbcus to expeclly the global propel center and also atlanta-based southern co turns south downtown and westend mall into a black tech squarematernal-childrens hospital. #url# </document>
		<document> yeah i know  5 of them personally....... like i said tech companies looking for black\africans  talent they don't need look for hbcus recruit form trade schools (vocational and technical colleges), high schools and  yes off the streets #url# </document>
		<document> atlanta the brain and heart of the southeast and chicago the hub of great lakes. #url# </document>
		<document> what's going on a...... marta need get on their a game..... #url# </document>
		<document> 1526-1555 bloodline
💪🏾💪🏾💪🏾💪🏾 ga-sc-northfl. 

tutnese is aave meaning we don't give a fuck about non black pocpeople and non aa black people...

i have moderate western africa dna but really high rate of southern africaghost dna 💪🏾 #url# </document>
		<document> 27. "oh" by ciara feat. ludacris ("adamsville, bankhead, college park"), (#hashtag# on billboard hot 100), 2005
28. "georgia" by field mob and ludacris ft. jamie foxx (as ray charles), from disturbing tha peace 2005
29. "atl" by freak nasty, (rap, miami bass), 2006 </document>
		<document> you mutts didn't created nothing but more paper bag 💩 in the black community 😒 #url# </document>
		<document> in city of south fulton ga super majority black middle-upper classwealthy city. #url# #url# </document>
		<document> organization helping make freedom georgia masterplan reality #url# </document>
		<document> 😆 their literally 18 black owned banks in united states by the national black bank foundation and 
global #user# 

soo them are black led banks let say freedman's savings bank that's a black led bank while georgia native william washington opened a true black owned bank. #url# </document>
		<document> it can't trying escape this time it just gave up just being weighed 😍😍😍😍🥰 #url# </document>
		<document> black folks went right back to tiktok like nothing happened even my lady have a tiktok even my dear mother...... 🤦🏾‍♂️ black folks want a black version of amazon ? 
grow up #url# </document>
		<document> for real that what really want me go to the west coast 😆🤣nothing else just go to south central #url# </document>
		<document> it's the gateway to the northeast but it's actually east.... they talking about a imaginary line called mason-dixon 😆the confederatards was freaking delusional!!!!!😆🤣😂 i love messing with them lmaoo #url# </document>
		<document> don't forget about brunswick, columbus ga-phenix city and bainbridge ga 🔥 #url# </document>
		<document> 😆🤣 the heck all "georgians" benefit 
hispanic and latino immigration issues..........

texas and california need you and please relocate the root headquarters to southwestern cities or northeastern.... #url# </document>
		<document> whoever believes the spicy caucasians lies is the biggest fool on the planet no joke... #url# </document>
		<document> when was the oil yall ? lmfaoo yall wasn't even a freaking quarter of the population black people with a brain move to the deep southsoutheast not florida tho .. a florida (north florida) our land also all the oil is in west texas not east texas yall a penny as population their #url# </document>
		<document> because white and asian people would put you in your place yall won't fight or even kill to identify with them but do that to us hybrid please.. #url# </document>
		<document> same what happened in north africa, arabian peninsula, south asia, certain aboriginal australians and tasmanians aborigines #url# </document>
		<document> lmfaoo them mutated heavily caucrazed northern africans is a joke they can't even comprehend their own sources just ignore them and while we keep speaking the truth #url# </document>
		<document> #user# this is a beautiful picture of alannuh (atlanta) 

alanteta 🌤 #url# </document>
		<document> one of many hidden gems of georgia the ohoopee dunes natural area it covers 40,000 acres that's 62.5 square miles. #url# </document>
		<document> i actually glad her pathetic ass said that you know why ? all that poc (darker skinned caucasians), bs bipoc, goofy minority and  that so called black and brown rhetoric #url# </document>
		<document> cape town to alexander bay south africa is 488.3 miles if it was a megacity it be greater los angeles, sacramento, oakland, san francisco, san diego, san jose and tijuana on steroids combined 

grapevine california to shasta lake california is 471 miles #url# </document>
		<document> georgia budget &amp; policy institute sign metro atlanta chamber action for racial black equity.... #url# </document>
		<document> 7 out of 11 😆idc i only a georgian boaahh 

georgian bull 😤💪🏾
georgians breed part of southeastern family #url# </document>
		<document> yeap that's proto northern semitic while proto southern semitic was  paternal dna halpogroups e-v2403 and e-ft183172 #url# </document>
		<document> 2000-2021 texas and florida gain the most aas 

also georgia black population majority birth not migrations like that

how tf texas southern while oklahoma, newmexico and arizona is not ? wtf they was part of the  confederates to. 

thesouth bs was recently created texas never it #url# </document>
		<document> tf is brown folks have to do with this ? nnnow i know this is fake asf we don't do black &amp;brown bs leave that sucker 💩 in northeast, southwest, midwest and expeclly west coast...... #url# </document>
		<document> national black and latino council usa 🤦🏾‍♂️🤦🏾‍♂️🤦🏾‍♂️ these blacks trying hard along with the latinos they got the entire southwest and west coast stop trying leech 

look at this it even a latin american association hq in ga 
#user# #user# #user# #url# </document>
		<document> bro this ain't high school or no bs idgaf who talk about me

you agree you agree..... you disagree than you disagree let's keep moving on..... </document>
		<document> yeap #user# oh yeah you laugh at #user# #user# expeclly #user# #url# </document>
		<document> middle-upper middle class area west of metro atlanta.. #url# #url# </document>
		<document> georgia wasn't form 2000 to 2021 that title goes towards texas and florida.... yes 1995 to 2000 was the largest black migrations to georgia nearly 130k black population..

again why they heavily targeting black people to get abortion did you know we literally had 62.2% abor rate #url# #url# </document>
		<document> the right korana women skull is not a  boskop type skull...............nnkhoekoen and sākhoen is not the only 2 population stocks that have extreme version of curly hair aka peppercorn hair it also was in historical tasmanian aborigines and all andamanese peoples. #url# </document>
		<document> zip code 30067 chattahoochee plantation black population growing it's a upper middle classwealthy area with working-middle class in west of the zip code surrounding around powerferry elementary school it's a predominantly hispanic area with moderate black and minor white populat #url# </document>
		<document> killer mike is a goofy plus we have voting rights.... he need pass reparations before we even him his breathing 

reparations decended form us soil slavery, eugenics, discrimination, gentrification and wealth gap 
#hashtag# 
#hashtag#  
#hashtag# #url# </document>
		<document> atlanta economy boom doesn't only have black owned strip clubs plus you take that hispanic or latino out next to black people in atlanta expeclly metro our businesses much wealthier..... look up #user# #url# </document>
		<document> foxhall resort need get canceled and become a wellness resort mixed use development on 2,000 acres like seriously who want hear gunshots? </document>
		<document> #user# #user# #user# sound like a waste of time but ok let see the consequences unfold </document>
		<document> digging for the diaspora? check out these black historical sites in atlanta - #url# #url# via </document>
		<document> did these the same people trying give freedmen bank to minorities, bipoc or poc bs ?

#hashtag#

on mlk day, biden says americans must commit to king’s work #url# </document>
		<document> idgaf i a native black alannuhliengeorgian part of southeastern family (we not southerners ain't no united southerner). in the a the n"groid building that the ancestors built separate black districts and white districts ancestors was so well off even alot ws laws tried f it up.. </document>
		<document> black\africans americans that have immigrants black\africans wives and husbands bound to share their merits 🤷🏾‍♂️🤷🏾‍♂️.......... </document>
		<document> southwest being super majority hispanic, northeast super majority white and  midwest states be full with sundown towns bro yall don't have power mexican and asian have more power than us it's sad their population is smaller than us plus the southeast is the roots tf is yall on #url# </document>
		<document> southern africa states like namibia or south africa)

it's up to y'all 😂 stop flocking to southwest and move to the southeast megaregion and mid atlantic states like maryland and delaware #url# </document>
		<document> need have a massive expansion across 29 county metro atlanta #url# </document>
		<document> my 3 generation grandpapa joe brown owned a massive farm land outside of talladega alabama 1930 oh a the census was very racist like dam my great great great grandan broke tf outta them barries expeclly his father who born in alabama... #url# </document>
		<document> fuck nyc they don't dictate the southeast 😆🤣i'm decended form 1526-1555 us chattel slavery i be dam i have these "brothers and sisters" talking about reparations africa, caribbean and latin americans but supposedly leave us out that's not pan africanism that using #url# </document>
		<document> idgaf about tornado ally aka oklahoma and the border state aka texas... they need state out the 8 region of the southeast really the 10 region but maryland-delaware part of the northeastern megalopolis.. #url# </document>
		<document> for real are just say minority-women own wall street 

because black wall street was just black not no modern day liberal and conservative minority and women owned word hell just say n"gro black wall street..... love disrespecting us no bones fucking pathetic #url# </document>
		<document> citizen trust bank, fifth third bank, fund for southern communities, southern power fund, grantmakers for southern progress, strong southern communities initiative
 and #user# invest $500 million to $1billion annually in city of atlanta black neglected neighborhoods. </document>
		<document> the augusta baptist institute was founded in 1867 in augusta's springfield baptist church, eventually moving to atlanta to become morehousecollege. the georgia equal rights association was founded in springfield in 1866. this association evolved into the republican party in state #url# #url# </document>
		<document> especially the music of atlanta 
modern hip-hop, r&amp;b, neo soul, soul music,  funk, magic city, gospel, doo-wop, pop, rock and metal, live music, blues and jazz etcetera atlanta plays a major role in the gospel music scene in many genres, particularly urban contemporary gospel </document>
		<document> expeclly they not a majority of no state we can be majority of 9 states rn georgia, south carolina, mississippi, louisiana, delaware, maryland, alabama, arkansas, tennessee and virginia but also north carolina all them states super majority to majority black we go to federallevel #url# </document>
		<document> yeah he dos..... nnplus she wasn't doing cpr right soo said black\africans people need stop gun violence don't care where you form stop the violence and build up..... not tire down #url# </document>
		<document> south africa and north africa have subtropical body stature along with indians, middle easterners and europeans #url# </document>
		<document> ashona medical institute is located in conyers, ga. this school offers 7 programs which provide training for 6 qualifications , including clinical medical assistant (ccma) certification, georgia certified nursing assistant (cna) and electrocardiograph (ekg) certification. #url# #url# </document>
		<document> of course it's eugenics pathetic population control creatures that's beyond mental mixed evil #url# </document>
		<document> tyler perry have 200 acres of greenspace ? he could turn 50 acres into a playset city with skyscrapers been 50-80 feet tall our highly advanced version of cgi etc 🤷🏾‍♂️ he already has a town and with that the replica city whatever he wants call it can be 35 acres and 15 acres can be #url# </document>
		<document> providence asset recovery llc, 
cornelius davis jr. chfc ea registered investment advisor, 
hampton tax and financial services, llc tax return preparation tax planning financial planning estate planning, 
colbert/ball tax services and 
the epps &amp; aubrey group. #url# </document>
		<document> southwest, midwest, northeast and expeclly west coast black\africans started these non black poc  saying nigga in shit </document>
		<document> their this black woman that fly or drive to atlanta form nashville tn to see a black physician i forgot what the speciality the black physician is but yeah bullet trains across the southeast expeclly the atlanta megaregion is a must </document>
		<document> buckhead is ignorant like literally 20% got the loudest mouth...... while black\africans is 47% we doesn't at all yeah #hashtag# #user# #user# #user# #url# </document>
		<document> 🤡

these tribes enslaved and scalp your slaves ancestors head #url# </document>
		<document> 29 counties of *metro atlanta* and  the ignorant ones is moving to texas but still sucking our energy... #url# </document>
		<document> voting rights act is pathetic no country on earth will alow this you have to claw yourself out to get their citizenship....  

the us need be split in 3 racial zones the latinoshispanic get the west coast and southwest along with the asians and  blacks get southeast i-8520 #url# </document>
		<document> #user# #user# still this is very weird of them knowing the history of europeans </document>
		<document> atlanta isn’t a bad place to live at all. it almost feels right to be black in atlanta. blackness as a movement has seeped into the culture of this city. but its economic disparities towards black people should not be ignored. you can not call yourself wakanda when all the poor #url# </document>
		<document> #user# you black freaking  annoying texans doesn't have no power </document>
		<document> southwest (texas, oklahoma,new mexico and nevada) gdp combined is $2.214trillion

great lakes megalopolis is $6trillion because it got big cities in canada.

northeast megalopolis $4.4trillion because moderate trying leech off southeast megaregion (hampton roads &amp; metro richmond) #url# #url# </document>
		<document> black population need have a reverse great migration to the southeast don't got to the southwest (texas etcetera) that going be majority hispanic not brown lol because brown is same as black #hashtag# #url# </document>
		<document> whoever pick dude jones is a goofy #url# </document>
		<document> i said the same thing bro 94,000 left in predominantly black #url# </document>
		<document> lmfaoo you a goofy.... you even worse 
#hashtag# #url# </document>
		<document> the voting rights act is not for black americans and black immigrants it really by spicy caucasians aka hispanic\latinos like stop the emotion black people go research that dam bill an wake up this is serious....n#hashtag# </document>
		<document> stop trying bring racist political  bs
for the struggling of my said people understand buckhead limits only had less than 10 murders this year while the rest of nonbuckhead atlanta limits have the most *predominantly blackneglected areas* i don't want hear no more about buckhead #url# #url# </document>
		<document> middle class african american family seated on lawn in georgia, ca. 1899.

doing black georgians, sc, alabama and  north florida. 
#hashtag# #url# </document>
		<document> a green tech economy would help preserve the amazon and the congo, and promote a clean future for our children. we are building the wealth for everyone. a universal basic income across the union would mean no poverty or deprivation wherever black people live. students can attend #url# #url# </document>
		<document> sure will up in here if it about immigrants across the borders trying flood to the southeast idc of they go to southwestern states, west coast, midwest and northeast...

but anyway yeah #hashtag# for soul survivors of black americans 1526-1555 #url# </document>
		<document> huh ? look way better what he driving 😆🤣 #url# </document>
		<document> i said the same thing when i first saw this seems suspicious #url# </document>
		<document> i'm be stay at home dad 😆unitill 5 youngisher turn 5 or 10 years old..... </document>
		<document> 😆🤣the south been was created before the confederatards lmfaoo sames as silly folks said texas southern hell might aswell add new mexico and arizona a you want you can throw in southern california 😂🤣 #url# </document>
		<document> tire down mental hospitals boaah alot of stuff to build condos for liberals and spicy caucasians #url# </document>
		<document> #user# #user# can't wait for future newly built black 4 years colleges &amp; universities, trade schools (vocational &amp; technical colleges), medicaldential schools and pyrotechnicstem universitiescolleges. </document>
		<document> charlanta (atlanta to charlotte metroplex) surrounding ports going be insanely powerful #url# </document>
		<document> imagine a nearly a million black new yorkers flock to delaware 

our people got to wake up #url# </document>
		<document> i'm good where is the black agenda i ain't fighting for no spicy caucasians right have some dignity in yourself........ i ain't playing cape for no dark skinned caucasoids #url# </document>
		<document> texas was birthplace of western migrations and texas black was westward migration form southeast 

in all the southeast is truly our autonomous chattel slave homeland #url# </document>
		<document> they are spicy caucasians...... the south asians majority been caucasianzaion and edar gene mongolozation #url# </document>
		<document> 1616 got nothing do with black americans to it's not by the formation of the united states stop your disrespecting  1526 fame form africa to not the dominican republic we just revolted and some went to dominican republic became slaves...

that's what predominantly down in se. #url# #url# </document>
		<document> hispanic has a better opportunity to be super majority of nevada than blacks.

2019 census hispanic population 
29.3% and black population 9%..

plus nevada is landlocked they be dependent.

oklahoma majority land is amerindian so we push out them ? i rather focus on southeast #url# </document>
		<document> thank you please liberals stop moving to the a and the ga focus on texas #url# </document>
		<document> update oliver lawton who was a biracial black decent form his mother who actually got raped.  he married a anglo-saxon\irish-scottish  caucasian woman when she was 44 and he was 30 eliza rogers lawton aka eliza l rogers  a member of a wealthy rhode island white family that came #url# #url# </document>
		<document> a black mecca is the state power not cities....
delaware, maryland, georgia, south carolina, alabama, mississippi, louisiana, arkansas and tennessee also north carolina that's where the black population should grow and i wish virginia and florida included expeclly fl but can't. #url# </document>
		<document> this socialist nwo brat must be out of her mind lmfaoo #url# </document>
		<document> but yeah i was surprised i have do more digging that was rare for biracial expeclly a dark skin one back them days married a caucasian women who connected to a wealthy rhode island family i guess. </document>
		<document> i told my brothers this 💯they said of course look how they treat folks that got our blood in them 💯✊🏾👏🏾🖤💪🏾🧡💛🙇🏾‍♂️ #url# </document>
		<document> #hashtag# melanocytes make two forms of melanin, eumelanin and pheomelanin.

the mutation will lead to lighter tint of it while are shadestones of skin

shades is darker and tones intermediate..... #url# </document>
		<document> ? sounds ignorant 

mexicans is nearly majority 2 states but have less population than us also that's why they get choose over us same as asians they have  1 majority state for now guess what they population less than us aswell stop being ignorant majority of southeast us power #url# </document>
		<document> fr a...... paul mccartney deserves to be a billionaire look at his track record like this dude basically a scammers not really a businessman........ #url# </document>
		<document> also why republicans (not all) don't support reparations you got immigrants africans and caribbeans trying hijack the movement talking about a dam global reparations nawl a i am decended form 1526-1555 sole survivors been through hell on this goofy land and still is till this day #url# </document>
		<document> emory mba program launches pioneering new dei concentration #url# via #user# </document>
		<document> bmewof's list of 38 nominees in the categories of foundational inductees, legacy artists, mainstream mogul, gospel female, gospel male, hiphop female, hiphop male, mainstream female and mainstream male.

it was 38 than 35 than 12 indudees #url# </document>
		<document> ase look a you not the only one it's ridiculous it also was a little raindrops at the international airport #url# </document>
		<document> he basically just she how dumb black africans was at that time tbh he basically trying colonized africa to bring the arab league back basically a united arab league all of africa and all of middle east as one that's really why they took him down. #url# </document>
		<document> did morehouse school of medicine built the ambulatory health facility ?
#user# </document>
		<document> i also want that 1,100 acres of douglas ga be a wellness mixed use resort for hard working womens especially black womens tho... #url# </document>
		<document> for new mayor andre dickens, the issues of income inequality are high on his list of problems to tackle. during a round table with media, dickens reiterated his plan to build or preserve 20,000 affordable housing units in eight years. he also plans to raise pay for city employees #url# </document>
		<document> yes columbusga don't have skyscrapers as of yet but it has alot of potential 
#hashtag# 
#hashtag# 
#hashtag# 

also the the greatercolumbus georgia chamber of commerce partners with rivervalley black chamber of commercegeorgia coalition of blackchambers #url# </document>
		<document> brother crt means critical race theory.

but i for reparations and also black agenda (states of the southeastern us) #url# </document>
		<document> here come force labeling black and brown people like seriously leave that in northeast, midwest, southwest and west coast 

congresswoman nikema williams need get voted out or suspended 

press releases |  #url# </document>
		<document> cool #hashtag# for adosfbafreedman=native aa that's decended form our enslaved ancestors 1526, black codes, discrimination, jim crow, gentrification and eugenicsmurders.

us not global reparations not caricom nor africa only us that suffering on this soil..
#hashtag# #url# </document>
		<document> 🤡 where #hashtag# for decended of native black slaves? 

the national reparations institute etc is waiting 
#hashtag# #url# #url# </document>
		<document> you florida folks be weird as hell with that poc shit i just have respect between us but ally nawl a 💯ain't leeching around this part of town maybe your area #url# </document>
		<document> their more childrens it can't fit on here 

angeline burgie had 25-20 childrens a alot of babies 👶🏾 only 1 was biracial that was mattie franklin again because thomas f franklin raped angeline burgie when she was 10 years old.

this is my mother tree i'm see did my tree updated. #url# </document>
		<document> savannah ga finna become super majority black #url# #url# </document>
		<document> bro we got soo many native aa slavery1526 decended farmers, landowners and grocery stores in metro atlanta... caribbean folks not even scratch of the surface. #url# </document>
		<document> yeahhh im tell you what happened 💪🏾 finna message you rn sad i can't protect nobody form abusers like..... i'm message you #url# </document>
		<document> it never based on science but always afrophobia #url# </document>
		<document> they part of caucasoid race infact they majority genetic is indo european #url# #url# </document>
		<document> that's $83.3-100trillion form 1526-1555 of southeasterners decended.....

#hashtag# 
#hashtag# #url# </document>
		<document> lmfaoo yall love talking about us also that's greater atlanta not the a limits #url# </document>
		<document> new guineans, negritos and australian aborigines 🤷🏾‍♂️ that's it #url# </document>
		<document> indeed 
they can starve and pass away all i care #url# </document>
		<document> and fourth is dick overstreat.

3 black man by marriage and a caucasian man by rape </document>
		<document> sooo basically #user# just enjoying their displace lower income black communities..

super sick 
#hashtag# #url# </document>
		<document> boaahh the great continental africa reparations form both arab slave trade and atlantic slave trade owe less than $1quadrillion of damages.. #url# </document>
		<document> yeap if it was a film hub it be developed only in the studio and showing the city not other cities........ developed georgiasoutheast made movies than a dumping ground for hollywood movies making them richer #url# </document>
		<document> first picture i was in senior year  of high school with a flat stomach  (i also had stomach problems back then... also highly depressedsuicidal) and  third picture 😆 🤣 depression went away but also grow my big ass belly lmfaoo 💀 🤣 😭 😂 #url# </document>
	  <document> yes the confederates are trying to do this i heard of this central america descended from the maya and guess who the maya are? the Mexicans in fact the great Mexican was joining the confederates including the brainwashed blacks and the mixed race of decent blacks yes aa need to wake up go to seusa # url # </document>
<document> metro atlanta Chamber is doing metro atlanta action for black racial equity
the atlanta wealth building initiative, greater atlanta united way, atlanta metro chamber and atlanta federal reserve bank have said that it is necessary to close the great wealth gap and pass the crimes, the slavery of black reparations </document>
<document> 😆 mjb them? wow 😆 my brother friend is not lying # url # </document>
<document> raleigh nc a? oh i forgot north carolina with high liberal population growth ...

but what sets Atlanta apart is brother, this gentrification shit went on literally a few years after Mlk was murdered. # url # </document>
<document> this is how things start "maybe" you should never say I don't want to ally with them people nor do many of us want to ... # url # </document>
<document> summerville augusta ga is a wealthy neighborhood of 3.4 square miles ...

like 2020 its black majority ....

summerville augusta is part of the larger postcode 30904 # url # </document>
<document> how the hell is 20% of the population so loud compared to the rest of the city? forms renters to blacks \ Africans ... nnwtf # url # </document>
<document> Midtown is a lot of black professionals, but I personally know one of them who moved to Irondale Ga to buy him a mini mansion # url # # url # </document>
<document> i know clarkston ga do j i don't know about the boundaries of south atlanta probably metropolitan south atlanta i know that stonecrest ga has a large ethiopian and eritrean population including east african. # url # </document>
<document> in i know that black people talk about houston texas better than atlanta ???? lmfaoo you all need our organization like omg look this Houston Texas is an illusion # url # </document>
<document> 40. 6lack ft. "love letter from eastern atlanta" future (rapper), from the love letter of east atlanta 2018
& amp; </document>
<document> when a #user # goes to legalized gambling? and build mini games of chance & amp; holiday resort town ?? </document>
<document> you forgot morehouse school of medicine and emory university # url # </document>
<document> but not necessarily for a region or country as it ignores migration. a population that has grown in the past will have a higher percentage of young people. since younger people have children, there is a large time lag between the time </document>
<document> indeed a powerful surviving lineage

caricom for the Caribbean
various African countries get their reparations from their colonizers

while we natives aasfreedman repairs for us are not black immigrants who recently arrived who definitely don't have half the ethnicity of native black americans # url # </document>
<document> the 1811 uprising on the german coast, which took place in rural southeastern Louisiana, at the time the territory of orleans, at the beginning of 1811, involved up to 500 rebel slaves. it was suppressed by local militias and a detachment of the United States Army. in retaliation for the deaths # url # </document>
<document> # user # awwsw mannn here he was he was anti-Western like Saddam Hussein, this does not mean that these people are our friends to .... the eumelaninated Africans, the diaspora, they need to wake up ....... </document>
<document> damned and damned weird stalkers a ....

lol I'm too protective 😆🤣 # url # </document>
<document> background: when i went to therrell high school in atlantaga southwest neighborhood i was in summer school lol this is the hood but a mix of income you got from the working class on the east side of the neighborhood like hidden village apartments, crystal cascade
& amp; life in greenbriar # url # </document>
<document> georgia gov invests $ 100-150 billion in black Georgians every time GDP rises </document>
<document> as I always say because of the chattahoochee river valley .... most likely by 2050 or 2060 Florida, Alabama and Georgia we are a megastate as it always should be on that South Carolina and southeast will be united as one state .. # url # </ document>
<document> the area is enclosed in red the majority are more likely black or significant than what I am saying they are leaving the boundaries but they set the surrounding areas which are upper middle class \ black middle class \ African # url # # url # </ document>
<document> this is a state for the people of the Northeast and Midwest, especially the black population of Kentucky and West Virginia # url # </document>
<document> disrespect is insane, these spicy Caucasians better sit back and better recognize a spot in the wrong area of ​​the lake with that. # url # </document>
<document> it didn't happen texas 35-40 million blacks and florida 25 million blacks to be a fucking majority and have the power and authority of the state on earth you have to leave this to the experts ruin our chances start listening to this not this future of ours is a joke. # url # </document>
<document> Hispanic Caucasians benefit exclusively from Hispanics

the Caribbean Caucasians only benefit from the dignified people of the Caribbean

Haitian Caucasians benefit exclusively from people of Haitian dignity

bro these nationalities ethnicities benefit their fucking tf group? black caucus needs to be edited # url # </document>
<document> the crazy thing is that Asians and Hispanics (Mexicans) have majority populations we are bigger than Asians and Mexicans but we don't have a super majority black state southeast of interstate 8520 to delawaremaryland we can be the majority of the state level if we migrated to # url # </document>
<document> nun 😆 🤣 😂

# user # did you know moss growing empire gets $ 5 billion
in government subsidies lmfaoo # url # </document>
<document> especially their children mannnnnnnnnng mays high school is one of them ... # url # </document>
<document> in 2010 fayetteville ga black population was 33% now 2020 is 44% in fact the safest county in metro atlanta is fayette ga county. yes now there are over 8.34k blacks \ predominantly mid-high and mid-high Africans \ wealthy.nnfayetteville ga also where the trilith studios are located. # url # # url # </document>
<document> actually it is wrong modern punt would be in modern northern eritrean ethiopia and more likely nara people and kunama people who are more related to nubians who were descended from ancient punties ....

the ancient opone civilization was in somalia # url # # url # </document>
<document> is yet another thing to note that at least 90 percent of people living in concentrated poverty in atlanta are black, compared to no more than 5 percent of whites.
# hashtag #

not Hispanic but really black so stops the black and the so called brown also bipoc # url # </document>
<document> iheartmedia 10,000 black owned businesses must be 5050 or 5545 black men or women of black family owned by metro atlanta. Atlanta Wealth Creation Initiative 1,000 black-owned businesses in 1,000 days should be the same in Metro Atlanta, so now that 11k black subway at # url # </document>
<document> I was going to go crazy with a nigga in my dm ....... no handouts are forced labor, murder, human trafficking, eugenics, wealth gap and rape form 1526-1555 $ 100-83, 3 trillion black Americans # hashtag #
# hashtag # # hashtag # </document>
<document> take him out is an idiot puppet of the European Union # url # </document>
<document> lmfaoo 😆 i can't stop lmfaoo i can't stop laughing soooo dan hard mannnnnnnnnng lmaoo # url # </document>
<document> their fewer than 55 or more four-year colleges and universities in the state of Georgia, again overwhelmingly in Metro Atlanta.

the largest university on earth is uga by area. # url # </document>
<document> texas is little mexico immigration policy is not for black immigrants it's for hot Caucasians not for black immigrants reminds haitians on the texas border it's hispanics really tell them gtfoh they the border patrol is butMexican majority whipping their Haitians </document>
<document> cemetery with south view 🔥 visit south view if you visit limits a

7 unusual places to learn about the history of blacks in atlanta # url # </document>
<document> augusta ga has black majority areas of the upper middle class zip 30815 is one of them also not far away is whitney s dr, augusta, ga 30904.nnalso zip 30909 upper middle \ black middle class \ africans by augusta ga # url # </document>
<document> yes well queen it's a good day to be alive seeing her scammer's ass destroyed 🙏🏾✊🏾❤💪🏾 # url # </ document>
<document> yes, fulton ga county is mostly black, but it's finna be more diverse and denser for now in the southeastern megaregion # url # </document>
<document> lmfao seriously? there were 461 million chimps

oh yeah 👌🏾 yeah search for "zero population growth" we know what you are trying to do ..... # url # </document>
<document> 🧡 eumelained Africans especially need each other # url # </document>
<document> we blacks alannuhlien \ southeasterns also have nothing to do with westerners \ southwesterners lmfaoo nnwee wuzzz American aborigines innnnnnnn innnnnnnn shidddddeehhh # url # </document>
<document> the same with Texas and the hell of Oklahoma could also throw in New Mexico and Arizona because the Confederates had been them as territories from # url # </document>
<document> parker hudson rainer & amp; Dobs llp, partner in change, quality childcare, inc., reliable heating & amp; air, Rollins, 6900 rotating districts, 6910 rotating districts, 6920 rotating districts, rsui compensation company, early education weapons protection and family centers, </document>
<document> the blacks \ Africans scattered in georgia not in metro atlanta the future most powerful ports will be in the southeastern megaregion also known as the homeland of mobile slaves, our autonomous region of us .... # url # </document>
<document> uhmmmm I say Buckhead town will be the largest gated community, let them give us $ 400 million yes $ 196 million is not 💩 for them so yes $ 400 million
# user # # user # # user #
thanks guys for leaving 🙏🏾 wish Buckhead City ga success # url # </document>
<document> yes i don't really like blood plague zombies i really thought they were a huge horde but i have a trick i haven't played that game for 2 years ... i like sod1 that sod2 tbh hope you sod3 changes i like wildlife is in the game, i hope it is 1 big world not multiples # url # </document>
<document> ellenwood ga 30294 is a 32 square mile area of ​​part dekalb county ga and clayton county ga ..... my maternal brothers grandmother and aunt live in ellenwood ga is an upper middle class majority area of 'Black Africa.

Atlanta Harvest is Metro's first outdoor grocery store # url # </document>
<document> 😆🤣 like you're watching zombie movies like crazy like watching all the legendary george a. romero z movies my favorites i'd dawn of the dead 1978, day of the dead 1985, land of the dead 2005 and diary of the dead 2007 # url # </document>
<document> Scarface is nowhere near the king of the south compared to your opinion in fact it is not from the south it is more western ..

their many artists may take that title from the forms louisian, georgia, south carolina, mississippi, tennessee and alabama.

andré3000 is one of dirtysouth's top contenders # url # </document>
<document> "they profited us off our shoulders!" experts in the repair movement unite, work out top strategies
anisah muhammad, collaborator writer anisah muhammad, collaborator writer

co-convener michael muhammad explained four immediate areas of restitution and presented the calculations of how much </document>
<document> upper middle class \ black bourgeois \ Africans form augusta ga by going up to postal code 30813nn this spreads throughout the csra region </document>
<document> i like to bring more people here * same with whites they did their * power is numbers but the good chuck of them doesn't have a pan african conscience they will join latinos "spicycaucasians" who nativeaafreedmanbecause both are immigrants we won't understand # url # </document>
<document> the mix of medium-high area was everywhere, notably cascade parc blvd sw atlantaga, dale ln sw atlantaga, mt gilead rd sw atlantaga, childress dr sw atlantaga, harbin rd sw atlantaga, adams dr sw atlantaga, key dr sw atlantaga and mcmurray dr sw atlantaga # url # </document>
<document> the southeast is our solution to the extreme lack of black agenda problems as seriously black Americans need a massive migration to the southeast aka # user # # url # </document>
<document> club circuit, with a little luck on the way to perform at the famous 81 decatur street theater. "

some list of songs about atlanta 👇🏾

1. "Preachin 'the blues" by Bessie Smith
2. "atlanta, g.a.", pop / big band song written by sunny skylar and artie shaftel 1945 </document>
<document> fort stewart or fort benning in # hashtag # must be abandoned so they can turn into a future huge movie & amp; production studio in southeastern megacity with playset of 5 10 to 20 acre cities, 15 villages, 20 suburban areas, 5 rural areas and 6 forest areas </document>
<document> people are just funny as hell I hardly do anything I just make predictions (85% accuracy) lol </document>
<document> # hashtag # for the descendants of the great ancestors of the black atlantans? # url # </document>
<document> I'm fine, I don't allow illegal immigrants to flood my state because I can go to the southwest and west coast # url # </document>
<document> damn some Jamaicans to whiten their skin? gessh # url # </document>
<document> I can't wait for all these highways to cover up and build more # url # </document>
<document> Morehouse college to share $ 2 million gift from ralph lauren foundation # url # via # user # </document>
<document> theirs are exaggerated flaws in this tweet for the most part their 4.6 million black immigrants and most of them don't marry libertinage ay yes they some but not all most most what you said is wrong no disrespect I was vibrating with a Senegalese brother at my job between .. # url # </document>
<document> actually 500 years ago I was trying to unsubscribe # hashtag #
# hashtag # # url # </document>
<document> en by hbcus, in particular, the global propulsion center and also the atlanta-based southern company transforms the south central and westend shopping center into a black tech square maternal and child hospital. # url # </document>
yes off the streets # url # </document>
<document> atlanta the brain and heart of the southeast and chicago the hub of the great lakes. # url # </document>
<document> what's happening to ... marta needs to play a game ..... # url # </document>
<document> 1526-1555 lineage
💪🏾💪🏾💪🏾💪🏾 ga-sc-northfl.

tutnese means we don't give a fuck about non-black pocpeople and non-blacks ...

I have moderate West African DNA but very high South African DNA 💪🏾 # url # </document>
<document> 27. "oh" by ciara feat. ludacris ("adamsville, bankhead, college park"), (# hashtag # on hot 100 billboard), 2005
28. "georgia" by field mob and ludacris ft. jamie foxx (as ray charles), from disturbing the peace 2005
29. "atl" by freak nasty, (rap, miami bass), 2006 </document>
<document> you bastards created nothing but paper bag 💩 in the black community 😒 # url # </document>
<document> in the city of South Fulton, a wealthy upper-middle-class black super majority city. # url # # url # </document>
<document> organization that helps make the general plan of freedom georgia a reality # url # </document>
<document> 😆 their literally 18 black-owned banks in the United States since the National Foundation of the Black Bank and
global # user #

so they are black led banks let's say freedman's savings bank is a black led bank while georgia native William Washington opened a real blahbank owned by ck. # url # </document>
<document> this time he can't try to escape he just stopped being weighed 😍😍😍😍🥰 # url # </document>
<document> the blacks immediately went back to tiktok as if nothing had happened, my lady has a tiktok too my dear mother too ...... 🤦🏾‍♂️ blacks want a black version of amazon?
grow # url # </document>
<document> really that what really wants me goes to the west coast 😆🤣nothing else just go to the center-south # url # </document>
<document> is the door to the northeast but it's actually east .... they talk about an imaginary line called mason-dixon 😆the confederates were damn delusional !!!!! 😆🤣😂 i like to joke with them lmaoo #url # </document>
<document> don't forget brunswick, columbus ga-phenix city and bainbridge ga 🔥 # url # </document>
<document> 😆🤣 hell all "Georgians" benefit from it
Hispanic and Latin immigration problems .........

texas and california need you and please relocate headquarters to cities in the southwest or northeastern .... # url # </document>
<document> anyone who believes that Caucasian spices lie is the biggest fool on the planet is no joke ... # url # </document>
<document> when was yall oil? lmfaoo yall it wasn't even a fucking quarter of the population blacks with brains move to the deep south southeast not florida though .. a florida (north florida) our land also all oil is in western texas not texas eastern yall a dime as it populates their # url # </document>
<document> because whites and Asians would put you in your place, you won't fight or kill to identify with them, but do it to us hybrids please .. # url # </document>
<document> same thing happened in North Africa, the Arabian Peninsula, South Asia, some Australian Aborigines and Tasmanian Aborigines # url # </document>
<document> lmfaoo who mutated heavily caucrated North Africans is a joke, they can't even understand their own sources, just ignore them and as we continue to tell the truth # url # </document>
<document> # user # this is a beautiful photo of alannuh (atlanta)

alanteta 🌤 # url # </document>
<document> one of georgia's many hidden gems the ohoopee dunes natural area covers 40,000 acres which is 62.5 square miles. # url # </document>
<document> I'm really glad her pathetic ass said you know why? all that poc (darker skinned Caucasians), bs bipoc, goofy minority and that so-called black and brown rhetoric # url # </document>
<document> Cape Town to Alexander Bay in South Africa is 488.3 miles if it were a megacity it would be bigger los angeles, sacramento, oakland, san francisco, san diego, san jose and tijuana on combined steroids

from grapevine california to shasta lake california is 471 miles # url # </document>
<document> georgia budget & amp; political institute signs subway Atlanta chamber action for black racial fairness .... # url # </document>
<document> 7 of 11 😆idc i only a georgian boaahh

Georgian bull 😤💪🏾
Georgians reproduce part of the southeastern family # url # </document>
<document> yes, this is Northern Proto Semitic while Southern Proto Semitic was the paternal DNA halpogroups e-v2403 and e-ft183172 # url # </document>
<document> 2000-2021 texas and florida get the most aas

even georgia black population majority birth no such migrations

how does southern texas do while oklahoma, newmexico and arizona aren't? wtf were part of the confederates a.

thesouth bs was recently created in Texas, never # url # </document>
<document> tf is brown people have anything to do with this? nn now i know it's fake like we don't do black and brown bs leave that sucker 💩 in the Northeast, Southwest, Midwest and especially the West Coast ...... # url # </document>
<document> Black and Latin National Council of the United States

look this is also a latin american hq association in ga
# user # # user # # user # # url # </document>
<document> bro, this is not high school or anything bs idgaf who's talking about me

you agree you agree ..... you disagree how much you disagree let's keep going ..... </document>
<document> yeah # user # oh yeah laugh at # user # # user # especlly # user # # url # </document>
<document> upper middle class area west of metro atlanta .. # url # # url # </document>
<document> georgia was not from 2000 to 2021 that title goes to texas and florida .... yes from 1995 to 2000 it was the largest black migration in georgia, almost 130k black population ..

again because they heavily target blacks for abortion did you know we literally had an abortion rate of 62.2% # url # # url # </document>
<document> right korana women's skull is not a boskop type skull ............... nnkhoekoen and sākhoen are not the only 2 population strains that have an extreme version of hair curly aka peppercorn hair it was also in the historical aborigines of Tasmania and in all Andamanese peoples. # url # </document>
<document> postcode 30067 chattahoochee plantation growing black population is a wealthy middle class upper-middle class working class west of the zip code surrounding powerferry elementary school is a predominantly Hispanic area with moderate black and minor white population # url # </ document>
<document> the killer mic is a fool plus we have the right to vote ... it needs a fix for the pass before we even breathe it

reparations came down to us in soil bondage, eugenics, discrimination, gentrification and wealth gap
# hashtag #
# hashtag #
# hashtag # # url # </document>
<document> The economic boom in Atlanta has not only black-owned strip clubs, it also brings Hispanics or Latino Americans alongside blacks in Atlanta, especially in the subway, our businesses are much richer ..... search #user # # url # </ document>
<document> Foxhall resort needs to be canceled and become a 2,000-acre mixed-use spa complex. How do you really want to hear the gunshots? </document>
<document> # user # # user # # user # sounds like a waste of time but ok let's see the consequences taking place </document>
<document> on the hunt for the diaspora? check out these black historic sites in atlanta - # url # # url # via </document>
<document> did these same people try to give the bank of freedoms to minorities, bipoc or poc bs?

# hashtag #

on mlk day, Biden says Americans must engage in King's # url # </document> work
<document> idgaf i a black native alannuhliengeorgian part of the southeastern family (we southerners are not southerners united). in a n "groid building that the ancestors built separating the black districts and the white districts from the ancestors was so wealthy even many laws have tried .. </document>
<document> blacks \ African Americans who have black immigrants \ African wives and husbands tied to share their merits 🤷🏾‍♂️🤷🏾‍♂️ .......... </document>
<document> the Southwest is Hispanic majority, the Northeast is a white super majority and the Midwestern states are full of twilight cities brother you have no Mexican and Asian power they have more power than us it is sad that their population is smaller than us plus southeast is the roots tf is yall on # url # </document>
<document> southern African states such as namibia or south africa)

it's up to you all 😂 stop crowding the southwest and move to the southeastern megaregion and mid-Atlantic states like Maryland and Delaware # url # </document>
<document> needs massive expansion into 29 atlanta metropolitan counties # url # </document>
<document> my 3 generation grandfather Joe Brown owned huge farmland outside talladega alabama 1930 oh a the census was very racist as the dam my great great grandfather ran away from their barries especially his father who was born in alabama ... # url # </document>
<document> fuck you in New York they don't dictate the southeast 😆🤣 I came down from 1526-1555 we slaves of movable property are damned I have these "brothers and sisters" who talk about African, Caribbean and Latin American reparations but presumably they leave us out not it is pan-Africanism that uses # url # </document>
<document> idgaf about the tornado allyaka oklahoma and border state aka texas ... need to declare southeastern region 8 actually region 10 but part of the northeastern megacity maryland-delaware .. # url # </document>
<document> are actually just saying that minority women own Wall Street

because black wall street was just black, not no modern day liberal and conservative minority and women owned the word hell just say n "gro black wall street ..... love disrespect us no fucking pathetic bones # url # < / document>
<document> Citizen Trust Bank, Fifth Third Bank, Southern Communities Fund, Southern Energy Fund, Southern Progress Donors, Strong Southern Communities Initiative
 and # user # invests $ 500 million to $ 1 billion annually in the neglected neighborhoods of the city of Atlanta. </document>
<document> the augusta baptist institute was founded in 1867 in the augusta baptist church in springfield, then moved to atlanta to become morehousecollege. the georgia association for equal rights was founded in springfield in 1866. this association evolved into the republican party in the state # url # # url # </document>
<document> especially the music of atlanta
modern hip-hop, r & amp; b, neo soul, soul music, funk, magic city, gospel, doo-wop, pop, rock and metal, live music, blues and jazz etc Atlanta plays an important role in the gospel music scene in many genres, especially contemporary urban gospel </document>
<document> in particular i am not the majority of any state we can be the majority of 9 states in georgia, south carolina, mississippi, louisiana, delaware, maryland, alabama, arkansas, tennessee and virginia but also north carolina all of them super states majority to majority black go federal # url # </document>
<document> yes she does ..... nn plus she wasn't directing so she said blacks \ Africans need to stop gun violence no matter where it forms stop violence and build up ..... don't get tired # url # </ document>
<document> South Africa and North Africa have subtropical stature along with Indian, Middle Eastern and European # url # </document>
<document> the Ashona Medical Institute is located in Conyers, Georgia. this school offers 7 programs providing training for 6 qualifications, including clinical medical assistant certification (ccma), georgia certified nursing assistant certification (cna) and electrocardiograph (ekg). # url # # url # </document>
<document> is obviously eugenics pathetic population control creatures beyond mixed mental evil # url # </document>
<document> Does Tyler Perry have 200 acres of green space? he could turn 50 acres into a play city with 50-80 foot tall skyscrapers our highly advanced version of cgi etc. acres can be # url # </document>
<document> Providence Asset Recovery llc,
cornelio davis jr. chfc and a registered investment advisor,
hampton tax and financial services, llc tax return preparation tax planning financial planning estate planning,
Colbert / ball tax services e
the epp & amp; aubrey group. # url # </document>
<document> Blacks \ Africans from the Southwest, Midwest, Northeast and especially the West Coast started these little non-blacks by saying nigga in shit </document>
<document> is this black woman flying or driving to atlanta from nashville to see a black doctor i forgot what the black doctor specialty is but yeah bullets train across the southeast especially atlanta megaregion is a must </document>
<document> Buckhead is ignorant as literally 20% have the loudest mouth ...... while blacks \ Africans are 47% we don't know at all yes # hashtag # # user # # user # # user # # url # </ document>
<document> 🤡

these tribes enslaved and scalped your ancestors slaves head # url # </document>
<document> 29 counties of * metro atlanta * and the ignorant are moving to texas but still sucking our energy ... # url # </document>
<document> The voting rights law is pathetic that no country in the world willow this you have to get out to get their citizenship ....

the United States must be divided into 3 racial zones, Hispanic Latin is on the west coast and the Southwest along with Asians and Southeast blacks i-8520 # url # </document>
<document> # user # # user # It is still very strange that they know the history of Europeans </document>
<document> Atlanta is by no means a bad place to live. it almost feels right to be black in atlanta. darkness as a movement has penetrated the culture of this city. but its economic disparities vis-à-vis blacks should not be ignored. you can't call yourself wakanda when all the poor # url # </document>
<document> # user # you damn nagging black Texans have no power </document>
<document> Southwestern (texas, oklahoma, new mexico and nevada) GDP combined is $ 2.214 trillion

The Great Lakes megacity costs $ 6 trillion because it has big cities in Canada.

northeastern megacity $ 4.4 trillion because moderate leech attempts are located off the southeast megaregion (hampton road and metro richmond) # url # # url # </document>
<document> black population needs large south east not south west reverse migration (texas etc) which will be mostly Hispanic not brown lol because brown equals black # hashtag # # url # </ document >
<document> whoever chooses Dude Jones is a silly # url # </document>
<document> I said the same thing brother 94,000 left in # url # mostly black </document>
<document> lmfaoo you're an idiot .... you're even worse
# hashtag # # url # </document>
<document> the voting rights law is not for black americans and black immigrants, it's really for hot caucasian aka hispanic \ latin how to stop the emotion blacks go find that damn bill and wake up it's serious .. ..n # hashtag # </ document>
<document> stop trying to bring racist politicians bs
for the fight of my aforementioned people they understand that Buckhead boundaries only had less than 10 murders this year while the rest of non-Buckhead Atlanta boundaries have the * predominantly black areas * I don't want to hear more about Buckhead #url # # url # </ document>
<document> middle class african american family sitting on a meadow in georgia, ca. 1899.

making black georgians, sc, alabama and north florida.
# hashtag # # url # </document>
<document> a green technology economy would help preserve the Amazon and Congo and promote a clean future for our children. we are building wealth for all. a universal basic income across the union would mean no poverty or deprivation wherever blacks live. students can attend # url # # url # </document>
<document> will definitely be here if it comes to overseas immigrants trying to flood south east idc to go to the southwest, west coast, mid west and north east states ...

but still yes # hashtag # for the survivors of the soul of black Americans 1526-1555 # url # </document>
<document> huh? see much better what is driving 😆🤣 # url # </document>
<document> I said the same thing when I first saw it this looks suspicious # url # </document>
<document> I'll stay at home dad 😆up to 5 the youngest will be 5 or 10 years old ..... </document>
<document> 😆🤣the south state was created before the confederates lmfaoo said foolish folks said that even southern Texas hell could add new mexico and arizona you want you can launch in southern California 😂🤣 # url # </document>
<document> tiring psychiatric hospitals boa a lot of stuff to build condos for hot liberals and Caucasians # url # </document>
<document> # user # # user # I am looking forward to the future black newly built colleges for 4 years & amp; universities, vocational schools (vocational and technical schools), medical and pyrotechnic schools. </document>
<document> charlanta (from atlanta to charlotte metroplex) the surrounding ports will be incredibly powerful # url # </document>
<document> imagine nearly a million black New Yorkers pouring into Delaware

our people have to wake up # url # </document>
<document> I'm fine where the black ag isenda I'm not fighting for any spicy Caucasus, just to have some dignity in yourself ........ I'm not playing cloak for any dark-skinned Caucasoid # url # </document>
<document> texas was the birthplace of western migrations and black texas was westward migration from southeast

throughout the Southeast there is indeed our homeland of autonomous mobile slaves # url # </document>
<document> are spicy Caucasians ... the majority of South Asians have been mongolored of the caucasicaion gene and edar # url # </document>
<document> 1616 has nothing to do with black americans because it is not with the formation of the united states to stop your disrespect 1526 fame from africa not for dominican republic we just rebelled and some went to dominican republic they became slaves ...

this is what predominantly down itself. # url # # url # </document>
Hispanics <document> have a better chance of being the nevada majority than blacks.

Hispanic population census 2019
29.3% and black population 9% ..

also Nevada is landlocked, they are dependent.

majority land of oklahoma is amerindian so we drive them out? I prefer to focus on the southeast # url # </document>
<document> thank you please liberal stop switching to a and g focus on texas # url # </document>
<document> updates Oliver Lawton who was a respectable biracial black from his mother who was actually raped. married an Anglo-Saxon \ Irish-Scottish Caucasian woman when she was 44 and he was 30 eliza rogers lawton aka eliza l rogers a member of a wealthy white Rhode Island family who arrived # url # # url # </document>
<document> a black mecca is state power not cities ....
delaware, maryland, georgia, south carolina, alabama, mississippi, louisiana, arkansas and tennessee also north carolina is where the black population should grow and i wish virginia and florida would especially include fl but i can't. # url # </document>
<document> this socialist brat must be out of his mind lmfaoo # url # </document>
<document> but yes, I was surprised to have done more excavations that were rare for the biracial, especially a dark-skinned one at the time he married a Caucasian woman who was connected to a wealthy Rhode Island family, I guess. </document>
<document> I told my brothers 💯 they said obviously look how they treat people who have our blood 💯✊🏾👏🏾🖤💪🏾🧡💛🙇🏾‍♂️ # url # </document>
<document> Melanocytes # hashtag # produce two forms of melanin, eumelanin and pheomelanin.

the mutation will lead to a lighter tint while they are skin shadow stones

shades are darker and shades in between ..... # url # </document>
<document>? sounds ignorant

Mexicans are almost 2 states majority but have less population than us, that's why they choose us as Asians have 1 majority state for now guess how much less populate than us and stop being ignorant majority of the southeast us power # url # </ document>
<document> fr a ...... paul mccartney deserves to be a billionaire look at his resume like this guy basically a scammer not really a businessman ........ # url # </ document >
<document> also why republicans (not all) do not support reparations you have African and Caribbean immigrants trying to hijack the movement by talking about a global compensation dam nawl a descended from 1526-1555 only survivors went through hell on this earth silly and still is to this day # url # </document>
<document> The emory mba program launches the new pioneering concentration # url # via # user # </document>
<document> Bmewof's roster of 38 nominees in the categories of core nominees, legacy artists, mainstream tycoon, women's gospel, men's gospel, women's hiphop, men's hiphop, women's mainstream, and men's mainstream.

there were 38 of 35 of 12 indudees # url # </document>
<document> look you're not the only one it's ridiculous there were also small raindrops at the international airport # url # </document>
<document> basically it's just her how stupid black Africans were at the time tbh basically she was trying to bring the Arab league back to colonized Africaa united Arab league across Africa and the Middle East, that's why they defeated him. # url # </document>
<document> did the morehouse medical school build the outpatient health facility?
# user # </document>
<document> I also want 1,100 acres of douglas ga to be a mixed use spa resort for hard working women, especially black women who ... # url # </document>
<document> for new mayor andre dickens, income inequality is at the top of his list of issues to address. During a media roundtable, Dickens reiterated his plan to build or preserve 20,000 affordable housing units over eight years. he also plans to raise pay for city employees # url # </ document>
<document> si columbusga doesn't have skyscrapers yet but it has a lot of potential
# hashtag #
# hashtag #
# hashtag #

also columbus georgia major chamber of commerce collaborates with rivervalley black chamber of commerce coalition of blackchambers georgia # url # </document>
<document> brother crt means critical race theory.

but me for repairs and also black agenda (southeastern states of the United States) # url # </document>
<document> here the labeling of black and brown people as seriously letting in the Northeast, Midwest, Southwest and West Coast comes into effect

Deputy Nikema Williams must be banned or suspended

press releases | # url # </document>
<document> cool # hashtag # for adosfbafreedman = aa native who descended from our 1526 enslaved ancestors, black codes, discrimination, jim crow, gentrification and eugenic murders.

we do not pay global compensation nor africa only we who suffer on this soil ..
# hashtag # # url # </document>
<document> 🤡 where # hashtag # for descendants of native black slaves?

the national repair institute etc. he's waiting
# hashtag # # url # # url # </document>
<document> you florida are weird with that shit, I only have respect between us but ally you announce me a 💯 don't be leeches in this part of town, maybe in your area # url # </document>
<document> their multiple children cannot stay here

angeline burgie had 25-20 children and many children 👶🏾 only 1 was biracial which was again Mattie Franklin because Thomas f franklin raped angeline Burgie when she was 10.

this is my mother tree, i see my tree has been updated. # url # </document>
<document> Savannah ga Finna becomes super majority black # url # # url # </document>
<document> brother, we have so many natives aa slavery1526 descendants peasants, landowners and grocery stores in the atlanta metro ... caribbean people without even a scratch on the surface. # url # </document>
<document> yeahhh I'll tell you what happened 💪🏾 finna message you're sad I can't protect anyone from abusers like ..... I'm writing to you # url # </document>
<document> is never based on science but always on aphrophobia # url # </document>
<document> are part of the Caucasian race in fact their genetic majority is Indo-European # url # # url # </document>
<document> are 83.3-100 trillion dollars from 1526 to 1555 of Southeastern ancestry .....

# hashtag #
# hashtag # # url # </document>
<document> lmfaoo love to talk about us even that is bigger atlanta not the limits to # url # </document>
<document> New Guineans, Negritos and Australian Aborigines 🤷🏾‍♂️ that's it # url # </document>
<document> indeed
they can starve and die everything that interests me # url # </document>
<document> and the fourth is fucking overexertion.

3 black men for marriage and a Caucasian man for rape </document>
<document> basically #user # is just enjoying their displaced low-income black communities ..

super sick
# hashtag # # url # </document>
<document> boaahh the major reparations of mainland Africa formed by both the Arab slave trade and the Atlantic slave trade owe less than $ 1 quadrillion in damage .. # url # </document>
<document> yes if it was a movie hub it should only be developed in the studio and show the city not other cities ........ developed georgiasoutheast made movies that a dump for hollywood movies making them richer #url # </ document>
<document> first photo I was in the last year of high school with a flat stomach (then I also had stomach problems ... also very depressed suicidal) and third photo 😆 🤣 the depression went away but I also grew my belly lmfaoo 💀 🤣 😭 😂 # url # </document>