 
	<document> #user# #user# yes, while alternating between quietly sobbing and insulting baron. </document>
		<document> #user# white is back. i expected bolden to gone, but i thought jj would be white’s backup. </document>
		<document> #user# losing faith in humanity one idiot at a time. </document>
		<document> #user# #user# the us doesn’t run a state sponsored doping program. </document>
		<document> why are #user# kevin mccarthy and #user# members like #user# obstructing an investigation with threats of reprisals? seems illegal. and, you know, like they have a lot to hide. </document>
		<document> #user# this is decidedly not a racist appeal. n#hashtag# </document>
		<document> #user# #user# #user# this is an entire conversation based on second-guessing. that's kind of the fun of it, right?

the patriots have passed on wrs who became game-changers. we know they're not great at spotting wr talent. so they may have screwed up in choosing an injured ilb in the 5th. </document>
		<document> #user# lol. if you think there's some alternative standard that absolves your abject stupidity, your problem is bigger than i thought.

wild guess: you're not an epidemiologist, are you? </document>
		<document> it's hilarious that fake farmer and complicit trump toady #user# is taking a job at the head of trump's doomed social media experiment that is already under investigation. </document>
		<document> #user# #user# posting that map as if it means anything is an announcement of just how stupid you are. 

people vote, not acres. trump lost. </document>
		<document> #user# #user# it's great how he went to wyoming to announce the first hunger games. </document>
		<document> #user# lying is a sin. i don't think going to a church is gonna help you until you choose to change your ways. </document>
		<document> #user# #user# google is a search engine.
yahoo is a search engine.

do i really have to explain this?

yahoo also creates and curates its own content. google is also involved in other businesses. 

neither are a public utility. </document>
		<document> #user# i think #user# is taking the whole "bad publicity is better than no publicity" thing a little too seriously.

hard to believe that there wasn't an editor willing to tell that piece of shit that his piece was a piece of shit. </document>
		<document> #user# your mad because private platforms won’t allow people to spread dangerous lies...? </document>
		<document> #user# #user# we’re a center-left country. look at the polls on social issues. 

further, being more “left” would help us. look at where our friends and allie’s are surpassing us and the policies that have advanced them. 

manchin just wants to keep selling coal. </document>
		<document> #user# yes. inclusion and acceptance are exclusionary and hateful. </document>
		<document> #user# so.....it's pretty fucking real then? 

let's see what the people in texas have to say about it. </document>
		<document> #user# #user# #user# i have more than five times the amount of followers that you do. so...nice self-own there </document>
		<document> #user# we had it in 2013. #user# and the #user# wouldn't even consider it.

remember that, john? republicans fucked things up on purpose. again. </document>
		<document> #user# lol. dweeb bills fans, never having won a super bowl, are desperate for a burn. </document>
		<document> #user# from the laziest potus in history who was born into money. #hashtag# #hashtag# #hashtag# #hashtag# </document>
		<document> #user# #user# the irony of this tweet is absolutely galactic in scale. </document>
		<document> #user# no trump has ever done that. especially not ivanka kushner. nn#hashtag# #hashtag# </document>
		<document> #user# that was one of the greatest games of all time. they came back from two 14 point deficits. </document>
		<document> #user# it’s great that you’re leaving this badge of stupidity up for the world to see. </document>
		<document> #user# #user# #user# #user# it's funny that people squawk about the lack of a backup plan and then those are the same people who say they should have kept brady, when reporting tells us that it was brady that was pissed about drafting both garapolo and stidham, who were both the backup plans. </document>
		<document> #user# second thoughts? i don't think manchin has any first thoughts beyond how do i manipulate government to make more money for myself and my kids. </document>
		<document> #user# lol.

seriously. the heroes of the battle of alpha centuri must be really mad. </document>
		<document> #user# political push?!? trump incited a murderous insurrection and an assault on our government. he attempted a coup.

you took an oath to defend the constitution. if you're not going to do it, just stfu and resign.

i'll remind you of your role in this each and every day. </document>
		<document> #user# #hashtag# is a loudmouthed #user# propagandist calling the truth about a loudmouthed egomaniacal racist a "smear". </document>
		<document> #user# and then dipshits like you, who licked the boots of the worst potus in history, should stop propelling the narrative with bullshit like this. </document>
		<document> #user# #user# tampa bay has beaten precisely one playoff-bound team during the regular season -- green bay, who absolutely rolled today. they weren't able to overwhelm wft last week, and they made the playoffs with a losing schedule.

green bay or new orleans make it to the super bowl, not tb. </document>
		<document> def looking in the wrong place. there’s no way he got promoted to manager. #url# </document>
		<document> #user# the children of racists start learning about racism the instant they’re born. </document>
		<document> #user# #user# #user# #user# i was using the dictionary definition, which involves an act of libel, slander, or calumny. all of which involve lying. 

truth is the ultimate defense to libel/slander accusations in legal matters. </document>
		<document> #user# #user# how ironic. your lord and master thinks the constitutionally protected free press is the enemy of the people.

#hashtag# #hashtag# #hashtag# </document>
		<document> #user# #user# #user# he’s a murderer. he set out to shoot people. he did. they died. </document>
		<document> #user# #user# #user# #user# though infinitely more challenging.

scotus asked congress to reevaluate the vra. then the #user#-controlled congress did....nothing.

it's not a hard fix. </document>
		<document> #user# #user# he sees everything as an opportunity to be a victim. 

all he is is a victim. </document>
		<document> #user# #user# lol. you have no idea what you're talking about.

the tb d isn't getting their due because brady is on the team. i'm not taking credit from brady, i'm giving it to the defense because they deserve it. </document>
		<document> #user# they’ll be lucky to get 3 against a fired up bills team that they can’t stop while also missing so many skill players. </document>
		<document> #user# #user# #user# #user# fyi: self-defense is only a valid defense if you didn’t seek out the fight. he clearly sought confrontation. </document>
		<document> #user# it's weird that both backups are better than the starter, and flacco probably is too. </document>
		<document> #user# what a weird thing to say when voting rights are the topic at hand. do you think democracy is some kind of radical idea? </document>
		<document> #user#:

- pardoned murderers
- pardoned his cohorts
- sabotaged pandemic aid
- vetoed the ndaa...
- ...which halted raises for our soldiers
- he did that to preserve the names of confederate generals
- then he left dc
- then he went golfing

merry christmas, america </document>
		<document> #user# actually, senator liar, the law in question calls for a uniform standard for voter id, not the willy-nilly approach taken by vote suppressors in texas that approved of *some* state-issued ids like gun licenses, but not *others* like college ids because of demographic bias. </document>
		<document> #user# #user# #user# this is a lame excuse. it completely overlooks the fact that no rational person would have accepted that alleged advice.

nobody with the reading comprehension of a middle school kid would have ever believed it. </document>
		<document> hey #user#! can you please bring flores back to be dc. thanks. </document>
		<document> #user# i'm totally shocked that #user# doesn't understand what nato is or how it works and would misrepresent it to the american public like a putin talking point.n#hashtag# </document>
		<document> is anybody else tired of the #user# constantly trying to shut down the govt. when they don't control the white house?

it's just so obvious and childish. 

republicans haven't been interested in actual governance in my entire lifetime. </document>
		<document> #user# let's get you to make a cameo on fbi just so i can say hi! </document>
		<document> #user# #user# #user# who messed up, and how?

do you always talk out of your ass, or only about global pandemics? </document>
		<document> #user# oa is *definitely* playing solitaire on his computer. </document>
		<document> tough break for #user#. he's not gonna get to make an even bigger ass out of himself. </document>
		<document> #user# a trump admin official squawking about the trampling of constitutional norms is the sound of irony dying </document>
		<document> aside from wasting time, what's the point of polling the jury? </document>
		<document> #user# when voter fraud does happen </document>
		<document> #user# #user# #user# 80k+ positive tests in one day and you think it's all going to be just fine.

this is why you have to resort to stealing shoe designs. </document>
		<document> #user# #user# voting rights are more important, but you don’t care about living in a democracy, so… </document>
		<document> #user# #user# starting to think you don't read well. 

i didn't "penalize" brady. he threw threw ints and the bucs d kept green bay from doing anything with those ints.

is that not true? </document>
		<document> #user# #user# #user# 

it's time to remove this man from office. we can't wait until the 20th.

this man is a danger to our nation and to its people. this is #hashtag#. this is #hashtag#. this is #hashtag#. #url# </document>
		<document> #user# #user# senator cornyn backs the trump coup attempt. </document>
		<document> #user# #user# lol. the zero is threatening to treat people who uphold the constitution like the trumps treat a pediatric cancer charity. </document>
		<document> #user# this is what smart people call a non-sequitur.  

but speaking of border security, tell us all why your party killed an immigration reform bill in 2013 that passed the senate with strong bipartisan r
support that includes massive upgrades to border security? </document>
		<document> #user# they handled it in the same way that they (almost) always handle it. they're gonna let the kid test the market. if they can get him back, they'll try. but they probably can't. he'll be way too expensive. </document>
		<document> #user# no names. and if they’re old enough to work, they’re probably too old for #user# anyway. </document>
		<document> #user# #user# lol. yeah....because you promoting the fantasy that the election was fraudulent had nothing to do with the insurrection. #hashtag# nnthis is on you. this is your fault.nnyou should resign. now. </document>
		<document> #user# umm…decision? he was recorded while actually committing the crime. we all heard it. </document>
		<document> #user# what a weird thing for #user#, a man who both supported and promoted trump's racist policies, to say. </document>
		<document> #user# i wonder if they’ll ever actually hire a d coordinator </document>
		<document> #user# this is the very pinnacle of #hashtag#.nnmaybe you should do your job and pay attention </document>
		<document> #user# #user# it's a democratic republic. being pedantic is a tactic used by those who need to dodge the point. </document>
		<document> #user# #user# you can stop kissing his ass. he lost and now he’s looking at prison time. your political future doesn’t exist, toady. </document>
		<document> #user# his good friends at deutsche bank have known all along that he didn't have the money he claimed to have. they never cared because....?

because they were involved in money laundering?
because his "loans" were secured by russian money?
because....? </document>
		<document> #user# #user# i'm shocked that trump, of all people, would want to debate foreign affairs. our allies no longer trust us because of trump. our enemies have been emboldened. he pardoned war criminals and committed war crimes, and he's also committing crimes against humanity. </document>
		<document> #user# #user# belichick, like brady, is the goat. ask around. 

if you can’t handle that, it’s on you. </document>
		<document> #user# how did this story get past *any* news editor without serious scrutiny and changes?

florida is among the states taking the *least* serious approach to the pandemic.

seriously #hashtag# </document>
		<document> #user# #user# #user# did you call me “gringo”?  lololol

you’re projecting hard ignorant child vibes. you’ll have to work pretty hard to marginalize yourself more than this. </document>
		<document> #user# day 62, and you’re still a mouthpiece for a corrupt, racist liar who incited a murderous insurrection. </document>
		<document> #user# #user# #user# #user# well done. 

i was just researching it myself and as yet hadn't found a request for the declaration, which is required. </document>
		<document> #user# #user# yeah. the judges just keep saying your argument has no merit. </document>
		<document> #user# she’s a republican </document>
		<document> #user# like....separating children from their families </document>
		<document> #user# #user# #user# #user# and yet you have seen no explanatory coverage anywhere? that’s shocking. hey, if you want to start informing yourself, google is free. 

here’s my me of the studies cited in the myt article. #url# </document>
		<document> he thinks everyone is a greedy, immoral, unethical sociopath, just like him. #url# </document>
		<document> #user# #user# #user# fuck #hashtag# mcconnell.

and sinema can piss right off. </document>
		<document> #user#, who paid **some** of his many mistresses to remain silent and then lied about it, says the christians who don't support him are "bad" christians.nn#hashtag# </document>
		<document> #user# how can this person still be allowed to practice law? her only appearances in a court room should involve handcuffs. </document>
		<document> #user# are you saying that, for example, sudekis didn't deserve to win? </document>
		<document> #user# #user# #user# last year they had the most covid hold outs in the league and had just lost the goat qb.

they went 10-8 with a slew of new players and a rookie qb, all while dealing with covid and losing some key players to injury.

not too bad. </document>
		<document> #user# #user# #user# neil gorsuch is, apparently, a moron who can't discern the difference between a crowd at a church or movie theater and few people in a bike shop. </document>
		<document> #user# flynn got caught. and so did you. nn#hashtag# #hashtag# </document>
		<document> #user# should return to the white house asap. there are still some top republicans who haven't been infected yet.nn#hashtag# </document>
		<document> #user# #user# and #user# would like to move the capital of texas to cancun, because....let's be honest, texas is a shithole. </document>
		<document> #user# #user# wtf are you even talking about? you can’t just borrow shit from a museum like renting a dvd at blockbuster and then chuck it in the back seat to toss in the drop box when you’re done. </document>
		<document> #user# fans talking trash about #user#  crack me up. jones had a much better rookie season than allen did. everybody thought allen was a bust after his first 2 seasons. #url# </document>
		<document> #user# #user# but there's no doubt that brady is the goat. this talk about how this game would decide if he or rodgers was the goat was laughable.

pats fans had 20 years of ridiculous dominance. all this soap opera nonsense is boring. </document>
		<document> #user# #user# there's nothing funnier than a jets fan saying "have faith." </document>
		<document> warning: the same people who thought trump jovially tossing rolls of paper towels to desperate americans in puerto rico was a sufficient response to a devastating hurricane are preparing to criticize biden, no matter what. </document>
		<document> #user# #user# i think you’re an intellectual tomato can and she’s going to eviscerate you. you’re crazy if you think debating aoc is a good idea. </document>
		<document> #user# how many mcribs did you cram down your lie hole tonight? </document>
		<document> #user# congress makes laws, they don't enforce laws.

i'm shocked -- shocked! -- that a conservative firebrand and intellect like #user# doesn't understand how the constitution works. </document>
		<document> #user# #user# she's almost certainly the first member of congress to ignore basic food safety and give a bunch of people food poisoning when they ate food from her restaurant.

regulations are for suckers, though. </document>
		<document> #user# #user# #user# it is what it is </document>
		<document> wow #user#! you think the civil war was about the refusal to accept the election of lincoln??nnholy shit </document>
		<document> #user# #user# #user# and again, self defense isn't a viable defense if you insert yourself into a situation. 

kyle rittenhouse did exactly that. on purpose. with a gun and a desire to be a vigilante. </document>
		<document> #user# uh...."victory" cruise?

lol. </document>
		<document> #user# #user# #user# #user# words have meanings. there have def been better athletes who have been as dominant in their own way. bill russell. serena williams. michael phelps, maybe.

this is a stupid argument to be having. </document>
		<document> #user# mike flynn who hangs out with putin? that mike flynn? </document>
		<document> #user# these reports mean nothing. we’ll know where he landed soon enough. </document>
		<document> crazy question: why would we make any concessions about our willingness to allow russia to invade another country?

what kind of mafioso bs is that? </document>
		<document> #user# you can’t be surprised. three of these justices accepted a nomination after garland was denied the constitutional process for purely partisan motives. if they had any integrity at all they would have insisted that garland get his due consideration. they politicized the court. </document>
		<document> #user# i'm sure all the republicans who got arrested for voting twice think it's pretty hard. </document>
		<document> #user# confession under duress. your suspect just got acquitted. </document>
		<document> #user# lol. 
1. it is. 
2. he was. 
3. they don’t. 
4. insurrection against the constitution is the opposite of unity:
5. trump lost. 
6. you suck. </document>
		<document> #user# #user# he warned us about greed and inhumanity and false idols too. #hashtag# </document>
		<document> #user# #user# #hashtag# nndude. you've failed on "we" and "projection" so far. does your stupidity come in threes? what's next?nnwhy don't you work something up. i'll be over here eating your lunch. </document>
		<document> #user# ....of you and your bullshit.

why won't you say when you spoke to trump on 1/6? your phone recorded the time and duration of the calls, gym. "i don't remember" isn't a valid excuse, insurrectionist. </document>
		<document> #user# #user# he helped create the gop cult, as did boehner. </document>
		<document> #user# more jobs.nbetter stock market.nlower credit card debt.nhigher wages.nlower ue.nvery low new jobless claims.nnyeah </document>
		<document> #user# aren't these the same folks who had a journalist murdered and cut up with a bone saw? they're angered by...barbaric actions? nnit's okay though </document>
		<document> #user# #user# look at the board. there are several players that could work. there were a few sub 4.3 times at the combine. there are players from alabama. </document>
		<document> #user# are you mad because i said the jets were among the worst organizations in professional sports? 

because i think that statement is not really arguable. </document>
		<document> when #user# is right, he's right.

steve "there *is* such thing as a stupid question" doocey is an unprofessional hack. </document>
		<document> #user# #user# it's pretty naive to think that once the men with trucks and guns show up to seize control of voting machines and move them to whatever undisclosed locations the legal system would have an opportunity to act -- or to act quickly enough -- to alter that course. </document>
		<document> #user# i don't think that's gonna work out for you, buddy. </document>
		<document> #user# #user# #user# #user# #user# #user# #user#_johnson no, it does not. 

i acknowledges that until now, deserving people had been kept from that position based on the mere color of their skin.

and yeah...washing away the racist bullshit should be recognized and celebrated. </document>
		<document> well, #user#. not only was trump given an orderly and complete transition (nobody but #user# is to blame for his lack of preparedness), he was even given a pandemic playbook.

but, you know, he's incompetent so it was all for nothing. </document>
		<document> #user# remember that time you got caught committing real estate fraud and your dad bought off the prosecutor?

i do. </document>
		<document> #user# nobody is pushing for war except putin. </document>
		<document> #user# #user# maybe he’s letting #user# do her job (which her predecessors didn’t) while he does his (because his predecessor didn’t). 

he does have trump’s disasters to clean up, after all. </document>
		<document> #user# #user# i don't know anybody else whose goal is to look like a wax figure. </document>
		<document> #user# they were building a fence, not a wall. and it would never have been competed in your lifetime. and more people who immigrate illegally arrive in airports. why don’t you care about that? or the canadian border? #hashtag# </document>
		<document> #user# scotus***

* gorsuch, seat held open for 400 days. lacked the integrity to insist that garland get his due.

** kavanaugh, unqualified and ill-tempered and elevated without proper vetting.

*** coney barrett, rushed to the bench in the middle of an election breaking precedent. </document>
		<document> #user# you’re not going to treat them as special </document>
		<document> #user# it's weird because if you just read the words </document>
		<document> #user# are you suggesting some kind passport that vaccinated people could have to prove that they're vaccinated and, therefore, don't need a mask?

interesting concept. </document>
		<document> #user# breaking: asshole announces he'll be wasting the money stupid people have sent him after he first aided three people to death with a gun. </document>
		<document> #user# yeah, you fucking with the usps was beyond the pale. but...you lost anyway. </document>
		<document> #user# the same doug collins who voted for the select committee on benghazi </document>
		<document> #user# he lost, despite calling into question the integrity of our system since 2016, even as his campaign worked with russia to get elected.

 if you want to protect the integrity of our system now, you take the loss and participate in a peaceful transition of power. </document>
		<document> #user# #user# 2006. hm. since then an other-than-white person was elected as president. i wonder if that has anything to do with it. </document>
		<document> #user# #user# okay </document>
		<document> #user# it was your father </document>
		<document> #user# because it was all about parity. 

the patriots should get their 1st round pick back. </document>
		<document> #user# #user# #user# #user# trump killed 450,000 americans. actual human beings. are you ready to hold him accountable. </document>
		<document> #user# why hasn't he been indicted for the crimes that sent cohen to prison? </document>
		<document> #user# #user# #user# hey #user#! he's a republican, right? well in this day and age that's pretty much a guarantee that he doesn't give a shit about democracy or the constitution.

you have no excuse. </document>
		<document> #user# #user# it's hilarious how they're all states-rightsy until they aren't and how they're all small-governmenty until they aren't.

we're originalists! follow the constitution! oh, wait....no. see, because...it didn't work out for us.

count all the votes! stop the count!

f'ing toddlers. </document>
		<document> #user# did billy carter ever imply that if you bought/drank his beer you could expect any kind of consideration from the federal govt? not to my knowledge.

did jared kushner's sister? yes, absolutely. </document>
		<document> #user# you’re actively covering up a coup attempt that happened less than a year ago. </document>
		<document> #user# yeah. a movement to prosecute seditious traitors. lawyer up. </document>
		<document> #user# for some reason, they felt perfectly comfortable telling the white cop all the crimes they committed. weird. </document>
		<document> #user# #user# #user# blaming the bank for what the bank robbers did seems dumb.

but sure...let's find out why the trump administration ordered a change in the deployment protocol for dcng mere days before their planned insurrection. i think that's a great idea. </document>
		<document> does #user# know yet? i know cell coverage isn’t great on the golf course. 
#hashtag# </document>
		<document> #user# you're asking that scotus deny the will of the people. you're asking for autocracy and civil war. </document>
		<document> #user# #user# yes, we call that "counting the votes" or "democracy". </document>
		<document> #user# who is this “we” joe of a talking about? had he officially joined the racist caucus? </document>
		<document> #user# #user# #user# #hashtag# who doesn't read and begs for people to search him up on google is judging me harshly! </document>
		<document> #user# you got off the plane to "fortunate son", a song about how the sons of rich/connected people got out of going to vietnam.nnjust. like. you. #hashtag##hashtag# </document>
		<document> wow. #user# just said on #user# that "the country should hold him (trump) accountable" not the senate.

hey jackass! he already lost the election!

if murderous insurrection against the constitution isn't enough for the #user# to impeach a republican, what is?!?! </document>
		<document> #user# #user# it's an overreaction. bourne has actually had a pretty good season, but he has basically been wr1 in terms of production for the pats, but his abilities and stats are not wr1 level. </document>
		<document> #user# #user# did he bring a fire extinguisher? really? show me.

did he ever state his goal was to put out fires? did he do so before shooting three people? show me.

because he can claim anything, but we already know he's a liar on trial for murder, so his claims mean nothing. </document>
		<document> that he wasn’t violating wisconsin gun laws because it’s okay for a minor to carry a rifle unsupervised if they’re…hunting? </document>
		<document> #user# #user# #hashtag# if we killed them now we'd be treating them like they treated ahmaud arbery. </document>
		<document> #user# the workers are going to own the means of production?nnthat sounds....familiar.n#hashtag# </document>
		<document> #user# #user# #user# #user# #user# this is a patently ridiculous response.

of course it helps to have good wrs. the statement was that mac wasn't capable. his time at alabama proves that wrong. </document>
		<document> #user# look at the facts? the fact is that he removed classified documents from the white house. that's not in dispute.

the fact is that it's illegal to do that. that's not in dispute either.

the fact is anyone else would have been arrested.

garland is the weakest pos ag in history. </document>
		<document> #user# just said that removing a federal vaccine mandate would actually decrease resistance to the vaccine.

translation: idiot admits that people are refusing the vaccine just because the govt. has made a mandate for public health purposes. people are evil monsters. </document>
		<document> #user# but the “once lowly” bucs were stacked with talent. it’s not like he was playing with a bunch of nobodies. </document>
		<document> #user# yes. when we take the names of seditious traitors off of military bases, china wins!

wait, what? </document>
		<document> #user# you never tire of people dunking on you with facts and deserved ridicule, do you? </document>
		<document> #user# greatest athlete? c'mon.

he has never been the greatest athlete on any team he has played on. part of what makes him the goat is that he overcomes his lack of athleticism with hard work and determination. </document>
		<document> #user# yeah. that would never happen here!n#hashtag# </document>
		<document> why hasn't individual-1 been indicted yet?

are we all equal under the law or not, #user#? </document>
		<document> #user# trump owns the plane, right? so….why isn’t he doing anything with it? </document>
		<document> #user# 3,000 americans are dying every day now.

because of you. </document>
		<document> #user# i'm not an expert like you, but....mac jones could be a pretty decent fit. especially if they can get at least one speedy receiver on the roster. </document>
		<document> #user# bald guy with a pony tail has things to say about science. </document>
		<document> #user# #user# um...there's absolutely nothing in catholicism about the religious propriety of being vaccinated. nothing.

the pope himself – who, as the voice of god him/herself in catholicism, outranks bishops and archbishops – is a proponent of the vaccine. </document>
		<document> #user# he's batshit crazy. obama warned trump, trump embraced the crazy.

#hashtag# </document>
		<document> #user# he'll have plenty of time to spend with his family after he's disbarred.

you should try to learn to love your kids real quick. you won't be seeing a lot of them after you're indicted. </document>
		<document> #user# it's weird because if you just read the words, she's admitting the #hashtag# of the #user# and is completely and utterly resigned to the fact that she and her colleagues put their #hashtag# and she just doesn't care to defend the constitution. #hashtag# #hashtag# </document>
		<document> #user# laughable.

#user# incites an insurrection and then, when it fails, claims that it's a time of healing and tries to dodge responsibility?

pathetic. </document>
		<document> #user# you lied about a deadly pandemic and 300,000 americans are dead, so far, as a result.

millions of americans are out of work.

millions have lost their health insurance.

you are the worst potus in history. period. not even close. </document>
		<document> #user# who said he was cooked? the team lacked wr talent, as opposed to the bucks who have tons of wr talent. </document>
		<document> #user# ...said the actual racist who ran a racist campaign and promotes racist policies while refusing to resign for being a racist.
#hashtag# </document>
		<document> #user# #hashtag# words!nnlol.nnyou're not worthy of debating. i can keep saying it if you want. no offense </document>
		<document> #user# i an shocked — shocked — that somebody like tom cotton would misrepresent himself. 

#hashtag# </document>
		<document> #user# we voted back in november to send him off.
then the house voted to send him off earlier this week.

he's being sent off. </document>
		<document> ham-fisted dolt #user# trying to manage the most obvious machinations to sideline #user# -- who is smarter, sharper and has conservative bona fides that mccarthy does not -- is really just a necessary task to further his aspiration of becoming speaker.
#hashtag# </document>
		<document> we need to know why acting sedef miller issued the order re: dcng that required his personal approval for their deployment, stripped them of riot gear, etc., mere days before 1/6.

why would he do that? who told him to do that? #url# </document>
		<document> hey #user#! there's nothing partisan about making sure all americans can vote.

conversely, making it harder for targeted groups of americans to vote -- as the #user# is doing nationwide -- is *nothing* but partisan.

why are joining republicans in killing democracy? </document>
		<document> #user# #user# uh oh. somebody's still melting down! #hashtag# #hashtag# #hashtag# #hashtag# </document>
		<document> hey #user#! it's not that anybody is painting the #user# any way at all. it's that the #user# has become the party of racism and white nationalism. 

you allowed that to happen. your approval may not have been vocal, but your inaction and lack of integrity made you complicit #url# </document>
		<document> i find it comical that people like #user# don't understand the urgency required to remove a potus who publicly incited a murderous insurrection.

what's the rush?!? process!!!

it's just irrational. </document>
		<document> #user# you only like this because you know you can't win with ideas or fairness. </document>
		<document> #user# #user# #user# what about afghanistan? what “lie@ did obama tell? 

you don’t really hold people accountable for doing something based on a lie they’ve been told, do you? how about a series of lies? “we know where the wmds are” is a pretty big lie. </document>
		<document> #user# #user# #user# he's not though. because biden isn't responsible for the actions of republicans. they're responsible for their own actions.

republicans are choosing to cover up a coup attempt and they're choosing to suppress minority voters. obstruction is their choice. </document>
	  <document> # user # # user # yes, alternating between silent sobs and insults at the baron. </document>
<document> # user # white is back. I expected Bolden to leave, but thought jj would be White's backup. </document>
<document> # user # losing faith in humanity one idiot at a time. </document>
<document> # user # # user # the us does not operate a state sponsored doping program. </document>
<document> why members of # user # kevin mccarthy and # user # such as # user # obstruct an investigation with threats of retaliation? it seems illegal. and, you know, like they have a lot to hide. </document>
<document> # user # this is definitely not a racist appeal. n # hashtag # </document>
<document> # user # # user # # user # this is a whole conversation based on guesswork. it's kind of funny, right?

patriots passed on wrs who became revolutionaries. we know they are not good at identifying talent. so they may have been wrong to pick an injured pound in the 5th. </document>
<document> # user # lol. if you think there is an alternative standard that absolves your abject stupidity, your problem is bigger than you thought.

wild hypothesis: you are not an epidemiologist, are you? </document>
<document> It's hilarious that fake farmer and accomplice Trump Toady # user # is taking a job at the head of Trump's failed social media experiment which is already under investigation. </document>
<document> # user # # user # posting that map as if it meant something is an announcement of how stupid you are.

people vote, not acres. Trump lost. </document>
<document> # user # # user # it's great how he went to wyoming to announce the first hunger games. </document>
<document> # user # lying is a sin. I don't think going to church will help you until you choose to change your ways. </document>
<document> # user # # user # google is a search engine.
yahoo is a search engine.

do i really have to explain it?

yahoo also creates and curates its own content. google is also involved in other activities.

nor are they of public utility. </document>
<document> # user # I think # user # is taking the whole "bad publicity is better than no publicity" thing a little too seriously.

hard to believe there wasn't a publisher willing to tell that piece of shit that his piece was a piece of shit. </document>
<document> # user # are you crazy because private platforms don't allow people to spread dangerous lies ...? </document>
<document> # user # # user # we are a center-left country. look at the polls on social issues.

also, being more "left" would help us. see where our friends and allies are overtaking us and the policies that have promoted them.

Manchin just wants to continue selling coal. </document>
<document> # user # yes. inclusion and acceptance are exclusionary and hateful. </document>
<document> # user # so ..... is it really fucking real then?

let's see what people in texas have to say about it. </document>
<document> # user # # user # # user # I have more than five times the number of followers you have. so ... a nice possession of yourself </document>
<document> # user # we had it in 2013. # user # and the # user # wouldn't even consider it.

do you remember him, john? the Republicans screwed it up on purpose. still. </document>
<document> # user # lol. Fans of dweeb Bills, who have never won a super bowl, are desperate for a burn. </document>
<document> # user # from the laziest potus in history that was born in money. # hashtag # # hashtag # # hashtag # # hashtag # </document>
<document> # user # # user # the irony of this tweet is absolutely galactic in size. </document>
<document> # user # no Trump has ever done this. especially not Ivanka Kushner. nn # hashtag # # hashtag # </document>
<document> # user # was one of the greatest games of all time. they returned from two 14-point deficits. </document>
<document> # user # It's great that you leave this badge of stupidity to the whole world. </document>
<document> # user # # user # # user # # user # it's funny that people scream at the lack of a back-up plan and then those are the same people who say they should have kept Brady, when the report tells us it was Brady who was pissed about drafting both garapolo and stidham, which were both plans of reserve. </document>
<document> # user # second thoughts? I don't think Manchin has any first thoughts other than how to manipulate the government to make more money for me and my children. </document>
<document> # user # lol.

seriously. the heroes of the alpha centuri battle must be really crazy. </document>
<document> # user # political push?!? Trump has incited a murderous insurrection and an assault on our government. he attempted a coup.

you swore to defend the constitution. if you are not going to, stop and resign.

I will remind you of your role in this every day. </document>
<document> # user # # hashtag # is a talkative propagandist # user # who calls the truth about a self-centered, talkative racist "defamation". </document>
<document> # user # and then bullshit like you, who licked the boots of the worst potus in history, should stop pushing narrative with bullshit like this. </document>
<document> # user # # user # Tampa Bay beat exactly one team headed to the playoffs during the regular season: Green Bay, who scored absolutely on target today. they were unable to overwhelm the wft last week and reached the playoffs with a losing schedule.

the green laurel or the new orleans arrive at the super bowl, not at tb. </document>
<document> def looking in the wrong place. it is not possible that he has been promoted to coach. # url # </document>
<document> # user # children of racists start learning about racism as soon as they are born. </document>
<document> # user # # user # # user # # user # I was using the dictionary definition, which implies an act of defamation, slander or slander. all this involves lying.

truth is the ultimate defense against libel / slander charges in legal matters. </document>
<document> # user # # user # how irony. your lord and master thinks that the constitutionally protected free press is the enemy of the people.

# hashtag # # hashtag # # hashtag # </document>
<document> # user # # user # # user # is a killer. he decided to shoot people. he did. they died. </document>
<document> # user # # user # # user # # user # although infinitely more demanding.

scotus asked congress to reevaluate the vra. then the #user-controlled congress # did ... nothing.

it is not a difficult solution. </document>
<document> # user # # user # sees everything as an opportunity to be a victim.

all that is is a victim. </document>
<document> # user # # user # lol. you have no idea what you are talking about.

tb d is not getting due because Brady is on the team. I don't take Brady's credit, I give it to the defense because they deserve it. </document>
<document> # user # will be lucky to get 3 against a team of burning bills they can't stop while also lacking so many skill players. </document>
<document> # user # # user # # user # # user # fyi: self defense is only a valid defense if you have not sought battle. he clearly sought confrontation. </document>
<document> # user # It is strange that both backups are better than the starter, and flacco probably is too. </document>
<document> # user # what a strange thing to say when voting rights are the subject at hand. do you think democracy is some kind of radical idea? </document>
<document> # user #:

- forgive the killers
- pardoned his cohorts
- sabotaged pandemic aid
- vetoed the ndaa ...
- ... which stopped the increases for our soldiers
- he did so to preserve the names of the Confederate generals
- then he left DC
- then he went to play golf

Merry Christmas America </document>
<document> # user # actually, liar senator, the law in question requires a uniform standard for identifying voters, not the willy-nilly approach adopted by voters' suppressors in Texas approving * some * issued identity papers from the state like weapons licenses, but not * others * like college IDs due to demographic bias. </document>
<document> # user # # user # # user # this is a lame excuse. it completely overlooks the fact that no rational person would have accepted that alleged advice.

no one with a middle school child's reading comprehension would ever believe it. </document>
<document> hey # user #! Please can you bring Flores back to being DC. Thanks. </document>
<document> # user # I am totally shocked that # user # does not understand what was born or how it works and would misrepresent it to the American public as a talking point putin.n # hashtag # </document>
<document> is someone else tired of #user # constantly trying to shut down the government. when they don't control the white house?

it's so obvious and childish.

Republicans have not been interested in royal government in my entire life. </document>
<document> # user # let you do a cameo on fbi just so I can say hello! </document>
<document> # user # # user # # user # who made a mistake, and how?

do you always talk out loud or just about global pandemics? </document>
<document> # user # oa is * definitely * playing solitaire on his computer. </document>
<document> takes a break for # user #. he won't be able to make himself an even bigger ass. </document>
<document> # user # a Trump executive officer screaming at the trampling of constitutional norms is the sound of dying irony </document>
<document> aside from wasting time, what's the point of voting the jury? </document>
<document> # user # when election fraud occurs </document>
<document> # user # # user # # user # Over 80,000 positive tests in one day and you think everything will be fine.

this is why you have to resort to shoe model theft. </document>
<document> # user # # user # voting rights are more important, but you don't care about living in a democracy, so ... </document>
<document> # user # # user # starts thinking you don't read well.

I didn't "penalize" Brady. he threw int and the bucs prevented Green Bay from doing anything with those int.

it is not true? </document>
<document> # user # # user # # user #

it's time to remove this man from office. we can't wait for 20.

this man is a danger to our nation and to her people. this is # hashtag #. this is # hashtag #. this is # hashtag #. # url # </document>
<document> # user # # user # Senator Cornyn supports Trump coup attempt. </document>
<document> # user # # user # lol. zero threatens to treat people who support the constitution like trumps treat a pediatric cancer charity. </document>
<document> # user # this is what smart people call non-sequitur.

but speaking of border security, tell us all why your party killed an immigration reform bill in 2013 that passed the senate with strong bipartisan r
support that includes massive border security updates? </document>
<document> # user # have handled it the same way they handle it (almost) always. they will let the boy test the market. if they can get it back, they'll try. but they probably can't. it will be too expensive. </document>
<document> # user # no name. and if they're big enough to work, they're probably too old for #user # anyway. </document>
<document> # user # # user # lol. yes .... because you promoted the fantasy that the election was fraudulent has nothing to do with the insurrection. # hashtag # nnthis is up to you. this is your fault. You should resign. now. </document>
<document> # user # er… decision? was recorded actually committing the crime. we all heard it. </document>
<document> # user # what a strange thing for # user #, a man who supported and promoted Trump's racist policies, to say. </document>
<document> # user # I wonder if they will ever hire a </document> coordinator
<document> # user # this is the pinnacle of # hashtag # .nn maybe you should do your homework and pay attention </document>
<document> # user # # user # is a democratic republic. being pedantic is a tactic used by those who need to dodge the point. </document>
<documentnt> # user # # user # you can stop kissing his ass. he has lost and now looks to the prison. your political future does not exist today. </document>
<document> # user # his good friends at the German bank always knew he didn't have the money he claimed to have. he never cared why ....?

why were they involved in money laundering?
why were his "loans" backed by Russian money?
because....? </document>
<document> # user # # user # I am shocked that Trump, of all people, wants to discuss foreign affairs. our allies no longer trust us because of Trump. our enemies have been encouraged. he has forgiven war criminals and committed war crimes, and he is also committing crimes against humanity. </document>
<document> # user # # user # belicick, like Brady, is the goat. ask around.

if you can't handle it, it's up to you. </document>
<document> # user # how did this story get through * any * news publisher without serious scrutiny and tweaking?

Florida is among the states adopting the * less * serious approach to the pandemic.

seriously # hashtag # </document>
<document> # user # # user # # user # Did you call me "gringo"? lololol

you are projecting ignorant child vibes. you will have to work very hard to marginalize yourself more than that. </document>
<document> # user # day 62, and you are still a spokesperson for a corrupt and racist liar who incited a murderous insurrection. </document>
<document> # user # # user # # user # # user # well done.

i was just researching myself and still hadn't found a request for the declaration, which is required. </document>
<document> # user # # user # yes. the judges keep saying that your argument has no merit. </document>
<document> # user # is Republican </document>
<document> # user # likes .... separating children from their families </document>
<document> # user # # user # # user # # user # yet haven't you seen any explanatory coverage anywhere? it's shocking. hey, if you want to start informing yourself, google is free.

here is my me of the studies cited in my article. # url # </document>
<document> thinks everyone is a greedy, immoral and immoral sociopath, just like him. # url # </document>
<document> # user # # user # # user # fuck # hashtag # mcconnell.

and sinema can piss you off. </document>
<document> # user #, who paid ** some ** of his many mistresses to keep silent and then lied about it, says Christians who don't support him are "bad" Christians .nn # hashtag # </ document>
<document> # user # how can this person still be authorized to practice law? his only appearances in a courtroom are supposed to be handcuffs. </document>
<document> # user # are you saying that, for example, sudekis didn't deserve to win? </document>
<document> # user # # user # # user # last year they had the heaviest resistance in the league and had just lost the goat to taste.

they went 10-8 with a slew of new players and a rookie to taste, all while facing covid and losing some key players to injury.

not bad. </document>
<document> # user # # user # # user # neil gorsuch is apparently an idiot who can't tell the difference between a crowd in a church or a movie theater and a few people in a bicycle shop. </document>
<document> # user # flynn was captured. and you too. nn # hashtag # # hashtag # </document>
<document> # user # should be back in the White House soon. there are still some of the best Republicans who haven't been infected yet.nn # hashtag # </document>
<document> # user # # user # and # user # would like to move the texas capital to cancun, because ... let's be honest, texas is shit. </document>
<document> # user # # user # what are you talking about? you can't just borrow shit from a museum like rent a blockbuster dvd and then throw it in the back seat to throw it in the safe when you're done. </document>
<document> # user # fans talk about # user # junk give me a shock. Jones had a much better rookie season than Allen's. everyone thought Allen was a failure after his first 2 seasons. # url # </document>
<documentment> # user # # user # but there is no doubt that Brady is the goat. this talk about how this game would decide whether he or Rodgers was the goat was ridiculous.

Pats fans have had 20 years of ridiculous domination. all this soap opera nonsense is boring. </document>
<document> # user # # user # there is nothing more fun than a jet fan saying "have faith". </document>
<document> Warning: The same people who thought Trump jovially throwing rolls of paper towels at desperate Americans in Puerto Rico was enough response to a devastating hurricane are preparing to criticize Biden no matter what. </document>
<document> # user # # user # I think you're an intellectual tomato can and she'll gut you. you are crazy if you think discussing aoc is a good idea. </document>
<document> # user # how many mcribs have you crammed into your lair tonight? </document>
<document> # user # Congress makes laws, doesn't enforce them.

I'm shocked - shocked! - that a fan and a conservative intellect like # user # don't understand how the constitution works. </document>
<document> # user # # user # is almost certainly the first congressman to ignore basic food safety and give a group of people food poisoning when they ate food from his restaurant.

the rules are for suckers, though. </document>
<document> # user # # user # # user # is what it is </document>
<document> wow # user #! do you think the civil war was about refusing to accept Lincoln's election ?? nnholy shit </document>
<document> # user # # user # # user # and again, self defense is not a viable defense if you put yourself in a situation.

Kyle Rittenhouse did exactly that. purposely. with a gun and a desire to be a vigilante. </document>
<document> # user # uh .... "victory" cruise?

lol. </document>
<document> # user # # user # # user # # user # words have meaning. there have certainly been better athletes who have been so dominant in their own way. bill russell. serena williams. Michael Phelps, perhaps.

this is a stupid topic to have. </document>
<document> # user # mike flynn who goes out with putin? that Flynn mic? </document>
<document> # user # these reports mean nothing. we will soon know where he landed. </document>
<document> crazy question: why should we make concessions about our willingness to allow Russia to invade another country?

what kind of mobster is that? </document>
<document> # user # you can't be surprised. three of these judges accepted an appointment after Garland was denied constitutional trial on purely partisan grounds. if they had any integrity they would have insisted that the wreath receive its due consideration. they politicized the court. </document>
<document> # user # I'm sure all Republicans who have been arrested for voting twice think it's pretty difficult. </document>
<document> # user # confession under duress. Your suspect just got acquitted. </document>
<document> # user # lol.
1. it is.
2. he was.
3. they don't.
4. the insurrection against the constitution is the opposite of unity:
5. Trump lost.
6. you suck. </document>
<document> # user # # user # warned us against greed and inhumanity and even false idols. # hashtag # </document>
<document> # user # # user # # hashtag # nndude. so far you have failed on "we" and "projection". your stupidity reaches three? what's the next step? nn why don't you fix something. I'll be here to eat your lunch. </document>
<document> # user # .... about you and your bullshit.

why don't you say when you talked to Trump on 1/6? your phone recorded the time and duration of calls, gym. "I don't remember" is not a valid excuse, insurrectionist. </document>
<document> # user # # user # helped create the gop cult, as did boehner. </document>
<document> # user # more jobs.nnyeah better stock market.lower credit card debt.higher wages.nue.new very low unemployment claims.nnyeah </document>
<document> # user # Aren't they the same people who killed and hacked a reporter with a bone saw? theyAre you angry about ... barbaric actions? if that's okay than NNIT </ document>
<Document> # # # user user # look at the card. there are several players that might work. there were a couple of 4.3 subs to combine. there are players from Alabama. </document>
<Document> # user # Are you angry that I said the jets were among the worst organizations in professional sports?

because I think the statement is not really questionable. </document>
<Document> when # # user is right, he is right.

Steve "there * is * such a thing as a stupid question" doocey is unprofessional makeup. </document>
<Document> # user # # user # is naive enough to think that once the men with trucks and guns show up to take over voting machines and move them to any secret locations in the legal system he would have a chance to act - or act fast enough - to alter that course. </document>
<Document> # # user I don't think it's going to work for you, dude. </document>
<Document> # # # user user # # # # user user # # # # user user # # # user _johnson no, it doesn't.

He acknowledges that up until now, deserving people have been held in that position based on the mere color of their skin.

and yes ... washing away the racist bullshit should be recognized and celebrated. </document>
<Document> fine, # # user. not only was it successful given a neat and complete transition (no one but # # user is to blame for its lack of preparation), it was also given a pandemic playbook.

but, you know, he was incompetent so it was all for nothing. </document>
<Document> # # user remember that time caught committing real estate fraud and your father bought out the attorney?

I want. </document>
<Document> # # user no one is pushing for war except Putin. </document>
<Document> # # # user user # maybe he is letting # user # do his job (which his predecessors didn't), while doing him (because his predecessor didn't).

He has the trump disasters to clean up, after all. </document>
<Document> # user # # user # I don't know anyone else whose goal is to look like a wax figure. </document>
<Document> # # user who were building a fence, not a wall. and he would never be competed in your life. and more and more illegal immigrants arrive at airports. why don't you care about this? or the Canadian border? # hashtag # </document>
<Document> # # user Scoto ***

* Gorsuch, venue held open for 400 days. he lacked the integrity to insist that Garland get the cause of him.

** Kavanaugh, unskilled and poorly tempered and elevated without proper sifting.

*** coney Barrett, rushed to the bench in the midst of a previous election breakup. </document>
<Document> # # user you have no intention of treating them as special </ document>
<Document> # #user is weird because if you just read the words </ document>
<Document> # # users are you suggesting any kind passport vaccinated people might have to prove they are vaccinated and therefore don't need a mask?

interesting concept. </document>
<Document> # # breaking user: asshole announces he'll be wasting money stupid people sent him after first helping three people to death with a gun. </document>
<Document> # # user yes, fucking with the USPS it was over the limit. but ... you lost anyway. </document>
<Document> # # user himself Doug Collins who voted for the select committee on Benghazi </ document>
<Document> # # user has lost despite questioning the integrity of our system as of 2016, even though his campaign has worked with Russia to get elected.

 if you want to protect the integrity of our system now, you take the loss and participate in a peaceful transition of power. </document>
<Document> # # # user user # 2006 hm. since then one person in other-than-white has been elected as president. I wonder if this has anything to do with it. </document>
<Document> # user # # # user okay </ document>
<Document> # # user was your father </ document>
<Document> # #user because it was all about equality.

the patriots should get their first pick again.</document>
<document> # user # # user # # user # # user # Trump killed 450,000 Americans. real human beings. you are ready to hold him accountable. </document>
<document> # user # why wasn't he indicted for the crimes that sent Cohen to jail? </document>
<document> # user # # user # # user # hey # user #! he's a republican, right? well, nowadays, that's pretty much a guarantee that they don't give a shit about democracy or the constitution.

You have no excuses. </document>
<document> # user # # user # It's hilarious how everyone has state rights until they are and how they are all small governments until they are.

we are originalists! follow the constitution! oh wait .... no. you see, why ... it didn't work for us.

count all the votes! stop the count!

Fing children. </document>
<document> # user # Did Billy Carter ever imply that if you bought / drank his beer you might expect any kind of consideration from the federal government? not to my knowledge.

Jared Kushner's sister? Yes, absolutely. </document>
<document> # user # You are actively covering up a coup attempt less than a year ago. </document>
<document> # user # yes. a movement to prosecute seditious traitors. lawyer up. </document>
<document> # user # for some reason, they felt perfectly comfortable telling the white cop about all the crimes they committed. strange. </document>
<document> # user # # user # # user # Blaming the bank for what the bank robbers did seems stupid.

but sure ... let's find out why the Trump administration ordered a change in the deployment protocol for dcng just days before their planned uprising. I think it's a great idea. </document>
<document> # user # still know? i know cell phone coverage isn't great on the golf course.
# hashtag # </document>
<document> # user # ask Scotus to deny the people's will. you are asking for autocracy and civil war. </document>
<document> # user # # user # yes, we call it "vote counting" or "democracy". </document>
<document> # user # who is this "we" joe of a talking about? had he officially joined the racist caucus? </document>
<document> # user # # user # # user # # hashtag # anyone who doesn't read and ask people to google it is judging me harshly! </document>
<document> # user # you got off the plane for "fortunate son", a song about how the children of rich / connected people managed to escape from vietnam.nnjust. such as. You. # Hashtag ## hashtag # </document>
<document> wow. # user # just said on # user # that "the country should hold him (trump) accountable" not the senate.

hey idiot! has already lost the election!

if the murderous insurrection against the constitution is not enough for #user # to impeach a Republican, what is it?!?! </document>
<document> # user # # user # is an overreaction. bourne actually had a pretty good season, but he was basically wr1 in terms of production for petting, but his abilities and stats are not at wr1 level. </document>
<document> # user # # user # brought a fire extinguisher? truly? let me see.

Did he ever claim that his goal was to put out fires? Did he do it before he shot three people? let me see.

because he can claim anything, but we already know that he is a liar on trial for murder, so his claims of him mean nothing. </document>
<document> that he was not violating Wisconsin gun laws because it is okay for a minor to carry a shotgun unsupervised if he is ... hunting? </document>
<document> # user # # user # # hashtag # if we killed them now we would treat them as they treated Ahmaud Arbery. </document>
<document> # user # Will the workers own the means of production? nnche sounds .... familiar.n # hashtag # </document>
<document> # user # # user # # user # # user # # user # this is a patently ridiculous answer.

obviously it helps to have some good wrs. the claim was that the mac was not capable. his time in Alabama turns out to be wrong. </document>
<document> # user # look at the facts? the fact is, he removed the confidential documents from the White House. this is nnot in question.

the fact is that it is illegal to do so. this too is not up for debate.

the fact is, everyone else would have been arrested.

garland is the weakest pos ag in history. </document>
<document> # user # just said that removing a federal mandate for the vaccine would actually decrease vaccine resistance.

translation: the idiot admits that people refuse the vaccine just because the government. issued a mandate for public health purposes. people are evil monsters. </document>
<document> # user # but the "once humble" bucs were full of talent. it's not like he's playing with a group of anyone. </document>
<document> # user # yes. when we remove the names of the seditious traitors from military bases, China wins!

wait what? </document>
<document> # user # you never get tired of people dunking you with facts and deserved ridicule, do you? </document>
<document> # user # greatest athlete? Come on, come on.

he has never been the greatest athlete in any team he has played for. part of what makes him a goat is that he overcomes his lack of athleticism with hard work and determination. </document>
<document> # user # yes. this would never happen here! n # hashtag # </document>
<document> why hasn't individual-1 been indicted yet?

are we all equal by law or not, # user #? </document>
<document> # user # Trump owns the plane, right? so ... why isn't he doing anything to us? </document>
<document> # user # 3000 Americans are dying every day now.

because of you. </document>
<document> # user # I'm not an expert like you, but .... mac Jones might be a pretty decent solution. especially if they can get at least one fast receiver on the roster. </document>
<document> # user # bald guy with a ponytail has things to say about science. </document>
<document> # user # # user # um ... there is absolutely nothing in Catholicism about religious correctness being vaccinated. nothing.

the pope himself - who, as the voice of god himself in Catholicism, surpasses bishops and archbishops - is a supporter of the vaccine. </document>
<document> # user # is crazy shit. Obama warned Trump, Trump embraced the madman.

# hashtag # </document>
<document> # user # will have all the time to spend with his family after being disbarred.

you should try to learn to love your children very quickly. you won't see many after being indicted. </document>
<document> # user # is weird because if you only read the words, she is admitting the # user # hashtag # and is completely and totally resigned to her and her colleagues putting their # hashtag # and she just ago I'm not interested in defending the constitution. # hashtag # # hashtag # </document>
<document> # user # ridiculous.

# user # incites an insurrection and then, when it fails, says it's a time of healing and tries to dodge responsibility?

pathetic. </document>
<document> # user # you lied about a deadly pandemic and 300,000 Americans have died as a result so far.

millions of Americans are out of work.

millions of people have lost their health insurance.

you are the worst potus in history. period. not even close. </document>
<document> # user # who said he was cooked? the team lacked talent, as opposed to dollars which have tons of talent. </document>
<document> # user # ... said the real racist that he ran a racist campaign and promotes racist policies by refusing to resign for being a racist.
# hashtag # </document>
<document> # user # # hashtag # words! nnlol.nyou is not worth discussing. I can go on saying that if you like, no offense </document>
<document> # user # I am shocked - shocked - that someone like Tom Cotton has misrepresented himself.

# hashtag # </document>
<document> # user # we voted back in November to send him away.
then the house voted to expel him earlier this week.

he is expelled. </document>
<document> iron-fisted idiot #user # trying to manage the most obvious machinations to put aside #user # - who is smarter, sharper, and has conservative bona fides than mccaryour not - it's really just a necessary task to further his aspiration to become a speaker.
# hashtag # </document>
<document> we need to know why the Sedef miller as agent issued the re: dcng order requiring your personal approval for their deployment, stripping them of riot gear, etc., a few days before 1/6.

Why would he do it? who told him to do it? # url # </document>
<document> hey # user #! there is nothing biased about making sure all Americans can vote.

on the contrary, making it harder to vote for targeted groups of Americans - as #user # is doing nationwide - is * nothing * but partisan.

why do they join republicans to kill democracy? </document>
<document> # user # # user # uh oh. someone is still melting! # hashtag # # hashtag # # hashtag # # hashtag # </document>
<document> hey # user #! it's not like anyone is painting the #user # in any way. is that the #user # has become the party of racism and white nationalism.

you allowed that to happen. your approval may not have been vocal, but your inaction and lack of integrity made you an accomplice # url # </document>
<document> I find it comical that people like # user # do not understand the urgency required to remove a potus who has publicly incited a murderous insurrection.

What's the rush?!? processes!!!

it's just irrational. </document>
<document> # user # you only like it because you know you can't win with ideas or fairness. </document>
<document> # user # # user # # user # and Afghanistan? what did “lie @ Obama?

you don't really hold people responsible for doing something based on a lie they were told, do you? how about a series of lies? "we know where the wmds are" is a pretty big lie. </document>
<document> # user # # user # # user # is not though. because biden is not responsible for the actions of the Republicans. they are responsible for their own actions.

Republicans are choosing to hide an attempted coup and are choosing to suppress minority voters. the obstruction is their choice. </document>