 
	<document> #user# #user# no doubt about it: the joooos. muslims wd never kill muslims. #hashtag# </document>
		<document> #user# #user# #user# #user# #user# #user# #user# #user# ken roth </document>
		<document> #user# #user# no idiot. it's not okay. but when they're trying to kill mine, and hide behind theirs, there's not much choice.
"it's okay for me to accuse israel of killing pn kids, but not hamas who not only assures they will be killed, but... kills them straight up." </document>
		<document> #user# #user# maybe what it's aimed to do. why does "our" country want to let in such corrupting immigrants?
/s </document>
		<document> #user# #user# #user# #user# i don’t think you know what that word means. this is most definitely about culture. and you’re on my thread. </document>
		<document> martin amis famously asked a crowd of london glitterati if they felt morally superior to the taliban. ⅔ said no. he forgot to ask if they felt morally superior to israel. 100% wd have said yes.

#url# </document>
		<document> #user# #user# i wd never criticize another culture!
why? 
bc to compare them to the west by progressive standards wd utterly humiliate them and take all the wind out of my urgent reformist (millenarian) sails. </document>
		<document> #user# #user# when any pushback is unacceptable, even an invitation to debate is harassment. </document>
		<document> terrifying
facebook puts soros, muslim brotherhood, activists in charge of censorship #url# </document>
		<document> let me guess. because if hamas is a terrorist organization, so are they.

why does the pa/plo reject the designation of hamas as a terror organization? | pmw analysis #url# </document>
		<document> #user# #user# &amp; if un had had the balls, they wd have suspended arab participatn until they recognized israel, created on the basis of a democratic vote of the members. instead, they let them stay &amp; today the un is a majority of dictatorships who systematically betray its founding principles. </document>
		<document> #user# impressive humanitarian racism
what choice do they have (ie they have no moral agency, on desperate and vicious reactions to injuries you inflict). </document>
		<document> #user# it's okay. habash just killed jews. #hashtag# #url# </document>
		<document> #user# #user# #user# #user# what’s not? </document>
		<document> #user# light dawns slowly over the partisan mind. </document>
		<document> #user# pot. kettle. black. w all the nazi/apartheid accusations against israel. 
but i agree. racism is an overused accusatn. more like humanitarian prejudice...
but if u cd just answer w/out returng the accusatn, don't you think yr v low expectatns of arabs reflects a certn prejudice? </document>
		<document> #user# if human rights advocates ignore the #user#'s obsession with israel, it's rank dishonesty both in indicting israel and exculpating the pns, then they, like ken roth, will be open to accusations of hypocrisy and practising a double standard in the middle east. </document>
		<document> #user# fighting racism with racism: it's sort of like cleaning up with paint. </document>
		<document> #user# #user# #user# #user# it helped that the romans killed over 1 million in the 135 rebellion </document>
		<document> what's next? our journalists will make sure your eyes are covered. #url# </document>
		<document> #user# #user# i was referring to halimi's killer
sorry, forgot my /s </document>
		<document> #user# identification with the pretender </document>
		<document> #user# #user# got 1000 bce wrong.
more like 10,000 bce (pre-agriculture), and once you got past childhood alive, you had a good chance of even making 60. esp if, as a woman, you survived childbirth. </document>
		<document> #user# #user# policies tailored to suit an agenda.
question is, what agenda and how loopy? </document>
		<document> #user# #user# #user# or bending the knee to the zeitgeist. 
seth apparently doesn't know that one reason israel was created was so jews cd walk upright (kommemiyut l'artzenu).
which is why some of the folk already there found their presence so unbearable.
#hashtag# </document>
		<document> #user# there's comfort in numbers
#hashtag# is easier than solitary integrity </document>
		<document> #user# oops. i'm talking to the wrong person. sorry to disturb your vitriolic narrative. </document>
		<document> #user# #user# bit juvenile, no? surely a man of your wit cd have come up with something better. </document>
		<document> exclusive – project wiki – how wikipedia is breeding armies of antisemites #url# </document>
		<document> #user# started in oct 6, 2000 w cries of "death to jews" at a rally about #user#. the "anti-racist" groups (mrapp) present either joined in or said nothing. 
journalists did not report it.
by 2014, anti-israel rallies featured hours of the same chant, followed by attacks on synagogues #url# </document>
		<document> #user# #user# #user# #user# #user# #user# #user# #user# #user# #user# #user# #user# #user# that's not how it sounds. if it's a list of worthy names, it's valuable, altho not as valuable as it wd be if we knew how the list was compiled </document>
		<document> #user# dupes of #hashtag# </document>
		<document> and the media/hrngos/"progressive" activists not only can't tell the difference, they invert them.

#user#, there is jewish and there is arab violence #url# via #user# </document>
		<document> ouch.
jesus will return when christian ecumenical organizations condemn violence against christians with the same force with which they lament the necessity of jewish self-defense.
#user#, not any time soon...
#url# </document>
		<document> #user# need audio copy. they won't read it.
buber, after coming to israel, was asked how his hebrew was.
"good," he replied, "just not enuf to be obscure in." </document>
		<document> #user# #user# i also give my thanks and gratitude to the western media for reporting our cooked statistics and then blaming israel for the deaths in gaza. it has made our sacrifice of them worthwhile. if we had been blamed, it might have backfired. all praise useful infidels. </document>
		<document> #user# #user# #user# #user# #user# #user# #user# #user# it looks like they used google translate </document>
		<document> #user# but i, as a gay, defend your right to do that to my fellow gays. look how open i am! #hashtag# </document>
		<document> #user# 2/2
in addition to the fundamental folly of his thinking israel built and maintained those camps rather than the arabs (best enemy, worst friends),
there are many today who think this is still a good "description" of those camps. </document>
		<document> #user# and my old institution has given this guy eli wiesel's chair. </document>
		<document> #user# #user# now do it, and get someone to interrupt you and say to the students: do you hear what he's saying? how can you think that's okay?
i shudder to think what they'd say. </document>
		<document> “believe all women” is dead... collapsd undr its own rottn contradictns. along the way, it did more to silence genuine victims of sexual assault &amp; poison relatns btw sexes than any supposd sin of patriarchy.
joe biden brought #hashtag# movt &amp; is collapsg w it #url# </document>
		<document> #user# anything to piss off israel no matter how degrading </document>
		<document> #user# an attitude possibly admirable, also possibly encouraging of the victim industry.
is skepticism about some claims ruled out a priori?
al chet that i ever doubted any victim claim!?! </document>
		<document> #user# #user# you know you're in for a but when the good rabbi's sentence begins reasonably... </document>
		<document> #user# #user# like the guy added to the bus in color.
sort of a salvador dali kind of thing, i guess. </document>
		<document> #user# #user# #user# if you're offended by a few crowds shouting that (as am i), are you not offended by pn media - religious and secular - shouting "death to jews everywhere" from the pulpit, on tv, at official rallies? </document>
		<document> #user# #user# #user# #user# cd you be specific on what you're thinking of. i'm willing to bet that 98% of it is not accurate? who do you get your info from? </document>
		<document> ah the ironies of #hashtag#-poco: no truth gives birth to new truth:
"they do not believe that truth is something that we can find together, but rather that it is something they possess &amp; can impose on others"

stanley fish and the argument against free speech #url# </document>
		<document> #user# #user# #user# #user# #user# #user# #user# #user# #user# #user# #user# #user# #user# #user# #user# #user# #user# #user# #user# #user# #user# #user# #user# #user# point is that arabs were among most ferocious (&amp; successful) imperialists in history. they r not indigenes, they r imperial, &amp; much of arab islam’s triumphalist religiosity (wh eg can’t tolerate independent infidels (jews!) in dar al islam is a direct expressn of that imperialism </document>
		<document> #user# a white racist made up this meme.
/s </document>
		<document> #user# #user# #user# conditions? change in culture change in leadership. nothing less </document>
		<document> #user# #user# in my opinion, no. hen, what say you? </document>
		<document> #user# #user# and nothing on how the “not riots” of summer 2000 are openly referred to as riots by this “spokesman” </document>
		<document> i just uploaded “cnn 190521 1808 b anderson interviews s haskel.mp4” to #hashtag#: #url# </document>
		<document> #user# don't start trying to correct rhetorical inflation... you can never swallow that ocean. </document>
		<document> #user# great blindspot of #hashtag# - think israel's the problm &amp; were it to a) disappear or b) create +1 muslim majority state w terror infrastructure, that wd bring peace.
don't understand that hostility to israel part of larger problem of arab belligerence
oops, i #hashtag#. </document>
		<document> #user# #user# #user# who turned al aqsa into a riot center? </document>
		<document> clearly, if govt wd just nationalize egg industry run by bureaucrats instead of filthy capitalists, we’d all have plenty of eggs to eat at way cheaper prices.

ags from 3 states going after farmers &amp; market forces kept staples on shelves amid pandemic
#url# </document>
		<document> falsely believe that trump called neo-nazis and white supremacists “good people” when in fact he clearly condemned them (see #url# for the entire transcript: #url#). </document>
		<document> #user# i can understand "far more understandable..."
the "far less reprehensible" is far less understandable... </document>
		<document> #user# #user# #user# #user# can u blame him? jews r just so annoying. #hashtag# </document>
		<document> #user# because his hatred is a projection onto israel of what arabs do to arabs. </document>
		<document> #user# #user# #user# ooooh noooo! what will the "social justice warriors" say about the end of israeli democracy? #hashtag# </document>
		<document> lol. it's probably cause the script was written by jews. #hashtag#  #url# </document>
		<document> #user# #user# if only bc the jews have the nerve to boycott baseball </document>
		<document> #user# #user# is that new item per casualty, so israel has 146 items per casualty?
nice update of virgil hawkins, stealth conflicts:
#url# </document>
		<document> #user# #user# #user# #user# you shd read hillel cohen, army of shadows. there were many arabs in palestine who much appreciated the improvements the zionists brought (huge arab immigration in those yrs). most of their leaders (eg the nashashibi) were assassinated by the husseinis (to wh clan arafat belongd) </document>
		<document> #user# #user# #user# yeah, but in the case of the soviets it took ¾ of a century </document>
		<document> #user# because they have an office... wdnt want it attacked. wd we? </document>
		<document> #user# it's complicated. your green map is of muslim majority nations and we all know islam is highly variegated. #hashtag# </document>
		<document> #user# stop whining. don't you know? it's just legitimate criticism of israel.nsigh... you jews. sooooo sensitive. why can't you be more like the palestinians, who take criticism in stride?n#hashtag# </document>
		<document> #user# here's a cloying post-truth journalist from france24 interviewing the film-maker and slobbering over her "higher truth"
#url#

#user# </document>
		<document> #user# discrimination, in context, is actually a positive act. but then... it gets into such things as merit, and we all know that's a synonym for privilege.
/s </document>
		<document> #user# #user# #user# i look forward to their rebukes (not yours, who gets it).
i thought of putting a /s, but then thought, elder will get it, which he did.
than come the sarcasm police... </document>
		<document> #user# can the whole world (and many jews) be wrong and a few (right-wing) israelis be right. don't be silly, you're delusional. #hashtag# </document>
		<document> #user# #user# ah, the cascade of unintended unforeseen consequences... </document>
		<document> #user# #user# #user# #user# #user# #user# #user# so what happened to the stuff about cair and sarsour? </document>
		<document> #user# gotcha. if you have articles to recommend on the topic, do post their urls. </document>
		<document> #user# #user# #user# like a fear of being replaced </document>
		<document> #user# #user# #user# #user# #user# #user# #user# as-a-jew, i cannot sign something denouncing my people's dedicated (and deranged) enemies. 

it just wdn't look seemly. too tribal.

#hashtag# </document>
		<document> #user# #user# explain how you know it’s fake </document>
		<document> #user# nothing more impt than this.
// to nero fiddling (klezmer) while eu burns </document>
		<document> #user# i know. let's give arafat a foothold in disputed territories. if he turns it into a terror state israel will be in a better position to... </document>
		<document> #user# also? in other words, your foolish obsessions, which are why you're still w/out state, trump (pun intended) your concern for the lives of your people. 
good work, saeb, history will remember you fondly. </document>
		<document> #user# #user# #user# you can't subject children to genocidal hate all their lives without some of them cracking.
#user# </document>
		<document> #user# #user# #user# #user# #user# yes i am. do you really think that if the idf targeted pn children they'd kill so few?
you know how many children have been killed in 10 years of war in syria, vs. 70 years of war btw israel and her neighbors. </document>
		<document> #user# leave it up to #user# to take barak ravid seriously. </document>
		<document> #user# my bet is democrats wd rather take this than trump's snakeoil </document>
		<document> #user# #user# whatever the source, the reaction is pure envy. </document>
		<document> #user# #user# #user# why did, suddenly, gunfire ring out?
(love that intransitive verb)
the #hashtag# was the catastrophe brought on arabs in palestine by arab leaders who, thinking they'd easily win, declared a war of extermination... &amp; lost.
hey #user#, how about craving dignity rather than revenge? </document>
		<document> #user# #user# not muslims, you #hashtag#, "central asians." #hashtag# </document>
		<document> #user# #user# #user# glad you know how ppl you hate feel about themselves. </document>
		<document> #user# #user# ummm, not sure on the first two, but the third? definitely not. everyone knows those jews are liars. #hashtag# </document>
		<document> #user# #user# sorry shd have added #hashtag#. meant that some, fearful of muslims, wd attack this graphic for angering them. not i. </document>
		<document> #user# precisely. how dare they. </document>
		<document> astonishingly bad partisan journalism

all about trump's many vulnerabilities, biden only mentioned on offensive
not a word of his problematic behavior.
#hashtag# w #user# as either patsy or player.
either way it's not journalism
#hashtag#

#url# </document>
		<document> #user# toilet paper normally doesn't come with a warning to consumer: consumption may be hazardous to one's cognitive health. </document>
		<document> 7:40 "but that will probably never happen because democrats don't go anywhere these days where they're not being pre-adored."

new rule: bill maher the messaging czar | real time (hbo) #url# via #user# </document>
		<document> #user# #user# #user# glad to know you know what i care about, i’m sure. </document>
		<document> #user# i like the math: a dozen evictions = ethnic cleansing. </document>
		<document> #user# #user# we inadvertently hunt for them.
you'd think they'd show some gratitude... but no, try dropping dead in front of them and see what they do... </document>
		<document> excellent, somewhat predictable thread by #user# on thread reader app #url# </document>
		<document> #user# u'v got my stuff right.
as to h, he's clearly in rhetorical overdrive, but he seems to have drivn u 2 off cliff. tone it down &amp; sound more convincg.
there is a problem w #hashtag#, that science can't handle. we don't know future (or w #hashtag#, present); anythg we say is conjecture. </document>
		<document> #user# the latter being a gift to oneself? </document>
		<document> #url#
altho i agree with the analysis, i do think the either or of temper tantrum and (frustrated) triumphalist muslims is mistaken. /2 </document>
		<document> it’s 6 months since #user# published my article on the oslo "peace" process disaster and shame-honor culture #url# </document>
		<document> #user# #user# #user# an astonishing example of how tone-deaf the israeli left. </document>
		<document> #user# #user# it's not meant to be taken literally (in that sense, like gender), it's refers allegorically to everybody in the privilege business. </document>
		<document> #user# priorities man. we're saving democracy here. /s </document>
		<document> #user# wow. that's impressive. not particularly austere, but definitely deplorable. </document>
		<document> #user# #user# #user# sounds like it’s the only reason you liked him </document>
		<document> geller: “steel yourself for the ‘fear of reprisal’ propaganda &amp; ‘islamophobia’ lies.”
spencer: "establishment media will use it to hector americans abt ‘islamophobia.’”

not everyday that an article cites as deplorable passages that predict the article.

#url# </document>
		<document> #user# don’t forget america-hating. in other words the full package of vicious insecurity </document>
		<document> #user# iow: "i remain hopeful that despite my disgusting remarks which revealed my sheer contempt for history and jews, that i can continue to slander israel in slightly less obvious ways." hopefully, earnestly, completely cluelessly yours, po'b </document>
		<document> #user# #user# #user# #user# so far, our guy's son. but only time will tell. </document>
		<document> #user# #user# my mistake. that's a more recent talk i gave at isgap.
for the text behind my earlier talk that you did ask about, here's the link to the article by that name;
#url# </document>
		<document> #user# of course when you declare someone else a mortal enemy, lose repeatedly in efforts to destroy that enemy, &amp; then the enemy doesn't treat you like a best friend (or better a conquerer), &amp; you call *that* dehumanization, it really illuminates little but your megalomanic self-pity. </document>
		<document> #user# good insight into how the anti-zionist bubble creates a shameless culture. </document>
		<document> #user# an old story, part of their cannibalistic strategy that only works if the western media cooperates.
#url# </document>
		<document> bassem, one of the few people to criticize palestinian rulers, nails it. the woke crowd screams "uncle tom" to hide its own cowardice and denial. 
#user#  hamas, not israel, is to blame for the latest bloodshed #url# via #user# </document>
		<document> #user# #user# #user# #user# #user# as a palestinian friend put it: the palestinians have the worst friends and the best enemies. </document>
		<document> #user# #user# #user# #user# aletheiaphobia (fear of the truth) </document>
		<document> #user# muslims imperialist? what is karsh, an #hashtag#? #hashtag# what abt the anti-imperialist alliance of the #hashtag# and #hashtag#? </document>
		<document> #user# #user# in other words fulfilling the conditions of #hashtag# even as they dismiss it as a silly conspiracy theory... </document>
		<document> #user# #user# #user# oh, i see. the arabs who tried to destroy the state in its infancy, aspiring openly to finish hitler's job... the israelis  somehow "considers them to be 'endangering' the state." how utterly ridiculous of them! </document>
		<document> #user# disproportionné. but you wdn't be suggestg that the french have responded excessively to the protests. after all, it is their citizens. israel's sin is to fight enemies... come to think of it, muslim enemies. that's the no-no. #hashtag# </document>
		<document> #user# no y'r not. y'r coverg for a leadership that wants not freedom but dominion (ie takg away others' freedom), &amp; y'r tryg to convince the west that y'r the victim bc so far u haven't succeeded in gettg what u want. if pns really wanted freedom &amp; dignity, they'd have had it long ago </document>
		<document> impt thread on #user#'s dishonest hit piece
#url# </document>
		<document> #user# is there anything here on how press lack of credibility undermine democracy? </document>
		<document> #user# #user# damn jews making it sooo hard to hate them!
/s </document>
		<document> #user# hoping for a more receptive audience for his suicidal advice. </document>
		<document> #user# wrenchingly caught btw their progressive principles (save innocent lives) and the insanely anti-israel dogmas of their leftist bedfellows. #url# </document>
		<document> stephen shoemaker is one of the best scholars on early islam. here's a review by #user# on his latest: a prophet has appeared #url# </document>
		<document> #user# #user# #user# and how do suicide bombers feel when they *kill* kids? </document>
		<document> #user# but she's misunderstood, man. have you no pity for the poor girl... just cause she misunderstands, doesn't mean you have to pick on her.
/s </document>
		<document> #user# #user# #user# "experts" in misreading the conflict over the land btw the river and the sea. </document>
		<document> #user# #user# #user# #user# #user# i'm sorry. anyone who supports the pn cause is supportg people who target children. the very idea that you can accuse israel of not caring abt children when pns so want to kill israeli children they don't care if they kill their own, is staggering hypocrisy. #hashtag# </document>
		<document> omg! you mean those evil settler colonialist zionists pioneered in malaria eradication, a model for today's africa?
damn. that doesn't fit the narrative, now does it?
draining the swamps #url# </document>
		<document> #user# they're into shaming people, not patient explanation. </document>
		<document> #user# #user# actually need to take it back to 2000 when the left (which had previously shown limited interest - 0 at seattle 1999), suddenly adopted the pns as thr leadg cause. buruma in 2003: support for pns (at the height of suicide terror campaign) is a litmus text of liberal credentials. </document>
		<document> #user# #user# #user# guilty as charged. </document>
		<document> #user# #user# jews, they just can't take the heat. #hashtag# </document>
		<document> #user# #user# #user# can't afford to see; they're stoking the flames. </document>
		<document> your sneering smug ridicule identifies you as an islamophobe. saudis are true muslims, hence, peaceful #hashtag#. #url# </document>
		<document> #user# #user# of course woke is a term for all those who get outraged at the things they don't like... </document>
		<document> #user# i'm sure it's because they support the two-state solution like the jewish members of bds. #hashtag# </document>
		<document> #user# #user# leadership seems helpless to resist. déboussolés (uncompassed), morally adrift
they mistake as honesty (look at self-critical me), when they are contributing to the growg incitement against their own.
it matches, in a passive way, pn leaders' willingness to sacrifice their people </document>
		<document> #user# #user# no matter how well intentioned, will biden be phaeton driving the chariot of the sun? </document>
		<document> this isn’t a partisan issue. “the percentage of democrats who are worried about speaking their mind is just about identical to the percentage of republicans who self-censor: 39 and 40%, respectively,” gibson and sutherland report. </document>
		<document> #user# #user# #user# #user# #user# #user# #user# #user# #user# looking forward.
so they're on the path from '89, involved in the wind-up to durban in the '90s, and then flourish in the aughts? </document>
		<document> #user# #user# manomanoman. the rhetoric's something of a giveaway. serious scientists making serious points, don't talk about baloney. </document>
		<document> #user# #user# alas, israel stands by while pn preachers spout the most disgusting stuff. </document>
		<document> because only white supremacists kill people of color. #hashtag# #url# </document>
		<document> they are the chosen victims. how dare the ukrainians steal the limelight? and make them look bad in the process? unbearable. #url# </document>
		<document> #user# what i like is he doesn’t even care that in the case - allah forbid - that it happens, no one will be able to stop the slaughter. </document>
		<document> #user# #user# and you really think this is the way to end jew-hatred? </document>
		<document> everyone knows the muslims are the victims. what's ur prob man? #hashtag# #url# </document>
		<document> #user# #user# no precisely. the perfect storm of lethal journalism whipping up jihadi anger, ngos whipping up "progressive" indignation. this started with the sharon visit in 2000.  hence, i call it:
#hashtag# - when jihadis attack a democracy, blame the democracy </document>
		<document> #user# failure to appear will result in being stuck in the present. </document>
		<document> #user# thanks </document>
		<document> #user# he's a schoolyard bully. not going to change. it wins him points with his gang. </document>
		<document> #user# #user# sure she does. she went to bu. (nb: i taught at bu and don't know what they mean.) </document>
		<document> #user# #user# #user# #user# #user# and it burns the hell out of them that israel liberates you. </document>
		<document> #user# #user# #user# #user# #user# only by the definition of people who abuse the term in order to silence legitimate critics of judaism.
donchaknow?
/s </document>
		<document> #user# 1) massive diff btw what israeli govt/idf do and what news reports. lethal journalism mainstreams jihadi propaganda.
2) whereas ppl refuse to make any connectn btw muslims &amp; jihadi behavior, they readily make connectn btw diaspora jews and [what media report as] israeli behavior. </document>
		<document> #user# pt taken </document>
		<document> #user# most? probably. all? alas not at all.
it's hard to suppress the gag reflex, tho. </document>
		<document> #user# invitation to aggression
fake bravado is a provocation. </document>
		<document> but it's different. jews in diaspora helpless. we have sympathy for their plight. israelis, they can defend themselves. we find that offensive in the extreme. #hashtag# #url# </document>
		<document> #user# are you suggesting that jewish students who support israel don’t deserve this? what about all the #hashtag# that palestinians circulate about israel? doesn’t that count for  something? #hashtag# </document>
		<document> #user# #user# #user# #user# just visit #user# and see what palestinian leaders have to say about the sons of apes and pigs, and the hadith of the rocks and trees.
also #url# </document>
		<document> #user# excaliber. at the end when he throws the sword and the lady of the lake catches it, if it had sliced off her hand, it wd have saved the entire movie. 
(too much monty python, i guess) </document>
		<document> not sure where the "unexpected" comes from. this has been a long time coming... and will be a long time gone...
antisemitism from unexpected source - the african american community #url# </document>
		<document> #user# #user# that's incitement against muslims! #hashtag# #hashtag# #hashtag# </document>
		<document> #user# santa? what are you going to do with the resurrection? </document>
		<document> #user# is this part of the peace-studies paradigm. humans as naturally peaceful. war mostly from american imperialism? </document>
		<document> #user# #user# #user# reread 1984. only there it's imposed by a tyrant on unwilling subjects. here it's imposed by the self (wannabe tyrant) on an eager self. </document>
		<document> #user# #user# #user# #user# we have examples in usa where the term is closer to the totalitarian camp. accusations of bad faith can be debilitating. </document>
		<document> #user# #user# #user# #user# judge not by the organization but by the quality of the research. who's double checking and who's regurgitating? </document>
		<document> #user# #user# #user# #user# #user# #user# #user# as for what constitutes antisemitic antizionism for me:
accusing israel of behaving like nazis
of committing genocide
of apartheid
of targeting pn children
all in fact projections of what pn "freedom fighters" do or want to do. #url# </document>
		<document> #user# #user# #user# #user# nothing like burning down the house of intl law and human rights just to get at your obsession. 
reminds me of the joke about the guy with crabs who shaved half his crotch, lit the other half on fire, and stabbed the little critters with an ice pick as they tried to escape. </document>
		<document> #user# what a remake of a pieta. </document>
		<document> the owl cautions against apocalyptic enthusiasm. it’s not dawn. #url# </document>
		<document> #hashtag# use accusation of #hashtag# to trigger #hashtag# among journalists who respond with deeds of #hashtag# 

media attack investigative reporter for investigating and reporting on cair #url# </document>
		<document> #user# #user# #user# #user# #user# if saudis can show positive images of israelis during ramadan, and uae can land a plane at natbag, and the eu can investigate terror ties in pn ngos... well who knows, maybe the world can just save itself from a malignant case of pnism.
next icc replaces its current head. </document>
		<document> #user# link to text please. </document>
		<document> on the madness of transgender pc

did j.k. rowling just get red-pilled? #url# </document>
		<document> #user# you mean before mussolini? </document>
		<document> #user# #user# #user# #user# #user# #user# #user# #user# not so side </document>
		<document> #user# sauce for your goose is not sauce for my gander. (esp in gender fluid times) </document>
		<document> and "progressives" despise it? #url# </document>
		<document> #user# and what percent of responsibility wd was you assign to belligerent arabs? </document>
		<document> #user# isn't that the basic message of the leila khaled is just "resisting"? </document>
		<document> #user# #user# and #user# actually got the lowest vote total among democratic candidates. her presence depressed voting in her bailiwick. </document>
		<document> "the times has a fitful relationship to self-examination..."

check out renata adler's, canaries in the mineshaft (2002), introduction on the decline of standards and lack of self-correction at the #user# 
#url# </document>
		<document> #user# #user# that's "misinforming." they clearly are so self-deluded they don't know it's lying. </document>
		<document> #user# #user# #user# #user# #user# #user# i didn't know they owned the sinai? who is "they"? you counting ottoman turks as arabs? </document>
		<document> the occupation of academia by thugs #url# </document>
		<document> #user# #user# #user# #user# #user# #user# #user# #user# so no need to bring it up now? </document>
	  <document> # user # # user # no doubt: the joooos. Muslims would never kill Muslims. # hashtag # </document>
<document> # user # # user # # user # # user # # user # # user # # user # # user # ken roth </document>
<document> # user # # user # no idiot. that's no good. but when they try to kill mine and hide behind theirs, there's not much choice.
"It's okay for me to accuse Israel of killing kids, but no hamas who not only ensures they will be killed, but ... kills them directly." </document>
<document> # user # # user # maybe what it's aiming for. why does "our" country want to let these corrupt immigrants in?
/ s </document>
<document> # user # # user # # user # # user # I don't think you know what that word means. it is definitely about culture. and you are in my thread. </document>
<document> martin amis famously asked a crowd of London glitterati if they felt morally superior to the Taliban. ⅔ said no. he forgot to ask if they felt morally superior to Israel. 100% would have said yes.

# url # </document>
<document> # user # # user # I would never criticize another culture!
because?
bc comparing them to the West according to progressive standards I would completely humiliate them and take all the wind out of my urgent reformist (millennial) sails. </document>
<document> # user # # user # when any rejection is unacceptable, even an invitation to debate is harassment. </document>
terrifying <document>
facebook puts soros, muslim brotherhood, activists responsible for censorship # url # </document>
<document> let me guess. because if Hamas is a terrorist organization, they are too.

why does the pa / plo reject the designation of Hamas as a terrorist organization? | pmw analysis # url # </document>
<document> # user # # user # & amp; if they hadn't had the balls, they would have suspended Arab participation until they recognized Israel, created on the basis of a democratic vote of the members. instead, they leave them alone & amp; today the UN is a majority of dictatorships that systematically betray its founding principles. </document>
<document> # user # impressive humanitarian racism
what choice they have (ie they have no moral agency, over the desperate and ferocious reactions to the wounds you inflict). </document>
<document> # user # is fine. Habash just killed Jews. # hashtag # # url # </document>
<document> # user # # user # # user # # user # what is not? </document>
<document> # user # the light slowly dawns on the partisan mind. </document>
<document> # user # pot. kettle. Black. W all Nazi / Apartheid charges against Israel.
but I agree. racism is an overused accusation. more like humanitarian prejudice ...
but if you just answer without returning the charge, don't you think your low expectations of Arabs reflect a certain bias? </document>
<document> # user # if human rights defenders ignore # user #'s obsession with Israel, it is dishonesty to both indict Israel and exonerate the pns, so they, like ken roth, will be open to accusations of hypocrisy and practice a double standard in the Middle East. </document>
<document> # user # fighting racism with racism: it's a bit like cleaning with paint. </document>
<document> # user # # user # # user # # user # helped the Romans kill over 1 million in the rebellion of 135 </document>
<document> what's next? our reporters will make sure your eyes are covered. # url # </document>
<document> # user # # user # I was referring to Halimi's killer
sorry, I forgot my / s </document>
<document> # user # identification with the suitor </document>
<document> # user # # user # missed 1000 bce.
more like 10,000 BC (pre-agriculture), and once you got through childhood alive, you had a good chance of earning as much as 60. especially if, as a woman, you survived childbirth. </document>
<document> # user # # user # policies tailored to suit an agenda.
the question is: what agenda and how unstable is it? </document>
<document> # user # # user # # user # or bend your knee to the spirit of the times.
seth apparently doesn't know that one of the reasons Israel was created was so Jewish cd walk vertically (kommemiyut dell'artezenu).
which is why some of the people already present found their presence so unbearable.
# hashtag # </document>
<document> # user # there is comfort in numbers
# hashtag # is easier than solitary integrity </document>
<document> # user # oops. I'm talking to the wrong person I'm sorry to disturb your vitriolic narrative. </document>
<document> # user # # user # bit juvenile, right? surely a man of your genius cd has invented something better. </document>
<document> exclusive - project wiki - how wikipedia is raising armies of anti-Semites # url # </document>
<document> # user # started on October 6, 2000 w shouting "death to the Jews" at a demonstration on # user #. the "anti-racist" groups (mrapp) present either joined or said nothing.
reporters did not report it.
by 2014, anti-Israel demonstrations included hours of the same song, followed by attacks on synagogues # url # </document>
<document> # user # # user # # user # # user # # user # # user # # user # # user # # user # # user # # user # # user # # user # that's not how it sounds. if it's a list of worthy names, it's valuable, although not as valuable as it would be if we knew how the list was compiled </document>
<document> # user # duplicates of # hashtag # </document>
<document> and media activists / hrngos / "progressives" not only fail to distinguish the difference, they reverse it.

# user #, there is Judaism and there is Arab violence # url # via # user # </document>
<document> ouch.
Jesus will return when Christian ecumenical organizations condemn violence against Christians with the same force with which they lament the need for Jewish self-defense.
# user #, not soon ...
# url # </document>
<document> # user # needs an audio copy. they won't read it.
buber, after coming to Israel, was asked how he was Jewish about him.
"Well," he replied, "it's just not enough to be dark." </document>
<document> # user # # user # I also give my thanks and gratitude to the Western media for reporting our fabricated statistics and then blaming Israel for the deaths in Gaza. made our sacrifice of them worthwhile. if we were blamed, it could backfire. all praise helpful infidels. </document>
<document> # user # # user # # user # # user # # user # # user # # user # # user # seems to have used Google Translate </document>
<document> # user # but I, as a gay man, defend your right to do this to my gay buddies. look how open I am! # hashtag # </document>
<document> # user # 2/2
in addition to the fundamental madness of his thinking, Israel built and maintained those camps rather than the Arabs (the best enemy, the worst friends),
there are many today who think this is still a good "description" of those fields. </document>
<document> # user # and my old institution gave this guy Eli Wiesel's chair. </document>
<document> # user # # user # now do it and ask someone to interrupt you and tell the students: do you hear what he is saying? how can you think this is okay?
I shudder at what they would say. </document>
<document> "believe all women" is dead ... collapsd undr of himself rotten contradicts. along the way, he has done more to silence real victims of sexual assaults & amp; the poison concerns between the sexes of any alleged sin of patriarchy.
Joe Biden brought # hashtag # movt & amp; is compressed with # url # </document>
<document> # user # anything to piss off Israel, no matter how degrading it is </document>
<document> # user # a perhaps admirable, perhaps even encouraging attitude of the victim industry.
is skepticism about some statements excluded a priori?
to the chet that I have ever doubted any victim claim!?! </document>
<document> # user # # user # you know there is a waiting for you but when the good rabbi's sentence begins reasonably ... </document>
<document> # user # # user # as the boy added to the color bus.
kind of a salvador dali, i think. </document>
<document> # user # # user # # user # if you are offended by some crowds shouting that (as I am), you are not offended by pn media - religious and secular - shouting "death to Jews everywhere" from the pulpit, in tv, aofficial demonstrations? </document>
<document> # user # # user # # user # # user # cd be specific about what you are thinking about. am I willing to bet 98% is not accurate? who do you get your information from? </document>
<document> ah # hashtag # -poco ironies: no truth gives birth to a new truth:
"they do not believe that truth is something we can find together, but rather that it is something they possess and can impose on others"

Stanley Fish and the argument against free speech # url # </document>
<document> # user # # user # # user # # user # # user # # user # # user # # user # # user # # user # # user # # user # # user # # user # # user # user # # user # # user # # user # # user # # user # # user # # user # # user # The point is that the Arabs were among the most ferocious (and successful) imperialists in history. they are not indigenous, they are imperial, & amp; much of the triumphalist religiosity of Arab Islam (which, for example, cannot tolerate independent infidels (Jews!) in dar al islam is a direct expression of that imperialism </document>
<document> # user # a white racist invented this meme.
/ s </document>
<document> # user # # user # # user # conditions? change in culture change in leadership. nothing less </document>
<document> # user # # user # in my opinion, no. hen, what do you say? </document>
<document> # user # # user # and nothing about how the "no riots" of summer 2000 are openly called by this "spokesperson" </document>
<document> I just uploaded "cnn 190521 1808 b anderson interviews s haskel.mp4" on # hashtag #: # url # </document>
<document> # user # don't start trying to correct rhetorical inflation ... you can never swallow that ocean. </document>
<document> # user # big blind spot of # hashtag # - think Israel is the problem & amp; if it were to a) disappear or b) create +1 Muslim majority state with terrorist infrastructure, which would bring peace.
I do not understand that hostility towards Israel is part of the larger problem of Arab belligerence
oops, I # hashtag #. </document>
<document> # user # # user # # user # who turned al aqsa into a riot center? </document>
<document> clearly, if the government just nationalized the egg industry run by bureaucrats instead of dirty capitalists, we would all have plenty of eggs to eat at much cheaper prices.

ags from 3 states chasing farmers & amp; market forces kept commodities on the shelves during the pandemic
# url # </document>
<document> mistakenly believes Trump called neo-Nazis and white supremacists "good people" when he actually condemned them plainly (see # url # for full transcript: # url #). </document>
<document> # user # I can understand "much more understandable ..."
the "much less objectionable" is much less understandable ... </document>
<document> # user # # user # # user # # user # can you blame him? Jews are so annoying. # hashtag # </document>
<document> # user # because hatred of him is a projection on Israel of what Arabs do to Arabs. </document>
<document> # user # # user # # user # ooooh noooo! what will the "social justice warriors" say about the end of Israeli democracy? # hashtag # </document>
<document> lol. it's probably because the script was written by Jews. # hashtag # # url # </document>
<document> # user # # user # if only Jews dared to boycott baseball </document>
<document> # user # # user # is that new item per victim, so Israel has 146 items per victim?
nice update by virgil hawkins, stealth conflicts:
# url # </document>
<document> # user # # user # # user # # user # you read hillel cohen, army of shadows. there were many Arabs in Palestine who greatly appreciated the improvements made by the Zionists (huge Arab immigration in those years). most of their leaders (e.g. the nashashibi) were murdered by the husseini (to which the Arafat clan belonged) </document>
<document> # user # # user # # user # yes, but in the case of the Soviets it took ¾ of a century </document>
<document> # user # because they have an office ... I don't want him to be attacked. like us? </document>
<document> # user # is complicated. your green map is of Muslim majority nations and we all know that Islam is very diversefenced. # hashtag # </document>
<document> # user # stop whining. you do not know? it's just a legitimate criticism of israel.nsigh ... you Jews. sooooo sensitive. why can't you be more like Palestinians, who accept criticism with a firm step? n # hashtag # </document>
<document> # user # here is a cloying post-truth journalist from france24 interviewing the director and drooling on the "higher truth of her"
# URL #

# user # </document>
<document> # user # discrimination, in context, is actually a positive act. but then ... it's about things like merit, and we all know it's synonymous with privilege.
/ s </document>
<document> # user # # user # # user # I look forward to their reproaches (not yours, who understands them).
i thought about putting a / s, but then i thought the elder will get it, which he did.
then comes the sarcasm police ... </document>
<document> # user # may the whole world (and many Jews) be wrong and few Israelis (on the right) be right. don't be silly, you are disappointed. # hashtag # </document>
<document> # user # # user # ah, the cascade of unforeseen unforeseen consequences ... </document>
<document> # user # # user # # user # # user # # user # # user # # user # so what happened to cair and sarsour? </document>
<document> # user # understood. if you have articles to recommend on the subject, post their URLs. </document>
<document> # user # # user # # user # as if afraid of being replaced </document>
<document> # user # # user # # user # # user # # user # # user # # user # As a Jew, I cannot sign anything to expose the devoted (and deranged) enemies of my people.

it just wouldn't look good. too tribal.

# hashtag # </document>
<document> # user # # user # explains how you know it's fake </document>
<document> # user # nothing more impt than this.
// a black fiddle (klezmer) while eu burns </document>
<document> # user # I know. let's give Arafat a foothold in the disputed territories. if it turns it into a terrorist state, Israel will be in a better position to ... </document>
<document> also # user #? in other words, your silly obsessions, why you are still stateless, Trump (pun intended) your concern for the lives of your people.
good job, saeb, history will remember you fondly. </document>
<document> # user # # user # # user # you can't subject children to genocidal hatred for life without some of them breaking apart.
# user # </document>
<document> # user # # user # # user # # user # # user # yes I am. do you really think if idf targeted children they would kill so few?
you know how many children were killed in 10 years of war in Syria, against 70 years of war between Israel and its neighbors. </document>
<document> # user # let # user # take Barak Ravid seriously. </document>
<document> # user # my bet is that Democrats would rather take this than Trump's snake oil </document>
<document> # user # # user # whatever the source, the reaction is sheer envy. </document>
<document> # user # # user # # user # why did gunshots suddenly sound?
(love that intransitive verb)
the # hashtag # was the catastrophe caused to the Arabs in Palestine by Arab leaders who, thinking they could easily win, declared a war of extermination ... & amp; lost.
hey # user #, how about craving dignity rather than revenge? </document>
<document> # user # # user # non-Muslims, you # hashtag #, "Central Asians". # hashtag # </document>
<document> # user # # user # # user # Glad you know how you hate people with themselves. </document>
<document> # user # # user # ummm, I'm not sure about the first two, but the third? surely not. everyone knows that those Jews are liars. # hashtag # </document>
<document> # user # # user # sorry shd have added # hashtag #. it meant that some, fearful of Muslims, would attack this chart to anger them. not me. </document>
<document> # user # precisely. how dare they. </document>
<document> surprisingly bad partisan journalism

all about Trump's many vulnerabilities, mentioned only in offensive
not a word of his problematic behavior.
# hashtag # w # user # both as patsy and as a player.
in any case it is not journalism
# hashtag #

# url # </document>
<document> Toilet paper # user # does not normally come with a warning to the consumer: consumption can be dangerous to cognitive health. </document>
<document> 7:40 "but it probably never will because Democrats aren't going anywhere these days where they're not pre-worshiped."

New Rule: Bill Maher the Messaging Tsar | real time (hbo) # url # via # user # </document>
<document> # user # # user # # user # glad you know what i'm sure. </document>
<document> # user # I like math: a dozen evictions = ethnic cleansing. </document>
<document> # user # # user # we inadvertently look for them.
you'd think they'd show some gratitude ... but no, try to drop dead in front of them and see what they do ... </document>
<document> excellent, somewhat predictable thread of # user # on the thread reader app # url # </document>
<document> # user # you have my things all right.
as for h, he is clearly in rhetorical overdrive, but he appears to have driven u 2 off a precipice. attenuate it & amp; sounds more convincing.
there is a problem w # hashtag #, which science cannot handle. we don't know the future (or w # hashtag #, present); all we say is conjecture. </document>
<document> # user # is the latter a gift for themselves? </document>
<document> # url #
Although I agree with the analysis, I think that one or other of the tantrums and triumphalist (frustrated) Muslims is wrong. / 2 </document>
<document> It's been 6 months since # user # published my article on the Oslo "peace" process disaster and the culture of honor of shame # url # </document>
<document> # user # # user # # user # a startling example of how the Israelis left. </document>
<document> # user # # user # is not meant to be taken literally (in this sense, like genre), it allegorically refers to everyone in the business of privileges. </document>
<document> # user # man priority. we are saving democracy here. / s </document>
<document> # user # wow. it's awesome. not particularly austere, but downright deplorable. </document>
<document> # user # # user # # user # seems to be the only reason you liked it </document>
<document> geller: “stop for 'fear of reprisals' propaganda & amp; lies about "Islamophobia".
Spencer: "Establishment media will use it to harass Americans against" Islamophobia. "

not every day an article cites as deplorable passages that predict the article.

# url # </document>
<document> # user # don't forget the hatred of america. in other words, the whole package of ferocious insecurity </document>
<document> # user # iow: "I remain confident that despite my disgusting remarks that revealed my sheer contempt for history and Jews, I can continue to slander Israel in slightly less obvious ways." hopefully, sincerely, completely clueless about you, po'b </document>
<document> # user # # user # # user # # user # so far, our boy's son. but only time will tell. </document>
<document> # user # # user # my mistake. this is a more recent speech I gave at isgap.
for the text behind my previous speech you asked me about, here is the link to the article with that name;
# url # </document>
<document> # user # obviously when you declare someone else a deadly enemy, you lose repeatedly in an attempt to destroy that enemy, & amp; then the enemy does not treat you as a best friend (or rather a conqueror), & amp; you call * that * dehumanization, it illuminates very little if not your megalomanic self-pity. </document>
<document> # user # good insight into how the anti-Zionist bubble creates a shameless culture. </document>
<document> # user # an old story, part of their cannibalistic strategy that only works if Western media cooperate.
# url # </document>
<document> bassem, one of the few people to criticize Palestinian rulers, makes it. the awakened crowd screams "uncle tom" to hide their cowardice and denial.
# user # hamas, not Israel, is responsible for the latest bloodshed # url # via # user # </document>
<document> # user # # user # # user # # user # # user # as a Palestinian friend put it: Palestinians have the worst friends and the best enemies. </document>
<document> # user # # user # # user # # user # aletheiaphobia (fear of truth) </document>
<document> # user # imperialist muslims? what is karsh, a # hashtag #? # hashtag # what about the anti-imperialist alliance of # hashtag # and # hashtag #? </document>
<document> # user # # user # in other words fulfill the conditions of # hashtag # even if they dismiss it as a stupid conspiracy theory ... </document>
<document> # user # # user # # user # oh, I get it. the Arabs who tried to destroy the state in its infancy, openly aspiring to finish Hitler's work ... the Israelis somehow "see them as 'endangering' the state". how utterly ridiculous of them! </document>
<document> # user # disproportionate. but you wouldn't say the French over-responded to the protests. after all, they are their citizens. Israel's sin is fighting enemies ... come to think of it, Muslim enemies. this is no-no. # hashtag # </document>
<document> # user # no, no. you are covering a leadership that does not want freedom but domination (i.e. takes away the freedom of others), & amp; You are trying to convince the West that you are the victim because so far you have not been able to get what you want. if pns really wanted freedom & amp; dignity, they would have had it a long time ago </document>
<document> implies thread on dishonest piece of # user #
# url # </document>
<document> # user # is there anything here about how the lack of credibility of the press threatens democracy? </document>
<document> # user # # user # damn Jews making it so hard to hate them!
/ s </document>
<document> # user # hopes for a more receptive audience for his suicide advice. </document>
<document> # user # heartbreakingly caught by their progressive principles (saving innocent lives) and the insanely anti-Israeli dogmas of their left-wing bedmates. # url # </document>
<document> stephen shoemaker is one of the best scholars of early Islam. here is a review by # user # about his last one: a prophet has appeared # url # </ document>
<document> # user # # user # # user # and how do suicide bombers feel when they * kill * children? </document>
<document> # user # but she's misunderstood, man. have no mercy on the poor thing ... just because she misunderstands doesn't mean you have to make fun of her.
/ s </document>
<document> # user # # user # # user # "experts" in misreading the conflict on land between the river and the sea. </document>
<document> # user # # user # # user # # user # # user # I'm sorry. anyone who supports the pn cause supports people who target children. The very idea that Israel can be accused of not caring for children when the PNS so want to kill Israeli children who don't care if they kill their own is mind-boggling hypocrisy. # hashtag # </document>
<document> omg! you mean those evil colonial Zionist settlers who pioneered the eradication of malaria, a model for Africa today?
damn. This doesn't fit the narrative, does it?
draining the swamps # url # </document>
<document> # user # enjoy shaming people, not giving patient explanations. </document>
<document> # user # # user # actually needs to bring it back to 2000 when the left (which previously had shown limited interest - 0 in Seattle 1999), suddenly adopted pns as the root cause. buruma in 2003: support for the pns (at the height of the suicide terror campaign) is a litmus test of liberal credentials. </document>
<document> # user # # user # # user # guilty as accused. </document>
<document> # user # # user # Jews, they just can't take the heat. # hashtag # </document>
<document> # user # # user # # user # cannot afford to see; they are stoking the flames. </document>
<document> your mocking smug mockery identifies you as an Islamophobe. Saudis are real Muslims, so peaceful # hashtag #. # url # </document>
<document> # user # # user # obviously woken up is a term for anyone who gets indignant about things they don't like ... </document>
<document> # user # I'm sure it's because they support the two state solution like Jewish members of bds. # hashtag # </document>
<document> The leadership of # user # # user # seems powerless to resist. déboussolés (without compass), morally adrift
they mistake it for honesty (see me self-critical), when they contribute to the growing incitement against theirs.
it corresponds, in a passive way, to the willingness of pn leaders to sacrifice their own people </document>
<document> # user # # user # no matter how well-intentioned he is, biden will be phaeton driving the chariot of the sun? </document>
<document> this is not a partisan problem. "The percentage of Democrats worried about expressing their opinion is nearly identical to the percentage of Republicans who self-censor: 39 and 40 percent, respectively," Gibson and Sutherland report. </document>
<document> # user # # user # # user # # user # # user # # user # # user # # user # # user # waiting.
so they've been on the road since '89, involved in liquidation in Durban in the 90s, then thrive over the years? </document>
<document> # user # # user # manomanoman. rhetoric is a kind of gift. serious scientists doing serious things, don't talk nonsense. </document>
<document> # user # # user # alas, Israel watches as pn preachers spit out the most disgusting things. </document>
<document> why only white supremacists kill black people. # hashtag # # url # </document>
<document> are the chosen victims. how dare the Ukrainians steal the limelight? and make them look bad in the process? unbearable. # url # </document>
<document> # user # What I like is that he doesn't even care that in the event - Allah forbid - that happens, no one will be able to stop the slaughter. </document>
<document> # user # # user # and do you really think this is the way to end the hatred of Jews? </document>
<document> everyone knows that the victims are Muslims. what's your problem man? # hashtag # # url # </document>
<document> # user # # user # no precisely. the perfect storm of lethal journalism fueling jihadist anger, NGOs fueling "progressive" indignation. this started with Sharon's visit in 2000. so I call it:
# hashtag # - when jihadists attack a democracy, they blame democracy </document>
<document> Failure to display # user # will result in the present being blocked. </document>
<document> # user # thank you </document>
<document> # user # is a schoolyard bully. it will not change. earns him points with his gang. </document>
<document> # user # # user # sure it does. went to bu. (NB: I taught bu and I don't know what they mean.) </document>
<document> # user # # user # # user # # user # # user # and burn them to death that Israel frees you. </document>
<document> # user # # user # # user # # user # # user # only from the definition of people who abuse the term to silence legitimate critics of Judaism.
do not know?
/ s </document>
<document> # user # 1) huge differences in what the Israeli government / idf are doing and what news. lethal journalism complements jihadist propaganda.
2) whereas ppl refuses to establish any connection between Muslims and amp; jihadist behavior, they readily link between Jews in the diaspora and [what the media reports as] Israeli behavior. </document>
<document> # user # pt taken </document>
<document> # user # more? probably. All? alas for nothing.
it's hard to suppress the gag reflex, though. </document>
<document> # user # invitation to aggression
the feigned bravado is a provocation. </document>
<document> but it's different. Jews in defenseless diaspora. we sympathize with their situation. Israelis, they can defend themselves. we find it offensive in the extreme. # hashtag # # url # </document>
<document> # user # Are you suggesting that Jewish students who support Israel don't deserve it? What about all the # hashtags # that Palestinians circulate about Israel? does not matter something? # hashtag # </document>
<document> # user # # user # # user # # user # just visit # user # and see what Palestinian leaders have to say about the children of monkeys and pigs and the hadith of rocks and trees.
also # url # </document>
<document> # user # excaliber. in the end when he throws the sword and the lady of the lake catches it, if she had cut off her hand, she would have saved the whole movie.
(too much monty python, I guess) </document>
<document> I'm not sure where the "unexpected" came from. it's been a long time ... and it will be a long time ...
anti-Semitism from an unexpected source: the African American community # url # </document>
<document> # user # # user # this is incitement against Muslims! # hashtag # # hashtag # # hashtag # </document>
<document> # user # santa claus? what are you going to do with the resurrection? </document>
<document> # user # is this part of the peace studies paradigm. human as naturally peaceful. war mainly by American imperialism? </document>
<document> # user # # user # # user # re-read 1984. only there is it imposed by a tyrant on reluctant subjects. here it is imposed by the self (aspiring tyrant) on a desirous self. </document>
<document> # user # # user # # user # # user # We have examples in the United States where the term is closer to the totalitarian field. allegations of bad faith can be debilitating. </document>
<document> # user # # user # # user # # user # judge not by the organization but by the quality of the search. who controls and who regurgitates? </document>
<document> # user # # user # # user # # user # # user # # user # # user # as regards what constitutes anti-Semitic anti-Zionism to me:
accusing Israel of behaving like Nazis
to commit genocide
of apartheid
to target children
all in effect projections of what "freedom fighters" do or want to do. # url # </document>
<document> # user # # user # # user # # user # nothing like burning the house of international law and human rights just to get your obsession.
reminds me of the joke about the guy with the crabs shaving half of his groin, setting the other half on fire and stabbing the little creatures with an ice pick as they tried to escape. </document>
<document> # user # which remake of a pity. </document>
<document> the owl warns against apocalyptic enthusiasm. it is not dawn. # url # </document>
<document> # hashtag # uses the # hashtag # charge to trigger # hashtag # among reporters who respond with acts of # hashtag #

investigative reporter of media attacks for investigating and reporting on cair # url # </document>
<document> # user # # user # # user # # user # # user # if the saudis can show positive images of israelis during ramadan and the uae can land a plane in natbag and the eu can investigate terrorist links in pn ngos .. ... well who knows, maybe the world can save itself from a malignant case of pnism.
next icc replaces its current head. </document>
<document> # user # link to text please. </document>
<document> on the madness of the transgender pc

did j.k. Did Rowling just fill up with red? # url # </document>
<document> # user # you mean before mussolini? </document>
<document> # user # # user # # user # # user # # user # # user # # user # # user # not so side </document>
<document> The # user # sauce for your goose is not sauce for my male. (especially in times of gender fluidity) </document>
<document> and "progressives" despise it? # url # </document>
<document> # user # and what percentage of responsibility was assigned to the warring Arabs? </document>
<document> # user # isn't that leila khaled's basic message is just "hold on"? </document>
<document> # user # # user # and # user # actually achieved the lowest total of votes among the Democratic candidates. her presence depressed the vote in her bailiwick. </document>
<document> "time has an unstable relationship with self-examination ..."

check out renata adler's, canaries in the mineshaft (2002), intro to declining standards and the lack of self-correction at # user #
# url # </document>
<document> # user # # user # is "wrong information". they are clearly so self-delusional that they don't know he is lying. </document>
<document> # user # # user # # user # # user # # user # # user # I didn't know they owned the sinai? who are they "? are you counting the Ottoman Turks as Arabs? </document>
<document> the occupation of academia of thugs # url # </document>
<document> # user # # user # # user # # user # # user # # user # # user # # user # so there's no need to call it now? </document>