 
	<document> #user# #user# #user# #user# #user# you really think a business can fire a striking union worker? it's hard to fire a union wordier if they aren't striking. </document>
		<document> #user# #user# #user# #user# no om is mad a black women is on the court. you can't understand people are pointing out biden's racism by using a black woman for political gain.  do you not know that a republican appointed thomas and support him. </document>
		<document> #user# then don;t believe it. i told you, that is your problem, not mine. i wonder why democrats refuse to believe the virus is airborne. </document>
		<document> #user# it is often laughable, but rarely funny. </document>
		<document> thee is very little justice in america? you must live in a democrat run city to think that. i hear the da there are pretty crooked. #url# </document>
		<document> #user# heh. topics like this are hard. i can often understand how things are seen from different povs. have a g0od night. i get time differences. i talk a lot with someone on a different continent. </document>
		<document> democrats think a covid death is more important than a cancer death.  die of cancer and you are forced to cremate becasue it's cheap. die of covid and you get a fancy funeral. democrats have no idea what equality means. #url# </document>
		<document> #user# democrat "experts" said it was impossible to have a vaccine by this month. yet warp speed managed to do that. you have a severe case of tds. </document>
		<document> #user# nyc police are probably trained to run like they do in florida when a school shooter drops in. nnguns are evil. you can't have cops carrying them around children. #hashtag# </document>
		<document> controlling political language 
#url#

#hashtag# #hashtag# #url# </document>
		<document> i'm attacked by greenies when i say we need to lower co2 emissions, but point out that wind and solar can't do the job. and the attacks get really aggressive when i say the world isn't ending in 10,50, or 100 years. 

#hashtag# </document>
		<document> #user# it's not me who says that, there are elected leaders who say they want their party to be the only one.odd to think that my talking about what some leaders say is totalitarian thinking. </document>
		<document> #user# #user# who got fame and fortune? </document>
		<document> yep, just like she showed up at the cabbie hunger strike and then pretended not to eat. #url# </document>
		<document> #user# #user# #user# #user# #user# i was against trump spending so much.trump alsao signed a bill that sent money to people for not working.

those tax breaks actually increased revenues,. businesses shouldn't be taxed becasue the consumer pays those taxes at the end of the day. </document>
		<document> democrats passed  religious freedom act in 93 that gave weight to hobby lobby ruling. lol #hashtag##hashtag# #hashtag# #hashtag# </document>
		<document> why is there a union , were you treating employees badly and underpaying them?or maybe you just wanted to feed money to your union donors. this sounds like a scam. #url# </document>
		<document> a man on a basking show said he liked mexican chocolate because he was half mexican.i am half dutch ,hate windmills, and have no idea what dutch people eat. why do so many feel the need to announce their race or heritage?does it make them feel special? </document>
		<document> watching the opening ceremony of the olympics, something stood out. there are a lot of racist countries that had only one race on the team. oh wait, it's only racist if something is all white. no white nations are allowed by the left. </document>
		<document> #user# one was  a russian scientist. but there have been others. a  theory is the solar system entrees a cosmic cloud every few thousand years that causes the cooling. </document>
		<document> #user# you said you wear only kn95, those are chinese. </document>
		<document> i love when democrats eat their own. the movie/play washington heights celebrates hispanics. democrats want it banned becasue there was no black hispanics. it probably should be banned since anything celebrating a single race is racist. </document>
		<document> anyone who thinks #hashtag# aren't the  same racist of the 40's, look at product packaging. they have gotten rid of all people of color  on packages. </document>
		<document> those evil capitalist rich people. #hashtag#. #url# </document>
		<document> yes most are  waste of time. i watch that one yesterday and nothing was learned. all i ev4r see is two parties playing politics.  neither one cares about the truth. especially democrats. #url# </document>
		<document> #user# i've used space heaters my entire life. so i don't see that as an issue. all people living in space don't agree on temperature so often a heater is needed. i think the space heater thing was just used for political gain. </document>
		<document> #user# #user# the housing bubble was created  under clinton. you can't give mortgages to people who can barely make payments. </document>
		<document> #user# #user# #user# i still don't understand why me and other poor people have to pay off aoc's debt when she is a millionaire. </document>
		<document> #user# #user# you sounds like a typical democrat who wants to put people in prison becasue you don;t like their speech. thank you for proving all my points about democrats. 

i bet you still think cloth and paper masks work. </document>
		<document> #user# #user# #user# #user# #user# #user# #user# so yoy hand them an excuse. </document>
		<document> actually she didn't address inflation, all she talked about was price increases. she was right about finding the root cause, and that is democrat policies driving up energy prices.  her social spending would cause more inflation. she is right about not increasing interest rates. #url# </document>
		<document> #user#  writers are why the series ended. they did not know that super heroes have secret identities to protect friends and families. at the end you made supergirl look selfish. </document>
		<document> the ruling that the babit shooting was justified, sets precedent.  police can now shoot anyone for almost any reason. all the officer has to be is scared and protecting something. </document>
		<document> #user# #user# #user# #user# hitler was 80 years ago. </document>
		<document> #user# also he bill says that you can only drive so far to a polling place. </document>
		<document> #user# my only issue with any weapon is the noise. </document>
		<document> you must not have watched the video where it is clear that he was defending himself from rioters attacking him. #url# </document>
		<document> #user# #user# obviously they are getting around that. just the knowledge that a bill will pass can be worth millions. </document>
		<document> why does #user# allow juan william to tell lies. trump did say on #hashtag# he took the vaccine and urged others to also take it.

#hashtag# </document>
		<document> #user# #user# lol look in the mirror. </document>
		<document> #user# you are a scientist but has no idea what an airborne virus is. </document>
		<document> if you think wearing  a full bodysuit will stop men from looking, you don't know much about men. those are skin tight and actually show more of your body, the body parts that men like looking at. days ago 
#user# was happy billie elish showed her body. </document>
		<document> does this mean she is going to eliminate property taxes and otehr things that makes it cost so much to live in nyc? i bet she raises taxes that makes it more expensive. anytime you see someone use the word "equity", run, becasue no one can guarantee equal outcome. #url# </document>
		<document> #user# #user# #user# maybe his mistake was letting governors run their own states and that's why so many people died in nyc nursing homes. </document>
		<document> i said the #hashtag#  ruling demanding vaccinations at medical facilities that accept medicare would prevent people form getting medical treatment. it is already happening. a doctor refuses to force his staff to be vaxxed. his elderly patients have to look elsewhere for treatment. </document>
		<document> #user# #user# #user# i thought that wors  was banned by democrats?

hmmm, so you think taxes and regulations don't drive up prices. </document>
		<document> #user# #user# #user# #user# to clarify this a bit, it was an exhibition at the olympics, not part of the games. i've seen this done in later years somewhere, maybe the 50's or 50's. could it have been part of some international competition? </document>
		<document> #user# dem,autocrats especially following that path. they are demonizing white people so when the t9me comes to round us up most people will accept it, even large groups of whites. they teach hate of the us so they can end it. </document>
		<document> #user# right, he wasn't on trial for doing something stupid. if stupidity was a crime everyone on th streets that night would be in prison. </document>
		<document> #user# polling places are set up by districts, not cities. every district has a polling place. i just got a notice mine is being moved from a mile away to 5 miles away. </document>
		<document> #user# that is definitely interference. the more dollars they print the less value it holds. you can also look at the dollar as being a commodity. </document>
		<document> #user# please try following the science. science tells us that people who had the virus have more protection than the vaccine provides.  some people have natural protection. and people who have been vaccinated can  infect others. #hashtag# </document>
		<document> more innocent muslims just stressed out. #hashtag##hashtag# #hashtag#  #url# </document>
		<document> #user# then what are they ai robots that run themselves? </document>
		<document> #user# give me the exact wording and the formula.  i really doubt counties with more than 1 million people are all democrats. i doubt that all counties with more than 1 million people all vote democrat. if the language is about counties, that includes rural voters who likely vote gop. </document>
		<document> democrats are the height of #hashtag#
they say vigilantism is wrong and then they say #hashtag#  is guilty becasue the last 2 shot were vigilantes. </document>
		<document> because democrats are in bed with the drug cartels, fentyinal crossing the border has doubled under biden. this drug is basically poison. it's hard to know how many people have died becasue of our open border. </document>
		<document> #user# #user# have you ever heard of inflation and why it's a bad thing? do you realize there is a world economy? </document>
		<document> #user# that has nothing to do with your comment. you said capitalism is violent. i told you about another fire at a government owned building.  government buildings tend to be in worse shape. don;t blame freedom for democrat city problems. </document>
		<document> #user# i've never listened to rogan. </document>
		<document> #user# none of these laws contain poll taxes or literary tests. who told you this nonsense? </document>
		<document> #user# sure, i have biases. i have biases against government and politicians off all parties. i question everything. i accept nothing as fact until i view it through difference sources and see what actually makes sense. once you admit you have biases, then you can see the truth. </document>
		<document> lolol love the #hashtag#  roast. </document>
		<document> #user# yes that is part of the problem. but the elected people complaining about the rule have not introduced a bill to legalize the drug. it is against federal law to possess or consume pot. </document>
		<document> #user# right, muslims never did anything wrong, it's all a us govt conspiracy #hashtag# </document>
		<document> no assault rifles were used in those crimes, yet democrats use them to try and ban guns they wrongly label assault rifles. they also used these crimes to create hate against white people even though only one crime was done by a white person. </document>
		<document> #user# #user# i said mostly spot on. let's use covid as an example. fnc hand on people represent both sides. the ones who said most masks are useless were correct, but the professionals saying that were not allowed on cnn and banned form speaking publicly. now the cdc confirms what they said. </document>
		<document> #user# #user# nope, they migrated here from other parts of the world. they have only been he3r about 35k years. there is some new evidence there were people here before them. </document>
		<document> #user# you seem to be saying here that rules  only discriminate against democrats. i'm sorry, but that just seems impossible.  in fact, during the lat election it seemed to be the opposite, that since most polls are controlled by democrats, republicans were discriminated against. </document>
		<document> #user# #user# snap is food stamps for children. that is a separate program. </document>
		<document> #user# that is typical for all big pharma to do. they don't go to jail becasue it's not illegal. the ones who should go to jail are the doctors who are corrupt.doctors take an oath to do no harm </document>
		<document> #user# rotfl, you fell for that lie. so sad you believe anything they tell you. you honestly believe that antifa and blm committed no violence. i shouldn't laugh becasue that is beyond sad. </document>
		<document> says the woman who complained for years the election was stole from her. election fraud only exists when it hurts democrats. #url# </document>
		<document> democrats are feeding our enemies things to use against us. because of what democrats say, the us can never question any country's stand on human rights. #url# </document>
		<document> #user# yes hey do have equipment to detect leaks. what might unknowingly leak is far below what leaks naturally into the atmosphere. </document>
		<document> yet it doesn't apply to non-americans who cross the border illegally. that is pure insanity. #url# </document>
		<document> i hear doctors anonymously say they are afraid to ask questions for fear of losing their license. #url# </document>
		<document> #user# yea, lets put druggies in prison and let dirty politicians and bankers go free #hashtag##user# #user# </document>
		<document> #user# #user# #user# that;s exactly what i said. </document>
		<document> #user# i'm probably talking to one. i know exactly what racism is. i grew up in democrat created jim crow era. </document>
		<document> #user# #user# #user# #user# i;'m sure russia disagrees with you. </document>
		<document> there can't be sexual harassment in the california state capitol because we know all democrats respect women and minorities. lolol #hashtag# #url# </document>
		<document> #hashtag# called one of his black advisors, "boy". can you imagine the chaos if trump had done  the same thing? </document>
		<document> blm activist honored by obama foundation tried to assassinate louisville  mayoral candidate </document>
		<document> #user# #user# this is all about fear and control.  fear to control and they ell grasp for anything that makes them look like they are doing something to help.  we  know the lockdowns didn't work, they might have made things worse. they wanted to be able to say their actions saved lives </document>
		<document> aoc does have mental issues, but it has nothing to do with trump. #url# </document>
		<document> #user# #user# #user# #user# #user# i just hope you have bought your ticket to ukraine to help them fight. </document>
		<document> #user# #user# #user# #user# #user# you can get a landline or a cheap cell. you can go to the library to use the intent or go to the unemployment office to see what jobs are available.  walk around and you will see help wanted signs. </document>
		<document> #user# #user# #user# those places wanted independence from ukraine. </document>
		<document> #user# #user# #user# so basically, do as you are told or shut up. </document>
		<document> insane democrats keep telling us there cannot be limits on immigration. i bet they change their mind when the us has a billion people, most starving. </document>
		<document> quit importing cheap labor and wages will go up. #url# </document>
		<document> #user# #user# i'm just wondering why its not being used on the convoy. </document>
		<document> #user# scotus is a p0litical organization. </document>
		<document> new democrat rule, only white people can loot. #url# </document>
		<document> #user# #user# so you want socialism. </document>
		<document> #user# where do you live that people are like that? where i live poor people are helped to get an id to vote. they are even driven to the polls. helping people is how you solve the problem, you don't do it by saying people don't need an id for anything bc a few poor people can;t get one </document>
		<document> #user# so you think israel should be wiped off the map. aren't you a nice person. seems odd you are a hitler supporter. </document>
		<document> #user# #user# ys i said 35k years, that is thousands. there were people before them as science is learning. natives did not originate here. </document>
		<document> #user# heh the curse might open them up. </document>
		<document> #user# #user# study history, it has been changing for millions of years. </document>
		<document> you are absoluely 100% wrong on this. the vaccine doesn't prevent people from getting and passing the virus. it actual helps create stronger mutations. natural immunity is far better at slowing and possibly stopping e virus. science 101 #url# </document>
		<document> just when you think democrats can't get more insane, we learn they think tax cuts create recessions. they actually believe letting people keep their money wrecks the economy. </document>
		<document> oh yea, this is going to make cops less jittery when dealing with blacks.n#hashtag# #url# </document>
		<document> stupid republican on tv wanting to send troops to ukraine. and apparently we already have 200 california national guard there. the plague isn't enough, we need a world war so democrats can hold power forever.

#hashtag# </document>
		<document> rand paul, tim scott to name two.. #url# </document>
		<document> #user# ok so bo was just a bought slave. now tell me what hate trump spread and when did he make fun of less fortunate people? almost all of his listeners were lower middle class. you clearly never listened to his show. again, he was not a very religious person for most of his life. </document>
		<document> #user# has ruined the one more thing segment by turning it into a self promotion segment. 

#hashtag# </document>
		<document> #user# f you look at the statistics, a major factor is singe parent families. in cities you see a lot of black children say they joined the gang because they wanted a family. </document>
		<document> #user# no according to th3 reports i have heard. </document>
		<document> for those who don't realize he mistake, the last co2 should be hydrogen.  or h </document>
		<document> #user# the how come you have no idea what airborne viruses are? </document>
		<document> democrat:" black people are put in prison for doing nothing."

next day.

black repeat offender who is out on bail for two separate crimes drives through parade, killing and injuring many people.

why was this violent man still on the street? </document>
		<document> #user# #user# #user# lol i've ye to see a debate. </document>
		<document> #user# oh i know. they are just doing this to try and get voters. a true propaganda show just like the 2 impeachments. </document>
		<document> #user# i simply tweeted it. do you always read tweets and accept them or reject them without researching for yourself? </document>
		<document> #user# #user# #user# #user# #user# i said vaxxed or test negative. </document>
		<document> china is banning "sissy men"   from tv ahows, so we can expect them to disappear from american movies and shows. sadly, democrats will embrace the idea becasue it's china.

#hashtag# #hashtag#q </document>
		<document> #user# twitter agreement and business contracts are different universes. you do read a business contract and if you can't understand it, you hire someone to translate. </document>
		<document> #user# i'm curious, why would you want to make it easier for conservatives to ban abortion and gay marriage? </document>
		<document> #user# #user# it does require people to identify themselves. in fact, voter registration is an accepted form of id. do you think it would be ok to get benefits without any identification? with no id people could sign up to receive checks under 15 different names. #url# </document>
		<document> democrats think black lives matter more than white and asian lives. </document>
		<document> cordilleras keep proving th3y are hypocrites, they are defending riot police when it;s a protests they hate. #url# </document>
		<document> #user# it is not unusual for people new to driving in the mountains to burn up their brakes becasue they don't know how to use the transmission to control speed. 

#hashtag# </document>
		<document> democrats  know as much about economics as a 1st grader knows about physics. </document>
		<document> #user# why are you encouraging people to be morbidly obese by praising that woman for posting a nude photo? that is not a real body, that is a body that puts people at risk of dying. obesity is a huge factor in covid deaths. this show cares more about being pc than lives </document>
		<document> you mean as the child dies from a heart failure or cancer? #url# </document>
		<document> #user# i actually think very few people know much about socialism and communism.  you and i have talked before and you have a misconception about both. </document>
		<document> it's actually hurting becasue you have to print the money and that causes inflation. #url# </document>
		<document> #user# #user# #user# the 13th amendment solved he problem of legal slavery in the us. 

the 2nd amendment solved the problem of tyranny in the us. </document>
		<document> #user# #user# you just can't resist talking down to people can you. </document>
		<document> #user# #user# this is going pretty low. just becasue yo hate fissile fuels you are accusing americans of killing native women.  i have known a lot of oil workers and they are not murderers. 

native women going missing in canada is a huge problem and it is believe to be native men selling them </document>
		<document> awwe poor muslims being discriminated against. #hashtag# #url# </document>
		<document> dod did admit ufos are real. they didn't say they are alien or dimensional. they said they have no idea what they are,.  they are unidentified flying objects, #url# </document>
		<document> millions of people out of work, a strategic pipeline hacked, war in israel, and she is still fixated on the capitol riot.  all she does is play politics. #url# </document>
		<document> #user# where does it harm society? just so you know, i'm, not talking about the extremes the left takes, just actual transsexuals. </document>
		<document> #user# #user# #user# #user# do you realize the us and eu have 0oligarchies? </document>
		<document> #user# yea all of us southerners are getting knocked up by our cousins. #hashtag##user# #user# </document>
		<document> #user# if you say no one says she deserved to die, you haven;t read the crazies leftists on twitter. and sicknick did not die at the capitol. he died 2 days later from a stroke. the autopsy said it was not a homicide. </document>
		<document> #user# #user# #user# #user# #user# #user# he is. </document>
		<document> i'm shocked, all the questioners are democrats #hashtag##hashtag# </document>
		<document> #user# no one was standing on anyone's neck. </document>
		<document> why do #hashtag# close their eyes to the horror hamas does in israel? is it to them just about white vs brown? it surely isn't about facts. i guess their old kkk days are still in their hearts, they hate jews. 

#hashtag# </document>
		<document> #user# guess what, you can find pics of every president with saudis becasue we have to work with them. </document>
		<document> #user# all th3y had to do was kill the,. 90lb woman to end the problem. </document>
		<document> the 3rd deadliest day in a 20 year war.

#hashtag#  #hashtag# </document>
		<document> aren't pretty much all democrat mayors up north socialists? being a socialist is nothing to brag about. that means you love controlling people. socialist is the opposite of freedom. #url# </document>
		<document> no one tried to overthrow rte us government. this kind of slanderous speech should have consequential.  how do democrats keep getting away with this rhetoric, #url# </document>
		<document> this proves blm is a fanatical group. the founder is defending smullett by saying you can never believe police. i wonder if they are going to burn any cities over this.

#hashtag# </document>
		<document> #user# you really missed the point. 60% of all electrolytic is provided by fossil fuels. so these cars are really running on fossil fuels. saying coal is just a snarky way of saying tha with less words. </document>
		<document> #user# #user# tea, but  the bosses don't fight. </document>
		<document> thee people think being a doctor or mechanic is the same as making a bed.  i think these people need to go see a maid when they get sick. #url# </document>
		<document> i can see why the audience was bored, just two women hopping around looking mean and doing nothing. #url# </document>
		<document> #user# it as democrats who suddenly stopped voting across the country at about the same time.

are banks racist for requiring an id to open an account? are grocery stores racist for requiring an id to cash a payroll check? </document>
		<document> #user# listen, i didn't save her useless tweet and don't care to search for it. you need to go take a chill pill and calm down. lol i am more interested in the fact she is now starving yourself to death so cabbies can get some free money. </document>
		<document> #user# is just learning lobbyists write most of the bills she passes? this is why republicans won't pass a lot of democrat bills, they are full of crap like you're com0laining about. #url# </document>
		<document> #user# and we would still be executing people for daring to say the earth is not the center of the universe. but things haven't changed a lot, people are going to jail for saying masks don't work or that everyone doesn't need a vaccine. </document>
		<document> #user# #user# #user# #user# #user# apparently climate change doesn't matter when it comes to politics. </document>
		<document> #user# #user# #user# #user# #user# #user# #user# she does concentrate on a few corporations, but over all she claims to hate them all saying they are greedy and take money from the poor. 

aoc did not get elected on grass roots money, she was given lots by large pacs such as justice democrats. </document>
		<document> #user# why do you think elected officials shouldn't be held liable for taking bribes? why do you think those bribing should not be held liable, you just want to cannibalize the rich? </document>
		<document> #hashtag# in case you forgot the brow thing. #url# </document>
		<document> #user# that actually happened, they were arrested.

you still don't answer my question. why was she shot and not some big scary man? she is 5'2".  i saw a big man with horns standing on the floor and he wasn't shot. </document>
		<document> #user# is promoting violence. you should be sued for causing all the damage and lives lost when those riots begin. and it's nearly possible for anyone to get a fair trial when shows like this declare people guilty. </document>
		<document> #user# i have known a lot of people like that. i had a close friend with two children who was basically a grifter. she knew how to do all those things.

democrats don't get we want to help people, but the current system creates generational freeloaders. </document>
		<document> #user# #user# #user# that was well into the war. </document>
		<document> good paying jobs that tax payers will pay for. this is a pyramid scheme. how odd that only unionized companies will benefit from this tax money. this is clearly a payoff to unions so they can donate more to #hashtag# #url# </document>
		<document> if us military can cure ebola in africa, maybe we should fill hospitals in us with soldiers to cut cost #hashtag##hashtag# #hashtag# </document>
		<document> the national guard is being called in becasue they expect leftwing terrorists attacks if #hashtag#  is found innocent.these peo0ple are why the boy was armed, to protect himself from terrorists. </document>
		<document> what good is a debt ceiling if it's not really a limit? and i guess #hashtag# have been lying when they say these bills are paid for. #url# </document>
		<document> #user# #user# i understand the problem of politicians being bought by corporations. that just means we should vote those people out, not limit the ability to donate. </document>
		<document> #user# your hosts need to get educated on biology. it is far better to have babies in your 20's than when you're 40. risk get higher the older you get. </document>
		<document> #user# it was the government making the contracts.

i do have a question, something i don;t understand. why are medallion holding cabbies joining unions, so they can go on strike against themselves? </document>
		<document> #user# 1%

this is how much in the us. #url# </document>
		<document> #user# #user# #user# #user# it'-+s not an invasion if they vote for it. </document>
		<document> #user# yep. biden did say, "if you don't vote for me, you aren't black."

according to dem terminology, ted cruz us a person of color. </document>
		<document> #user# i don't doubt racist things have been said. i don;t doubt there have been some racists on the show. i am saying there has never eve been an all white alliance formed just to kick out the black people. there has been no open racism like that until; now. </document>
		<document> #user# wow, you think someone being trans does harm to you? i'd love to hear details on that. were you ever bullied in your life? go ask any one who has been they will tell you how it affects them all their life. </document>
		<document> #user# #user# nothing will change your mind. you will see this as white vs black and you have said treyvon was killed because he was black. yea, them hispanics are hunting down and killing black people because they hate poc. lol. #hashtag# #url# </document>
		<document> #user#  put out a fake documentary where baby wallace says he gets out of the car and is shocked to see the noose. at the time he said a crew showed him a pic on his phone. the loop, like in other garages, had been there for years.

#hashtag# </document>
		<document> #user# #user# then go read books by thomas sowel </document>
		<document> a single mother with three children not working qualifies for welfare. why does she need special attention? also, where is the father and why isn't he paying child support? lots of questions here that should be asked. #url# </document>
		<document> #user# right, all abbott did is tell us what will happen, he isn't ordering anything.

abbott had nothing to do with the power grid issues, an independent committee controls all that.  apparently the greenies controlling th power grid didn't expect cold weather because of global warming </document>
		<document> #user# i actually have resd the twitter agreement word for word. i have owned many websites and had to read agreements and laws so i knew not to violate them.  not reading a half million dollar contract is stupidity. </document>
		<document> #user# #user# #user# writing what? </document>
		<document> #user#  the lefty show talked to the host the other day. #url# </document>
		<document> compared to liberty. i remember when democrats protested to be free of government. now they protest begging for government control of their lives. #url# </document>
		<document> #user# i spent my life troubleshooting and know the only way to permanently solve a problem is to find the root problem. to lower crime rooted murders we need to remove the crime. i'd say most crime murders are drug related.  legalize all drugs or maybe just the least deadly ones. </document>
		<document> #user# i have been questioning why oil prices are up and why gas prices doubled.  we know for sure some increase in oil prices and inflation is the cause. i think thee is more to it. weakening of the dollar has to be a major contributor. </document>
		<document> #user# #user# #user# i'm just telling you the history of those regions. </document>
		<document> or you could just produce electrify with nuclear energy. #url# </document>
		<document> #user# #user# #user# #user# #user# #user# #user# do you watch anything not cnn or msnbc? don't listen tome becasue i will tell you things you don't want to hear.  and one more time, you are not worth the effort to dig up info you won't believe. </document>
		<document> #user#  if the us is so evil, why would  afghanis come here? it sounds like the writers and producers of this show thinks the us is evil. </document>
		<document> #user# #user# no clue, but we can only hope. maybe they took some of the homeless illegals home with them. #hashtag# </document>
		<document> #user# #user# racist democrats, i'm shocked #hashtag# </document>
		<document> sounds like you want a more communist country. #url# </document>
		<document> #user# it died when conservatives took it over and people found out they couldn't change corrupt washington. </document>
		<document> #user# oh cool so you agree that all 30 million illegals should be deported. so you don't think sex workers have a right to do what they do? you must not really be a democrat or someone who cares about women's rights. </document>
		<document> they have been melting every since the ice age ended. #url# </document>
		<document> this is how arrogant democrats are. they are openly admitting they are working with social media to silence people they disagree with. this is exactly what fascists do. </document>
		<document> #user# #user# #user# #user# #user# #user# hip hop has some music, rap doesn't. </document>
	  <document> # user # # user # # user # # user # # user # do you really think a company could fire a union worker on strike? it's hard to fire a trade unionist if he doesn't strike. </document>
<document> # user # # user # # user # # user # no om is mad at a black woman on the pitch. you can't understand that people are pointing out Biden's racism by using a black woman for political gain. you don't know that a republican has named Thomas and supports him. </document>
<document> # user # so don't believe it. I told you, this is your problem, not mine. I wonder why the Democrats refuse to believe the virus is in the air. </document>
<document> # user # is often ridiculous, but rarely funny. </document>
<document> is there little justice in America? you have to live in a democratic city to think so. I've heard the da there are pretty crooked. # url # </document>
<document> # user # eh. topics like this are difficult. I can often understand how things are viewed from different povs. good night. I get time differences. I talk a lot with someone on another continent. </document>
<document> Democrats think covid death is more important than cancer death. you die of cancer and are forced to cremate because it is cheap. die of covid and get a luxury funeral. Democrats have no idea what equality means. # url # </document>
<document> # user # Democratic "experts" said it was impossible to have a vaccine within this month. yet warp speed managed to do it. you have a severe case of tds. </document>
<document> # user # The NYPD is probably trained to run like they do in Florida when a shooter comes to school. Guns are evil. you can't have cops carrying them around for kids. # hashtag # </document>
<document> that controls political language
# URL #

# hashtag # # hashtag # # url # </document>
<document> I am attacked by the greenies when I say we need to reduce co2 emissions, but I point out that wind and solar cannot do the job. and the attacks get really aggressive when I say the world won't end in 10.50 or 100 years.

# hashtag # </document>
<document> # user # I'm not saying this, there are elected leaders who say they want their party to be the only one. Strange to think that my talking about what some leaders say is totalitarian thinking. </document>
<document> # user # # user # who has had fame and fortune? </document>
<document> yes, just like she showed up for the taxi drivers' hunger strike and then she pretended not to eat. # url # </document>
<document> # user # # user # # user # # user # # user # I was against Trump spending that much. Trump alsao signed an account that was sending money to people because they weren't working.

those tax breaks actually increased revenue. businesses should not be taxed because the consumer pays those taxes at the end of the day. </document>
<document> Democrats passed the Religious Freedom Act in 93 which gave weight to lobby government as a hobby. lol # hashtag ## hashtag # # hashtag # # hashtag # </document>
<document> why is there a union, did you treat employees badly and underpaid them? or maybe you just wanted to give money to donors in your union. this sounds like a scam. # url # </document>
<document> A man in a basking show said he liked Mexican chocolate because he was half Mexican. I am half Dutch, I hate windmills and I have no idea what the Dutch eat. why do so many feel the need to announce their race or heritage? does it make them feel special? </document>
<document> watching the opening ceremony of the olympics, something popped up. there are many racist countries that had only one race on the team. oh wait, it's only racist if something is all white. no white nation is allowed on the left. </document>
<document> # user # one was a Russian scientist. but there have been others. one theory is that the solar system enters a cosmic cloud every few thousand years which causes cooling. </document>
<document> # user # you said you only wear kn95, those are chinese. </document>
<document> I like it when Democrats eat theirs. celebrity film / Washington Heights reproductionrates Hispanics. Democrats want him banned because there were no black Hispanics. it should probably be banned as anything that celebrates a single race is racist. </document>
<document> Anyone who thinks # hashtag # isn't the same racist as it was in the 1940s, look at the product packaging. they got rid of all the black people on the packages. </document>
<document> those wicked rich capitalists. # hashtag #. # url # </document>
<document> yes, most are a waste of time. I look at it yesterday and I have not learned anything. all I see are two political parties. nobody cares about the truth. especially democrats. # url # </document>
<document> # user # I have used electric heaters all my life. so I don't see it as a problem. all people living in space disagree on the temperature, so a heater is often needed. I think the space heater thing was only used for political gain. </document>
<document> # user # # user # the housing bubble was created under clinton. you can't give mortgages to people who can barely pay. </document>
<document> # user # # user # # user # I still don't understand why I and other poor people have to pay off Aoc's debt when she's a millionaire. </document>
<document> # user # # user # You sound like a typical Democrat who wants to put people in jail because you don't like their speech. Thanks for showing all my points on the Democrats.

I bet you still think cloth and paper masks work. </document>
<document> # user # # user # # user # # user # # user # # user # # user # so give them an excuse. </document>
<document> you didn't actually deal with inflation, you only talked about price increases. she was right in finding the root cause, which is the democratic policies that drive up energy prices. her social spending would cause more inflation. you are right about not raising interest rates. # url # </document>
<document> The # user # writers are the reason the series is over. they didn't know that superheroes have secret identities to protect friends and families. in the end you made supergirl seem selfish. </document>
<document> the ruling that the shooting was justified constitutes a precedent. the police can now shoot anyone for almost any reason. all that the officer has to be is scared and protect something. </document>
<document> # user # # user # # user # # user # hitler was 80 years ago. </document>
<document> # user # also says you can only drive to a polling station. </document>
<document> # user # my only problem with any weapon is noise. </document>
<document> you must not have seen the video where it is clear that he was defending himself from the rioters who attacked him. # url # </document>
<document> # user # # user # obviously they are bypassing it. only the knowledge that an account will pass can be worth millions. </document>
<document> because # user # allows Juan William to tell lies. Trump said on # hashtag # that he got the vaccine and urged others to get it too.

# hashtag # </document>
<document> # user # # user # lol take a look in the mirror. </document>
<document> # user # you are a scientist but you have no idea what a virus in the air is. </document>
<document> If you think wearing a full bodysuit prevents men from looking, you don't know much about men. those are tight on the skin and actually show more of your body, the body parts men like to look at. days ago
# user # was happy that Billie Elish showed her body. </document>
Does <document> mean it will eliminate property taxes and other things that make it so expensive to live in New York? I bet it increases the taxes which make it more expensive. whenever you see someone using the word "fairness", run, because no one can guarantee the same result. # url # </document>
<document> # user # # user # # user # perhaps his mistake was letting governors run their own states and that's why so many people have died in New York nursing homes. </document>
<document> I said that the # hashtag # ruling requiring vaccinations at medical facilities that accept medicare would prevent the presence of peopleform of receiving medical treatment. it is already happening. a doctor refuses to force his staff to be vaxxed. his elderly patients should seek treatment elsewhere. </document>
<document> # user # # user # # user # I thought Wors was banned by the Democrats?

hmmm, so you think taxes and regulations don't drive prices up. </document>
<document> # user # # user # # user # # user # to clarify this a bit, it was an exhibition at the olympics, it was not part of the games. I've seen it done in the last few years somewhere, maybe in the 1950s or 1950s. could it have been part of some international competition? </document>
<document> # user # dem, autocrats especially following that path. they are demonizing whites, so when the time comes to get us together most people will accept it, even large groups of whites. they teach hatred for us so they can end it all. </document>
<document> # user # right, he wasn't on trial for doing something stupid. if stupidity were a crime, everyone on the street that night would be in jail. </document>
<document> # user # polling stations are organized by districts, not cities. each district has a polling station. I just got a notice that mine has been moved from one mile to 5 miles away. </document>
<document> # user # this is definitely interference. the more dollars they print, the less value it holds. you can also consider the dollar as a commodity. </document>
<document> # user # try to follow science. science tells us that people who have had the virus have greater protection than that provided by the vaccine. some people have natural protection. and people who have been vaccinated can infect others. # hashtag # </document>
<document> More innocent Muslims just got stressed out. # hashtag ## hashtag # # hashtag # # url # </document>
<document> # user # so what are robots that work alone? </document>
<document> # user # give me the exact wording and formula. I really doubt that counties with more than 1 million people are all democratic. I doubt that all counties with more than 1 million people all vote Democrats. if the language is for counties, that includes rural voters who are likely to vote gop. </document>
<document> democrats are the height of # hashtag #
they say vigilantism is wrong and then they say # hashtag # is guilty because the last 2 hits were from the vigilantes. </document>
<document> Since Democrats are in bed with drug cartels, the fentyinal crossing the border has doubled under biden. this drug is basically poison. it is difficult to know how many people have died as a result of our open border. </document>
<document> # user # # user # Have you ever heard of inflation and why is that a bad thing? do you realize that there is a world economy? </document>
<document> #user # that has nothing to do with your comment. you said capitalism is violent. I told you about another fire in a government-owned building. government buildings tend to be in worse shape. do not blame freedom for the problems of the democratic city. </document>
<document> # user # never listened to rogan. </document>
<document> # user # none of these laws contain survey fees or literary tests. who told you this nonsense? </document>
<document> # user # sure, I'm prejudiced. I have prejudices against the government and the politicians of all parties. I question everything. I don't accept anything as done until I see it through different sources and see what actually makes sense. once you admit that you have bias, then you can see the truth. </document>
<document> lolol loves the # hashtag # roast. </document>
<document> # user # yes, that's part of the problem. but elected officials who complain about the rule have not presented a bill to legalize drugs. it is against federal law to own or consume weed. </document>
<document> # user # right, Muslims have never done anything wrong, it's all a US government conspiracy # hashtag # </document>
<document> no assault rifles were used in those crimes, yet Democrats use them to try to ban weapons that incorrectly label assault rifles. they also used these crimes for cI hate white people even if only one crime was committed by a white person. </document>
<document> # user # # user # I said mostly right. let's use covid as an example. The fnc hand on the people represents both sides. those who said most masks are useless were right, but the pros who said they weren't allowed on CNN and banned the form of speaking publicly. now the cdc confirms what has been said. </document>
<document> # user # # user # no, they migrated here from other parts of the world. he's only been around 35k years. there is new evidence that there were people here before them. </document>
<document> # user # You seem to be saying here that the rules discriminate only against Democrats. I'm sorry, but it seems impossible. in fact, during the last election it seemed to be the other way around, that since most polls are controlled by Democrats, Republicans were discriminated against. </document>
<document> # user # # user # snap are meal tickets for children. this is a separate program. </document>
<document> # user # typical of all large pharmaceutical companies. they don't go to jail because it's not illegal. the ones who should go to jail are the doctors who are corrupt. Doctors swear not to harm </document>
<document> # user # rotfl, you fell in love with that lie. so sad that you believe everything they tell you. you honestly believe that antifa and blm have not committed violence. I shouldn't laugh because it's beyond sadness. </document>
<document> says the woman who complained about the election for years was stolen from her. election fraud exists only when it hurts Democrats. # url # </document>
<document> the Democrats are feeding our enemies with things to use against us. because of what the Democrats say, the United States can never question any country's position on human rights. # url # </document>
<document> # user # yes hey they have leak detection equipment. what might unknowingly escape is far below what naturally escapes into the atmosphere. </document>
<document> but does not apply to non-Americans crossing the border illegally. this is pure madness. # url # </document>
<document> I hear doctors say anonymously that they are afraid to ask questions for fear of losing their driver's license. # url # </document>
<document> # user # yes, let's put junkies in jail and free politicians and dirty bankers # hashtag ## user # # user # </document>
<document> # user # # user # # user # is exactly what I said. </document>
<document> # user # I'm probably talking to one. I know exactly what racism is I grew up in the Jim Crow Democratic Era. </document>
<document> # user # # user # # user # # user # I'm sure Russia disagrees with you. </document>
<document> There can be no sexual harassment in the California state capital because we know that all Democrats respect women and minorities. lolol # hashtag # # url # </document>
<document> # hashtag # called one of his black advisors, "boy". Can you imagine the chaos if Trump did the same thing? </document>
<document> blm activist honored by obama foundation tried to assassinate louisville mayoral candidate </document>
<document> # user # # user # it's about fear and control. afraid to control and everyone clings to anything that makes them seem like they are doing something to help. we know that the blocks didn't work, they could have made things worse. they wanted to be able to say that their actions saved lives </document>
<document> aoc has mental problems, but he has nothing to do with Trump. # url # </document>
<document> # user # # user # # user # # user # # user # I just hope you bought your ticket to Ukraine to help them fight. </document>
<document> # user # # user # # user # # user # # user # you can get a landline or a cheap mobile. you can go to the library to use intent or go to the unemployment office to see what jobs are available. walk and you will see the signs of seeking help. </document>
<document> # user # # user # # user # those places wanted independence from Ukraine. </document>
<document> # user # # user # # user # sobasically, do as you are told or keep quiet. </document>
<document> The mad democrats keep telling us that there can be no limits to immigration. I bet they change their minds when the United States has a billion people, most of them starving. </document>
<document> will stop importing cheap labor and wages will rise. # url # </document>
<document> # user # # user # I'm just wondering why it's not used on the convoy. </document>
<document> # user # scotus is a political organization. </document>
<document> New democratic rule, only whites can plunder. # url # </document>
<document> # user # # user # so you want socialism. </document>
<document> # user # where do you live that people are like that? where I live the poor are helped to obtain an identity document to vote. they are even taken to the polls. helping people is the way you solve the problem, you don't do it by saying that people don't need ID for nothing because few poor people can get one </document>
<document> # user # so you think Israel should be wiped off the map. you are not a good person it seems strange that you are a Hitler supporter. </document>
<document> # user # # user # ys I said 35k years, that's thousands. there were people before them while science is learning. the natives are not from here. </document>
<document> # user # heh the curse could open them. </document>
<document> # user # # user # study history, it has changed for millions of years. </document>
<document> on this you are 100% wrong. the vaccine does not prevent people from contracting and transmitting the virus. it actually helps create stronger mutations. natural immunity is far better at slowing down and possibly stopping the e virus. science 101 # url # </document>
<document> Just when you think Democrats can't get crazier, we learn that they think tax cuts create recessions. they actually believe that letting people keep their money destroys the economy. </document>
<document> oh yeah, this will make cops less nervous when it comes to blacks. n # hashtag # # url # </document>
<document> stupid republican on TV who wants to send troops to ukraine. and apparently we already have 200 California National Guards there. the plague is not enough, we need a world war so the democrats can hold power forever.

# hashtag # </document>
<document> rand paul, tim scott to name two .. # url # </document>
<document> # user # ok, so bo was just a bought slave. now tell me what did Trump hate spread and when did he make fun of less fortunate people? almost all of his listeners were lower-middle-class. you clearly never listened to his show. again, he was not a very religious person for most of his life. </document>
<document> # user # ruined another thing's segment by turning it into a self-promotion segment.

# hashtag # </document>
<document> # user # If you look at the statistics, one factor is single-parent families. in the cities you see many black children who say they joined the gang because they wanted a family. </document>
<document> # user # no according to the three reports I've heard. </document>
<document> for those who do not realize the mistake, the last CO2 should be hydrogen. or h </document>
<document> # user # how come you have no idea what viruses in the air are? </document>
Democratic <document>: "blacks are put in jail for doing nothing".

day after.

Black repeat offender who is out on bail for two separate crimes drives through the parade, killing and injuring many people.

why was that violent man still on the street? </document>
<document> # user # # user # # user # lol I have to see a debate. </document>
<document> # user # oh I know. they are doing it just to try to get voters. a real propaganda show just like the 2 impeachments. </document>
<document> # user # I just tweeted it. Do you always read tweets and accept or reject them without searching for yourself? </document>
<document> # user # # user # # user # # user # # user # I said vaxxed or negative result. </document>
<document> China is banning "sissy men" from TV series, so we can expect themdisappear from American movies and shows. sadly, the Democrats will accept the idea because it is China.

# hashtag # # hashtag # q </document>
<document> # user # twitter contract and commercial contracts are different universes. read a business contract and if you can't understand it, hire someone to translate. </document>
<document> # user # I'm curious, why would you want to make it easier for conservatives to ban abortion and gay marriage? </document>
<document> # user # # user # requires people to identify themselves. in fact, voter registration is an accepted form of id. do you think it would be right to get benefits without any identification? without id, people could sign up to receive checks with 15 different names. # url # </document>
<document> Democrats think black lives matter more than white and Asian lives. </document>
The <document> cordillera continue to prove themselves hypocritical, they are defending the riot police when it is a protest they hate. # url # </document>
<document> # user # It is not uncommon for people unfamiliar with mountain driving to burn their brakes because they cannot use the transmission to control speed.

# hashtag # </document>
<document> Democrats know as much about economics as a first-grader knows about physics. </document>
<document> # user # why do you encourage people to be morbidly obese by praising that woman for posting a nude photo? that's not a real body, that's a body that puts people at risk of death. obesity is a huge factor in covid deaths. this show is more concerned with being a pc than with lives </document>
<document> do you mean the child dies of heart failure or cancer? # url # </document>
<document> # user # Actually I think very few people know much about socialism and communism. You and I have talked before and you have the wrong idea about both of them. </document>
<document> actually hurts because you have to print the money and that causes inflation. # url # </document>
<document> # user # # user # # user # the 13th amendment solved the problem of legal slavery in the United States.

the 2nd amendment solved the problem of tyranny in the United States. </document>
<document> # user # # user # You can't resist the urge to talk to people, right. </document>
<document> # user # # user # this is going pretty low. just because you hate fissile fuels, you are accusing Americans of killing Native women. I have met many oil workers and they are not murderers.

indigenous women disappearing in Canada are a big problem and indigenous men are believed to be selling them </document>
<document> awwe poor Muslims discriminated against. # hashtag # # url # </document>
<document> did not admit that UFOs are real. they didn't say they are alien or dimensional. they said they have no idea what they are. they are unidentified flying objects, # url # </document>
<document> millions of people out of work, a strategic pipeline breached, war in Israel, and she is still fixated on the Capitol uprising. all she does is play politics. # url # </document>
<document> # user # where does it harm society? just so you know, I'm not talking about the extremes the left takes, just about real transsexuals. </document>
<document> # user # # user # # user # # user # do you realize that we and the EU have 0 oligarchies? </document>
<document> # user # yes, all of us southerners get pregnant by our cousins. # hashtag ## user # # user # </document>
<document> # user # if you say no one says he deserved to die, you haven't read the mad leftists on Twitter. and the sick man did not die in the capital. he died 2 days later from a stroke. the autopsy said it wasn't murder. </document>
<document> # user # # user # # user # # user # # user # # user # is. </document>
<document> I am shocked, all interrogations are democratic # hashtag ## hashtag # </document>
<document> # user # nobody was standing on anyone's neck. </document>
<document> why # hashtag # closes his eyes to the horror Hamas is doing in Israel? to them it's just white versus brown? it is definitely not a matter of facts. I guess their old days are still in their hearts, they hate Jews.

# hashtag # </document>
<document> # user # guess what, you can find pictures of every president with the Saudis because we have to work with them. </document>
<document> # user # all th3y had to do was kill the ,. A 90-pound woman to end the problem. </document>
<document> the third deadliest day in a 20-year war.

# hashtag # # hashtag # </document>
<document> aren't practically all the democratic mayors of the north socialist? being a socialist is nothing to brag about. that means you love to control people. socialist is the opposite of freedom. # url # </document>
<document> no one tried to overthrow the US government. this kind of slanderous speech should have consequences. how do democrats get away with this rhetoric, # url # </document>
<document> this shows that blm is a fanatic group. the founder defends Smullett saying you can never believe the police. I wonder if any cities will burn for this.

# hashtag # </document>
<document> # user # you really missed the point. 60% of all electrolytic is supplied by fossil fuels. so these cars really run on fossil fuels. saying coal is just a sarcastic way of saying it in fewer words. </document>
<document> # user # # user # tea, but bosses don't fight. </document>
<document> people think that being a doctor or a mechanic is like making a bed. I think these people need to visit a maid when they get sick. # url # </document>
<document> I can understand why the audience was bored, just two women jumping around looking nasty and doing nothing. # url # </document>
<document> # user # en as Democrats who suddenly stopped voting across the country at about the same time.

Are banks racist for requiring ID to open an account? Are grocery stores racist for requiring ID to cash a salary check? </document>
<document> # user # listen, I haven't saved his useless tweet and I don't care to look for it. you have to go take a relaxing pill and calm down. lol I'm more interested in the fact that he's starving now so the taxi drivers can get some free money. </document>
<document> # user # are you just learning that lobbyists write most of the bills you pass? this is why Republicans don't pass a lot of Democratic bills, they are full of bullshit how you are complaining. # url # </document>
<document> # user # and we would continue to execute people for daring to say that the earth is not the center of the universe. but things haven't changed much, people go to jail for saying that masks don't work or that not everyone needs a vaccine. </document>
<document> # user # # user # # user # # user # # user # apparently climate change doesn't matter when it comes to politics. </document>
<document> # user # # user # # user # # user # # user # # user # # user # focuses on some companies, but mostly claims to hate them all by saying they are greedy and take money from the poor.

aoc was not elected with the money of the base, it was given a lot by big cap like the democrats of justice. </document>
<document> # user # Why do you think elected officials shouldn't be held accountable for taking bribes? why do you think those bribes shouldn't be held accountable, you just want to cannibalize the rich? </document>
<document> # hashtag # in case you forgot the brow thing. # url # </document>
<document> # user # that actually happened, have been arrested.

you still don't answer my question why they shot her and not a big scary man? she is 5'2 "tall. I saw a big man with horns standing on the floor and they didn't get shot. </document>
<document> # user # is promoting violence. you should be sued for causing all the damage and lost lives when those riots begin. and it's almost possible for anyone to get a fair trial when shows like this plead people guilty. </document>
<document> # user # I've met a lot of people like that. I had a close friend with two kids who was basically a scammer. she knew how to do it allthese things.

Democrats don't understand that we want to help people, but the current system creates generational freeloaders. </document>
<document> # user # # user # # user # who was at war. </document>
<document> well-paid jobs for which taxpayers will pay. this is a pyramid scheme. how strange it is that only unionized companies benefit from this tax money. this is clearly a benefit for unions so they can donate more to # hashtag # # url # </document>
<document> if we military can cure Ebola in Africa, maybe we should fill hospitals with soldiers to cut costs # hashtag ## hashtag # # hashtag # </document>
<document> the national guard has been called into question because they expect leftist terrorist attacks if # hashtag # is found innocent. these people are why the boy was armed, to protect himself from terrorists. </document>
<document> what good is a debt ceiling if it's not really a limit? and i guess # hashtag # lied when they said these bills got paid. # url # </document>
<document> # user # # user # I understand the problem of politicians being bought by multinationals. this just means we should vote out those people, not limit the ability to donate. </document>
<document> # user # your hosts need to be educated in biology. it is much better to have children at 20 than when you are 40. the risk of growing older as you get older. </document>
<document> # user # it was the government that made the contracts.

I have a question, something I don't understand. Why do taxi drivers in possession of medallions join unions so they can strike against themselves? </document>
<document> # user # 1%

that's it in the United States. # url # </document>
<document> # user # # user # # user # # user # is not an invasion if they vote in favor. </document>
<document> # user # yes. biden said: "if you don't vote for me, you're not black".

according to dem terminology, ted cruz us a person of color. </document>
<document> # user # I have no doubt that racist things have been said. I don't doubt there have been racists on the show. I'm saying there has never been an all-white alliance formed just to oust blacks. there hasn't been open racism like that until; now. </document>
<document> # user # wow, do you think someone who is trans is going to hurt you? I'd like to hear the details about it. Have you ever been bullied in your life? go ask whoever has been they will tell you how it has affected them all their life. </document>
<document> # user # # user # nothing will change your mind. you will see it as white against black and you said that Treyvon was killed because he was black. yes, those Hispanics are hunting and killing blacks because they hate pocs. lol. # hashtag # # url # </document>
<document> # user # posted a fake documentary in which the little boy Wallace says he got out of the car and is shocked to see the noose. at the time he said that a crew showed him a photo on his phone. the loop, as in other garages, had existed for years.

# hashtag # </document>
<document> # user # # user # so go read Thomas Sowel's books </document>
<document> A single mother with three children who are not working is entitled to welfare. why does she need special attention? besides, where is the father and why doesn't she pay child support? many questions here that should be asked. # url # </document>
<document> # user # right, all the abbot has done is tell us what's going to happen, he's not ordering anything.

abbott has nothing to do with electrical grid problems, an independent committee monitors all of this. apparently the greens who control the electricity grid did not expect a cold climate due to global warming </document>
<document> # user # I actually resd the twitter agreement word for word. I have owned many websites and had to read agreements and laws so I knew not to violate them. not reading a half-million dollar contract is stupid. </document>
<document> # user # # user # # user # write what? </document>
<document> # user # the left handed show talked to the host the other day. # url # </document><document> with respect to freedom. I remember when the Democrats protested to be free from the government. now they protest begging for government control of their lives. # url # </document>
<document> # user # I've spent my life solving problems and I know the only way to permanently fix a problem is to find the root of the problem. to reduce murder rooted in crime we must remove crime. I'd say most criminal killings are drug related. legalize all drugs or perhaps only the less lethal ones. </document>
<document> # user # I wondered why oil prices have risen and why gas prices have doubled. we know for sure that the cause is an increase in the price of oil and inflation. I think you are more to it. the weakening of the dollar must be an important contribution. </document>
<document> # user # # user # # user # I'm just telling you the story of those regions. </document>
<document> or you could just produce electrification with nuclear energy. # url # </document>
<document> # user # # user # # user # # user # # user # # user # # user # do you watch anything other than cnn or msnbc? don't listen to me because I'll tell you things you don't want to hear. and again, it is not worthwhile to find information that you will not believe. </document>
<document> # user # If the United States is so bad, why should Afghans come here? it seems that the writers and producers of this show think the United States is evil. </document>
<document> # user # # user # no clue, but we can only hope. perhaps they brought home some of the illegal homeless. # hashtag # </document>
<document> # user # # user # democratic racists, I'm shocked # hashtag # </document>
<document> It looks like you want a more communist country. # url # </document>
<document> # user # died when conservatives took over and people found they couldn't change corrupt Washington. </document>
<document> # user # oh great, so you agree that all 30 million illegals should be expelled. So you think sex workers don't have the right to do what they do? you don't really have to be a Democrat or someone who cares about women's rights. </document>
<document> have been melting since the end of the ice age. # url # </document>
<document> this is how arrogant Democrats are. they are openly admitting that they are working with social media to silence people they disagree with. this is exactly what fascists do. </document>
<document> # user # # user # # user # # user # # user # # user # hip hop has music, rap doesn't. </document>